v_net_count,success_count,inservice_count,total_revenue,total_cost,total_time_revenue,total_time_cost,long_term_r2c_ratio,long_term_time_r2c_ratio,num_running_p_net_nodes,event_id,event_type,event_time,p_net_available_resource,p_net_node_available_resource,p_net_link_available_resource,p_net_node_resource_utilization,p_net_link_resource_utilization,v_net_id,v_net_lifetime,v_net_arrival_time,v_net_num_nodes,v_net_num_egdes,result,node_slots,link_paths,node_slots_info,link_paths_info,v_net_cost,v_net_revenue,v_net_demand,v_net_node_demand,v_net_link_demand,v_net_node_revenue,v_net_link_revenue,v_net_node_cost,v_net_link_cost,v_net_path_cost,v_net_r2c_ratio,v_net_time_cost,v_net_time_revenue,v_net_time_rc_ratio,description,v_net_total_hard_constraint_violation,v_net_single_step_constraint_offset,v_net_constraint_offsets,v_net_constraint_violations,v_net_single_step_violation_list,v_net_single_step_hard_constraint_offset,v_net_max_single_step_hard_constraint_violation,place_result,route_result,early_rejection,revoke_times,selected_actions,num_interactions,v_net_reward,num_placed_nodes,num_routed_links
1,1,1,435.0,1242.0,144078.9674482312,411370.2932659843,0.3502415458937198,0.3502415458937198,9,0,1,25.0,16254,2743,13511,0.030056577086280067,0.07887919280065447,0,331.2160171223706,25.0,9,18,True,"{0: np.int64(21), 1: np.int64(7), 2: np.int64(16), 3: np.int64(14), 4: np.int64(25), 5: np.int64(9), 6: np.int64(17), 7: np.int64(19), 8: np.int64(13)}","{(0, 1): [(np.int64(21), 2), (2, 5), (5, 7)], (0, 2): [(np.int64(21), 2), (2, 13), (13, 14), (14, 16)], (0, 3): [(np.int64(21), 2), (2, 13), (13, 14)], (0, 4): [(np.int64(21), 22), (22, 25)], (0, 5): [(np.int64(21), 2), (2, 5), (5, 6), (6, 9)], (0, 6): [(np.int64(21), 2), (2, 13), (13, 14), (14, 17)], (1, 3): [(np.int64(7), 4), (4, 0), (0, 12), (12, 14)], (1, 5): [(np.int64(7), 4), (4, 6), (6, 9)], (1, 6): [(np.int64(7), 4), (4, 0), (0, 12), (12, 14), (14, 17)], (1, 7): [(np.int64(7), 4), (4, 0), (0, 12), (12, 15), (15, 19)], (1, 8): [(np.int64(7), 5), (5, 2), (2, 13)], (2, 7): [(np.int64(16), 14), (14, 12), (12, 15), (15, 19)], (2, 8): [(np.int64(16), 14), (14, 13)], (3, 8): [(np.int64(14), 13)], (4, 8): [(np.int64(25), 22), (22, 21), (21, 2), (2, 13)], (5, 6): [(np.int64(9), 6), (6, 4), (4, 0), (0, 12), (12, 14), (14, 17)], (5, 7): [(np.int64(9), 6), (6, 4), (4, 0), (0, 12), (12, 15), (15, 19)], (7, 8): [(np.int64(19), 15), (15, 13)]}","{(0, np.int64(21)): {'cpu': 13}, (1, np.int64(7)): {'cpu': 0}, (2, np.int64(16)): {'cpu': 4}, (3, np.int64(14)): {'cpu': 11}, (4, np.int64(25)): {'cpu': 10}, (5, np.int64(9)): {'cpu': 14}, (6, np.int64(17)): {'cpu': 16}, (7, np.int64(19)): {'cpu': 4}, (8, np.int64(13)): {'cpu': 13}}","{((0, 1), (np.int64(21), 2)): {'bw': 4}, ((0, 1), (2, 5)): {'bw': 4}, ((0, 1), (5, 7)): {'bw': 4}, ((0, 2), (np.int64(21), 2)): {'bw': 29}, ((0, 2), (2, 13)): {'bw': 29}, ((0, 2), (13, 14)): {'bw': 29}, ((0, 2), (14, 16)): {'bw': 29}, ((0, 3), (np.int64(21), 2)): {'bw': 12}, ((0, 3), (2, 13)): {'bw': 12}, ((0, 3), (13, 14)): {'bw': 12}, ((0, 4), (np.int64(21), 22)): {'bw': 18}, ((0, 4), (22, 25)): {'bw': 18}, ((0, 5), (np.int64(21), 2)): {'bw': 2}, ((0, 5), (2, 5)): {'bw': 2}, ((0, 5), (5, 6)): {'bw': 2}, ((0, 5), (6, 9)): {'bw': 2}, ((0, 6), (np.int64(21), 2)): {'bw': 24}, ((0, 6), (2, 13)): {'bw': 24}, ((0, 6), (13, 14)): {'bw': 24}, ((0, 6), (14, 17)): {'bw': 24}, ((1, 3), (np.int64(7), 4)): {'bw': 36}, ((1, 3), (4, 0)): {'bw': 36}, ((1, 3), (0, 12)): {'bw': 36}, ((1, 3), (12, 14)): {'bw': 36}, ((1, 5), (np.int64(7), 4)): {'bw': 24}, ((1, 5), (4, 6)): {'bw': 24}, ((1, 5), (6, 9)): {'bw': 24}, ((1, 6), (np.int64(7), 4)): {'bw': 2}, ((1, 6), (4, 0)): {'bw': 2}, ((1, 6), (0, 12)): {'bw': 2}, ((1, 6), (12, 14)): {'bw': 2}, ((1, 6), (14, 17)): {'bw': 2}, ((1, 7), (np.int64(7), 4)): {'bw': 2}, ((1, 7), (4, 0)): {'bw': 2}, ((1, 7), (0, 12)): {'bw': 2}, ((1, 7), (12, 15)): {'bw': 2}, ((1, 7), (15, 19)): {'bw': 2}, ((1, 8), (np.int64(7), 5)): {'bw': 8}, ((1, 8), (5, 2)): {'bw': 8}, ((1, 8), (2, 13)): {'bw': 8}, ((2, 7), (np.int64(16), 14)): {'bw': 15}, ((2, 7), (14, 12)): {'bw': 15}, ((2, 7), (12, 15)): {'bw': 15}, ((2, 7), (15, 19)): {'bw': 15}, ((2, 8), (np.int64(16), 14)): {'bw': 15}, ((2, 8), (14, 13)): {'bw': 15}, ((3, 8), (np.int64(14), 13)): {'bw': 37}, ((4, 8), (np.int64(25), 22)): {'bw': 35}, ((4, 8), (22, 21)): {'bw': 35}, ((4, 8), (21, 2)): {'bw': 35}, ((4, 8), (2, 13)): {'bw': 35}, ((5, 6), (np.int64(9), 6)): {'bw': 37}, ((5, 6), (6, 4)): {'bw': 37}, ((5, 6), (4, 0)): {'bw': 37}, ((5, 6), (0, 12)): {'bw': 37}, ((5, 6), (12, 14)): {'bw': 37}, ((5, 6), (14, 17)): {'bw': 37}, ((5, 7), (np.int64(9), 6)): {'bw': 1}, ((5, 7), (6, 4)): {'bw': 1}, ((5, 7), (4, 0)): {'bw': 1}, ((5, 7), (0, 12)): {'bw': 1}, ((5, 7), (12, 15)): {'bw': 1}, ((5, 7), (15, 19)): {'bw': 1}, ((7, 8), (np.int64(19), 15)): {'bw': 49}, ((7, 8), (15, 13)): {'bw': 49}}",1242.0,435.0,170.0,85.0,350.0,85.0,350.0,85.0,1157.0,807.0,0.3502415458937198,411370.2932659843,144078.9674482312,116.00560986169985,Success,0.0,"{'node_level': {}, 'link_level': {}, 'path_level': {}}","{'node_level': {0: {'cpu': -46}, 1: {'cpu': -59}, 2: {'cpu': -88}, 3: {'cpu': -83}, 4: {'cpu': -86}, 5: {'cpu': -81}, 6: {'cpu': -37}, 7: {'cpu': -67}, 8: {'cpu': -87}}, 'link_level': {(0, 1): {'bw': -341}, (0, 2): {'bw': -221}, (0, 3): {'bw': -209}, (0, 4): {'bw': -190}, (0, 5): {'bw': -221}, (0, 6): {'bw': -185}, (1, 3): {'bw': -196}, (1, 5): {'bw': -197}, (1, 6): {'bw': -194}, (1, 7): {'bw': -192}, (1, 8): {'bw': -177}, (2, 7): {'bw': -241}, (2, 8): {'bw': -226}, (3, 8): {'bw': -266}, (4, 8): {'bw': -142}, (5, 6): {'bw': -155}, (5, 7): {'bw': -154}, (7, 8): {'bw': -192}}, 'path_level': {(0, 1): {}, (0, 2): {}, (0, 3): {}, (0, 4): {}, (0, 5): {}, (0, 6): {}, (1, 3): {}, (1, 5): {}, (1, 6): {}, (1, 7): {}, (1, 8): {}, (2, 7): {}, (2, 8): {}, (3, 8): {}, (4, 8): {}, (5, 6): {}, (5, 7): {}, (7, 8): {}}}","{'node_level': {0: {'cpu': 0}, 1: {'cpu': 0}, 2: {'cpu': 0}, 3: {'cpu': 0}, 4: {'cpu': 0}, 5: {'cpu': 0}, 6: {'cpu': 0}, 7: {'cpu': 0}, 8: {'cpu': 0}}, 'link_level': {(0, 1): {'bw': 0}, (0, 2): {'bw': 0}, (0, 3): {'bw': 0}, (0, 4): {'bw': 0}, (0, 5): {'bw': 0}, (0, 6): {'bw': 0}, (1, 3): {'bw': 0}, (1, 5): {'bw': 0}, (1, 6): {'bw': 0}, (1, 7): {'bw': 0}, (1, 8): {'bw': 0}, (2, 7): {'bw': 0}, (2, 8): {'bw': 0}, (3, 8): {'bw': 0}, (4, 8): {'bw': 0}, (5, 6): {'bw': 0}, (5, 7): {'bw': 0}, (7, 8): {'bw': 0}}, 'path_level': {(0, 1): {}, (0, 2): {}, (0, 3): {}, (0, 4): {}, (0, 5): {}, (0, 6): {}, (1, 3): {}, (1, 5): {}, (1, 6): {}, (1, 7): {}, (1, 8): {}, (2, 7): {}, (2, 8): {}, (3, 8): {}, (4, 8): {}, (5, 6): {}, (5, 7): {}, (7, 8): {}}}",[],-inf,-inf,True,True,False,0,[],0,0.0,9.0,18.0
2,2,2,752.0,2026.0,226428.09662642935,615035.0165331999,0.3711747285291214,0.36815480507556864,13,1,1,49.0,15470,2673,12797,0.05480905233380484,0.12755658576493045,1,259.7764327387954,49.0,7,11,True,"{0: np.int64(6), 1: np.int64(25), 2: np.int64(17), 3: np.int64(22), 4: np.int64(26), 5: np.int64(12), 6: np.int64(14)}","{(0, 6): [(np.int64(6), 4), (4, 0), (0, 12), (12, 14)], (1, 3): [(np.int64(25), 22)], (1, 4): [(np.int64(25), 22), (22, 20), (20, 23), (23, 26)], (1, 5): [(np.int64(25), 22), (22, 20), (20, 0), (0, 12)], (2, 3): [(np.int64(17), 14), (14, 12), (12, 0), (0, 20), (20, 22)], (2, 4): [(np.int64(17), 14), (14, 12), (12, 0), (0, 20), (20, 23), (23, 26)], (2, 6): [(np.int64(17), 14)], (3, 5): [(np.int64(22), 20), (20, 0), (0, 12)], (3, 6): [(np.int64(22), 20), (20, 0), (0, 12), (12, 14)], (4, 6): [(np.int64(26), 23), (23, 20), (20, 0), (0, 12), (12, 14)], (5, 6): [(np.int64(12), 14)]}","{(0, np.int64(6)): {'cpu': 9}, (1, np.int64(25)): {'cpu': 17}, (2, np.int64(17)): {'cpu': 1}, (3, np.int64(22)): {'cpu': 1}, (4, np.int64(26)): {'cpu': 14}, (5, np.int64(12)): {'cpu': 14}, (6, np.int64(14)): {'cpu': 14}}","{((0, 6), (np.int64(6), 4)): {'bw': 15}, ((0, 6), (4, 0)): {'bw': 15}, ((0, 6), (0, 12)): {'bw': 15}, ((0, 6), (12, 14)): {'bw': 15}, ((1, 3), (np.int64(25), 22)): {'bw': 20}, ((1, 4), (np.int64(25), 22)): {'bw': 14}, ((1, 4), (22, 20)): {'bw': 14}, ((1, 4), (20, 23)): {'bw': 14}, ((1, 4), (23, 26)): {'bw': 14}, ((1, 5), (np.int64(25), 22)): {'bw': 17}, ((1, 5), (22, 20)): {'bw': 17}, ((1, 5), (20, 0)): {'bw': 17}, ((1, 5), (0, 12)): {'bw': 17}, ((2, 3), (np.int64(17), 14)): {'bw': 9}, ((2, 3), (14, 12)): {'bw': 9}, ((2, 3), (12, 0)): {'bw': 9}, ((2, 3), (0, 20)): {'bw': 9}, ((2, 3), (20, 22)): {'bw': 9}, ((2, 4), (np.int64(17), 14)): {'bw': 19}, ((2, 4), (14, 12)): {'bw': 19}, ((2, 4), (12, 0)): {'bw': 19}, ((2, 4), (0, 20)): {'bw': 19}, ((2, 4), (20, 23)): {'bw': 19}, ((2, 4), (23, 26)): {'bw': 19}, ((2, 6), (np.int64(17), 14)): {'bw': 36}, ((3, 5), (np.int64(22), 20)): {'bw': 28}, ((3, 5), (20, 0)): {'bw': 28}, ((3, 5), (0, 12)): {'bw': 28}, ((3, 6), (np.int64(22), 20)): {'bw': 34}, ((3, 6), (20, 0)): {'bw': 34}, ((3, 6), (0, 12)): {'bw': 34}, ((3, 6), (12, 14)): {'bw': 34}, ((4, 6), (np.int64(26), 23)): {'bw': 10}, ((4, 6), (23, 20)): {'bw': 10}, ((4, 6), (20, 0)): {'bw': 10}, ((4, 6), (0, 12)): {'bw': 10}, ((4, 6), (12, 14)): {'bw': 10}, ((5, 6), (np.int64(12), 14)): {'bw': 45}}",784.0,317.0,140.0,70.0,247.0,70.0,247.0,70.0,714.0,467.0,0.40433673469387754,203664.7232672156,82349.12917819814,105.03715456402824,Success,0.0,"{'node_level': {}, 'link_level': {}, 'path_level': {}}","{'node_level': {0: {'cpu': -91}, 1: {'cpu': -69}, 2: {'cpu': -36}, 3: {'cpu': -87}, 4: {'cpu': -66}, 5: {'cpu': -72}, 6: {'cpu': -69}}, 'link_level': {(0, 6): {'bw': -139}, (1, 3): {'bw': -314}, (1, 4): {'bw': -237}, (1, 5): {'bw': -216}, (2, 3): {'bw': -207}, (2, 4): {'bw': -188}, (2, 6): {'bw': -152}, (3, 5): {'bw': -160}, (3, 6): {'bw': -126}, (4, 6): {'bw': -116}, (5, 6): {'bw': -176}}, 'path_level': {(0, 6): {}, (1, 3): {}, (1, 4): {}, (1, 5): {}, (2, 3): {}, (2, 4): {}, (2, 6): {}, (3, 5): {}, (3, 6): {}, (4, 6): {}, (5, 6): {}}}","{'node_level': {0: {'cpu': 0}, 1: {'cpu': 0}, 2: {'cpu': 0}, 3: {'cpu': 0}, 4: {'cpu': 0}, 5: {'cpu': 0}, 6: {'cpu': 0}}, 'link_level': {(0, 6): {'bw': 0}, (1, 3): {'bw': 0}, (1, 4): {'bw': 0}, (1, 5): {'bw': 0}, (2, 3): {'bw': 0}, (2, 4): {'bw': 0}, (2, 6): {'bw': 0}, (3, 5): {'bw': 0}, (3, 6): {'bw': 0}, (4, 6): {'bw': 0}, (5, 6): {'bw': 0}}, 'path_level': {(0, 6): {}, (1, 3): {}, (1, 4): {}, (1, 5): {}, (2, 3): {}, (2, 4): {}, (2, 6): {}, (3, 5): {}, (3, 6): {}, (4, 6): {}, (5, 6): {}}}",[],-inf,-inf,True,True,False,0,[],0,0.0,7.0,11.0
3,3,3,860.0,2175.0,390368.76035612775,841212.4137158394,0.3954022988505747,0.46405492119615094,16,2,1,70.0,15321,2655,12666,0.06117397454031115,0.1364875920370875,2,1517.9691086083183,70.0,3,2,True,"{0: np.int64(0), 1: np.int64(4), 2: np.int64(10)}","{(0, 1): [(np.int64(0), 4)], (1, 2): [(np.int64(4), 7), (7, 10)]}","{(0, np.int64(0)): {'cpu': 0}, (1, np.int64(4)): {'cpu': 15}, (2, np.int64(10)): {'cpu': 3}}","{((0, 1), (np.int64(0), 4)): {'bw': 49}, ((1, 2), (np.int64(4), 7)): {'bw': 41}, ((1, 2), (7, 10)): {'bw': 41}}",149.0,108.0,36.0,18.0,90.0,18.0,90.0,18.0,131.0,41.0,0.7248322147651006,226177.39718263943,163940.66372969837,1100.272910937573,Success,0.0,"{'node_level': {}, 'link_level': {}, 'path_level': {}}","{'node_level': {0: {'cpu': -96}, 1: {'cpu': -58}, 2: {'cpu': -77}}, 'link_level': {(0, 1): {'bw': -90}, (1, 2): {'bw': -215}}, 'path_level': {(0, 1): {}, (1, 2): {}}}","{'node_level': {0: {'cpu': 0}, 1: {'cpu': 0}, 2: {'cpu': 0}}, 'link_level': {(0, 1): {'bw': 0}, (1, 2): {'bw': 0}}, 'path_level': {(0, 1): {}, (1, 2): {}}}",[],-inf,-inf,True,True,False,0,[],0,0.0,3.0,2.0
4,3,3,860.0,2175.0,390368.76035612775,841212.4137158394,0.3954022988505747,0.46405492119615094,16,3,1,102.0,15321,2655,12666,0.06117397454031115,0.1364875920370875,3,8.310489934272583,102.0,10,27,False,"{0: np.int64(33), 1: np.int64(22), 2: np.int64(28), 3: np.int64(30), 4: np.int64(9), 5: np.int64(24), 6: np.int64(8), 7: np.int64(17), 8: np.int64(16), 9: np.int64(11)}","{(0, 1): [(np.int64(33), 30), (30, 28), (28, 0), (0, 20), (20, 22)], (0, 3): [(np.int64(33), 30)], (0, 6): [(np.int64(33), 30), (30, 28), (28, 0), (0, 4), (4, 6), (6, 8)], (0, 7): [(np.int64(33), 30), (30, 28), (28, 0), (0, 12), (12, 14), (14, 17)], (0, 8): [(np.int64(33), 30), (30, 28), (28, 0), (0, 12), (12, 14), (14, 16)], (1, 3): [(np.int64(22), 20), (20, 0), (0, 28), (28, 30)], (1, 4): [(np.int64(22), 20), (20, 0), (0, 4), (4, 6), (6, 9)], (1, 5): [(np.int64(22), 24)], (1, 6): [(np.int64(22), 20), (20, 0), (0, 4), (4, 6), (6, 8)], (1, 7): [(np.int64(22), 20), (20, 0), (0, 12), (12, 14), (14, 17)], (2, 6): [(np.int64(28), 0), (0, 4), (4, 6), (6, 8)], (2, 7): [(np.int64(28), 1), (1, 12), (12, 14), (14, 17)], (3, 4): [(np.int64(30), 28), (28, 1), (1, 4), (4, 6), (6, 9)], (3, 8): [(np.int64(30), 28), (28, 1), (1, 12), (12, 14), (14, 16)], (3, 9): [(np.int64(30), 28), (28, 1), (1, 4), (4, 7), (7, 11)], (4, 5): [(np.int64(9), 6), (6, 4), (4, 0), (0, 20), (20, 22), (22, 24)], (4, 6): [(np.int64(9), 6), (6, 8)], (4, 7): [(np.int64(9), 6), (6, 5), (5, 2), (2, 13), (13, 14), (14, 17)], (4, 9): [(np.int64(9), 6), (6, 4), (4, 7), (7, 11)], (5, 6): [(np.int64(24), 22), (22, 21), (21, 2), (2, 5), (5, 6), (6, 8)], (5, 7): [(np.int64(24), 22), (22, 20), (20, 0), (0, 12), (12, 14), (14, 17)], (5, 8): [(np.int64(24), 22), (22, 21), (21, 2), (2, 13), (13, 14), (14, 16)], (6, 7): []}","{(0, np.int64(33)): {'cpu': 5}, (1, np.int64(22)): {'cpu': 13}, (2, np.int64(28)): {'cpu': 20}, (3, np.int64(30)): {'cpu': 18}, (4, np.int64(9)): {'cpu': 2}, (5, np.int64(24)): {'cpu': 2}, (6, np.int64(8)): {'cpu': 19}, (7, np.int64(17)): {'cpu': 4}, (8, np.int64(16)): {'cpu': 15}, (9, np.int64(11)): {'cpu': 6}}","{((0, 1), (np.int64(33), 30)): {'bw': 18}, ((0, 1), (30, 28)): {'bw': 18}, ((0, 1), (28, 0)): {'bw': 18}, ((0, 1), (0, 20)): {'bw': 18}, ((0, 1), (20, 22)): {'bw': 18}, ((0, 3), (np.int64(33), 30)): {'bw': 48}, ((0, 6), (np.int64(33), 30)): {'bw': 10}, ((0, 6), (30, 28)): {'bw': 10}, ((0, 6), (28, 0)): {'bw': 10}, ((0, 6), (0, 4)): {'bw': 10}, ((0, 6), (4, 6)): {'bw': 10}, ((0, 6), (6, 8)): {'bw': 10}, ((0, 7), (np.int64(33), 30)): {'bw': 40}, ((0, 7), (30, 28)): {'bw': 40}, ((0, 7), (28, 0)): {'bw': 40}, ((0, 7), (0, 12)): {'bw': 40}, ((0, 7), (12, 14)): {'bw': 40}, ((0, 7), (14, 17)): {'bw': 40}, ((0, 8), (np.int64(33), 30)): {'bw': 31}, ((0, 8), (30, 28)): {'bw': 31}, ((0, 8), (28, 0)): {'bw': 31}, ((0, 8), (0, 12)): {'bw': 31}, ((0, 8), (12, 14)): {'bw': 31}, ((0, 8), (14, 16)): {'bw': 31}, ((1, 3), (np.int64(22), 20)): {'bw': 44}, ((1, 3), (20, 0)): {'bw': 44}, ((1, 3), (0, 28)): {'bw': 44}, ((1, 3), (28, 30)): {'bw': 44}, ((1, 4), (np.int64(22), 20)): {'bw': 31}, ((1, 4), (20, 0)): {'bw': 31}, ((1, 4), (0, 4)): {'bw': 31}, ((1, 4), (4, 6)): {'bw': 31}, ((1, 4), (6, 9)): {'bw': 31}, ((1, 5), (np.int64(22), 24)): {'bw': 46}, ((1, 6), (np.int64(22), 20)): {'bw': 14}, ((1, 6), (20, 0)): {'bw': 14}, ((1, 6), (0, 4)): {'bw': 14}, ((1, 6), (4, 6)): {'bw': 14}, ((1, 6), (6, 8)): {'bw': 14}, ((1, 7), (np.int64(22), 20)): {'bw': 23}, ((1, 7), (20, 0)): {'bw': 23}, ((1, 7), (0, 12)): {'bw': 23}, ((1, 7), (12, 14)): {'bw': 23}, ((1, 7), (14, 17)): {'bw': 23}, ((2, 6), (np.int64(28), 0)): {'bw': 32}, ((2, 6), (0, 4)): {'bw': 32}, ((2, 6), (4, 6)): {'bw': 32}, ((2, 6), (6, 8)): {'bw': 32}, ((2, 7), (np.int64(28), 1)): {'bw': 36}, ((2, 7), (1, 12)): {'bw': 36}, ((2, 7), (12, 14)): {'bw': 36}, ((2, 7), (14, 17)): {'bw': 36}, ((3, 4), (np.int64(30), 28)): {'bw': 12}, ((3, 4), (28, 1)): {'bw': 12}, ((3, 4), (1, 4)): {'bw': 12}, ((3, 4), (4, 6)): {'bw': 12}, ((3, 4), (6, 9)): {'bw': 12}, ((3, 8), (np.int64(30), 28)): {'bw': 40}, ((3, 8), (28, 1)): {'bw': 40}, ((3, 8), (1, 12)): {'bw': 40}, ((3, 8), (12, 14)): {'bw': 40}, ((3, 8), (14, 16)): {'bw': 40}, ((3, 9), (np.int64(30), 28)): {'bw': 4}, ((3, 9), (28, 1)): {'bw': 4}, ((3, 9), (1, 4)): {'bw': 4}, ((3, 9), (4, 7)): {'bw': 4}, ((3, 9), (7, 11)): {'bw': 4}, ((4, 5), (np.int64(9), 6)): {'bw': 3}, ((4, 5), (6, 4)): {'bw': 3}, ((4, 5), (4, 0)): {'bw': 3}, ((4, 5), (0, 20)): {'bw': 3}, ((4, 5), (20, 22)): {'bw': 3}, ((4, 5), (22, 24)): {'bw': 3}, ((4, 6), (np.int64(9), 6)): {'bw': 40}, ((4, 6), (6, 8)): {'bw': 40}, ((4, 7), (np.int64(9), 6)): {'bw': 17}, ((4, 7), (6, 5)): {'bw': 17}, ((4, 7), (5, 2)): {'bw': 17}, ((4, 7), (2, 13)): {'bw': 17}, ((4, 7), (13, 14)): {'bw': 17}, ((4, 7), (14, 17)): {'bw': 17}, ((4, 9), (np.int64(9), 6)): {'bw': 37}, ((4, 9), (6, 4)): {'bw': 37}, ((4, 9), (4, 7)): {'bw': 37}, ((4, 9), (7, 11)): {'bw': 37}, ((5, 6), (np.int64(24), 22)): {'bw': 17}, ((5, 6), (22, 21)): {'bw': 17}, ((5, 6), (21, 2)): {'bw': 17}, ((5, 6), (2, 5)): {'bw': 17}, ((5, 6), (5, 6)): {'bw': 17}, ((5, 6), (6, 8)): {'bw': 17}, ((5, 7), (np.int64(24), 22)): {'bw': 6}, ((5, 7), (22, 20)): {'bw': 6}, ((5, 7), (20, 0)): {'bw': 6}, ((5, 7), (0, 12)): {'bw': 6}, ((5, 7), (12, 14)): {'bw': 6}, ((5, 7), (14, 17)): {'bw': 6}, ((5, 8), (np.int64(24), 22)): {'bw': 26}, ((5, 8), (22, 21)): {'bw': 26}, ((5, 8), (21, 2)): {'bw': 26}, ((5, 8), (2, 13)): {'bw': 26}, ((5, 8), (13, 14)): {'bw': 26}, ((5, 8), (14, 16)): {'bw': 26}}",0.0,0.0,208.0,104.0,724.0,0.0,0.0,0.0,0.0,0.0,0.0,0.0,0.0,0.0,Route Failure,100.0,"{'node_level': {}, 'link_level': {}, 'path_level': {}}","{'node_level': {0: {'cpu': -87}, 1: {'cpu': -74}, 2: {'cpu': -79}, 3: {'cpu': -55}, 4: {'cpu': -79}, 5: {'cpu': -50}, 6: {'cpu': -70}, 7: {'cpu': -32}, 8: {'cpu': -73}, 9: {'cpu': -84}}, 'link_level': {(0, 1): {'bw': -185}, (0, 3): {'bw': -142}, (0, 6): {'bw': -80}, (0, 7): {'bw': -76}, (0, 8): {'bw': -45}, (1, 3): {'bw': -60}, (1, 4): {'bw': -49}, (1, 5): {'bw': -226}, (1, 6): {'bw': -35}, (1, 7): {'bw': -22}, (2, 6): {'bw': -3}, (2, 7): {'bw': -46}, (3, 4): {'bw': -46}, (3, 8): {'bw': -6}, (3, 9): {'bw': -97}, (4, 5): {'bw': 0}, (4, 6): {'bw': -73}, (4, 7): {'bw': -36}, (4, 9): {'bw': -6}, (5, 6): {'bw': -138}, (5, 7): {'bw': 0}, (5, 8): {'bw': -99}, (6, 7): {'bw': 100.0}}, 'path_level': {(0, 1): {}, (0, 3): {}, (0, 6): {}, (0, 7): {}, (0, 8): {}, (1, 3): {}, (1, 4): {}, (1, 5): {}, (1, 6): {}, (1, 7): {}, (2, 6): {}, (2, 7): {}, (3, 4): {}, (3, 8): {}, (3, 9): {}, (4, 5): {}, (4, 6): {}, (4, 7): {}, (4, 9): {}, (5, 6): {}, (5, 7): {}, (5, 8): {}, (6, 7): {}}}","{'node_level': {0: {'cpu': 0}, 1: {'cpu': 0}, 2: {'cpu': 0}, 3: {'cpu': 0}, 4: {'cpu': 0}, 5: {'cpu': 0}, 6: {'cpu': 0}, 7: {'cpu': 0}, 8: {'cpu': 0}, 9: {'cpu': 0}}, 'link_level': {(0, 1): {'bw': 0}, (0, 3): {'bw': 0}, (0, 6): {'bw': 0}, (0, 7): {'bw': 0}, (0, 8): {'bw': 0}, (1, 3): {'bw': 0}, (1, 4): {'bw': 0}, (1, 5): {'bw': 0}, (1, 6): {'bw': 0}, (1, 7): {'bw': 0}, (2, 6): {'bw': 0}, (2, 7): {'bw': 0}, (3, 4): {'bw': 0}, (3, 8): {'bw': 0}, (3, 9): {'bw': 0}, (4, 5): {'bw': 0}, (4, 6): {'bw': 0}, (4, 7): {'bw': 0}, (4, 9): {'bw': 0}, (5, 6): {'bw': 0}, (5, 7): {'bw': 0}, (5, 8): {'bw': 0}, (6, 7): {'bw': 100.0}}, 'path_level': {(0, 1): {}, (0, 3): {}, (0, 6): {}, (0, 7): {}, (0, 8): {}, (1, 3): {}, (1, 4): {}, (1, 5): {}, (1, 6): {}, (1, 7): {}, (2, 6): {}, (2, 7): {}, (3, 4): {}, (3, 8): {}, (3, 9): {}, (4, 5): {}, (4, 6): {}, (4, 7): {}, (4, 9): {}, (5, 6): {}, (5, 7): {}, (5, 8): {}, (6, 7): {}}}",[],-inf,-inf,True,False,False,0,[],0,0.0,10.0,23.0
4,3,3,860.0,2175.0,390368.76035612775,841212.4137158394,0.3954022988505747,0.46405492119615094,16,4,0,110.31048993427258,15321,2655,12666,0.06117397454031115,0.1364875920370875,3,8.310489934272583,102.0,10,27,False,{},{},{},{},0.0,0.0,0.0,0.0,0.0,0.0,0.0,0.0,0.0,0.0,0.0,0.0,0.0,0.0,Leave Event,0.0,"{'node_level': {}, 'link_level': {}, 'path_level': {}}","{'node_level': {}, 'link_level': {}, 'path_level': {}}","{'node_level': {}, 'link_level': {}, 'path_level': {}}",[],-inf,-inf,True,True,False,0,[],0,0.0,,
5,4,4,1424.0,3689.0,496388.01048685086,1125810.1880029223,0.3860124695039306,0.44091625371359877,21,5,1,122.0,13807,2589,11218,0.08451202263083446,0.2352058903736024,4,187.9773938487999,122.0,9,24,True,"{0: np.int64(18), 1: np.int64(29), 2: np.int64(28), 3: np.int64(14), 4: np.int64(13), 5: np.int64(19), 6: np.int64(6), 7: np.int64(15), 8: np.int64(1)}","{(0, 1): [(np.int64(18), 15), (15, 13), (13, 2), (2, 29)], (0, 2): [(np.int64(18), 15), (15, 12), (12, 0), (0, 28)], (0, 3): [(np.int64(18), 15), (15, 12), (12, 14)], (0, 5): [(np.int64(18), 15), (15, 19)], (0, 6): [(np.int64(18), 15), (15, 12), (12, 0), (0, 4), (4, 6)], (0, 7): [(np.int64(18), 15)], (0, 8): [(np.int64(18), 15), (15, 12), (12, 1)], (1, 3): [(np.int64(29), 2), (2, 13), (13, 14)], (1, 6): [(np.int64(29), 2), (2, 5), (5, 6)], (1, 8): [(np.int64(29), 30), (30, 28), (28, 1)], (2, 3): [(np.int64(28), 0), (0, 12), (12, 14)], (2, 4): [(np.int64(28), 0), (0, 12), (12, 14), (14, 13)], (2, 5): [(np.int64(28), 0), (0, 12), (12, 15), (15, 19)], (2, 6): [(np.int64(28), 0), (0, 4), (4, 6)], (2, 7): [(np.int64(28), 1), (1, 12), (12, 15)], (3, 5): [(np.int64(14), 12), (12, 15), (15, 19)], (3, 6): [(np.int64(14), 12), (12, 1), (1, 4), (4, 6)], (3, 7): [(np.int64(14), 12), (12, 15)], (3, 8): [(np.int64(14), 12), (12, 1)], (4, 5): [(np.int64(13), 15), (15, 19)], (4, 6): [(np.int64(13), 2), (2, 5), (5, 6)], (4, 8): [(np.int64(13), 14), (14, 12), (12, 1)], (5, 6): [(np.int64(19), 15), (15, 12), (12, 1), (1, 4), (4, 6)], (6, 8): [(np.int64(6), 4), (4, 1)]}","{(0, np.int64(18)): {'cpu': 5}, (1, np.int64(29)): {'cpu': 3}, (2, np.int64(28)): {'cpu': 7}, (3, np.int64(14)): {'cpu': 3}, (4, np.int64(13)): {'cpu': 10}, (5, np.int64(19)): {'cpu': 14}, (6, np.int64(6)): {'cpu': 3}, (7, np.int64(15)): {'cpu': 5}, (8, np.int64(1)): {'cpu': 16}}","{((0, 1), (np.int64(18), 15)): {'bw': 3}, ((0, 1), (15, 13)): {'bw': 3}, ((0, 1), (13, 2)): {'bw': 3}, ((0, 1), (2, 29)): {'bw': 3}, ((0, 2), (np.int64(18), 15)): {'bw': 31}, ((0, 2), (15, 12)): {'bw': 31}, ((0, 2), (12, 0)): {'bw': 31}, ((0, 2), (0, 28)): {'bw': 31}, ((0, 3), (np.int64(18), 15)): {'bw': 7}, ((0, 3), (15, 12)): {'bw': 7}, ((0, 3), (12, 14)): {'bw': 7}, ((0, 5), (np.int64(18), 15)): {'bw': 31}, ((0, 5), (15, 19)): {'bw': 31}, ((0, 6), (np.int64(18), 15)): {'bw': 22}, ((0, 6), (15, 12)): {'bw': 22}, ((0, 6), (12, 0)): {'bw': 22}, ((0, 6), (0, 4)): {'bw': 22}, ((0, 6), (4, 6)): {'bw': 22}, ((0, 7), (np.int64(18), 15)): {'bw': 45}, ((0, 8), (np.int64(18), 15)): {'bw': 19}, ((0, 8), (15, 12)): {'bw': 19}, ((0, 8), (12, 1)): {'bw': 19}, ((1, 3), (np.int64(29), 2)): {'bw': 48}, ((1, 3), (2, 13)): {'bw': 48}, ((1, 3), (13, 14)): {'bw': 48}, ((1, 6), (np.int64(29), 2)): {'bw': 6}, ((1, 6), (2, 5)): {'bw': 6}, ((1, 6), (5, 6)): {'bw': 6}, ((1, 8), (np.int64(29), 30)): {'bw': 7}, ((1, 8), (30, 28)): {'bw': 7}, ((1, 8), (28, 1)): {'bw': 7}, ((2, 3), (np.int64(28), 0)): {'bw': 10}, ((2, 3), (0, 12)): {'bw': 10}, ((2, 3), (12, 14)): {'bw': 10}, ((2, 4), (np.int64(28), 0)): {'bw': 15}, ((2, 4), (0, 12)): {'bw': 15}, ((2, 4), (12, 14)): {'bw': 15}, ((2, 4), (14, 13)): {'bw': 15}, ((2, 5), (np.int64(28), 0)): {'bw': 24}, ((2, 5), (0, 12)): {'bw': 24}, ((2, 5), (12, 15)): {'bw': 24}, ((2, 5), (15, 19)): {'bw': 24}, ((2, 6), (np.int64(28), 0)): {'bw': 8}, ((2, 6), (0, 4)): {'bw': 8}, ((2, 6), (4, 6)): {'bw': 8}, ((2, 7), (np.int64(28), 1)): {'bw': 34}, ((2, 7), (1, 12)): {'bw': 34}, ((2, 7), (12, 15)): {'bw': 34}, ((3, 5), (np.int64(14), 12)): {'bw': 25}, ((3, 5), (12, 15)): {'bw': 25}, ((3, 5), (15, 19)): {'bw': 25}, ((3, 6), (np.int64(14), 12)): {'bw': 19}, ((3, 6), (12, 1)): {'bw': 19}, ((3, 6), (1, 4)): {'bw': 19}, ((3, 6), (4, 6)): {'bw': 19}, ((3, 7), (np.int64(14), 12)): {'bw': 18}, ((3, 7), (12, 15)): {'bw': 18}, ((3, 8), (np.int64(14), 12)): {'bw': 14}, ((3, 8), (12, 1)): {'bw': 14}, ((4, 5), (np.int64(13), 15)): {'bw': 50}, ((4, 5), (15, 19)): {'bw': 50}, ((4, 6), (np.int64(13), 2)): {'bw': 7}, ((4, 6), (2, 5)): {'bw': 7}, ((4, 6), (5, 6)): {'bw': 7}, ((4, 8), (np.int64(13), 14)): {'bw': 1}, ((4, 8), (14, 12)): {'bw': 1}, ((4, 8), (12, 1)): {'bw': 1}, ((5, 6), (np.int64(19), 15)): {'bw': 25}, ((5, 6), (15, 12)): {'bw': 25}, ((5, 6), (12, 1)): {'bw': 25}, ((5, 6), (1, 4)): {'bw': 25}, ((5, 6), (4, 6)): {'bw': 25}, ((6, 8), (np.int64(6), 4)): {'bw': 29}, ((6, 8), (4, 1)): {'bw': 29}}",1514.0,564.0,132.0,66.0,498.0,66.0,498.0,66.0,1448.0,950.0,0.3725231175693527,284597.774287083,106019.25013072314,70.025924789117,Success,0.0,"{'node_level': {}, 'link_level': {}, 'path_level': {}}","{'node_level': {0: {'cpu': -45}, 1: {'cpu': -49}, 2: {'cpu': -92}, 3: {'cpu': -66}, 4: {'cpu': -77}, 5: {'cpu': -53}, 6: {'cpu': -88}, 7: {'cpu': -83}, 8: {'cpu': -39}}, 'link_level': {(0, 1): {'bw': -139}, (0, 2): {'bw': -85}, (0, 3): {'bw': -169}, (0, 5): {'bw': -161}, (0, 6): {'bw': -63}, (0, 7): {'bw': -97}, (0, 8): {'bw': -78}, (1, 3): {'bw': -91}, (1, 6): {'bw': -216}, (1, 8): {'bw': -288}, (2, 3): {'bw': -53}, (2, 4): {'bw': -38}, (2, 5): {'bw': -14}, (2, 6): {'bw': -60}, (2, 7): {'bw': -244}, (3, 5): {'bw': -112}, (3, 6): {'bw': -96}, (3, 7): {'bw': -82}, (3, 8): {'bw': -68}, (4, 5): {'bw': -62}, (4, 6): {'bw': -84}, (4, 8): {'bw': -67}, (5, 6): {'bw': -37}, (6, 8): {'bw': -42}}, 'path_level': {(0, 1): {}, (0, 2): {}, (0, 3): {}, (0, 5): {}, (0, 6): {}, (0, 7): {}, (0, 8): {}, (1, 3): {}, (1, 6): {}, (1, 8): {}, (2, 3): {}, (2, 4): {}, (2, 5): {}, (2, 6): {}, (2, 7): {}, (3, 5): {}, (3, 6): {}, (3, 7): {}, (3, 8): {}, (4, 5): {}, (4, 6): {}, (4, 8): {}, (5, 6): {}, (6, 8): {}}}","{'node_level': {0: {'cpu': 0}, 1: {'cpu': 0}, 2: {'cpu': 0}, 3: {'cpu': 0}, 4: {'cpu': 0}, 5: {'cpu': 0}, 6: {'cpu': 0}, 7: {'cpu': 0}, 8: {'cpu': 0}}, 'link_level': {(0, 1): {'bw': 0}, (0, 2): {'bw': 0}, (0, 3): {'bw': 0}, (0, 5): {'bw': 0}, (0, 6): {'bw': 0}, (0, 7): {'bw': 0}, (0, 8): {'bw': 0}, (1, 3): {'bw': 0}, (1, 6): {'bw': 0}, (1, 8): {'bw': 0}, (2, 3): {'bw': 0}, (2, 4): {'bw': 0}, (2, 5): {'bw': 0}, (2, 6): {'bw': 0}, (2, 7): {'bw': 0}, (3, 5): {'bw': 0}, (3, 6): {'bw': 0}, (3, 7): {'bw': 0}, (3, 8): {'bw': 0}, (4, 5): {'bw': 0}, (4, 6): {'bw': 0}, (4, 8): {'bw': 0}, (5, 6): {'bw': 0}, (6, 8): {'bw': 0}}, 'path_level': {(0, 1): {}, (0, 2): {}, (0, 3): {}, (0, 5): {}, (0, 6): {}, (0, 7): {}, (0, 8): {}, (1, 3): {}, (1, 6): {}, (1, 8): {}, (2, 3): {}, (2, 4): {}, (2, 5): {}, (2, 6): {}, (2, 7): {}, (3, 5): {}, (3, 6): {}, (3, 7): {}, (3, 8): {}, (4, 5): {}, (4, 6): {}, (4, 8): {}, (5, 6): {}, (6, 8): {}}}",[],-inf,-inf,True,True,False,0,[],0,0.0,9.0,24.0
6,5,5,1860.0,4854.0,1502878.9643960004,3815172.484572094,0.3831891223733004,0.3939216301421197,26,6,1,144.0,12642,2501,10141,0.11562942008486565,0.3086310335424053,5,2308.465490617315,144.0,10,14,True,"{0: np.int64(2), 1: np.int64(19), 2: np.int64(26), 3: np.int64(20), 4: np.int64(8), 5: np.int64(28), 6: np.int64(13), 7: np.int64(34), 8: np.int64(32), 9: np.int64(12)}","{(0, 4): [(np.int64(2), 5), (5, 6), (6, 8)], (0, 5): [(np.int64(2), 29), (29, 30), (30, 28)], (0, 6): [(np.int64(2), 13)], (1, 2): [(np.int64(19), 15), (15, 12), (12, 0), (0, 20), (20, 23), (23, 26)], (2, 3): [(np.int64(26), 23), (23, 20)], (2, 6): [(np.int64(26), 23), (23, 21), (21, 2), (2, 13)], (3, 4): [(np.int64(20), 0), (0, 4), (4, 6), (6, 8)], (3, 6): [(np.int64(20), 1), (1, 12), (12, 14), (14, 13)], (3, 9): [(np.int64(20), 1), (1, 12)], (4, 5): [(np.int64(8), 6), (6, 5), (5, 2), (2, 29), (29, 30), (30, 28)], (5, 6): [(np.int64(28), 1), (1, 12), (12, 14), (14, 13)], (5, 7): [(np.int64(28), 31), (31, 34)], (5, 9): [(np.int64(28), 1), (1, 12)], (6, 8): [(np.int64(13), 2), (2, 29), (29, 30), (30, 32)]}","{(0, np.int64(2)): {'cpu': 5}, (1, np.int64(19)): {'cpu': 12}, (2, np.int64(26)): {'cpu': 11}, (3, np.int64(20)): {'cpu': 10}, (4, np.int64(8)): {'cpu': 8}, (5, np.int64(28)): {'cpu': 4}, (6, np.int64(13)): {'cpu': 1}, (7, np.int64(34)): {'cpu': 16}, (8, np.int64(32)): {'cpu': 18}, (9, np.int64(12)): {'cpu': 3}}","{((0, 4), (np.int64(2), 5)): {'bw': 29}, ((0, 4), (5, 6)): {'bw': 29}, ((0, 4), (6, 8)): {'bw': 29}, ((0, 5), (np.int64(2), 29)): {'bw': 36}, ((0, 5), (29, 30)): {'bw': 36}, ((0, 5), (30, 28)): {'bw': 36}, ((0, 6), (np.int64(2), 13)): {'bw': 20}, ((1, 2), (np.int64(19), 15)): {'bw': 12}, ((1, 2), (15, 12)): {'bw': 12}, ((1, 2), (12, 0)): {'bw': 12}, ((1, 2), (0, 20)): {'bw': 12}, ((1, 2), (20, 23)): {'bw': 12}, ((1, 2), (23, 26)): {'bw': 12}, ((2, 3), (np.int64(26), 23)): {'bw': 48}, ((2, 3), (23, 20)): {'bw': 48}, ((2, 6), (np.int64(26), 23)): {'bw': 5}, ((2, 6), (23, 21)): {'bw': 5}, ((2, 6), (21, 2)): {'bw': 5}, ((2, 6), (2, 13)): {'bw': 5}, ((3, 4), (np.int64(20), 0)): {'bw': 37}, ((3, 4), (0, 4)): {'bw': 37}, ((3, 4), (4, 6)): {'bw': 37}, ((3, 4), (6, 8)): {'bw': 37}, ((3, 6), (np.int64(20), 1)): {'bw': 33}, ((3, 6), (1, 12)): {'bw': 33}, ((3, 6), (12, 14)): {'bw': 33}, ((3, 6), (14, 13)): {'bw': 33}, ((3, 9), (np.int64(20), 1)): {'bw': 30}, ((3, 9), (1, 12)): {'bw': 30}, ((4, 5), (np.int64(8), 6)): {'bw': 23}, ((4, 5), (6, 5)): {'bw': 23}, ((4, 5), (5, 2)): {'bw': 23}, ((4, 5), (2, 29)): {'bw': 23}, ((4, 5), (29, 30)): {'bw': 23}, ((4, 5), (30, 28)): {'bw': 23}, ((5, 6), (np.int64(28), 1)): {'bw': 21}, ((5, 6), (1, 12)): {'bw': 21}, ((5, 6), (12, 14)): {'bw': 21}, ((5, 6), (14, 13)): {'bw': 21}, ((5, 7), (np.int64(28), 31)): {'bw': 45}, ((5, 7), (31, 34)): {'bw': 45}, ((5, 9), (np.int64(28), 1)): {'bw': 7}, ((5, 9), (1, 12)): {'bw': 7}, ((6, 8), (np.int64(13), 2)): {'bw': 2}, ((6, 8), (2, 29)): {'bw': 2}, ((6, 8), (29, 30)): {'bw': 2}, ((6, 8), (30, 32)): {'bw': 2}}",1165.0,436.0,176.0,88.0,348.0,88.0,348.0,88.0,1077.0,729.0,0.3742489270386266,2689362.296569172,1006490.9539091494,863.9407329692269,Success,0.0,"{'node_level': {}, 'link_level': {}, 'path_level': {}}","{'node_level': {0: {'cpu': -46}, 1: {'cpu': -41}, 2: {'cpu': -55}, 3: {'cpu': -61}, 4: {'cpu': -81}, 5: {'cpu': -88}, 6: {'cpu': -76}, 7: {'cpu': -79}, 8: {'cpu': -72}, 9: {'cpu': -69}}, 'link_level': {(0, 4): {'bw': -246}, (0, 5): {'bw': -180}, (0, 6): {'bw': -64}, (1, 2): {'bw': -2}, (2, 3): {'bw': -148}, (2, 6): {'bw': -59}, (3, 4): {'bw': -5}, (3, 6): {'bw': -34}, (3, 9): {'bw': -140}, (4, 5): {'bw': -157}, (5, 6): {'bw': -13}, (5, 7): {'bw': -186}, (5, 9): {'bw': -112}, (6, 8): {'bw': -57}}, 'path_level': {(0, 4): {}, (0, 5): {}, (0, 6): {}, (1, 2): {}, (2, 3): {}, (2, 6): {}, (3, 4): {}, (3, 6): {}, (3, 9): {}, (4, 5): {}, (5, 6): {}, (5, 7): {}, (5, 9): {}, (6, 8): {}}}","{'node_level': {0: {'cpu': 0}, 1: {'cpu': 0}, 2: {'cpu': 0}, 3: {'cpu': 0}, 4: {'cpu': 0}, 5: {'cpu': 0}, 6: {'cpu': 0}, 7: {'cpu': 0}, 8: {'cpu': 0}, 9: {'cpu': 0}}, 'link_level': {(0, 4): {'bw': 0}, (0, 5): {'bw': 0}, (0, 6): {'bw': 0}, (1, 2): {'bw': 0}, (2, 3): {'bw': 0}, (2, 6): {'bw': 0}, (3, 4): {'bw': 0}, (3, 6): {'bw': 0}, (3, 9): {'bw': 0}, (4, 5): {'bw': 0}, (5, 6): {'bw': 0}, (5, 7): {'bw': 0}, (5, 9): {'bw': 0}, (6, 8): {'bw': 0}}, 'path_level': {(0, 4): {}, (0, 5): {}, (0, 6): {}, (1, 2): {}, (2, 3): {}, (2, 6): {}, (3, 4): {}, (3, 6): {}, (3, 9): {}, (4, 5): {}, (5, 6): {}, (5, 7): {}, (5, 9): {}, (6, 8): {}}}",[],-inf,-inf,True,True,False,0,[],0,0.0,10.0,14.0
7,6,6,1965.0,5007.0,1615991.8174981151,3979994.07052089,0.39245056920311566,0.40602869975799205,26,7,1,172.0,12489,2458,10031,0.13083451202263086,0.3161303517862013,6,1077.265267639189,172.0,4,4,True,"{0: np.int64(20), 1: np.int64(14), 2: np.int64(2), 3: np.int64(22)}","{(0, 1): [(np.int64(20), 1), (1, 12), (12, 14)], (0, 3): [(np.int64(20), 22)], (1, 2): [(np.int64(14), 13), (13, 2)], (2, 3): [(np.int64(2), 21), (21, 22)]}","{(0, np.int64(20)): {'cpu': 20}, (1, np.int64(14)): {'cpu': 9}, (2, np.int64(2)): {'cpu': 0}, (3, np.int64(22)): {'cpu': 14}}","{((0, 1), (np.int64(20), 1)): {'bw': 6}, ((0, 1), (1, 12)): {'bw': 6}, ((0, 1), (12, 14)): {'bw': 6}, ((0, 3), (np.int64(20), 22)): {'bw': 20}, ((1, 2), (np.int64(14), 13)): {'bw': 25}, ((1, 2), (13, 2)): {'bw': 25}, ((2, 3), (np.int64(2), 21)): {'bw': 11}, ((2, 3), (21, 22)): {'bw': 11}}",153.0,105.0,86.0,43.0,62.0,43.0,62.0,43.0,110.0,48.0,0.6862745098039216,164821.58594879592,113112.85310211485,739.2996934778748,Success,0.0,"{'node_level': {}, 'link_level': {}, 'path_level': {}}","{'node_level': {0: {'cpu': -41}, 1: {'cpu': -57}, 2: {'cpu': -46}, 3: {'cpu': -73}}, 'link_level': {(0, 1): {'bw': -7}, (0, 3): {'bw': -185}, (1, 2): {'bw': -32}, (2, 3): {'bw': -144}}, 'path_level': {(0, 1): {}, (0, 3): {}, (1, 2): {}, (2, 3): {}}}","{'node_level': {0: {'cpu': 0}, 1: {'cpu': 0}, 2: {'cpu': 0}, 3: {'cpu': 0}}, 'link_level': {(0, 1): {'bw': 0}, (0, 3): {'bw': 0}, (1, 2): {'bw': 0}, (2, 3): {'bw': 0}}, 'path_level': {(0, 1): {}, (0, 3): {}, (1, 2): {}, (2, 3): {}}}",[],-inf,-inf,True,True,False,0,[],0,0.0,4.0,4.0
8,6,6,1965.0,5007.0,1615991.8174981151,3979994.07052089,0.39245056920311566,0.40602869975799205,26,8,1,204.0,12489,2458,10031,0.13083451202263086,0.3161303517862013,7,10.071946596146812,204.0,9,18,False,"{0: np.int64(23), 1: np.int64(29), 2: np.int64(35), 3: np.int64(9), 4: np.int64(2), 5: np.int64(27), 6: np.int64(11), 7: np.int64(22), 8: np.int64(19)}","{(0, 3): [(np.int64(23), 21), (21, 2), (2, 5), (5, 6), (6, 9)], (0, 4): [(np.int64(23), 21), (21, 2)], (0, 7): [(np.int64(23), 20), (20, 22)], (1, 3): [(np.int64(29), 2), (2, 5), (5, 6), (6, 9)], (1, 5): [(np.int64(29), 2), (2, 21), (21, 23), (23, 27)], (1, 7): [(np.int64(29), 2), (2, 21), (21, 22)], (1, 8): [(np.int64(29), 2), (2, 13), (13, 15), (15, 19)], (2, 3): [(np.int64(35), 31), (31, 29), (29, 2), (2, 5), (5, 6), (6, 9)], (2, 5): [(np.int64(35), 31), (31, 28), (28, 0), (0, 20), (20, 23), (23, 27)], (2, 6): [(np.int64(35), 31), (31, 28), (28, 1), (1, 4), (4, 7), (7, 11)], (3, 5): [(np.int64(9), 6), (6, 5), (5, 2), (2, 21), (21, 23), (23, 27)], (3, 8): []}","{(0, np.int64(23)): {'cpu': 19}, (1, np.int64(29)): {'cpu': 2}, (2, np.int64(35)): {'cpu': 12}, (3, np.int64(9)): {'cpu': 10}, (4, np.int64(2)): {'cpu': 12}, (5, np.int64(27)): {'cpu': 0}, (6, np.int64(11)): {'cpu': 10}, (7, np.int64(22)): {'cpu': 1}, (8, np.int64(19)): {'cpu': 6}}","{((0, 3), (np.int64(23), 21)): {'bw': 12}, ((0, 3), (21, 2)): {'bw': 12}, ((0, 3), (2, 5)): {'bw': 12}, ((0, 3), (5, 6)): {'bw': 12}, ((0, 3), (6, 9)): {'bw': 12}, ((0, 4), (np.int64(23), 21)): {'bw': 34}, ((0, 4), (21, 2)): {'bw': 34}, ((0, 7), (np.int64(23), 20)): {'bw': 0}, ((0, 7), (20, 22)): {'bw': 0}, ((1, 3), (np.int64(29), 2)): {'bw': 47}, ((1, 3), (2, 5)): {'bw': 47}, ((1, 3), (5, 6)): {'bw': 47}, ((1, 3), (6, 9)): {'bw': 47}, ((1, 5), (np.int64(29), 2)): {'bw': 15}, ((1, 5), (2, 21)): {'bw': 15}, ((1, 5), (21, 23)): {'bw': 15}, ((1, 5), (23, 27)): {'bw': 15}, ((1, 7), (np.int64(29), 2)): {'bw': 8}, ((1, 7), (2, 21)): {'bw': 8}, ((1, 7), (21, 22)): {'bw': 8}, ((1, 8), (np.int64(29), 2)): {'bw': 12}, ((1, 8), (2, 13)): {'bw': 12}, ((1, 8), (13, 15)): {'bw': 12}, ((1, 8), (15, 19)): {'bw': 12}, ((2, 3), (np.int64(35), 31)): {'bw': 34}, ((2, 3), (31, 29)): {'bw': 34}, ((2, 3), (29, 2)): {'bw': 34}, ((2, 3), (2, 5)): {'bw': 34}, ((2, 3), (5, 6)): {'bw': 34}, ((2, 3), (6, 9)): {'bw': 34}, ((2, 5), (np.int64(35), 31)): {'bw': 18}, ((2, 5), (31, 28)): {'bw': 18}, ((2, 5), (28, 0)): {'bw': 18}, ((2, 5), (0, 20)): {'bw': 18}, ((2, 5), (20, 23)): {'bw': 18}, ((2, 5), (23, 27)): {'bw': 18}, ((2, 6), (np.int64(35), 31)): {'bw': 41}, ((2, 6), (31, 28)): {'bw': 41}, ((2, 6), (28, 1)): {'bw': 41}, ((2, 6), (1, 4)): {'bw': 41}, ((2, 6), (4, 7)): {'bw': 41}, ((2, 6), (7, 11)): {'bw': 41}, ((3, 5), (np.int64(9), 6)): {'bw': 35}, ((3, 5), (6, 5)): {'bw': 35}, ((3, 5), (5, 2)): {'bw': 35}, ((3, 5), (2, 21)): {'bw': 35}, ((3, 5), (21, 23)): {'bw': 35}, ((3, 5), (23, 27)): {'bw': 35}}",0.0,0.0,144.0,72.0,546.0,0.0,0.0,0.0,0.0,0.0,0.0,0.0,0.0,0.0,Route Failure,100.0,"{'node_level': {}, 'link_level': {}, 'path_level': {}}","{'node_level': {0: {'cpu': -69}, 1: {'cpu': -47}, 2: {'cpu': -71}, 3: {'cpu': -71}, 4: {'cpu': -34}, 5: {'cpu': -58}, 6: {'cpu': -80}, 7: {'cpu': -72}, 8: {'cpu': -35}}, 'link_level': {(0, 3): {'bw': -147}, (0, 4): {'bw': -177}, (0, 7): {'bw': -148}, (1, 3): {'bw': -100}, (1, 5): {'bw': -93}, (1, 7): {'bw': -85}, (1, 8): {'bw': -13}, (2, 3): {'bw': -39}, (2, 5): {'bw': -97}, (2, 6): {'bw': -147}, (3, 5): {'bw': -31}, (3, 8): {'bw': 100.0}}, 'path_level': {(0, 3): {}, (0, 4): {}, (0, 7): {}, (1, 3): {}, (1, 5): {}, (1, 7): {}, (1, 8): {}, (2, 3): {}, (2, 5): {}, (2, 6): {}, (3, 5): {}, (3, 8): {}}}","{'node_level': {0: {'cpu': 0}, 1: {'cpu': 0}, 2: {'cpu': 0}, 3: {'cpu': 0}, 4: {'cpu': 0}, 5: {'cpu': 0}, 6: {'cpu': 0}, 7: {'cpu': 0}, 8: {'cpu': 0}}, 'link_level': {(0, 3): {'bw': 0}, (0, 4): {'bw': 0}, (0, 7): {'bw': 0}, (1, 3): {'bw': 0}, (1, 5): {'bw': 0}, (1, 7): {'bw': 0}, (1, 8): {'bw': 0}, (2, 3): {'bw': 0}, (2, 5): {'bw': 0}, (2, 6): {'bw': 0}, (3, 5): {'bw': 0}, (3, 8): {'bw': 100.0}}, 'path_level': {(0, 3): {}, (0, 4): {}, (0, 7): {}, (1, 3): {}, (1, 5): {}, (1, 7): {}, (1, 8): {}, (2, 3): {}, (2, 5): {}, (2, 6): {}, (3, 5): {}, (3, 8): {}}}",[],-inf,-inf,True,False,False,0,[],0,0.0,9.0,12.0
8,6,6,1965.0,5007.0,1615991.8174981151,3979994.07052089,0.39245056920311566,0.40602869975799205,26,9,0,214.0719465961468,12489,2458,10031,0.13083451202263086,0.3161303517862013,7,10.071946596146812,204.0,9,18,False,{},{},{},{},0.0,0.0,0.0,0.0,0.0,0.0,0.0,0.0,0.0,0.0,0.0,0.0,0.0,0.0,Leave Event,0.0,"{'node_level': {}, 'link_level': {}, 'path_level': {}}","{'node_level': {}, 'link_level': {}, 'path_level': {}}","{'node_level': {}, 'link_level': {}, 'path_level': {}}",[],-inf,-inf,True,True,False,0,[],0,0.0,,
9,7,7,2460.0,6017.0,1642838.4313979605,4034772.0099933017,0.40884161542296826,0.40717007734984456,28,10,1,225.0,11479,2361,9118,0.1651343705799151,0.3783746932097082,8,54.23558363605139,225.0,9,18,True,"{0: np.int64(29), 1: np.int64(21), 2: np.int64(3), 3: np.int64(24), 4: np.int64(12), 5: np.int64(20), 6: np.int64(1), 7: np.int64(10), 8: np.int64(7)}","{(0, 1): [(np.int64(29), 2), (2, 21)], (0, 2): [(np.int64(29), 3)], (0, 6): [(np.int64(29), 30), (30, 28), (28, 1)], (0, 7): [(np.int64(29), 2), (2, 5), (5, 7), (7, 10)], (1, 2): [(np.int64(21), 3)], (1, 4): [(np.int64(21), 2), (2, 13), (13, 14), (14, 12)], (1, 5): [(np.int64(21), 22), (22, 20)], (1, 6): [(np.int64(21), 22), (22, 20), (20, 1)], (1, 8): [(np.int64(21), 2), (2, 5), (5, 7)], (2, 8): [(np.int64(3), 5), (5, 7)], (3, 5): [(np.int64(24), 22), (22, 20)], (3, 7): [(np.int64(24), 22), (22, 20), (20, 0), (0, 4), (4, 7), (7, 10)], (4, 7): [(np.int64(12), 1), (1, 4), (4, 7), (7, 10)], (4, 8): [(np.int64(12), 1), (1, 4), (4, 7)], (5, 7): [(np.int64(20), 0), (0, 4), (4, 7), (7, 10)], (6, 7): [(np.int64(1), 4), (4, 7), (7, 10)], (6, 8): [(np.int64(1), 4), (4, 7)], (7, 8): [(np.int64(10), 7)]}","{(0, np.int64(29)): {'cpu': 17}, (1, np.int64(21)): {'cpu': 11}, (2, np.int64(3)): {'cpu': 0}, (3, np.int64(24)): {'cpu': 1}, (4, np.int64(12)): {'cpu': 12}, (5, np.int64(20)): {'cpu': 19}, (6, np.int64(1)): {'cpu': 16}, (7, np.int64(10)): {'cpu': 20}, (8, np.int64(7)): {'cpu': 1}}","{((0, 1), (np.int64(29), 2)): {'bw': 45}, ((0, 1), (2, 21)): {'bw': 45}, ((0, 2), (np.int64(29), 3)): {'bw': 32}, ((0, 6), (np.int64(29), 30)): {'bw': 7}, ((0, 6), (30, 28)): {'bw': 7}, ((0, 6), (28, 1)): {'bw': 7}, ((0, 7), (np.int64(29), 2)): {'bw': 7}, ((0, 7), (2, 5)): {'bw': 7}, ((0, 7), (5, 7)): {'bw': 7}, ((0, 7), (7, 10)): {'bw': 7}, ((1, 2), (np.int64(21), 3)): {'bw': 9}, ((1, 4), (np.int64(21), 2)): {'bw': 3}, ((1, 4), (2, 13)): {'bw': 3}, ((1, 4), (13, 14)): {'bw': 3}, ((1, 4), (14, 12)): {'bw': 3}, ((1, 5), (np.int64(21), 22)): {'bw': 47}, ((1, 5), (22, 20)): {'bw': 47}, ((1, 6), (np.int64(21), 22)): {'bw': 27}, ((1, 6), (22, 20)): {'bw': 27}, ((1, 6), (20, 1)): {'bw': 27}, ((1, 8), (np.int64(21), 2)): {'bw': 6}, ((1, 8), (2, 5)): {'bw': 6}, ((1, 8), (5, 7)): {'bw': 6}, ((2, 8), (np.int64(3), 5)): {'bw': 5}, ((2, 8), (5, 7)): {'bw': 5}, ((3, 5), (np.int64(24), 22)): {'bw': 45}, ((3, 5), (22, 20)): {'bw': 45}, ((3, 7), (np.int64(24), 22)): {'bw': 4}, ((3, 7), (22, 20)): {'bw': 4}, ((3, 7), (20, 0)): {'bw': 4}, ((3, 7), (0, 4)): {'bw': 4}, ((3, 7), (4, 7)): {'bw': 4}, ((3, 7), (7, 10)): {'bw': 4}, ((4, 7), (np.int64(12), 1)): {'bw': 23}, ((4, 7), (1, 4)): {'bw': 23}, ((4, 7), (4, 7)): {'bw': 23}, ((4, 7), (7, 10)): {'bw': 23}, ((4, 8), (np.int64(12), 1)): {'bw': 46}, ((4, 8), (1, 4)): {'bw': 46}, ((4, 8), (4, 7)): {'bw': 46}, ((5, 7), (np.int64(20), 0)): {'bw': 2}, ((5, 7), (0, 4)): {'bw': 2}, ((5, 7), (4, 7)): {'bw': 2}, ((5, 7), (7, 10)): {'bw': 2}, ((6, 7), (np.int64(1), 4)): {'bw': 15}, ((6, 7), (4, 7)): {'bw': 15}, ((6, 7), (7, 10)): {'bw': 15}, ((6, 8), (np.int64(1), 4)): {'bw': 46}, ((6, 8), (4, 7)): {'bw': 46}, ((7, 8), (np.int64(10), 7)): {'bw': 29}}",1010.0,495.0,194.0,97.0,398.0,97.0,398.0,97.0,913.0,515.0,0.4900990099009901,54777.939472411905,26846.613899845437,26.580805841431125,Success,0.0,"{'node_level': {}, 'link_level': {}, 'path_level': {}}","{'node_level': {0: {'cpu': -32}, 1: {'cpu': -35}, 2: {'cpu': -90}, 3: {'cpu': -51}, 4: {'cpu': -57}, 5: {'cpu': -22}, 6: {'cpu': -23}, 7: {'cpu': -57}, 8: {'cpu': -58}}, 'link_level': {(0, 1): {'bw': -110}, (0, 2): {'bw': -282}, (0, 6): {'bw': -219}, (0, 7): {'bw': -103}, (1, 2): {'bw': -342}, (1, 4): {'bw': -4}, (1, 5): {'bw': -97}, (1, 6): {'bw': -70}, (1, 8): {'bw': -169}, (2, 8): {'bw': -360}, (3, 5): {'bw': -66}, (3, 7): {'bw': -19}, (4, 7): {'bw': -83}, (4, 8): {'bw': -37}, (5, 7): {'bw': -17}, (6, 7): {'bw': -157}, (6, 8): {'bw': -111}, (7, 8): {'bw': -135}}, 'path_level': {(0, 1): {}, (0, 2): {}, (0, 6): {}, (0, 7): {}, (1, 2): {}, (1, 4): {}, (1, 5): {}, (1, 6): {}, (1, 8): {}, (2, 8): {}, (3, 5): {}, (3, 7): {}, (4, 7): {}, (4, 8): {}, (5, 7): {}, (6, 7): {}, (6, 8): {}, (7, 8): {}}}","{'node_level': {0: {'cpu': 0}, 1: {'cpu': 0}, 2: {'cpu': 0}, 3: {'cpu': 0}, 4: {'cpu': 0}, 5: {'cpu': 0}, 6: {'cpu': 0}, 7: {'cpu': 0}, 8: {'cpu': 0}}, 'link_level': {(0, 1): {'bw': 0}, (0, 2): {'bw': 0}, (0, 6): {'bw': 0}, (0, 7): {'bw': 0}, (1, 2): {'bw': 0}, (1, 4): {'bw': 0}, (1, 5): {'bw': 0}, (1, 6): {'bw': 0}, (1, 8): {'bw': 0}, (2, 8): {'bw': 0}, (3, 5): {'bw': 0}, (3, 7): {'bw': 0}, (4, 7): {'bw': 0}, (4, 8): {'bw': 0}, (5, 7): {'bw': 0}, (6, 7): {'bw': 0}, (6, 8): {'bw': 0}, (7, 8): {'bw': 0}}, 'path_level': {(0, 1): {}, (0, 2): {}, (0, 6): {}, (0, 7): {}, (1, 2): {}, (1, 4): {}, (1, 5): {}, (1, 6): {}, (1, 8): {}, (2, 8): {}, (3, 5): {}, (3, 7): {}, (4, 7): {}, (4, 8): {}, (5, 7): {}, (6, 7): {}, (6, 8): {}, (7, 8): {}}}",[],-inf,-inf,True,True,False,0,[],0,0.0,9.0,18.0
10,7,7,2460.0,6017.0,1642838.4313979605,4034772.0099933017,0.40884161542296826,0.40717007734984456,28,11,1,256.0,11479,2361,9118,0.1651343705799151,0.3783746932097082,9,49.40249433470425,256.0,9,17,False,"{0: np.int64(9), 1: np.int64(29), 2: np.int64(5), 3: np.int64(16), 4: np.int64(1), 5: np.int64(20), 6: np.int64(7), 7: np.int64(34), 8: np.int64(22)}","{(0, 1): [(np.int64(9), 6), (6, 5), (5, 2), (2, 29)], (0, 5): [(np.int64(9), 6), (6, 5), (5, 2), (2, 21), (21, 22), (22, 20)], (0, 6): [(np.int64(9), 6), (6, 4), (4, 7)], (0, 7): [(np.int64(9), 6), (6, 5), (5, 2), (2, 29), (29, 31), (31, 34)], (1, 4): [(np.int64(29), 30), (30, 28), (28, 1)], (1, 5): [(np.int64(29), 2), (2, 21), (21, 22), (22, 20)], (1, 7): [(np.int64(29), 31), (31, 34)], (1, 8): [(np.int64(29), 2), (2, 21), (21, 22)], (2, 3): [(np.int64(5), 3), (3, 13), (13, 14), (14, 16)], (2, 4): [(np.int64(5), 7), (7, 4), (4, 1)], (2, 8): [(np.int64(5), 2), (2, 21), (21, 22)], (3, 6): [(np.int64(16), 14), (14, 13), (13, 3), (3, 5), (5, 7)], (3, 7): []}","{(0, np.int64(9)): {'cpu': 16}, (1, np.int64(29)): {'cpu': 16}, (2, np.int64(5)): {'cpu': 10}, (3, np.int64(16)): {'cpu': 10}, (4, np.int64(1)): {'cpu': 5}, (5, np.int64(20)): {'cpu': 14}, (6, np.int64(7)): {'cpu': 10}, (7, np.int64(34)): {'cpu': 14}, (8, np.int64(22)): {'cpu': 6}}","{((0, 1), (np.int64(9), 6)): {'bw': 2}, ((0, 1), (6, 5)): {'bw': 2}, ((0, 1), (5, 2)): {'bw': 2}, ((0, 1), (2, 29)): {'bw': 2}, ((0, 5), (np.int64(9), 6)): {'bw': 33}, ((0, 5), (6, 5)): {'bw': 33}, ((0, 5), (5, 2)): {'bw': 33}, ((0, 5), (2, 21)): {'bw': 33}, ((0, 5), (21, 22)): {'bw': 33}, ((0, 5), (22, 20)): {'bw': 33}, ((0, 6), (np.int64(9), 6)): {'bw': 0}, ((0, 6), (6, 4)): {'bw': 0}, ((0, 6), (4, 7)): {'bw': 0}, ((0, 7), (np.int64(9), 6)): {'bw': 40}, ((0, 7), (6, 5)): {'bw': 40}, ((0, 7), (5, 2)): {'bw': 40}, ((0, 7), (2, 29)): {'bw': 40}, ((0, 7), (29, 31)): {'bw': 40}, ((0, 7), (31, 34)): {'bw': 40}, ((1, 4), (np.int64(29), 30)): {'bw': 38}, ((1, 4), (30, 28)): {'bw': 38}, ((1, 4), (28, 1)): {'bw': 38}, ((1, 5), (np.int64(29), 2)): {'bw': 4}, ((1, 5), (2, 21)): {'bw': 4}, ((1, 5), (21, 22)): {'bw': 4}, ((1, 5), (22, 20)): {'bw': 4}, ((1, 7), (np.int64(29), 31)): {'bw': 24}, ((1, 7), (31, 34)): {'bw': 24}, ((1, 8), (np.int64(29), 2)): {'bw': 15}, ((1, 8), (2, 21)): {'bw': 15}, ((1, 8), (21, 22)): {'bw': 15}, ((2, 3), (np.int64(5), 3)): {'bw': 48}, ((2, 3), (3, 13)): {'bw': 48}, ((2, 3), (13, 14)): {'bw': 48}, ((2, 3), (14, 16)): {'bw': 48}, ((2, 4), (np.int64(5), 7)): {'bw': 26}, ((2, 4), (7, 4)): {'bw': 26}, ((2, 4), (4, 1)): {'bw': 26}, ((2, 8), (np.int64(5), 2)): {'bw': 12}, ((2, 8), (2, 21)): {'bw': 12}, ((2, 8), (21, 22)): {'bw': 12}, ((3, 6), (np.int64(16), 14)): {'bw': 40}, ((3, 6), (14, 13)): {'bw': 40}, ((3, 6), (13, 3)): {'bw': 40}, ((3, 6), (3, 5)): {'bw': 40}, ((3, 6), (5, 7)): {'bw': 40}}",0.0,0.0,202.0,101.0,401.0,0.0,0.0,0.0,0.0,0.0,0.0,0.0,0.0,0.0,Route Failure,100.0,"{'node_level': {}, 'link_level': {}, 'path_level': {}}","{'node_level': {0: {'cpu': -65}, 1: {'cpu': -16}, 2: {'cpu': -48}, 3: {'cpu': -78}, 4: {'cpu': -18}, 5: {'cpu': -8}, 6: {'cpu': -48}, 7: {'cpu': -65}, 8: {'cpu': -67}}, 'link_level': {(0, 1): {'bw': -101}, (0, 5): {'bw': -29}, (0, 6): {'bw': -5}, (0, 7): {'bw': -61}, (1, 4): {'bw': -181}, (1, 5): {'bw': -25}, (1, 7): {'bw': -122}, (1, 8): {'bw': -18}, (2, 3): {'bw': -72}, (2, 4): {'bw': -85}, (2, 8): {'bw': -6}, (3, 6): {'bw': -32}, (3, 7): {'bw': 100.0}}, 'path_level': {(0, 1): {}, (0, 5): {}, (0, 6): {}, (0, 7): {}, (1, 4): {}, (1, 5): {}, (1, 7): {}, (1, 8): {}, (2, 3): {}, (2, 4): {}, (2, 8): {}, (3, 6): {}, (3, 7): {}}}","{'node_level': {0: {'cpu': 0}, 1: {'cpu': 0}, 2: {'cpu': 0}, 3: {'cpu': 0}, 4: {'cpu': 0}, 5: {'cpu': 0}, 6: {'cpu': 0}, 7: {'cpu': 0}, 8: {'cpu': 0}}, 'link_level': {(0, 1): {'bw': 0}, (0, 5): {'bw': 0}, (0, 6): {'bw': 0}, (0, 7): {'bw': 0}, (1, 4): {'bw': 0}, (1, 5): {'bw': 0}, (1, 7): {'bw': 0}, (1, 8): {'bw': 0}, (2, 3): {'bw': 0}, (2, 4): {'bw': 0}, (2, 8): {'bw': 0}, (3, 6): {'bw': 0}, (3, 7): {'bw': 100.0}}, 'path_level': {(0, 1): {}, (0, 5): {}, (0, 6): {}, (0, 7): {}, (1, 4): {}, (1, 5): {}, (1, 7): {}, (1, 8): {}, (2, 3): {}, (2, 4): {}, (2, 8): {}, (3, 6): {}, (3, 7): {}}}",[],-inf,-inf,True,False,False,0,[],0,0.0,9.0,13.0
10,7,6,2460.0,6017.0,1642838.4313979605,4034772.0099933017,0.40884161542296826,0.40717007734984456,28,12,0,279.2355836360514,12489,2458,10031,0.13083451202263086,0.3161303517862013,8,54.23558363605139,225.0,9,18,False,{},{},{},{},0.0,0.0,0.0,0.0,0.0,0.0,0.0,0.0,0.0,0.0,0.0,0.0,0.0,0.0,Leave Event,0.0,"{'node_level': {}, 'link_level': {}, 'path_level': {}}","{'node_level': {}, 'link_level': {}, 'path_level': {}}","{'node_level': {}, 'link_level': {}, 'path_level': {}}",[],-inf,-inf,True,True,False,0,[],0,0.0,,
11,7,6,2460.0,6017.0,1642838.4313979605,4034772.0099933017,0.40884161542296826,0.40717007734984456,28,13,1,286.0,12489,2458,10031,0.13083451202263086,0.3161303517862013,10,154.48508204832453,286.0,10,22,False,"{0: np.int64(22), 1: np.int64(13), 2: np.int64(9), 3: np.int64(3), 4: np.int64(16), 5: np.int64(29), 6: np.int64(6), 7: np.int64(19), 8: np.int64(25), 9: np.int64(27)}","{(0, 1): [(np.int64(22), 21), (21, 3), (3, 13)], (0, 2): [(np.int64(22), 21), (21, 2), (2, 5), (5, 6), (6, 9)], (0, 3): [(np.int64(22), 21), (21, 3)], (0, 5): [(np.int64(22), 21), (21, 2), (2, 29)], (1, 2): [(np.int64(13), 2), (2, 5), (5, 6), (6, 9)], (1, 4): [(np.int64(13), 14), (14, 16)], (1, 5): [(np.int64(13), 3), (3, 29)], (1, 6): [(np.int64(13), 3), (3, 5), (5, 6)], (1, 7): []}","{(0, np.int64(22)): {'cpu': 5}, (1, np.int64(13)): {'cpu': 13}, (2, np.int64(9)): {'cpu': 1}, (3, np.int64(3)): {'cpu': 11}, (4, np.int64(16)): {'cpu': 12}, (5, np.int64(29)): {'cpu': 7}, (6, np.int64(6)): {'cpu': 9}, (7, np.int64(19)): {'cpu': 15}, (8, np.int64(25)): {'cpu': 12}, (9, np.int64(27)): {'cpu': 1}}","{((0, 1), (np.int64(22), 21)): {'bw': 49}, ((0, 1), (21, 3)): {'bw': 49}, ((0, 1), (3, 13)): {'bw': 49}, ((0, 2), (np.int64(22), 21)): {'bw': 21}, ((0, 2), (21, 2)): {'bw': 21}, ((0, 2), (2, 5)): {'bw': 21}, ((0, 2), (5, 6)): {'bw': 21}, ((0, 2), (6, 9)): {'bw': 21}, ((0, 3), (np.int64(22), 21)): {'bw': 30}, ((0, 3), (21, 3)): {'bw': 30}, ((0, 5), (np.int64(22), 21)): {'bw': 17}, ((0, 5), (21, 2)): {'bw': 17}, ((0, 5), (2, 29)): {'bw': 17}, ((1, 2), (np.int64(13), 2)): {'bw': 10}, ((1, 2), (2, 5)): {'bw': 10}, ((1, 2), (5, 6)): {'bw': 10}, ((1, 2), (6, 9)): {'bw': 10}, ((1, 4), (np.int64(13), 14)): {'bw': 28}, ((1, 4), (14, 16)): {'bw': 28}, ((1, 5), (np.int64(13), 3)): {'bw': 31}, ((1, 5), (3, 29)): {'bw': 31}, ((1, 6), (np.int64(13), 3)): {'bw': 25}, ((1, 6), (3, 5)): {'bw': 25}, ((1, 6), (5, 6)): {'bw': 25}}",0.0,0.0,172.0,86.0,630.0,0.0,0.0,0.0,0.0,0.0,0.0,0.0,0.0,0.0,Route Failure,100.0,"{'node_level': {}, 'link_level': {}, 'path_level': {}}","{'node_level': {0: {'cpu': -68}, 1: {'cpu': -63}, 2: {'cpu': -80}, 3: {'cpu': -79}, 4: {'cpu': -76}, 5: {'cpu': -42}, 6: {'cpu': -79}, 7: {'cpu': -26}, 8: {'cpu': -57}, 9: {'cpu': -57}}, 'link_level': {(0, 1): {'bw': -95}, (0, 2): {'bw': -74}, (0, 3): {'bw': -44}, (0, 5): {'bw': -27}, (1, 2): {'bw': -22}, (1, 4): {'bw': -95}, (1, 5): {'bw': -283}, (1, 6): {'bw': -267}, (1, 7): {'bw': 100.0}}, 'path_level': {(0, 1): {}, (0, 2): {}, (0, 3): {}, (0, 5): {}, (1, 2): {}, (1, 4): {}, (1, 5): {}, (1, 6): {}, (1, 7): {}}}","{'node_level': {0: {'cpu': 0}, 1: {'cpu': 0}, 2: {'cpu': 0}, 3: {'cpu': 0}, 4: {'cpu': 0}, 5: {'cpu': 0}, 6: {'cpu': 0}, 7: {'cpu': 0}, 8: {'cpu': 0}, 9: {'cpu': 0}}, 'link_level': {(0, 1): {'bw': 0}, (0, 2): {'bw': 0}, (0, 3): {'bw': 0}, (0, 5): {'bw': 0}, (1, 2): {'bw': 0}, (1, 4): {'bw': 0}, (1, 5): {'bw': 0}, (1, 6): {'bw': 0}, (1, 7): {'bw': 100.0}}, 'path_level': {(0, 1): {}, (0, 2): {}, (0, 3): {}, (0, 5): {}, (1, 2): {}, (1, 4): {}, (1, 5): {}, (1, 6): {}, (1, 7): {}}}",[],-inf,-inf,True,False,False,0,[],0,0.0,10.0,9.0
11,7,6,2460.0,6017.0,1642838.4313979605,4034772.0099933017,0.40884161542296826,0.40717007734984456,28,14,0,305.4024943347043,12489,2458,10031,0.13083451202263086,0.3161303517862013,9,49.40249433470425,256.0,9,17,False,{},{},{},{},0.0,0.0,0.0,0.0,0.0,0.0,0.0,0.0,0.0,0.0,0.0,0.0,0.0,0.0,Leave Event,0.0,"{'node_level': {}, 'link_level': {}, 'path_level': {}}","{'node_level': {}, 'link_level': {}, 'path_level': {}}","{'node_level': {}, 'link_level': {}, 'path_level': {}}",[],-inf,-inf,True,True,False,0,[],0,0.0,,
11,7,5,2460.0,6017.0,1642838.4313979605,4034772.0099933017,0.40884161542296826,0.40717007734984456,28,15,0,308.7764327387954,13273,2528,10745,0.10608203677510608,0.2674529588219253,1,259.7764327387954,49.0,7,11,False,{},{},{},{},0.0,0.0,0.0,0.0,0.0,0.0,0.0,0.0,0.0,0.0,0.0,0.0,0.0,0.0,Leave Event,0.0,"{'node_level': {}, 'link_level': {}, 'path_level': {}}","{'node_level': {}, 'link_level': {}, 'path_level': {}}","{'node_level': {}, 'link_level': {}, 'path_level': {}}",[],-inf,-inf,True,True,False,0,[],0,0.0,,
11,7,4,2460.0,6017.0,1642838.4313979605,4034772.0099933017,0.40884161542296826,0.40717007734984456,28,16,0,309.9773938487999,14787,2594,12193,0.08274398868458277,0.16873466048541041,4,187.9773938487999,122.0,9,24,False,{},{},{},{},0.0,0.0,0.0,0.0,0.0,0.0,0.0,0.0,0.0,0.0,0.0,0.0,0.0,0.0,Leave Event,0.0,"{'node_level': {}, 'link_level': {}, 'path_level': {}}","{'node_level': {}, 'link_level': {}, 'path_level': {}}","{'node_level': {}, 'link_level': {}, 'path_level': {}}",[],-inf,-inf,True,True,False,0,[],0,0.0,,
12,8,5,2670.0,6407.0,1665607.4732613892,4077057.373453955,0.41673169970344937,0.408531771984935,30,17,1,312.0,14397,2547,11850,0.09936350777934932,0.19211889828197437,11,108.42400887346996,312.0,6,6,True,"{0: np.int64(1), 1: np.int64(30), 2: np.int64(22), 3: np.int64(24), 4: np.int64(2), 5: np.int64(23)}","{(0, 2): [(np.int64(1), 20), (20, 22)], (0, 4): [(np.int64(1), 4), (4, 6), (6, 5), (5, 2)], (0, 5): [(np.int64(1), 20), (20, 23)], (1, 4): [(np.int64(30), 29), (29, 2)], (2, 3): [(np.int64(22), 24)], (2, 5): [(np.int64(22), 20), (20, 23)]}","{(0, np.int64(1)): {'cpu': 18}, (1, np.int64(30)): {'cpu': 10}, (2, np.int64(22)): {'cpu': 4}, (3, np.int64(24)): {'cpu': 13}, (4, np.int64(2)): {'cpu': 2}, (5, np.int64(23)): {'cpu': 0}}","{((0, 2), (np.int64(1), 20)): {'bw': 25}, ((0, 2), (20, 22)): {'bw': 25}, ((0, 4), (np.int64(1), 4)): {'bw': 22}, ((0, 4), (4, 6)): {'bw': 22}, ((0, 4), (6, 5)): {'bw': 22}, ((0, 4), (5, 2)): {'bw': 22}, ((0, 5), (np.int64(1), 20)): {'bw': 1}, ((0, 5), (20, 23)): {'bw': 1}, ((1, 4), (np.int64(30), 29)): {'bw': 40}, ((1, 4), (29, 2)): {'bw': 40}, ((2, 3), (np.int64(22), 24)): {'bw': 27}, ((2, 5), (np.int64(22), 20)): {'bw': 48}, ((2, 5), (20, 23)): {'bw': 48}}",390.0,210.0,94.0,47.0,163.0,47.0,163.0,47.0,343.0,180.0,0.5384615384615384,42285.36346065329,22769.04186342869,58.38215862417613,Success,0.0,"{'node_level': {}, 'link_level': {}, 'path_level': {}}","{'node_level': {0: {'cpu': -37}, 1: {'cpu': -63}, 2: {'cpu': -70}, 3: {'cpu': -39}, 4: {'cpu': -44}, 5: {'cpu': -88}}, 'link_level': {(0, 2): {'bw': -204}, (0, 4): {'bw': -101}, (0, 5): {'bw': -190}, (1, 4): {'bw': -172}, (2, 3): {'bw': -245}, (2, 5): {'bw': -142}}, 'path_level': {(0, 2): {}, (0, 4): {}, (0, 5): {}, (1, 4): {}, (2, 3): {}, (2, 5): {}}}","{'node_level': {0: {'cpu': 0}, 1: {'cpu': 0}, 2: {'cpu': 0}, 3: {'cpu': 0}, 4: {'cpu': 0}, 5: {'cpu': 0}}, 'link_level': {(0, 2): {'bw': 0}, (0, 4): {'bw': 0}, (0, 5): {'bw': 0}, (1, 4): {'bw': 0}, (2, 3): {'bw': 0}, (2, 5): {'bw': 0}}, 'path_level': {(0, 2): {}, (0, 4): {}, (0, 5): {}, (1, 4): {}, (2, 3): {}, (2, 5): {}}}",[],-inf,-inf,True,True,False,0,[],0,0.0,6.0,6.0
13,9,6,2778.0,6598.0,1692666.8894673423,4124912.4521144833,0.4210366777811458,0.41035219755989233,30,18,1,329.0,14206,2512,11694,0.11173974540311171,0.20275429506408504,12,250.55015005512072,329.0,4,3,True,"{0: np.int64(18), 1: np.int64(34), 2: np.int64(12), 3: np.int64(29)}","{(0, 2): [(np.int64(18), 15), (15, 12)], (0, 3): [(np.int64(18), 15), (15, 13), (13, 2), (2, 29)], (1, 3): [(np.int64(34), 31), (31, 29)]}","{(0, np.int64(18)): {'cpu': 10}, (1, np.int64(34)): {'cpu': 12}, (2, np.int64(12)): {'cpu': 0}, (3, np.int64(29)): {'cpu': 13}}","{((0, 2), (np.int64(18), 15)): {'bw': 36}, ((0, 2), (15, 12)): {'bw': 36}, ((0, 3), (np.int64(18), 15)): {'bw': 5}, ((0, 3), (15, 13)): {'bw': 5}, ((0, 3), (13, 2)): {'bw': 5}, ((0, 3), (2, 29)): {'bw': 5}, ((1, 3), (np.int64(34), 31)): {'bw': 32}, ((1, 3), (31, 29)): {'bw': 32}}",191.0,108.0,70.0,35.0,73.0,35.0,73.0,35.0,156.0,83.0,0.5654450261780105,47855.07866052806,27059.41620595304,141.6723361568222,Success,0.0,"{'node_level': {}, 'link_level': {}, 'path_level': {}}","{'node_level': {0: {'cpu': -40}, 1: {'cpu': -67}, 2: {'cpu': -83}, 3: {'cpu': -39}}, 'link_level': {(0, 2): {'bw': -200}, (0, 3): {'bw': -85}, (1, 3): {'bw': -154}}, 'path_level': {(0, 2): {}, (0, 3): {}, (1, 3): {}}}","{'node_level': {0: {'cpu': 0}, 1: {'cpu': 0}, 2: {'cpu': 0}, 3: {'cpu': 0}}, 'link_level': {(0, 2): {'bw': 0}, (0, 3): {'bw': 0}, (1, 3): {'bw': 0}}, 'path_level': {(0, 2): {}, (0, 3): {}, (1, 3): {}}}",[],-inf,-inf,True,True,False,0,[],0,0.0,4.0,3.0
14,10,7,3116.0,7331.0,1955976.3343048934,4695935.597279942,0.425044332287546,0.4165253747172058,32,19,1,355.0,13473,2447,11026,0.13472418670438469,0.24829560949004637,13,779.0220261466006,355.0,8,13,True,"{0: np.int64(15), 1: np.int64(6), 2: np.int64(13), 3: np.int64(5), 4: np.int64(3), 5: np.int64(27), 6: np.int64(26), 7: np.int64(2)}","{(0, 2): [(np.int64(15), 13)], (0, 3): [(np.int64(15), 13), (13, 2), (2, 5)], (0, 4): [(np.int64(15), 13), (13, 3)], (1, 2): [(np.int64(6), 5), (5, 2), (2, 13)], (1, 6): [(np.int64(6), 4), (4, 0), (0, 20), (20, 23), (23, 26)], (2, 5): [(np.int64(13), 2), (2, 21), (21, 23), (23, 27)], (2, 7): [(np.int64(13), 2)], (3, 4): [(np.int64(5), 3)], (3, 5): [(np.int64(5), 2), (2, 21), (21, 23), (23, 27)], (3, 6): [(np.int64(5), 2), (2, 21), (21, 23), (23, 26)], (4, 7): [(np.int64(3), 5), (5, 2)], (5, 6): [(np.int64(27), 23), (23, 26)], (6, 7): [(np.int64(26), 23), (23, 21), (21, 2)]}","{(0, np.int64(15)): {'cpu': 5}, (1, np.int64(6)): {'cpu': 13}, (2, np.int64(13)): {'cpu': 15}, (3, np.int64(5)): {'cpu': 6}, (4, np.int64(3)): {'cpu': 1}, (5, np.int64(27)): {'cpu': 10}, (6, np.int64(26)): {'cpu': 7}, (7, np.int64(2)): {'cpu': 8}}","{((0, 2), (np.int64(15), 13)): {'bw': 19}, ((0, 3), (np.int64(15), 13)): {'bw': 33}, ((0, 3), (13, 2)): {'bw': 33}, ((0, 3), (2, 5)): {'bw': 33}, ((0, 4), (np.int64(15), 13)): {'bw': 44}, ((0, 4), (13, 3)): {'bw': 44}, ((1, 2), (np.int64(6), 5)): {'bw': 16}, ((1, 2), (5, 2)): {'bw': 16}, ((1, 2), (2, 13)): {'bw': 16}, ((1, 6), (np.int64(6), 4)): {'bw': 11}, ((1, 6), (4, 0)): {'bw': 11}, ((1, 6), (0, 20)): {'bw': 11}, ((1, 6), (20, 23)): {'bw': 11}, ((1, 6), (23, 26)): {'bw': 11}, ((2, 5), (np.int64(13), 2)): {'bw': 6}, ((2, 5), (2, 21)): {'bw': 6}, ((2, 5), (21, 23)): {'bw': 6}, ((2, 5), (23, 27)): {'bw': 6}, ((2, 7), (np.int64(13), 2)): {'bw': 2}, ((3, 4), (np.int64(5), 3)): {'bw': 37}, ((3, 5), (np.int64(5), 2)): {'bw': 1}, ((3, 5), (2, 21)): {'bw': 1}, ((3, 5), (21, 23)): {'bw': 1}, ((3, 5), (23, 27)): {'bw': 1}, ((3, 6), (np.int64(5), 2)): {'bw': 17}, ((3, 6), (2, 21)): {'bw': 17}, ((3, 6), (21, 23)): {'bw': 17}, ((3, 6), (23, 26)): {'bw': 17}, ((4, 7), (np.int64(3), 5)): {'bw': 28}, ((4, 7), (5, 2)): {'bw': 28}, ((5, 6), (np.int64(27), 23)): {'bw': 9}, ((5, 6), (23, 26)): {'bw': 9}, ((6, 7), (np.int64(26), 23)): {'bw': 50}, ((6, 7), (23, 21)): {'bw': 50}, ((6, 7), (21, 2)): {'bw': 50}}",733.0,338.0,130.0,65.0,273.0,65.0,273.0,65.0,668.0,395.0,0.461118690313779,571023.1451654583,263309.44483755104,359.22161642230697,Success,0.0,"{'node_level': {}, 'link_level': {}, 'path_level': {}}","{'node_level': {0: {'cpu': -83}, 1: {'cpu': -87}, 2: {'cpu': -71}, 3: {'cpu': -52}, 4: {'cpu': -89}, 5: {'cpu': -48}, 6: {'cpu': -62}, 7: {'cpu': -36}}, 'link_level': {(0, 2): {'bw': -308}, (0, 3): {'bw': -52}, (0, 4): {'bw': -231}, (1, 2): {'bw': -36}, (1, 6): {'bw': -57}, (2, 5): {'bw': -30}, (2, 7): {'bw': -28}, (3, 4): {'bw': -350}, (3, 5): {'bw': -216}, (3, 6): {'bw': -199}, (4, 7): {'bw': -202}, (5, 6): {'bw': -223}, (6, 7): {'bw': -149}}, 'path_level': {(0, 2): {}, (0, 3): {}, (0, 4): {}, (1, 2): {}, (1, 6): {}, (2, 5): {}, (2, 7): {}, (3, 4): {}, (3, 5): {}, (3, 6): {}, (4, 7): {}, (5, 6): {}, (6, 7): {}}}","{'node_level': {0: {'cpu': 0}, 1: {'cpu': 0}, 2: {'cpu': 0}, 3: {'cpu': 0}, 4: {'cpu': 0}, 5: {'cpu': 0}, 6: {'cpu': 0}, 7: {'cpu': 0}}, 'link_level': {(0, 2): {'bw': 0}, (0, 3): {'bw': 0}, (0, 4): {'bw': 0}, (1, 2): {'bw': 0}, (1, 6): {'bw': 0}, (2, 5): {'bw': 0}, (2, 7): {'bw': 0}, (3, 4): {'bw': 0}, (3, 5): {'bw': 0}, (3, 6): {'bw': 0}, (4, 7): {'bw': 0}, (5, 6): {'bw': 0}, (6, 7): {'bw': 0}}, 'path_level': {(0, 2): {}, (0, 3): {}, (0, 4): {}, (1, 2): {}, (1, 6): {}, (2, 5): {}, (2, 7): {}, (3, 4): {}, (3, 5): {}, (3, 6): {}, (4, 7): {}, (5, 6): {}, (6, 7): {}}}",[],-inf,-inf,True,True,False,0,[],0,0.0,8.0,13.0
14,10,6,3116.0,7331.0,1955976.3343048934,4695935.597279942,0.425044332287546,0.4165253747172058,32,20,0,356.2160171223706,14715,2532,12183,0.10466760961810462,0.1694164166893919,0,331.2160171223706,25.0,9,18,False,{},{},{},{},0.0,0.0,0.0,0.0,0.0,0.0,0.0,0.0,0.0,0.0,0.0,0.0,0.0,0.0,Leave Event,0.0,"{'node_level': {}, 'link_level': {}, 'path_level': {}}","{'node_level': {}, 'link_level': {}, 'path_level': {}}","{'node_level': {}, 'link_level': {}, 'path_level': {}}",[],-inf,-inf,True,True,False,0,[],0,0.0,,
15,11,7,3398.0,7890.0,1968981.6847512387,4721715.706852661,0.43067173637515843,0.4170055562416943,32,21,1,381.0,14156,2470,11686,0.12659123055162658,0.20329970002727027,14,46.11826399413245,381.0,6,6,True,"{0: np.int64(2), 1: np.int64(10), 2: np.int64(20), 3: np.int64(1), 4: np.int64(13), 5: np.int64(7)}","{(0, 1): [(np.int64(2), 5), (5, 7), (7, 10)], (0, 5): [(np.int64(2), 5), (5, 7)], (1, 5): [(np.int64(10), 7)], (2, 3): [(np.int64(20), 1)], (2, 4): [(np.int64(20), 0), (0, 12), (12, 14), (14, 13)], (3, 5): [(np.int64(1), 4), (4, 7)]}","{(0, np.int64(2)): {'cpu': 10}, (1, np.int64(10)): {'cpu': 7}, (2, np.int64(20)): {'cpu': 20}, (3, np.int64(1)): {'cpu': 14}, (4, np.int64(13)): {'cpu': 9}, (5, np.int64(7)): {'cpu': 2}}","{((0, 1), (np.int64(2), 5)): {'bw': 40}, ((0, 1), (5, 7)): {'bw': 40}, ((0, 1), (7, 10)): {'bw': 40}, ((0, 5), (np.int64(2), 5)): {'bw': 35}, ((0, 5), (5, 7)): {'bw': 35}, ((1, 5), (np.int64(10), 7)): {'bw': 20}, ((2, 3), (np.int64(20), 1)): {'bw': 43}, ((2, 4), (np.int64(20), 0)): {'bw': 40}, ((2, 4), (0, 12)): {'bw': 40}, ((2, 4), (12, 14)): {'bw': 40}, ((2, 4), (14, 13)): {'bw': 40}, ((3, 5), (np.int64(1), 4)): {'bw': 42}, ((3, 5), (4, 7)): {'bw': 42}}",559.0,282.0,124.0,62.0,220.0,62.0,220.0,62.0,497.0,277.0,0.5044722719141324,25780.109572720037,13005.35044634535,23.265385413855725,Success,0.0,"{'node_level': {}, 'link_level': {}, 'path_level': {}}","{'node_level': {0: {'cpu': -26}, 1: {'cpu': -70}, 2: {'cpu': -21}, 3: {'cpu': -23}, 4: {'cpu': -75}, 5: {'cpu': -57}}, 'link_level': {(0, 1): {'bw': -175}, (0, 5): {'bw': -141}, (1, 5): {'bw': -155}, (2, 3): {'bw': -160}, (2, 4): {'bw': -256}, (3, 5): {'bw': -250}}, 'path_level': {(0, 1): {}, (0, 5): {}, (1, 5): {}, (2, 3): {}, (2, 4): {}, (3, 5): {}}}","{'node_level': {0: {'cpu': 0}, 1: {'cpu': 0}, 2: {'cpu': 0}, 3: {'cpu': 0}, 4: {'cpu': 0}, 5: {'cpu': 0}}, 'link_level': {(0, 1): {'bw': 0}, (0, 5): {'bw': 0}, (1, 5): {'bw': 0}, (2, 3): {'bw': 0}, (2, 4): {'bw': 0}, (3, 5): {'bw': 0}}, 'path_level': {(0, 1): {}, (0, 5): {}, (1, 5): {}, (2, 3): {}, (2, 4): {}, (3, 5): {}}}",[],-inf,-inf,True,True,False,0,[],0,0.0,6.0,6.0
16,12,8,3555.0,8241.0,2006235.1194564446,4805002.048136275,0.43137968693119766,0.41753054407845813,32,22,1,396.0,13805,2427,11378,0.14179632248939178,0.22429779110989911,15,237.28302360003832,396.0,5,6,True,"{0: np.int64(4), 1: np.int64(2), 2: np.int64(25), 3: np.int64(1), 4: np.int64(12)}","{(0, 1): [(np.int64(4), 6), (6, 5), (5, 2)], (0, 4): [(np.int64(4), 0), (0, 12)], (1, 3): [(np.int64(2), 5), (5, 6), (6, 4), (4, 1)], (2, 3): [(np.int64(25), 22), (22, 20), (20, 1)], (2, 4): [(np.int64(25), 22), (22, 20), (20, 0), (0, 12)], (3, 4): [(np.int64(1), 12)]}","{(0, np.int64(4)): {'cpu': 10}, (1, np.int64(2)): {'cpu': 7}, (2, np.int64(25)): {'cpu': 1}, (3, np.int64(1)): {'cpu': 9}, (4, np.int64(12)): {'cpu': 16}}","{((0, 1), (np.int64(4), 6)): {'bw': 19}, ((0, 1), (6, 5)): {'bw': 19}, ((0, 1), (5, 2)): {'bw': 19}, ((0, 4), (np.int64(4), 0)): {'bw': 49}, ((0, 4), (0, 12)): {'bw': 49}, ((1, 3), (np.int64(2), 5)): {'bw': 7}, ((1, 3), (5, 6)): {'bw': 7}, ((1, 3), (6, 4)): {'bw': 7}, ((1, 3), (4, 1)): {'bw': 7}, ((2, 3), (np.int64(25), 22)): {'bw': 1}, ((2, 3), (22, 20)): {'bw': 1}, ((2, 3), (20, 1)): {'bw': 1}, ((2, 4), (np.int64(25), 22)): {'bw': 28}, ((2, 4), (22, 20)): {'bw': 28}, ((2, 4), (20, 0)): {'bw': 28}, ((2, 4), (0, 12)): {'bw': 28}, ((3, 4), (np.int64(1), 12)): {'bw': 10}}",351.0,157.0,86.0,43.0,114.0,43.0,114.0,43.0,308.0,194.0,0.4472934472934473,83286.34128361345,37253.43470520602,106.13514161027355,Success,0.0,"{'node_level': {}, 'link_level': {}, 'path_level': {}}","{'node_level': {0: {'cpu': -48}, 1: {'cpu': -19}, 2: {'cpu': -95}, 3: {'cpu': -14}, 4: {'cpu': -67}}, 'link_level': {(0, 1): {'bw': -122}, (0, 4): {'bw': -86}, (1, 3): {'bw': -115}, (2, 3): {'bw': -159}, (2, 4): {'bw': -185}, (3, 4): {'bw': -208}}, 'path_level': {(0, 1): {}, (0, 4): {}, (1, 3): {}, (2, 3): {}, (2, 4): {}, (3, 4): {}}}","{'node_level': {0: {'cpu': 0}, 1: {'cpu': 0}, 2: {'cpu': 0}, 3: {'cpu': 0}, 4: {'cpu': 0}}, 'link_level': {(0, 1): {'bw': 0}, (0, 4): {'bw': 0}, (1, 3): {'bw': 0}, (2, 3): {'bw': 0}, (2, 4): {'bw': 0}, (3, 4): {'bw': 0}}, 'path_level': {(0, 1): {}, (0, 4): {}, (1, 3): {}, (2, 3): {}, (2, 4): {}, (3, 4): {}}}",[],-inf,-inf,True,True,False,0,[],0,0.0,5.0,6.0
17,13,9,3598.0,8299.0,2016921.3631301655,4819416.051231062,0.4335462103867936,0.418499117256118,32,23,1,417.0,13747,2399,11348,0.1516973125884017,0.22634305972184343,16,248.5172947376951,417.0,2,1,True,"{0: np.int64(18), 1: np.int64(12)}","{(0, 1): [(np.int64(18), 15), (15, 12)]}","{(0, np.int64(18)): {'cpu': 10}, (1, np.int64(12)): {'cpu': 18}}","{((0, 1), (np.int64(18), 15)): {'bw': 15}, ((0, 1), (15, 12)): {'bw': 15}}",58.0,43.0,56.0,28.0,15.0,28.0,15.0,28.0,30.0,15.0,0.7413793103448276,14414.003094786316,10686.24367372089,184.24558058139465,Success,0.0,"{'node_level': {}, 'link_level': {}, 'path_level': {}}","{'node_level': {0: {'cpu': -30}, 1: {'cpu': -49}}, 'link_level': {(0, 1): {'bw': -180}}, 'path_level': {(0, 1): {}}}","{'node_level': {0: {'cpu': 0}, 1: {'cpu': 0}}, 'link_level': {(0, 1): {'bw': 0}}, 'path_level': {(0, 1): {}}}",[],-inf,-inf,True,True,False,0,[],0,0.0,2.0,1.0
17,13,8,3598.0,8299.0,2016921.3631301655,4819416.051231062,0.4335462103867936,0.418499117256118,32,24,0,420.42400887347,14137,2446,11691,0.13507779349363502,0.20295882192527948,11,108.42400887346996,312.0,6,6,False,{},{},{},{},0.0,0.0,0.0,0.0,0.0,0.0,0.0,0.0,0.0,0.0,0.0,0.0,0.0,0.0,Leave Event,0.0,"{'node_level': {}, 'link_level': {}, 'path_level': {}}","{'node_level': {}, 'link_level': {}, 'path_level': {}}","{'node_level': {}, 'link_level': {}, 'path_level': {}}",[],-inf,-inf,True,True,False,0,[],0,0.0,,
17,13,7,3598.0,8299.0,2016921.3631301655,4819416.051231062,0.4335462103867936,0.418499117256118,32,25,0,427.11826399413246,14696,2508,12188,0.11315417256011318,0.1690755385874011,14,46.11826399413245,381.0,6,6,False,{},{},{},{},0.0,0.0,0.0,0.0,0.0,0.0,0.0,0.0,0.0,0.0,0.0,0.0,0.0,0.0,Leave Event,0.0,"{'node_level': {}, 'link_level': {}, 'path_level': {}}","{'node_level': {}, 'link_level': {}, 'path_level': {}}","{'node_level': {}, 'link_level': {}, 'path_level': {}}",[],-inf,-inf,True,True,False,0,[],0,0.0,,
18,14,8,4241.0,9748.0,2132681.490353356,5080281.407912871,0.435063602790316,0.41979593631005657,33,26,1,432.0,13247,2413,10834,0.14674681753889673,0.26138532860649033,17,180.03130205783893,432.0,9,20,True,"{0: np.int64(31), 1: np.int64(13), 2: np.int64(3), 3: np.int64(12), 4: np.int64(34), 5: np.int64(4), 6: np.int64(20), 7: np.int64(6), 8: np.int64(1)}","{(0, 2): [(np.int64(31), 29), (29, 3)], (0, 4): [(np.int64(31), 34)], (0, 5): [(np.int64(31), 28), (28, 0), (0, 4)], (0, 6): [(np.int64(31), 28), (28, 0), (0, 20)], (1, 3): [(np.int64(13), 14), (14, 12)], (1, 4): [(np.int64(13), 2), (2, 29), (29, 31), (31, 34)], (1, 5): [(np.int64(13), 2), (2, 5), (5, 6), (6, 4)], (1, 6): [(np.int64(13), 2), (2, 21), (21, 22), (22, 20)], (1, 8): [(np.int64(13), 14), (14, 12), (12, 1)], (2, 3): [(np.int64(3), 13), (13, 14), (14, 12)], (2, 5): [(np.int64(3), 5), (5, 6), (6, 4)], (2, 7): [(np.int64(3), 5), (5, 6)], (3, 6): [(np.int64(12), 0), (0, 20)], (3, 8): [(np.int64(12), 1)], (4, 6): [(np.int64(34), 31), (31, 28), (28, 0), (0, 20)], (4, 8): [(np.int64(34), 31), (31, 28), (28, 1)], (5, 6): [(np.int64(4), 0), (0, 20)], (5, 7): [(np.int64(4), 6)], (5, 8): [(np.int64(4), 1)], (6, 7): [(np.int64(20), 0), (0, 4), (4, 6)]}","{(0, np.int64(31)): {'cpu': 20}, (1, np.int64(13)): {'cpu': 3}, (2, np.int64(3)): {'cpu': 12}, (3, np.int64(12)): {'cpu': 12}, (4, np.int64(34)): {'cpu': 12}, (5, np.int64(4)): {'cpu': 4}, (6, np.int64(20)): {'cpu': 13}, (7, np.int64(6)): {'cpu': 11}, (8, np.int64(1)): {'cpu': 8}}","{((0, 2), (np.int64(31), 29)): {'bw': 40}, ((0, 2), (29, 3)): {'bw': 40}, ((0, 4), (np.int64(31), 34)): {'bw': 48}, ((0, 5), (np.int64(31), 28)): {'bw': 50}, ((0, 5), (28, 0)): {'bw': 50}, ((0, 5), (0, 4)): {'bw': 50}, ((0, 6), (np.int64(31), 28)): {'bw': 18}, ((0, 6), (28, 0)): {'bw': 18}, ((0, 6), (0, 20)): {'bw': 18}, ((1, 3), (np.int64(13), 14)): {'bw': 27}, ((1, 3), (14, 12)): {'bw': 27}, ((1, 4), (np.int64(13), 2)): {'bw': 45}, ((1, 4), (2, 29)): {'bw': 45}, ((1, 4), (29, 31)): {'bw': 45}, ((1, 4), (31, 34)): {'bw': 45}, ((1, 5), (np.int64(13), 2)): {'bw': 8}, ((1, 5), (2, 5)): {'bw': 8}, ((1, 5), (5, 6)): {'bw': 8}, ((1, 5), (6, 4)): {'bw': 8}, ((1, 6), (np.int64(13), 2)): {'bw': 39}, ((1, 6), (2, 21)): {'bw': 39}, ((1, 6), (21, 22)): {'bw': 39}, ((1, 6), (22, 20)): {'bw': 39}, ((1, 8), (np.int64(13), 14)): {'bw': 32}, ((1, 8), (14, 12)): {'bw': 32}, ((1, 8), (12, 1)): {'bw': 32}, ((2, 3), (np.int64(3), 13)): {'bw': 31}, ((2, 3), (13, 14)): {'bw': 31}, ((2, 3), (14, 12)): {'bw': 31}, ((2, 5), (np.int64(3), 5)): {'bw': 5}, ((2, 5), (5, 6)): {'bw': 5}, ((2, 5), (6, 4)): {'bw': 5}, ((2, 7), (np.int64(3), 5)): {'bw': 50}, ((2, 7), (5, 6)): {'bw': 50}, ((3, 6), (np.int64(12), 0)): {'bw': 32}, ((3, 6), (0, 20)): {'bw': 32}, ((3, 8), (np.int64(12), 1)): {'bw': 35}, ((4, 6), (np.int64(34), 31)): {'bw': 35}, ((4, 6), (31, 28)): {'bw': 35}, ((4, 6), (28, 0)): {'bw': 35}, ((4, 6), (0, 20)): {'bw': 35}, ((4, 8), (np.int64(34), 31)): {'bw': 1}, ((4, 8), (31, 28)): {'bw': 1}, ((4, 8), (28, 1)): {'bw': 1}, ((5, 6), (np.int64(4), 0)): {'bw': 2}, ((5, 6), (0, 20)): {'bw': 2}, ((5, 7), (np.int64(4), 6)): {'bw': 38}, ((5, 8), (np.int64(4), 1)): {'bw': 12}, ((6, 7), (np.int64(20), 0)): {'bw': 0}, ((6, 7), (0, 4)): {'bw': 0}, ((6, 7), (4, 6)): {'bw': 0}}",1449.0,643.0,190.0,95.0,548.0,95.0,548.0,95.0,1354.0,806.0,0.4437543133195307,260865.3566818086,115760.12722319043,79.88966682069733,Success,0.0,"{'node_level': {}, 'link_level': {}, 'path_level': {}}","{'node_level': {0: {'cpu': -62}, 1: {'cpu': -81}, 2: {'cpu': -77}, 3: {'cpu': -37}, 4: {'cpu': -55}, 5: {'cpu': -44}, 6: {'cpu': -28}, 7: {'cpu': -76}, 8: {'cpu': -38}}, 'link_level': {(0, 2): {'bw': -182}, (0, 4): {'bw': -106}, (0, 5): {'bw': -36}, (0, 6): {'bw': -135}, (1, 3): {'bw': -277}, (1, 4): {'bw': -61}, (1, 5): {'bw': -83}, (1, 6): {'bw': -44}, (1, 8): {'bw': -176}, (2, 3): {'bw': -214}, (2, 5): {'bw': -135}, (2, 7): {'bw': -233}, (3, 6): {'bw': -205}, (3, 8): {'bw': -141}, (4, 6): {'bw': -26}, (4, 8): {'bw': -25}, (5, 6): {'bw': -34}, (5, 7): {'bw': -97}, (5, 8): {'bw': -295}, (6, 7): {'bw': -34}}, 'path_level': {(0, 2): {}, (0, 4): {}, (0, 5): {}, (0, 6): {}, (1, 3): {}, (1, 4): {}, (1, 5): {}, (1, 6): {}, (1, 8): {}, (2, 3): {}, (2, 5): {}, (2, 7): {}, (3, 6): {}, (3, 8): {}, (4, 6): {}, (4, 8): {}, (5, 6): {}, (5, 7): {}, (5, 8): {}, (6, 7): {}}}","{'node_level': {0: {'cpu': 0}, 1: {'cpu': 0}, 2: {'cpu': 0}, 3: {'cpu': 0}, 4: {'cpu': 0}, 5: {'cpu': 0}, 6: {'cpu': 0}, 7: {'cpu': 0}, 8: {'cpu': 0}}, 'link_level': {(0, 2): {'bw': 0}, (0, 4): {'bw': 0}, (0, 5): {'bw': 0}, (0, 6): {'bw': 0}, (1, 3): {'bw': 0}, (1, 4): {'bw': 0}, (1, 5): {'bw': 0}, (1, 6): {'bw': 0}, (1, 8): {'bw': 0}, (2, 3): {'bw': 0}, (2, 5): {'bw': 0}, (2, 7): {'bw': 0}, (3, 6): {'bw': 0}, (3, 8): {'bw': 0}, (4, 6): {'bw': 0}, (4, 8): {'bw': 0}, (5, 6): {'bw': 0}, (5, 7): {'bw': 0}, (5, 8): {'bw': 0}, (6, 7): {'bw': 0}}, 'path_level': {(0, 2): {}, (0, 4): {}, (0, 5): {}, (0, 6): {}, (1, 3): {}, (1, 4): {}, (1, 5): {}, (1, 6): {}, (1, 8): {}, (2, 3): {}, (2, 5): {}, (2, 7): {}, (3, 6): {}, (3, 8): {}, (4, 6): {}, (4, 8): {}, (5, 6): {}, (5, 7): {}, (5, 8): {}, (6, 7): {}}}",[],-inf,-inf,True,True,False,0,[],0,0.0,9.0,20.0
18,14,8,4241.0,9748.0,2132681.490353356,5080281.407912871,0.435063602790316,0.41979593631005657,33,27,0,440.48508204832456,13247,2413,10834,0.14674681753889673,0.26138532860649033,10,154.48508204832453,286.0,10,22,False,{},{},{},{},0.0,0.0,0.0,0.0,0.0,0.0,0.0,0.0,0.0,0.0,0.0,0.0,0.0,0.0,Leave Event,0.0,"{'node_level': {}, 'link_level': {}, 'path_level': {}}","{'node_level': {}, 'link_level': {}, 'path_level': {}}","{'node_level': {}, 'link_level': {}, 'path_level': {}}",[],-inf,-inf,True,True,False,0,[],0,0.0,,
19,15,9,4551.0,10470.0,2230367.663148091,5307795.655518672,0.4346704871060172,0.42020601543488434,34,28,1,463.0,12525,2336,10189,0.173974540311174,0.30535860376329427,18,315.1166864346288,463.0,7,9,True,"{0: np.int64(11), 1: np.int64(13), 2: np.int64(4), 3: np.int64(28), 4: np.int64(14), 5: np.int64(31), 6: np.int64(15)}","{(0, 1): [(np.int64(11), 7), (7, 5), (5, 2), (2, 13)], (0, 3): [(np.int64(11), 7), (7, 4), (4, 0), (0, 28)], (0, 4): [(np.int64(11), 7), (7, 4), (4, 1), (1, 12), (12, 14)], (1, 4): [(np.int64(13), 14)], (2, 5): [(np.int64(4), 0), (0, 28), (28, 31)], (2, 6): [(np.int64(4), 1), (1, 12), (12, 15)], (3, 4): [(np.int64(28), 0), (0, 12), (12, 14)], (3, 5): [(np.int64(28), 31)], (4, 6): [(np.int64(14), 12), (12, 15)]}","{(0, np.int64(11)): {'cpu': 14}, (1, np.int64(13)): {'cpu': 6}, (2, np.int64(4)): {'cpu': 7}, (3, np.int64(28)): {'cpu': 12}, (4, np.int64(14)): {'cpu': 15}, (5, np.int64(31)): {'cpu': 20}, (6, np.int64(15)): {'cpu': 3}}","{((0, 1), (np.int64(11), 7)): {'bw': 24}, ((0, 1), (7, 5)): {'bw': 24}, ((0, 1), (5, 2)): {'bw': 24}, ((0, 1), (2, 13)): {'bw': 24}, ((0, 3), (np.int64(11), 7)): {'bw': 13}, ((0, 3), (7, 4)): {'bw': 13}, ((0, 3), (4, 0)): {'bw': 13}, ((0, 3), (0, 28)): {'bw': 13}, ((0, 4), (np.int64(11), 7)): {'bw': 25}, ((0, 4), (7, 4)): {'bw': 25}, ((0, 4), (4, 1)): {'bw': 25}, ((0, 4), (1, 12)): {'bw': 25}, ((0, 4), (12, 14)): {'bw': 25}, ((1, 4), (np.int64(13), 14)): {'bw': 49}, ((2, 5), (np.int64(4), 0)): {'bw': 11}, ((2, 5), (0, 28)): {'bw': 11}, ((2, 5), (28, 31)): {'bw': 11}, ((2, 6), (np.int64(4), 1)): {'bw': 35}, ((2, 6), (1, 12)): {'bw': 35}, ((2, 6), (12, 15)): {'bw': 35}, ((3, 4), (np.int64(28), 0)): {'bw': 46}, ((3, 4), (0, 12)): {'bw': 46}, ((3, 4), (12, 14)): {'bw': 46}, ((3, 5), (np.int64(28), 31)): {'bw': 13}, ((4, 6), (np.int64(14), 12)): {'bw': 17}, ((4, 6), (12, 15)): {'bw': 17}}",722.0,310.0,154.0,77.0,233.0,77.0,233.0,77.0,645.0,412.0,0.4293628808864266,227514.24760580197,97686.17279473491,135.29940830295695,Success,0.0,"{'node_level': {}, 'link_level': {}, 'path_level': {}}","{'node_level': {0: {'cpu': -76}, 1: {'cpu': -75}, 2: {'cpu': -37}, 3: {'cpu': -83}, 4: {'cpu': -70}, 5: {'cpu': -42}, 6: {'cpu': -80}}, 'link_level': {(0, 1): {'bw': -20}, (0, 3): {'bw': -21}, (0, 4): {'bw': -116}, (1, 4): {'bw': -165}, (2, 5): {'bw': -10}, (2, 6): {'bw': -81}, (3, 4): {'bw': -30}, (3, 5): {'bw': -185}, (4, 6): {'bw': -160}}, 'path_level': {(0, 1): {}, (0, 3): {}, (0, 4): {}, (1, 4): {}, (2, 5): {}, (2, 6): {}, (3, 4): {}, (3, 5): {}, (4, 6): {}}}","{'node_level': {0: {'cpu': 0}, 1: {'cpu': 0}, 2: {'cpu': 0}, 3: {'cpu': 0}, 4: {'cpu': 0}, 5: {'cpu': 0}, 6: {'cpu': 0}}, 'link_level': {(0, 1): {'bw': 0}, (0, 3): {'bw': 0}, (0, 4): {'bw': 0}, (1, 4): {'bw': 0}, (2, 5): {'bw': 0}, (2, 6): {'bw': 0}, (3, 4): {'bw': 0}, (3, 5): {'bw': 0}, (4, 6): {'bw': 0}}, 'path_level': {(0, 1): {}, (0, 3): {}, (0, 4): {}, (1, 4): {}, (2, 5): {}, (2, 6): {}, (3, 4): {}, (3, 5): {}, (4, 6): {}}}",[],-inf,-inf,True,True,False,0,[],0,0.0,7.0,9.0
20,16,10,4855.0,11215.0,2940792.300150672,7048803.4008046035,0.4329023629068212,0.4172044718703586,34,29,1,493.0,11780,2257,9523,0.20190947666195191,0.3507635669484592,19,2336.923148034806,493.0,7,12,True,"{0: np.int64(11), 1: np.int64(8), 2: np.int64(6), 3: np.int64(21), 4: np.int64(25), 5: np.int64(13), 6: np.int64(3)}","{(0, 3): [(np.int64(11), 7), (7, 5), (5, 2), (2, 21)], (0, 4): [(np.int64(11), 7), (7, 4), (4, 0), (0, 20), (20, 22), (22, 25)], (0, 5): [(np.int64(11), 7), (7, 5), (5, 2), (2, 13)], (0, 6): [(np.int64(11), 7), (7, 5), (5, 3)], (1, 3): [(np.int64(8), 6), (6, 5), (5, 2), (2, 21)], (1, 5): [(np.int64(8), 6), (6, 5), (5, 3), (3, 13)], (1, 6): [(np.int64(8), 6), (6, 5), (5, 3)], (2, 5): [(np.int64(6), 5), (5, 3), (3, 13)], (2, 6): [(np.int64(6), 5), (5, 3)], (3, 5): [(np.int64(21), 3), (3, 13)], (3, 6): [(np.int64(21), 3)], (4, 5): [(np.int64(25), 22), (22, 21), (21, 3), (3, 13)]}","{(0, np.int64(11)): {'cpu': 8}, (1, np.int64(8)): {'cpu': 16}, (2, np.int64(6)): {'cpu': 19}, (3, np.int64(21)): {'cpu': 13}, (4, np.int64(25)): {'cpu': 2}, (5, np.int64(13)): {'cpu': 9}, (6, np.int64(3)): {'cpu': 12}}","{((0, 3), (np.int64(11), 7)): {'bw': 33}, ((0, 3), (7, 5)): {'bw': 33}, ((0, 3), (5, 2)): {'bw': 33}, ((0, 3), (2, 21)): {'bw': 33}, ((0, 4), (np.int64(11), 7)): {'bw': 7}, ((0, 4), (7, 4)): {'bw': 7}, ((0, 4), (4, 0)): {'bw': 7}, ((0, 4), (0, 20)): {'bw': 7}, ((0, 4), (20, 22)): {'bw': 7}, ((0, 4), (22, 25)): {'bw': 7}, ((0, 5), (np.int64(11), 7)): {'bw': 17}, ((0, 5), (7, 5)): {'bw': 17}, ((0, 5), (5, 2)): {'bw': 17}, ((0, 5), (2, 13)): {'bw': 17}, ((0, 6), (np.int64(11), 7)): {'bw': 34}, ((0, 6), (7, 5)): {'bw': 34}, ((0, 6), (5, 3)): {'bw': 34}, ((1, 3), (np.int64(8), 6)): {'bw': 8}, ((1, 3), (6, 5)): {'bw': 8}, ((1, 3), (5, 2)): {'bw': 8}, ((1, 3), (2, 21)): {'bw': 8}, ((1, 5), (np.int64(8), 6)): {'bw': 7}, ((1, 5), (6, 5)): {'bw': 7}, ((1, 5), (5, 3)): {'bw': 7}, ((1, 5), (3, 13)): {'bw': 7}, ((1, 6), (np.int64(8), 6)): {'bw': 14}, ((1, 6), (6, 5)): {'bw': 14}, ((1, 6), (5, 3)): {'bw': 14}, ((2, 5), (np.int64(6), 5)): {'bw': 16}, ((2, 5), (5, 3)): {'bw': 16}, ((2, 5), (3, 13)): {'bw': 16}, ((2, 6), (np.int64(6), 5)): {'bw': 5}, ((2, 6), (5, 3)): {'bw': 5}, ((3, 5), (np.int64(21), 3)): {'bw': 39}, ((3, 5), (3, 13)): {'bw': 39}, ((3, 6), (np.int64(21), 3)): {'bw': 32}, ((4, 5), (np.int64(25), 22)): {'bw': 13}, ((4, 5), (22, 21)): {'bw': 13}, ((4, 5), (21, 3)): {'bw': 13}, ((4, 5), (3, 13)): {'bw': 13}}",745.0,304.0,158.0,79.0,225.0,79.0,225.0,79.0,666.0,441.0,0.4080536912751678,1741007.7452859306,710424.637002581,953.5901167819881,Success,0.0,"{'node_level': {}, 'link_level': {}, 'path_level': {}}","{'node_level': {0: {'cpu': -68}, 1: {'cpu': -65}, 2: {'cpu': -57}, 3: {'cpu': -46}, 4: {'cpu': -93}, 5: {'cpu': -66}, 6: {'cpu': -65}}, 'link_level': {(0, 3): {'bw': -147}, (0, 4): {'bw': -3}, (0, 5): {'bw': -3}, (0, 6): {'bw': -161}, (1, 3): {'bw': -122}, (1, 5): {'bw': -171}, (1, 6): {'bw': -157}, (2, 5): {'bw': -188}, (2, 6): {'bw': -183}, (3, 5): {'bw': -239}, (3, 6): {'bw': -280}, (4, 5): {'bw': -145}}, 'path_level': {(0, 3): {}, (0, 4): {}, (0, 5): {}, (0, 6): {}, (1, 3): {}, (1, 5): {}, (1, 6): {}, (2, 5): {}, (2, 6): {}, (3, 5): {}, (3, 6): {}, (4, 5): {}}}","{'node_level': {0: {'cpu': 0}, 1: {'cpu': 0}, 2: {'cpu': 0}, 3: {'cpu': 0}, 4: {'cpu': 0}, 5: {'cpu': 0}, 6: {'cpu': 0}}, 'link_level': {(0, 3): {'bw': 0}, (0, 4): {'bw': 0}, (0, 5): {'bw': 0}, (0, 6): {'bw': 0}, (1, 3): {'bw': 0}, (1, 5): {'bw': 0}, (1, 6): {'bw': 0}, (2, 5): {'bw': 0}, (2, 6): {'bw': 0}, (3, 5): {'bw': 0}, (3, 6): {'bw': 0}, (4, 5): {'bw': 0}}, 'path_level': {(0, 3): {}, (0, 4): {}, (0, 5): {}, (0, 6): {}, (1, 3): {}, (1, 5): {}, (1, 6): {}, (2, 5): {}, (2, 6): {}, (3, 5): {}, (3, 6): {}, (4, 5): {}}}",[],-inf,-inf,True,True,False,0,[],0,0.0,7.0,12.0
21,17,11,5391.0,12583.0,3309385.6390901306,7989541.624067998,0.42843519033616784,0.4142147065259429,34,30,1,524.0,10412,2196,8216,0.22347949080622342,0.4398691028088355,20,687.6741398124225,524.0,8,16,True,"{0: np.int64(26), 1: np.int64(30), 2: np.int64(2), 3: np.int64(3), 4: np.int64(32), 5: np.int64(5), 6: np.int64(28), 7: np.int64(29)}","{(0, 2): [(np.int64(26), 23), (23, 21), (21, 2)], (0, 3): [(np.int64(26), 23), (23, 21), (21, 3)], (0, 4): [(np.int64(26), 23), (23, 20), (20, 1), (1, 28), (28, 30), (30, 32)], (0, 6): [(np.int64(26), 23), (23, 20), (20, 0), (0, 28)], (0, 7): [(np.int64(26), 23), (23, 21), (21, 2), (2, 29)], (1, 2): [(np.int64(30), 29), (29, 2)], (1, 3): [(np.int64(30), 29), (29, 3)], (1, 4): [(np.int64(30), 32)], (1, 5): [(np.int64(30), 29), (29, 2), (2, 5)], (1, 6): [(np.int64(30), 28)], (1, 7): [(np.int64(30), 29)], (2, 5): [(np.int64(2), 5)], (2, 6): [(np.int64(2), 29), (29, 30), (30, 28)], (2, 7): [(np.int64(2), 21), (21, 3), (3, 29)], (3, 6): [(np.int64(3), 29), (29, 30), (30, 28)], (4, 6): [(np.int64(32), 30), (30, 28)]}","{(0, np.int64(26)): {'cpu': 12}, (1, np.int64(30)): {'cpu': 9}, (2, np.int64(2)): {'cpu': 0}, (3, np.int64(3)): {'cpu': 9}, (4, np.int64(32)): {'cpu': 18}, (5, np.int64(5)): {'cpu': 7}, (6, np.int64(28)): {'cpu': 4}, (7, np.int64(29)): {'cpu': 2}}","{((0, 2), (np.int64(26), 23)): {'bw': 23}, ((0, 2), (23, 21)): {'bw': 23}, ((0, 2), (21, 2)): {'bw': 23}, ((0, 3), (np.int64(26), 23)): {'bw': 32}, ((0, 3), (23, 21)): {'bw': 32}, ((0, 3), (21, 3)): {'bw': 32}, ((0, 4), (np.int64(26), 23)): {'bw': 44}, ((0, 4), (23, 20)): {'bw': 44}, ((0, 4), (20, 1)): {'bw': 44}, ((0, 4), (1, 28)): {'bw': 44}, ((0, 4), (28, 30)): {'bw': 44}, ((0, 4), (30, 32)): {'bw': 44}, ((0, 6), (np.int64(26), 23)): {'bw': 2}, ((0, 6), (23, 20)): {'bw': 2}, ((0, 6), (20, 0)): {'bw': 2}, ((0, 6), (0, 28)): {'bw': 2}, ((0, 7), (np.int64(26), 23)): {'bw': 48}, ((0, 7), (23, 21)): {'bw': 48}, ((0, 7), (21, 2)): {'bw': 48}, ((0, 7), (2, 29)): {'bw': 48}, ((1, 2), (np.int64(30), 29)): {'bw': 3}, ((1, 2), (29, 2)): {'bw': 3}, ((1, 3), (np.int64(30), 29)): {'bw': 14}, ((1, 3), (29, 3)): {'bw': 14}, ((1, 4), (np.int64(30), 32)): {'bw': 43}, ((1, 5), (np.int64(30), 29)): {'bw': 41}, ((1, 5), (29, 2)): {'bw': 41}, ((1, 5), (2, 5)): {'bw': 41}, ((1, 6), (np.int64(30), 28)): {'bw': 3}, ((1, 7), (np.int64(30), 29)): {'bw': 27}, ((2, 5), (np.int64(2), 5)): {'bw': 48}, ((2, 6), (np.int64(2), 29)): {'bw': 27}, ((2, 6), (29, 30)): {'bw': 27}, ((2, 6), (30, 28)): {'bw': 27}, ((2, 7), (np.int64(2), 21)): {'bw': 46}, ((2, 7), (21, 3)): {'bw': 46}, ((2, 7), (3, 29)): {'bw': 46}, ((3, 6), (np.int64(3), 29)): {'bw': 33}, ((3, 6), (29, 30)): {'bw': 33}, ((3, 6), (30, 28)): {'bw': 33}, ((4, 6), (np.int64(32), 30)): {'bw': 41}, ((4, 6), (30, 28)): {'bw': 41}}",1368.0,536.0,122.0,61.0,475.0,61.0,475.0,61.0,1307.0,832.0,0.391812865497076,940738.223263394,368593.3389394584,269.43957524814215,Success,0.0,"{'node_level': {}, 'link_level': {}, 'path_level': {}}","{'node_level': {0: {'cpu': -50}, 1: {'cpu': -64}, 2: {'cpu': -31}, 3: {'cpu': -56}, 4: {'cpu': -54}, 5: {'cpu': -45}, 6: {'cpu': -79}, 7: {'cpu': -37}}, 'link_level': {(0, 2): {'bw': -150}, (0, 3): {'bw': -118}, (0, 4): {'bw': -74}, (0, 6): {'bw': -28}, (0, 7): {'bw': -24}, (1, 2): {'bw': -111}, (1, 3): {'bw': -254}, (1, 4): {'bw': -186}, (1, 5): {'bw': -70}, (1, 6): {'bw': -190}, (1, 7): {'bw': -186}, (2, 5): {'bw': -33}, (2, 6): {'bw': -43}, (2, 7): {'bw': -58}, (3, 6): {'bw': -126}, (4, 6): {'bw': -89}}, 'path_level': {(0, 2): {}, (0, 3): {}, (0, 4): {}, (0, 6): {}, (0, 7): {}, (1, 2): {}, (1, 3): {}, (1, 4): {}, (1, 5): {}, (1, 6): {}, (1, 7): {}, (2, 5): {}, (2, 6): {}, (2, 7): {}, (3, 6): {}, (4, 6): {}}}","{'node_level': {0: {'cpu': 0}, 1: {'cpu': 0}, 2: {'cpu': 0}, 3: {'cpu': 0}, 4: {'cpu': 0}, 5: {'cpu': 0}, 6: {'cpu': 0}, 7: {'cpu': 0}}, 'link_level': {(0, 2): {'bw': 0}, (0, 3): {'bw': 0}, (0, 4): {'bw': 0}, (0, 6): {'bw': 0}, (0, 7): {'bw': 0}, (1, 2): {'bw': 0}, (1, 3): {'bw': 0}, (1, 4): {'bw': 0}, (1, 5): {'bw': 0}, (1, 6): {'bw': 0}, (1, 7): {'bw': 0}, (2, 5): {'bw': 0}, (2, 6): {'bw': 0}, (2, 7): {'bw': 0}, (3, 6): {'bw': 0}, (4, 6): {'bw': 0}}, 'path_level': {(0, 2): {}, (0, 3): {}, (0, 4): {}, (0, 6): {}, (0, 7): {}, (1, 2): {}, (1, 3): {}, (1, 4): {}, (1, 5): {}, (1, 6): {}, (1, 7): {}, (2, 5): {}, (2, 6): {}, (2, 7): {}, (3, 6): {}, (4, 6): {}}}",[],-inf,-inf,True,True,False,0,[],0,0.0,8.0,16.0
22,18,12,5868.0,13822.0,3330285.433004498,8043828.510147455,0.42454058746925194,0.41401745808022566,34,31,1,555.0,9173,2130,7043,0.24681753889674685,0.5198391055358604,21,43.81508158148299,555.0,8,16,True,"{0: np.int64(3), 1: np.int64(23), 2: np.int64(27), 3: np.int64(14), 4: np.int64(0), 5: np.int64(28), 6: np.int64(21), 7: np.int64(25)}","{(0, 1): [(np.int64(3), 21), (21, 23)], (0, 2): [(np.int64(3), 21), (21, 23), (23, 27)], (0, 4): [(np.int64(3), 13), (13, 14), (14, 12), (12, 0)], (0, 5): [(np.int64(3), 29), (29, 30), (30, 28)], (0, 6): [(np.int64(3), 21)], (0, 7): [(np.int64(3), 21), (21, 22), (22, 25)], (1, 2): [(np.int64(23), 27)], (1, 3): [(np.int64(23), 20), (20, 0), (0, 12), (12, 14)], (1, 5): [(np.int64(23), 20), (20, 1), (1, 28)], (1, 6): [(np.int64(23), 21)], (2, 6): [(np.int64(27), 23), (23, 21)], (2, 7): [(np.int64(27), 23), (23, 20), (20, 22), (22, 25)], (3, 6): [(np.int64(14), 13), (13, 3), (3, 21)], (4, 5): [(np.int64(0), 12), (12, 1), (1, 28)], (4, 6): [(np.int64(0), 20), (20, 22), (22, 21)], (4, 7): [(np.int64(0), 20), (20, 22), (22, 25)]}","{(0, np.int64(3)): {'cpu': 2}, (1, np.int64(23)): {'cpu': 17}, (2, np.int64(27)): {'cpu': 11}, (3, np.int64(14)): {'cpu': 8}, (4, np.int64(0)): {'cpu': 4}, (5, np.int64(28)): {'cpu': 10}, (6, np.int64(21)): {'cpu': 7}, (7, np.int64(25)): {'cpu': 7}}","{((0, 1), (np.int64(3), 21)): {'bw': 33}, ((0, 1), (21, 23)): {'bw': 33}, ((0, 2), (np.int64(3), 21)): {'bw': 36}, ((0, 2), (21, 23)): {'bw': 36}, ((0, 2), (23, 27)): {'bw': 36}, ((0, 4), (np.int64(3), 13)): {'bw': 36}, ((0, 4), (13, 14)): {'bw': 36}, ((0, 4), (14, 12)): {'bw': 36}, ((0, 4), (12, 0)): {'bw': 36}, ((0, 5), (np.int64(3), 29)): {'bw': 42}, ((0, 5), (29, 30)): {'bw': 42}, ((0, 5), (30, 28)): {'bw': 42}, ((0, 6), (np.int64(3), 21)): {'bw': 31}, ((0, 7), (np.int64(3), 21)): {'bw': 12}, ((0, 7), (21, 22)): {'bw': 12}, ((0, 7), (22, 25)): {'bw': 12}, ((1, 2), (np.int64(23), 27)): {'bw': 15}, ((1, 3), (np.int64(23), 20)): {'bw': 0}, ((1, 3), (20, 0)): {'bw': 0}, ((1, 3), (0, 12)): {'bw': 0}, ((1, 3), (12, 14)): {'bw': 0}, ((1, 5), (np.int64(23), 20)): {'bw': 30}, ((1, 5), (20, 1)): {'bw': 30}, ((1, 5), (1, 28)): {'bw': 30}, ((1, 6), (np.int64(23), 21)): {'bw': 0}, ((2, 6), (np.int64(27), 23)): {'bw': 19}, ((2, 6), (23, 21)): {'bw': 19}, ((2, 7), (np.int64(27), 23)): {'bw': 48}, ((2, 7), (23, 20)): {'bw': 48}, ((2, 7), (20, 22)): {'bw': 48}, ((2, 7), (22, 25)): {'bw': 48}, ((3, 6), (np.int64(14), 13)): {'bw': 22}, ((3, 6), (13, 3)): {'bw': 22}, ((3, 6), (3, 21)): {'bw': 22}, ((4, 5), (np.int64(0), 12)): {'bw': 39}, ((4, 5), (12, 1)): {'bw': 39}, ((4, 5), (1, 28)): {'bw': 39}, ((4, 6), (np.int64(0), 20)): {'bw': 12}, ((4, 6), (20, 22)): {'bw': 12}, ((4, 6), (22, 21)): {'bw': 12}, ((4, 7), (np.int64(0), 20)): {'bw': 36}, ((4, 7), (20, 22)): {'bw': 36}, ((4, 7), (22, 25)): {'bw': 36}}",1239.0,477.0,132.0,66.0,411.0,66.0,411.0,66.0,1173.0,762.0,0.38498789346246975,54286.88607945743,20899.793914367387,16.868275959941396,Success,0.0,"{'node_level': {}, 'link_level': {}, 'path_level': {}}","{'node_level': {0: {'cpu': -54}, 1: {'cpu': -71}, 2: {'cpu': -37}, 3: {'cpu': -62}, 4: {'cpu': -92}, 5: {'cpu': -69}, 6: {'cpu': -39}, 7: {'cpu': -86}}, 'link_level': {(0, 1): {'bw': -150}, (0, 2): {'bw': -114}, (0, 4): {'bw': -123}, (0, 5): {'bw': -47}, (0, 6): {'bw': -89}, (0, 7): {'bw': -77}, (1, 2): {'bw': -187}, (1, 3): {'bw': -123}, (1, 5): {'bw': -104}, (1, 6): {'bw': -114}, (2, 6): {'bw': -95}, (2, 7): {'bw': -56}, (3, 6): {'bw': -55}, (4, 5): {'bw': -42}, (4, 6): {'bw': -121}, (4, 7): {'bw': -116}}, 'path_level': {(0, 1): {}, (0, 2): {}, (0, 4): {}, (0, 5): {}, (0, 6): {}, (0, 7): {}, (1, 2): {}, (1, 3): {}, (1, 5): {}, (1, 6): {}, (2, 6): {}, (2, 7): {}, (3, 6): {}, (4, 5): {}, (4, 6): {}, (4, 7): {}}}","{'node_level': {0: {'cpu': 0}, 1: {'cpu': 0}, 2: {'cpu': 0}, 3: {'cpu': 0}, 4: {'cpu': 0}, 5: {'cpu': 0}, 6: {'cpu': 0}, 7: {'cpu': 0}}, 'link_level': {(0, 1): {'bw': 0}, (0, 2): {'bw': 0}, (0, 4): {'bw': 0}, (0, 5): {'bw': 0}, (0, 6): {'bw': 0}, (0, 7): {'bw': 0}, (1, 2): {'bw': 0}, (1, 3): {'bw': 0}, (1, 5): {'bw': 0}, (1, 6): {'bw': 0}, (2, 6): {'bw': 0}, (2, 7): {'bw': 0}, (3, 6): {'bw': 0}, (4, 5): {'bw': 0}, (4, 6): {'bw': 0}, (4, 7): {'bw': 0}}, 'path_level': {(0, 1): {}, (0, 2): {}, (0, 4): {}, (0, 5): {}, (0, 6): {}, (0, 7): {}, (1, 2): {}, (1, 3): {}, (1, 5): {}, (1, 6): {}, (2, 6): {}, (2, 7): {}, (3, 6): {}, (4, 5): {}, (4, 6): {}, (4, 7): {}}}",[],-inf,-inf,True,True,False,0,[],0,0.0,8.0,16.0
23,18,12,5868.0,13822.0,3330285.433004498,8043828.510147455,0.42454058746925194,0.41401745808022566,34,32,1,575.0,9173,2130,7043,0.24681753889674685,0.5198391055358604,22,477.7263414936632,575.0,10,22,False,"{0: np.int64(19), 1: np.int64(28), 2: np.int64(33), 3: np.int64(30), 4: np.int64(24), 5: np.int64(32), 6: np.int64(7), 7: np.int64(13), 8: np.int64(26), 9: np.int64(12)}","{(0, 1): [(np.int64(19), 15), (15, 12), (12, 0), (0, 28)], (0, 4): [(np.int64(19), 15), (15, 12), (12, 0), (0, 20), (20, 22), (22, 24)], (0, 7): [(np.int64(19), 15), (15, 13)], (1, 4): [(np.int64(28), 1), (1, 20), (20, 22), (22, 24)], (1, 5): [(np.int64(28), 30), (30, 32)], (1, 6): [(np.int64(28), 1), (1, 4), (4, 7)], (1, 8): [(np.int64(28), 0), (0, 20), (20, 23), (23, 26)], (1, 9): [(np.int64(28), 1), (1, 12)], (2, 3): [(np.int64(33), 30)], (2, 7): [(np.int64(33), 30), (30, 29), (29, 3), (3, 13)], (2, 8): []}","{(0, np.int64(19)): {'cpu': 5}, (1, np.int64(28)): {'cpu': 4}, (2, np.int64(33)): {'cpu': 11}, (3, np.int64(30)): {'cpu': 11}, (4, np.int64(24)): {'cpu': 15}, (5, np.int64(32)): {'cpu': 19}, (6, np.int64(7)): {'cpu': 1}, (7, np.int64(13)): {'cpu': 12}, (8, np.int64(26)): {'cpu': 6}, (9, np.int64(12)): {'cpu': 4}}","{((0, 1), (np.int64(19), 15)): {'bw': 22}, ((0, 1), (15, 12)): {'bw': 22}, ((0, 1), (12, 0)): {'bw': 22}, ((0, 1), (0, 28)): {'bw': 22}, ((0, 4), (np.int64(19), 15)): {'bw': 2}, ((0, 4), (15, 12)): {'bw': 2}, ((0, 4), (12, 0)): {'bw': 2}, ((0, 4), (0, 20)): {'bw': 2}, ((0, 4), (20, 22)): {'bw': 2}, ((0, 4), (22, 24)): {'bw': 2}, ((0, 7), (np.int64(19), 15)): {'bw': 6}, ((0, 7), (15, 13)): {'bw': 6}, ((1, 4), (np.int64(28), 1)): {'bw': 44}, ((1, 4), (1, 20)): {'bw': 44}, ((1, 4), (20, 22)): {'bw': 44}, ((1, 4), (22, 24)): {'bw': 44}, ((1, 5), (np.int64(28), 30)): {'bw': 36}, ((1, 5), (30, 32)): {'bw': 36}, ((1, 6), (np.int64(28), 1)): {'bw': 46}, ((1, 6), (1, 4)): {'bw': 46}, ((1, 6), (4, 7)): {'bw': 46}, ((1, 8), (np.int64(28), 0)): {'bw': 2}, ((1, 8), (0, 20)): {'bw': 2}, ((1, 8), (20, 23)): {'bw': 2}, ((1, 8), (23, 26)): {'bw': 2}, ((1, 9), (np.int64(28), 1)): {'bw': 37}, ((1, 9), (1, 12)): {'bw': 37}, ((2, 3), (np.int64(33), 30)): {'bw': 48}, ((2, 7), (np.int64(33), 30)): {'bw': 15}, ((2, 7), (30, 29)): {'bw': 15}, ((2, 7), (29, 3)): {'bw': 15}, ((2, 7), (3, 13)): {'bw': 15}}",0.0,0.0,176.0,88.0,497.0,0.0,0.0,0.0,0.0,0.0,0.0,0.0,0.0,0.0,Route Failure,100.0,"{'node_level': {}, 'link_level': {}, 'path_level': {}}","{'node_level': {0: {'cpu': -54}, 1: {'cpu': -65}, 2: {'cpu': -81}, 3: {'cpu': -53}, 4: {'cpu': -37}, 5: {'cpu': -35}, 6: {'cpu': -58}, 7: {'cpu': -54}, 8: {'cpu': -44}, 9: {'cpu': -33}}, 'link_level': {(0, 1): {'bw': -6}, (0, 4): {'bw': -60}, (0, 7): {'bw': -217}, (1, 4): {'bw': -70}, (1, 5): {'bw': -11}, (1, 6): {'bw': -63}, (1, 8): {'bw': -4}, (1, 9): {'bw': -5}, (2, 3): {'bw': -160}, (2, 7): {'bw': -69}, (2, 8): {'bw': 100.0}}, 'path_level': {(0, 1): {}, (0, 4): {}, (0, 7): {}, (1, 4): {}, (1, 5): {}, (1, 6): {}, (1, 8): {}, (1, 9): {}, (2, 3): {}, (2, 7): {}, (2, 8): {}}}","{'node_level': {0: {'cpu': 0}, 1: {'cpu': 0}, 2: {'cpu': 0}, 3: {'cpu': 0}, 4: {'cpu': 0}, 5: {'cpu': 0}, 6: {'cpu': 0}, 7: {'cpu': 0}, 8: {'cpu': 0}, 9: {'cpu': 0}}, 'link_level': {(0, 1): {'bw': 0}, (0, 4): {'bw': 0}, (0, 7): {'bw': 0}, (1, 4): {'bw': 0}, (1, 5): {'bw': 0}, (1, 6): {'bw': 0}, (1, 8): {'bw': 0}, (1, 9): {'bw': 0}, (2, 3): {'bw': 0}, (2, 7): {'bw': 0}, (2, 8): {'bw': 100.0}}, 'path_level': {(0, 1): {}, (0, 4): {}, (0, 7): {}, (1, 4): {}, (1, 5): {}, (1, 6): {}, (1, 8): {}, (1, 9): {}, (2, 3): {}, (2, 7): {}, (2, 8): {}}}",[],-inf,-inf,True,False,False,0,[],0,0.0,10.0,11.0
23,18,11,5868.0,13822.0,3330285.433004498,8043828.510147455,0.42454058746925194,0.41401745808022566,34,33,0,579.5501500551208,9364,2165,7199,0.23444130127298446,0.5092037087537497,12,250.55015005512072,329.0,4,3,False,{},{},{},{},0.0,0.0,0.0,0.0,0.0,0.0,0.0,0.0,0.0,0.0,0.0,0.0,0.0,0.0,Leave Event,0.0,"{'node_level': {}, 'link_level': {}, 'path_level': {}}","{'node_level': {}, 'link_level': {}, 'path_level': {}}","{'node_level': {}, 'link_level': {}, 'path_level': {}}",[],-inf,-inf,True,True,False,0,[],0,0.0,,
24,19,12,6015.0,14132.0,3346249.6475684494,8077494.54086055,0.42562977639399946,0.4142682648241011,34,34,1,592.0,9054,2142,6912,0.24257425742574257,0.5287701118080175,23,108.60009907449884,592.0,4,4,True,"{0: np.int64(13), 1: np.int64(6), 2: np.int64(14), 3: np.int64(5)}","{(0, 2): [(np.int64(13), 14)], (0, 3): [(np.int64(13), 3), (3, 5)], (1, 2): [(np.int64(6), 5), (5, 3), (3, 13), (13, 14)], (1, 3): [(np.int64(6), 5)]}","{(0, np.int64(13)): {'cpu': 11}, (1, np.int64(6)): {'cpu': 5}, (2, np.int64(14)): {'cpu': 7}, (3, np.int64(5)): {'cpu': 0}}","{((0, 2), (np.int64(13), 14)): {'bw': 48}, ((0, 3), (np.int64(13), 3)): {'bw': 28}, ((0, 3), (3, 5)): {'bw': 28}, ((1, 2), (np.int64(6), 5)): {'bw': 45}, ((1, 2), (5, 3)): {'bw': 45}, ((1, 2), (3, 13)): {'bw': 45}, ((1, 2), (13, 14)): {'bw': 45}, ((1, 3), (np.int64(6), 5)): {'bw': 3}}",310.0,147.0,46.0,23.0,124.0,23.0,124.0,23.0,287.0,163.0,0.47419354838709676,33666.03071309464,15964.21456395133,51.49746633532687,Success,0.0,"{'node_level': {}, 'link_level': {}, 'path_level': {}}","{'node_level': {0: {'cpu': -55}, 1: {'cpu': -52}, 2: {'cpu': -55}, 3: {'cpu': -45}}, 'link_level': {(0, 2): {'bw': -59}, (0, 3): {'bw': -140}, (1, 2): {'bw': -14}, (1, 3): {'bw': -135}}, 'path_level': {(0, 2): {}, (0, 3): {}, (1, 2): {}, (1, 3): {}}}","{'node_level': {0: {'cpu': 0}, 1: {'cpu': 0}, 2: {'cpu': 0}, 3: {'cpu': 0}}, 'link_level': {(0, 2): {'bw': 0}, (0, 3): {'bw': 0}, (1, 2): {'bw': 0}, (1, 3): {'bw': 0}}, 'path_level': {(0, 2): {}, (0, 3): {}, (1, 2): {}, (1, 3): {}}}",[],-inf,-inf,True,True,False,0,[],0,0.0,4.0,4.0
24,19,11,6015.0,14132.0,3346249.6475684494,8077494.54086055,0.42562977639399946,0.4142682648241011,34,35,0,598.815081581483,10293,2208,8085,0.21923620933521926,0.44880010908099266,21,43.81508158148299,555.0,8,16,False,{},{},{},{},0.0,0.0,0.0,0.0,0.0,0.0,0.0,0.0,0.0,0.0,0.0,0.0,0.0,0.0,Leave Event,0.0,"{'node_level': {}, 'link_level': {}, 'path_level': {}}","{'node_level': {}, 'link_level': {}, 'path_level': {}}","{'node_level': {}, 'link_level': {}, 'path_level': {}}",[],-inf,-inf,True,True,False,0,[],0,0.0,,
24,19,10,6015.0,14132.0,3346249.6475684494,8077494.54086055,0.42562977639399946,0.4142682648241011,34,36,0,612.031302057839,11742,2303,9439,0.1856435643564357,0.3564903190619034,17,180.03130205783893,432.0,9,20,False,{},{},{},{},0.0,0.0,0.0,0.0,0.0,0.0,0.0,0.0,0.0,0.0,0.0,0.0,0.0,0.0,Leave Event,0.0,"{'node_level': {}, 'link_level': {}, 'path_level': {}}","{'node_level': {}, 'link_level': {}, 'path_level': {}}","{'node_level': {}, 'link_level': {}, 'path_level': {}}",[],-inf,-inf,True,True,False,0,[],0,0.0,,
25,20,11,6439.0,15139.0,3447878.693099774,8318863.523997445,0.42532531871325713,0.41446511090771837,34,37,1,615.0,10735,2239,8496,0.20827439886845822,0.42077992909735473,24,239.69114512104818,615.0,7,12,True,"{0: np.int64(28), 1: np.int64(19), 2: np.int64(22), 3: np.int64(12), 4: np.int64(2), 5: np.int64(20), 6: np.int64(17)}","{(0, 1): [(np.int64(28), 0), (0, 12), (12, 15), (15, 19)], (0, 2): [(np.int64(28), 0), (0, 20), (20, 22)], (0, 3): [(np.int64(28), 0), (0, 12)], (0, 5): [(np.int64(28), 1), (1, 20)], (1, 2): [(np.int64(19), 15), (15, 12), (12, 0), (0, 20), (20, 22)], (1, 4): [(np.int64(19), 15), (15, 13), (13, 2)], (2, 3): [(np.int64(22), 20), (20, 0), (0, 12)], (2, 4): [(np.int64(22), 21), (21, 2)], (2, 5): [(np.int64(22), 20)], (3, 6): [(np.int64(12), 14), (14, 17)], (4, 6): [(np.int64(2), 13), (13, 14), (14, 17)], (5, 6): [(np.int64(20), 0), (0, 12), (12, 14), (14, 17)]}","{(0, np.int64(28)): {'cpu': 1}, (1, np.int64(19)): {'cpu': 14}, (2, np.int64(22)): {'cpu': 6}, (3, np.int64(12)): {'cpu': 5}, (4, np.int64(2)): {'cpu': 5}, (5, np.int64(20)): {'cpu': 20}, (6, np.int64(17)): {'cpu': 13}}","{((0, 1), (np.int64(28), 0)): {'bw': 19}, ((0, 1), (0, 12)): {'bw': 19}, ((0, 1), (12, 15)): {'bw': 19}, ((0, 1), (15, 19)): {'bw': 19}, ((0, 2), (np.int64(28), 0)): {'bw': 39}, ((0, 2), (0, 20)): {'bw': 39}, ((0, 2), (20, 22)): {'bw': 39}, ((0, 3), (np.int64(28), 0)): {'bw': 33}, ((0, 3), (0, 12)): {'bw': 33}, ((0, 5), (np.int64(28), 1)): {'bw': 47}, ((0, 5), (1, 20)): {'bw': 47}, ((1, 2), (np.int64(19), 15)): {'bw': 18}, ((1, 2), (15, 12)): {'bw': 18}, ((1, 2), (12, 0)): {'bw': 18}, ((1, 2), (0, 20)): {'bw': 18}, ((1, 2), (20, 22)): {'bw': 18}, ((1, 4), (np.int64(19), 15)): {'bw': 29}, ((1, 4), (15, 13)): {'bw': 29}, ((1, 4), (13, 2)): {'bw': 29}, ((2, 3), (np.int64(22), 20)): {'bw': 50}, ((2, 3), (20, 0)): {'bw': 50}, ((2, 3), (0, 12)): {'bw': 50}, ((2, 4), (np.int64(22), 21)): {'bw': 26}, ((2, 4), (21, 2)): {'bw': 26}, ((2, 5), (np.int64(22), 20)): {'bw': 34}, ((3, 6), (np.int64(12), 14)): {'bw': 35}, ((3, 6), (14, 17)): {'bw': 35}, ((4, 6), (np.int64(2), 13)): {'bw': 13}, ((4, 6), (13, 14)): {'bw': 13}, ((4, 6), (14, 17)): {'bw': 13}, ((5, 6), (np.int64(20), 0)): {'bw': 17}, ((5, 6), (0, 12)): {'bw': 17}, ((5, 6), (12, 14)): {'bw': 17}, ((5, 6), (14, 17)): {'bw': 17}}",1007.0,424.0,128.0,64.0,360.0,64.0,360.0,64.0,943.0,583.0,0.42105263157894735,241368.98313689552,101629.04553132443,100.9225874193887,Success,0.0,"{'node_level': {}, 'link_level': {}, 'path_level': {}}","{'node_level': {0: {'cpu': -78}, 1: {'cpu': -45}, 2: {'cpu': -68}, 3: {'cpu': -44}, 4: {'cpu': -26}, 5: {'cpu': -21}, 6: {'cpu': -40}}, 'link_level': {(0, 1): {'bw': -112}, (0, 2): {'bw': -73}, (0, 3): {'bw': -40}, (0, 5): {'bw': -137}, (1, 2): {'bw': -121}, (1, 4): {'bw': -71}, (2, 3): {'bw': -71}, (2, 4): {'bw': -71}, (2, 5): {'bw': -110}, (3, 6): {'bw': -215}, (4, 6): {'bw': -58}, (5, 6): {'bw': -54}}, 'path_level': {(0, 1): {}, (0, 2): {}, (0, 3): {}, (0, 5): {}, (1, 2): {}, (1, 4): {}, (2, 3): {}, (2, 4): {}, (2, 5): {}, (3, 6): {}, (4, 6): {}, (5, 6): {}}}","{'node_level': {0: {'cpu': 0}, 1: {'cpu': 0}, 2: {'cpu': 0}, 3: {'cpu': 0}, 4: {'cpu': 0}, 5: {'cpu': 0}, 6: {'cpu': 0}}, 'link_level': {(0, 1): {'bw': 0}, (0, 2): {'bw': 0}, (0, 3): {'bw': 0}, (0, 5): {'bw': 0}, (1, 2): {'bw': 0}, (1, 4): {'bw': 0}, (2, 3): {'bw': 0}, (2, 4): {'bw': 0}, (2, 5): {'bw': 0}, (3, 6): {'bw': 0}, (4, 6): {'bw': 0}, (5, 6): {'bw': 0}}, 'path_level': {(0, 1): {}, (0, 2): {}, (0, 3): {}, (0, 5): {}, (1, 2): {}, (1, 4): {}, (2, 3): {}, (2, 4): {}, (2, 5): {}, (3, 6): {}, (4, 6): {}, (5, 6): {}}}",[],-inf,-inf,True,True,False,0,[],0,0.0,7.0,12.0
25,20,10,6439.0,15139.0,3447878.693099774,8318863.523997445,0.42532531871325713,0.41446511090771837,34,38,0,633.2830236000383,11086,2282,8804,0.19306930693069302,0.3997818380147259,15,237.28302360003832,396.0,5,6,False,{},{},{},{},0.0,0.0,0.0,0.0,0.0,0.0,0.0,0.0,0.0,0.0,0.0,0.0,0.0,0.0,Leave Event,0.0,"{'node_level': {}, 'link_level': {}, 'path_level': {}}","{'node_level': {}, 'link_level': {}, 'path_level': {}}","{'node_level': {}, 'link_level': {}, 'path_level': {}}",[],-inf,-inf,True,True,False,0,[],0,0.0,,
26,20,10,6439.0,15139.0,3447878.693099774,8318863.523997445,0.42532531871325713,0.41446511090771837,34,39,1,642.0,11086,2282,8804,0.19306930693069302,0.3997818380147259,25,1472.8727130095679,642.0,10,26,False,"{0: np.int64(29), 1: np.int64(24), 2: np.int64(22), 3: np.int64(23), 4: np.int64(18), 5: np.int64(17), 6: np.int64(2), 7: np.int64(21), 8: np.int64(32), 9: np.int64(34)}","{(0, 5): [(np.int64(29), 2), (2, 13), (13, 14), (14, 17)], (1, 2): [(np.int64(24), 22)], (1, 3): [(np.int64(24), 22), (22, 20), (20, 23)], (1, 4): [(np.int64(24), 22), (22, 20), (20, 0), (0, 12), (12, 15), (15, 18)], (1, 5): [(np.int64(24), 22), (22, 20), (20, 0), (0, 12), (12, 14), (14, 17)], (1, 6): [(np.int64(24), 22), (22, 21), (21, 2)], (1, 7): [(np.int64(24), 22), (22, 21)], (1, 8): [(np.int64(24), 22), (22, 20), (20, 0), (0, 28), (28, 30), (30, 32)], (1, 9): [(np.int64(24), 22), (22, 20), (20, 1), (1, 28), (28, 31), (31, 34)], (2, 3): [(np.int64(22), 20), (20, 23)], (2, 4): [(np.int64(22), 21), (21, 3), (3, 13), (13, 15), (15, 18)], (2, 6): [(np.int64(22), 21), (21, 2)], (2, 9): []}","{(0, np.int64(29)): {'cpu': 14}, (1, np.int64(24)): {'cpu': 13}, (2, np.int64(22)): {'cpu': 19}, (3, np.int64(23)): {'cpu': 15}, (4, np.int64(18)): {'cpu': 3}, (5, np.int64(17)): {'cpu': 9}, (6, np.int64(2)): {'cpu': 9}, (7, np.int64(21)): {'cpu': 10}, (8, np.int64(32)): {'cpu': 8}, (9, np.int64(34)): {'cpu': 10}}","{((0, 5), (np.int64(29), 2)): {'bw': 1}, ((0, 5), (2, 13)): {'bw': 1}, ((0, 5), (13, 14)): {'bw': 1}, ((0, 5), (14, 17)): {'bw': 1}, ((1, 2), (np.int64(24), 22)): {'bw': 46}, ((1, 3), (np.int64(24), 22)): {'bw': 6}, ((1, 3), (22, 20)): {'bw': 6}, ((1, 3), (20, 23)): {'bw': 6}, ((1, 4), (np.int64(24), 22)): {'bw': 23}, ((1, 4), (22, 20)): {'bw': 23}, ((1, 4), (20, 0)): {'bw': 23}, ((1, 4), (0, 12)): {'bw': 23}, ((1, 4), (12, 15)): {'bw': 23}, ((1, 4), (15, 18)): {'bw': 23}, ((1, 5), (np.int64(24), 22)): {'bw': 0}, ((1, 5), (22, 20)): {'bw': 0}, ((1, 5), (20, 0)): {'bw': 0}, ((1, 5), (0, 12)): {'bw': 0}, ((1, 5), (12, 14)): {'bw': 0}, ((1, 5), (14, 17)): {'bw': 0}, ((1, 6), (np.int64(24), 22)): {'bw': 49}, ((1, 6), (22, 21)): {'bw': 49}, ((1, 6), (21, 2)): {'bw': 49}, ((1, 7), (np.int64(24), 22)): {'bw': 19}, ((1, 7), (22, 21)): {'bw': 19}, ((1, 8), (np.int64(24), 22)): {'bw': 33}, ((1, 8), (22, 20)): {'bw': 33}, ((1, 8), (20, 0)): {'bw': 33}, ((1, 8), (0, 28)): {'bw': 33}, ((1, 8), (28, 30)): {'bw': 33}, ((1, 8), (30, 32)): {'bw': 33}, ((1, 9), (np.int64(24), 22)): {'bw': 18}, ((1, 9), (22, 20)): {'bw': 18}, ((1, 9), (20, 1)): {'bw': 18}, ((1, 9), (1, 28)): {'bw': 18}, ((1, 9), (28, 31)): {'bw': 18}, ((1, 9), (31, 34)): {'bw': 18}, ((2, 3), (np.int64(22), 20)): {'bw': 50}, ((2, 3), (20, 23)): {'bw': 50}, ((2, 4), (np.int64(22), 21)): {'bw': 50}, ((2, 4), (21, 3)): {'bw': 50}, ((2, 4), (3, 13)): {'bw': 50}, ((2, 4), (13, 15)): {'bw': 50}, ((2, 4), (15, 18)): {'bw': 50}, ((2, 6), (np.int64(22), 21)): {'bw': 13}, ((2, 6), (21, 2)): {'bw': 13}}",0.0,0.0,220.0,110.0,575.0,0.0,0.0,0.0,0.0,0.0,0.0,0.0,0.0,0.0,Route Failure,100.0,"{'node_level': {}, 'link_level': {}, 'path_level': {}}","{'node_level': {0: {'cpu': -36}, 1: {'cpu': -39}, 2: {'cpu': -49}, 3: {'cpu': -73}, 4: {'cpu': -37}, 5: {'cpu': -31}, 6: {'cpu': -24}, 7: {'cpu': -36}, 8: {'cpu': -46}, 9: {'cpu': -69}}, 'link_level': {(0, 5): {'bw': -57}, (1, 2): {'bw': -226}, (1, 3): {'bw': -128}, (1, 4): {'bw': -108}, (1, 5): {'bw': -108}, (1, 6): {'bw': -22}, (1, 7): {'bw': -90}, (1, 8): {'bw': -7}, (1, 9): {'bw': -59}, (2, 3): {'bw': -9}, (2, 4): {'bw': -40}, (2, 6): {'bw': -9}, (2, 9): {'bw': 100.0}}, 'path_level': {(0, 5): {}, (1, 2): {}, (1, 3): {}, (1, 4): {}, (1, 5): {}, (1, 6): {}, (1, 7): {}, (1, 8): {}, (1, 9): {}, (2, 3): {}, (2, 4): {}, (2, 6): {}, (2, 9): {}}}","{'node_level': {0: {'cpu': 0}, 1: {'cpu': 0}, 2: {'cpu': 0}, 3: {'cpu': 0}, 4: {'cpu': 0}, 5: {'cpu': 0}, 6: {'cpu': 0}, 7: {'cpu': 0}, 8: {'cpu': 0}, 9: {'cpu': 0}}, 'link_level': {(0, 5): {'bw': 0}, (1, 2): {'bw': 0}, (1, 3): {'bw': 0}, (1, 4): {'bw': 0}, (1, 5): {'bw': 0}, (1, 6): {'bw': 0}, (1, 7): {'bw': 0}, (1, 8): {'bw': 0}, (1, 9): {'bw': 0}, (2, 3): {'bw': 0}, (2, 4): {'bw': 0}, (2, 6): {'bw': 0}, (2, 9): {'bw': 100.0}}, 'path_level': {(0, 5): {}, (1, 2): {}, (1, 3): {}, (1, 4): {}, (1, 5): {}, (1, 6): {}, (1, 7): {}, (1, 8): {}, (1, 9): {}, (2, 3): {}, (2, 4): {}, (2, 6): {}, (2, 9): {}}}",[],-inf,-inf,True,False,False,0,[],0,0.0,10.0,13.0
27,21,11,6542.0,15334.0,3461699.94263012,8345029.967283051,0.4266336246250163,0.4148217509346068,34,40,1,653.0,10891,2246,8645,0.20579915134370574,0.4106217616580311,26,134.18688864413906,653.0,3,2,True,"{0: np.int64(25), 1: np.int64(23), 2: np.int64(21)}","{(0, 1): [(np.int64(25), 22), (22, 20), (20, 23)], (0, 2): [(np.int64(25), 22), (22, 21)]}","{(0, np.int64(25)): {'cpu': 10}, (1, np.int64(23)): {'cpu': 8}, (2, np.int64(21)): {'cpu': 18}}","{((0, 1), (np.int64(25), 22)): {'bw': 25}, ((0, 1), (22, 20)): {'bw': 25}, ((0, 1), (20, 23)): {'bw': 25}, ((0, 2), (np.int64(25), 22)): {'bw': 42}, ((0, 2), (22, 21)): {'bw': 42}}",195.0,103.0,72.0,36.0,67.0,36.0,67.0,36.0,159.0,92.0,0.5282051282051282,26166.443285607118,13821.249530346324,70.87820271972474,Success,0.0,"{'node_level': {}, 'link_level': {}, 'path_level': {}}","{'node_level': {0: {'cpu': -84}, 1: {'cpu': -80}, 2: {'cpu': -28}}, 'link_level': {(0, 1): {'bw': -109}, (0, 2): {'bw': -116}}, 'path_level': {(0, 1): {}, (0, 2): {}}}","{'node_level': {0: {'cpu': 0}, 1: {'cpu': 0}, 2: {'cpu': 0}}, 'link_level': {(0, 1): {'bw': 0}, (0, 2): {'bw': 0}}, 'path_level': {(0, 1): {}, (0, 2): {}}}",[],-inf,-inf,True,True,False,0,[],0,0.0,3.0,2.0
27,21,10,6542.0,15334.0,3461699.94263012,8345029.967283051,0.4266336246250163,0.4148217509346068,34,41,0,665.5172947376951,10949,2274,8675,0.19589816124469595,0.4085764930460867,16,248.5172947376951,417.0,2,1,False,{},{},{},{},0.0,0.0,0.0,0.0,0.0,0.0,0.0,0.0,0.0,0.0,0.0,0.0,0.0,0.0,Leave Event,0.0,"{'node_level': {}, 'link_level': {}, 'path_level': {}}","{'node_level': {}, 'link_level': {}, 'path_level': {}}","{'node_level': {}, 'link_level': {}, 'path_level': {}}",[],-inf,-inf,True,True,False,0,[],0,0.0,,
28,22,11,6701.0,15694.0,3503077.360889803,8438714.687871013,0.42697846310691984,0.41511977717706056,35,42,1,674.0,10589,2234,8355,0.21004243281471002,0.43039269157349336,27,260.2353349665607,674.0,4,3,True,"{0: np.int64(24), 1: np.int64(21), 2: np.int64(35), 3: np.int64(28)}","{(0, 1): [(np.int64(24), 22), (22, 21)], (1, 3): [(np.int64(21), 2), (2, 29), (29, 30), (30, 28)], (2, 3): [(np.int64(35), 31), (31, 28)]}","{(0, np.int64(24)): {'cpu': 18}, (1, np.int64(21)): {'cpu': 3}, (2, np.int64(35)): {'cpu': 6}, (3, np.int64(28)): {'cpu': 13}}","{((0, 1), (np.int64(24), 22)): {'bw': 40}, ((0, 1), (22, 21)): {'bw': 40}, ((1, 3), (np.int64(21), 2)): {'bw': 41}, ((1, 3), (2, 29)): {'bw': 41}, ((1, 3), (29, 30)): {'bw': 41}, ((1, 3), (30, 28)): {'bw': 41}, ((2, 3), (np.int64(35), 31)): {'bw': 38}, ((2, 3), (31, 28)): {'bw': 38}}",360.0,159.0,80.0,40.0,119.0,40.0,119.0,40.0,320.0,201.0,0.44166666666666665,93684.72058796184,41377.41825968315,114.9372729435643,Success,0.0,"{'node_level': {}, 'link_level': {}, 'path_level': {}}","{'node_level': {0: {'cpu': -34}, 1: {'cpu': -25}, 2: {'cpu': -77}, 3: {'cpu': -65}}, 'link_level': {(0, 1): {'bw': -76}, (1, 3): {'bw': -30}, (2, 3): {'bw': -202}}, 'path_level': {(0, 1): {}, (1, 3): {}, (2, 3): {}}}","{'node_level': {0: {'cpu': 0}, 1: {'cpu': 0}, 2: {'cpu': 0}, 3: {'cpu': 0}}, 'link_level': {(0, 1): {'bw': 0}, (1, 3): {'bw': 0}, (2, 3): {'bw': 0}}, 'path_level': {(0, 1): {}, (1, 3): {}, (2, 3): {}}}",[],-inf,-inf,True,True,False,0,[],0,0.0,4.0,3.0
29,23,12,7065.0,16558.0,4151909.341535435,9978799.389183722,0.4266819664210654,0.4160730344008916,35,43,1,692.0,9725,2173,7552,0.23161244695898164,0.4851377147532042,28,1782.5054413341543,692.0,9,16,True,"{0: np.int64(24), 1: np.int64(2), 2: np.int64(23), 3: np.int64(35), 4: np.int64(3), 5: np.int64(20), 6: np.int64(22), 7: np.int64(21), 8: np.int64(13)}","{(0, 2): [(np.int64(24), 22), (22, 20), (20, 23)], (0, 3): [(np.int64(24), 22), (22, 20), (20, 0), (0, 28), (28, 31), (31, 35)], (0, 6): [(np.int64(24), 22)], (0, 8): [(np.int64(24), 22), (22, 21), (21, 3), (3, 13)], (1, 3): [(np.int64(2), 29), (29, 31), (31, 35)], (1, 4): [(np.int64(2), 5), (5, 3)], (1, 5): [(np.int64(2), 21), (21, 22), (22, 20)], (1, 6): [(np.int64(2), 21), (21, 22)], (1, 7): [(np.int64(2), 21)], (1, 8): [(np.int64(2), 13)], (2, 3): [(np.int64(23), 20), (20, 0), (0, 28), (28, 31), (31, 35)], (2, 4): [(np.int64(23), 21), (21, 3)], (2, 8): [(np.int64(23), 21), (21, 3), (3, 13)], (3, 6): [(np.int64(35), 31), (31, 28), (28, 0), (0, 20), (20, 22)], (3, 8): [(np.int64(35), 31), (31, 29), (29, 2), (2, 13)], (5, 7): [(np.int64(20), 23), (23, 21)]}","{(0, np.int64(24)): {'cpu': 2}, (1, np.int64(2)): {'cpu': 16}, (2, np.int64(23)): {'cpu': 11}, (3, np.int64(35)): {'cpu': 0}, (4, np.int64(3)): {'cpu': 13}, (5, np.int64(20)): {'cpu': 3}, (6, np.int64(22)): {'cpu': 11}, (7, np.int64(21)): {'cpu': 3}, (8, np.int64(13)): {'cpu': 2}}","{((0, 2), (np.int64(24), 22)): {'bw': 2}, ((0, 2), (22, 20)): {'bw': 2}, ((0, 2), (20, 23)): {'bw': 2}, ((0, 3), (np.int64(24), 22)): {'bw': 2}, ((0, 3), (22, 20)): {'bw': 2}, ((0, 3), (20, 0)): {'bw': 2}, ((0, 3), (0, 28)): {'bw': 2}, ((0, 3), (28, 31)): {'bw': 2}, ((0, 3), (31, 35)): {'bw': 2}, ((0, 6), (np.int64(24), 22)): {'bw': 17}, ((0, 8), (np.int64(24), 22)): {'bw': 39}, ((0, 8), (22, 21)): {'bw': 39}, ((0, 8), (21, 3)): {'bw': 39}, ((0, 8), (3, 13)): {'bw': 39}, ((1, 3), (np.int64(2), 29)): {'bw': 21}, ((1, 3), (29, 31)): {'bw': 21}, ((1, 3), (31, 35)): {'bw': 21}, ((1, 4), (np.int64(2), 5)): {'bw': 23}, ((1, 4), (5, 3)): {'bw': 23}, ((1, 5), (np.int64(2), 21)): {'bw': 29}, ((1, 5), (21, 22)): {'bw': 29}, ((1, 5), (22, 20)): {'bw': 29}, ((1, 6), (np.int64(2), 21)): {'bw': 0}, ((1, 6), (21, 22)): {'bw': 0}, ((1, 7), (np.int64(2), 21)): {'bw': 1}, ((1, 8), (np.int64(2), 13)): {'bw': 35}, ((2, 3), (np.int64(23), 20)): {'bw': 18}, ((2, 3), (20, 0)): {'bw': 18}, ((2, 3), (0, 28)): {'bw': 18}, ((2, 3), (28, 31)): {'bw': 18}, ((2, 3), (31, 35)): {'bw': 18}, ((2, 4), (np.int64(23), 21)): {'bw': 40}, ((2, 4), (21, 3)): {'bw': 40}, ((2, 8), (np.int64(23), 21)): {'bw': 23}, ((2, 8), (21, 3)): {'bw': 23}, ((2, 8), (3, 13)): {'bw': 23}, ((3, 6), (np.int64(35), 31)): {'bw': 5}, ((3, 6), (31, 28)): {'bw': 5}, ((3, 6), (28, 0)): {'bw': 5}, ((3, 6), (0, 20)): {'bw': 5}, ((3, 6), (20, 22)): {'bw': 5}, ((3, 8), (np.int64(35), 31)): {'bw': 10}, ((3, 8), (31, 29)): {'bw': 10}, ((3, 8), (29, 2)): {'bw': 10}, ((3, 8), (2, 13)): {'bw': 10}, ((5, 7), (np.int64(20), 23)): {'bw': 38}, ((5, 7), (23, 21)): {'bw': 38}}",864.0,364.0,122.0,61.0,303.0,61.0,303.0,61.0,803.0,500.0,0.4212962962962963,1540084.7013127094,648831.9806456321,750.9629405620742,Success,0.0,"{'node_level': {}, 'link_level': {}, 'path_level': {}}","{'node_level': {0: {'cpu': -32}, 1: {'cpu': -17}, 2: {'cpu': -69}, 3: {'cpu': -77}, 4: {'cpu': -55}, 5: {'cpu': -18}, 6: {'cpu': -57}, 7: {'cpu': -22}, 8: {'cpu': -56}}, 'link_level': {(0, 2): {'bw': -107}, (0, 3): {'bw': -38}, (0, 6): {'bw': -211}, (0, 8): {'bw': -37}, (1, 3): {'bw': -31}, (1, 4): {'bw': -44}, (1, 5): {'bw': -1}, (1, 6): {'bw': -1}, (1, 7): {'bw': 0}, (1, 8): {'bw': -23}, (2, 3): {'bw': -20}, (2, 4): {'bw': -110}, (2, 8): {'bw': -87}, (3, 6): {'bw': -15}, (3, 8): {'bw': -13}, (5, 7): {'bw': -51}}, 'path_level': {(0, 2): {}, (0, 3): {}, (0, 6): {}, (0, 8): {}, (1, 3): {}, (1, 4): {}, (1, 5): {}, (1, 6): {}, (1, 7): {}, (1, 8): {}, (2, 3): {}, (2, 4): {}, (2, 8): {}, (3, 6): {}, (3, 8): {}, (5, 7): {}}}","{'node_level': {0: {'cpu': 0}, 1: {'cpu': 0}, 2: {'cpu': 0}, 3: {'cpu': 0}, 4: {'cpu': 0}, 5: {'cpu': 0}, 6: {'cpu': 0}, 7: {'cpu': 0}, 8: {'cpu': 0}}, 'link_level': {(0, 2): {'bw': 0}, (0, 3): {'bw': 0}, (0, 6): {'bw': 0}, (0, 8): {'bw': 0}, (1, 3): {'bw': 0}, (1, 4): {'bw': 0}, (1, 5): {'bw': 0}, (1, 6): {'bw': 0}, (1, 7): {'bw': 0}, (1, 8): {'bw': 0}, (2, 3): {'bw': 0}, (2, 4): {'bw': 0}, (2, 8): {'bw': 0}, (3, 6): {'bw': 0}, (3, 8): {'bw': 0}, (5, 7): {'bw': 0}}, 'path_level': {(0, 2): {}, (0, 3): {}, (0, 6): {}, (0, 8): {}, (1, 3): {}, (1, 4): {}, (1, 5): {}, (1, 6): {}, (1, 7): {}, (1, 8): {}, (2, 3): {}, (2, 4): {}, (2, 8): {}, (3, 6): {}, (3, 8): {}, (5, 7): {}}}",[],-inf,-inf,True,True,False,0,[],0,0.0,9.0,16.0
29,23,11,7065.0,16558.0,4151909.341535435,9978799.389183722,0.4266819664210654,0.4160730344008916,35,44,0,700.6000990744989,10035,2196,7839,0.22347949080622342,0.4655713116989365,23,108.60009907449884,592.0,4,4,False,{},{},{},{},0.0,0.0,0.0,0.0,0.0,0.0,0.0,0.0,0.0,0.0,0.0,0.0,0.0,0.0,Leave Event,0.0,"{'node_level': {}, 'link_level': {}, 'path_level': {}}","{'node_level': {}, 'link_level': {}, 'path_level': {}}","{'node_level': {}, 'link_level': {}, 'path_level': {}}",[],-inf,-inf,True,True,False,0,[],0,0.0,,
30,24,12,7104.0,16631.0,4152785.209565624,9980438.834470998,0.4271541097949612,0.416092446278264,35,45,1,720.0,9962,2174,7788,0.2312588401697313,0.46904826833924185,29,22.458154620230513,720.0,2,1,True,"{0: np.int64(19), 1: np.int64(14)}","{(0, 1): [(np.int64(19), 15), (15, 12), (12, 14)]}","{(0, np.int64(19)): {'cpu': 4}, (1, np.int64(14)): {'cpu': 18}}","{((0, 1), (np.int64(19), 15)): {'bw': 17}, ((0, 1), (15, 12)): {'bw': 17}, ((0, 1), (12, 14)): {'bw': 17}}",73.0,39.0,44.0,22.0,17.0,22.0,17.0,22.0,51.0,34.0,0.5342465753424658,1639.4452872768275,875.86803018899,11.998192194369727,Success,0.0,"{'node_level': {}, 'link_level': {}, 'path_level': {}}","{'node_level': {0: {'cpu': -41}, 1: {'cpu': -52}}, 'link_level': {(0, 1): {'bw': -164}}, 'path_level': {(0, 1): {}}}","{'node_level': {0: {'cpu': 0}, 1: {'cpu': 0}}, 'link_level': {(0, 1): {'bw': 0}}, 'path_level': {(0, 1): {}}}",[],-inf,-inf,True,True,False,0,[],0,0.0,2.0,1.0
30,24,11,7104.0,16631.0,4152785.209565624,9980438.834470998,0.4271541097949612,0.416092446278264,35,46,0,742.4581546202305,10035,2196,7839,0.22347949080622342,0.4655713116989365,29,22.458154620230513,720.0,2,1,False,{},{},{},{},0.0,0.0,0.0,0.0,0.0,0.0,0.0,0.0,0.0,0.0,0.0,0.0,0.0,0.0,Leave Event,0.0,"{'node_level': {}, 'link_level': {}, 'path_level': {}}","{'node_level': {}, 'link_level': {}, 'path_level': {}}","{'node_level': {}, 'link_level': {}, 'path_level': {}}",[],-inf,-inf,True,True,False,0,[],0,0.0,,
31,24,11,7104.0,16631.0,4152785.209565624,9980438.834470998,0.4271541097949612,0.416092446278264,35,47,1,749.0,10035,2196,7839,0.22347949080622342,0.4655713116989365,30,167.9074449129575,749.0,10,25,False,"{0: np.int64(21), 1: np.int64(26), 2: np.int64(0), 3: np.int64(6), 4: np.int64(32), 5: np.int64(34), 6: np.int64(23), 7: np.int64(17), 8: np.int64(30), 9: np.int64(20)}","{(0, 1): []}","{(0, np.int64(21)): {'cpu': 5}, (1, np.int64(26)): {'cpu': 17}, (2, np.int64(0)): {'cpu': 9}, (3, np.int64(6)): {'cpu': 5}, (4, np.int64(32)): {'cpu': 11}, (5, np.int64(34)): {'cpu': 1}, (6, np.int64(23)): {'cpu': 20}, (7, np.int64(17)): {'cpu': 13}, (8, np.int64(30)): {'cpu': 4}, (9, np.int64(20)): {'cpu': 11}}",{},0.0,0.0,192.0,96.0,500.0,0.0,0.0,0.0,0.0,0.0,0.0,0.0,0.0,0.0,Route Failure,100.0,"{'node_level': {}, 'link_level': {}, 'path_level': {}}","{'node_level': {0: {'cpu': -17}, 1: {'cpu': -33}, 2: {'cpu': -87}, 3: {'cpu': -63}, 4: {'cpu': -43}, 5: {'cpu': -78}, 6: {'cpu': -49}, 7: {'cpu': -27}, 8: {'cpu': -60}, 9: {'cpu': -7}}, 'link_level': {(0, 1): {'bw': 100.0}}, 'path_level': {(0, 1): {}}}","{'node_level': {0: {'cpu': 0}, 1: {'cpu': 0}, 2: {'cpu': 0}, 3: {'cpu': 0}, 4: {'cpu': 0}, 5: {'cpu': 0}, 6: {'cpu': 0}, 7: {'cpu': 0}, 8: {'cpu': 0}, 9: {'cpu': 0}}, 'link_level': {(0, 1): {'bw': 100.0}}, 'path_level': {(0, 1): {}}}",[],-inf,-inf,True,False,False,0,[],0,0.0,10.0,1.0
32,25,12,7267.0,17040.0,4178485.9625982787,10044927.227049869,0.42646713615023474,0.4159797147505541,35,48,1,770.0,9626,2148,7478,0.24045261669024043,0.49018271066266705,31,157.67333148867922,770.0,5,5,True,"{0: np.int64(10), 1: np.int64(13), 2: np.int64(12), 3: np.int64(0), 4: np.int64(11)}","{(0, 1): [(np.int64(10), 7), (7, 5), (5, 3), (3, 13)], (0, 4): [(np.int64(10), 7), (7, 11)], (1, 2): [(np.int64(13), 14), (14, 12)], (1, 3): [(np.int64(13), 14), (14, 12), (12, 0)], (1, 4): [(np.int64(13), 2), (2, 5), (5, 7), (7, 11)]}","{(0, np.int64(10)): {'cpu': 0}, (1, np.int64(13)): {'cpu': 9}, (2, np.int64(12)): {'cpu': 5}, (3, np.int64(0)): {'cpu': 20}, (4, np.int64(11)): {'cpu': 14}}","{((0, 1), (np.int64(10), 7)): {'bw': 36}, ((0, 1), (7, 5)): {'bw': 36}, ((0, 1), (5, 3)): {'bw': 36}, ((0, 1), (3, 13)): {'bw': 36}, ((0, 4), (np.int64(10), 7)): {'bw': 25}, ((0, 4), (7, 11)): {'bw': 25}, ((1, 2), (np.int64(13), 14)): {'bw': 0}, ((1, 2), (14, 12)): {'bw': 0}, ((1, 3), (np.int64(13), 14)): {'bw': 49}, ((1, 3), (14, 12)): {'bw': 49}, ((1, 3), (12, 0)): {'bw': 49}, ((1, 4), (np.int64(13), 2)): {'bw': 5}, ((1, 4), (2, 5)): {'bw': 5}, ((1, 4), (5, 7)): {'bw': 5}, ((1, 4), (7, 11)): {'bw': 5}}",409.0,163.0,96.0,48.0,115.0,48.0,115.0,48.0,361.0,246.0,0.39853300733496333,64488.3925788698,25700.753032654713,62.838026974705905,Success,0.0,"{'node_level': {}, 'link_level': {}, 'path_level': {}}","{'node_level': {0: {'cpu': -77}, 1: {'cpu': -58}, 2: {'cpu': -73}, 3: {'cpu': -76}, 4: {'cpu': -54}}, 'link_level': {(0, 1): {'bw': -159}, (0, 4): {'bw': -136}, (1, 2): {'bw': -198}, (1, 3): {'bw': -82}, (1, 4): {'bw': -8}}, 'path_level': {(0, 1): {}, (0, 4): {}, (1, 2): {}, (1, 3): {}, (1, 4): {}}}","{'node_level': {0: {'cpu': 0}, 1: {'cpu': 0}, 2: {'cpu': 0}, 3: {'cpu': 0}, 4: {'cpu': 0}}, 'link_level': {(0, 1): {'bw': 0}, (0, 4): {'bw': 0}, (1, 2): {'bw': 0}, (1, 3): {'bw': 0}, (1, 4): {'bw': 0}}, 'path_level': {(0, 1): {}, (0, 4): {}, (1, 2): {}, (1, 3): {}, (1, 4): {}}}",[],-inf,-inf,True,True,False,0,[],0,0.0,5.0,5.0
32,25,11,7267.0,17040.0,4178485.9625982787,10044927.227049869,0.42646713615023474,0.4159797147505541,35,49,0,778.1166864346287,10348,2225,8123,0.21322489391796318,0.4462094355058631,18,315.1166864346288,463.0,7,9,False,{},{},{},{},0.0,0.0,0.0,0.0,0.0,0.0,0.0,0.0,0.0,0.0,0.0,0.0,0.0,0.0,Leave Event,0.0,"{'node_level': {}, 'link_level': {}, 'path_level': {}}","{'node_level': {}, 'link_level': {}, 'path_level': {}}","{'node_level': {}, 'link_level': {}, 'path_level': {}}",[],-inf,-inf,True,True,False,0,[],0,0.0,,
32,25,10,7267.0,17040.0,4178485.9625982787,10044927.227049869,0.42646713615023474,0.4159797147505541,35,50,0,787.1868886441391,10543,2261,8282,0.20049504950495045,0.4353695118625579,26,134.18688864413906,653.0,3,2,False,{},{},{},{},0.0,0.0,0.0,0.0,0.0,0.0,0.0,0.0,0.0,0.0,0.0,0.0,0.0,0.0,Leave Event,0.0,"{'node_level': {}, 'link_level': {}, 'path_level': {}}","{'node_level': {}, 'link_level': {}, 'path_level': {}}","{'node_level': {}, 'link_level': {}, 'path_level': {}}",[],-inf,-inf,True,True,False,0,[],0,0.0,,
33,26,11,7336.0,17115.0,4199926.934139602,10068232.630899133,0.42862985685071575,0.4171463938219047,35,51,1,796.0,10468,2244,8224,0.20650636492220653,0.4393236978456504,32,310.73871799019446,796.0,3,2,True,"{0: np.int64(5), 1: np.int64(7), 2: np.int64(6)}","{(0, 1): [(np.int64(5), 7)], (1, 2): [(np.int64(7), 4), (4, 6)]}","{(0, np.int64(5)): {'cpu': 6}, (1, np.int64(7)): {'cpu': 5}, (2, np.int64(6)): {'cpu': 6}}","{((0, 1), (np.int64(5), 7)): {'bw': 46}, ((1, 2), (np.int64(7), 4)): {'bw': 6}, ((1, 2), (4, 6)): {'bw': 6}}",75.0,69.0,34.0,17.0,52.0,17.0,52.0,17.0,58.0,6.0,0.92,23305.403849264585,21440.97154132342,285.8796205509789,Success,0.0,"{'node_level': {}, 'link_level': {}, 'path_level': {}}","{'node_level': {0: {'cpu': -39}, 1: {'cpu': -54}, 2: {'cpu': -62}}, 'link_level': {(0, 1): {'bw': -219}, (1, 2): {'bw': -168}}, 'path_level': {(0, 1): {}, (1, 2): {}}}","{'node_level': {0: {'cpu': 0}, 1: {'cpu': 0}, 2: {'cpu': 0}}, 'link_level': {(0, 1): {'bw': 0}, (1, 2): {'bw': 0}}, 'path_level': {(0, 1): {}, (1, 2): {}}}",[],-inf,-inf,True,True,False,0,[],0,0.0,3.0,2.0
34,27,12,7361.0,17150.0,4206839.734225937,10077910.551020004,0.4292128279883382,0.417431739736979,35,52,1,824.0,10433,2224,8209,0.21357850070721363,0.44034633215162255,33,276.51200345342943,824.0,2,1,True,"{0: np.int64(13), 1: np.int64(23)}","{(0, 1): [(np.int64(13), 3), (3, 21), (21, 23)]}","{(0, np.int64(13)): {'cpu': 5}, (1, np.int64(23)): {'cpu': 15}}","{((0, 1), (np.int64(13), 3)): {'bw': 5}, ((0, 1), (3, 21)): {'bw': 5}, ((0, 1), (21, 23)): {'bw': 5}}",35.0,25.0,40.0,20.0,5.0,20.0,5.0,20.0,15.0,10.0,0.7142857142857143,9677.92012087003,6912.800086335736,197.50857389530674,Success,0.0,"{'node_level': {}, 'link_level': {}, 'path_level': {}}","{'node_level': {0: {'cpu': -59}, 1: {'cpu': -62}}, 'link_level': {(0, 1): {'bw': -77}}, 'path_level': {(0, 1): {}}}","{'node_level': {0: {'cpu': 0}, 1: {'cpu': 0}}, 'link_level': {(0, 1): {'bw': 0}}, 'path_level': {(0, 1): {}}}",[],-inf,-inf,True,True,False,0,[],0,0.0,2.0,1.0
35,28,13,7502.0,17459.0,4306184.860470575,10295624.338322083,0.42969242224640586,0.41825388329702506,35,53,1,853.0,10124,2192,7932,0.2248939179632249,0.4592309790019089,34,704.5753634371506,853.0,5,6,True,"{0: np.int64(29), 1: np.int64(31), 2: np.int64(23), 3: np.int64(6), 4: np.int64(27)}","{(0, 1): [(np.int64(29), 31)], (0, 2): [(np.int64(29), 3), (3, 21), (21, 23)], (0, 3): [(np.int64(29), 2), (2, 5), (5, 6)], (0, 4): [(np.int64(29), 3), (3, 21), (21, 23), (23, 27)], (1, 3): [(np.int64(31), 28), (28, 0), (0, 4), (4, 6)], (2, 4): [(np.int64(23), 27)]}","{(0, np.int64(29)): {'cpu': 3}, (1, np.int64(31)): {'cpu': 8}, (2, np.int64(23)): {'cpu': 4}, (3, np.int64(6)): {'cpu': 2}, (4, np.int64(27)): {'cpu': 15}}","{((0, 1), (np.int64(29), 31)): {'bw': 29}, ((0, 2), (np.int64(29), 3)): {'bw': 9}, ((0, 2), (3, 21)): {'bw': 9}, ((0, 2), (21, 23)): {'bw': 9}, ((0, 3), (np.int64(29), 2)): {'bw': 9}, ((0, 3), (2, 5)): {'bw': 9}, ((0, 3), (5, 6)): {'bw': 9}, ((0, 4), (np.int64(29), 3)): {'bw': 35}, ((0, 4), (3, 21)): {'bw': 35}, ((0, 4), (21, 23)): {'bw': 35}, ((0, 4), (23, 27)): {'bw': 35}, ((1, 3), (np.int64(31), 28)): {'bw': 9}, ((1, 3), (28, 0)): {'bw': 9}, ((1, 3), (0, 4)): {'bw': 9}, ((1, 3), (4, 6)): {'bw': 9}, ((2, 4), (np.int64(23), 27)): {'bw': 18}}",309.0,141.0,64.0,32.0,109.0,32.0,109.0,32.0,277.0,168.0,0.4563106796116505,217713.78730207952,99345.12624463823,321.50526292763186,Success,0.0,"{'node_level': {}, 'link_level': {}, 'path_level': {}}","{'node_level': {0: {'cpu': -47}, 1: {'cpu': -74}, 2: {'cpu': -58}, 3: {'cpu': -60}, 4: {'cpu': -33}}, 'link_level': {(0, 1): {'bw': -194}, (0, 2): {'bw': -68}, (0, 3): {'bw': -12}, (0, 4): {'bw': -33}, (1, 3): {'bw': -76}, (2, 4): {'bw': -185}}, 'path_level': {(0, 1): {}, (0, 2): {}, (0, 3): {}, (0, 4): {}, (1, 3): {}, (2, 4): {}}}","{'node_level': {0: {'cpu': 0}, 1: {'cpu': 0}, 2: {'cpu': 0}, 3: {'cpu': 0}, 4: {'cpu': 0}}, 'link_level': {(0, 1): {'bw': 0}, (0, 2): {'bw': 0}, (0, 3): {'bw': 0}, (0, 4): {'bw': 0}, (1, 3): {'bw': 0}, (2, 4): {'bw': 0}}, 'path_level': {(0, 1): {}, (0, 2): {}, (0, 3): {}, (0, 4): {}, (1, 3): {}, (2, 4): {}}}",[],-inf,-inf,True,True,False,0,[],0,0.0,5.0,6.0
35,28,12,7502.0,17459.0,4306184.860470575,10295624.338322083,0.42969242224640586,0.41825388329702506,35,54,0,854.6911451210482,11131,2256,8875,0.20226308345120225,0.3949413689664576,24,239.69114512104818,615.0,7,12,False,{},{},{},{},0.0,0.0,0.0,0.0,0.0,0.0,0.0,0.0,0.0,0.0,0.0,0.0,0.0,0.0,Leave Event,0.0,"{'node_level': {}, 'link_level': {}, 'path_level': {}}","{'node_level': {}, 'link_level': {}, 'path_level': {}}","{'node_level': {}, 'link_level': {}, 'path_level': {}}",[],-inf,-inf,True,True,False,0,[],0,0.0,,
36,29,13,7660.0,17907.0,4329069.74030756,10360513.111530747,0.4277656782263919,0.4178431795515529,35,55,1,891.0,10683,2234,8449,0.21004243281471002,0.4239841832560677,35,144.84101162648525,891.0,4,3,True,"{0: np.int64(20), 1: np.int64(34), 2: np.int64(31), 3: np.int64(23)}","{(0, 2): [(np.int64(20), 0), (0, 28), (28, 31)], (1, 2): [(np.int64(34), 31)], (1, 3): [(np.int64(34), 31), (31, 28), (28, 0), (0, 20), (20, 23)]}","{(0, np.int64(20)): {'cpu': 6}, (1, np.int64(34)): {'cpu': 4}, (2, np.int64(31)): {'cpu': 6}, (3, np.int64(23)): {'cpu': 6}}","{((0, 2), (np.int64(20), 0)): {'bw': 47}, ((0, 2), (0, 28)): {'bw': 47}, ((0, 2), (28, 31)): {'bw': 47}, ((1, 2), (np.int64(34), 31)): {'bw': 40}, ((1, 3), (np.int64(34), 31)): {'bw': 49}, ((1, 3), (31, 28)): {'bw': 49}, ((1, 3), (28, 0)): {'bw': 49}, ((1, 3), (0, 20)): {'bw': 49}, ((1, 3), (20, 23)): {'bw': 49}}",448.0,158.0,44.0,22.0,136.0,22.0,136.0,22.0,426.0,290.0,0.35267857142857145,64888.77320866539,22884.87983698467,51.08232106469793,Success,0.0,"{'node_level': {}, 'link_level': {}, 'path_level': {}}","{'node_level': {0: {'cpu': -32}, 1: {'cpu': -75}, 2: {'cpu': -68}, 3: {'cpu': -52}}, 'link_level': {(0, 2): {'bw': -120}, (1, 2): {'bw': -146}, (1, 3): {'bw': -27}}, 'path_level': {(0, 2): {}, (1, 2): {}, (1, 3): {}}}","{'node_level': {0: {'cpu': 0}, 1: {'cpu': 0}, 2: {'cpu': 0}, 3: {'cpu': 0}}, 'link_level': {(0, 2): {'bw': 0}, (1, 2): {'bw': 0}, (1, 3): {'bw': 0}}, 'path_level': {(0, 2): {}, (1, 2): {}, (1, 3): {}}}",[],-inf,-inf,True,True,False,0,[],0,0.0,4.0,3.0
37,30,14,7826.0,18203.0,4494265.578884271,10655079.185137412,0.4299291325605669,0.4217956057195,35,56,1,912.0,10387,2190,8197,0.22560113154172556,0.4411644395964003,36,995.1556540765699,912.0,5,5,True,"{0: np.int64(14), 1: np.int64(17), 2: np.int64(21), 3: np.int64(3), 4: np.int64(29)}","{(0, 1): [(np.int64(14), 17)], (0, 2): [(np.int64(14), 13), (13, 2), (2, 21)], (0, 4): [(np.int64(14), 13), (13, 3), (3, 29)], (1, 3): [(np.int64(17), 14), (14, 13), (13, 3)], (2, 4): [(np.int64(21), 3), (3, 29)]}","{(0, np.int64(14)): {'cpu': 6}, (1, np.int64(17)): {'cpu': 1}, (2, np.int64(21)): {'cpu': 13}, (3, np.int64(3)): {'cpu': 13}, (4, np.int64(29)): {'cpu': 11}}","{((0, 1), (np.int64(14), 17)): {'bw': 49}, ((0, 2), (np.int64(14), 13)): {'bw': 16}, ((0, 2), (13, 2)): {'bw': 16}, ((0, 2), (2, 21)): {'bw': 16}, ((0, 4), (np.int64(14), 13)): {'bw': 16}, ((0, 4), (13, 3)): {'bw': 16}, ((0, 4), (3, 29)): {'bw': 16}, ((1, 3), (np.int64(17), 14)): {'bw': 25}, ((1, 3), (14, 13)): {'bw': 25}, ((1, 3), (13, 3)): {'bw': 25}, ((2, 4), (np.int64(21), 3)): {'bw': 16}, ((2, 4), (3, 29)): {'bw': 16}}",296.0,166.0,88.0,44.0,122.0,44.0,122.0,44.0,252.0,130.0,0.5608108108108109,294566.0736066647,165195.8385767106,558.094049245644,Success,0.0,"{'node_level': {}, 'link_level': {}, 'path_level': {}}","{'node_level': {0: {'cpu': -79}, 1: {'cpu': -52}, 2: {'cpu': -27}, 3: {'cpu': -42}, 4: {'cpu': -36}}, 'link_level': {(0, 1): {'bw': -230}, (0, 2): {'bw': -10}, (0, 4): {'bw': -138}, (1, 3): {'bw': -113}, (2, 4): {'bw': -22}}, 'path_level': {(0, 1): {}, (0, 2): {}, (0, 4): {}, (1, 3): {}, (2, 4): {}}}","{'node_level': {0: {'cpu': 0}, 1: {'cpu': 0}, 2: {'cpu': 0}, 3: {'cpu': 0}, 4: {'cpu': 0}}, 'link_level': {(0, 1): {'bw': 0}, (0, 2): {'bw': 0}, (0, 4): {'bw': 0}, (1, 3): {'bw': 0}, (2, 4): {'bw': 0}}, 'path_level': {(0, 1): {}, (0, 2): {}, (0, 4): {}, (1, 3): {}, (2, 4): {}}}",[],-inf,-inf,True,True,False,0,[],0,0.0,5.0,5.0
37,30,14,7826.0,18203.0,4494265.578884271,10655079.185137412,0.4299291325605669,0.4217956057195,35,57,0,916.9074449129575,10387,2190,8197,0.22560113154172556,0.4411644395964003,30,167.9074449129575,749.0,10,25,False,{},{},{},{},0.0,0.0,0.0,0.0,0.0,0.0,0.0,0.0,0.0,0.0,0.0,0.0,0.0,0.0,Leave Event,0.0,"{'node_level': {}, 'link_level': {}, 'path_level': {}}","{'node_level': {}, 'link_level': {}, 'path_level': {}}","{'node_level': {}, 'link_level': {}, 'path_level': {}}",[],-inf,-inf,True,True,False,0,[],0,0.0,,
37,30,13,7826.0,18203.0,4494265.578884271,10655079.185137412,0.4299291325605669,0.4217956057195,35,58,0,927.6733314886792,10796,2238,8558,0.20862800565770867,0.41655304063266974,31,157.67333148867922,770.0,5,5,False,{},{},{},{},0.0,0.0,0.0,0.0,0.0,0.0,0.0,0.0,0.0,0.0,0.0,0.0,0.0,0.0,Leave Event,0.0,"{'node_level': {}, 'link_level': {}, 'path_level': {}}","{'node_level': {}, 'link_level': {}, 'path_level': {}}","{'node_level': {}, 'link_level': {}, 'path_level': {}}",[],-inf,-inf,True,True,False,0,[],0,0.0,,
38,31,14,7913.0,18446.0,4532799.834362507,10762709.346990414,0.42898189309335355,0.42115787839518476,35,59,1,932.0,10553,2208,8345,0.21923620933521926,0.4310744477774747,37,442.9224767613304,932.0,4,4,True,"{0: np.int64(17), 1: np.int64(1), 2: np.int64(29), 3: np.int64(18)}","{(0, 1): [(np.int64(17), 14), (14, 12), (12, 1)], (0, 2): [(np.int64(17), 14), (14, 13), (13, 3), (3, 29)], (0, 3): [(np.int64(17), 14), (14, 12), (12, 15), (15, 18)], (1, 3): [(np.int64(1), 12), (12, 15), (15, 18)]}","{(0, np.int64(17)): {'cpu': 1}, (1, np.int64(1)): {'cpu': 8}, (2, np.int64(29)): {'cpu': 16}, (3, np.int64(18)): {'cpu': 5}}","{((0, 1), (np.int64(17), 14)): {'bw': 1}, ((0, 1), (14, 12)): {'bw': 1}, ((0, 1), (12, 1)): {'bw': 1}, ((0, 2), (np.int64(17), 14)): {'bw': 16}, ((0, 2), (14, 13)): {'bw': 16}, ((0, 2), (13, 3)): {'bw': 16}, ((0, 2), (3, 29)): {'bw': 16}, ((0, 3), (np.int64(17), 14)): {'bw': 26}, ((0, 3), (14, 12)): {'bw': 26}, ((0, 3), (12, 15)): {'bw': 26}, ((0, 3), (15, 18)): {'bw': 26}, ((1, 3), (np.int64(1), 12)): {'bw': 14}, ((1, 3), (12, 15)): {'bw': 14}, ((1, 3), (15, 18)): {'bw': 14}}",243.0,87.0,60.0,30.0,57.0,30.0,57.0,30.0,213.0,156.0,0.35802469135802467,107630.16185300329,38534.25547823575,158.57718303800718,Success,0.0,"{'node_level': {}, 'link_level': {}, 'path_level': {}}","{'node_level': {0: {'cpu': -51}, 1: {'cpu': -47}, 2: {'cpu': -20}, 3: {'cpu': -45}}, 'link_level': {(0, 1): {'bw': -204}, (0, 2): {'bw': -129}, (0, 3): {'bw': -162}, (1, 3): {'bw': -196}}, 'path_level': {(0, 1): {}, (0, 2): {}, (0, 3): {}, (1, 3): {}}}","{'node_level': {0: {'cpu': 0}, 1: {'cpu': 0}, 2: {'cpu': 0}, 3: {'cpu': 0}}, 'link_level': {(0, 1): {'bw': 0}, (0, 2): {'bw': 0}, (0, 3): {'bw': 0}, (1, 3): {'bw': 0}}, 'path_level': {(0, 1): {}, (0, 2): {}, (0, 3): {}, (1, 3): {}}}",[],-inf,-inf,True,True,False,0,[],0,0.0,4.0,4.0
38,31,13,7913.0,18446.0,4532799.834362507,10762709.346990414,0.42898189309335355,0.42115787839518476,35,60,0,934.2353349665607,10913,2248,8665,0.20509193776520507,0.40925824925006815,27,260.2353349665607,674.0,4,3,False,{},{},{},{},0.0,0.0,0.0,0.0,0.0,0.0,0.0,0.0,0.0,0.0,0.0,0.0,0.0,0.0,Leave Event,0.0,"{'node_level': {}, 'link_level': {}, 'path_level': {}}","{'node_level': {}, 'link_level': {}, 'path_level': {}}","{'node_level': {}, 'link_level': {}, 'path_level': {}}",[],-inf,-inf,True,True,False,0,[],0,0.0,,
39,32,14,8022.0,18615.0,4599916.46155895,10866770.90658857,0.4309427880741338,0.42330113527745405,35,61,1,956.0,10744,2219,8525,0.21534653465346532,0.4188028361058086,38,615.7488733618653,956.0,4,4,True,"{0: np.int64(30), 1: np.int64(0), 2: np.int64(35), 3: np.int64(28)}","{(0, 1): [(np.int64(30), 28), (28, 0)], (0, 2): [(np.int64(30), 28), (28, 31), (31, 35)], (0, 3): [(np.int64(30), 28)], (2, 3): [(np.int64(35), 31), (31, 28)]}","{(0, np.int64(30)): {'cpu': 0}, (1, np.int64(0)): {'cpu': 12}, (2, np.int64(35)): {'cpu': 5}, (3, np.int64(28)): {'cpu': 12}}","{((0, 1), (np.int64(30), 28)): {'bw': 49}, ((0, 1), (28, 0)): {'bw': 49}, ((0, 2), (np.int64(30), 28)): {'bw': 3}, ((0, 2), (28, 31)): {'bw': 3}, ((0, 2), (31, 35)): {'bw': 3}, ((0, 3), (np.int64(30), 28)): {'bw': 23}, ((2, 3), (np.int64(35), 31)): {'bw': 5}, ((2, 3), (31, 28)): {'bw': 5}}",169.0,109.0,58.0,29.0,80.0,29.0,80.0,29.0,140.0,60.0,0.6449704142011834,104061.55959815523,67116.62719644333,397.1398058961143,Success,0.0,"{'node_level': {}, 'link_level': {}, 'path_level': {}}","{'node_level': {0: {'cpu': -64}, 1: {'cpu': -84}, 2: {'cpu': -78}, 3: {'cpu': -79}}, 'link_level': {(0, 1): {'bw': -22}, (0, 2): {'bw': -37}, (0, 3): {'bw': -14}, (2, 3): {'bw': -175}}, 'path_level': {(0, 1): {}, (0, 2): {}, (0, 3): {}, (2, 3): {}}}","{'node_level': {0: {'cpu': 0}, 1: {'cpu': 0}, 2: {'cpu': 0}, 3: {'cpu': 0}}, 'link_level': {(0, 1): {'bw': 0}, (0, 2): {'bw': 0}, (0, 3): {'bw': 0}, (2, 3): {'bw': 0}}, 'path_level': {(0, 1): {}, (0, 2): {}, (0, 3): {}, (2, 3): {}}}",[],-inf,-inf,True,True,False,0,[],0,0.0,4.0,4.0
40,33,15,8079.0,18673.0,4600649.763516923,10867517.073493173,0.4326567771648905,0.4233395477922286,35,62,1,978.0,10686,2188,8498,0.22630834512022635,0.4206435778565585,39,12.864946631113437,978.0,3,2,True,"{0: np.int64(31), 1: np.int64(29), 2: np.int64(0)}","{(0, 1): [(np.int64(31), 29)], (0, 2): [(np.int64(31), 28), (28, 0)]}","{(0, np.int64(31)): {'cpu': 7}, (1, np.int64(29)): {'cpu': 8}, (2, np.int64(0)): {'cpu': 16}}","{((0, 1), (np.int64(31), 29)): {'bw': 25}, ((0, 2), (np.int64(31), 28)): {'bw': 1}, ((0, 2), (28, 0)): {'bw': 1}}",58.0,57.0,62.0,31.0,26.0,31.0,26.0,31.0,27.0,1.0,0.9827586206896551,746.1669046045794,733.3019579734658,12.643137206439066,Success,0.0,"{'node_level': {}, 'link_level': {}, 'path_level': {}}","{'node_level': {0: {'cpu': -61}, 1: {'cpu': -12}, 2: {'cpu': -68}}, 'link_level': {(0, 1): {'bw': -169}, (0, 2): {'bw': -21}}, 'path_level': {(0, 1): {}, (0, 2): {}}}","{'node_level': {0: {'cpu': 0}, 1: {'cpu': 0}, 2: {'cpu': 0}}, 'link_level': {(0, 1): {'bw': 0}, (0, 2): {'bw': 0}}, 'path_level': {(0, 1): {}, (0, 2): {}}}",[],-inf,-inf,True,True,False,0,[],0,0.0,3.0,2.0
40,33,14,8079.0,18673.0,4600649.763516923,10867517.073493173,0.4326567771648905,0.4233395477922286,35,63,0,990.8649466311134,10744,2219,8525,0.21534653465346532,0.4188028361058086,39,12.864946631113437,978.0,3,2,False,{},{},{},{},0.0,0.0,0.0,0.0,0.0,0.0,0.0,0.0,0.0,0.0,0.0,0.0,0.0,0.0,Leave Event,0.0,"{'node_level': {}, 'link_level': {}, 'path_level': {}}","{'node_level': {}, 'link_level': {}, 'path_level': {}}","{'node_level': {}, 'link_level': {}, 'path_level': {}}",[],-inf,-inf,True,True,False,0,[],0,0.0,,
41,34,15,8122.0,18716.0,4603801.527970067,10870668.837946318,0.4339602479162214,0.42350674062478527,35,64,1,1005.0,10701,2209,8492,0.21888260254596892,0.42105263157894735,40,73.2968477475326,1005.0,2,1,True,"{0: np.int64(14), 1: np.int64(12)}","{(0, 1): [(np.int64(14), 12)]}","{(0, np.int64(14)): {'cpu': 1}, (1, np.int64(12)): {'cpu': 9}}","{((0, 1), (np.int64(14), 12)): {'bw': 33}}",43.0,43.0,20.0,10.0,33.0,10.0,33.0,10.0,33.0,0.0,1.0,3151.7644531439014,3151.7644531439014,73.2968477475326,Success,0.0,"{'node_level': {}, 'link_level': {}, 'path_level': {}}","{'node_level': {0: {'cpu': -78}, 1: {'cpu': -74}}, 'link_level': {(0, 1): {'bw': -278}}, 'path_level': {(0, 1): {}}}","{'node_level': {0: {'cpu': 0}, 1: {'cpu': 0}}, 'link_level': {(0, 1): {'bw': 0}}, 'path_level': {(0, 1): {}}}",[],-inf,-inf,True,True,False,0,[],0,0.0,2.0,1.0
42,35,16,8179.0,18777.0,4626332.27092451,10894780.685669495,0.43558608936464827,0.424637485085843,35,65,1,1033.0,10640,2194,8446,0.2241867043847242,0.4241887101172621,41,395.2761921832206,1033.0,3,2,True,"{0: np.int64(11), 1: np.int64(28), 2: np.int64(31)}","{(0, 2): [(np.int64(11), 7), (7, 4), (4, 0), (0, 28), (28, 31)], (1, 2): [(np.int64(28), 31)]}","{(0, np.int64(11)): {'cpu': 10}, (1, np.int64(28)): {'cpu': 5}, (2, np.int64(31)): {'cpu': 0}}","{((0, 2), (np.int64(11), 7)): {'bw': 1}, ((0, 2), (7, 4)): {'bw': 1}, ((0, 2), (4, 0)): {'bw': 1}, ((0, 2), (0, 28)): {'bw': 1}, ((0, 2), (28, 31)): {'bw': 1}, ((1, 2), (np.int64(28), 31)): {'bw': 41}}",61.0,57.0,30.0,15.0,42.0,15.0,42.0,15.0,46.0,4.0,0.9344262295081968,24111.847723176455,22530.742954443573,369.35644187612417,Success,0.0,"{'node_level': {}, 'link_level': {}, 'path_level': {}}","{'node_level': {0: {'cpu': -72}, 1: {'cpu': -74}, 2: {'cpu': -68}}, 'link_level': {(0, 2): {'bw': -21}, (1, 2): {'bw': -133}}, 'path_level': {(0, 2): {}, (1, 2): {}}}","{'node_level': {0: {'cpu': 0}, 1: {'cpu': 0}, 2: {'cpu': 0}}, 'link_level': {(0, 2): {'bw': 0}, (1, 2): {'bw': 0}}, 'path_level': {(0, 2): {}, (1, 2): {}}}",[],-inf,-inf,True,True,False,0,[],0,0.0,3.0,2.0
42,35,15,8179.0,18777.0,4626332.27092451,10894780.685669495,0.43558608936464827,0.424637485085843,35,66,0,1035.8410116264852,11088,2216,8872,0.21640735502121644,0.395145895827652,35,144.84101162648525,891.0,4,3,False,{},{},{},{},0.0,0.0,0.0,0.0,0.0,0.0,0.0,0.0,0.0,0.0,0.0,0.0,0.0,0.0,Leave Event,0.0,"{'node_level': {}, 'link_level': {}, 'path_level': {}}","{'node_level': {}, 'link_level': {}, 'path_level': {}}","{'node_level': {}, 'link_level': {}, 'path_level': {}}",[],-inf,-inf,True,True,False,0,[],0,0.0,,
42,35,15,8179.0,18777.0,4626332.27092451,10894780.685669495,0.43558608936464827,0.424637485085843,35,67,0,1052.7263414936633,11088,2216,8872,0.21640735502121644,0.395145895827652,22,477.7263414936632,575.0,10,22,False,{},{},{},{},0.0,0.0,0.0,0.0,0.0,0.0,0.0,0.0,0.0,0.0,0.0,0.0,0.0,0.0,Leave Event,0.0,"{'node_level': {}, 'link_level': {}, 'path_level': {}}","{'node_level': {}, 'link_level': {}, 'path_level': {}}","{'node_level': {}, 'link_level': {}, 'path_level': {}}",[],-inf,-inf,True,True,False,0,[],0,0.0,,
43,36,16,8238.0,18836.0,4635288.402903701,10903736.817648686,0.43735400297303034,0.4251100774370367,35,68,1,1074.0,11029,2188,8841,0.22630834512022635,0.3972593400599945,42,151.79884710493022,1074.0,2,1,True,"{0: np.int64(14), 1: np.int64(13)}","{(0, 1): [(np.int64(14), 13)]}","{(0, np.int64(14)): {'cpu': 8}, (1, np.int64(13)): {'cpu': 20}}","{((0, 1), (np.int64(14), 13)): {'bw': 31}}",59.0,59.0,56.0,28.0,31.0,28.0,31.0,28.0,31.0,0.0,1.0,8956.131979190883,8956.131979190883,151.79884710493022,Success,0.0,"{'node_level': {}, 'link_level': {}, 'path_level': {}}","{'node_level': {0: {'cpu': -70}, 1: {'cpu': -48}}, 'link_level': {(0, 1): {'bw': -200}}, 'path_level': {(0, 1): {}}}","{'node_level': {0: {'cpu': 0}, 1: {'cpu': 0}}, 'link_level': {(0, 1): {'bw': 0}}, 'path_level': {(0, 1): {}}}",[],-inf,-inf,True,True,False,0,[],0,0.0,2.0,1.0
43,36,15,8238.0,18836.0,4635288.402903701,10903736.817648686,0.43735400297303034,0.4251100774370367,35,69,0,1078.2968477475326,11072,2198,8874,0.22277227722772275,0.3950095445868558,40,73.2968477475326,1005.0,2,1,False,{},{},{},{},0.0,0.0,0.0,0.0,0.0,0.0,0.0,0.0,0.0,0.0,0.0,0.0,0.0,0.0,Leave Event,0.0,"{'node_level': {}, 'link_level': {}, 'path_level': {}}","{'node_level': {}, 'link_level': {}, 'path_level': {}}","{'node_level': {}, 'link_level': {}, 'path_level': {}}",[],-inf,-inf,True,True,False,0,[],0,0.0,,
44,36,15,8238.0,18836.0,4635288.402903701,10903736.817648686,0.43735400297303034,0.4251100774370367,35,70,1,1094.0,11072,2198,8874,0.22277227722772275,0.3950095445868558,43,101.95324449463646,1094.0,9,25,False,"{0: np.int64(15), 1: np.int64(5), 2: np.int64(20), 3: np.int64(8), 4: np.int64(29), 5: np.int64(33), 6: np.int64(4), 7: np.int64(32), 8: np.int64(22)}","{(0, 2): [(np.int64(15), 12), (12, 0), (0, 20)], (0, 3): [(np.int64(15), 12), (12, 0), (0, 4), (4, 6), (6, 8)], (0, 4): [(np.int64(15), 13), (13, 2), (2, 29)], (0, 5): [(np.int64(15), 12), (12, 0), (0, 28), (28, 30), (30, 33)], (0, 7): [(np.int64(15), 13), (13, 2), (2, 29), (29, 30), (30, 32)], (0, 8): [(np.int64(15), 12), (12, 0), (0, 20), (20, 22)], (1, 2): [(np.int64(5), 2), (2, 21), (21, 22), (22, 20)], (1, 4): [(np.int64(5), 3), (3, 29)], (1, 5): [(np.int64(5), 3), (3, 29), (29, 30), (30, 33)], (1, 6): [(np.int64(5), 6), (6, 4)], (1, 8): [(np.int64(5), 2), (2, 21), (21, 22)], (2, 4): [(np.int64(20), 0), (0, 28), (28, 31), (31, 29)], (2, 6): [(np.int64(20), 0), (0, 4)], (2, 8): [(np.int64(20), 22)], (3, 4): [(np.int64(8), 6), (6, 5), (5, 3), (3, 29)], (3, 5): [(np.int64(8), 6), (6, 5), (5, 3), (3, 29), (29, 30), (30, 33)], (3, 8): [(np.int64(8), 6), (6, 4), (4, 0), (0, 20), (20, 22)], (4, 5): [(np.int64(29), 30), (30, 33)], (4, 7): [(np.int64(29), 30), (30, 32)], (4, 8): [(np.int64(29), 3), (3, 21), (21, 22)], (5, 6): []}","{(0, np.int64(15)): {'cpu': 8}, (1, np.int64(5)): {'cpu': 8}, (2, np.int64(20)): {'cpu': 2}, (3, np.int64(8)): {'cpu': 9}, (4, np.int64(29)): {'cpu': 16}, (5, np.int64(33)): {'cpu': 17}, (6, np.int64(4)): {'cpu': 14}, (7, np.int64(32)): {'cpu': 2}, (8, np.int64(22)): {'cpu': 15}}","{((0, 2), (np.int64(15), 12)): {'bw': 49}, ((0, 2), (12, 0)): {'bw': 49}, ((0, 2), (0, 20)): {'bw': 49}, ((0, 3), (np.int64(15), 12)): {'bw': 25}, ((0, 3), (12, 0)): {'bw': 25}, ((0, 3), (0, 4)): {'bw': 25}, ((0, 3), (4, 6)): {'bw': 25}, ((0, 3), (6, 8)): {'bw': 25}, ((0, 4), (np.int64(15), 13)): {'bw': 22}, ((0, 4), (13, 2)): {'bw': 22}, ((0, 4), (2, 29)): {'bw': 22}, ((0, 5), (np.int64(15), 12)): {'bw': 13}, ((0, 5), (12, 0)): {'bw': 13}, ((0, 5), (0, 28)): {'bw': 13}, ((0, 5), (28, 30)): {'bw': 13}, ((0, 5), (30, 33)): {'bw': 13}, ((0, 7), (np.int64(15), 13)): {'bw': 31}, ((0, 7), (13, 2)): {'bw': 31}, ((0, 7), (2, 29)): {'bw': 31}, ((0, 7), (29, 30)): {'bw': 31}, ((0, 7), (30, 32)): {'bw': 31}, ((0, 8), (np.int64(15), 12)): {'bw': 1}, ((0, 8), (12, 0)): {'bw': 1}, ((0, 8), (0, 20)): {'bw': 1}, ((0, 8), (20, 22)): {'bw': 1}, ((1, 2), (np.int64(5), 2)): {'bw': 15}, ((1, 2), (2, 21)): {'bw': 15}, ((1, 2), (21, 22)): {'bw': 15}, ((1, 2), (22, 20)): {'bw': 15}, ((1, 4), (np.int64(5), 3)): {'bw': 39}, ((1, 4), (3, 29)): {'bw': 39}, ((1, 5), (np.int64(5), 3)): {'bw': 3}, ((1, 5), (3, 29)): {'bw': 3}, ((1, 5), (29, 30)): {'bw': 3}, ((1, 5), (30, 33)): {'bw': 3}, ((1, 6), (np.int64(5), 6)): {'bw': 21}, ((1, 6), (6, 4)): {'bw': 21}, ((1, 8), (np.int64(5), 2)): {'bw': 15}, ((1, 8), (2, 21)): {'bw': 15}, ((1, 8), (21, 22)): {'bw': 15}, ((2, 4), (np.int64(20), 0)): {'bw': 9}, ((2, 4), (0, 28)): {'bw': 9}, ((2, 4), (28, 31)): {'bw': 9}, ((2, 4), (31, 29)): {'bw': 9}, ((2, 6), (np.int64(20), 0)): {'bw': 35}, ((2, 6), (0, 4)): {'bw': 35}, ((2, 8), (np.int64(20), 22)): {'bw': 45}, ((3, 4), (np.int64(8), 6)): {'bw': 28}, ((3, 4), (6, 5)): {'bw': 28}, ((3, 4), (5, 3)): {'bw': 28}, ((3, 4), (3, 29)): {'bw': 28}, ((3, 5), (np.int64(8), 6)): {'bw': 32}, ((3, 5), (6, 5)): {'bw': 32}, ((3, 5), (5, 3)): {'bw': 32}, ((3, 5), (3, 29)): {'bw': 32}, ((3, 5), (29, 30)): {'bw': 32}, ((3, 5), (30, 33)): {'bw': 32}, ((3, 8), (np.int64(8), 6)): {'bw': 30}, ((3, 8), (6, 4)): {'bw': 30}, ((3, 8), (4, 0)): {'bw': 30}, ((3, 8), (0, 20)): {'bw': 30}, ((3, 8), (20, 22)): {'bw': 30}, ((4, 5), (np.int64(29), 30)): {'bw': 17}, ((4, 5), (30, 33)): {'bw': 17}, ((4, 7), (np.int64(29), 30)): {'bw': 36}, ((4, 7), (30, 32)): {'bw': 36}, ((4, 8), (np.int64(29), 3)): {'bw': 1}, ((4, 8), (3, 21)): {'bw': 1}, ((4, 8), (21, 22)): {'bw': 1}}",0.0,0.0,182.0,91.0,585.0,0.0,0.0,0.0,0.0,0.0,0.0,0.0,0.0,0.0,Route Failure,100.0,"{'node_level': {}, 'link_level': {}, 'path_level': {}}","{'node_level': {0: {'cpu': -75}, 1: {'cpu': -31}, 2: {'cpu': -36}, 3: {'cpu': -56}, 4: {'cpu': -4}, 5: {'cpu': -75}, 6: {'cpu': -44}, 7: {'cpu': -52}, 8: {'cpu': -48}}, 'link_level': {(0, 2): {'bw': -213}, (0, 3): {'bw': -93}, (0, 4): {'bw': -31}, (0, 5): {'bw': -1}, (0, 7): {'bw': 0}, (0, 8): {'bw': -212}, (1, 2): {'bw': -36}, (1, 4): {'bw': -90}, (1, 5): {'bw': -87}, (1, 6): {'bw': -113}, (1, 8): {'bw': -21}, (2, 4): {'bw': -95}, (2, 6): {'bw': -58}, (2, 8): {'bw': -181}, (3, 4): {'bw': -59}, (3, 5): {'bw': -27}, (3, 8): {'bw': -28}, (4, 5): {'bw': -43}, (4, 7): {'bw': -7}, (4, 8): {'bw': -21}, (5, 6): {'bw': 100.0}}, 'path_level': {(0, 2): {}, (0, 3): {}, (0, 4): {}, (0, 5): {}, (0, 7): {}, (0, 8): {}, (1, 2): {}, (1, 4): {}, (1, 5): {}, (1, 6): {}, (1, 8): {}, (2, 4): {}, (2, 6): {}, (2, 8): {}, (3, 4): {}, (3, 5): {}, (3, 8): {}, (4, 5): {}, (4, 7): {}, (4, 8): {}, (5, 6): {}}}","{'node_level': {0: {'cpu': 0}, 1: {'cpu': 0}, 2: {'cpu': 0}, 3: {'cpu': 0}, 4: {'cpu': 0}, 5: {'cpu': 0}, 6: {'cpu': 0}, 7: {'cpu': 0}, 8: {'cpu': 0}}, 'link_level': {(0, 2): {'bw': 0}, (0, 3): {'bw': 0}, (0, 4): {'bw': 0}, (0, 5): {'bw': 0}, (0, 7): {'bw': 0}, (0, 8): {'bw': 0}, (1, 2): {'bw': 0}, (1, 4): {'bw': 0}, (1, 5): {'bw': 0}, (1, 6): {'bw': 0}, (1, 8): {'bw': 0}, (2, 4): {'bw': 0}, (2, 6): {'bw': 0}, (2, 8): {'bw': 0}, (3, 4): {'bw': 0}, (3, 5): {'bw': 0}, (3, 8): {'bw': 0}, (4, 5): {'bw': 0}, (4, 7): {'bw': 0}, (4, 8): {'bw': 0}, (5, 6): {'bw': 100.0}}, 'path_level': {(0, 2): {}, (0, 3): {}, (0, 4): {}, (0, 5): {}, (0, 7): {}, (0, 8): {}, (1, 2): {}, (1, 4): {}, (1, 5): {}, (1, 6): {}, (1, 8): {}, (2, 4): {}, (2, 6): {}, (2, 8): {}, (3, 4): {}, (3, 5): {}, (3, 8): {}, (4, 5): {}, (4, 7): {}, (4, 8): {}, (5, 6): {}}}",[],-inf,-inf,True,False,False,0,[],0,0.0,9.0,21.0
44,36,14,8238.0,18836.0,4635288.402903701,10903736.817648686,0.43735400297303034,0.4251100774370367,35,71,0,1100.5120034534293,11107,2218,8889,0.21570014144271565,0.3939869102808835,33,276.51200345342943,824.0,2,1,False,{},{},{},{},0.0,0.0,0.0,0.0,0.0,0.0,0.0,0.0,0.0,0.0,0.0,0.0,0.0,0.0,Leave Event,0.0,"{'node_level': {}, 'link_level': {}, 'path_level': {}}","{'node_level': {}, 'link_level': {}, 'path_level': {}}","{'node_level': {}, 'link_level': {}, 'path_level': {}}",[],-inf,-inf,True,True,False,0,[],0,0.0,,
44,36,13,8238.0,18836.0,4635288.402903701,10903736.817648686,0.43735400297303034,0.4251100774370367,35,72,0,1106.7387179901943,11182,2235,8947,0.20968882602545968,0.3900327242977911,32,310.73871799019446,796.0,3,2,False,{},{},{},{},0.0,0.0,0.0,0.0,0.0,0.0,0.0,0.0,0.0,0.0,0.0,0.0,0.0,0.0,Leave Event,0.0,"{'node_level': {}, 'link_level': {}, 'path_level': {}}","{'node_level': {}, 'link_level': {}, 'path_level': {}}","{'node_level': {}, 'link_level': {}, 'path_level': {}}",[],-inf,-inf,True,True,False,0,[],0,0.0,,
45,37,14,8405.0,19482.0,4644830.722196549,10940649.022817425,0.43142387845190433,0.4245480055625088,35,73,1,1120.0,10536,2183,8353,0.22807637906647804,0.4305290428142896,44,57.13963648411721,1120.0,4,4,True,"{0: np.int64(26), 1: np.int64(10), 2: np.int64(17), 3: np.int64(21)}","{(0, 1): [(np.int64(26), 23), (23, 20), (20, 0), (0, 4), (4, 7), (7, 10)], (1, 2): [(np.int64(10), 7), (7, 4), (4, 0), (0, 12), (12, 14), (14, 17)], (1, 3): [(np.int64(10), 7), (7, 5), (5, 2), (2, 21)], (2, 3): [(np.int64(17), 14), (14, 12), (12, 0), (0, 20), (20, 22), (22, 21)]}","{(0, np.int64(26)): {'cpu': 9}, (1, np.int64(10)): {'cpu': 16}, (2, np.int64(17)): {'cpu': 10}, (3, np.int64(21)): {'cpu': 17}}","{((0, 1), (np.int64(26), 23)): {'bw': 15}, ((0, 1), (23, 20)): {'bw': 15}, ((0, 1), (20, 0)): {'bw': 15}, ((0, 1), (0, 4)): {'bw': 15}, ((0, 1), (4, 7)): {'bw': 15}, ((0, 1), (7, 10)): {'bw': 15}, ((1, 2), (np.int64(10), 7)): {'bw': 4}, ((1, 2), (7, 4)): {'bw': 4}, ((1, 2), (4, 0)): {'bw': 4}, ((1, 2), (0, 12)): {'bw': 4}, ((1, 2), (12, 14)): {'bw': 4}, ((1, 2), (14, 17)): {'bw': 4}, ((1, 3), (np.int64(10), 7)): {'bw': 48}, ((1, 3), (7, 5)): {'bw': 48}, ((1, 3), (5, 2)): {'bw': 48}, ((1, 3), (2, 21)): {'bw': 48}, ((2, 3), (np.int64(17), 14)): {'bw': 48}, ((2, 3), (14, 12)): {'bw': 48}, ((2, 3), (12, 0)): {'bw': 48}, ((2, 3), (0, 20)): {'bw': 48}, ((2, 3), (20, 22)): {'bw': 48}, ((2, 3), (22, 21)): {'bw': 48}}",646.0,167.0,104.0,52.0,115.0,52.0,115.0,52.0,594.0,479.0,0.2585139318885449,36912.20516873972,9542.319292847575,14.77139209419129,Success,0.0,"{'node_level': {}, 'link_level': {}, 'path_level': {}}","{'node_level': {0: {'cpu': -41}, 1: {'cpu': -61}, 2: {'cpu': -41}, 3: {'cpu': -13}}, 'link_level': {(0, 1): {'bw': -9}, (1, 2): {'bw': -99}, (1, 3): {'bw': -3}, (2, 3): {'bw': -68}}, 'path_level': {(0, 1): {}, (1, 2): {}, (1, 3): {}, (2, 3): {}}}","{'node_level': {0: {'cpu': 0}, 1: {'cpu': 0}, 2: {'cpu': 0}, 3: {'cpu': 0}}, 'link_level': {(0, 1): {'bw': 0}, (1, 2): {'bw': 0}, (1, 3): {'bw': 0}, (2, 3): {'bw': 0}}, 'path_level': {(0, 1): {}, (1, 2): {}, (1, 3): {}, (2, 3): {}}}",[],-inf,-inf,True,True,False,0,[],0,0.0,4.0,4.0
45,37,13,8405.0,19482.0,4644830.722196549,10940649.022817425,0.43142387845190433,0.4245480055625088,35,74,0,1134.0220261466006,11269,2248,9021,0.20509193776520507,0.3849877283883283,13,779.0220261466006,355.0,8,13,False,{},{},{},{},0.0,0.0,0.0,0.0,0.0,0.0,0.0,0.0,0.0,0.0,0.0,0.0,0.0,0.0,Leave Event,0.0,"{'node_level': {}, 'link_level': {}, 'path_level': {}}","{'node_level': {}, 'link_level': {}, 'path_level': {}}","{'node_level': {}, 'link_level': {}, 'path_level': {}}",[],-inf,-inf,True,True,False,0,[],0,0.0,,
46,38,14,8926.0,20997.0,4669568.280315299,11012582.613124344,0.42510834881173504,0.42402118053128596,35,75,1,1143.0,9754,2166,7588,0.23408769448373412,0.48268339241887104,45,47.480917694335986,1143.0,8,14,True,"{0: np.int64(32), 1: np.int64(7), 2: np.int64(5), 3: np.int64(3), 4: np.int64(28), 5: np.int64(12), 6: np.int64(11), 7: np.int64(0)}","{(0, 3): [(np.int64(32), 30), (30, 29), (29, 3)], (0, 4): [(np.int64(32), 30), (30, 29), (29, 31), (31, 28)], (0, 5): [(np.int64(32), 30), (30, 29), (29, 2), (2, 13), (13, 14), (14, 12)], (1, 7): [(np.int64(7), 4), (4, 0)], (2, 6): [(np.int64(5), 7), (7, 11)], (2, 7): [(np.int64(5), 6), (6, 4), (4, 0)], (3, 4): [(np.int64(3), 29), (29, 31), (31, 28)], (3, 5): [(np.int64(3), 13), (13, 14), (14, 12)], (3, 6): [(np.int64(3), 5), (5, 7), (7, 11)], (3, 7): [(np.int64(3), 5), (5, 6), (6, 4), (4, 0)], (4, 6): [(np.int64(28), 0), (0, 4), (4, 7), (7, 11)], (4, 7): [(np.int64(28), 0)], (5, 6): [(np.int64(12), 1), (1, 4), (4, 7), (7, 11)], (6, 7): [(np.int64(11), 7), (7, 4), (4, 1), (1, 12), (12, 0)]}","{(0, np.int64(32)): {'cpu': 18}, (1, np.int64(7)): {'cpu': 7}, (2, np.int64(5)): {'cpu': 16}, (3, np.int64(3)): {'cpu': 1}, (4, np.int64(28)): {'cpu': 11}, (5, np.int64(12)): {'cpu': 8}, (6, np.int64(11)): {'cpu': 5}, (7, np.int64(0)): {'cpu': 16}}","{((0, 3), (np.int64(32), 30)): {'bw': 50}, ((0, 3), (30, 29)): {'bw': 50}, ((0, 3), (29, 3)): {'bw': 50}, ((0, 4), (np.int64(32), 30)): {'bw': 39}, ((0, 4), (30, 29)): {'bw': 39}, ((0, 4), (29, 31)): {'bw': 39}, ((0, 4), (31, 28)): {'bw': 39}, ((0, 5), (np.int64(32), 30)): {'bw': 26}, ((0, 5), (30, 29)): {'bw': 26}, ((0, 5), (29, 2)): {'bw': 26}, ((0, 5), (2, 13)): {'bw': 26}, ((0, 5), (13, 14)): {'bw': 26}, ((0, 5), (14, 12)): {'bw': 26}, ((1, 7), (np.int64(7), 4)): {'bw': 26}, ((1, 7), (4, 0)): {'bw': 26}, ((2, 6), (np.int64(5), 7)): {'bw': 31}, ((2, 6), (7, 11)): {'bw': 31}, ((2, 7), (np.int64(5), 6)): {'bw': 38}, ((2, 7), (6, 4)): {'bw': 38}, ((2, 7), (4, 0)): {'bw': 38}, ((3, 4), (np.int64(3), 29)): {'bw': 40}, ((3, 4), (29, 31)): {'bw': 40}, ((3, 4), (31, 28)): {'bw': 40}, ((3, 5), (np.int64(3), 13)): {'bw': 38}, ((3, 5), (13, 14)): {'bw': 38}, ((3, 5), (14, 12)): {'bw': 38}, ((3, 6), (np.int64(3), 5)): {'bw': 19}, ((3, 6), (5, 7)): {'bw': 19}, ((3, 6), (7, 11)): {'bw': 19}, ((3, 7), (np.int64(3), 5)): {'bw': 3}, ((3, 7), (5, 6)): {'bw': 3}, ((3, 7), (6, 4)): {'bw': 3}, ((3, 7), (4, 0)): {'bw': 3}, ((4, 6), (np.int64(28), 0)): {'bw': 19}, ((4, 6), (0, 4)): {'bw': 19}, ((4, 6), (4, 7)): {'bw': 19}, ((4, 6), (7, 11)): {'bw': 19}, ((4, 7), (np.int64(28), 0)): {'bw': 34}, ((5, 6), (np.int64(12), 1)): {'bw': 50}, ((5, 6), (1, 4)): {'bw': 50}, ((5, 6), (4, 7)): {'bw': 50}, ((5, 6), (7, 11)): {'bw': 50}, ((6, 7), (np.int64(11), 7)): {'bw': 26}, ((6, 7), (7, 4)): {'bw': 26}, ((6, 7), (4, 1)): {'bw': 26}, ((6, 7), (1, 12)): {'bw': 26}, ((6, 7), (12, 0)): {'bw': 26}}",1515.0,521.0,164.0,82.0,439.0,82.0,439.0,82.0,1433.0,994.0,0.3438943894389439,71933.59030691902,24737.55811874905,16.32842120049442,Success,0.0,"{'node_level': {}, 'link_level': {}, 'path_level': {}}","{'node_level': {0: {'cpu': -36}, 1: {'cpu': -52}, 2: {'cpu': -35}, 3: {'cpu': -42}, 4: {'cpu': -63}, 5: {'cpu': -75}, 6: {'cpu': -67}, 7: {'cpu': -68}}, 'link_level': {(0, 3): {'bw': -76}, (0, 4): {'bw': -37}, (0, 5): {'bw': -11}, (1, 7): {'bw': -84}, (2, 6): {'bw': -191}, (2, 7): {'bw': -46}, (3, 4): {'bw': -39}, (3, 5): {'bw': -136}, (3, 6): {'bw': -172}, (3, 7): {'bw': -43}, (4, 6): {'bw': -24}, (4, 7): {'bw': -64}, (5, 6): {'bw': -103}, (6, 7): {'bw': -77}}, 'path_level': {(0, 3): {}, (0, 4): {}, (0, 5): {}, (1, 7): {}, (2, 6): {}, (2, 7): {}, (3, 4): {}, (3, 5): {}, (3, 6): {}, (3, 7): {}, (4, 6): {}, (4, 7): {}, (5, 6): {}, (6, 7): {}}}","{'node_level': {0: {'cpu': 0}, 1: {'cpu': 0}, 2: {'cpu': 0}, 3: {'cpu': 0}, 4: {'cpu': 0}, 5: {'cpu': 0}, 6: {'cpu': 0}, 7: {'cpu': 0}}, 'link_level': {(0, 3): {'bw': 0}, (0, 4): {'bw': 0}, (0, 5): {'bw': 0}, (1, 7): {'bw': 0}, (2, 6): {'bw': 0}, (2, 7): {'bw': 0}, (3, 4): {'bw': 0}, (3, 5): {'bw': 0}, (3, 6): {'bw': 0}, (3, 7): {'bw': 0}, (4, 6): {'bw': 0}, (4, 7): {'bw': 0}, (5, 6): {'bw': 0}, (6, 7): {'bw': 0}}, 'path_level': {(0, 3): {}, (0, 4): {}, (0, 5): {}, (1, 7): {}, (2, 6): {}, (2, 7): {}, (3, 4): {}, (3, 5): {}, (3, 6): {}, (3, 7): {}, (4, 6): {}, (4, 7): {}, (5, 6): {}, (6, 7): {}}}",[],-inf,-inf,True,True,False,0,[],0,0.0,8.0,14.0
47,39,15,9112.0,21494.0,4739294.846160742,11198894.99605545,0.42393226016562763,0.42319307823049046,35,76,1,1166.0,9257,2114,7143,0.2524752475247525,0.5130215434960459,46,374.87400992174224,1166.0,5,5,True,"{0: np.int64(19), 1: np.int64(7), 2: np.int64(5), 3: np.int64(31), 4: np.int64(34)}","{(0, 2): [(np.int64(19), 15), (15, 13), (13, 2), (2, 5)], (0, 4): [(np.int64(19), 15), (15, 12), (12, 0), (0, 28), (28, 31), (31, 34)], (1, 2): [(np.int64(7), 5)], (2, 3): [(np.int64(5), 2), (2, 29), (29, 31)], (3, 4): [(np.int64(31), 34)]}","{(0, np.int64(19)): {'cpu': 8}, (1, np.int64(7)): {'cpu': 4}, (2, np.int64(5)): {'cpu': 19}, (3, np.int64(31)): {'cpu': 17}, (4, np.int64(34)): {'cpu': 4}}","{((0, 2), (np.int64(19), 15)): {'bw': 14}, ((0, 2), (15, 13)): {'bw': 14}, ((0, 2), (13, 2)): {'bw': 14}, ((0, 2), (2, 5)): {'bw': 14}, ((0, 4), (np.int64(19), 15)): {'bw': 49}, ((0, 4), (15, 12)): {'bw': 49}, ((0, 4), (12, 0)): {'bw': 49}, ((0, 4), (0, 28)): {'bw': 49}, ((0, 4), (28, 31)): {'bw': 49}, ((0, 4), (31, 34)): {'bw': 49}, ((1, 2), (np.int64(7), 5)): {'bw': 23}, ((2, 3), (np.int64(5), 2)): {'bw': 12}, ((2, 3), (2, 29)): {'bw': 12}, ((2, 3), (29, 31)): {'bw': 12}, ((3, 4), (np.int64(31), 34)): {'bw': 36}}",497.0,186.0,104.0,52.0,134.0,52.0,134.0,52.0,445.0,311.0,0.37424547283702214,186312.3829311059,69726.56584544406,140.29490109747294,Success,0.0,"{'node_level': {}, 'link_level': {}, 'path_level': {}}","{'node_level': {0: {'cpu': -51}, 1: {'cpu': -48}, 2: {'cpu': -16}, 3: {'cpu': -57}, 4: {'cpu': -75}}, 'link_level': {(0, 2): {'bw': -80}, (0, 4): {'bw': -15}, (1, 2): {'bw': -185}, (2, 3): {'bw': -15}, (3, 4): {'bw': -101}}, 'path_level': {(0, 2): {}, (0, 4): {}, (1, 2): {}, (2, 3): {}, (3, 4): {}}}","{'node_level': {0: {'cpu': 0}, 1: {'cpu': 0}, 2: {'cpu': 0}, 3: {'cpu': 0}, 4: {'cpu': 0}}, 'link_level': {(0, 2): {'bw': 0}, (0, 4): {'bw': 0}, (1, 2): {'bw': 0}, (2, 3): {'bw': 0}, (3, 4): {'bw': 0}}, 'path_level': {(0, 2): {}, (0, 4): {}, (1, 2): {}, (2, 3): {}, (3, 4): {}}}",[],-inf,-inf,True,True,False,0,[],0,0.0,5.0,5.0
47,39,14,9112.0,21494.0,4739294.846160742,11198894.99605545,0.42393226016562763,0.42319307823049046,35,77,0,1177.1396364841173,9903,2166,7737,0.23408769448373412,0.4725252249795473,44,57.13963648411721,1120.0,4,4,False,{},{},{},{},0.0,0.0,0.0,0.0,0.0,0.0,0.0,0.0,0.0,0.0,0.0,0.0,0.0,0.0,Leave Event,0.0,"{'node_level': {}, 'link_level': {}, 'path_level': {}}","{'node_level': {}, 'link_level': {}, 'path_level': {}}","{'node_level': {}, 'link_level': {}, 'path_level': {}}",[],-inf,-inf,True,True,False,0,[],0,0.0,,
47,39,13,9112.0,21494.0,4739294.846160742,11198894.99605545,0.42393226016562763,0.42319307823049046,35,78,0,1190.480917694336,11418,2248,9170,0.20509193776520507,0.37482956094900466,45,47.480917694335986,1143.0,8,14,False,{},{},{},{},0.0,0.0,0.0,0.0,0.0,0.0,0.0,0.0,0.0,0.0,0.0,0.0,0.0,0.0,Leave Event,0.0,"{'node_level': {}, 'link_level': {}, 'path_level': {}}","{'node_level': {}, 'link_level': {}, 'path_level': {}}","{'node_level': {}, 'link_level': {}, 'path_level': {}}",[],-inf,-inf,True,True,False,0,[],0,0.0,,
47,39,13,9112.0,21494.0,4739294.846160742,11198894.99605545,0.42393226016562763,0.42319307823049046,35,79,0,1195.9532444946365,11418,2248,9170,0.20509193776520507,0.37482956094900466,43,101.95324449463646,1094.0,9,25,False,{},{},{},{},0.0,0.0,0.0,0.0,0.0,0.0,0.0,0.0,0.0,0.0,0.0,0.0,0.0,0.0,Leave Event,0.0,"{'node_level': {}, 'link_level': {}, 'path_level': {}}","{'node_level': {}, 'link_level': {}, 'path_level': {}}","{'node_level': {}, 'link_level': {}, 'path_level': {}}",[],-inf,-inf,True,True,False,0,[],0,0.0,,
48,39,13,9112.0,21494.0,4739294.846160742,11198894.99605545,0.42393226016562763,0.42319307823049046,35,80,1,1200.0,11418,2248,9170,0.20509193776520507,0.37482956094900466,47,114.27367386833356,1200.0,9,14,False,"{0: np.int64(26), 1: np.int64(7), 2: np.int64(12), 3: np.int64(22), 4: np.int64(18), 5: np.int64(33), 6: np.int64(6), 7: np.int64(24), 8: np.int64(19)}","{(0, 3): [(np.int64(26), 23), (23, 20), (20, 22)], (0, 4): [(np.int64(26), 23), (23, 20), (20, 0), (0, 12), (12, 15), (15, 18)], (0, 5): []}","{(0, np.int64(26)): {'cpu': 4}, (1, np.int64(7)): {'cpu': 17}, (2, np.int64(12)): {'cpu': 8}, (3, np.int64(22)): {'cpu': 16}, (4, np.int64(18)): {'cpu': 20}, (5, np.int64(33)): {'cpu': 4}, (6, np.int64(6)): {'cpu': 18}, (7, np.int64(24)): {'cpu': 1}, (8, np.int64(19)): {'cpu': 11}}","{((0, 3), (np.int64(26), 23)): {'bw': 50}, ((0, 3), (23, 20)): {'bw': 50}, ((0, 3), (20, 22)): {'bw': 50}, ((0, 4), (np.int64(26), 23)): {'bw': 33}, ((0, 4), (23, 20)): {'bw': 33}, ((0, 4), (20, 0)): {'bw': 33}, ((0, 4), (0, 12)): {'bw': 33}, ((0, 4), (12, 15)): {'bw': 33}, ((0, 4), (15, 18)): {'bw': 33}}",0.0,0.0,198.0,99.0,406.0,0.0,0.0,0.0,0.0,0.0,0.0,0.0,0.0,0.0,Route Failure,100.0,"{'node_level': {}, 'link_level': {}, 'path_level': {}}","{'node_level': {0: {'cpu': -53}, 1: {'cpu': -38}, 2: {'cpu': -75}, 3: {'cpu': -47}, 4: {'cpu': -25}, 5: {'cpu': -88}, 6: {'cpu': -61}, 7: {'cpu': -49}, 8: {'cpu': -40}}, 'link_level': {(0, 3): {'bw': -37}, (0, 4): {'bw': -4}, (0, 5): {'bw': 100.0}}, 'path_level': {(0, 3): {}, (0, 4): {}, (0, 5): {}}}","{'node_level': {0: {'cpu': 0}, 1: {'cpu': 0}, 2: {'cpu': 0}, 3: {'cpu': 0}, 4: {'cpu': 0}, 5: {'cpu': 0}, 6: {'cpu': 0}, 7: {'cpu': 0}, 8: {'cpu': 0}}, 'link_level': {(0, 3): {'bw': 0}, (0, 4): {'bw': 0}, (0, 5): {'bw': 100.0}}, 'path_level': {(0, 3): {}, (0, 4): {}, (0, 5): {}}}",[],-inf,-inf,True,False,False,0,[],0,0.0,9.0,3.0
48,39,12,9112.0,21494.0,4739294.846160742,11198894.99605545,0.42393226016562763,0.42319307823049046,35,81,0,1211.6741398124225,12786,2309,10477,0.18352192362093356,0.28572402508862826,20,687.6741398124225,524.0,8,16,False,{},{},{},{},0.0,0.0,0.0,0.0,0.0,0.0,0.0,0.0,0.0,0.0,0.0,0.0,0.0,0.0,Leave Event,0.0,"{'node_level': {}, 'link_level': {}, 'path_level': {}}","{'node_level': {}, 'link_level': {}, 'path_level': {}}","{'node_level': {}, 'link_level': {}, 'path_level': {}}",[],-inf,-inf,True,True,False,0,[],0,0.0,,
48,39,11,9112.0,21494.0,4739294.846160742,11198894.99605545,0.42393226016562763,0.42319307823049046,35,82,0,1225.7988471049302,12845,2337,10508,0.17362093352192365,0.28361058085628577,42,151.79884710493022,1074.0,2,1,False,{},{},{},{},0.0,0.0,0.0,0.0,0.0,0.0,0.0,0.0,0.0,0.0,0.0,0.0,0.0,0.0,Leave Event,0.0,"{'node_level': {}, 'link_level': {}, 'path_level': {}}","{'node_level': {}, 'link_level': {}, 'path_level': {}}","{'node_level': {}, 'link_level': {}, 'path_level': {}}",[],-inf,-inf,True,True,False,0,[],0,0.0,,
49,39,11,9112.0,21494.0,4739294.846160742,11198894.99605545,0.42393226016562763,0.42319307823049046,35,83,1,1230.0,12845,2337,10508,0.17362093352192365,0.28361058085628577,48,173.26384215152254,1230.0,10,24,False,"{0: np.int64(2), 1: np.int64(33), 2: np.int64(16), 3: np.int64(13), 4: np.int64(26), 5: np.int64(0), 6: np.int64(4), 7: np.int64(14), 8: np.int64(34), 9: np.int64(22)}","{(0, 5): [(np.int64(2), 5), (5, 6), (6, 4), (4, 0)], (0, 7): [(np.int64(2), 13), (13, 14)], (0, 8): [(np.int64(2), 29), (29, 31), (31, 34)], (0, 9): [(np.int64(2), 21), (21, 22)], (1, 2): [(np.int64(33), 30), (30, 28), (28, 0), (0, 12), (12, 14), (14, 16)], (1, 3): [(np.int64(33), 30), (30, 29), (29, 2), (2, 13)], (1, 5): [(np.int64(33), 30), (30, 28), (28, 1), (1, 4), (4, 0)], (1, 6): [(np.int64(33), 30), (30, 28), (28, 1), (1, 4)], (1, 7): [(np.int64(33), 30), (30, 28), (28, 0), (0, 12), (12, 14)], (1, 9): []}","{(0, np.int64(2)): {'cpu': 0}, (1, np.int64(33)): {'cpu': 11}, (2, np.int64(16)): {'cpu': 2}, (3, np.int64(13)): {'cpu': 15}, (4, np.int64(26)): {'cpu': 0}, (5, np.int64(0)): {'cpu': 1}, (6, np.int64(4)): {'cpu': 5}, (7, np.int64(14)): {'cpu': 4}, (8, np.int64(34)): {'cpu': 11}, (9, np.int64(22)): {'cpu': 20}}","{((0, 5), (np.int64(2), 5)): {'bw': 21}, ((0, 5), (5, 6)): {'bw': 21}, ((0, 5), (6, 4)): {'bw': 21}, ((0, 5), (4, 0)): {'bw': 21}, ((0, 7), (np.int64(2), 13)): {'bw': 12}, ((0, 7), (13, 14)): {'bw': 12}, ((0, 8), (np.int64(2), 29)): {'bw': 10}, ((0, 8), (29, 31)): {'bw': 10}, ((0, 8), (31, 34)): {'bw': 10}, ((0, 9), (np.int64(2), 21)): {'bw': 39}, ((0, 9), (21, 22)): {'bw': 39}, ((1, 2), (np.int64(33), 30)): {'bw': 42}, ((1, 2), (30, 28)): {'bw': 42}, ((1, 2), (28, 0)): {'bw': 42}, ((1, 2), (0, 12)): {'bw': 42}, ((1, 2), (12, 14)): {'bw': 42}, ((1, 2), (14, 16)): {'bw': 42}, ((1, 3), (np.int64(33), 30)): {'bw': 49}, ((1, 3), (30, 29)): {'bw': 49}, ((1, 3), (29, 2)): {'bw': 49}, ((1, 3), (2, 13)): {'bw': 49}, ((1, 5), (np.int64(33), 30)): {'bw': 48}, ((1, 5), (30, 28)): {'bw': 48}, ((1, 5), (28, 1)): {'bw': 48}, ((1, 5), (1, 4)): {'bw': 48}, ((1, 5), (4, 0)): {'bw': 48}, ((1, 6), (np.int64(33), 30)): {'bw': 44}, ((1, 6), (30, 28)): {'bw': 44}, ((1, 6), (28, 1)): {'bw': 44}, ((1, 6), (1, 4)): {'bw': 44}, ((1, 7), (np.int64(33), 30)): {'bw': 11}, ((1, 7), (30, 28)): {'bw': 11}, ((1, 7), (28, 0)): {'bw': 11}, ((1, 7), (0, 12)): {'bw': 11}, ((1, 7), (12, 14)): {'bw': 11}}",0.0,0.0,138.0,69.0,684.0,0.0,0.0,0.0,0.0,0.0,0.0,0.0,0.0,0.0,Route Failure,100.0,"{'node_level': {}, 'link_level': {}, 'path_level': {}}","{'node_level': {0: {'cpu': -30}, 1: {'cpu': -81}, 2: {'cpu': -90}, 3: {'cpu': -73}, 4: {'cpu': -69}, 5: {'cpu': -83}, 6: {'cpu': -53}, 7: {'cpu': -75}, 8: {'cpu': -64}, 9: {'cpu': -43}}, 'link_level': {(0, 5): {'bw': -108}, (0, 7): {'bw': -94}, (0, 8): {'bw': -91}, (0, 9): {'bw': -77}, (1, 2): {'bw': -28}, (1, 3): {'bw': -45}, (1, 5): {'bw': -60}, (1, 6): {'bw': -25}, (1, 7): {'bw': -14}, (1, 9): {'bw': 100.0}}, 'path_level': {(0, 5): {}, (0, 7): {}, (0, 8): {}, (0, 9): {}, (1, 2): {}, (1, 3): {}, (1, 5): {}, (1, 6): {}, (1, 7): {}, (1, 9): {}}}","{'node_level': {0: {'cpu': 0}, 1: {'cpu': 0}, 2: {'cpu': 0}, 3: {'cpu': 0}, 4: {'cpu': 0}, 5: {'cpu': 0}, 6: {'cpu': 0}, 7: {'cpu': 0}, 8: {'cpu': 0}, 9: {'cpu': 0}}, 'link_level': {(0, 5): {'bw': 0}, (0, 7): {'bw': 0}, (0, 8): {'bw': 0}, (0, 9): {'bw': 0}, (1, 2): {'bw': 0}, (1, 3): {'bw': 0}, (1, 5): {'bw': 0}, (1, 6): {'bw': 0}, (1, 7): {'bw': 0}, (1, 9): {'bw': 100.0}}, 'path_level': {(0, 5): {}, (0, 7): {}, (0, 8): {}, (0, 9): {}, (1, 2): {}, (1, 3): {}, (1, 5): {}, (1, 6): {}, (1, 7): {}, (1, 9): {}}}",[],-inf,-inf,True,False,False,0,[],0,0.0,10.0,10.0
49,39,10,9112.0,21494.0,4739294.846160742,11198894.99605545,0.42393226016562763,0.42319307823049046,35,84,0,1249.265267639189,12998,2380,10618,0.15841584158415845,0.27611126261248975,6,1077.265267639189,172.0,4,4,False,{},{},{},{},0.0,0.0,0.0,0.0,0.0,0.0,0.0,0.0,0.0,0.0,0.0,0.0,0.0,0.0,Leave Event,0.0,"{'node_level': {}, 'link_level': {}, 'path_level': {}}","{'node_level': {}, 'link_level': {}, 'path_level': {}}","{'node_level': {}, 'link_level': {}, 'path_level': {}}",[],-inf,-inf,True,True,False,0,[],0,0.0,,
50,40,11,9201.0,21632.0,4854672.896240142,11377795.792807778,0.42534208579881655,0.4266795594370674,35,85,1,1252.0,12860,2325,10535,0.17786421499292782,0.2817698391055359,49,1296.3825851617921,1252.0,4,4,True,"{0: np.int64(0), 1: np.int64(28), 2: np.int64(27), 3: np.int64(2)}","{(0, 1): [(np.int64(0), 28)], (0, 2): [(np.int64(0), 20), (20, 23), (23, 27)], (0, 3): [(np.int64(0), 4), (4, 6), (6, 5), (5, 2)], (1, 3): [(np.int64(28), 30), (30, 29), (29, 2)]}","{(0, np.int64(0)): {'cpu': 18}, (1, np.int64(28)): {'cpu': 13}, (2, np.int64(27)): {'cpu': 14}, (3, np.int64(2)): {'cpu': 10}}","{((0, 1), (np.int64(0), 28)): {'bw': 11}, ((0, 2), (np.int64(0), 20)): {'bw': 0}, ((0, 2), (20, 23)): {'bw': 0}, ((0, 2), (23, 27)): {'bw': 0}, ((0, 3), (np.int64(0), 4)): {'bw': 3}, ((0, 3), (4, 6)): {'bw': 3}, ((0, 3), (6, 5)): {'bw': 3}, ((0, 3), (5, 2)): {'bw': 3}, ((1, 3), (np.int64(28), 30)): {'bw': 20}, ((1, 3), (30, 29)): {'bw': 20}, ((1, 3), (29, 2)): {'bw': 20}}",138.0,89.0,110.0,55.0,34.0,55.0,34.0,55.0,83.0,49.0,0.644927536231884,178900.79675232733,115378.0500793995,836.0728266623152,Success,0.0,"{'node_level': {}, 'link_level': {}, 'path_level': {}}","{'node_level': {0: {'cpu': -66}, 1: {'cpu': -65}, 2: {'cpu': -29}, 3: {'cpu': -20}}, 'link_level': {(0, 1): {'bw': -59}, (0, 2): {'bw': -133}, (0, 3): {'bw': -126}, (1, 3): {'bw': -140}}, 'path_level': {(0, 1): {}, (0, 2): {}, (0, 3): {}, (1, 3): {}}}","{'node_level': {0: {'cpu': 0}, 1: {'cpu': 0}, 2: {'cpu': 0}, 3: {'cpu': 0}}, 'link_level': {(0, 1): {'bw': 0}, (0, 2): {'bw': 0}, (0, 3): {'bw': 0}, (1, 3): {'bw': 0}}, 'path_level': {(0, 1): {}, (0, 2): {}, (0, 3): {}, (1, 3): {}}}",[],-inf,-inf,True,True,False,0,[],0,0.0,4.0,4.0
51,41,12,9690.0,22686.0,4903335.390585734,11482683.868554717,0.4271356783919598,0.4270199760539866,36,86,1,1277.0,11806,2214,9592,0.21711456859971712,0.3460594491409872,50,99.51430336521751,1277.0,8,13,True,"{0: np.int64(33), 1: np.int64(1), 2: np.int64(25), 3: np.int64(3), 4: np.int64(22), 5: np.int64(24), 6: np.int64(28), 7: np.int64(32)}","{(0, 1): [(np.int64(33), 30), (30, 28), (28, 1)], (1, 2): [(np.int64(1), 20), (20, 22), (22, 25)], (1, 4): [(np.int64(1), 20), (20, 22)], (1, 5): [(np.int64(1), 20), (20, 22), (22, 24)], (2, 3): [(np.int64(25), 22), (22, 21), (21, 3)], (2, 4): [(np.int64(25), 22)], (2, 5): [(np.int64(25), 22), (22, 24)], (3, 4): [(np.int64(3), 21), (21, 22)], (3, 5): [(np.int64(3), 21), (21, 22), (22, 24)], (3, 6): [(np.int64(3), 29), (29, 30), (30, 28)], (4, 5): [(np.int64(22), 24)], (5, 6): [(np.int64(24), 22), (22, 20), (20, 0), (0, 28)], (6, 7): [(np.int64(28), 30), (30, 32)]}","{(0, np.int64(33)): {'cpu': 14}, (1, np.int64(1)): {'cpu': 18}, (2, np.int64(25)): {'cpu': 6}, (3, np.int64(3)): {'cpu': 9}, (4, np.int64(22)): {'cpu': 19}, (5, np.int64(24)): {'cpu': 7}, (6, np.int64(28)): {'cpu': 18}, (7, np.int64(32)): {'cpu': 20}}","{((0, 1), (np.int64(33), 30)): {'bw': 31}, ((0, 1), (30, 28)): {'bw': 31}, ((0, 1), (28, 1)): {'bw': 31}, ((1, 2), (np.int64(1), 20)): {'bw': 3}, ((1, 2), (20, 22)): {'bw': 3}, ((1, 2), (22, 25)): {'bw': 3}, ((1, 4), (np.int64(1), 20)): {'bw': 17}, ((1, 4), (20, 22)): {'bw': 17}, ((1, 5), (np.int64(1), 20)): {'bw': 45}, ((1, 5), (20, 22)): {'bw': 45}, ((1, 5), (22, 24)): {'bw': 45}, ((2, 3), (np.int64(25), 22)): {'bw': 42}, ((2, 3), (22, 21)): {'bw': 42}, ((2, 3), (21, 3)): {'bw': 42}, ((2, 4), (np.int64(25), 22)): {'bw': 14}, ((2, 5), (np.int64(25), 22)): {'bw': 18}, ((2, 5), (22, 24)): {'bw': 18}, ((3, 4), (np.int64(3), 21)): {'bw': 42}, ((3, 4), (21, 22)): {'bw': 42}, ((3, 5), (np.int64(3), 21)): {'bw': 5}, ((3, 5), (21, 22)): {'bw': 5}, ((3, 5), (22, 24)): {'bw': 5}, ((3, 6), (np.int64(3), 29)): {'bw': 19}, ((3, 6), (29, 30)): {'bw': 19}, ((3, 6), (30, 28)): {'bw': 19}, ((4, 5), (np.int64(22), 24)): {'bw': 44}, ((5, 6), (np.int64(24), 22)): {'bw': 50}, ((5, 6), (22, 20)): {'bw': 50}, ((5, 6), (20, 0)): {'bw': 50}, ((5, 6), (0, 28)): {'bw': 50}, ((6, 7), (np.int64(28), 30)): {'bw': 48}, ((6, 7), (30, 32)): {'bw': 48}}",1054.0,489.0,222.0,111.0,378.0,111.0,378.0,111.0,943.0,565.0,0.4639468690702087,104888.07574693926,48662.49434559137,46.1693494739956,Success,0.0,"{'node_level': {}, 'link_level': {}, 'path_level': {}}","{'node_level': {0: {'cpu': -78}, 1: {'cpu': -29}, 2: {'cpu': -88}, 3: {'cpu': -43}, 4: {'cpu': -58}, 5: {'cpu': -43}, 6: {'cpu': -47}, 7: {'cpu': -52}}, 'link_level': {(0, 1): {'bw': -111}, (1, 2): {'bw': -232}, (1, 4): {'bw': -215}, (1, 5): {'bw': -167}, (2, 3): {'bw': -63}, (2, 4): {'bw': -308}, (2, 5): {'bw': -149}, (3, 4): {'bw': -21}, (3, 5): {'bw': -16}, (3, 6): {'bw': -92}, (4, 5): {'bw': -100}, (5, 6): {'bw': -9}, (6, 7): {'bw': -44}}, 'path_level': {(0, 1): {}, (1, 2): {}, (1, 4): {}, (1, 5): {}, (2, 3): {}, (2, 4): {}, (2, 5): {}, (3, 4): {}, (3, 5): {}, (3, 6): {}, (4, 5): {}, (5, 6): {}, (6, 7): {}}}","{'node_level': {0: {'cpu': 0}, 1: {'cpu': 0}, 2: {'cpu': 0}, 3: {'cpu': 0}, 4: {'cpu': 0}, 5: {'cpu': 0}, 6: {'cpu': 0}, 7: {'cpu': 0}}, 'link_level': {(0, 1): {'bw': 0}, (1, 2): {'bw': 0}, (1, 4): {'bw': 0}, (1, 5): {'bw': 0}, (2, 3): {'bw': 0}, (2, 4): {'bw': 0}, (2, 5): {'bw': 0}, (3, 4): {'bw': 0}, (3, 5): {'bw': 0}, (3, 6): {'bw': 0}, (4, 5): {'bw': 0}, (5, 6): {'bw': 0}, (6, 7): {'bw': 0}}, 'path_level': {(0, 1): {}, (1, 2): {}, (1, 4): {}, (1, 5): {}, (2, 3): {}, (2, 4): {}, (2, 5): {}, (3, 4): {}, (3, 5): {}, (3, 6): {}, (4, 5): {}, (5, 6): {}, (6, 7): {}}}",[],-inf,-inf,True,True,False,0,[],0,0.0,8.0,13.0
52,41,12,9690.0,22686.0,4903335.390585734,11482683.868554717,0.4271356783919598,0.4270199760539866,36,87,1,1302.0,11806,2214,9592,0.21711456859971712,0.3460594491409872,51,511.6052911141581,1302.0,9,20,False,"{0: np.int64(6), 1: np.int64(8), 2: np.int64(12), 3: np.int64(25), 4: np.int64(11), 5: np.int64(3), 6: np.int64(26), 7: np.int64(29), 8: np.int64(20)}","{(0, 1): [(np.int64(6), 8)], (0, 3): [(np.int64(6), 4), (4, 0), (0, 20), (20, 22), (22, 25)], (0, 5): [(np.int64(6), 5), (5, 3)], (0, 6): [(np.int64(6), 4), (4, 0), (0, 20), (20, 23), (23, 26)], (0, 7): [(np.int64(6), 5), (5, 2), (2, 29)], (1, 3): [(np.int64(8), 6), (6, 4), (4, 0), (0, 20), (20, 22), (22, 25)], (1, 4): [(np.int64(8), 6), (6, 4), (4, 7), (7, 11)], (1, 6): [(np.int64(8), 6), (6, 4), (4, 0), (0, 20), (20, 23), (23, 26)], (1, 7): [(np.int64(8), 6), (6, 5), (5, 2), (2, 29)], (1, 8): [(np.int64(8), 6), (6, 4), (4, 1), (1, 20)], (2, 6): [(np.int64(12), 0), (0, 20), (20, 23), (23, 26)], (2, 7): [(np.int64(12), 1), (1, 28), (28, 30), (30, 29)], (2, 8): [(np.int64(12), 0), (0, 20)], (3, 5): [(np.int64(25), 22), (22, 21), (21, 2), (2, 5), (5, 3)], (3, 6): [(np.int64(25), 22), (22, 20), (20, 23), (23, 26)], (3, 8): []}","{(0, np.int64(6)): {'cpu': 4}, (1, np.int64(8)): {'cpu': 15}, (2, np.int64(12)): {'cpu': 1}, (3, np.int64(25)): {'cpu': 20}, (4, np.int64(11)): {'cpu': 0}, (5, np.int64(3)): {'cpu': 3}, (6, np.int64(26)): {'cpu': 5}, (7, np.int64(29)): {'cpu': 20}, (8, np.int64(20)): {'cpu': 14}}","{((0, 1), (np.int64(6), 8)): {'bw': 7}, ((0, 3), (np.int64(6), 4)): {'bw': 36}, ((0, 3), (4, 0)): {'bw': 36}, ((0, 3), (0, 20)): {'bw': 36}, ((0, 3), (20, 22)): {'bw': 36}, ((0, 3), (22, 25)): {'bw': 36}, ((0, 5), (np.int64(6), 5)): {'bw': 23}, ((0, 5), (5, 3)): {'bw': 23}, ((0, 6), (np.int64(6), 4)): {'bw': 5}, ((0, 6), (4, 0)): {'bw': 5}, ((0, 6), (0, 20)): {'bw': 5}, ((0, 6), (20, 23)): {'bw': 5}, ((0, 6), (23, 26)): {'bw': 5}, ((0, 7), (np.int64(6), 5)): {'bw': 44}, ((0, 7), (5, 2)): {'bw': 44}, ((0, 7), (2, 29)): {'bw': 44}, ((1, 3), (np.int64(8), 6)): {'bw': 40}, ((1, 3), (6, 4)): {'bw': 40}, ((1, 3), (4, 0)): {'bw': 40}, ((1, 3), (0, 20)): {'bw': 40}, ((1, 3), (20, 22)): {'bw': 40}, ((1, 3), (22, 25)): {'bw': 40}, ((1, 4), (np.int64(8), 6)): {'bw': 23}, ((1, 4), (6, 4)): {'bw': 23}, ((1, 4), (4, 7)): {'bw': 23}, ((1, 4), (7, 11)): {'bw': 23}, ((1, 6), (np.int64(8), 6)): {'bw': 35}, ((1, 6), (6, 4)): {'bw': 35}, ((1, 6), (4, 0)): {'bw': 35}, ((1, 6), (0, 20)): {'bw': 35}, ((1, 6), (20, 23)): {'bw': 35}, ((1, 6), (23, 26)): {'bw': 35}, ((1, 7), (np.int64(8), 6)): {'bw': 0}, ((1, 7), (6, 5)): {'bw': 0}, ((1, 7), (5, 2)): {'bw': 0}, ((1, 7), (2, 29)): {'bw': 0}, ((1, 8), (np.int64(8), 6)): {'bw': 17}, ((1, 8), (6, 4)): {'bw': 17}, ((1, 8), (4, 1)): {'bw': 17}, ((1, 8), (1, 20)): {'bw': 17}, ((2, 6), (np.int64(12), 0)): {'bw': 50}, ((2, 6), (0, 20)): {'bw': 50}, ((2, 6), (20, 23)): {'bw': 50}, ((2, 6), (23, 26)): {'bw': 50}, ((2, 7), (np.int64(12), 1)): {'bw': 38}, ((2, 7), (1, 28)): {'bw': 38}, ((2, 7), (28, 30)): {'bw': 38}, ((2, 7), (30, 29)): {'bw': 38}, ((2, 8), (np.int64(12), 0)): {'bw': 22}, ((2, 8), (0, 20)): {'bw': 22}, ((3, 5), (np.int64(25), 22)): {'bw': 23}, ((3, 5), (22, 21)): {'bw': 23}, ((3, 5), (21, 2)): {'bw': 23}, ((3, 5), (2, 5)): {'bw': 23}, ((3, 5), (5, 3)): {'bw': 23}, ((3, 6), (np.int64(25), 22)): {'bw': 40}, ((3, 6), (22, 20)): {'bw': 40}, ((3, 6), (20, 23)): {'bw': 40}, ((3, 6), (23, 26)): {'bw': 40}}",0.0,0.0,164.0,82.0,543.0,0.0,0.0,0.0,0.0,0.0,0.0,0.0,0.0,0.0,Route Failure,100.0,"{'node_level': {}, 'link_level': {}, 'path_level': {}}","{'node_level': {0: {'cpu': -75}, 1: {'cpu': -50}, 2: {'cpu': -82}, 3: {'cpu': -68}, 4: {'cpu': -72}, 5: {'cpu': -40}, 6: {'cpu': -64}, 7: {'cpu': -2}, 8: {'cpu': -44}}, 'link_level': {(0, 1): {'bw': -150}, (0, 3): {'bw': -90}, (0, 5): {'bw': -253}, (0, 6): {'bw': -85}, (0, 7): {'bw': -96}, (1, 3): {'bw': -45}, (1, 4): {'bw': -69}, (1, 6): {'bw': -10}, (1, 7): {'bw': -52}, (1, 8): {'bw': -17}, (2, 6): {'bw': -43}, (2, 7): {'bw': -6}, (2, 8): {'bw': -37}, (3, 5): {'bw': -15}, (3, 6): {'bw': -3}, (3, 8): {'bw': 100.0}}, 'path_level': {(0, 1): {}, (0, 3): {}, (0, 5): {}, (0, 6): {}, (0, 7): {}, (1, 3): {}, (1, 4): {}, (1, 6): {}, (1, 7): {}, (1, 8): {}, (2, 6): {}, (2, 7): {}, (2, 8): {}, (3, 5): {}, (3, 6): {}, (3, 8): {}}}","{'node_level': {0: {'cpu': 0}, 1: {'cpu': 0}, 2: {'cpu': 0}, 3: {'cpu': 0}, 4: {'cpu': 0}, 5: {'cpu': 0}, 6: {'cpu': 0}, 7: {'cpu': 0}, 8: {'cpu': 0}}, 'link_level': {(0, 1): {'bw': 0}, (0, 3): {'bw': 0}, (0, 5): {'bw': 0}, (0, 6): {'bw': 0}, (0, 7): {'bw': 0}, (1, 3): {'bw': 0}, (1, 4): {'bw': 0}, (1, 6): {'bw': 0}, (1, 7): {'bw': 0}, (1, 8): {'bw': 0}, (2, 6): {'bw': 0}, (2, 7): {'bw': 0}, (2, 8): {'bw': 0}, (3, 5): {'bw': 0}, (3, 6): {'bw': 0}, (3, 8): {'bw': 100.0}}, 'path_level': {(0, 1): {}, (0, 3): {}, (0, 5): {}, (0, 6): {}, (0, 7): {}, (1, 3): {}, (1, 4): {}, (1, 6): {}, (1, 7): {}, (1, 8): {}, (2, 6): {}, (2, 7): {}, (2, 8): {}, (3, 5): {}, (3, 6): {}, (3, 8): {}}}",[],-inf,-inf,True,False,False,0,[],0,0.0,9.0,16.0
52,41,12,9690.0,22686.0,4903335.390585734,11482683.868554717,0.4271356783919598,0.4270199760539866,36,88,0,1314.2736738683336,11806,2214,9592,0.21711456859971712,0.3460594491409872,47,114.27367386833356,1200.0,9,14,False,{},{},{},{},0.0,0.0,0.0,0.0,0.0,0.0,0.0,0.0,0.0,0.0,0.0,0.0,0.0,0.0,Leave Event,0.0,"{'node_level': {}, 'link_level': {}, 'path_level': {}}","{'node_level': {}, 'link_level': {}, 'path_level': {}}","{'node_level': {}, 'link_level': {}, 'path_level': {}}",[],-inf,-inf,True,True,False,0,[],0,0.0,,
53,41,12,9690.0,22686.0,4903335.390585734,11482683.868554717,0.4271356783919598,0.4270199760539866,36,89,1,1323.0,11806,2214,9592,0.21711456859971712,0.3460594491409872,52,52.98603685218048,1323.0,9,21,False,"{0: np.int64(8), 1: np.int64(24), 2: np.int64(29), 3: np.int64(21), 4: np.int64(35), 5: np.int64(19), 6: np.int64(27), 7: np.int64(6), 8: np.int64(3)}","{(0, 2): [(np.int64(8), 6), (6, 5), (5, 2), (2, 29)], (0, 3): [(np.int64(8), 6), (6, 5), (5, 2), (2, 21)], (0, 4): [(np.int64(8), 6), (6, 4), (4, 0), (0, 28), (28, 31), (31, 35)], (0, 5): [(np.int64(8), 6), (6, 4), (4, 0), (0, 12), (12, 15), (15, 19)], (0, 7): [(np.int64(8), 6)], (1, 2): [(np.int64(24), 22), (22, 21), (21, 2), (2, 29)], (1, 3): []}","{(0, np.int64(8)): {'cpu': 18}, (1, np.int64(24)): {'cpu': 11}, (2, np.int64(29)): {'cpu': 17}, (3, np.int64(21)): {'cpu': 5}, (4, np.int64(35)): {'cpu': 6}, (5, np.int64(19)): {'cpu': 12}, (6, np.int64(27)): {'cpu': 9}, (7, np.int64(6)): {'cpu': 14}, (8, np.int64(3)): {'cpu': 12}}","{((0, 2), (np.int64(8), 6)): {'bw': 12}, ((0, 2), (6, 5)): {'bw': 12}, ((0, 2), (5, 2)): {'bw': 12}, ((0, 2), (2, 29)): {'bw': 12}, ((0, 3), (np.int64(8), 6)): {'bw': 26}, ((0, 3), (6, 5)): {'bw': 26}, ((0, 3), (5, 2)): {'bw': 26}, ((0, 3), (2, 21)): {'bw': 26}, ((0, 4), (np.int64(8), 6)): {'bw': 2}, ((0, 4), (6, 4)): {'bw': 2}, ((0, 4), (4, 0)): {'bw': 2}, ((0, 4), (0, 28)): {'bw': 2}, ((0, 4), (28, 31)): {'bw': 2}, ((0, 4), (31, 35)): {'bw': 2}, ((0, 5), (np.int64(8), 6)): {'bw': 17}, ((0, 5), (6, 4)): {'bw': 17}, ((0, 5), (4, 0)): {'bw': 17}, ((0, 5), (0, 12)): {'bw': 17}, ((0, 5), (12, 15)): {'bw': 17}, ((0, 5), (15, 19)): {'bw': 17}, ((0, 7), (np.int64(8), 6)): {'bw': 28}, ((1, 2), (np.int64(24), 22)): {'bw': 30}, ((1, 2), (22, 21)): {'bw': 30}, ((1, 2), (21, 2)): {'bw': 30}, ((1, 2), (2, 29)): {'bw': 30}}",0.0,0.0,208.0,104.0,435.0,0.0,0.0,0.0,0.0,0.0,0.0,0.0,0.0,0.0,Route Failure,100.0,"{'node_level': {}, 'link_level': {}, 'path_level': {}}","{'node_level': {0: {'cpu': -47}, 1: {'cpu': -32}, 2: {'cpu': -5}, 3: {'cpu': -25}, 4: {'cpu': -72}, 5: {'cpu': -39}, 6: {'cpu': -20}, 7: {'cpu': -65}, 8: {'cpu': -31}}, 'link_level': {(0, 2): {'bw': -128}, (0, 3): {'bw': -119}, (0, 4): {'bw': -7}, (0, 5): {'bw': -100}, (0, 7): {'bw': -72}, (1, 2): {'bw': -8}, (1, 3): {'bw': 100.0}}, 'path_level': {(0, 2): {}, (0, 3): {}, (0, 4): {}, (0, 5): {}, (0, 7): {}, (1, 2): {}, (1, 3): {}}}","{'node_level': {0: {'cpu': 0}, 1: {'cpu': 0}, 2: {'cpu': 0}, 3: {'cpu': 0}, 4: {'cpu': 0}, 5: {'cpu': 0}, 6: {'cpu': 0}, 7: {'cpu': 0}, 8: {'cpu': 0}}, 'link_level': {(0, 2): {'bw': 0}, (0, 3): {'bw': 0}, (0, 4): {'bw': 0}, (0, 5): {'bw': 0}, (0, 7): {'bw': 0}, (1, 2): {'bw': 0}, (1, 3): {'bw': 100.0}}, 'path_level': {(0, 2): {}, (0, 3): {}, (0, 4): {}, (0, 5): {}, (0, 7): {}, (1, 2): {}, (1, 3): {}}}",[],-inf,-inf,True,False,False,0,[],0,0.0,9.0,7.0
54,42,13,9862.0,23052.0,4952613.758847706,11587543.652181936,0.4278153739371855,0.42740842300215437,36,90,1,1347.0,11440,2174,9266,0.2312588401697313,0.3682847013907826,53,286.50214105797744,1347.0,4,5,True,"{0: np.int64(30), 1: np.int64(18), 2: np.int64(5), 3: np.int64(2)}","{(0, 2): [(np.int64(30), 29), (29, 2), (2, 5)], (0, 3): [(np.int64(30), 29), (29, 2)], (1, 2): [(np.int64(18), 15), (15, 13), (13, 2), (2, 5)], (1, 3): [(np.int64(18), 15), (15, 13), (13, 2)], (2, 3): [(np.int64(5), 2)]}","{(0, np.int64(30)): {'cpu': 1}, (1, np.int64(18)): {'cpu': 11}, (2, np.int64(5)): {'cpu': 11}, (3, np.int64(2)): {'cpu': 17}}","{((0, 2), (np.int64(30), 29)): {'bw': 46}, ((0, 2), (29, 2)): {'bw': 46}, ((0, 2), (2, 5)): {'bw': 46}, ((0, 3), (np.int64(30), 29)): {'bw': 44}, ((0, 3), (29, 2)): {'bw': 44}, ((1, 2), (np.int64(18), 15)): {'bw': 12}, ((1, 2), (15, 13)): {'bw': 12}, ((1, 2), (13, 2)): {'bw': 12}, ((1, 2), (2, 5)): {'bw': 12}, ((1, 3), (np.int64(18), 15)): {'bw': 11}, ((1, 3), (15, 13)): {'bw': 11}, ((1, 3), (13, 2)): {'bw': 11}, ((2, 3), (np.int64(5), 2)): {'bw': 19}}",366.0,172.0,80.0,40.0,132.0,40.0,132.0,40.0,326.0,194.0,0.46994535519125685,104859.78362721975,49278.36826197212,134.64035044254678,Success,0.0,"{'node_level': {}, 'link_level': {}, 'path_level': {}}","{'node_level': {0: {'cpu': -72}, 1: {'cpu': -34}, 2: {'cpu': -28}, 3: {'cpu': -3}}, 'link_level': {(0, 2): {'bw': -94}, (0, 3): {'bw': -50}, (1, 2): {'bw': -119}, (1, 3): {'bw': -108}, (2, 3): {'bw': -137}}, 'path_level': {(0, 2): {}, (0, 3): {}, (1, 2): {}, (1, 3): {}, (2, 3): {}}}","{'node_level': {0: {'cpu': 0}, 1: {'cpu': 0}, 2: {'cpu': 0}, 3: {'cpu': 0}}, 'link_level': {(0, 2): {'bw': 0}, (0, 3): {'bw': 0}, (1, 2): {'bw': 0}, (1, 3): {'bw': 0}, (2, 3): {'bw': 0}}, 'path_level': {(0, 2): {}, (0, 3): {}, (1, 2): {}, (1, 3): {}, (2, 3): {}}}",[],-inf,-inf,True,True,False,0,[],0,0.0,4.0,5.0
54,42,12,9862.0,23052.0,4952613.758847706,11587543.652181936,0.4278153739371855,0.42740842300215437,36,91,0,1374.9224767613305,11683,2204,9479,0.2206506364922206,0.35376329424597763,37,442.9224767613304,932.0,4,4,False,{},{},{},{},0.0,0.0,0.0,0.0,0.0,0.0,0.0,0.0,0.0,0.0,0.0,0.0,0.0,0.0,Leave Event,0.0,"{'node_level': {}, 'link_level': {}, 'path_level': {}}","{'node_level': {}, 'link_level': {}, 'path_level': {}}","{'node_level': {}, 'link_level': {}, 'path_level': {}}",[],-inf,-inf,True,True,False,0,[],0,0.0,,
54,42,12,9862.0,23052.0,4952613.758847706,11587543.652181936,0.4278153739371855,0.42740842300215437,36,92,0,1375.9860368521804,11683,2204,9479,0.2206506364922206,0.35376329424597763,52,52.98603685218048,1323.0,9,21,False,{},{},{},{},0.0,0.0,0.0,0.0,0.0,0.0,0.0,0.0,0.0,0.0,0.0,0.0,0.0,0.0,Leave Event,0.0,"{'node_level': {}, 'link_level': {}, 'path_level': {}}","{'node_level': {}, 'link_level': {}, 'path_level': {}}","{'node_level': {}, 'link_level': {}, 'path_level': {}}",[],-inf,-inf,True,True,False,0,[],0,0.0,,
54,42,11,9862.0,23052.0,4952613.758847706,11587543.652181936,0.4278153739371855,0.42740842300215437,36,93,0,1376.5143033652175,12737,2315,10422,0.18140028288543142,0.2894736842105263,50,99.51430336521751,1277.0,8,13,False,{},{},{},{},0.0,0.0,0.0,0.0,0.0,0.0,0.0,0.0,0.0,0.0,0.0,0.0,0.0,0.0,Leave Event,0.0,"{'node_level': {}, 'link_level': {}, 'path_level': {}}","{'node_level': {}, 'link_level': {}, 'path_level': {}}","{'node_level': {}, 'link_level': {}, 'path_level': {}}",[],-inf,-inf,True,True,False,0,[],0,0.0,,
55,42,11,9862.0,23052.0,4952613.758847706,11587543.652181936,0.4278153739371855,0.42740842300215437,36,94,1,1377.0,12737,2315,10422,0.18140028288543142,0.2894736842105263,54,668.0114646872048,1377.0,9,18,False,"{0: np.int64(23), 1: np.int64(18), 2: np.int64(32), 3: np.int64(27), 4: np.int64(11), 5: np.int64(34), 6: np.int64(29), 7: np.int64(14), 8: np.int64(17)}","{(0, 2): [(np.int64(23), 20), (20, 0), (0, 28), (28, 30), (30, 32)], (0, 7): [(np.int64(23), 20), (20, 0), (0, 12), (12, 14)], (1, 3): [(np.int64(18), 15), (15, 12), (12, 0), (0, 20), (20, 23), (23, 27)], (1, 5): [(np.int64(18), 15), (15, 12), (12, 0), (0, 28), (28, 31), (31, 34)], (1, 8): [(np.int64(18), 15), (15, 12), (12, 14), (14, 17)], (2, 3): [(np.int64(32), 30), (30, 28), (28, 1), (1, 20), (20, 23), (23, 27)], (2, 5): [(np.int64(32), 30), (30, 28), (28, 31), (31, 34)], (2, 6): [(np.int64(32), 30), (30, 29)], (2, 8): [(np.int64(32), 30), (30, 28), (28, 1), (1, 12), (12, 14), (14, 17)], (3, 4): [(np.int64(27), 23), (23, 20), (20, 0), (0, 4), (4, 7), (7, 11)], (3, 5): [(np.int64(27), 23), (23, 20), (20, 0), (0, 28), (28, 31), (31, 34)], (3, 7): [(np.int64(27), 23), (23, 20), (20, 0), (0, 12), (12, 14)], (3, 8): [(np.int64(27), 23), (23, 21), (21, 2), (2, 13), (13, 14), (14, 17)], (4, 5): [(np.int64(11), 7), (7, 4), (4, 1), (1, 28), (28, 31), (31, 34)], (4, 6): [(np.int64(11), 7), (7, 5), (5, 2), (2, 29)], (5, 8): []}","{(0, np.int64(23)): {'cpu': 18}, (1, np.int64(18)): {'cpu': 0}, (2, np.int64(32)): {'cpu': 0}, (3, np.int64(27)): {'cpu': 9}, (4, np.int64(11)): {'cpu': 13}, (5, np.int64(34)): {'cpu': 10}, (6, np.int64(29)): {'cpu': 9}, (7, np.int64(14)): {'cpu': 4}, (8, np.int64(17)): {'cpu': 17}}","{((0, 2), (np.int64(23), 20)): {'bw': 11}, ((0, 2), (20, 0)): {'bw': 11}, ((0, 2), (0, 28)): {'bw': 11}, ((0, 2), (28, 30)): {'bw': 11}, ((0, 2), (30, 32)): {'bw': 11}, ((0, 7), (np.int64(23), 20)): {'bw': 16}, ((0, 7), (20, 0)): {'bw': 16}, ((0, 7), (0, 12)): {'bw': 16}, ((0, 7), (12, 14)): {'bw': 16}, ((1, 3), (np.int64(18), 15)): {'bw': 28}, ((1, 3), (15, 12)): {'bw': 28}, ((1, 3), (12, 0)): {'bw': 28}, ((1, 3), (0, 20)): {'bw': 28}, ((1, 3), (20, 23)): {'bw': 28}, ((1, 3), (23, 27)): {'bw': 28}, ((1, 5), (np.int64(18), 15)): {'bw': 28}, ((1, 5), (15, 12)): {'bw': 28}, ((1, 5), (12, 0)): {'bw': 28}, ((1, 5), (0, 28)): {'bw': 28}, ((1, 5), (28, 31)): {'bw': 28}, ((1, 5), (31, 34)): {'bw': 28}, ((1, 8), (np.int64(18), 15)): {'bw': 38}, ((1, 8), (15, 12)): {'bw': 38}, ((1, 8), (12, 14)): {'bw': 38}, ((1, 8), (14, 17)): {'bw': 38}, ((2, 3), (np.int64(32), 30)): {'bw': 23}, ((2, 3), (30, 28)): {'bw': 23}, ((2, 3), (28, 1)): {'bw': 23}, ((2, 3), (1, 20)): {'bw': 23}, ((2, 3), (20, 23)): {'bw': 23}, ((2, 3), (23, 27)): {'bw': 23}, ((2, 5), (np.int64(32), 30)): {'bw': 24}, ((2, 5), (30, 28)): {'bw': 24}, ((2, 5), (28, 31)): {'bw': 24}, ((2, 5), (31, 34)): {'bw': 24}, ((2, 6), (np.int64(32), 30)): {'bw': 9}, ((2, 6), (30, 29)): {'bw': 9}, ((2, 8), (np.int64(32), 30)): {'bw': 22}, ((2, 8), (30, 28)): {'bw': 22}, ((2, 8), (28, 1)): {'bw': 22}, ((2, 8), (1, 12)): {'bw': 22}, ((2, 8), (12, 14)): {'bw': 22}, ((2, 8), (14, 17)): {'bw': 22}, ((3, 4), (np.int64(27), 23)): {'bw': 36}, ((3, 4), (23, 20)): {'bw': 36}, ((3, 4), (20, 0)): {'bw': 36}, ((3, 4), (0, 4)): {'bw': 36}, ((3, 4), (4, 7)): {'bw': 36}, ((3, 4), (7, 11)): {'bw': 36}, ((3, 5), (np.int64(27), 23)): {'bw': 6}, ((3, 5), (23, 20)): {'bw': 6}, ((3, 5), (20, 0)): {'bw': 6}, ((3, 5), (0, 28)): {'bw': 6}, ((3, 5), (28, 31)): {'bw': 6}, ((3, 5), (31, 34)): {'bw': 6}, ((3, 7), (np.int64(27), 23)): {'bw': 12}, ((3, 7), (23, 20)): {'bw': 12}, ((3, 7), (20, 0)): {'bw': 12}, ((3, 7), (0, 12)): {'bw': 12}, ((3, 7), (12, 14)): {'bw': 12}, ((3, 8), (np.int64(27), 23)): {'bw': 32}, ((3, 8), (23, 21)): {'bw': 32}, ((3, 8), (21, 2)): {'bw': 32}, ((3, 8), (2, 13)): {'bw': 32}, ((3, 8), (13, 14)): {'bw': 32}, ((3, 8), (14, 17)): {'bw': 32}, ((4, 5), (np.int64(11), 7)): {'bw': 23}, ((4, 5), (7, 4)): {'bw': 23}, ((4, 5), (4, 1)): {'bw': 23}, ((4, 5), (1, 28)): {'bw': 23}, ((4, 5), (28, 31)): {'bw': 23}, ((4, 5), (31, 34)): {'bw': 23}, ((4, 6), (np.int64(11), 7)): {'bw': 8}, ((4, 6), (7, 5)): {'bw': 8}, ((4, 6), (5, 2)): {'bw': 8}, ((4, 6), (2, 29)): {'bw': 8}}",0.0,0.0,160.0,80.0,384.0,0.0,0.0,0.0,0.0,0.0,0.0,0.0,0.0,0.0,Route Failure,100.0,"{'node_level': {}, 'link_level': {}, 'path_level': {}}","{'node_level': {0: {'cpu': -55}, 1: {'cpu': -39}, 2: {'cpu': -72}, 3: {'cpu': -20}, 4: {'cpu': -59}, 5: {'cpu': -65}, 6: {'cpu': -29}, 7: {'cpu': -84}, 8: {'cpu': -35}}, 'link_level': {(0, 2): {'bw': -48}, (0, 7): {'bw': -106}, (1, 3): {'bw': -78}, (1, 5): {'bw': -20}, (1, 8): {'bw': -119}, (2, 3): {'bw': -55}, (2, 5): {'bw': -49}, (2, 6): {'bw': -152}, (2, 8): {'bw': -62}, (3, 4): {'bw': -19}, (3, 5): {'bw': -13}, (3, 7): {'bw': -1}, (3, 8): {'bw': -64}, (4, 5): {'bw': -20}, (4, 6): {'bw': -42}, (5, 8): {'bw': 100.0}}, 'path_level': {(0, 2): {}, (0, 7): {}, (1, 3): {}, (1, 5): {}, (1, 8): {}, (2, 3): {}, (2, 5): {}, (2, 6): {}, (2, 8): {}, (3, 4): {}, (3, 5): {}, (3, 7): {}, (3, 8): {}, (4, 5): {}, (4, 6): {}, (5, 8): {}}}","{'node_level': {0: {'cpu': 0}, 1: {'cpu': 0}, 2: {'cpu': 0}, 3: {'cpu': 0}, 4: {'cpu': 0}, 5: {'cpu': 0}, 6: {'cpu': 0}, 7: {'cpu': 0}, 8: {'cpu': 0}}, 'link_level': {(0, 2): {'bw': 0}, (0, 7): {'bw': 0}, (1, 3): {'bw': 0}, (1, 5): {'bw': 0}, (1, 8): {'bw': 0}, (2, 3): {'bw': 0}, (2, 5): {'bw': 0}, (2, 6): {'bw': 0}, (2, 8): {'bw': 0}, (3, 4): {'bw': 0}, (3, 5): {'bw': 0}, (3, 7): {'bw': 0}, (3, 8): {'bw': 0}, (4, 5): {'bw': 0}, (4, 6): {'bw': 0}, (5, 8): {'bw': 100.0}}, 'path_level': {(0, 2): {}, (0, 7): {}, (1, 3): {}, (1, 5): {}, (1, 8): {}, (2, 3): {}, (2, 5): {}, (2, 6): {}, (2, 8): {}, (3, 4): {}, (3, 5): {}, (3, 7): {}, (3, 8): {}, (4, 5): {}, (4, 6): {}, (5, 8): {}}}",[],-inf,-inf,True,False,False,0,[],0,0.0,9.0,16.0
55,42,11,9862.0,23052.0,4952613.758847706,11587543.652181936,0.4278153739371855,0.42740842300215437,36,95,0,1403.2638421515226,12737,2315,10422,0.18140028288543142,0.2894736842105263,48,173.26384215152254,1230.0,10,24,False,{},{},{},{},0.0,0.0,0.0,0.0,0.0,0.0,0.0,0.0,0.0,0.0,0.0,0.0,0.0,0.0,Leave Event,0.0,"{'node_level': {}, 'link_level': {}, 'path_level': {}}","{'node_level': {}, 'link_level': {}, 'path_level': {}}","{'node_level': {}, 'link_level': {}, 'path_level': {}}",[],-inf,-inf,True,True,False,0,[],0,0.0,,
56,43,12,10058.0,23474.0,5125180.9029400945,11959091.278748201,0.42847405640282865,0.428559393308399,36,96,1,1410.0,12315,2236,10079,0.20933521923620935,0.3128579220070903,55,880.4446127162681,1410.0,7,7,True,"{0: np.int64(2), 1: np.int64(15), 2: np.int64(11), 3: np.int64(31), 4: np.int64(5), 5: np.int64(0), 6: np.int64(6)}","{(0, 2): [(np.int64(2), 5), (5, 7), (7, 11)], (1, 2): [(np.int64(15), 12), (12, 0), (0, 4), (4, 7), (7, 11)], (1, 3): [(np.int64(15), 12), (12, 0), (0, 28), (28, 31)], (1, 4): [(np.int64(15), 13), (13, 2), (2, 5)], (3, 4): [(np.int64(31), 29), (29, 2), (2, 5)], (4, 5): [(np.int64(5), 6), (6, 4), (4, 0)], (4, 6): [(np.int64(5), 6)]}","{(0, np.int64(2)): {'cpu': 1}, (1, np.int64(15)): {'cpu': 17}, (2, np.int64(11)): {'cpu': 3}, (3, np.int64(31)): {'cpu': 18}, (4, np.int64(5)): {'cpu': 20}, (5, np.int64(0)): {'cpu': 3}, (6, np.int64(6)): {'cpu': 17}}","{((0, 2), (np.int64(2), 5)): {'bw': 19}, ((0, 2), (5, 7)): {'bw': 19}, ((0, 2), (7, 11)): {'bw': 19}, ((1, 2), (np.int64(15), 12)): {'bw': 2}, ((1, 2), (12, 0)): {'bw': 2}, ((1, 2), (0, 4)): {'bw': 2}, ((1, 2), (4, 7)): {'bw': 2}, ((1, 2), (7, 11)): {'bw': 2}, ((1, 3), (np.int64(15), 12)): {'bw': 4}, ((1, 3), (12, 0)): {'bw': 4}, ((1, 3), (0, 28)): {'bw': 4}, ((1, 3), (28, 31)): {'bw': 4}, ((1, 4), (np.int64(15), 13)): {'bw': 39}, ((1, 4), (13, 2)): {'bw': 39}, ((1, 4), (2, 5)): {'bw': 39}, ((3, 4), (np.int64(31), 29)): {'bw': 4}, ((3, 4), (29, 2)): {'bw': 4}, ((3, 4), (2, 5)): {'bw': 4}, ((4, 5), (np.int64(5), 6)): {'bw': 41}, ((4, 5), (6, 4)): {'bw': 41}, ((4, 5), (4, 0)): {'bw': 41}, ((4, 6), (np.int64(5), 6)): {'bw': 8}}",422.0,196.0,158.0,79.0,117.0,79.0,117.0,79.0,343.0,226.0,0.46445497630331756,371547.6265662651,172567.14409238854,408.9268817355179,Success,0.0,"{'node_level': {}, 'link_level': {}, 'path_level': {}}","{'node_level': {0: {'cpu': -2}, 1: {'cpu': -71}, 2: {'cpu': -69}, 3: {'cpu': -39}, 4: {'cpu': -8}, 5: {'cpu': -63}, 6: {'cpu': -62}}, 'link_level': {(0, 2): {'bw': -118}, (1, 2): {'bw': -124}, (1, 3): {'bw': -55}, (1, 4): {'bw': -69}, (3, 4): {'bw': -46}, (4, 5): {'bw': -83}, (4, 6): {'bw': -227}}, 'path_level': {(0, 2): {}, (1, 2): {}, (1, 3): {}, (1, 4): {}, (3, 4): {}, (4, 5): {}, (4, 6): {}}}","{'node_level': {0: {'cpu': 0}, 1: {'cpu': 0}, 2: {'cpu': 0}, 3: {'cpu': 0}, 4: {'cpu': 0}, 5: {'cpu': 0}, 6: {'cpu': 0}}, 'link_level': {(0, 2): {'bw': 0}, (1, 2): {'bw': 0}, (1, 3): {'bw': 0}, (1, 4): {'bw': 0}, (3, 4): {'bw': 0}, (4, 5): {'bw': 0}, (4, 6): {'bw': 0}}, 'path_level': {(0, 2): {}, (1, 2): {}, (1, 3): {}, (1, 4): {}, (3, 4): {}, (4, 5): {}, (4, 6): {}}}",[],-inf,-inf,True,True,False,0,[],0,0.0,7.0,7.0
56,43,11,10058.0,23474.0,5125180.9029400945,11959091.278748201,0.42847405640282865,0.428559393308399,36,97,0,1428.2761921832207,12376,2251,10125,0.20403111739745405,0.3097218434687755,41,395.2761921832206,1033.0,3,2,False,{},{},{},{},0.0,0.0,0.0,0.0,0.0,0.0,0.0,0.0,0.0,0.0,0.0,0.0,0.0,0.0,Leave Event,0.0,"{'node_level': {}, 'link_level': {}, 'path_level': {}}","{'node_level': {}, 'link_level': {}, 'path_level': {}}","{'node_level': {}, 'link_level': {}, 'path_level': {}}",[],-inf,-inf,True,True,False,0,[],0,0.0,,
57,44,12,10314.0,24123.0,5188251.71177724,12118985.633964246,0.427558761348091,0.42810940358216343,36,98,1,1439.0,11727,2213,9514,0.21746817538896746,0.3513771475320425,56,246.37034702010098,1439.0,5,8,True,"{0: np.int64(18), 1: np.int64(3), 2: np.int64(29), 3: np.int64(6), 4: np.int64(20)}","{(0, 1): [(np.int64(18), 15), (15, 13), (13, 3)], (0, 2): [(np.int64(18), 15), (15, 13), (13, 2), (2, 29)], (0, 4): [(np.int64(18), 15), (15, 12), (12, 0), (0, 20)], (1, 2): [(np.int64(3), 29)], (1, 3): [(np.int64(3), 5), (5, 6)], (1, 4): [(np.int64(3), 21), (21, 22), (22, 20)], (2, 4): [(np.int64(29), 2), (2, 21), (21, 22), (22, 20)], (3, 4): [(np.int64(6), 4), (4, 0), (0, 20)]}","{(0, np.int64(18)): {'cpu': 2}, (1, np.int64(3)): {'cpu': 9}, (2, np.int64(29)): {'cpu': 15}, (3, np.int64(6)): {'cpu': 1}, (4, np.int64(20)): {'cpu': 11}}","{((0, 1), (np.int64(18), 15)): {'bw': 16}, ((0, 1), (15, 13)): {'bw': 16}, ((0, 1), (13, 3)): {'bw': 16}, ((0, 2), (np.int64(18), 15)): {'bw': 29}, ((0, 2), (15, 13)): {'bw': 29}, ((0, 2), (13, 2)): {'bw': 29}, ((0, 2), (2, 29)): {'bw': 29}, ((0, 4), (np.int64(18), 15)): {'bw': 16}, ((0, 4), (15, 12)): {'bw': 16}, ((0, 4), (12, 0)): {'bw': 16}, ((0, 4), (0, 20)): {'bw': 16}, ((1, 2), (np.int64(3), 29)): {'bw': 28}, ((1, 3), (np.int64(3), 5)): {'bw': 49}, ((1, 3), (5, 6)): {'bw': 49}, ((1, 4), (np.int64(3), 21)): {'bw': 23}, ((1, 4), (21, 22)): {'bw': 23}, ((1, 4), (22, 20)): {'bw': 23}, ((2, 4), (np.int64(29), 2)): {'bw': 17}, ((2, 4), (2, 21)): {'bw': 17}, ((2, 4), (21, 22)): {'bw': 17}, ((2, 4), (22, 20)): {'bw': 17}, ((3, 4), (np.int64(6), 4)): {'bw': 40}, ((3, 4), (4, 0)): {'bw': 40}, ((3, 4), (0, 20)): {'bw': 40}}",649.0,256.0,76.0,38.0,218.0,38.0,218.0,38.0,611.0,393.0,0.39445300462249616,159894.35521604554,63070.80883714585,97.18152363196587,Success,0.0,"{'node_level': {}, 'link_level': {}, 'path_level': {}}","{'node_level': {0: {'cpu': -37}, 1: {'cpu': -43}, 2: {'cpu': -23}, 3: {'cpu': -61}, 4: {'cpu': -47}}, 'link_level': {(0, 1): {'bw': -182}, (0, 2): {'bw': -17}, (0, 4): {'bw': -152}, (1, 2): {'bw': -210}, (1, 3): {'bw': -178}, (1, 4): {'bw': -82}, (2, 4): {'bw': 0}, (3, 4): {'bw': -44}}, 'path_level': {(0, 1): {}, (0, 2): {}, (0, 4): {}, (1, 2): {}, (1, 3): {}, (1, 4): {}, (2, 4): {}, (3, 4): {}}}","{'node_level': {0: {'cpu': 0}, 1: {'cpu': 0}, 2: {'cpu': 0}, 3: {'cpu': 0}, 4: {'cpu': 0}}, 'link_level': {(0, 1): {'bw': 0}, (0, 2): {'bw': 0}, (0, 4): {'bw': 0}, (1, 2): {'bw': 0}, (1, 3): {'bw': 0}, (1, 4): {'bw': 0}, (2, 4): {'bw': 0}, (3, 4): {'bw': 0}}, 'path_level': {(0, 1): {}, (0, 2): {}, (0, 4): {}, (1, 2): {}, (1, 3): {}, (1, 4): {}, (2, 4): {}, (3, 4): {}}}",[],-inf,-inf,True,True,False,0,[],0,0.0,5.0,8.0
58,45,13,10340.0,24164.0,5189794.057898328,12121417.795155192,0.42790928654196325,0.4281507448718281,36,99,1,1469.0,11686,2202,9484,0.2213578500707214,0.35342241614398695,57,59.32100465721802,1469.0,2,1,True,"{0: np.int64(20), 1: np.int64(27)}","{(0, 1): [(np.int64(20), 23), (23, 27)]}","{(0, np.int64(20)): {'cpu': 4}, (1, np.int64(27)): {'cpu': 7}}","{((0, 1), (np.int64(20), 23)): {'bw': 15}, ((0, 1), (23, 27)): {'bw': 15}}",41.0,26.0,22.0,11.0,15.0,11.0,15.0,11.0,30.0,15.0,0.6341463414634146,2432.161190945939,1542.3461210876685,37.61819807530899,Success,0.0,"{'node_level': {}, 'link_level': {}, 'path_level': {}}","{'node_level': {0: {'cpu': -43}, 1: {'cpu': -22}}, 'link_level': {(0, 1): {'bw': -118}}, 'path_level': {(0, 1): {}}}","{'node_level': {0: {'cpu': 0}, 1: {'cpu': 0}}, 'link_level': {(0, 1): {'bw': 0}}, 'path_level': {(0, 1): {}}}",[],-inf,-inf,True,True,False,0,[],0,0.0,2.0,1.0
59,46,14,10735.0,25182.0,5347620.159332485,12528169.621129803,0.4262965610356604,0.4268476817485994,36,100,1,1490.0,10668,2138,8530,0.24398868458274403,0.4184619580038178,58,399.5597504662199,1490.0,7,10,True,"{0: np.int64(24), 1: np.int64(29), 2: np.int64(13), 3: np.int64(0), 4: np.int64(7), 5: np.int64(31), 6: np.int64(21)}","{(0, 3): [(np.int64(24), 22), (22, 20), (20, 0)], (0, 5): [(np.int64(24), 22), (22, 20), (20, 0), (0, 28), (28, 31)], (0, 6): [(np.int64(24), 22), (22, 21)], (1, 2): [(np.int64(29), 3), (3, 13)], (1, 4): [(np.int64(29), 3), (3, 5), (5, 7)], (1, 6): [(np.int64(29), 3), (3, 21)], (2, 3): [(np.int64(13), 14), (14, 12), (12, 0)], (2, 4): [(np.int64(13), 3), (3, 5), (5, 7)], (2, 6): [(np.int64(13), 3), (3, 5), (5, 2), (2, 21)], (4, 5): [(np.int64(7), 4), (4, 0), (0, 28), (28, 31)]}","{(0, np.int64(24)): {'cpu': 2}, (1, np.int64(29)): {'cpu': 8}, (2, np.int64(13)): {'cpu': 0}, (3, np.int64(0)): {'cpu': 19}, (4, np.int64(7)): {'cpu': 14}, (5, np.int64(31)): {'cpu': 15}, (6, np.int64(21)): {'cpu': 6}}","{((0, 3), (np.int64(24), 22)): {'bw': 39}, ((0, 3), (22, 20)): {'bw': 39}, ((0, 3), (20, 0)): {'bw': 39}, ((0, 5), (np.int64(24), 22)): {'bw': 16}, ((0, 5), (22, 20)): {'bw': 16}, ((0, 5), (20, 0)): {'bw': 16}, ((0, 5), (0, 28)): {'bw': 16}, ((0, 5), (28, 31)): {'bw': 16}, ((0, 6), (np.int64(24), 22)): {'bw': 46}, ((0, 6), (22, 21)): {'bw': 46}, ((1, 2), (np.int64(29), 3)): {'bw': 34}, ((1, 2), (3, 13)): {'bw': 34}, ((1, 4), (np.int64(29), 3)): {'bw': 49}, ((1, 4), (3, 5)): {'bw': 49}, ((1, 4), (5, 7)): {'bw': 49}, ((1, 6), (np.int64(29), 3)): {'bw': 46}, ((1, 6), (3, 21)): {'bw': 46}, ((2, 3), (np.int64(13), 14)): {'bw': 4}, ((2, 3), (14, 12)): {'bw': 4}, ((2, 3), (12, 0)): {'bw': 4}, ((2, 4), (np.int64(13), 3)): {'bw': 42}, ((2, 4), (3, 5)): {'bw': 42}, ((2, 4), (5, 7)): {'bw': 42}, ((2, 6), (np.int64(13), 3)): {'bw': 42}, ((2, 6), (3, 5)): {'bw': 42}, ((2, 6), (5, 2)): {'bw': 42}, ((2, 6), (2, 21)): {'bw': 42}, ((4, 5), (np.int64(7), 4)): {'bw': 13}, ((4, 5), (4, 0)): {'bw': 13}, ((4, 5), (0, 28)): {'bw': 13}, ((4, 5), (28, 31)): {'bw': 13}}",1018.0,395.0,128.0,64.0,331.0,64.0,331.0,64.0,954.0,623.0,0.3880157170923379,406751.82597461186,157826.10143415685,155.03546309838592,Success,0.0,"{'node_level': {}, 'link_level': {}, 'path_level': {}}","{'node_level': {0: {'cpu': -48}, 1: {'cpu': -15}, 2: {'cpu': -88}, 3: {'cpu': -44}, 4: {'cpu': -41}, 5: {'cpu': -24}, 6: {'cpu': -24}}, 'link_level': {(0, 3): {'bw': -173}, (0, 5): {'bw': -40}, (0, 6): {'bw': -41}, (1, 2): {'bw': -148}, (1, 4): {'bw': -127}, (1, 6): {'bw': -36}, (2, 3): {'bw': -239}, (2, 4): {'bw': -106}, (2, 6): {'bw': -33}, (4, 5): {'bw': -27}}, 'path_level': {(0, 3): {}, (0, 5): {}, (0, 6): {}, (1, 2): {}, (1, 4): {}, (1, 6): {}, (2, 3): {}, (2, 4): {}, (2, 6): {}, (4, 5): {}}}","{'node_level': {0: {'cpu': 0}, 1: {'cpu': 0}, 2: {'cpu': 0}, 3: {'cpu': 0}, 4: {'cpu': 0}, 5: {'cpu': 0}, 6: {'cpu': 0}}, 'link_level': {(0, 3): {'bw': 0}, (0, 5): {'bw': 0}, (0, 6): {'bw': 0}, (1, 2): {'bw': 0}, (1, 4): {'bw': 0}, (1, 6): {'bw': 0}, (2, 3): {'bw': 0}, (2, 4): {'bw': 0}, (2, 6): {'bw': 0}, (4, 5): {'bw': 0}}, 'path_level': {(0, 3): {}, (0, 5): {}, (0, 6): {}, (1, 2): {}, (1, 4): {}, (1, 6): {}, (2, 3): {}, (2, 4): {}, (2, 6): {}, (4, 5): {}}}",[],-inf,-inf,True,True,False,0,[],0,0.0,7.0,10.0
60,47,15,11025.0,26163.0,5575302.058360489,13298362.527841775,0.4213966288269694,0.41924726045690974,36,101,1,1511.0,9687,2082,7605,0.26379066478076374,0.4815244068721025,59,785.1099966482894,1511.0,6,9,True,"{0: np.int64(11), 1: np.int64(9), 2: np.int64(15), 3: np.int64(22), 4: np.int64(8), 5: np.int64(6)}","{(0, 2): [(np.int64(11), 7), (7, 4), (4, 0), (0, 12), (12, 15)], (0, 3): [(np.int64(11), 7), (7, 4), (4, 1), (1, 20), (20, 22)], (1, 3): [(np.int64(9), 6), (6, 4), (4, 1), (1, 20), (20, 22)], (1, 4): [(np.int64(9), 6), (6, 8)], (1, 5): [(np.int64(9), 6)], (2, 4): [(np.int64(15), 12), (12, 1), (1, 4), (4, 6), (6, 8)], (3, 4): [(np.int64(22), 20), (20, 1), (1, 4), (4, 6), (6, 8)], (3, 5): [(np.int64(22), 20), (20, 1), (1, 4), (4, 7), (7, 5), (5, 6)], (4, 5): [(np.int64(8), 6)]}","{(0, np.int64(11)): {'cpu': 0}, (1, np.int64(9)): {'cpu': 10}, (2, np.int64(15)): {'cpu': 9}, (3, np.int64(22)): {'cpu': 9}, (4, np.int64(8)): {'cpu': 14}, (5, np.int64(6)): {'cpu': 14}}","{((0, 2), (np.int64(11), 7)): {'bw': 27}, ((0, 2), (7, 4)): {'bw': 27}, ((0, 2), (4, 0)): {'bw': 27}, ((0, 2), (0, 12)): {'bw': 27}, ((0, 2), (12, 15)): {'bw': 27}, ((0, 3), (np.int64(11), 7)): {'bw': 8}, ((0, 3), (7, 4)): {'bw': 8}, ((0, 3), (4, 1)): {'bw': 8}, ((0, 3), (1, 20)): {'bw': 8}, ((0, 3), (20, 22)): {'bw': 8}, ((1, 3), (np.int64(9), 6)): {'bw': 22}, ((1, 3), (6, 4)): {'bw': 22}, ((1, 3), (4, 1)): {'bw': 22}, ((1, 3), (1, 20)): {'bw': 22}, ((1, 3), (20, 22)): {'bw': 22}, ((1, 4), (np.int64(9), 6)): {'bw': 21}, ((1, 4), (6, 8)): {'bw': 21}, ((1, 5), (np.int64(9), 6)): {'bw': 23}, ((2, 4), (np.int64(15), 12)): {'bw': 43}, ((2, 4), (12, 1)): {'bw': 43}, ((2, 4), (1, 4)): {'bw': 43}, ((2, 4), (4, 6)): {'bw': 43}, ((2, 4), (6, 8)): {'bw': 43}, ((3, 4), (np.int64(22), 20)): {'bw': 10}, ((3, 4), (20, 1)): {'bw': 10}, ((3, 4), (1, 4)): {'bw': 10}, ((3, 4), (4, 6)): {'bw': 10}, ((3, 4), (6, 8)): {'bw': 10}, ((3, 5), (np.int64(22), 20)): {'bw': 46}, ((3, 5), (20, 1)): {'bw': 46}, ((3, 5), (1, 4)): {'bw': 46}, ((3, 5), (4, 7)): {'bw': 46}, ((3, 5), (7, 5)): {'bw': 46}, ((3, 5), (5, 6)): {'bw': 46}, ((4, 5), (np.int64(8), 6)): {'bw': 34}}",981.0,290.0,112.0,56.0,234.0,56.0,234.0,56.0,925.0,691.0,0.29561671763506625,770192.906711972,227681.89902800394,232.09164019164518,Success,0.0,"{'node_level': {}, 'link_level': {}, 'path_level': {}}","{'node_level': {0: {'cpu': -79}, 1: {'cpu': -85}, 2: {'cpu': -62}, 3: {'cpu': -68}, 4: {'cpu': -51}, 5: {'cpu': -47}}, 'link_level': {(0, 2): {'bw': -4}, (0, 3): {'bw': -159}, (1, 3): {'bw': -70}, (1, 4): {'bw': -136}, (1, 5): {'bw': -157}, (2, 4): {'bw': -27}, (3, 4): {'bw': -17}, (3, 5): {'bw': -81}, (4, 5): {'bw': -49}}, 'path_level': {(0, 2): {}, (0, 3): {}, (1, 3): {}, (1, 4): {}, (1, 5): {}, (2, 4): {}, (3, 4): {}, (3, 5): {}, (4, 5): {}}}","{'node_level': {0: {'cpu': 0}, 1: {'cpu': 0}, 2: {'cpu': 0}, 3: {'cpu': 0}, 4: {'cpu': 0}, 5: {'cpu': 0}}, 'link_level': {(0, 2): {'bw': 0}, (0, 3): {'bw': 0}, (1, 3): {'bw': 0}, (1, 4): {'bw': 0}, (1, 5): {'bw': 0}, (2, 4): {'bw': 0}, (3, 4): {'bw': 0}, (3, 5): {'bw': 0}, (4, 5): {'bw': 0}}, 'path_level': {(0, 2): {}, (0, 3): {}, (1, 3): {}, (1, 4): {}, (1, 5): {}, (2, 4): {}, (3, 4): {}, (3, 5): {}, (4, 5): {}}}",[],-inf,-inf,True,True,False,0,[],0,0.0,6.0,9.0
60,47,14,11025.0,26163.0,5575302.058360489,13298362.527841775,0.4213966288269694,0.41924726045690974,36,102,0,1528.321004657218,9728,2093,7635,0.2599009900990099,0.4794791382601582,57,59.32100465721802,1469.0,2,1,False,{},{},{},{},0.0,0.0,0.0,0.0,0.0,0.0,0.0,0.0,0.0,0.0,0.0,0.0,0.0,0.0,Leave Event,0.0,"{'node_level': {}, 'link_level': {}, 'path_level': {}}","{'node_level': {}, 'link_level': {}, 'path_level': {}}","{'node_level': {}, 'link_level': {}, 'path_level': {}}",[],-inf,-inf,True,True,False,0,[],0,0.0,,
61,48,15,11175.0,26434.0,6042094.279765467,14141700.474513434,0.42275100249678443,0.4272537302465639,36,103,1,1535.0,9457,2029,7428,0.28253182461103254,0.4935914916825743,60,3111.948142699852,1535.0,5,4,True,"{0: np.int64(15), 1: np.int64(9), 2: np.int64(30), 3: np.int64(0), 4: np.int64(6)}","{(0, 1): [(np.int64(15), 12), (12, 1), (1, 4), (4, 6), (6, 9)], (0, 3): [(np.int64(15), 12), (12, 0)], (1, 4): [(np.int64(9), 6)], (2, 3): [(np.int64(30), 28), (28, 0)]}","{(0, np.int64(15)): {'cpu': 13}, (1, np.int64(9)): {'cpu': 18}, (2, np.int64(30)): {'cpu': 14}, (3, np.int64(0)): {'cpu': 19}, (4, np.int64(6)): {'cpu': 0}}","{((0, 1), (np.int64(15), 12)): {'bw': 13}, ((0, 1), (12, 1)): {'bw': 13}, ((0, 1), (1, 4)): {'bw': 13}, ((0, 1), (4, 6)): {'bw': 13}, ((0, 1), (6, 9)): {'bw': 13}, ((0, 3), (np.int64(15), 12)): {'bw': 44}, ((0, 3), (12, 0)): {'bw': 44}, ((1, 4), (np.int64(9), 6)): {'bw': 4}, ((2, 3), (np.int64(30), 28)): {'bw': 25}, ((2, 3), (28, 0)): {'bw': 25}}",271.0,150.0,128.0,64.0,86.0,64.0,86.0,64.0,207.0,121.0,0.5535055350553506,843337.9466716598,466792.2214049778,1722.480521789586,Success,0.0,"{'node_level': {}, 'link_level': {}, 'path_level': {}}","{'node_level': {0: {'cpu': -49}, 1: {'cpu': -67}, 2: {'cpu': -58}, 3: {'cpu': -25}, 4: {'cpu': -47}}, 'link_level': {(0, 1): {'bw': -4}, (0, 3): {'bw': -168}, (1, 4): {'bw': -140}, (2, 3): {'bw': -2}}, 'path_level': {(0, 1): {}, (0, 3): {}, (1, 4): {}, (2, 3): {}}}","{'node_level': {0: {'cpu': 0}, 1: {'cpu': 0}, 2: {'cpu': 0}, 3: {'cpu': 0}, 4: {'cpu': 0}}, 'link_level': {(0, 1): {'bw': 0}, (0, 3): {'bw': 0}, (1, 4): {'bw': 0}, (2, 3): {'bw': 0}}, 'path_level': {(0, 1): {}, (0, 3): {}, (1, 4): {}, (2, 3): {}}}",[],-inf,-inf,True,True,False,0,[],0,0.0,5.0,4.0
61,48,14,11175.0,26434.0,6042094.279765467,14141700.474513434,0.42275100249678443,0.4272537302465639,36,104,0,1540.8740099217423,9954,2081,7873,0.2641442715700142,0.46325334060539947,46,374.87400992174224,1166.0,5,5,False,{},{},{},{},0.0,0.0,0.0,0.0,0.0,0.0,0.0,0.0,0.0,0.0,0.0,0.0,0.0,0.0,Leave Event,0.0,"{'node_level': {}, 'link_level': {}, 'path_level': {}}","{'node_level': {}, 'link_level': {}, 'path_level': {}}","{'node_level': {}, 'link_level': {}, 'path_level': {}}",[],-inf,-inf,True,True,False,0,[],0,0.0,,
61,48,13,11175.0,26434.0,6042094.279765467,14141700.474513434,0.42275100249678443,0.4272537302465639,36,105,0,1557.5753634371506,10263,2113,8150,0.2528288543140028,0.4443686937551131,34,704.5753634371506,853.0,5,6,False,{},{},{},{},0.0,0.0,0.0,0.0,0.0,0.0,0.0,0.0,0.0,0.0,0.0,0.0,0.0,0.0,Leave Event,0.0,"{'node_level': {}, 'link_level': {}, 'path_level': {}}","{'node_level': {}, 'link_level': {}, 'path_level': {}}","{'node_level': {}, 'link_level': {}, 'path_level': {}}",[],-inf,-inf,True,True,False,0,[],0,0.0,,
62,48,13,11175.0,26434.0,6042094.279765467,14141700.474513434,0.42275100249678443,0.4272537302465639,36,106,1,1565.0,10263,2113,8150,0.2528288543140028,0.4443686937551131,61,903.5620598022306,1565.0,10,17,False,"{0: np.int64(29), 1: np.int64(6), 2: np.int64(28), 3: np.int64(9), 4: np.int64(24), 5: np.int64(19), 6: np.int64(12), 7: np.int64(11), 8: np.int64(10), 9: np.int64(22)}","{(0, 1): [(np.int64(29), 2), (2, 5), (5, 6)], (0, 6): [(np.int64(29), 3), (3, 13), (13, 14), (14, 12)], (0, 7): [(np.int64(29), 3), (3, 5), (5, 7), (7, 11)], (1, 2): [(np.int64(6), 4), (4, 0), (0, 28)], (1, 4): [(np.int64(6), 4), (4, 0), (0, 20), (20, 22), (22, 24)], (1, 5): [(np.int64(6), 5), (5, 2), (2, 13), (13, 15), (15, 19)], (1, 6): [(np.int64(6), 4), (4, 0), (0, 12)], (1, 9): [(np.int64(6), 5), (5, 2), (2, 21), (21, 22)], (2, 3): [(np.int64(28), 1), (1, 4), (4, 7), (7, 5), (5, 6), (6, 9)], (2, 4): [(np.int64(28), 0), (0, 20), (20, 22), (22, 24)], (2, 7): [(np.int64(28), 1), (1, 4), (4, 7), (7, 11)], (2, 8): [(np.int64(28), 1), (1, 4), (4, 7), (7, 10)], (2, 9): [(np.int64(28), 1), (1, 20), (20, 22)], (3, 6): [(np.int64(9), 6), (6, 5), (5, 3), (3, 13), (13, 14), (14, 12)], (6, 8): [(np.int64(12), 1), (1, 4), (4, 7), (7, 10)], (6, 9): []}","{(0, np.int64(29)): {'cpu': 16}, (1, np.int64(6)): {'cpu': 18}, (2, np.int64(28)): {'cpu': 11}, (3, np.int64(9)): {'cpu': 1}, (4, np.int64(24)): {'cpu': 18}, (5, np.int64(19)): {'cpu': 2}, (6, np.int64(12)): {'cpu': 17}, (7, np.int64(11)): {'cpu': 20}, (8, np.int64(10)): {'cpu': 11}, (9, np.int64(22)): {'cpu': 20}}","{((0, 1), (np.int64(29), 2)): {'bw': 16}, ((0, 1), (2, 5)): {'bw': 16}, ((0, 1), (5, 6)): {'bw': 16}, ((0, 6), (np.int64(29), 3)): {'bw': 30}, ((0, 6), (3, 13)): {'bw': 30}, ((0, 6), (13, 14)): {'bw': 30}, ((0, 6), (14, 12)): {'bw': 30}, ((0, 7), (np.int64(29), 3)): {'bw': 11}, ((0, 7), (3, 5)): {'bw': 11}, ((0, 7), (5, 7)): {'bw': 11}, ((0, 7), (7, 11)): {'bw': 11}, ((1, 2), (np.int64(6), 4)): {'bw': 2}, ((1, 2), (4, 0)): {'bw': 2}, ((1, 2), (0, 28)): {'bw': 2}, ((1, 4), (np.int64(6), 4)): {'bw': 0}, ((1, 4), (4, 0)): {'bw': 0}, ((1, 4), (0, 20)): {'bw': 0}, ((1, 4), (20, 22)): {'bw': 0}, ((1, 4), (22, 24)): {'bw': 0}, ((1, 5), (np.int64(6), 5)): {'bw': 15}, ((1, 5), (5, 2)): {'bw': 15}, ((1, 5), (2, 13)): {'bw': 15}, ((1, 5), (13, 15)): {'bw': 15}, ((1, 5), (15, 19)): {'bw': 15}, ((1, 6), (np.int64(6), 4)): {'bw': 1}, ((1, 6), (4, 0)): {'bw': 1}, ((1, 6), (0, 12)): {'bw': 1}, ((1, 9), (np.int64(6), 5)): {'bw': 37}, ((1, 9), (5, 2)): {'bw': 37}, ((1, 9), (2, 21)): {'bw': 37}, ((1, 9), (21, 22)): {'bw': 37}, ((2, 3), (np.int64(28), 1)): {'bw': 25}, ((2, 3), (1, 4)): {'bw': 25}, ((2, 3), (4, 7)): {'bw': 25}, ((2, 3), (7, 5)): {'bw': 25}, ((2, 3), (5, 6)): {'bw': 25}, ((2, 3), (6, 9)): {'bw': 25}, ((2, 4), (np.int64(28), 0)): {'bw': 41}, ((2, 4), (0, 20)): {'bw': 41}, ((2, 4), (20, 22)): {'bw': 41}, ((2, 4), (22, 24)): {'bw': 41}, ((2, 7), (np.int64(28), 1)): {'bw': 23}, ((2, 7), (1, 4)): {'bw': 23}, ((2, 7), (4, 7)): {'bw': 23}, ((2, 7), (7, 11)): {'bw': 23}, ((2, 8), (np.int64(28), 1)): {'bw': 21}, ((2, 8), (1, 4)): {'bw': 21}, ((2, 8), (4, 7)): {'bw': 21}, ((2, 8), (7, 10)): {'bw': 21}, ((2, 9), (np.int64(28), 1)): {'bw': 36}, ((2, 9), (1, 20)): {'bw': 36}, ((2, 9), (20, 22)): {'bw': 36}, ((3, 6), (np.int64(9), 6)): {'bw': 26}, ((3, 6), (6, 5)): {'bw': 26}, ((3, 6), (5, 3)): {'bw': 26}, ((3, 6), (3, 13)): {'bw': 26}, ((3, 6), (13, 14)): {'bw': 26}, ((3, 6), (14, 12)): {'bw': 26}, ((6, 8), (np.int64(12), 1)): {'bw': 35}, ((6, 8), (1, 4)): {'bw': 35}, ((6, 8), (4, 7)): {'bw': 35}, ((6, 8), (7, 10)): {'bw': 35}}",0.0,0.0,268.0,134.0,365.0,0.0,0.0,0.0,0.0,0.0,0.0,0.0,0.0,0.0,Route Failure,100.0,"{'node_level': {}, 'link_level': {}, 'path_level': {}}","{'node_level': {0: {'cpu': -2}, 1: {'cpu': -31}, 2: {'cpu': -59}, 3: {'cpu': -66}, 4: {'cpu': -30}, 5: {'cpu': -57}, 6: {'cpu': -66}, 7: {'cpu': -59}, 8: {'cpu': -66}, 9: {'cpu': -48}}, 'link_level': {(0, 1): {'bw': -5}, (0, 6): {'bw': -34}, (0, 7): {'bw': -84}, (1, 2): {'bw': -11}, (1, 4): {'bw': -11}, (1, 5): {'bw': -37}, (1, 6): {'bw': -10}, (1, 9): {'bw': 0}, (2, 3): {'bw': -48}, (2, 4): {'bw': -17}, (2, 7): {'bw': -124}, (2, 8): {'bw': -103}, (2, 9): {'bw': -4}, (3, 6): {'bw': -8}, (6, 8): {'bw': -68}, (6, 9): {'bw': 100.0}}, 'path_level': {(0, 1): {}, (0, 6): {}, (0, 7): {}, (1, 2): {}, (1, 4): {}, (1, 5): {}, (1, 6): {}, (1, 9): {}, (2, 3): {}, (2, 4): {}, (2, 7): {}, (2, 8): {}, (2, 9): {}, (3, 6): {}, (6, 8): {}, (6, 9): {}}}","{'node_level': {0: {'cpu': 0}, 1: {'cpu': 0}, 2: {'cpu': 0}, 3: {'cpu': 0}, 4: {'cpu': 0}, 5: {'cpu': 0}, 6: {'cpu': 0}, 7: {'cpu': 0}, 8: {'cpu': 0}, 9: {'cpu': 0}}, 'link_level': {(0, 1): {'bw': 0}, (0, 6): {'bw': 0}, (0, 7): {'bw': 0}, (1, 2): {'bw': 0}, (1, 4): {'bw': 0}, (1, 5): {'bw': 0}, (1, 6): {'bw': 0}, (1, 9): {'bw': 0}, (2, 3): {'bw': 0}, (2, 4): {'bw': 0}, (2, 7): {'bw': 0}, (2, 8): {'bw': 0}, (2, 9): {'bw': 0}, (3, 6): {'bw': 0}, (6, 8): {'bw': 0}, (6, 9): {'bw': 100.0}}, 'path_level': {(0, 1): {}, (0, 6): {}, (0, 7): {}, (1, 2): {}, (1, 4): {}, (1, 5): {}, (1, 6): {}, (1, 9): {}, (2, 3): {}, (2, 4): {}, (2, 7): {}, (2, 8): {}, (2, 9): {}, (3, 6): {}, (6, 8): {}, (6, 9): {}}}",[],-inf,-inf,True,False,False,0,[],0,0.0,10.0,16.0
62,48,12,11175.0,26434.0,6042094.279765467,14141700.474513434,0.42275100249678443,0.4272537302465639,36,107,0,1571.7488733618652,10432,2142,8290,0.24257425742574257,0.4348241068993728,38,615.7488733618653,956.0,4,4,False,{},{},{},{},0.0,0.0,0.0,0.0,0.0,0.0,0.0,0.0,0.0,0.0,0.0,0.0,0.0,0.0,Leave Event,0.0,"{'node_level': {}, 'link_level': {}, 'path_level': {}}","{'node_level': {}, 'link_level': {}, 'path_level': {}}","{'node_level': {}, 'link_level': {}, 'path_level': {}}",[],-inf,-inf,True,True,False,0,[],0,0.0,,
62,48,11,11175.0,26434.0,6042094.279765467,14141700.474513434,0.42275100249678443,0.4272537302465639,36,108,0,1587.9691086083183,10581,2160,8421,0.23620933521923626,0.42589310062721575,2,1517.9691086083183,70.0,3,2,False,{},{},{},{},0.0,0.0,0.0,0.0,0.0,0.0,0.0,0.0,0.0,0.0,0.0,0.0,0.0,0.0,Leave Event,0.0,"{'node_level': {}, 'link_level': {}, 'path_level': {}}","{'node_level': {}, 'link_level': {}, 'path_level': {}}","{'node_level': {}, 'link_level': {}, 'path_level': {}}",[],-inf,-inf,True,True,False,0,[],0,0.0,,
63,49,12,11450.0,27012.0,6145638.775323145,14359332.177903753,0.4238856804383237,0.4279891779911673,36,109,1,1593.0,10003,2107,7896,0.25495049504950495,0.4616853013362422,62,376.5254383915556,1593.0,7,9,True,"{0: np.int64(31), 1: np.int64(28), 2: np.int64(14), 3: np.int64(18), 4: np.int64(1), 5: np.int64(30), 6: np.int64(20)}","{(0, 5): [(np.int64(31), 28), (28, 30)], (1, 2): [(np.int64(28), 0), (0, 12), (12, 14)], (1, 4): [(np.int64(28), 1)], (2, 4): [(np.int64(14), 12), (12, 1)], (2, 5): [(np.int64(14), 12), (12, 0), (0, 28), (28, 30)], (3, 6): [(np.int64(18), 15), (15, 12), (12, 0), (0, 20)], (4, 5): [(np.int64(1), 28), (28, 30)], (4, 6): [(np.int64(1), 20)], (5, 6): [(np.int64(30), 28), (28, 0), (0, 20)]}","{(0, np.int64(31)): {'cpu': 11}, (1, np.int64(28)): {'cpu': 4}, (2, np.int64(14)): {'cpu': 6}, (3, np.int64(18)): {'cpu': 20}, (4, np.int64(1)): {'cpu': 9}, (5, np.int64(30)): {'cpu': 1}, (6, np.int64(20)): {'cpu': 2}}","{((0, 5), (np.int64(31), 28)): {'bw': 42}, ((0, 5), (28, 30)): {'bw': 42}, ((1, 2), (np.int64(28), 0)): {'bw': 21}, ((1, 2), (0, 12)): {'bw': 21}, ((1, 2), (12, 14)): {'bw': 21}, ((1, 4), (np.int64(28), 1)): {'bw': 3}, ((2, 4), (np.int64(14), 12)): {'bw': 22}, ((2, 4), (12, 1)): {'bw': 22}, ((2, 5), (np.int64(14), 12)): {'bw': 36}, ((2, 5), (12, 0)): {'bw': 36}, ((2, 5), (0, 28)): {'bw': 36}, ((2, 5), (28, 30)): {'bw': 36}, ((3, 6), (np.int64(18), 15)): {'bw': 5}, ((3, 6), (15, 12)): {'bw': 5}, ((3, 6), (12, 0)): {'bw': 5}, ((3, 6), (0, 20)): {'bw': 5}, ((4, 5), (np.int64(1), 28)): {'bw': 16}, ((4, 5), (28, 30)): {'bw': 16}, ((4, 6), (np.int64(1), 20)): {'bw': 48}, ((5, 6), (np.int64(30), 28)): {'bw': 29}, ((5, 6), (28, 0)): {'bw': 29}, ((5, 6), (0, 20)): {'bw': 29}}",578.0,275.0,106.0,53.0,222.0,53.0,222.0,53.0,525.0,303.0,0.4757785467128028,217631.70339031913,103544.49555767779,179.14272587833528,Success,0.0,"{'node_level': {}, 'link_level': {}, 'path_level': {}}","{'node_level': {0: {'cpu': -38}, 1: {'cpu': -78}, 2: {'cpu': -82}, 3: {'cpu': -17}, 4: {'cpu': -46}, 5: {'cpu': -57}, 6: {'cpu': -45}}, 'link_level': {(0, 5): {'bw': -150}, (1, 2): {'bw': -88}, (1, 4): {'bw': -264}, (2, 4): {'bw': -146}, (2, 5): {'bw': -52}, (3, 6): {'bw': -147}, (4, 5): {'bw': -98}, (4, 6): {'bw': -101}, (5, 6): {'bw': -23}}, 'path_level': {(0, 5): {}, (1, 2): {}, (1, 4): {}, (2, 4): {}, (2, 5): {}, (3, 6): {}, (4, 5): {}, (4, 6): {}, (5, 6): {}}}","{'node_level': {0: {'cpu': 0}, 1: {'cpu': 0}, 2: {'cpu': 0}, 3: {'cpu': 0}, 4: {'cpu': 0}, 5: {'cpu': 0}, 6: {'cpu': 0}}, 'link_level': {(0, 5): {'bw': 0}, (1, 2): {'bw': 0}, (1, 4): {'bw': 0}, (2, 4): {'bw': 0}, (2, 5): {'bw': 0}, (3, 6): {'bw': 0}, (4, 5): {'bw': 0}, (4, 6): {'bw': 0}, (5, 6): {'bw': 0}}, 'path_level': {(0, 5): {}, (1, 2): {}, (1, 4): {}, (2, 4): {}, (2, 5): {}, (3, 6): {}, (4, 5): {}, (4, 6): {}, (5, 6): {}}}",[],-inf,-inf,True,True,False,0,[],0,0.0,7.0,9.0
64,49,12,11450.0,27012.0,6145638.775323145,14359332.177903753,0.4238856804383237,0.4279891779911673,36,110,1,1621.0,10003,2107,7896,0.25495049504950495,0.4616853013362422,63,266.40018925963983,1621.0,10,21,False,"{0: np.int64(22), 1: np.int64(21), 2: np.int64(20), 3: np.int64(31), 4: np.int64(5), 5: np.int64(34), 6: np.int64(9), 7: np.int64(4), 8: np.int64(25), 9: np.int64(23)}","{(0, 2): [(np.int64(22), 20)], (0, 5): [(np.int64(22), 20), (20, 0), (0, 28), (28, 31), (31, 34)], (0, 6): [(np.int64(22), 20), (20, 0), (0, 4), (4, 6), (6, 9)], (0, 7): [(np.int64(22), 20), (20, 0), (0, 4)], (0, 8): [(np.int64(22), 25)], (1, 3): [(np.int64(21), 3), (3, 29), (29, 31)], (1, 7): [(np.int64(21), 2), (2, 5), (5, 7), (7, 4)], (1, 8): [(np.int64(21), 22), (22, 25)], (2, 5): [(np.int64(20), 1), (1, 28), (28, 31), (31, 34)], (2, 7): [(np.int64(20), 1), (1, 4)], (3, 4): [(np.int64(31), 29), (29, 3), (3, 5)], (3, 5): [(np.int64(31), 34)], (3, 7): [(np.int64(31), 28), (28, 1), (1, 4)], (3, 8): []}","{(0, np.int64(22)): {'cpu': 5}, (1, np.int64(21)): {'cpu': 16}, (2, np.int64(20)): {'cpu': 3}, (3, np.int64(31)): {'cpu': 0}, (4, np.int64(5)): {'cpu': 5}, (5, np.int64(34)): {'cpu': 20}, (6, np.int64(9)): {'cpu': 18}, (7, np.int64(4)): {'cpu': 2}, (8, np.int64(25)): {'cpu': 10}, (9, np.int64(23)): {'cpu': 17}}","{((0, 2), (np.int64(22), 20)): {'bw': 3}, ((0, 5), (np.int64(22), 20)): {'bw': 20}, ((0, 5), (20, 0)): {'bw': 20}, ((0, 5), (0, 28)): {'bw': 20}, ((0, 5), (28, 31)): {'bw': 20}, ((0, 5), (31, 34)): {'bw': 20}, ((0, 6), (np.int64(22), 20)): {'bw': 8}, ((0, 6), (20, 0)): {'bw': 8}, ((0, 6), (0, 4)): {'bw': 8}, ((0, 6), (4, 6)): {'bw': 8}, ((0, 6), (6, 9)): {'bw': 8}, ((0, 7), (np.int64(22), 20)): {'bw': 25}, ((0, 7), (20, 0)): {'bw': 25}, ((0, 7), (0, 4)): {'bw': 25}, ((0, 8), (np.int64(22), 25)): {'bw': 22}, ((1, 3), (np.int64(21), 3)): {'bw': 34}, ((1, 3), (3, 29)): {'bw': 34}, ((1, 3), (29, 31)): {'bw': 34}, ((1, 7), (np.int64(21), 2)): {'bw': 17}, ((1, 7), (2, 5)): {'bw': 17}, ((1, 7), (5, 7)): {'bw': 17}, ((1, 7), (7, 4)): {'bw': 17}, ((1, 8), (np.int64(21), 22)): {'bw': 34}, ((1, 8), (22, 25)): {'bw': 34}, ((2, 5), (np.int64(20), 1)): {'bw': 41}, ((2, 5), (1, 28)): {'bw': 41}, ((2, 5), (28, 31)): {'bw': 41}, ((2, 5), (31, 34)): {'bw': 41}, ((2, 7), (np.int64(20), 1)): {'bw': 45}, ((2, 7), (1, 4)): {'bw': 45}, ((3, 4), (np.int64(31), 29)): {'bw': 39}, ((3, 4), (29, 3)): {'bw': 39}, ((3, 4), (3, 5)): {'bw': 39}, ((3, 5), (np.int64(31), 34)): {'bw': 41}, ((3, 7), (np.int64(31), 28)): {'bw': 15}, ((3, 7), (28, 1)): {'bw': 15}, ((3, 7), (1, 4)): {'bw': 15}}",0.0,0.0,192.0,96.0,494.0,0.0,0.0,0.0,0.0,0.0,0.0,0.0,0.0,0.0,Route Failure,100.0,"{'node_level': {}, 'link_level': {}, 'path_level': {}}","{'node_level': {0: {'cpu': -63}, 1: {'cpu': -8}, 2: {'cpu': -42}, 3: {'cpu': -38}, 4: {'cpu': -22}, 5: {'cpu': -59}, 6: {'cpu': -49}, 7: {'cpu': -71}, 8: {'cpu': -84}, 9: {'cpu': -60}}, 'link_level': {(0, 2): {'bw': -78}, (0, 5): {'bw': -3}, (0, 6): {'bw': -5}, (0, 7): {'bw': -25}, (0, 8): {'bw': -345}, (1, 3): {'bw': -46}, (1, 7): {'bw': -51}, (1, 8): {'bw': -7}, (2, 5): {'bw': -60}, (2, 7): {'bw': -15}, (3, 4): {'bw': -52}, (3, 5): {'bw': -84}, (3, 7): {'bw': -112}, (3, 8): {'bw': 100.0}}, 'path_level': {(0, 2): {}, (0, 5): {}, (0, 6): {}, (0, 7): {}, (0, 8): {}, (1, 3): {}, (1, 7): {}, (1, 8): {}, (2, 5): {}, (2, 7): {}, (3, 4): {}, (3, 5): {}, (3, 7): {}, (3, 8): {}}}","{'node_level': {0: {'cpu': 0}, 1: {'cpu': 0}, 2: {'cpu': 0}, 3: {'cpu': 0}, 4: {'cpu': 0}, 5: {'cpu': 0}, 6: {'cpu': 0}, 7: {'cpu': 0}, 8: {'cpu': 0}, 9: {'cpu': 0}}, 'link_level': {(0, 2): {'bw': 0}, (0, 5): {'bw': 0}, (0, 6): {'bw': 0}, (0, 7): {'bw': 0}, (0, 8): {'bw': 0}, (1, 3): {'bw': 0}, (1, 7): {'bw': 0}, (1, 8): {'bw': 0}, (2, 5): {'bw': 0}, (2, 7): {'bw': 0}, (3, 4): {'bw': 0}, (3, 5): {'bw': 0}, (3, 7): {'bw': 0}, (3, 8): {'bw': 100.0}}, 'path_level': {(0, 2): {}, (0, 5): {}, (0, 6): {}, (0, 7): {}, (0, 8): {}, (1, 3): {}, (1, 7): {}, (1, 8): {}, (2, 5): {}, (2, 7): {}, (3, 4): {}, (3, 5): {}, (3, 7): {}, (3, 8): {}}}",[],-inf,-inf,True,False,False,0,[],0,0.0,10.0,14.0
64,49,11,11450.0,27012.0,6145638.775323145,14359332.177903753,0.4238856804383237,0.4279891779911673,36,111,0,1633.5021410579775,10369,2147,8222,0.24080622347949077,0.43946004908644665,53,286.50214105797744,1347.0,4,5,False,{},{},{},{},0.0,0.0,0.0,0.0,0.0,0.0,0.0,0.0,0.0,0.0,0.0,0.0,0.0,0.0,Leave Event,0.0,"{'node_level': {}, 'link_level': {}, 'path_level': {}}","{'node_level': {}, 'link_level': {}, 'path_level': {}}","{'node_level': {}, 'link_level': {}, 'path_level': {}}",[],-inf,-inf,True,True,False,0,[],0,0.0,,
65,50,12,11808.0,28006.0,6157203.944598973,14391443.290362336,0.4216239377276298,0.4278378353283253,36,112,1,1649.0,9375,2073,7302,0.266973125884017,0.5021816198527407,64,32.304942111250284,1649.0,8,10,True,"{0: np.int64(1), 1: np.int64(30), 2: np.int64(15), 3: np.int64(27), 4: np.int64(14), 5: np.int64(31), 6: np.int64(33), 7: np.int64(6)}","{(0, 4): [(np.int64(1), 12), (12, 14)], (0, 5): [(np.int64(1), 28), (28, 31)], (1, 5): [(np.int64(30), 28), (28, 31)], (1, 6): [(np.int64(30), 33)], (2, 6): [(np.int64(15), 12), (12, 1), (1, 28), (28, 30), (30, 33)], (2, 7): [(np.int64(15), 13), (13, 2), (2, 5), (5, 6)], (3, 7): [(np.int64(27), 23), (23, 21), (21, 2), (2, 5), (5, 6)], (4, 6): [(np.int64(14), 13), (13, 2), (2, 29), (29, 30), (30, 33)], (4, 7): [(np.int64(14), 13), (13, 3), (3, 5), (5, 6)], (5, 7): [(np.int64(31), 29), (29, 2), (2, 5), (5, 6)]}","{(0, np.int64(1)): {'cpu': 0}, (1, np.int64(30)): {'cpu': 20}, (2, np.int64(15)): {'cpu': 10}, (3, np.int64(27)): {'cpu': 3}, (4, np.int64(14)): {'cpu': 19}, (5, np.int64(31)): {'cpu': 4}, (6, np.int64(33)): {'cpu': 6}, (7, np.int64(6)): {'cpu': 12}}","{((0, 4), (np.int64(1), 12)): {'bw': 24}, ((0, 4), (12, 14)): {'bw': 24}, ((0, 5), (np.int64(1), 28)): {'bw': 47}, ((0, 5), (28, 31)): {'bw': 47}, ((1, 5), (np.int64(30), 28)): {'bw': 24}, ((1, 5), (28, 31)): {'bw': 24}, ((1, 6), (np.int64(30), 33)): {'bw': 33}, ((2, 6), (np.int64(15), 12)): {'bw': 25}, ((2, 6), (12, 1)): {'bw': 25}, ((2, 6), (1, 28)): {'bw': 25}, ((2, 6), (28, 30)): {'bw': 25}, ((2, 6), (30, 33)): {'bw': 25}, ((2, 7), (np.int64(15), 13)): {'bw': 42}, ((2, 7), (13, 2)): {'bw': 42}, ((2, 7), (2, 5)): {'bw': 42}, ((2, 7), (5, 6)): {'bw': 42}, ((3, 7), (np.int64(27), 23)): {'bw': 20}, ((3, 7), (23, 21)): {'bw': 20}, ((3, 7), (21, 2)): {'bw': 20}, ((3, 7), (2, 5)): {'bw': 20}, ((3, 7), (5, 6)): {'bw': 20}, ((4, 6), (np.int64(14), 13)): {'bw': 28}, ((4, 6), (13, 2)): {'bw': 28}, ((4, 6), (2, 29)): {'bw': 28}, ((4, 6), (29, 30)): {'bw': 28}, ((4, 6), (30, 33)): {'bw': 28}, ((4, 7), (np.int64(14), 13)): {'bw': 24}, ((4, 7), (13, 3)): {'bw': 24}, ((4, 7), (3, 5)): {'bw': 24}, ((4, 7), (5, 6)): {'bw': 24}, ((5, 7), (np.int64(31), 29)): {'bw': 17}, ((5, 7), (29, 2)): {'bw': 17}, ((5, 7), (2, 5)): {'bw': 17}, ((5, 7), (5, 6)): {'bw': 17}}",994.0,358.0,148.0,74.0,284.0,74.0,284.0,74.0,920.0,636.0,0.36016096579476864,32111.112458582782,11565.169275827602,11.634979150731995,Success,0.0,"{'node_level': {}, 'link_level': {}, 'path_level': {}}","{'node_level': {0: {'cpu': -46}, 1: {'cpu': -38}, 2: {'cpu': -39}, 3: {'cpu': -41}, 4: {'cpu': -63}, 5: {'cpu': -34}, 6: {'cpu': -86}, 7: {'cpu': -37}}, 'link_level': {(0, 4): {'bw': -122}, (0, 5): {'bw': -166}, (1, 5): {'bw': -45}, (1, 6): {'bw': -175}, (2, 6): {'bw': -20}, (2, 7): {'bw': -35}, (3, 7): {'bw': -79}, (4, 6): {'bw': -7}, (4, 7): {'bw': -40}, (5, 7): {'bw': -38}}, 'path_level': {(0, 4): {}, (0, 5): {}, (1, 5): {}, (1, 6): {}, (2, 6): {}, (2, 7): {}, (3, 7): {}, (4, 6): {}, (4, 7): {}, (5, 7): {}}}","{'node_level': {0: {'cpu': 0}, 1: {'cpu': 0}, 2: {'cpu': 0}, 3: {'cpu': 0}, 4: {'cpu': 0}, 5: {'cpu': 0}, 6: {'cpu': 0}, 7: {'cpu': 0}}, 'link_level': {(0, 4): {'bw': 0}, (0, 5): {'bw': 0}, (1, 5): {'bw': 0}, (1, 6): {'bw': 0}, (2, 6): {'bw': 0}, (2, 7): {'bw': 0}, (3, 7): {'bw': 0}, (4, 6): {'bw': 0}, (4, 7): {'bw': 0}, (5, 7): {'bw': 0}}, 'path_level': {(0, 4): {}, (0, 5): {}, (1, 5): {}, (1, 6): {}, (2, 6): {}, (2, 7): {}, (3, 7): {}, (4, 6): {}, (4, 7): {}, (5, 7): {}}}",[],-inf,-inf,True,True,False,0,[],0,0.0,8.0,10.0
66,50,12,11808.0,28006.0,6157203.944598973,14391443.290362336,0.4216239377276298,0.4278378353283253,36,113,1,1676.0,9375,2073,7302,0.266973125884017,0.5021816198527407,65,109.09317362220082,1676.0,9,22,False,"{0: np.int64(17), 1: np.int64(3), 2: np.int64(26), 3: np.int64(18), 4: np.int64(33), 5: np.int64(15), 6: np.int64(0), 7: np.int64(14), 8: np.int64(5)}","{(0, 1): [(np.int64(17), 14), (14, 12), (12, 0), (0, 4), (4, 7), (7, 5), (5, 3)], (0, 3): [(np.int64(17), 14), (14, 12), (12, 15), (15, 18)], (0, 4): [(np.int64(17), 14), (14, 12), (12, 1), (1, 28), (28, 31), (31, 29), (29, 30), (30, 33)], (0, 5): [(np.int64(17), 14), (14, 12), (12, 15)], (0, 6): [(np.int64(17), 14), (14, 12), (12, 0)], (1, 2): [(np.int64(3), 21), (21, 23), (23, 26)], (1, 3): [(np.int64(3), 13), (13, 15), (15, 18)], (1, 6): [(np.int64(3), 13), (13, 15), (15, 12), (12, 0)], (2, 3): [(np.int64(26), 23), (23, 20), (20, 0), (0, 12), (12, 15), (15, 18)], (2, 4): [(np.int64(26), 23), (23, 20), (20, 0), (0, 28), (28, 30), (30, 33)], (2, 5): [(np.int64(26), 23), (23, 20), (20, 0), (0, 12), (12, 15)], (2, 6): [(np.int64(26), 23), (23, 20), (20, 0)], (2, 7): [(np.int64(26), 23), (23, 20), (20, 1), (1, 12), (12, 14)], (2, 8): [(np.int64(26), 23), (23, 21), (21, 2), (2, 5)], (3, 4): [(np.int64(18), 15), (15, 12), (12, 1), (1, 28), (28, 31), (31, 29), (29, 30), (30, 33)], (3, 5): [(np.int64(18), 15)], (3, 8): []}","{(0, np.int64(17)): {'cpu': 12}, (1, np.int64(3)): {'cpu': 4}, (2, np.int64(26)): {'cpu': 5}, (3, np.int64(18)): {'cpu': 0}, (4, np.int64(33)): {'cpu': 3}, (5, np.int64(15)): {'cpu': 20}, (6, np.int64(0)): {'cpu': 2}, (7, np.int64(14)): {'cpu': 19}, (8, np.int64(5)): {'cpu': 4}}","{((0, 1), (np.int64(17), 14)): {'bw': 43}, ((0, 1), (14, 12)): {'bw': 43}, ((0, 1), (12, 0)): {'bw': 43}, ((0, 1), (0, 4)): {'bw': 43}, ((0, 1), (4, 7)): {'bw': 43}, ((0, 1), (7, 5)): {'bw': 43}, ((0, 1), (5, 3)): {'bw': 43}, ((0, 3), (np.int64(17), 14)): {'bw': 47}, ((0, 3), (14, 12)): {'bw': 47}, ((0, 3), (12, 15)): {'bw': 47}, ((0, 3), (15, 18)): {'bw': 47}, ((0, 4), (np.int64(17), 14)): {'bw': 45}, ((0, 4), (14, 12)): {'bw': 45}, ((0, 4), (12, 1)): {'bw': 45}, ((0, 4), (1, 28)): {'bw': 45}, ((0, 4), (28, 31)): {'bw': 45}, ((0, 4), (31, 29)): {'bw': 45}, ((0, 4), (29, 30)): {'bw': 45}, ((0, 4), (30, 33)): {'bw': 45}, ((0, 5), (np.int64(17), 14)): {'bw': 28}, ((0, 5), (14, 12)): {'bw': 28}, ((0, 5), (12, 15)): {'bw': 28}, ((0, 6), (np.int64(17), 14)): {'bw': 37}, ((0, 6), (14, 12)): {'bw': 37}, ((0, 6), (12, 0)): {'bw': 37}, ((1, 2), (np.int64(3), 21)): {'bw': 47}, ((1, 2), (21, 23)): {'bw': 47}, ((1, 2), (23, 26)): {'bw': 47}, ((1, 3), (np.int64(3), 13)): {'bw': 1}, ((1, 3), (13, 15)): {'bw': 1}, ((1, 3), (15, 18)): {'bw': 1}, ((1, 6), (np.int64(3), 13)): {'bw': 38}, ((1, 6), (13, 15)): {'bw': 38}, ((1, 6), (15, 12)): {'bw': 38}, ((1, 6), (12, 0)): {'bw': 38}, ((2, 3), (np.int64(26), 23)): {'bw': 22}, ((2, 3), (23, 20)): {'bw': 22}, ((2, 3), (20, 0)): {'bw': 22}, ((2, 3), (0, 12)): {'bw': 22}, ((2, 3), (12, 15)): {'bw': 22}, ((2, 3), (15, 18)): {'bw': 22}, ((2, 4), (np.int64(26), 23)): {'bw': 10}, ((2, 4), (23, 20)): {'bw': 10}, ((2, 4), (20, 0)): {'bw': 10}, ((2, 4), (0, 28)): {'bw': 10}, ((2, 4), (28, 30)): {'bw': 10}, ((2, 4), (30, 33)): {'bw': 10}, ((2, 5), (np.int64(26), 23)): {'bw': 14}, ((2, 5), (23, 20)): {'bw': 14}, ((2, 5), (20, 0)): {'bw': 14}, ((2, 5), (0, 12)): {'bw': 14}, ((2, 5), (12, 15)): {'bw': 14}, ((2, 6), (np.int64(26), 23)): {'bw': 29}, ((2, 6), (23, 20)): {'bw': 29}, ((2, 6), (20, 0)): {'bw': 29}, ((2, 7), (np.int64(26), 23)): {'bw': 28}, ((2, 7), (23, 20)): {'bw': 28}, ((2, 7), (20, 1)): {'bw': 28}, ((2, 7), (1, 12)): {'bw': 28}, ((2, 7), (12, 14)): {'bw': 28}, ((2, 8), (np.int64(26), 23)): {'bw': 10}, ((2, 8), (23, 21)): {'bw': 10}, ((2, 8), (21, 2)): {'bw': 10}, ((2, 8), (2, 5)): {'bw': 10}, ((3, 4), (np.int64(18), 15)): {'bw': 17}, ((3, 4), (15, 12)): {'bw': 17}, ((3, 4), (12, 1)): {'bw': 17}, ((3, 4), (1, 28)): {'bw': 17}, ((3, 4), (28, 31)): {'bw': 17}, ((3, 4), (31, 29)): {'bw': 17}, ((3, 4), (29, 30)): {'bw': 17}, ((3, 4), (30, 33)): {'bw': 17}, ((3, 5), (np.int64(18), 15)): {'bw': 22}}",0.0,0.0,138.0,69.0,641.0,0.0,0.0,0.0,0.0,0.0,0.0,0.0,0.0,0.0,Route Failure,100.0,"{'node_level': {}, 'link_level': {}, 'path_level': {}}","{'node_level': {0: {'cpu': -40}, 1: {'cpu': -39}, 2: {'cpu': -64}, 3: {'cpu': -28}, 4: {'cpu': -83}, 5: {'cpu': -19}, 6: {'cpu': -35}, 7: {'cpu': -44}, 8: {'cpu': -34}}, 'link_level': {(0, 1): {'bw': -19}, (0, 3): {'bw': -115}, (0, 4): {'bw': -52}, (0, 5): {'bw': -42}, (0, 6): {'bw': -5}, (1, 2): {'bw': -33}, (1, 3): {'bw': -39}, (1, 6): {'bw': -1}, (2, 3): {'bw': -15}, (2, 4): {'bw': -10}, (2, 5): {'bw': -1}, (2, 6): {'bw': -55}, (2, 7): {'bw': -9}, (2, 8): {'bw': -56}, (3, 4): {'bw': -7}, (3, 5): {'bw': -61}, (3, 8): {'bw': 100.0}}, 'path_level': {(0, 1): {}, (0, 3): {}, (0, 4): {}, (0, 5): {}, (0, 6): {}, (1, 2): {}, (1, 3): {}, (1, 6): {}, (2, 3): {}, (2, 4): {}, (2, 5): {}, (2, 6): {}, (2, 7): {}, (2, 8): {}, (3, 4): {}, (3, 5): {}, (3, 8): {}}}","{'node_level': {0: {'cpu': 0}, 1: {'cpu': 0}, 2: {'cpu': 0}, 3: {'cpu': 0}, 4: {'cpu': 0}, 5: {'cpu': 0}, 6: {'cpu': 0}, 7: {'cpu': 0}, 8: {'cpu': 0}}, 'link_level': {(0, 1): {'bw': 0}, (0, 3): {'bw': 0}, (0, 4): {'bw': 0}, (0, 5): {'bw': 0}, (0, 6): {'bw': 0}, (1, 2): {'bw': 0}, (1, 3): {'bw': 0}, (1, 6): {'bw': 0}, (2, 3): {'bw': 0}, (2, 4): {'bw': 0}, (2, 5): {'bw': 0}, (2, 6): {'bw': 0}, (2, 7): {'bw': 0}, (2, 8): {'bw': 0}, (3, 4): {'bw': 0}, (3, 5): {'bw': 0}, (3, 8): {'bw': 100.0}}, 'path_level': {(0, 1): {}, (0, 3): {}, (0, 4): {}, (0, 5): {}, (0, 6): {}, (1, 2): {}, (1, 3): {}, (1, 6): {}, (2, 3): {}, (2, 4): {}, (2, 5): {}, (2, 6): {}, (2, 7): {}, (2, 8): {}, (3, 4): {}, (3, 5): {}, (3, 8): {}}}",[],-inf,-inf,True,False,False,0,[],0,0.0,9.0,17.0
66,50,11,11808.0,28006.0,6157203.944598973,14391443.290362336,0.4216239377276298,0.4278378353283253,36,114,0,1681.3049421112503,10369,2147,8222,0.24080622347949077,0.43946004908644665,64,32.304942111250284,1649.0,8,10,False,{},{},{},{},0.0,0.0,0.0,0.0,0.0,0.0,0.0,0.0,0.0,0.0,0.0,0.0,0.0,0.0,Leave Event,0.0,"{'node_level': {}, 'link_level': {}, 'path_level': {}}","{'node_level': {}, 'link_level': {}, 'path_level': {}}","{'node_level': {}, 'link_level': {}, 'path_level': {}}",[],-inf,-inf,True,True,False,0,[],0,0.0,,
66,50,10,11808.0,28006.0,6157203.944598973,14391443.290362336,0.4216239377276298,0.4278378353283253,36,115,0,1685.370347020101,11018,2185,8833,0.22736916548797736,0.39780474502317975,56,246.37034702010098,1439.0,5,8,False,{},{},{},{},0.0,0.0,0.0,0.0,0.0,0.0,0.0,0.0,0.0,0.0,0.0,0.0,0.0,0.0,Leave Event,0.0,"{'node_level': {}, 'link_level': {}, 'path_level': {}}","{'node_level': {}, 'link_level': {}, 'path_level': {}}","{'node_level': {}, 'link_level': {}, 'path_level': {}}",[],-inf,-inf,True,True,False,0,[],0,0.0,,
67,51,11,11874.0,28108.0,6177163.123357487,14422289.293898221,0.42244200939234383,0.428306699267981,36,116,1,1696.0,10916,2155,8761,0.23797736916548795,0.4027133896918462,66,302.411799371421,1696.0,2,1,True,"{0: np.int64(17), 1: np.int64(16)}","{(0, 1): [(np.int64(17), 14), (14, 16)]}","{(0, np.int64(17)): {'cpu': 15}, (1, np.int64(16)): {'cpu': 15}}","{((0, 1), (np.int64(17), 14)): {'bw': 36}, ((0, 1), (14, 16)): {'bw': 36}}",102.0,66.0,60.0,30.0,36.0,30.0,36.0,30.0,72.0,36.0,0.6470588235294118,30846.00353588494,19959.178758513786,195.6782231226842,Success,0.0,"{'node_level': {}, 'link_level': {}, 'path_level': {}}","{'node_level': {0: {'cpu': -37}, 1: {'cpu': -77}}, 'link_level': {(0, 1): {'bw': -169}}, 'path_level': {(0, 1): {}}}","{'node_level': {0: {'cpu': 0}, 1: {'cpu': 0}}, 'link_level': {(0, 1): {'bw': 0}}, 'path_level': {(0, 1): {}}}",[],-inf,-inf,True,True,False,0,[],0,0.0,2.0,1.0
68,52,12,12015.0,28344.0,6207504.15981544,14473072.87265054,0.4238992379339543,0.42890022142745027,36,117,1,1727.0,10680,2090,8590,0.2609618104667609,0.41437142077992906,67,215.18465573016312,1727.0,6,5,True,"{0: np.int64(33), 1: np.int64(27), 2: np.int64(2), 3: np.int64(21), 4: np.int64(15), 5: np.int64(5)}","{(0, 2): [(np.int64(33), 30), (30, 29), (29, 2)], (1, 4): [(np.int64(27), 23), (23, 20), (20, 0), (0, 12), (12, 15)], (1, 5): [(np.int64(27), 23), (23, 21), (21, 2), (2, 5)], (2, 3): [(np.int64(2), 21)], (3, 5): [(np.int64(21), 2), (2, 5)]}","{(0, np.int64(33)): {'cpu': 9}, (1, np.int64(27)): {'cpu': 6}, (2, np.int64(2)): {'cpu': 8}, (3, np.int64(21)): {'cpu': 14}, (4, np.int64(15)): {'cpu': 8}, (5, np.int64(5)): {'cpu': 20}}","{((0, 2), (np.int64(33), 30)): {'bw': 21}, ((0, 2), (30, 29)): {'bw': 21}, ((0, 2), (29, 2)): {'bw': 21}, ((1, 4), (np.int64(27), 23)): {'bw': 6}, ((1, 4), (23, 20)): {'bw': 6}, ((1, 4), (20, 0)): {'bw': 6}, ((1, 4), (0, 12)): {'bw': 6}, ((1, 4), (12, 15)): {'bw': 6}, ((1, 5), (np.int64(27), 23)): {'bw': 5}, ((1, 5), (23, 21)): {'bw': 5}, ((1, 5), (21, 2)): {'bw': 5}, ((1, 5), (2, 5)): {'bw': 5}, ((2, 3), (np.int64(2), 21)): {'bw': 30}, ((3, 5), (np.int64(21), 2)): {'bw': 14}, ((3, 5), (2, 5)): {'bw': 14}}",236.0,141.0,130.0,65.0,76.0,65.0,76.0,65.0,171.0,95.0,0.597457627118644,50783.57875231849,30341.036457953,128.5637138048856,Success,0.0,"{'node_level': {}, 'link_level': {}, 'path_level': {}}","{'node_level': {0: {'cpu': -83}, 1: {'cpu': -38}, 2: {'cpu': -11}, 3: {'cpu': -10}, 4: {'cpu': -41}, 5: {'cpu': -18}}, 'link_level': {(0, 2): {'bw': -136}, (1, 4): {'bw': -127}, (1, 5): {'bw': -140}, (2, 3): {'bw': -176}, (3, 5): {'bw': -126}}, 'path_level': {(0, 2): {}, (1, 4): {}, (1, 5): {}, (2, 3): {}, (3, 5): {}}}","{'node_level': {0: {'cpu': 0}, 1: {'cpu': 0}, 2: {'cpu': 0}, 3: {'cpu': 0}, 4: {'cpu': 0}, 5: {'cpu': 0}}, 'link_level': {(0, 2): {'bw': 0}, (1, 4): {'bw': 0}, (1, 5): {'bw': 0}, (2, 3): {'bw': 0}, (3, 5): {'bw': 0}}, 'path_level': {(0, 2): {}, (1, 4): {}, (1, 5): {}, (2, 3): {}, (3, 5): {}}}",[],-inf,-inf,True,True,False,0,[],0,0.0,6.0,5.0
69,53,13,12418.0,29348.0,6248358.85769251,14574854.799867855,0.42312934441869976,0.4287081376446482,36,118,1,1749.0,9676,2004,7672,0.29137199434229133,0.4769566403054267,68,101.37642153119177,1749.0,8,16,True,"{0: np.int64(24), 1: np.int64(29), 2: np.int64(19), 3: np.int64(13), 4: np.int64(6), 5: np.int64(28), 6: np.int64(12), 7: np.int64(15)}","{(0, 1): [(np.int64(24), 22), (22, 21), (21, 2), (2, 29)], (0, 3): [(np.int64(24), 22), (22, 21), (21, 2), (2, 13)], (0, 6): [(np.int64(24), 22), (22, 20), (20, 0), (0, 12)], (1, 3): [(np.int64(29), 2), (2, 13)], (1, 4): [(np.int64(29), 2), (2, 5), (5, 6)], (1, 6): [(np.int64(29), 2), (2, 13), (13, 14), (14, 12)], (1, 7): [(np.int64(29), 2), (2, 13), (13, 15)], (2, 3): [(np.int64(19), 15), (15, 13)], (2, 5): [(np.int64(19), 15), (15, 12), (12, 1), (1, 28)], (2, 6): [(np.int64(19), 15), (15, 12)], (2, 7): [(np.int64(19), 15)], (3, 4): [(np.int64(13), 2), (2, 5), (5, 6)], (3, 6): [(np.int64(13), 14), (14, 12)], (3, 7): [(np.int64(13), 15)], (4, 7): [(np.int64(6), 4), (4, 0), (0, 12), (12, 15)], (6, 7): [(np.int64(12), 15)]}","{(0, np.int64(24)): {'cpu': 0}, (1, np.int64(29)): {'cpu': 14}, (2, np.int64(19)): {'cpu': 0}, (3, np.int64(13)): {'cpu': 18}, (4, np.int64(6)): {'cpu': 11}, (5, np.int64(28)): {'cpu': 17}, (6, np.int64(12)): {'cpu': 10}, (7, np.int64(15)): {'cpu': 16}}","{((0, 1), (np.int64(24), 22)): {'bw': 40}, ((0, 1), (22, 21)): {'bw': 40}, ((0, 1), (21, 2)): {'bw': 40}, ((0, 1), (2, 29)): {'bw': 40}, ((0, 3), (np.int64(24), 22)): {'bw': 18}, ((0, 3), (22, 21)): {'bw': 18}, ((0, 3), (21, 2)): {'bw': 18}, ((0, 3), (2, 13)): {'bw': 18}, ((0, 6), (np.int64(24), 22)): {'bw': 22}, ((0, 6), (22, 20)): {'bw': 22}, ((0, 6), (20, 0)): {'bw': 22}, ((0, 6), (0, 12)): {'bw': 22}, ((1, 3), (np.int64(29), 2)): {'bw': 10}, ((1, 3), (2, 13)): {'bw': 10}, ((1, 4), (np.int64(29), 2)): {'bw': 10}, ((1, 4), (2, 5)): {'bw': 10}, ((1, 4), (5, 6)): {'bw': 10}, ((1, 6), (np.int64(29), 2)): {'bw': 12}, ((1, 6), (2, 13)): {'bw': 12}, ((1, 6), (13, 14)): {'bw': 12}, ((1, 6), (14, 12)): {'bw': 12}, ((1, 7), (np.int64(29), 2)): {'bw': 11}, ((1, 7), (2, 13)): {'bw': 11}, ((1, 7), (13, 15)): {'bw': 11}, ((2, 3), (np.int64(19), 15)): {'bw': 20}, ((2, 3), (15, 13)): {'bw': 20}, ((2, 5), (np.int64(19), 15)): {'bw': 38}, ((2, 5), (15, 12)): {'bw': 38}, ((2, 5), (12, 1)): {'bw': 38}, ((2, 5), (1, 28)): {'bw': 38}, ((2, 6), (np.int64(19), 15)): {'bw': 16}, ((2, 6), (15, 12)): {'bw': 16}, ((2, 7), (np.int64(19), 15)): {'bw': 26}, ((3, 4), (np.int64(13), 2)): {'bw': 45}, ((3, 4), (2, 5)): {'bw': 45}, ((3, 4), (5, 6)): {'bw': 45}, ((3, 6), (np.int64(13), 14)): {'bw': 24}, ((3, 6), (14, 12)): {'bw': 24}, ((3, 7), (np.int64(13), 15)): {'bw': 0}, ((4, 7), (np.int64(6), 4)): {'bw': 3}, ((4, 7), (4, 0)): {'bw': 3}, ((4, 7), (0, 12)): {'bw': 3}, ((4, 7), (12, 15)): {'bw': 3}, ((6, 7), (np.int64(12), 15)): {'bw': 22}}",1004.0,403.0,172.0,86.0,317.0,86.0,317.0,86.0,918.0,601.0,0.40139442231075695,101781.92721731654,40854.697877070284,40.6919301564445,Success,0.0,"{'node_level': {}, 'link_level': {}, 'path_level': {}}","{'node_level': {0: {'cpu': -48}, 1: {'cpu': -19}, 2: {'cpu': -59}, 3: {'cpu': -70}, 4: {'cpu': -39}, 5: {'cpu': -61}, 6: {'cpu': -73}, 7: {'cpu': -25}}, 'link_level': {(0, 1): {'bw': -41}, (0, 3): {'bw': -23}, (0, 6): {'bw': -31}, (1, 3): {'bw': -78}, (1, 4): {'bw': -76}, (1, 6): {'bw': -64}, (1, 7): {'bw': -53}, (2, 3): {'bw': -227}, (2, 5): {'bw': -108}, (2, 6): {'bw': -173}, (2, 7): {'bw': -147}, (3, 4): {'bw': -10}, (3, 6): {'bw': -225}, (3, 7): {'bw': -311}, (4, 7): {'bw': -50}, (6, 7): {'bw': -164}}, 'path_level': {(0, 1): {}, (0, 3): {}, (0, 6): {}, (1, 3): {}, (1, 4): {}, (1, 6): {}, (1, 7): {}, (2, 3): {}, (2, 5): {}, (2, 6): {}, (2, 7): {}, (3, 4): {}, (3, 6): {}, (3, 7): {}, (4, 7): {}, (6, 7): {}}}","{'node_level': {0: {'cpu': 0}, 1: {'cpu': 0}, 2: {'cpu': 0}, 3: {'cpu': 0}, 4: {'cpu': 0}, 5: {'cpu': 0}, 6: {'cpu': 0}, 7: {'cpu': 0}}, 'link_level': {(0, 1): {'bw': 0}, (0, 3): {'bw': 0}, (0, 6): {'bw': 0}, (1, 3): {'bw': 0}, (1, 4): {'bw': 0}, (1, 6): {'bw': 0}, (1, 7): {'bw': 0}, (2, 3): {'bw': 0}, (2, 5): {'bw': 0}, (2, 6): {'bw': 0}, (2, 7): {'bw': 0}, (3, 4): {'bw': 0}, (3, 6): {'bw': 0}, (3, 7): {'bw': 0}, (4, 7): {'bw': 0}, (6, 7): {'bw': 0}}, 'path_level': {(0, 1): {}, (0, 3): {}, (0, 6): {}, (1, 3): {}, (1, 4): {}, (1, 6): {}, (1, 7): {}, (2, 3): {}, (2, 5): {}, (2, 6): {}, (2, 7): {}, (3, 4): {}, (3, 6): {}, (3, 7): {}, (4, 7): {}, (6, 7): {}}}",[],-inf,-inf,True,True,False,0,[],0,0.0,8.0,16.0
70,54,14,12869.0,30461.0,6707435.037796689,15707785.59467041,0.4224746397032271,0.4270134066556457,36,119,1,1773.0,8563,1912,6651,0.3239038189533239,0.5465639487319335,69,1017.9072729582688,1773.0,10,17,True,"{0: np.int64(26), 1: np.int64(3), 2: np.int64(25), 3: np.int64(1), 4: np.int64(7), 5: np.int64(27), 6: np.int64(12), 7: np.int64(10), 8: np.int64(20), 9: np.int64(5)}","{(0, 1): [(np.int64(26), 23), (23, 21), (21, 3)], (0, 2): [(np.int64(26), 23), (23, 20), (20, 22), (22, 25)], (0, 5): [(np.int64(26), 23), (23, 27)], (0, 6): [(np.int64(26), 23), (23, 20), (20, 0), (0, 12)], (0, 9): [(np.int64(26), 23), (23, 21), (21, 2), (2, 5)], (1, 2): [(np.int64(3), 21), (21, 22), (22, 25)], (1, 3): [(np.int64(3), 5), (5, 6), (6, 4), (4, 1)], (1, 4): [(np.int64(3), 5), (5, 7)], (1, 9): [(np.int64(3), 5)], (2, 6): [(np.int64(25), 22), (22, 20), (20, 0), (0, 12)], (3, 6): [(np.int64(1), 12)], (4, 5): [(np.int64(7), 4), (4, 0), (0, 20), (20, 23), (23, 27)], (4, 6): [(np.int64(7), 4), (4, 0), (0, 12)], (4, 8): [(np.int64(7), 4), (4, 0), (0, 20)], (7, 8): [(np.int64(10), 7), (7, 4), (4, 0), (0, 20)], (7, 9): [(np.int64(10), 7), (7, 5)], (8, 9): [(np.int64(20), 0), (0, 4), (4, 6), (6, 5)]}","{(0, np.int64(26)): {'cpu': 8}, (1, np.int64(3)): {'cpu': 4}, (2, np.int64(25)): {'cpu': 17}, (3, np.int64(1)): {'cpu': 6}, (4, np.int64(7)): {'cpu': 7}, (5, np.int64(27)): {'cpu': 13}, (6, np.int64(12)): {'cpu': 15}, (7, np.int64(10)): {'cpu': 14}, (8, np.int64(20)): {'cpu': 6}, (9, np.int64(5)): {'cpu': 2}}","{((0, 1), (np.int64(26), 23)): {'bw': 33}, ((0, 1), (23, 21)): {'bw': 33}, ((0, 1), (21, 3)): {'bw': 33}, ((0, 2), (np.int64(26), 23)): {'bw': 16}, ((0, 2), (23, 20)): {'bw': 16}, ((0, 2), (20, 22)): {'bw': 16}, ((0, 2), (22, 25)): {'bw': 16}, ((0, 5), (np.int64(26), 23)): {'bw': 26}, ((0, 5), (23, 27)): {'bw': 26}, ((0, 6), (np.int64(26), 23)): {'bw': 2}, ((0, 6), (23, 20)): {'bw': 2}, ((0, 6), (20, 0)): {'bw': 2}, ((0, 6), (0, 12)): {'bw': 2}, ((0, 9), (np.int64(26), 23)): {'bw': 19}, ((0, 9), (23, 21)): {'bw': 19}, ((0, 9), (21, 2)): {'bw': 19}, ((0, 9), (2, 5)): {'bw': 19}, ((1, 2), (np.int64(3), 21)): {'bw': 16}, ((1, 2), (21, 22)): {'bw': 16}, ((1, 2), (22, 25)): {'bw': 16}, ((1, 3), (np.int64(3), 5)): {'bw': 10}, ((1, 3), (5, 6)): {'bw': 10}, ((1, 3), (6, 4)): {'bw': 10}, ((1, 3), (4, 1)): {'bw': 10}, ((1, 4), (np.int64(3), 5)): {'bw': 32}, ((1, 4), (5, 7)): {'bw': 32}, ((1, 9), (np.int64(3), 5)): {'bw': 10}, ((2, 6), (np.int64(25), 22)): {'bw': 29}, ((2, 6), (22, 20)): {'bw': 29}, ((2, 6), (20, 0)): {'bw': 29}, ((2, 6), (0, 12)): {'bw': 29}, ((3, 6), (np.int64(1), 12)): {'bw': 40}, ((4, 5), (np.int64(7), 4)): {'bw': 12}, ((4, 5), (4, 0)): {'bw': 12}, ((4, 5), (0, 20)): {'bw': 12}, ((4, 5), (20, 23)): {'bw': 12}, ((4, 5), (23, 27)): {'bw': 12}, ((4, 6), (np.int64(7), 4)): {'bw': 29}, ((4, 6), (4, 0)): {'bw': 29}, ((4, 6), (0, 12)): {'bw': 29}, ((4, 8), (np.int64(7), 4)): {'bw': 25}, ((4, 8), (4, 0)): {'bw': 25}, ((4, 8), (0, 20)): {'bw': 25}, ((7, 8), (np.int64(10), 7)): {'bw': 13}, ((7, 8), (7, 4)): {'bw': 13}, ((7, 8), (4, 0)): {'bw': 13}, ((7, 8), (0, 20)): {'bw': 13}, ((7, 9), (np.int64(10), 7)): {'bw': 29}, ((7, 9), (7, 5)): {'bw': 29}, ((8, 9), (np.int64(20), 0)): {'bw': 18}, ((8, 9), (0, 4)): {'bw': 18}, ((8, 9), (4, 6)): {'bw': 18}, ((8, 9), (6, 5)): {'bw': 18}}",1113.0,451.0,184.0,92.0,359.0,92.0,359.0,92.0,1021.0,662.0,0.4052111410601977,1132930.7948025533,459076.1801041792,412.4673675688942,Success,0.0,"{'node_level': {}, 'link_level': {}, 'path_level': {}}","{'node_level': {0: {'cpu': -61}, 1: {'cpu': -48}, 2: {'cpu': -77}, 3: {'cpu': -40}, 4: {'cpu': -38}, 5: {'cpu': -25}, 6: {'cpu': -58}, 7: {'cpu': -66}, 8: {'cpu': -50}, 9: {'cpu': -16}}, 'link_level': {(0, 1): {'bw': -70}, (0, 2): {'bw': -83}, (0, 5): {'bw': -185}, (0, 6): {'bw': -109}, (0, 9): {'bw': -52}, (1, 2): {'bw': -7}, (1, 3): {'bw': -40}, (1, 4): {'bw': -113}, (1, 9): {'bw': -103}, (2, 6): {'bw': -54}, (3, 6): {'bw': -68}, (4, 5): {'bw': -87}, (4, 6): {'bw': -58}, (4, 8): {'bw': -33}, (7, 8): {'bw': -20}, (7, 9): {'bw': -89}, (8, 9): {'bw': -2}}, 'path_level': {(0, 1): {}, (0, 2): {}, (0, 5): {}, (0, 6): {}, (0, 9): {}, (1, 2): {}, (1, 3): {}, (1, 4): {}, (1, 9): {}, (2, 6): {}, (3, 6): {}, (4, 5): {}, (4, 6): {}, (4, 8): {}, (7, 8): {}, (7, 9): {}, (8, 9): {}}}","{'node_level': {0: {'cpu': 0}, 1: {'cpu': 0}, 2: {'cpu': 0}, 3: {'cpu': 0}, 4: {'cpu': 0}, 5: {'cpu': 0}, 6: {'cpu': 0}, 7: {'cpu': 0}, 8: {'cpu': 0}, 9: {'cpu': 0}}, 'link_level': {(0, 1): {'bw': 0}, (0, 2): {'bw': 0}, (0, 5): {'bw': 0}, (0, 6): {'bw': 0}, (0, 9): {'bw': 0}, (1, 2): {'bw': 0}, (1, 3): {'bw': 0}, (1, 4): {'bw': 0}, (1, 9): {'bw': 0}, (2, 6): {'bw': 0}, (3, 6): {'bw': 0}, (4, 5): {'bw': 0}, (4, 6): {'bw': 0}, (4, 8): {'bw': 0}, (7, 8): {'bw': 0}, (7, 9): {'bw': 0}, (8, 9): {'bw': 0}}, 'path_level': {(0, 1): {}, (0, 2): {}, (0, 5): {}, (0, 6): {}, (0, 9): {}, (1, 2): {}, (1, 3): {}, (1, 4): {}, (1, 9): {}, (2, 6): {}, (3, 6): {}, (4, 5): {}, (4, 6): {}, (4, 8): {}, (7, 8): {}, (7, 9): {}, (8, 9): {}}}",[],-inf,-inf,True,True,False,0,[],0,0.0,10.0,17.0
70,54,14,12869.0,30461.0,6707435.037796689,15707785.59467041,0.4224746397032271,0.4270134066556457,36,120,0,1785.0931736222008,8563,1912,6651,0.3239038189533239,0.5465639487319335,65,109.09317362220082,1676.0,9,22,False,{},{},{},{},0.0,0.0,0.0,0.0,0.0,0.0,0.0,0.0,0.0,0.0,0.0,0.0,0.0,0.0,Leave Event,0.0,"{'node_level': {}, 'link_level': {}, 'path_level': {}}","{'node_level': {}, 'link_level': {}, 'path_level': {}}","{'node_level': {}, 'link_level': {}, 'path_level': {}}",[],-inf,-inf,True,True,False,0,[],0,0.0,,
71,55,15,13203.0,31340.0,6779995.582355181,15898745.830200093,0.42128270580727506,0.4264484541589688,36,121,1,1804.0,7684,1840,5844,0.3493635077793493,0.601581674393237,70,217.2471393966827,1804.0,6,10,True,"{0: np.int64(16), 1: np.int64(6), 2: np.int64(13), 3: np.int64(35), 4: np.int64(1), 5: np.int64(29)}","{(0, 1): [(np.int64(16), 14), (14, 12), (12, 0), (0, 4), (4, 6)], (0, 2): [(np.int64(16), 14), (14, 13)], (0, 3): [(np.int64(16), 14), (14, 12), (12, 1), (1, 28), (28, 31), (31, 35)], (0, 5): [(np.int64(16), 14), (14, 13), (13, 2), (2, 29)], (1, 4): [(np.int64(6), 5), (5, 7), (7, 4), (4, 1)], (2, 3): [(np.int64(13), 3), (3, 29), (29, 31), (31, 35)], (2, 4): [(np.int64(13), 14), (14, 12), (12, 1)], (2, 5): [(np.int64(13), 3), (3, 29)], (3, 4): [(np.int64(35), 31), (31, 28), (28, 1)], (3, 5): [(np.int64(35), 31), (31, 29)]}","{(0, np.int64(16)): {'cpu': 18}, (1, np.int64(6)): {'cpu': 5}, (2, np.int64(13)): {'cpu': 19}, (3, np.int64(35)): {'cpu': 16}, (4, np.int64(1)): {'cpu': 12}, (5, np.int64(29)): {'cpu': 2}}","{((0, 1), (np.int64(16), 14)): {'bw': 1}, ((0, 1), (14, 12)): {'bw': 1}, ((0, 1), (12, 0)): {'bw': 1}, ((0, 1), (0, 4)): {'bw': 1}, ((0, 1), (4, 6)): {'bw': 1}, ((0, 2), (np.int64(16), 14)): {'bw': 43}, ((0, 2), (14, 13)): {'bw': 43}, ((0, 3), (np.int64(16), 14)): {'bw': 32}, ((0, 3), (14, 12)): {'bw': 32}, ((0, 3), (12, 1)): {'bw': 32}, ((0, 3), (1, 28)): {'bw': 32}, ((0, 3), (28, 31)): {'bw': 32}, ((0, 3), (31, 35)): {'bw': 32}, ((0, 5), (np.int64(16), 14)): {'bw': 3}, ((0, 5), (14, 13)): {'bw': 3}, ((0, 5), (13, 2)): {'bw': 3}, ((0, 5), (2, 29)): {'bw': 3}, ((1, 4), (np.int64(6), 5)): {'bw': 37}, ((1, 4), (5, 7)): {'bw': 37}, ((1, 4), (7, 4)): {'bw': 37}, ((1, 4), (4, 1)): {'bw': 37}, ((2, 3), (np.int64(13), 3)): {'bw': 9}, ((2, 3), (3, 29)): {'bw': 9}, ((2, 3), (29, 31)): {'bw': 9}, ((2, 3), (31, 35)): {'bw': 9}, ((2, 4), (np.int64(13), 14)): {'bw': 16}, ((2, 4), (14, 12)): {'bw': 16}, ((2, 4), (12, 1)): {'bw': 16}, ((2, 5), (np.int64(13), 3)): {'bw': 41}, ((2, 5), (3, 29)): {'bw': 41}, ((3, 4), (np.int64(35), 31)): {'bw': 38}, ((3, 4), (31, 28)): {'bw': 38}, ((3, 4), (28, 1)): {'bw': 38}, ((3, 5), (np.int64(35), 31)): {'bw': 42}, ((3, 5), (31, 29)): {'bw': 42}}",879.0,334.0,144.0,72.0,262.0,72.0,262.0,72.0,807.0,545.0,0.3799772468714448,190960.2355296841,72560.54455849202,82.54896991864848,Success,0.0,"{'node_level': {}, 'link_level': {}, 'path_level': {}}","{'node_level': {0: {'cpu': -59}, 1: {'cpu': -34}, 2: {'cpu': -51}, 3: {'cpu': -67}, 4: {'cpu': -28}, 5: {'cpu': -17}}, 'link_level': {(0, 1): {'bw': -1}, (0, 2): {'bw': -189}, (0, 3): {'bw': -36}, (0, 5): {'bw': -7}, (1, 4): {'bw': -52}, (2, 3): {'bw': -71}, (2, 4): {'bw': -20}, (2, 5): {'bw': -30}, (3, 4): {'bw': -105}, (3, 5): {'bw': -63}}, 'path_level': {(0, 1): {}, (0, 2): {}, (0, 3): {}, (0, 5): {}, (1, 4): {}, (2, 3): {}, (2, 4): {}, (2, 5): {}, (3, 4): {}, (3, 5): {}}}","{'node_level': {0: {'cpu': 0}, 1: {'cpu': 0}, 2: {'cpu': 0}, 3: {'cpu': 0}, 4: {'cpu': 0}, 5: {'cpu': 0}}, 'link_level': {(0, 1): {'bw': 0}, (0, 2): {'bw': 0}, (0, 3): {'bw': 0}, (0, 5): {'bw': 0}, (1, 4): {'bw': 0}, (2, 3): {'bw': 0}, (2, 4): {'bw': 0}, (2, 5): {'bw': 0}, (3, 4): {'bw': 0}, (3, 5): {'bw': 0}}, 'path_level': {(0, 1): {}, (0, 2): {}, (0, 3): {}, (0, 5): {}, (1, 4): {}, (2, 3): {}, (2, 4): {}, (2, 5): {}, (3, 4): {}, (3, 5): {}}}",[],-inf,-inf,True,True,False,0,[],0,0.0,6.0,10.0
71,55,15,13203.0,31340.0,6779995.582355181,15898745.830200093,0.42128270580727506,0.4264484541589688,36,122,0,1813.605291114158,7684,1840,5844,0.3493635077793493,0.601581674393237,51,511.6052911141581,1302.0,9,20,False,{},{},{},{},0.0,0.0,0.0,0.0,0.0,0.0,0.0,0.0,0.0,0.0,0.0,0.0,0.0,0.0,Leave Event,0.0,"{'node_level': {}, 'link_level': {}, 'path_level': {}}","{'node_level': {}, 'link_level': {}, 'path_level': {}}","{'node_level': {}, 'link_level': {}, 'path_level': {}}",[],-inf,-inf,True,True,False,0,[],0,0.0,,
72,55,15,13203.0,31340.0,6779995.582355181,15898745.830200093,0.42128270580727506,0.4264484541589688,36,123,1,1822.0,7684,1840,5844,0.3493635077793493,0.601581674393237,71,90.25865744017176,1822.0,10,31,False,"{0: np.int64(16), 1: np.int64(28), 2: np.int64(4), 3: np.int64(19), 4: np.int64(18), 5: np.int64(12), 6: np.int64(14), 7: np.int64(17), 8: np.int64(29), 9: np.int64(20)}","{(0, 2): [(np.int64(16), 14), (14, 12), (12, 1), (1, 4)], (0, 3): [(np.int64(16), 14), (14, 12), (12, 15), (15, 19)], (0, 4): [(np.int64(16), 14), (14, 12), (12, 15), (15, 18)], (0, 5): [(np.int64(16), 14), (14, 12)], (0, 7): [(np.int64(16), 14), (14, 17)], (0, 8): [(np.int64(16), 14), (14, 13), (13, 2), (2, 29)], (1, 2): [(np.int64(28), 0), (0, 4)], (1, 3): [(np.int64(28), 1), (1, 20), (20, 0), (0, 12), (12, 15), (15, 19)], (1, 5): [(np.int64(28), 0), (0, 12)], (1, 7): [(np.int64(28), 0), (0, 12), (12, 14), (14, 17)], (1, 9): [(np.int64(28), 1), (1, 20)], (2, 3): [(np.int64(4), 7), (7, 5), (5, 3), (3, 13), (13, 15), (15, 19)], (2, 4): []}","{(0, np.int64(16)): {'cpu': 18}, (1, np.int64(28)): {'cpu': 10}, (2, np.int64(4)): {'cpu': 14}, (3, np.int64(19)): {'cpu': 9}, (4, np.int64(18)): {'cpu': 8}, (5, np.int64(12)): {'cpu': 8}, (6, np.int64(14)): {'cpu': 12}, (7, np.int64(17)): {'cpu': 4}, (8, np.int64(29)): {'cpu': 13}, (9, np.int64(20)): {'cpu': 16}}","{((0, 2), (np.int64(16), 14)): {'bw': 19}, ((0, 2), (14, 12)): {'bw': 19}, ((0, 2), (12, 1)): {'bw': 19}, ((0, 2), (1, 4)): {'bw': 19}, ((0, 3), (np.int64(16), 14)): {'bw': 36}, ((0, 3), (14, 12)): {'bw': 36}, ((0, 3), (12, 15)): {'bw': 36}, ((0, 3), (15, 19)): {'bw': 36}, ((0, 4), (np.int64(16), 14)): {'bw': 2}, ((0, 4), (14, 12)): {'bw': 2}, ((0, 4), (12, 15)): {'bw': 2}, ((0, 4), (15, 18)): {'bw': 2}, ((0, 5), (np.int64(16), 14)): {'bw': 26}, ((0, 5), (14, 12)): {'bw': 26}, ((0, 7), (np.int64(16), 14)): {'bw': 25}, ((0, 7), (14, 17)): {'bw': 25}, ((0, 8), (np.int64(16), 14)): {'bw': 7}, ((0, 8), (14, 13)): {'bw': 7}, ((0, 8), (13, 2)): {'bw': 7}, ((0, 8), (2, 29)): {'bw': 7}, ((1, 2), (np.int64(28), 0)): {'bw': 0}, ((1, 2), (0, 4)): {'bw': 0}, ((1, 3), (np.int64(28), 1)): {'bw': 42}, ((1, 3), (1, 20)): {'bw': 42}, ((1, 3), (20, 0)): {'bw': 42}, ((1, 3), (0, 12)): {'bw': 42}, ((1, 3), (12, 15)): {'bw': 42}, ((1, 3), (15, 19)): {'bw': 42}, ((1, 5), (np.int64(28), 0)): {'bw': 13}, ((1, 5), (0, 12)): {'bw': 13}, ((1, 7), (np.int64(28), 0)): {'bw': 8}, ((1, 7), (0, 12)): {'bw': 8}, ((1, 7), (12, 14)): {'bw': 8}, ((1, 7), (14, 17)): {'bw': 8}, ((1, 9), (np.int64(28), 1)): {'bw': 28}, ((1, 9), (1, 20)): {'bw': 28}, ((2, 3), (np.int64(4), 7)): {'bw': 22}, ((2, 3), (7, 5)): {'bw': 22}, ((2, 3), (5, 3)): {'bw': 22}, ((2, 3), (3, 13)): {'bw': 22}, ((2, 3), (13, 15)): {'bw': 22}, ((2, 3), (15, 19)): {'bw': 22}}",0.0,0.0,224.0,112.0,723.0,0.0,0.0,0.0,0.0,0.0,0.0,0.0,0.0,0.0,Route Failure,100.0,"{'node_level': {}, 'link_level': {}, 'path_level': {}}","{'node_level': {0: {'cpu': -41}, 1: {'cpu': -51}, 2: {'cpu': -59}, 3: {'cpu': -50}, 4: {'cpu': -22}, 5: {'cpu': -50}, 6: {'cpu': -70}, 7: {'cpu': -33}, 8: {'cpu': -4}, 9: {'cpu': -34}}, 'link_level': {(0, 2): {'bw': -1}, (0, 3): {'bw': -111}, (0, 4): {'bw': -113}, (0, 5): {'bw': -87}, (0, 7): {'bw': -62}, (0, 8): {'bw': 0}, (1, 2): {'bw': -1}, (1, 3): {'bw': -17}, (1, 5): {'bw': -10}, (1, 7): {'bw': -2}, (1, 9): {'bw': -31}, (2, 3): {'bw': -8}, (2, 4): {'bw': 100.0}}, 'path_level': {(0, 2): {}, (0, 3): {}, (0, 4): {}, (0, 5): {}, (0, 7): {}, (0, 8): {}, (1, 2): {}, (1, 3): {}, (1, 5): {}, (1, 7): {}, (1, 9): {}, (2, 3): {}, (2, 4): {}}}","{'node_level': {0: {'cpu': 0}, 1: {'cpu': 0}, 2: {'cpu': 0}, 3: {'cpu': 0}, 4: {'cpu': 0}, 5: {'cpu': 0}, 6: {'cpu': 0}, 7: {'cpu': 0}, 8: {'cpu': 0}, 9: {'cpu': 0}}, 'link_level': {(0, 2): {'bw': 0}, (0, 3): {'bw': 0}, (0, 4): {'bw': 0}, (0, 5): {'bw': 0}, (0, 7): {'bw': 0}, (0, 8): {'bw': 0}, (1, 2): {'bw': 0}, (1, 3): {'bw': 0}, (1, 5): {'bw': 0}, (1, 7): {'bw': 0}, (1, 9): {'bw': 0}, (2, 3): {'bw': 0}, (2, 4): {'bw': 100.0}}, 'path_level': {(0, 2): {}, (0, 3): {}, (0, 4): {}, (0, 5): {}, (0, 7): {}, (0, 8): {}, (1, 2): {}, (1, 3): {}, (1, 5): {}, (1, 7): {}, (1, 9): {}, (2, 3): {}, (2, 4): {}}}",[],-inf,-inf,True,False,False,0,[],0,0.0,10.0,13.0
73,56,16,13300.0,31512.0,6796663.7664361065,15928301.78547761,0.4220614369129221,0.4267036033077213,36,124,1,1845.0,7512,1789,5723,0.36739745403111734,0.6098309244614126,72,171.83694928789174,1845.0,3,2,True,"{0: np.int64(15), 1: np.int64(28), 2: np.int64(12)}","{(0, 2): [(np.int64(15), 12)], (1, 2): [(np.int64(28), 1), (1, 20), (20, 0), (0, 12)]}","{(0, np.int64(15)): {'cpu': 19}, (1, np.int64(28)): {'cpu': 18}, (2, np.int64(12)): {'cpu': 14}}","{((0, 2), (np.int64(15), 12)): {'bw': 21}, ((1, 2), (np.int64(28), 1)): {'bw': 25}, ((1, 2), (1, 20)): {'bw': 25}, ((1, 2), (20, 0)): {'bw': 25}, ((1, 2), (0, 12)): {'bw': 25}}",172.0,97.0,102.0,51.0,46.0,51.0,46.0,51.0,121.0,75.0,0.563953488372093,29555.95527751738,16668.184080925497,96.908046982125,Success,0.0,"{'node_level': {}, 'link_level': {}, 'path_level': {}}","{'node_level': {0: {'cpu': -6}, 1: {'cpu': -43}, 2: {'cpu': -44}}, 'link_level': {(0, 2): {'bw': -143}, (1, 2): {'bw': -34}}, 'path_level': {(0, 2): {}, (1, 2): {}}}","{'node_level': {0: {'cpu': 0}, 1: {'cpu': 0}, 2: {'cpu': 0}}, 'link_level': {(0, 2): {'bw': 0}, (1, 2): {'bw': 0}}, 'path_level': {(0, 2): {}, (1, 2): {}}}",[],-inf,-inf,True,True,False,0,[],0,0.0,3.0,2.0
73,56,15,13300.0,31512.0,6796663.7664361065,15928301.78547761,0.4220614369129221,0.4267036033077213,36,125,0,1850.3764215311917,8516,1875,6641,0.33698727015558694,0.547245704935915,68,101.37642153119177,1749.0,8,16,False,{},{},{},{},0.0,0.0,0.0,0.0,0.0,0.0,0.0,0.0,0.0,0.0,0.0,0.0,0.0,0.0,Leave Event,0.0,"{'node_level': {}, 'link_level': {}, 'path_level': {}}","{'node_level': {}, 'link_level': {}, 'path_level': {}}","{'node_level': {}, 'link_level': {}, 'path_level': {}}",[],-inf,-inf,True,True,False,0,[],0,0.0,,
74,57,16,13614.0,32371.0,7011713.317189258,16516606.129735434,0.4205616137901208,0.424525066597418,36,126,1,1870.0,7657,1829,5828,0.35325318246110327,0.6026724843196073,73,684.8711807425198,1870.0,7,14,True,"{0: np.int64(23), 1: np.int64(1), 2: np.int64(28), 3: np.int64(32), 4: np.int64(29), 5: np.int64(21), 6: np.int64(22)}","{(0, 1): [(np.int64(23), 20), (20, 1)], (0, 2): [(np.int64(23), 20), (20, 1), (1, 28)], (0, 4): [(np.int64(23), 21), (21, 2), (2, 29)], (0, 5): [(np.int64(23), 21)], (1, 3): [(np.int64(1), 28), (28, 30), (30, 32)], (1, 5): [(np.int64(1), 20), (20, 22), (22, 21)], (1, 6): [(np.int64(1), 20), (20, 22)], (2, 3): [(np.int64(28), 31), (31, 29), (29, 30), (30, 32)], (2, 4): [(np.int64(28), 30), (30, 29)], (2, 5): [(np.int64(28), 0), (0, 20), (20, 22), (22, 21)], (2, 6): [(np.int64(28), 0), (0, 20), (20, 22)], (3, 6): [(np.int64(32), 30), (30, 28), (28, 0), (0, 20), (20, 22)], (4, 6): [(np.int64(29), 2), (2, 21), (21, 22)], (5, 6): [(np.int64(21), 23), (23, 20), (20, 22)]}","{(0, np.int64(23)): {'cpu': 2}, (1, np.int64(1)): {'cpu': 8}, (2, np.int64(28)): {'cpu': 13}, (3, np.int64(32)): {'cpu': 7}, (4, np.int64(29)): {'cpu': 14}, (5, np.int64(21)): {'cpu': 1}, (6, np.int64(22)): {'cpu': 1}}","{((0, 1), (np.int64(23), 20)): {'bw': 7}, ((0, 1), (20, 1)): {'bw': 7}, ((0, 2), (np.int64(23), 20)): {'bw': 26}, ((0, 2), (20, 1)): {'bw': 26}, ((0, 2), (1, 28)): {'bw': 26}, ((0, 4), (np.int64(23), 21)): {'bw': 50}, ((0, 4), (21, 2)): {'bw': 50}, ((0, 4), (2, 29)): {'bw': 50}, ((0, 5), (np.int64(23), 21)): {'bw': 15}, ((1, 3), (np.int64(1), 28)): {'bw': 26}, ((1, 3), (28, 30)): {'bw': 26}, ((1, 3), (30, 32)): {'bw': 26}, ((1, 5), (np.int64(1), 20)): {'bw': 21}, ((1, 5), (20, 22)): {'bw': 21}, ((1, 5), (22, 21)): {'bw': 21}, ((1, 6), (np.int64(1), 20)): {'bw': 0}, ((1, 6), (20, 22)): {'bw': 0}, ((2, 3), (np.int64(28), 31)): {'bw': 48}, ((2, 3), (31, 29)): {'bw': 48}, ((2, 3), (29, 30)): {'bw': 48}, ((2, 3), (30, 32)): {'bw': 48}, ((2, 4), (np.int64(28), 30)): {'bw': 19}, ((2, 4), (30, 29)): {'bw': 19}, ((2, 5), (np.int64(28), 0)): {'bw': 13}, ((2, 5), (0, 20)): {'bw': 13}, ((2, 5), (20, 22)): {'bw': 13}, ((2, 5), (22, 21)): {'bw': 13}, ((2, 6), (np.int64(28), 0)): {'bw': 8}, ((2, 6), (0, 20)): {'bw': 8}, ((2, 6), (20, 22)): {'bw': 8}, ((3, 6), (np.int64(32), 30)): {'bw': 2}, ((3, 6), (30, 28)): {'bw': 2}, ((3, 6), (28, 0)): {'bw': 2}, ((3, 6), (0, 20)): {'bw': 2}, ((3, 6), (20, 22)): {'bw': 2}, ((4, 6), (np.int64(29), 2)): {'bw': 7}, ((4, 6), (2, 21)): {'bw': 7}, ((4, 6), (21, 22)): {'bw': 7}, ((5, 6), (np.int64(21), 23)): {'bw': 26}, ((5, 6), (23, 20)): {'bw': 26}, ((5, 6), (20, 22)): {'bw': 26}}",859.0,314.0,92.0,46.0,268.0,46.0,268.0,46.0,813.0,545.0,0.36554132712456344,588304.3442578245,215049.5507531512,250.34872031798741,Success,0.0,"{'node_level': {}, 'link_level': {}, 'path_level': {}}","{'node_level': {0: {'cpu': -75}, 1: {'cpu': -20}, 2: {'cpu': -47}, 3: {'cpu': -65}, 4: {'cpu': -17}, 5: {'cpu': -9}, 6: {'cpu': -67}}, 'link_level': {(0, 1): {'bw': -69}, (0, 2): {'bw': -43}, (0, 4): {'bw': -83}, (0, 5): {'bw': -137}, (1, 3): {'bw': -43}, (1, 5): {'bw': -22}, (1, 6): {'bw': -22}, (2, 3): {'bw': -95}, (2, 4): {'bw': -24}, (2, 5): {'bw': -10}, (2, 6): {'bw': -2}, (3, 6): {'bw': 0}, (4, 6): {'bw': -24}, (5, 6): {'bw': -6}}, 'path_level': {(0, 1): {}, (0, 2): {}, (0, 4): {}, (0, 5): {}, (1, 3): {}, (1, 5): {}, (1, 6): {}, (2, 3): {}, (2, 4): {}, (2, 5): {}, (2, 6): {}, (3, 6): {}, (4, 6): {}, (5, 6): {}}}","{'node_level': {0: {'cpu': 0}, 1: {'cpu': 0}, 2: {'cpu': 0}, 3: {'cpu': 0}, 4: {'cpu': 0}, 5: {'cpu': 0}, 6: {'cpu': 0}}, 'link_level': {(0, 1): {'bw': 0}, (0, 2): {'bw': 0}, (0, 4): {'bw': 0}, (0, 5): {'bw': 0}, (1, 3): {'bw': 0}, (1, 5): {'bw': 0}, (1, 6): {'bw': 0}, (2, 3): {'bw': 0}, (2, 4): {'bw': 0}, (2, 5): {'bw': 0}, (2, 6): {'bw': 0}, (3, 6): {'bw': 0}, (4, 6): {'bw': 0}, (5, 6): {'bw': 0}}, 'path_level': {(0, 1): {}, (0, 2): {}, (0, 4): {}, (0, 5): {}, (1, 3): {}, (1, 5): {}, (1, 6): {}, (2, 3): {}, (2, 4): {}, (2, 5): {}, (2, 6): {}, (3, 6): {}, (4, 6): {}, (5, 6): {}}}",[],-inf,-inf,True,True,False,0,[],0,0.0,7.0,14.0
74,57,16,13614.0,32371.0,7011713.317189258,16516606.129735434,0.4205616137901208,0.424525066597418,36,127,0,1887.4001892596398,7657,1829,5828,0.35325318246110327,0.6026724843196073,63,266.40018925963983,1621.0,10,21,False,{},{},{},{},0.0,0.0,0.0,0.0,0.0,0.0,0.0,0.0,0.0,0.0,0.0,0.0,0.0,0.0,Leave Event,0.0,"{'node_level': {}, 'link_level': {}, 'path_level': {}}","{'node_level': {}, 'link_level': {}, 'path_level': {}}","{'node_level': {}, 'link_level': {}, 'path_level': {}}",[],-inf,-inf,True,True,False,0,[],0,0.0,,
74,57,15,13614.0,32371.0,7011713.317189258,16516606.129735434,0.4205616137901208,0.424525066597418,36,128,0,1889.5597504662198,8675,1893,6782,0.33062234794908063,0.5376329424597763,58,399.5597504662199,1490.0,7,10,False,{},{},{},{},0.0,0.0,0.0,0.0,0.0,0.0,0.0,0.0,0.0,0.0,0.0,0.0,0.0,0.0,Leave Event,0.0,"{'node_level': {}, 'link_level': {}, 'path_level': {}}","{'node_level': {}, 'link_level': {}, 'path_level': {}}","{'node_level': {}, 'link_level': {}, 'path_level': {}}",[],-inf,-inf,True,True,False,0,[],0,0.0,,
75,58,16,13833.0,33115.0,7343462.595827072,17643644.774970748,0.4177261059942624,0.4162100682419371,36,129,1,1893.0,7931,1862,6069,0.34158415841584155,0.5862421598036542,74,1514.8368887571435,1893.0,6,7,True,"{0: np.int64(26), 1: np.int64(24), 2: np.int64(30), 3: np.int64(16), 4: np.int64(20), 5: np.int64(33)}","{(0, 3): [(np.int64(26), 23), (23, 21), (21, 2), (2, 13), (13, 14), (14, 16)], (0, 4): [(np.int64(26), 23), (23, 20)], (1, 2): [(np.int64(24), 22), (22, 21), (21, 2), (2, 29), (29, 30)], (1, 4): [(np.int64(24), 22), (22, 20)], (2, 4): [(np.int64(30), 28), (28, 0), (0, 20)], (2, 5): [(np.int64(30), 33)], (3, 4): [(np.int64(16), 14), (14, 12), (12, 0), (0, 20)]}","{(0, np.int64(26)): {'cpu': 9}, (1, np.int64(24)): {'cpu': 5}, (2, np.int64(30)): {'cpu': 1}, (3, np.int64(16)): {'cpu': 11}, (4, np.int64(20)): {'cpu': 4}, (5, np.int64(33)): {'cpu': 1}}","{((0, 3), (np.int64(26), 23)): {'bw': 50}, ((0, 3), (23, 21)): {'bw': 50}, ((0, 3), (21, 2)): {'bw': 50}, ((0, 3), (2, 13)): {'bw': 50}, ((0, 3), (13, 14)): {'bw': 50}, ((0, 3), (14, 16)): {'bw': 50}, ((0, 4), (np.int64(26), 23)): {'bw': 15}, ((0, 4), (23, 20)): {'bw': 15}, ((1, 2), (np.int64(24), 22)): {'bw': 26}, ((1, 2), (22, 21)): {'bw': 26}, ((1, 2), (21, 2)): {'bw': 26}, ((1, 2), (2, 29)): {'bw': 26}, ((1, 2), (29, 30)): {'bw': 26}, ((1, 4), (np.int64(24), 22)): {'bw': 31}, ((1, 4), (22, 20)): {'bw': 31}, ((2, 4), (np.int64(30), 28)): {'bw': 19}, ((2, 4), (28, 0)): {'bw': 19}, ((2, 4), (0, 20)): {'bw': 19}, ((2, 5), (np.int64(30), 33)): {'bw': 18}, ((3, 4), (np.int64(16), 14)): {'bw': 29}, ((3, 4), (14, 12)): {'bw': 29}, ((3, 4), (12, 0)): {'bw': 29}, ((3, 4), (0, 20)): {'bw': 29}}",744.0,219.0,62.0,31.0,188.0,31.0,188.0,31.0,713.0,525.0,0.29435483870967744,1127038.6452353147,331749.2786378144,445.8995680615785,Success,0.0,"{'node_level': {}, 'link_level': {}, 'path_level': {}}","{'node_level': {0: {'cpu': -52}, 1: {'cpu': -45}, 2: {'cpu': -57}, 3: {'cpu': -48}, 4: {'cpu': -46}, 5: {'cpu': -82}}, 'link_level': {(0, 3): {'bw': -53}, (0, 4): {'bw': -23}, (1, 2): {'bw': -44}, (1, 4): {'bw': -30}, (2, 4): {'bw': -3}, (2, 5): {'bw': -169}, (3, 4): {'bw': -40}}, 'path_level': {(0, 3): {}, (0, 4): {}, (1, 2): {}, (1, 4): {}, (2, 4): {}, (2, 5): {}, (3, 4): {}}}","{'node_level': {0: {'cpu': 0}, 1: {'cpu': 0}, 2: {'cpu': 0}, 3: {'cpu': 0}, 4: {'cpu': 0}, 5: {'cpu': 0}}, 'link_level': {(0, 3): {'bw': 0}, (0, 4): {'bw': 0}, (1, 2): {'bw': 0}, (1, 4): {'bw': 0}, (2, 4): {'bw': 0}, (2, 5): {'bw': 0}, (3, 4): {'bw': 0}}, 'path_level': {(0, 3): {}, (0, 4): {}, (1, 2): {}, (1, 4): {}, (2, 4): {}, (2, 5): {}, (3, 4): {}}}",[],-inf,-inf,True,True,False,0,[],0,0.0,6.0,7.0
76,59,17,13997.0,33289.0,7432600.224560235,17738217.624968126,0.42046922406801046,0.41901618199216284,36,130,1,1906.0,7757,1801,5956,0.3631541725601132,0.5939460049086447,75,543.5221264217232,1906.0,4,3,True,"{0: np.int64(15), 1: np.int64(19), 2: np.int64(17), 3: np.int64(12)}","{(0, 1): [(np.int64(15), 19)], (0, 3): [(np.int64(15), 12)], (2, 3): [(np.int64(17), 14), (14, 12)]}","{(0, np.int64(15)): {'cpu': 20}, (1, np.int64(19)): {'cpu': 4}, (2, np.int64(17)): {'cpu': 18}, (3, np.int64(12)): {'cpu': 19}}","{((0, 1), (np.int64(15), 19)): {'bw': 49}, ((0, 3), (np.int64(15), 12)): {'bw': 44}, ((2, 3), (np.int64(17), 14)): {'bw': 10}, ((2, 3), (14, 12)): {'bw': 10}}",174.0,164.0,122.0,61.0,103.0,61.0,103.0,61.0,113.0,10.0,0.9425287356321839,94572.84999737985,89137.62873316261,512.2852226043827,Success,0.0,"{'node_level': {}, 'link_level': {}, 'path_level': {}}","{'node_level': {0: {'cpu': -2}, 1: {'cpu': -55}, 2: {'cpu': -19}, 3: {'cpu': -35}}, 'link_level': {(0, 1): {'bw': -198}, (0, 3): {'bw': -178}, (2, 3): {'bw': -159}}, 'path_level': {(0, 1): {}, (0, 3): {}, (2, 3): {}}}","{'node_level': {0: {'cpu': 0}, 1: {'cpu': 0}, 2: {'cpu': 0}, 3: {'cpu': 0}}, 'link_level': {(0, 1): {'bw': 0}, (0, 3): {'bw': 0}, (2, 3): {'bw': 0}}, 'path_level': {(0, 1): {}, (0, 3): {}, (2, 3): {}}}",[],-inf,-inf,True,True,False,0,[],0,0.0,4.0,3.0
76,59,16,13997.0,33289.0,7432600.224560235,17738217.624968126,0.42046922406801046,0.41901618199216284,36,131,0,1907.15565407657,8053,1845,6208,0.34759547383309763,0.576765748568312,36,995.1556540765699,912.0,5,5,False,{},{},{},{},0.0,0.0,0.0,0.0,0.0,0.0,0.0,0.0,0.0,0.0,0.0,0.0,0.0,0.0,Leave Event,0.0,"{'node_level': {}, 'link_level': {}, 'path_level': {}}","{'node_level': {}, 'link_level': {}, 'path_level': {}}","{'node_level': {}, 'link_level': {}, 'path_level': {}}",[],-inf,-inf,True,True,False,0,[],0,0.0,,
76,59,16,13997.0,33289.0,7432600.224560235,17738217.624968126,0.42046922406801046,0.41901618199216284,36,132,0,1912.2586574401716,8053,1845,6208,0.34759547383309763,0.576765748568312,71,90.25865744017176,1822.0,10,31,False,{},{},{},{},0.0,0.0,0.0,0.0,0.0,0.0,0.0,0.0,0.0,0.0,0.0,0.0,0.0,0.0,Leave Event,0.0,"{'node_level': {}, 'link_level': {}, 'path_level': {}}","{'node_level': {}, 'link_level': {}, 'path_level': {}}","{'node_level': {}, 'link_level': {}, 'path_level': {}}",[],-inf,-inf,True,True,False,0,[],0,0.0,,
77,60,17,14149.0,33682.0,7461951.339006744,17814105.703767326,0.4200760049878273,0.4188788066654781,36,133,1,1927.0,7660,1812,5848,0.35926449787835923,0.6013089719116445,76,193.09943714808878,1927.0,5,4,True,"{0: np.int64(11), 1: np.int64(2), 2: np.int64(10), 3: np.int64(0), 4: np.int64(19)}","{(0, 1): [(np.int64(11), 7), (7, 5), (5, 2)], (1, 2): [(np.int64(2), 5), (5, 7), (7, 10)], (1, 3): [(np.int64(2), 5), (5, 6), (6, 4), (4, 0)], (3, 4): [(np.int64(0), 12), (12, 15), (15, 19)]}","{(0, np.int64(11)): {'cpu': 1}, (1, np.int64(2)): {'cpu': 6}, (2, np.int64(10)): {'cpu': 17}, (3, np.int64(0)): {'cpu': 6}, (4, np.int64(19)): {'cpu': 3}}","{((0, 1), (np.int64(11), 7)): {'bw': 47}, ((0, 1), (7, 5)): {'bw': 47}, ((0, 1), (5, 2)): {'bw': 47}, ((1, 2), (np.int64(2), 5)): {'bw': 23}, ((1, 2), (5, 7)): {'bw': 23}, ((1, 2), (7, 10)): {'bw': 23}, ((1, 3), (np.int64(2), 5)): {'bw': 3}, ((1, 3), (5, 6)): {'bw': 3}, ((1, 3), (6, 4)): {'bw': 3}, ((1, 3), (4, 0)): {'bw': 3}, ((3, 4), (np.int64(0), 12)): {'bw': 46}, ((3, 4), (12, 15)): {'bw': 46}, ((3, 4), (15, 19)): {'bw': 46}}",393.0,152.0,66.0,33.0,119.0,33.0,119.0,33.0,360.0,241.0,0.38676844783715014,75888.07879919889,29351.114446509495,74.68476958399363,Success,0.0,"{'node_level': {}, 'link_level': {}, 'path_level': {}}","{'node_level': {0: {'cpu': -78}, 1: {'cpu': -5}, 2: {'cpu': -49}, 3: {'cpu': -50}, 4: {'cpu': -52}}, 'link_level': {(0, 1): {'bw': -96}, (1, 2): {'bw': -73}, (1, 3): {'bw': -14}, (3, 4): {'bw': -8}}, 'path_level': {(0, 1): {}, (1, 2): {}, (1, 3): {}, (3, 4): {}}}","{'node_level': {0: {'cpu': 0}, 1: {'cpu': 0}, 2: {'cpu': 0}, 3: {'cpu': 0}, 4: {'cpu': 0}}, 'link_level': {(0, 1): {'bw': 0}, (1, 2): {'bw': 0}, (1, 3): {'bw': 0}, (3, 4): {'bw': 0}}, 'path_level': {(0, 1): {}, (1, 2): {}, (1, 3): {}, (3, 4): {}}}",[],-inf,-inf,True,True,False,0,[],0,0.0,5.0,4.0
77,60,16,14149.0,33682.0,7461951.339006744,17814105.703767326,0.4200760049878273,0.4188788066654781,36,134,0,1942.184655730163,7896,1877,6019,0.33628005657708626,0.5896509408235615,67,215.18465573016312,1727.0,6,5,False,{},{},{},{},0.0,0.0,0.0,0.0,0.0,0.0,0.0,0.0,0.0,0.0,0.0,0.0,0.0,0.0,Leave Event,0.0,"{'node_level': {}, 'link_level': {}, 'path_level': {}}","{'node_level': {}, 'link_level': {}, 'path_level': {}}","{'node_level': {}, 'link_level': {}, 'path_level': {}}",[],-inf,-inf,True,True,False,0,[],0,0.0,,
78,61,17,14364.0,34124.0,7537514.641087373,17969449.79455634,0.4209354120267261,0.419462739664449,36,135,1,1949.0,7454,1822,5632,0.35572842998585574,0.6160349059176439,77,351.4572189796665,1949.0,6,8,True,"{0: np.int64(19), 1: np.int64(34), 2: np.int64(7), 3: np.int64(4), 4: np.int64(28), 5: np.int64(31)}","{(0, 1): [(np.int64(19), 15), (15, 12), (12, 1), (1, 28), (28, 31), (31, 34)], (0, 4): [(np.int64(19), 15), (15, 12), (12, 0), (0, 28)], (0, 5): [(np.int64(19), 15), (15, 12), (12, 0), (0, 28), (28, 31)], (1, 5): [(np.int64(34), 31)], (2, 3): [(np.int64(7), 4)], (2, 4): [(np.int64(7), 4), (4, 1), (1, 28)], (3, 4): [(np.int64(4), 1), (1, 28)], (3, 5): [(np.int64(4), 1), (1, 28), (28, 31)]}","{(0, np.int64(19)): {'cpu': 9}, (1, np.int64(34)): {'cpu': 19}, (2, np.int64(7)): {'cpu': 2}, (3, np.int64(4)): {'cpu': 1}, (4, np.int64(28)): {'cpu': 17}, (5, np.int64(31)): {'cpu': 7}}","{((0, 1), (np.int64(19), 15)): {'bw': 16}, ((0, 1), (15, 12)): {'bw': 16}, ((0, 1), (12, 1)): {'bw': 16}, ((0, 1), (1, 28)): {'bw': 16}, ((0, 1), (28, 31)): {'bw': 16}, ((0, 1), (31, 34)): {'bw': 16}, ((0, 4), (np.int64(19), 15)): {'bw': 1}, ((0, 4), (15, 12)): {'bw': 1}, ((0, 4), (12, 0)): {'bw': 1}, ((0, 4), (0, 28)): {'bw': 1}, ((0, 5), (np.int64(19), 15)): {'bw': 4}, ((0, 5), (15, 12)): {'bw': 4}, ((0, 5), (12, 0)): {'bw': 4}, ((0, 5), (0, 28)): {'bw': 4}, ((0, 5), (28, 31)): {'bw': 4}, ((1, 5), (np.int64(34), 31)): {'bw': 17}, ((2, 3), (np.int64(7), 4)): {'bw': 47}, ((2, 4), (np.int64(7), 4)): {'bw': 26}, ((2, 4), (4, 1)): {'bw': 26}, ((2, 4), (1, 28)): {'bw': 26}, ((3, 4), (np.int64(4), 1)): {'bw': 22}, ((3, 4), (1, 28)): {'bw': 22}, ((3, 5), (np.int64(4), 1)): {'bw': 27}, ((3, 5), (1, 28)): {'bw': 27}, ((3, 5), (28, 31)): {'bw': 27}}",442.0,215.0,110.0,55.0,160.0,55.0,160.0,55.0,387.0,227.0,0.48642533936651583,155344.09078901258,75563.3020806283,170.95769701499614,Success,0.0,"{'node_level': {}, 'link_level': {}, 'path_level': {}}","{'node_level': {0: {'cpu': -43}, 1: {'cpu': -60}, 2: {'cpu': -50}, 3: {'cpu': -72}, 4: {'cpu': -30}, 5: {'cpu': -46}}, 'link_level': {(0, 1): {'bw': -42}, (0, 4): {'bw': -9}, (0, 5): {'bw': -5}, (1, 5): {'bw': -153}, (2, 3): {'bw': -142}, (2, 4): {'bw': -59}, (3, 4): {'bw': -37}, (3, 5): {'bw': -10}}, 'path_level': {(0, 1): {}, (0, 4): {}, (0, 5): {}, (1, 5): {}, (2, 3): {}, (2, 4): {}, (3, 4): {}, (3, 5): {}}}","{'node_level': {0: {'cpu': 0}, 1: {'cpu': 0}, 2: {'cpu': 0}, 3: {'cpu': 0}, 4: {'cpu': 0}, 5: {'cpu': 0}}, 'link_level': {(0, 1): {'bw': 0}, (0, 4): {'bw': 0}, (0, 5): {'bw': 0}, (1, 5): {'bw': 0}, (2, 3): {'bw': 0}, (2, 4): {'bw': 0}, (3, 4): {'bw': 0}, (3, 5): {'bw': 0}}, 'path_level': {(0, 1): {}, (0, 4): {}, (0, 5): {}, (1, 5): {}, (2, 3): {}, (2, 4): {}, (3, 4): {}, (3, 5): {}}}",[],-inf,-inf,True,True,False,0,[],0,0.0,6.0,8.0
78,61,16,14364.0,34124.0,7537514.641087373,17969449.79455634,0.4209354120267261,0.419462739664449,36,136,0,1969.5254383915556,8032,1875,6157,0.33698727015558694,0.5802427052086174,62,376.5254383915556,1593.0,7,9,False,{},{},{},{},0.0,0.0,0.0,0.0,0.0,0.0,0.0,0.0,0.0,0.0,0.0,0.0,0.0,0.0,Leave Event,0.0,"{'node_level': {}, 'link_level': {}, 'path_level': {}}","{'node_level': {}, 'link_level': {}, 'path_level': {}}","{'node_level': {}, 'link_level': {}, 'path_level': {}}",[],-inf,-inf,True,True,False,0,[],0,0.0,,
79,61,16,14364.0,34124.0,7537514.641087373,17969449.79455634,0.4209354120267261,0.419462739664449,36,137,1,1975.0,8032,1875,6157,0.33698727015558694,0.5802427052086174,78,47.526115167811255,1975.0,9,17,False,"{0: np.int64(21), 1: np.int64(12), 2: np.int64(19), 3: np.int64(18), 4: np.int64(24), 5: np.int64(8), 6: np.int64(16), 7: np.int64(3), 8: np.int64(34)}","{(0, 1): [(np.int64(21), 2), (2, 13), (13, 14), (14, 12)], (0, 2): [(np.int64(21), 3), (3, 13), (13, 15), (15, 19)], (0, 4): [(np.int64(21), 22), (22, 24)], (0, 5): [(np.int64(21), 2), (2, 5), (5, 6), (6, 8)], (0, 7): [(np.int64(21), 3)], (1, 3): [(np.int64(12), 15), (15, 18)], (1, 6): [(np.int64(12), 14), (14, 16)], (1, 8): [(np.int64(12), 0), (0, 28), (28, 31), (31, 34)], (2, 3): [(np.int64(19), 15), (15, 18)], (2, 8): [(np.int64(19), 15), (15, 12), (12, 0), (0, 28), (28, 31), (31, 34)], (3, 5): []}","{(0, np.int64(21)): {'cpu': 10}, (1, np.int64(12)): {'cpu': 20}, (2, np.int64(19)): {'cpu': 0}, (3, np.int64(18)): {'cpu': 9}, (4, np.int64(24)): {'cpu': 12}, (5, np.int64(8)): {'cpu': 4}, (6, np.int64(16)): {'cpu': 1}, (7, np.int64(3)): {'cpu': 4}, (8, np.int64(34)): {'cpu': 6}}","{((0, 1), (np.int64(21), 2)): {'bw': 42}, ((0, 1), (2, 13)): {'bw': 42}, ((0, 1), (13, 14)): {'bw': 42}, ((0, 1), (14, 12)): {'bw': 42}, ((0, 2), (np.int64(21), 3)): {'bw': 43}, ((0, 2), (3, 13)): {'bw': 43}, ((0, 2), (13, 15)): {'bw': 43}, ((0, 2), (15, 19)): {'bw': 43}, ((0, 4), (np.int64(21), 22)): {'bw': 18}, ((0, 4), (22, 24)): {'bw': 18}, ((0, 5), (np.int64(21), 2)): {'bw': 41}, ((0, 5), (2, 5)): {'bw': 41}, ((0, 5), (5, 6)): {'bw': 41}, ((0, 5), (6, 8)): {'bw': 41}, ((0, 7), (np.int64(21), 3)): {'bw': 6}, ((1, 3), (np.int64(12), 15)): {'bw': 14}, ((1, 3), (15, 18)): {'bw': 14}, ((1, 6), (np.int64(12), 14)): {'bw': 50}, ((1, 6), (14, 16)): {'bw': 50}, ((1, 8), (np.int64(12), 0)): {'bw': 9}, ((1, 8), (0, 28)): {'bw': 9}, ((1, 8), (28, 31)): {'bw': 9}, ((1, 8), (31, 34)): {'bw': 9}, ((2, 3), (np.int64(19), 15)): {'bw': 38}, ((2, 3), (15, 18)): {'bw': 38}, ((2, 8), (np.int64(19), 15)): {'bw': 13}, ((2, 8), (15, 12)): {'bw': 13}, ((2, 8), (12, 0)): {'bw': 13}, ((2, 8), (0, 28)): {'bw': 13}, ((2, 8), (28, 31)): {'bw': 13}, ((2, 8), (31, 34)): {'bw': 13}}",0.0,0.0,132.0,66.0,440.0,0.0,0.0,0.0,0.0,0.0,0.0,0.0,0.0,0.0,Route Failure,100.0,"{'node_level': {}, 'link_level': {}, 'path_level': {}}","{'node_level': {0: {'cpu': -32}, 1: {'cpu': -15}, 2: {'cpu': -43}, 3: {'cpu': -41}, 4: {'cpu': -33}, 5: {'cpu': -47}, 6: {'cpu': -47}, 7: {'cpu': -57}, 8: {'cpu': -54}}, 'link_level': {(0, 1): {'bw': -27}, (0, 2): {'bw': -73}, (0, 4): {'bw': -26}, (0, 5): {'bw': -8}, (0, 7): {'bw': -67}, (1, 3): {'bw': -108}, (1, 6): {'bw': -41}, (1, 8): {'bw': -62}, (2, 3): {'bw': -50}, (2, 8): {'bw': -37}, (3, 5): {'bw': 100.0}}, 'path_level': {(0, 1): {}, (0, 2): {}, (0, 4): {}, (0, 5): {}, (0, 7): {}, (1, 3): {}, (1, 6): {}, (1, 8): {}, (2, 3): {}, (2, 8): {}, (3, 5): {}}}","{'node_level': {0: {'cpu': 0}, 1: {'cpu': 0}, 2: {'cpu': 0}, 3: {'cpu': 0}, 4: {'cpu': 0}, 5: {'cpu': 0}, 6: {'cpu': 0}, 7: {'cpu': 0}, 8: {'cpu': 0}}, 'link_level': {(0, 1): {'bw': 0}, (0, 2): {'bw': 0}, (0, 4): {'bw': 0}, (0, 5): {'bw': 0}, (0, 7): {'bw': 0}, (1, 3): {'bw': 0}, (1, 6): {'bw': 0}, (1, 8): {'bw': 0}, (2, 3): {'bw': 0}, (2, 8): {'bw': 0}, (3, 5): {'bw': 100.0}}, 'path_level': {(0, 1): {}, (0, 2): {}, (0, 4): {}, (0, 5): {}, (0, 7): {}, (1, 3): {}, (1, 6): {}, (1, 8): {}, (2, 3): {}, (2, 8): {}, (3, 5): {}}}",[],-inf,-inf,True,False,False,0,[],0,0.0,9.0,11.0
79,61,15,14364.0,34124.0,7537514.641087373,17969449.79455634,0.4209354120267261,0.419462739664449,36,138,0,1998.411799371421,8134,1905,6229,0.32637906647807635,0.5753340605399508,66,302.411799371421,1696.0,2,1,False,{},{},{},{},0.0,0.0,0.0,0.0,0.0,0.0,0.0,0.0,0.0,0.0,0.0,0.0,0.0,0.0,Leave Event,0.0,"{'node_level': {}, 'link_level': {}, 'path_level': {}}","{'node_level': {}, 'link_level': {}, 'path_level': {}}","{'node_level': {}, 'link_level': {}, 'path_level': {}}",[],-inf,-inf,True,True,False,0,[],0,0.0,,
80,62,16,14665.0,34790.0,7688084.1945697665,18302603.690301433,0.4215291750503018,0.4200541258861268,36,139,1,2003.0,7468,1819,5649,0.35678925035360676,0.6148759203708754,79,500.23107469233696,2003.0,8,12,True,"{0: np.int64(1), 1: np.int64(12), 2: np.int64(30), 3: np.int64(7), 4: np.int64(15), 5: np.int64(28), 6: np.int64(29), 7: np.int64(2)}","{(0, 2): [(np.int64(1), 12), (12, 0), (0, 28), (28, 30)], (0, 4): [(np.int64(1), 12), (12, 15)], (0, 5): [(np.int64(1), 20), (20, 0), (0, 28)], (1, 2): [(np.int64(12), 0), (0, 28), (28, 30)], (1, 4): [(np.int64(12), 15)], (1, 7): [(np.int64(12), 14), (14, 13), (13, 2)], (2, 6): [(np.int64(30), 29)], (3, 5): [(np.int64(7), 4), (4, 0), (0, 28)], (3, 6): [(np.int64(7), 5), (5, 2), (2, 29)], (3, 7): [(np.int64(7), 5), (5, 2)], (4, 6): [(np.int64(15), 13), (13, 2), (2, 29)], (5, 7): [(np.int64(28), 30), (30, 29), (29, 2)]}","{(0, np.int64(1)): {'cpu': 5}, (1, np.int64(12)): {'cpu': 2}, (2, np.int64(30)): {'cpu': 13}, (3, np.int64(7)): {'cpu': 20}, (4, np.int64(15)): {'cpu': 4}, (5, np.int64(28)): {'cpu': 18}, (6, np.int64(29)): {'cpu': 17}, (7, np.int64(2)): {'cpu': 7}}","{((0, 2), (np.int64(1), 12)): {'bw': 37}, ((0, 2), (12, 0)): {'bw': 37}, ((0, 2), (0, 28)): {'bw': 37}, ((0, 2), (28, 30)): {'bw': 37}, ((0, 4), (np.int64(1), 12)): {'bw': 2}, ((0, 4), (12, 15)): {'bw': 2}, ((0, 5), (np.int64(1), 20)): {'bw': 36}, ((0, 5), (20, 0)): {'bw': 36}, ((0, 5), (0, 28)): {'bw': 36}, ((1, 2), (np.int64(12), 0)): {'bw': 12}, ((1, 2), (0, 28)): {'bw': 12}, ((1, 2), (28, 30)): {'bw': 12}, ((1, 4), (np.int64(12), 15)): {'bw': 23}, ((1, 7), (np.int64(12), 14)): {'bw': 29}, ((1, 7), (14, 13)): {'bw': 29}, ((1, 7), (13, 2)): {'bw': 29}, ((2, 6), (np.int64(30), 29)): {'bw': 27}, ((3, 5), (np.int64(7), 4)): {'bw': 1}, ((3, 5), (4, 0)): {'bw': 1}, ((3, 5), (0, 28)): {'bw': 1}, ((3, 6), (np.int64(7), 5)): {'bw': 5}, ((3, 6), (5, 2)): {'bw': 5}, ((3, 6), (2, 29)): {'bw': 5}, ((3, 7), (np.int64(7), 5)): {'bw': 0}, ((3, 7), (5, 2)): {'bw': 0}, ((4, 6), (np.int64(15), 13)): {'bw': 4}, ((4, 6), (13, 2)): {'bw': 4}, ((4, 6), (2, 29)): {'bw': 4}, ((5, 7), (np.int64(28), 30)): {'bw': 39}, ((5, 7), (30, 29)): {'bw': 39}, ((5, 7), (29, 2)): {'bw': 39}}",666.0,301.0,172.0,86.0,215.0,86.0,215.0,86.0,580.0,365.0,0.4519519519519519,333153.89574509644,150569.5534823934,226.08041063422434,Success,0.0,"{'node_level': {}, 'link_level': {}, 'path_level': {}}","{'node_level': {0: {'cpu': -24}, 1: {'cpu': -33}, 2: {'cpu': -45}, 3: {'cpu': -30}, 4: {'cpu': -6}, 5: {'cpu': -16}, 6: {'cpu': -19}, 7: {'cpu': -6}}, 'link_level': {(0, 2): {'bw': -27}, (0, 4): {'bw': -25}, (0, 5): {'bw': -18}, (1, 2): {'bw': -6}, (1, 4): {'bw': -97}, (1, 7): {'bw': -40}, (2, 6): {'bw': -131}, (3, 5): {'bw': -5}, (3, 6): {'bw': -66}, (3, 7): {'bw': -68}, (4, 6): {'bw': -36}, (5, 7): {'bw': -23}}, 'path_level': {(0, 2): {}, (0, 4): {}, (0, 5): {}, (1, 2): {}, (1, 4): {}, (1, 7): {}, (2, 6): {}, (3, 5): {}, (3, 6): {}, (3, 7): {}, (4, 6): {}, (5, 7): {}}}","{'node_level': {0: {'cpu': 0}, 1: {'cpu': 0}, 2: {'cpu': 0}, 3: {'cpu': 0}, 4: {'cpu': 0}, 5: {'cpu': 0}, 6: {'cpu': 0}, 7: {'cpu': 0}}, 'link_level': {(0, 2): {'bw': 0}, (0, 4): {'bw': 0}, (0, 5): {'bw': 0}, (1, 2): {'bw': 0}, (1, 4): {'bw': 0}, (1, 7): {'bw': 0}, (2, 6): {'bw': 0}, (3, 5): {'bw': 0}, (3, 6): {'bw': 0}, (3, 7): {'bw': 0}, (4, 6): {'bw': 0}, (5, 7): {'bw': 0}}, 'path_level': {(0, 2): {}, (0, 4): {}, (0, 5): {}, (1, 2): {}, (1, 4): {}, (1, 7): {}, (2, 6): {}, (3, 5): {}, (3, 6): {}, (3, 7): {}, (4, 6): {}, (5, 7): {}}}",[],-inf,-inf,True,True,False,0,[],0,0.0,8.0,12.0
80,62,15,14665.0,34790.0,7688084.1945697665,18302603.690301433,0.4215291750503018,0.4200541258861268,36,140,0,2016.8369492878917,7640,1870,5770,0.33875530410183874,0.6066266703026997,72,171.83694928789174,1845.0,3,2,False,{},{},{},{},0.0,0.0,0.0,0.0,0.0,0.0,0.0,0.0,0.0,0.0,0.0,0.0,0.0,0.0,Leave Event,0.0,"{'node_level': {}, 'link_level': {}, 'path_level': {}}","{'node_level': {}, 'link_level': {}, 'path_level': {}}","{'node_level': {}, 'link_level': {}, 'path_level': {}}",[],-inf,-inf,True,True,False,0,[],0,0.0,,
80,62,14,14665.0,34790.0,7688084.1945697665,18302603.690301433,0.4215291750503018,0.4200541258861268,36,141,0,2021.2471393966828,8519,1942,6577,0.3132956152758133,0.5516089446413963,70,217.2471393966827,1804.0,6,10,False,{},{},{},{},0.0,0.0,0.0,0.0,0.0,0.0,0.0,0.0,0.0,0.0,0.0,0.0,0.0,0.0,Leave Event,0.0,"{'node_level': {}, 'link_level': {}, 'path_level': {}}","{'node_level': {}, 'link_level': {}, 'path_level': {}}","{'node_level': {}, 'link_level': {}, 'path_level': {}}",[],-inf,-inf,True,True,False,0,[],0,0.0,,
80,62,14,14665.0,34790.0,7688084.1945697665,18302603.690301433,0.4215291750503018,0.4200541258861268,36,142,0,2022.5261151678112,8519,1942,6577,0.3132956152758133,0.5516089446413963,78,47.526115167811255,1975.0,9,17,False,{},{},{},{},0.0,0.0,0.0,0.0,0.0,0.0,0.0,0.0,0.0,0.0,0.0,0.0,0.0,0.0,Leave Event,0.0,"{'node_level': {}, 'link_level': {}, 'path_level': {}}","{'node_level': {}, 'link_level': {}, 'path_level': {}}","{'node_level': {}, 'link_level': {}, 'path_level': {}}",[],-inf,-inf,True,True,False,0,[],0,0.0,,
81,63,15,15114.0,35597.0,7859997.596200363,18611588.356483817,0.42458634154563585,0.4223173995497345,36,143,1,2028.0,7712,1843,5869,0.3483026874115983,0.5998772838832833,80,382.8806272396345,2028.0,8,12,True,"{0: np.int64(4), 1: np.int64(3), 2: np.int64(5), 3: np.int64(31), 4: np.int64(15), 5: np.int64(13), 6: np.int64(21), 7: np.int64(29)}","{(0, 2): [(np.int64(4), 7), (7, 5)], (0, 4): [(np.int64(4), 1), (1, 12), (12, 15)], (1, 2): [(np.int64(3), 5)], (1, 4): [(np.int64(3), 13), (13, 15)], (1, 7): [(np.int64(3), 29)], (2, 3): [(np.int64(5), 2), (2, 29), (29, 31)], (2, 6): [(np.int64(5), 2), (2, 21)], (2, 7): [(np.int64(5), 3), (3, 29)], (3, 5): [(np.int64(31), 29), (29, 2), (2, 13)], (4, 6): [(np.int64(15), 13), (13, 2), (2, 21)], (5, 6): [(np.int64(13), 3), (3, 21)], (5, 7): [(np.int64(13), 3), (3, 29)]}","{(0, np.int64(4)): {'cpu': 8}, (1, np.int64(3)): {'cpu': 20}, (2, np.int64(5)): {'cpu': 13}, (3, np.int64(31)): {'cpu': 10}, (4, np.int64(15)): {'cpu': 19}, (5, np.int64(13)): {'cpu': 2}, (6, np.int64(21)): {'cpu': 8}, (7, np.int64(29)): {'cpu': 19}}","{((0, 2), (np.int64(4), 7)): {'bw': 25}, ((0, 2), (7, 5)): {'bw': 25}, ((0, 4), (np.int64(4), 1)): {'bw': 48}, ((0, 4), (1, 12)): {'bw': 48}, ((0, 4), (12, 15)): {'bw': 48}, ((1, 2), (np.int64(3), 5)): {'bw': 34}, ((1, 4), (np.int64(3), 13)): {'bw': 37}, ((1, 4), (13, 15)): {'bw': 37}, ((1, 7), (np.int64(3), 29)): {'bw': 46}, ((2, 3), (np.int64(5), 2)): {'bw': 10}, ((2, 3), (2, 29)): {'bw': 10}, ((2, 3), (29, 31)): {'bw': 10}, ((2, 6), (np.int64(5), 2)): {'bw': 3}, ((2, 6), (2, 21)): {'bw': 3}, ((2, 7), (np.int64(5), 3)): {'bw': 41}, ((2, 7), (3, 29)): {'bw': 41}, ((3, 5), (np.int64(31), 29)): {'bw': 12}, ((3, 5), (29, 2)): {'bw': 12}, ((3, 5), (2, 13)): {'bw': 12}, ((4, 6), (np.int64(15), 13)): {'bw': 18}, ((4, 6), (13, 2)): {'bw': 18}, ((4, 6), (2, 21)): {'bw': 18}, ((5, 6), (np.int64(13), 3)): {'bw': 36}, ((5, 6), (3, 21)): {'bw': 36}, ((5, 7), (np.int64(13), 3)): {'bw': 40}, ((5, 7), (3, 29)): {'bw': 40}}",807.0,449.0,198.0,99.0,350.0,99.0,350.0,99.0,708.0,358.0,0.5563816604708798,308984.66618238506,171913.4016305959,213.0277591457198,Success,0.0,"{'node_level': {}, 'link_level': {}, 'path_level': {}}","{'node_level': {0: {'cpu': -64}, 1: {'cpu': -41}, 2: {'cpu': -23}, 3: {'cpu': -47}, 4: {'cpu': -6}, 5: {'cpu': -86}, 6: {'cpu': -34}, 7: {'cpu': -2}}, 'link_level': {(0, 2): {'bw': -80}, (0, 4): {'bw': -25}, (1, 2): {'bw': -202}, (1, 4): {'bw': -202}, (1, 7): {'bw': -268}, (2, 3): {'bw': -16}, (2, 6): {'bw': -77}, (2, 7): {'bw': -161}, (3, 5): {'bw': -4}, (4, 6): {'bw': -9}, (5, 6): {'bw': -80}, (5, 7): {'bw': -126}}, 'path_level': {(0, 2): {}, (0, 4): {}, (1, 2): {}, (1, 4): {}, (1, 7): {}, (2, 3): {}, (2, 6): {}, (2, 7): {}, (3, 5): {}, (4, 6): {}, (5, 6): {}, (5, 7): {}}}","{'node_level': {0: {'cpu': 0}, 1: {'cpu': 0}, 2: {'cpu': 0}, 3: {'cpu': 0}, 4: {'cpu': 0}, 5: {'cpu': 0}, 6: {'cpu': 0}, 7: {'cpu': 0}}, 'link_level': {(0, 2): {'bw': 0}, (0, 4): {'bw': 0}, (1, 2): {'bw': 0}, (1, 4): {'bw': 0}, (1, 7): {'bw': 0}, (2, 3): {'bw': 0}, (2, 6): {'bw': 0}, (2, 7): {'bw': 0}, (3, 5): {'bw': 0}, (4, 6): {'bw': 0}, (5, 6): {'bw': 0}, (5, 7): {'bw': 0}}, 'path_level': {(0, 2): {}, (0, 4): {}, (1, 2): {}, (1, 4): {}, (1, 7): {}, (2, 3): {}, (2, 6): {}, (2, 7): {}, (3, 5): {}, (4, 6): {}, (5, 6): {}, (5, 7): {}}}",[],-inf,-inf,True,True,False,0,[],0,0.0,8.0,12.0
81,63,15,15114.0,35597.0,7859997.596200363,18611588.356483817,0.42458634154563585,0.4223173995497345,36,144,0,2045.0114646872048,7712,1843,5869,0.3483026874115983,0.5998772838832833,54,668.0114646872048,1377.0,9,18,False,{},{},{},{},0.0,0.0,0.0,0.0,0.0,0.0,0.0,0.0,0.0,0.0,0.0,0.0,0.0,0.0,Leave Event,0.0,"{'node_level': {}, 'link_level': {}, 'path_level': {}}","{'node_level': {}, 'link_level': {}, 'path_level': {}}","{'node_level': {}, 'link_level': {}, 'path_level': {}}",[],-inf,-inf,True,True,False,0,[],0,0.0,,
82,63,15,15114.0,35597.0,7859997.596200363,18611588.356483817,0.42458634154563585,0.4223173995497345,36,145,1,2052.0,7712,1843,5869,0.3483026874115983,0.5998772838832833,81,174.38391613886938,2052.0,10,21,False,"{0: np.int64(27), 1: np.int64(14), 2: np.int64(19), 3: np.int64(0), 4: np.int64(10), 5: np.int64(24), 6: np.int64(22), 7: np.int64(9), 8: np.int64(8), 9: np.int64(1)}","{(0, 1): [(np.int64(27), 23), (23, 21), (21, 3), (3, 13), (13, 14)], (0, 3): [(np.int64(27), 23), (23, 20), (20, 0)], (0, 6): []}","{(0, np.int64(27)): {'cpu': 8}, (1, np.int64(14)): {'cpu': 7}, (2, np.int64(19)): {'cpu': 7}, (3, np.int64(0)): {'cpu': 15}, (4, np.int64(10)): {'cpu': 15}, (5, np.int64(24)): {'cpu': 18}, (6, np.int64(22)): {'cpu': 20}, (7, np.int64(9)): {'cpu': 6}, (8, np.int64(8)): {'cpu': 6}, (9, np.int64(1)): {'cpu': 11}}","{((0, 1), (np.int64(27), 23)): {'bw': 42}, ((0, 1), (23, 21)): {'bw': 42}, ((0, 1), (21, 3)): {'bw': 42}, ((0, 1), (3, 13)): {'bw': 42}, ((0, 1), (13, 14)): {'bw': 42}, ((0, 3), (np.int64(27), 23)): {'bw': 24}, ((0, 3), (23, 20)): {'bw': 24}, ((0, 3), (20, 0)): {'bw': 24}}",0.0,0.0,226.0,113.0,596.0,0.0,0.0,0.0,0.0,0.0,0.0,0.0,0.0,0.0,Route Failure,100.0,"{'node_level': {}, 'link_level': {}, 'path_level': {}}","{'node_level': {0: {'cpu': -23}, 1: {'cpu': -87}, 2: {'cpu': -36}, 3: {'cpu': -35}, 4: {'cpu': -34}, 5: {'cpu': -27}, 6: {'cpu': -47}, 7: {'cpu': -61}, 8: {'cpu': -45}, 9: {'cpu': -25}}, 'link_level': {(0, 1): {'bw': -24}, (0, 3): {'bw': -5}, (0, 6): {'bw': 100.0}}, 'path_level': {(0, 1): {}, (0, 3): {}, (0, 6): {}}}","{'node_level': {0: {'cpu': 0}, 1: {'cpu': 0}, 2: {'cpu': 0}, 3: {'cpu': 0}, 4: {'cpu': 0}, 5: {'cpu': 0}, 6: {'cpu': 0}, 7: {'cpu': 0}, 8: {'cpu': 0}, 9: {'cpu': 0}}, 'link_level': {(0, 1): {'bw': 0}, (0, 3): {'bw': 0}, (0, 6): {'bw': 100.0}}, 'path_level': {(0, 1): {}, (0, 3): {}, (0, 6): {}}}",[],-inf,-inf,True,False,False,0,[],0,0.0,10.0,3.0
83,64,16,15154.0,35681.0,7877030.309257675,18647357.053904172,0.4247078276954121,0.42242073697025456,36,146,1,2076.0,7628,1825,5803,0.3546676096181046,0.6043768748295609,82,425.81782643280167,2076.0,2,1,True,"{0: np.int64(18), 1: np.int64(0)}","{(0, 1): [(np.int64(18), 15), (15, 12), (12, 0)]}","{(0, np.int64(18)): {'cpu': 15}, (1, np.int64(0)): {'cpu': 3}}","{((0, 1), (np.int64(18), 15)): {'bw': 22}, ((0, 1), (15, 12)): {'bw': 22}, ((0, 1), (12, 0)): {'bw': 22}}",84.0,40.0,36.0,18.0,22.0,18.0,22.0,18.0,66.0,44.0,0.47619047619047616,35768.69742035534,17032.713057312067,202.77039353942936,Success,0.0,"{'node_level': {}, 'link_level': {}, 'path_level': {}}","{'node_level': {0: {'cpu': -35}, 1: {'cpu': -47}}, 'link_level': {(0, 1): {'bw': -26}}, 'path_level': {(0, 1): {}}}","{'node_level': {0: {'cpu': 0}, 1: {'cpu': 0}}, 'link_level': {(0, 1): {'bw': 0}}, 'path_level': {(0, 1): {}}}",[],-inf,-inf,True,True,False,0,[],0,0.0,2.0,1.0
84,65,17,15401.0,36461.0,7940467.4994844515,18847685.02304136,0.42239653328213705,0.4212966998216069,36,147,1,2105.0,6848,1760,5088,0.3776520509193777,0.6531224434142351,83,256.83072966306304,2105.0,5,5,True,"{0: np.int64(18), 1: np.int64(33), 2: np.int64(5), 3: np.int64(23), 4: np.int64(14)}","{(0, 2): [(np.int64(18), 15), (15, 13), (13, 3), (3, 5)], (0, 4): [(np.int64(18), 15), (15, 12), (12, 14)], (1, 2): [(np.int64(33), 30), (30, 29), (29, 3), (3, 5)], (1, 4): [(np.int64(33), 30), (30, 29), (29, 3), (3, 13), (13, 14)], (2, 3): [(np.int64(5), 2), (2, 21), (21, 23)]}","{(0, np.int64(18)): {'cpu': 17}, (1, np.int64(33)): {'cpu': 6}, (2, np.int64(5)): {'cpu': 19}, (3, np.int64(23)): {'cpu': 15}, (4, np.int64(14)): {'cpu': 8}}","{((0, 2), (np.int64(18), 15)): {'bw': 45}, ((0, 2), (15, 13)): {'bw': 45}, ((0, 2), (13, 3)): {'bw': 45}, ((0, 2), (3, 5)): {'bw': 45}, ((0, 4), (np.int64(18), 15)): {'bw': 14}, ((0, 4), (15, 12)): {'bw': 14}, ((0, 4), (12, 14)): {'bw': 14}, ((1, 2), (np.int64(33), 30)): {'bw': 28}, ((1, 2), (30, 29)): {'bw': 28}, ((1, 2), (29, 3)): {'bw': 28}, ((1, 2), (3, 5)): {'bw': 28}, ((1, 4), (np.int64(33), 30)): {'bw': 48}, ((1, 4), (30, 29)): {'bw': 48}, ((1, 4), (29, 3)): {'bw': 48}, ((1, 4), (3, 13)): {'bw': 48}, ((1, 4), (13, 14)): {'bw': 48}, ((2, 3), (np.int64(5), 2)): {'bw': 47}, ((2, 3), (2, 21)): {'bw': 47}, ((2, 3), (21, 23)): {'bw': 47}}",780.0,247.0,130.0,65.0,182.0,65.0,182.0,65.0,715.0,533.0,0.31666666666666665,200327.96913718918,63437.19022677657,81.32973105996996,Success,0.0,"{'node_level': {}, 'link_level': {}, 'path_level': {}}","{'node_level': {0: {'cpu': -18}, 1: {'cpu': -85}, 2: {'cpu': -4}, 3: {'cpu': -60}, 4: {'cpu': -86}}, 'link_level': {(0, 2): {'bw': -81}, (0, 4): {'bw': -34}, (1, 2): {'bw': -64}, (1, 4): {'bw': -16}, (2, 3): {'bw': -19}}, 'path_level': {(0, 2): {}, (0, 4): {}, (1, 2): {}, (1, 4): {}, (2, 3): {}}}","{'node_level': {0: {'cpu': 0}, 1: {'cpu': 0}, 2: {'cpu': 0}, 3: {'cpu': 0}, 4: {'cpu': 0}}, 'link_level': {(0, 2): {'bw': 0}, (0, 4): {'bw': 0}, (1, 2): {'bw': 0}, (1, 4): {'bw': 0}, (2, 3): {'bw': 0}}, 'path_level': {(0, 2): {}, (0, 4): {}, (1, 2): {}, (1, 4): {}, (2, 3): {}}}",[],-inf,-inf,True,True,False,0,[],0,0.0,5.0,5.0
84,65,17,15401.0,36461.0,7940467.4994844515,18847685.02304136,0.42239653328213705,0.4212966998216069,36,148,0,2114.8727130095676,6848,1760,5088,0.3776520509193777,0.6531224434142351,25,1472.8727130095679,642.0,10,26,False,{},{},{},{},0.0,0.0,0.0,0.0,0.0,0.0,0.0,0.0,0.0,0.0,0.0,0.0,0.0,0.0,Leave Event,0.0,"{'node_level': {}, 'link_level': {}, 'path_level': {}}","{'node_level': {}, 'link_level': {}, 'path_level': {}}","{'node_level': {}, 'link_level': {}, 'path_level': {}}",[],-inf,-inf,True,True,False,0,[],0,0.0,,
84,65,16,15401.0,36461.0,7940467.4994844515,18847685.02304136,0.42239653328213705,0.4212966998216069,36,149,0,2120.099437148089,7241,1793,5448,0.365983026874116,0.6285792200709026,76,193.09943714808878,1927.0,5,4,False,{},{},{},{},0.0,0.0,0.0,0.0,0.0,0.0,0.0,0.0,0.0,0.0,0.0,0.0,0.0,0.0,Leave Event,0.0,"{'node_level': {}, 'link_level': {}, 'path_level': {}}","{'node_level': {}, 'link_level': {}, 'path_level': {}}","{'node_level': {}, 'link_level': {}, 'path_level': {}}",[],-inf,-inf,True,True,False,0,[],0,0.0,,
85,65,16,15401.0,36461.0,7940467.4994844515,18847685.02304136,0.42239653328213705,0.4212966998216069,36,150,1,2124.0,7241,1793,5448,0.365983026874116,0.6285792200709026,84,799.9766323048347,2124.0,7,10,False,"{0: np.int64(4), 1: np.int64(6), 2: np.int64(17), 3: np.int64(26), 4: np.int64(23), 5: np.int64(19), 6: np.int64(1)}","{(0, 3): [(np.int64(4), 1), (1, 20), (20, 23), (23, 26)], (1, 2): [(np.int64(6), 5), (5, 3), (3, 13), (13, 14), (14, 17)], (1, 3): []}","{(0, np.int64(4)): {'cpu': 7}, (1, np.int64(6)): {'cpu': 15}, (2, np.int64(17)): {'cpu': 2}, (3, np.int64(26)): {'cpu': 0}, (4, np.int64(23)): {'cpu': 20}, (5, np.int64(19)): {'cpu': 8}, (6, np.int64(1)): {'cpu': 3}}","{((0, 3), (np.int64(4), 1)): {'bw': 19}, ((0, 3), (1, 20)): {'bw': 19}, ((0, 3), (20, 23)): {'bw': 19}, ((0, 3), (23, 26)): {'bw': 19}, ((1, 2), (np.int64(6), 5)): {'bw': 22}, ((1, 2), (5, 3)): {'bw': 22}, ((1, 2), (3, 13)): {'bw': 22}, ((1, 2), (13, 14)): {'bw': 22}, ((1, 2), (14, 17)): {'bw': 22}}",0.0,0.0,110.0,55.0,300.0,0.0,0.0,0.0,0.0,0.0,0.0,0.0,0.0,0.0,Route Failure,100.0,"{'node_level': {}, 'link_level': {}, 'path_level': {}}","{'node_level': {0: {'cpu': -57}, 1: {'cpu': -35}, 2: {'cpu': -33}, 3: {'cpu': -52}, 4: {'cpu': -40}, 5: {'cpu': -38}, 6: {'cpu': -33}}, 'link_level': {(0, 3): {'bw': -10}, (1, 2): {'bw': -11}, (1, 3): {'bw': 100.0}}, 'path_level': {(0, 3): {}, (1, 2): {}, (1, 3): {}}}","{'node_level': {0: {'cpu': 0}, 1: {'cpu': 0}, 2: {'cpu': 0}, 3: {'cpu': 0}, 4: {'cpu': 0}, 5: {'cpu': 0}, 6: {'cpu': 0}}, 'link_level': {(0, 3): {'bw': 0}, (1, 2): {'bw': 0}, (1, 3): {'bw': 100.0}}, 'path_level': {(0, 3): {}, (1, 2): {}, (1, 3): {}}}",[],-inf,-inf,True,False,False,0,[],0,0.0,7.0,3.0
86,65,16,15401.0,36461.0,7940467.4994844515,18847685.02304136,0.42239653328213705,0.4212966998216069,36,151,1,2157.0,7241,1793,5448,0.365983026874116,0.6285792200709026,85,219.73461354478582,2157.0,8,12,False,"{0: np.int64(2), 1: np.int64(28), 2: np.int64(15), 3: np.int64(0), 4: np.int64(27), 5: np.int64(20), 6: np.int64(8), 7: np.int64(23)}","{(0, 1): [(np.int64(2), 5), (5, 3), (3, 29), (29, 31), (31, 28)], (0, 2): [(np.int64(2), 5), (5, 3), (3, 13), (13, 15)], (0, 4): [(np.int64(2), 21), (21, 23), (23, 27)], (0, 5): [(np.int64(2), 21), (21, 22), (22, 20)], (0, 6): [(np.int64(2), 5), (5, 6), (6, 8)], (1, 2): [(np.int64(28), 0), (0, 12), (12, 15)], (1, 5): [(np.int64(28), 1), (1, 20)], (2, 3): [(np.int64(15), 12), (12, 0)], (2, 5): [(np.int64(15), 12), (12, 0), (0, 20)], (2, 6): []}","{(0, np.int64(2)): {'cpu': 10}, (1, np.int64(28)): {'cpu': 0}, (2, np.int64(15)): {'cpu': 6}, (3, np.int64(0)): {'cpu': 11}, (4, np.int64(27)): {'cpu': 11}, (5, np.int64(20)): {'cpu': 8}, (6, np.int64(8)): {'cpu': 7}, (7, np.int64(23)): {'cpu': 18}}","{((0, 1), (np.int64(2), 5)): {'bw': 46}, ((0, 1), (5, 3)): {'bw': 46}, ((0, 1), (3, 29)): {'bw': 46}, ((0, 1), (29, 31)): {'bw': 46}, ((0, 1), (31, 28)): {'bw': 46}, ((0, 2), (np.int64(2), 5)): {'bw': 18}, ((0, 2), (5, 3)): {'bw': 18}, ((0, 2), (3, 13)): {'bw': 18}, ((0, 2), (13, 15)): {'bw': 18}, ((0, 4), (np.int64(2), 21)): {'bw': 11}, ((0, 4), (21, 23)): {'bw': 11}, ((0, 4), (23, 27)): {'bw': 11}, ((0, 5), (np.int64(2), 21)): {'bw': 3}, ((0, 5), (21, 22)): {'bw': 3}, ((0, 5), (22, 20)): {'bw': 3}, ((0, 6), (np.int64(2), 5)): {'bw': 37}, ((0, 6), (5, 6)): {'bw': 37}, ((0, 6), (6, 8)): {'bw': 37}, ((1, 2), (np.int64(28), 0)): {'bw': 3}, ((1, 2), (0, 12)): {'bw': 3}, ((1, 2), (12, 15)): {'bw': 3}, ((1, 5), (np.int64(28), 1)): {'bw': 28}, ((1, 5), (1, 20)): {'bw': 28}, ((2, 3), (np.int64(15), 12)): {'bw': 34}, ((2, 3), (12, 0)): {'bw': 34}, ((2, 5), (np.int64(15), 12)): {'bw': 17}, ((2, 5), (12, 0)): {'bw': 17}, ((2, 5), (0, 20)): {'bw': 17}}",0.0,0.0,142.0,71.0,305.0,0.0,0.0,0.0,0.0,0.0,0.0,0.0,0.0,0.0,Route Failure,100.0,"{'node_level': {}, 'link_level': {}, 'path_level': {}}","{'node_level': {0: {'cpu': -2}, 1: {'cpu': -34}, 2: {'cpu': 0}, 3: {'cpu': -42}, 4: {'cpu': -20}, 5: {'cpu': -40}, 6: {'cpu': -44}, 7: {'cpu': -42}}, 'link_level': {(0, 1): {'bw': -42}, (0, 2): {'bw': -15}, (0, 4): {'bw': -8}, (0, 5): {'bw': -27}, (0, 6): {'bw': -2}, (1, 2): {'bw': -2}, (1, 5): {'bw': -31}, (2, 3): {'bw': -35}, (2, 5): {'bw': -18}, (2, 6): {'bw': 100.0}}, 'path_level': {(0, 1): {}, (0, 2): {}, (0, 4): {}, (0, 5): {}, (0, 6): {}, (1, 2): {}, (1, 5): {}, (2, 3): {}, (2, 5): {}, (2, 6): {}}}","{'node_level': {0: {'cpu': 0}, 1: {'cpu': 0}, 2: {'cpu': 0}, 3: {'cpu': 0}, 4: {'cpu': 0}, 5: {'cpu': 0}, 6: {'cpu': 0}, 7: {'cpu': 0}}, 'link_level': {(0, 1): {'bw': 0}, (0, 2): {'bw': 0}, (0, 4): {'bw': 0}, (0, 5): {'bw': 0}, (0, 6): {'bw': 0}, (1, 2): {'bw': 0}, (1, 5): {'bw': 0}, (2, 3): {'bw': 0}, (2, 5): {'bw': 0}, (2, 6): {'bw': 100.0}}, 'path_level': {(0, 1): {}, (0, 2): {}, (0, 4): {}, (0, 5): {}, (0, 6): {}, (1, 2): {}, (1, 5): {}, (2, 3): {}, (2, 5): {}, (2, 6): {}}}",[],-inf,-inf,True,False,False,0,[],0,0.0,8.0,10.0
87,66,17,15454.0,36577.0,7950201.206653749,18868988.985902462,0.42250594635973426,0.4213368937039267,36,152,1,2177.0,7125,1775,5350,0.3723479490806223,0.6352604308699209,86,183.65485225088776,2177.0,3,2,True,"{0: np.int64(10), 1: np.int64(18), 2: np.int64(19)}","{(0, 1): [(np.int64(10), 7), (7, 4), (4, 0), (0, 12), (12, 15), (15, 18)], (1, 2): [(np.int64(18), 15), (15, 19)]}","{(0, np.int64(10)): {'cpu': 9}, (1, np.int64(18)): {'cpu': 7}, (2, np.int64(19)): {'cpu': 2}}","{((0, 1), (np.int64(10), 7)): {'bw': 7}, ((0, 1), (7, 4)): {'bw': 7}, ((0, 1), (4, 0)): {'bw': 7}, ((0, 1), (0, 12)): {'bw': 7}, ((0, 1), (12, 15)): {'bw': 7}, ((0, 1), (15, 18)): {'bw': 7}, ((1, 2), (np.int64(18), 15)): {'bw': 28}, ((1, 2), (15, 19)): {'bw': 28}}",116.0,53.0,36.0,18.0,35.0,18.0,35.0,18.0,98.0,63.0,0.45689655172413796,21303.96286110298,9733.707169297051,83.91126870083666,Success,0.0,"{'node_level': {}, 'link_level': {}, 'path_level': {}}","{'node_level': {0: {'cpu': -57}, 1: {'cpu': -11}, 2: {'cpu': -44}}, 'link_level': {(0, 1): {'bw': -10}, (1, 2): {'bw': -120}}, 'path_level': {(0, 1): {}, (1, 2): {}}}","{'node_level': {0: {'cpu': 0}, 1: {'cpu': 0}, 2: {'cpu': 0}}, 'link_level': {(0, 1): {'bw': 0}, (1, 2): {'bw': 0}}, 'path_level': {(0, 1): {}, (1, 2): {}}}",[],-inf,-inf,True,True,False,0,[],0,0.0,3.0,2.0
88,67,18,15576.0,36955.0,7958968.291582158,18896152.576910157,0.42148559058314167,0.42119517500655074,36,153,1,2207.0,6747,1723,5024,0.39073550212164077,0.6574856831197164,87,71.86135187220862,2207.0,3,3,True,"{0: np.int64(33), 1: np.int64(4), 2: np.int64(9)}","{(0, 1): [(np.int64(33), 30), (30, 28), (28, 1), (1, 4)], (0, 2): [(np.int64(33), 30), (30, 28), (28, 1), (1, 4), (4, 6), (6, 9)], (1, 2): [(np.int64(4), 7), (7, 5), (5, 6), (6, 9)]}","{(0, np.int64(33)): {'cpu': 16}, (1, np.int64(4)): {'cpu': 18}, (2, np.int64(9)): {'cpu': 18}}","{((0, 1), (np.int64(33), 30)): {'bw': 8}, ((0, 1), (30, 28)): {'bw': 8}, ((0, 1), (28, 1)): {'bw': 8}, ((0, 1), (1, 4)): {'bw': 8}, ((0, 2), (np.int64(33), 30)): {'bw': 23}, ((0, 2), (30, 28)): {'bw': 23}, ((0, 2), (28, 1)): {'bw': 23}, ((0, 2), (1, 4)): {'bw': 23}, ((0, 2), (4, 6)): {'bw': 23}, ((0, 2), (6, 9)): {'bw': 23}, ((1, 2), (np.int64(4), 7)): {'bw': 39}, ((1, 2), (7, 5)): {'bw': 39}, ((1, 2), (5, 6)): {'bw': 39}, ((1, 2), (6, 9)): {'bw': 39}}",378.0,122.0,104.0,52.0,70.0,52.0,70.0,52.0,326.0,256.0,0.32275132275132273,27163.591007694857,8767.084928409451,23.193346371453572,Success,0.0,"{'node_level': {}, 'link_level': {}, 'path_level': {}}","{'node_level': {0: {'cpu': -69}, 1: {'cpu': -46}, 2: {'cpu': -49}}, 'link_level': {(0, 1): {'bw': -30}, (0, 2): {'bw': -2}, (1, 2): {'bw': -78}}, 'path_level': {(0, 1): {}, (0, 2): {}, (1, 2): {}}}","{'node_level': {0: {'cpu': 0}, 1: {'cpu': 0}, 2: {'cpu': 0}}, 'link_level': {(0, 1): {'bw': 0}, (0, 2): {'bw': 0}, (1, 2): {'bw': 0}}, 'path_level': {(0, 1): {}, (0, 2): {}, (1, 2): {}}}",[],-inf,-inf,True,True,False,0,[],0,0.0,3.0,3.0
88,67,18,15576.0,36955.0,7958968.291582158,18896152.576910157,0.42148559058314167,0.42119517500655074,36,154,0,2226.3839161388696,6747,1723,5024,0.39073550212164077,0.6574856831197164,81,174.38391613886938,2052.0,10,21,False,{},{},{},{},0.0,0.0,0.0,0.0,0.0,0.0,0.0,0.0,0.0,0.0,0.0,0.0,0.0,0.0,Leave Event,0.0,"{'node_level': {}, 'link_level': {}, 'path_level': {}}","{'node_level': {}, 'link_level': {}, 'path_level': {}}","{'node_level': {}, 'link_level': {}, 'path_level': {}}",[],-inf,-inf,True,True,False,0,[],0,0.0,,
89,67,18,15576.0,36955.0,7958968.291582158,18896152.576910157,0.42148559058314167,0.42119517500655074,36,155,1,2227.0,6747,1723,5024,0.39073550212164077,0.6574856831197164,88,1099.159796435754,2227.0,8,14,False,"{0: np.int64(14), 1: np.int64(6), 2: np.int64(8), 3: np.int64(31), 4: np.int64(17), 5: np.int64(1), 6: np.int64(0), 7: np.int64(23)}","{(0, 2): [(np.int64(14), 13), (13, 3), (3, 5), (5, 6), (6, 8)], (0, 3): [(np.int64(14), 12), (12, 0), (0, 20), (20, 1), (1, 28), (28, 31)], (0, 5): [(np.int64(14), 12), (12, 1)], (0, 7): [(np.int64(14), 12), (12, 0), (0, 20), (20, 23)], (1, 2): [(np.int64(6), 8)], (1, 5): [(np.int64(6), 5), (5, 2), (2, 21), (21, 22), (22, 20), (20, 1)], (2, 4): []}","{(0, np.int64(14)): {'cpu': 8}, (1, np.int64(6)): {'cpu': 7}, (2, np.int64(8)): {'cpu': 16}, (3, np.int64(31)): {'cpu': 3}, (4, np.int64(17)): {'cpu': 11}, (5, np.int64(1)): {'cpu': 0}, (6, np.int64(0)): {'cpu': 20}, (7, np.int64(23)): {'cpu': 16}}","{((0, 2), (np.int64(14), 13)): {'bw': 25}, ((0, 2), (13, 3)): {'bw': 25}, ((0, 2), (3, 5)): {'bw': 25}, ((0, 2), (5, 6)): {'bw': 25}, ((0, 2), (6, 8)): {'bw': 25}, ((0, 3), (np.int64(14), 12)): {'bw': 28}, ((0, 3), (12, 0)): {'bw': 28}, ((0, 3), (0, 20)): {'bw': 28}, ((0, 3), (20, 1)): {'bw': 28}, ((0, 3), (1, 28)): {'bw': 28}, ((0, 3), (28, 31)): {'bw': 28}, ((0, 5), (np.int64(14), 12)): {'bw': 7}, ((0, 5), (12, 1)): {'bw': 7}, ((0, 7), (np.int64(14), 12)): {'bw': 17}, ((0, 7), (12, 0)): {'bw': 17}, ((0, 7), (0, 20)): {'bw': 17}, ((0, 7), (20, 23)): {'bw': 17}, ((1, 2), (np.int64(6), 8)): {'bw': 12}, ((1, 5), (np.int64(6), 5)): {'bw': 23}, ((1, 5), (5, 2)): {'bw': 23}, ((1, 5), (2, 21)): {'bw': 23}, ((1, 5), (21, 22)): {'bw': 23}, ((1, 5), (22, 20)): {'bw': 23}, ((1, 5), (20, 1)): {'bw': 23}}",0.0,0.0,162.0,81.0,283.0,0.0,0.0,0.0,0.0,0.0,0.0,0.0,0.0,0.0,Route Failure,100.0,"{'node_level': {}, 'link_level': {}, 'path_level': {}}","{'node_level': {0: {'cpu': -78}, 1: {'cpu': -43}, 2: {'cpu': -35}, 3: {'cpu': -44}, 4: {'cpu': -24}, 5: {'cpu': -36}, 6: {'cpu': -33}, 7: {'cpu': -44}}, 'link_level': {(0, 2): {'bw': -8}, (0, 3): {'bw': -31}, (0, 5): {'bw': -18}, (0, 7): {'bw': -12}, (1, 2): {'bw': -12}, (1, 5): {'bw': -7}, (2, 4): {'bw': 100.0}}, 'path_level': {(0, 2): {}, (0, 3): {}, (0, 5): {}, (0, 7): {}, (1, 2): {}, (1, 5): {}, (2, 4): {}}}","{'node_level': {0: {'cpu': 0}, 1: {'cpu': 0}, 2: {'cpu': 0}, 3: {'cpu': 0}, 4: {'cpu': 0}, 5: {'cpu': 0}, 6: {'cpu': 0}, 7: {'cpu': 0}}, 'link_level': {(0, 2): {'bw': 0}, (0, 3): {'bw': 0}, (0, 5): {'bw': 0}, (0, 7): {'bw': 0}, (1, 2): {'bw': 0}, (1, 5): {'bw': 0}, (2, 4): {'bw': 100.0}}, 'path_level': {(0, 2): {}, (0, 3): {}, (0, 5): {}, (0, 7): {}, (1, 2): {}, (1, 5): {}, (2, 4): {}}}",[],-inf,-inf,True,False,False,0,[],0,0.0,8.0,7.0
90,68,19,15627.0,37039.0,7972283.096164078,18918082.84328038,0.42190663894813574,0.42141072973447724,36,156,1,2260.0,6663,1705,4958,0.3971004243281471,0.661985274065994,89,261.0745996455074,2260.0,2,1,True,"{0: np.int64(28), 1: np.int64(35)}","{(0, 1): [(np.int64(28), 31), (31, 35)]}","{(0, np.int64(28)): {'cpu': 12}, (1, np.int64(35)): {'cpu': 6}}","{((0, 1), (np.int64(28), 31)): {'bw': 33}, ((0, 1), (31, 35)): {'bw': 33}}",84.0,51.0,36.0,18.0,33.0,18.0,33.0,18.0,66.0,33.0,0.6071428571428571,21930.266370222624,13314.804581920878,158.50957835620093,Success,0.0,"{'node_level': {}, 'link_level': {}, 'path_level': {}}","{'node_level': {0: {'cpu': -22}, 1: {'cpu': -77}}, 'link_level': {(0, 1): {'bw': -151}}, 'path_level': {(0, 1): {}}}","{'node_level': {0: {'cpu': 0}, 1: {'cpu': 0}}, 'link_level': {(0, 1): {'bw': 0}}, 'path_level': {(0, 1): {}}}",[],-inf,-inf,True,True,False,0,[],0,0.0,2.0,1.0
90,68,18,15627.0,37039.0,7972283.096164078,18918082.84328038,0.42190663894813574,0.42141072973447724,36,157,0,2278.8613518722086,7041,1757,5284,0.3787128712871287,0.6397600218161985,87,71.86135187220862,2207.0,3,3,False,{},{},{},{},0.0,0.0,0.0,0.0,0.0,0.0,0.0,0.0,0.0,0.0,0.0,0.0,0.0,0.0,Leave Event,0.0,"{'node_level': {}, 'link_level': {}, 'path_level': {}}","{'node_level': {}, 'link_level': {}, 'path_level': {}}","{'node_level': {}, 'link_level': {}, 'path_level': {}}",[],-inf,-inf,True,True,False,0,[],0,0.0,,
91,68,18,15627.0,37039.0,7972283.096164078,18918082.84328038,0.42190663894813574,0.42141072973447724,36,158,1,2290.0,7041,1757,5284,0.3787128712871287,0.6397600218161985,90,1001.5902043340529,2290.0,10,24,False,"{0: np.int64(3), 1: np.int64(31), 2: np.int64(18), 3: np.int64(13), 4: np.int64(22), 5: np.int64(10), 6: np.int64(33), 7: np.int64(6), 8: np.int64(28), 9: np.int64(14)}","{(0, 1): [(np.int64(3), 29), (29, 31)], (0, 2): [(np.int64(3), 5), (5, 7), (7, 4), (4, 1), (1, 20), (20, 0), (0, 12), (12, 15), (15, 18)], (0, 3): []}","{(0, np.int64(3)): {'cpu': 20}, (1, np.int64(31)): {'cpu': 10}, (2, np.int64(18)): {'cpu': 6}, (3, np.int64(13)): {'cpu': 0}, (4, np.int64(22)): {'cpu': 3}, (5, np.int64(10)): {'cpu': 16}, (6, np.int64(33)): {'cpu': 10}, (7, np.int64(6)): {'cpu': 9}, (8, np.int64(28)): {'cpu': 1}, (9, np.int64(14)): {'cpu': 1}}","{((0, 1), (np.int64(3), 29)): {'bw': 16}, ((0, 1), (29, 31)): {'bw': 16}, ((0, 2), (np.int64(3), 5)): {'bw': 38}, ((0, 2), (5, 7)): {'bw': 38}, ((0, 2), (7, 4)): {'bw': 38}, ((0, 2), (4, 1)): {'bw': 38}, ((0, 2), (1, 20)): {'bw': 38}, ((0, 2), (20, 0)): {'bw': 38}, ((0, 2), (0, 12)): {'bw': 38}, ((0, 2), (12, 15)): {'bw': 38}, ((0, 2), (15, 18)): {'bw': 38}}",0.0,0.0,152.0,76.0,448.0,0.0,0.0,0.0,0.0,0.0,0.0,0.0,0.0,0.0,Route Failure,100.0,"{'node_level': {}, 'link_level': {}, 'path_level': {}}","{'node_level': {0: {'cpu': -21}, 1: {'cpu': -37}, 2: {'cpu': -5}, 3: {'cpu': -86}, 4: {'cpu': -64}, 5: {'cpu': -41}, 6: {'cpu': -75}, 7: {'cpu': -41}, 8: {'cpu': -21}, 9: {'cpu': -85}}, 'link_level': {(0, 1): {'bw': -95}, (0, 2): {'bw': -1}, (0, 3): {'bw': 100.0}}, 'path_level': {(0, 1): {}, (0, 2): {}, (0, 3): {}}}","{'node_level': {0: {'cpu': 0}, 1: {'cpu': 0}, 2: {'cpu': 0}, 3: {'cpu': 0}, 4: {'cpu': 0}, 5: {'cpu': 0}, 6: {'cpu': 0}, 7: {'cpu': 0}, 8: {'cpu': 0}, 9: {'cpu': 0}}, 'link_level': {(0, 1): {'bw': 0}, (0, 2): {'bw': 0}, (0, 3): {'bw': 100.0}}, 'path_level': {(0, 1): {}, (0, 2): {}, (0, 3): {}}}",[],-inf,-inf,True,False,False,0,[],0,0.0,10.0,3.0
91,68,17,15627.0,37039.0,7972283.096164078,18918082.84328038,0.42190663894813574,0.42141072973447724,36,159,0,2290.4446127162682,7463,1836,5627,0.3507779349363508,0.6163757840196346,55,880.4446127162681,1410.0,7,7,False,{},{},{},{},0.0,0.0,0.0,0.0,0.0,0.0,0.0,0.0,0.0,0.0,0.0,0.0,0.0,0.0,Leave Event,0.0,"{'node_level': {}, 'link_level': {}, 'path_level': {}}","{'node_level': {}, 'link_level': {}, 'path_level': {}}","{'node_level': {}, 'link_level': {}, 'path_level': {}}",[],-inf,-inf,True,True,False,0,[],0,0.0,,
91,68,16,15627.0,37039.0,7972283.096164078,18918082.84328038,0.42190663894813574,0.42141072973447724,36,160,0,2296.1099966482893,8444,1892,6552,0.33097595473833097,0.55331333515135,59,785.1099966482894,1511.0,6,9,False,{},{},{},{},0.0,0.0,0.0,0.0,0.0,0.0,0.0,0.0,0.0,0.0,0.0,0.0,0.0,0.0,Leave Event,0.0,"{'node_level': {}, 'link_level': {}, 'path_level': {}}","{'node_level': {}, 'link_level': {}, 'path_level': {}}","{'node_level': {}, 'link_level': {}, 'path_level': {}}",[],-inf,-inf,True,True,False,0,[],0,0.0,,
91,68,15,15627.0,37039.0,7972283.096164078,18918082.84328038,0.42190663894813574,0.42141072973447724,36,161,0,2300.4572189796663,8886,1947,6939,0.3115275813295615,0.5269293700572675,77,351.4572189796665,1949.0,6,8,False,{},{},{},{},0.0,0.0,0.0,0.0,0.0,0.0,0.0,0.0,0.0,0.0,0.0,0.0,0.0,0.0,Leave Event,0.0,"{'node_level': {}, 'link_level': {}, 'path_level': {}}","{'node_level': {}, 'link_level': {}, 'path_level': {}}","{'node_level': {}, 'link_level': {}, 'path_level': {}}",[],-inf,-inf,True,True,False,0,[],0,0.0,,
92,68,15,15627.0,37039.0,7972283.096164078,18918082.84328038,0.42190663894813574,0.42141072973447724,36,162,1,2308.0,8886,1947,6939,0.3115275813295615,0.5269293700572675,91,655.0655711361453,2308.0,9,22,False,"{0: np.int64(11), 1: np.int64(22), 2: np.int64(21), 3: np.int64(17), 4: np.int64(8), 5: np.int64(9), 6: np.int64(12), 7: np.int64(28), 8: np.int64(14)}","{(0, 1): [(np.int64(11), 7), (7, 4), (4, 0), (0, 20), (20, 22)], (0, 3): [(np.int64(11), 7), (7, 4), (4, 0), (0, 12), (12, 14), (14, 17)], (0, 4): [(np.int64(11), 7), (7, 4), (4, 6), (6, 8)], (0, 5): [(np.int64(11), 7), (7, 4), (4, 6), (6, 9)], (0, 6): [(np.int64(11), 7), (7, 4), (4, 0), (0, 12)], (0, 7): [(np.int64(11), 7), (7, 4), (4, 0), (0, 28)], (0, 8): [(np.int64(11), 7), (7, 4), (4, 1), (1, 12), (12, 14)], (1, 3): [(np.int64(22), 20), (20, 0), (0, 12), (12, 14), (14, 17)], (1, 4): [(np.int64(22), 20), (20, 1), (1, 4), (4, 6), (6, 8)], (1, 5): []}","{(0, np.int64(11)): {'cpu': 15}, (1, np.int64(22)): {'cpu': 8}, (2, np.int64(21)): {'cpu': 16}, (3, np.int64(17)): {'cpu': 13}, (4, np.int64(8)): {'cpu': 18}, (5, np.int64(9)): {'cpu': 13}, (6, np.int64(12)): {'cpu': 9}, (7, np.int64(28)): {'cpu': 9}, (8, np.int64(14)): {'cpu': 0}}","{((0, 1), (np.int64(11), 7)): {'bw': 24}, ((0, 1), (7, 4)): {'bw': 24}, ((0, 1), (4, 0)): {'bw': 24}, ((0, 1), (0, 20)): {'bw': 24}, ((0, 1), (20, 22)): {'bw': 24}, ((0, 3), (np.int64(11), 7)): {'bw': 20}, ((0, 3), (7, 4)): {'bw': 20}, ((0, 3), (4, 0)): {'bw': 20}, ((0, 3), (0, 12)): {'bw': 20}, ((0, 3), (12, 14)): {'bw': 20}, ((0, 3), (14, 17)): {'bw': 20}, ((0, 4), (np.int64(11), 7)): {'bw': 29}, ((0, 4), (7, 4)): {'bw': 29}, ((0, 4), (4, 6)): {'bw': 29}, ((0, 4), (6, 8)): {'bw': 29}, ((0, 5), (np.int64(11), 7)): {'bw': 35}, ((0, 5), (7, 4)): {'bw': 35}, ((0, 5), (4, 6)): {'bw': 35}, ((0, 5), (6, 9)): {'bw': 35}, ((0, 6), (np.int64(11), 7)): {'bw': 8}, ((0, 6), (7, 4)): {'bw': 8}, ((0, 6), (4, 0)): {'bw': 8}, ((0, 6), (0, 12)): {'bw': 8}, ((0, 7), (np.int64(11), 7)): {'bw': 13}, ((0, 7), (7, 4)): {'bw': 13}, ((0, 7), (4, 0)): {'bw': 13}, ((0, 7), (0, 28)): {'bw': 13}, ((0, 8), (np.int64(11), 7)): {'bw': 17}, ((0, 8), (7, 4)): {'bw': 17}, ((0, 8), (4, 1)): {'bw': 17}, ((0, 8), (1, 12)): {'bw': 17}, ((0, 8), (12, 14)): {'bw': 17}, ((1, 3), (np.int64(22), 20)): {'bw': 41}, ((1, 3), (20, 0)): {'bw': 41}, ((1, 3), (0, 12)): {'bw': 41}, ((1, 3), (12, 14)): {'bw': 41}, ((1, 3), (14, 17)): {'bw': 41}, ((1, 4), (np.int64(22), 20)): {'bw': 7}, ((1, 4), (20, 1)): {'bw': 7}, ((1, 4), (1, 4)): {'bw': 7}, ((1, 4), (4, 6)): {'bw': 7}, ((1, 4), (6, 8)): {'bw': 7}}",0.0,0.0,202.0,101.0,679.0,0.0,0.0,0.0,0.0,0.0,0.0,0.0,0.0,0.0,Route Failure,100.0,"{'node_level': {}, 'link_level': {}, 'path_level': {}}","{'node_level': {0: {'cpu': -67}, 1: {'cpu': -68}, 2: {'cpu': -18}, 3: {'cpu': -22}, 4: {'cpu': -47}, 5: {'cpu': -64}, 6: {'cpu': -38}, 7: {'cpu': -30}, 8: {'cpu': -86}}, 'link_level': {(0, 1): {'bw': -45}, (0, 3): {'bw': -36}, (0, 4): {'bw': -112}, (0, 5): {'bw': -77}, (0, 6): {'bw': -28}, (0, 7): {'bw': -1}, (0, 8): {'bw': -67}, (1, 3): {'bw': -4}, (1, 4): {'bw': -44}, (1, 5): {'bw': 100.0}}, 'path_level': {(0, 1): {}, (0, 3): {}, (0, 4): {}, (0, 5): {}, (0, 6): {}, (0, 7): {}, (0, 8): {}, (1, 3): {}, (1, 4): {}, (1, 5): {}}}","{'node_level': {0: {'cpu': 0}, 1: {'cpu': 0}, 2: {'cpu': 0}, 3: {'cpu': 0}, 4: {'cpu': 0}, 5: {'cpu': 0}, 6: {'cpu': 0}, 7: {'cpu': 0}, 8: {'cpu': 0}}, 'link_level': {(0, 1): {'bw': 0}, (0, 3): {'bw': 0}, (0, 4): {'bw': 0}, (0, 5): {'bw': 0}, (0, 6): {'bw': 0}, (0, 7): {'bw': 0}, (0, 8): {'bw': 0}, (1, 3): {'bw': 0}, (1, 4): {'bw': 0}, (1, 5): {'bw': 100.0}}, 'path_level': {(0, 1): {}, (0, 3): {}, (0, 4): {}, (0, 5): {}, (0, 6): {}, (0, 7): {}, (0, 8): {}, (1, 3): {}, (1, 4): {}, (1, 5): {}}}",[],-inf,-inf,True,False,False,0,[],0,0.0,9.0,10.0
93,68,15,15627.0,37039.0,7972283.096164078,18918082.84328038,0.42190663894813574,0.42141072973447724,36,163,1,2322.0,8886,1947,6939,0.3115275813295615,0.5269293700572675,92,453.7934563751934,2322.0,7,12,False,"{0: np.int64(4), 1: np.int64(26), 2: np.int64(12), 3: np.int64(2), 4: np.int64(9), 5: np.int64(14), 6: np.int64(15)}","{(0, 2): [(np.int64(4), 0), (0, 12)], (0, 3): [(np.int64(4), 6), (6, 5), (5, 2)], (0, 4): [(np.int64(4), 6), (6, 9)], (0, 5): [(np.int64(4), 0), (0, 12), (12, 14)], (0, 6): [(np.int64(4), 1), (1, 12), (12, 15)], (1, 5): []}","{(0, np.int64(4)): {'cpu': 5}, (1, np.int64(26)): {'cpu': 17}, (2, np.int64(12)): {'cpu': 1}, (3, np.int64(2)): {'cpu': 8}, (4, np.int64(9)): {'cpu': 2}, (5, np.int64(14)): {'cpu': 16}, (6, np.int64(15)): {'cpu': 16}}","{((0, 2), (np.int64(4), 0)): {'bw': 41}, ((0, 2), (0, 12)): {'bw': 41}, ((0, 3), (np.int64(4), 6)): {'bw': 46}, ((0, 3), (6, 5)): {'bw': 46}, ((0, 3), (5, 2)): {'bw': 46}, ((0, 4), (np.int64(4), 6)): {'bw': 44}, ((0, 4), (6, 9)): {'bw': 44}, ((0, 5), (np.int64(4), 0)): {'bw': 10}, ((0, 5), (0, 12)): {'bw': 10}, ((0, 5), (12, 14)): {'bw': 10}, ((0, 6), (np.int64(4), 1)): {'bw': 30}, ((0, 6), (1, 12)): {'bw': 30}, ((0, 6), (12, 15)): {'bw': 30}}",0.0,0.0,130.0,65.0,353.0,0.0,0.0,0.0,0.0,0.0,0.0,0.0,0.0,0.0,Route Failure,100.0,"{'node_level': {}, 'link_level': {}, 'path_level': {}}","{'node_level': {0: {'cpu': -60}, 1: {'cpu': -35}, 2: {'cpu': -46}, 3: {'cpu': -5}, 4: {'cpu': -75}, 5: {'cpu': -70}, 6: {'cpu': -16}}, 'link_level': {(0, 2): {'bw': -39}, (0, 3): {'bw': -95}, (0, 4): {'bw': -51}, (0, 5): {'bw': -29}, (0, 6): {'bw': -54}, (1, 5): {'bw': 100.0}}, 'path_level': {(0, 2): {}, (0, 3): {}, (0, 4): {}, (0, 5): {}, (0, 6): {}, (1, 5): {}}}","{'node_level': {0: {'cpu': 0}, 1: {'cpu': 0}, 2: {'cpu': 0}, 3: {'cpu': 0}, 4: {'cpu': 0}, 5: {'cpu': 0}, 6: {'cpu': 0}}, 'link_level': {(0, 2): {'bw': 0}, (0, 3): {'bw': 0}, (0, 4): {'bw': 0}, (0, 5): {'bw': 0}, (0, 6): {'bw': 0}, (1, 5): {'bw': 100.0}}, 'path_level': {(0, 2): {}, (0, 3): {}, (0, 4): {}, (0, 5): {}, (0, 6): {}, (1, 5): {}}}",[],-inf,-inf,True,False,False,0,[],0,0.0,7.0,6.0
94,68,15,15627.0,37039.0,7972283.096164078,18918082.84328038,0.42190663894813574,0.42141072973447724,36,164,1,2352.0,8886,1947,6939,0.3115275813295615,0.5269293700572675,93,844.1496247042616,2352.0,9,15,False,"{0: np.int64(7), 1: np.int64(19), 2: np.int64(26), 3: np.int64(34), 4: np.int64(1), 5: np.int64(6), 6: np.int64(9), 7: np.int64(35), 8: np.int64(20)}","{(0, 3): [(np.int64(7), 4), (4, 1), (1, 28), (28, 31), (31, 34)], (0, 4): [(np.int64(7), 4), (4, 1)], (0, 7): [(np.int64(7), 4), (4, 0), (0, 28), (28, 31), (31, 35)], (1, 2): [(np.int64(19), 15), (15, 12), (12, 0), (0, 20), (20, 23), (23, 26)], (1, 3): [(np.int64(19), 15), (15, 12), (12, 1), (1, 28), (28, 31), (31, 34)], (1, 4): [(np.int64(19), 15), (15, 12), (12, 0), (0, 4), (4, 1)], (1, 6): [(np.int64(19), 15), (15, 12), (12, 0), (0, 4), (4, 6), (6, 9)], (2, 8): []}","{(0, np.int64(7)): {'cpu': 4}, (1, np.int64(19)): {'cpu': 17}, (2, np.int64(26)): {'cpu': 13}, (3, np.int64(34)): {'cpu': 6}, (4, np.int64(1)): {'cpu': 4}, (5, np.int64(6)): {'cpu': 11}, (6, np.int64(9)): {'cpu': 16}, (7, np.int64(35)): {'cpu': 10}, (8, np.int64(20)): {'cpu': 17}}","{((0, 3), (np.int64(7), 4)): {'bw': 28}, ((0, 3), (4, 1)): {'bw': 28}, ((0, 3), (1, 28)): {'bw': 28}, ((0, 3), (28, 31)): {'bw': 28}, ((0, 3), (31, 34)): {'bw': 28}, ((0, 4), (np.int64(7), 4)): {'bw': 37}, ((0, 4), (4, 1)): {'bw': 37}, ((0, 7), (np.int64(7), 4)): {'bw': 3}, ((0, 7), (4, 0)): {'bw': 3}, ((0, 7), (0, 28)): {'bw': 3}, ((0, 7), (28, 31)): {'bw': 3}, ((0, 7), (31, 35)): {'bw': 3}, ((1, 2), (np.int64(19), 15)): {'bw': 9}, ((1, 2), (15, 12)): {'bw': 9}, ((1, 2), (12, 0)): {'bw': 9}, ((1, 2), (0, 20)): {'bw': 9}, ((1, 2), (20, 23)): {'bw': 9}, ((1, 2), (23, 26)): {'bw': 9}, ((1, 3), (np.int64(19), 15)): {'bw': 48}, ((1, 3), (15, 12)): {'bw': 48}, ((1, 3), (12, 1)): {'bw': 48}, ((1, 3), (1, 28)): {'bw': 48}, ((1, 3), (28, 31)): {'bw': 48}, ((1, 3), (31, 34)): {'bw': 48}, ((1, 4), (np.int64(19), 15)): {'bw': 41}, ((1, 4), (15, 12)): {'bw': 41}, ((1, 4), (12, 0)): {'bw': 41}, ((1, 4), (0, 4)): {'bw': 41}, ((1, 4), (4, 1)): {'bw': 41}, ((1, 6), (np.int64(19), 15)): {'bw': 2}, ((1, 6), (15, 12)): {'bw': 2}, ((1, 6), (12, 0)): {'bw': 2}, ((1, 6), (0, 4)): {'bw': 2}, ((1, 6), (4, 6)): {'bw': 2}, ((1, 6), (6, 9)): {'bw': 2}}",0.0,0.0,196.0,98.0,460.0,0.0,0.0,0.0,0.0,0.0,0.0,0.0,0.0,0.0,Route Failure,100.0,"{'node_level': {}, 'link_level': {}, 'path_level': {}}","{'node_level': {0: {'cpu': -28}, 1: {'cpu': -36}, 2: {'cpu': -39}, 3: {'cpu': -73}, 4: {'cpu': -32}, 5: {'cpu': -70}, 6: {'cpu': -61}, 7: {'cpu': -67}, 8: {'cpu': -31}}, 'link_level': {(0, 3): {'bw': -158}, (0, 4): {'bw': -178}, (0, 7): {'bw': -11}, (1, 2): {'bw': -20}, (1, 3): {'bw': -36}, (1, 4): {'bw': -36}, (1, 6): {'bw': -34}, (2, 8): {'bw': 100.0}}, 'path_level': {(0, 3): {}, (0, 4): {}, (0, 7): {}, (1, 2): {}, (1, 3): {}, (1, 4): {}, (1, 6): {}, (2, 8): {}}}","{'node_level': {0: {'cpu': 0}, 1: {'cpu': 0}, 2: {'cpu': 0}, 3: {'cpu': 0}, 4: {'cpu': 0}, 5: {'cpu': 0}, 6: {'cpu': 0}, 7: {'cpu': 0}, 8: {'cpu': 0}}, 'link_level': {(0, 3): {'bw': 0}, (0, 4): {'bw': 0}, (0, 7): {'bw': 0}, (1, 2): {'bw': 0}, (1, 3): {'bw': 0}, (1, 4): {'bw': 0}, (1, 6): {'bw': 0}, (2, 8): {'bw': 100.0}}, 'path_level': {(0, 3): {}, (0, 4): {}, (0, 7): {}, (1, 2): {}, (1, 3): {}, (1, 4): {}, (1, 6): {}, (2, 8): {}}}",[],-inf,-inf,True,False,False,0,[],0,0.0,9.0,8.0
94,68,14,15627.0,37039.0,7972283.096164078,18918082.84328038,0.42190663894813574,0.42141072973447724,36,165,0,2360.654852250888,9002,1965,7037,0.3051626591230552,0.5202481592582493,86,183.65485225088776,2177.0,3,2,False,{},{},{},{},0.0,0.0,0.0,0.0,0.0,0.0,0.0,0.0,0.0,0.0,0.0,0.0,0.0,0.0,Leave Event,0.0,"{'node_level': {}, 'link_level': {}, 'path_level': {}}","{'node_level': {}, 'link_level': {}, 'path_level': {}}","{'node_level': {}, 'link_level': {}, 'path_level': {}}",[],-inf,-inf,True,True,False,0,[],0,0.0,,
94,68,13,15627.0,37039.0,7972283.096164078,18918082.84328038,0.42190663894813574,0.42141072973447724,36,166,0,2361.830729663063,9782,2030,7752,0.2821782178217822,0.47150259067357514,83,256.83072966306304,2105.0,5,5,False,{},{},{},{},0.0,0.0,0.0,0.0,0.0,0.0,0.0,0.0,0.0,0.0,0.0,0.0,0.0,0.0,Leave Event,0.0,"{'node_level': {}, 'link_level': {}, 'path_level': {}}","{'node_level': {}, 'link_level': {}, 'path_level': {}}","{'node_level': {}, 'link_level': {}, 'path_level': {}}",[],-inf,-inf,True,True,False,0,[],0,0.0,,
95,69,14,16034.0,38040.0,8194991.773092916,19465825.80545671,0.4215036803364879,0.4209937895774078,36,167,1,2373.0,8781,1958,6823,0.30763790664780766,0.5348377420234525,94,547.1957664099208,2373.0,8,14,True,"{0: np.int64(31), 1: np.int64(4), 2: np.int64(2), 3: np.int64(16), 4: np.int64(32), 5: np.int64(7), 6: np.int64(6), 7: np.int64(3)}","{(0, 1): [(np.int64(31), 28), (28, 1), (1, 4)], (0, 4): [(np.int64(31), 28), (28, 30), (30, 32)], (0, 7): [(np.int64(31), 29), (29, 3)], (1, 2): [(np.int64(4), 6), (6, 5), (5, 2)], (1, 3): [(np.int64(4), 0), (0, 12), (12, 14), (14, 16)], (1, 4): [(np.int64(4), 1), (1, 28), (28, 31), (31, 29), (29, 30), (30, 32)], (1, 6): [(np.int64(4), 6)], (2, 3): [(np.int64(2), 13), (13, 14), (14, 16)], (2, 6): [(np.int64(2), 5), (5, 6)], (2, 7): [(np.int64(2), 5), (5, 3)], (3, 7): [(np.int64(16), 14), (14, 13), (13, 3)], (4, 6): [(np.int64(32), 30), (30, 28), (28, 0), (0, 4), (4, 6)], (4, 7): [(np.int64(32), 30), (30, 29), (29, 3)], (5, 6): [(np.int64(7), 4), (4, 6)]}","{(0, np.int64(31)): {'cpu': 4}, (1, np.int64(4)): {'cpu': 6}, (2, np.int64(2)): {'cpu': 6}, (3, np.int64(16)): {'cpu': 5}, (4, np.int64(32)): {'cpu': 20}, (5, np.int64(7)): {'cpu': 12}, (6, np.int64(6)): {'cpu': 3}, (7, np.int64(3)): {'cpu': 16}}","{((0, 1), (np.int64(31), 28)): {'bw': 37}, ((0, 1), (28, 1)): {'bw': 37}, ((0, 1), (1, 4)): {'bw': 37}, ((0, 4), (np.int64(31), 28)): {'bw': 21}, ((0, 4), (28, 30)): {'bw': 21}, ((0, 4), (30, 32)): {'bw': 21}, ((0, 7), (np.int64(31), 29)): {'bw': 35}, ((0, 7), (29, 3)): {'bw': 35}, ((1, 2), (np.int64(4), 6)): {'bw': 22}, ((1, 2), (6, 5)): {'bw': 22}, ((1, 2), (5, 2)): {'bw': 22}, ((1, 3), (np.int64(4), 0)): {'bw': 20}, ((1, 3), (0, 12)): {'bw': 20}, ((1, 3), (12, 14)): {'bw': 20}, ((1, 3), (14, 16)): {'bw': 20}, ((1, 4), (np.int64(4), 1)): {'bw': 26}, ((1, 4), (1, 28)): {'bw': 26}, ((1, 4), (28, 31)): {'bw': 26}, ((1, 4), (31, 29)): {'bw': 26}, ((1, 4), (29, 30)): {'bw': 26}, ((1, 4), (30, 32)): {'bw': 26}, ((1, 6), (np.int64(4), 6)): {'bw': 32}, ((2, 3), (np.int64(2), 13)): {'bw': 17}, ((2, 3), (13, 14)): {'bw': 17}, ((2, 3), (14, 16)): {'bw': 17}, ((2, 6), (np.int64(2), 5)): {'bw': 22}, ((2, 6), (5, 6)): {'bw': 22}, ((2, 7), (np.int64(2), 5)): {'bw': 23}, ((2, 7), (5, 3)): {'bw': 23}, ((3, 7), (np.int64(16), 14)): {'bw': 3}, ((3, 7), (14, 13)): {'bw': 3}, ((3, 7), (13, 3)): {'bw': 3}, ((4, 6), (np.int64(32), 30)): {'bw': 1}, ((4, 6), (30, 28)): {'bw': 1}, ((4, 6), (28, 0)): {'bw': 1}, ((4, 6), (0, 4)): {'bw': 1}, ((4, 6), (4, 6)): {'bw': 1}, ((4, 7), (np.int64(32), 30)): {'bw': 44}, ((4, 7), (30, 29)): {'bw': 44}, ((4, 7), (29, 3)): {'bw': 44}, ((5, 6), (np.int64(7), 4)): {'bw': 32}, ((5, 6), (4, 6)): {'bw': 32}}",1001.0,407.0,144.0,72.0,335.0,72.0,335.0,72.0,929.0,594.0,0.4065934065934066,547742.9621763307,222708.67692883775,222.48619073809965,Success,0.0,"{'node_level': {}, 'link_level': {}, 'path_level': {}}","{'node_level': {0: {'cpu': -68}, 1: {'cpu': -59}, 2: {'cpu': -7}, 3: {'cpu': -76}, 4: {'cpu': -45}, 5: {'cpu': -20}, 6: {'cpu': -78}, 7: {'cpu': -25}}, 'link_level': {(0, 1): {'bw': -170}, (0, 4): {'bw': -17}, (0, 7): {'bw': -118}, (1, 2): {'bw': -119}, (1, 3): {'bw': -67}, (1, 4): {'bw': -66}, (1, 6): {'bw': -87}, (2, 3): {'bw': -31}, (2, 6): {'bw': -168}, (2, 7): {'bw': -138}, (3, 7): {'bw': -123}, (4, 6): {'bw': -13}, (4, 7): {'bw': -22}, (5, 6): {'bw': -54}}, 'path_level': {(0, 1): {}, (0, 4): {}, (0, 7): {}, (1, 2): {}, (1, 3): {}, (1, 4): {}, (1, 6): {}, (2, 3): {}, (2, 6): {}, (2, 7): {}, (3, 7): {}, (4, 6): {}, (4, 7): {}, (5, 6): {}}}","{'node_level': {0: {'cpu': 0}, 1: {'cpu': 0}, 2: {'cpu': 0}, 3: {'cpu': 0}, 4: {'cpu': 0}, 5: {'cpu': 0}, 6: {'cpu': 0}, 7: {'cpu': 0}}, 'link_level': {(0, 1): {'bw': 0}, (0, 4): {'bw': 0}, (0, 7): {'bw': 0}, (1, 2): {'bw': 0}, (1, 3): {'bw': 0}, (1, 4): {'bw': 0}, (1, 6): {'bw': 0}, (2, 3): {'bw': 0}, (2, 6): {'bw': 0}, (2, 7): {'bw': 0}, (3, 7): {'bw': 0}, (4, 6): {'bw': 0}, (4, 7): {'bw': 0}, (5, 6): {'bw': 0}}, 'path_level': {(0, 1): {}, (0, 4): {}, (0, 7): {}, (1, 2): {}, (1, 3): {}, (1, 4): {}, (1, 6): {}, (2, 3): {}, (2, 6): {}, (2, 7): {}, (3, 7): {}, (4, 6): {}, (4, 7): {}, (5, 6): {}}}",[],-inf,-inf,True,True,False,0,[],0,0.0,8.0,14.0
95,69,14,16034.0,38040.0,8194991.773092916,19465825.80545671,0.4215036803364879,0.4209937895774078,36,168,0,2376.734613544786,8781,1958,6823,0.30763790664780766,0.5348377420234525,85,219.73461354478582,2157.0,8,12,False,{},{},{},{},0.0,0.0,0.0,0.0,0.0,0.0,0.0,0.0,0.0,0.0,0.0,0.0,0.0,0.0,Leave Event,0.0,"{'node_level': {}, 'link_level': {}, 'path_level': {}}","{'node_level': {}, 'link_level': {}, 'path_level': {}}","{'node_level': {}, 'link_level': {}, 'path_level': {}}",[],-inf,-inf,True,True,False,0,[],0,0.0,,
96,69,14,16034.0,38040.0,8194991.773092916,19465825.80545671,0.4215036803364879,0.4209937895774078,36,169,1,2401.0,8781,1958,6823,0.30763790664780766,0.5348377420234525,95,79.78844062704222,2401.0,10,18,False,"{0: np.int64(21), 1: np.int64(13), 2: np.int64(23), 3: np.int64(16), 4: np.int64(11), 5: np.int64(5), 6: np.int64(4), 7: np.int64(17), 8: np.int64(10), 9: np.int64(27)}","{(0, 3): [(np.int64(21), 3), (3, 13), (13, 14), (14, 16)], (0, 5): [(np.int64(21), 2), (2, 5)], (0, 8): [(np.int64(21), 2), (2, 5), (5, 7), (7, 10)], (0, 9): [(np.int64(21), 23), (23, 27)], (1, 4): [(np.int64(13), 3), (3, 5), (5, 7), (7, 11)], (1, 5): [(np.int64(13), 2), (2, 5)], (1, 7): [(np.int64(13), 14), (14, 17)], (2, 3): []}","{(0, np.int64(21)): {'cpu': 12}, (1, np.int64(13)): {'cpu': 0}, (2, np.int64(23)): {'cpu': 13}, (3, np.int64(16)): {'cpu': 11}, (4, np.int64(11)): {'cpu': 1}, (5, np.int64(5)): {'cpu': 15}, (6, np.int64(4)): {'cpu': 17}, (7, np.int64(17)): {'cpu': 9}, (8, np.int64(10)): {'cpu': 10}, (9, np.int64(27)): {'cpu': 17}}","{((0, 3), (np.int64(21), 3)): {'bw': 39}, ((0, 3), (3, 13)): {'bw': 39}, ((0, 3), (13, 14)): {'bw': 39}, ((0, 3), (14, 16)): {'bw': 39}, ((0, 5), (np.int64(21), 2)): {'bw': 35}, ((0, 5), (2, 5)): {'bw': 35}, ((0, 8), (np.int64(21), 2)): {'bw': 30}, ((0, 8), (2, 5)): {'bw': 30}, ((0, 8), (5, 7)): {'bw': 30}, ((0, 8), (7, 10)): {'bw': 30}, ((0, 9), (np.int64(21), 23)): {'bw': 38}, ((0, 9), (23, 27)): {'bw': 38}, ((1, 4), (np.int64(13), 3)): {'bw': 32}, ((1, 4), (3, 5)): {'bw': 32}, ((1, 4), (5, 7)): {'bw': 32}, ((1, 4), (7, 11)): {'bw': 32}, ((1, 5), (np.int64(13), 2)): {'bw': 5}, ((1, 5), (2, 5)): {'bw': 5}, ((1, 7), (np.int64(13), 14)): {'bw': 44}, ((1, 7), (14, 17)): {'bw': 44}}",0.0,0.0,210.0,105.0,534.0,0.0,0.0,0.0,0.0,0.0,0.0,0.0,0.0,0.0,Route Failure,100.0,"{'node_level': {}, 'link_level': {}, 'path_level': {}}","{'node_level': {0: {'cpu': -22}, 1: {'cpu': -86}, 2: {'cpu': -62}, 3: {'cpu': -65}, 4: {'cpu': -81}, 5: {'cpu': -28}, 6: {'cpu': -42}, 7: {'cpu': -26}, 8: {'cpu': -56}, 9: {'cpu': -14}}, 'link_level': {(0, 3): {'bw': -41}, (0, 5): {'bw': -61}, (0, 8): {'bw': -31}, (0, 9): {'bw': -28}, (1, 4): {'bw': -52}, (1, 5): {'bw': -26}, (1, 7): {'bw': -147}, (2, 3): {'bw': 100.0}}, 'path_level': {(0, 3): {}, (0, 5): {}, (0, 8): {}, (0, 9): {}, (1, 4): {}, (1, 5): {}, (1, 7): {}, (2, 3): {}}}","{'node_level': {0: {'cpu': 0}, 1: {'cpu': 0}, 2: {'cpu': 0}, 3: {'cpu': 0}, 4: {'cpu': 0}, 5: {'cpu': 0}, 6: {'cpu': 0}, 7: {'cpu': 0}, 8: {'cpu': 0}, 9: {'cpu': 0}}, 'link_level': {(0, 3): {'bw': 0}, (0, 5): {'bw': 0}, (0, 8): {'bw': 0}, (0, 9): {'bw': 0}, (1, 4): {'bw': 0}, (1, 5): {'bw': 0}, (1, 7): {'bw': 0}, (2, 3): {'bw': 100.0}}, 'path_level': {(0, 3): {}, (0, 5): {}, (0, 8): {}, (0, 9): {}, (1, 4): {}, (1, 5): {}, (1, 7): {}, (2, 3): {}}}",[],-inf,-inf,True,False,False,0,[],0,0.0,10.0,8.0
96,69,13,16034.0,38040.0,8194991.773092916,19465825.80545671,0.4215036803364879,0.4209937895774078,36,170,0,2410.8806272396346,9588,2057,7531,0.27263083451202264,0.48656940278156535,80,382.8806272396345,2028.0,8,12,False,{},{},{},{},0.0,0.0,0.0,0.0,0.0,0.0,0.0,0.0,0.0,0.0,0.0,0.0,0.0,0.0,Leave Event,0.0,"{'node_level': {}, 'link_level': {}, 'path_level': {}}","{'node_level': {}, 'link_level': {}, 'path_level': {}}","{'node_level': {}, 'link_level': {}, 'path_level': {}}",[],-inf,-inf,True,True,False,0,[],0,0.0,,
97,70,14,16349.0,38920.0,8347622.372155417,19892222.39966306,0.42006680369989724,0.41964252180775996,36,171,1,2429.0,8708,1996,6712,0.29420084865629426,0.5424052358876466,96,484.54158432539793,2429.0,6,9,True,"{0: np.int64(3), 1: np.int64(11), 2: np.int64(35), 3: np.int64(15), 4: np.int64(21), 5: np.int64(4)}","{(0, 1): [(np.int64(3), 5), (5, 7), (7, 11)], (0, 2): [(np.int64(3), 29), (29, 31), (31, 35)], (0, 5): [(np.int64(3), 5), (5, 6), (6, 4)], (1, 5): [(np.int64(11), 7), (7, 4)], (2, 3): [(np.int64(35), 31), (31, 28), (28, 1), (1, 12), (12, 15)], (2, 4): [(np.int64(35), 31), (31, 29), (29, 2), (2, 21)], (2, 5): [(np.int64(35), 31), (31, 28), (28, 1), (1, 4)], (3, 5): [(np.int64(15), 12), (12, 0), (0, 4)], (4, 5): [(np.int64(21), 2), (2, 5), (5, 6), (6, 4)]}","{(0, np.int64(3)): {'cpu': 13}, (1, np.int64(11)): {'cpu': 6}, (2, np.int64(35)): {'cpu': 13}, (3, np.int64(15)): {'cpu': 7}, (4, np.int64(21)): {'cpu': 11}, (5, np.int64(4)): {'cpu': 11}}","{((0, 1), (np.int64(3), 5)): {'bw': 25}, ((0, 1), (5, 7)): {'bw': 25}, ((0, 1), (7, 11)): {'bw': 25}, ((0, 2), (np.int64(3), 29)): {'bw': 48}, ((0, 2), (29, 31)): {'bw': 48}, ((0, 2), (31, 35)): {'bw': 48}, ((0, 5), (np.int64(3), 5)): {'bw': 10}, ((0, 5), (5, 6)): {'bw': 10}, ((0, 5), (6, 4)): {'bw': 10}, ((1, 5), (np.int64(11), 7)): {'bw': 41}, ((1, 5), (7, 4)): {'bw': 41}, ((2, 3), (np.int64(35), 31)): {'bw': 15}, ((2, 3), (31, 28)): {'bw': 15}, ((2, 3), (28, 1)): {'bw': 15}, ((2, 3), (1, 12)): {'bw': 15}, ((2, 3), (12, 15)): {'bw': 15}, ((2, 4), (np.int64(35), 31)): {'bw': 3}, ((2, 4), (31, 29)): {'bw': 3}, ((2, 4), (29, 2)): {'bw': 3}, ((2, 4), (2, 21)): {'bw': 3}, ((2, 5), (np.int64(35), 31)): {'bw': 25}, ((2, 5), (31, 28)): {'bw': 25}, ((2, 5), (28, 1)): {'bw': 25}, ((2, 5), (1, 4)): {'bw': 25}, ((3, 5), (np.int64(15), 12)): {'bw': 47}, ((3, 5), (12, 0)): {'bw': 47}, ((3, 5), (0, 4)): {'bw': 47}, ((4, 5), (np.int64(21), 2)): {'bw': 40}, ((4, 5), (2, 5)): {'bw': 40}, ((4, 5), (5, 6)): {'bw': 40}, ((4, 5), (6, 4)): {'bw': 40}}",880.0,315.0,122.0,61.0,254.0,61.0,254.0,61.0,819.0,565.0,0.35795454545454547,426396.59420635016,152630.59906250035,173.44386257102312,Success,0.0,"{'node_level': {}, 'link_level': {}, 'path_level': {}}","{'node_level': {0: {'cpu': -32}, 1: {'cpu': -76}, 2: {'cpu': -64}, 3: {'cpu': -44}, 4: {'cpu': -31}, 5: {'cpu': -56}}, 'link_level': {(0, 1): {'bw': -188}, (0, 2): {'bw': -66}, (0, 5): {'bw': -44}, (1, 5): {'bw': -157}, (2, 3): {'bw': -88}, (2, 4): {'bw': -27}, (2, 5): {'bw': -60}, (3, 5): {'bw': -19}, (4, 5): {'bw': -4}}, 'path_level': {(0, 1): {}, (0, 2): {}, (0, 5): {}, (1, 5): {}, (2, 3): {}, (2, 4): {}, (2, 5): {}, (3, 5): {}, (4, 5): {}}}","{'node_level': {0: {'cpu': 0}, 1: {'cpu': 0}, 2: {'cpu': 0}, 3: {'cpu': 0}, 4: {'cpu': 0}, 5: {'cpu': 0}}, 'link_level': {(0, 1): {'bw': 0}, (0, 2): {'bw': 0}, (0, 5): {'bw': 0}, (1, 5): {'bw': 0}, (2, 3): {'bw': 0}, (2, 4): {'bw': 0}, (2, 5): {'bw': 0}, (3, 5): {'bw': 0}, (4, 5): {'bw': 0}}, 'path_level': {(0, 1): {}, (0, 2): {}, (0, 5): {}, (1, 5): {}, (2, 3): {}, (2, 4): {}, (2, 5): {}, (3, 5): {}, (4, 5): {}}}",[],-inf,-inf,True,True,False,0,[],0,0.0,6.0,9.0
97,70,13,16349.0,38920.0,8347622.372155417,19892222.39966306,0.42006680369989724,0.41964252180775996,36,172,0,2449.5221264217234,8882,2057,6825,0.27263083451202264,0.5347013907826561,75,543.5221264217232,1906.0,4,3,False,{},{},{},{},0.0,0.0,0.0,0.0,0.0,0.0,0.0,0.0,0.0,0.0,0.0,0.0,0.0,0.0,Leave Event,0.0,"{'node_level': {}, 'link_level': {}, 'path_level': {}}","{'node_level': {}, 'link_level': {}, 'path_level': {}}","{'node_level': {}, 'link_level': {}, 'path_level': {}}",[],-inf,-inf,True,True,False,0,[],0,0.0,,
97,70,12,16349.0,38920.0,8347622.372155417,19892222.39966306,0.42006680369989724,0.41964252180775996,36,173,0,2452.465490617315,10047,2145,7902,0.24151343705799155,0.46127624761385333,5,2308.465490617315,144.0,10,14,False,{},{},{},{},0.0,0.0,0.0,0.0,0.0,0.0,0.0,0.0,0.0,0.0,0.0,0.0,0.0,0.0,Leave Event,0.0,"{'node_level': {}, 'link_level': {}, 'path_level': {}}","{'node_level': {}, 'link_level': {}, 'path_level': {}}","{'node_level': {}, 'link_level': {}, 'path_level': {}}",[],-inf,-inf,True,True,False,0,[],0,0.0,,
98,71,13,16662.0,39753.0,8358806.358316123,19921986.810116313,0.41913817825069805,0.4195769447087251,36,174,1,2456.0,9214,2100,7114,0.25742574257425743,0.514998636487592,97,35.73158517797357,2456.0,6,8,True,"{0: np.int64(2), 1: np.int64(8), 2: np.int64(28), 3: np.int64(23), 4: np.int64(33), 5: np.int64(1)}","{(0, 1): [(np.int64(2), 5), (5, 6), (6, 8)], (0, 2): [(np.int64(2), 29), (29, 30), (30, 28)], (0, 3): [(np.int64(2), 21), (21, 23)], (0, 5): [(np.int64(2), 5), (5, 6), (6, 4), (4, 1)], (2, 4): [(np.int64(28), 31), (31, 29), (29, 30), (30, 33)], (3, 4): [(np.int64(23), 20), (20, 0), (0, 28), (28, 30), (30, 33)], (3, 5): [(np.int64(23), 20), (20, 1)], (4, 5): [(np.int64(33), 30), (30, 28), (28, 1)]}","{(0, np.int64(2)): {'cpu': 8}, (1, np.int64(8)): {'cpu': 10}, (2, np.int64(28)): {'cpu': 1}, (3, np.int64(23)): {'cpu': 17}, (4, np.int64(33)): {'cpu': 4}, (5, np.int64(1)): {'cpu': 5}}","{((0, 1), (np.int64(2), 5)): {'bw': 48}, ((0, 1), (5, 6)): {'bw': 48}, ((0, 1), (6, 8)): {'bw': 48}, ((0, 2), (np.int64(2), 29)): {'bw': 42}, ((0, 2), (29, 30)): {'bw': 42}, ((0, 2), (30, 28)): {'bw': 42}, ((0, 3), (np.int64(2), 21)): {'bw': 47}, ((0, 3), (21, 23)): {'bw': 47}, ((0, 5), (np.int64(2), 5)): {'bw': 19}, ((0, 5), (5, 6)): {'bw': 19}, ((0, 5), (6, 4)): {'bw': 19}, ((0, 5), (4, 1)): {'bw': 19}, ((2, 4), (np.int64(28), 31)): {'bw': 37}, ((2, 4), (31, 29)): {'bw': 37}, ((2, 4), (29, 30)): {'bw': 37}, ((2, 4), (30, 33)): {'bw': 37}, ((3, 4), (np.int64(23), 20)): {'bw': 12}, ((3, 4), (20, 0)): {'bw': 12}, ((3, 4), (0, 28)): {'bw': 12}, ((3, 4), (28, 30)): {'bw': 12}, ((3, 4), (30, 33)): {'bw': 12}, ((3, 5), (np.int64(23), 20)): {'bw': 49}, ((3, 5), (20, 1)): {'bw': 49}, ((4, 5), (np.int64(33), 30)): {'bw': 14}, ((4, 5), (30, 28)): {'bw': 14}, ((4, 5), (28, 1)): {'bw': 14}}",833.0,313.0,90.0,45.0,268.0,45.0,268.0,45.0,788.0,520.0,0.375750300120048,29764.410453251985,11183.986160705728,13.426153854388629,Success,0.0,"{'node_level': {}, 'link_level': {}, 'path_level': {}}","{'node_level': {0: {'cpu': -4}, 1: {'cpu': -63}, 2: {'cpu': -42}, 3: {'cpu': -58}, 4: {'cpu': -87}, 5: {'cpu': -31}}, 'link_level': {(0, 1): {'bw': -122}, (0, 2): {'bw': -33}, (0, 3): {'bw': -24}, (0, 5): {'bw': -22}, (2, 4): {'bw': -4}, (3, 4): {'bw': -1}, (3, 5): {'bw': -28}, (4, 5): {'bw': -7}}, 'path_level': {(0, 1): {}, (0, 2): {}, (0, 3): {}, (0, 5): {}, (2, 4): {}, (3, 4): {}, (3, 5): {}, (4, 5): {}}}","{'node_level': {0: {'cpu': 0}, 1: {'cpu': 0}, 2: {'cpu': 0}, 3: {'cpu': 0}, 4: {'cpu': 0}, 5: {'cpu': 0}}, 'link_level': {(0, 1): {'bw': 0}, (0, 2): {'bw': 0}, (0, 3): {'bw': 0}, (0, 5): {'bw': 0}, (2, 4): {'bw': 0}, (3, 4): {'bw': 0}, (3, 5): {'bw': 0}, (4, 5): {'bw': 0}}, 'path_level': {(0, 1): {}, (0, 2): {}, (0, 3): {}, (0, 5): {}, (2, 4): {}, (3, 4): {}, (3, 5): {}, (4, 5): {}}}",[],-inf,-inf,True,True,False,0,[],0,0.0,6.0,8.0
98,71,13,16662.0,39753.0,8358806.358316123,19921986.810116313,0.41913817825069805,0.4195769447087251,36,175,0,2468.5620598022306,9214,2100,7114,0.25742574257425743,0.514998636487592,61,903.5620598022306,1565.0,10,17,False,{},{},{},{},0.0,0.0,0.0,0.0,0.0,0.0,0.0,0.0,0.0,0.0,0.0,0.0,0.0,0.0,Leave Event,0.0,"{'node_level': {}, 'link_level': {}, 'path_level': {}}","{'node_level': {}, 'link_level': {}, 'path_level': {}}","{'node_level': {}, 'link_level': {}, 'path_level': {}}",[],-inf,-inf,True,True,False,0,[],0,0.0,,
98,71,12,16662.0,39753.0,8358806.358316123,19921986.810116313,0.41913817825069805,0.4195769447087251,36,176,0,2474.505441334154,10078,2161,7917,0.2358557284299858,0.46025361330788106,28,1782.5054413341543,692.0,9,16,False,{},{},{},{},0.0,0.0,0.0,0.0,0.0,0.0,0.0,0.0,0.0,0.0,0.0,0.0,0.0,0.0,Leave Event,0.0,"{'node_level': {}, 'link_level': {}, 'path_level': {}}","{'node_level': {}, 'link_level': {}, 'path_level': {}}","{'node_level': {}, 'link_level': {}, 'path_level': {}}",[],-inf,-inf,True,True,False,0,[],0,0.0,,
99,72,13,16702.0,39793.0,8404703.53292862,19967883.98472881,0.4197220616691378,0.4209110759736201,36,177,1,2475.0,10038,2142,7896,0.24257425742574257,0.4616853013362422,98,1147.4293653124332,2475.0,2,1,True,"{0: np.int64(3), 1: np.int64(29)}","{(0, 1): [(np.int64(3), 29)]}","{(0, np.int64(3)): {'cpu': 0}, (1, np.int64(29)): {'cpu': 19}}","{((0, 1), (np.int64(3), 29)): {'bw': 21}}",40.0,40.0,38.0,19.0,21.0,19.0,21.0,19.0,21.0,0.0,1.0,45897.17461249733,45897.17461249733,1147.4293653124332,Success,0.0,"{'node_level': {}, 'link_level': {}, 'path_level': {}}","{'node_level': {0: {'cpu': -45}, 1: {'cpu': -2}}, 'link_level': {(0, 1): {'bw': -166}}, 'path_level': {(0, 1): {}}}","{'node_level': {0: {'cpu': 0}, 1: {'cpu': 0}}, 'link_level': {(0, 1): {'bw': 0}}, 'path_level': {(0, 1): {}}}",[],-inf,-inf,True,True,False,0,[],0,0.0,2.0,1.0
99,72,13,16702.0,39793.0,8404703.53292862,19967883.98472881,0.4197220616691378,0.4209110759736201,36,178,0,2480.7884406270423,10038,2142,7896,0.24257425742574257,0.4616853013362422,95,79.78844062704222,2401.0,10,18,False,{},{},{},{},0.0,0.0,0.0,0.0,0.0,0.0,0.0,0.0,0.0,0.0,0.0,0.0,0.0,0.0,Leave Event,0.0,"{'node_level': {}, 'link_level': {}, 'path_level': {}}","{'node_level': {}, 'link_level': {}, 'path_level': {}}","{'node_level': {}, 'link_level': {}, 'path_level': {}}",[],-inf,-inf,True,True,False,0,[],0,0.0,,
99,72,12,16702.0,39793.0,8404703.53292862,19967883.98472881,0.4197220616691378,0.4209110759736201,36,179,0,2491.7315851779736,10871,2187,8684,0.2266619519094767,0.4079629124625034,97,35.73158517797357,2456.0,6,8,False,{},{},{},{},0.0,0.0,0.0,0.0,0.0,0.0,0.0,0.0,0.0,0.0,0.0,0.0,0.0,0.0,Leave Event,0.0,"{'node_level': {}, 'link_level': {}, 'path_level': {}}","{'node_level': {}, 'link_level': {}, 'path_level': {}}","{'node_level': {}, 'link_level': {}, 'path_level': {}}",[],-inf,-inf,True,True,False,0,[],0,0.0,,
100,73,13,17190.0,41148.0,8779318.772238994,21008055.39715823,0.41776027996500437,0.41790249531741885,36,180,1,2500.0,9516,2105,7411,0.25565770862800563,0.49475047722934273,99,767.6541789147016,2500.0,9,20,True,"{0: np.int64(29), 1: np.int64(3), 2: np.int64(11), 3: np.int64(10), 4: np.int64(0), 5: np.int64(5), 6: np.int64(1), 7: np.int64(17), 8: np.int64(31)}","{(0, 1): [(np.int64(29), 3)], (0, 4): [(np.int64(29), 30), (30, 28), (28, 0)], (0, 6): [(np.int64(29), 30), (30, 28), (28, 1)], (0, 7): [(np.int64(29), 2), (2, 13), (13, 14), (14, 17)], (0, 8): [(np.int64(29), 31)], (1, 2): [(np.int64(3), 5), (5, 7), (7, 11)], (1, 3): [(np.int64(3), 5), (5, 7), (7, 10)], (1, 4): [(np.int64(3), 5), (5, 6), (6, 4), (4, 0)], (1, 7): [(np.int64(3), 13), (13, 14), (14, 17)], (2, 5): [(np.int64(11), 7), (7, 5)], (2, 6): [(np.int64(11), 7), (7, 4), (4, 1)], (2, 7): [(np.int64(11), 7), (7, 4), (4, 0), (0, 12), (12, 14), (14, 17)], (3, 7): [(np.int64(10), 7), (7, 4), (4, 0), (0, 12), (12, 14), (14, 17)], (3, 8): [(np.int64(10), 7), (7, 4), (4, 0), (0, 28), (28, 31)], (4, 5): [(np.int64(0), 12), (12, 1), (1, 4), (4, 7), (7, 5)], (4, 6): [(np.int64(0), 4), (4, 1)], (4, 7): [(np.int64(0), 12), (12, 14), (14, 17)], (5, 8): [(np.int64(5), 2), (2, 29), (29, 31)], (6, 8): [(np.int64(1), 28), (28, 31)], (7, 8): [(np.int64(17), 14), (14, 12), (12, 1), (1, 28), (28, 31)]}","{(0, np.int64(29)): {'cpu': 2}, (1, np.int64(3)): {'cpu': 15}, (2, np.int64(11)): {'cpu': 3}, (3, np.int64(10)): {'cpu': 5}, (4, np.int64(0)): {'cpu': 2}, (5, np.int64(5)): {'cpu': 14}, (6, np.int64(1)): {'cpu': 14}, (7, np.int64(17)): {'cpu': 8}, (8, np.int64(31)): {'cpu': 19}}","{((0, 1), (np.int64(29), 3)): {'bw': 0}, ((0, 4), (np.int64(29), 30)): {'bw': 17}, ((0, 4), (30, 28)): {'bw': 17}, ((0, 4), (28, 0)): {'bw': 17}, ((0, 6), (np.int64(29), 30)): {'bw': 40}, ((0, 6), (30, 28)): {'bw': 40}, ((0, 6), (28, 1)): {'bw': 40}, ((0, 7), (np.int64(29), 2)): {'bw': 26}, ((0, 7), (2, 13)): {'bw': 26}, ((0, 7), (13, 14)): {'bw': 26}, ((0, 7), (14, 17)): {'bw': 26}, ((0, 8), (np.int64(29), 31)): {'bw': 28}, ((1, 2), (np.int64(3), 5)): {'bw': 37}, ((1, 2), (5, 7)): {'bw': 37}, ((1, 2), (7, 11)): {'bw': 37}, ((1, 3), (np.int64(3), 5)): {'bw': 29}, ((1, 3), (5, 7)): {'bw': 29}, ((1, 3), (7, 10)): {'bw': 29}, ((1, 4), (np.int64(3), 5)): {'bw': 35}, ((1, 4), (5, 6)): {'bw': 35}, ((1, 4), (6, 4)): {'bw': 35}, ((1, 4), (4, 0)): {'bw': 35}, ((1, 7), (np.int64(3), 13)): {'bw': 39}, ((1, 7), (13, 14)): {'bw': 39}, ((1, 7), (14, 17)): {'bw': 39}, ((2, 5), (np.int64(11), 7)): {'bw': 23}, ((2, 5), (7, 5)): {'bw': 23}, ((2, 6), (np.int64(11), 7)): {'bw': 9}, ((2, 6), (7, 4)): {'bw': 9}, ((2, 6), (4, 1)): {'bw': 9}, ((2, 7), (np.int64(11), 7)): {'bw': 1}, ((2, 7), (7, 4)): {'bw': 1}, ((2, 7), (4, 0)): {'bw': 1}, ((2, 7), (0, 12)): {'bw': 1}, ((2, 7), (12, 14)): {'bw': 1}, ((2, 7), (14, 17)): {'bw': 1}, ((3, 7), (np.int64(10), 7)): {'bw': 3}, ((3, 7), (7, 4)): {'bw': 3}, ((3, 7), (4, 0)): {'bw': 3}, ((3, 7), (0, 12)): {'bw': 3}, ((3, 7), (12, 14)): {'bw': 3}, ((3, 7), (14, 17)): {'bw': 3}, ((3, 8), (np.int64(10), 7)): {'bw': 1}, ((3, 8), (7, 4)): {'bw': 1}, ((3, 8), (4, 0)): {'bw': 1}, ((3, 8), (0, 28)): {'bw': 1}, ((3, 8), (28, 31)): {'bw': 1}, ((4, 5), (np.int64(0), 12)): {'bw': 39}, ((4, 5), (12, 1)): {'bw': 39}, ((4, 5), (1, 4)): {'bw': 39}, ((4, 5), (4, 7)): {'bw': 39}, ((4, 5), (7, 5)): {'bw': 39}, ((4, 6), (np.int64(0), 4)): {'bw': 1}, ((4, 6), (4, 1)): {'bw': 1}, ((4, 7), (np.int64(0), 12)): {'bw': 9}, ((4, 7), (12, 14)): {'bw': 9}, ((4, 7), (14, 17)): {'bw': 9}, ((5, 8), (np.int64(5), 2)): {'bw': 12}, ((5, 8), (2, 29)): {'bw': 12}, ((5, 8), (29, 31)): {'bw': 12}, ((6, 8), (np.int64(1), 28)): {'bw': 44}, ((6, 8), (28, 31)): {'bw': 44}, ((7, 8), (np.int64(17), 14)): {'bw': 13}, ((7, 8), (14, 12)): {'bw': 13}, ((7, 8), (12, 1)): {'bw': 13}, ((7, 8), (1, 28)): {'bw': 13}, ((7, 8), (28, 31)): {'bw': 13}}",1355.0,488.0,164.0,82.0,406.0,82.0,406.0,82.0,1273.0,867.0,0.36014760147601477,1040171.4124294206,374615.23931037437,276.46881129916926,Success,0.0,"{'node_level': {}, 'link_level': {}, 'path_level': {}}","{'node_level': {0: {'cpu': 0}, 1: {'cpu': -30}, 2: {'cpu': -73}, 3: {'cpu': -61}, 4: {'cpu': -54}, 5: {'cpu': -42}, 6: {'cpu': -22}, 7: {'cpu': -45}, 8: {'cpu': -59}}, 'link_level': {(0, 1): {'bw': -166}, (0, 4): {'bw': -21}, (0, 6): {'bw': -18}, (0, 7): {'bw': -93}, (0, 8): {'bw': -66}, (1, 2): {'bw': -120}, (1, 3): {'bw': -135}, (1, 4): {'bw': -6}, (1, 7): {'bw': -214}, (2, 5): {'bw': -97}, (2, 6): {'bw': -88}, (2, 7): {'bw': -20}, (3, 7): {'bw': -17}, (3, 8): {'bw': -16}, (4, 5): {'bw': -12}, (4, 6): {'bw': -15}, (4, 7): {'bw': -3}, (5, 8): {'bw': -54}, (6, 8): {'bw': -56}, (7, 8): {'bw': -43}}, 'path_level': {(0, 1): {}, (0, 4): {}, (0, 6): {}, (0, 7): {}, (0, 8): {}, (1, 2): {}, (1, 3): {}, (1, 4): {}, (1, 7): {}, (2, 5): {}, (2, 6): {}, (2, 7): {}, (3, 7): {}, (3, 8): {}, (4, 5): {}, (4, 6): {}, (4, 7): {}, (5, 8): {}, (6, 8): {}, (7, 8): {}}}","{'node_level': {0: {'cpu': 0}, 1: {'cpu': 0}, 2: {'cpu': 0}, 3: {'cpu': 0}, 4: {'cpu': 0}, 5: {'cpu': 0}, 6: {'cpu': 0}, 7: {'cpu': 0}, 8: {'cpu': 0}}, 'link_level': {(0, 1): {'bw': 0}, (0, 4): {'bw': 0}, (0, 6): {'bw': 0}, (0, 7): {'bw': 0}, (0, 8): {'bw': 0}, (1, 2): {'bw': 0}, (1, 3): {'bw': 0}, (1, 4): {'bw': 0}, (1, 7): {'bw': 0}, (2, 5): {'bw': 0}, (2, 6): {'bw': 0}, (2, 7): {'bw': 0}, (3, 7): {'bw': 0}, (3, 8): {'bw': 0}, (4, 5): {'bw': 0}, (4, 6): {'bw': 0}, (4, 7): {'bw': 0}, (5, 8): {'bw': 0}, (6, 8): {'bw': 0}, (7, 8): {'bw': 0}}, 'path_level': {(0, 1): {}, (0, 4): {}, (0, 6): {}, (0, 7): {}, (0, 8): {}, (1, 2): {}, (1, 3): {}, (1, 4): {}, (1, 7): {}, (2, 5): {}, (2, 6): {}, (2, 7): {}, (3, 7): {}, (3, 8): {}, (4, 5): {}, (4, 6): {}, (4, 7): {}, (5, 8): {}, (6, 8): {}, (7, 8): {}}}",[],-inf,-inf,True,True,False,0,[],0,0.0,9.0,20.0
100,73,12,17190.0,41148.0,8779318.772238994,21008055.39715823,0.41776027996500437,0.41790249531741885,36,181,0,2501.8178264328017,9600,2123,7477,0.24929278642149932,0.4902508862830651,82,425.81782643280167,2076.0,2,1,False,{},{},{},{},0.0,0.0,0.0,0.0,0.0,0.0,0.0,0.0,0.0,0.0,0.0,0.0,0.0,0.0,Leave Event,0.0,"{'node_level': {}, 'link_level': {}, 'path_level': {}}","{'node_level': {}, 'link_level': {}, 'path_level': {}}","{'node_level': {}, 'link_level': {}, 'path_level': {}}",[],-inf,-inf,True,True,False,0,[],0,0.0,,
100,73,11,17190.0,41148.0,8779318.772238994,21008055.39715823,0.41776027996500437,0.41790249531741885,36,182,0,2503.2310746923367,10266,2209,8057,0.21888260254596892,0.4507090264521407,79,500.23107469233696,2003.0,8,12,False,{},{},{},{},0.0,0.0,0.0,0.0,0.0,0.0,0.0,0.0,0.0,0.0,0.0,0.0,0.0,0.0,Leave Event,0.0,"{'node_level': {}, 'link_level': {}, 'path_level': {}}","{'node_level': {}, 'link_level': {}, 'path_level': {}}","{'node_level': {}, 'link_level': {}, 'path_level': {}}",[],-inf,-inf,True,True,False,0,[],0,0.0,,
100,73,10,17190.0,41148.0,8779318.772238994,21008055.39715823,0.41776027996500437,0.41790249531741885,36,183,0,2521.0745996455075,10350,2227,8123,0.2125176803394625,0.4462094355058631,89,261.0745996455074,2260.0,2,1,False,{},{},{},{},0.0,0.0,0.0,0.0,0.0,0.0,0.0,0.0,0.0,0.0,0.0,0.0,0.0,0.0,Leave Event,0.0,"{'node_level': {}, 'link_level': {}, 'path_level': {}}","{'node_level': {}, 'link_level': {}, 'path_level': {}}","{'node_level': {}, 'link_level': {}, 'path_level': {}}",[],-inf,-inf,True,True,False,0,[],0,0.0,,
101,74,11,17255.0,41246.0,8779444.877314543,21008245.524810597,0.41834359695485623,0.4179047158862494,36,184,1,2527.0,10252,2214,8038,0.21711456859971712,0.4520043632397055,100,1.9400780853765673,2527.0,4,3,True,"{0: np.int64(12), 1: np.int64(21), 2: np.int64(0), 3: np.int64(14)}","{(0, 1): [(np.int64(12), 0), (0, 20), (20, 22), (22, 21)], (0, 2): [(np.int64(12), 0)], (2, 3): [(np.int64(0), 12), (12, 14)]}","{(0, np.int64(12)): {'cpu': 2}, (1, np.int64(21)): {'cpu': 7}, (2, np.int64(0)): {'cpu': 3}, (3, np.int64(14)): {'cpu': 1}}","{((0, 1), (np.int64(12), 0)): {'bw': 7}, ((0, 1), (0, 20)): {'bw': 7}, ((0, 1), (20, 22)): {'bw': 7}, ((0, 1), (22, 21)): {'bw': 7}, ((0, 2), (np.int64(12), 0)): {'bw': 33}, ((2, 3), (np.int64(0), 12)): {'bw': 12}, ((2, 3), (12, 14)): {'bw': 12}}",98.0,65.0,26.0,13.0,52.0,13.0,52.0,13.0,85.0,33.0,0.6632653061224489,190.1276523669036,126.10507554947688,1.2867864851987436,Success,0.0,"{'node_level': {}, 'link_level': {}, 'path_level': {}}","{'node_level': {0: {'cpu': -69}, 1: {'cpu': -27}, 2: {'cpu': -54}, 3: {'cpu': -93}}, 'link_level': {(0, 1): {'bw': -67}, (0, 2): {'bw': -34}, (2, 3): {'bw': -22}}, 'path_level': {(0, 1): {}, (0, 2): {}, (2, 3): {}}}","{'node_level': {0: {'cpu': 0}, 1: {'cpu': 0}, 2: {'cpu': 0}, 3: {'cpu': 0}}, 'link_level': {(0, 1): {'bw': 0}, (0, 2): {'bw': 0}, (2, 3): {'bw': 0}}, 'path_level': {(0, 1): {}, (0, 2): {}, (2, 3): {}}}",[],-inf,-inf,True,True,False,0,[],0,0.0,4.0,3.0
101,74,10,17255.0,41246.0,8779444.877314543,21008245.524810597,0.41834359695485623,0.4179047158862494,36,185,0,2528.9400780853766,10350,2227,8123,0.2125176803394625,0.4462094355058631,100,1.9400780853765673,2527.0,4,3,False,{},{},{},{},0.0,0.0,0.0,0.0,0.0,0.0,0.0,0.0,0.0,0.0,0.0,0.0,0.0,0.0,Leave Event,0.0,"{'node_level': {}, 'link_level': {}, 'path_level': {}}","{'node_level': {}, 'link_level': {}, 'path_level': {}}","{'node_level': {}, 'link_level': {}, 'path_level': {}}",[],-inf,-inf,True,True,False,0,[],0,0.0,,
101,74,9,17255.0,41246.0,8779444.877314543,21008245.524810597,0.41834359695485623,0.4179047158862494,36,186,0,2548.382585161792,10488,2282,8206,0.19306930693069302,0.440550859012817,49,1296.3825851617921,1252.0,4,4,False,{},{},{},{},0.0,0.0,0.0,0.0,0.0,0.0,0.0,0.0,0.0,0.0,0.0,0.0,0.0,0.0,Leave Event,0.0,"{'node_level': {}, 'link_level': {}, 'path_level': {}}","{'node_level': {}, 'link_level': {}, 'path_level': {}}","{'node_level': {}, 'link_level': {}, 'path_level': {}}",[],-inf,-inf,True,True,False,0,[],0,0.0,,
102,75,10,17400.0,41490.0,8976006.480627196,21339011.25728154,0.4193781634128706,0.4206383497531686,36,187,1,2554.0,10244,2240,8004,0.20792079207920788,0.45432233433324243,101,1355.5972642251866,2554.0,3,3,True,"{0: np.int64(3), 1: np.int64(28), 2: np.int64(29)}","{(0, 1): [(np.int64(3), 29), (29, 30), (30, 28)], (0, 2): [(np.int64(3), 29)], (1, 2): [(np.int64(28), 30), (30, 29)]}","{(0, np.int64(3)): {'cpu': 16}, (1, np.int64(28)): {'cpu': 19}, (2, np.int64(29)): {'cpu': 7}}","{((0, 1), (np.int64(3), 29)): {'bw': 26}, ((0, 1), (29, 30)): {'bw': 26}, ((0, 1), (30, 28)): {'bw': 26}, ((0, 2), (np.int64(3), 29)): {'bw': 30}, ((1, 2), (np.int64(28), 30)): {'bw': 47}, ((1, 2), (30, 29)): {'bw': 47}}",244.0,145.0,84.0,42.0,103.0,42.0,103.0,42.0,202.0,99.0,0.5942622950819673,330765.7324709455,196561.60331265206,805.5803414452954,Success,0.0,"{'node_level': {}, 'link_level': {}, 'path_level': {}}","{'node_level': {0: {'cpu': -14}, 1: {'cpu': -67}, 2: {'cpu': -10}}, 'link_level': {(0, 1): {'bw': -86}, (0, 2): {'bw': -110}, (1, 2): {'bw': -39}}, 'path_level': {(0, 1): {}, (0, 2): {}, (1, 2): {}}}","{'node_level': {0: {'cpu': 0}, 1: {'cpu': 0}, 2: {'cpu': 0}}, 'link_level': {(0, 1): {'bw': 0}, (0, 2): {'bw': 0}, (1, 2): {'bw': 0}}, 'path_level': {(0, 1): {}, (0, 2): {}, (1, 2): {}}}",[],-inf,-inf,True,True,False,0,[],0,0.0,3.0,3.0
102,75,9,17400.0,41490.0,8976006.480627196,21339011.25728154,0.4193781634128706,0.4206383497531686,36,188,0,2554.8711807425198,11103,2286,8817,0.19165487977369167,0.3988955549495501,73,684.8711807425198,1870.0,7,14,False,{},{},{},{},0.0,0.0,0.0,0.0,0.0,0.0,0.0,0.0,0.0,0.0,0.0,0.0,0.0,0.0,Leave Event,0.0,"{'node_level': {}, 'link_level': {}, 'path_level': {}}","{'node_level': {}, 'link_level': {}, 'path_level': {}}","{'node_level': {}, 'link_level': {}, 'path_level': {}}",[],-inf,-inf,True,True,False,0,[],0,0.0,,
103,75,9,17400.0,41490.0,8976006.480627196,21339011.25728154,0.4193781634128706,0.4206383497531686,36,189,1,2575.0,11103,2286,8817,0.19165487977369167,0.3988955549495501,102,122.8966491597611,2575.0,10,24,False,"{0: np.int64(25), 1: np.int64(9), 2: np.int64(10), 3: np.int64(8), 4: np.int64(21), 5: np.int64(31), 6: np.int64(14), 7: np.int64(7), 8: np.int64(22), 9: np.int64(32)}","{(0, 1): [(np.int64(25), 22), (22, 21), (21, 2), (2, 5), (5, 6), (6, 9)], (0, 2): [(np.int64(25), 22), (22, 20), (20, 1), (1, 4), (4, 7), (7, 10)], (0, 4): [(np.int64(25), 22), (22, 21)], (0, 5): [(np.int64(25), 22), (22, 20), (20, 0), (0, 28), (28, 31)], (0, 6): [(np.int64(25), 22), (22, 20), (20, 0), (0, 12), (12, 14)], (0, 7): [(np.int64(25), 22), (22, 20), (20, 0), (0, 4), (4, 7)], (1, 2): [(np.int64(9), 6), (6, 5), (5, 7), (7, 10)], (1, 5): [(np.int64(9), 6), (6, 5), (5, 2), (2, 29), (29, 31)], (1, 9): [(np.int64(9), 6), (6, 5), (5, 2), (2, 29), (29, 30), (30, 32)], (2, 4): [(np.int64(10), 7), (7, 5), (5, 2), (2, 21)], (2, 5): [(np.int64(10), 7), (7, 4), (4, 1), (1, 28), (28, 31)], (2, 7): [(np.int64(10), 7)], (3, 5): [(np.int64(8), 6), (6, 5), (5, 2), (2, 29), (29, 31)], (3, 7): [(np.int64(8), 6), (6, 5), (5, 7)], (3, 9): []}","{(0, np.int64(25)): {'cpu': 1}, (1, np.int64(9)): {'cpu': 3}, (2, np.int64(10)): {'cpu': 13}, (3, np.int64(8)): {'cpu': 11}, (4, np.int64(21)): {'cpu': 1}, (5, np.int64(31)): {'cpu': 9}, (6, np.int64(14)): {'cpu': 11}, (7, np.int64(7)): {'cpu': 17}, (8, np.int64(22)): {'cpu': 3}, (9, np.int64(32)): {'cpu': 13}}","{((0, 1), (np.int64(25), 22)): {'bw': 41}, ((0, 1), (22, 21)): {'bw': 41}, ((0, 1), (21, 2)): {'bw': 41}, ((0, 1), (2, 5)): {'bw': 41}, ((0, 1), (5, 6)): {'bw': 41}, ((0, 1), (6, 9)): {'bw': 41}, ((0, 2), (np.int64(25), 22)): {'bw': 22}, ((0, 2), (22, 20)): {'bw': 22}, ((0, 2), (20, 1)): {'bw': 22}, ((0, 2), (1, 4)): {'bw': 22}, ((0, 2), (4, 7)): {'bw': 22}, ((0, 2), (7, 10)): {'bw': 22}, ((0, 4), (np.int64(25), 22)): {'bw': 30}, ((0, 4), (22, 21)): {'bw': 30}, ((0, 5), (np.int64(25), 22)): {'bw': 31}, ((0, 5), (22, 20)): {'bw': 31}, ((0, 5), (20, 0)): {'bw': 31}, ((0, 5), (0, 28)): {'bw': 31}, ((0, 5), (28, 31)): {'bw': 31}, ((0, 6), (np.int64(25), 22)): {'bw': 40}, ((0, 6), (22, 20)): {'bw': 40}, ((0, 6), (20, 0)): {'bw': 40}, ((0, 6), (0, 12)): {'bw': 40}, ((0, 6), (12, 14)): {'bw': 40}, ((0, 7), (np.int64(25), 22)): {'bw': 4}, ((0, 7), (22, 20)): {'bw': 4}, ((0, 7), (20, 0)): {'bw': 4}, ((0, 7), (0, 4)): {'bw': 4}, ((0, 7), (4, 7)): {'bw': 4}, ((1, 2), (np.int64(9), 6)): {'bw': 43}, ((1, 2), (6, 5)): {'bw': 43}, ((1, 2), (5, 7)): {'bw': 43}, ((1, 2), (7, 10)): {'bw': 43}, ((1, 5), (np.int64(9), 6)): {'bw': 23}, ((1, 5), (6, 5)): {'bw': 23}, ((1, 5), (5, 2)): {'bw': 23}, ((1, 5), (2, 29)): {'bw': 23}, ((1, 5), (29, 31)): {'bw': 23}, ((1, 9), (np.int64(9), 6)): {'bw': 21}, ((1, 9), (6, 5)): {'bw': 21}, ((1, 9), (5, 2)): {'bw': 21}, ((1, 9), (2, 29)): {'bw': 21}, ((1, 9), (29, 30)): {'bw': 21}, ((1, 9), (30, 32)): {'bw': 21}, ((2, 4), (np.int64(10), 7)): {'bw': 3}, ((2, 4), (7, 5)): {'bw': 3}, ((2, 4), (5, 2)): {'bw': 3}, ((2, 4), (2, 21)): {'bw': 3}, ((2, 5), (np.int64(10), 7)): {'bw': 22}, ((2, 5), (7, 4)): {'bw': 22}, ((2, 5), (4, 1)): {'bw': 22}, ((2, 5), (1, 28)): {'bw': 22}, ((2, 5), (28, 31)): {'bw': 22}, ((2, 7), (np.int64(10), 7)): {'bw': 42}, ((3, 5), (np.int64(8), 6)): {'bw': 11}, ((3, 5), (6, 5)): {'bw': 11}, ((3, 5), (5, 2)): {'bw': 11}, ((3, 5), (2, 29)): {'bw': 11}, ((3, 5), (29, 31)): {'bw': 11}, ((3, 7), (np.int64(8), 6)): {'bw': 33}, ((3, 7), (6, 5)): {'bw': 33}, ((3, 7), (5, 7)): {'bw': 33}}",0.0,0.0,164.0,82.0,624.0,0.0,0.0,0.0,0.0,0.0,0.0,0.0,0.0,0.0,Route Failure,100.0,"{'node_level': {}, 'link_level': {}, 'path_level': {}}","{'node_level': {0: {'cpu': -76}, 1: {'cpu': -74}, 2: {'cpu': -48}, 3: {'cpu': -62}, 4: {'cpu': -34}, 5: {'cpu': -50}, 6: {'cpu': -83}, 7: {'cpu': -23}, 8: {'cpu': -85}, 9: {'cpu': -57}}, 'link_level': {(0, 1): {'bw': -112}, (0, 2): {'bw': -132}, (0, 4): {'bw': -82}, (0, 5): {'bw': -109}, (0, 6): {'bw': -34}, (0, 7): {'bw': -15}, (1, 2): {'bw': -49}, (1, 5): {'bw': -76}, (1, 9): {'bw': -55}, (2, 4): {'bw': -46}, (2, 5): {'bw': -73}, (2, 7): {'bw': -49}, (3, 5): {'bw': -44}, (3, 7): {'bw': -11}, (3, 9): {'bw': 100.0}}, 'path_level': {(0, 1): {}, (0, 2): {}, (0, 4): {}, (0, 5): {}, (0, 6): {}, (0, 7): {}, (1, 2): {}, (1, 5): {}, (1, 9): {}, (2, 4): {}, (2, 5): {}, (2, 7): {}, (3, 5): {}, (3, 7): {}, (3, 9): {}}}","{'node_level': {0: {'cpu': 0}, 1: {'cpu': 0}, 2: {'cpu': 0}, 3: {'cpu': 0}, 4: {'cpu': 0}, 5: {'cpu': 0}, 6: {'cpu': 0}, 7: {'cpu': 0}, 8: {'cpu': 0}, 9: {'cpu': 0}}, 'link_level': {(0, 1): {'bw': 0}, (0, 2): {'bw': 0}, (0, 4): {'bw': 0}, (0, 5): {'bw': 0}, (0, 6): {'bw': 0}, (0, 7): {'bw': 0}, (1, 2): {'bw': 0}, (1, 5): {'bw': 0}, (1, 9): {'bw': 0}, (2, 4): {'bw': 0}, (2, 5): {'bw': 0}, (2, 7): {'bw': 0}, (3, 5): {'bw': 0}, (3, 7): {'bw': 0}, (3, 9): {'bw': 100.0}}, 'path_level': {(0, 1): {}, (0, 2): {}, (0, 4): {}, (0, 5): {}, (0, 6): {}, (0, 7): {}, (1, 2): {}, (1, 5): {}, (1, 9): {}, (2, 4): {}, (2, 5): {}, (2, 7): {}, (3, 5): {}, (3, 7): {}, (3, 9): {}}}",[],-inf,-inf,True,False,False,0,[],0,0.0,10.0,15.0
104,76,10,17946.0,42798.0,9060027.724758398,21540292.9190464,0.4193186597504556,0.4206083807127489,36,190,1,2602.0,9795,2201,7594,0.22171145685997173,0.4822743386964822,103,153.8850625113591,2602.0,10,21,True,"{0: np.int64(21), 1: np.int64(3), 2: np.int64(14), 3: np.int64(27), 4: np.int64(6), 5: np.int64(24), 6: np.int64(23), 7: np.int64(29), 8: np.int64(20), 9: np.int64(28)}","{(0, 1): [(np.int64(21), 3)], (0, 2): [(np.int64(21), 2), (2, 13), (13, 14)], (0, 3): [(np.int64(21), 23), (23, 27)], (0, 4): [(np.int64(21), 2), (2, 5), (5, 6)], (0, 8): [(np.int64(21), 22), (22, 20)], (1, 4): [(np.int64(3), 5), (5, 6)], (1, 5): [(np.int64(3), 21), (21, 22), (22, 24)], (1, 6): [(np.int64(3), 21), (21, 23)], (1, 8): [(np.int64(3), 21), (21, 22), (22, 20)], (2, 5): [(np.int64(14), 12), (12, 0), (0, 20), (20, 22), (22, 24)], (2, 9): [(np.int64(14), 12), (12, 0), (0, 28)], (3, 5): [(np.int64(27), 23), (23, 20), (20, 22), (22, 24)], (3, 7): [(np.int64(27), 23), (23, 21), (21, 2), (2, 29)], (3, 9): [(np.int64(27), 23), (23, 20), (20, 0), (0, 28)], (4, 5): [(np.int64(6), 5), (5, 2), (2, 21), (21, 22), (22, 24)], (4, 8): [(np.int64(6), 4), (4, 0), (0, 20)], (5, 8): [(np.int64(24), 22), (22, 20)], (6, 8): [(np.int64(23), 20)], (6, 9): [(np.int64(23), 20), (20, 0), (0, 28)], (7, 8): [(np.int64(29), 2), (2, 21), (21, 22), (22, 20)], (8, 9): [(np.int64(20), 0), (0, 28)]}","{(0, np.int64(21)): {'cpu': 2}, (1, np.int64(3)): {'cpu': 14}, (2, np.int64(14)): {'cpu': 8}, (3, np.int64(27)): {'cpu': 9}, (4, np.int64(6)): {'cpu': 7}, (5, np.int64(24)): {'cpu': 11}, (6, np.int64(23)): {'cpu': 1}, (7, np.int64(29)): {'cpu': 10}, (8, np.int64(20)): {'cpu': 4}, (9, np.int64(28)): {'cpu': 19}}","{((0, 1), (np.int64(21), 3)): {'bw': 45}, ((0, 2), (np.int64(21), 2)): {'bw': 16}, ((0, 2), (2, 13)): {'bw': 16}, ((0, 2), (13, 14)): {'bw': 16}, ((0, 3), (np.int64(21), 23)): {'bw': 21}, ((0, 3), (23, 27)): {'bw': 21}, ((0, 4), (np.int64(21), 2)): {'bw': 15}, ((0, 4), (2, 5)): {'bw': 15}, ((0, 4), (5, 6)): {'bw': 15}, ((0, 8), (np.int64(21), 22)): {'bw': 31}, ((0, 8), (22, 20)): {'bw': 31}, ((1, 4), (np.int64(3), 5)): {'bw': 27}, ((1, 4), (5, 6)): {'bw': 27}, ((1, 5), (np.int64(3), 21)): {'bw': 31}, ((1, 5), (21, 22)): {'bw': 31}, ((1, 5), (22, 24)): {'bw': 31}, ((1, 6), (np.int64(3), 21)): {'bw': 19}, ((1, 6), (21, 23)): {'bw': 19}, ((1, 8), (np.int64(3), 21)): {'bw': 14}, ((1, 8), (21, 22)): {'bw': 14}, ((1, 8), (22, 20)): {'bw': 14}, ((2, 5), (np.int64(14), 12)): {'bw': 8}, ((2, 5), (12, 0)): {'bw': 8}, ((2, 5), (0, 20)): {'bw': 8}, ((2, 5), (20, 22)): {'bw': 8}, ((2, 5), (22, 24)): {'bw': 8}, ((2, 9), (np.int64(14), 12)): {'bw': 36}, ((2, 9), (12, 0)): {'bw': 36}, ((2, 9), (0, 28)): {'bw': 36}, ((3, 5), (np.int64(27), 23)): {'bw': 18}, ((3, 5), (23, 20)): {'bw': 18}, ((3, 5), (20, 22)): {'bw': 18}, ((3, 5), (22, 24)): {'bw': 18}, ((3, 7), (np.int64(27), 23)): {'bw': 24}, ((3, 7), (23, 21)): {'bw': 24}, ((3, 7), (21, 2)): {'bw': 24}, ((3, 7), (2, 29)): {'bw': 24}, ((3, 9), (np.int64(27), 23)): {'bw': 33}, ((3, 9), (23, 20)): {'bw': 33}, ((3, 9), (20, 0)): {'bw': 33}, ((3, 9), (0, 28)): {'bw': 33}, ((4, 5), (np.int64(6), 5)): {'bw': 18}, ((4, 5), (5, 2)): {'bw': 18}, ((4, 5), (2, 21)): {'bw': 18}, ((4, 5), (21, 22)): {'bw': 18}, ((4, 5), (22, 24)): {'bw': 18}, ((4, 8), (np.int64(6), 4)): {'bw': 2}, ((4, 8), (4, 0)): {'bw': 2}, ((4, 8), (0, 20)): {'bw': 2}, ((5, 8), (np.int64(24), 22)): {'bw': 35}, ((5, 8), (22, 20)): {'bw': 35}, ((6, 8), (np.int64(23), 20)): {'bw': 17}, ((6, 9), (np.int64(23), 20)): {'bw': 5}, ((6, 9), (20, 0)): {'bw': 5}, ((6, 9), (0, 28)): {'bw': 5}, ((7, 8), (np.int64(29), 2)): {'bw': 8}, ((7, 8), (2, 21)): {'bw': 8}, ((7, 8), (21, 22)): {'bw': 8}, ((7, 8), (22, 20)): {'bw': 8}, ((8, 9), (np.int64(20), 0)): {'bw': 38}, ((8, 9), (0, 28)): {'bw': 38}}",1308.0,546.0,170.0,85.0,461.0,85.0,461.0,85.0,1223.0,762.0,0.41743119266055045,201281.6617648577,84021.24413120207,64.23642517676,Success,0.0,"{'node_level': {}, 'link_level': {}, 'path_level': {}}","{'node_level': {0: {'cpu': -33}, 1: {'cpu': 0}, 2: {'cpu': -86}, 3: {'cpu': -36}, 4: {'cpu': -71}, 5: {'cpu': -36}, 6: {'cpu': -87}, 7: {'cpu': -14}, 8: {'cpu': -57}, 9: {'cpu': -61}}, 'link_level': {(0, 1): {'bw': -173}, (0, 2): {'bw': -124}, (0, 3): {'bw': -195}, (0, 4): {'bw': -135}, (0, 8): {'bw': -122}, (1, 4): {'bw': -73}, (1, 5): {'bw': -91}, (1, 6): {'bw': -123}, (1, 8): {'bw': -77}, (2, 5): {'bw': -66}, (2, 9): {'bw': -30}, (3, 5): {'bw': -153}, (3, 7): {'bw': -111}, (3, 9): {'bw': -71}, (4, 5): {'bw': -59}, (4, 8): {'bw': -7}, (5, 8): {'bw': -105}, (6, 8): {'bw': -138}, (6, 9): {'bw': -66}, (7, 8): {'bw': -51}, (8, 9): {'bw': -28}}, 'path_level': {(0, 1): {}, (0, 2): {}, (0, 3): {}, (0, 4): {}, (0, 8): {}, (1, 4): {}, (1, 5): {}, (1, 6): {}, (1, 8): {}, (2, 5): {}, (2, 9): {}, (3, 5): {}, (3, 7): {}, (3, 9): {}, (4, 5): {}, (4, 8): {}, (5, 8): {}, (6, 8): {}, (6, 9): {}, (7, 8): {}, (8, 9): {}}}","{'node_level': {0: {'cpu': 0}, 1: {'cpu': 0}, 2: {'cpu': 0}, 3: {'cpu': 0}, 4: {'cpu': 0}, 5: {'cpu': 0}, 6: {'cpu': 0}, 7: {'cpu': 0}, 8: {'cpu': 0}, 9: {'cpu': 0}}, 'link_level': {(0, 1): {'bw': 0}, (0, 2): {'bw': 0}, (0, 3): {'bw': 0}, (0, 4): {'bw': 0}, (0, 8): {'bw': 0}, (1, 4): {'bw': 0}, (1, 5): {'bw': 0}, (1, 6): {'bw': 0}, (1, 8): {'bw': 0}, (2, 5): {'bw': 0}, (2, 9): {'bw': 0}, (3, 5): {'bw': 0}, (3, 7): {'bw': 0}, (3, 9): {'bw': 0}, (4, 5): {'bw': 0}, (4, 8): {'bw': 0}, (5, 8): {'bw': 0}, (6, 8): {'bw': 0}, (6, 9): {'bw': 0}, (7, 8): {'bw': 0}, (8, 9): {'bw': 0}}, 'path_level': {(0, 1): {}, (0, 2): {}, (0, 3): {}, (0, 4): {}, (0, 8): {}, (1, 4): {}, (1, 5): {}, (1, 6): {}, (1, 8): {}, (2, 5): {}, (2, 9): {}, (3, 5): {}, (3, 7): {}, (3, 9): {}, (4, 5): {}, (4, 8): {}, (5, 8): {}, (6, 8): {}, (6, 9): {}, (7, 8): {}, (8, 9): {}}}",[],-inf,-inf,True,True,False,0,[],0,0.0,10.0,21.0
105,77,11,18060.0,42946.0,9181552.422044791,21698061.8242954,0.4205281050621711,0.4231508093393011,36,191,1,2629.0,9647,2152,7495,0.23903818953323908,0.48902372511589853,104,1066.0061165473107,2629.0,3,2,True,"{0: np.int64(5), 1: np.int64(25), 2: np.int64(22)}","{(0, 2): [(np.int64(5), 2), (2, 21), (21, 22)], (1, 2): [(np.int64(25), 22)]}","{(0, np.int64(5)): {'cpu': 18}, (1, np.int64(25)): {'cpu': 12}, (2, np.int64(22)): {'cpu': 19}}","{((0, 2), (np.int64(5), 2)): {'bw': 17}, ((0, 2), (2, 21)): {'bw': 17}, ((0, 2), (21, 22)): {'bw': 17}, ((1, 2), (np.int64(25), 22)): {'bw': 48}}",148.0,114.0,98.0,49.0,65.0,49.0,65.0,49.0,99.0,34.0,0.7702702702702703,157768.90524900198,121524.69728639342,821.1128195026583,Success,0.0,"{'node_level': {}, 'link_level': {}, 'path_level': {}}","{'node_level': {0: {'cpu': -24}, 1: {'cpu': -65}, 2: {'cpu': -69}}, 'link_level': {(0, 2): {'bw': -34}, (1, 2): {'bw': -258}}, 'path_level': {(0, 2): {}, (1, 2): {}}}","{'node_level': {0: {'cpu': 0}, 1: {'cpu': 0}, 2: {'cpu': 0}}, 'link_level': {(0, 2): {'bw': 0}, (1, 2): {'bw': 0}}, 'path_level': {(0, 2): {}, (1, 2): {}}}",[],-inf,-inf,True,True,False,0,[],0,0.0,3.0,2.0
106,78,12,18299.0,43525.0,9559696.043230258,22614150.345912073,0.4204250430786904,0.4227307193506101,36,192,1,2649.0,9068,2105,6963,0.25565770862800563,0.525293155167712,105,1582.1908836211958,2649.0,5,7,True,"{0: np.int64(7), 1: np.int64(10), 2: np.int64(31), 3: np.int64(4), 4: np.int64(12)}","{(0, 1): [(np.int64(7), 10)], (0, 2): [(np.int64(7), 4), (4, 1), (1, 28), (28, 31)], (0, 3): [(np.int64(7), 4)], (1, 2): [(np.int64(10), 7), (7, 4), (4, 1), (1, 28), (28, 31)], (1, 3): [(np.int64(10), 7), (7, 4)], (1, 4): [(np.int64(10), 7), (7, 4), (4, 0), (0, 12)], (2, 4): [(np.int64(31), 28), (28, 0), (0, 12)]}","{(0, np.int64(7)): {'cpu': 9}, (1, np.int64(10)): {'cpu': 7}, (2, np.int64(31)): {'cpu': 5}, (3, np.int64(4)): {'cpu': 7}, (4, np.int64(12)): {'cpu': 19}}","{((0, 1), (np.int64(7), 10)): {'bw': 28}, ((0, 2), (np.int64(7), 4)): {'bw': 44}, ((0, 2), (4, 1)): {'bw': 44}, ((0, 2), (1, 28)): {'bw': 44}, ((0, 2), (28, 31)): {'bw': 44}, ((0, 3), (np.int64(7), 4)): {'bw': 45}, ((1, 2), (np.int64(10), 7)): {'bw': 35}, ((1, 2), (7, 4)): {'bw': 35}, ((1, 2), (4, 1)): {'bw': 35}, ((1, 2), (1, 28)): {'bw': 35}, ((1, 2), (28, 31)): {'bw': 35}, ((1, 3), (np.int64(10), 7)): {'bw': 17}, ((1, 3), (7, 4)): {'bw': 17}, ((1, 4), (np.int64(10), 7)): {'bw': 5}, ((1, 4), (7, 4)): {'bw': 5}, ((1, 4), (4, 0)): {'bw': 5}, ((1, 4), (0, 12)): {'bw': 5}, ((2, 4), (np.int64(31), 28)): {'bw': 18}, ((2, 4), (28, 0)): {'bw': 18}, ((2, 4), (0, 12)): {'bw': 18}}",579.0,239.0,94.0,47.0,192.0,47.0,192.0,47.0,532.0,340.0,0.41278065630397237,916088.5216166724,378143.6211854658,653.0977913393192,Success,0.0,"{'node_level': {}, 'link_level': {}, 'path_level': {}}","{'node_level': {0: {'cpu': -31}, 1: {'cpu': -54}, 2: {'cpu': -54}, 3: {'cpu': -49}, 4: {'cpu': -52}}, 'link_level': {(0, 1): {'bw': -153}, (0, 2): {'bw': -51}, (0, 3): {'bw': -94}, (1, 2): {'bw': -16}, (1, 3): {'bw': -42}, (1, 4): {'bw': -12}, (2, 4): {'bw': -7}}, 'path_level': {(0, 1): {}, (0, 2): {}, (0, 3): {}, (1, 2): {}, (1, 3): {}, (1, 4): {}, (2, 4): {}}}","{'node_level': {0: {'cpu': 0}, 1: {'cpu': 0}, 2: {'cpu': 0}, 3: {'cpu': 0}, 4: {'cpu': 0}}, 'link_level': {(0, 1): {'bw': 0}, (0, 2): {'bw': 0}, (0, 3): {'bw': 0}, (1, 2): {'bw': 0}, (1, 3): {'bw': 0}, (1, 4): {'bw': 0}, (2, 4): {'bw': 0}}, 'path_level': {(0, 1): {}, (0, 2): {}, (0, 3): {}, (1, 2): {}, (1, 3): {}, (1, 4): {}, (2, 4): {}}}",[],-inf,-inf,True,True,False,0,[],0,0.0,5.0,7.0
107,79,13,18402.0,43783.0,9573899.305247365,22649727.44882871,0.4203001164835667,0.42269379739235946,36,193,1,2677.0,8810,2077,6733,0.26555869872701554,0.5409735478592855,106,137.89574773889225,2677.0,3,3,True,"{0: np.int64(17), 1: np.int64(4), 2: np.int64(20)}","{(0, 1): [(np.int64(17), 14), (14, 12), (12, 1), (1, 4)], (0, 2): [(np.int64(17), 14), (14, 12), (12, 0), (0, 20)], (1, 2): [(np.int64(4), 1), (1, 20)]}","{(0, np.int64(17)): {'cpu': 15}, (1, np.int64(4)): {'cpu': 10}, (2, np.int64(20)): {'cpu': 3}}","{((0, 1), (np.int64(17), 14)): {'bw': 34}, ((0, 1), (14, 12)): {'bw': 34}, ((0, 1), (12, 1)): {'bw': 34}, ((0, 1), (1, 4)): {'bw': 34}, ((0, 2), (np.int64(17), 14)): {'bw': 6}, ((0, 2), (14, 12)): {'bw': 6}, ((0, 2), (12, 0)): {'bw': 6}, ((0, 2), (0, 20)): {'bw': 6}, ((1, 2), (np.int64(4), 1)): {'bw': 35}, ((1, 2), (1, 20)): {'bw': 35}}",258.0,103.0,56.0,28.0,75.0,28.0,75.0,28.0,230.0,155.0,0.3992248062015504,35577.102916634205,14203.262017105902,55.05140316707714,Success,0.0,"{'node_level': {}, 'link_level': {}, 'path_level': {}}","{'node_level': {0: {'cpu': -30}, 1: {'cpu': -39}, 2: {'cpu': -54}}, 'link_level': {(0, 1): {'bw': -41}, (0, 2): {'bw': -1}, (1, 2): {'bw': -6}}, 'path_level': {(0, 1): {}, (0, 2): {}, (1, 2): {}}}","{'node_level': {0: {'cpu': 0}, 1: {'cpu': 0}, 2: {'cpu': 0}}, 'link_level': {(0, 1): {'bw': 0}, (0, 2): {'bw': 0}, (1, 2): {'bw': 0}}, 'path_level': {(0, 1): {}, (0, 2): {}, (1, 2): {}}}",[],-inf,-inf,True,True,False,0,[],0,0.0,3.0,3.0
107,79,13,18402.0,43783.0,9573899.305247365,22649727.44882871,0.4203001164835667,0.42269379739235946,36,194,0,2697.896649159761,8810,2077,6733,0.26555869872701554,0.5409735478592855,102,122.8966491597611,2575.0,10,24,False,{},{},{},{},0.0,0.0,0.0,0.0,0.0,0.0,0.0,0.0,0.0,0.0,0.0,0.0,0.0,0.0,Leave Event,0.0,"{'node_level': {}, 'link_level': {}, 'path_level': {}}","{'node_level': {}, 'link_level': {}, 'path_level': {}}","{'node_level': {}, 'link_level': {}, 'path_level': {}}",[],-inf,-inf,True,True,False,0,[],0,0.0,,
108,80,14,18665.0,44342.0,9662685.719873855,22838440.77877627,0.420932749988724,0.4230886781401196,36,195,1,2702.0,8251,2020,6231,0.2857142857142857,0.5751977092991547,107,337.5909301387496,2702.0,5,7,True,"{0: np.int64(7), 1: np.int64(2), 2: np.int64(6), 3: np.int64(23), 4: np.int64(8)}","{(0, 1): [(np.int64(7), 5), (5, 2)], (0, 2): [(np.int64(7), 5), (5, 6)], (1, 3): [(np.int64(2), 21), (21, 23)], (1, 4): [(np.int64(2), 5), (5, 6), (6, 8)], (2, 3): [(np.int64(6), 5), (5, 2), (2, 21), (21, 23)], (2, 4): [(np.int64(6), 8)], (3, 4): [(np.int64(23), 21), (21, 3), (3, 5), (5, 6), (6, 8)]}","{(0, np.int64(7)): {'cpu': 6}, (1, np.int64(2)): {'cpu': 15}, (2, np.int64(6)): {'cpu': 12}, (3, np.int64(23)): {'cpu': 6}, (4, np.int64(8)): {'cpu': 18}}","{((0, 1), (np.int64(7), 5)): {'bw': 46}, ((0, 1), (5, 2)): {'bw': 46}, ((0, 2), (np.int64(7), 5)): {'bw': 23}, ((0, 2), (5, 6)): {'bw': 23}, ((1, 3), (np.int64(2), 21)): {'bw': 38}, ((1, 3), (21, 23)): {'bw': 38}, ((1, 4), (np.int64(2), 5)): {'bw': 1}, ((1, 4), (5, 6)): {'bw': 1}, ((1, 4), (6, 8)): {'bw': 1}, ((2, 3), (np.int64(6), 5)): {'bw': 21}, ((2, 3), (5, 2)): {'bw': 21}, ((2, 3), (2, 21)): {'bw': 21}, ((2, 3), (21, 23)): {'bw': 21}, ((2, 4), (np.int64(6), 8)): {'bw': 46}, ((3, 4), (np.int64(23), 21)): {'bw': 31}, ((3, 4), (21, 3)): {'bw': 31}, ((3, 4), (3, 5)): {'bw': 31}, ((3, 4), (5, 6)): {'bw': 31}, ((3, 4), (6, 8)): {'bw': 31}}",559.0,263.0,114.0,57.0,206.0,57.0,206.0,57.0,502.0,296.0,0.47048300536672627,188713.32994756105,88786.41462649115,158.83079539622744,Success,0.0,"{'node_level': {}, 'link_level': {}, 'path_level': {}}","{'node_level': {0: {'cpu': -25}, 1: {'cpu': -30}, 2: {'cpu': -59}, 3: {'cpu': -81}, 4: {'cpu': -55}}, 'link_level': {(0, 1): {'bw': -46}, (0, 2): {'bw': -23}, (1, 3): {'bw': -30}, (1, 4): {'bw': -92}, (2, 3): {'bw': -9}, (2, 4): {'bw': -199}, (3, 4): {'bw': -42}}, 'path_level': {(0, 1): {}, (0, 2): {}, (1, 3): {}, (1, 4): {}, (2, 3): {}, (2, 4): {}, (3, 4): {}}}","{'node_level': {0: {'cpu': 0}, 1: {'cpu': 0}, 2: {'cpu': 0}, 3: {'cpu': 0}, 4: {'cpu': 0}}, 'link_level': {(0, 1): {'bw': 0}, (0, 2): {'bw': 0}, (1, 3): {'bw': 0}, (1, 4): {'bw': 0}, (2, 3): {'bw': 0}, (2, 4): {'bw': 0}, (3, 4): {'bw': 0}}, 'path_level': {(0, 1): {}, (0, 2): {}, (1, 3): {}, (1, 4): {}, (2, 3): {}, (2, 4): {}, (3, 4): {}}}",[],-inf,-inf,True,True,False,0,[],0,0.0,5.0,7.0
109,81,15,19055.0,45358.0,9925845.759012306,23524006.41919849,0.4201022972794215,0.4219453770813288,36,196,1,2728.0,7235,1967,5268,0.3044554455445545,0.6408508317425688,108,674.7693311242354,2728.0,8,13,True,"{0: np.int64(23), 1: np.int64(19), 2: np.int64(25), 3: np.int64(27), 4: np.int64(21), 5: np.int64(35), 6: np.int64(1), 7: np.int64(26)}","{(0, 2): [(np.int64(23), 20), (20, 22), (22, 25)], (0, 3): [(np.int64(23), 27)], (0, 4): [(np.int64(23), 21)], (0, 6): [(np.int64(23), 20), (20, 1)], (1, 5): [(np.int64(19), 15), (15, 13), (13, 2), (2, 29), (29, 31), (31, 35)], (1, 6): [(np.int64(19), 15), (15, 12), (12, 1)], (2, 4): [(np.int64(25), 22), (22, 21)], (2, 5): [(np.int64(25), 22), (22, 20), (20, 1), (1, 28), (28, 31), (31, 35)], (2, 6): [(np.int64(25), 22), (22, 20), (20, 1)], (3, 4): [(np.int64(27), 23), (23, 21)], (3, 7): [(np.int64(27), 23), (23, 26)], (4, 7): [(np.int64(21), 23), (23, 26)], (5, 6): [(np.int64(35), 31), (31, 29), (29, 2), (2, 13), (13, 14), (14, 12), (12, 1)]}","{(0, np.int64(23)): {'cpu': 2}, (1, np.int64(19)): {'cpu': 8}, (2, np.int64(25)): {'cpu': 11}, (3, np.int64(27)): {'cpu': 10}, (4, np.int64(21)): {'cpu': 5}, (5, np.int64(35)): {'cpu': 1}, (6, np.int64(1)): {'cpu': 14}, (7, np.int64(26)): {'cpu': 2}}","{((0, 2), (np.int64(23), 20)): {'bw': 19}, ((0, 2), (20, 22)): {'bw': 19}, ((0, 2), (22, 25)): {'bw': 19}, ((0, 3), (np.int64(23), 27)): {'bw': 1}, ((0, 4), (np.int64(23), 21)): {'bw': 44}, ((0, 6), (np.int64(23), 20)): {'bw': 38}, ((0, 6), (20, 1)): {'bw': 38}, ((1, 5), (np.int64(19), 15)): {'bw': 30}, ((1, 5), (15, 13)): {'bw': 30}, ((1, 5), (13, 2)): {'bw': 30}, ((1, 5), (2, 29)): {'bw': 30}, ((1, 5), (29, 31)): {'bw': 30}, ((1, 5), (31, 35)): {'bw': 30}, ((1, 6), (np.int64(19), 15)): {'bw': 33}, ((1, 6), (15, 12)): {'bw': 33}, ((1, 6), (12, 1)): {'bw': 33}, ((2, 4), (np.int64(25), 22)): {'bw': 12}, ((2, 4), (22, 21)): {'bw': 12}, ((2, 5), (np.int64(25), 22)): {'bw': 11}, ((2, 5), (22, 20)): {'bw': 11}, ((2, 5), (20, 1)): {'bw': 11}, ((2, 5), (1, 28)): {'bw': 11}, ((2, 5), (28, 31)): {'bw': 11}, ((2, 5), (31, 35)): {'bw': 11}, ((2, 6), (np.int64(25), 22)): {'bw': 18}, ((2, 6), (22, 20)): {'bw': 18}, ((2, 6), (20, 1)): {'bw': 18}, ((3, 4), (np.int64(27), 23)): {'bw': 50}, ((3, 4), (23, 21)): {'bw': 50}, ((3, 7), (np.int64(27), 23)): {'bw': 48}, ((3, 7), (23, 26)): {'bw': 48}, ((4, 7), (np.int64(21), 23)): {'bw': 13}, ((4, 7), (23, 26)): {'bw': 13}, ((5, 6), (np.int64(35), 31)): {'bw': 20}, ((5, 6), (31, 29)): {'bw': 20}, ((5, 6), (29, 2)): {'bw': 20}, ((5, 6), (2, 13)): {'bw': 20}, ((5, 6), (13, 14)): {'bw': 20}, ((5, 6), (14, 12)): {'bw': 20}, ((5, 6), (12, 1)): {'bw': 20}}",1016.0,390.0,106.0,53.0,337.0,53.0,337.0,53.0,963.0,626.0,0.3838582677165354,685565.6404222231,263160.0391384518,259.01578655359424,Success,0.0,"{'node_level': {}, 'link_level': {}, 'path_level': {}}","{'node_level': {0: {'cpu': -79}, 1: {'cpu': -63}, 2: {'cpu': -54}, 3: {'cpu': -26}, 4: {'cpu': -28}, 5: {'cpu': -69}, 6: {'cpu': -21}, 7: {'cpu': -61}}, 'link_level': {(0, 2): {'bw': -91}, (0, 3): {'bw': -119}, (0, 4): {'bw': -65}, (0, 6): {'bw': -76}, (1, 5): {'bw': -72}, (1, 6): {'bw': -128}, (2, 4): {'bw': -22}, (2, 5): {'bw': -5}, (2, 6): {'bw': -62}, (3, 4): {'bw': -15}, (3, 7): {'bw': -21}, (4, 7): {'bw': -2}, (5, 6): {'bw': -52}}, 'path_level': {(0, 2): {}, (0, 3): {}, (0, 4): {}, (0, 6): {}, (1, 5): {}, (1, 6): {}, (2, 4): {}, (2, 5): {}, (2, 6): {}, (3, 4): {}, (3, 7): {}, (4, 7): {}, (5, 6): {}}}","{'node_level': {0: {'cpu': 0}, 1: {'cpu': 0}, 2: {'cpu': 0}, 3: {'cpu': 0}, 4: {'cpu': 0}, 5: {'cpu': 0}, 6: {'cpu': 0}, 7: {'cpu': 0}}, 'link_level': {(0, 2): {'bw': 0}, (0, 3): {'bw': 0}, (0, 4): {'bw': 0}, (0, 6): {'bw': 0}, (1, 5): {'bw': 0}, (1, 6): {'bw': 0}, (2, 4): {'bw': 0}, (2, 5): {'bw': 0}, (2, 6): {'bw': 0}, (3, 4): {'bw': 0}, (3, 7): {'bw': 0}, (4, 7): {'bw': 0}, (5, 6): {'bw': 0}}, 'path_level': {(0, 2): {}, (0, 3): {}, (0, 4): {}, (0, 6): {}, (1, 5): {}, (1, 6): {}, (2, 4): {}, (2, 5): {}, (2, 6): {}, (3, 4): {}, (3, 7): {}, (4, 7): {}, (5, 6): {}}}",[],-inf,-inf,True,True,False,0,[],0,0.0,8.0,13.0
110,81,15,19055.0,45358.0,9925845.759012306,23524006.41919849,0.4201022972794215,0.4219453770813288,36,197,1,2749.0,7235,1967,5268,0.3044554455445545,0.6408508317425688,109,351.59916874238695,2749.0,9,22,False,"{0: np.int64(27), 1: np.int64(17), 2: np.int64(9), 3: np.int64(10), 4: np.int64(33), 5: np.int64(34), 6: np.int64(13), 7: np.int64(21), 8: np.int64(19)}","{(0, 1): [(np.int64(27), 23), (23, 20), (20, 1), (1, 12), (12, 14), (14, 17)], (0, 2): [(np.int64(27), 23), (23, 20), (20, 0), (0, 4), (4, 6), (6, 9)], (0, 3): []}","{(0, np.int64(27)): {'cpu': 11}, (1, np.int64(17)): {'cpu': 7}, (2, np.int64(9)): {'cpu': 10}, (3, np.int64(10)): {'cpu': 14}, (4, np.int64(33)): {'cpu': 12}, (5, np.int64(34)): {'cpu': 12}, (6, np.int64(13)): {'cpu': 0}, (7, np.int64(21)): {'cpu': 14}, (8, np.int64(19)): {'cpu': 16}}","{((0, 1), (np.int64(27), 23)): {'bw': 4}, ((0, 1), (23, 20)): {'bw': 4}, ((0, 1), (20, 1)): {'bw': 4}, ((0, 1), (1, 12)): {'bw': 4}, ((0, 1), (12, 14)): {'bw': 4}, ((0, 1), (14, 17)): {'bw': 4}, ((0, 2), (np.int64(27), 23)): {'bw': 3}, ((0, 2), (23, 20)): {'bw': 3}, ((0, 2), (20, 0)): {'bw': 3}, ((0, 2), (0, 4)): {'bw': 3}, ((0, 2), (4, 6)): {'bw': 3}, ((0, 2), (6, 9)): {'bw': 3}}",0.0,0.0,192.0,96.0,467.0,0.0,0.0,0.0,0.0,0.0,0.0,0.0,0.0,0.0,Route Failure,100.0,"{'node_level': {}, 'link_level': {}, 'path_level': {}}","{'node_level': {0: {'cpu': -15}, 1: {'cpu': -23}, 2: {'cpu': -67}, 3: {'cpu': -40}, 4: {'cpu': -79}, 5: {'cpu': -83}, 6: {'cpu': -91}, 7: {'cpu': -14}, 8: {'cpu': -47}}, 'link_level': {(0, 1): {'bw': -17}, (0, 2): {'bw': -4}, (0, 3): {'bw': 100.0}}, 'path_level': {(0, 1): {}, (0, 2): {}, (0, 3): {}}}","{'node_level': {0: {'cpu': 0}, 1: {'cpu': 0}, 2: {'cpu': 0}, 3: {'cpu': 0}, 4: {'cpu': 0}, 5: {'cpu': 0}, 6: {'cpu': 0}, 7: {'cpu': 0}, 8: {'cpu': 0}}, 'link_level': {(0, 1): {'bw': 0}, (0, 2): {'bw': 0}, (0, 3): {'bw': 100.0}}, 'path_level': {(0, 1): {}, (0, 2): {}, (0, 3): {}}}",[],-inf,-inf,True,False,False,0,[],0,0.0,9.0,3.0
110,81,14,19055.0,45358.0,9925845.759012306,23524006.41919849,0.4201022972794215,0.4219453770813288,36,198,0,2755.885062511359,8543,2052,6491,0.27439886845827444,0.5574720479956368,103,153.8850625113591,2602.0,10,21,False,{},{},{},{},0.0,0.0,0.0,0.0,0.0,0.0,0.0,0.0,0.0,0.0,0.0,0.0,0.0,0.0,Leave Event,0.0,"{'node_level': {}, 'link_level': {}, 'path_level': {}}","{'node_level': {}, 'link_level': {}, 'path_level': {}}","{'node_level': {}, 'link_level': {}, 'path_level': {}}",[],-inf,-inf,True,True,False,0,[],0,0.0,,
110,81,14,19055.0,45358.0,9925845.759012306,23524006.41919849,0.4201022972794215,0.4219453770813288,36,199,0,2775.7934563751933,8543,2052,6491,0.27439886845827444,0.5574720479956368,92,453.7934563751934,2322.0,7,12,False,{},{},{},{},0.0,0.0,0.0,0.0,0.0,0.0,0.0,0.0,0.0,0.0,0.0,0.0,0.0,0.0,Leave Event,0.0,"{'node_level': {}, 'link_level': {}, 'path_level': {}}","{'node_level': {}, 'link_level': {}, 'path_level': {}}","{'node_level': {}, 'link_level': {}, 'path_level': {}}",[],-inf,-inf,True,True,False,0,[],0,0.0,,
111,82,15,19362.0,45963.0,9931006.165374205,23534175.949651092,0.42125187650936624,0.4219823199512298,36,200,1,2777.0,7938,1980,5958,0.2998585572842999,0.5938096536678483,110,16.809141243971325,2777.0,6,8,True,"{0: np.int64(30), 1: np.int64(20), 2: np.int64(5), 3: np.int64(3), 4: np.int64(29), 5: np.int64(2)}","{(0, 2): [(np.int64(30), 29), (29, 2), (2, 5)], (0, 3): [(np.int64(30), 29), (29, 3)], (0, 5): [(np.int64(30), 29), (29, 2)], (1, 2): [(np.int64(20), 22), (22, 21), (21, 2), (2, 5)], (1, 3): [(np.int64(20), 22), (22, 21), (21, 3)], (3, 4): [(np.int64(3), 29)], (3, 5): [(np.int64(3), 5), (5, 2)], (4, 5): [(np.int64(29), 2)]}","{(0, np.int64(30)): {'cpu': 1}, (1, np.int64(20)): {'cpu': 20}, (2, np.int64(5)): {'cpu': 16}, (3, np.int64(3)): {'cpu': 14}, (4, np.int64(29)): {'cpu': 18}, (5, np.int64(2)): {'cpu': 3}}","{((0, 2), (np.int64(30), 29)): {'bw': 18}, ((0, 2), (29, 2)): {'bw': 18}, ((0, 2), (2, 5)): {'bw': 18}, ((0, 3), (np.int64(30), 29)): {'bw': 41}, ((0, 3), (29, 3)): {'bw': 41}, ((0, 5), (np.int64(30), 29)): {'bw': 35}, ((0, 5), (29, 2)): {'bw': 35}, ((1, 2), (np.int64(20), 22)): {'bw': 31}, ((1, 2), (22, 21)): {'bw': 31}, ((1, 2), (21, 2)): {'bw': 31}, ((1, 2), (2, 5)): {'bw': 31}, ((1, 3), (np.int64(20), 22)): {'bw': 26}, ((1, 3), (22, 21)): {'bw': 26}, ((1, 3), (21, 3)): {'bw': 26}, ((3, 4), (np.int64(3), 29)): {'bw': 24}, ((3, 5), (np.int64(3), 5)): {'bw': 41}, ((3, 5), (5, 2)): {'bw': 41}, ((4, 5), (np.int64(29), 2)): {'bw': 19}}",605.0,307.0,144.0,72.0,235.0,72.0,235.0,72.0,533.0,298.0,0.5074380165289256,10169.530452602652,5160.406361899197,8.529597292395367,Success,0.0,"{'node_level': {}, 'link_level': {}, 'path_level': {}}","{'node_level': {0: {'cpu': -57}, 1: {'cpu': -38}, 2: {'cpu': -8}, 3: {'cpu': 0}, 4: {'cpu': -6}, 5: {'cpu': -27}}, 'link_level': {(0, 2): {'bw': -86}, (0, 3): {'bw': -47}, (0, 5): {'bw': -12}, (1, 2): {'bw': -55}, (1, 3): {'bw': -67}, (3, 4): {'bw': -45}, (3, 5): {'bw': -14}, (4, 5): {'bw': -84}}, 'path_level': {(0, 2): {}, (0, 3): {}, (0, 5): {}, (1, 2): {}, (1, 3): {}, (3, 4): {}, (3, 5): {}, (4, 5): {}}}","{'node_level': {0: {'cpu': 0}, 1: {'cpu': 0}, 2: {'cpu': 0}, 3: {'cpu': 0}, 4: {'cpu': 0}, 5: {'cpu': 0}}, 'link_level': {(0, 2): {'bw': 0}, (0, 3): {'bw': 0}, (0, 5): {'bw': 0}, (1, 2): {'bw': 0}, (1, 3): {'bw': 0}, (3, 4): {'bw': 0}, (3, 5): {'bw': 0}, (4, 5): {'bw': 0}}, 'path_level': {(0, 2): {}, (0, 3): {}, (0, 5): {}, (1, 2): {}, (1, 3): {}, (3, 4): {}, (3, 5): {}, (4, 5): {}}}",[],-inf,-inf,True,True,False,0,[],0,0.0,6.0,8.0
111,82,14,19362.0,45963.0,9931006.165374205,23534175.949651092,0.42125187650936624,0.4219823199512298,36,201,0,2790.9072729582685,9051,2072,6979,0.26732673267326734,0.5242023452413417,69,1017.9072729582688,1773.0,10,17,False,{},{},{},{},0.0,0.0,0.0,0.0,0.0,0.0,0.0,0.0,0.0,0.0,0.0,0.0,0.0,0.0,Leave Event,0.0,"{'node_level': {}, 'link_level': {}, 'path_level': {}}","{'node_level': {}, 'link_level': {}, 'path_level': {}}","{'node_level': {}, 'link_level': {}, 'path_level': {}}",[],-inf,-inf,True,True,False,0,[],0,0.0,,
111,82,13,19362.0,45963.0,9931006.165374205,23534175.949651092,0.42125187650936624,0.4219823199512298,36,202,0,2793.809141243971,9656,2144,7512,0.2418670438472419,0.4878647395691301,110,16.809141243971325,2777.0,6,8,False,{},{},{},{},0.0,0.0,0.0,0.0,0.0,0.0,0.0,0.0,0.0,0.0,0.0,0.0,0.0,0.0,Leave Event,0.0,"{'node_level': {}, 'link_level': {}, 'path_level': {}}","{'node_level': {}, 'link_level': {}, 'path_level': {}}","{'node_level': {}, 'link_level': {}, 'path_level': {}}",[],-inf,-inf,True,True,False,0,[],0,0.0,,
112,83,14,19400.0,46035.0,9935411.988475237,23542523.825000416,0.42141848593461495,0.422019833656261,36,203,1,2812.0,9584,2123,7461,0.24929278642149932,0.49134169620943546,111,115.94271318504339,2812.0,2,1,True,"{0: np.int64(4), 1: np.int64(31)}","{(0, 1): [(np.int64(4), 0), (0, 28), (28, 31)]}","{(0, np.int64(4)): {'cpu': 9}, (1, np.int64(31)): {'cpu': 12}}","{((0, 1), (np.int64(4), 0)): {'bw': 17}, ((0, 1), (0, 28)): {'bw': 17}, ((0, 1), (28, 31)): {'bw': 17}}",72.0,38.0,42.0,21.0,17.0,21.0,17.0,21.0,51.0,34.0,0.5277777777777778,8347.875349323123,4405.823101031649,61.19198751432845,Success,0.0,"{'node_level': {}, 'link_level': {}, 'path_level': {}}","{'node_level': {0: {'cpu': -30}, 1: {'cpu': -42}}, 'link_level': {(0, 1): {'bw': -51}}, 'path_level': {(0, 1): {}}}","{'node_level': {0: {'cpu': 0}, 1: {'cpu': 0}}, 'link_level': {(0, 1): {'bw': 0}}, 'path_level': {(0, 1): {}}}",[],-inf,-inf,True,True,False,0,[],0,0.0,2.0,1.0
112,83,13,19400.0,46035.0,9935411.988475237,23542523.825000416,0.42141848593461495,0.422019833656261,36,204,0,2814.895747738892,9842,2151,7691,0.23939179632248941,0.47566130351786207,106,137.89574773889225,2677.0,3,3,False,{},{},{},{},0.0,0.0,0.0,0.0,0.0,0.0,0.0,0.0,0.0,0.0,0.0,0.0,0.0,0.0,Leave Event,0.0,"{'node_level': {}, 'link_level': {}, 'path_level': {}}","{'node_level': {}, 'link_level': {}, 'path_level': {}}","{'node_level': {}, 'link_level': {}, 'path_level': {}}",[],-inf,-inf,True,True,False,0,[],0,0.0,,
113,83,13,19400.0,46035.0,9935411.988475237,23542523.825000416,0.42141848593461495,0.422019833656261,36,205,1,2827.0,9842,2151,7691,0.23939179632248941,0.47566130351786207,112,919.5963277737009,2827.0,9,19,False,"{0: np.int64(18), 1: np.int64(26), 2: np.int64(4), 3: np.int64(21), 4: np.int64(13), 5: np.int64(7), 6: np.int64(23), 7: np.int64(11), 8: np.int64(33)}","{(0, 2): [(np.int64(18), 15), (15, 12), (12, 0), (0, 4)], (0, 5): [(np.int64(18), 15), (15, 12), (12, 0), (0, 4), (4, 7)], (0, 6): [(np.int64(18), 15), (15, 12), (12, 0), (0, 20), (20, 23)], (0, 7): [(np.int64(18), 15), (15, 12), (12, 0), (0, 4), (4, 7), (7, 11)], (1, 3): [(np.int64(26), 23), (23, 21)], (1, 5): [(np.int64(26), 23), (23, 20), (20, 0), (0, 4), (4, 7)], (1, 7): [(np.int64(26), 23), (23, 20), (20, 1), (1, 4), (4, 7), (7, 11)], (1, 8): [(np.int64(26), 23), (23, 20), (20, 0), (0, 28), (28, 30), (30, 33)], (2, 5): [(np.int64(4), 1), (1, 12), (12, 14), (14, 13), (13, 2), (2, 5), (5, 7)], (2, 7): [(np.int64(4), 7), (7, 11)], (3, 4): [(np.int64(21), 2), (2, 13)], (3, 6): [(np.int64(21), 23)], (3, 8): [(np.int64(21), 2), (2, 29), (29, 30), (30, 33)], (4, 5): [(np.int64(13), 2), (2, 5), (5, 7)], (4, 8): [(np.int64(13), 3), (3, 29), (29, 30), (30, 33)], (5, 6): []}","{(0, np.int64(18)): {'cpu': 13}, (1, np.int64(26)): {'cpu': 17}, (2, np.int64(4)): {'cpu': 20}, (3, np.int64(21)): {'cpu': 11}, (4, np.int64(13)): {'cpu': 19}, (5, np.int64(7)): {'cpu': 16}, (6, np.int64(23)): {'cpu': 2}, (7, np.int64(11)): {'cpu': 0}, (8, np.int64(33)): {'cpu': 2}}","{((0, 2), (np.int64(18), 15)): {'bw': 16}, ((0, 2), (15, 12)): {'bw': 16}, ((0, 2), (12, 0)): {'bw': 16}, ((0, 2), (0, 4)): {'bw': 16}, ((0, 5), (np.int64(18), 15)): {'bw': 36}, ((0, 5), (15, 12)): {'bw': 36}, ((0, 5), (12, 0)): {'bw': 36}, ((0, 5), (0, 4)): {'bw': 36}, ((0, 5), (4, 7)): {'bw': 36}, ((0, 6), (np.int64(18), 15)): {'bw': 10}, ((0, 6), (15, 12)): {'bw': 10}, ((0, 6), (12, 0)): {'bw': 10}, ((0, 6), (0, 20)): {'bw': 10}, ((0, 6), (20, 23)): {'bw': 10}, ((0, 7), (np.int64(18), 15)): {'bw': 15}, ((0, 7), (15, 12)): {'bw': 15}, ((0, 7), (12, 0)): {'bw': 15}, ((0, 7), (0, 4)): {'bw': 15}, ((0, 7), (4, 7)): {'bw': 15}, ((0, 7), (7, 11)): {'bw': 15}, ((1, 3), (np.int64(26), 23)): {'bw': 26}, ((1, 3), (23, 21)): {'bw': 26}, ((1, 5), (np.int64(26), 23)): {'bw': 12}, ((1, 5), (23, 20)): {'bw': 12}, ((1, 5), (20, 0)): {'bw': 12}, ((1, 5), (0, 4)): {'bw': 12}, ((1, 5), (4, 7)): {'bw': 12}, ((1, 7), (np.int64(26), 23)): {'bw': 22}, ((1, 7), (23, 20)): {'bw': 22}, ((1, 7), (20, 1)): {'bw': 22}, ((1, 7), (1, 4)): {'bw': 22}, ((1, 7), (4, 7)): {'bw': 22}, ((1, 7), (7, 11)): {'bw': 22}, ((1, 8), (np.int64(26), 23)): {'bw': 30}, ((1, 8), (23, 20)): {'bw': 30}, ((1, 8), (20, 0)): {'bw': 30}, ((1, 8), (0, 28)): {'bw': 30}, ((1, 8), (28, 30)): {'bw': 30}, ((1, 8), (30, 33)): {'bw': 30}, ((2, 5), (np.int64(4), 1)): {'bw': 46}, ((2, 5), (1, 12)): {'bw': 46}, ((2, 5), (12, 14)): {'bw': 46}, ((2, 5), (14, 13)): {'bw': 46}, ((2, 5), (13, 2)): {'bw': 46}, ((2, 5), (2, 5)): {'bw': 46}, ((2, 5), (5, 7)): {'bw': 46}, ((2, 7), (np.int64(4), 7)): {'bw': 12}, ((2, 7), (7, 11)): {'bw': 12}, ((3, 4), (np.int64(21), 2)): {'bw': 3}, ((3, 4), (2, 13)): {'bw': 3}, ((3, 6), (np.int64(21), 23)): {'bw': 40}, ((3, 8), (np.int64(21), 2)): {'bw': 10}, ((3, 8), (2, 29)): {'bw': 10}, ((3, 8), (29, 30)): {'bw': 10}, ((3, 8), (30, 33)): {'bw': 10}, ((4, 5), (np.int64(13), 2)): {'bw': 10}, ((4, 5), (2, 5)): {'bw': 10}, ((4, 5), (5, 7)): {'bw': 10}, ((4, 8), (np.int64(13), 3)): {'bw': 42}, ((4, 8), (3, 29)): {'bw': 42}, ((4, 8), (29, 30)): {'bw': 42}, ((4, 8), (30, 33)): {'bw': 42}}",0.0,0.0,200.0,100.0,479.0,0.0,0.0,0.0,0.0,0.0,0.0,0.0,0.0,0.0,Route Failure,100.0,"{'node_level': {}, 'link_level': {}, 'path_level': {}}","{'node_level': {0: {'cpu': -37}, 1: {'cpu': -52}, 2: {'cpu': -20}, 3: {'cpu': -19}, 4: {'cpu': -72}, 5: {'cpu': -16}, 6: {'cpu': -78}, 7: {'cpu': -73}, 8: {'cpu': -89}}, 'link_level': {(0, 2): {'bw': -78}, (0, 5): {'bw': -42}, (0, 6): {'bw': -49}, (0, 7): {'bw': -27}, (1, 3): {'bw': -92}, (1, 5): {'bw': -15}, (1, 7): {'bw': -31}, (1, 8): {'bw': -70}, (2, 5): {'bw': -17}, (2, 7): {'bw': -19}, (3, 4): {'bw': -41}, (3, 6): {'bw': -52}, (3, 8): {'bw': -96}, (4, 5): {'bw': -28}, (4, 8): {'bw': -54}, (5, 6): {'bw': 100.0}}, 'path_level': {(0, 2): {}, (0, 5): {}, (0, 6): {}, (0, 7): {}, (1, 3): {}, (1, 5): {}, (1, 7): {}, (1, 8): {}, (2, 5): {}, (2, 7): {}, (3, 4): {}, (3, 6): {}, (3, 8): {}, (4, 5): {}, (4, 8): {}, (5, 6): {}}}","{'node_level': {0: {'cpu': 0}, 1: {'cpu': 0}, 2: {'cpu': 0}, 3: {'cpu': 0}, 4: {'cpu': 0}, 5: {'cpu': 0}, 6: {'cpu': 0}, 7: {'cpu': 0}, 8: {'cpu': 0}}, 'link_level': {(0, 2): {'bw': 0}, (0, 5): {'bw': 0}, (0, 6): {'bw': 0}, (0, 7): {'bw': 0}, (1, 3): {'bw': 0}, (1, 5): {'bw': 0}, (1, 7): {'bw': 0}, (1, 8): {'bw': 0}, (2, 5): {'bw': 0}, (2, 7): {'bw': 0}, (3, 4): {'bw': 0}, (3, 6): {'bw': 0}, (3, 8): {'bw': 0}, (4, 5): {'bw': 0}, (4, 8): {'bw': 0}, (5, 6): {'bw': 100.0}}, 'path_level': {(0, 2): {}, (0, 5): {}, (0, 6): {}, (0, 7): {}, (1, 3): {}, (1, 5): {}, (1, 7): {}, (1, 8): {}, (2, 5): {}, (2, 7): {}, (3, 4): {}, (3, 6): {}, (3, 8): {}, (4, 5): {}, (4, 8): {}, (5, 6): {}}}",[],-inf,-inf,True,False,False,0,[],0,0.0,9.0,16.0
113,83,12,19400.0,46035.0,9935411.988475237,23542523.825000416,0.42141848593461495,0.422019833656261,36,206,0,2829.923148034806,10587,2230,8357,0.21145685997171149,0.430256340332697,19,2336.923148034806,493.0,7,12,False,{},{},{},{},0.0,0.0,0.0,0.0,0.0,0.0,0.0,0.0,0.0,0.0,0.0,0.0,0.0,0.0,Leave Event,0.0,"{'node_level': {}, 'link_level': {}, 'path_level': {}}","{'node_level': {}, 'link_level': {}, 'path_level': {}}","{'node_level': {}, 'link_level': {}, 'path_level': {}}",[],-inf,-inf,True,True,False,0,[],0,0.0,,
114,84,13,19616.0,46470.0,10137594.04371538,23949696.019581262,0.42212179901011404,0.42328696094626367,36,207,1,2846.0,10152,2178,7974,0.22984441301272984,0.45636760294518686,113,936.0280335191845,2846.0,5,7,True,"{0: np.int64(30), 1: np.int64(24), 2: np.int64(0), 3: np.int64(29), 4: np.int64(4)}","{(0, 1): [(np.int64(30), 28), (28, 0), (0, 20), (20, 22), (22, 24)], (0, 2): [(np.int64(30), 28), (28, 0)], (0, 3): [(np.int64(30), 29)], (1, 2): [(np.int64(24), 22), (22, 20), (20, 0)], (1, 4): [(np.int64(24), 22), (22, 20), (20, 0), (0, 4)], (2, 3): [(np.int64(0), 28), (28, 30), (30, 29)], (2, 4): [(np.int64(0), 4)]}","{(0, np.int64(30)): {'cpu': 14}, (1, np.int64(24)): {'cpu': 9}, (2, np.int64(0)): {'cpu': 14}, (3, np.int64(29)): {'cpu': 5}, (4, np.int64(4)): {'cpu': 10}}","{((0, 1), (np.int64(30), 28)): {'bw': 3}, ((0, 1), (28, 0)): {'bw': 3}, ((0, 1), (0, 20)): {'bw': 3}, ((0, 1), (20, 22)): {'bw': 3}, ((0, 1), (22, 24)): {'bw': 3}, ((0, 2), (np.int64(30), 28)): {'bw': 23}, ((0, 2), (28, 0)): {'bw': 23}, ((0, 3), (np.int64(30), 29)): {'bw': 38}, ((1, 2), (np.int64(24), 22)): {'bw': 5}, ((1, 2), (22, 20)): {'bw': 5}, ((1, 2), (20, 0)): {'bw': 5}, ((1, 4), (np.int64(24), 22)): {'bw': 40}, ((1, 4), (22, 20)): {'bw': 40}, ((1, 4), (20, 0)): {'bw': 40}, ((1, 4), (0, 4)): {'bw': 40}, ((2, 3), (np.int64(0), 28)): {'bw': 27}, ((2, 3), (28, 30)): {'bw': 27}, ((2, 3), (30, 29)): {'bw': 27}, ((2, 4), (np.int64(0), 4)): {'bw': 28}}",435.0,216.0,104.0,52.0,164.0,52.0,164.0,52.0,383.0,219.0,0.496551724137931,407172.19458084524,202182.05524014385,464.78633388538816,Success,0.0,"{'node_level': {}, 'link_level': {}, 'path_level': {}}","{'node_level': {0: {'cpu': -44}, 1: {'cpu': -38}, 2: {'cpu': -61}, 3: {'cpu': -19}, 4: {'cpu': -30}}, 'link_level': {(0, 1): {'bw': -97}, (0, 2): {'bw': -74}, (0, 3): {'bw': -68}, (1, 2): {'bw': -207}, (1, 4): {'bw': -61}, (2, 3): {'bw': -41}, (2, 4): {'bw': -33}}, 'path_level': {(0, 1): {}, (0, 2): {}, (0, 3): {}, (1, 2): {}, (1, 4): {}, (2, 3): {}, (2, 4): {}}}","{'node_level': {0: {'cpu': 0}, 1: {'cpu': 0}, 2: {'cpu': 0}, 3: {'cpu': 0}, 4: {'cpu': 0}}, 'link_level': {(0, 1): {'bw': 0}, (0, 2): {'bw': 0}, (0, 3): {'bw': 0}, (1, 2): {'bw': 0}, (1, 4): {'bw': 0}, (2, 3): {'bw': 0}, (2, 4): {'bw': 0}}, 'path_level': {(0, 1): {}, (0, 2): {}, (0, 3): {}, (1, 2): {}, (1, 4): {}, (2, 3): {}, (2, 4): {}}}",[],-inf,-inf,True,True,False,0,[],0,0.0,5.0,7.0
115,84,13,19616.0,46470.0,10137594.04371538,23949696.019581262,0.42212179901011404,0.42328696094626367,36,208,1,2879.0,10152,2178,7974,0.22984441301272984,0.45636760294518686,114,1844.0390672449375,2879.0,9,14,False,"{0: np.int64(27), 1: np.int64(21), 2: np.int64(24), 3: np.int64(23), 4: np.int64(16), 5: np.int64(30), 6: np.int64(17), 7: np.int64(18), 8: np.int64(28)}","{(0, 6): [(np.int64(27), 23), (23, 20), (20, 0), (0, 12), (12, 14), (14, 17)], (1, 5): [(np.int64(21), 2), (2, 29), (29, 30)], (1, 8): [(np.int64(21), 2), (2, 29), (29, 30), (30, 28)], (2, 3): [(np.int64(24), 22), (22, 20), (20, 23)], (2, 4): [(np.int64(24), 22), (22, 20), (20, 0), (0, 12), (12, 14), (14, 16)], (3, 5): [(np.int64(23), 20), (20, 0), (0, 28), (28, 30)], (3, 6): [(np.int64(23), 20), (20, 0), (0, 12), (12, 14), (14, 17)], (3, 7): [(np.int64(23), 20), (20, 1), (1, 12), (12, 15), (15, 18)], (4, 8): [(np.int64(16), 14), (14, 12), (12, 0), (0, 28)], (5, 6): []}","{(0, np.int64(27)): {'cpu': 7}, (1, np.int64(21)): {'cpu': 5}, (2, np.int64(24)): {'cpu': 2}, (3, np.int64(23)): {'cpu': 16}, (4, np.int64(16)): {'cpu': 7}, (5, np.int64(30)): {'cpu': 1}, (6, np.int64(17)): {'cpu': 14}, (7, np.int64(18)): {'cpu': 20}, (8, np.int64(28)): {'cpu': 12}}","{((0, 6), (np.int64(27), 23)): {'bw': 32}, ((0, 6), (23, 20)): {'bw': 32}, ((0, 6), (20, 0)): {'bw': 32}, ((0, 6), (0, 12)): {'bw': 32}, ((0, 6), (12, 14)): {'bw': 32}, ((0, 6), (14, 17)): {'bw': 32}, ((1, 5), (np.int64(21), 2)): {'bw': 29}, ((1, 5), (2, 29)): {'bw': 29}, ((1, 5), (29, 30)): {'bw': 29}, ((1, 8), (np.int64(21), 2)): {'bw': 1}, ((1, 8), (2, 29)): {'bw': 1}, ((1, 8), (29, 30)): {'bw': 1}, ((1, 8), (30, 28)): {'bw': 1}, ((2, 3), (np.int64(24), 22)): {'bw': 10}, ((2, 3), (22, 20)): {'bw': 10}, ((2, 3), (20, 23)): {'bw': 10}, ((2, 4), (np.int64(24), 22)): {'bw': 39}, ((2, 4), (22, 20)): {'bw': 39}, ((2, 4), (20, 0)): {'bw': 39}, ((2, 4), (0, 12)): {'bw': 39}, ((2, 4), (12, 14)): {'bw': 39}, ((2, 4), (14, 16)): {'bw': 39}, ((3, 5), (np.int64(23), 20)): {'bw': 29}, ((3, 5), (20, 0)): {'bw': 29}, ((3, 5), (0, 28)): {'bw': 29}, ((3, 5), (28, 30)): {'bw': 29}, ((3, 6), (np.int64(23), 20)): {'bw': 19}, ((3, 6), (20, 0)): {'bw': 19}, ((3, 6), (0, 12)): {'bw': 19}, ((3, 6), (12, 14)): {'bw': 19}, ((3, 6), (14, 17)): {'bw': 19}, ((3, 7), (np.int64(23), 20)): {'bw': 48}, ((3, 7), (20, 1)): {'bw': 48}, ((3, 7), (1, 12)): {'bw': 48}, ((3, 7), (12, 15)): {'bw': 48}, ((3, 7), (15, 18)): {'bw': 48}, ((4, 8), (np.int64(16), 14)): {'bw': 12}, ((4, 8), (14, 12)): {'bw': 12}, ((4, 8), (12, 0)): {'bw': 12}, ((4, 8), (0, 28)): {'bw': 12}}",0.0,0.0,168.0,84.0,381.0,0.0,0.0,0.0,0.0,0.0,0.0,0.0,0.0,0.0,Route Failure,100.0,"{'node_level': {}, 'link_level': {}, 'path_level': {}}","{'node_level': {0: {'cpu': -41}, 1: {'cpu': -38}, 2: {'cpu': -36}, 3: {'cpu': -64}, 4: {'cpu': -69}, 5: {'cpu': -43}, 6: {'cpu': -31}, 7: {'cpu': -30}, 8: {'cpu': -68}}, 'link_level': {(0, 6): {'bw': -79}, (1, 5): {'bw': -12}, (1, 8): {'bw': -11}, (2, 3): {'bw': -137}, (2, 4): {'bw': -40}, (3, 5): {'bw': -17}, (3, 6): {'bw': -21}, (3, 7): {'bw': -41}, (4, 8): {'bw': -9}, (5, 6): {'bw': 100.0}}, 'path_level': {(0, 6): {}, (1, 5): {}, (1, 8): {}, (2, 3): {}, (2, 4): {}, (3, 5): {}, (3, 6): {}, (3, 7): {}, (4, 8): {}, (5, 6): {}}}","{'node_level': {0: {'cpu': 0}, 1: {'cpu': 0}, 2: {'cpu': 0}, 3: {'cpu': 0}, 4: {'cpu': 0}, 5: {'cpu': 0}, 6: {'cpu': 0}, 7: {'cpu': 0}, 8: {'cpu': 0}}, 'link_level': {(0, 6): {'bw': 0}, (1, 5): {'bw': 0}, (1, 8): {'bw': 0}, (2, 3): {'bw': 0}, (2, 4): {'bw': 0}, (3, 5): {'bw': 0}, (3, 6): {'bw': 0}, (3, 7): {'bw': 0}, (4, 8): {'bw': 0}, (5, 6): {'bw': 100.0}}, 'path_level': {(0, 6): {}, (1, 5): {}, (1, 8): {}, (2, 3): {}, (2, 4): {}, (3, 5): {}, (3, 6): {}, (3, 7): {}, (4, 8): {}, (5, 6): {}}}",[],-inf,-inf,True,False,False,0,[],0,0.0,9.0,10.0
116,85,14,20169.0,47852.0,10205644.127158124,24119759.700083744,0.42148708517930283,0.4231237895426748,36,209,1,2908.0,8770,2063,6707,0.2705091937765205,0.5427461139896372,115,123.05620875722191,2908.0,8,15,True,"{0: np.int64(13), 1: np.int64(25), 2: np.int64(18), 3: np.int64(9), 4: np.int64(21), 5: np.int64(29), 6: np.int64(3), 7: np.int64(23)}","{(0, 2): [(np.int64(13), 15), (15, 18)], (0, 5): [(np.int64(13), 2), (2, 29)], (0, 6): [(np.int64(13), 3)], (1, 3): [(np.int64(25), 22), (22, 21), (21, 2), (2, 5), (5, 6), (6, 9)], (1, 4): [(np.int64(25), 22), (22, 21)], (1, 5): [(np.int64(25), 22), (22, 21), (21, 2), (2, 29)], (1, 6): [(np.int64(25), 22), (22, 21), (21, 3)], (1, 7): [(np.int64(25), 22), (22, 20), (20, 23)], (2, 3): [(np.int64(18), 15), (15, 12), (12, 0), (0, 4), (4, 6), (6, 9)], (2, 7): [(np.int64(18), 15), (15, 12), (12, 0), (0, 20), (20, 23)], (3, 5): [(np.int64(9), 6), (6, 5), (5, 2), (2, 29)], (3, 6): [(np.int64(9), 6), (6, 5), (5, 3)], (4, 5): [(np.int64(21), 2), (2, 29)], (4, 6): [(np.int64(21), 3)], (4, 7): [(np.int64(21), 23)]}","{(0, np.int64(13)): {'cpu': 0}, (1, np.int64(25)): {'cpu': 19}, (2, np.int64(18)): {'cpu': 14}, (3, np.int64(9)): {'cpu': 17}, (4, np.int64(21)): {'cpu': 19}, (5, np.int64(29)): {'cpu': 16}, (6, np.int64(3)): {'cpu': 20}, (7, np.int64(23)): {'cpu': 10}}","{((0, 2), (np.int64(13), 15)): {'bw': 32}, ((0, 2), (15, 18)): {'bw': 32}, ((0, 5), (np.int64(13), 2)): {'bw': 27}, ((0, 5), (2, 29)): {'bw': 27}, ((0, 6), (np.int64(13), 3)): {'bw': 39}, ((1, 3), (np.int64(25), 22)): {'bw': 46}, ((1, 3), (22, 21)): {'bw': 46}, ((1, 3), (21, 2)): {'bw': 46}, ((1, 3), (2, 5)): {'bw': 46}, ((1, 3), (5, 6)): {'bw': 46}, ((1, 3), (6, 9)): {'bw': 46}, ((1, 4), (np.int64(25), 22)): {'bw': 26}, ((1, 4), (22, 21)): {'bw': 26}, ((1, 5), (np.int64(25), 22)): {'bw': 39}, ((1, 5), (22, 21)): {'bw': 39}, ((1, 5), (21, 2)): {'bw': 39}, ((1, 5), (2, 29)): {'bw': 39}, ((1, 6), (np.int64(25), 22)): {'bw': 40}, ((1, 6), (22, 21)): {'bw': 40}, ((1, 6), (21, 3)): {'bw': 40}, ((1, 7), (np.int64(25), 22)): {'bw': 9}, ((1, 7), (22, 20)): {'bw': 9}, ((1, 7), (20, 23)): {'bw': 9}, ((2, 3), (np.int64(18), 15)): {'bw': 9}, ((2, 3), (15, 12)): {'bw': 9}, ((2, 3), (12, 0)): {'bw': 9}, ((2, 3), (0, 4)): {'bw': 9}, ((2, 3), (4, 6)): {'bw': 9}, ((2, 3), (6, 9)): {'bw': 9}, ((2, 7), (np.int64(18), 15)): {'bw': 38}, ((2, 7), (15, 12)): {'bw': 38}, ((2, 7), (12, 0)): {'bw': 38}, ((2, 7), (0, 20)): {'bw': 38}, ((2, 7), (20, 23)): {'bw': 38}, ((3, 5), (np.int64(9), 6)): {'bw': 9}, ((3, 5), (6, 5)): {'bw': 9}, ((3, 5), (5, 2)): {'bw': 9}, ((3, 5), (2, 29)): {'bw': 9}, ((3, 6), (np.int64(9), 6)): {'bw': 32}, ((3, 6), (6, 5)): {'bw': 32}, ((3, 6), (5, 3)): {'bw': 32}, ((4, 5), (np.int64(21), 2)): {'bw': 11}, ((4, 5), (2, 29)): {'bw': 11}, ((4, 6), (np.int64(21), 3)): {'bw': 47}, ((4, 7), (np.int64(21), 23)): {'bw': 34}}",1382.0,553.0,230.0,115.0,438.0,115.0,438.0,115.0,1267.0,829.0,0.40014471780028943,170063.68050248068,68050.08344274372,49.24029192673206,Success,0.0,"{'node_level': {}, 'link_level': {}, 'path_level': {}}","{'node_level': {0: {'cpu': -100}, 1: {'cpu': -54}, 2: {'cpu': -36}, 3: {'cpu': -60}, 4: {'cpu': -24}, 5: {'cpu': -3}, 6: {'cpu': -10}, 7: {'cpu': -70}}, 'link_level': {(0, 2): {'bw': -204}, (0, 5): {'bw': -80}, (0, 6): {'bw': -295}, (1, 3): {'bw': -104}, (1, 4): {'bw': -81}, (1, 5): {'bw': -42}, (1, 6): {'bw': -2}, (1, 7): {'bw': -119}, (2, 3): {'bw': -24}, (2, 7): {'bw': -64}, (3, 5): {'bw': -81}, (3, 6): {'bw': -98}, (4, 5): {'bw': -54}, (4, 6): {'bw': -233}, (4, 7): {'bw': -84}}, 'path_level': {(0, 2): {}, (0, 5): {}, (0, 6): {}, (1, 3): {}, (1, 4): {}, (1, 5): {}, (1, 6): {}, (1, 7): {}, (2, 3): {}, (2, 7): {}, (3, 5): {}, (3, 6): {}, (4, 5): {}, (4, 6): {}, (4, 7): {}}}","{'node_level': {0: {'cpu': 0}, 1: {'cpu': 0}, 2: {'cpu': 0}, 3: {'cpu': 0}, 4: {'cpu': 0}, 5: {'cpu': 0}, 6: {'cpu': 0}, 7: {'cpu': 0}}, 'link_level': {(0, 2): {'bw': 0}, (0, 5): {'bw': 0}, (0, 6): {'bw': 0}, (1, 3): {'bw': 0}, (1, 4): {'bw': 0}, (1, 5): {'bw': 0}, (1, 6): {'bw': 0}, (1, 7): {'bw': 0}, (2, 3): {'bw': 0}, (2, 7): {'bw': 0}, (3, 5): {'bw': 0}, (3, 6): {'bw': 0}, (4, 5): {'bw': 0}, (4, 6): {'bw': 0}, (4, 7): {'bw': 0}}, 'path_level': {(0, 2): {}, (0, 5): {}, (0, 6): {}, (1, 3): {}, (1, 4): {}, (1, 5): {}, (1, 6): {}, (1, 7): {}, (2, 3): {}, (2, 7): {}, (3, 5): {}, (3, 6): {}, (4, 5): {}, (4, 6): {}, (4, 7): {}}}",[],-inf,-inf,True,True,False,0,[],0,0.0,8.0,15.0
116,85,13,20169.0,47852.0,10205644.127158124,24119759.700083744,0.42148708517930283,0.4231237895426748,36,210,0,2913.5415843253977,9650,2124,7526,0.24893917963224899,0.48691028088355603,96,484.54158432539793,2429.0,6,9,False,{},{},{},{},0.0,0.0,0.0,0.0,0.0,0.0,0.0,0.0,0.0,0.0,0.0,0.0,0.0,0.0,Leave Event,0.0,"{'node_level': {}, 'link_level': {}, 'path_level': {}}","{'node_level': {}, 'link_level': {}, 'path_level': {}}","{'node_level': {}, 'link_level': {}, 'path_level': {}}",[],-inf,-inf,True,True,False,0,[],0,0.0,,
116,85,12,20169.0,47852.0,10205644.127158124,24119759.700083744,0.42148708517930283,0.4231237895426748,36,211,0,2920.195766409921,10651,2196,8455,0.22347949080622342,0.4235751295336787,94,547.1957664099208,2373.0,8,14,False,{},{},{},{},0.0,0.0,0.0,0.0,0.0,0.0,0.0,0.0,0.0,0.0,0.0,0.0,0.0,0.0,Leave Event,0.0,"{'node_level': {}, 'link_level': {}, 'path_level': {}}","{'node_level': {}, 'link_level': {}, 'path_level': {}}","{'node_level': {}, 'link_level': {}, 'path_level': {}}",[],-inf,-inf,True,True,False,0,[],0,0.0,,
116,85,12,20169.0,47852.0,10205644.127158124,24119759.700083744,0.42148708517930283,0.4231237895426748,36,212,0,2923.9766323048348,10651,2196,8455,0.22347949080622342,0.4235751295336787,84,799.9766323048347,2124.0,7,10,False,{},{},{},{},0.0,0.0,0.0,0.0,0.0,0.0,0.0,0.0,0.0,0.0,0.0,0.0,0.0,0.0,Leave Event,0.0,"{'node_level': {}, 'link_level': {}, 'path_level': {}}","{'node_level': {}, 'link_level': {}, 'path_level': {}}","{'node_level': {}, 'link_level': {}, 'path_level': {}}",[],-inf,-inf,True,True,False,0,[],0,0.0,,
116,85,11,20169.0,47852.0,10205644.127158124,24119759.700083744,0.42148708517930283,0.4231237895426748,36,213,0,2927.9427131850434,10723,2217,8506,0.2160537482319661,0.42009817289337337,111,115.94271318504339,2812.0,2,1,False,{},{},{},{},0.0,0.0,0.0,0.0,0.0,0.0,0.0,0.0,0.0,0.0,0.0,0.0,0.0,0.0,Leave Event,0.0,"{'node_level': {}, 'link_level': {}, 'path_level': {}}","{'node_level': {}, 'link_level': {}, 'path_level': {}}","{'node_level': {}, 'link_level': {}, 'path_level': {}}",[],-inf,-inf,True,True,False,0,[],0,0.0,,
117,86,12,20544.0,48995.0,10836530.681163693,26042701.91669272,0.41930809266251656,0.4161062364353888,36,214,1,2928.0,9580,2113,7467,0.2528288543140028,0.4909326424870466,116,1682.3641440148501,2928.0,8,12,True,"{0: np.int64(22), 1: np.int64(33), 2: np.int64(34), 3: np.int64(16), 4: np.int64(31), 5: np.int64(14), 6: np.int64(25), 7: np.int64(20)}","{(0, 3): [(np.int64(22), 20), (20, 0), (0, 12), (12, 14), (14, 16)], (0, 5): [(np.int64(22), 20), (20, 0), (0, 12), (12, 14)], (0, 6): [(np.int64(22), 25)], (0, 7): [(np.int64(22), 20)], (1, 5): [(np.int64(33), 30), (30, 28), (28, 0), (0, 12), (12, 14)], (1, 6): [(np.int64(33), 30), (30, 28), (28, 0), (0, 20), (20, 22), (22, 25)], (1, 7): [(np.int64(33), 30), (30, 28), (28, 0), (0, 20)], (2, 3): [(np.int64(34), 31), (31, 28), (28, 0), (0, 12), (12, 14), (14, 16)], (3, 4): [(np.int64(16), 14), (14, 12), (12, 1), (1, 28), (28, 31)], (3, 7): [(np.int64(16), 14), (14, 12), (12, 0), (0, 20)], (4, 5): [(np.int64(31), 28), (28, 0), (0, 12), (12, 14)], (4, 7): [(np.int64(31), 28), (28, 0), (0, 20)]}","{(0, np.int64(22)): {'cpu': 13}, (1, np.int64(33)): {'cpu': 20}, (2, np.int64(34)): {'cpu': 0}, (3, np.int64(16)): {'cpu': 13}, (4, np.int64(31)): {'cpu': 20}, (5, np.int64(14)): {'cpu': 16}, (6, np.int64(25)): {'cpu': 14}, (7, np.int64(20)): {'cpu': 8}}","{((0, 3), (np.int64(22), 20)): {'bw': 25}, ((0, 3), (20, 0)): {'bw': 25}, ((0, 3), (0, 12)): {'bw': 25}, ((0, 3), (12, 14)): {'bw': 25}, ((0, 3), (14, 16)): {'bw': 25}, ((0, 5), (np.int64(22), 20)): {'bw': 39}, ((0, 5), (20, 0)): {'bw': 39}, ((0, 5), (0, 12)): {'bw': 39}, ((0, 5), (12, 14)): {'bw': 39}, ((0, 6), (np.int64(22), 25)): {'bw': 46}, ((0, 7), (np.int64(22), 20)): {'bw': 30}, ((1, 5), (np.int64(33), 30)): {'bw': 4}, ((1, 5), (30, 28)): {'bw': 4}, ((1, 5), (28, 0)): {'bw': 4}, ((1, 5), (0, 12)): {'bw': 4}, ((1, 5), (12, 14)): {'bw': 4}, ((1, 6), (np.int64(33), 30)): {'bw': 39}, ((1, 6), (30, 28)): {'bw': 39}, ((1, 6), (28, 0)): {'bw': 39}, ((1, 6), (0, 20)): {'bw': 39}, ((1, 6), (20, 22)): {'bw': 39}, ((1, 6), (22, 25)): {'bw': 39}, ((1, 7), (np.int64(33), 30)): {'bw': 8}, ((1, 7), (30, 28)): {'bw': 8}, ((1, 7), (28, 0)): {'bw': 8}, ((1, 7), (0, 20)): {'bw': 8}, ((2, 3), (np.int64(34), 31)): {'bw': 14}, ((2, 3), (31, 28)): {'bw': 14}, ((2, 3), (28, 0)): {'bw': 14}, ((2, 3), (0, 12)): {'bw': 14}, ((2, 3), (12, 14)): {'bw': 14}, ((2, 3), (14, 16)): {'bw': 14}, ((3, 4), (np.int64(16), 14)): {'bw': 48}, ((3, 4), (14, 12)): {'bw': 48}, ((3, 4), (12, 1)): {'bw': 48}, ((3, 4), (1, 28)): {'bw': 48}, ((3, 4), (28, 31)): {'bw': 48}, ((3, 7), (np.int64(16), 14)): {'bw': 14}, ((3, 7), (14, 12)): {'bw': 14}, ((3, 7), (12, 0)): {'bw': 14}, ((3, 7), (0, 20)): {'bw': 14}, ((4, 5), (np.int64(31), 28)): {'bw': 4}, ((4, 5), (28, 0)): {'bw': 4}, ((4, 5), (0, 12)): {'bw': 4}, ((4, 5), (12, 14)): {'bw': 4}, ((4, 7), (np.int64(31), 28)): {'bw': 0}, ((4, 7), (28, 0)): {'bw': 0}, ((4, 7), (0, 20)): {'bw': 0}}",1143.0,375.0,208.0,104.0,271.0,104.0,271.0,104.0,1039.0,768.0,0.32808398950131235,1922942.2166089737,630886.5540055688,551.9567401623524,Success,0.0,"{'node_level': {}, 'link_level': {}, 'path_level': {}}","{'node_level': {0: {'cpu': -56}, 1: {'cpu': -71}, 2: {'cpu': -95}, 3: {'cpu': -68}, 4: {'cpu': -38}, 5: {'cpu': -78}, 6: {'cpu': -40}, 7: {'cpu': -59}}, 'link_level': {(0, 3): {'bw': -106}, (0, 5): {'bw': -67}, (0, 6): {'bw': -73}, (0, 7): {'bw': -77}, (1, 5): {'bw': -63}, (1, 6): {'bw': -26}, (1, 7): {'bw': -18}, (2, 3): {'bw': -5}, (3, 4): {'bw': -60}, (3, 7): {'bw': -35}, (4, 5): {'bw': -1}, (4, 7): {'bw': -1}}, 'path_level': {(0, 3): {}, (0, 5): {}, (0, 6): {}, (0, 7): {}, (1, 5): {}, (1, 6): {}, (1, 7): {}, (2, 3): {}, (3, 4): {}, (3, 7): {}, (4, 5): {}, (4, 7): {}}}","{'node_level': {0: {'cpu': 0}, 1: {'cpu': 0}, 2: {'cpu': 0}, 3: {'cpu': 0}, 4: {'cpu': 0}, 5: {'cpu': 0}, 6: {'cpu': 0}, 7: {'cpu': 0}}, 'link_level': {(0, 3): {'bw': 0}, (0, 5): {'bw': 0}, (0, 6): {'bw': 0}, (0, 7): {'bw': 0}, (1, 5): {'bw': 0}, (1, 6): {'bw': 0}, (1, 7): {'bw': 0}, (2, 3): {'bw': 0}, (3, 4): {'bw': 0}, (3, 7): {'bw': 0}, (4, 5): {'bw': 0}, (4, 7): {'bw': 0}}, 'path_level': {(0, 3): {}, (0, 5): {}, (0, 6): {}, (0, 7): {}, (1, 5): {}, (1, 6): {}, (1, 7): {}, (2, 3): {}, (3, 4): {}, (3, 7): {}, (4, 5): {}, (4, 7): {}}}",[],-inf,-inf,True,True,False,0,[],0,0.0,8.0,12.0
118,87,13,20794.0,49619.0,10941007.861122577,26303476.957870092,0.41907333884197584,0.41595291294176184,36,215,1,2956.0,8956,2066,6890,0.2694483734087695,0.5302699754567767,117,417.9087198355353,2956.0,5,10,True,"{0: np.int64(0), 1: np.int64(21), 2: np.int64(2), 3: np.int64(28), 4: np.int64(3)}","{(0, 1): [(np.int64(0), 20), (20, 23), (23, 21)], (0, 2): [(np.int64(0), 4), (4, 6), (6, 5), (5, 2)], (0, 3): [(np.int64(0), 4), (4, 1), (1, 28)], (0, 4): [(np.int64(0), 4), (4, 6), (6, 5), (5, 3)], (1, 2): [(np.int64(21), 2)], (1, 3): [(np.int64(21), 2), (2, 29), (29, 30), (30, 28)], (1, 4): [(np.int64(21), 3)], (2, 3): [(np.int64(2), 29), (29, 31), (31, 28)], (2, 4): [(np.int64(2), 5), (5, 3)], (3, 4): [(np.int64(28), 31), (31, 29), (29, 3)]}","{(0, np.int64(0)): {'cpu': 5}, (1, np.int64(21)): {'cpu': 14}, (2, np.int64(2)): {'cpu': 19}, (3, np.int64(28)): {'cpu': 7}, (4, np.int64(3)): {'cpu': 2}}","{((0, 1), (np.int64(0), 20)): {'bw': 19}, ((0, 1), (20, 23)): {'bw': 19}, ((0, 1), (23, 21)): {'bw': 19}, ((0, 2), (np.int64(0), 4)): {'bw': 31}, ((0, 2), (4, 6)): {'bw': 31}, ((0, 2), (6, 5)): {'bw': 31}, ((0, 2), (5, 2)): {'bw': 31}, ((0, 3), (np.int64(0), 4)): {'bw': 21}, ((0, 3), (4, 1)): {'bw': 21}, ((0, 3), (1, 28)): {'bw': 21}, ((0, 4), (np.int64(0), 4)): {'bw': 28}, ((0, 4), (4, 6)): {'bw': 28}, ((0, 4), (6, 5)): {'bw': 28}, ((0, 4), (5, 3)): {'bw': 28}, ((1, 2), (np.int64(21), 2)): {'bw': 0}, ((1, 3), (np.int64(21), 2)): {'bw': 11}, ((1, 3), (2, 29)): {'bw': 11}, ((1, 3), (29, 30)): {'bw': 11}, ((1, 3), (30, 28)): {'bw': 11}, ((1, 4), (np.int64(21), 3)): {'bw': 46}, ((2, 3), (np.int64(2), 29)): {'bw': 18}, ((2, 3), (29, 31)): {'bw': 18}, ((2, 3), (31, 28)): {'bw': 18}, ((2, 4), (np.int64(2), 5)): {'bw': 10}, ((2, 4), (5, 3)): {'bw': 10}, ((3, 4), (np.int64(28), 31)): {'bw': 19}, ((3, 4), (31, 29)): {'bw': 19}, ((3, 4), (29, 3)): {'bw': 19}}",624.0,250.0,94.0,47.0,203.0,47.0,203.0,47.0,577.0,374.0,0.40064102564102566,260775.04117737402,104477.17995888382,167.4313781392369,Success,0.0,"{'node_level': {}, 'link_level': {}, 'path_level': {}}","{'node_level': {0: {'cpu': -56}, 1: {'cpu': -21}, 2: {'cpu': -17}, 3: {'cpu': -73}, 4: {'cpu': -37}}, 'link_level': {(0, 1): {'bw': -65}, (0, 2): {'bw': -78}, (0, 3): {'bw': -39}, (0, 4): {'bw': -29}, (1, 2): {'bw': -97}, (1, 3): {'bw': -7}, (1, 4): {'bw': -187}, (2, 3): {'bw': -44}, (2, 4): {'bw': -185}, (3, 4): {'bw': -89}}, 'path_level': {(0, 1): {}, (0, 2): {}, (0, 3): {}, (0, 4): {}, (1, 2): {}, (1, 3): {}, (1, 4): {}, (2, 3): {}, (2, 4): {}, (3, 4): {}}}","{'node_level': {0: {'cpu': 0}, 1: {'cpu': 0}, 2: {'cpu': 0}, 3: {'cpu': 0}, 4: {'cpu': 0}}, 'link_level': {(0, 1): {'bw': 0}, (0, 2): {'bw': 0}, (0, 3): {'bw': 0}, (0, 4): {'bw': 0}, (1, 2): {'bw': 0}, (1, 3): {'bw': 0}, (1, 4): {'bw': 0}, (2, 3): {'bw': 0}, (2, 4): {'bw': 0}, (3, 4): {'bw': 0}}, 'path_level': {(0, 1): {}, (0, 2): {}, (0, 3): {}, (0, 4): {}, (1, 2): {}, (1, 3): {}, (1, 4): {}, (2, 3): {}, (2, 4): {}, (3, 4): {}}}",[],-inf,-inf,True,True,False,0,[],0,0.0,5.0,10.0
118,87,13,20794.0,49619.0,10941007.861122577,26303476.957870092,0.41907333884197584,0.41595291294176184,36,216,0,2963.065571136145,8956,2066,6890,0.2694483734087695,0.5302699754567767,91,655.0655711361453,2308.0,9,22,False,{},{},{},{},0.0,0.0,0.0,0.0,0.0,0.0,0.0,0.0,0.0,0.0,0.0,0.0,0.0,0.0,Leave Event,0.0,"{'node_level': {}, 'link_level': {}, 'path_level': {}}","{'node_level': {}, 'link_level': {}, 'path_level': {}}","{'node_level': {}, 'link_level': {}, 'path_level': {}}",[],-inf,-inf,True,True,False,0,[],0,0.0,,
119,88,14,20937.0,49893.0,11142743.88145752,26690020.101728655,0.419638025374301,0.4174872794770143,36,217,1,2983.0,8682,2025,6657,0.2839462517680339,0.5461548950095445,118,1410.741400943662,2983.0,4,4,True,"{0: np.int64(15), 1: np.int64(2), 2: np.int64(8), 3: np.int64(5)}","{(0, 1): [(np.int64(15), 13), (13, 2)], (0, 2): [(np.int64(15), 12), (12, 0), (0, 4), (4, 6), (6, 8)], (0, 3): [(np.int64(15), 13), (13, 2), (2, 5)], (2, 3): [(np.int64(8), 6), (6, 5)]}","{(0, np.int64(15)): {'cpu': 7}, (1, np.int64(2)): {'cpu': 10}, (2, np.int64(8)): {'cpu': 4}, (3, np.int64(5)): {'cpu': 20}}","{((0, 1), (np.int64(15), 13)): {'bw': 41}, ((0, 1), (13, 2)): {'bw': 41}, ((0, 2), (np.int64(15), 12)): {'bw': 3}, ((0, 2), (12, 0)): {'bw': 3}, ((0, 2), (0, 4)): {'bw': 3}, ((0, 2), (4, 6)): {'bw': 3}, ((0, 2), (6, 8)): {'bw': 3}, ((0, 3), (np.int64(15), 13)): {'bw': 20}, ((0, 3), (13, 2)): {'bw': 20}, ((0, 3), (2, 5)): {'bw': 20}, ((2, 3), (np.int64(8), 6)): {'bw': 38}, ((2, 3), (6, 5)): {'bw': 38}}",274.0,143.0,82.0,41.0,102.0,41.0,102.0,41.0,233.0,131.0,0.5218978102189781,386543.1438585634,201736.02033494366,736.2628479377506,Success,0.0,"{'node_level': {}, 'link_level': {}, 'path_level': {}}","{'node_level': {0: {'cpu': -68}, 1: {'cpu': -7}, 2: {'cpu': -67}, 3: {'cpu': -6}}, 'link_level': {(0, 1): {'bw': -56}, (0, 2): {'bw': -26}, (0, 3): {'bw': -36}, (2, 3): {'bw': -95}}, 'path_level': {(0, 1): {}, (0, 2): {}, (0, 3): {}, (2, 3): {}}}","{'node_level': {0: {'cpu': 0}, 1: {'cpu': 0}, 2: {'cpu': 0}, 3: {'cpu': 0}}, 'link_level': {(0, 1): {'bw': 0}, (0, 2): {'bw': 0}, (0, 3): {'bw': 0}, (2, 3): {'bw': 0}}, 'path_level': {(0, 1): {}, (0, 2): {}, (0, 3): {}, (2, 3): {}}}",[],-inf,-inf,True,True,False,0,[],0,0.0,4.0,4.0
120,89,15,21328.0,51141.0,11163168.009200122,26755210.15651834,0.4170430769832424,0.41723342645770445,36,218,1,3008.0,7434,1956,5478,0.30834512022630833,0.6265339514589583,119,52.235620825066455,3008.0,9,15,True,"{0: np.int64(28), 1: np.int64(5), 2: np.int64(16), 3: np.int64(17), 4: np.int64(33), 5: np.int64(10), 6: np.int64(24), 7: np.int64(12), 8: np.int64(14)}","{(0, 4): [(np.int64(28), 30), (30, 33)], (0, 5): [(np.int64(28), 1), (1, 4), (4, 7), (7, 10)], (1, 3): [(np.int64(5), 3), (3, 13), (13, 14), (14, 17)], (1, 5): [(np.int64(5), 7), (7, 10)], (2, 3): [(np.int64(16), 14), (14, 17)], (2, 4): [(np.int64(16), 14), (14, 13), (13, 2), (2, 29), (29, 30), (30, 33)], (2, 5): [(np.int64(16), 14), (14, 12), (12, 0), (0, 4), (4, 7), (7, 10)], (3, 4): [(np.int64(17), 14), (14, 13), (13, 3), (3, 29), (29, 30), (30, 33)], (3, 6): [(np.int64(17), 14), (14, 12), (12, 0), (0, 20), (20, 22), (22, 24)], (3, 7): [(np.int64(17), 14), (14, 12)], (3, 8): [(np.int64(17), 14)], (4, 6): [(np.int64(33), 30), (30, 29), (29, 2), (2, 21), (21, 23), (23, 20), (20, 22), (22, 24)], (4, 8): [(np.int64(33), 30), (30, 29), (29, 3), (3, 13), (13, 14)], (5, 8): [(np.int64(10), 7), (7, 4), (4, 1), (1, 12), (12, 14)], (7, 8): [(np.int64(12), 14)]}","{(0, np.int64(28)): {'cpu': 2}, (1, np.int64(5)): {'cpu': 4}, (2, np.int64(16)): {'cpu': 18}, (3, np.int64(17)): {'cpu': 5}, (4, np.int64(33)): {'cpu': 10}, (5, np.int64(10)): {'cpu': 14}, (6, np.int64(24)): {'cpu': 8}, (7, np.int64(12)): {'cpu': 2}, (8, np.int64(14)): {'cpu': 6}}","{((0, 4), (np.int64(28), 30)): {'bw': 4}, ((0, 4), (30, 33)): {'bw': 4}, ((0, 5), (np.int64(28), 1)): {'bw': 33}, ((0, 5), (1, 4)): {'bw': 33}, ((0, 5), (4, 7)): {'bw': 33}, ((0, 5), (7, 10)): {'bw': 33}, ((1, 3), (np.int64(5), 3)): {'bw': 42}, ((1, 3), (3, 13)): {'bw': 42}, ((1, 3), (13, 14)): {'bw': 42}, ((1, 3), (14, 17)): {'bw': 42}, ((1, 5), (np.int64(5), 7)): {'bw': 16}, ((1, 5), (7, 10)): {'bw': 16}, ((2, 3), (np.int64(16), 14)): {'bw': 18}, ((2, 3), (14, 17)): {'bw': 18}, ((2, 4), (np.int64(16), 14)): {'bw': 27}, ((2, 4), (14, 13)): {'bw': 27}, ((2, 4), (13, 2)): {'bw': 27}, ((2, 4), (2, 29)): {'bw': 27}, ((2, 4), (29, 30)): {'bw': 27}, ((2, 4), (30, 33)): {'bw': 27}, ((2, 5), (np.int64(16), 14)): {'bw': 8}, ((2, 5), (14, 12)): {'bw': 8}, ((2, 5), (12, 0)): {'bw': 8}, ((2, 5), (0, 4)): {'bw': 8}, ((2, 5), (4, 7)): {'bw': 8}, ((2, 5), (7, 10)): {'bw': 8}, ((3, 4), (np.int64(17), 14)): {'bw': 28}, ((3, 4), (14, 13)): {'bw': 28}, ((3, 4), (13, 3)): {'bw': 28}, ((3, 4), (3, 29)): {'bw': 28}, ((3, 4), (29, 30)): {'bw': 28}, ((3, 4), (30, 33)): {'bw': 28}, ((3, 6), (np.int64(17), 14)): {'bw': 16}, ((3, 6), (14, 12)): {'bw': 16}, ((3, 6), (12, 0)): {'bw': 16}, ((3, 6), (0, 20)): {'bw': 16}, ((3, 6), (20, 22)): {'bw': 16}, ((3, 6), (22, 24)): {'bw': 16}, ((3, 7), (np.int64(17), 14)): {'bw': 40}, ((3, 7), (14, 12)): {'bw': 40}, ((3, 8), (np.int64(17), 14)): {'bw': 23}, ((4, 6), (np.int64(33), 30)): {'bw': 9}, ((4, 6), (30, 29)): {'bw': 9}, ((4, 6), (29, 2)): {'bw': 9}, ((4, 6), (2, 21)): {'bw': 9}, ((4, 6), (21, 23)): {'bw': 9}, ((4, 6), (23, 20)): {'bw': 9}, ((4, 6), (20, 22)): {'bw': 9}, ((4, 6), (22, 24)): {'bw': 9}, ((4, 8), (np.int64(33), 30)): {'bw': 12}, ((4, 8), (30, 29)): {'bw': 12}, ((4, 8), (29, 3)): {'bw': 12}, ((4, 8), (3, 13)): {'bw': 12}, ((4, 8), (13, 14)): {'bw': 12}, ((5, 8), (np.int64(10), 7)): {'bw': 12}, ((5, 8), (7, 4)): {'bw': 12}, ((5, 8), (4, 1)): {'bw': 12}, ((5, 8), (1, 12)): {'bw': 12}, ((5, 8), (12, 14)): {'bw': 12}, ((7, 8), (np.int64(12), 14)): {'bw': 34}}",1248.0,391.0,138.0,69.0,322.0,69.0,322.0,69.0,1179.0,857.0,0.31330128205128205,65190.05478968294,20424.127742600984,16.365486973237967,Success,0.0,"{'node_level': {}, 'link_level': {}, 'path_level': {}}","{'node_level': {0: {'cpu': -71}, 1: {'cpu': -2}, 2: {'cpu': -50}, 3: {'cpu': -40}, 4: {'cpu': -61}, 5: {'cpu': -54}, 6: {'cpu': -30}, 7: {'cpu': -65}, 8: {'cpu': -72}}, 'link_level': {(0, 4): {'bw': -3}, (0, 5): {'bw': -6}, (1, 3): {'bw': -143}, (1, 5): {'bw': -89}, (2, 3): {'bw': -87}, (2, 4): {'bw': -9}, (2, 5): {'bw': -18}, (3, 4): {'bw': -45}, (3, 6): {'bw': -4}, (3, 7): {'bw': -44}, (3, 8): {'bw': -21}, (4, 6): {'bw': -8}, (4, 8): {'bw': -24}, (5, 8): {'bw': -69}, (7, 8): {'bw': -65}}, 'path_level': {(0, 4): {}, (0, 5): {}, (1, 3): {}, (1, 5): {}, (2, 3): {}, (2, 4): {}, (2, 5): {}, (3, 4): {}, (3, 6): {}, (3, 7): {}, (3, 8): {}, (4, 6): {}, (4, 8): {}, (5, 8): {}, (7, 8): {}}}","{'node_level': {0: {'cpu': 0}, 1: {'cpu': 0}, 2: {'cpu': 0}, 3: {'cpu': 0}, 4: {'cpu': 0}, 5: {'cpu': 0}, 6: {'cpu': 0}, 7: {'cpu': 0}, 8: {'cpu': 0}}, 'link_level': {(0, 4): {'bw': 0}, (0, 5): {'bw': 0}, (1, 3): {'bw': 0}, (1, 5): {'bw': 0}, (2, 3): {'bw': 0}, (2, 4): {'bw': 0}, (2, 5): {'bw': 0}, (3, 4): {'bw': 0}, (3, 6): {'bw': 0}, (3, 7): {'bw': 0}, (3, 8): {'bw': 0}, (4, 6): {'bw': 0}, (4, 8): {'bw': 0}, (5, 8): {'bw': 0}, (7, 8): {'bw': 0}}, 'path_level': {(0, 4): {}, (0, 5): {}, (1, 3): {}, (1, 5): {}, (2, 3): {}, (2, 4): {}, (2, 5): {}, (3, 4): {}, (3, 6): {}, (3, 7): {}, (3, 8): {}, (4, 6): {}, (4, 8): {}, (5, 8): {}, (7, 8): {}}}",[],-inf,-inf,True,True,False,0,[],0,0.0,9.0,15.0
120,89,14,21328.0,51141.0,11163168.009200122,26755210.15651834,0.4170430769832424,0.41723342645770445,36,219,0,3031.056208757222,8816,2071,6745,0.2676803394625177,0.5401554404145077,115,123.05620875722191,2908.0,8,15,False,{},{},{},{},0.0,0.0,0.0,0.0,0.0,0.0,0.0,0.0,0.0,0.0,0.0,0.0,0.0,0.0,Leave Event,0.0,"{'node_level': {}, 'link_level': {}, 'path_level': {}}","{'node_level': {}, 'link_level': {}, 'path_level': {}}","{'node_level': {}, 'link_level': {}, 'path_level': {}}",[],-inf,-inf,True,True,False,0,[],0,0.0,,
121,89,14,21328.0,51141.0,11163168.009200122,26755210.15651834,0.4170430769832424,0.41723342645770445,36,220,1,3034.0,8816,2071,6745,0.2676803394625177,0.5401554404145077,120,1629.8903829361416,3034.0,8,15,False,"{0: np.int64(33), 1: np.int64(1), 2: np.int64(28), 3: np.int64(27), 4: np.int64(9), 5: np.int64(8), 6: np.int64(13), 7: np.int64(31)}","{(0, 1): []}","{(0, np.int64(33)): {'cpu': 10}, (1, np.int64(1)): {'cpu': 15}, (2, np.int64(28)): {'cpu': 13}, (3, np.int64(27)): {'cpu': 8}, (4, np.int64(9)): {'cpu': 9}, (5, np.int64(8)): {'cpu': 5}, (6, np.int64(13)): {'cpu': 13}, (7, np.int64(31)): {'cpu': 20}}",{},0.0,0.0,186.0,93.0,404.0,0.0,0.0,0.0,0.0,0.0,0.0,0.0,0.0,0.0,Route Failure,100.0,"{'node_level': {}, 'link_level': {}, 'path_level': {}}","{'node_level': {0: {'cpu': -51}, 1: {'cpu': -12}, 2: {'cpu': -58}, 3: {'cpu': -40}, 4: {'cpu': -68}, 5: {'cpu': -62}, 6: {'cpu': -87}, 7: {'cpu': -18}}, 'link_level': {(0, 1): {'bw': 100.0}}, 'path_level': {(0, 1): {}}}","{'node_level': {0: {'cpu': 0}, 1: {'cpu': 0}, 2: {'cpu': 0}, 3: {'cpu': 0}, 4: {'cpu': 0}, 5: {'cpu': 0}, 6: {'cpu': 0}, 7: {'cpu': 0}}, 'link_level': {(0, 1): {'bw': 100.0}}, 'path_level': {(0, 1): {}}}",[],-inf,-inf,True,False,False,0,[],0,0.0,8.0,1.0
121,89,13,21328.0,51141.0,11163168.009200122,26755210.15651834,0.4170430769832424,0.41723342645770445,36,221,0,3039.5909301387496,9375,2128,7247,0.24752475247524752,0.5059312789746386,107,337.5909301387496,2702.0,5,7,False,{},{},{},{},0.0,0.0,0.0,0.0,0.0,0.0,0.0,0.0,0.0,0.0,0.0,0.0,0.0,0.0,Leave Event,0.0,"{'node_level': {}, 'link_level': {}, 'path_level': {}}","{'node_level': {}, 'link_level': {}, 'path_level': {}}","{'node_level': {}, 'link_level': {}, 'path_level': {}}",[],-inf,-inf,True,True,False,0,[],0,0.0,,
121,89,12,21328.0,51141.0,11163168.009200122,26755210.15651834,0.4170430769832424,0.41723342645770445,36,222,0,3060.2356208250662,10623,2197,8426,0.2231258840169731,0.42555222252522495,119,52.235620825066455,3008.0,9,15,False,{},{},{},{},0.0,0.0,0.0,0.0,0.0,0.0,0.0,0.0,0.0,0.0,0.0,0.0,0.0,0.0,Leave Event,0.0,"{'node_level': {}, 'link_level': {}, 'path_level': {}}","{'node_level': {}, 'link_level': {}, 'path_level': {}}","{'node_level': {}, 'link_level': {}, 'path_level': {}}",[],-inf,-inf,True,True,False,0,[],0,0.0,,
122,90,13,21696.0,52068.0,11250912.662369154,26976240.84534359,0.4166858723208112,0.41706747529692195,36,223,1,3061.0,9696,2125,7571,0.24858557284299854,0.48384237796563945,121,238.43655752454168,3061.0,9,15,True,"{0: np.int64(1), 1: np.int64(14), 2: np.int64(22), 3: np.int64(13), 4: np.int64(12), 5: np.int64(30), 6: np.int64(7), 7: np.int64(9), 8: np.int64(11)}","{(0, 2): [(np.int64(1), 20), (20, 22)], (0, 4): [(np.int64(1), 12)], (0, 5): [(np.int64(1), 28), (28, 31), (31, 29), (29, 30)], (1, 2): [(np.int64(14), 13), (13, 2), (2, 21), (21, 22)], (1, 4): [(np.int64(14), 12)], (1, 6): [(np.int64(14), 12), (12, 0), (0, 4), (4, 7)], (2, 5): [(np.int64(22), 21), (21, 2), (2, 29), (29, 30)], (2, 7): [(np.int64(22), 21), (21, 2), (2, 5), (5, 6), (6, 9)], (3, 4): [(np.int64(13), 14), (14, 12)], (3, 6): [(np.int64(13), 2), (2, 5), (5, 7)], (5, 6): [(np.int64(30), 28), (28, 0), (0, 4), (4, 7)], (5, 8): [(np.int64(30), 29), (29, 2), (2, 5), (5, 7), (7, 11)], (6, 7): [(np.int64(7), 4), (4, 6), (6, 9)], (6, 8): [(np.int64(7), 11)], (7, 8): [(np.int64(9), 6), (6, 4), (4, 7), (7, 11)]}","{(0, np.int64(1)): {'cpu': 6}, (1, np.int64(14)): {'cpu': 11}, (2, np.int64(22)): {'cpu': 6}, (3, np.int64(13)): {'cpu': 9}, (4, np.int64(12)): {'cpu': 8}, (5, np.int64(30)): {'cpu': 11}, (6, np.int64(7)): {'cpu': 0}, (7, np.int64(9)): {'cpu': 13}, (8, np.int64(11)): {'cpu': 8}}","{((0, 2), (np.int64(1), 20)): {'bw': 45}, ((0, 2), (20, 22)): {'bw': 45}, ((0, 4), (np.int64(1), 12)): {'bw': 1}, ((0, 5), (np.int64(1), 28)): {'bw': 8}, ((0, 5), (28, 31)): {'bw': 8}, ((0, 5), (31, 29)): {'bw': 8}, ((0, 5), (29, 30)): {'bw': 8}, ((1, 2), (np.int64(14), 13)): {'bw': 6}, ((1, 2), (13, 2)): {'bw': 6}, ((1, 2), (2, 21)): {'bw': 6}, ((1, 2), (21, 22)): {'bw': 6}, ((1, 4), (np.int64(14), 12)): {'bw': 29}, ((1, 6), (np.int64(14), 12)): {'bw': 16}, ((1, 6), (12, 0)): {'bw': 16}, ((1, 6), (0, 4)): {'bw': 16}, ((1, 6), (4, 7)): {'bw': 16}, ((2, 5), (np.int64(22), 21)): {'bw': 12}, ((2, 5), (21, 2)): {'bw': 12}, ((2, 5), (2, 29)): {'bw': 12}, ((2, 5), (29, 30)): {'bw': 12}, ((2, 7), (np.int64(22), 21)): {'bw': 42}, ((2, 7), (21, 2)): {'bw': 42}, ((2, 7), (2, 5)): {'bw': 42}, ((2, 7), (5, 6)): {'bw': 42}, ((2, 7), (6, 9)): {'bw': 42}, ((3, 4), (np.int64(13), 14)): {'bw': 7}, ((3, 4), (14, 12)): {'bw': 7}, ((3, 6), (np.int64(13), 2)): {'bw': 9}, ((3, 6), (2, 5)): {'bw': 9}, ((3, 6), (5, 7)): {'bw': 9}, ((5, 6), (np.int64(30), 28)): {'bw': 0}, ((5, 6), (28, 0)): {'bw': 0}, ((5, 6), (0, 4)): {'bw': 0}, ((5, 6), (4, 7)): {'bw': 0}, ((5, 8), (np.int64(30), 29)): {'bw': 10}, ((5, 8), (29, 2)): {'bw': 10}, ((5, 8), (2, 5)): {'bw': 10}, ((5, 8), (5, 7)): {'bw': 10}, ((5, 8), (7, 11)): {'bw': 10}, ((6, 7), (np.int64(7), 4)): {'bw': 43}, ((6, 7), (4, 6)): {'bw': 43}, ((6, 7), (6, 9)): {'bw': 43}, ((6, 8), (np.int64(7), 11)): {'bw': 45}, ((7, 8), (np.int64(9), 6)): {'bw': 23}, ((7, 8), (6, 4)): {'bw': 23}, ((7, 8), (4, 7)): {'bw': 23}, ((7, 8), (7, 11)): {'bw': 23}}",927.0,368.0,144.0,72.0,296.0,72.0,296.0,72.0,855.0,559.0,0.3969795037756203,221030.68882525014,87744.65316903134,94.6544262880597,Success,0.0,"{'node_level': {}, 'link_level': {}, 'path_level': {}}","{'node_level': {0: {'cpu': -21}, 1: {'cpu': -67}, 2: {'cpu': -50}, 3: {'cpu': -91}, 4: {'cpu': -59}, 5: {'cpu': -33}, 6: {'cpu': -50}, 7: {'cpu': -64}, 8: {'cpu': -79}}, 'link_level': {(0, 2): {'bw': -2}, (0, 4): {'bw': -148}, (0, 5): {'bw': -31}, (1, 2): {'bw': -57}, (1, 4): {'bw': -146}, (1, 6): {'bw': -19}, (2, 5): {'bw': -80}, (2, 7): {'bw': -93}, (3, 4): {'bw': -123}, (3, 6): {'bw': -48}, (5, 6): {'bw': -1}, (5, 8): {'bw': -70}, (6, 7): {'bw': -69}, (6, 8): {'bw': -189}, (7, 8): {'bw': -46}}, 'path_level': {(0, 2): {}, (0, 4): {}, (0, 5): {}, (1, 2): {}, (1, 4): {}, (1, 6): {}, (2, 5): {}, (2, 7): {}, (3, 4): {}, (3, 6): {}, (5, 6): {}, (5, 8): {}, (6, 7): {}, (6, 8): {}, (7, 8): {}}}","{'node_level': {0: {'cpu': 0}, 1: {'cpu': 0}, 2: {'cpu': 0}, 3: {'cpu': 0}, 4: {'cpu': 0}, 5: {'cpu': 0}, 6: {'cpu': 0}, 7: {'cpu': 0}, 8: {'cpu': 0}}, 'link_level': {(0, 2): {'bw': 0}, (0, 4): {'bw': 0}, (0, 5): {'bw': 0}, (1, 2): {'bw': 0}, (1, 4): {'bw': 0}, (1, 6): {'bw': 0}, (2, 5): {'bw': 0}, (2, 7): {'bw': 0}, (3, 4): {'bw': 0}, (3, 6): {'bw': 0}, (5, 6): {'bw': 0}, (5, 8): {'bw': 0}, (6, 7): {'bw': 0}, (6, 8): {'bw': 0}, (7, 8): {'bw': 0}}, 'path_level': {(0, 2): {}, (0, 4): {}, (0, 5): {}, (1, 2): {}, (1, 4): {}, (1, 6): {}, (2, 5): {}, (2, 7): {}, (3, 4): {}, (3, 6): {}, (5, 6): {}, (5, 8): {}, (6, 7): {}, (6, 8): {}, (7, 8): {}}}",[],-inf,-inf,True,True,False,0,[],0,0.0,9.0,15.0
123,90,13,21696.0,52068.0,11250912.662369154,26976240.84534359,0.4166858723208112,0.41706747529692195,36,224,1,3086.0,9696,2125,7571,0.24858557284299854,0.48384237796563945,122,60.15637674671887,3086.0,6,12,False,"{0: np.int64(17), 1: np.int64(33), 2: np.int64(22), 3: np.int64(30), 4: np.int64(2), 5: np.int64(15)}","{(0, 1): [(np.int64(17), 14), (14, 13), (13, 2), (2, 29), (29, 30), (30, 33)], (0, 2): [(np.int64(17), 14), (14, 13), (13, 3), (3, 21), (21, 22)], (0, 3): []}","{(0, np.int64(17)): {'cpu': 4}, (1, np.int64(33)): {'cpu': 0}, (2, np.int64(22)): {'cpu': 13}, (3, np.int64(30)): {'cpu': 8}, (4, np.int64(2)): {'cpu': 6}, (5, np.int64(15)): {'cpu': 18}}","{((0, 1), (np.int64(17), 14)): {'bw': 41}, ((0, 1), (14, 13)): {'bw': 41}, ((0, 1), (13, 2)): {'bw': 41}, ((0, 1), (2, 29)): {'bw': 41}, ((0, 1), (29, 30)): {'bw': 41}, ((0, 1), (30, 33)): {'bw': 41}, ((0, 2), (np.int64(17), 14)): {'bw': 24}, ((0, 2), (14, 13)): {'bw': 24}, ((0, 2), (13, 3)): {'bw': 24}, ((0, 2), (3, 21)): {'bw': 24}, ((0, 2), (21, 22)): {'bw': 24}}",0.0,0.0,98.0,49.0,320.0,0.0,0.0,0.0,0.0,0.0,0.0,0.0,0.0,0.0,Route Failure,100.0,"{'node_level': {}, 'link_level': {}, 'path_level': {}}","{'node_level': {0: {'cpu': -41}, 1: {'cpu': -71}, 2: {'cpu': -37}, 3: {'cpu': -25}, 4: {'cpu': -16}, 5: {'cpu': -50}}, 'link_level': {(0, 1): {'bw': -7}, (0, 2): {'bw': -69}, (0, 3): {'bw': 100.0}}, 'path_level': {(0, 1): {}, (0, 2): {}, (0, 3): {}}}","{'node_level': {0: {'cpu': 0}, 1: {'cpu': 0}, 2: {'cpu': 0}, 3: {'cpu': 0}, 4: {'cpu': 0}, 5: {'cpu': 0}}, 'link_level': {(0, 1): {'bw': 0}, (0, 2): {'bw': 0}, (0, 3): {'bw': 100.0}}, 'path_level': {(0, 1): {}, (0, 2): {}, (0, 3): {}}}",[],-inf,-inf,True,False,False,0,[],0,0.0,6.0,3.0
123,90,13,21696.0,52068.0,11250912.662369154,26976240.84534359,0.4166858723208112,0.41706747529692195,36,225,0,3100.599168742387,9696,2125,7571,0.24858557284299854,0.48384237796563945,109,351.59916874238695,2749.0,9,22,False,{},{},{},{},0.0,0.0,0.0,0.0,0.0,0.0,0.0,0.0,0.0,0.0,0.0,0.0,0.0,0.0,Leave Event,0.0,"{'node_level': {}, 'link_level': {}, 'path_level': {}}","{'node_level': {}, 'link_level': {}, 'path_level': {}}","{'node_level': {}, 'link_level': {}, 'path_level': {}}",[],-inf,-inf,True,True,False,0,[],0,0.0,,
124,91,14,21848.0,52335.0,11254756.95413137,26982993.647320643,0.4174644119614025,0.41710557031721146,36,226,1,3114.0,9429,2092,7337,0.26025459688826025,0.49979547313880557,123,25.29139317247771,3114.0,5,4,True,"{0: np.int64(32), 1: np.int64(15), 2: np.int64(31), 3: np.int64(1), 4: np.int64(13)}","{(0, 2): [(np.int64(32), 30), (30, 29), (29, 31)], (1, 3): [(np.int64(15), 12), (12, 1)], (1, 4): [(np.int64(15), 13)], (2, 4): [(np.int64(31), 29), (29, 2), (2, 13)]}","{(0, np.int64(32)): {'cpu': 1}, (1, np.int64(15)): {'cpu': 14}, (2, np.int64(31)): {'cpu': 4}, (3, np.int64(1)): {'cpu': 12}, (4, np.int64(13)): {'cpu': 2}}","{((0, 2), (np.int64(32), 30)): {'bw': 23}, ((0, 2), (30, 29)): {'bw': 23}, ((0, 2), (29, 31)): {'bw': 23}, ((1, 3), (np.int64(15), 12)): {'bw': 29}, ((1, 3), (12, 1)): {'bw': 29}, ((1, 4), (np.int64(15), 13)): {'bw': 47}, ((2, 4), (np.int64(31), 29)): {'bw': 20}, ((2, 4), (29, 2)): {'bw': 20}, ((2, 4), (2, 13)): {'bw': 20}}",267.0,152.0,66.0,33.0,119.0,33.0,119.0,33.0,234.0,115.0,0.5692883895131086,6752.801977051549,3844.2917622166124,14.398096487702666,Success,0.0,"{'node_level': {}, 'link_level': {}, 'path_level': {}}","{'node_level': {0: {'cpu': -89}, 1: {'cpu': -54}, 2: {'cpu': -34}, 3: {'cpu': -9}, 4: {'cpu': -89}}, 'link_level': {(0, 2): {'bw': -47}, (1, 3): {'bw': -119}, (1, 4): {'bw': -243}, (2, 4): {'bw': -28}}, 'path_level': {(0, 2): {}, (1, 3): {}, (1, 4): {}, (2, 4): {}}}","{'node_level': {0: {'cpu': 0}, 1: {'cpu': 0}, 2: {'cpu': 0}, 3: {'cpu': 0}, 4: {'cpu': 0}}, 'link_level': {(0, 2): {'bw': 0}, (1, 3): {'bw': 0}, (1, 4): {'bw': 0}, (2, 4): {'bw': 0}}, 'path_level': {(0, 2): {}, (1, 3): {}, (1, 4): {}, (2, 4): {}}}",[],-inf,-inf,True,True,False,0,[],0,0.0,5.0,4.0
125,92,15,21878.0,52380.0,11258012.720539553,26987877.296932917,0.41767850324551353,0.41715073018428867,36,227,1,3136.0,9384,2077,7307,0.26555869872701554,0.50184074175075,124,108.52554693939366,3136.0,2,1,True,"{0: np.int64(6), 1: np.int64(2)}","{(0, 1): [(np.int64(6), 5), (5, 2)]}","{(0, np.int64(6)): {'cpu': 1}, (1, np.int64(2)): {'cpu': 14}}","{((0, 1), (np.int64(6), 5)): {'bw': 15}, ((0, 1), (5, 2)): {'bw': 15}}",45.0,30.0,30.0,15.0,15.0,15.0,15.0,15.0,30.0,15.0,0.6666666666666666,4883.649612272715,3255.7664081818098,72.35036462626243,Success,0.0,"{'node_level': {}, 'link_level': {}, 'path_level': {}}","{'node_level': {0: {'cpu': -99}, 1: {'cpu': -8}}, 'link_level': {(0, 1): {'bw': -201}}, 'path_level': {(0, 1): {}}}","{'node_level': {0: {'cpu': 0}, 1: {'cpu': 0}}, 'link_level': {(0, 1): {'bw': 0}}, 'path_level': {(0, 1): {}}}",[],-inf,-inf,True,True,False,0,[],0,0.0,2.0,1.0
125,92,14,21878.0,52380.0,11258012.720539553,26987877.296932917,0.41767850324551353,0.41715073018428867,36,228,0,3139.291393172478,9651,2110,7541,0.25388967468175394,0.4858876465775839,123,25.29139317247771,3114.0,5,4,False,{},{},{},{},0.0,0.0,0.0,0.0,0.0,0.0,0.0,0.0,0.0,0.0,0.0,0.0,0.0,0.0,Leave Event,0.0,"{'node_level': {}, 'link_level': {}, 'path_level': {}}","{'node_level': {}, 'link_level': {}, 'path_level': {}}","{'node_level': {}, 'link_level': {}, 'path_level': {}}",[],-inf,-inf,True,True,False,0,[],0,0.0,,
125,92,14,21878.0,52380.0,11258012.720539553,26987877.296932917,0.41767850324551353,0.41715073018428867,36,229,0,3146.1563767467187,9651,2110,7541,0.25388967468175394,0.4858876465775839,122,60.15637674671887,3086.0,6,12,False,{},{},{},{},0.0,0.0,0.0,0.0,0.0,0.0,0.0,0.0,0.0,0.0,0.0,0.0,0.0,0.0,Leave Event,0.0,"{'node_level': {}, 'link_level': {}, 'path_level': {}}","{'node_level': {}, 'link_level': {}, 'path_level': {}}","{'node_level': {}, 'link_level': {}, 'path_level': {}}",[],-inf,-inf,True,True,False,0,[],0,0.0,,
126,92,14,21878.0,52380.0,11258012.720539553,26987877.296932917,0.41767850324551353,0.41715073018428867,36,230,1,3165.0,9651,2110,7541,0.25388967468175394,0.4858876465775839,125,948.7771634749412,3165.0,7,14,False,"{0: np.int64(6), 1: np.int64(12), 2: np.int64(33), 3: np.int64(3), 4: np.int64(30), 5: np.int64(18), 6: np.int64(21)}","{(0, 2): [(np.int64(6), 5), (5, 2), (2, 29), (29, 30), (30, 33)], (0, 3): [(np.int64(6), 5), (5, 3)], (0, 4): []}","{(0, np.int64(6)): {'cpu': 12}, (1, np.int64(12)): {'cpu': 17}, (2, np.int64(33)): {'cpu': 2}, (3, np.int64(3)): {'cpu': 4}, (4, np.int64(30)): {'cpu': 5}, (5, np.int64(18)): {'cpu': 0}, (6, np.int64(21)): {'cpu': 17}}","{((0, 2), (np.int64(6), 5)): {'bw': 50}, ((0, 2), (5, 2)): {'bw': 50}, ((0, 2), (2, 29)): {'bw': 50}, ((0, 2), (29, 30)): {'bw': 50}, ((0, 2), (30, 33)): {'bw': 50}, ((0, 3), (np.int64(6), 5)): {'bw': 14}, ((0, 3), (5, 3)): {'bw': 14}}",0.0,0.0,114.0,57.0,405.0,0.0,0.0,0.0,0.0,0.0,0.0,0.0,0.0,0.0,Route Failure,100.0,"{'node_level': {}, 'link_level': {}, 'path_level': {}}","{'node_level': {0: {'cpu': -87}, 1: {'cpu': -42}, 2: {'cpu': -69}, 3: {'cpu': -53}, 4: {'cpu': -28}, 5: {'cpu': -50}, 6: {'cpu': -23}}, 'link_level': {(0, 2): {'bw': -20}, (0, 3): {'bw': -137}, (0, 4): {'bw': 100.0}}, 'path_level': {(0, 2): {}, (0, 3): {}, (0, 4): {}}}","{'node_level': {0: {'cpu': 0}, 1: {'cpu': 0}, 2: {'cpu': 0}, 3: {'cpu': 0}, 4: {'cpu': 0}, 5: {'cpu': 0}, 6: {'cpu': 0}}, 'link_level': {(0, 2): {'bw': 0}, (0, 3): {'bw': 0}, (0, 4): {'bw': 100.0}}, 'path_level': {(0, 2): {}, (0, 3): {}, (0, 4): {}}}",[],-inf,-inf,True,False,False,0,[],0,0.0,7.0,3.0
127,93,15,21905.0,52407.0,11267164.315623714,26997028.892017078,0.417978514320606,0.41734830750043656,36,231,1,3191.0,9624,2084,7540,0.26308345120226306,0.48595582219798206,126,338.9479660799969,3191.0,2,1,True,"{0: np.int64(4), 1: np.int64(1)}","{(0, 1): [(np.int64(4), 1)]}","{(0, np.int64(4)): {'cpu': 13}, (1, np.int64(1)): {'cpu': 13}}","{((0, 1), (np.int64(4), 1)): {'bw': 1}}",27.0,27.0,52.0,26.0,1.0,26.0,1.0,26.0,1.0,0.0,1.0,9151.595084159915,9151.595084159915,338.9479660799969,Success,0.0,"{'node_level': {}, 'link_level': {}, 'path_level': {}}","{'node_level': {0: {'cpu': -43}, 1: {'cpu': -8}}, 'link_level': {(0, 1): {'bw': -151}}, 'path_level': {(0, 1): {}}}","{'node_level': {0: {'cpu': 0}, 1: {'cpu': 0}}, 'link_level': {(0, 1): {'bw': 0}}, 'path_level': {(0, 1): {}}}",[],-inf,-inf,True,True,False,0,[],0,0.0,2.0,1.0
127,93,15,21905.0,52407.0,11267164.315623714,26997028.892017078,0.417978514320606,0.41734830750043656,36,232,0,3196.1496247042614,9624,2084,7540,0.26308345120226306,0.48595582219798206,93,844.1496247042616,2352.0,9,15,False,{},{},{},{},0.0,0.0,0.0,0.0,0.0,0.0,0.0,0.0,0.0,0.0,0.0,0.0,0.0,0.0,Leave Event,0.0,"{'node_level': {}, 'link_level': {}, 'path_level': {}}","{'node_level': {}, 'link_level': {}, 'path_level': {}}","{'node_level': {}, 'link_level': {}, 'path_level': {}}",[],-inf,-inf,True,True,False,0,[],0,0.0,,
128,94,16,22128.0,52858.0,11705821.201239591,27884178.019428562,0.4186310492262288,0.41980155172884964,36,233,1,3215.0,9173,2000,7173,0.2927864214992928,0.5109762748841015,127,1967.0712359456438,3215.0,7,9,True,"{0: np.int64(3), 1: np.int64(26), 2: np.int64(23), 3: np.int64(32), 4: np.int64(13), 5: np.int64(8), 6: np.int64(6)}","{(0, 1): [(np.int64(3), 21), (21, 23), (23, 26)], (0, 2): [(np.int64(3), 21), (21, 23)], (0, 3): [(np.int64(3), 29), (29, 30), (30, 32)], (0, 6): [(np.int64(3), 5), (5, 6)], (1, 5): [(np.int64(26), 23), (23, 20), (20, 0), (0, 4), (4, 6), (6, 8)], (2, 3): [(np.int64(23), 20), (20, 1), (1, 28), (28, 30), (30, 32)], (3, 4): [(np.int64(32), 30), (30, 29), (29, 2), (2, 13)], (3, 5): [(np.int64(32), 30), (30, 28), (28, 1), (1, 4), (4, 6), (6, 8)], (5, 6): [(np.int64(8), 6)]}","{(0, np.int64(3)): {'cpu': 18}, (1, np.int64(26)): {'cpu': 18}, (2, np.int64(23)): {'cpu': 10}, (3, np.int64(32)): {'cpu': 10}, (4, np.int64(13)): {'cpu': 14}, (5, np.int64(8)): {'cpu': 9}, (6, np.int64(6)): {'cpu': 5}}","{((0, 1), (np.int64(3), 21)): {'bw': 2}, ((0, 1), (21, 23)): {'bw': 2}, ((0, 1), (23, 26)): {'bw': 2}, ((0, 2), (np.int64(3), 21)): {'bw': 20}, ((0, 2), (21, 23)): {'bw': 20}, ((0, 3), (np.int64(3), 29)): {'bw': 30}, ((0, 3), (29, 30)): {'bw': 30}, ((0, 3), (30, 32)): {'bw': 30}, ((0, 6), (np.int64(3), 5)): {'bw': 17}, ((0, 6), (5, 6)): {'bw': 17}, ((1, 5), (np.int64(26), 23)): {'bw': 8}, ((1, 5), (23, 20)): {'bw': 8}, ((1, 5), (20, 0)): {'bw': 8}, ((1, 5), (0, 4)): {'bw': 8}, ((1, 5), (4, 6)): {'bw': 8}, ((1, 5), (6, 8)): {'bw': 8}, ((2, 3), (np.int64(23), 20)): {'bw': 3}, ((2, 3), (20, 1)): {'bw': 3}, ((2, 3), (1, 28)): {'bw': 3}, ((2, 3), (28, 30)): {'bw': 3}, ((2, 3), (30, 32)): {'bw': 3}, ((3, 4), (np.int64(32), 30)): {'bw': 20}, ((3, 4), (30, 29)): {'bw': 20}, ((3, 4), (29, 2)): {'bw': 20}, ((3, 4), (2, 13)): {'bw': 20}, ((3, 5), (np.int64(32), 30)): {'bw': 3}, ((3, 5), (30, 28)): {'bw': 3}, ((3, 5), (28, 1)): {'bw': 3}, ((3, 5), (1, 4)): {'bw': 3}, ((3, 5), (4, 6)): {'bw': 3}, ((3, 5), (6, 8)): {'bw': 3}, ((5, 6), (np.int64(8), 6)): {'bw': 36}}",451.0,223.0,168.0,84.0,139.0,84.0,139.0,84.0,367.0,228.0,0.49445676274944567,887149.1274114854,438656.88561587856,972.631675423234,Success,0.0,"{'node_level': {}, 'link_level': {}, 'path_level': {}}","{'node_level': {0: {'cpu': -39}, 1: {'cpu': -51}, 2: {'cpu': -76}, 3: {'cpu': -80}, 4: {'cpu': -77}, 5: {'cpu': -76}, 6: {'cpu': -94}}, 'link_level': {(0, 1): {'bw': -187}, (0, 2): {'bw': -167}, (0, 3): {'bw': -40}, (0, 6): {'bw': -184}, (1, 5): {'bw': -11}, (2, 3): {'bw': -4}, (3, 4): {'bw': -20}, (3, 5): {'bw': -1}, (5, 6): {'bw': -187}}, 'path_level': {(0, 1): {}, (0, 2): {}, (0, 3): {}, (0, 6): {}, (1, 5): {}, (2, 3): {}, (3, 4): {}, (3, 5): {}, (5, 6): {}}}","{'node_level': {0: {'cpu': 0}, 1: {'cpu': 0}, 2: {'cpu': 0}, 3: {'cpu': 0}, 4: {'cpu': 0}, 5: {'cpu': 0}, 6: {'cpu': 0}}, 'link_level': {(0, 1): {'bw': 0}, (0, 2): {'bw': 0}, (0, 3): {'bw': 0}, (0, 6): {'bw': 0}, (1, 5): {'bw': 0}, (2, 3): {'bw': 0}, (3, 4): {'bw': 0}, (3, 5): {'bw': 0}, (5, 6): {'bw': 0}}, 'path_level': {(0, 1): {}, (0, 2): {}, (0, 3): {}, (0, 6): {}, (1, 5): {}, (2, 3): {}, (3, 4): {}, (3, 5): {}, (5, 6): {}}}",[],-inf,-inf,True,True,False,0,[],0,0.0,7.0,9.0
129,94,16,22128.0,52858.0,11705821.201239591,27884178.019428562,0.4186310492262288,0.41980155172884964,36,234,1,3234.0,9173,2000,7173,0.2927864214992928,0.5109762748841015,128,537.9885026961606,3234.0,9,18,False,"{0: np.int64(32), 1: np.int64(9), 2: np.int64(13), 3: np.int64(2), 4: np.int64(5), 5: np.int64(29), 6: np.int64(7), 7: np.int64(4), 8: np.int64(12)}","{(0, 6): []}","{(0, np.int64(32)): {'cpu': 4}, (1, np.int64(9)): {'cpu': 9}, (2, np.int64(13)): {'cpu': 15}, (3, np.int64(2)): {'cpu': 1}, (4, np.int64(5)): {'cpu': 0}, (5, np.int64(29)): {'cpu': 1}, (6, np.int64(7)): {'cpu': 7}, (7, np.int64(4)): {'cpu': 16}, (8, np.int64(12)): {'cpu': 8}}",{},0.0,0.0,122.0,61.0,450.0,0.0,0.0,0.0,0.0,0.0,0.0,0.0,0.0,0.0,Route Failure,100.0,"{'node_level': {}, 'link_level': {}, 'path_level': {}}","{'node_level': {0: {'cpu': -76}, 1: {'cpu': -55}, 2: {'cpu': -62}, 3: {'cpu': -7}, 4: {'cpu': -6}, 5: {'cpu': -18}, 6: {'cpu': -43}, 7: {'cpu': -27}, 8: {'cpu': -51}}, 'link_level': {(0, 6): {'bw': 100.0}}, 'path_level': {(0, 6): {}}}","{'node_level': {0: {'cpu': 0}, 1: {'cpu': 0}, 2: {'cpu': 0}, 3: {'cpu': 0}, 4: {'cpu': 0}, 5: {'cpu': 0}, 6: {'cpu': 0}, 7: {'cpu': 0}, 8: {'cpu': 0}}, 'link_level': {(0, 6): {'bw': 100.0}}, 'path_level': {(0, 6): {}}}",[],-inf,-inf,True,False,False,0,[],0,0.0,9.0,1.0
129,94,15,22128.0,52858.0,11705821.201239591,27884178.019428562,0.4186310492262288,0.41980155172884964,36,235,0,3244.5255469393937,9218,2015,7203,0.2874823196605375,0.508931006272157,124,108.52554693939366,3136.0,2,1,False,{},{},{},{},0.0,0.0,0.0,0.0,0.0,0.0,0.0,0.0,0.0,0.0,0.0,0.0,0.0,0.0,Leave Event,0.0,"{'node_level': {}, 'link_level': {}, 'path_level': {}}","{'node_level': {}, 'link_level': {}, 'path_level': {}}","{'node_level': {}, 'link_level': {}, 'path_level': {}}",[],-inf,-inf,True,True,False,0,[],0,0.0,,
130,94,15,22128.0,52858.0,11705821.201239591,27884178.019428562,0.4186310492262288,0.41980155172884964,36,236,1,3264.0,9218,2015,7203,0.2874823196605375,0.508931006272157,129,159.03251005120978,3264.0,7,13,False,"{0: np.int64(0), 1: np.int64(9), 2: np.int64(35), 3: np.int64(23), 4: np.int64(32), 5: np.int64(10), 6: np.int64(20)}","{(0, 3): [(np.int64(0), 20), (20, 23)], (0, 4): []}","{(0, np.int64(0)): {'cpu': 13}, (1, np.int64(9)): {'cpu': 9}, (2, np.int64(35)): {'cpu': 19}, (3, np.int64(23)): {'cpu': 7}, (4, np.int64(32)): {'cpu': 20}, (5, np.int64(10)): {'cpu': 20}, (6, np.int64(20)): {'cpu': 19}}","{((0, 3), (np.int64(0), 20)): {'bw': 0}, ((0, 3), (20, 23)): {'bw': 0}}",0.0,0.0,214.0,107.0,351.0,0.0,0.0,0.0,0.0,0.0,0.0,0.0,0.0,0.0,Route Failure,100.0,"{'node_level': {}, 'link_level': {}, 'path_level': {}}","{'node_level': {0: {'cpu': -43}, 1: {'cpu': -55}, 2: {'cpu': -63}, 3: {'cpu': -69}, 4: {'cpu': -60}, 5: {'cpu': -48}, 6: {'cpu': -40}}, 'link_level': {(0, 3): {'bw': -108}, (0, 4): {'bw': 100.0}}, 'path_level': {(0, 3): {}, (0, 4): {}}}","{'node_level': {0: {'cpu': 0}, 1: {'cpu': 0}, 2: {'cpu': 0}, 3: {'cpu': 0}, 4: {'cpu': 0}, 5: {'cpu': 0}, 6: {'cpu': 0}}, 'link_level': {(0, 3): {'bw': 0}, (0, 4): {'bw': 100.0}}, 'path_level': {(0, 3): {}, (0, 4): {}}}",[],-inf,-inf,True,False,False,0,[],0,0.0,7.0,2.0
130,94,14,22128.0,52858.0,11705821.201239591,27884178.019428562,0.4186310492262288,0.41980155172884964,36,237,0,3267.6541789147013,10573,2097,8476,0.25848656294200845,0.4221434415053177,99,767.6541789147016,2500.0,9,20,False,{},{},{},{},0.0,0.0,0.0,0.0,0.0,0.0,0.0,0.0,0.0,0.0,0.0,0.0,0.0,0.0,Leave Event,0.0,"{'node_level': {}, 'link_level': {}, 'path_level': {}}","{'node_level': {}, 'link_level': {}, 'path_level': {}}","{'node_level': {}, 'link_level': {}, 'path_level': {}}",[],-inf,-inf,True,True,False,0,[],0,0.0,,
131,94,14,22128.0,52858.0,11705821.201239591,27884178.019428562,0.4186310492262288,0.41980155172884964,36,238,1,3290.0,10573,2097,8476,0.25848656294200845,0.4221434415053177,130,518.45061640829,3290.0,10,24,False,"{0: np.int64(26), 1: np.int64(9), 2: np.int64(10), 3: np.int64(33), 4: np.int64(23), 5: np.int64(16), 6: np.int64(6), 7: np.int64(25), 8: np.int64(18), 9: np.int64(14)}","{(0, 2): [(np.int64(26), 23), (23, 20), (20, 0), (0, 4), (4, 7), (7, 10)], (0, 4): [(np.int64(26), 23)], (0, 6): [(np.int64(26), 23), (23, 20), (20, 0), (0, 4), (4, 6)], (0, 8): [(np.int64(26), 23), (23, 20), (20, 0), (0, 12), (12, 15), (15, 18)], (0, 9): [(np.int64(26), 23), (23, 20), (20, 0), (0, 12), (12, 14)], (1, 5): [(np.int64(9), 6), (6, 5), (5, 2), (2, 13), (13, 14), (14, 16)], (1, 6): [(np.int64(9), 6)], (1, 7): [(np.int64(9), 6), (6, 5), (5, 2), (2, 21), (21, 22), (22, 25)], (2, 3): [(np.int64(10), 7), (7, 4), (4, 1), (1, 28), (28, 30), (30, 33)], (2, 6): [(np.int64(10), 7), (7, 4), (4, 6)], (2, 7): [(np.int64(10), 7), (7, 5), (5, 2), (2, 21), (21, 22), (22, 25)], (2, 9): [(np.int64(10), 7), (7, 4), (4, 1), (1, 12), (12, 14)], (3, 4): [(np.int64(33), 30), (30, 28), (28, 1), (1, 20), (20, 23)], (3, 6): [(np.int64(33), 30), (30, 28), (28, 1), (1, 4), (4, 6)], (3, 7): [(np.int64(33), 30), (30, 29), (29, 2), (2, 21), (21, 22), (22, 25)], (3, 8): [(np.int64(33), 30), (30, 29), (29, 3), (3, 13), (13, 15), (15, 18)], (4, 5): [(np.int64(23), 20), (20, 0), (0, 12), (12, 14), (14, 16)], (4, 8): [(np.int64(23), 21), (21, 3), (3, 13), (13, 15), (15, 18)], (4, 9): [(np.int64(23), 20), (20, 0), (0, 12), (12, 14)], (5, 6): []}","{(0, np.int64(26)): {'cpu': 8}, (1, np.int64(9)): {'cpu': 14}, (2, np.int64(10)): {'cpu': 12}, (3, np.int64(33)): {'cpu': 13}, (4, np.int64(23)): {'cpu': 4}, (5, np.int64(16)): {'cpu': 19}, (6, np.int64(6)): {'cpu': 7}, (7, np.int64(25)): {'cpu': 10}, (8, np.int64(18)): {'cpu': 16}, (9, np.int64(14)): {'cpu': 6}}","{((0, 2), (np.int64(26), 23)): {'bw': 14}, ((0, 2), (23, 20)): {'bw': 14}, ((0, 2), (20, 0)): {'bw': 14}, ((0, 2), (0, 4)): {'bw': 14}, ((0, 2), (4, 7)): {'bw': 14}, ((0, 2), (7, 10)): {'bw': 14}, ((0, 4), (np.int64(26), 23)): {'bw': 47}, ((0, 6), (np.int64(26), 23)): {'bw': 38}, ((0, 6), (23, 20)): {'bw': 38}, ((0, 6), (20, 0)): {'bw': 38}, ((0, 6), (0, 4)): {'bw': 38}, ((0, 6), (4, 6)): {'bw': 38}, ((0, 8), (np.int64(26), 23)): {'bw': 5}, ((0, 8), (23, 20)): {'bw': 5}, ((0, 8), (20, 0)): {'bw': 5}, ((0, 8), (0, 12)): {'bw': 5}, ((0, 8), (12, 15)): {'bw': 5}, ((0, 8), (15, 18)): {'bw': 5}, ((0, 9), (np.int64(26), 23)): {'bw': 10}, ((0, 9), (23, 20)): {'bw': 10}, ((0, 9), (20, 0)): {'bw': 10}, ((0, 9), (0, 12)): {'bw': 10}, ((0, 9), (12, 14)): {'bw': 10}, ((1, 5), (np.int64(9), 6)): {'bw': 33}, ((1, 5), (6, 5)): {'bw': 33}, ((1, 5), (5, 2)): {'bw': 33}, ((1, 5), (2, 13)): {'bw': 33}, ((1, 5), (13, 14)): {'bw': 33}, ((1, 5), (14, 16)): {'bw': 33}, ((1, 6), (np.int64(9), 6)): {'bw': 30}, ((1, 7), (np.int64(9), 6)): {'bw': 35}, ((1, 7), (6, 5)): {'bw': 35}, ((1, 7), (5, 2)): {'bw': 35}, ((1, 7), (2, 21)): {'bw': 35}, ((1, 7), (21, 22)): {'bw': 35}, ((1, 7), (22, 25)): {'bw': 35}, ((2, 3), (np.int64(10), 7)): {'bw': 7}, ((2, 3), (7, 4)): {'bw': 7}, ((2, 3), (4, 1)): {'bw': 7}, ((2, 3), (1, 28)): {'bw': 7}, ((2, 3), (28, 30)): {'bw': 7}, ((2, 3), (30, 33)): {'bw': 7}, ((2, 6), (np.int64(10), 7)): {'bw': 4}, ((2, 6), (7, 4)): {'bw': 4}, ((2, 6), (4, 6)): {'bw': 4}, ((2, 7), (np.int64(10), 7)): {'bw': 12}, ((2, 7), (7, 5)): {'bw': 12}, ((2, 7), (5, 2)): {'bw': 12}, ((2, 7), (2, 21)): {'bw': 12}, ((2, 7), (21, 22)): {'bw': 12}, ((2, 7), (22, 25)): {'bw': 12}, ((2, 9), (np.int64(10), 7)): {'bw': 15}, ((2, 9), (7, 4)): {'bw': 15}, ((2, 9), (4, 1)): {'bw': 15}, ((2, 9), (1, 12)): {'bw': 15}, ((2, 9), (12, 14)): {'bw': 15}, ((3, 4), (np.int64(33), 30)): {'bw': 32}, ((3, 4), (30, 28)): {'bw': 32}, ((3, 4), (28, 1)): {'bw': 32}, ((3, 4), (1, 20)): {'bw': 32}, ((3, 4), (20, 23)): {'bw': 32}, ((3, 6), (np.int64(33), 30)): {'bw': 2}, ((3, 6), (30, 28)): {'bw': 2}, ((3, 6), (28, 1)): {'bw': 2}, ((3, 6), (1, 4)): {'bw': 2}, ((3, 6), (4, 6)): {'bw': 2}, ((3, 7), (np.int64(33), 30)): {'bw': 41}, ((3, 7), (30, 29)): {'bw': 41}, ((3, 7), (29, 2)): {'bw': 41}, ((3, 7), (2, 21)): {'bw': 41}, ((3, 7), (21, 22)): {'bw': 41}, ((3, 7), (22, 25)): {'bw': 41}, ((3, 8), (np.int64(33), 30)): {'bw': 35}, ((3, 8), (30, 29)): {'bw': 35}, ((3, 8), (29, 3)): {'bw': 35}, ((3, 8), (3, 13)): {'bw': 35}, ((3, 8), (13, 15)): {'bw': 35}, ((3, 8), (15, 18)): {'bw': 35}, ((4, 5), (np.int64(23), 20)): {'bw': 24}, ((4, 5), (20, 0)): {'bw': 24}, ((4, 5), (0, 12)): {'bw': 24}, ((4, 5), (12, 14)): {'bw': 24}, ((4, 5), (14, 16)): {'bw': 24}, ((4, 8), (np.int64(23), 21)): {'bw': 34}, ((4, 8), (21, 3)): {'bw': 34}, ((4, 8), (3, 13)): {'bw': 34}, ((4, 8), (13, 15)): {'bw': 34}, ((4, 8), (15, 18)): {'bw': 34}, ((4, 9), (np.int64(23), 20)): {'bw': 17}, ((4, 9), (20, 0)): {'bw': 17}, ((4, 9), (0, 12)): {'bw': 17}, ((4, 9), (12, 14)): {'bw': 17}}",0.0,0.0,218.0,109.0,576.0,0.0,0.0,0.0,0.0,0.0,0.0,0.0,0.0,0.0,Route Failure,100.0,"{'node_level': {}, 'link_level': {}, 'path_level': {}}","{'node_level': {0: {'cpu': -43}, 1: {'cpu': -50}, 2: {'cpu': -61}, 3: {'cpu': -58}, 4: {'cpu': -72}, 5: {'cpu': -49}, 6: {'cpu': -88}, 7: {'cpu': -49}, 8: {'cpu': -34}, 9: {'cpu': -61}}, 'link_level': {(0, 2): {'bw': -38}, (0, 4): {'bw': -128}, (0, 6): {'bw': 0}, (0, 8): {'bw': -51}, (0, 9): {'bw': -41}, (1, 5): {'bw': -21}, (1, 6): {'bw': -35}, (1, 7): {'bw': 0}, (2, 3): {'bw': -51}, (2, 6): {'bw': -28}, (2, 7): {'bw': -46}, (2, 9): {'bw': -119}, (3, 4): {'bw': -19}, (3, 6): {'bw': -17}, (3, 7): {'bw': -5}, (3, 8): {'bw': -1}, (4, 5): {'bw': -17}, (4, 8): {'bw': -133}, (4, 9): {'bw': 0}, (5, 6): {'bw': 100.0}}, 'path_level': {(0, 2): {}, (0, 4): {}, (0, 6): {}, (0, 8): {}, (0, 9): {}, (1, 5): {}, (1, 6): {}, (1, 7): {}, (2, 3): {}, (2, 6): {}, (2, 7): {}, (2, 9): {}, (3, 4): {}, (3, 6): {}, (3, 7): {}, (3, 8): {}, (4, 5): {}, (4, 8): {}, (4, 9): {}, (5, 6): {}}}","{'node_level': {0: {'cpu': 0}, 1: {'cpu': 0}, 2: {'cpu': 0}, 3: {'cpu': 0}, 4: {'cpu': 0}, 5: {'cpu': 0}, 6: {'cpu': 0}, 7: {'cpu': 0}, 8: {'cpu': 0}, 9: {'cpu': 0}}, 'link_level': {(0, 2): {'bw': 0}, (0, 4): {'bw': 0}, (0, 6): {'bw': 0}, (0, 8): {'bw': 0}, (0, 9): {'bw': 0}, (1, 5): {'bw': 0}, (1, 6): {'bw': 0}, (1, 7): {'bw': 0}, (2, 3): {'bw': 0}, (2, 6): {'bw': 0}, (2, 7): {'bw': 0}, (2, 9): {'bw': 0}, (3, 4): {'bw': 0}, (3, 6): {'bw': 0}, (3, 7): {'bw': 0}, (3, 8): {'bw': 0}, (4, 5): {'bw': 0}, (4, 8): {'bw': 0}, (4, 9): {'bw': 0}, (5, 6): {'bw': 100.0}}, 'path_level': {(0, 2): {}, (0, 4): {}, (0, 6): {}, (0, 8): {}, (0, 9): {}, (1, 5): {}, (1, 6): {}, (1, 7): {}, (2, 3): {}, (2, 6): {}, (2, 7): {}, (2, 9): {}, (3, 4): {}, (3, 6): {}, (3, 7): {}, (3, 8): {}, (4, 5): {}, (4, 8): {}, (4, 9): {}, (5, 6): {}}}",[],-inf,-inf,True,False,False,0,[],0,0.0,10.0,20.0
131,94,14,22128.0,52858.0,11705821.201239591,27884178.019428562,0.4186310492262288,0.41980155172884964,36,239,0,3291.590204334053,10573,2097,8476,0.25848656294200845,0.4221434415053177,90,1001.5902043340529,2290.0,10,24,False,{},{},{},{},0.0,0.0,0.0,0.0,0.0,0.0,0.0,0.0,0.0,0.0,0.0,0.0,0.0,0.0,Leave Event,0.0,"{'node_level': {}, 'link_level': {}, 'path_level': {}}","{'node_level': {}, 'link_level': {}, 'path_level': {}}","{'node_level': {}, 'link_level': {}, 'path_level': {}}",[],-inf,-inf,True,True,False,0,[],0,0.0,,
131,94,13,22128.0,52858.0,11705821.201239591,27884178.019428562,0.4186310492262288,0.41980155172884964,36,240,0,3299.4365575245415,11500,2169,9331,0.233026874115983,0.3638532860649032,121,238.43655752454168,3061.0,9,15,False,{},{},{},{},0.0,0.0,0.0,0.0,0.0,0.0,0.0,0.0,0.0,0.0,0.0,0.0,0.0,0.0,Leave Event,0.0,"{'node_level': {}, 'link_level': {}, 'path_level': {}}","{'node_level': {}, 'link_level': {}, 'path_level': {}}","{'node_level': {}, 'link_level': {}, 'path_level': {}}",[],-inf,-inf,True,True,False,0,[],0,0.0,,
132,95,14,22244.0,53099.0,11721902.5168243,27917588.338876102,0.41891561046347386,0.41987518314757827,36,241,1,3315.0,11259,2145,9114,0.24151343705799155,0.3786473956913008,131,138.63203090265026,3315.0,4,4,True,"{0: np.int64(30), 1: np.int64(24), 2: np.int64(1), 3: np.int64(21)}","{(0, 2): [(np.int64(30), 28), (28, 1)], (0, 3): [(np.int64(30), 29), (29, 2), (2, 21)], (1, 3): [(np.int64(24), 22), (22, 21)], (2, 3): [(np.int64(1), 20), (20, 22), (22, 21)]}","{(0, np.int64(30)): {'cpu': 12}, (1, np.int64(24)): {'cpu': 1}, (2, np.int64(1)): {'cpu': 5}, (3, np.int64(21)): {'cpu': 6}}","{((0, 2), (np.int64(30), 28)): {'bw': 37}, ((0, 2), (28, 1)): {'bw': 37}, ((0, 3), (np.int64(30), 29)): {'bw': 23}, ((0, 3), (29, 2)): {'bw': 23}, ((0, 3), (2, 21)): {'bw': 23}, ((1, 3), (np.int64(24), 22)): {'bw': 22}, ((1, 3), (22, 21)): {'bw': 22}, ((2, 3), (np.int64(1), 20)): {'bw': 10}, ((2, 3), (20, 22)): {'bw': 10}, ((2, 3), (22, 21)): {'bw': 10}}",241.0,116.0,48.0,24.0,92.0,24.0,92.0,24.0,217.0,125.0,0.48132780082987553,33410.31944753871,16081.31558470743,66.72745055895199,Success,0.0,"{'node_level': {}, 'link_level': {}, 'path_level': {}}","{'node_level': {0: {'cpu': -32}, 1: {'cpu': -37}, 2: {'cpu': -23}, 3: {'cpu': -34}}, 'link_level': {(0, 2): {'bw': -21}, (0, 3): {'bw': -84}, (1, 3): {'bw': -131}, (2, 3): {'bw': -37}}, 'path_level': {(0, 2): {}, (0, 3): {}, (1, 3): {}, (2, 3): {}}}","{'node_level': {0: {'cpu': 0}, 1: {'cpu': 0}, 2: {'cpu': 0}, 3: {'cpu': 0}}, 'link_level': {(0, 2): {'bw': 0}, (0, 3): {'bw': 0}, (1, 3): {'bw': 0}, (2, 3): {'bw': 0}}, 'path_level': {(0, 2): {}, (0, 3): {}, (1, 3): {}, (2, 3): {}}}",[],-inf,-inf,True,True,False,0,[],0,0.0,4.0,4.0
132,95,14,22244.0,53099.0,11721902.5168243,27917588.338876102,0.41891561046347386,0.41987518314757827,36,242,0,3326.1597964357543,11259,2145,9114,0.24151343705799155,0.3786473956913008,88,1099.159796435754,2227.0,8,14,False,{},{},{},{},0.0,0.0,0.0,0.0,0.0,0.0,0.0,0.0,0.0,0.0,0.0,0.0,0.0,0.0,Leave Event,0.0,"{'node_level': {}, 'link_level': {}, 'path_level': {}}","{'node_level': {}, 'link_level': {}, 'path_level': {}}","{'node_level': {}, 'link_level': {}, 'path_level': {}}",[],-inf,-inf,True,True,False,0,[],0,0.0,,
133,96,15,22490.0,53552.0,11848574.038680056,28150849.312049508,0.41996564087242305,0.4208957927819417,36,243,1,3343.0,10806,2064,8742,0.27015558698727016,0.404008726479411,132,514.9248855925074,3343.0,6,7,True,"{0: np.int64(22), 1: np.int64(20), 2: np.int64(28), 3: np.int64(4), 4: np.int64(23), 5: np.int64(3)}","{(0, 1): [(np.int64(22), 20)], (0, 5): [(np.int64(22), 21), (21, 3)], (1, 2): [(np.int64(20), 0), (0, 28)], (1, 3): [(np.int64(20), 0), (0, 4)], (2, 3): [(np.int64(28), 1), (1, 4)], (2, 4): [(np.int64(28), 1), (1, 20), (20, 23)], (3, 4): [(np.int64(4), 0), (0, 20), (20, 23)]}","{(0, np.int64(22)): {'cpu': 6}, (1, np.int64(20)): {'cpu': 18}, (2, np.int64(28)): {'cpu': 19}, (3, np.int64(4)): {'cpu': 15}, (4, np.int64(23)): {'cpu': 8}, (5, np.int64(3)): {'cpu': 15}}","{((0, 1), (np.int64(22), 20)): {'bw': 17}, ((0, 5), (np.int64(22), 21)): {'bw': 35}, ((0, 5), (21, 3)): {'bw': 35}, ((1, 2), (np.int64(20), 0)): {'bw': 7}, ((1, 2), (0, 28)): {'bw': 7}, ((1, 3), (np.int64(20), 0)): {'bw': 17}, ((1, 3), (0, 4)): {'bw': 17}, ((2, 3), (np.int64(28), 1)): {'bw': 30}, ((2, 3), (1, 4)): {'bw': 30}, ((2, 4), (np.int64(28), 1)): {'bw': 48}, ((2, 4), (1, 20)): {'bw': 48}, ((2, 4), (20, 23)): {'bw': 48}, ((3, 4), (np.int64(4), 0)): {'bw': 11}, ((3, 4), (0, 20)): {'bw': 11}, ((3, 4), (20, 23)): {'bw': 11}}",453.0,246.0,162.0,81.0,165.0,81.0,165.0,81.0,372.0,207.0,0.543046357615894,233260.97317340586,126671.52185575682,279.6280835667921,Success,0.0,"{'node_level': {}, 'link_level': {}, 'path_level': {}}","{'node_level': {0: {'cpu': -50}, 1: {'cpu': -41}, 2: {'cpu': -54}, 3: {'cpu': -28}, 4: {'cpu': -68}, 5: {'cpu': -39}}, 'link_level': {(0, 1): {'bw': -20}, (0, 5): {'bw': -86}, (1, 2): {'bw': -12}, (1, 3): {'bw': -51}, (2, 3): {'bw': -63}, (2, 4): {'bw': -15}, (3, 4): {'bw': -40}}, 'path_level': {(0, 1): {}, (0, 5): {}, (1, 2): {}, (1, 3): {}, (2, 3): {}, (2, 4): {}, (3, 4): {}}}","{'node_level': {0: {'cpu': 0}, 1: {'cpu': 0}, 2: {'cpu': 0}, 3: {'cpu': 0}, 4: {'cpu': 0}, 5: {'cpu': 0}}, 'link_level': {(0, 1): {'bw': 0}, (0, 5): {'bw': 0}, (1, 2): {'bw': 0}, (1, 3): {'bw': 0}, (2, 3): {'bw': 0}, (2, 4): {'bw': 0}, (3, 4): {'bw': 0}}, 'path_level': {(0, 1): {}, (0, 5): {}, (1, 2): {}, (1, 3): {}, (2, 3): {}, (2, 4): {}, (3, 4): {}}}",[],-inf,-inf,True,True,False,0,[],0,0.0,6.0,7.0
134,97,16,22627.0,53881.0,11856677.618594974,28170309.733888984,0.4199439505577105,0.4208926962677783,36,244,1,3365.0,10477,2028,8449,0.2828854314002829,0.4239841832560677,133,59.15021835706949,3365.0,4,3,True,"{0: np.int64(8), 1: np.int64(14), 2: np.int64(5), 3: np.int64(13)}","{(0, 3): [(np.int64(8), 6), (6, 5), (5, 2), (2, 13)], (1, 2): [(np.int64(14), 13), (13, 2), (2, 5)], (2, 3): [(np.int64(5), 3), (3, 13)]}","{(0, np.int64(8)): {'cpu': 11}, (1, np.int64(14)): {'cpu': 5}, (2, np.int64(5)): {'cpu': 2}, (3, np.int64(13)): {'cpu': 18}}","{((0, 3), (np.int64(8), 6)): {'bw': 30}, ((0, 3), (6, 5)): {'bw': 30}, ((0, 3), (5, 2)): {'bw': 30}, ((0, 3), (2, 13)): {'bw': 30}, ((1, 2), (np.int64(14), 13)): {'bw': 31}, ((1, 2), (13, 2)): {'bw': 31}, ((1, 2), (2, 5)): {'bw': 31}, ((2, 3), (np.int64(5), 3)): {'bw': 40}, ((2, 3), (3, 13)): {'bw': 40}}",329.0,137.0,72.0,36.0,101.0,36.0,101.0,36.0,293.0,192.0,0.41641337386018235,19460.42183947586,8103.57991491852,24.630941990633797,Success,0.0,"{'node_level': {}, 'link_level': {}, 'path_level': {}}","{'node_level': {0: {'cpu': -65}, 1: {'cpu': -73}, 2: {'cpu': -18}, 3: {'cpu': -68}}, 'link_level': {(0, 3): {'bw': -39}, (1, 2): {'bw': -8}, (2, 3): {'bw': -292}}, 'path_level': {(0, 3): {}, (1, 2): {}, (2, 3): {}}}","{'node_level': {0: {'cpu': 0}, 1: {'cpu': 0}, 2: {'cpu': 0}, 3: {'cpu': 0}}, 'link_level': {(0, 3): {'bw': 0}, (1, 2): {'bw': 0}, (2, 3): {'bw': 0}}, 'path_level': {(0, 3): {}, (1, 2): {}, (2, 3): {}}}",[],-inf,-inf,True,True,False,0,[],0,0.0,4.0,3.0
134,97,15,22627.0,53881.0,11856677.618594974,28170309.733888984,0.4199439505577105,0.4208926962677783,36,245,0,3373.9087198355355,11101,2075,9026,0.2662659123055162,0.3846468502863376,117,417.9087198355353,2956.0,5,10,False,{},{},{},{},0.0,0.0,0.0,0.0,0.0,0.0,0.0,0.0,0.0,0.0,0.0,0.0,0.0,0.0,Leave Event,0.0,"{'node_level': {}, 'link_level': {}, 'path_level': {}}","{'node_level': {}, 'link_level': {}, 'path_level': {}}","{'node_level': {}, 'link_level': {}, 'path_level': {}}",[],-inf,-inf,True,True,False,0,[],0,0.0,,
135,98,16,22924.0,54415.0,11921531.548697114,28286915.790032223,0.42128089681154096,0.4214503849478718,36,246,1,3391.0,10567,2012,8555,0.2885431400282885,0.41675756749386417,134,218.36340101730417,3391.0,5,8,True,"{0: np.int64(29), 1: np.int64(7), 2: np.int64(21), 3: np.int64(3), 4: np.int64(23)}","{(0, 1): [(np.int64(29), 2), (2, 5), (5, 7)], (0, 3): [(np.int64(29), 3)], (1, 2): [(np.int64(7), 5), (5, 2), (2, 21)], (1, 3): [(np.int64(7), 5), (5, 3)], (1, 4): [(np.int64(7), 4), (4, 0), (0, 20), (20, 23)], (2, 3): [(np.int64(21), 3)], (2, 4): [(np.int64(21), 23)], (3, 4): [(np.int64(3), 21), (21, 23)]}","{(0, np.int64(29)): {'cpu': 20}, (1, np.int64(7)): {'cpu': 19}, (2, np.int64(21)): {'cpu': 8}, (3, np.int64(3)): {'cpu': 3}, (4, np.int64(23)): {'cpu': 13}}","{((0, 1), (np.int64(29), 2)): {'bw': 3}, ((0, 1), (2, 5)): {'bw': 3}, ((0, 1), (5, 7)): {'bw': 3}, ((0, 3), (np.int64(29), 3)): {'bw': 28}, ((1, 2), (np.int64(7), 5)): {'bw': 44}, ((1, 2), (5, 2)): {'bw': 44}, ((1, 2), (2, 21)): {'bw': 44}, ((1, 3), (np.int64(7), 5)): {'bw': 35}, ((1, 3), (5, 3)): {'bw': 35}, ((1, 4), (np.int64(7), 4)): {'bw': 23}, ((1, 4), (4, 0)): {'bw': 23}, ((1, 4), (0, 20)): {'bw': 23}, ((1, 4), (20, 23)): {'bw': 23}, ((2, 3), (np.int64(21), 3)): {'bw': 39}, ((2, 4), (np.int64(21), 23)): {'bw': 23}, ((3, 4), (np.int64(3), 21)): {'bw': 39}, ((3, 4), (21, 23)): {'bw': 39}}",534.0,297.0,126.0,63.0,234.0,63.0,234.0,63.0,471.0,237.0,0.5561797752808989,116606.05614324042,64853.93010213934,121.44930730737704,Success,0.0,"{'node_level': {}, 'link_level': {}, 'path_level': {}}","{'node_level': {0: {'cpu': -1}, 1: {'cpu': -31}, 2: {'cpu': -40}, 3: {'cpu': -38}, 4: {'cpu': -55}}, 'link_level': {(0, 1): {'bw': -151}, (0, 3): {'bw': -179}, (1, 2): {'bw': -185}, (1, 3): {'bw': -295}, (1, 4): {'bw': -69}, (2, 3): {'bw': -255}, (2, 4): {'bw': -163}, (3, 4): {'bw': -124}}, 'path_level': {(0, 1): {}, (0, 3): {}, (1, 2): {}, (1, 3): {}, (1, 4): {}, (2, 3): {}, (2, 4): {}, (3, 4): {}}}","{'node_level': {0: {'cpu': 0}, 1: {'cpu': 0}, 2: {'cpu': 0}, 3: {'cpu': 0}, 4: {'cpu': 0}}, 'link_level': {(0, 1): {'bw': 0}, (0, 3): {'bw': 0}, (1, 2): {'bw': 0}, (1, 3): {'bw': 0}, (1, 4): {'bw': 0}, (2, 3): {'bw': 0}, (2, 4): {'bw': 0}, (3, 4): {'bw': 0}}, 'path_level': {(0, 1): {}, (0, 3): {}, (1, 2): {}, (1, 3): {}, (1, 4): {}, (2, 3): {}, (2, 4): {}, (3, 4): {}}}",[],-inf,-inf,True,True,False,0,[],0,0.0,5.0,8.0
135,98,15,22924.0,54415.0,11921531.548697114,28286915.790032223,0.42128089681154096,0.4214503849478718,36,247,0,3402.7693311242356,11583,2065,9518,0.2698019801980198,0.3511044450504499,108,674.7693311242354,2728.0,8,13,False,{},{},{},{},0.0,0.0,0.0,0.0,0.0,0.0,0.0,0.0,0.0,0.0,0.0,0.0,0.0,0.0,Leave Event,0.0,"{'node_level': {}, 'link_level': {}, 'path_level': {}}","{'node_level': {}, 'link_level': {}, 'path_level': {}}","{'node_level': {}, 'link_level': {}, 'path_level': {}}",[],-inf,-inf,True,True,False,0,[],0,0.0,,
135,98,14,22924.0,54415.0,11921531.548697114,28286915.790032223,0.42128089681154096,0.4214503849478718,36,248,0,3407.8368887571432,12327,2096,10231,0.2588401697312589,0.3024952277065721,74,1514.8368887571435,1893.0,6,7,False,{},{},{},{},0.0,0.0,0.0,0.0,0.0,0.0,0.0,0.0,0.0,0.0,0.0,0.0,0.0,0.0,Leave Event,0.0,"{'node_level': {}, 'link_level': {}, 'path_level': {}}","{'node_level': {}, 'link_level': {}, 'path_level': {}}","{'node_level': {}, 'link_level': {}, 'path_level': {}}",[],-inf,-inf,True,True,False,0,[],0,0.0,,
136,99,15,22963.0,54454.0,11936292.982100578,28301677.22343569,0.42169537591361517,0.421752141679311,36,249,1,3421.0,12288,2070,10218,0.268033946251768,0.303381510771748,135,378.4982923965151,3421.0,2,1,True,"{0: np.int64(33), 1: np.int64(30)}","{(0, 1): [(np.int64(33), 30)]}","{(0, np.int64(33)): {'cpu': 18}, (1, np.int64(30)): {'cpu': 8}}","{((0, 1), (np.int64(33), 30)): {'bw': 13}}",39.0,39.0,52.0,26.0,13.0,26.0,13.0,26.0,13.0,0.0,1.0,14761.43340346409,14761.43340346409,378.4982923965151,Success,0.0,"{'node_level': {}, 'link_level': {}, 'path_level': {}}","{'node_level': {0: {'cpu': -54}, 1: {'cpu': -25}}, 'link_level': {(0, 1): {'bw': -144}}, 'path_level': {(0, 1): {}}}","{'node_level': {0: {'cpu': 0}, 1: {'cpu': 0}}, 'link_level': {(0, 1): {'bw': 0}}, 'path_level': {(0, 1): {}}}",[],-inf,-inf,True,True,False,0,[],0,0.0,2.0,1.0
136,99,15,22963.0,54454.0,11936292.982100578,28301677.22343569,0.42169537591361517,0.421752141679311,36,250,0,3423.03251005121,12288,2070,10218,0.268033946251768,0.303381510771748,129,159.03251005120978,3264.0,7,13,False,{},{},{},{},0.0,0.0,0.0,0.0,0.0,0.0,0.0,0.0,0.0,0.0,0.0,0.0,0.0,0.0,Leave Event,0.0,"{'node_level': {}, 'link_level': {}, 'path_level': {}}","{'node_level': {}, 'link_level': {}, 'path_level': {}}","{'node_level': {}, 'link_level': {}, 'path_level': {}}",[],-inf,-inf,True,True,False,0,[],0,0.0,,
136,99,14,22963.0,54454.0,11936292.982100578,28301677.22343569,0.42169537591361517,0.421752141679311,36,251,0,3424.1502183570697,12617,2106,10511,0.2553041018387553,0.28340605399509133,133,59.15021835706949,3365.0,4,3,False,{},{},{},{},0.0,0.0,0.0,0.0,0.0,0.0,0.0,0.0,0.0,0.0,0.0,0.0,0.0,0.0,Leave Event,0.0,"{'node_level': {}, 'link_level': {}, 'path_level': {}}","{'node_level': {}, 'link_level': {}, 'path_level': {}}","{'node_level': {}, 'link_level': {}, 'path_level': {}}",[],-inf,-inf,True,True,False,0,[],0,0.0,,
137,100,15,23147.0,54962.0,11936417.80632191,28302021.846829366,0.4211455187220261,0.42175141659213755,36,252,1,3451.0,12109,2056,10053,0.272984441301273,0.3146304881374421,136,0.6783925072354021,3451.0,5,4,True,"{0: np.int64(20), 1: np.int64(27), 2: np.int64(14), 3: np.int64(5), 4: np.int64(6)}","{(0, 2): [(np.int64(20), 0), (0, 12), (12, 14)], (0, 3): [(np.int64(20), 0), (0, 4), (4, 6), (6, 5)], (0, 4): [(np.int64(20), 1), (1, 4), (4, 6)], (1, 2): [(np.int64(27), 23), (23, 20), (20, 0), (0, 12), (12, 14)]}","{(0, np.int64(20)): {'cpu': 3}, (1, np.int64(27)): {'cpu': 3}, (2, np.int64(14)): {'cpu': 18}, (3, np.int64(5)): {'cpu': 15}, (4, np.int64(6)): {'cpu': 11}}","{((0, 2), (np.int64(20), 0)): {'bw': 49}, ((0, 2), (0, 12)): {'bw': 49}, ((0, 2), (12, 14)): {'bw': 49}, ((0, 3), (np.int64(20), 0)): {'bw': 34}, ((0, 3), (0, 4)): {'bw': 34}, ((0, 3), (4, 6)): {'bw': 34}, ((0, 3), (6, 5)): {'bw': 34}, ((0, 4), (np.int64(20), 1)): {'bw': 40}, ((0, 4), (1, 4)): {'bw': 40}, ((0, 4), (4, 6)): {'bw': 40}, ((1, 2), (np.int64(27), 23)): {'bw': 11}, ((1, 2), (23, 20)): {'bw': 11}, ((1, 2), (20, 0)): {'bw': 11}, ((1, 2), (0, 12)): {'bw': 11}, ((1, 2), (12, 14)): {'bw': 11}}",508.0,184.0,100.0,50.0,134.0,50.0,134.0,50.0,458.0,324.0,0.36220472440944884,344.6233936755843,124.82422133131399,0.24571697112463387,Success,0.0,"{'node_level': {}, 'link_level': {}, 'path_level': {}}","{'node_level': {0: {'cpu': -42}, 1: {'cpu': -55}, 2: {'cpu': -60}, 3: {'cpu': -5}, 4: {'cpu': -84}}, 'link_level': {(0, 2): {'bw': -68}, (0, 3): {'bw': -34}, (0, 4): {'bw': -121}, (1, 2): {'bw': -23}}, 'path_level': {(0, 2): {}, (0, 3): {}, (0, 4): {}, (1, 2): {}}}","{'node_level': {0: {'cpu': 0}, 1: {'cpu': 0}, 2: {'cpu': 0}, 3: {'cpu': 0}, 4: {'cpu': 0}}, 'link_level': {(0, 2): {'bw': 0}, (0, 3): {'bw': 0}, (0, 4): {'bw': 0}, (1, 2): {'bw': 0}}, 'path_level': {(0, 2): {}, (0, 3): {}, (0, 4): {}, (1, 2): {}}}",[],-inf,-inf,True,True,False,0,[],0,0.0,5.0,4.0
137,100,14,23147.0,54962.0,11936417.80632191,28302021.846829366,0.4211455187220261,0.42175141659213755,36,253,0,3451.6783925072355,12617,2106,10511,0.2553041018387553,0.28340605399509133,136,0.6783925072354021,3451.0,5,4,False,{},{},{},{},0.0,0.0,0.0,0.0,0.0,0.0,0.0,0.0,0.0,0.0,0.0,0.0,0.0,0.0,Leave Event,0.0,"{'node_level': {}, 'link_level': {}, 'path_level': {}}","{'node_level': {}, 'link_level': {}, 'path_level': {}}","{'node_level': {}, 'link_level': {}, 'path_level': {}}",[],-inf,-inf,True,True,False,0,[],0,0.0,,
137,100,13,23147.0,54962.0,11936417.80632191,28302021.846829366,0.4211455187220261,0.42175141659213755,36,254,0,3453.63203090265,12858,2130,10728,0.24681753889674685,0.26861194436869373,131,138.63203090265026,3315.0,4,4,False,{},{},{},{},0.0,0.0,0.0,0.0,0.0,0.0,0.0,0.0,0.0,0.0,0.0,0.0,0.0,0.0,Leave Event,0.0,"{'node_level': {}, 'link_level': {}, 'path_level': {}}","{'node_level': {}, 'link_level': {}, 'path_level': {}}","{'node_level': {}, 'link_level': {}, 'path_level': {}}",[],-inf,-inf,True,True,False,0,[],0,0.0,,
138,101,14,23541.0,55754.0,12089157.802001348,28609052.498042855,0.4222297951716469,0.4225640748790393,36,255,1,3476.0,12066,2065,10001,0.2698019801980198,0.3181756203981456,137,387.6649636533973,3476.0,8,11,True,"{0: np.int64(28), 1: np.int64(5), 2: np.int64(3), 3: np.int64(2), 4: np.int64(14), 5: np.int64(4), 6: np.int64(32), 7: np.int64(16)}","{(0, 4): [(np.int64(28), 0), (0, 12), (12, 14)], (0, 6): [(np.int64(28), 30), (30, 32)], (1, 5): [(np.int64(5), 6), (6, 4)], (1, 6): [(np.int64(5), 2), (2, 29), (29, 30), (30, 32)], (2, 3): [(np.int64(3), 5), (5, 2)], (2, 5): [(np.int64(3), 5), (5, 6), (6, 4)], (3, 4): [(np.int64(2), 13), (13, 14)], (3, 5): [(np.int64(2), 5), (5, 6), (6, 4)], (3, 6): [(np.int64(2), 29), (29, 30), (30, 32)], (3, 7): [(np.int64(2), 13), (13, 14), (14, 16)], (4, 7): [(np.int64(14), 16)]}","{(0, np.int64(28)): {'cpu': 9}, (1, np.int64(5)): {'cpu': 6}, (2, np.int64(3)): {'cpu': 19}, (3, np.int64(2)): {'cpu': 0}, (4, np.int64(14)): {'cpu': 16}, (5, np.int64(4)): {'cpu': 4}, (6, np.int64(32)): {'cpu': 4}, (7, np.int64(16)): {'cpu': 7}}","{((0, 4), (np.int64(28), 0)): {'bw': 7}, ((0, 4), (0, 12)): {'bw': 7}, ((0, 4), (12, 14)): {'bw': 7}, ((0, 6), (np.int64(28), 30)): {'bw': 36}, ((0, 6), (30, 32)): {'bw': 36}, ((1, 5), (np.int64(5), 6)): {'bw': 41}, ((1, 5), (6, 4)): {'bw': 41}, ((1, 6), (np.int64(5), 2)): {'bw': 3}, ((1, 6), (2, 29)): {'bw': 3}, ((1, 6), (29, 30)): {'bw': 3}, ((1, 6), (30, 32)): {'bw': 3}, ((2, 3), (np.int64(3), 5)): {'bw': 49}, ((2, 3), (5, 2)): {'bw': 49}, ((2, 5), (np.int64(3), 5)): {'bw': 45}, ((2, 5), (5, 6)): {'bw': 45}, ((2, 5), (6, 4)): {'bw': 45}, ((3, 4), (np.int64(2), 13)): {'bw': 45}, ((3, 4), (13, 14)): {'bw': 45}, ((3, 5), (np.int64(2), 5)): {'bw': 38}, ((3, 5), (5, 6)): {'bw': 38}, ((3, 5), (6, 4)): {'bw': 38}, ((3, 6), (np.int64(2), 29)): {'bw': 13}, ((3, 6), (29, 30)): {'bw': 13}, ((3, 6), (30, 32)): {'bw': 13}, ((3, 7), (np.int64(2), 13)): {'bw': 6}, ((3, 7), (13, 14)): {'bw': 6}, ((3, 7), (14, 16)): {'bw': 6}, ((4, 7), (np.int64(14), 16)): {'bw': 46}}",792.0,394.0,130.0,65.0,329.0,65.0,329.0,65.0,727.0,398.0,0.49747474747474746,307030.6512134907,152739.99567943855,192.85352989828098,Success,0.0,"{'node_level': {}, 'link_level': {}, 'path_level': {}}","{'node_level': {0: {'cpu': -52}, 1: {'cpu': -14}, 2: {'cpu': -19}, 3: {'cpu': -41}, 4: {'cpu': -62}, 5: {'cpu': -24}, 6: {'cpu': -76}, 7: {'cpu': -72}}, 'link_level': {(0, 4): {'bw': -24}, (0, 6): {'bw': -52}, (1, 5): {'bw': -154}, (1, 6): {'bw': -141}, (2, 3): {'bw': -249}, (2, 5): {'bw': -109}, (3, 4): {'bw': -124}, (3, 5): {'bw': -71}, (3, 6): {'bw': -128}, (3, 7): {'bw': -118}, (4, 7): {'bw': -132}}, 'path_level': {(0, 4): {}, (0, 6): {}, (1, 5): {}, (1, 6): {}, (2, 3): {}, (2, 5): {}, (3, 4): {}, (3, 5): {}, (3, 6): {}, (3, 7): {}, (4, 7): {}}}","{'node_level': {0: {'cpu': 0}, 1: {'cpu': 0}, 2: {'cpu': 0}, 3: {'cpu': 0}, 4: {'cpu': 0}, 5: {'cpu': 0}, 6: {'cpu': 0}, 7: {'cpu': 0}}, 'link_level': {(0, 4): {'bw': 0}, (0, 6): {'bw': 0}, (1, 5): {'bw': 0}, (1, 6): {'bw': 0}, (2, 3): {'bw': 0}, (2, 5): {'bw': 0}, (3, 4): {'bw': 0}, (3, 5): {'bw': 0}, (3, 6): {'bw': 0}, (3, 7): {'bw': 0}, (4, 7): {'bw': 0}}, 'path_level': {(0, 4): {}, (0, 6): {}, (1, 5): {}, (1, 6): {}, (2, 3): {}, (2, 5): {}, (3, 4): {}, (3, 5): {}, (3, 6): {}, (3, 7): {}, (4, 7): {}}}",[],-inf,-inf,True,True,False,0,[],0,0.0,8.0,11.0
139,102,15,23579.0,55792.0,12097584.867665472,28617479.56370698,0.4226233151706338,0.42273411397863875,36,256,1,3494.0,12028,2042,9986,0.27793493635077793,0.3191982547041178,138,221.76488589799177,3494.0,2,1,True,"{0: np.int64(0), 1: np.int64(28)}","{(0, 1): [(np.int64(0), 28)]}","{(0, np.int64(0)): {'cpu': 4}, (1, np.int64(28)): {'cpu': 19}}","{((0, 1), (np.int64(0), 28)): {'bw': 15}}",38.0,38.0,46.0,23.0,15.0,23.0,15.0,23.0,15.0,0.0,1.0,8427.065664123687,8427.065664123687,221.76488589799177,Success,0.0,"{'node_level': {}, 'link_level': {}, 'path_level': {}}","{'node_level': {0: {'cpu': -59}, 1: {'cpu': -33}}, 'link_level': {(0, 1): {'bw': -9}}, 'path_level': {(0, 1): {}}}","{'node_level': {0: {'cpu': 0}, 1: {'cpu': 0}}, 'link_level': {(0, 1): {'bw': 0}}, 'path_level': {(0, 1): {}}}",[],-inf,-inf,True,True,False,0,[],0,0.0,2.0,1.0
140,103,16,23854.0,56412.0,12197879.17131725,28843597.630121898,0.42285329362546975,0.42289728652221875,36,257,1,3511.0,11408,1989,9419,0.2966760961810466,0.3578538314698664,139,364.7065587337378,3511.0,5,7,True,"{0: np.int64(14), 1: np.int64(4), 2: np.int64(20), 3: np.int64(28), 4: np.int64(23)}","{(0, 2): [(np.int64(14), 12), (12, 0), (0, 20)], (0, 3): [(np.int64(14), 12), (12, 1), (1, 28)], (0, 4): [(np.int64(14), 12), (12, 0), (0, 20), (20, 23)], (1, 2): [(np.int64(4), 0), (0, 20)], (1, 4): [(np.int64(4), 1), (1, 20), (20, 23)], (2, 3): [(np.int64(20), 1), (1, 28)], (2, 4): [(np.int64(20), 23)]}","{(0, np.int64(14)): {'cpu': 0}, (1, np.int64(4)): {'cpu': 14}, (2, np.int64(20)): {'cpu': 6}, (3, np.int64(28)): {'cpu': 15}, (4, np.int64(23)): {'cpu': 18}}","{((0, 2), (np.int64(14), 12)): {'bw': 31}, ((0, 2), (12, 0)): {'bw': 31}, ((0, 2), (0, 20)): {'bw': 31}, ((0, 3), (np.int64(14), 12)): {'bw': 42}, ((0, 3), (12, 1)): {'bw': 42}, ((0, 3), (1, 28)): {'bw': 42}, ((0, 4), (np.int64(14), 12)): {'bw': 30}, ((0, 4), (12, 0)): {'bw': 30}, ((0, 4), (0, 20)): {'bw': 30}, ((0, 4), (20, 23)): {'bw': 30}, ((1, 2), (np.int64(4), 0)): {'bw': 31}, ((1, 2), (0, 20)): {'bw': 31}, ((1, 4), (np.int64(4), 1)): {'bw': 30}, ((1, 4), (1, 20)): {'bw': 30}, ((1, 4), (20, 23)): {'bw': 30}, ((2, 3), (np.int64(20), 1)): {'bw': 18}, ((2, 3), (1, 28)): {'bw': 18}, ((2, 4), (np.int64(20), 23)): {'bw': 40}}",620.0,275.0,106.0,53.0,222.0,53.0,222.0,53.0,567.0,345.0,0.4435483870967742,226118.0664149174,100294.3036517779,161.76500588996433,Success,0.0,"{'node_level': {}, 'link_level': {}, 'path_level': {}}","{'node_level': {0: {'cpu': -62}, 1: {'cpu': -10}, 2: {'cpu': -39}, 3: {'cpu': -18}, 4: {'cpu': -39}}, 'link_level': {(0, 2): {'bw': -86}, (0, 3): {'bw': -42}, (0, 4): {'bw': -56}, (1, 2): {'bw': -25}, (1, 4): {'bw': -98}, (2, 3): {'bw': -24}, (2, 4): {'bw': -58}}, 'path_level': {(0, 2): {}, (0, 3): {}, (0, 4): {}, (1, 2): {}, (1, 4): {}, (2, 3): {}, (2, 4): {}}}","{'node_level': {0: {'cpu': 0}, 1: {'cpu': 0}, 2: {'cpu': 0}, 3: {'cpu': 0}, 4: {'cpu': 0}}, 'link_level': {(0, 2): {'bw': 0}, (0, 3): {'bw': 0}, (0, 4): {'bw': 0}, (1, 2): {'bw': 0}, (1, 4): {'bw': 0}, (2, 3): {'bw': 0}, (2, 4): {'bw': 0}}, 'path_level': {(0, 2): {}, (0, 3): {}, (0, 4): {}, (1, 2): {}, (1, 4): {}, (2, 3): {}, (2, 4): {}}}",[],-inf,-inf,True,True,False,0,[],0,0.0,5.0,7.0
140,103,15,23854.0,56412.0,12197879.17131725,28843597.630121898,0.42285329362546975,0.42289728652221875,36,258,0,3529.947966079997,11435,2015,9420,0.2874823196605375,0.3577856558494682,126,338.9479660799969,3191.0,2,1,False,{},{},{},{},0.0,0.0,0.0,0.0,0.0,0.0,0.0,0.0,0.0,0.0,0.0,0.0,0.0,0.0,Leave Event,0.0,"{'node_level': {}, 'link_level': {}, 'path_level': {}}","{'node_level': {}, 'link_level': {}, 'path_level': {}}","{'node_level': {}, 'link_level': {}, 'path_level': {}}",[],-inf,-inf,True,True,False,0,[],0,0.0,,
141,104,16,24158.0,57142.0,12234425.062234458,28931355.85502177,0.4227713415701235,0.4228776944828482,36,259,1,3536.0,10705,1927,8778,0.3185997171145686,0.4015544041450777,140,120.21674643818417,3536.0,6,8,True,"{0: np.int64(9), 1: np.int64(23), 2: np.int64(16), 3: np.int64(6), 4: np.int64(13), 5: np.int64(2)}","{(0, 3): [(np.int64(9), 6)], (0, 4): [(np.int64(9), 6), (6, 5), (5, 2), (2, 13)], (0, 5): [(np.int64(9), 6), (6, 5), (5, 2)], (1, 3): [(np.int64(23), 20), (20, 0), (0, 4), (4, 6)], (1, 4): [(np.int64(23), 21), (21, 2), (2, 13)], (2, 3): [(np.int64(16), 14), (14, 12), (12, 0), (0, 4), (4, 6)], (2, 4): [(np.int64(16), 14), (14, 13)], (3, 5): [(np.int64(6), 5), (5, 2)]}","{(0, np.int64(9)): {'cpu': 19}, (1, np.int64(23)): {'cpu': 11}, (2, np.int64(16)): {'cpu': 16}, (3, np.int64(6)): {'cpu': 19}, (4, np.int64(13)): {'cpu': 12}, (5, np.int64(2)): {'cpu': 11}}","{((0, 3), (np.int64(9), 6)): {'bw': 50}, ((0, 4), (np.int64(9), 6)): {'bw': 24}, ((0, 4), (6, 5)): {'bw': 24}, ((0, 4), (5, 2)): {'bw': 24}, ((0, 4), (2, 13)): {'bw': 24}, ((0, 5), (np.int64(9), 6)): {'bw': 39}, ((0, 5), (6, 5)): {'bw': 39}, ((0, 5), (5, 2)): {'bw': 39}, ((1, 3), (np.int64(23), 20)): {'bw': 22}, ((1, 3), (20, 0)): {'bw': 22}, ((1, 3), (0, 4)): {'bw': 22}, ((1, 3), (4, 6)): {'bw': 22}, ((1, 4), (np.int64(23), 21)): {'bw': 21}, ((1, 4), (21, 2)): {'bw': 21}, ((1, 4), (2, 13)): {'bw': 21}, ((2, 3), (np.int64(16), 14)): {'bw': 36}, ((2, 3), (14, 12)): {'bw': 36}, ((2, 3), (12, 0)): {'bw': 36}, ((2, 3), (0, 4)): {'bw': 36}, ((2, 3), (4, 6)): {'bw': 36}, ((2, 4), (np.int64(16), 14)): {'bw': 24}, ((2, 4), (14, 13)): {'bw': 24}, ((3, 5), (np.int64(6), 5)): {'bw': 0}, ((3, 5), (5, 2)): {'bw': 0}}",730.0,304.0,176.0,88.0,216.0,88.0,216.0,88.0,642.0,426.0,0.41643835616438357,87758.22489987445,36545.89091720799,50.062864270147934,Success,0.0,"{'node_level': {}, 'link_level': {}, 'path_level': {}}","{'node_level': {0: {'cpu': -58}, 1: {'cpu': -28}, 2: {'cpu': -56}, 3: {'cpu': -76}, 4: {'cpu': -74}, 5: {'cpu': -30}}, 'link_level': {(0, 3): {'bw': -156}, (0, 4): {'bw': -94}, (0, 5): {'bw': -93}, (1, 3): {'bw': -3}, (1, 4): {'bw': -73}, (2, 3): {'bw': -8}, (2, 4): {'bw': -72}, (3, 5): {'bw': -148}}, 'path_level': {(0, 3): {}, (0, 4): {}, (0, 5): {}, (1, 3): {}, (1, 4): {}, (2, 3): {}, (2, 4): {}, (3, 5): {}}}","{'node_level': {0: {'cpu': 0}, 1: {'cpu': 0}, 2: {'cpu': 0}, 3: {'cpu': 0}, 4: {'cpu': 0}, 5: {'cpu': 0}}, 'link_level': {(0, 3): {'bw': 0}, (0, 4): {'bw': 0}, (0, 5): {'bw': 0}, (1, 3): {'bw': 0}, (1, 4): {'bw': 0}, (2, 3): {'bw': 0}, (2, 4): {'bw': 0}, (3, 5): {'bw': 0}}, 'path_level': {(0, 3): {}, (0, 4): {}, (0, 5): {}, (1, 3): {}, (1, 4): {}, (2, 3): {}, (2, 4): {}, (3, 5): {}}}",[],-inf,-inf,True,True,False,0,[],0,0.0,6.0,8.0
142,104,16,24158.0,57142.0,12234425.062234458,28931355.85502177,0.4227713415701235,0.4228776944828482,36,260,1,3558.0,10705,1927,8778,0.3185997171145686,0.4015544041450777,141,1197.4734964543995,3558.0,10,26,False,"{0: np.int64(18), 1: np.int64(32), 2: np.int64(13), 3: np.int64(15), 4: np.int64(23), 5: np.int64(27), 6: np.int64(7), 7: np.int64(9), 8: np.int64(35), 9: np.int64(26)}","{(0, 1): [(np.int64(18), 15), (15, 12), (12, 1), (1, 28), (28, 30), (30, 32)], (0, 2): [(np.int64(18), 15), (15, 13)], (0, 3): [(np.int64(18), 15)], (0, 8): [(np.int64(18), 15), (15, 13), (13, 2), (2, 29), (29, 31), (31, 35)], (1, 2): [(np.int64(32), 30), (30, 29), (29, 2), (2, 13)], (1, 3): [(np.int64(32), 30), (30, 29), (29, 3), (3, 13), (13, 15)], (1, 5): [(np.int64(32), 30), (30, 29), (29, 2), (2, 21), (21, 23), (23, 27)], (1, 7): []}","{(0, np.int64(18)): {'cpu': 11}, (1, np.int64(32)): {'cpu': 7}, (2, np.int64(13)): {'cpu': 15}, (3, np.int64(15)): {'cpu': 10}, (4, np.int64(23)): {'cpu': 15}, (5, np.int64(27)): {'cpu': 5}, (6, np.int64(7)): {'cpu': 14}, (7, np.int64(9)): {'cpu': 3}, (8, np.int64(35)): {'cpu': 4}, (9, np.int64(26)): {'cpu': 5}}","{((0, 1), (np.int64(18), 15)): {'bw': 13}, ((0, 1), (15, 12)): {'bw': 13}, ((0, 1), (12, 1)): {'bw': 13}, ((0, 1), (1, 28)): {'bw': 13}, ((0, 1), (28, 30)): {'bw': 13}, ((0, 1), (30, 32)): {'bw': 13}, ((0, 2), (np.int64(18), 15)): {'bw': 7}, ((0, 2), (15, 13)): {'bw': 7}, ((0, 3), (np.int64(18), 15)): {'bw': 50}, ((0, 8), (np.int64(18), 15)): {'bw': 21}, ((0, 8), (15, 13)): {'bw': 21}, ((0, 8), (13, 2)): {'bw': 21}, ((0, 8), (2, 29)): {'bw': 21}, ((0, 8), (29, 31)): {'bw': 21}, ((0, 8), (31, 35)): {'bw': 21}, ((1, 2), (np.int64(32), 30)): {'bw': 36}, ((1, 2), (30, 29)): {'bw': 36}, ((1, 2), (29, 2)): {'bw': 36}, ((1, 2), (2, 13)): {'bw': 36}, ((1, 3), (np.int64(32), 30)): {'bw': 38}, ((1, 3), (30, 29)): {'bw': 38}, ((1, 3), (29, 3)): {'bw': 38}, ((1, 3), (3, 13)): {'bw': 38}, ((1, 3), (13, 15)): {'bw': 38}, ((1, 5), (np.int64(32), 30)): {'bw': 15}, ((1, 5), (30, 29)): {'bw': 15}, ((1, 5), (29, 2)): {'bw': 15}, ((1, 5), (2, 21)): {'bw': 15}, ((1, 5), (21, 23)): {'bw': 15}, ((1, 5), (23, 27)): {'bw': 15}}",0.0,0.0,178.0,89.0,610.0,0.0,0.0,0.0,0.0,0.0,0.0,0.0,0.0,0.0,Route Failure,100.0,"{'node_level': {}, 'link_level': {}, 'path_level': {}}","{'node_level': {0: {'cpu': -39}, 1: {'cpu': -69}, 2: {'cpu': -59}, 3: {'cpu': -58}, 4: {'cpu': -13}, 5: {'cpu': -53}, 6: {'cpu': -17}, 7: {'cpu': -55}, 8: {'cpu': -79}, 9: {'cpu': -57}}, 'link_level': {(0, 1): {'bw': -11}, (0, 2): {'bw': -216}, (0, 3): {'bw': -166}, (0, 8): {'bw': -52}, (1, 2): {'bw': -16}, (1, 3): {'bw': -54}, (1, 5): {'bw': -39}, (1, 7): {'bw': 100.0}}, 'path_level': {(0, 1): {}, (0, 2): {}, (0, 3): {}, (0, 8): {}, (1, 2): {}, (1, 3): {}, (1, 5): {}, (1, 7): {}}}","{'node_level': {0: {'cpu': 0}, 1: {'cpu': 0}, 2: {'cpu': 0}, 3: {'cpu': 0}, 4: {'cpu': 0}, 5: {'cpu': 0}, 6: {'cpu': 0}, 7: {'cpu': 0}, 8: {'cpu': 0}, 9: {'cpu': 0}}, 'link_level': {(0, 1): {'bw': 0}, (0, 2): {'bw': 0}, (0, 3): {'bw': 0}, (0, 8): {'bw': 0}, (1, 2): {'bw': 0}, (1, 3): {'bw': 0}, (1, 5): {'bw': 0}, (1, 7): {'bw': 100.0}}, 'path_level': {(0, 1): {}, (0, 2): {}, (0, 3): {}, (0, 8): {}, (1, 2): {}, (1, 3): {}, (1, 5): {}, (1, 7): {}}}",[],-inf,-inf,True,False,False,0,[],0,0.0,10.0,8.0
143,104,16,24158.0,57142.0,12234425.062234458,28931355.85502177,0.4227713415701235,0.4228776944828482,36,261,1,3576.0,10705,1927,8778,0.3185997171145686,0.4015544041450777,142,929.6840235673449,3576.0,8,15,False,"{0: np.int64(9), 1: np.int64(16), 2: np.int64(17), 3: np.int64(4), 4: np.int64(0), 5: np.int64(35), 6: np.int64(25), 7: np.int64(32)}","{(0, 1): [(np.int64(9), 6), (6, 5), (5, 2), (2, 13), (13, 14), (14, 16)], (0, 4): [(np.int64(9), 6), (6, 5), (5, 2), (2, 13), (13, 14), (14, 12), (12, 0)], (0, 5): []}","{(0, np.int64(9)): {'cpu': 8}, (1, np.int64(16)): {'cpu': 20}, (2, np.int64(17)): {'cpu': 0}, (3, np.int64(4)): {'cpu': 20}, (4, np.int64(0)): {'cpu': 12}, (5, np.int64(35)): {'cpu': 5}, (6, np.int64(25)): {'cpu': 7}, (7, np.int64(32)): {'cpu': 6}}","{((0, 1), (np.int64(9), 6)): {'bw': 41}, ((0, 1), (6, 5)): {'bw': 41}, ((0, 1), (5, 2)): {'bw': 41}, ((0, 1), (2, 13)): {'bw': 41}, ((0, 1), (13, 14)): {'bw': 41}, ((0, 1), (14, 16)): {'bw': 41}, ((0, 4), (np.int64(9), 6)): {'bw': 20}, ((0, 4), (6, 5)): {'bw': 20}, ((0, 4), (5, 2)): {'bw': 20}, ((0, 4), (2, 13)): {'bw': 20}, ((0, 4), (13, 14)): {'bw': 20}, ((0, 4), (14, 12)): {'bw': 20}, ((0, 4), (12, 0)): {'bw': 20}}",0.0,0.0,156.0,78.0,320.0,0.0,0.0,0.0,0.0,0.0,0.0,0.0,0.0,0.0,Route Failure,100.0,"{'node_level': {}, 'link_level': {}, 'path_level': {}}","{'node_level': {0: {'cpu': -50}, 1: {'cpu': -36}, 2: {'cpu': -53}, 3: {'cpu': -3}, 4: {'cpu': -47}, 5: {'cpu': -78}, 6: {'cpu': -63}, 7: {'cpu': -70}}, 'link_level': {(0, 1): {'bw': -31}, (0, 4): {'bw': -12}, (0, 5): {'bw': 100.0}}, 'path_level': {(0, 1): {}, (0, 4): {}, (0, 5): {}}}","{'node_level': {0: {'cpu': 0}, 1: {'cpu': 0}, 2: {'cpu': 0}, 3: {'cpu': 0}, 4: {'cpu': 0}, 5: {'cpu': 0}, 6: {'cpu': 0}, 7: {'cpu': 0}}, 'link_level': {(0, 1): {'bw': 0}, (0, 4): {'bw': 0}, (0, 5): {'bw': 100.0}}, 'path_level': {(0, 1): {}, (0, 4): {}, (0, 5): {}}}",[],-inf,-inf,True,False,False,0,[],0,0.0,8.0,3.0
143,104,15,24158.0,57142.0,12234425.062234458,28931355.85502177,0.4227713415701235,0.4228776944828482,36,262,0,3609.363401017304,11239,1990,9249,0.2963224893917963,0.36944368693755114,134,218.36340101730417,3391.0,5,8,False,{},{},{},{},0.0,0.0,0.0,0.0,0.0,0.0,0.0,0.0,0.0,0.0,0.0,0.0,0.0,0.0,Leave Event,0.0,"{'node_level': {}, 'link_level': {}, 'path_level': {}}","{'node_level': {}, 'link_level': {}, 'path_level': {}}","{'node_level': {}, 'link_level': {}, 'path_level': {}}",[],-inf,-inf,True,True,False,0,[],0,0.0,,
144,105,16,24356.0,57592.0,12262221.460999314,28994529.488578264,0.4229059591609946,0.4229150007703949,36,263,1,3611.0,10789,1934,8855,0.3161244695898161,0.39630488137442055,143,140.38585234776247,3611.0,5,7,True,"{0: np.int64(15), 1: np.int64(26), 2: np.int64(20), 3: np.int64(27), 4: np.int64(23)}","{(0, 1): [(np.int64(15), 12), (12, 0), (0, 20), (20, 23), (23, 26)], (0, 2): [(np.int64(15), 12), (12, 0), (0, 20)], (1, 2): [(np.int64(26), 23), (23, 20)], (1, 3): [(np.int64(26), 23), (23, 27)], (2, 3): [(np.int64(20), 22), (22, 21), (21, 23), (23, 27)], (2, 4): [(np.int64(20), 23)], (3, 4): [(np.int64(27), 23)]}","{(0, np.int64(15)): {'cpu': 19}, (1, np.int64(26)): {'cpu': 9}, (2, np.int64(20)): {'cpu': 9}, (3, np.int64(27)): {'cpu': 0}, (4, np.int64(23)): {'cpu': 19}}","{((0, 1), (np.int64(15), 12)): {'bw': 12}, ((0, 1), (12, 0)): {'bw': 12}, ((0, 1), (0, 20)): {'bw': 12}, ((0, 1), (20, 23)): {'bw': 12}, ((0, 1), (23, 26)): {'bw': 12}, ((0, 2), (np.int64(15), 12)): {'bw': 14}, ((0, 2), (12, 0)): {'bw': 14}, ((0, 2), (0, 20)): {'bw': 14}, ((1, 2), (np.int64(26), 23)): {'bw': 30}, ((1, 2), (23, 20)): {'bw': 30}, ((1, 3), (np.int64(26), 23)): {'bw': 14}, ((1, 3), (23, 27)): {'bw': 14}, ((2, 3), (np.int64(20), 22)): {'bw': 44}, ((2, 3), (22, 21)): {'bw': 44}, ((2, 3), (21, 23)): {'bw': 44}, ((2, 3), (23, 27)): {'bw': 44}, ((2, 4), (np.int64(20), 23)): {'bw': 16}, ((3, 4), (np.int64(27), 23)): {'bw': 12}}",450.0,198.0,112.0,56.0,142.0,56.0,142.0,56.0,394.0,252.0,0.44,63173.63355649311,27796.398764856967,61.769775033015485,Success,0.0,"{'node_level': {}, 'link_level': {}, 'path_level': {}}","{'node_level': {0: {'cpu': -49}, 1: {'cpu': -53}, 2: {'cpu': -30}, 3: {'cpu': -58}, 4: {'cpu': -22}}, 'link_level': {(0, 1): {'bw': -14}, (0, 2): {'bw': 0}, (1, 2): {'bw': -17}, (1, 3): {'bw': -240}, (2, 3): {'bw': -65}, (2, 4): {'bw': -1}, (3, 4): {'bw': -184}}, 'path_level': {(0, 1): {}, (0, 2): {}, (1, 2): {}, (1, 3): {}, (2, 3): {}, (2, 4): {}, (3, 4): {}}}","{'node_level': {0: {'cpu': 0}, 1: {'cpu': 0}, 2: {'cpu': 0}, 3: {'cpu': 0}, 4: {'cpu': 0}}, 'link_level': {(0, 1): {'bw': 0}, (0, 2): {'bw': 0}, (1, 2): {'bw': 0}, (1, 3): {'bw': 0}, (2, 3): {'bw': 0}, (2, 4): {'bw': 0}, (3, 4): {'bw': 0}}, 'path_level': {(0, 1): {}, (0, 2): {}, (1, 2): {}, (1, 3): {}, (2, 3): {}, (2, 4): {}, (3, 4): {}}}",[],-inf,-inf,True,True,False,0,[],0,0.0,5.0,7.0
144,105,15,24356.0,57592.0,12262221.460999314,28994529.488578264,0.4229059591609946,0.4229150007703949,36,264,0,3622.429365312433,10829,1953,8876,0.30940594059405946,0.3948731933460594,98,1147.4293653124332,2475.0,2,1,False,{},{},{},{},0.0,0.0,0.0,0.0,0.0,0.0,0.0,0.0,0.0,0.0,0.0,0.0,0.0,0.0,Leave Event,0.0,"{'node_level': {}, 'link_level': {}, 'path_level': {}}","{'node_level': {}, 'link_level': {}, 'path_level': {}}","{'node_level': {}, 'link_level': {}, 'path_level': {}}",[],-inf,-inf,True,True,False,0,[],0,0.0,,
145,105,15,24356.0,57592.0,12262221.460999314,28994529.488578264,0.4229059591609946,0.4229150007703949,36,265,1,3632.0,10829,1953,8876,0.30940594059405946,0.3948731933460594,144,1208.1922001685334,3632.0,9,18,False,"{0: np.int64(31), 1: np.int64(13), 2: np.int64(0), 3: np.int64(33), 4: np.int64(22), 5: np.int64(16), 6: np.int64(25), 7: np.int64(7), 8: np.int64(26)}","{(0, 1): [(np.int64(31), 29), (29, 2), (2, 13)], (0, 3): [(np.int64(31), 28), (28, 30), (30, 33)], (0, 7): [(np.int64(31), 29), (29, 2), (2, 5), (5, 7)], (1, 2): [(np.int64(13), 14), (14, 12), (12, 0)], (1, 4): [(np.int64(13), 2), (2, 21), (21, 22)], (2, 5): []}","{(0, np.int64(31)): {'cpu': 4}, (1, np.int64(13)): {'cpu': 6}, (2, np.int64(0)): {'cpu': 0}, (3, np.int64(33)): {'cpu': 6}, (4, np.int64(22)): {'cpu': 12}, (5, np.int64(16)): {'cpu': 0}, (6, np.int64(25)): {'cpu': 17}, (7, np.int64(7)): {'cpu': 2}, (8, np.int64(26)): {'cpu': 11}}","{((0, 1), (np.int64(31), 29)): {'bw': 44}, ((0, 1), (29, 2)): {'bw': 44}, ((0, 1), (2, 13)): {'bw': 44}, ((0, 3), (np.int64(31), 28)): {'bw': 47}, ((0, 3), (28, 30)): {'bw': 47}, ((0, 3), (30, 33)): {'bw': 47}, ((0, 7), (np.int64(31), 29)): {'bw': 39}, ((0, 7), (29, 2)): {'bw': 39}, ((0, 7), (2, 5)): {'bw': 39}, ((0, 7), (5, 7)): {'bw': 39}, ((1, 2), (np.int64(13), 14)): {'bw': 21}, ((1, 2), (14, 12)): {'bw': 21}, ((1, 2), (12, 0)): {'bw': 21}, ((1, 4), (np.int64(13), 2)): {'bw': 9}, ((1, 4), (2, 21)): {'bw': 9}, ((1, 4), (21, 22)): {'bw': 9}}",0.0,0.0,116.0,58.0,441.0,0.0,0.0,0.0,0.0,0.0,0.0,0.0,0.0,0.0,Route Failure,100.0,"{'node_level': {}, 'link_level': {}, 'path_level': {}}","{'node_level': {0: {'cpu': -53}, 1: {'cpu': -68}, 2: {'cpu': -59}, 3: {'cpu': -48}, 4: {'cpu': -38}, 5: {'cpu': -56}, 6: {'cpu': -53}, 7: {'cpu': -48}, 8: {'cpu': -42}}, 'link_level': {(0, 1): {'bw': -29}, (0, 3): {'bw': -5}, (0, 7): {'bw': -154}, (1, 2): {'bw': -5}, (1, 4): {'bw': -20}, (2, 5): {'bw': 100.0}}, 'path_level': {(0, 1): {}, (0, 3): {}, (0, 7): {}, (1, 2): {}, (1, 4): {}, (2, 5): {}}}","{'node_level': {0: {'cpu': 0}, 1: {'cpu': 0}, 2: {'cpu': 0}, 3: {'cpu': 0}, 4: {'cpu': 0}, 5: {'cpu': 0}, 6: {'cpu': 0}, 7: {'cpu': 0}, 8: {'cpu': 0}}, 'link_level': {(0, 1): {'bw': 0}, (0, 3): {'bw': 0}, (0, 7): {'bw': 0}, (1, 2): {'bw': 0}, (1, 4): {'bw': 0}, (2, 5): {'bw': 100.0}}, 'path_level': {(0, 1): {}, (0, 3): {}, (0, 7): {}, (1, 2): {}, (1, 4): {}, (2, 5): {}}}",[],-inf,-inf,True,False,False,0,[],0,0.0,9.0,6.0
146,106,16,24567.0,58240.0,12442701.058848953,29548798.585291848,0.421823489010989,0.4210899141274193,36,266,1,3655.0,10181,1896,8285,0.3295615275813296,0.43516498500136347,145,855.3535443110845,3655.0,5,7,True,"{0: np.int64(7), 1: np.int64(8), 2: np.int64(30), 3: np.int64(32), 4: np.int64(21)}","{(0, 1): [(np.int64(7), 5), (5, 6), (6, 8)], (0, 2): [(np.int64(7), 5), (5, 2), (2, 29), (29, 30)], (0, 4): [(np.int64(7), 5), (5, 2), (2, 21)], (1, 2): [(np.int64(8), 6), (6, 5), (5, 2), (2, 29), (29, 30)], (1, 3): [(np.int64(8), 6), (6, 5), (5, 2), (2, 29), (29, 30), (30, 32)], (1, 4): [(np.int64(8), 6), (6, 5), (5, 2), (2, 21)], (2, 3): [(np.int64(30), 32)]}","{(0, np.int64(7)): {'cpu': 14}, (1, np.int64(8)): {'cpu': 6}, (2, np.int64(30)): {'cpu': 17}, (3, np.int64(32)): {'cpu': 14}, (4, np.int64(21)): {'cpu': 6}}","{((0, 1), (np.int64(7), 5)): {'bw': 20}, ((0, 1), (5, 6)): {'bw': 20}, ((0, 1), (6, 8)): {'bw': 20}, ((0, 2), (np.int64(7), 5)): {'bw': 47}, ((0, 2), (5, 2)): {'bw': 47}, ((0, 2), (2, 29)): {'bw': 47}, ((0, 2), (29, 30)): {'bw': 47}, ((0, 4), (np.int64(7), 5)): {'bw': 14}, ((0, 4), (5, 2)): {'bw': 14}, ((0, 4), (2, 21)): {'bw': 14}, ((1, 2), (np.int64(8), 6)): {'bw': 19}, ((1, 2), (6, 5)): {'bw': 19}, ((1, 2), (5, 2)): {'bw': 19}, ((1, 2), (2, 29)): {'bw': 19}, ((1, 2), (29, 30)): {'bw': 19}, ((1, 3), (np.int64(8), 6)): {'bw': 22}, ((1, 3), (6, 5)): {'bw': 22}, ((1, 3), (5, 2)): {'bw': 22}, ((1, 3), (2, 29)): {'bw': 22}, ((1, 3), (29, 30)): {'bw': 22}, ((1, 3), (30, 32)): {'bw': 22}, ((1, 4), (np.int64(8), 6)): {'bw': 14}, ((1, 4), (6, 5)): {'bw': 14}, ((1, 4), (5, 2)): {'bw': 14}, ((1, 4), (2, 21)): {'bw': 14}, ((2, 3), (np.int64(30), 32)): {'bw': 18}}",648.0,211.0,114.0,57.0,154.0,57.0,154.0,57.0,591.0,437.0,0.3256172839506173,554269.0967135828,180479.59784963884,278.5178979161093,Success,0.0,"{'node_level': {}, 'link_level': {}, 'path_level': {}}","{'node_level': {0: {'cpu': -36}, 1: {'cpu': -70}, 2: {'cpu': -20}, 3: {'cpu': -62}, 4: {'cpu': -53}}, 'link_level': {(0, 1): {'bw': -128}, (0, 2): {'bw': -81}, (0, 4): {'bw': -134}, (1, 2): {'bw': -62}, (1, 3): {'bw': -40}, (1, 4): {'bw': -73}, (2, 3): {'bw': -127}}, 'path_level': {(0, 1): {}, (0, 2): {}, (0, 4): {}, (1, 2): {}, (1, 3): {}, (1, 4): {}, (2, 3): {}}}","{'node_level': {0: {'cpu': 0}, 1: {'cpu': 0}, 2: {'cpu': 0}, 3: {'cpu': 0}, 4: {'cpu': 0}}, 'link_level': {(0, 1): {'bw': 0}, (0, 2): {'bw': 0}, (0, 4): {'bw': 0}, (1, 2): {'bw': 0}, (1, 3): {'bw': 0}, (1, 4): {'bw': 0}, (2, 3): {'bw': 0}}, 'path_level': {(0, 1): {}, (0, 2): {}, (0, 4): {}, (1, 2): {}, (1, 3): {}, (1, 4): {}, (2, 3): {}}}",[],-inf,-inf,True,True,False,0,[],0,0.0,5.0,7.0
146,106,15,24567.0,58240.0,12442701.058848953,29548798.585291848,0.421823489010989,0.4210899141274193,36,267,0,3656.216746438184,10911,1984,8927,0.2984441301272984,0.3913962367057541,140,120.21674643818417,3536.0,6,8,False,{},{},{},{},0.0,0.0,0.0,0.0,0.0,0.0,0.0,0.0,0.0,0.0,0.0,0.0,0.0,0.0,Leave Event,0.0,"{'node_level': {}, 'link_level': {}, 'path_level': {}}","{'node_level': {}, 'link_level': {}, 'path_level': {}}","{'node_level': {}, 'link_level': {}, 'path_level': {}}",[],-inf,-inf,True,True,False,0,[],0,0.0,,
147,107,16,24677.0,58508.0,12468133.729325632,29610761.818816848,0.4217713816913926,0.4210676444468398,36,268,1,3685.0,10643,1942,8701,0.3132956152758133,0.40680392691573497,146,231.2060952425329,3685.0,3,2,True,"{0: np.int64(6), 1: np.int64(29), 2: np.int64(14)}","{(0, 2): [(np.int64(6), 4), (4, 0), (0, 12), (12, 14)], (1, 2): [(np.int64(29), 2), (2, 13), (13, 14)]}","{(0, np.int64(6)): {'cpu': 13}, (1, np.int64(29)): {'cpu': 20}, (2, np.int64(14)): {'cpu': 9}}","{((0, 2), (np.int64(6), 4)): {'bw': 22}, ((0, 2), (4, 0)): {'bw': 22}, ((0, 2), (0, 12)): {'bw': 22}, ((0, 2), (12, 14)): {'bw': 22}, ((1, 2), (np.int64(29), 2)): {'bw': 46}, ((1, 2), (2, 13)): {'bw': 46}, ((1, 2), (13, 14)): {'bw': 46}}",268.0,110.0,84.0,42.0,68.0,42.0,68.0,42.0,226.0,158.0,0.41044776119402987,61963.23352499882,25432.67047667862,94.89802416671128,Success,0.0,"{'node_level': {}, 'link_level': {}, 'path_level': {}}","{'node_level': {0: {'cpu': -82}, 1: {'cpu': -20}, 2: {'cpu': -53}}, 'link_level': {(0, 2): {'bw': -40}, (1, 2): {'bw': -72}}, 'path_level': {(0, 2): {}, (1, 2): {}}}","{'node_level': {0: {'cpu': 0}, 1: {'cpu': 0}, 2: {'cpu': 0}}, 'link_level': {(0, 2): {'bw': 0}, (1, 2): {'bw': 0}}, 'path_level': {(0, 2): {}, (1, 2): {}}}",[],-inf,-inf,True,True,False,0,[],0,0.0,3.0,2.0
147,107,15,24677.0,58508.0,12468133.729325632,29610761.818816848,0.4217713816913926,0.4210676444468398,36,269,0,3695.0061165473107,10791,1991,8800,0.29596888260254595,0.4000545404963185,104,1066.0061165473107,2629.0,3,2,False,{},{},{},{},0.0,0.0,0.0,0.0,0.0,0.0,0.0,0.0,0.0,0.0,0.0,0.0,0.0,0.0,Leave Event,0.0,"{'node_level': {}, 'link_level': {}, 'path_level': {}}","{'node_level': {}, 'link_level': {}, 'path_level': {}}","{'node_level': {}, 'link_level': {}, 'path_level': {}}",[],-inf,-inf,True,True,False,0,[],0,0.0,,
147,107,14,24677.0,58508.0,12468133.729325632,29610761.818816848,0.4217713816913926,0.4210676444468398,36,270,0,3715.764885897992,10829,2014,8815,0.28783592644978784,0.39903190619034634,138,221.76488589799177,3494.0,2,1,False,{},{},{},{},0.0,0.0,0.0,0.0,0.0,0.0,0.0,0.0,0.0,0.0,0.0,0.0,0.0,0.0,Leave Event,0.0,"{'node_level': {}, 'link_level': {}, 'path_level': {}}","{'node_level': {}, 'link_level': {}, 'path_level': {}}","{'node_level': {}, 'link_level': {}, 'path_level': {}}",[],-inf,-inf,True,True,False,0,[],0,0.0,,
148,108,15,24937.0,59187.0,12537148.915726053,29790997.632531792,0.4213256289387872,0.4208368269626351,36,271,1,3716.0,10150,1963,8187,0.30586987270155586,0.44184619580038176,147,265.4430246170026,3716.0,6,8,True,"{0: np.int64(34), 1: np.int64(13), 2: np.int64(12), 3: np.int64(31), 4: np.int64(7), 5: np.int64(5)}","{(0, 1): [(np.int64(34), 31), (31, 29), (29, 2), (2, 13)], (0, 3): [(np.int64(34), 31)], (0, 4): [(np.int64(34), 31), (31, 29), (29, 2), (2, 5), (5, 7)], (1, 3): [(np.int64(13), 2), (2, 29), (29, 31)], (1, 5): [(np.int64(13), 2), (2, 5)], (2, 3): [(np.int64(12), 0), (0, 28), (28, 31)], (3, 4): [(np.int64(31), 28), (28, 0), (0, 4), (4, 7)], (3, 5): [(np.int64(31), 29), (29, 3), (3, 5)]}","{(0, np.int64(34)): {'cpu': 9}, (1, np.int64(13)): {'cpu': 11}, (2, np.int64(12)): {'cpu': 2}, (3, np.int64(31)): {'cpu': 1}, (4, np.int64(7)): {'cpu': 13}, (5, np.int64(5)): {'cpu': 15}}","{((0, 1), (np.int64(34), 31)): {'bw': 31}, ((0, 1), (31, 29)): {'bw': 31}, ((0, 1), (29, 2)): {'bw': 31}, ((0, 1), (2, 13)): {'bw': 31}, ((0, 3), (np.int64(34), 31)): {'bw': 46}, ((0, 4), (np.int64(34), 31)): {'bw': 30}, ((0, 4), (31, 29)): {'bw': 30}, ((0, 4), (29, 2)): {'bw': 30}, ((0, 4), (2, 5)): {'bw': 30}, ((0, 4), (5, 7)): {'bw': 30}, ((1, 3), (np.int64(13), 2)): {'bw': 16}, ((1, 3), (2, 29)): {'bw': 16}, ((1, 3), (29, 31)): {'bw': 16}, ((1, 5), (np.int64(13), 2)): {'bw': 17}, ((1, 5), (2, 5)): {'bw': 17}, ((2, 3), (np.int64(12), 0)): {'bw': 4}, ((2, 3), (0, 28)): {'bw': 4}, ((2, 3), (28, 31)): {'bw': 4}, ((3, 4), (np.int64(31), 28)): {'bw': 19}, ((3, 4), (28, 0)): {'bw': 19}, ((3, 4), (0, 4)): {'bw': 19}, ((3, 4), (4, 7)): {'bw': 19}, ((3, 5), (np.int64(31), 29)): {'bw': 46}, ((3, 5), (29, 3)): {'bw': 46}, ((3, 5), (3, 5)): {'bw': 46}}",679.0,260.0,102.0,51.0,209.0,51.0,209.0,51.0,628.0,419.0,0.38291605301914583,180235.81371494476,69015.18640042067,101.64239528780661,Success,0.0,"{'node_level': {}, 'link_level': {}, 'path_level': {}}","{'node_level': {0: {'cpu': -86}, 1: {'cpu': -75}, 2: {'cpu': -65}, 3: {'cpu': -56}, 4: {'cpu': -23}, 5: {'cpu': -17}}, 'link_level': {(0, 1): {'bw': -41}, (0, 3): {'bw': -140}, (0, 4): {'bw': -42}, (1, 3): {'bw': -25}, (1, 5): {'bw': -8}, (2, 3): {'bw': -20}, (3, 4): {'bw': -1}, (3, 5): {'bw': -131}}, 'path_level': {(0, 1): {}, (0, 3): {}, (0, 4): {}, (1, 3): {}, (1, 5): {}, (2, 3): {}, (3, 4): {}, (3, 5): {}}}","{'node_level': {0: {'cpu': 0}, 1: {'cpu': 0}, 2: {'cpu': 0}, 3: {'cpu': 0}, 4: {'cpu': 0}, 5: {'cpu': 0}}, 'link_level': {(0, 1): {'bw': 0}, (0, 3): {'bw': 0}, (0, 4): {'bw': 0}, (1, 3): {'bw': 0}, (1, 5): {'bw': 0}, (2, 3): {'bw': 0}, (3, 4): {'bw': 0}, (3, 5): {'bw': 0}}, 'path_level': {(0, 1): {}, (0, 3): {}, (0, 4): {}, (1, 3): {}, (1, 5): {}, (2, 3): {}, (3, 4): {}, (3, 5): {}}}",[],-inf,-inf,True,True,False,0,[],0,0.0,6.0,8.0
149,108,15,24937.0,59187.0,12537148.915726053,29790997.632531792,0.4213256289387872,0.4208368269626351,36,272,1,3735.0,10150,1963,8187,0.30586987270155586,0.44184619580038176,148,2324.5085243038257,3735.0,10,24,False,"{0: np.int64(2), 1: np.int64(4), 2: np.int64(12), 3: np.int64(33), 4: np.int64(17), 5: np.int64(0), 6: np.int64(3), 7: np.int64(20), 8: np.int64(29), 9: np.int64(16)}","{(0, 2): [(np.int64(2), 5), (5, 3), (3, 13), (13, 14), (14, 12)], (0, 5): [(np.int64(2), 5), (5, 6), (6, 4), (4, 0)], (0, 8): [(np.int64(2), 29)], (0, 9): [(np.int64(2), 13), (13, 14), (14, 16)], (1, 2): [(np.int64(4), 0), (0, 12)], (1, 5): [(np.int64(4), 0)], (1, 8): [(np.int64(4), 0), (0, 28), (28, 30), (30, 29)], (1, 9): [(np.int64(4), 1), (1, 12), (12, 14), (14, 16)], (2, 3): [(np.int64(12), 1), (1, 28), (28, 30), (30, 33)], (2, 5): []}","{(0, np.int64(2)): {'cpu': 9}, (1, np.int64(4)): {'cpu': 13}, (2, np.int64(12)): {'cpu': 0}, (3, np.int64(33)): {'cpu': 1}, (4, np.int64(17)): {'cpu': 17}, (5, np.int64(0)): {'cpu': 6}, (6, np.int64(3)): {'cpu': 0}, (7, np.int64(20)): {'cpu': 4}, (8, np.int64(29)): {'cpu': 17}, (9, np.int64(16)): {'cpu': 4}}","{((0, 2), (np.int64(2), 5)): {'bw': 29}, ((0, 2), (5, 3)): {'bw': 29}, ((0, 2), (3, 13)): {'bw': 29}, ((0, 2), (13, 14)): {'bw': 29}, ((0, 2), (14, 12)): {'bw': 29}, ((0, 5), (np.int64(2), 5)): {'bw': 14}, ((0, 5), (5, 6)): {'bw': 14}, ((0, 5), (6, 4)): {'bw': 14}, ((0, 5), (4, 0)): {'bw': 14}, ((0, 8), (np.int64(2), 29)): {'bw': 7}, ((0, 9), (np.int64(2), 13)): {'bw': 1}, ((0, 9), (13, 14)): {'bw': 1}, ((0, 9), (14, 16)): {'bw': 1}, ((1, 2), (np.int64(4), 0)): {'bw': 18}, ((1, 2), (0, 12)): {'bw': 18}, ((1, 5), (np.int64(4), 0)): {'bw': 11}, ((1, 8), (np.int64(4), 0)): {'bw': 0}, ((1, 8), (0, 28)): {'bw': 0}, ((1, 8), (28, 30)): {'bw': 0}, ((1, 8), (30, 29)): {'bw': 0}, ((1, 9), (np.int64(4), 1)): {'bw': 48}, ((1, 9), (1, 12)): {'bw': 48}, ((1, 9), (12, 14)): {'bw': 48}, ((1, 9), (14, 16)): {'bw': 48}, ((2, 3), (np.int64(12), 1)): {'bw': 24}, ((2, 3), (1, 28)): {'bw': 24}, ((2, 3), (28, 30)): {'bw': 24}, ((2, 3), (30, 33)): {'bw': 24}}",0.0,0.0,142.0,71.0,443.0,0.0,0.0,0.0,0.0,0.0,0.0,0.0,0.0,0.0,Route Failure,100.0,"{'node_level': {}, 'link_level': {}, 'path_level': {}}","{'node_level': {0: {'cpu': -32}, 1: {'cpu': -10}, 2: {'cpu': -65}, 3: {'cpu': -53}, 4: {'cpu': -36}, 5: {'cpu': -57}, 6: {'cpu': -22}, 7: {'cpu': -26}, 8: {'cpu': -3}, 9: {'cpu': -68}}, 'link_level': {(0, 2): {'bw': -83}, (0, 5): {'bw': -34}, (0, 8): {'bw': -19}, (0, 9): {'bw': -7}, (1, 2): {'bw': -16}, (1, 5): {'bw': -5}, (1, 8): {'bw': -1}, (1, 9): {'bw': -41}, (2, 3): {'bw': 0}, (2, 5): {'bw': 100.0}}, 'path_level': {(0, 2): {}, (0, 5): {}, (0, 8): {}, (0, 9): {}, (1, 2): {}, (1, 5): {}, (1, 8): {}, (1, 9): {}, (2, 3): {}, (2, 5): {}}}","{'node_level': {0: {'cpu': 0}, 1: {'cpu': 0}, 2: {'cpu': 0}, 3: {'cpu': 0}, 4: {'cpu': 0}, 5: {'cpu': 0}, 6: {'cpu': 0}, 7: {'cpu': 0}, 8: {'cpu': 0}, 9: {'cpu': 0}}, 'link_level': {(0, 2): {'bw': 0}, (0, 5): {'bw': 0}, (0, 8): {'bw': 0}, (0, 9): {'bw': 0}, (1, 2): {'bw': 0}, (1, 5): {'bw': 0}, (1, 8): {'bw': 0}, (1, 9): {'bw': 0}, (2, 3): {'bw': 0}, (2, 5): {'bw': 100.0}}, 'path_level': {(0, 2): {}, (0, 5): {}, (0, 8): {}, (0, 9): {}, (1, 2): {}, (1, 5): {}, (1, 8): {}, (1, 9): {}, (2, 3): {}, (2, 5): {}}}",[],-inf,-inf,True,False,False,0,[],0,0.0,10.0,10.0
149,108,15,24937.0,59187.0,12537148.915726053,29790997.632531792,0.4213256289387872,0.4208368269626351,36,273,0,3746.596327773701,10150,1963,8187,0.30586987270155586,0.44184619580038176,112,919.5963277737009,2827.0,9,19,False,{},{},{},{},0.0,0.0,0.0,0.0,0.0,0.0,0.0,0.0,0.0,0.0,0.0,0.0,0.0,0.0,Leave Event,0.0,"{'node_level': {}, 'link_level': {}, 'path_level': {}}","{'node_level': {}, 'link_level': {}, 'path_level': {}}","{'node_level': {}, 'link_level': {}, 'path_level': {}}",[],-inf,-inf,True,True,False,0,[],0,0.0,,
149,108,14,24937.0,59187.0,12537148.915726053,29790997.632531792,0.4213256289387872,0.4208368269626351,36,274,0,3751.3858523477625,10600,2019,8581,0.28606789250353604,0.41498500136351246,143,140.38585234776247,3611.0,5,7,False,{},{},{},{},0.0,0.0,0.0,0.0,0.0,0.0,0.0,0.0,0.0,0.0,0.0,0.0,0.0,0.0,Leave Event,0.0,"{'node_level': {}, 'link_level': {}, 'path_level': {}}","{'node_level': {}, 'link_level': {}, 'path_level': {}}","{'node_level': {}, 'link_level': {}, 'path_level': {}}",[],-inf,-inf,True,True,False,0,[],0,0.0,,
150,109,15,25117.0,59653.0,12550464.63318465,29825470.545507938,0.4210517492833554,0.4207968693749543,36,275,1,3759.0,10134,1984,8150,0.2984441301272984,0.4443686937551131,149,73.97620810331965,3759.0,5,6,True,"{0: np.int64(14), 1: np.int64(6), 2: np.int64(12), 3: np.int64(21), 4: np.int64(13)}","{(0, 1): [(np.int64(14), 12), (12, 0), (0, 4), (4, 6)], (0, 3): [(np.int64(14), 13), (13, 3), (3, 21)], (1, 3): [(np.int64(6), 5), (5, 2), (2, 21)], (1, 4): [(np.int64(6), 5), (5, 2), (2, 13)], (2, 3): [(np.int64(12), 0), (0, 20), (20, 22), (22, 21)], (3, 4): [(np.int64(21), 3), (3, 13)]}","{(0, np.int64(14)): {'cpu': 1}, (1, np.int64(6)): {'cpu': 8}, (2, np.int64(12)): {'cpu': 0}, (3, np.int64(21)): {'cpu': 20}, (4, np.int64(13)): {'cpu': 6}}","{((0, 1), (np.int64(14), 12)): {'bw': 16}, ((0, 1), (12, 0)): {'bw': 16}, ((0, 1), (0, 4)): {'bw': 16}, ((0, 1), (4, 6)): {'bw': 16}, ((0, 3), (np.int64(14), 13)): {'bw': 37}, ((0, 3), (13, 3)): {'bw': 37}, ((0, 3), (3, 21)): {'bw': 37}, ((1, 3), (np.int64(6), 5)): {'bw': 35}, ((1, 3), (5, 2)): {'bw': 35}, ((1, 3), (2, 21)): {'bw': 35}, ((1, 4), (np.int64(6), 5)): {'bw': 3}, ((1, 4), (5, 2)): {'bw': 3}, ((1, 4), (2, 13)): {'bw': 3}, ((2, 3), (np.int64(12), 0)): {'bw': 17}, ((2, 3), (0, 20)): {'bw': 17}, ((2, 3), (20, 22)): {'bw': 17}, ((2, 3), (22, 21)): {'bw': 17}, ((3, 4), (np.int64(21), 3)): {'bw': 37}, ((3, 4), (3, 13)): {'bw': 37}}",466.0,180.0,70.0,35.0,145.0,35.0,145.0,35.0,431.0,286.0,0.38626609442060084,34472.91297614696,13315.717458597537,28.574500984114884,Success,0.0,"{'node_level': {}, 'link_level': {}, 'path_level': {}}","{'node_level': {0: {'cpu': -52}, 1: {'cpu': -74}, 2: {'cpu': -65}, 3: {'cpu': -33}, 4: {'cpu': -69}}, 'link_level': {(0, 1): {'bw': -32}, (0, 3): {'bw': -249}, (1, 3): {'bw': -77}, (1, 4): {'bw': -5}, (2, 3): {'bw': -29}, (3, 4): {'bw': -220}}, 'path_level': {(0, 1): {}, (0, 3): {}, (1, 3): {}, (1, 4): {}, (2, 3): {}, (3, 4): {}}}","{'node_level': {0: {'cpu': 0}, 1: {'cpu': 0}, 2: {'cpu': 0}, 3: {'cpu': 0}, 4: {'cpu': 0}}, 'link_level': {(0, 1): {'bw': 0}, (0, 3): {'bw': 0}, (1, 3): {'bw': 0}, (1, 4): {'bw': 0}, (2, 3): {'bw': 0}, (3, 4): {'bw': 0}}, 'path_level': {(0, 1): {}, (0, 3): {}, (1, 3): {}, (1, 4): {}, (2, 3): {}, (3, 4): {}}}",[],-inf,-inf,True,True,False,0,[],0,0.0,5.0,6.0
150,109,15,25117.0,59653.0,12550464.63318465,29825470.545507938,0.4210517492833554,0.4207968693749543,36,276,0,3771.9885026961606,10134,1984,8150,0.2984441301272984,0.4443686937551131,128,537.9885026961606,3234.0,9,18,False,{},{},{},{},0.0,0.0,0.0,0.0,0.0,0.0,0.0,0.0,0.0,0.0,0.0,0.0,0.0,0.0,Leave Event,0.0,"{'node_level': {}, 'link_level': {}, 'path_level': {}}","{'node_level': {}, 'link_level': {}, 'path_level': {}}","{'node_level': {}, 'link_level': {}, 'path_level': {}}",[],-inf,-inf,True,True,False,0,[],0,0.0,,
150,109,14,25117.0,59653.0,12550464.63318465,29825470.545507938,0.4210517492833554,0.4207968693749543,36,277,0,3782.0280335191846,10569,2036,8533,0.28005657708628007,0.41825743114262337,113,936.0280335191845,2846.0,5,7,False,{},{},{},{},0.0,0.0,0.0,0.0,0.0,0.0,0.0,0.0,0.0,0.0,0.0,0.0,0.0,0.0,Leave Event,0.0,"{'node_level': {}, 'link_level': {}, 'path_level': {}}","{'node_level': {}, 'link_level': {}, 'path_level': {}}","{'node_level': {}, 'link_level': {}, 'path_level': {}}",[],-inf,-inf,True,True,False,0,[],0,0.0,,
151,110,15,25146.0,59682.0,12552942.671644202,29827948.58396749,0.4213330652458028,0.42084498826015154,36,278,1,3789.0,10540,2012,8528,0.2885431400282885,0.41859830924461416,150,85.44960205349047,3789.0,2,1,True,"{0: np.int64(23), 1: np.int64(21)}","{(0, 1): [(np.int64(23), 21)]}","{(0, np.int64(23)): {'cpu': 4}, (1, np.int64(21)): {'cpu': 20}}","{((0, 1), (np.int64(23), 21)): {'bw': 5}}",29.0,29.0,48.0,24.0,5.0,24.0,5.0,24.0,5.0,0.0,1.0,2478.0384595512237,2478.0384595512237,85.44960205349047,Success,0.0,"{'node_level': {}, 'link_level': {}, 'path_level': {}}","{'node_level': {0: {'cpu': -48}, 1: {'cpu': -13}}, 'link_level': {(0, 1): {'bw': -338}}, 'path_level': {(0, 1): {}}}","{'node_level': {0: {'cpu': 0}, 1: {'cpu': 0}}, 'link_level': {(0, 1): {'bw': 0}}, 'path_level': {(0, 1): {}}}",[],-inf,-inf,True,True,False,0,[],0,0.0,2.0,1.0
151,110,14,25146.0,59682.0,12552942.671644202,29827948.58396749,0.4213330652458028,0.42084498826015154,36,279,0,3799.4982923965154,10579,2038,8541,0.2793493635077794,0.41771202617943826,135,378.4982923965151,3421.0,2,1,False,{},{},{},{},0.0,0.0,0.0,0.0,0.0,0.0,0.0,0.0,0.0,0.0,0.0,0.0,0.0,0.0,Leave Event,0.0,"{'node_level': {}, 'link_level': {}, 'path_level': {}}","{'node_level': {}, 'link_level': {}, 'path_level': {}}","{'node_level': {}, 'link_level': {}, 'path_level': {}}",[],-inf,-inf,True,True,False,0,[],0,0.0,,
151,110,14,25146.0,59682.0,12552942.671644202,29827948.58396749,0.4213330652458028,0.42084498826015154,36,280,0,3808.45061640829,10579,2038,8541,0.2793493635077794,0.41771202617943826,130,518.45061640829,3290.0,10,24,False,{},{},{},{},0.0,0.0,0.0,0.0,0.0,0.0,0.0,0.0,0.0,0.0,0.0,0.0,0.0,0.0,Leave Event,0.0,"{'node_level': {}, 'link_level': {}, 'path_level': {}}","{'node_level': {}, 'link_level': {}, 'path_level': {}}","{'node_level': {}, 'link_level': {}, 'path_level': {}}",[],-inf,-inf,True,True,False,0,[],0,0.0,,
152,111,15,25284.0,60036.0,12561955.540447893,29851068.551768262,0.4211473116130322,0.42082096721806533,36,281,1,3813.0,10225,1994,8231,0.29490806223479493,0.43884646850286335,151,65.31064350500918,3813.0,4,3,True,"{0: np.int64(22), 1: np.int64(29), 2: np.int64(26), 3: np.int64(1)}","{(0, 3): [(np.int64(22), 20), (20, 1)], (1, 2): [(np.int64(29), 3), (3, 21), (21, 23), (23, 26)], (2, 3): [(np.int64(26), 23), (23, 20), (20, 1)]}","{(0, np.int64(22)): {'cpu': 7}, (1, np.int64(29)): {'cpu': 7}, (2, np.int64(26)): {'cpu': 20}, (3, np.int64(1)): {'cpu': 10}}","{((0, 3), (np.int64(22), 20)): {'bw': 14}, ((0, 3), (20, 1)): {'bw': 14}, ((1, 2), (np.int64(29), 3)): {'bw': 42}, ((1, 2), (3, 21)): {'bw': 42}, ((1, 2), (21, 23)): {'bw': 42}, ((1, 2), (23, 26)): {'bw': 42}, ((2, 3), (np.int64(26), 23)): {'bw': 38}, ((2, 3), (23, 20)): {'bw': 38}, ((2, 3), (20, 1)): {'bw': 38}}",354.0,138.0,88.0,44.0,94.0,44.0,94.0,44.0,310.0,216.0,0.3898305084745763,23119.96780077325,9012.868803691266,25.460081366359514,Success,0.0,"{'node_level': {}, 'link_level': {}, 'path_level': {}}","{'node_level': {0: {'cpu': -62}, 1: {'cpu': -18}, 2: {'cpu': -42}, 3: {'cpu': -45}}, 'link_level': {(0, 3): {'bw': -126}, (1, 2): {'bw': -140}, (2, 3): {'bw': -43}}, 'path_level': {(0, 3): {}, (1, 2): {}, (2, 3): {}}}","{'node_level': {0: {'cpu': 0}, 1: {'cpu': 0}, 2: {'cpu': 0}, 3: {'cpu': 0}}, 'link_level': {(0, 3): {'bw': 0}, (1, 2): {'bw': 0}, (2, 3): {'bw': 0}}, 'path_level': {(0, 3): {}, (1, 2): {}, (2, 3): {}}}",[],-inf,-inf,True,True,False,0,[],0,0.0,4.0,3.0
152,111,14,25284.0,60036.0,12561955.540447893,29851068.551768262,0.4211473116130322,0.42082096721806533,36,282,0,3832.9762081033195,10691,2029,8662,0.28253182461103254,0.4094627761112626,149,73.97620810331965,3759.0,5,6,False,{},{},{},{},0.0,0.0,0.0,0.0,0.0,0.0,0.0,0.0,0.0,0.0,0.0,0.0,0.0,0.0,Leave Event,0.0,"{'node_level': {}, 'link_level': {}, 'path_level': {}}","{'node_level': {}, 'link_level': {}, 'path_level': {}}","{'node_level': {}, 'link_level': {}, 'path_level': {}}",[],-inf,-inf,True,True,False,0,[],0,0.0,,
153,112,15,25461.0,60344.0,12571326.90650893,29867375.787625886,0.4219309293384595,0.42090496988748693,36,283,1,3841.0,10383,1996,8387,0.29420084865629426,0.4282110717207527,152,52.94557096631462,3841.0,6,8,True,"{0: np.int64(9), 1: np.int64(13), 2: np.int64(12), 3: np.int64(14), 4: np.int64(15), 5: np.int64(18)}","{(0, 4): [(np.int64(9), 6), (6, 4), (4, 0), (0, 12), (12, 15)], (1, 2): [(np.int64(13), 14), (14, 12)], (1, 3): [(np.int64(13), 14)], (1, 4): [(np.int64(13), 15)], (1, 5): [(np.int64(13), 15), (15, 18)], (2, 3): [(np.int64(12), 14)], (3, 4): [(np.int64(14), 12), (12, 15)], (4, 5): [(np.int64(15), 18)]}","{(0, np.int64(9)): {'cpu': 3}, (1, np.int64(13)): {'cpu': 11}, (2, np.int64(12)): {'cpu': 2}, (3, np.int64(14)): {'cpu': 8}, (4, np.int64(15)): {'cpu': 4}, (5, np.int64(18)): {'cpu': 5}}","{((0, 4), (np.int64(9), 6)): {'bw': 18}, ((0, 4), (6, 4)): {'bw': 18}, ((0, 4), (4, 0)): {'bw': 18}, ((0, 4), (0, 12)): {'bw': 18}, ((0, 4), (12, 15)): {'bw': 18}, ((1, 2), (np.int64(13), 14)): {'bw': 21}, ((1, 2), (14, 12)): {'bw': 21}, ((1, 3), (np.int64(13), 14)): {'bw': 14}, ((1, 4), (np.int64(13), 15)): {'bw': 22}, ((1, 5), (np.int64(13), 15)): {'bw': 17}, ((1, 5), (15, 18)): {'bw': 17}, ((2, 3), (np.int64(12), 14)): {'bw': 19}, ((3, 4), (np.int64(14), 12)): {'bw': 21}, ((3, 4), (12, 15)): {'bw': 21}, ((4, 5), (np.int64(15), 18)): {'bw': 12}}",308.0,177.0,66.0,33.0,144.0,33.0,144.0,33.0,275.0,131.0,0.5746753246753247,16307.235857624903,9371.366061037688,30.426513185187297,Success,0.0,"{'node_level': {}, 'link_level': {}, 'path_level': {}}","{'node_level': {0: {'cpu': -74}, 1: {'cpu': -64}, 2: {'cpu': -63}, 3: {'cpu': -45}, 4: {'cpu': -64}, 5: {'cpu': -45}}, 'link_level': {(0, 4): {'bw': -31}, (1, 2): {'bw': -97}, (1, 3): {'bw': -251}, (1, 4): {'bw': -298}, (1, 5): {'bw': -219}, (2, 3): {'bw': -78}, (3, 4): {'bw': -57}, (4, 5): {'bw': -207}}, 'path_level': {(0, 4): {}, (1, 2): {}, (1, 3): {}, (1, 4): {}, (1, 5): {}, (2, 3): {}, (3, 4): {}, (4, 5): {}}}","{'node_level': {0: {'cpu': 0}, 1: {'cpu': 0}, 2: {'cpu': 0}, 3: {'cpu': 0}, 4: {'cpu': 0}, 5: {'cpu': 0}}, 'link_level': {(0, 4): {'bw': 0}, (1, 2): {'bw': 0}, (1, 3): {'bw': 0}, (1, 4): {'bw': 0}, (1, 5): {'bw': 0}, (2, 3): {'bw': 0}, (3, 4): {'bw': 0}, (4, 5): {'bw': 0}}, 'path_level': {(0, 4): {}, (1, 2): {}, (1, 3): {}, (1, 4): {}, (1, 5): {}, (2, 3): {}, (3, 4): {}, (4, 5): {}}}",[],-inf,-inf,True,True,False,0,[],0,0.0,6.0,8.0
153,112,14,25461.0,60344.0,12571326.90650893,29867375.787625886,0.4219309293384595,0.42090496988748693,36,284,0,3857.9248855925075,10836,2077,8759,0.26555869872701554,0.4028497409326425,132,514.9248855925074,3343.0,6,7,False,{},{},{},{},0.0,0.0,0.0,0.0,0.0,0.0,0.0,0.0,0.0,0.0,0.0,0.0,0.0,0.0,Leave Event,0.0,"{'node_level': {}, 'link_level': {}, 'path_level': {}}","{'node_level': {}, 'link_level': {}, 'path_level': {}}","{'node_level': {}, 'link_level': {}, 'path_level': {}}",[],-inf,-inf,True,True,False,0,[],0,0.0,,
154,112,14,25461.0,60344.0,12571326.90650893,29867375.787625886,0.4219309293384595,0.42090496988748693,36,285,1,3862.0,10836,2077,8759,0.26555869872701554,0.4028497409326425,153,683.8328891316802,3862.0,8,16,False,"{0: np.int64(16), 1: np.int64(3), 2: np.int64(15), 3: np.int64(32), 4: np.int64(1), 5: np.int64(21), 6: np.int64(0), 7: np.int64(10)}","{(0, 1): [(np.int64(16), 14), (14, 13), (13, 3)], (0, 3): [(np.int64(16), 14), (14, 12), (12, 0), (0, 28), (28, 30), (30, 32)], (0, 4): [(np.int64(16), 14), (14, 13), (13, 15), (15, 12), (12, 1)], (0, 5): []}","{(0, np.int64(16)): {'cpu': 5}, (1, np.int64(3)): {'cpu': 16}, (2, np.int64(15)): {'cpu': 3}, (3, np.int64(32)): {'cpu': 1}, (4, np.int64(1)): {'cpu': 4}, (5, np.int64(21)): {'cpu': 3}, (6, np.int64(0)): {'cpu': 9}, (7, np.int64(10)): {'cpu': 12}}","{((0, 1), (np.int64(16), 14)): {'bw': 48}, ((0, 1), (14, 13)): {'bw': 48}, ((0, 1), (13, 3)): {'bw': 48}, ((0, 3), (np.int64(16), 14)): {'bw': 31}, ((0, 3), (14, 12)): {'bw': 31}, ((0, 3), (12, 0)): {'bw': 31}, ((0, 3), (0, 28)): {'bw': 31}, ((0, 3), (28, 30)): {'bw': 31}, ((0, 3), (30, 32)): {'bw': 31}, ((0, 4), (np.int64(16), 14)): {'bw': 48}, ((0, 4), (14, 13)): {'bw': 48}, ((0, 4), (13, 15)): {'bw': 48}, ((0, 4), (15, 12)): {'bw': 48}, ((0, 4), (12, 1)): {'bw': 48}}",0.0,0.0,106.0,53.0,454.0,0.0,0.0,0.0,0.0,0.0,0.0,0.0,0.0,0.0,Route Failure,100.0,"{'node_level': {}, 'link_level': {}, 'path_level': {}}","{'node_level': {0: {'cpu': -67}, 1: {'cpu': -21}, 2: {'cpu': -61}, 3: {'cpu': -61}, 4: {'cpu': -41}, 5: {'cpu': -30}, 6: {'cpu': -68}, 7: {'cpu': -61}}, 'link_level': {(0, 1): {'bw': -84}, (0, 3): {'bw': -13}, (0, 4): {'bw': -5}, (0, 5): {'bw': 100.0}}, 'path_level': {(0, 1): {}, (0, 3): {}, (0, 4): {}, (0, 5): {}}}","{'node_level': {0: {'cpu': 0}, 1: {'cpu': 0}, 2: {'cpu': 0}, 3: {'cpu': 0}, 4: {'cpu': 0}, 5: {'cpu': 0}, 6: {'cpu': 0}, 7: {'cpu': 0}}, 'link_level': {(0, 1): {'bw': 0}, (0, 3): {'bw': 0}, (0, 4): {'bw': 0}, (0, 5): {'bw': 100.0}}, 'path_level': {(0, 1): {}, (0, 3): {}, (0, 4): {}, (0, 5): {}}}",[],-inf,-inf,True,False,False,0,[],0,0.0,8.0,4.0
154,112,13,25461.0,60344.0,12571326.90650893,29867375.787625886,0.4219309293384595,0.42090496988748693,36,286,0,3863.6649636533975,11628,2142,9486,0.24257425742574257,0.3532860649031906,137,387.6649636533973,3476.0,8,11,False,{},{},{},{},0.0,0.0,0.0,0.0,0.0,0.0,0.0,0.0,0.0,0.0,0.0,0.0,0.0,0.0,Leave Event,0.0,"{'node_level': {}, 'link_level': {}, 'path_level': {}}","{'node_level': {}, 'link_level': {}, 'path_level': {}}","{'node_level': {}, 'link_level': {}, 'path_level': {}}",[],-inf,-inf,True,True,False,0,[],0,0.0,,
154,112,12,25461.0,60344.0,12571326.90650893,29867375.787625886,0.4219309293384595,0.42090496988748693,36,287,0,3874.4496020534903,11657,2166,9491,0.23408769448373412,0.3529451868011999,150,85.44960205349047,3789.0,2,1,False,{},{},{},{},0.0,0.0,0.0,0.0,0.0,0.0,0.0,0.0,0.0,0.0,0.0,0.0,0.0,0.0,Leave Event,0.0,"{'node_level': {}, 'link_level': {}, 'path_level': {}}","{'node_level': {}, 'link_level': {}, 'path_level': {}}","{'node_level': {}, 'link_level': {}, 'path_level': {}}",[],-inf,-inf,True,True,False,0,[],0,0.0,,
154,112,11,25461.0,60344.0,12571326.90650893,29867375.787625886,0.4219309293384595,0.42090496988748693,36,288,0,3875.706558733738,12277,2219,10058,0.21534653465346532,0.3142896100354513,139,364.7065587337378,3511.0,5,7,False,{},{},{},{},0.0,0.0,0.0,0.0,0.0,0.0,0.0,0.0,0.0,0.0,0.0,0.0,0.0,0.0,Leave Event,0.0,"{'node_level': {}, 'link_level': {}, 'path_level': {}}","{'node_level': {}, 'link_level': {}, 'path_level': {}}","{'node_level': {}, 'link_level': {}, 'path_level': {}}",[],-inf,-inf,True,True,False,0,[],0,0.0,,
154,112,10,25461.0,60344.0,12571326.90650893,29867375.787625886,0.4219309293384595,0.42090496988748693,36,289,0,3878.310643505009,12631,2263,10368,0.19978783592644977,0.2931551677120262,151,65.31064350500918,3813.0,4,3,False,{},{},{},{},0.0,0.0,0.0,0.0,0.0,0.0,0.0,0.0,0.0,0.0,0.0,0.0,0.0,0.0,Leave Event,0.0,"{'node_level': {}, 'link_level': {}, 'path_level': {}}","{'node_level': {}, 'link_level': {}, 'path_level': {}}","{'node_level': {}, 'link_level': {}, 'path_level': {}}",[],-inf,-inf,True,True,False,0,[],0,0.0,,
155,113,11,25545.0,60475.0,12616399.999751529,29937668.349706605,0.4224059528730881,0.4214222648329649,36,290,1,3883.0,12500,2221,10279,0.21463932107496464,0.2992227979274611,154,536.5844433642666,3883.0,3,3,True,"{0: np.int64(15), 1: np.int64(3), 2: np.int64(21)}","{(0, 1): [(np.int64(15), 13), (13, 3)], (0, 2): [(np.int64(15), 13), (13, 2), (2, 21)], (1, 2): [(np.int64(3), 21)]}","{(0, np.int64(15)): {'cpu': 18}, (1, np.int64(3)): {'cpu': 5}, (2, np.int64(21)): {'cpu': 19}}","{((0, 1), (np.int64(15), 13)): {'bw': 15}, ((0, 1), (13, 3)): {'bw': 15}, ((0, 2), (np.int64(15), 13)): {'bw': 16}, ((0, 2), (13, 2)): {'bw': 16}, ((0, 2), (2, 21)): {'bw': 16}, ((1, 2), (np.int64(3), 21)): {'bw': 11}}",131.0,84.0,84.0,42.0,42.0,42.0,42.0,42.0,89.0,47.0,0.6412213740458015,70292.56208071893,45073.09324259839,344.0694140656366,Success,0.0,"{'node_level': {}, 'link_level': {}, 'path_level': {}}","{'node_level': {0: {'cpu': -46}, 1: {'cpu': -51}, 2: {'cpu': -34}}, 'link_level': {(0, 1): {'bw': -266}, (0, 2): {'bw': -43}, (1, 2): {'bw': -318}}, 'path_level': {(0, 1): {}, (0, 2): {}, (1, 2): {}}}","{'node_level': {0: {'cpu': 0}, 1: {'cpu': 0}, 2: {'cpu': 0}}, 'link_level': {(0, 1): {'bw': 0}, (0, 2): {'bw': 0}, (1, 2): {'bw': 0}}, 'path_level': {(0, 1): {}, (0, 2): {}, (1, 2): {}}}",[],-inf,-inf,True,True,False,0,[],0,0.0,3.0,3.0
155,113,10,25545.0,60475.0,12616399.999751529,29937668.349706605,0.4224059528730881,0.4214222648329649,36,291,0,3893.945570966315,12808,2254,10554,0.20297029702970293,0.2804745023179711,152,52.94557096631462,3841.0,6,8,False,{},{},{},{},0.0,0.0,0.0,0.0,0.0,0.0,0.0,0.0,0.0,0.0,0.0,0.0,0.0,0.0,Leave Event,0.0,"{'node_level': {}, 'link_level': {}, 'path_level': {}}","{'node_level': {}, 'link_level': {}, 'path_level': {}}","{'node_level': {}, 'link_level': {}, 'path_level': {}}",[],-inf,-inf,True,True,False,0,[],0,0.0,,
155,113,9,25545.0,60475.0,12616399.999751529,29937668.349706605,0.4224059528730881,0.4214222648329649,36,292,0,3909.5972642251863,13052,2296,10756,0.18811881188118806,0.26670302699754567,101,1355.5972642251866,2554.0,3,3,False,{},{},{},{},0.0,0.0,0.0,0.0,0.0,0.0,0.0,0.0,0.0,0.0,0.0,0.0,0.0,0.0,Leave Event,0.0,"{'node_level': {}, 'link_level': {}, 'path_level': {}}","{'node_level': {}, 'link_level': {}, 'path_level': {}}","{'node_level': {}, 'link_level': {}, 'path_level': {}}",[],-inf,-inf,True,True,False,0,[],0,0.0,,
156,114,10,25576.0,60540.0,12626672.227883194,29959206.892563324,0.4224644862900562,0.4214621659766791,36,293,1,3910.0,12987,2282,10705,0.19306930693069302,0.2701799836378511,155,331.362197795661,3910.0,2,1,True,"{0: np.int64(22), 1: np.int64(4)}","{(0, 1): [(np.int64(22), 20), (20, 0), (0, 4)]}","{(0, np.int64(22)): {'cpu': 12}, (1, np.int64(4)): {'cpu': 2}}","{((0, 1), (np.int64(22), 20)): {'bw': 17}, ((0, 1), (20, 0)): {'bw': 17}, ((0, 1), (0, 4)): {'bw': 17}}",65.0,31.0,28.0,14.0,17.0,14.0,17.0,14.0,51.0,34.0,0.47692307692307695,21538.542856717966,10272.228131665492,158.0342789486999,Success,0.0,"{'node_level': {}, 'link_level': {}, 'path_level': {}}","{'node_level': {0: {'cpu': -63}, 1: {'cpu': -64}}, 'link_level': {(0, 1): {'bw': -157}}, 'path_level': {(0, 1): {}}}","{'node_level': {0: {'cpu': 0}, 1: {'cpu': 0}}, 'link_level': {(0, 1): {'bw': 0}}, 'path_level': {(0, 1): {}}}",[],-inf,-inf,True,True,False,0,[],0,0.0,2.0,1.0
156,114,9,25576.0,60540.0,12626672.227883194,29959206.892563324,0.4224644862900562,0.4214621659766791,36,294,0,3916.2060952425327,13255,2324,10931,0.17821782178217827,0.2547722934278702,146,231.2060952425329,3685.0,3,2,False,{},{},{},{},0.0,0.0,0.0,0.0,0.0,0.0,0.0,0.0,0.0,0.0,0.0,0.0,0.0,0.0,Leave Event,0.0,"{'node_level': {}, 'link_level': {}, 'path_level': {}}","{'node_level': {}, 'link_level': {}, 'path_level': {}}","{'node_level': {}, 'link_level': {}, 'path_level': {}}",[],-inf,-inf,True,True,False,0,[],0,0.0,,
157,115,10,25760.0,60871.0,12673338.778192064,30043155.958608087,0.42319002480655815,0.42183779878694294,36,295,1,3933.0,12924,2287,10637,0.19130127298444133,0.274815925824925,156,253.62255602646934,3933.0,5,6,True,"{0: np.int64(3), 1: np.int64(28), 2: np.int64(5), 3: np.int64(6), 4: np.int64(7)}","{(0, 1): [(np.int64(3), 29), (29, 30), (30, 28)], (0, 2): [(np.int64(3), 5)], (0, 3): [(np.int64(3), 5), (5, 6)], (0, 4): [(np.int64(3), 5), (5, 7)], (1, 4): [(np.int64(28), 0), (0, 4), (4, 7)], (3, 4): [(np.int64(6), 4), (4, 7)]}","{(0, np.int64(3)): {'cpu': 4}, (1, np.int64(28)): {'cpu': 8}, (2, np.int64(5)): {'cpu': 17}, (3, np.int64(6)): {'cpu': 7}, (4, np.int64(7)): {'cpu': 1}}","{((0, 1), (np.int64(3), 29)): {'bw': 16}, ((0, 1), (29, 30)): {'bw': 16}, ((0, 1), (30, 28)): {'bw': 16}, ((0, 2), (np.int64(3), 5)): {'bw': 47}, ((0, 3), (np.int64(3), 5)): {'bw': 32}, ((0, 3), (5, 6)): {'bw': 32}, ((0, 4), (np.int64(3), 5)): {'bw': 8}, ((0, 4), (5, 7)): {'bw': 8}, ((1, 4), (np.int64(28), 0)): {'bw': 31}, ((1, 4), (0, 4)): {'bw': 31}, ((1, 4), (4, 7)): {'bw': 31}, ((3, 4), (np.int64(6), 4)): {'bw': 13}, ((3, 4), (4, 7)): {'bw': 13}}",331.0,184.0,74.0,37.0,147.0,37.0,147.0,37.0,294.0,147.0,0.5558912386706949,83949.06604476135,46666.550308870355,140.98655682438175,Success,0.0,"{'node_level': {}, 'link_level': {}, 'path_level': {}}","{'node_level': {0: {'cpu': -63}, 1: {'cpu': -91}, 2: {'cpu': -6}, 3: {'cpu': -88}, 4: {'cpu': -22}}, 'link_level': {(0, 1): {'bw': -178}, (0, 2): {'bw': -277}, (0, 3): {'bw': -228}, (0, 4): {'bw': -237}, (1, 4): {'bw': -37}, (3, 4): {'bw': -182}}, 'path_level': {(0, 1): {}, (0, 2): {}, (0, 3): {}, (0, 4): {}, (1, 4): {}, (3, 4): {}}}","{'node_level': {0: {'cpu': 0}, 1: {'cpu': 0}, 2: {'cpu': 0}, 3: {'cpu': 0}, 4: {'cpu': 0}}, 'link_level': {(0, 1): {'bw': 0}, (0, 2): {'bw': 0}, (0, 3): {'bw': 0}, (0, 4): {'bw': 0}, (1, 4): {'bw': 0}, (3, 4): {'bw': 0}}, 'path_level': {(0, 1): {}, (0, 2): {}, (0, 3): {}, (0, 4): {}, (1, 4): {}, (3, 4): {}}}",[],-inf,-inf,True,True,False,0,[],0,0.0,5.0,6.0
158,116,11,25890.0,61083.0,12710077.086891271,30103067.662025254,0.42384951623201217,0.42221866653560086,36,296,1,3953.0,12712,2244,10468,0.20650636492220653,0.28633760567221167,157,282.6023746092864,3953.0,3,3,True,"{0: np.int64(23), 1: np.int64(1), 2: np.int64(27)}","{(0, 1): [(np.int64(23), 20), (20, 1)], (0, 2): [(np.int64(23), 27)], (1, 2): [(np.int64(1), 20), (20, 23), (23, 27)]}","{(0, np.int64(23)): {'cpu': 11}, (1, np.int64(1)): {'cpu': 19}, (2, np.int64(27)): {'cpu': 13}}","{((0, 1), (np.int64(23), 20)): {'bw': 46}, ((0, 1), (20, 1)): {'bw': 46}, ((0, 2), (np.int64(23), 27)): {'bw': 23}, ((1, 2), (np.int64(1), 20)): {'bw': 18}, ((1, 2), (20, 23)): {'bw': 18}, ((1, 2), (23, 27)): {'bw': 18}}",212.0,130.0,86.0,43.0,87.0,43.0,87.0,43.0,169.0,82.0,0.6132075471698113,59911.70341716872,36738.308699207235,173.29390895852467,Success,0.0,"{'node_level': {}, 'link_level': {}, 'path_level': {}}","{'node_level': {0: {'cpu': -67}, 1: {'cpu': -36}, 2: {'cpu': -45}}, 'link_level': {(0, 1): {'bw': -194}, (0, 2): {'bw': -231}, (1, 2): {'bw': -176}}, 'path_level': {(0, 1): {}, (0, 2): {}, (1, 2): {}}}","{'node_level': {0: {'cpu': 0}, 1: {'cpu': 0}, 2: {'cpu': 0}}, 'link_level': {(0, 1): {'bw': 0}, (0, 2): {'bw': 0}, (1, 2): {'bw': 0}}, 'path_level': {(0, 1): {}, (0, 2): {}, (1, 2): {}}}",[],-inf,-inf,True,True,False,0,[],0,0.0,3.0,3.0
159,117,12,26006.0,61357.0,12827631.948324047,30380740.351961296,0.4238473197842137,0.42222907670174437,36,297,1,3975.0,12438,2207,10231,0.2195898161244696,0.3024952277065721,158,1013.4039778687622,3975.0,4,3,True,"{0: np.int64(3), 1: np.int64(1), 2: np.int64(18), 3: np.int64(23)}","{(0, 1): [(np.int64(3), 5), (5, 6), (6, 4), (4, 1)], (0, 3): [(np.int64(3), 21), (21, 23)], (1, 2): [(np.int64(1), 12), (12, 15), (15, 18)]}","{(0, np.int64(3)): {'cpu': 4}, (1, np.int64(1)): {'cpu': 2}, (2, np.int64(18)): {'cpu': 16}, (3, np.int64(23)): {'cpu': 15}}","{((0, 1), (np.int64(3), 5)): {'bw': 18}, ((0, 1), (5, 6)): {'bw': 18}, ((0, 1), (6, 4)): {'bw': 18}, ((0, 1), (4, 1)): {'bw': 18}, ((0, 3), (np.int64(3), 21)): {'bw': 18}, ((0, 3), (21, 23)): {'bw': 18}, ((1, 2), (np.int64(1), 12)): {'bw': 43}, ((1, 2), (12, 15)): {'bw': 43}, ((1, 2), (15, 18)): {'bw': 43}}",274.0,116.0,74.0,37.0,79.0,37.0,79.0,37.0,237.0,158.0,0.4233576642335766,277672.68993604084,117554.86143277642,429.03234099553435,Success,0.0,"{'node_level': {}, 'link_level': {}, 'path_level': {}}","{'node_level': {0: {'cpu': -59}, 1: {'cpu': -34}, 2: {'cpu': -34}, 3: {'cpu': -52}}, 'link_level': {(0, 1): {'bw': -164}, (0, 3): {'bw': -300}, (1, 2): {'bw': -193}}, 'path_level': {(0, 1): {}, (0, 3): {}, (1, 2): {}}}","{'node_level': {0: {'cpu': 0}, 1: {'cpu': 0}, 2: {'cpu': 0}, 3: {'cpu': 0}}, 'link_level': {(0, 1): {'bw': 0}, (0, 3): {'bw': 0}, (1, 2): {'bw': 0}}, 'path_level': {(0, 1): {}, (0, 3): {}, (1, 2): {}}}",[],-inf,-inf,True,True,False,0,[],0,0.0,4.0,3.0
159,117,11,26006.0,61357.0,12827631.948324047,30380740.351961296,0.4238473197842137,0.42222907670174437,36,298,0,3981.4430246170027,13117,2258,10859,0.20155586987270158,0.2596809380965367,147,265.4430246170026,3716.0,6,8,False,{},{},{},{},0.0,0.0,0.0,0.0,0.0,0.0,0.0,0.0,0.0,0.0,0.0,0.0,0.0,0.0,Leave Event,0.0,"{'node_level': {}, 'link_level': {}, 'path_level': {}}","{'node_level': {}, 'link_level': {}, 'path_level': {}}","{'node_level': {}, 'link_level': {}, 'path_level': {}}",[],-inf,-inf,True,True,False,0,[],0,0.0,,
160,118,12,26152.0,61511.0,12927091.430825364,30485649.66912022,0.4251597275284095,0.4240385745795532,36,299,1,3994.0,12963,2222,10741,0.2142857142857143,0.2677256613035178,159,681.2293322007966,3994.0,5,4,True,"{0: np.int64(26), 1: np.int64(0), 2: np.int64(20), 3: np.int64(23), 4: np.int64(12)}","{(0, 1): [(np.int64(26), 23), (23, 20), (20, 0)], (0, 3): [(np.int64(26), 23)], (1, 2): [(np.int64(0), 20)], (1, 4): [(np.int64(0), 12)]}","{(0, np.int64(26)): {'cpu': 2}, (1, np.int64(0)): {'cpu': 2}, (2, np.int64(20)): {'cpu': 13}, (3, np.int64(23)): {'cpu': 0}, (4, np.int64(12)): {'cpu': 19}}","{((0, 1), (np.int64(26), 23)): {'bw': 4}, ((0, 1), (23, 20)): {'bw': 4}, ((0, 1), (20, 0)): {'bw': 4}, ((0, 3), (np.int64(26), 23)): {'bw': 49}, ((1, 2), (np.int64(0), 20)): {'bw': 9}, ((1, 4), (np.int64(0), 12)): {'bw': 48}}",154.0,146.0,72.0,36.0,110.0,36.0,110.0,36.0,118.0,8.0,0.948051948051948,104909.31715892268,99459.4825013163,645.840795463093,Success,0.0,"{'node_level': {}, 'link_level': {}, 'path_level': {}}","{'node_level': {0: {'cpu': -60}, 1: {'cpu': -75}, 2: {'cpu': -50}, 3: {'cpu': -52}, 4: {'cpu': -48}}, 'link_level': {(0, 1): {'bw': -172}, (0, 3): {'bw': -262}, (1, 2): {'bw': -193}, (1, 4): {'bw': -108}}, 'path_level': {(0, 1): {}, (0, 3): {}, (1, 2): {}, (1, 4): {}}}","{'node_level': {0: {'cpu': 0}, 1: {'cpu': 0}, 2: {'cpu': 0}, 3: {'cpu': 0}, 4: {'cpu': 0}}, 'link_level': {(0, 1): {'bw': 0}, (0, 3): {'bw': 0}, (1, 2): {'bw': 0}, (1, 4): {'bw': 0}}, 'path_level': {(0, 1): {}, (0, 3): {}, (1, 2): {}, (1, 4): {}}}",[],-inf,-inf,True,True,False,0,[],0,0.0,5.0,4.0
161,119,13,26251.0,61665.0,12962553.649370788,30540813.120190877,0.4257033973891186,0.424433809223013,36,300,1,4020.0,12809,2187,10622,0.2266619519094767,0.27583856013089714,160,358.20422773155315,4020.0,4,4,True,"{0: np.int64(28), 1: np.int64(31), 2: np.int64(20), 3: np.int64(12)}","{(0, 1): [(np.int64(28), 31)], (0, 2): [(np.int64(28), 0), (0, 20)], (1, 2): [(np.int64(31), 28), (28, 0), (0, 20)], (2, 3): [(np.int64(20), 0), (0, 12)]}","{(0, np.int64(28)): {'cpu': 2}, (1, np.int64(31)): {'cpu': 11}, (2, np.int64(20)): {'cpu': 15}, (3, np.int64(12)): {'cpu': 7}}","{((0, 1), (np.int64(28), 31)): {'bw': 19}, ((0, 2), (np.int64(28), 0)): {'bw': 32}, ((0, 2), (0, 20)): {'bw': 32}, ((1, 2), (np.int64(31), 28)): {'bw': 10}, ((1, 2), (28, 0)): {'bw': 10}, ((1, 2), (0, 20)): {'bw': 10}, ((2, 3), (np.int64(20), 0)): {'bw': 3}, ((2, 3), (0, 12)): {'bw': 3}}",154.0,99.0,70.0,35.0,64.0,35.0,64.0,35.0,119.0,55.0,0.6428571428571429,55163.45107065918,35462.21854542376,230.2741463988556,Success,0.0,"{'node_level': {}, 'link_level': {}, 'path_level': {}}","{'node_level': {0: {'cpu': -89}, 1: {'cpu': -46}, 2: {'cpu': -35}, 3: {'cpu': -41}}, 'link_level': {(0, 1): {'bw': -176}, (0, 2): {'bw': -28}, (1, 2): {'bw': -18}, (2, 3): {'bw': -105}}, 'path_level': {(0, 1): {}, (0, 2): {}, (1, 2): {}, (2, 3): {}}}","{'node_level': {0: {'cpu': 0}, 1: {'cpu': 0}, 2: {'cpu': 0}, 3: {'cpu': 0}}, 'link_level': {(0, 1): {'bw': 0}, (0, 2): {'bw': 0}, (1, 2): {'bw': 0}, (2, 3): {'bw': 0}}, 'path_level': {(0, 1): {}, (0, 2): {}, (1, 2): {}, (2, 3): {}}}",[],-inf,-inf,True,True,False,0,[],0,0.0,4.0,4.0
162,120,14,26651.0,62644.0,13236298.159698624,31210802.809218258,0.4254357959261861,0.4240934858551354,36,301,1,4041.0,11830,2126,9704,0.2482319660537482,0.3384237796563949,161,684.3612758195914,4041.0,7,11,True,"{0: np.int64(14), 1: np.int64(9), 2: np.int64(13), 3: np.int64(1), 4: np.int64(29), 5: np.int64(3), 6: np.int64(6)}","{(0, 4): [(np.int64(14), 13), (13, 2), (2, 29)], (1, 2): [(np.int64(9), 6), (6, 5), (5, 2), (2, 13)], (1, 3): [(np.int64(9), 6), (6, 4), (4, 1)], (1, 4): [(np.int64(9), 6), (6, 5), (5, 2), (2, 29)], (1, 5): [(np.int64(9), 6), (6, 5), (5, 3)], (1, 6): [(np.int64(9), 6)], (2, 3): [(np.int64(13), 14), (14, 12), (12, 1)], (2, 4): [(np.int64(13), 2), (2, 29)], (3, 6): [(np.int64(1), 4), (4, 6)], (4, 5): [(np.int64(29), 3)], (4, 6): [(np.int64(29), 2), (2, 5), (5, 6)]}","{(0, np.int64(14)): {'cpu': 6}, (1, np.int64(9)): {'cpu': 12}, (2, np.int64(13)): {'cpu': 1}, (3, np.int64(1)): {'cpu': 1}, (4, np.int64(29)): {'cpu': 13}, (5, np.int64(3)): {'cpu': 15}, (6, np.int64(6)): {'cpu': 13}}","{((0, 4), (np.int64(14), 13)): {'bw': 46}, ((0, 4), (13, 2)): {'bw': 46}, ((0, 4), (2, 29)): {'bw': 46}, ((1, 2), (np.int64(9), 6)): {'bw': 35}, ((1, 2), (6, 5)): {'bw': 35}, ((1, 2), (5, 2)): {'bw': 35}, ((1, 2), (2, 13)): {'bw': 35}, ((1, 3), (np.int64(9), 6)): {'bw': 40}, ((1, 3), (6, 4)): {'bw': 40}, ((1, 3), (4, 1)): {'bw': 40}, ((1, 4), (np.int64(9), 6)): {'bw': 15}, ((1, 4), (6, 5)): {'bw': 15}, ((1, 4), (5, 2)): {'bw': 15}, ((1, 4), (2, 29)): {'bw': 15}, ((1, 5), (np.int64(9), 6)): {'bw': 41}, ((1, 5), (6, 5)): {'bw': 41}, ((1, 5), (5, 3)): {'bw': 41}, ((1, 6), (np.int64(9), 6)): {'bw': 22}, ((2, 3), (np.int64(13), 14)): {'bw': 38}, ((2, 3), (14, 12)): {'bw': 38}, ((2, 3), (12, 1)): {'bw': 38}, ((2, 4), (np.int64(13), 2)): {'bw': 23}, ((2, 4), (2, 29)): {'bw': 23}, ((3, 6), (np.int64(1), 4)): {'bw': 50}, ((3, 6), (4, 6)): {'bw': 50}, ((4, 5), (np.int64(29), 3)): {'bw': 16}, ((4, 6), (np.int64(29), 2)): {'bw': 13}, ((4, 6), (2, 5)): {'bw': 13}, ((4, 6), (5, 6)): {'bw': 13}}",979.0,400.0,122.0,61.0,339.0,61.0,339.0,61.0,918.0,579.0,0.40858018386108275,669989.68902738,273744.51032783656,279.6164559017738,Success,0.0,"{'node_level': {}, 'link_level': {}, 'path_level': {}}","{'node_level': {0: {'cpu': -72}, 1: {'cpu': -65}, 2: {'cpu': -85}, 3: {'cpu': -33}, 4: {'cpu': -39}, 5: {'cpu': -44}, 6: {'cpu': -75}}, 'link_level': {(0, 4): {'bw': -107}, (1, 2): {'bw': -72}, (1, 3): {'bw': -124}, (1, 4): {'bw': -104}, (1, 5): {'bw': -75}, (1, 6): {'bw': -53}, (2, 3): {'bw': -173}, (2, 4): {'bw': -49}, (3, 6): {'bw': -74}, (4, 5): {'bw': -252}, (4, 6): {'bw': -68}}, 'path_level': {(0, 4): {}, (1, 2): {}, (1, 3): {}, (1, 4): {}, (1, 5): {}, (1, 6): {}, (2, 3): {}, (2, 4): {}, (3, 6): {}, (4, 5): {}, (4, 6): {}}}","{'node_level': {0: {'cpu': 0}, 1: {'cpu': 0}, 2: {'cpu': 0}, 3: {'cpu': 0}, 4: {'cpu': 0}, 5: {'cpu': 0}, 6: {'cpu': 0}}, 'link_level': {(0, 4): {'bw': 0}, (1, 2): {'bw': 0}, (1, 3): {'bw': 0}, (1, 4): {'bw': 0}, (1, 5): {'bw': 0}, (1, 6): {'bw': 0}, (2, 3): {'bw': 0}, (2, 4): {'bw': 0}, (3, 6): {'bw': 0}, (4, 5): {'bw': 0}, (4, 6): {'bw': 0}}, 'path_level': {(0, 4): {}, (1, 2): {}, (1, 3): {}, (1, 4): {}, (1, 5): {}, (1, 6): {}, (2, 3): {}, (2, 4): {}, (3, 6): {}, (4, 5): {}, (4, 6): {}}}",[],-inf,-inf,True,True,False,0,[],0,0.0,7.0,11.0
163,121,15,26773.0,62810.0,13249984.863391872,31229425.701128744,0.42625378124502467,0.42427885130506804,36,302,1,4063.0,11664,2098,9566,0.2581329561527581,0.347832015271339,162,112.18609584629425,4063.0,4,3,True,"{0: np.int64(7), 1: np.int64(14), 2: np.int64(13), 3: np.int64(2)}","{(0, 3): [(np.int64(7), 5), (5, 2)], (1, 2): [(np.int64(14), 13)], (2, 3): [(np.int64(13), 2)]}","{(0, np.int64(7)): {'cpu': 1}, (1, np.int64(14)): {'cpu': 2}, (2, np.int64(13)): {'cpu': 13}, (3, np.int64(2)): {'cpu': 12}}","{((0, 3), (np.int64(7), 5)): {'bw': 44}, ((0, 3), (5, 2)): {'bw': 44}, ((1, 2), (np.int64(14), 13)): {'bw': 40}, ((2, 3), (np.int64(13), 2)): {'bw': 10}}",166.0,122.0,56.0,28.0,94.0,28.0,94.0,28.0,138.0,44.0,0.7349397590361446,18622.891910484846,13686.703693247899,82.45002224848132,Success,0.0,"{'node_level': {}, 'link_level': {}, 'path_level': {}}","{'node_level': {0: {'cpu': -34}, 1: {'cpu': -70}, 2: {'cpu': -72}, 3: {'cpu': -29}}, 'link_level': {(0, 3): {'bw': -142}, (1, 2): {'bw': -259}, (2, 3): {'bw': -39}}, 'path_level': {(0, 3): {}, (1, 2): {}, (2, 3): {}}}","{'node_level': {0: {'cpu': 0}, 1: {'cpu': 0}, 2: {'cpu': 0}, 3: {'cpu': 0}}, 'link_level': {(0, 3): {'bw': 0}, (1, 2): {'bw': 0}, (2, 3): {'bw': 0}}, 'path_level': {(0, 3): {}, (1, 2): {}, (2, 3): {}}}",[],-inf,-inf,True,True,False,0,[],0,0.0,4.0,3.0
164,121,15,26773.0,62810.0,13249984.863391872,31229425.701128744,0.42625378124502467,0.42427885130506804,36,303,1,4093.0,11664,2098,9566,0.2581329561527581,0.347832015271339,163,2480.294721911595,4093.0,9,21,False,"{0: np.int64(15), 1: np.int64(12), 2: np.int64(35), 3: np.int64(8), 4: np.int64(0), 5: np.int64(11), 6: np.int64(23), 7: np.int64(33), 8: np.int64(26)}","{(0, 1): [(np.int64(15), 12)], (0, 3): [(np.int64(15), 12), (12, 0), (0, 4), (4, 6), (6, 8)], (0, 4): [(np.int64(15), 12), (12, 0)], (0, 5): [(np.int64(15), 12), (12, 0), (0, 4), (4, 7), (7, 11)], (0, 6): [(np.int64(15), 12), (12, 1), (1, 20), (20, 23)], (0, 7): [(np.int64(15), 12), (12, 1), (1, 28), (28, 30), (30, 33)], (1, 5): [(np.int64(12), 0), (0, 4), (4, 7), (7, 11)], (1, 6): [(np.int64(12), 1), (1, 20), (20, 23)], (1, 7): [(np.int64(12), 1), (1, 28), (28, 30), (30, 33)], (1, 8): [(np.int64(12), 1), (1, 20), (20, 23), (23, 26)], (2, 5): [(np.int64(35), 31), (31, 28), (28, 1), (1, 4), (4, 7), (7, 11)], (2, 6): [(np.int64(35), 31), (31, 28), (28, 1), (1, 20), (20, 23)], (3, 4): [(np.int64(8), 6), (6, 4), (4, 0)], (3, 5): [(np.int64(8), 6), (6, 4), (4, 7), (7, 11)], (3, 6): [(np.int64(8), 6), (6, 5), (5, 2), (2, 21), (21, 23)], (3, 7): [(np.int64(8), 6), (6, 4), (4, 0), (0, 28), (28, 30), (30, 33)], (3, 8): []}","{(0, np.int64(15)): {'cpu': 18}, (1, np.int64(12)): {'cpu': 1}, (2, np.int64(35)): {'cpu': 17}, (3, np.int64(8)): {'cpu': 5}, (4, np.int64(0)): {'cpu': 10}, (5, np.int64(11)): {'cpu': 1}, (6, np.int64(23)): {'cpu': 6}, (7, np.int64(33)): {'cpu': 15}, (8, np.int64(26)): {'cpu': 6}}","{((0, 1), (np.int64(15), 12)): {'bw': 41}, ((0, 3), (np.int64(15), 12)): {'bw': 47}, ((0, 3), (12, 0)): {'bw': 47}, ((0, 3), (0, 4)): {'bw': 47}, ((0, 3), (4, 6)): {'bw': 47}, ((0, 3), (6, 8)): {'bw': 47}, ((0, 4), (np.int64(15), 12)): {'bw': 3}, ((0, 4), (12, 0)): {'bw': 3}, ((0, 5), (np.int64(15), 12)): {'bw': 38}, ((0, 5), (12, 0)): {'bw': 38}, ((0, 5), (0, 4)): {'bw': 38}, ((0, 5), (4, 7)): {'bw': 38}, ((0, 5), (7, 11)): {'bw': 38}, ((0, 6), (np.int64(15), 12)): {'bw': 27}, ((0, 6), (12, 1)): {'bw': 27}, ((0, 6), (1, 20)): {'bw': 27}, ((0, 6), (20, 23)): {'bw': 27}, ((0, 7), (np.int64(15), 12)): {'bw': 49}, ((0, 7), (12, 1)): {'bw': 49}, ((0, 7), (1, 28)): {'bw': 49}, ((0, 7), (28, 30)): {'bw': 49}, ((0, 7), (30, 33)): {'bw': 49}, ((1, 5), (np.int64(12), 0)): {'bw': 17}, ((1, 5), (0, 4)): {'bw': 17}, ((1, 5), (4, 7)): {'bw': 17}, ((1, 5), (7, 11)): {'bw': 17}, ((1, 6), (np.int64(12), 1)): {'bw': 30}, ((1, 6), (1, 20)): {'bw': 30}, ((1, 6), (20, 23)): {'bw': 30}, ((1, 7), (np.int64(12), 1)): {'bw': 32}, ((1, 7), (1, 28)): {'bw': 32}, ((1, 7), (28, 30)): {'bw': 32}, ((1, 7), (30, 33)): {'bw': 32}, ((1, 8), (np.int64(12), 1)): {'bw': 21}, ((1, 8), (1, 20)): {'bw': 21}, ((1, 8), (20, 23)): {'bw': 21}, ((1, 8), (23, 26)): {'bw': 21}, ((2, 5), (np.int64(35), 31)): {'bw': 45}, ((2, 5), (31, 28)): {'bw': 45}, ((2, 5), (28, 1)): {'bw': 45}, ((2, 5), (1, 4)): {'bw': 45}, ((2, 5), (4, 7)): {'bw': 45}, ((2, 5), (7, 11)): {'bw': 45}, ((2, 6), (np.int64(35), 31)): {'bw': 31}, ((2, 6), (31, 28)): {'bw': 31}, ((2, 6), (28, 1)): {'bw': 31}, ((2, 6), (1, 20)): {'bw': 31}, ((2, 6), (20, 23)): {'bw': 31}, ((3, 4), (np.int64(8), 6)): {'bw': 12}, ((3, 4), (6, 4)): {'bw': 12}, ((3, 4), (4, 0)): {'bw': 12}, ((3, 5), (np.int64(8), 6)): {'bw': 14}, ((3, 5), (6, 4)): {'bw': 14}, ((3, 5), (4, 7)): {'bw': 14}, ((3, 5), (7, 11)): {'bw': 14}, ((3, 6), (np.int64(8), 6)): {'bw': 27}, ((3, 6), (6, 5)): {'bw': 27}, ((3, 6), (5, 2)): {'bw': 27}, ((3, 6), (2, 21)): {'bw': 27}, ((3, 6), (21, 23)): {'bw': 27}, ((3, 7), (np.int64(8), 6)): {'bw': 0}, ((3, 7), (6, 4)): {'bw': 0}, ((3, 7), (4, 0)): {'bw': 0}, ((3, 7), (0, 28)): {'bw': 0}, ((3, 7), (28, 30)): {'bw': 0}, ((3, 7), (30, 33)): {'bw': 0}}",0.0,0.0,158.0,79.0,560.0,0.0,0.0,0.0,0.0,0.0,0.0,0.0,0.0,0.0,Route Failure,100.0,"{'node_level': {}, 'link_level': {}, 'path_level': {}}","{'node_level': {0: {'cpu': -32}, 1: {'cpu': -40}, 2: {'cpu': -66}, 3: {'cpu': -65}, 4: {'cpu': -65}, 5: {'cpu': -89}, 6: {'cpu': -46}, 7: {'cpu': -57}, 8: {'cpu': -54}}, 'link_level': {(0, 1): {'bw': -255}, (0, 3): {'bw': -27}, (0, 4): {'bw': -55}, (0, 5): {'bw': -17}, (0, 6): {'bw': -140}, (0, 7): {'bw': -91}, (1, 5): {'bw': 0}, (1, 6): {'bw': -67}, (1, 7): {'bw': -35}, (1, 8): {'bw': -14}, (2, 5): {'bw': -36}, (2, 6): {'bw': -5}, (3, 4): {'bw': -15}, (3, 5): {'bw': -1}, (3, 6): {'bw': -12}, (3, 7): {'bw': -1}, (3, 8): {'bw': 100.0}}, 'path_level': {(0, 1): {}, (0, 3): {}, (0, 4): {}, (0, 5): {}, (0, 6): {}, (0, 7): {}, (1, 5): {}, (1, 6): {}, (1, 7): {}, (1, 8): {}, (2, 5): {}, (2, 6): {}, (3, 4): {}, (3, 5): {}, (3, 6): {}, (3, 7): {}, (3, 8): {}}}","{'node_level': {0: {'cpu': 0}, 1: {'cpu': 0}, 2: {'cpu': 0}, 3: {'cpu': 0}, 4: {'cpu': 0}, 5: {'cpu': 0}, 6: {'cpu': 0}, 7: {'cpu': 0}, 8: {'cpu': 0}}, 'link_level': {(0, 1): {'bw': 0}, (0, 3): {'bw': 0}, (0, 4): {'bw': 0}, (0, 5): {'bw': 0}, (0, 6): {'bw': 0}, (0, 7): {'bw': 0}, (1, 5): {'bw': 0}, (1, 6): {'bw': 0}, (1, 7): {'bw': 0}, (1, 8): {'bw': 0}, (2, 5): {'bw': 0}, (2, 6): {'bw': 0}, (3, 4): {'bw': 0}, (3, 5): {'bw': 0}, (3, 6): {'bw': 0}, (3, 7): {'bw': 0}, (3, 8): {'bw': 100.0}}, 'path_level': {(0, 1): {}, (0, 3): {}, (0, 4): {}, (0, 5): {}, (0, 6): {}, (0, 7): {}, (1, 5): {}, (1, 6): {}, (1, 7): {}, (1, 8): {}, (2, 5): {}, (2, 6): {}, (3, 4): {}, (3, 5): {}, (3, 6): {}, (3, 7): {}, (3, 8): {}}}",[],-inf,-inf,True,False,False,0,[],0,0.0,9.0,17.0
164,121,15,26773.0,62810.0,13249984.863391872,31229425.701128744,0.42625378124502467,0.42427885130506804,36,304,0,4113.7771634749415,11664,2098,9566,0.2581329561527581,0.347832015271339,125,948.7771634749412,3165.0,7,14,False,{},{},{},{},0.0,0.0,0.0,0.0,0.0,0.0,0.0,0.0,0.0,0.0,0.0,0.0,0.0,0.0,Leave Event,0.0,"{'node_level': {}, 'link_level': {}, 'path_level': {}}","{'node_level': {}, 'link_level': {}, 'path_level': {}}","{'node_level': {}, 'link_level': {}, 'path_level': {}}",[],-inf,-inf,True,True,False,0,[],0,0.0,,
165,122,16,27135.0,63761.0,13345204.69885192,31479575.047875997,0.4255736265115039,0.42393217438786085,36,305,1,4118.0,10713,2010,8703,0.2892503536067893,0.4066675756749386,164,263.0382195028958,4118.0,7,11,True,"{0: np.int64(13), 1: np.int64(29), 2: np.int64(6), 3: np.int64(5), 4: np.int64(27), 5: np.int64(21), 6: np.int64(12)}","{(0, 4): [(np.int64(13), 2), (2, 21), (21, 23), (23, 27)], (0, 5): [(np.int64(13), 3), (3, 21)], (0, 6): [(np.int64(13), 14), (14, 12)], (1, 2): [(np.int64(29), 2), (2, 5), (5, 6)], (2, 5): [(np.int64(6), 5), (5, 2), (2, 21)], (2, 6): [(np.int64(6), 4), (4, 0), (0, 12)], (3, 4): [(np.int64(5), 2), (2, 21), (21, 23), (23, 27)], (3, 5): [(np.int64(5), 2), (2, 21)], (3, 6): [(np.int64(5), 3), (3, 13), (13, 14), (14, 12)], (4, 5): [(np.int64(27), 23), (23, 21)], (4, 6): [(np.int64(27), 23), (23, 20), (20, 0), (0, 12)]}","{(0, np.int64(13)): {'cpu': 16}, (1, np.int64(29)): {'cpu': 3}, (2, np.int64(6)): {'cpu': 11}, (3, np.int64(5)): {'cpu': 20}, (4, np.int64(27)): {'cpu': 13}, (5, np.int64(21)): {'cpu': 12}, (6, np.int64(12)): {'cpu': 13}}","{((0, 4), (np.int64(13), 2)): {'bw': 37}, ((0, 4), (2, 21)): {'bw': 37}, ((0, 4), (21, 23)): {'bw': 37}, ((0, 4), (23, 27)): {'bw': 37}, ((0, 5), (np.int64(13), 3)): {'bw': 14}, ((0, 5), (3, 21)): {'bw': 14}, ((0, 6), (np.int64(13), 14)): {'bw': 23}, ((0, 6), (14, 12)): {'bw': 23}, ((1, 2), (np.int64(29), 2)): {'bw': 8}, ((1, 2), (2, 5)): {'bw': 8}, ((1, 2), (5, 6)): {'bw': 8}, ((2, 5), (np.int64(6), 5)): {'bw': 16}, ((2, 5), (5, 2)): {'bw': 16}, ((2, 5), (2, 21)): {'bw': 16}, ((2, 6), (np.int64(6), 4)): {'bw': 23}, ((2, 6), (4, 0)): {'bw': 23}, ((2, 6), (0, 12)): {'bw': 23}, ((3, 4), (np.int64(5), 2)): {'bw': 19}, ((3, 4), (2, 21)): {'bw': 19}, ((3, 4), (21, 23)): {'bw': 19}, ((3, 4), (23, 27)): {'bw': 19}, ((3, 5), (np.int64(5), 2)): {'bw': 38}, ((3, 5), (2, 21)): {'bw': 38}, ((3, 6), (np.int64(5), 3)): {'bw': 36}, ((3, 6), (3, 13)): {'bw': 36}, ((3, 6), (13, 14)): {'bw': 36}, ((3, 6), (14, 12)): {'bw': 36}, ((4, 5), (np.int64(27), 23)): {'bw': 18}, ((4, 5), (23, 21)): {'bw': 18}, ((4, 6), (np.int64(27), 23)): {'bw': 42}, ((4, 6), (23, 20)): {'bw': 42}, ((4, 6), (20, 0)): {'bw': 42}, ((4, 6), (0, 12)): {'bw': 42}}",951.0,362.0,176.0,88.0,274.0,88.0,274.0,88.0,863.0,589.0,0.38065194532071506,250149.3467472539,95219.83546004829,100.12600994747454,Success,0.0,"{'node_level': {}, 'link_level': {}, 'path_level': {}}","{'node_level': {0: {'cpu': -56}, 1: {'cpu': -36}, 2: {'cpu': -64}, 3: {'cpu': -1}, 4: {'cpu': -32}, 5: {'cpu': -22}, 6: {'cpu': -28}}, 'link_level': {(0, 4): {'bw': -2}, (0, 5): {'bw': -286}, (0, 6): {'bw': -189}, (1, 2): {'bw': -60}, (2, 5): {'bw': -82}, (2, 6): {'bw': -51}, (3, 4): {'bw': -99}, (3, 5): {'bw': -61}, (3, 6): {'bw': -153}, (4, 5): {'bw': -139}, (4, 6): {'bw': -40}}, 'path_level': {(0, 4): {}, (0, 5): {}, (0, 6): {}, (1, 2): {}, (2, 5): {}, (2, 6): {}, (3, 4): {}, (3, 5): {}, (3, 6): {}, (4, 5): {}, (4, 6): {}}}","{'node_level': {0: {'cpu': 0}, 1: {'cpu': 0}, 2: {'cpu': 0}, 3: {'cpu': 0}, 4: {'cpu': 0}, 5: {'cpu': 0}, 6: {'cpu': 0}}, 'link_level': {(0, 4): {'bw': 0}, (0, 5): {'bw': 0}, (0, 6): {'bw': 0}, (1, 2): {'bw': 0}, (2, 5): {'bw': 0}, (2, 6): {'bw': 0}, (3, 4): {'bw': 0}, (3, 5): {'bw': 0}, (3, 6): {'bw': 0}, (4, 5): {'bw': 0}, (4, 6): {'bw': 0}}, 'path_level': {(0, 4): {}, (0, 5): {}, (0, 6): {}, (1, 2): {}, (2, 5): {}, (2, 6): {}, (3, 4): {}, (3, 5): {}, (3, 6): {}, (4, 5): {}, (4, 6): {}}}",[],-inf,-inf,True,True,False,0,[],0,0.0,7.0,11.0
166,123,17,27465.0,64947.0,13528926.489871267,32139860.030145526,0.4228832740542288,0.42093918508611533,36,306,1,4137.0,9527,1940,7587,0.31400282885431396,0.4827515680392691,165,556.732700058624,4137.0,8,9,True,"{0: np.int64(19), 1: np.int64(21), 2: np.int64(35), 3: np.int64(17), 4: np.int64(20), 5: np.int64(18), 6: np.int64(33), 7: np.int64(29)}","{(0, 2): [(np.int64(19), 15), (15, 12), (12, 1), (1, 28), (28, 31), (31, 35)], (0, 3): [(np.int64(19), 15), (15, 12), (12, 14), (14, 17)], (0, 7): [(np.int64(19), 15), (15, 13), (13, 3), (3, 29)], (1, 4): [(np.int64(21), 22), (22, 20)], (1, 7): [(np.int64(21), 2), (2, 29)], (2, 6): [(np.int64(35), 31), (31, 28), (28, 30), (30, 33)], (2, 7): [(np.int64(35), 31), (31, 29)], (3, 6): [(np.int64(17), 14), (14, 12), (12, 1), (1, 28), (28, 30), (30, 33)], (4, 5): [(np.int64(20), 0), (0, 12), (12, 15), (15, 18)]}","{(0, np.int64(19)): {'cpu': 10}, (1, np.int64(21)): {'cpu': 6}, (2, np.int64(35)): {'cpu': 3}, (3, np.int64(17)): {'cpu': 12}, (4, np.int64(20)): {'cpu': 8}, (5, np.int64(18)): {'cpu': 18}, (6, np.int64(33)): {'cpu': 11}, (7, np.int64(29)): {'cpu': 2}}","{((0, 2), (np.int64(19), 15)): {'bw': 42}, ((0, 2), (15, 12)): {'bw': 42}, ((0, 2), (12, 1)): {'bw': 42}, ((0, 2), (1, 28)): {'bw': 42}, ((0, 2), (28, 31)): {'bw': 42}, ((0, 2), (31, 35)): {'bw': 42}, ((0, 3), (np.int64(19), 15)): {'bw': 32}, ((0, 3), (15, 12)): {'bw': 32}, ((0, 3), (12, 14)): {'bw': 32}, ((0, 3), (14, 17)): {'bw': 32}, ((0, 7), (np.int64(19), 15)): {'bw': 21}, ((0, 7), (15, 13)): {'bw': 21}, ((0, 7), (13, 3)): {'bw': 21}, ((0, 7), (3, 29)): {'bw': 21}, ((1, 4), (np.int64(21), 22)): {'bw': 21}, ((1, 4), (22, 20)): {'bw': 21}, ((1, 7), (np.int64(21), 2)): {'bw': 11}, ((1, 7), (2, 29)): {'bw': 11}, ((2, 6), (np.int64(35), 31)): {'bw': 25}, ((2, 6), (31, 28)): {'bw': 25}, ((2, 6), (28, 30)): {'bw': 25}, ((2, 6), (30, 33)): {'bw': 25}, ((2, 7), (np.int64(35), 31)): {'bw': 21}, ((2, 7), (31, 29)): {'bw': 21}, ((3, 6), (np.int64(17), 14)): {'bw': 49}, ((3, 6), (14, 12)): {'bw': 49}, ((3, 6), (12, 1)): {'bw': 49}, ((3, 6), (1, 28)): {'bw': 49}, ((3, 6), (28, 30)): {'bw': 49}, ((3, 6), (30, 33)): {'bw': 49}, ((4, 5), (np.int64(20), 0)): {'bw': 38}, ((4, 5), (0, 12)): {'bw': 38}, ((4, 5), (12, 15)): {'bw': 38}, ((4, 5), (15, 18)): {'bw': 38}}",1186.0,330.0,140.0,70.0,260.0,70.0,260.0,70.0,1116.0,856.0,0.2782462057335582,660284.9822695281,183721.79101934592,154.90876139911123,Success,0.0,"{'node_level': {}, 'link_level': {}, 'path_level': {}}","{'node_level': {0: {'cpu': -61}, 1: {'cpu': -16}, 2: {'cpu': -80}, 3: {'cpu': -41}, 4: {'cpu': -27}, 5: {'cpu': -16}, 6: {'cpu': -61}, 7: {'cpu': -34}}, 'link_level': {(0, 2): {'bw': -120}, (0, 3): {'bw': -121}, (0, 7): {'bw': -164}, (1, 4): {'bw': -136}, (1, 7): {'bw': -49}, (2, 6): {'bw': -99}, (2, 7): {'bw': -152}, (3, 6): {'bw': -71}, (4, 5): {'bw': -2}}, 'path_level': {(0, 2): {}, (0, 3): {}, (0, 7): {}, (1, 4): {}, (1, 7): {}, (2, 6): {}, (2, 7): {}, (3, 6): {}, (4, 5): {}}}","{'node_level': {0: {'cpu': 0}, 1: {'cpu': 0}, 2: {'cpu': 0}, 3: {'cpu': 0}, 4: {'cpu': 0}, 5: {'cpu': 0}, 6: {'cpu': 0}, 7: {'cpu': 0}}, 'link_level': {(0, 2): {'bw': 0}, (0, 3): {'bw': 0}, (0, 7): {'bw': 0}, (1, 4): {'bw': 0}, (1, 7): {'bw': 0}, (2, 6): {'bw': 0}, (2, 7): {'bw': 0}, (3, 6): {'bw': 0}, (4, 5): {'bw': 0}}, 'path_level': {(0, 2): {}, (0, 3): {}, (0, 7): {}, (1, 4): {}, (1, 7): {}, (2, 6): {}, (2, 7): {}, (3, 6): {}, (4, 5): {}}}",[],-inf,-inf,True,True,False,0,[],0,0.0,8.0,9.0
167,124,18,27844.0,65770.0,13593406.560065567,32279878.757770617,0.42335411281739393,0.42111083074601935,36,307,1,4168.0,8704,1851,6853,0.3454738330975955,0.532792473411508,166,170.1321113306077,4168.0,7,13,True,"{0: np.int64(10), 1: np.int64(29), 2: np.int64(3), 3: np.int64(31), 4: np.int64(13), 5: np.int64(5), 6: np.int64(28)}","{(0, 1): [(np.int64(10), 7), (7, 5), (5, 2), (2, 29)], (0, 4): [(np.int64(10), 7), (7, 5), (5, 3), (3, 13)], (0, 5): [(np.int64(10), 7), (7, 5)], (1, 4): [(np.int64(29), 3), (3, 13)], (1, 5): [(np.int64(29), 2), (2, 5)], (2, 3): [(np.int64(3), 29), (29, 31)], (2, 4): [(np.int64(3), 13)], (2, 6): [(np.int64(3), 29), (29, 30), (30, 28)], (3, 4): [(np.int64(31), 29), (29, 3), (3, 13)], (3, 5): [(np.int64(31), 29), (29, 3), (3, 5)], (3, 6): [(np.int64(31), 28)], (4, 5): [(np.int64(13), 3), (3, 5)], (5, 6): [(np.int64(5), 2), (2, 29), (29, 30), (30, 28)]}","{(0, np.int64(10)): {'cpu': 11}, (1, np.int64(29)): {'cpu': 20}, (2, np.int64(3)): {'cpu': 19}, (3, np.int64(31)): {'cpu': 15}, (4, np.int64(13)): {'cpu': 4}, (5, np.int64(5)): {'cpu': 1}, (6, np.int64(28)): {'cpu': 19}}","{((0, 1), (np.int64(10), 7)): {'bw': 36}, ((0, 1), (7, 5)): {'bw': 36}, ((0, 1), (5, 2)): {'bw': 36}, ((0, 1), (2, 29)): {'bw': 36}, ((0, 4), (np.int64(10), 7)): {'bw': 33}, ((0, 4), (7, 5)): {'bw': 33}, ((0, 4), (5, 3)): {'bw': 33}, ((0, 4), (3, 13)): {'bw': 33}, ((0, 5), (np.int64(10), 7)): {'bw': 12}, ((0, 5), (7, 5)): {'bw': 12}, ((1, 4), (np.int64(29), 3)): {'bw': 26}, ((1, 4), (3, 13)): {'bw': 26}, ((1, 5), (np.int64(29), 2)): {'bw': 12}, ((1, 5), (2, 5)): {'bw': 12}, ((2, 3), (np.int64(3), 29)): {'bw': 12}, ((2, 3), (29, 31)): {'bw': 12}, ((2, 4), (np.int64(3), 13)): {'bw': 34}, ((2, 6), (np.int64(3), 29)): {'bw': 32}, ((2, 6), (29, 30)): {'bw': 32}, ((2, 6), (30, 28)): {'bw': 32}, ((3, 4), (np.int64(31), 29)): {'bw': 5}, ((3, 4), (29, 3)): {'bw': 5}, ((3, 4), (3, 13)): {'bw': 5}, ((3, 5), (np.int64(31), 29)): {'bw': 25}, ((3, 5), (29, 3)): {'bw': 25}, ((3, 5), (3, 5)): {'bw': 25}, ((3, 6), (np.int64(31), 28)): {'bw': 14}, ((4, 5), (np.int64(13), 3)): {'bw': 48}, ((4, 5), (3, 5)): {'bw': 48}, ((5, 6), (np.int64(5), 2)): {'bw': 1}, ((5, 6), (2, 29)): {'bw': 1}, ((5, 6), (29, 30)): {'bw': 1}, ((5, 6), (30, 28)): {'bw': 1}}",823.0,379.0,178.0,89.0,290.0,89.0,290.0,89.0,734.0,444.0,0.46051032806804376,140018.72762509013,64480.070194300315,78.34759440376709,Success,0.0,"{'node_level': {}, 'link_level': {}, 'path_level': {}}","{'node_level': {0: {'cpu': -62}, 1: {'cpu': -14}, 2: {'cpu': -25}, 3: {'cpu': -31}, 4: {'cpu': -52}, 5: {'cpu': 0}, 6: {'cpu': -70}}, 'link_level': {(0, 1): {'bw': -13}, (0, 4): {'bw': -102}, (0, 5): {'bw': -90}, (1, 4): {'bw': -205}, (1, 5): {'bw': -1}, (2, 3): {'bw': -193}, (2, 4): {'bw': -197}, (2, 6): {'bw': -92}, (3, 4): {'bw': -156}, (3, 5): {'bw': -130}, (3, 6): {'bw': -85}, (4, 5): {'bw': -82}, (5, 6): {'bw': 0}}, 'path_level': {(0, 1): {}, (0, 4): {}, (0, 5): {}, (1, 4): {}, (1, 5): {}, (2, 3): {}, (2, 4): {}, (2, 6): {}, (3, 4): {}, (3, 5): {}, (3, 6): {}, (4, 5): {}, (5, 6): {}}}","{'node_level': {0: {'cpu': 0}, 1: {'cpu': 0}, 2: {'cpu': 0}, 3: {'cpu': 0}, 4: {'cpu': 0}, 5: {'cpu': 0}, 6: {'cpu': 0}}, 'link_level': {(0, 1): {'bw': 0}, (0, 4): {'bw': 0}, (0, 5): {'bw': 0}, (1, 4): {'bw': 0}, (1, 5): {'bw': 0}, (2, 3): {'bw': 0}, (2, 4): {'bw': 0}, (2, 6): {'bw': 0}, (3, 4): {'bw': 0}, (3, 5): {'bw': 0}, (3, 6): {'bw': 0}, (4, 5): {'bw': 0}, (5, 6): {'bw': 0}}, 'path_level': {(0, 1): {}, (0, 4): {}, (0, 5): {}, (1, 4): {}, (1, 5): {}, (2, 3): {}, (2, 4): {}, (2, 6): {}, (3, 4): {}, (3, 5): {}, (3, 6): {}, (4, 5): {}, (5, 6): {}}}",[],-inf,-inf,True,True,False,0,[],0,0.0,7.0,13.0
167,124,17,27844.0,65770.0,13593406.560065567,32279878.757770617,0.42335411281739393,0.42111083074601935,36,308,0,4175.186095846294,8870,1879,6991,0.3355728429985856,0.523384237796564,162,112.18609584629425,4063.0,4,3,False,{},{},{},{},0.0,0.0,0.0,0.0,0.0,0.0,0.0,0.0,0.0,0.0,0.0,0.0,0.0,0.0,Leave Event,0.0,"{'node_level': {}, 'link_level': {}, 'path_level': {}}","{'node_level': {}, 'link_level': {}, 'path_level': {}}","{'node_level': {}, 'link_level': {}, 'path_level': {}}",[],-inf,-inf,True,True,False,0,[],0,0.0,,
167,124,16,27844.0,65770.0,13593406.560065567,32279878.757770617,0.42335411281739393,0.42111083074601935,36,309,0,4186.622556026469,9201,1916,7285,0.3224893917963225,0.5033406053995091,156,253.62255602646934,3933.0,5,6,False,{},{},{},{},0.0,0.0,0.0,0.0,0.0,0.0,0.0,0.0,0.0,0.0,0.0,0.0,0.0,0.0,Leave Event,0.0,"{'node_level': {}, 'link_level': {}, 'path_level': {}}","{'node_level': {}, 'link_level': {}, 'path_level': {}}","{'node_level': {}, 'link_level': {}, 'path_level': {}}",[],-inf,-inf,True,True,False,0,[],0,0.0,,
168,125,17,28336.0,67118.0,13937792.651679516,33223440.651054364,0.4221818290175512,0.4195168344563733,36,310,1,4189.0,7853,1807,6046,0.36103253182461104,0.5878101990728115,167,699.971730922661,4189.0,8,14,True,"{0: np.int64(35), 1: np.int64(6), 2: np.int64(26), 3: np.int64(13), 4: np.int64(31), 5: np.int64(29), 6: np.int64(24), 7: np.int64(22)}","{(0, 1): [(np.int64(35), 31), (31, 28), (28, 0), (0, 4), (4, 6)], (0, 4): [(np.int64(35), 31)], (0, 5): [(np.int64(35), 31), (31, 29)], (1, 4): [(np.int64(6), 4), (4, 1), (1, 28), (28, 31)], (1, 5): [(np.int64(6), 5), (5, 3), (3, 29)], (1, 6): [(np.int64(6), 5), (5, 2), (2, 21), (21, 22), (22, 24)], (1, 7): [(np.int64(6), 5), (5, 2), (2, 21), (21, 22)], (2, 3): [(np.int64(26), 23), (23, 21), (21, 3), (3, 13)], (2, 4): [(np.int64(26), 23), (23, 21), (21, 3), (3, 29), (29, 31)], (2, 5): [(np.int64(26), 23), (23, 21), (21, 2), (2, 29)], (3, 4): [(np.int64(13), 3), (3, 29), (29, 31)], (4, 7): [(np.int64(31), 29), (29, 3), (3, 21), (21, 22)], (5, 7): [(np.int64(29), 3), (3, 21), (21, 22)], (6, 7): [(np.int64(24), 22)]}","{(0, np.int64(35)): {'cpu': 15}, (1, np.int64(6)): {'cpu': 17}, (2, np.int64(26)): {'cpu': 8}, (3, np.int64(13)): {'cpu': 18}, (4, np.int64(31)): {'cpu': 16}, (5, np.int64(29)): {'cpu': 10}, (6, np.int64(24)): {'cpu': 13}, (7, np.int64(22)): {'cpu': 12}}","{((0, 1), (np.int64(35), 31)): {'bw': 14}, ((0, 1), (31, 28)): {'bw': 14}, ((0, 1), (28, 0)): {'bw': 14}, ((0, 1), (0, 4)): {'bw': 14}, ((0, 1), (4, 6)): {'bw': 14}, ((0, 4), (np.int64(35), 31)): {'bw': 22}, ((0, 5), (np.int64(35), 31)): {'bw': 35}, ((0, 5), (31, 29)): {'bw': 35}, ((1, 4), (np.int64(6), 4)): {'bw': 50}, ((1, 4), (4, 1)): {'bw': 50}, ((1, 4), (1, 28)): {'bw': 50}, ((1, 4), (28, 31)): {'bw': 50}, ((1, 5), (np.int64(6), 5)): {'bw': 38}, ((1, 5), (5, 3)): {'bw': 38}, ((1, 5), (3, 29)): {'bw': 38}, ((1, 6), (np.int64(6), 5)): {'bw': 2}, ((1, 6), (5, 2)): {'bw': 2}, ((1, 6), (2, 21)): {'bw': 2}, ((1, 6), (21, 22)): {'bw': 2}, ((1, 6), (22, 24)): {'bw': 2}, ((1, 7), (np.int64(6), 5)): {'bw': 43}, ((1, 7), (5, 2)): {'bw': 43}, ((1, 7), (2, 21)): {'bw': 43}, ((1, 7), (21, 22)): {'bw': 43}, ((2, 3), (np.int64(26), 23)): {'bw': 28}, ((2, 3), (23, 21)): {'bw': 28}, ((2, 3), (21, 3)): {'bw': 28}, ((2, 3), (3, 13)): {'bw': 28}, ((2, 4), (np.int64(26), 23)): {'bw': 46}, ((2, 4), (23, 21)): {'bw': 46}, ((2, 4), (21, 3)): {'bw': 46}, ((2, 4), (3, 29)): {'bw': 46}, ((2, 4), (29, 31)): {'bw': 46}, ((2, 5), (np.int64(26), 23)): {'bw': 0}, ((2, 5), (23, 21)): {'bw': 0}, ((2, 5), (21, 2)): {'bw': 0}, ((2, 5), (2, 29)): {'bw': 0}, ((3, 4), (np.int64(13), 3)): {'bw': 20}, ((3, 4), (3, 29)): {'bw': 20}, ((3, 4), (29, 31)): {'bw': 20}, ((4, 7), (np.int64(31), 29)): {'bw': 24}, ((4, 7), (29, 3)): {'bw': 24}, ((4, 7), (3, 21)): {'bw': 24}, ((4, 7), (21, 22)): {'bw': 24}, ((5, 7), (np.int64(29), 3)): {'bw': 11}, ((5, 7), (3, 21)): {'bw': 11}, ((5, 7), (21, 22)): {'bw': 11}, ((6, 7), (np.int64(24), 22)): {'bw': 50}}",1348.0,492.0,218.0,109.0,383.0,109.0,383.0,109.0,1239.0,856.0,0.3649851632047478,943561.893283747,344386.0916139492,255.47929644951722,Success,0.0,"{'node_level': {}, 'link_level': {}, 'path_level': {}}","{'node_level': {0: {'cpu': -65}, 1: {'cpu': -54}, 2: {'cpu': -52}, 3: {'cpu': -47}, 4: {'cpu': -15}, 5: {'cpu': -4}, 6: {'cpu': -39}, 7: {'cpu': -51}}, 'link_level': {(0, 1): {'bw': -35}, (0, 4): {'bw': -116}, (0, 5): {'bw': -81}, (1, 4): {'bw': 0}, (1, 5): {'bw': -76}, (1, 6): {'bw': -54}, (1, 7): {'bw': -11}, (2, 3): {'bw': -116}, (2, 4): {'bw': -63}, (2, 5): {'bw': 0}, (3, 4): {'bw': -43}, (4, 7): {'bw': -19}, (5, 7): {'bw': -8}, (6, 7): {'bw': -220}}, 'path_level': {(0, 1): {}, (0, 4): {}, (0, 5): {}, (1, 4): {}, (1, 5): {}, (1, 6): {}, (1, 7): {}, (2, 3): {}, (2, 4): {}, (2, 5): {}, (3, 4): {}, (4, 7): {}, (5, 7): {}, (6, 7): {}}}","{'node_level': {0: {'cpu': 0}, 1: {'cpu': 0}, 2: {'cpu': 0}, 3: {'cpu': 0}, 4: {'cpu': 0}, 5: {'cpu': 0}, 6: {'cpu': 0}, 7: {'cpu': 0}}, 'link_level': {(0, 1): {'bw': 0}, (0, 4): {'bw': 0}, (0, 5): {'bw': 0}, (1, 4): {'bw': 0}, (1, 5): {'bw': 0}, (1, 6): {'bw': 0}, (1, 7): {'bw': 0}, (2, 3): {'bw': 0}, (2, 4): {'bw': 0}, (2, 5): {'bw': 0}, (3, 4): {'bw': 0}, (4, 7): {'bw': 0}, (5, 7): {'bw': 0}, (6, 7): {'bw': 0}}, 'path_level': {(0, 1): {}, (0, 4): {}, (0, 5): {}, (1, 4): {}, (1, 5): {}, (1, 6): {}, (1, 7): {}, (2, 3): {}, (2, 4): {}, (2, 5): {}, (3, 4): {}, (4, 7): {}, (5, 7): {}, (6, 7): {}}}",[],-inf,-inf,True,True,False,0,[],0,0.0,8.0,14.0
169,125,17,28336.0,67118.0,13937792.651679516,33223440.651054364,0.4221818290175512,0.4195168344563733,36,311,1,4211.0,7853,1807,6046,0.36103253182461104,0.5878101990728115,168,404.885740026539,4211.0,10,16,False,"{0: np.int64(2), 1: np.int64(14), 2: np.int64(35), 3: np.int64(27), 4: np.int64(21), 5: np.int64(33), 6: np.int64(4), 7: np.int64(32), 8: np.int64(31), 9: np.int64(30)}","{(0, 2): [(np.int64(2), 5), (5, 7), (7, 4), (4, 0), (0, 28), (28, 31), (31, 35)], (0, 4): [(np.int64(2), 21)], (0, 5): []}","{(0, np.int64(2)): {'cpu': 12}, (1, np.int64(14)): {'cpu': 4}, (2, np.int64(35)): {'cpu': 10}, (3, np.int64(27)): {'cpu': 7}, (4, np.int64(21)): {'cpu': 13}, (5, np.int64(33)): {'cpu': 9}, (6, np.int64(4)): {'cpu': 3}, (7, np.int64(32)): {'cpu': 18}, (8, np.int64(31)): {'cpu': 8}, (9, np.int64(30)): {'cpu': 6}}","{((0, 2), (np.int64(2), 5)): {'bw': 9}, ((0, 2), (5, 7)): {'bw': 9}, ((0, 2), (7, 4)): {'bw': 9}, ((0, 2), (4, 0)): {'bw': 9}, ((0, 2), (0, 28)): {'bw': 9}, ((0, 2), (28, 31)): {'bw': 9}, ((0, 2), (31, 35)): {'bw': 9}, ((0, 4), (np.int64(2), 21)): {'bw': 0}}",0.0,0.0,180.0,90.0,408.0,0.0,0.0,0.0,0.0,0.0,0.0,0.0,0.0,0.0,Route Failure,100.0,"{'node_level': {}, 'link_level': {}, 'path_level': {}}","{'node_level': {0: {'cpu': -29}, 1: {'cpu': -68}, 2: {'cpu': -55}, 3: {'cpu': -25}, 4: {'cpu': -3}, 5: {'cpu': -52}, 6: {'cpu': -61}, 7: {'cpu': -48}, 8: {'cpu': -7}, 9: {'cpu': -36}}, 'link_level': {(0, 2): {'bw': -2}, (0, 4): {'bw': -135}, (0, 5): {'bw': 100.0}}, 'path_level': {(0, 2): {}, (0, 4): {}, (0, 5): {}}}","{'node_level': {0: {'cpu': 0}, 1: {'cpu': 0}, 2: {'cpu': 0}, 3: {'cpu': 0}, 4: {'cpu': 0}, 5: {'cpu': 0}, 6: {'cpu': 0}, 7: {'cpu': 0}, 8: {'cpu': 0}, 9: {'cpu': 0}}, 'link_level': {(0, 2): {'bw': 0}, (0, 4): {'bw': 0}, (0, 5): {'bw': 100.0}}, 'path_level': {(0, 2): {}, (0, 4): {}, (0, 5): {}}}",[],-inf,-inf,True,False,False,0,[],0,0.0,10.0,3.0
170,125,17,28336.0,67118.0,13937792.651679516,33223440.651054364,0.4221818290175512,0.4195168344563733,36,312,1,4229.0,7853,1807,6046,0.36103253182461104,0.5878101990728115,169,208.03519065964605,4229.0,7,11,False,"{0: np.int64(9), 1: np.int64(28), 2: np.int64(10), 3: np.int64(0), 4: np.int64(25), 5: np.int64(5), 6: np.int64(14)}","{(0, 1): [(np.int64(9), 6), (6, 5), (5, 3), (3, 29), (29, 30), (30, 28)], (0, 2): []}","{(0, np.int64(9)): {'cpu': 4}, (1, np.int64(28)): {'cpu': 14}, (2, np.int64(10)): {'cpu': 2}, (3, np.int64(0)): {'cpu': 10}, (4, np.int64(25)): {'cpu': 3}, (5, np.int64(5)): {'cpu': 15}, (6, np.int64(14)): {'cpu': 1}}","{((0, 1), (np.int64(9), 6)): {'bw': 2}, ((0, 1), (6, 5)): {'bw': 2}, ((0, 1), (5, 3)): {'bw': 2}, ((0, 1), (3, 29)): {'bw': 2}, ((0, 1), (29, 30)): {'bw': 2}, ((0, 1), (30, 28)): {'bw': 2}}",0.0,0.0,98.0,49.0,289.0,0.0,0.0,0.0,0.0,0.0,0.0,0.0,0.0,0.0,Route Failure,100.0,"{'node_level': {}, 'link_level': {}, 'path_level': {}}","{'node_level': {0: {'cpu': -61}, 1: {'cpu': -64}, 2: {'cpu': -60}, 3: {'cpu': -65}, 4: {'cpu': -79}, 5: {'cpu': -2}, 6: {'cpu': -71}}, 'link_level': {(0, 1): {'bw': -6}, (0, 2): {'bw': 100.0}}, 'path_level': {(0, 1): {}, (0, 2): {}}}","{'node_level': {0: {'cpu': 0}, 1: {'cpu': 0}, 2: {'cpu': 0}, 3: {'cpu': 0}, 4: {'cpu': 0}, 5: {'cpu': 0}, 6: {'cpu': 0}}, 'link_level': {(0, 1): {'bw': 0}, (0, 2): {'bw': 100.0}}, 'path_level': {(0, 1): {}, (0, 2): {}}}",[],-inf,-inf,True,False,False,0,[],0,0.0,7.0,2.0
170,125,16,28336.0,67118.0,13937792.651679516,33223440.651054364,0.4221818290175512,0.4195168344563733,36,313,0,4231.190883621196,8432,1854,6578,0.34441301272984437,0.5515407690209981,105,1582.1908836211958,2649.0,5,7,False,{},{},{},{},0.0,0.0,0.0,0.0,0.0,0.0,0.0,0.0,0.0,0.0,0.0,0.0,0.0,0.0,Leave Event,0.0,"{'node_level': {}, 'link_level': {}, 'path_level': {}}","{'node_level': {}, 'link_level': {}, 'path_level': {}}","{'node_level': {}, 'link_level': {}, 'path_level': {}}",[],-inf,-inf,True,True,False,0,[],0,0.0,,
170,125,15,28336.0,67118.0,13937792.651679516,33223440.651054364,0.4221818290175512,0.4195168344563733,36,314,0,4235.602374609286,8644,1897,6747,0.32920792079207917,0.5400190891737116,157,282.6023746092864,3953.0,3,3,False,{},{},{},{},0.0,0.0,0.0,0.0,0.0,0.0,0.0,0.0,0.0,0.0,0.0,0.0,0.0,0.0,Leave Event,0.0,"{'node_level': {}, 'link_level': {}, 'path_level': {}}","{'node_level': {}, 'link_level': {}, 'path_level': {}}","{'node_level': {}, 'link_level': {}, 'path_level': {}}",[],-inf,-inf,True,True,False,0,[],0,0.0,,
170,125,14,28336.0,67118.0,13937792.651679516,33223440.651054364,0.4221818290175512,0.4195168344563733,36,315,0,4241.362197795661,8709,1911,6798,0.3242574257425742,0.5365421325334061,155,331.362197795661,3910.0,2,1,False,{},{},{},{},0.0,0.0,0.0,0.0,0.0,0.0,0.0,0.0,0.0,0.0,0.0,0.0,0.0,0.0,Leave Event,0.0,"{'node_level': {}, 'link_level': {}, 'path_level': {}}","{'node_level': {}, 'link_level': {}, 'path_level': {}}","{'node_level': {}, 'link_level': {}, 'path_level': {}}",[],-inf,-inf,True,True,False,0,[],0,0.0,,
171,126,15,28668.0,67743.0,13951250.333910694,33248775.143206432,0.42318763562286876,0.4196019334192312,36,316,1,4257.0,8084,1828,6256,0.3536067892503536,0.573493318789201,170,40.53518744330753,4257.0,6,10,True,"{0: np.int64(34), 1: np.int64(1), 2: np.int64(22), 3: np.int64(4), 4: np.int64(28), 5: np.int64(7)}","{(0, 3): [(np.int64(34), 31), (31, 28), (28, 0), (0, 4)], (0, 4): [(np.int64(34), 31), (31, 28)], (1, 2): [(np.int64(1), 20), (20, 22)], (1, 3): [(np.int64(1), 4)], (1, 4): [(np.int64(1), 28)], (1, 5): [(np.int64(1), 4), (4, 7)], (2, 3): [(np.int64(22), 20), (20, 0), (0, 4)], (2, 4): [(np.int64(22), 20), (20, 0), (0, 28)], (3, 4): [(np.int64(4), 1), (1, 28)], (3, 5): [(np.int64(4), 7)]}","{(0, np.int64(34)): {'cpu': 7}, (1, np.int64(1)): {'cpu': 16}, (2, np.int64(22)): {'cpu': 17}, (3, np.int64(4)): {'cpu': 18}, (4, np.int64(28)): {'cpu': 9}, (5, np.int64(7)): {'cpu': 16}}","{((0, 3), (np.int64(34), 31)): {'bw': 12}, ((0, 3), (31, 28)): {'bw': 12}, ((0, 3), (28, 0)): {'bw': 12}, ((0, 3), (0, 4)): {'bw': 12}, ((0, 4), (np.int64(34), 31)): {'bw': 43}, ((0, 4), (31, 28)): {'bw': 43}, ((1, 2), (np.int64(1), 20)): {'bw': 6}, ((1, 2), (20, 22)): {'bw': 6}, ((1, 3), (np.int64(1), 4)): {'bw': 7}, ((1, 4), (np.int64(1), 28)): {'bw': 17}, ((1, 5), (np.int64(1), 4)): {'bw': 28}, ((1, 5), (4, 7)): {'bw': 28}, ((2, 3), (np.int64(22), 20)): {'bw': 33}, ((2, 3), (20, 0)): {'bw': 33}, ((2, 3), (0, 4)): {'bw': 33}, ((2, 4), (np.int64(22), 20)): {'bw': 35}, ((2, 4), (20, 0)): {'bw': 35}, ((2, 4), (0, 28)): {'bw': 35}, ((3, 4), (np.int64(4), 1)): {'bw': 44}, ((3, 4), (1, 28)): {'bw': 44}, ((3, 5), (np.int64(4), 7)): {'bw': 24}}",625.0,332.0,166.0,83.0,249.0,83.0,249.0,83.0,542.0,293.0,0.5312,25334.492152067203,13457.6822311781,21.532291569884958,Success,0.0,"{'node_level': {}, 'link_level': {}, 'path_level': {}}","{'node_level': {0: {'cpu': -88}, 1: {'cpu': -36}, 2: {'cpu': -46}, 3: {'cpu': -55}, 4: {'cpu': -69}, 5: {'cpu': -29}}, 'link_level': {(0, 3): {'bw': -41}, (0, 4): {'bw': -63}, (1, 2): {'bw': -147}, (1, 3): {'bw': -133}, (1, 4): {'bw': -83}, (1, 5): {'bw': -105}, (2, 3): {'bw': -52}, (2, 4): {'bw': -6}, (3, 4): {'bw': -39}, (3, 5): {'bw': -343}}, 'path_level': {(0, 3): {}, (0, 4): {}, (1, 2): {}, (1, 3): {}, (1, 4): {}, (1, 5): {}, (2, 3): {}, (2, 4): {}, (3, 4): {}, (3, 5): {}}}","{'node_level': {0: {'cpu': 0}, 1: {'cpu': 0}, 2: {'cpu': 0}, 3: {'cpu': 0}, 4: {'cpu': 0}, 5: {'cpu': 0}}, 'link_level': {(0, 3): {'bw': 0}, (0, 4): {'bw': 0}, (1, 2): {'bw': 0}, (1, 3): {'bw': 0}, (1, 4): {'bw': 0}, (1, 5): {'bw': 0}, (2, 3): {'bw': 0}, (2, 4): {'bw': 0}, (3, 4): {'bw': 0}, (3, 5): {'bw': 0}}, 'path_level': {(0, 3): {}, (0, 4): {}, (1, 2): {}, (1, 3): {}, (1, 4): {}, (1, 5): {}, (2, 3): {}, (2, 4): {}, (3, 4): {}, (3, 5): {}}}",[],-inf,-inf,True,True,False,0,[],0,0.0,6.0,10.0
172,126,15,28668.0,67743.0,13951250.333910694,33248775.143206432,0.42318763562286876,0.4196019334192312,36,317,1,4280.0,8084,1828,6256,0.3536067892503536,0.573493318789201,171,29.6528331508178,4280.0,6,8,False,"{0: np.int64(2), 1: np.int64(11), 2: np.int64(15), 3: np.int64(30), 4: np.int64(8), 5: np.int64(14)}","{(0, 1): [(np.int64(2), 21), (21, 3), (3, 5), (5, 7), (7, 11)], (1, 2): [(np.int64(11), 7), (7, 4), (4, 0), (0, 12), (12, 15)], (1, 3): []}","{(0, np.int64(2)): {'cpu': 12}, (1, np.int64(11)): {'cpu': 14}, (2, np.int64(15)): {'cpu': 11}, (3, np.int64(30)): {'cpu': 4}, (4, np.int64(8)): {'cpu': 2}, (5, np.int64(14)): {'cpu': 11}}","{((0, 1), (np.int64(2), 21)): {'bw': 38}, ((0, 1), (21, 3)): {'bw': 38}, ((0, 1), (3, 5)): {'bw': 38}, ((0, 1), (5, 7)): {'bw': 38}, ((0, 1), (7, 11)): {'bw': 38}, ((1, 2), (np.int64(11), 7)): {'bw': 8}, ((1, 2), (7, 4)): {'bw': 8}, ((1, 2), (4, 0)): {'bw': 8}, ((1, 2), (0, 12)): {'bw': 8}, ((1, 2), (12, 15)): {'bw': 8}}",0.0,0.0,108.0,54.0,227.0,0.0,0.0,0.0,0.0,0.0,0.0,0.0,0.0,0.0,Route Failure,100.0,"{'node_level': {}, 'link_level': {}, 'path_level': {}}","{'node_level': {0: {'cpu': -29}, 1: {'cpu': -76}, 2: {'cpu': -39}, 3: {'cpu': -38}, 4: {'cpu': -68}, 5: {'cpu': -61}}, 'link_level': {(0, 1): {'bw': -93}, (1, 2): {'bw': -17}, (1, 3): {'bw': 100.0}}, 'path_level': {(0, 1): {}, (1, 2): {}, (1, 3): {}}}","{'node_level': {0: {'cpu': 0}, 1: {'cpu': 0}, 2: {'cpu': 0}, 3: {'cpu': 0}, 4: {'cpu': 0}, 5: {'cpu': 0}}, 'link_level': {(0, 1): {'bw': 0}, (1, 2): {'bw': 0}, (1, 3): {'bw': 100.0}}, 'path_level': {(0, 1): {}, (1, 2): {}, (1, 3): {}}}",[],-inf,-inf,True,False,False,0,[],0,0.0,6.0,3.0
172,126,14,28668.0,67743.0,13951250.333910694,33248775.143206432,0.42318763562286876,0.4196019334192312,36,318,0,4297.535187443307,8709,1911,6798,0.3242574257425742,0.5365421325334061,170,40.53518744330753,4257.0,6,10,False,{},{},{},{},0.0,0.0,0.0,0.0,0.0,0.0,0.0,0.0,0.0,0.0,0.0,0.0,0.0,0.0,Leave Event,0.0,"{'node_level': {}, 'link_level': {}, 'path_level': {}}","{'node_level': {}, 'link_level': {}, 'path_level': {}}","{'node_level': {}, 'link_level': {}, 'path_level': {}}",[],-inf,-inf,True,True,False,0,[],0,0.0,,
173,126,14,28668.0,67743.0,13951250.333910694,33248775.143206432,0.42318763562286876,0.4196019334192312,36,319,1,4300.0,8709,1911,6798,0.3242574257425742,0.5365421325334061,172,172.38329640719158,4300.0,8,17,False,"{0: np.int64(16), 1: np.int64(19), 2: np.int64(30), 3: np.int64(0), 4: np.int64(4), 5: np.int64(34), 6: np.int64(20), 7: np.int64(28)}","{(0, 2): [(np.int64(16), 14), (14, 12), (12, 1), (1, 28), (28, 30)], (0, 3): [(np.int64(16), 14), (14, 12), (12, 0)], (0, 4): [(np.int64(16), 14), (14, 13), (13, 3), (3, 5), (5, 7), (7, 4)], (0, 7): [(np.int64(16), 14), (14, 13), (13, 15), (15, 12), (12, 1), (1, 28)], (1, 2): [(np.int64(19), 15), (15, 13), (13, 3), (3, 5), (5, 7), (7, 4), (4, 0), (0, 28), (28, 30)], (1, 6): [(np.int64(19), 15), (15, 13), (13, 2), (2, 21), (21, 22), (22, 20)], (1, 7): [(np.int64(19), 15), (15, 12), (12, 0), (0, 28)], (2, 3): []}","{(0, np.int64(16)): {'cpu': 3}, (1, np.int64(19)): {'cpu': 7}, (2, np.int64(30)): {'cpu': 3}, (3, np.int64(0)): {'cpu': 12}, (4, np.int64(4)): {'cpu': 2}, (5, np.int64(34)): {'cpu': 11}, (6, np.int64(20)): {'cpu': 9}, (7, np.int64(28)): {'cpu': 3}}","{((0, 2), (np.int64(16), 14)): {'bw': 44}, ((0, 2), (14, 12)): {'bw': 44}, ((0, 2), (12, 1)): {'bw': 44}, ((0, 2), (1, 28)): {'bw': 44}, ((0, 2), (28, 30)): {'bw': 44}, ((0, 3), (np.int64(16), 14)): {'bw': 16}, ((0, 3), (14, 12)): {'bw': 16}, ((0, 3), (12, 0)): {'bw': 16}, ((0, 4), (np.int64(16), 14)): {'bw': 23}, ((0, 4), (14, 13)): {'bw': 23}, ((0, 4), (13, 3)): {'bw': 23}, ((0, 4), (3, 5)): {'bw': 23}, ((0, 4), (5, 7)): {'bw': 23}, ((0, 4), (7, 4)): {'bw': 23}, ((0, 7), (np.int64(16), 14)): {'bw': 32}, ((0, 7), (14, 13)): {'bw': 32}, ((0, 7), (13, 15)): {'bw': 32}, ((0, 7), (15, 12)): {'bw': 32}, ((0, 7), (12, 1)): {'bw': 32}, ((0, 7), (1, 28)): {'bw': 32}, ((1, 2), (np.int64(19), 15)): {'bw': 13}, ((1, 2), (15, 13)): {'bw': 13}, ((1, 2), (13, 3)): {'bw': 13}, ((1, 2), (3, 5)): {'bw': 13}, ((1, 2), (5, 7)): {'bw': 13}, ((1, 2), (7, 4)): {'bw': 13}, ((1, 2), (4, 0)): {'bw': 13}, ((1, 2), (0, 28)): {'bw': 13}, ((1, 2), (28, 30)): {'bw': 13}, ((1, 6), (np.int64(19), 15)): {'bw': 12}, ((1, 6), (15, 13)): {'bw': 12}, ((1, 6), (13, 2)): {'bw': 12}, ((1, 6), (2, 21)): {'bw': 12}, ((1, 6), (21, 22)): {'bw': 12}, ((1, 6), (22, 20)): {'bw': 12}, ((1, 7), (np.int64(19), 15)): {'bw': 5}, ((1, 7), (15, 12)): {'bw': 5}, ((1, 7), (12, 0)): {'bw': 5}, ((1, 7), (0, 28)): {'bw': 5}}",0.0,0.0,100.0,50.0,381.0,0.0,0.0,0.0,0.0,0.0,0.0,0.0,0.0,0.0,Route Failure,100.0,"{'node_level': {}, 'link_level': {}, 'path_level': {}}","{'node_level': {0: {'cpu': -76}, 1: {'cpu': -54}, 2: {'cpu': -39}, 3: {'cpu': -63}, 4: {'cpu': -71}, 5: {'cpu': -84}, 6: {'cpu': -18}, 7: {'cpu': -75}}, 'link_level': {(0, 2): {'bw': -28}, (0, 3): {'bw': -9}, (0, 4): {'bw': -73}, (0, 7): {'bw': -6}, (1, 2): {'bw': -40}, (1, 6): {'bw': 0}, (1, 7): {'bw': -4}, (2, 3): {'bw': 100.0}}, 'path_level': {(0, 2): {}, (0, 3): {}, (0, 4): {}, (0, 7): {}, (1, 2): {}, (1, 6): {}, (1, 7): {}, (2, 3): {}}}","{'node_level': {0: {'cpu': 0}, 1: {'cpu': 0}, 2: {'cpu': 0}, 3: {'cpu': 0}, 4: {'cpu': 0}, 5: {'cpu': 0}, 6: {'cpu': 0}, 7: {'cpu': 0}}, 'link_level': {(0, 2): {'bw': 0}, (0, 3): {'bw': 0}, (0, 4): {'bw': 0}, (0, 7): {'bw': 0}, (1, 2): {'bw': 0}, (1, 6): {'bw': 0}, (1, 7): {'bw': 0}, (2, 3): {'bw': 100.0}}, 'path_level': {(0, 2): {}, (0, 3): {}, (0, 4): {}, (0, 7): {}, (1, 2): {}, (1, 6): {}, (1, 7): {}, (2, 3): {}}}",[],-inf,-inf,True,False,False,0,[],0,0.0,8.0,8.0
173,126,14,28668.0,67743.0,13951250.333910694,33248775.143206432,0.42318763562286876,0.4196019334192312,36,320,0,4309.652833150818,8709,1911,6798,0.3242574257425742,0.5365421325334061,171,29.6528331508178,4280.0,6,8,False,{},{},{},{},0.0,0.0,0.0,0.0,0.0,0.0,0.0,0.0,0.0,0.0,0.0,0.0,0.0,0.0,Leave Event,0.0,"{'node_level': {}, 'link_level': {}, 'path_level': {}}","{'node_level': {}, 'link_level': {}, 'path_level': {}}","{'node_level': {}, 'link_level': {}, 'path_level': {}}",[],-inf,-inf,True,True,False,0,[],0,0.0,,
174,127,15,28812.0,68072.0,13971454.7098099,33294936.529809475,0.4232577271124692,0.4196270113715651,36,321,1,4322.0,8380,1878,6502,0.3359264497878359,0.5567221161712572,173,140.3081659666972,4322.0,4,5,True,"{0: np.int64(14), 1: np.int64(20), 2: np.int64(13), 3: np.int64(4)}","{(0, 1): [(np.int64(14), 12), (12, 0), (0, 20)], (0, 2): [(np.int64(14), 13)], (0, 3): [(np.int64(14), 12), (12, 1), (1, 4)], (1, 3): [(np.int64(20), 0), (0, 4)], (2, 3): [(np.int64(13), 3), (3, 5), (5, 7), (7, 4)]}","{(0, np.int64(14)): {'cpu': 16}, (1, np.int64(20)): {'cpu': 0}, (2, np.int64(13)): {'cpu': 2}, (3, np.int64(4)): {'cpu': 15}}","{((0, 1), (np.int64(14), 12)): {'bw': 21}, ((0, 1), (12, 0)): {'bw': 21}, ((0, 1), (0, 20)): {'bw': 21}, ((0, 2), (np.int64(14), 13)): {'bw': 24}, ((0, 3), (np.int64(14), 12)): {'bw': 17}, ((0, 3), (12, 1)): {'bw': 17}, ((0, 3), (1, 4)): {'bw': 17}, ((1, 3), (np.int64(20), 0)): {'bw': 19}, ((1, 3), (0, 4)): {'bw': 19}, ((2, 3), (np.int64(13), 3)): {'bw': 30}, ((2, 3), (3, 5)): {'bw': 30}, ((2, 3), (5, 7)): {'bw': 30}, ((2, 3), (7, 4)): {'bw': 30}}",329.0,144.0,66.0,33.0,111.0,33.0,111.0,33.0,296.0,185.0,0.4376899696048632,46161.38660304338,20204.3758992044,61.4114768972778,Success,0.0,"{'node_level': {}, 'link_level': {}, 'path_level': {}}","{'node_level': {0: {'cpu': -56}, 1: {'cpu': -27}, 2: {'cpu': -45}, 3: {'cpu': -58}}, 'link_level': {(0, 1): {'bw': -4}, (0, 2): {'bw': -216}, (0, 3): {'bw': -34}, (1, 3): {'bw': -45}, (2, 3): {'bw': -66}}, 'path_level': {(0, 1): {}, (0, 2): {}, (0, 3): {}, (1, 3): {}, (2, 3): {}}}","{'node_level': {0: {'cpu': 0}, 1: {'cpu': 0}, 2: {'cpu': 0}, 3: {'cpu': 0}}, 'link_level': {(0, 1): {'bw': 0}, (0, 2): {'bw': 0}, (0, 3): {'bw': 0}, (1, 3): {'bw': 0}, (2, 3): {'bw': 0}}, 'path_level': {(0, 1): {}, (0, 2): {}, (0, 3): {}, (1, 3): {}, (2, 3): {}}}",[],-inf,-inf,True,True,False,0,[],0,0.0,4.0,5.0
174,127,14,28812.0,68072.0,13971454.7098099,33294936.529809475,0.4232577271124692,0.4196270113715651,36,322,0,4338.132111330608,9203,1967,7236,0.3044554455445545,0.5066812107990183,166,170.1321113306077,4168.0,7,13,False,{},{},{},{},0.0,0.0,0.0,0.0,0.0,0.0,0.0,0.0,0.0,0.0,0.0,0.0,0.0,0.0,Leave Event,0.0,"{'node_level': {}, 'link_level': {}, 'path_level': {}}","{'node_level': {}, 'link_level': {}, 'path_level': {}}","{'node_level': {}, 'link_level': {}, 'path_level': {}}",[],-inf,-inf,True,True,False,0,[],0,0.0,,
175,128,15,28926.0,68249.0,14062039.562710352,33435581.43299702,0.4238303857931984,0.4205711089813069,36,323,1,4350.0,9026,1936,7090,0.31541725601131543,0.5166348513771475,174,794.603972810993,4350.0,4,4,True,"{0: np.int64(15), 1: np.int64(13), 2: np.int64(32), 3: np.int64(12)}","{(0, 1): [(np.int64(15), 13)], (0, 2): [(np.int64(15), 12), (12, 1), (1, 28), (28, 30), (30, 32)], (0, 3): [(np.int64(15), 12)], (1, 2): [(np.int64(13), 2), (2, 29), (29, 30), (30, 32)]}","{(0, np.int64(15)): {'cpu': 2}, (1, np.int64(13)): {'cpu': 9}, (2, np.int64(32)): {'cpu': 4}, (3, np.int64(12)): {'cpu': 16}}","{((0, 1), (np.int64(15), 13)): {'bw': 18}, ((0, 2), (np.int64(15), 12)): {'bw': 12}, ((0, 2), (12, 1)): {'bw': 12}, ((0, 2), (1, 28)): {'bw': 12}, ((0, 2), (28, 30)): {'bw': 12}, ((0, 2), (30, 32)): {'bw': 12}, ((0, 3), (np.int64(15), 12)): {'bw': 48}, ((1, 2), (np.int64(13), 2)): {'bw': 5}, ((1, 2), (2, 29)): {'bw': 5}, ((1, 2), (29, 30)): {'bw': 5}, ((1, 2), (30, 32)): {'bw': 5}}",177.0,114.0,62.0,31.0,83.0,31.0,83.0,31.0,146.0,63.0,0.6440677966101694,140644.90318754577,90584.8529004532,511.77882994606324,Success,0.0,"{'node_level': {}, 'link_level': {}, 'path_level': {}}","{'node_level': {0: {'cpu': -48}, 1: {'cpu': -40}, 2: {'cpu': -62}, 3: {'cpu': -31}}, 'link_level': {(0, 1): {'bw': -250}, (0, 2): {'bw': -53}, (0, 3): {'bw': -124}, (1, 2): {'bw': -7}}, 'path_level': {(0, 1): {}, (0, 2): {}, (0, 3): {}, (1, 2): {}}}","{'node_level': {0: {'cpu': 0}, 1: {'cpu': 0}, 2: {'cpu': 0}, 3: {'cpu': 0}}, 'link_level': {(0, 1): {'bw': 0}, (0, 2): {'bw': 0}, (0, 3): {'bw': 0}, (1, 2): {'bw': 0}}, 'path_level': {(0, 1): {}, (0, 2): {}, (0, 3): {}, (1, 2): {}}}",[],-inf,-inf,True,True,False,0,[],0,0.0,4.0,4.0
175,128,14,28926.0,68249.0,14062039.562710352,33435581.43299702,0.4238303857931984,0.4205711089813069,36,324,0,4378.204227731553,9180,1971,7209,0.30304101838755304,0.5085219525497682,160,358.20422773155315,4020.0,4,4,False,{},{},{},{},0.0,0.0,0.0,0.0,0.0,0.0,0.0,0.0,0.0,0.0,0.0,0.0,0.0,0.0,Leave Event,0.0,"{'node_level': {}, 'link_level': {}, 'path_level': {}}","{'node_level': {}, 'link_level': {}, 'path_level': {}}","{'node_level': {}, 'link_level': {}, 'path_level': {}}",[],-inf,-inf,True,True,False,0,[],0,0.0,,
176,129,15,28954.0,68280.0,14062050.499485102,33435593.541569065,0.4240480374926772,0.42057128377285563,36,325,1,4380.0,9149,1950,7199,0.3104667609618105,0.5092037087537497,175,0.39059909818912614,4380.0,3,2,True,"{0: np.int64(29), 1: np.int64(3), 2: np.int64(13)}","{(0, 2): [(np.int64(29), 2), (2, 13)], (1, 2): [(np.int64(3), 13)]}","{(0, np.int64(29)): {'cpu': 9}, (1, np.int64(3)): {'cpu': 2}, (2, np.int64(13)): {'cpu': 10}}","{((0, 2), (np.int64(29), 2)): {'bw': 3}, ((0, 2), (2, 13)): {'bw': 3}, ((1, 2), (np.int64(3), 13)): {'bw': 4}}",31.0,28.0,42.0,21.0,7.0,21.0,7.0,21.0,10.0,3.0,0.9032258064516129,12.10857204386291,10.936774749295532,0.3527991854611462,Success,0.0,"{'node_level': {}, 'link_level': {}, 'path_level': {}}","{'node_level': {0: {'cpu': -15}, 1: {'cpu': -46}, 2: {'cpu': -30}}, 'link_level': {(0, 2): {'bw': -4}, (1, 2): {'bw': -208}}, 'path_level': {(0, 2): {}, (1, 2): {}}}","{'node_level': {0: {'cpu': 0}, 1: {'cpu': 0}, 2: {'cpu': 0}}, 'link_level': {(0, 2): {'bw': 0}, (1, 2): {'bw': 0}}, 'path_level': {(0, 2): {}, (1, 2): {}}}",[],-inf,-inf,True,True,False,0,[],0,0.0,3.0,2.0
176,129,14,28954.0,68280.0,14062050.499485102,33435593.541569065,0.4240480374926772,0.42057128377285563,36,326,0,4380.390599098189,9180,1971,7209,0.30304101838755304,0.5085219525497682,175,0.39059909818912614,4380.0,3,2,False,{},{},{},{},0.0,0.0,0.0,0.0,0.0,0.0,0.0,0.0,0.0,0.0,0.0,0.0,0.0,0.0,Leave Event,0.0,"{'node_level': {}, 'link_level': {}, 'path_level': {}}","{'node_level': {}, 'link_level': {}, 'path_level': {}}","{'node_level': {}, 'link_level': {}, 'path_level': {}}",[],-inf,-inf,True,True,False,0,[],0,0.0,,
176,129,13,28954.0,68280.0,14062050.499485102,33435593.541569065,0.4240480374926772,0.42057128377285563,36,327,0,4381.038219502896,10131,2059,8072,0.27192362093352196,0.44968639214616857,164,263.0382195028958,4118.0,7,11,False,{},{},{},{},0.0,0.0,0.0,0.0,0.0,0.0,0.0,0.0,0.0,0.0,0.0,0.0,0.0,0.0,Leave Event,0.0,"{'node_level': {}, 'link_level': {}, 'path_level': {}}","{'node_level': {}, 'link_level': {}, 'path_level': {}}","{'node_level': {}, 'link_level': {}, 'path_level': {}}",[],-inf,-inf,True,True,False,0,[],0,0.0,,
176,129,12,28954.0,68280.0,14062050.499485102,33435593.541569065,0.4240480374926772,0.42057128377285563,36,328,0,4393.741400943662,10405,2100,8305,0.25742574257425743,0.4338014725934006,118,1410.741400943662,2983.0,4,4,False,{},{},{},{},0.0,0.0,0.0,0.0,0.0,0.0,0.0,0.0,0.0,0.0,0.0,0.0,0.0,0.0,Leave Event,0.0,"{'node_level': {}, 'link_level': {}, 'path_level': {}}","{'node_level': {}, 'link_level': {}, 'path_level': {}}","{'node_level': {}, 'link_level': {}, 'path_level': {}}",[],-inf,-inf,True,True,False,0,[],0,0.0,,
177,130,13,29155.0,68754.0,14519512.054215562,34514383.47660507,0.4240480553858685,0.4206800351528035,36,329,1,4403.0,9931,2018,7913,0.2864214992927864,0.4605263157894737,176,2275.928132987359,4403.0,5,6,True,"{0: np.int64(10), 1: np.int64(2), 2: np.int64(13), 3: np.int64(14), 4: np.int64(20)}","{(0, 2): [(np.int64(10), 7), (7, 5), (5, 2), (2, 13)], (0, 3): [(np.int64(10), 7), (7, 4), (4, 0), (0, 12), (12, 14)], (1, 2): [(np.int64(2), 13)], (2, 3): [(np.int64(13), 14)], (2, 4): [(np.int64(13), 2), (2, 21), (21, 22), (22, 20)], (3, 4): [(np.int64(14), 12), (12, 0), (0, 20)]}","{(0, np.int64(10)): {'cpu': 20}, (1, np.int64(2)): {'cpu': 16}, (2, np.int64(13)): {'cpu': 13}, (3, np.int64(14)): {'cpu': 14}, (4, np.int64(20)): {'cpu': 19}}","{((0, 2), (np.int64(10), 7)): {'bw': 3}, ((0, 2), (7, 5)): {'bw': 3}, ((0, 2), (5, 2)): {'bw': 3}, ((0, 2), (2, 13)): {'bw': 3}, ((0, 3), (np.int64(10), 7)): {'bw': 24}, ((0, 3), (7, 4)): {'bw': 24}, ((0, 3), (4, 0)): {'bw': 24}, ((0, 3), (0, 12)): {'bw': 24}, ((0, 3), (12, 14)): {'bw': 24}, ((1, 2), (np.int64(2), 13)): {'bw': 19}, ((2, 3), (np.int64(13), 14)): {'bw': 1}, ((2, 4), (np.int64(13), 2)): {'bw': 24}, ((2, 4), (2, 21)): {'bw': 24}, ((2, 4), (21, 22)): {'bw': 24}, ((2, 4), (22, 20)): {'bw': 24}, ((3, 4), (np.int64(14), 12)): {'bw': 48}, ((3, 4), (12, 0)): {'bw': 48}, ((3, 4), (0, 20)): {'bw': 48}}",474.0,201.0,164.0,82.0,119.0,82.0,119.0,82.0,392.0,273.0,0.4240506329113924,1078789.935036008,457461.5547304591,965.1087652541331,Success,0.0,"{'node_level': {}, 'link_level': {}, 'path_level': {}}","{'node_level': {0: {'cpu': -60}, 1: {'cpu': -35}, 2: {'cpu': -43}, 3: {'cpu': -42}, 4: {'cpu': -23}}, 'link_level': {(0, 2): {'bw': -102}, (0, 3): {'bw': -51}, (1, 2): {'bw': -83}, (2, 3): {'bw': -274}, (2, 4): {'bw': -59}, (3, 4): {'bw': -3}}, 'path_level': {(0, 2): {}, (0, 3): {}, (1, 2): {}, (2, 3): {}, (2, 4): {}, (3, 4): {}}}","{'node_level': {0: {'cpu': 0}, 1: {'cpu': 0}, 2: {'cpu': 0}, 3: {'cpu': 0}, 4: {'cpu': 0}}, 'link_level': {(0, 2): {'bw': 0}, (0, 3): {'bw': 0}, (1, 2): {'bw': 0}, (2, 3): {'bw': 0}, (2, 4): {'bw': 0}, (3, 4): {'bw': 0}}, 'path_level': {(0, 2): {}, (0, 3): {}, (1, 2): {}, (2, 3): {}, (2, 4): {}, (3, 4): {}}}",[],-inf,-inf,True,True,False,0,[],0,0.0,5.0,6.0
177,130,12,29155.0,68754.0,14519512.054215562,34514383.47660507,0.4240480553858685,0.4206800351528035,36,330,0,4419.584443364267,10062,2060,8002,0.2715700141442716,0.4544586855740387,154,536.5844433642666,3883.0,3,3,False,{},{},{},{},0.0,0.0,0.0,0.0,0.0,0.0,0.0,0.0,0.0,0.0,0.0,0.0,0.0,0.0,Leave Event,0.0,"{'node_level': {}, 'link_level': {}, 'path_level': {}}","{'node_level': {}, 'link_level': {}, 'path_level': {}}","{'node_level': {}, 'link_level': {}, 'path_level': {}}",[],-inf,-inf,True,True,False,0,[],0,0.0,,
178,131,13,29632.0,69919.0,15007854.086552653,35707084.66669462,0.42380468828215506,0.42030466017157264,36,331,1,4434.0,8897,1980,6917,0.2998585572842999,0.5284292337060268,177,1023.7778455704247,4434.0,9,15,True,"{0: np.int64(0), 1: np.int64(30), 2: np.int64(5), 3: np.int64(15), 4: np.int64(4), 5: np.int64(14), 6: np.int64(25), 7: np.int64(21), 8: np.int64(3)}","{(0, 1): [(np.int64(0), 28), (28, 30)], (0, 3): [(np.int64(0), 12), (12, 15)], (0, 7): [(np.int64(0), 20), (20, 22), (22, 21)], (1, 3): [(np.int64(30), 28), (28, 1), (1, 12), (12, 15)], (1, 4): [(np.int64(30), 28), (28, 0), (0, 4)], (1, 7): [(np.int64(30), 29), (29, 2), (2, 21)], (2, 3): [(np.int64(5), 2), (2, 13), (13, 15)], (2, 4): [(np.int64(5), 7), (7, 4)], (2, 5): [(np.int64(5), 3), (3, 13), (13, 14)], (3, 5): [(np.int64(15), 13), (13, 14)], (3, 8): [(np.int64(15), 13), (13, 3)], (4, 5): [(np.int64(4), 7), (7, 5), (5, 3), (3, 13), (13, 14)], (4, 7): [(np.int64(4), 0), (0, 20), (20, 22), (22, 21)], (6, 7): [(np.int64(25), 22), (22, 21)], (7, 8): [(np.int64(21), 3)]}","{(0, np.int64(0)): {'cpu': 2}, (1, np.int64(30)): {'cpu': 5}, (2, np.int64(5)): {'cpu': 11}, (3, np.int64(15)): {'cpu': 13}, (4, np.int64(4)): {'cpu': 9}, (5, np.int64(14)): {'cpu': 0}, (6, np.int64(25)): {'cpu': 13}, (7, np.int64(21)): {'cpu': 14}, (8, np.int64(3)): {'cpu': 13}}","{((0, 1), (np.int64(0), 28)): {'bw': 15}, ((0, 1), (28, 30)): {'bw': 15}, ((0, 3), (np.int64(0), 12)): {'bw': 1}, ((0, 3), (12, 15)): {'bw': 1}, ((0, 7), (np.int64(0), 20)): {'bw': 6}, ((0, 7), (20, 22)): {'bw': 6}, ((0, 7), (22, 21)): {'bw': 6}, ((1, 3), (np.int64(30), 28)): {'bw': 43}, ((1, 3), (28, 1)): {'bw': 43}, ((1, 3), (1, 12)): {'bw': 43}, ((1, 3), (12, 15)): {'bw': 43}, ((1, 4), (np.int64(30), 28)): {'bw': 33}, ((1, 4), (28, 0)): {'bw': 33}, ((1, 4), (0, 4)): {'bw': 33}, ((1, 7), (np.int64(30), 29)): {'bw': 0}, ((1, 7), (29, 2)): {'bw': 0}, ((1, 7), (2, 21)): {'bw': 0}, ((2, 3), (np.int64(5), 2)): {'bw': 43}, ((2, 3), (2, 13)): {'bw': 43}, ((2, 3), (13, 15)): {'bw': 43}, ((2, 4), (np.int64(5), 7)): {'bw': 44}, ((2, 4), (7, 4)): {'bw': 44}, ((2, 5), (np.int64(5), 3)): {'bw': 43}, ((2, 5), (3, 13)): {'bw': 43}, ((2, 5), (13, 14)): {'bw': 43}, ((3, 5), (np.int64(15), 13)): {'bw': 47}, ((3, 5), (13, 14)): {'bw': 47}, ((3, 8), (np.int64(15), 13)): {'bw': 17}, ((3, 8), (13, 3)): {'bw': 17}, ((4, 5), (np.int64(4), 7)): {'bw': 36}, ((4, 5), (7, 5)): {'bw': 36}, ((4, 5), (5, 3)): {'bw': 36}, ((4, 5), (3, 13)): {'bw': 36}, ((4, 5), (13, 14)): {'bw': 36}, ((4, 7), (np.int64(4), 0)): {'bw': 5}, ((4, 7), (0, 20)): {'bw': 5}, ((4, 7), (20, 22)): {'bw': 5}, ((4, 7), (22, 21)): {'bw': 5}, ((6, 7), (np.int64(25), 22)): {'bw': 26}, ((6, 7), (22, 21)): {'bw': 26}, ((7, 8), (np.int64(21), 3)): {'bw': 38}}",1165.0,477.0,160.0,80.0,397.0,80.0,397.0,80.0,1085.0,688.0,0.4094420600858369,1192701.1900895447,488342.03233709256,419.1777101605945,Success,0.0,"{'node_level': {}, 'link_level': {}, 'path_level': {}}","{'node_level': {0: {'cpu': -73}, 1: {'cpu': -37}, 2: {'cpu': -47}, 3: {'cpu': -60}, 4: {'cpu': -49}, 5: {'cpu': -42}, 6: {'cpu': -69}, 7: {'cpu': -33}, 8: {'cpu': -40}}, 'link_level': {(0, 1): {'bw': -80}, (0, 3): {'bw': -2}, (0, 7): {'bw': -77}, (1, 3): {'bw': -10}, (1, 4): {'bw': -37}, (1, 7): {'bw': -52}, (2, 3): {'bw': -32}, (2, 4): {'bw': -232}, (2, 5): {'bw': -200}, (3, 5): {'bw': -184}, (3, 8): {'bw': -217}, (4, 5): {'bw': -148}, (4, 7): {'bw': -72}, (6, 7): {'bw': -46}, (7, 8): {'bw': -164}}, 'path_level': {(0, 1): {}, (0, 3): {}, (0, 7): {}, (1, 3): {}, (1, 4): {}, (1, 7): {}, (2, 3): {}, (2, 4): {}, (2, 5): {}, (3, 5): {}, (3, 8): {}, (4, 5): {}, (4, 7): {}, (6, 7): {}, (7, 8): {}}}","{'node_level': {0: {'cpu': 0}, 1: {'cpu': 0}, 2: {'cpu': 0}, 3: {'cpu': 0}, 4: {'cpu': 0}, 5: {'cpu': 0}, 6: {'cpu': 0}, 7: {'cpu': 0}, 8: {'cpu': 0}}, 'link_level': {(0, 1): {'bw': 0}, (0, 3): {'bw': 0}, (0, 7): {'bw': 0}, (1, 3): {'bw': 0}, (1, 4): {'bw': 0}, (1, 7): {'bw': 0}, (2, 3): {'bw': 0}, (2, 4): {'bw': 0}, (2, 5): {'bw': 0}, (3, 5): {'bw': 0}, (3, 8): {'bw': 0}, (4, 5): {'bw': 0}, (4, 7): {'bw': 0}, (6, 7): {'bw': 0}, (7, 8): {'bw': 0}}, 'path_level': {(0, 1): {}, (0, 3): {}, (0, 7): {}, (1, 3): {}, (1, 4): {}, (1, 7): {}, (2, 3): {}, (2, 4): {}, (2, 5): {}, (3, 5): {}, (3, 8): {}, (4, 5): {}, (4, 7): {}, (6, 7): {}, (7, 8): {}}}",[],-inf,-inf,True,True,False,0,[],0,0.0,9.0,15.0
178,131,13,29632.0,69919.0,15007854.086552653,35707084.66669462,0.42380468828215506,0.42030466017157264,36,332,0,4437.035190659646,8897,1980,6917,0.2998585572842999,0.5284292337060268,169,208.03519065964605,4229.0,7,11,False,{},{},{},{},0.0,0.0,0.0,0.0,0.0,0.0,0.0,0.0,0.0,0.0,0.0,0.0,0.0,0.0,Leave Event,0.0,"{'node_level': {}, 'link_level': {}, 'path_level': {}}","{'node_level': {}, 'link_level': {}, 'path_level': {}}","{'node_level': {}, 'link_level': {}, 'path_level': {}}",[],-inf,-inf,True,True,False,0,[],0,0.0,,
179,132,14,29819.0,70316.0,15322728.983389156,36375562.38885553,0.4240713351157631,0.421236895792534,36,333,1,4461.0,8500,1948,6552,0.31117397454031115,0.55331333515135,178,1683.822977735305,4461.0,6,9,True,"{0: np.int64(24), 1: np.int64(8), 2: np.int64(5), 3: np.int64(3), 4: np.int64(20), 5: np.int64(29)}","{(0, 2): [(np.int64(24), 22), (22, 21), (21, 2), (2, 5)], (0, 4): [(np.int64(24), 22), (22, 20)], (0, 5): [(np.int64(24), 22), (22, 21), (21, 2), (2, 29)], (1, 3): [(np.int64(8), 6), (6, 5), (5, 3)], (2, 3): [(np.int64(5), 3)], (2, 5): [(np.int64(5), 3), (3, 29)], (3, 4): [(np.int64(3), 21), (21, 22), (22, 20)], (3, 5): [(np.int64(3), 29)], (4, 5): [(np.int64(20), 0), (0, 28), (28, 30), (30, 29)]}","{(0, np.int64(24)): {'cpu': 6}, (1, np.int64(8)): {'cpu': 10}, (2, np.int64(5)): {'cpu': 0}, (3, np.int64(3)): {'cpu': 4}, (4, np.int64(20)): {'cpu': 10}, (5, np.int64(29)): {'cpu': 2}}","{((0, 2), (np.int64(24), 22)): {'bw': 5}, ((0, 2), (22, 21)): {'bw': 5}, ((0, 2), (21, 2)): {'bw': 5}, ((0, 2), (2, 5)): {'bw': 5}, ((0, 4), (np.int64(24), 22)): {'bw': 15}, ((0, 4), (22, 20)): {'bw': 15}, ((0, 5), (np.int64(24), 22)): {'bw': 18}, ((0, 5), (22, 21)): {'bw': 18}, ((0, 5), (21, 2)): {'bw': 18}, ((0, 5), (2, 29)): {'bw': 18}, ((1, 3), (np.int64(8), 6)): {'bw': 25}, ((1, 3), (6, 5)): {'bw': 25}, ((1, 3), (5, 3)): {'bw': 25}, ((2, 3), (np.int64(5), 3)): {'bw': 3}, ((2, 5), (np.int64(5), 3)): {'bw': 41}, ((2, 5), (3, 29)): {'bw': 41}, ((3, 4), (np.int64(3), 21)): {'bw': 16}, ((3, 4), (21, 22)): {'bw': 16}, ((3, 4), (22, 20)): {'bw': 16}, ((3, 5), (np.int64(3), 29)): {'bw': 31}, ((4, 5), (np.int64(20), 0)): {'bw': 1}, ((4, 5), (0, 28)): {'bw': 1}, ((4, 5), (28, 30)): {'bw': 1}, ((4, 5), (30, 29)): {'bw': 1}}",397.0,187.0,64.0,32.0,155.0,32.0,155.0,32.0,365.0,210.0,0.47103274559193953,668477.7221609161,314874.896836502,793.135760293456,Success,0.0,"{'node_level': {}, 'link_level': {}, 'path_level': {}}","{'node_level': {0: {'cpu': -33}, 1: {'cpu': -64}, 2: {'cpu': -47}, 3: {'cpu': -36}, 4: {'cpu': -13}, 5: {'cpu': -25}}, 'link_level': {(0, 2): {'bw': -41}, (0, 4): {'bw': -103}, (0, 5): {'bw': -23}, (1, 3): {'bw': -68}, (2, 3): {'bw': -136}, (2, 5): {'bw': -67}, (3, 4): {'bw': -7}, (3, 5): {'bw': -36}, (4, 5): {'bw': -36}}, 'path_level': {(0, 2): {}, (0, 4): {}, (0, 5): {}, (1, 3): {}, (2, 3): {}, (2, 5): {}, (3, 4): {}, (3, 5): {}, (4, 5): {}}}","{'node_level': {0: {'cpu': 0}, 1: {'cpu': 0}, 2: {'cpu': 0}, 3: {'cpu': 0}, 4: {'cpu': 0}, 5: {'cpu': 0}}, 'link_level': {(0, 2): {'bw': 0}, (0, 4): {'bw': 0}, (0, 5): {'bw': 0}, (1, 3): {'bw': 0}, (2, 3): {'bw': 0}, (2, 5): {'bw': 0}, (3, 4): {'bw': 0}, (3, 5): {'bw': 0}, (4, 5): {'bw': 0}}, 'path_level': {(0, 2): {}, (0, 4): {}, (0, 5): {}, (1, 3): {}, (2, 3): {}, (2, 5): {}, (3, 4): {}, (3, 5): {}, (4, 5): {}}}",[],-inf,-inf,True,True,False,0,[],0,0.0,6.0,9.0
179,132,13,29819.0,70316.0,15322728.983389156,36375562.38885553,0.4240713351157631,0.421236895792534,36,334,0,4462.308165966697,8829,1981,6848,0.29950495049504955,0.5331333515134988,173,140.3081659666972,4322.0,4,5,False,{},{},{},{},0.0,0.0,0.0,0.0,0.0,0.0,0.0,0.0,0.0,0.0,0.0,0.0,0.0,0.0,Leave Event,0.0,"{'node_level': {}, 'link_level': {}, 'path_level': {}}","{'node_level': {}, 'link_level': {}, 'path_level': {}}","{'node_level': {}, 'link_level': {}, 'path_level': {}}",[],-inf,-inf,True,True,False,0,[],0,0.0,,
179,132,13,29819.0,70316.0,15322728.983389156,36375562.38885553,0.4240713351157631,0.421236895792534,36,335,0,4472.383296407192,8829,1981,6848,0.29950495049504955,0.5331333515134988,172,172.38329640719158,4300.0,8,17,False,{},{},{},{},0.0,0.0,0.0,0.0,0.0,0.0,0.0,0.0,0.0,0.0,0.0,0.0,0.0,0.0,Leave Event,0.0,"{'node_level': {}, 'link_level': {}, 'path_level': {}}","{'node_level': {}, 'link_level': {}, 'path_level': {}}","{'node_level': {}, 'link_level': {}, 'path_level': {}}",[],-inf,-inf,True,True,False,0,[],0,0.0,,
180,133,14,29878.0,70425.0,15344409.46141359,36415616.15334135,0.42425275115370964,0.4213689367989905,36,336,1,4494.0,8720,1947,6773,0.3115275813295615,0.5382465230433597,179,367.4657292277031,4494.0,2,1,True,"{0: np.int64(12), 1: np.int64(30)}","{(0, 1): [(np.int64(12), 1), (1, 28), (28, 30)]}","{(0, np.int64(12)): {'cpu': 20}, (1, np.int64(30)): {'cpu': 14}}","{((0, 1), (np.int64(12), 1)): {'bw': 25}, ((0, 1), (1, 28)): {'bw': 25}, ((0, 1), (28, 30)): {'bw': 25}}",109.0,59.0,68.0,34.0,25.0,34.0,25.0,34.0,75.0,50.0,0.5412844036697247,40053.764485819636,21680.478024434484,198.9034681140778,Success,0.0,"{'node_level': {}, 'link_level': {}, 'path_level': {}}","{'node_level': {0: {'cpu': -31}, 1: {'cpu': -23}}, 'link_level': {(0, 1): {'bw': -2}}, 'path_level': {(0, 1): {}}}","{'node_level': {0: {'cpu': 0}, 1: {'cpu': 0}}, 'link_level': {(0, 1): {'bw': 0}}, 'path_level': {(0, 1): {}}}",[],-inf,-inf,True,True,False,0,[],0,0.0,2.0,1.0
180,133,14,29878.0,70425.0,15344409.46141359,36415616.15334135,0.42425275115370964,0.4213689367989905,36,337,0,4505.684023567344,8720,1947,6773,0.3115275813295615,0.5382465230433597,142,929.6840235673449,3576.0,8,15,False,{},{},{},{},0.0,0.0,0.0,0.0,0.0,0.0,0.0,0.0,0.0,0.0,0.0,0.0,0.0,0.0,Leave Event,0.0,"{'node_level': {}, 'link_level': {}, 'path_level': {}}","{'node_level': {}, 'link_level': {}, 'path_level': {}}","{'node_level': {}, 'link_level': {}, 'path_level': {}}",[],-inf,-inf,True,True,False,0,[],0,0.0,,
180,133,13,29878.0,70425.0,15344409.46141359,36415616.15334135,0.42425275115370964,0.4213689367989905,36,338,0,4510.353544311085,9368,2004,7364,0.29137199434229133,0.4979547313880557,145,855.3535443110845,3655.0,5,7,False,{},{},{},{},0.0,0.0,0.0,0.0,0.0,0.0,0.0,0.0,0.0,0.0,0.0,0.0,0.0,0.0,Leave Event,0.0,"{'node_level': {}, 'link_level': {}, 'path_level': {}}","{'node_level': {}, 'link_level': {}, 'path_level': {}}","{'node_level': {}, 'link_level': {}, 'path_level': {}}",[],-inf,-inf,True,True,False,0,[],0,0.0,,
181,134,14,30285.0,71895.0,15627281.601558832,37437291.94207233,0.42123930732317966,0.4174255345642874,36,339,1,4515.0,7898,1952,5946,0.3097595473833098,0.594627761112626,180,695.0175433544052,4515.0,7,13,True,"{0: np.int64(8), 1: np.int64(15), 2: np.int64(10), 3: np.int64(19), 4: np.int64(21), 5: np.int64(1), 6: np.int64(4)}","{(0, 1): [(np.int64(8), 6), (6, 4), (4, 0), (0, 12), (12, 15)], (0, 4): [(np.int64(8), 6), (6, 5), (5, 2), (2, 21)], (0, 5): [(np.int64(8), 6), (6, 5), (5, 7), (7, 4), (4, 1)], (0, 6): [(np.int64(8), 6), (6, 5), (5, 7), (7, 4)], (1, 3): [(np.int64(15), 19)], (1, 5): [(np.int64(15), 13), (13, 2), (2, 5), (5, 7), (7, 4), (4, 1)], (1, 6): [(np.int64(15), 13), (13, 3), (3, 5), (5, 7), (7, 4)], (2, 5): [(np.int64(10), 7), (7, 4), (4, 1)], (2, 6): [(np.int64(10), 7), (7, 4)], (3, 5): [(np.int64(19), 15), (15, 13), (13, 3), (3, 5), (5, 7), (7, 4), (4, 1)], (3, 6): [(np.int64(19), 15), (15, 13), (13, 3), (3, 5), (5, 7), (7, 4)], (4, 5): [(np.int64(21), 22), (22, 20), (20, 1)], (5, 6): [(np.int64(1), 4)]}","{(0, np.int64(8)): {'cpu': 9}, (1, np.int64(15)): {'cpu': 1}, (2, np.int64(10)): {'cpu': 11}, (3, np.int64(19)): {'cpu': 4}, (4, np.int64(21)): {'cpu': 8}, (5, np.int64(1)): {'cpu': 13}, (6, np.int64(4)): {'cpu': 6}}","{((0, 1), (np.int64(8), 6)): {'bw': 22}, ((0, 1), (6, 4)): {'bw': 22}, ((0, 1), (4, 0)): {'bw': 22}, ((0, 1), (0, 12)): {'bw': 22}, ((0, 1), (12, 15)): {'bw': 22}, ((0, 4), (np.int64(8), 6)): {'bw': 39}, ((0, 4), (6, 5)): {'bw': 39}, ((0, 4), (5, 2)): {'bw': 39}, ((0, 4), (2, 21)): {'bw': 39}, ((0, 5), (np.int64(8), 6)): {'bw': 7}, ((0, 5), (6, 5)): {'bw': 7}, ((0, 5), (5, 7)): {'bw': 7}, ((0, 5), (7, 4)): {'bw': 7}, ((0, 5), (4, 1)): {'bw': 7}, ((0, 6), (np.int64(8), 6)): {'bw': 33}, ((0, 6), (6, 5)): {'bw': 33}, ((0, 6), (5, 7)): {'bw': 33}, ((0, 6), (7, 4)): {'bw': 33}, ((1, 3), (np.int64(15), 19)): {'bw': 37}, ((1, 5), (np.int64(15), 13)): {'bw': 25}, ((1, 5), (13, 2)): {'bw': 25}, ((1, 5), (2, 5)): {'bw': 25}, ((1, 5), (5, 7)): {'bw': 25}, ((1, 5), (7, 4)): {'bw': 25}, ((1, 5), (4, 1)): {'bw': 25}, ((1, 6), (np.int64(15), 13)): {'bw': 25}, ((1, 6), (13, 3)): {'bw': 25}, ((1, 6), (3, 5)): {'bw': 25}, ((1, 6), (5, 7)): {'bw': 25}, ((1, 6), (7, 4)): {'bw': 25}, ((2, 5), (np.int64(10), 7)): {'bw': 46}, ((2, 5), (7, 4)): {'bw': 46}, ((2, 5), (4, 1)): {'bw': 46}, ((2, 6), (np.int64(10), 7)): {'bw': 22}, ((2, 6), (7, 4)): {'bw': 22}, ((3, 5), (np.int64(19), 15)): {'bw': 23}, ((3, 5), (15, 13)): {'bw': 23}, ((3, 5), (13, 3)): {'bw': 23}, ((3, 5), (3, 5)): {'bw': 23}, ((3, 5), (5, 7)): {'bw': 23}, ((3, 5), (7, 4)): {'bw': 23}, ((3, 5), (4, 1)): {'bw': 23}, ((3, 6), (np.int64(19), 15)): {'bw': 48}, ((3, 6), (15, 13)): {'bw': 48}, ((3, 6), (13, 3)): {'bw': 48}, ((3, 6), (3, 5)): {'bw': 48}, ((3, 6), (5, 7)): {'bw': 48}, ((3, 6), (7, 4)): {'bw': 48}, ((4, 5), (np.int64(21), 22)): {'bw': 7}, ((4, 5), (22, 20)): {'bw': 7}, ((4, 5), (20, 1)): {'bw': 7}, ((5, 6), (np.int64(1), 4)): {'bw': 21}}",1470.0,407.0,104.0,52.0,355.0,52.0,355.0,52.0,1418.0,1063.0,0.27687074829931974,1021675.7887309757,282872.1401452429,192.43002730968908,Success,0.0,"{'node_level': {}, 'link_level': {}, 'path_level': {}}","{'node_level': {0: {'cpu': -61}, 1: {'cpu': -59}, 2: {'cpu': -49}, 3: {'cpu': -57}, 4: {'cpu': -31}, 5: {'cpu': -39}, 6: {'cpu': -58}}, 'link_level': {(0, 1): {'bw': -1}, (0, 4): {'bw': -104}, (0, 5): {'bw': -97}, (0, 6): {'bw': -64}, (1, 3): {'bw': -127}, (1, 5): {'bw': -7}, (1, 6): {'bw': -100}, (2, 5): {'bw': -62}, (2, 6): {'bw': -133}, (3, 5): {'bw': -39}, (3, 6): {'bw': -29}, (4, 5): {'bw': 0}, (5, 6): {'bw': -18}}, 'path_level': {(0, 1): {}, (0, 4): {}, (0, 5): {}, (0, 6): {}, (1, 3): {}, (1, 5): {}, (1, 6): {}, (2, 5): {}, (2, 6): {}, (3, 5): {}, (3, 6): {}, (4, 5): {}, (5, 6): {}}}","{'node_level': {0: {'cpu': 0}, 1: {'cpu': 0}, 2: {'cpu': 0}, 3: {'cpu': 0}, 4: {'cpu': 0}, 5: {'cpu': 0}, 6: {'cpu': 0}}, 'link_level': {(0, 1): {'bw': 0}, (0, 4): {'bw': 0}, (0, 5): {'bw': 0}, (0, 6): {'bw': 0}, (1, 3): {'bw': 0}, (1, 5): {'bw': 0}, (1, 6): {'bw': 0}, (2, 5): {'bw': 0}, (2, 6): {'bw': 0}, (3, 5): {'bw': 0}, (3, 6): {'bw': 0}, (4, 5): {'bw': 0}, (5, 6): {'bw': 0}}, 'path_level': {(0, 1): {}, (0, 4): {}, (0, 5): {}, (0, 6): {}, (1, 3): {}, (1, 5): {}, (1, 6): {}, (2, 5): {}, (2, 6): {}, (3, 5): {}, (3, 6): {}, (4, 5): {}, (5, 6): {}}}",[],-inf,-inf,True,True,False,0,[],0,0.0,7.0,13.0
182,134,14,30285.0,71895.0,15627281.601558832,37437291.94207233,0.42123930732317966,0.4174255345642874,36,340,1,4540.0,7898,1952,5946,0.3097595473833098,0.594627761112626,181,68.88991401198173,4540.0,9,20,False,"{0: np.int64(3), 1: np.int64(1), 2: np.int64(6), 3: np.int64(24), 4: np.int64(16), 5: np.int64(19), 6: np.int64(35), 7: np.int64(33), 8: np.int64(29)}","{(0, 3): [(np.int64(3), 21), (21, 23), (23, 20), (20, 22), (22, 24)], (0, 4): [(np.int64(3), 13), (13, 14), (14, 16)], (0, 7): [(np.int64(3), 29), (29, 30), (30, 33)], (0, 8): [(np.int64(3), 21), (21, 2), (2, 29)], (1, 2): [(np.int64(1), 4), (4, 7), (7, 5), (5, 6)], (1, 3): [(np.int64(1), 20), (20, 22), (22, 24)], (1, 6): [(np.int64(1), 20), (20, 0), (0, 28), (28, 31), (31, 35)], (1, 8): [(np.int64(1), 28), (28, 31), (31, 29)], (2, 5): [(np.int64(6), 5), (5, 2), (2, 21), (21, 3), (3, 13), (13, 15), (15, 19)], (2, 6): [(np.int64(6), 5), (5, 2), (2, 29), (29, 31), (31, 35)], (2, 7): [(np.int64(6), 5), (5, 2), (2, 29), (29, 30), (30, 33)], (2, 8): []}","{(0, np.int64(3)): {'cpu': 20}, (1, np.int64(1)): {'cpu': 17}, (2, np.int64(6)): {'cpu': 7}, (3, np.int64(24)): {'cpu': 6}, (4, np.int64(16)): {'cpu': 5}, (5, np.int64(19)): {'cpu': 10}, (6, np.int64(35)): {'cpu': 3}, (7, np.int64(33)): {'cpu': 1}, (8, np.int64(29)): {'cpu': 2}}","{((0, 3), (np.int64(3), 21)): {'bw': 25}, ((0, 3), (21, 23)): {'bw': 25}, ((0, 3), (23, 20)): {'bw': 25}, ((0, 3), (20, 22)): {'bw': 25}, ((0, 3), (22, 24)): {'bw': 25}, ((0, 4), (np.int64(3), 13)): {'bw': 19}, ((0, 4), (13, 14)): {'bw': 19}, ((0, 4), (14, 16)): {'bw': 19}, ((0, 7), (np.int64(3), 29)): {'bw': 7}, ((0, 7), (29, 30)): {'bw': 7}, ((0, 7), (30, 33)): {'bw': 7}, ((0, 8), (np.int64(3), 21)): {'bw': 43}, ((0, 8), (21, 2)): {'bw': 43}, ((0, 8), (2, 29)): {'bw': 43}, ((1, 2), (np.int64(1), 4)): {'bw': 6}, ((1, 2), (4, 7)): {'bw': 6}, ((1, 2), (7, 5)): {'bw': 6}, ((1, 2), (5, 6)): {'bw': 6}, ((1, 3), (np.int64(1), 20)): {'bw': 38}, ((1, 3), (20, 22)): {'bw': 38}, ((1, 3), (22, 24)): {'bw': 38}, ((1, 6), (np.int64(1), 20)): {'bw': 26}, ((1, 6), (20, 0)): {'bw': 26}, ((1, 6), (0, 28)): {'bw': 26}, ((1, 6), (28, 31)): {'bw': 26}, ((1, 6), (31, 35)): {'bw': 26}, ((1, 8), (np.int64(1), 28)): {'bw': 15}, ((1, 8), (28, 31)): {'bw': 15}, ((1, 8), (31, 29)): {'bw': 15}, ((2, 5), (np.int64(6), 5)): {'bw': 44}, ((2, 5), (5, 2)): {'bw': 44}, ((2, 5), (2, 21)): {'bw': 44}, ((2, 5), (21, 3)): {'bw': 44}, ((2, 5), (3, 13)): {'bw': 44}, ((2, 5), (13, 15)): {'bw': 44}, ((2, 5), (15, 19)): {'bw': 44}, ((2, 6), (np.int64(6), 5)): {'bw': 8}, ((2, 6), (5, 2)): {'bw': 8}, ((2, 6), (2, 29)): {'bw': 8}, ((2, 6), (29, 31)): {'bw': 8}, ((2, 6), (31, 35)): {'bw': 8}, ((2, 7), (np.int64(6), 5)): {'bw': 5}, ((2, 7), (5, 2)): {'bw': 5}, ((2, 7), (2, 29)): {'bw': 5}, ((2, 7), (29, 30)): {'bw': 5}, ((2, 7), (30, 33)): {'bw': 5}}",0.0,0.0,142.0,71.0,478.0,0.0,0.0,0.0,0.0,0.0,0.0,0.0,0.0,0.0,Route Failure,100.0,"{'node_level': {}, 'link_level': {}, 'path_level': {}}","{'node_level': {0: {'cpu': -16}, 1: {'cpu': -22}, 2: {'cpu': -58}, 3: {'cpu': -27}, 4: {'cpu': -74}, 5: {'cpu': -47}, 6: {'cpu': -62}, 7: {'cpu': -60}, 8: {'cpu': -23}}, 'link_level': {(0, 3): {'bw': -55}, (0, 4): {'bw': -96}, (0, 7): {'bw': -29}, (0, 8): {'bw': -79}, (1, 2): {'bw': -12}, (1, 3): {'bw': -17}, (1, 6): {'bw': -20}, (1, 8): {'bw': -5}, (2, 5): {'bw': -12}, (2, 6): {'bw': -6}, (2, 7): {'bw': -1}, (2, 8): {'bw': 100.0}}, 'path_level': {(0, 3): {}, (0, 4): {}, (0, 7): {}, (0, 8): {}, (1, 2): {}, (1, 3): {}, (1, 6): {}, (1, 8): {}, (2, 5): {}, (2, 6): {}, (2, 7): {}, (2, 8): {}}}","{'node_level': {0: {'cpu': 0}, 1: {'cpu': 0}, 2: {'cpu': 0}, 3: {'cpu': 0}, 4: {'cpu': 0}, 5: {'cpu': 0}, 6: {'cpu': 0}, 7: {'cpu': 0}, 8: {'cpu': 0}}, 'link_level': {(0, 3): {'bw': 0}, (0, 4): {'bw': 0}, (0, 7): {'bw': 0}, (0, 8): {'bw': 0}, (1, 2): {'bw': 0}, (1, 3): {'bw': 0}, (1, 6): {'bw': 0}, (1, 8): {'bw': 0}, (2, 5): {'bw': 0}, (2, 6): {'bw': 0}, (2, 7): {'bw': 0}, (2, 8): {'bw': 100.0}}, 'path_level': {(0, 3): {}, (0, 4): {}, (0, 7): {}, (0, 8): {}, (1, 2): {}, (1, 3): {}, (1, 6): {}, (1, 8): {}, (2, 5): {}, (2, 6): {}, (2, 7): {}, (2, 8): {}}}",[],-inf,-inf,True,False,False,0,[],0,0.0,9.0,12.0
182,134,14,30285.0,71895.0,15627281.601558832,37437291.94207233,0.42123930732317966,0.4174255345642874,36,341,0,4545.8328891316805,7898,1952,5946,0.3097595473833098,0.594627761112626,153,683.8328891316802,3862.0,8,16,False,{},{},{},{},0.0,0.0,0.0,0.0,0.0,0.0,0.0,0.0,0.0,0.0,0.0,0.0,0.0,0.0,Leave Event,0.0,"{'node_level': {}, 'link_level': {}, 'path_level': {}}","{'node_level': {}, 'link_level': {}, 'path_level': {}}","{'node_level': {}, 'link_level': {}, 'path_level': {}}",[],-inf,-inf,True,True,False,0,[],0,0.0,,
183,134,14,30285.0,71895.0,15627281.601558832,37437291.94207233,0.42123930732317966,0.4174255345642874,36,342,1,4565.0,7898,1952,5946,0.3097595473833098,0.594627761112626,182,1251.6369528774007,4565.0,5,5,False,"{0: np.int64(20), 1: np.int64(35), 2: np.int64(24), 3: np.int64(19), 4: np.int64(29)}","{(0, 2): [(np.int64(20), 22), (22, 24)], (1, 2): [(np.int64(35), 31), (31, 28), (28, 0), (0, 20), (20, 22), (22, 24)], (2, 3): [(np.int64(24), 22), (22, 20), (20, 23), (23, 21), (21, 3), (3, 13), (13, 15), (15, 19)], (2, 4): []}","{(0, np.int64(20)): {'cpu': 6}, (1, np.int64(35)): {'cpu': 15}, (2, np.int64(24)): {'cpu': 11}, (3, np.int64(19)): {'cpu': 8}, (4, np.int64(29)): {'cpu': 2}}","{((0, 2), (np.int64(20), 22)): {'bw': 3}, ((0, 2), (22, 24)): {'bw': 3}, ((1, 2), (np.int64(35), 31)): {'bw': 22}, ((1, 2), (31, 28)): {'bw': 22}, ((1, 2), (28, 0)): {'bw': 22}, ((1, 2), (0, 20)): {'bw': 22}, ((1, 2), (20, 22)): {'bw': 22}, ((1, 2), (22, 24)): {'bw': 22}, ((2, 3), (np.int64(24), 22)): {'bw': 50}, ((2, 3), (22, 20)): {'bw': 50}, ((2, 3), (20, 23)): {'bw': 50}, ((2, 3), (23, 21)): {'bw': 50}, ((2, 3), (21, 3)): {'bw': 50}, ((2, 3), (3, 13)): {'bw': 50}, ((2, 3), (13, 15)): {'bw': 50}, ((2, 3), (15, 19)): {'bw': 50}}",0.0,0.0,84.0,42.0,118.0,0.0,0.0,0.0,0.0,0.0,0.0,0.0,0.0,0.0,Route Failure,100.0,"{'node_level': {}, 'link_level': {}, 'path_level': {}}","{'node_level': {0: {'cpu': -7}, 1: {'cpu': -50}, 2: {'cpu': -22}, 3: {'cpu': -49}, 4: {'cpu': -23}}, 'link_level': {(0, 2): {'bw': -77}, (1, 2): {'bw': -24}, (2, 3): {'bw': -5}, (2, 4): {'bw': 100.0}}, 'path_level': {(0, 2): {}, (1, 2): {}, (2, 3): {}, (2, 4): {}}}","{'node_level': {0: {'cpu': 0}, 1: {'cpu': 0}, 2: {'cpu': 0}, 3: {'cpu': 0}, 4: {'cpu': 0}}, 'link_level': {(0, 2): {'bw': 0}, (1, 2): {'bw': 0}, (2, 3): {'bw': 0}, (2, 4): {'bw': 100.0}}, 'path_level': {(0, 2): {}, (1, 2): {}, (2, 3): {}, (2, 4): {}}}",[],-inf,-inf,True,False,False,0,[],0,0.0,5.0,4.0
184,134,14,30285.0,71895.0,15627281.601558832,37437291.94207233,0.42123930732317966,0.4174255345642874,36,343,1,4583.0,7898,1952,5946,0.3097595473833098,0.594627761112626,183,172.33349053430996,4583.0,10,25,False,"{0: np.int64(5), 1: np.int64(27), 2: np.int64(11), 3: np.int64(9), 4: np.int64(19), 5: np.int64(13), 6: np.int64(12), 7: np.int64(8), 8: np.int64(28), 9: np.int64(29)}","{(0, 2): [(np.int64(5), 7), (7, 11)], (0, 3): [(np.int64(5), 6), (6, 9)], (0, 4): [(np.int64(5), 3), (3, 13), (13, 15), (15, 19)], (0, 7): [(np.int64(5), 6), (6, 8)], (0, 8): [(np.int64(5), 2), (2, 29), (29, 30), (30, 28)], (0, 9): [(np.int64(5), 2), (2, 29)], (1, 3): [(np.int64(27), 23), (23, 21), (21, 2), (2, 5), (5, 6), (6, 9)], (1, 6): [(np.int64(27), 23), (23, 21), (21, 3), (3, 13), (13, 14), (14, 12)], (1, 7): []}","{(0, np.int64(5)): {'cpu': 15}, (1, np.int64(27)): {'cpu': 0}, (2, np.int64(11)): {'cpu': 7}, (3, np.int64(9)): {'cpu': 18}, (4, np.int64(19)): {'cpu': 2}, (5, np.int64(13)): {'cpu': 9}, (6, np.int64(12)): {'cpu': 14}, (7, np.int64(8)): {'cpu': 0}, (8, np.int64(28)): {'cpu': 11}, (9, np.int64(29)): {'cpu': 3}}","{((0, 2), (np.int64(5), 7)): {'bw': 2}, ((0, 2), (7, 11)): {'bw': 2}, ((0, 3), (np.int64(5), 6)): {'bw': 40}, ((0, 3), (6, 9)): {'bw': 40}, ((0, 4), (np.int64(5), 3)): {'bw': 9}, ((0, 4), (3, 13)): {'bw': 9}, ((0, 4), (13, 15)): {'bw': 9}, ((0, 4), (15, 19)): {'bw': 9}, ((0, 7), (np.int64(5), 6)): {'bw': 11}, ((0, 7), (6, 8)): {'bw': 11}, ((0, 8), (np.int64(5), 2)): {'bw': 0}, ((0, 8), (2, 29)): {'bw': 0}, ((0, 8), (29, 30)): {'bw': 0}, ((0, 8), (30, 28)): {'bw': 0}, ((0, 9), (np.int64(5), 2)): {'bw': 23}, ((0, 9), (2, 29)): {'bw': 23}, ((1, 3), (np.int64(27), 23)): {'bw': 12}, ((1, 3), (23, 21)): {'bw': 12}, ((1, 3), (21, 2)): {'bw': 12}, ((1, 3), (2, 5)): {'bw': 12}, ((1, 3), (5, 6)): {'bw': 12}, ((1, 3), (6, 9)): {'bw': 12}, ((1, 6), (np.int64(27), 23)): {'bw': 35}, ((1, 6), (23, 21)): {'bw': 35}, ((1, 6), (21, 3)): {'bw': 35}, ((1, 6), (3, 13)): {'bw': 35}, ((1, 6), (13, 14)): {'bw': 35}, ((1, 6), (14, 12)): {'bw': 35}}",0.0,0.0,158.0,79.0,638.0,0.0,0.0,0.0,0.0,0.0,0.0,0.0,0.0,0.0,Route Failure,100.0,"{'node_level': {}, 'link_level': {}, 'path_level': {}}","{'node_level': {0: {'cpu': -32}, 1: {'cpu': -58}, 2: {'cpu': -83}, 3: {'cpu': -47}, 4: {'cpu': -55}, 5: {'cpu': -36}, 6: {'cpu': -17}, 7: {'cpu': -61}, 8: {'cpu': -88}, 9: {'cpu': -22}}, 'link_level': {(0, 2): {'bw': -144}, (0, 3): {'bw': -13}, (0, 4): {'bw': -20}, (0, 7): {'bw': -13}, (0, 8): {'bw': -11}, (0, 9): {'bw': -99}, (1, 3): {'bw': -1}, (1, 6): {'bw': -24}, (1, 7): {'bw': 100.0}}, 'path_level': {(0, 2): {}, (0, 3): {}, (0, 4): {}, (0, 7): {}, (0, 8): {}, (0, 9): {}, (1, 3): {}, (1, 6): {}, (1, 7): {}}}","{'node_level': {0: {'cpu': 0}, 1: {'cpu': 0}, 2: {'cpu': 0}, 3: {'cpu': 0}, 4: {'cpu': 0}, 5: {'cpu': 0}, 6: {'cpu': 0}, 7: {'cpu': 0}, 8: {'cpu': 0}, 9: {'cpu': 0}}, 'link_level': {(0, 2): {'bw': 0}, (0, 3): {'bw': 0}, (0, 4): {'bw': 0}, (0, 7): {'bw': 0}, (0, 8): {'bw': 0}, (0, 9): {'bw': 0}, (1, 3): {'bw': 0}, (1, 6): {'bw': 0}, (1, 7): {'bw': 100.0}}, 'path_level': {(0, 2): {}, (0, 3): {}, (0, 4): {}, (0, 7): {}, (0, 8): {}, (0, 9): {}, (1, 3): {}, (1, 6): {}, (1, 7): {}}}",[],-inf,-inf,True,False,False,0,[],0,0.0,10.0,9.0
184,134,14,30285.0,71895.0,15627281.601558832,37437291.94207233,0.42123930732317966,0.4174255345642874,36,344,0,4608.889914011982,7898,1952,5946,0.3097595473833098,0.594627761112626,181,68.88991401198173,4540.0,9,20,False,{},{},{},{},0.0,0.0,0.0,0.0,0.0,0.0,0.0,0.0,0.0,0.0,0.0,0.0,0.0,0.0,Leave Event,0.0,"{'node_level': {}, 'link_level': {}, 'path_level': {}}","{'node_level': {}, 'link_level': {}, 'path_level': {}}","{'node_level': {}, 'link_level': {}, 'path_level': {}}",[],-inf,-inf,True,True,False,0,[],0,0.0,,
184,134,13,30285.0,71895.0,15627281.601558832,37437291.94207233,0.42123930732317966,0.4174255345642874,36,345,0,4610.36414401485,9041,2056,6985,0.272984441301273,0.5237932915189528,116,1682.3641440148501,2928.0,8,12,False,{},{},{},{},0.0,0.0,0.0,0.0,0.0,0.0,0.0,0.0,0.0,0.0,0.0,0.0,0.0,0.0,Leave Event,0.0,"{'node_level': {}, 'link_level': {}, 'path_level': {}}","{'node_level': {}, 'link_level': {}, 'path_level': {}}","{'node_level': {}, 'link_level': {}, 'path_level': {}}",[],-inf,-inf,True,True,False,0,[],0,0.0,,
184,134,13,30285.0,71895.0,15627281.601558832,37437291.94207233,0.42123930732317966,0.4174255345642874,36,346,0,4615.885740026539,9041,2056,6985,0.272984441301273,0.5237932915189528,168,404.885740026539,4211.0,10,16,False,{},{},{},{},0.0,0.0,0.0,0.0,0.0,0.0,0.0,0.0,0.0,0.0,0.0,0.0,0.0,0.0,Leave Event,0.0,"{'node_level': {}, 'link_level': {}, 'path_level': {}}","{'node_level': {}, 'link_level': {}, 'path_level': {}}","{'node_level': {}, 'link_level': {}, 'path_level': {}}",[],-inf,-inf,True,True,False,0,[],0,0.0,,
185,135,14,30667.0,72947.0,15650471.840531029,37501156.16039367,0.420401113136935,0.4173330489757022,36,347,1,4617.0,7989,1986,6003,0.29773691654879775,0.5907417507499318,184,60.70743186439061,4617.0,7,10,True,"{0: np.int64(11), 1: np.int64(29), 2: np.int64(1), 3: np.int64(3), 4: np.int64(0), 5: np.int64(12), 6: np.int64(26)}","{(0, 4): [(np.int64(11), 7), (7, 4), (4, 0)], (1, 2): [(np.int64(29), 30), (30, 28), (28, 1)], (1, 4): [(np.int64(29), 30), (30, 28), (28, 0)], (1, 5): [(np.int64(29), 3), (3, 13), (13, 14), (14, 12)], (2, 3): [(np.int64(1), 4), (4, 7), (7, 5), (5, 3)], (2, 5): [(np.int64(1), 12)], (3, 5): [(np.int64(3), 13), (13, 14), (14, 12)], (3, 6): [(np.int64(3), 21), (21, 23), (23, 26)], (4, 6): [(np.int64(0), 20), (20, 23), (23, 26)], (5, 6): [(np.int64(12), 0), (0, 20), (20, 23), (23, 26)]}","{(0, np.int64(11)): {'cpu': 17}, (1, np.int64(29)): {'cpu': 7}, (2, np.int64(1)): {'cpu': 4}, (3, np.int64(3)): {'cpu': 0}, (4, np.int64(0)): {'cpu': 10}, (5, np.int64(12)): {'cpu': 13}, (6, np.int64(26)): {'cpu': 19}}","{((0, 4), (np.int64(11), 7)): {'bw': 39}, ((0, 4), (7, 4)): {'bw': 39}, ((0, 4), (4, 0)): {'bw': 39}, ((1, 2), (np.int64(29), 30)): {'bw': 31}, ((1, 2), (30, 28)): {'bw': 31}, ((1, 2), (28, 1)): {'bw': 31}, ((1, 4), (np.int64(29), 30)): {'bw': 13}, ((1, 4), (30, 28)): {'bw': 13}, ((1, 4), (28, 0)): {'bw': 13}, ((1, 5), (np.int64(29), 3)): {'bw': 16}, ((1, 5), (3, 13)): {'bw': 16}, ((1, 5), (13, 14)): {'bw': 16}, ((1, 5), (14, 12)): {'bw': 16}, ((2, 3), (np.int64(1), 4)): {'bw': 18}, ((2, 3), (4, 7)): {'bw': 18}, ((2, 3), (7, 5)): {'bw': 18}, ((2, 3), (5, 3)): {'bw': 18}, ((2, 5), (np.int64(1), 12)): {'bw': 19}, ((3, 5), (np.int64(3), 13)): {'bw': 31}, ((3, 5), (13, 14)): {'bw': 31}, ((3, 5), (14, 12)): {'bw': 31}, ((3, 6), (np.int64(3), 21)): {'bw': 45}, ((3, 6), (21, 23)): {'bw': 45}, ((3, 6), (23, 26)): {'bw': 45}, ((4, 6), (np.int64(0), 20)): {'bw': 50}, ((4, 6), (20, 23)): {'bw': 50}, ((4, 6), (23, 26)): {'bw': 50}, ((5, 6), (np.int64(12), 0)): {'bw': 50}, ((5, 6), (0, 20)): {'bw': 50}, ((5, 6), (20, 23)): {'bw': 50}, ((5, 6), (23, 26)): {'bw': 50}}",1052.0,382.0,140.0,70.0,312.0,70.0,312.0,70.0,982.0,670.0,0.36311787072243346,63864.21832133892,23190.23897219721,22.043953395624726,Success,0.0,"{'node_level': {}, 'link_level': {}, 'path_level': {}}","{'node_level': {0: {'cpu': -73}, 1: {'cpu': -18}, 2: {'cpu': -35}, 3: {'cpu': -36}, 4: {'cpu': -63}, 5: {'cpu': -18}, 6: {'cpu': -33}}, 'link_level': {(0, 4): {'bw': -23}, (1, 2): {'bw': -31}, (1, 4): {'bw': -18}, (1, 5): {'bw': -20}, (2, 3): {'bw': 0}, (2, 5): {'bw': -31}, (3, 5): {'bw': -68}, (3, 6): {'bw': -103}, (4, 6): {'bw': -93}, (5, 6): {'bw': -43}}, 'path_level': {(0, 4): {}, (1, 2): {}, (1, 4): {}, (1, 5): {}, (2, 3): {}, (2, 5): {}, (3, 5): {}, (3, 6): {}, (4, 6): {}, (5, 6): {}}}","{'node_level': {0: {'cpu': 0}, 1: {'cpu': 0}, 2: {'cpu': 0}, 3: {'cpu': 0}, 4: {'cpu': 0}, 5: {'cpu': 0}, 6: {'cpu': 0}}, 'link_level': {(0, 4): {'bw': 0}, (1, 2): {'bw': 0}, (1, 4): {'bw': 0}, (1, 5): {'bw': 0}, (2, 3): {'bw': 0}, (2, 5): {'bw': 0}, (3, 5): {'bw': 0}, (3, 6): {'bw': 0}, (4, 6): {'bw': 0}, (5, 6): {'bw': 0}}, 'path_level': {(0, 4): {}, (1, 2): {}, (1, 4): {}, (1, 5): {}, (2, 3): {}, (2, 5): {}, (3, 5): {}, (3, 6): {}, (4, 6): {}, (5, 6): {}}}",[],-inf,-inf,True,True,False,0,[],0,0.0,7.0,10.0
186,136,15,30795.0,73221.0,15717532.319507116,37644707.498201855,0.42057606424386446,0.4175230295057515,36,348,1,4644.0,7715,1942,5773,0.3132956152758133,0.6064221434415054,185,523.9099920006806,4644.0,3,3,True,"{0: np.int64(30), 1: np.int64(7), 2: np.int64(29)}","{(0, 1): [(np.int64(30), 29), (29, 2), (2, 5), (5, 7)], (0, 2): [(np.int64(30), 29)], (1, 2): [(np.int64(7), 5), (5, 2), (2, 29)]}","{(0, np.int64(30)): {'cpu': 13}, (1, np.int64(7)): {'cpu': 19}, (2, np.int64(29)): {'cpu': 12}}","{((0, 1), (np.int64(30), 29)): {'bw': 28}, ((0, 1), (29, 2)): {'bw': 28}, ((0, 1), (2, 5)): {'bw': 28}, ((0, 1), (5, 7)): {'bw': 28}, ((0, 2), (np.int64(30), 29)): {'bw': 25}, ((1, 2), (np.int64(7), 5)): {'bw': 31}, ((1, 2), (5, 2)): {'bw': 31}, ((1, 2), (2, 29)): {'bw': 31}}",274.0,128.0,88.0,44.0,84.0,44.0,84.0,44.0,230.0,146.0,0.46715328467153283,143551.33780818648,67060.47897608712,244.74627363535444,Success,0.0,"{'node_level': {}, 'link_level': {}, 'path_level': {}}","{'node_level': {0: {'cpu': -27}, 1: {'cpu': -40}, 2: {'cpu': -6}}, 'link_level': {(0, 1): {'bw': -94}, (0, 2): {'bw': -179}, (1, 2): {'bw': -63}}, 'path_level': {(0, 1): {}, (0, 2): {}, (1, 2): {}}}","{'node_level': {0: {'cpu': 0}, 1: {'cpu': 0}, 2: {'cpu': 0}}, 'link_level': {(0, 1): {'bw': 0}, (0, 2): {'bw': 0}, (1, 2): {'bw': 0}}, 'path_level': {(0, 1): {}, (0, 2): {}, (1, 2): {}}}",[],-inf,-inf,True,True,False,0,[],0,0.0,3.0,3.0
186,136,14,30795.0,73221.0,15717532.319507116,37644707.498201855,0.42057606424386446,0.4175230295057515,36,349,0,4646.948142699852,7986,2006,5980,0.29066478076379065,0.5923097900190892,60,3111.948142699852,1535.0,5,4,False,{},{},{},{},0.0,0.0,0.0,0.0,0.0,0.0,0.0,0.0,0.0,0.0,0.0,0.0,0.0,0.0,Leave Event,0.0,"{'node_level': {}, 'link_level': {}, 'path_level': {}}","{'node_level': {}, 'link_level': {}, 'path_level': {}}","{'node_level': {}, 'link_level': {}, 'path_level': {}}",[],-inf,-inf,True,True,False,0,[],0,0.0,,
186,136,14,30795.0,73221.0,15717532.319507116,37644707.498201855,0.42057606424386446,0.4175230295057515,36,350,0,4663.890382936142,7986,2006,5980,0.29066478076379065,0.5923097900190892,120,1629.8903829361416,3034.0,8,15,False,{},{},{},{},0.0,0.0,0.0,0.0,0.0,0.0,0.0,0.0,0.0,0.0,0.0,0.0,0.0,0.0,Leave Event,0.0,"{'node_level': {}, 'link_level': {}, 'path_level': {}}","{'node_level': {}, 'link_level': {}, 'path_level': {}}","{'node_level': {}, 'link_level': {}, 'path_level': {}}",[],-inf,-inf,True,True,False,0,[],0,0.0,,
187,136,14,30795.0,73221.0,15717532.319507116,37644707.498201855,0.42057606424386446,0.4175230295057515,36,351,1,4671.0,7986,2006,5980,0.29066478076379065,0.5923097900190892,186,699.3161714502039,4671.0,7,13,False,"{0: np.int64(33), 1: np.int64(24), 2: np.int64(4), 3: np.int64(5), 4: np.int64(9), 5: np.int64(30), 6: np.int64(11)}","{(0, 2): [(np.int64(33), 30), (30, 28), (28, 0), (0, 4)], (0, 5): [(np.int64(33), 30)], (0, 6): [(np.int64(33), 30), (30, 29), (29, 2), (2, 5), (5, 7), (7, 11)], (1, 2): [(np.int64(24), 22), (22, 20), (20, 0), (0, 4)], (1, 4): [(np.int64(24), 22), (22, 20), (20, 0), (0, 4), (4, 6), (6, 9)], (1, 5): [(np.int64(24), 22), (22, 20), (20, 0), (0, 28), (28, 31), (31, 29), (29, 30)], (1, 6): [(np.int64(24), 22), (22, 20), (20, 0), (0, 4), (4, 7), (7, 11)], (2, 4): []}","{(0, np.int64(33)): {'cpu': 16}, (1, np.int64(24)): {'cpu': 3}, (2, np.int64(4)): {'cpu': 5}, (3, np.int64(5)): {'cpu': 13}, (4, np.int64(9)): {'cpu': 7}, (5, np.int64(30)): {'cpu': 5}, (6, np.int64(11)): {'cpu': 9}}","{((0, 2), (np.int64(33), 30)): {'bw': 40}, ((0, 2), (30, 28)): {'bw': 40}, ((0, 2), (28, 0)): {'bw': 40}, ((0, 2), (0, 4)): {'bw': 40}, ((0, 5), (np.int64(33), 30)): {'bw': 44}, ((0, 6), (np.int64(33), 30)): {'bw': 16}, ((0, 6), (30, 29)): {'bw': 16}, ((0, 6), (29, 2)): {'bw': 16}, ((0, 6), (2, 5)): {'bw': 16}, ((0, 6), (5, 7)): {'bw': 16}, ((0, 6), (7, 11)): {'bw': 16}, ((1, 2), (np.int64(24), 22)): {'bw': 16}, ((1, 2), (22, 20)): {'bw': 16}, ((1, 2), (20, 0)): {'bw': 16}, ((1, 2), (0, 4)): {'bw': 16}, ((1, 4), (np.int64(24), 22)): {'bw': 10}, ((1, 4), (22, 20)): {'bw': 10}, ((1, 4), (20, 0)): {'bw': 10}, ((1, 4), (0, 4)): {'bw': 10}, ((1, 4), (4, 6)): {'bw': 10}, ((1, 4), (6, 9)): {'bw': 10}, ((1, 5), (np.int64(24), 22)): {'bw': 41}, ((1, 5), (22, 20)): {'bw': 41}, ((1, 5), (20, 0)): {'bw': 41}, ((1, 5), (0, 28)): {'bw': 41}, ((1, 5), (28, 31)): {'bw': 41}, ((1, 5), (31, 29)): {'bw': 41}, ((1, 5), (29, 30)): {'bw': 41}, ((1, 6), (np.int64(24), 22)): {'bw': 1}, ((1, 6), (22, 20)): {'bw': 1}, ((1, 6), (20, 0)): {'bw': 1}, ((1, 6), (0, 4)): {'bw': 1}, ((1, 6), (4, 7)): {'bw': 1}, ((1, 6), (7, 11)): {'bw': 1}}",0.0,0.0,116.0,58.0,304.0,0.0,0.0,0.0,0.0,0.0,0.0,0.0,0.0,0.0,Route Failure,100.0,"{'node_level': {}, 'link_level': {}, 'path_level': {}}","{'node_level': {0: {'cpu': -65}, 1: {'cpu': -30}, 2: {'cpu': -53}, 3: {'cpu': -34}, 4: {'cpu': -76}, 5: {'cpu': -36}, 6: {'cpu': -64}}, 'link_level': {(0, 2): {'bw': -3}, (0, 5): {'bw': -50}, (0, 6): {'bw': -34}, (1, 2): {'bw': -31}, (1, 4): {'bw': -7}, (1, 5): {'bw': -46}, (1, 6): {'bw': -4}, (2, 4): {'bw': 100.0}}, 'path_level': {(0, 2): {}, (0, 5): {}, (0, 6): {}, (1, 2): {}, (1, 4): {}, (1, 5): {}, (1, 6): {}, (2, 4): {}}}","{'node_level': {0: {'cpu': 0}, 1: {'cpu': 0}, 2: {'cpu': 0}, 3: {'cpu': 0}, 4: {'cpu': 0}, 5: {'cpu': 0}, 6: {'cpu': 0}}, 'link_level': {(0, 2): {'bw': 0}, (0, 5): {'bw': 0}, (0, 6): {'bw': 0}, (1, 2): {'bw': 0}, (1, 4): {'bw': 0}, (1, 5): {'bw': 0}, (1, 6): {'bw': 0}, (2, 4): {'bw': 100.0}}, 'path_level': {(0, 2): {}, (0, 5): {}, (0, 6): {}, (1, 2): {}, (1, 4): {}, (1, 5): {}, (1, 6): {}, (2, 4): {}}}",[],-inf,-inf,True,False,False,0,[],0,0.0,7.0,8.0
187,136,13,30795.0,73221.0,15717532.319507116,37644707.498201855,0.42057606424386446,0.4175230295057515,36,352,0,4675.229332200796,8140,2042,6098,0.27793493635077793,0.584265066812108,159,681.2293322007966,3994.0,5,4,False,{},{},{},{},0.0,0.0,0.0,0.0,0.0,0.0,0.0,0.0,0.0,0.0,0.0,0.0,0.0,0.0,Leave Event,0.0,"{'node_level': {}, 'link_level': {}, 'path_level': {}}","{'node_level': {}, 'link_level': {}, 'path_level': {}}","{'node_level': {}, 'link_level': {}, 'path_level': {}}",[],-inf,-inf,True,True,False,0,[],0,0.0,,
187,136,12,30795.0,73221.0,15717532.319507116,37644707.498201855,0.42057606424386446,0.4175230295057515,36,353,0,4677.707431864391,9192,2112,7080,0.25318246110325315,0.517316607581129,184,60.70743186439061,4617.0,7,10,False,{},{},{},{},0.0,0.0,0.0,0.0,0.0,0.0,0.0,0.0,0.0,0.0,0.0,0.0,0.0,0.0,Leave Event,0.0,"{'node_level': {}, 'link_level': {}, 'path_level': {}}","{'node_level': {}, 'link_level': {}, 'path_level': {}}","{'node_level': {}, 'link_level': {}, 'path_level': {}}",[],-inf,-inf,True,True,False,0,[],0,0.0,,
187,136,11,30795.0,73221.0,15717532.319507116,37644707.498201855,0.42057606424386446,0.4175230295057515,36,354,0,4693.732700058624,10378,2182,8196,0.22842998585572838,0.44123261521679846,165,556.732700058624,4137.0,8,9,False,{},{},{},{},0.0,0.0,0.0,0.0,0.0,0.0,0.0,0.0,0.0,0.0,0.0,0.0,0.0,0.0,Leave Event,0.0,"{'node_level': {}, 'link_level': {}, 'path_level': {}}","{'node_level': {}, 'link_level': {}, 'path_level': {}}","{'node_level': {}, 'link_level': {}, 'path_level': {}}",[],-inf,-inf,True,True,False,0,[],0,0.0,,
188,137,12,31101.0,74092.0,15857545.980332969,38043243.11447413,0.41976191761593695,0.41682949933097907,36,355,1,4699.0,9507,2105,7402,0.25565770862800563,0.49536405781292614,187,457.56098309101776,4699.0,6,9,True,"{0: np.int64(18), 1: np.int64(3), 2: np.int64(14), 3: np.int64(22), 4: np.int64(10), 5: np.int64(12)}","{(0, 2): [(np.int64(18), 15), (15, 12), (12, 14)], (0, 3): [(np.int64(18), 15), (15, 12), (12, 0), (0, 20), (20, 22)], (0, 5): [(np.int64(18), 15), (15, 12)], (1, 3): [(np.int64(3), 21), (21, 22)], (1, 5): [(np.int64(3), 13), (13, 14), (14, 12)], (2, 4): [(np.int64(14), 12), (12, 0), (0, 4), (4, 7), (7, 10)], (2, 5): [(np.int64(14), 12)], (3, 4): [(np.int64(22), 20), (20, 0), (0, 4), (4, 7), (7, 10)], (4, 5): [(np.int64(10), 7), (7, 4), (4, 0), (0, 12)]}","{(0, np.int64(18)): {'cpu': 13}, (1, np.int64(3)): {'cpu': 4}, (2, np.int64(14)): {'cpu': 20}, (3, np.int64(22)): {'cpu': 20}, (4, np.int64(10)): {'cpu': 18}, (5, np.int64(12)): {'cpu': 2}}","{((0, 2), (np.int64(18), 15)): {'bw': 33}, ((0, 2), (15, 12)): {'bw': 33}, ((0, 2), (12, 14)): {'bw': 33}, ((0, 3), (np.int64(18), 15)): {'bw': 43}, ((0, 3), (15, 12)): {'bw': 43}, ((0, 3), (12, 0)): {'bw': 43}, ((0, 3), (0, 20)): {'bw': 43}, ((0, 3), (20, 22)): {'bw': 43}, ((0, 5), (np.int64(18), 15)): {'bw': 30}, ((0, 5), (15, 12)): {'bw': 30}, ((1, 3), (np.int64(3), 21)): {'bw': 14}, ((1, 3), (21, 22)): {'bw': 14}, ((1, 5), (np.int64(3), 13)): {'bw': 50}, ((1, 5), (13, 14)): {'bw': 50}, ((1, 5), (14, 12)): {'bw': 50}, ((2, 4), (np.int64(14), 12)): {'bw': 17}, ((2, 4), (12, 0)): {'bw': 17}, ((2, 4), (0, 4)): {'bw': 17}, ((2, 4), (4, 7)): {'bw': 17}, ((2, 4), (7, 10)): {'bw': 17}, ((2, 5), (np.int64(14), 12)): {'bw': 13}, ((3, 4), (np.int64(22), 20)): {'bw': 28}, ((3, 4), (20, 0)): {'bw': 28}, ((3, 4), (0, 4)): {'bw': 28}, ((3, 4), (4, 7)): {'bw': 28}, ((3, 4), (7, 10)): {'bw': 28}, ((4, 5), (np.int64(10), 7)): {'bw': 1}, ((4, 5), (7, 4)): {'bw': 1}, ((4, 5), (4, 0)): {'bw': 1}, ((4, 5), (0, 12)): {'bw': 1}}",871.0,306.0,154.0,77.0,229.0,77.0,229.0,77.0,794.0,565.0,0.3513203214695752,398535.61627227644,140013.66082585143,160.75047167147122,Success,0.0,"{'node_level': {}, 'link_level': {}, 'path_level': {}}","{'node_level': {0: {'cpu': -21}, 1: {'cpu': -32}, 2: {'cpu': -54}, 3: {'cpu': -56}, 4: {'cpu': -31}, 5: {'cpu': -48}}, 'link_level': {(0, 2): {'bw': -160}, (0, 3): {'bw': -117}, (0, 5): {'bw': -87}, (1, 3): {'bw': -7}, (1, 5): {'bw': -86}, (2, 4): {'bw': -45}, (2, 5): {'bw': -175}, (3, 4): {'bw': -17}, (4, 5): {'bw': -16}}, 'path_level': {(0, 2): {}, (0, 3): {}, (0, 5): {}, (1, 3): {}, (1, 5): {}, (2, 4): {}, (2, 5): {}, (3, 4): {}, (4, 5): {}}}","{'node_level': {0: {'cpu': 0}, 1: {'cpu': 0}, 2: {'cpu': 0}, 3: {'cpu': 0}, 4: {'cpu': 0}, 5: {'cpu': 0}}, 'link_level': {(0, 2): {'bw': 0}, (0, 3): {'bw': 0}, (0, 5): {'bw': 0}, (1, 3): {'bw': 0}, (1, 5): {'bw': 0}, (2, 4): {'bw': 0}, (2, 5): {'bw': 0}, (3, 4): {'bw': 0}, (4, 5): {'bw': 0}}, 'path_level': {(0, 2): {}, (0, 3): {}, (0, 5): {}, (1, 3): {}, (1, 5): {}, (2, 4): {}, (2, 5): {}, (3, 4): {}, (4, 5): {}}}",[],-inf,-inf,True,True,False,0,[],0,0.0,6.0,9.0
188,137,12,31101.0,74092.0,15857545.980332969,38043243.11447413,0.41976191761593695,0.41682949933097907,36,356,0,4723.0390672449375,9507,2105,7402,0.25565770862800563,0.49536405781292614,114,1844.0390672449375,2879.0,9,14,False,{},{},{},{},0.0,0.0,0.0,0.0,0.0,0.0,0.0,0.0,0.0,0.0,0.0,0.0,0.0,0.0,Leave Event,0.0,"{'node_level': {}, 'link_level': {}, 'path_level': {}}","{'node_level': {}, 'link_level': {}, 'path_level': {}}","{'node_level': {}, 'link_level': {}, 'path_level': {}}",[],-inf,-inf,True,True,False,0,[],0,0.0,,
188,137,11,31101.0,74092.0,15857545.980332969,38043243.11447413,0.41976191761593695,0.41682949933097907,36,357,0,4725.361275819591,10486,2166,8320,0.23408769448373412,0.43277883828742847,161,684.3612758195914,4041.0,7,11,False,{},{},{},{},0.0,0.0,0.0,0.0,0.0,0.0,0.0,0.0,0.0,0.0,0.0,0.0,0.0,0.0,Leave Event,0.0,"{'node_level': {}, 'link_level': {}, 'path_level': {}}","{'node_level': {}, 'link_level': {}, 'path_level': {}}","{'node_level': {}, 'link_level': {}, 'path_level': {}}",[],-inf,-inf,True,True,False,0,[],0,0.0,,
189,138,12,31286.0,74412.0,15861638.644710733,38050322.31772216,0.42044293931086385,0.4168595081078481,36,358,1,4726.0,10166,2110,8056,0.25388967468175394,0.4507772020725389,188,22.122510150070475,4726.0,5,5,True,"{0: np.int64(29), 1: np.int64(7), 2: np.int64(28), 3: np.int64(4), 4: np.int64(30)}","{(0, 3): [(np.int64(29), 2), (2, 5), (5, 6), (6, 4)], (0, 4): [(np.int64(29), 30)], (1, 4): [(np.int64(7), 4), (4, 0), (0, 28), (28, 30)], (2, 3): [(np.int64(28), 0), (0, 4)], (2, 4): [(np.int64(28), 30)]}","{(0, np.int64(29)): {'cpu': 0}, (1, np.int64(7)): {'cpu': 18}, (2, np.int64(28)): {'cpu': 16}, (3, np.int64(4)): {'cpu': 6}, (4, np.int64(30)): {'cpu': 16}}","{((0, 3), (np.int64(29), 2)): {'bw': 17}, ((0, 3), (2, 5)): {'bw': 17}, ((0, 3), (5, 6)): {'bw': 17}, ((0, 3), (6, 4)): {'bw': 17}, ((0, 4), (np.int64(29), 30)): {'bw': 23}, ((1, 4), (np.int64(7), 4)): {'bw': 15}, ((1, 4), (4, 0)): {'bw': 15}, ((1, 4), (0, 28)): {'bw': 15}, ((1, 4), (28, 30)): {'bw': 15}, ((2, 3), (np.int64(28), 0)): {'bw': 39}, ((2, 3), (0, 4)): {'bw': 39}, ((2, 4), (np.int64(28), 30)): {'bw': 35}}",320.0,185.0,112.0,56.0,129.0,56.0,129.0,56.0,264.0,135.0,0.578125,7079.203248022552,4092.664377763038,12.789576180509494,Success,0.0,"{'node_level': {}, 'link_level': {}, 'path_level': {}}","{'node_level': {0: {'cpu': -28}, 1: {'cpu': -22}, 2: {'cpu': -83}, 3: {'cpu': -52}, 4: {'cpu': -25}}, 'link_level': {(0, 3): {'bw': -90}, (0, 4): {'bw': -200}, (1, 4): {'bw': -1}, (2, 3): {'bw': -26}, (2, 4): {'bw': -111}}, 'path_level': {(0, 3): {}, (0, 4): {}, (1, 4): {}, (2, 3): {}, (2, 4): {}}}","{'node_level': {0: {'cpu': 0}, 1: {'cpu': 0}, 2: {'cpu': 0}, 3: {'cpu': 0}, 4: {'cpu': 0}}, 'link_level': {(0, 3): {'bw': 0}, (0, 4): {'bw': 0}, (1, 4): {'bw': 0}, (2, 3): {'bw': 0}, (2, 4): {'bw': 0}}, 'path_level': {(0, 3): {}, (0, 4): {}, (1, 4): {}, (2, 3): {}, (2, 4): {}}}",[],-inf,-inf,True,True,False,0,[],0,0.0,5.0,5.0
189,138,11,31286.0,74412.0,15861638.644710733,38050322.31772216,0.42044293931086385,0.4168595081078481,36,359,0,4748.12251015007,10486,2166,8320,0.23408769448373412,0.43277883828742847,188,22.122510150070475,4726.0,5,5,False,{},{},{},{},0.0,0.0,0.0,0.0,0.0,0.0,0.0,0.0,0.0,0.0,0.0,0.0,0.0,0.0,Leave Event,0.0,"{'node_level': {}, 'link_level': {}, 'path_level': {}}","{'node_level': {}, 'link_level': {}, 'path_level': {}}","{'node_level': {}, 'link_level': {}, 'path_level': {}}",[],-inf,-inf,True,True,False,0,[],0,0.0,,
190,139,12,31574.0,74961.0,16127897.375734841,38557878.023736864,0.4212056936273529,0.4182776180215686,36,360,1,4751.0,9937,2059,7878,0.27192362093352196,0.4629124625034088,189,924.5094827226017,4751.0,7,9,True,"{0: np.int64(12), 1: np.int64(35), 2: np.int64(1), 3: np.int64(0), 4: np.int64(28), 5: np.int64(20), 6: np.int64(21)}","{(0, 2): [(np.int64(12), 1)], (0, 4): [(np.int64(12), 0), (0, 28)], (0, 5): [(np.int64(12), 0), (0, 20)], (1, 2): [(np.int64(35), 31), (31, 28), (28, 1)], (1, 5): [(np.int64(35), 31), (31, 28), (28, 0), (0, 20)], (2, 3): [(np.int64(1), 4), (4, 0)], (4, 5): [(np.int64(28), 0), (0, 20)], (4, 6): [(np.int64(28), 0), (0, 20), (20, 22), (22, 21)], (5, 6): [(np.int64(20), 23), (23, 21)]}","{(0, np.int64(12)): {'cpu': 10}, (1, np.int64(35)): {'cpu': 15}, (2, np.int64(1)): {'cpu': 8}, (3, np.int64(0)): {'cpu': 19}, (4, np.int64(28)): {'cpu': 19}, (5, np.int64(20)): {'cpu': 17}, (6, np.int64(21)): {'cpu': 19}}","{((0, 2), (np.int64(12), 1)): {'bw': 2}, ((0, 4), (np.int64(12), 0)): {'bw': 6}, ((0, 4), (0, 28)): {'bw': 6}, ((0, 5), (np.int64(12), 0)): {'bw': 38}, ((0, 5), (0, 20)): {'bw': 38}, ((1, 2), (np.int64(35), 31)): {'bw': 20}, ((1, 2), (31, 28)): {'bw': 20}, ((1, 2), (28, 1)): {'bw': 20}, ((1, 5), (np.int64(35), 31)): {'bw': 27}, ((1, 5), (31, 28)): {'bw': 27}, ((1, 5), (28, 0)): {'bw': 27}, ((1, 5), (0, 20)): {'bw': 27}, ((2, 3), (np.int64(1), 4)): {'bw': 25}, ((2, 3), (4, 0)): {'bw': 25}, ((4, 5), (np.int64(28), 0)): {'bw': 25}, ((4, 5), (0, 20)): {'bw': 25}, ((4, 6), (np.int64(28), 0)): {'bw': 4}, ((4, 6), (0, 20)): {'bw': 4}, ((4, 6), (20, 22)): {'bw': 4}, ((4, 6), (22, 21)): {'bw': 4}, ((5, 6), (np.int64(20), 23)): {'bw': 34}, ((5, 6), (23, 21)): {'bw': 34}}",549.0,288.0,214.0,107.0,181.0,107.0,181.0,107.0,442.0,261.0,0.5245901639344263,507555.7060147083,266258.7310241093,484.9885811003812,Success,0.0,"{'node_level': {}, 'link_level': {}, 'path_level': {}}","{'node_level': {0: {'cpu': -38}, 1: {'cpu': -53}, 2: {'cpu': -32}, 3: {'cpu': -75}, 4: {'cpu': -80}, 5: {'cpu': -25}, 6: {'cpu': -18}}, 'link_level': {(0, 2): {'bw': -190}, (0, 4): {'bw': -134}, (0, 5): {'bw': -126}, (1, 2): {'bw': -139}, (1, 5): {'bw': -107}, (2, 3): {'bw': -55}, (4, 5): {'bw': -82}, (4, 6): {'bw': -3}, (5, 6): {'bw': -206}}, 'path_level': {(0, 2): {}, (0, 4): {}, (0, 5): {}, (1, 2): {}, (1, 5): {}, (2, 3): {}, (4, 5): {}, (4, 6): {}, (5, 6): {}}}","{'node_level': {0: {'cpu': 0}, 1: {'cpu': 0}, 2: {'cpu': 0}, 3: {'cpu': 0}, 4: {'cpu': 0}, 5: {'cpu': 0}, 6: {'cpu': 0}}, 'link_level': {(0, 2): {'bw': 0}, (0, 4): {'bw': 0}, (0, 5): {'bw': 0}, (1, 2): {'bw': 0}, (1, 5): {'bw': 0}, (2, 3): {'bw': 0}, (4, 5): {'bw': 0}, (4, 6): {'bw': 0}, (5, 6): {'bw': 0}}, 'path_level': {(0, 2): {}, (0, 4): {}, (0, 5): {}, (1, 2): {}, (1, 5): {}, (2, 3): {}, (4, 5): {}, (4, 6): {}, (5, 6): {}}}",[],-inf,-inf,True,True,False,0,[],0,0.0,7.0,9.0
190,139,12,31574.0,74961.0,16127897.375734841,38557878.023736864,0.4212056936273529,0.4182776180215686,36,361,0,4755.33349053431,9937,2059,7878,0.27192362093352196,0.4629124625034088,183,172.33349053430996,4583.0,10,25,False,{},{},{},{},0.0,0.0,0.0,0.0,0.0,0.0,0.0,0.0,0.0,0.0,0.0,0.0,0.0,0.0,Leave Event,0.0,"{'node_level': {}, 'link_level': {}, 'path_level': {}}","{'node_level': {}, 'link_level': {}, 'path_level': {}}","{'node_level': {}, 'link_level': {}, 'path_level': {}}",[],-inf,-inf,True,True,False,0,[],0,0.0,,
190,139,12,31574.0,74961.0,16127897.375734841,38557878.023736864,0.4212056936273529,0.4182776180215686,36,362,0,4755.4734964543995,9937,2059,7878,0.27192362093352196,0.4629124625034088,141,1197.4734964543995,3558.0,10,26,False,{},{},{},{},0.0,0.0,0.0,0.0,0.0,0.0,0.0,0.0,0.0,0.0,0.0,0.0,0.0,0.0,Leave Event,0.0,"{'node_level': {}, 'link_level': {}, 'path_level': {}}","{'node_level': {}, 'link_level': {}, 'path_level': {}}","{'node_level': {}, 'link_level': {}, 'path_level': {}}",[],-inf,-inf,True,True,False,0,[],0,0.0,,
191,140,13,31991.0,75884.0,16447007.888763985,39264206.56936252,0.4215776711823309,0.4188804340082457,36,363,1,4768.0,9014,1963,7051,0.30586987270155586,0.5192937005726752,190,765.2530288468683,4768.0,8,14,True,"{0: np.int64(17), 1: np.int64(13), 2: np.int64(21), 3: np.int64(2), 4: np.int64(26), 5: np.int64(3), 6: np.int64(32), 7: np.int64(18)}","{(0, 1): [(np.int64(17), 14), (14, 13)], (0, 3): [(np.int64(17), 14), (14, 13), (13, 2)], (1, 2): [(np.int64(13), 2), (2, 21)], (1, 3): [(np.int64(13), 2)], (1, 7): [(np.int64(13), 15), (15, 18)], (2, 4): [(np.int64(21), 23), (23, 26)], (2, 6): [(np.int64(21), 2), (2, 29), (29, 30), (30, 32)], (3, 4): [(np.int64(2), 21), (21, 23), (23, 26)], (3, 5): [(np.int64(2), 5), (5, 3)], (3, 6): [(np.int64(2), 29), (29, 30), (30, 32)], (3, 7): [(np.int64(2), 13), (13, 15), (15, 18)], (4, 5): [(np.int64(26), 23), (23, 21), (21, 3)], (5, 6): [(np.int64(3), 29), (29, 30), (30, 32)], (6, 7): [(np.int64(32), 30), (30, 28), (28, 0), (0, 12), (12, 15), (15, 18)]}","{(0, np.int64(17)): {'cpu': 18}, (1, np.int64(13)): {'cpu': 20}, (2, np.int64(21)): {'cpu': 17}, (3, np.int64(2)): {'cpu': 5}, (4, np.int64(26)): {'cpu': 2}, (5, np.int64(3)): {'cpu': 8}, (6, np.int64(32)): {'cpu': 17}, (7, np.int64(18)): {'cpu': 9}}","{((0, 1), (np.int64(17), 14)): {'bw': 42}, ((0, 1), (14, 13)): {'bw': 42}, ((0, 3), (np.int64(17), 14)): {'bw': 28}, ((0, 3), (14, 13)): {'bw': 28}, ((0, 3), (13, 2)): {'bw': 28}, ((1, 2), (np.int64(13), 2)): {'bw': 4}, ((1, 2), (2, 21)): {'bw': 4}, ((1, 3), (np.int64(13), 2)): {'bw': 30}, ((1, 7), (np.int64(13), 15)): {'bw': 43}, ((1, 7), (15, 18)): {'bw': 43}, ((2, 4), (np.int64(21), 23)): {'bw': 13}, ((2, 4), (23, 26)): {'bw': 13}, ((2, 6), (np.int64(21), 2)): {'bw': 25}, ((2, 6), (2, 29)): {'bw': 25}, ((2, 6), (29, 30)): {'bw': 25}, ((2, 6), (30, 32)): {'bw': 25}, ((3, 4), (np.int64(2), 21)): {'bw': 14}, ((3, 4), (21, 23)): {'bw': 14}, ((3, 4), (23, 26)): {'bw': 14}, ((3, 5), (np.int64(2), 5)): {'bw': 14}, ((3, 5), (5, 3)): {'bw': 14}, ((3, 6), (np.int64(2), 29)): {'bw': 14}, ((3, 6), (29, 30)): {'bw': 14}, ((3, 6), (30, 32)): {'bw': 14}, ((3, 7), (np.int64(2), 13)): {'bw': 38}, ((3, 7), (13, 15)): {'bw': 38}, ((3, 7), (15, 18)): {'bw': 38}, ((4, 5), (np.int64(26), 23)): {'bw': 28}, ((4, 5), (23, 21)): {'bw': 28}, ((4, 5), (21, 3)): {'bw': 28}, ((5, 6), (np.int64(3), 29)): {'bw': 23}, ((5, 6), (29, 30)): {'bw': 23}, ((5, 6), (30, 32)): {'bw': 23}, ((6, 7), (np.int64(32), 30)): {'bw': 5}, ((6, 7), (30, 28)): {'bw': 5}, ((6, 7), (28, 0)): {'bw': 5}, ((6, 7), (0, 12)): {'bw': 5}, ((6, 7), (12, 15)): {'bw': 5}, ((6, 7), (15, 18)): {'bw': 5}}",923.0,417.0,192.0,96.0,321.0,96.0,321.0,96.0,827.0,506.0,0.4517876489707476,706328.5456256595,319110.5130291441,345.73186677047033,Success,0.0,"{'node_level': {}, 'link_level': {}, 'path_level': {}}","{'node_level': {0: {'cpu': -35}, 1: {'cpu': -26}, 2: {'cpu': -1}, 3: {'cpu': -30}, 4: {'cpu': -52}, 5: {'cpu': -39}, 6: {'cpu': -59}, 7: {'cpu': -12}}, 'link_level': {(0, 1): {'bw': -164}, (0, 3): {'bw': -83}, (1, 2): {'bw': -79}, (1, 3): {'bw': -49}, (1, 7): {'bw': -44}, (2, 4): {'bw': -204}, (2, 6): {'bw': -146}, (3, 4): {'bw': -171}, (3, 5): {'bw': -56}, (3, 6): {'bw': -132}, (3, 7): {'bw': -6}, (4, 5): {'bw': -106}, (5, 6): {'bw': -50}, (6, 7): {'bw': -1}}, 'path_level': {(0, 1): {}, (0, 3): {}, (1, 2): {}, (1, 3): {}, (1, 7): {}, (2, 4): {}, (2, 6): {}, (3, 4): {}, (3, 5): {}, (3, 6): {}, (3, 7): {}, (4, 5): {}, (5, 6): {}, (6, 7): {}}}","{'node_level': {0: {'cpu': 0}, 1: {'cpu': 0}, 2: {'cpu': 0}, 3: {'cpu': 0}, 4: {'cpu': 0}, 5: {'cpu': 0}, 6: {'cpu': 0}, 7: {'cpu': 0}}, 'link_level': {(0, 1): {'bw': 0}, (0, 3): {'bw': 0}, (1, 2): {'bw': 0}, (1, 3): {'bw': 0}, (1, 7): {'bw': 0}, (2, 4): {'bw': 0}, (2, 6): {'bw': 0}, (3, 4): {'bw': 0}, (3, 5): {'bw': 0}, (3, 6): {'bw': 0}, (3, 7): {'bw': 0}, (4, 5): {'bw': 0}, (5, 6): {'bw': 0}, (6, 7): {'bw': 0}}, 'path_level': {(0, 1): {}, (0, 3): {}, (1, 2): {}, (1, 3): {}, (1, 7): {}, (2, 4): {}, (2, 6): {}, (3, 4): {}, (3, 5): {}, (3, 6): {}, (3, 7): {}, (4, 5): {}, (5, 6): {}, (6, 7): {}}}",[],-inf,-inf,True,True,False,0,[],0,0.0,8.0,14.0
192,141,14,32389.0,77297.0,16597398.771443406,39798131.98952841,0.4190201430844664,0.41703964336342403,36,364,1,4785.0,7601,1874,5727,0.3373408769448374,0.60955822197982,191,377.86653939553275,4785.0,8,13,True,"{0: np.int64(19), 1: np.int64(25), 2: np.int64(24), 3: np.int64(6), 4: np.int64(7), 5: np.int64(28), 6: np.int64(35), 7: np.int64(22)}","{(0, 2): [(np.int64(19), 15), (15, 12), (12, 0), (0, 20), (20, 22), (22, 24)], (0, 3): [(np.int64(19), 15), (15, 12), (12, 0), (0, 4), (4, 6)], (0, 7): [(np.int64(19), 15), (15, 12), (12, 0), (0, 20), (20, 22)], (1, 4): [(np.int64(25), 22), (22, 20), (20, 0), (0, 4), (4, 7)], (1, 7): [(np.int64(25), 22)], (2, 5): [(np.int64(24), 22), (22, 20), (20, 1), (1, 28)], (2, 6): [(np.int64(24), 22), (22, 20), (20, 0), (0, 28), (28, 31), (31, 35)], (2, 7): [(np.int64(24), 22)], (3, 5): [(np.int64(6), 4), (4, 0), (0, 28)], (3, 6): [(np.int64(6), 4), (4, 1), (1, 28), (28, 31), (31, 35)], (3, 7): [(np.int64(6), 4), (4, 0), (0, 20), (20, 22)], (4, 6): [(np.int64(7), 5), (5, 2), (2, 29), (29, 31), (31, 35)], (6, 7): [(np.int64(35), 31), (31, 28), (28, 0), (0, 20), (20, 22)]}","{(0, np.int64(19)): {'cpu': 12}, (1, np.int64(25)): {'cpu': 15}, (2, np.int64(24)): {'cpu': 16}, (3, np.int64(6)): {'cpu': 14}, (4, np.int64(7)): {'cpu': 7}, (5, np.int64(28)): {'cpu': 11}, (6, np.int64(35)): {'cpu': 7}, (7, np.int64(22)): {'cpu': 7}}","{((0, 2), (np.int64(19), 15)): {'bw': 38}, ((0, 2), (15, 12)): {'bw': 38}, ((0, 2), (12, 0)): {'bw': 38}, ((0, 2), (0, 20)): {'bw': 38}, ((0, 2), (20, 22)): {'bw': 38}, ((0, 2), (22, 24)): {'bw': 38}, ((0, 3), (np.int64(19), 15)): {'bw': 8}, ((0, 3), (15, 12)): {'bw': 8}, ((0, 3), (12, 0)): {'bw': 8}, ((0, 3), (0, 4)): {'bw': 8}, ((0, 3), (4, 6)): {'bw': 8}, ((0, 7), (np.int64(19), 15)): {'bw': 44}, ((0, 7), (15, 12)): {'bw': 44}, ((0, 7), (12, 0)): {'bw': 44}, ((0, 7), (0, 20)): {'bw': 44}, ((0, 7), (20, 22)): {'bw': 44}, ((1, 4), (np.int64(25), 22)): {'bw': 6}, ((1, 4), (22, 20)): {'bw': 6}, ((1, 4), (20, 0)): {'bw': 6}, ((1, 4), (0, 4)): {'bw': 6}, ((1, 4), (4, 7)): {'bw': 6}, ((1, 7), (np.int64(25), 22)): {'bw': 37}, ((2, 5), (np.int64(24), 22)): {'bw': 36}, ((2, 5), (22, 20)): {'bw': 36}, ((2, 5), (20, 1)): {'bw': 36}, ((2, 5), (1, 28)): {'bw': 36}, ((2, 6), (np.int64(24), 22)): {'bw': 1}, ((2, 6), (22, 20)): {'bw': 1}, ((2, 6), (20, 0)): {'bw': 1}, ((2, 6), (0, 28)): {'bw': 1}, ((2, 6), (28, 31)): {'bw': 1}, ((2, 6), (31, 35)): {'bw': 1}, ((2, 7), (np.int64(24), 22)): {'bw': 2}, ((3, 5), (np.int64(6), 4)): {'bw': 29}, ((3, 5), (4, 0)): {'bw': 29}, ((3, 5), (0, 28)): {'bw': 29}, ((3, 6), (np.int64(6), 4)): {'bw': 41}, ((3, 6), (4, 1)): {'bw': 41}, ((3, 6), (1, 28)): {'bw': 41}, ((3, 6), (28, 31)): {'bw': 41}, ((3, 6), (31, 35)): {'bw': 41}, ((3, 7), (np.int64(6), 4)): {'bw': 10}, ((3, 7), (4, 0)): {'bw': 10}, ((3, 7), (0, 20)): {'bw': 10}, ((3, 7), (20, 22)): {'bw': 10}, ((4, 6), (np.int64(7), 5)): {'bw': 39}, ((4, 6), (5, 2)): {'bw': 39}, ((4, 6), (2, 29)): {'bw': 39}, ((4, 6), (29, 31)): {'bw': 39}, ((4, 6), (31, 35)): {'bw': 39}, ((6, 7), (np.int64(35), 31)): {'bw': 18}, ((6, 7), (31, 28)): {'bw': 18}, ((6, 7), (28, 0)): {'bw': 18}, ((6, 7), (0, 20)): {'bw': 18}, ((6, 7), (20, 22)): {'bw': 18}}",1413.0,398.0,178.0,89.0,309.0,89.0,309.0,89.0,1324.0,1015.0,0.2816702052370842,533925.4201658878,150390.88267942204,106.43374570376648,Success,0.0,"{'node_level': {}, 'link_level': {}, 'path_level': {}}","{'node_level': {0: {'cpu': -55}, 1: {'cpu': -68}, 2: {'cpu': -17}, 3: {'cpu': -64}, 4: {'cpu': -33}, 5: {'cpu': -69}, 6: {'cpu': -46}, 7: {'cpu': -49}}, 'link_level': {(0, 2): {'bw': -81}, (0, 3): {'bw': -47}, (0, 7): {'bw': -29}, (1, 4): {'bw': -10}, (1, 7): {'bw': -318}, (2, 5): {'bw': -35}, (2, 6): {'bw': -34}, (2, 7): {'bw': -105}, (3, 5): {'bw': -12}, (3, 6): {'bw': -29}, (3, 7): {'bw': -2}, (4, 6): {'bw': -41}, (6, 7): {'bw': -6}}, 'path_level': {(0, 2): {}, (0, 3): {}, (0, 7): {}, (1, 4): {}, (1, 7): {}, (2, 5): {}, (2, 6): {}, (2, 7): {}, (3, 5): {}, (3, 6): {}, (3, 7): {}, (4, 6): {}, (6, 7): {}}}","{'node_level': {0: {'cpu': 0}, 1: {'cpu': 0}, 2: {'cpu': 0}, 3: {'cpu': 0}, 4: {'cpu': 0}, 5: {'cpu': 0}, 6: {'cpu': 0}, 7: {'cpu': 0}}, 'link_level': {(0, 2): {'bw': 0}, (0, 3): {'bw': 0}, (0, 7): {'bw': 0}, (1, 4): {'bw': 0}, (1, 7): {'bw': 0}, (2, 5): {'bw': 0}, (2, 6): {'bw': 0}, (2, 7): {'bw': 0}, (3, 5): {'bw': 0}, (3, 6): {'bw': 0}, (3, 7): {'bw': 0}, (4, 6): {'bw': 0}, (6, 7): {'bw': 0}}, 'path_level': {(0, 2): {}, (0, 3): {}, (0, 7): {}, (1, 4): {}, (1, 7): {}, (2, 5): {}, (2, 6): {}, (2, 7): {}, (3, 5): {}, (3, 6): {}, (3, 7): {}, (4, 6): {}, (6, 7): {}}}",[],-inf,-inf,True,True,False,0,[],0,0.0,8.0,13.0
193,142,15,32463.0,77371.0,16615523.816221373,39816257.03430638,0.4195758100580321,0.41730501694082267,36,365,1,4811.0,7527,1854,5673,0.34441301272984437,0.6132397054813199,192,244.9330375400855,4811.0,3,2,True,"{0: np.int64(20), 1: np.int64(1), 2: np.int64(23)}","{(0, 1): [(np.int64(20), 1)], (0, 2): [(np.int64(20), 23)]}","{(0, np.int64(20)): {'cpu': 1}, (1, np.int64(1)): {'cpu': 9}, (2, np.int64(23)): {'cpu': 10}}","{((0, 1), (np.int64(20), 1)): {'bw': 41}, ((0, 2), (np.int64(20), 23)): {'bw': 13}}",74.0,74.0,40.0,20.0,54.0,20.0,54.0,20.0,54.0,0.0,1.0,18125.044777966326,18125.044777966326,244.9330375400855,Success,0.0,"{'node_level': {}, 'link_level': {}, 'path_level': {}}","{'node_level': {0: {'cpu': -24}, 1: {'cpu': -23}, 2: {'cpu': -53}}, 'link_level': {(0, 1): {'bw': -211}, (0, 2): {'bw': -193}}, 'path_level': {(0, 1): {}, (0, 2): {}}}","{'node_level': {0: {'cpu': 0}, 1: {'cpu': 0}, 2: {'cpu': 0}}, 'link_level': {(0, 1): {'bw': 0}, (0, 2): {'bw': 0}}, 'path_level': {(0, 1): {}, (0, 2): {}}}",[],-inf,-inf,True,True,False,0,[],0,0.0,3.0,2.0
193,142,15,32463.0,77371.0,16615523.816221373,39816257.03430638,0.4195758100580321,0.41730501694082267,36,366,0,4840.192200168533,7527,1854,5673,0.34441301272984437,0.6132397054813199,144,1208.1922001685334,3632.0,9,18,False,{},{},{},{},0.0,0.0,0.0,0.0,0.0,0.0,0.0,0.0,0.0,0.0,0.0,0.0,0.0,0.0,Leave Event,0.0,"{'node_level': {}, 'link_level': {}, 'path_level': {}}","{'node_level': {}, 'link_level': {}, 'path_level': {}}","{'node_level': {}, 'link_level': {}, 'path_level': {}}",[],-inf,-inf,True,True,False,0,[],0,0.0,,
194,143,16,32493.0,77401.0,16628287.20476087,39829020.42284588,0.4198007777677291,0.41749174416609314,36,367,1,4842.0,7497,1824,5673,0.35502121640735507,0.6132397054813199,193,425.44628464990325,4842.0,2,1,True,"{0: np.int64(8), 1: np.int64(0)}","{(0, 1): [(np.int64(8), 6), (6, 4), (4, 0)]}","{(0, np.int64(8)): {'cpu': 14}, (1, np.int64(0)): {'cpu': 16}}","{((0, 1), (np.int64(8), 6)): {'bw': 0}, ((0, 1), (6, 4)): {'bw': 0}, ((0, 1), (4, 0)): {'bw': 0}}",30.0,30.0,60.0,30.0,0.0,30.0,0.0,30.0,0.0,0.0,1.0,12763.388539497097,12763.388539497097,425.44628464990325,Success,0.0,"{'node_level': {}, 'link_level': {}, 'path_level': {}}","{'node_level': {0: {'cpu': -47}, 1: {'cpu': -59}}, 'link_level': {(0, 1): {'bw': -2}}, 'path_level': {(0, 1): {}}}","{'node_level': {0: {'cpu': 0}, 1: {'cpu': 0}}, 'link_level': {(0, 1): {'bw': 0}}, 'path_level': {(0, 1): {}}}",[],-inf,-inf,True,True,False,0,[],0,0.0,2.0,1.0
194,143,15,32493.0,77401.0,16628287.20476087,39829020.42284588,0.4198007777677291,0.41749174416609314,36,368,0,4861.465729227703,7606,1858,5748,0.342998585572843,0.608126533951459,179,367.4657292277031,4494.0,2,1,False,{},{},{},{},0.0,0.0,0.0,0.0,0.0,0.0,0.0,0.0,0.0,0.0,0.0,0.0,0.0,0.0,Leave Event,0.0,"{'node_level': {}, 'link_level': {}, 'path_level': {}}","{'node_level': {}, 'link_level': {}, 'path_level': {}}","{'node_level': {}, 'link_level': {}, 'path_level': {}}",[],-inf,-inf,True,True,False,0,[],0,0.0,,
195,144,16,32766.0,77890.0,16673239.875440486,39909540.04175552,0.42067017588907435,0.4177757964134901,36,369,1,4863.0,7117,1778,5339,0.3712871287128713,0.6360103626943006,194,164.66179736123195,4863.0,7,8,True,"{0: np.int64(12), 1: np.int64(13), 2: np.int64(34), 3: np.int64(7), 4: np.int64(29), 5: np.int64(33), 6: np.int64(28)}","{(0, 1): [(np.int64(12), 14), (14, 13)], (0, 6): [(np.int64(12), 1), (1, 28)], (1, 4): [(np.int64(13), 2), (2, 29)], (2, 4): [(np.int64(34), 31), (31, 29)], (2, 6): [(np.int64(34), 31), (31, 28)], (3, 4): [(np.int64(7), 5), (5, 2), (2, 29)], (4, 5): [(np.int64(29), 30), (30, 33)], (5, 6): [(np.int64(33), 30), (30, 28)]}","{(0, np.int64(12)): {'cpu': 11}, (1, np.int64(13)): {'cpu': 0}, (2, np.int64(34)): {'cpu': 11}, (3, np.int64(7)): {'cpu': 18}, (4, np.int64(29)): {'cpu': 13}, (5, np.int64(33)): {'cpu': 7}, (6, np.int64(28)): {'cpu': 20}}","{((0, 1), (np.int64(12), 14)): {'bw': 18}, ((0, 1), (14, 13)): {'bw': 18}, ((0, 6), (np.int64(12), 1)): {'bw': 38}, ((0, 6), (1, 28)): {'bw': 38}, ((1, 4), (np.int64(13), 2)): {'bw': 3}, ((1, 4), (2, 29)): {'bw': 3}, ((2, 4), (np.int64(34), 31)): {'bw': 50}, ((2, 4), (31, 29)): {'bw': 50}, ((2, 6), (np.int64(34), 31)): {'bw': 25}, ((2, 6), (31, 28)): {'bw': 25}, ((3, 4), (np.int64(7), 5)): {'bw': 23}, ((3, 4), (5, 2)): {'bw': 23}, ((3, 4), (2, 29)): {'bw': 23}, ((4, 5), (np.int64(29), 30)): {'bw': 33}, ((4, 5), (30, 33)): {'bw': 33}, ((5, 6), (np.int64(33), 30)): {'bw': 3}, ((5, 6), (30, 28)): {'bw': 3}}",489.0,273.0,160.0,80.0,193.0,80.0,193.0,80.0,409.0,216.0,0.558282208588957,80519.61890964242,44952.67067961632,91.92775190105587,Success,0.0,"{'node_level': {}, 'link_level': {}, 'path_level': {}}","{'node_level': {0: {'cpu': -47}, 1: {'cpu': -26}, 2: {'cpu': -84}, 3: {'cpu': -15}, 4: {'cpu': -15}, 5: {'cpu': -85}, 6: {'cpu': -49}}, 'link_level': {(0, 1): {'bw': -118}, (0, 6): {'bw': -49}, (1, 4): {'bw': -8}, (2, 4): {'bw': -40}, (2, 6): {'bw': -156}, (3, 4): {'bw': -25}, (4, 5): {'bw': -128}, (5, 6): {'bw': -172}}, 'path_level': {(0, 1): {}, (0, 6): {}, (1, 4): {}, (2, 4): {}, (2, 6): {}, (3, 4): {}, (4, 5): {}, (5, 6): {}}}","{'node_level': {0: {'cpu': 0}, 1: {'cpu': 0}, 2: {'cpu': 0}, 3: {'cpu': 0}, 4: {'cpu': 0}, 5: {'cpu': 0}, 6: {'cpu': 0}}, 'link_level': {(0, 1): {'bw': 0}, (0, 6): {'bw': 0}, (1, 4): {'bw': 0}, (2, 4): {'bw': 0}, (2, 6): {'bw': 0}, (3, 4): {'bw': 0}, (4, 5): {'bw': 0}, (5, 6): {'bw': 0}}, 'path_level': {(0, 1): {}, (0, 6): {}, (1, 4): {}, (2, 4): {}, (2, 6): {}, (3, 4): {}, (4, 5): {}, (5, 6): {}}}",[],-inf,-inf,True,True,False,0,[],0,0.0,7.0,8.0
196,145,17,32877.0,78109.0,16706510.149050687,39975181.39239186,0.4209118027372006,0.4179220598166015,36,370,1,4887.0,6898,1745,5153,0.382956152758133,0.6486910280883555,195,299.73219468648944,4887.0,4,4,True,"{0: np.int64(5), 1: np.int64(28), 2: np.int64(14), 3: np.int64(16)}","{(0, 1): [(np.int64(5), 2), (2, 29), (29, 30), (30, 28)], (0, 2): [(np.int64(5), 3), (3, 13), (13, 14)], (1, 2): [(np.int64(28), 0), (0, 12), (12, 14)], (2, 3): [(np.int64(14), 16)]}","{(0, np.int64(5)): {'cpu': 4}, (1, np.int64(28)): {'cpu': 7}, (2, np.int64(14)): {'cpu': 15}, (3, np.int64(16)): {'cpu': 7}}","{((0, 1), (np.int64(5), 2)): {'bw': 22}, ((0, 1), (2, 29)): {'bw': 22}, ((0, 1), (29, 30)): {'bw': 22}, ((0, 1), (30, 28)): {'bw': 22}, ((0, 2), (np.int64(5), 3)): {'bw': 19}, ((0, 2), (3, 13)): {'bw': 19}, ((0, 2), (13, 14)): {'bw': 19}, ((1, 2), (np.int64(28), 0)): {'bw': 2}, ((1, 2), (0, 12)): {'bw': 2}, ((1, 2), (12, 14)): {'bw': 2}, ((2, 3), (np.int64(14), 16)): {'bw': 35}}",219.0,111.0,66.0,33.0,78.0,33.0,78.0,33.0,186.0,108.0,0.5068493150684932,65641.35063634119,33270.273610200325,151.91905758082342,Success,0.0,"{'node_level': {}, 'link_level': {}, 'path_level': {}}","{'node_level': {0: {'cpu': -43}, 1: {'cpu': -42}, 2: {'cpu': -45}, 3: {'cpu': -85}}, 'link_level': {(0, 1): {'bw': -45}, (0, 2): {'bw': -37}, (1, 2): {'bw': -23}, (2, 3): {'bw': -250}}, 'path_level': {(0, 1): {}, (0, 2): {}, (1, 2): {}, (2, 3): {}}}","{'node_level': {0: {'cpu': 0}, 1: {'cpu': 0}, 2: {'cpu': 0}, 3: {'cpu': 0}}, 'link_level': {(0, 1): {'bw': 0}, (0, 2): {'bw': 0}, (1, 2): {'bw': 0}, (2, 3): {'bw': 0}}, 'path_level': {(0, 1): {}, (0, 2): {}, (1, 2): {}, (2, 3): {}}}",[],-inf,-inf,True,True,False,0,[],0,0.0,4.0,4.0
196,145,16,32877.0,78109.0,16706510.149050687,39975181.39239186,0.4209118027372006,0.4179220598166015,36,371,0,4888.971730922661,8246,1854,6392,0.34441301272984437,0.5642214344150531,167,699.971730922661,4189.0,8,14,False,{},{},{},{},0.0,0.0,0.0,0.0,0.0,0.0,0.0,0.0,0.0,0.0,0.0,0.0,0.0,0.0,Leave Event,0.0,"{'node_level': {}, 'link_level': {}, 'path_level': {}}","{'node_level': {}, 'link_level': {}, 'path_level': {}}","{'node_level': {}, 'link_level': {}, 'path_level': {}}",[],-inf,-inf,True,True,False,0,[],0,0.0,,
197,146,17,32910.0,78142.0,16709576.991477089,39978248.234818265,0.4211563563768524,0.41796671263160085,36,372,1,4908.0,8213,1831,6382,0.3525459688826026,0.5649031906190347,196,92.93461898191637,4908.0,2,1,True,"{0: np.int64(3), 1: np.int64(5)}","{(0, 1): [(np.int64(3), 5)]}","{(0, np.int64(3)): {'cpu': 16}, (1, np.int64(5)): {'cpu': 7}}","{((0, 1), (np.int64(3), 5)): {'bw': 10}}",33.0,33.0,46.0,23.0,10.0,23.0,10.0,23.0,10.0,0.0,1.0,3066.84242640324,3066.84242640324,92.93461898191637,Success,0.0,"{'node_level': {}, 'link_level': {}, 'path_level': {}}","{'node_level': {0: {'cpu': -23}, 1: {'cpu': -36}}, 'link_level': {(0, 1): {'bw': -65}}, 'path_level': {(0, 1): {}}}","{'node_level': {0: {'cpu': 0}, 1: {'cpu': 0}}, 'link_level': {(0, 1): {'bw': 0}}, 'path_level': {(0, 1): {}}}",[],-inf,-inf,True,True,False,0,[],0,0.0,2.0,1.0
198,147,18,33177.0,78793.0,16758524.263323668,40097591.583028466,0.4210653230616933,0.4179434126017885,36,373,1,4933.0,7562,1767,5795,0.3751768033946252,0.604922279792746,197,183.32311553026338,4933.0,7,9,True,"{0: np.int64(33), 1: np.int64(1), 2: np.int64(14), 3: np.int64(32), 4: np.int64(29), 5: np.int64(12), 6: np.int64(35)}","{(0, 2): [(np.int64(33), 30), (30, 28), (28, 0), (0, 12), (12, 14)], (0, 6): [(np.int64(33), 30), (30, 28), (28, 31), (31, 35)], (1, 4): [(np.int64(1), 28), (28, 30), (30, 29)], (1, 5): [(np.int64(1), 12)], (2, 3): [(np.int64(14), 12), (12, 0), (0, 28), (28, 30), (30, 32)], (2, 4): [(np.int64(14), 13), (13, 2), (2, 29)], (3, 4): [(np.int64(32), 30), (30, 29)], (3, 5): [(np.int64(32), 30), (30, 28), (28, 1), (1, 12)], (4, 6): [(np.int64(29), 31), (31, 35)]}","{(0, np.int64(33)): {'cpu': 3}, (1, np.int64(1)): {'cpu': 4}, (2, np.int64(14)): {'cpu': 12}, (3, np.int64(32)): {'cpu': 8}, (4, np.int64(29)): {'cpu': 12}, (5, np.int64(12)): {'cpu': 13}, (6, np.int64(35)): {'cpu': 12}}","{((0, 2), (np.int64(33), 30)): {'bw': 11}, ((0, 2), (30, 28)): {'bw': 11}, ((0, 2), (28, 0)): {'bw': 11}, ((0, 2), (0, 12)): {'bw': 11}, ((0, 2), (12, 14)): {'bw': 11}, ((0, 6), (np.int64(33), 30)): {'bw': 3}, ((0, 6), (30, 28)): {'bw': 3}, ((0, 6), (28, 31)): {'bw': 3}, ((0, 6), (31, 35)): {'bw': 3}, ((1, 4), (np.int64(1), 28)): {'bw': 37}, ((1, 4), (28, 30)): {'bw': 37}, ((1, 4), (30, 29)): {'bw': 37}, ((1, 5), (np.int64(1), 12)): {'bw': 26}, ((2, 3), (np.int64(14), 12)): {'bw': 14}, ((2, 3), (12, 0)): {'bw': 14}, ((2, 3), (0, 28)): {'bw': 14}, ((2, 3), (28, 30)): {'bw': 14}, ((2, 3), (30, 32)): {'bw': 14}, ((2, 4), (np.int64(14), 13)): {'bw': 5}, ((2, 4), (13, 2)): {'bw': 5}, ((2, 4), (2, 29)): {'bw': 5}, ((3, 4), (np.int64(32), 30)): {'bw': 32}, ((3, 4), (30, 29)): {'bw': 32}, ((3, 5), (np.int64(32), 30)): {'bw': 42}, ((3, 5), (30, 28)): {'bw': 42}, ((3, 5), (28, 1)): {'bw': 42}, ((3, 5), (1, 12)): {'bw': 42}, ((4, 6), (np.int64(29), 31)): {'bw': 33}, ((4, 6), (31, 35)): {'bw': 33}}",651.0,267.0,128.0,64.0,203.0,64.0,203.0,64.0,587.0,384.0,0.41013824884792627,119343.34821020145,48947.27184658032,75.1878215769283,Success,0.0,"{'node_level': {}, 'link_level': {}, 'path_level': {}}","{'node_level': {0: {'cpu': -82}, 1: {'cpu': -19}, 2: {'cpu': -33}, 3: {'cpu': -51}, 4: {'cpu': -13}, 5: {'cpu': -34}, 6: {'cpu': -49}}, 'link_level': {(0, 2): {'bw': -18}, (0, 6): {'bw': -91}, (1, 4): {'bw': -62}, (1, 5): {'bw': -151}, (2, 3): {'bw': -4}, (2, 4): {'bw': -3}, (3, 4): {'bw': -37}, (3, 5): {'bw': -20}, (4, 6): {'bw': -58}}, 'path_level': {(0, 2): {}, (0, 6): {}, (1, 4): {}, (1, 5): {}, (2, 3): {}, (2, 4): {}, (3, 4): {}, (3, 5): {}, (4, 6): {}}}","{'node_level': {0: {'cpu': 0}, 1: {'cpu': 0}, 2: {'cpu': 0}, 3: {'cpu': 0}, 4: {'cpu': 0}, 5: {'cpu': 0}, 6: {'cpu': 0}}, 'link_level': {(0, 2): {'bw': 0}, (0, 6): {'bw': 0}, (1, 4): {'bw': 0}, (1, 5): {'bw': 0}, (2, 3): {'bw': 0}, (2, 4): {'bw': 0}, (3, 4): {'bw': 0}, (3, 5): {'bw': 0}, (4, 6): {'bw': 0}}, 'path_level': {(0, 2): {}, (0, 6): {}, (1, 4): {}, (1, 5): {}, (2, 3): {}, (2, 4): {}, (3, 4): {}, (3, 5): {}, (4, 6): {}}}",[],-inf,-inf,True,True,False,0,[],0,0.0,7.0,9.0
199,147,18,33177.0,78793.0,16758524.263323668,40097591.583028466,0.4210653230616933,0.4179434126017885,36,374,1,4965.0,7562,1767,5795,0.3751768033946252,0.604922279792746,198,781.526125855949,4965.0,10,25,False,"{0: np.int64(8), 1: np.int64(35), 2: np.int64(20), 3: np.int64(0), 4: np.int64(12), 5: np.int64(17), 6: np.int64(2), 7: np.int64(30), 8: np.int64(5), 9: np.int64(34)}","{(0, 1): [(np.int64(8), 6), (6, 5), (5, 2), (2, 29), (29, 31), (31, 35)], (0, 6): [(np.int64(8), 6), (6, 5), (5, 2)], (0, 9): [(np.int64(8), 6), (6, 4), (4, 0), (0, 28), (28, 31), (31, 34)], (1, 2): [(np.int64(35), 31), (31, 29), (29, 3), (3, 21), (21, 23), (23, 20)], (1, 4): []}","{(0, np.int64(8)): {'cpu': 13}, (1, np.int64(35)): {'cpu': 17}, (2, np.int64(20)): {'cpu': 16}, (3, np.int64(0)): {'cpu': 2}, (4, np.int64(12)): {'cpu': 15}, (5, np.int64(17)): {'cpu': 0}, (6, np.int64(2)): {'cpu': 20}, (7, np.int64(30)): {'cpu': 20}, (8, np.int64(5)): {'cpu': 10}, (9, np.int64(34)): {'cpu': 13}}","{((0, 1), (np.int64(8), 6)): {'bw': 32}, ((0, 1), (6, 5)): {'bw': 32}, ((0, 1), (5, 2)): {'bw': 32}, ((0, 1), (2, 29)): {'bw': 32}, ((0, 1), (29, 31)): {'bw': 32}, ((0, 1), (31, 35)): {'bw': 32}, ((0, 6), (np.int64(8), 6)): {'bw': 15}, ((0, 6), (6, 5)): {'bw': 15}, ((0, 6), (5, 2)): {'bw': 15}, ((0, 9), (np.int64(8), 6)): {'bw': 9}, ((0, 9), (6, 4)): {'bw': 9}, ((0, 9), (4, 0)): {'bw': 9}, ((0, 9), (0, 28)): {'bw': 9}, ((0, 9), (28, 31)): {'bw': 9}, ((0, 9), (31, 34)): {'bw': 9}, ((1, 2), (np.int64(35), 31)): {'bw': 23}, ((1, 2), (31, 29)): {'bw': 23}, ((1, 2), (29, 3)): {'bw': 23}, ((1, 2), (3, 21)): {'bw': 23}, ((1, 2), (21, 23)): {'bw': 23}, ((1, 2), (23, 20)): {'bw': 23}}",0.0,0.0,252.0,126.0,670.0,0.0,0.0,0.0,0.0,0.0,0.0,0.0,0.0,0.0,Route Failure,100.0,"{'node_level': {}, 'link_level': {}, 'path_level': {}}","{'node_level': {0: {'cpu': -34}, 1: {'cpu': -32}, 2: {'cpu': -8}, 3: {'cpu': -57}, 4: {'cpu': -19}, 5: {'cpu': -35}, 6: {'cpu': -10}, 7: {'cpu': -35}, 8: {'cpu': -26}, 9: {'cpu': -71}}, 'link_level': {(0, 1): {'bw': -8}, (0, 6): {'bw': -55}, (0, 9): {'bw': -3}, (1, 2): {'bw': -3}, (1, 4): {'bw': 100.0}}, 'path_level': {(0, 1): {}, (0, 6): {}, (0, 9): {}, (1, 2): {}, (1, 4): {}}}","{'node_level': {0: {'cpu': 0}, 1: {'cpu': 0}, 2: {'cpu': 0}, 3: {'cpu': 0}, 4: {'cpu': 0}, 5: {'cpu': 0}, 6: {'cpu': 0}, 7: {'cpu': 0}, 8: {'cpu': 0}, 9: {'cpu': 0}}, 'link_level': {(0, 1): {'bw': 0}, (0, 6): {'bw': 0}, (0, 9): {'bw': 0}, (1, 2): {'bw': 0}, (1, 4): {'bw': 100.0}}, 'path_level': {(0, 1): {}, (0, 6): {}, (0, 9): {}, (1, 2): {}, (1, 4): {}}}",[],-inf,-inf,True,False,False,0,[],0,0.0,10.0,5.0
199,147,17,33177.0,78793.0,16758524.263323668,40097591.583028466,0.4210653230616933,0.4179434126017885,36,375,0,4988.403977868762,7836,1804,6032,0.36209335219236205,0.5887646577583856,158,1013.4039778687622,3975.0,4,3,False,{},{},{},{},0.0,0.0,0.0,0.0,0.0,0.0,0.0,0.0,0.0,0.0,0.0,0.0,0.0,0.0,Leave Event,0.0,"{'node_level': {}, 'link_level': {}, 'path_level': {}}","{'node_level': {}, 'link_level': {}, 'path_level': {}}","{'node_level': {}, 'link_level': {}, 'path_level': {}}",[],-inf,-inf,True,True,False,0,[],0,0.0,,
200,147,17,33177.0,78793.0,16758524.263323668,40097591.583028466,0.4210653230616933,0.4179434126017885,36,376,1,4989.0,7836,1804,6032,0.36209335219236205,0.5887646577583856,199,638.7632599454167,4989.0,7,11,False,"{0: np.int64(29), 1: np.int64(15), 2: np.int64(9), 3: np.int64(14), 4: np.int64(19), 5: np.int64(0), 6: np.int64(2)}","{(0, 3): [(np.int64(29), 3), (3, 13), (13, 14)], (0, 4): [(np.int64(29), 3), (3, 13), (13, 15), (15, 19)], (0, 6): [(np.int64(29), 3), (3, 5), (5, 2)], (1, 3): [(np.int64(15), 12), (12, 14)], (1, 4): []}","{(0, np.int64(29)): {'cpu': 1}, (1, np.int64(15)): {'cpu': 14}, (2, np.int64(9)): {'cpu': 2}, (3, np.int64(14)): {'cpu': 6}, (4, np.int64(19)): {'cpu': 15}, (5, np.int64(0)): {'cpu': 9}, (6, np.int64(2)): {'cpu': 15}}","{((0, 3), (np.int64(29), 3)): {'bw': 37}, ((0, 3), (3, 13)): {'bw': 37}, ((0, 3), (13, 14)): {'bw': 37}, ((0, 4), (np.int64(29), 3)): {'bw': 25}, ((0, 4), (3, 13)): {'bw': 25}, ((0, 4), (13, 15)): {'bw': 25}, ((0, 4), (15, 19)): {'bw': 25}, ((0, 6), (np.int64(29), 3)): {'bw': 50}, ((0, 6), (3, 5)): {'bw': 50}, ((0, 6), (5, 2)): {'bw': 50}, ((1, 3), (np.int64(15), 12)): {'bw': 22}, ((1, 3), (12, 14)): {'bw': 22}}",0.0,0.0,124.0,62.0,359.0,0.0,0.0,0.0,0.0,0.0,0.0,0.0,0.0,0.0,Route Failure,100.0,"{'node_level': {}, 'link_level': {}, 'path_level': {}}","{'node_level': {0: {'cpu': -12}, 1: {'cpu': -58}, 2: {'cpu': -93}, 3: {'cpu': -27}, 4: {'cpu': -40}, 5: {'cpu': -50}, 6: {'cpu': -15}}, 'link_level': {(0, 3): {'bw': -57}, (0, 4): {'bw': -29}, (0, 6): {'bw': -33}, (1, 3): {'bw': -50}, (1, 4): {'bw': 100.0}}, 'path_level': {(0, 3): {}, (0, 4): {}, (0, 6): {}, (1, 3): {}, (1, 4): {}}}","{'node_level': {0: {'cpu': 0}, 1: {'cpu': 0}, 2: {'cpu': 0}, 3: {'cpu': 0}, 4: {'cpu': 0}, 5: {'cpu': 0}, 6: {'cpu': 0}}, 'link_level': {(0, 3): {'bw': 0}, (0, 4): {'bw': 0}, (0, 6): {'bw': 0}, (1, 3): {'bw': 0}, (1, 4): {'bw': 100.0}}, 'path_level': {(0, 3): {}, (0, 4): {}, (0, 6): {}, (1, 3): {}, (1, 4): {}}}",[],-inf,-inf,True,False,False,0,[],0,0.0,7.0,5.0
200,147,16,33177.0,78793.0,16758524.263323668,40097591.583028466,0.4210653230616933,0.4179434126017885,36,377,0,5000.934618981916,7869,1827,6042,0.35396039603960394,0.5880829015544041,196,92.93461898191637,4908.0,2,1,False,{},{},{},{},0.0,0.0,0.0,0.0,0.0,0.0,0.0,0.0,0.0,0.0,0.0,0.0,0.0,0.0,Leave Event,0.0,"{'node_level': {}, 'link_level': {}, 'path_level': {}}","{'node_level': {}, 'link_level': {}, 'path_level': {}}","{'node_level': {}, 'link_level': {}, 'path_level': {}}",[],-inf,-inf,True,True,False,0,[],0,0.0,,
200,147,15,33177.0,78793.0,16758524.263323668,40097591.583028466,0.4210653230616933,0.4179434126017885,36,378,0,5027.661797361232,8358,1907,6451,0.3256718528995757,0.5601990728115626,194,164.66179736123195,4863.0,7,8,False,{},{},{},{},0.0,0.0,0.0,0.0,0.0,0.0,0.0,0.0,0.0,0.0,0.0,0.0,0.0,0.0,Leave Event,0.0,"{'node_level': {}, 'link_level': {}, 'path_level': {}}","{'node_level': {}, 'link_level': {}, 'path_level': {}}","{'node_level': {}, 'link_level': {}, 'path_level': {}}",[],-inf,-inf,True,True,False,0,[],0,0.0,,
200,147,14,33177.0,78793.0,16758524.263323668,40097591.583028466,0.4210653230616933,0.4179434126017885,36,379,0,5055.933037540086,8432,1927,6505,0.3185997171145686,0.5565175893100627,192,244.9330375400855,4811.0,3,2,False,{},{},{},{},0.0,0.0,0.0,0.0,0.0,0.0,0.0,0.0,0.0,0.0,0.0,0.0,0.0,0.0,Leave Event,0.0,"{'node_level': {}, 'link_level': {}, 'path_level': {}}","{'node_level': {}, 'link_level': {}, 'path_level': {}}","{'node_level': {}, 'link_level': {}, 'path_level': {}}",[],-inf,-inf,True,True,False,0,[],0,0.0,,
200,147,13,33177.0,78793.0,16758524.263323668,40097591.583028466,0.4210653230616933,0.4179434126017885,36,380,0,5116.323115530264,9083,1991,7092,0.29596888260254595,0.5164985001363512,197,183.32311553026338,4933.0,7,9,False,{},{},{},{},0.0,0.0,0.0,0.0,0.0,0.0,0.0,0.0,0.0,0.0,0.0,0.0,0.0,0.0,Leave Event,0.0,"{'node_level': {}, 'link_level': {}, 'path_level': {}}","{'node_level': {}, 'link_level': {}, 'path_level': {}}","{'node_level': {}, 'link_level': {}, 'path_level': {}}",[],-inf,-inf,True,True,False,0,[],0,0.0,,
200,147,12,33177.0,78793.0,16758524.263323668,40097591.583028466,0.4210653230616933,0.4179434126017885,36,381,0,5144.603972810993,9260,2022,7238,0.285007072135785,0.506544859558222,174,794.603972810993,4350.0,4,4,False,{},{},{},{},0.0,0.0,0.0,0.0,0.0,0.0,0.0,0.0,0.0,0.0,0.0,0.0,0.0,0.0,Leave Event,0.0,"{'node_level': {}, 'link_level': {}, 'path_level': {}}","{'node_level': {}, 'link_level': {}, 'path_level': {}}","{'node_level': {}, 'link_level': {}, 'path_level': {}}",[],-inf,-inf,True,True,False,0,[],0,0.0,,
200,147,11,33177.0,78793.0,16758524.263323668,40097591.583028466,0.4210653230616933,0.4179434126017885,36,382,0,5156.560983091018,10131,2099,8032,0.25777934936350777,0.45241341696209436,187,457.56098309101776,4699.0,6,9,False,{},{},{},{},0.0,0.0,0.0,0.0,0.0,0.0,0.0,0.0,0.0,0.0,0.0,0.0,0.0,0.0,Leave Event,0.0,"{'node_level': {}, 'link_level': {}, 'path_level': {}}","{'node_level': {}, 'link_level': {}, 'path_level': {}}","{'node_level': {}, 'link_level': {}, 'path_level': {}}",[],-inf,-inf,True,True,False,0,[],0,0.0,,
200,147,10,33177.0,78793.0,16758524.263323668,40097591.583028466,0.4210653230616933,0.4179434126017885,36,383,0,5162.8665393955325,11544,2188,9356,0.22630834512022635,0.36214889555494956,191,377.86653939553275,4785.0,8,13,False,{},{},{},{},0.0,0.0,0.0,0.0,0.0,0.0,0.0,0.0,0.0,0.0,0.0,0.0,0.0,0.0,Leave Event,0.0,"{'node_level': {}, 'link_level': {}, 'path_level': {}}","{'node_level': {}, 'link_level': {}, 'path_level': {}}","{'node_level': {}, 'link_level': {}, 'path_level': {}}",[],-inf,-inf,True,True,False,0,[],0,0.0,,
200,147,9,33177.0,78793.0,16758524.263323668,40097591.583028466,0.4210653230616933,0.4179434126017885,36,384,0,5167.909992000681,11818,2232,9586,0.2107496463932107,0.34646850286337605,185,523.9099920006806,4644.0,3,3,False,{},{},{},{},0.0,0.0,0.0,0.0,0.0,0.0,0.0,0.0,0.0,0.0,0.0,0.0,0.0,0.0,Leave Event,0.0,"{'node_level': {}, 'link_level': {}, 'path_level': {}}","{'node_level': {}, 'link_level': {}, 'path_level': {}}","{'node_level': {}, 'link_level': {}, 'path_level': {}}",[],-inf,-inf,True,True,False,0,[],0,0.0,,
200,147,8,33177.0,78793.0,16758524.263323668,40097591.583028466,0.4210653230616933,0.4179434126017885,36,385,0,5182.071235945644,12269,2316,9953,0.18104667609618108,0.32144805017725664,127,1967.0712359456438,3215.0,7,9,False,{},{},{},{},0.0,0.0,0.0,0.0,0.0,0.0,0.0,0.0,0.0,0.0,0.0,0.0,0.0,0.0,Leave Event,0.0,"{'node_level': {}, 'link_level': {}, 'path_level': {}}","{'node_level': {}, 'link_level': {}, 'path_level': {}}","{'node_level': {}, 'link_level': {}, 'path_level': {}}",[],-inf,-inf,True,True,False,0,[],0,0.0,,
200,147,7,33177.0,78793.0,16758524.263323668,40097591.583028466,0.4210653230616933,0.4179434126017885,36,386,0,5186.7321946864895,12488,2349,10139,0.16937765205091937,0.30876738478320154,195,299.73219468648944,4887.0,4,4,False,{},{},{},{},0.0,0.0,0.0,0.0,0.0,0.0,0.0,0.0,0.0,0.0,0.0,0.0,0.0,0.0,Leave Event,0.0,"{'node_level': {}, 'link_level': {}, 'path_level': {}}","{'node_level': {}, 'link_level': {}, 'path_level': {}}","{'node_level': {}, 'link_level': {}, 'path_level': {}}",[],-inf,-inf,True,True,False,0,[],0,0.0,,
200,147,6,33177.0,78793.0,16758524.263323668,40097591.583028466,0.4210653230616933,0.4179434126017885,36,387,0,5210.0175433544055,13958,2401,11557,0.150990099009901,0.21209435505863106,180,695.0175433544052,4515.0,7,13,False,{},{},{},{},0.0,0.0,0.0,0.0,0.0,0.0,0.0,0.0,0.0,0.0,0.0,0.0,0.0,0.0,Leave Event,0.0,"{'node_level': {}, 'link_level': {}, 'path_level': {}}","{'node_level': {}, 'link_level': {}, 'path_level': {}}","{'node_level': {}, 'link_level': {}, 'path_level': {}}",[],-inf,-inf,True,True,False,0,[],0,0.0,,
200,147,5,33177.0,78793.0,16758524.263323668,40097591.583028466,0.4210653230616933,0.4179434126017885,36,388,0,5267.446284649904,13988,2431,11557,0.14038189533239043,0.21209435505863106,193,425.44628464990325,4842.0,2,1,False,{},{},{},{},0.0,0.0,0.0,0.0,0.0,0.0,0.0,0.0,0.0,0.0,0.0,0.0,0.0,0.0,Leave Event,0.0,"{'node_level': {}, 'link_level': {}, 'path_level': {}}","{'node_level': {}, 'link_level': {}, 'path_level': {}}","{'node_level': {}, 'link_level': {}, 'path_level': {}}",[],-inf,-inf,True,True,False,0,[],0,0.0,,
200,147,5,33177.0,78793.0,16758524.263323668,40097591.583028466,0.4210653230616933,0.4179434126017885,36,389,0,5370.316171450204,13988,2431,11557,0.14038189533239043,0.21209435505863106,186,699.3161714502039,4671.0,7,13,False,{},{},{},{},0.0,0.0,0.0,0.0,0.0,0.0,0.0,0.0,0.0,0.0,0.0,0.0,0.0,0.0,Leave Event,0.0,"{'node_level': {}, 'link_level': {}, 'path_level': {}}","{'node_level': {}, 'link_level': {}, 'path_level': {}}","{'node_level': {}, 'link_level': {}, 'path_level': {}}",[],-inf,-inf,True,True,False,0,[],0,0.0,,
200,147,4,33177.0,78793.0,16758524.263323668,40097591.583028466,0.4210653230616933,0.4179434126017885,36,390,0,5457.777845570425,15153,2511,12642,0.11209335219236205,0.13812380692664306,177,1023.7778455704247,4434.0,9,15,False,{},{},{},{},0.0,0.0,0.0,0.0,0.0,0.0,0.0,0.0,0.0,0.0,0.0,0.0,0.0,0.0,Leave Event,0.0,"{'node_level': {}, 'link_level': {}, 'path_level': {}}","{'node_level': {}, 'link_level': {}, 'path_level': {}}","{'node_level': {}, 'link_level': {}, 'path_level': {}}",[],-inf,-inf,True,True,False,0,[],0,0.0,,
200,147,3,33177.0,78793.0,16758524.263323668,40097591.583028466,0.4210653230616933,0.4179434126017885,36,391,0,5533.253028846868,16076,2607,13469,0.07814710042432815,0.08174256885737663,190,765.2530288468683,4768.0,8,14,False,{},{},{},{},0.0,0.0,0.0,0.0,0.0,0.0,0.0,0.0,0.0,0.0,0.0,0.0,0.0,0.0,Leave Event,0.0,"{'node_level': {}, 'link_level': {}, 'path_level': {}}","{'node_level': {}, 'link_level': {}, 'path_level': {}}","{'node_level': {}, 'link_level': {}, 'path_level': {}}",[],-inf,-inf,True,True,False,0,[],0,0.0,,
200,147,3,33177.0,78793.0,16758524.263323668,40097591.583028466,0.4210653230616933,0.4179434126017885,36,392,0,5627.763259945416,16076,2607,13469,0.07814710042432815,0.08174256885737663,199,638.7632599454167,4989.0,7,11,False,{},{},{},{},0.0,0.0,0.0,0.0,0.0,0.0,0.0,0.0,0.0,0.0,0.0,0.0,0.0,0.0,Leave Event,0.0,"{'node_level': {}, 'link_level': {}, 'path_level': {}}","{'node_level': {}, 'link_level': {}, 'path_level': {}}","{'node_level': {}, 'link_level': {}, 'path_level': {}}",[],-inf,-inf,True,True,False,0,[],0,0.0,,
200,147,2,33177.0,78793.0,16758524.263323668,40097591.583028466,0.4210653230616933,0.4179434126017885,36,393,0,5675.509482722602,16625,2714,13911,0.040311173974540315,0.051608944641396204,189,924.5094827226017,4751.0,7,9,False,{},{},{},{},0.0,0.0,0.0,0.0,0.0,0.0,0.0,0.0,0.0,0.0,0.0,0.0,0.0,0.0,Leave Event,0.0,"{'node_level': {}, 'link_level': {}, 'path_level': {}}","{'node_level': {}, 'link_level': {}, 'path_level': {}}","{'node_level': {}, 'link_level': {}, 'path_level': {}}",[],-inf,-inf,True,True,False,0,[],0,0.0,,
200,147,2,33177.0,78793.0,16758524.263323668,40097591.583028466,0.4210653230616933,0.4179434126017885,36,394,0,5746.526125855949,16625,2714,13911,0.040311173974540315,0.051608944641396204,198,781.526125855949,4965.0,10,25,False,{},{},{},{},0.0,0.0,0.0,0.0,0.0,0.0,0.0,0.0,0.0,0.0,0.0,0.0,0.0,0.0,Leave Event,0.0,"{'node_level': {}, 'link_level': {}, 'path_level': {}}","{'node_level': {}, 'link_level': {}, 'path_level': {}}","{'node_level': {}, 'link_level': {}, 'path_level': {}}",[],-inf,-inf,True,True,False,0,[],0,0.0,,
200,147,2,33177.0,78793.0,16758524.263323668,40097591.583028466,0.4210653230616933,0.4179434126017885,36,395,0,5816.636952877401,16625,2714,13911,0.040311173974540315,0.051608944641396204,182,1251.6369528774007,4565.0,5,5,False,{},{},{},{},0.0,0.0,0.0,0.0,0.0,0.0,0.0,0.0,0.0,0.0,0.0,0.0,0.0,0.0,Leave Event,0.0,"{'node_level': {}, 'link_level': {}, 'path_level': {}}","{'node_level': {}, 'link_level': {}, 'path_level': {}}","{'node_level': {}, 'link_level': {}, 'path_level': {}}",[],-inf,-inf,True,True,False,0,[],0,0.0,,
200,147,2,33177.0,78793.0,16758524.263323668,40097591.583028466,0.4210653230616933,0.4179434126017885,36,396,0,6059.508524303826,16625,2714,13911,0.040311173974540315,0.051608944641396204,148,2324.5085243038257,3735.0,10,24,False,{},{},{},{},0.0,0.0,0.0,0.0,0.0,0.0,0.0,0.0,0.0,0.0,0.0,0.0,0.0,0.0,Leave Event,0.0,"{'node_level': {}, 'link_level': {}, 'path_level': {}}","{'node_level': {}, 'link_level': {}, 'path_level': {}}","{'node_level': {}, 'link_level': {}, 'path_level': {}}",[],-inf,-inf,True,True,False,0,[],0,0.0,,
200,147,1,33177.0,78793.0,16758524.263323668,40097591.583028466,0.4210653230616933,0.4179434126017885,36,397,0,6144.822977735304,17022,2746,14276,0.028995756718528942,0.026724843196073045,178,1683.822977735305,4461.0,6,9,False,{},{},{},{},0.0,0.0,0.0,0.0,0.0,0.0,0.0,0.0,0.0,0.0,0.0,0.0,0.0,0.0,Leave Event,0.0,"{'node_level': {}, 'link_level': {}, 'path_level': {}}","{'node_level': {}, 'link_level': {}, 'path_level': {}}","{'node_level': {}, 'link_level': {}, 'path_level': {}}",[],-inf,-inf,True,True,False,0,[],0,0.0,,
200,147,1,33177.0,78793.0,16758524.263323668,40097591.583028466,0.4210653230616933,0.4179434126017885,36,398,0,6573.294721911595,17022,2746,14276,0.028995756718528942,0.026724843196073045,163,2480.294721911595,4093.0,9,21,False,{},{},{},{},0.0,0.0,0.0,0.0,0.0,0.0,0.0,0.0,0.0,0.0,0.0,0.0,0.0,0.0,Leave Event,0.0,"{'node_level': {}, 'link_level': {}, 'path_level': {}}","{'node_level': {}, 'link_level': {}, 'path_level': {}}","{'node_level': {}, 'link_level': {}, 'path_level': {}}",[],-inf,-inf,True,True,False,0,[],0,0.0,,
200,147,0,33177.0,78793.0,16758524.263323668,40097591.583028466,0.4210653230616933,0.4179434126017885,36,399,0,6678.928132987359,17496,2828,14668,0.0,0.0,176,2275.928132987359,4403.0,5,6,False,{},{},{},{},0.0,0.0,0.0,0.0,0.0,0.0,0.0,0.0,0.0,0.0,0.0,0.0,0.0,0.0,Leave Event,0.0,"{'node_level': {}, 'link_level': {}, 'path_level': {}}","{'node_level': {}, 'link_level': {}, 'path_level': {}}","{'node_level': {}, 'link_level': {}, 'path_level': {}}",[],-inf,-inf,True,True,False,0,[],0,0.0,,
