v_net_count,success_count,inservice_count,total_revenue,total_cost,total_time_revenue,total_time_cost,long_term_r2c_ratio,long_term_time_r2c_ratio,num_running_p_net_nodes,event_id,event_type,event_time,p_net_available_resource,p_net_node_available_resource,p_net_link_available_resource,p_net_node_resource_utilization,p_net_link_resource_utilization,v_net_id,v_net_lifetime,v_net_arrival_time,v_net_num_nodes,v_net_num_egdes,result,node_slots,link_paths,node_slots_info,link_paths_info,v_net_cost,v_net_revenue,v_net_demand,v_net_node_demand,v_net_link_demand,v_net_node_revenue,v_net_link_revenue,v_net_node_cost,v_net_link_cost,v_net_path_cost,v_net_r2c_ratio,v_net_time_cost,v_net_time_revenue,v_net_time_rc_ratio,description,v_net_total_hard_constraint_violation,v_net_single_step_constraint_offset,v_net_constraint_offsets,v_net_constraint_violations,v_net_single_step_violation_list,v_net_single_step_hard_constraint_offset,v_net_max_single_step_hard_constraint_violation,place_result,route_result,early_rejection,revoke_times,selected_actions,num_interactions,v_net_reward,num_attempt_times,num_placed_nodes,num_routed_links
1,0,0,0.0,0.0,0.0,0.0,0.0,0.0,0,0,1,15.0,9504,4874,4630,0.0,0.0,0,751.6116744769311,15.0,10,19,False,"{4: 5, 1: 2, 2: 11, 6: 6, 3: 25}","{(1, 4): [(2, 5)], (2, 4): [(11, 5)], (6, 1): [(6, 2)], (6, 2): [(6, 2), (2, 5), (5, 11)], (6, 4): [(6, 2), (2, 5)], (3, 4): [(25, 12), (12, 5)]}","{(4, 5): {'cpu': 13}, (1, 2): {'cpu': 20}, (2, 11): {'cpu': 6}, (6, 6): {'cpu': 12}, (3, 25): {'cpu': 2}}","{((1, 4), (2, 5)): {'bw': 10}, ((2, 4), (11, 5)): {'bw': 47}, ((6, 1), (6, 2)): {'bw': 31}, ((6, 2), (6, 2)): {'bw': 33}, ((6, 2), (2, 5)): {'bw': 33}, ((6, 2), (5, 11)): {'bw': 33}, ((6, 4), (6, 2)): {'bw': 33}, ((6, 4), (2, 5)): {'bw': 33}, ((3, 4), (25, 12)): {'bw': 21}, ((3, 4), (12, 5)): {'bw': 21}}",0.0,0.0,140.0,70.0,607.0,0.0,0.0,0.0,0.0,0.0,0.0,0.0,0.0,0.0,Route Failure,3400.0,"{'node_level': {'cpu': -75}, 'link_level': {'bw': 100.0}, 'path_level': {}}","{'node_level': {4: {'cpu': -80}, 1: {'cpu': -75}, 2: {'cpu': -93}, 6: {'cpu': -56}, 3: {'cpu': -91}, 5: {'cpu': -75}}, 'link_level': {(1, 4): {'bw': -66}, (2, 4): {'bw': -37}, (6, 1): {'bw': -69}, (6, 2): {'bw': -4}, (6, 4): {'bw': 0}, (3, 4): {'bw': -38}, (5, 1): {'bw': 100.0}, (5, 2): {'bw': 100.0}}, 'path_level': {(1, 4): {}, (2, 4): {}, (6, 1): {}, (6, 2): {}, (6, 4): {}, (3, 4): {}, (5, 1): {}, (5, 2): {}}}","{'node_level': {4: {'cpu': 0}, 1: {'cpu': 0}, 2: {'cpu': 0}, 6: {'cpu': 0}, 3: {'cpu': 0}, 5: {'cpu': 0}}, 'link_level': {(1, 4): {'bw': 0}, (2, 4): {'bw': 0}, (6, 1): {'bw': 0}, (6, 2): {'bw': 0}, (6, 4): {'bw': 0}, (3, 4): {'bw': 0}, (5, 1): {'bw': 100.0}, (5, 2): {'bw': 100.0}}, 'path_level': {(1, 4): {}, (2, 4): {}, (6, 1): {}, (6, 2): {}, (6, 4): {}, (3, 4): {}, (5, 1): {}, (5, 2): {}}}",[],100.0,100.0,True,False,False,0,[],0,0.0,34.0,5.0,6.0
2,0,0,0.0,0.0,0.0,0.0,0.0,0.0,0,1,1,43.0,9504,4874,4630,0.0,0.0,1,750.5227476258572,43.0,10,17,False,"{4: 5, 2: 2, 6: 11}","{(2, 4): [(2, 5)], (6, 2): [(11, 5), (5, 2)], (6, 4): [(11, 5)]}","{(4, 5): {'cpu': 20}, (2, 2): {'cpu': 14}, (6, 11): {'cpu': 8}}","{((2, 4), (2, 5)): {'bw': 11}, ((6, 2), (11, 5)): {'bw': 37}, ((6, 2), (5, 2)): {'bw': 37}, ((6, 4), (11, 5)): {'bw': 44}}",0.0,0.0,244.0,122.0,452.0,0.0,0.0,0.0,0.0,0.0,0.0,0.0,0.0,0.0,Route Failure,3600.0,"{'node_level': {'cpu': -65}, 'link_level': {'bw': 100.0}, 'path_level': {}}","{'node_level': {4: {'cpu': -73}, 2: {'cpu': -81}, 6: {'cpu': -91}, 0: {'cpu': -65}}, 'link_level': {(2, 4): {'bw': -65}, (6, 2): {'bw': -28}, (6, 4): {'bw': -3}, (0, 4): {'bw': 100.0}, (0, 6): {'bw': 100.0}}, 'path_level': {(2, 4): {}, (6, 2): {}, (6, 4): {}, (0, 4): {}, (0, 6): {}}}","{'node_level': {4: {'cpu': 0}, 2: {'cpu': 0}, 6: {'cpu': 0}, 0: {'cpu': 0}}, 'link_level': {(2, 4): {'bw': 0}, (6, 2): {'bw': 0}, (6, 4): {'bw': 0}, (0, 4): {'bw': 100.0}, (0, 6): {'bw': 100.0}}, 'path_level': {(2, 4): {}, (6, 2): {}, (6, 4): {}, (0, 4): {}, (0, 6): {}}}",[],100.0,100.0,True,False,False,0,[],0,0.0,36.0,3.0,3.0
3,0,0,0.0,0.0,0.0,0.0,0.0,0.0,0,2,1,65.0,9504,4874,4630,0.0,0.0,2,349.3600929825318,65.0,8,17,False,"{1: 5, 0: 2, 7: 0, 5: 23}","{(0, 1): [(2, 5)], (7, 0): [(0, 2)], (7, 1): [(0, 2), (2, 5)], (5, 1): [(23, 11), (11, 5)]}","{(1, 5): {'cpu': 20}, (0, 2): {'cpu': 20}, (7, 0): {'cpu': 15}, (5, 23): {'cpu': 15}}","{((0, 1), (2, 5)): {'bw': 50}, ((7, 0), (0, 2)): {'bw': 46}, ((7, 1), (0, 2)): {'bw': 17}, ((7, 1), (2, 5)): {'bw': 17}, ((5, 1), (23, 11)): {'bw': 38}, ((5, 1), (11, 5)): {'bw': 38}}",0.0,0.0,184.0,92.0,411.0,0.0,0.0,0.0,0.0,0.0,0.0,0.0,0.0,0.0,Route Failure,3500.0,"{'node_level': {'cpu': -70}, 'link_level': {'bw': 100.0}, 'path_level': {}}","{'node_level': {1: {'cpu': -73}, 0: {'cpu': -75}, 7: {'cpu': -75}, 5: {'cpu': -39}, 6: {'cpu': -70}}, 'link_level': {(0, 1): {'bw': -26}, (7, 0): {'bw': -36}, (7, 1): {'bw': -9}, (5, 1): {'bw': -18}, (6, 0): {'bw': -50}, (6, 1): {'bw': 100.0}, (6, 5): {'bw': -5}, (6, 7): {'bw': 100.0}}, 'path_level': {(0, 1): {}, (7, 0): {}, (7, 1): {}, (5, 1): {}, (6, 0): {}, (6, 1): {}, (6, 5): {}, (6, 7): {}}}","{'node_level': {1: {'cpu': 0}, 0: {'cpu': 0}, 7: {'cpu': 0}, 5: {'cpu': 0}, 6: {'cpu': 0}}, 'link_level': {(0, 1): {'bw': 0}, (7, 0): {'bw': 0}, (7, 1): {'bw': 0}, (5, 1): {'bw': 0}, (6, 0): {'bw': 0}, (6, 1): {'bw': 100.0}, (6, 5): {'bw': 0}, (6, 7): {'bw': 100.0}}, 'path_level': {(0, 1): {}, (7, 0): {}, (7, 1): {}, (5, 1): {}, (6, 0): {}, (6, 1): {}, (6, 5): {}, (6, 7): {}}}",[],100.0,100.0,True,False,False,0,[],0,0.0,35.0,4.0,4.0
4,1,1,60.0,63.0,94221.072032317,98932.12563393285,0.9523809523809523,0.9523809523809523,4,3,1,82.0,9441,4839,4602,0.0071809601969634596,0.006047516198704139,3,1570.3512005386167,82.0,4,4,True,"{1: 5, 0: 2, 3: 11, 2: 12}","{(0, 1): [(2, 5)], (3, 1): [(11, 5)], (2, 0): [(12, 5), (5, 2)], (2, 3): [(12, 5), (5, 11)]}","{(1, 5): {'cpu': 18}, (0, 2): {'cpu': 14}, (3, 11): {'cpu': 1}, (2, 12): {'cpu': 2}}","{((0, 1), (2, 5)): {'bw': 2}, ((3, 1), (11, 5)): {'bw': 20}, ((2, 0), (12, 5)): {'bw': 3}, ((2, 0), (5, 2)): {'bw': 3}, ((2, 3), (12, 5)): {'bw': 0}, ((2, 3), (5, 11)): {'bw': 0}}",63.0,60.0,70.0,35.0,25.0,35.0,25.0,35.0,28.0,3.0,0.9523809523809523,98932.12563393285,94221.072032317,1495.5725719415395,Success,0.0,"{'node_level': {'cpu': -79}, 'link_level': {'bw': -56}, 'path_level': {}}","{'node_level': {1: {'cpu': -75}, 0: {'cpu': -81}, 3: {'cpu': -98}, 2: {'cpu': -79}}, 'link_level': {(0, 1): {'bw': -74}, (3, 1): {'bw': -64}, (2, 0): {'bw': -56}, (2, 3): {'bw': -56}}, 'path_level': {(0, 1): {}, (3, 1): {}, (2, 0): {}, (2, 3): {}}}","{'node_level': {1: {'cpu': 0}, 0: {'cpu': 0}, 3: {'cpu': 0}, 2: {'cpu': 0}}, 'link_level': {(0, 1): {'bw': 0}, (3, 1): {'bw': 0}, (2, 0): {'bw': 0}, (2, 3): {'bw': 0}}, 'path_level': {(0, 1): {}, (3, 1): {}, (2, 0): {}, (2, 3): {}}}",[],-56.0,0.0,True,True,False,0,[],0,0.0,0.0,4.0,4.0
5,1,1,60.0,63.0,94221.072032317,98932.12563393285,0.9523809523809523,0.9523809523809523,4,4,1,110.0,9441,4839,4602,0.0071809601969634596,0.006047516198704139,4,201.63903511487771,110.0,10,23,False,"{1: 10, 5: 4, 2: 21}","{(5, 1): [(4, 10)], (2, 1): [(21, 10)], (2, 5): [(21, 10), (10, 4)]}","{(1, 10): {'cpu': 20}, (5, 4): {'cpu': 17}, (2, 21): {'cpu': 10}}","{((5, 1), (4, 10)): {'bw': 32}, ((2, 1), (21, 10)): {'bw': 28}, ((2, 5), (21, 10)): {'bw': 27}, ((2, 5), (10, 4)): {'bw': 27}}",0.0,0.0,196.0,98.0,587.0,0.0,0.0,0.0,0.0,0.0,0.0,0.0,0.0,0.0,Route Failure,2400.0,"{'node_level': {'cpu': -61}, 'link_level': {'bw': 100.0}, 'path_level': {}}","{'node_level': {1: {'cpu': -64}, 5: {'cpu': -55}, 2: {'cpu': -43}, 8: {'cpu': -61}}, 'link_level': {(5, 1): {'bw': -58}, (2, 1): {'bw': -62}, (2, 5): {'bw': -31}, (8, 1): {'bw': 100.0}, (8, 5): {'bw': 100.0}}, 'path_level': {(5, 1): {}, (2, 1): {}, (2, 5): {}, (8, 1): {}, (8, 5): {}}}","{'node_level': {1: {'cpu': 0}, 5: {'cpu': 0}, 2: {'cpu': 0}, 8: {'cpu': 0}}, 'link_level': {(5, 1): {'bw': 0}, (2, 1): {'bw': 0}, (2, 5): {'bw': 0}, (8, 1): {'bw': 100.0}, (8, 5): {'bw': 100.0}}, 'path_level': {(5, 1): {}, (2, 1): {}, (2, 5): {}, (8, 1): {}, (8, 5): {}}}",[],100.0,100.0,True,False,False,0,[],0,0.0,24.0,3.0,3.0
6,1,1,60.0,63.0,94221.072032317,98932.12563393285,0.9523809523809523,0.9523809523809523,4,5,1,131.0,9441,4839,4602,0.0071809601969634596,0.006047516198704139,5,328.3672823909719,131.0,9,21,False,"{1: 10, 3: 4, 7: 21, 2: 22, 6: 1, 4: 53}","{(3, 1): [(4, 10)], (7, 1): [(21, 10)], (2, 1): [(22, 10)], (2, 3): [(22, 10), (10, 4)], (2, 7): [(22, 10), (10, 21)], (6, 1): [(1, 4), (4, 10)], (6, 3): [(1, 4)], (4, 1): [(53, 21), (21, 10)], (4, 7): [(53, 21)]}","{(1, 10): {'cpu': 20}, (3, 4): {'cpu': 12}, (7, 21): {'cpu': 11}, (2, 22): {'cpu': 11}, (6, 1): {'cpu': 19}, (4, 53): {'cpu': 1}}","{((3, 1), (4, 10)): {'bw': 41}, ((7, 1), (21, 10)): {'bw': 35}, ((2, 1), (22, 10)): {'bw': 30}, ((2, 3), (22, 10)): {'bw': 23}, ((2, 3), (10, 4)): {'bw': 23}, ((2, 7), (22, 10)): {'bw': 4}, ((2, 7), (10, 21)): {'bw': 4}, ((6, 1), (1, 4)): {'bw': 21}, ((6, 1), (4, 10)): {'bw': 21}, ((6, 3), (1, 4)): {'bw': 12}, ((4, 1), (53, 21)): {'bw': 47}, ((4, 1), (21, 10)): {'bw': 47}, ((4, 7), (53, 21)): {'bw': 37}}",0.0,0.0,220.0,110.0,540.0,0.0,0.0,0.0,0.0,0.0,0.0,0.0,0.0,0.0,Route Failure,2100.0,"{'node_level': {'cpu': -51}, 'link_level': {'bw': 100.0}, 'path_level': {}}","{'node_level': {1: {'cpu': -64}, 3: {'cpu': -60}, 7: {'cpu': -42}, 2: {'cpu': -77}, 6: {'cpu': -46}, 4: {'cpu': -64}, 8: {'cpu': -51}}, 'link_level': {(3, 1): {'bw': -49}, (7, 1): {'bw': -55}, (2, 1): {'bw': -37}, (2, 3): {'bw': -14}, (2, 7): {'bw': -10}, (6, 1): {'bw': -5}, (6, 3): {'bw': -49}, (4, 1): {'bw': -4}, (4, 7): {'bw': -6}, (8, 3): {'bw': -22}, (8, 6): {'bw': -29}, (8, 7): {'bw': 100.0}}, 'path_level': {(3, 1): {}, (7, 1): {}, (2, 1): {}, (2, 3): {}, (2, 7): {}, (6, 1): {}, (6, 3): {}, (4, 1): {}, (4, 7): {}, (8, 3): {}, (8, 6): {}, (8, 7): {}}}","{'node_level': {1: {'cpu': 0}, 3: {'cpu': 0}, 7: {'cpu': 0}, 2: {'cpu': 0}, 6: {'cpu': 0}, 4: {'cpu': 0}, 8: {'cpu': 0}}, 'link_level': {(3, 1): {'bw': 0}, (7, 1): {'bw': 0}, (2, 1): {'bw': 0}, (2, 3): {'bw': 0}, (2, 7): {'bw': 0}, (6, 1): {'bw': 0}, (6, 3): {'bw': 0}, (4, 1): {'bw': 0}, (4, 7): {'bw': 0}, (8, 3): {'bw': 0}, (8, 6): {'bw': 0}, (8, 7): {'bw': 100.0}}, 'path_level': {(3, 1): {}, (7, 1): {}, (2, 1): {}, (2, 3): {}, (2, 7): {}, (6, 1): {}, (6, 3): {}, (4, 1): {}, (4, 7): {}, (8, 3): {}, (8, 6): {}, (8, 7): {}}}",[],100.0,100.0,True,False,False,0,[],0,0.0,21.0,6.0,9.0
7,2,2,235.0,269.0,214954.57112860994,241052.7017129977,0.8736059479553904,0.8917326775475816,8,6,1,153.0,9235,4791,4444,0.01702913418137053,0.040172786177105846,6,689.905709121674,153.0,4,5,True,"{2: 10, 1: 4, 0: 21, 3: 22}","{(1, 2): [(4, 10)], (0, 1): [(21, 10), (10, 4)], (0, 2): [(21, 10)], (3, 0): [(22, 10), (10, 21)], (3, 2): [(22, 10)]}","{(2, 10): {'cpu': 15}, (1, 4): {'cpu': 11}, (0, 21): {'cpu': 6}, (3, 22): {'cpu': 16}}","{((1, 2), (4, 10)): {'bw': 33}, ((0, 1), (21, 10)): {'bw': 30}, ((0, 1), (10, 4)): {'bw': 30}, ((0, 2), (21, 10)): {'bw': 46}, ((3, 0), (22, 10)): {'bw': 1}, ((3, 0), (10, 21)): {'bw': 1}, ((3, 2), (22, 10)): {'bw': 17}}",206.0,175.0,96.0,48.0,127.0,48.0,127.0,48.0,158.0,31.0,0.8495145631067961,142120.57607906483,120733.49909629296,586.0849470693832,Success,0.0,"{'node_level': {'cpu': -72}, 'link_level': {'bw': -13}, 'path_level': {}}","{'node_level': {2: {'cpu': -69}, 1: {'cpu': -61}, 0: {'cpu': -47}, 3: {'cpu': -72}}, 'link_level': {(1, 2): {'bw': -57}, (0, 1): {'bw': -27}, (0, 2): {'bw': -14}, (3, 0): {'bw': -13}, (3, 2): {'bw': -49}}, 'path_level': {(1, 2): {}, (0, 1): {}, (0, 2): {}, (3, 0): {}, (3, 2): {}}}","{'node_level': {2: {'cpu': 0}, 1: {'cpu': 0}, 0: {'cpu': 0}, 3: {'cpu': 0}}, 'link_level': {(1, 2): {'bw': 0}, (0, 1): {'bw': 0}, (0, 2): {'bw': 0}, (3, 0): {'bw': 0}, (3, 2): {'bw': 0}}, 'path_level': {(1, 2): {}, (0, 1): {}, (0, 2): {}, (3, 0): {}, (3, 2): {}}}",[],-13.0,0.0,True,True,False,0,[],0,0.0,0.0,4.0,5.0
8,2,2,235.0,269.0,214954.57112860994,241052.7017129977,0.8736059479553904,0.8917326775475816,8,7,1,179.0,9235,4791,4444,0.01702913418137053,0.040172786177105846,7,975.3993538436497,179.0,3,2,False,"{1: 11, 0: 5, 2: 2}","{(0, 1): [(5, 11)], (2, 0): [(2, 5)]}","{(1, 11): {'cpu': 3}, (0, 5): {'cpu': 0}, (2, 2): {'cpu': 0}}","{((0, 1), (5, 11)): {'bw': 32}, ((2, 0), (2, 5)): {'bw': 50}}",0.0,0.0,6.0,3.0,82.0,0.0,0.0,0.0,0.0,0.0,0.0,0.0,0.0,0.0,Route Failure,200.0,"{'node_level': {'cpu': -81}, 'link_level': {'bw': -21}, 'path_level': {}}","{'node_level': {1: {'cpu': -95}, 0: {'cpu': -75}, 2: {'cpu': -81}}, 'link_level': {(0, 1): {'bw': -32}, (2, 0): {'bw': -21}}, 'path_level': {(0, 1): {}, (2, 0): {}}}","{'node_level': {1: {'cpu': 0}, 0: {'cpu': 0}, 2: {'cpu': 0}}, 'link_level': {(0, 1): {'bw': 0}, (2, 0): {'bw': 0}}, 'path_level': {(0, 1): {}, (2, 0): {}}}",[],-21.0,100.0,True,False,False,0,[],0,0.0,2.0,3.0,2.0
9,2,2,235.0,269.0,214954.57112860994,241052.7017129977,0.8736059479553904,0.8917326775475816,8,8,1,200.0,9235,4791,4444,0.01702913418137053,0.040172786177105846,8,267.6104373790477,200.0,7,10,False,"{5: 11, 4: 5, 2: 24, 0: 2, 1: 12}","{(4, 5): [(5, 11)], (2, 4): [(24, 11), (11, 5)], (2, 5): [(24, 11)], (0, 5): [(2, 5), (5, 11)], (1, 0): [(12, 5), (5, 2)], (1, 5): [(12, 5), (5, 11)]}","{(5, 11): {'cpu': 20}, (4, 5): {'cpu': 18}, (2, 24): {'cpu': 4}, (0, 2): {'cpu': 9}, (1, 12): {'cpu': 2}}","{((4, 5), (5, 11)): {'bw': 13}, ((2, 4), (24, 11)): {'bw': 31}, ((2, 4), (11, 5)): {'bw': 31}, ((2, 5), (24, 11)): {'bw': 48}, ((0, 5), (2, 5)): {'bw': 10}, ((0, 5), (5, 11)): {'bw': 10}, ((1, 0), (12, 5)): {'bw': 21}, ((1, 0), (5, 2)): {'bw': 21}, ((1, 5), (12, 5)): {'bw': 0}, ((1, 5), (5, 11)): {'bw': 0}}",0.0,0.0,152.0,76.0,269.0,0.0,0.0,0.0,0.0,0.0,0.0,0.0,0.0,0.0,Route Failure,2200.0,"{'node_level': {'cpu': -37}, 'link_level': {'bw': 100.0}, 'path_level': {}}","{'node_level': {5: {'cpu': -78}, 4: {'cpu': -57}, 2: {'cpu': -88}, 0: {'cpu': -72}, 1: {'cpu': -77}, 3: {'cpu': -37}}, 'link_level': {(4, 5): {'bw': -51}, (2, 4): {'bw': -20}, (2, 5): {'bw': -8}, (0, 5): {'bw': -10}, (1, 0): {'bw': -35}, (1, 5): {'bw': -10}, (3, 0): {'bw': -9}, (3, 2): {'bw': 100.0}}, 'path_level': {(4, 5): {}, (2, 4): {}, (2, 5): {}, (0, 5): {}, (1, 0): {}, (1, 5): {}, (3, 0): {}, (3, 2): {}}}","{'node_level': {5: {'cpu': 0}, 4: {'cpu': 0}, 2: {'cpu': 0}, 0: {'cpu': 0}, 1: {'cpu': 0}, 3: {'cpu': 0}}, 'link_level': {(4, 5): {'bw': 0}, (2, 4): {'bw': 0}, (2, 5): {'bw': 0}, (0, 5): {'bw': 0}, (1, 0): {'bw': 0}, (1, 5): {'bw': 0}, (3, 0): {'bw': 0}, (3, 2): {'bw': 100.0}}, 'path_level': {(4, 5): {}, (2, 4): {}, (2, 5): {}, (0, 5): {}, (1, 0): {}, (1, 5): {}, (3, 0): {}, (3, 2): {}}}",[],100.0,100.0,True,False,False,0,[],0,0.0,22.0,5.0,6.0
10,2,2,235.0,269.0,214954.57112860994,241052.7017129977,0.8736059479553904,0.8917326775475816,8,9,1,232.0,9235,4791,4444,0.01702913418137053,0.040172786177105846,9,944.1941561255088,232.0,6,9,False,"{3: 11, 0: 5}","{(0, 3): [(5, 11)]}","{(3, 11): {'cpu': 19}, (0, 5): {'cpu': 5}}","{((0, 3), (5, 11)): {'bw': 50}}",0.0,0.0,82.0,41.0,262.0,0.0,0.0,0.0,0.0,0.0,0.0,0.0,0.0,0.0,Route Failure,2500.0,"{'node_level': {'cpu': -51}, 'link_level': {'bw': 100.0}, 'path_level': {}}","{'node_level': {3: {'cpu': -79}, 0: {'cpu': -70}, 4: {'cpu': -51}}, 'link_level': {(0, 3): {'bw': -14}, (4, 0): {'bw': -21}, (4, 3): {'bw': 100.0}}, 'path_level': {(0, 3): {}, (4, 0): {}, (4, 3): {}}}","{'node_level': {3: {'cpu': 0}, 0: {'cpu': 0}, 4: {'cpu': 0}}, 'link_level': {(0, 3): {'bw': 0}, (4, 0): {'bw': 0}, (4, 3): {'bw': 100.0}}, 'path_level': {(0, 3): {}, (4, 0): {}, (4, 3): {}}}",[],100.0,100.0,True,False,False,0,[],0,0.0,25.0,2.0,1.0
11,3,3,437.0,486.0,274344.024112577,304852.2625918138,0.8991769547325102,0.8999245135336712,10,10,1,249.0,9018,4724,4294,0.030775543701272,0.07257019438444923,10,294.00719298993613,249.0,6,5,True,"{4: 11, 5: 5, 0: 23, 2: 24, 1: 2, 3: 12}","{(5, 4): [(5, 11)], (0, 4): [(23, 11)], (2, 4): [(24, 11)], (1, 5): [(2, 5)], (3, 1): [(12, 5), (5, 2)]}","{(4, 11): {'cpu': 17}, (5, 5): {'cpu': 10}, (0, 23): {'cpu': 12}, (2, 24): {'cpu': 2}, (1, 2): {'cpu': 15}, (3, 12): {'cpu': 11}}","{((5, 4), (5, 11)): {'bw': 9}, ((0, 4), (23, 11)): {'bw': 49}, ((2, 4), (24, 11)): {'bw': 20}, ((1, 5), (2, 5)): {'bw': 42}, ((3, 1), (12, 5)): {'bw': 15}, ((3, 1), (5, 2)): {'bw': 15}}",217.0,202.0,134.0,67.0,135.0,67.0,135.0,67.0,150.0,15.0,0.9308755760368663,63799.56087881614,59389.4529839671,273.68411513348894,Success,0.0,"{'node_level': {'cpu': -68}, 'link_level': {'bw': -14}, 'path_level': {}}","{'node_level': {4: {'cpu': -81}, 5: {'cpu': -65}, 0: {'cpu': -42}, 2: {'cpu': -90}, 1: {'cpu': -66}, 3: {'cpu': -68}}, 'link_level': {(5, 4): {'bw': -55}, (0, 4): {'bw': -7}, (2, 4): {'bw': -67}, (1, 5): {'bw': -29}, (3, 1): {'bw': -14}}, 'path_level': {(5, 4): {}, (0, 4): {}, (2, 4): {}, (1, 5): {}, (3, 1): {}}}","{'node_level': {4: {'cpu': 0}, 5: {'cpu': 0}, 0: {'cpu': 0}, 2: {'cpu': 0}, 1: {'cpu': 0}, 3: {'cpu': 0}}, 'link_level': {(5, 4): {'bw': 0}, (0, 4): {'bw': 0}, (2, 4): {'bw': 0}, (1, 5): {'bw': 0}, (3, 1): {'bw': 0}}, 'path_level': {(5, 4): {}, (0, 4): {}, (2, 4): {}, (1, 5): {}, (3, 1): {}}}",[],-14.0,0.0,True,True,False,0,[],0,0.0,0.0,6.0,5.0
12,3,3,437.0,486.0,274344.024112577,304852.2625918138,0.8991769547325102,0.8999245135336712,10,11,1,269.0,9018,4724,4294,0.030775543701272,0.07257019438444923,11,628.9454444181525,269.0,7,9,False,"{5: 8, 2: 3, 4: 17, 0: 1, 6: 33, 1: 15, 3: 16}","{(2, 5): [(3, 8)], (4, 5): [(17, 8)], (0, 2): [(1, 3)], (0, 5): [(1, 3), (3, 8)], (6, 5): [(33, 17), (17, 8)], (1, 0): [(15, 7), (7, 3), (3, 1)], (1, 2): [(15, 7), (7, 3)], (3, 1): [(16, 7), (7, 15)], (3, 2): [(16, 7), (7, 3)]}","{(5, 8): {'cpu': 6}, (2, 3): {'cpu': 9}, (4, 17): {'cpu': 19}, (0, 1): {'cpu': 2}, (6, 33): {'cpu': 12}, (1, 15): {'cpu': 2}, (3, 16): {'cpu': 3}}","{((2, 5), (3, 8)): {'bw': 6}, ((4, 5), (17, 8)): {'bw': 28}, ((0, 2), (1, 3)): {'bw': 38}, ((0, 5), (1, 3)): {'bw': 43}, ((0, 5), (3, 8)): {'bw': 43}, ((6, 5), (33, 17)): {'bw': 17}, ((6, 5), (17, 8)): {'bw': 17}, ((1, 0), (15, 7)): {'bw': 6}, ((1, 0), (7, 3)): {'bw': 6}, ((1, 0), (3, 1)): {'bw': 6}, ((1, 2), (15, 7)): {'bw': 21}, ((1, 2), (7, 3)): {'bw': 21}, ((3, 1), (16, 7)): {'bw': 3}, ((3, 1), (7, 15)): {'bw': 3}, ((3, 2), (16, 7)): {'bw': 1}, ((3, 2), (7, 3)): {'bw': 1}}",0.0,0.0,106.0,53.0,163.0,0.0,0.0,0.0,0.0,0.0,0.0,0.0,0.0,0.0,Route Failure,700.0,"{'node_level': {'cpu': -78}, 'link_level': {'bw': -30}, 'path_level': {}}","{'node_level': {5: {'cpu': -84}, 2: {'cpu': -49}, 4: {'cpu': -57}, 0: {'cpu': -63}, 6: {'cpu': -42}, 1: {'cpu': -95}, 3: {'cpu': -78}}, 'link_level': {(2, 5): {'bw': -56}, (4, 5): {'bw': -41}, (0, 2): {'bw': -55}, (0, 5): {'bw': -12}, (6, 5): {'bw': -24}, (1, 0): {'bw': -6}, (1, 2): {'bw': -31}, (3, 1): {'bw': -42}, (3, 2): {'bw': -30}}, 'path_level': {(2, 5): {}, (4, 5): {}, (0, 2): {}, (0, 5): {}, (6, 5): {}, (1, 0): {}, (1, 2): {}, (3, 1): {}, (3, 2): {}}}","{'node_level': {5: {'cpu': 0}, 2: {'cpu': 0}, 4: {'cpu': 0}, 0: {'cpu': 0}, 6: {'cpu': 0}, 1: {'cpu': 0}, 3: {'cpu': 0}}, 'link_level': {(2, 5): {'bw': 0}, (4, 5): {'bw': 0}, (0, 2): {'bw': 0}, (0, 5): {'bw': 0}, (6, 5): {'bw': 0}, (1, 0): {'bw': 0}, (1, 2): {'bw': 0}, (3, 1): {'bw': 0}, (3, 2): {'bw': 0}}, 'path_level': {(2, 5): {}, (4, 5): {}, (0, 2): {}, (0, 5): {}, (6, 5): {}, (1, 0): {}, (1, 2): {}, (3, 1): {}, (3, 2): {}}}",[],-30.0,100.0,True,False,False,0,[],0,0.0,7.0,7.0,9.0
13,3,3,437.0,486.0,274344.024112577,304852.2625918138,0.8991769547325102,0.8999245135336712,10,12,1,295.0,9018,4724,4294,0.030775543701272,0.07257019438444923,12,4.242126642440242,295.0,9,14,False,"{8: 8, 5: 3, 3: 17}","{(5, 8): [(3, 8)], (3, 8): [(17, 8)]}","{(8, 8): {'cpu': 15}, (5, 3): {'cpu': 10}, (3, 17): {'cpu': 7}}","{((5, 8), (3, 8)): {'bw': 46}, ((3, 8), (17, 8)): {'bw': 41}}",0.0,0.0,186.0,93.0,334.0,0.0,0.0,0.0,0.0,0.0,0.0,0.0,0.0,0.0,Route Failure,2400.0,"{'node_level': {'cpu': -70}, 'link_level': {'bw': 100.0}, 'path_level': {}}","{'node_level': {8: {'cpu': -75}, 5: {'cpu': -48}, 3: {'cpu': -69}, 4: {'cpu': -70}}, 'link_level': {(5, 8): {'bw': -16}, (3, 8): {'bw': -28}, (4, 3): {'bw': -14}, (4, 5): {'bw': 100.0}, (4, 8): {'bw': 100.0}}, 'path_level': {(5, 8): {}, (3, 8): {}, (4, 3): {}, (4, 5): {}, (4, 8): {}}}","{'node_level': {8: {'cpu': 0}, 5: {'cpu': 0}, 3: {'cpu': 0}, 4: {'cpu': 0}}, 'link_level': {(5, 8): {'bw': 0}, (3, 8): {'bw': 0}, (4, 3): {'bw': 0}, (4, 5): {'bw': 100.0}, (4, 8): {'bw': 100.0}}, 'path_level': {(5, 8): {}, (3, 8): {}, (4, 3): {}, (4, 5): {}, (4, 8): {}}}",[],100.0,100.0,True,False,False,0,[],0,0.0,24.0,3.0,2.0
13,3,3,437.0,486.0,274344.024112577,304852.2625918138,0.8991769547325102,0.8999245135336712,10,13,0,299.24212664244027,9018,4724,4294,0.030775543701272,0.07257019438444923,12,4.242126642440242,295.0,9,14,False,{},{},{},{},0.0,0.0,0.0,0.0,0.0,0.0,0.0,0.0,0.0,0.0,0.0,0.0,0.0,0.0,Leave Event,0.0,"{'node_level': {}, 'link_level': {}, 'path_level': {}}","{'node_level': {}, 'link_level': {}, 'path_level': {}}","{'node_level': {}, 'link_level': {}, 'path_level': {}}",[],-inf,-inf,True,True,False,0,[],0,0.0,,,
13,3,3,437.0,486.0,274344.024112577,304852.2625918138,0.8991769547325102,0.8999245135336712,10,14,0,311.63903511487774,9018,4724,4294,0.030775543701272,0.07257019438444923,4,201.63903511487771,110.0,10,23,False,{},{},{},{},0.0,0.0,0.0,0.0,0.0,0.0,0.0,0.0,0.0,0.0,0.0,0.0,0.0,0.0,Leave Event,0.0,"{'node_level': {}, 'link_level': {}, 'path_level': {}}","{'node_level': {}, 'link_level': {}, 'path_level': {}}","{'node_level': {}, 'link_level': {}, 'path_level': {}}",[],-inf,-inf,True,True,False,0,[],0,0.0,,,
14,3,3,437.0,486.0,274344.024112577,304852.2625918138,0.8991769547325102,0.8999245135336712,10,15,1,317.0,9018,4724,4294,0.030775543701272,0.07257019438444923,13,12.762208853432039,317.0,5,6,False,"{0: 8, 4: 3, 2: 17, 1: 33}","{(4, 0): [(3, 8)], (2, 0): [(17, 8)], (1, 2): [(33, 17)], (1, 4): [(33, 17), (17, 8), (8, 3)]}","{(0, 8): {'cpu': 14}, (4, 3): {'cpu': 2}, (2, 17): {'cpu': 1}, (1, 33): {'cpu': 6}}","{((4, 0), (3, 8)): {'bw': 29}, ((2, 0), (17, 8)): {'bw': 39}, ((1, 2), (33, 17)): {'bw': 45}, ((1, 4), (33, 17)): {'bw': 28}, ((1, 4), (17, 8)): {'bw': 28}, ((1, 4), (8, 3)): {'bw': 28}}",0.0,0.0,52.0,26.0,228.0,0.0,0.0,0.0,0.0,0.0,0.0,0.0,0.0,0.0,Route Failure,2300.0,"{'node_level': {'cpu': -69}, 'link_level': {'bw': 100.0}, 'path_level': {}}","{'node_level': {0: {'cpu': -76}, 4: {'cpu': -56}, 2: {'cpu': -75}, 1: {'cpu': -48}, 3: {'cpu': -69}}, 'link_level': {(4, 0): {'bw': -33}, (2, 0): {'bw': -30}, (1, 2): {'bw': -31}, (1, 4): {'bw': -2}, (3, 2): {'bw': 100.0}, (3, 4): {'bw': 100.0}}, 'path_level': {(4, 0): {}, (2, 0): {}, (1, 2): {}, (1, 4): {}, (3, 2): {}, (3, 4): {}}}","{'node_level': {0: {'cpu': 0}, 4: {'cpu': 0}, 2: {'cpu': 0}, 1: {'cpu': 0}, 3: {'cpu': 0}}, 'link_level': {(4, 0): {'bw': 0}, (2, 0): {'bw': 0}, (1, 2): {'bw': 0}, (1, 4): {'bw': 0}, (3, 2): {'bw': 100.0}, (3, 4): {'bw': 100.0}}, 'path_level': {(4, 0): {}, (2, 0): {}, (1, 2): {}, (1, 4): {}, (3, 2): {}, (3, 4): {}}}",[],100.0,100.0,True,False,False,0,[],0,0.0,23.0,4.0,4.0
14,3,3,437.0,486.0,274344.024112577,304852.2625918138,0.8991769547325102,0.8999245135336712,10,16,0,329.762208853432,9018,4724,4294,0.030775543701272,0.07257019438444923,13,12.762208853432039,317.0,5,6,False,{},{},{},{},0.0,0.0,0.0,0.0,0.0,0.0,0.0,0.0,0.0,0.0,0.0,0.0,0.0,0.0,Leave Event,0.0,"{'node_level': {}, 'link_level': {}, 'path_level': {}}","{'node_level': {}, 'link_level': {}, 'path_level': {}}","{'node_level': {}, 'link_level': {}, 'path_level': {}}",[],-inf,-inf,True,True,False,0,[],0,0.0,,,
15,3,3,437.0,486.0,274344.024112577,304852.2625918138,0.8991769547325102,0.8999245135336712,10,17,1,342.0,9018,4724,4294,0.030775543701272,0.07257019438444923,14,1410.4736355378006,342.0,8,14,False,"{1: 8, 2: 3, 5: 17, 6: 1, 3: 34}","{(2, 1): [(3, 8)], (5, 1): [(17, 8)], (6, 1): [(1, 3), (3, 8)], (6, 2): [(1, 3)], (3, 1): [(34, 18), (18, 8)], (3, 5): [(34, 18), (18, 8), (8, 17)]}","{(1, 8): {'cpu': 19}, (2, 3): {'cpu': 9}, (5, 17): {'cpu': 19}, (6, 1): {'cpu': 11}, (3, 34): {'cpu': 3}}","{((2, 1), (3, 8)): {'bw': 7}, ((5, 1), (17, 8)): {'bw': 38}, ((6, 1), (1, 3)): {'bw': 33}, ((6, 1), (3, 8)): {'bw': 33}, ((6, 2), (1, 3)): {'bw': 42}, ((3, 1), (34, 18)): {'bw': 33}, ((3, 1), (18, 8)): {'bw': 33}, ((3, 5), (34, 18)): {'bw': 18}, ((3, 5), (18, 8)): {'bw': 18}, ((3, 5), (8, 17)): {'bw': 18}}",0.0,0.0,172.0,86.0,425.0,0.0,0.0,0.0,0.0,0.0,0.0,0.0,0.0,0.0,Route Failure,2200.0,"{'node_level': {'cpu': -68}, 'link_level': {'bw': 100.0}, 'path_level': {}}","{'node_level': {1: {'cpu': -71}, 2: {'cpu': -49}, 5: {'cpu': -57}, 6: {'cpu': -54}, 3: {'cpu': -93}, 4: {'cpu': -68}}, 'link_level': {(2, 1): {'bw': -55}, (5, 1): {'bw': -31}, (6, 1): {'bw': -22}, (6, 2): {'bw': -18}, (3, 1): {'bw': -35}, (3, 5): {'bw': -13}, (4, 1): {'bw': 100.0}}, 'path_level': {(2, 1): {}, (5, 1): {}, (6, 1): {}, (6, 2): {}, (3, 1): {}, (3, 5): {}, (4, 1): {}}}","{'node_level': {1: {'cpu': 0}, 2: {'cpu': 0}, 5: {'cpu': 0}, 6: {'cpu': 0}, 3: {'cpu': 0}, 4: {'cpu': 0}}, 'link_level': {(2, 1): {'bw': 0}, (5, 1): {'bw': 0}, (6, 1): {'bw': 0}, (6, 2): {'bw': 0}, (3, 1): {'bw': 0}, (3, 5): {'bw': 0}, (4, 1): {'bw': 100.0}}, 'path_level': {(2, 1): {}, (5, 1): {}, (6, 1): {}, (6, 2): {}, (3, 1): {}, (3, 5): {}, (4, 1): {}}}",[],100.0,100.0,True,False,False,0,[],0,0.0,22.0,5.0,6.0
16,3,3,437.0,486.0,274344.024112577,304852.2625918138,0.8991769547325102,0.8999245135336712,10,18,1,353.0,9018,4724,4294,0.030775543701272,0.07257019438444923,15,53.86941983211133,353.0,6,7,False,"{5: 8, 3: 3, 0: 17, 4: 1, 2: 34, 1: 0}","{(3, 5): [(3, 8)], (0, 3): [(17, 8), (8, 3)], (0, 5): [(17, 8)], (4, 3): [(1, 3)], (4, 5): [(1, 3), (3, 8)], (2, 5): [(34, 18), (18, 8)], (1, 3): [(0, 1), (1, 3)]}","{(5, 8): {'cpu': 11}, (3, 3): {'cpu': 6}, (0, 17): {'cpu': 18}, (4, 1): {'cpu': 18}, (2, 34): {'cpu': 18}, (1, 0): {'cpu': 14}}","{((3, 5), (3, 8)): {'bw': 30}, ((0, 3), (17, 8)): {'bw': 18}, ((0, 3), (8, 3)): {'bw': 18}, ((0, 5), (17, 8)): {'bw': 34}, ((4, 3), (1, 3)): {'bw': 28}, ((4, 5), (1, 3)): {'bw': 11}, ((4, 5), (3, 8)): {'bw': 11}, ((2, 5), (34, 18)): {'bw': 30}, ((2, 5), (18, 8)): {'bw': 30}, ((1, 3), (0, 1)): {'bw': 27}, ((1, 3), (1, 3)): {'bw': 27}}",0.0,0.0,170.0,85.0,178.0,0.0,0.0,0.0,0.0,0.0,0.0,0.0,0.0,0.0,Route Failure,500.0,"{'node_level': {'cpu': -76}, 'link_level': {'bw': -27}, 'path_level': {}}","{'node_level': {5: {'cpu': -79}, 3: {'cpu': -52}, 0: {'cpu': -58}, 4: {'cpu': -47}, 2: {'cpu': -78}, 1: {'cpu': -76}}, 'link_level': {(3, 5): {'bw': -32}, (0, 3): {'bw': -14}, (0, 5): {'bw': -17}, (4, 3): {'bw': -65}, (4, 5): {'bw': -3}, (2, 5): {'bw': -38}, (1, 3): {'bw': -27}}, 'path_level': {(3, 5): {}, (0, 3): {}, (0, 5): {}, (4, 3): {}, (4, 5): {}, (2, 5): {}, (1, 3): {}}}","{'node_level': {5: {'cpu': 0}, 3: {'cpu': 0}, 0: {'cpu': 0}, 4: {'cpu': 0}, 2: {'cpu': 0}, 1: {'cpu': 0}}, 'link_level': {(3, 5): {'bw': 0}, (0, 3): {'bw': 0}, (0, 5): {'bw': 0}, (4, 3): {'bw': 0}, (4, 5): {'bw': 0}, (2, 5): {'bw': 0}, (1, 3): {'bw': 0}}, 'path_level': {(3, 5): {}, (0, 3): {}, (0, 5): {}, (4, 3): {}, (4, 5): {}, (2, 5): {}, (1, 3): {}}}",[],-27.0,100.0,True,False,False,0,[],0,0.0,5.0,6.0,7.0
17,3,3,437.0,486.0,274344.024112577,304852.2625918138,0.8991769547325102,0.8999245135336712,10,19,1,382.0,9018,4724,4294,0.030775543701272,0.07257019438444923,16,542.3070467411391,382.0,5,8,False,"{1: 8, 4: 3, 0: 17, 3: 18, 2: 33}","{(4, 1): [(3, 8)], (0, 1): [(17, 8)], (3, 0): [(18, 8), (8, 17)], (3, 1): [(18, 8)], (3, 4): [(18, 8), (8, 3)], (2, 1): [(33, 17), (17, 8)], (2, 3): [(33, 17), (17, 8), (8, 18)], (2, 4): [(33, 17), (17, 8), (8, 3)]}","{(1, 8): {'cpu': 14}, (4, 3): {'cpu': 9}, (0, 17): {'cpu': 12}, (3, 18): {'cpu': 5}, (2, 33): {'cpu': 2}}","{((4, 1), (3, 8)): {'bw': 36}, ((0, 1), (17, 8)): {'bw': 13}, ((3, 0), (18, 8)): {'bw': 17}, ((3, 0), (8, 17)): {'bw': 17}, ((3, 1), (18, 8)): {'bw': 0}, ((3, 4), (18, 8)): {'bw': 4}, ((3, 4), (8, 3)): {'bw': 4}, ((2, 1), (33, 17)): {'bw': 6}, ((2, 1), (17, 8)): {'bw': 6}, ((2, 3), (33, 17)): {'bw': 20}, ((2, 3), (17, 8)): {'bw': 20}, ((2, 3), (8, 18)): {'bw': 20}, ((2, 4), (33, 17)): {'bw': 1}, ((2, 4), (17, 8)): {'bw': 1}, ((2, 4), (8, 3)): {'bw': 1}}",0.0,0.0,84.0,42.0,97.0,0.0,0.0,0.0,0.0,0.0,0.0,0.0,0.0,0.0,Route Failure,200.0,"{'node_level': {'cpu': -52}, 'link_level': {'bw': -12}, 'path_level': {}}","{'node_level': {1: {'cpu': -76}, 4: {'cpu': -49}, 0: {'cpu': -64}, 3: {'cpu': -65}, 2: {'cpu': -52}}, 'link_level': {(4, 1): {'bw': -26}, (0, 1): {'bw': -56}, (3, 0): {'bw': -39}, (3, 1): {'bw': -51}, (3, 4): {'bw': -22}, (2, 1): {'bw': -33}, (2, 3): {'bw': -13}, (2, 4): {'bw': -12}}, 'path_level': {(4, 1): {}, (0, 1): {}, (3, 0): {}, (3, 1): {}, (3, 4): {}, (2, 1): {}, (2, 3): {}, (2, 4): {}}}","{'node_level': {1: {'cpu': 0}, 4: {'cpu': 0}, 0: {'cpu': 0}, 3: {'cpu': 0}, 2: {'cpu': 0}}, 'link_level': {(4, 1): {'bw': 0}, (0, 1): {'bw': 0}, (3, 0): {'bw': 0}, (3, 1): {'bw': 0}, (3, 4): {'bw': 0}, (2, 1): {'bw': 0}, (2, 3): {'bw': 0}, (2, 4): {'bw': 0}}, 'path_level': {(4, 1): {}, (0, 1): {}, (3, 0): {}, (3, 1): {}, (3, 4): {}, (2, 1): {}, (2, 3): {}, (2, 4): {}}}",[],-12.0,100.0,True,False,False,0,[],0,0.0,2.0,5.0,8.0
18,3,3,437.0,486.0,274344.024112577,304852.2625918138,0.8991769547325102,0.8999245135336712,10,20,1,404.0,9018,4724,4294,0.030775543701272,0.07257019438444923,17,166.52018677759213,404.0,9,14,False,"{1: 8, 6: 3, 2: 1, 0: 7, 4: 33, 7: 49}","{(6, 1): [(3, 8)], (2, 1): [(1, 3), (3, 8)], (2, 6): [(1, 3)], (0, 1): [(7, 3), (3, 8)], (0, 2): [(7, 3), (3, 1)], (4, 1): [(33, 17), (17, 8)], (7, 1): [(49, 17), (17, 8)]}","{(1, 8): {'cpu': 19}, (6, 3): {'cpu': 20}, (2, 1): {'cpu': 8}, (0, 7): {'cpu': 5}, (4, 33): {'cpu': 10}, (7, 49): {'cpu': 5}}","{((6, 1), (3, 8)): {'bw': 48}, ((2, 1), (1, 3)): {'bw': 7}, ((2, 1), (3, 8)): {'bw': 7}, ((2, 6), (1, 3)): {'bw': 39}, ((0, 1), (7, 3)): {'bw': 0}, ((0, 1), (3, 8)): {'bw': 0}, ((0, 2), (7, 3)): {'bw': 29}, ((0, 2), (3, 1)): {'bw': 29}, ((4, 1), (33, 17)): {'bw': 23}, ((4, 1), (17, 8)): {'bw': 23}, ((7, 1), (49, 17)): {'bw': 22}, ((7, 1), (17, 8)): {'bw': 22}}",0.0,0.0,164.0,82.0,359.0,0.0,0.0,0.0,0.0,0.0,0.0,0.0,0.0,0.0,Route Failure,2100.0,"{'node_level': {'cpu': -71}, 'link_level': {'bw': 100.0}, 'path_level': {}}","{'node_level': {1: {'cpu': -71}, 6: {'cpu': -38}, 2: {'cpu': -57}, 0: {'cpu': -56}, 4: {'cpu': -44}, 7: {'cpu': -91}, 3: {'cpu': -71}}, 'link_level': {(6, 1): {'bw': -14}, (2, 1): {'bw': -7}, (2, 6): {'bw': -47}, (0, 1): {'bw': -7}, (0, 2): {'bw': -18}, (4, 1): {'bw': -46}, (7, 1): {'bw': -24}, (3, 1): {'bw': 100.0}, (3, 2): {'bw': 100.0}}, 'path_level': {(6, 1): {}, (2, 1): {}, (2, 6): {}, (0, 1): {}, (0, 2): {}, (4, 1): {}, (7, 1): {}, (3, 1): {}, (3, 2): {}}}","{'node_level': {1: {'cpu': 0}, 6: {'cpu': 0}, 2: {'cpu': 0}, 0: {'cpu': 0}, 4: {'cpu': 0}, 7: {'cpu': 0}, 3: {'cpu': 0}}, 'link_level': {(6, 1): {'bw': 0}, (2, 1): {'bw': 0}, (2, 6): {'bw': 0}, (0, 1): {'bw': 0}, (0, 2): {'bw': 0}, (4, 1): {'bw': 0}, (7, 1): {'bw': 0}, (3, 1): {'bw': 100.0}, (3, 2): {'bw': 100.0}}, 'path_level': {(6, 1): {}, (2, 1): {}, (2, 6): {}, (0, 1): {}, (0, 2): {}, (4, 1): {}, (7, 1): {}, (3, 1): {}, (3, 2): {}}}",[],100.0,100.0,True,False,False,0,[],0,0.0,21.0,6.0,7.0
18,3,3,437.0,486.0,274344.024112577,304852.2625918138,0.8991769547325102,0.8999245135336712,10,21,0,406.86941983211136,9018,4724,4294,0.030775543701272,0.07257019438444923,15,53.86941983211133,353.0,6,7,False,{},{},{},{},0.0,0.0,0.0,0.0,0.0,0.0,0.0,0.0,0.0,0.0,0.0,0.0,0.0,0.0,Leave Event,0.0,"{'node_level': {}, 'link_level': {}, 'path_level': {}}","{'node_level': {}, 'link_level': {}, 'path_level': {}}","{'node_level': {}, 'link_level': {}, 'path_level': {}}",[],-inf,-inf,True,True,False,0,[],0,0.0,,,
18,3,3,437.0,486.0,274344.024112577,304852.2625918138,0.8991769547325102,0.8999245135336712,10,22,0,414.3600929825318,9018,4724,4294,0.030775543701272,0.07257019438444923,2,349.3600929825318,65.0,8,17,False,{},{},{},{},0.0,0.0,0.0,0.0,0.0,0.0,0.0,0.0,0.0,0.0,0.0,0.0,0.0,0.0,Leave Event,0.0,"{'node_level': {}, 'link_level': {}, 'path_level': {}}","{'node_level': {}, 'link_level': {}, 'path_level': {}}","{'node_level': {}, 'link_level': {}, 'path_level': {}}",[],-inf,-inf,True,True,False,0,[],0,0.0,,,
19,3,3,437.0,486.0,274344.024112577,304852.2625918138,0.8991769547325102,0.8999245135336712,10,23,1,427.0,9018,4724,4294,0.030775543701272,0.07257019438444923,18,112.0985178767175,427.0,8,18,False,"{5: 8, 6: 3}","{(6, 5): [(3, 8)]}","{(5, 8): {'cpu': 14}, (6, 3): {'cpu': 15}}","{((6, 5), (3, 8)): {'bw': 45}}",0.0,0.0,164.0,82.0,409.0,0.0,0.0,0.0,0.0,0.0,0.0,0.0,0.0,0.0,Route Failure,2500.0,"{'node_level': {'cpu': -56}, 'link_level': {'bw': 100.0}, 'path_level': {}}","{'node_level': {5: {'cpu': -76}, 6: {'cpu': -43}, 3: {'cpu': -56}}, 'link_level': {(6, 5): {'bw': -17}, (3, 5): {'bw': 100.0}, (3, 6): {'bw': 100.0}}, 'path_level': {(6, 5): {}, (3, 5): {}, (3, 6): {}}}","{'node_level': {5: {'cpu': 0}, 6: {'cpu': 0}, 3: {'cpu': 0}}, 'link_level': {(6, 5): {'bw': 0}, (3, 5): {'bw': 100.0}, (3, 6): {'bw': 100.0}}, 'path_level': {(6, 5): {}, (3, 5): {}, (3, 6): {}}}",[],100.0,100.0,True,False,False,0,[],0,0.0,25.0,2.0,1.0
20,3,3,437.0,486.0,274344.024112577,304852.2625918138,0.8991769547325102,0.8999245135336712,10,24,1,450.0,9018,4724,4294,0.030775543701272,0.07257019438444923,19,245.784597408048,450.0,3,3,False,"{2: 8, 1: 3, 0: 1}","{(1, 2): [(3, 8)], (0, 1): [(1, 3)], (0, 2): [(1, 3), (3, 8)]}","{(2, 8): {'cpu': 14}, (1, 3): {'cpu': 8}, (0, 1): {'cpu': 3}}","{((1, 2), (3, 8)): {'bw': 13}, ((0, 1), (1, 3)): {'bw': 43}, ((0, 2), (1, 3)): {'bw': 38}, ((0, 2), (3, 8)): {'bw': 38}}",0.0,0.0,50.0,25.0,94.0,0.0,0.0,0.0,0.0,0.0,0.0,0.0,0.0,0.0,Route Failure,200.0,"{'node_level': {'cpu': -62}, 'link_level': {'bw': -11}, 'path_level': {}}","{'node_level': {2: {'cpu': -76}, 1: {'cpu': -50}, 0: {'cpu': -62}}, 'link_level': {(1, 2): {'bw': -49}, (0, 1): {'bw': -50}, (0, 2): {'bw': -11}}, 'path_level': {(1, 2): {}, (0, 1): {}, (0, 2): {}}}","{'node_level': {2: {'cpu': 0}, 1: {'cpu': 0}, 0: {'cpu': 0}}, 'link_level': {(1, 2): {'bw': 0}, (0, 1): {'bw': 0}, (0, 2): {'bw': 0}}, 'path_level': {(1, 2): {}, (0, 1): {}, (0, 2): {}}}",[],-11.0,100.0,True,False,False,0,[],0,0.0,2.0,3.0,3.0
20,3,3,437.0,486.0,274344.024112577,304852.2625918138,0.8991769547325102,0.8999245135336712,10,25,0,459.3672823909719,9018,4724,4294,0.030775543701272,0.07257019438444923,5,328.3672823909719,131.0,9,21,False,{},{},{},{},0.0,0.0,0.0,0.0,0.0,0.0,0.0,0.0,0.0,0.0,0.0,0.0,0.0,0.0,Leave Event,0.0,"{'node_level': {}, 'link_level': {}, 'path_level': {}}","{'node_level': {}, 'link_level': {}, 'path_level': {}}","{'node_level': {}, 'link_level': {}, 'path_level': {}}",[],-inf,-inf,True,True,False,0,[],0,0.0,,,
20,3,3,437.0,486.0,274344.024112577,304852.2625918138,0.8991769547325102,0.8999245135336712,10,26,0,467.6104373790477,9018,4724,4294,0.030775543701272,0.07257019438444923,8,267.6104373790477,200.0,7,10,False,{},{},{},{},0.0,0.0,0.0,0.0,0.0,0.0,0.0,0.0,0.0,0.0,0.0,0.0,0.0,0.0,Leave Event,0.0,"{'node_level': {}, 'link_level': {}, 'path_level': {}}","{'node_level': {}, 'link_level': {}, 'path_level': {}}","{'node_level': {}, 'link_level': {}, 'path_level': {}}",[],-inf,-inf,True,True,False,0,[],0,0.0,,,
21,3,3,437.0,486.0,274344.024112577,304852.2625918138,0.8991769547325102,0.8999245135336712,10,27,1,476.0,9018,4724,4294,0.030775543701272,0.07257019438444923,20,1301.1806461180379,476.0,5,7,False,"{2: 8, 4: 3, 0: 17}","{(4, 2): [(3, 8)], (0, 2): [(17, 8)]}","{(2, 8): {'cpu': 18}, (4, 3): {'cpu': 9}, (0, 17): {'cpu': 3}}","{((4, 2), (3, 8)): {'bw': 38}, ((0, 2), (17, 8)): {'bw': 30}}",0.0,0.0,70.0,35.0,157.0,0.0,0.0,0.0,0.0,0.0,0.0,0.0,0.0,0.0,Route Failure,2400.0,"{'node_level': {'cpu': -70}, 'link_level': {'bw': 100.0}, 'path_level': {}}","{'node_level': {2: {'cpu': -72}, 4: {'cpu': -49}, 0: {'cpu': -73}, 3: {'cpu': -70}}, 'link_level': {(4, 2): {'bw': -24}, (0, 2): {'bw': -39}, (3, 0): {'bw': 100.0}, (3, 2): {'bw': 100.0}}, 'path_level': {(4, 2): {}, (0, 2): {}, (3, 0): {}, (3, 2): {}}}","{'node_level': {2: {'cpu': 0}, 4: {'cpu': 0}, 0: {'cpu': 0}, 3: {'cpu': 0}}, 'link_level': {(4, 2): {'bw': 0}, (0, 2): {'bw': 0}, (3, 0): {'bw': 100.0}, (3, 2): {'bw': 100.0}}, 'path_level': {(4, 2): {}, (0, 2): {}, (3, 0): {}, (3, 2): {}}}",[],100.0,100.0,True,False,False,0,[],0,0.0,24.0,3.0,2.0
22,3,3,437.0,486.0,274344.024112577,304852.2625918138,0.8991769547325102,0.8999245135336712,10,28,1,502.0,9018,4724,4294,0.030775543701272,0.07257019438444923,21,422.3039854022498,502.0,7,7,False,"{1: 8, 6: 3, 4: 17, 0: 18, 3: 33, 2: 49}","{(6, 1): [(3, 8)], (4, 1): [(17, 8)], (0, 1): [(18, 8)], (0, 6): [(18, 8), (8, 3)], (3, 0): [(33, 17), (17, 8), (8, 18)], (2, 3): [(49, 17), (17, 33)]}","{(1, 8): {'cpu': 15}, (6, 3): {'cpu': 6}, (4, 17): {'cpu': 6}, (0, 18): {'cpu': 2}, (3, 33): {'cpu': 14}, (2, 49): {'cpu': 20}}","{((6, 1), (3, 8)): {'bw': 36}, ((4, 1), (17, 8)): {'bw': 35}, ((0, 1), (18, 8)): {'bw': 23}, ((0, 6), (18, 8)): {'bw': 16}, ((0, 6), (8, 3)): {'bw': 16}, ((3, 0), (33, 17)): {'bw': 12}, ((3, 0), (17, 8)): {'bw': 12}, ((3, 0), (8, 18)): {'bw': 12}, ((2, 3), (49, 17)): {'bw': 0}, ((2, 3), (17, 33)): {'bw': 0}}",0.0,0.0,158.0,79.0,149.0,0.0,0.0,0.0,0.0,0.0,0.0,0.0,0.0,0.0,Route Failure,2100.0,"{'node_level': {'cpu': -56}, 'link_level': {'bw': 100.0}, 'path_level': {}}","{'node_level': {1: {'cpu': -75}, 6: {'cpu': -52}, 4: {'cpu': -70}, 0: {'cpu': -68}, 3: {'cpu': -40}, 2: {'cpu': -76}, 5: {'cpu': -56}}, 'link_level': {(6, 1): {'bw': -26}, (4, 1): {'bw': -34}, (0, 1): {'bw': -45}, (0, 6): {'bw': -10}, (3, 0): {'bw': -17}, (2, 3): {'bw': -64}, (5, 2): {'bw': 100.0}}, 'path_level': {(6, 1): {}, (4, 1): {}, (0, 1): {}, (0, 6): {}, (3, 0): {}, (2, 3): {}, (5, 2): {}}}","{'node_level': {1: {'cpu': 0}, 6: {'cpu': 0}, 4: {'cpu': 0}, 0: {'cpu': 0}, 3: {'cpu': 0}, 2: {'cpu': 0}, 5: {'cpu': 0}}, 'link_level': {(6, 1): {'bw': 0}, (4, 1): {'bw': 0}, (0, 1): {'bw': 0}, (0, 6): {'bw': 0}, (3, 0): {'bw': 0}, (2, 3): {'bw': 0}, (5, 2): {'bw': 100.0}}, 'path_level': {(6, 1): {}, (4, 1): {}, (0, 1): {}, (0, 6): {}, (3, 0): {}, (2, 3): {}, (5, 2): {}}}",[],100.0,100.0,True,False,False,0,[],0,0.0,21.0,6.0,6.0
23,3,3,437.0,486.0,274344.024112577,304852.2625918138,0.8991769547325102,0.8999245135336712,10,29,1,528.0,9018,4724,4294,0.030775543701272,0.07257019438444923,22,1242.741079428085,528.0,10,28,False,"{8: 8, 9: 3, 1: 17}","{(9, 8): [(3, 8)], (1, 8): [(17, 8)], (1, 9): [(17, 8), (8, 3)]}","{(8, 8): {'cpu': 15}, (9, 3): {'cpu': 19}, (1, 17): {'cpu': 16}}","{((9, 8), (3, 8)): {'bw': 25}, ((1, 8), (17, 8)): {'bw': 14}, ((1, 9), (17, 8)): {'bw': 11}, ((1, 9), (8, 3)): {'bw': 11}}",0.0,0.0,244.0,122.0,710.0,0.0,0.0,0.0,0.0,0.0,0.0,0.0,0.0,0.0,Route Failure,2400.0,"{'node_level': {'cpu': -55}, 'link_level': {'bw': 100.0}, 'path_level': {}}","{'node_level': {8: {'cpu': -75}, 9: {'cpu': -39}, 1: {'cpu': -60}, 6: {'cpu': -55}}, 'link_level': {(9, 8): {'bw': -37}, (1, 8): {'bw': -55}, (1, 9): {'bw': -26}, (6, 1): {'bw': 100.0}, (6, 8): {'bw': -7}, (6, 9): {'bw': 100.0}}, 'path_level': {(9, 8): {}, (1, 8): {}, (1, 9): {}, (6, 1): {}, (6, 8): {}, (6, 9): {}}}","{'node_level': {8: {'cpu': 0}, 9: {'cpu': 0}, 1: {'cpu': 0}, 6: {'cpu': 0}}, 'link_level': {(9, 8): {'bw': 0}, (1, 8): {'bw': 0}, (1, 9): {'bw': 0}, (6, 1): {'bw': 100.0}, (6, 8): {'bw': 0}, (6, 9): {'bw': 100.0}}, 'path_level': {(9, 8): {}, (1, 8): {}, (1, 9): {}, (6, 1): {}, (6, 8): {}, (6, 9): {}}}",[],100.0,100.0,True,False,False,0,[],0,0.0,24.0,3.0,3.0
23,3,3,437.0,486.0,274344.024112577,304852.2625918138,0.8991769547325102,0.8999245135336712,10,30,0,539.0985178767176,9018,4724,4294,0.030775543701272,0.07257019438444923,18,112.0985178767175,427.0,8,18,False,{},{},{},{},0.0,0.0,0.0,0.0,0.0,0.0,0.0,0.0,0.0,0.0,0.0,0.0,0.0,0.0,Leave Event,0.0,"{'node_level': {}, 'link_level': {}, 'path_level': {}}","{'node_level': {}, 'link_level': {}, 'path_level': {}}","{'node_level': {}, 'link_level': {}, 'path_level': {}}",[],-inf,-inf,True,True,False,0,[],0,0.0,,,
23,3,2,437.0,486.0,274344.024112577,304852.2625918138,0.8991769547325102,0.8999245135336712,10,31,0,543.0071929899361,9235,4791,4444,0.01702913418137053,0.040172786177105846,10,294.00719298993613,249.0,6,5,False,{},{},{},{},0.0,0.0,0.0,0.0,0.0,0.0,0.0,0.0,0.0,0.0,0.0,0.0,0.0,0.0,Leave Event,0.0,"{'node_level': {}, 'link_level': {}, 'path_level': {}}","{'node_level': {}, 'link_level': {}, 'path_level': {}}","{'node_level': {}, 'link_level': {}, 'path_level': {}}",[],-inf,-inf,True,True,False,0,[],0,0.0,,,
24,3,2,437.0,486.0,274344.024112577,304852.2625918138,0.8991769547325102,0.8999245135336712,10,32,1,555.0,9235,4791,4444,0.01702913418137053,0.040172786177105846,23,605.7744500002178,555.0,6,6,False,"{5: 11, 0: 5, 1: 2, 4: 39, 2: 0}","{(0, 5): [(5, 11)], (1, 0): [(2, 5)], (1, 5): [(2, 5), (5, 11)], (4, 5): [(39, 23), (23, 11)], (2, 1): [(0, 2)]}","{(5, 11): {'cpu': 20}, (0, 5): {'cpu': 16}, (1, 2): {'cpu': 10}, (4, 39): {'cpu': 5}, (2, 0): {'cpu': 9}}","{((0, 5), (5, 11)): {'bw': 50}, ((1, 0), (2, 5)): {'bw': 35}, ((1, 5), (2, 5)): {'bw': 7}, ((1, 5), (5, 11)): {'bw': 7}, ((4, 5), (39, 23)): {'bw': 16}, ((4, 5), (23, 11)): {'bw': 16}, ((2, 1), (0, 2)): {'bw': 32}}",0.0,0.0,124.0,62.0,189.0,0.0,0.0,0.0,0.0,0.0,0.0,0.0,0.0,0.0,Route Failure,2200.0,"{'node_level': {'cpu': -51}, 'link_level': {'bw': 100.0}, 'path_level': {}}","{'node_level': {5: {'cpu': -78}, 0: {'cpu': -59}, 1: {'cpu': -71}, 4: {'cpu': -47}, 2: {'cpu': -81}, 3: {'cpu': -51}}, 'link_level': {(0, 5): {'bw': -14}, (1, 0): {'bw': -36}, (1, 5): {'bw': -7}, (4, 5): {'bw': -40}, (2, 1): {'bw': -50}, (3, 4): {'bw': 100.0}}, 'path_level': {(0, 5): {}, (1, 0): {}, (1, 5): {}, (4, 5): {}, (2, 1): {}, (3, 4): {}}}","{'node_level': {5: {'cpu': 0}, 0: {'cpu': 0}, 1: {'cpu': 0}, 4: {'cpu': 0}, 2: {'cpu': 0}, 3: {'cpu': 0}}, 'link_level': {(0, 5): {'bw': 0}, (1, 0): {'bw': 0}, (1, 5): {'bw': 0}, (4, 5): {'bw': 0}, (2, 1): {'bw': 0}, (3, 4): {'bw': 100.0}}, 'path_level': {(0, 5): {}, (1, 0): {}, (1, 5): {}, (4, 5): {}, (2, 1): {}, (3, 4): {}}}",[],100.0,100.0,True,False,False,0,[],0,0.0,22.0,5.0,5.0
24,3,2,437.0,486.0,274344.024112577,304852.2625918138,0.8991769547325102,0.8999245135336712,10,33,0,570.5201867775921,9235,4791,4444,0.01702913418137053,0.040172786177105846,17,166.52018677759213,404.0,9,14,False,{},{},{},{},0.0,0.0,0.0,0.0,0.0,0.0,0.0,0.0,0.0,0.0,0.0,0.0,0.0,0.0,Leave Event,0.0,"{'node_level': {}, 'link_level': {}, 'path_level': {}}","{'node_level': {}, 'link_level': {}, 'path_level': {}}","{'node_level': {}, 'link_level': {}, 'path_level': {}}",[],-inf,-inf,True,True,False,0,[],0,0.0,,,
25,3,2,437.0,486.0,274344.024112577,304852.2625918138,0.8991769547325102,0.8999245135336712,10,34,1,593.0,9235,4791,4444,0.01702913418137053,0.040172786177105846,24,347.7915241262213,593.0,8,11,False,"{7: 11, 1: 5, 3: 23, 5: 24}","{(1, 7): [(5, 11)], (3, 7): [(23, 11)], (5, 7): [(24, 11)]}","{(7, 11): {'cpu': 19}, (1, 5): {'cpu': 17}, (3, 23): {'cpu': 15}, (5, 24): {'cpu': 13}}","{((1, 7), (5, 11)): {'bw': 44}, ((3, 7), (23, 11)): {'bw': 37}, ((5, 7), (24, 11)): {'bw': 5}}",0.0,0.0,156.0,78.0,268.0,0.0,0.0,0.0,0.0,0.0,0.0,0.0,0.0,0.0,Route Failure,2300.0,"{'node_level': {'cpu': -51}, 'link_level': {'bw': 100.0}, 'path_level': {}}","{'node_level': {7: {'cpu': -79}, 1: {'cpu': -58}, 3: {'cpu': -39}, 5: {'cpu': -79}, 2: {'cpu': -51}}, 'link_level': {(1, 7): {'bw': -20}, (3, 7): {'bw': -19}, (5, 7): {'bw': -82}, (2, 1): {'bw': -33}, (2, 3): {'bw': 100.0}}, 'path_level': {(1, 7): {}, (3, 7): {}, (5, 7): {}, (2, 1): {}, (2, 3): {}}}","{'node_level': {7: {'cpu': 0}, 1: {'cpu': 0}, 3: {'cpu': 0}, 5: {'cpu': 0}, 2: {'cpu': 0}}, 'link_level': {(1, 7): {'bw': 0}, (3, 7): {'bw': 0}, (5, 7): {'bw': 0}, (2, 1): {'bw': 0}, (2, 3): {'bw': 100.0}}, 'path_level': {(1, 7): {}, (3, 7): {}, (5, 7): {}, (2, 1): {}, (2, 3): {}}}",[],100.0,100.0,True,False,False,0,[],0,0.0,23.0,4.0,3.0
26,3,2,437.0,486.0,274344.024112577,304852.2625918138,0.8991769547325102,0.8999245135336712,10,35,1,618.0,9235,4791,4444,0.01702913418137053,0.040172786177105846,25,352.69777679303024,618.0,5,5,False,"{1: 11, 4: 5, 2: 2, 0: 0, 3: 6}","{(4, 1): [(5, 11)], (2, 1): [(2, 5), (5, 11)], (2, 4): [(2, 5)], (0, 2): [(0, 2)], (3, 0): [(6, 2), (2, 0)]}","{(1, 11): {'cpu': 13}, (4, 5): {'cpu': 9}, (2, 2): {'cpu': 2}, (0, 0): {'cpu': 6}, (3, 6): {'cpu': 7}}","{((4, 1), (5, 11)): {'bw': 42}, ((2, 1), (2, 5)): {'bw': 20}, ((2, 1), (5, 11)): {'bw': 20}, ((2, 4), (2, 5)): {'bw': 42}, ((0, 2), (0, 2)): {'bw': 22}, ((3, 0), (6, 2)): {'bw': 30}, ((3, 0), (2, 0)): {'bw': 30}}",0.0,0.0,74.0,37.0,156.0,0.0,0.0,0.0,0.0,0.0,0.0,0.0,0.0,0.0,Route Failure,700.0,"{'node_level': {'cpu': -61}, 'link_level': {'bw': -30}, 'path_level': {}}","{'node_level': {1: {'cpu': -85}, 4: {'cpu': -66}, 2: {'cpu': -79}, 0: {'cpu': -84}, 3: {'cpu': -61}}, 'link_level': {(4, 1): {'bw': -22}, (2, 1): {'bw': -2}, (2, 4): {'bw': -9}, (0, 2): {'bw': -60}, (3, 0): {'bw': -30}}, 'path_level': {(4, 1): {}, (2, 1): {}, (2, 4): {}, (0, 2): {}, (3, 0): {}}}","{'node_level': {1: {'cpu': 0}, 4: {'cpu': 0}, 2: {'cpu': 0}, 0: {'cpu': 0}, 3: {'cpu': 0}}, 'link_level': {(4, 1): {'bw': 0}, (2, 1): {'bw': 0}, (2, 4): {'bw': 0}, (0, 2): {'bw': 0}, (3, 0): {'bw': 0}}, 'path_level': {(4, 1): {}, (2, 1): {}, (2, 4): {}, (0, 2): {}, (3, 0): {}}}",[],-30.0,100.0,True,False,False,0,[],0,0.0,7.0,5.0,5.0
27,4,3,521.0,584.0,284715.9530311789,316952.8463301827,0.8921232876712328,0.8982912011289488,10,36,1,644.0,9137,4767,4370,0.02195322117357401,0.056155507559395246,26,123.47534426906996,644.0,4,3,True,"{1: 11, 0: 5, 3: 23, 2: 24}","{(0, 1): [(5, 11)], (3, 1): [(23, 11)], (2, 3): [(24, 11), (11, 23)]}","{(1, 11): {'cpu': 9}, (0, 5): {'cpu': 4}, (3, 23): {'cpu': 9}, (2, 24): {'cpu': 2}}","{((0, 1), (5, 11)): {'bw': 44}, ((3, 1), (23, 11)): {'bw': 2}, ((2, 3), (24, 11)): {'bw': 14}, ((2, 3), (11, 23)): {'bw': 14}}",98.0,84.0,48.0,24.0,60.0,24.0,60.0,24.0,74.0,14.0,0.8571428571428571,12100.583738368856,10371.928918601878,105.83600937348854,Success,0.0,"{'node_level': {'cpu': -90}, 'link_level': {'bw': -40}, 'path_level': {}}","{'node_level': {1: {'cpu': -89}, 0: {'cpu': -71}, 3: {'cpu': -45}, 2: {'cpu': -90}}, 'link_level': {(0, 1): {'bw': -20}, (3, 1): {'bw': -54}, (2, 3): {'bw': -40}}, 'path_level': {(0, 1): {}, (3, 1): {}, (2, 3): {}}}","{'node_level': {1: {'cpu': 0}, 0: {'cpu': 0}, 3: {'cpu': 0}, 2: {'cpu': 0}}, 'link_level': {(0, 1): {'bw': 0}, (3, 1): {'bw': 0}, (2, 3): {'bw': 0}}, 'path_level': {(0, 1): {}, (3, 1): {}, (2, 3): {}}}",[],-40.0,0.0,True,True,False,0,[],0,0.0,0.0,4.0,3.0
28,5,4,531.0,594.0,284739.325185599,316976.21848460275,0.8939393939393939,0.8982987005993016,10,37,1,667.0,9127,4761,4366,0.02318424292162491,0.05701943844492441,27,2.337215442006562,667.0,2,1,True,"{0: 12, 1: 5}","{(1, 0): [(5, 12)]}","{(0, 12): {'cpu': 5}, (1, 5): {'cpu': 1}}","{((1, 0), (5, 12)): {'bw': 4}}",10.0,10.0,12.0,6.0,4.0,6.0,4.0,6.0,4.0,0.0,1.0,23.37215442006562,23.37215442006562,2.337215442006562,Success,0.0,"{'node_level': {'cpu': -70}, 'link_level': {'bw': -52}, 'path_level': {}}","{'node_level': {0: {'cpu': -74}, 1: {'cpu': -70}}, 'link_level': {(1, 0): {'bw': -52}}, 'path_level': {(1, 0): {}}}","{'node_level': {0: {'cpu': 0}, 1: {'cpu': 0}}, 'link_level': {(1, 0): {'bw': 0}}, 'path_level': {(1, 0): {}}}",[],-52.0,0.0,True,True,False,0,[],0,0.0,0.0,2.0,1.0
28,5,3,531.0,594.0,284739.325185599,316976.21848460275,0.8939393939393939,0.8982987005993016,10,38,0,669.3372154420066,9137,4767,4370,0.02195322117357401,0.056155507559395246,27,2.337215442006562,667.0,2,1,False,{},{},{},{},0.0,0.0,0.0,0.0,0.0,0.0,0.0,0.0,0.0,0.0,0.0,0.0,0.0,0.0,Leave Event,0.0,"{'node_level': {}, 'link_level': {}, 'path_level': {}}","{'node_level': {}, 'link_level': {}, 'path_level': {}}","{'node_level': {}, 'link_level': {}, 'path_level': {}}",[],-inf,-inf,True,True,False,0,[],0,0.0,,,
29,5,3,531.0,594.0,284739.325185599,316976.21848460275,0.8939393939393939,0.8982987005993016,10,39,1,693.0,9137,4767,4370,0.02195322117357401,0.056155507559395246,28,270.50175156711845,693.0,6,9,False,"{0: 12, 1: 5}","{(1, 0): [(5, 12)]}","{(0, 12): {'cpu': 13}, (1, 5): {'cpu': 11}}","{((1, 0), (5, 12)): {'bw': 36}}",0.0,0.0,122.0,61.0,277.0,0.0,0.0,0.0,0.0,0.0,0.0,0.0,0.0,0.0,Route Failure,2500.0,"{'node_level': {'cpu': -36}, 'link_level': {'bw': 100.0}, 'path_level': {}}","{'node_level': {0: {'cpu': -66}, 1: {'cpu': -60}, 2: {'cpu': -36}}, 'link_level': {(1, 0): {'bw': -20}, (2, 0): {'bw': 100.0}, (2, 1): {'bw': 100.0}}, 'path_level': {(1, 0): {}, (2, 0): {}, (2, 1): {}}}","{'node_level': {0: {'cpu': 0}, 1: {'cpu': 0}, 2: {'cpu': 0}}, 'link_level': {(1, 0): {'bw': 0}, (2, 0): {'bw': 100.0}, (2, 1): {'bw': 100.0}}, 'path_level': {(1, 0): {}, (2, 0): {}, (2, 1): {}}}",[],100.0,100.0,True,False,False,0,[],0,0.0,25.0,2.0,1.0
29,5,3,531.0,594.0,284739.325185599,316976.21848460275,0.8939393939393939,0.8982987005993016,10,40,0,695.7845974080481,9137,4767,4370,0.02195322117357401,0.056155507559395246,19,245.784597408048,450.0,3,3,False,{},{},{},{},0.0,0.0,0.0,0.0,0.0,0.0,0.0,0.0,0.0,0.0,0.0,0.0,0.0,0.0,Leave Event,0.0,"{'node_level': {}, 'link_level': {}, 'path_level': {}}","{'node_level': {}, 'link_level': {}, 'path_level': {}}","{'node_level': {}, 'link_level': {}, 'path_level': {}}",[],-inf,-inf,True,True,False,0,[],0,0.0,,,
30,6,4,659.0,760.0,337775.04479277827,385756.9173501634,0.8671052631578947,0.8756163003194302,12,41,1,719.0,8971,4745,4226,0.02646696758309397,0.08725701943844488,29,414.3415594310883,719.0,4,4,True,"{3: 12, 2: 5, 0: 25, 1: 26}","{(2, 3): [(5, 12)], (0, 2): [(25, 12), (12, 5)], (0, 3): [(25, 12)], (1, 3): [(26, 12)]}","{(3, 12): {'cpu': 20}, (2, 5): {'cpu': 2}, (0, 25): {'cpu': 0}, (1, 26): {'cpu': 0}}","{((2, 3), (5, 12)): {'bw': 11}, ((0, 2), (25, 12)): {'bw': 38}, ((0, 2), (12, 5)): {'bw': 38}, ((0, 3), (25, 12)): {'bw': 34}, ((1, 3), (26, 12)): {'bw': 23}}",166.0,128.0,44.0,22.0,106.0,22.0,106.0,22.0,144.0,38.0,0.7710843373493976,68780.69886556065,53035.7196071793,319.4922867902368,Success,0.0,"{'node_level': {'cpu': -89}, 'link_level': {'bw': -45}, 'path_level': {}}","{'node_level': {3: {'cpu': -59}, 2: {'cpu': -69}, 0: {'cpu': -93}, 1: {'cpu': -89}}, 'link_level': {(2, 3): {'bw': -45}, (0, 2): {'bw': -7}, (0, 3): {'bw': -11}, (1, 3): {'bw': -45}}, 'path_level': {(2, 3): {}, (0, 2): {}, (0, 3): {}, (1, 3): {}}}","{'node_level': {3: {'cpu': 0}, 2: {'cpu': 0}, 0: {'cpu': 0}, 1: {'cpu': 0}}, 'link_level': {(2, 3): {'bw': 0}, (0, 2): {'bw': 0}, (0, 3): {'bw': 0}, (1, 3): {'bw': 0}}, 'path_level': {(2, 3): {}, (0, 2): {}, (0, 3): {}, (1, 3): {}}}",[],-45.0,0.0,True,True,False,0,[],0,0.0,0.0,4.0,4.0
31,6,4,659.0,760.0,337775.04479277827,385756.9173501634,0.8671052631578947,0.8756163003194302,12,42,1,741.0,8971,4745,4226,0.02646696758309397,0.08725701943844488,30,1046.0076036646353,741.0,6,10,False,"{3: 8, 5: 3, 0: 17, 4: 18}","{(5, 3): [(3, 8)], (0, 3): [(17, 8)], (0, 5): [(17, 8), (8, 3)], (4, 0): [(18, 8), (8, 17)], (4, 3): [(18, 8)]}","{(3, 8): {'cpu': 19}, (5, 3): {'cpu': 17}, (0, 17): {'cpu': 12}, (4, 18): {'cpu': 15}}","{((5, 3), (3, 8)): {'bw': 26}, ((0, 3), (17, 8)): {'bw': 17}, ((0, 5), (17, 8)): {'bw': 23}, ((0, 5), (8, 3)): {'bw': 23}, ((4, 0), (18, 8)): {'bw': 21}, ((4, 0), (8, 17)): {'bw': 21}, ((4, 3), (18, 8)): {'bw': 20}}",0.0,0.0,168.0,84.0,244.0,0.0,0.0,0.0,0.0,0.0,0.0,0.0,0.0,0.0,Route Failure,2300.0,"{'node_level': {'cpu': -54}, 'link_level': {'bw': 100.0}, 'path_level': {}}","{'node_level': {3: {'cpu': -71}, 5: {'cpu': -41}, 0: {'cpu': -64}, 4: {'cpu': -55}, 1: {'cpu': -54}}, 'link_level': {(5, 3): {'bw': -36}, (0, 3): {'bw': -52}, (0, 5): {'bw': -13}, (4, 0): {'bw': -8}, (4, 3): {'bw': -27}, (1, 3): {'bw': 100.0}, (1, 4): {'bw': -64}, (1, 5): {'bw': 100.0}}, 'path_level': {(5, 3): {}, (0, 3): {}, (0, 5): {}, (4, 0): {}, (4, 3): {}, (1, 3): {}, (1, 4): {}, (1, 5): {}}}","{'node_level': {3: {'cpu': 0}, 5: {'cpu': 0}, 0: {'cpu': 0}, 4: {'cpu': 0}, 1: {'cpu': 0}}, 'link_level': {(5, 3): {'bw': 0}, (0, 3): {'bw': 0}, (0, 5): {'bw': 0}, (4, 0): {'bw': 0}, (4, 3): {'bw': 0}, (1, 3): {'bw': 100.0}, (1, 4): {'bw': 0}, (1, 5): {'bw': 100.0}}, 'path_level': {(5, 3): {}, (0, 3): {}, (0, 5): {}, (4, 0): {}, (4, 3): {}, (1, 3): {}, (1, 4): {}, (1, 5): {}}}",[],100.0,100.0,True,False,False,0,[],0,0.0,23.0,4.0,5.0
32,7,5,737.0,838.0,381919.7394581309,429901.61201551603,0.8794749403341289,0.8883887121696734,15,43,1,756.0,8893,4722,4171,0.031185884283955634,0.09913606911447082,31,565.9576239147773,756.0,3,2,True,"{0: 8, 1: 3, 2: 17}","{(1, 0): [(3, 8)], (2, 0): [(17, 8)]}","{(0, 8): {'cpu': 1}, (1, 3): {'cpu': 5}, (2, 17): {'cpu': 17}}","{((1, 0), (3, 8)): {'bw': 50}, ((2, 0), (17, 8)): {'bw': 5}}",78.0,78.0,46.0,23.0,55.0,23.0,55.0,23.0,55.0,0.0,1.0,44144.694665352625,44144.694665352625,565.9576239147773,Success,0.0,"{'node_level': {'cpu': -59}, 'link_level': {'bw': -64}, 'path_level': {}}","{'node_level': {0: {'cpu': -89}, 1: {'cpu': -53}, 2: {'cpu': -59}}, 'link_level': {(1, 0): {'bw': -12}, (2, 0): {'bw': -64}}, 'path_level': {(1, 0): {}, (2, 0): {}}}","{'node_level': {0: {'cpu': 0}, 1: {'cpu': 0}, 2: {'cpu': 0}}, 'link_level': {(1, 0): {'bw': 0}, (2, 0): {'bw': 0}}, 'path_level': {(1, 0): {}, (2, 0): {}}}",[],-59.0,0.0,True,True,False,0,[],0,0.0,0.0,3.0,2.0
32,7,5,737.0,838.0,381919.7394581309,429901.61201551603,0.8794749403341289,0.8883887121696734,15,44,0,766.6116744769311,8893,4722,4171,0.031185884283955634,0.09913606911447082,0,751.6116744769311,15.0,10,19,False,{},{},{},{},0.0,0.0,0.0,0.0,0.0,0.0,0.0,0.0,0.0,0.0,0.0,0.0,0.0,0.0,Leave Event,0.0,"{'node_level': {}, 'link_level': {}, 'path_level': {}}","{'node_level': {}, 'link_level': {}, 'path_level': {}}","{'node_level': {}, 'link_level': {}, 'path_level': {}}",[],-inf,-inf,True,True,False,0,[],0,0.0,,,
32,7,4,737.0,838.0,381919.7394581309,429901.61201551603,0.8794749403341289,0.8883887121696734,15,45,0,767.47534426907,8991,4746,4245,0.026261797291752154,0.08315334773218142,26,123.47534426906996,644.0,4,3,False,{},{},{},{},0.0,0.0,0.0,0.0,0.0,0.0,0.0,0.0,0.0,0.0,0.0,0.0,0.0,0.0,Leave Event,0.0,"{'node_level': {}, 'link_level': {}, 'path_level': {}}","{'node_level': {}, 'link_level': {}, 'path_level': {}}","{'node_level': {}, 'link_level': {}, 'path_level': {}}",[],-inf,-inf,True,True,False,0,[],0,0.0,,,
33,7,4,737.0,838.0,381919.7394581309,429901.61201551603,0.8794749403341289,0.8883887121696734,15,46,1,784.0,8991,4746,4245,0.026261797291752154,0.08315334773218142,32,923.6351787030455,784.0,9,17,False,"{3: 11, 4: 5, 7: 24}","{(4, 3): [(5, 11)], (7, 3): [(24, 11)], (7, 4): [(24, 11), (11, 5)]}","{(3, 11): {'cpu': 11}, (4, 5): {'cpu': 19}, (7, 24): {'cpu': 16}}","{((4, 3), (5, 11)): {'bw': 26}, ((7, 3), (24, 11)): {'bw': 22}, ((7, 4), (24, 11)): {'bw': 37}, ((7, 4), (11, 5)): {'bw': 37}}",0.0,0.0,158.0,79.0,453.0,0.0,0.0,0.0,0.0,0.0,0.0,0.0,0.0,0.0,Route Failure,2400.0,"{'node_level': {'cpu': -37}, 'link_level': {'bw': 100.0}, 'path_level': {}}","{'node_level': {3: {'cpu': -87}, 4: {'cpu': -54}, 7: {'cpu': -76}, 2: {'cpu': -37}}, 'link_level': {(4, 3): {'bw': -38}, (7, 3): {'bw': -65}, (7, 4): {'bw': -1}, (2, 3): {'bw': 100.0}, (2, 4): {'bw': 100.0}}, 'path_level': {(4, 3): {}, (7, 3): {}, (7, 4): {}, (2, 3): {}, (2, 4): {}}}","{'node_level': {3: {'cpu': 0}, 4: {'cpu': 0}, 7: {'cpu': 0}, 2: {'cpu': 0}}, 'link_level': {(4, 3): {'bw': 0}, (7, 3): {'bw': 0}, (7, 4): {'bw': 0}, (2, 3): {'bw': 100.0}, (2, 4): {'bw': 100.0}}, 'path_level': {(4, 3): {}, (7, 3): {}, (7, 4): {}, (2, 3): {}, (2, 4): {}}}",[],100.0,100.0,True,False,False,0,[],0,0.0,24.0,3.0,3.0
33,7,4,737.0,838.0,381919.7394581309,429901.61201551603,0.8794749403341289,0.8883887121696734,15,47,0,793.5227476258572,8991,4746,4245,0.026261797291752154,0.08315334773218142,1,750.5227476258572,43.0,10,17,False,{},{},{},{},0.0,0.0,0.0,0.0,0.0,0.0,0.0,0.0,0.0,0.0,0.0,0.0,0.0,0.0,Leave Event,0.0,"{'node_level': {}, 'link_level': {}, 'path_level': {}}","{'node_level': {}, 'link_level': {}, 'path_level': {}}","{'node_level': {}, 'link_level': {}, 'path_level': {}}",[],-inf,-inf,True,True,False,0,[],0,0.0,,,
34,7,4,737.0,838.0,381919.7394581309,429901.61201551603,0.8794749403341289,0.8883887121696734,15,48,1,803.0,8991,4746,4245,0.026261797291752154,0.08315334773218142,33,1302.936058750045,803.0,10,20,False,"{5: 11, 1: 5, 4: 23, 2: 24}","{(1, 5): [(5, 11)], (4, 1): [(23, 11), (11, 5)], (4, 5): [(23, 11)], (2, 1): [(24, 11), (11, 5)], (2, 5): [(24, 11)]}","{(5, 11): {'cpu': 16}, (1, 5): {'cpu': 9}, (4, 23): {'cpu': 18}, (2, 24): {'cpu': 12}}","{((1, 5), (5, 11)): {'bw': 35}, ((4, 1), (23, 11)): {'bw': 5}, ((4, 1), (11, 5)): {'bw': 5}, ((4, 5), (23, 11)): {'bw': 15}, ((2, 1), (24, 11)): {'bw': 22}, ((2, 1), (11, 5)): {'bw': 22}, ((2, 5), (24, 11)): {'bw': 4}}",0.0,0.0,234.0,117.0,413.0,0.0,0.0,0.0,0.0,0.0,0.0,0.0,0.0,0.0,Route Failure,2300.0,"{'node_level': {'cpu': -49}, 'link_level': {'bw': 100.0}, 'path_level': {}}","{'node_level': {5: {'cpu': -82}, 1: {'cpu': -64}, 4: {'cpu': -36}, 2: {'cpu': -80}, 3: {'cpu': -49}}, 'link_level': {(1, 5): {'bw': -29}, (4, 1): {'bw': -24}, (4, 5): {'bw': -36}, (2, 1): {'bw': -2}, (2, 5): {'bw': -61}, (3, 1): {'bw': -38}, (3, 4): {'bw': 100.0}}, 'path_level': {(1, 5): {}, (4, 1): {}, (4, 5): {}, (2, 1): {}, (2, 5): {}, (3, 1): {}, (3, 4): {}}}","{'node_level': {5: {'cpu': 0}, 1: {'cpu': 0}, 4: {'cpu': 0}, 2: {'cpu': 0}, 3: {'cpu': 0}}, 'link_level': {(1, 5): {'bw': 0}, (4, 1): {'bw': 0}, (4, 5): {'bw': 0}, (2, 1): {'bw': 0}, (2, 5): {'bw': 0}, (3, 1): {'bw': 0}, (3, 4): {'bw': 100.0}}, 'path_level': {(1, 5): {}, (4, 1): {}, (4, 5): {}, (2, 1): {}, (2, 5): {}, (3, 1): {}, (3, 4): {}}}",[],100.0,100.0,True,False,False,0,[],0,0.0,23.0,4.0,5.0
35,7,4,737.0,838.0,381919.7394581309,429901.61201551603,0.8794749403341289,0.8883887121696734,15,49,1,826.0,8991,4746,4245,0.026261797291752154,0.08315334773218142,34,1416.0918630331812,826.0,4,3,False,"{0: 11, 3: 5, 2: 2, 1: 0}","{(3, 0): [(5, 11)], (2, 3): [(2, 5)], (1, 2): [(0, 2)]}","{(0, 11): {'cpu': 18}, (3, 5): {'cpu': 2}, (2, 2): {'cpu': 1}, (1, 0): {'cpu': 2}}","{((3, 0), (5, 11)): {'bw': 46}, ((2, 3), (2, 5)): {'bw': 26}, ((1, 2), (0, 2)): {'bw': 50}}",0.0,0.0,46.0,23.0,122.0,0.0,0.0,0.0,0.0,0.0,0.0,0.0,0.0,0.0,Route Failure,700.0,"{'node_level': {'cpu': -88}, 'link_level': {'bw': -32}, 'path_level': {}}","{'node_level': {0: {'cpu': -80}, 3: {'cpu': -71}, 2: {'cpu': -80}, 1: {'cpu': -88}}, 'link_level': {(3, 0): {'bw': -18}, (2, 3): {'bw': -45}, (1, 2): {'bw': -32}}, 'path_level': {(3, 0): {}, (2, 3): {}, (1, 2): {}}}","{'node_level': {0: {'cpu': 0}, 3: {'cpu': 0}, 2: {'cpu': 0}, 1: {'cpu': 0}}, 'link_level': {(3, 0): {'bw': 0}, (2, 3): {'bw': 0}, (1, 2): {'bw': 0}}, 'path_level': {(3, 0): {}, (2, 3): {}, (1, 2): {}}}",[],-32.0,100.0,True,False,False,0,[],0,0.0,7.0,4.0,3.0
35,7,3,737.0,838.0,381919.7394581309,429901.61201551603,0.8794749403341289,0.8883887121696734,15,50,0,842.905709121674,9197,4794,4403,0.016413623307345082,0.04902807775377971,6,689.905709121674,153.0,4,5,False,{},{},{},{},0.0,0.0,0.0,0.0,0.0,0.0,0.0,0.0,0.0,0.0,0.0,0.0,0.0,0.0,Leave Event,0.0,"{'node_level': {}, 'link_level': {}, 'path_level': {}}","{'node_level': {}, 'link_level': {}, 'path_level': {}}","{'node_level': {}, 'link_level': {}, 'path_level': {}}",[],-inf,-inf,True,True,False,0,[],0,0.0,,,
36,7,3,737.0,838.0,381919.7394581309,429901.61201551603,0.8794749403341289,0.8883887121696734,15,51,1,850.0,9197,4794,4403,0.016413623307345082,0.04902807775377971,35,846.4618066680757,850.0,10,24,False,"{8: 10, 6: 4, 1: 21, 3: 1, 0: 38}","{(6, 8): [(4, 10)], (1, 6): [(21, 10), (10, 4)], (1, 8): [(21, 10)], (3, 6): [(1, 4)], (3, 8): [(1, 4), (4, 10)], (0, 1): [(38, 22), (22, 10), (10, 21)], (0, 6): [(38, 22), (22, 10), (10, 4)], (0, 8): [(38, 22), (22, 10)]}","{(8, 10): {'cpu': 18}, (6, 4): {'cpu': 13}, (1, 21): {'cpu': 9}, (3, 1): {'cpu': 16}, (0, 38): {'cpu': 13}}","{((6, 8), (4, 10)): {'bw': 14}, ((1, 6), (21, 10)): {'bw': 10}, ((1, 6), (10, 4)): {'bw': 10}, ((1, 8), (21, 10)): {'bw': 47}, ((3, 6), (1, 4)): {'bw': 27}, ((3, 8), (1, 4)): {'bw': 44}, ((3, 8), (4, 10)): {'bw': 44}, ((0, 1), (38, 22)): {'bw': 2}, ((0, 1), (22, 10)): {'bw': 2}, ((0, 1), (10, 21)): {'bw': 2}, ((0, 6), (38, 22)): {'bw': 11}, ((0, 6), (22, 10)): {'bw': 11}, ((0, 6), (10, 4)): {'bw': 11}, ((0, 8), (38, 22)): {'bw': 41}, ((0, 8), (22, 10)): {'bw': 41}}",0.0,0.0,204.0,102.0,618.0,0.0,0.0,0.0,0.0,0.0,0.0,0.0,0.0,0.0,Route Failure,2200.0,"{'node_level': {'cpu': -62}, 'link_level': {'bw': 100.0}, 'path_level': {}}","{'node_level': {8: {'cpu': -66}, 6: {'cpu': -59}, 1: {'cpu': -44}, 3: {'cpu': -49}, 0: {'cpu': -68}, 7: {'cpu': -62}}, 'link_level': {(6, 8): {'bw': -76}, (1, 6): {'bw': -66}, (1, 8): {'bw': -33}, (3, 6): {'bw': -55}, (3, 8): {'bw': -11}, (0, 1): {'bw': -31}, (0, 6): {'bw': -11}, (0, 8): {'bw': -2}, (7, 8): {'bw': 100.0}}, 'path_level': {(6, 8): {}, (1, 6): {}, (1, 8): {}, (3, 6): {}, (3, 8): {}, (0, 1): {}, (0, 6): {}, (0, 8): {}, (7, 8): {}}}","{'node_level': {8: {'cpu': 0}, 6: {'cpu': 0}, 1: {'cpu': 0}, 3: {'cpu': 0}, 0: {'cpu': 0}, 7: {'cpu': 0}}, 'link_level': {(6, 8): {'bw': 0}, (1, 6): {'bw': 0}, (1, 8): {'bw': 0}, (3, 6): {'bw': 0}, (3, 8): {'bw': 0}, (0, 1): {'bw': 0}, (0, 6): {'bw': 0}, (0, 8): {'bw': 0}, (7, 8): {'bw': 100.0}}, 'path_level': {(6, 8): {}, (1, 6): {}, (1, 8): {}, (3, 6): {}, (3, 8): {}, (0, 1): {}, (0, 6): {}, (0, 8): {}, (7, 8): {}}}",[],100.0,100.0,True,False,False,0,[],0,0.0,22.0,5.0,8.0
37,7,3,737.0,838.0,381919.7394581309,429901.61201551603,0.8794749403341289,0.8883887121696734,15,52,1,877.0,9197,4794,4403,0.016413623307345082,0.04902807775377971,36,70.43317415415201,877.0,9,13,False,"{8: 10, 3: 4, 5: 21, 1: 1, 4: 37}","{(3, 8): [(4, 10)], (5, 8): [(21, 10)], (1, 3): [(1, 4)], (1, 8): [(1, 4), (4, 10)], (4, 3): [(37, 21), (21, 10), (10, 4)], (4, 8): [(37, 21), (21, 10)]}","{(8, 10): {'cpu': 19}, (3, 4): {'cpu': 11}, (5, 21): {'cpu': 16}, (1, 1): {'cpu': 4}, (4, 37): {'cpu': 3}}","{((3, 8), (4, 10)): {'bw': 13}, ((5, 8), (21, 10)): {'bw': 16}, ((1, 3), (1, 4)): {'bw': 41}, ((1, 8), (1, 4)): {'bw': 33}, ((1, 8), (4, 10)): {'bw': 33}, ((4, 3), (37, 21)): {'bw': 24}, ((4, 3), (21, 10)): {'bw': 24}, ((4, 3), (10, 4)): {'bw': 24}, ((4, 8), (37, 21)): {'bw': 41}, ((4, 8), (21, 10)): {'bw': 41}}",0.0,0.0,200.0,100.0,340.0,0.0,0.0,0.0,0.0,0.0,0.0,0.0,0.0,0.0,Route Failure,2200.0,"{'node_level': {'cpu': -69}, 'link_level': {'bw': 100.0}, 'path_level': {}}","{'node_level': {8: {'cpu': -65}, 3: {'cpu': -61}, 5: {'cpu': -37}, 1: {'cpu': -61}, 4: {'cpu': -66}, 0: {'cpu': -69}}, 'link_level': {(3, 8): {'bw': -77}, (5, 8): {'bw': -74}, (1, 3): {'bw': -41}, (1, 8): {'bw': -8}, (4, 3): {'bw': -20}, (4, 8): {'bw': -1}, (0, 5): {'bw': 100.0}, (0, 8): {'bw': 100.0}}, 'path_level': {(3, 8): {}, (5, 8): {}, (1, 3): {}, (1, 8): {}, (4, 3): {}, (4, 8): {}, (0, 5): {}, (0, 8): {}}}","{'node_level': {8: {'cpu': 0}, 3: {'cpu': 0}, 5: {'cpu': 0}, 1: {'cpu': 0}, 4: {'cpu': 0}, 0: {'cpu': 0}}, 'link_level': {(3, 8): {'bw': 0}, (5, 8): {'bw': 0}, (1, 3): {'bw': 0}, (1, 8): {'bw': 0}, (4, 3): {'bw': 0}, (4, 8): {'bw': 0}, (0, 5): {'bw': 100.0}, (0, 8): {'bw': 100.0}}, 'path_level': {(3, 8): {}, (5, 8): {}, (1, 3): {}, (1, 8): {}, (4, 3): {}, (4, 8): {}, (0, 5): {}, (0, 8): {}}}",[],100.0,100.0,True,False,False,0,[],0,0.0,22.0,5.0,6.0
37,7,3,737.0,838.0,381919.7394581309,429901.61201551603,0.8794749403341289,0.8883887121696734,15,53,0,897.9454444181525,9197,4794,4403,0.016413623307345082,0.04902807775377971,11,628.9454444181525,269.0,7,9,False,{},{},{},{},0.0,0.0,0.0,0.0,0.0,0.0,0.0,0.0,0.0,0.0,0.0,0.0,0.0,0.0,Leave Event,0.0,"{'node_level': {}, 'link_level': {}, 'path_level': {}}","{'node_level': {}, 'link_level': {}, 'path_level': {}}","{'node_level': {}, 'link_level': {}, 'path_level': {}}",[],-inf,-inf,True,True,False,0,[],0,0.0,,,
38,8,4,813.0,914.0,398092.9847229221,446074.8572803072,0.8894967177242888,0.8924353799047814,15,54,1,913.0,9121,4747,4374,0.026056627000410337,0.05529157667386608,37,212.80585874725213,913.0,3,2,True,"{1: 10, 0: 4, 2: 21}","{(0, 1): [(4, 10)], (2, 1): [(21, 10)]}","{(1, 10): {'cpu': 11}, (0, 4): {'cpu': 19}, (2, 21): {'cpu': 17}}","{((0, 1), (4, 10)): {'bw': 15}, ((2, 1), (21, 10)): {'bw': 14}}",76.0,76.0,94.0,47.0,29.0,47.0,29.0,47.0,29.0,0.0,1.0,16173.245264791161,16173.245264791161,212.80585874725213,Success,0.0,"{'node_level': {'cpu': -36}, 'link_level': {'bw': -76}, 'path_level': {}}","{'node_level': {1: {'cpu': -73}, 0: {'cpu': -53}, 2: {'cpu': -36}}, 'link_level': {(0, 1): {'bw': -75}, (2, 1): {'bw': -76}}, 'path_level': {(0, 1): {}, (2, 1): {}}}","{'node_level': {1: {'cpu': 0}, 0: {'cpu': 0}, 2: {'cpu': 0}}, 'link_level': {(0, 1): {'bw': 0}, (2, 1): {'bw': 0}}, 'path_level': {(0, 1): {}, (2, 1): {}}}",[],-36.0,0.0,True,True,False,0,[],0,0.0,0.0,3.0,2.0
38,8,4,813.0,914.0,398092.9847229221,446074.8572803072,0.8894967177242888,0.8924353799047814,15,55,0,924.3039854022497,9121,4747,4374,0.026056627000410337,0.05529157667386608,21,422.3039854022498,502.0,7,7,False,{},{},{},{},0.0,0.0,0.0,0.0,0.0,0.0,0.0,0.0,0.0,0.0,0.0,0.0,0.0,0.0,Leave Event,0.0,"{'node_level': {}, 'link_level': {}, 'path_level': {}}","{'node_level': {}, 'link_level': {}, 'path_level': {}}","{'node_level': {}, 'link_level': {}, 'path_level': {}}",[],-inf,-inf,True,True,False,0,[],0,0.0,,,
38,8,4,813.0,914.0,398092.9847229221,446074.8572803072,0.8894967177242888,0.8924353799047814,15,56,0,924.3070467411391,9121,4747,4374,0.026056627000410337,0.05529157667386608,16,542.3070467411391,382.0,5,8,False,{},{},{},{},0.0,0.0,0.0,0.0,0.0,0.0,0.0,0.0,0.0,0.0,0.0,0.0,0.0,0.0,Leave Event,0.0,"{'node_level': {}, 'link_level': {}, 'path_level': {}}","{'node_level': {}, 'link_level': {}, 'path_level': {}}","{'node_level': {}, 'link_level': {}, 'path_level': {}}",[],-inf,-inf,True,True,False,0,[],0,0.0,,,
39,8,4,813.0,914.0,398092.9847229221,446074.8572803072,0.8894967177242888,0.8924353799047814,15,57,1,928.0,9121,4747,4374,0.026056627000410337,0.05529157667386608,38,116.91427565457393,928.0,8,13,False,"{5: 11, 7: 5, 0: 23, 3: 24, 1: 39}","{(7, 5): [(5, 11)], (0, 5): [(23, 11)], (3, 5): [(24, 11)], (3, 7): [(24, 11), (11, 5)], (1, 0): [(39, 23)], (1, 5): [(39, 23), (23, 11)]}","{(5, 11): {'cpu': 20}, (7, 5): {'cpu': 16}, (0, 23): {'cpu': 18}, (3, 24): {'cpu': 11}, (1, 39): {'cpu': 12}}","{((7, 5), (5, 11)): {'bw': 49}, ((0, 5), (23, 11)): {'bw': 12}, ((3, 5), (24, 11)): {'bw': 36}, ((3, 7), (24, 11)): {'bw': 10}, ((3, 7), (11, 5)): {'bw': 10}, ((1, 0), (39, 23)): {'bw': 35}, ((1, 5), (39, 23)): {'bw': 41}, ((1, 5), (23, 11)): {'bw': 41}}",0.0,0.0,184.0,92.0,380.0,0.0,0.0,0.0,0.0,0.0,0.0,0.0,0.0,0.0,Route Failure,2200.0,"{'node_level': {'cpu': -50}, 'link_level': {'bw': 100.0}, 'path_level': {}}","{'node_level': {5: {'cpu': -78}, 7: {'cpu': -57}, 0: {'cpu': -36}, 3: {'cpu': -81}, 1: {'cpu': -40}, 4: {'cpu': -50}}, 'link_level': {(7, 5): {'bw': -15}, (0, 5): {'bw': -44}, (3, 5): {'bw': -51}, (3, 7): {'bw': -5}, (1, 0): {'bw': -52}, (1, 5): {'bw': -3}, (4, 0): {'bw': 100.0}, (4, 3): {'bw': 100.0}}, 'path_level': {(7, 5): {}, (0, 5): {}, (3, 5): {}, (3, 7): {}, (1, 0): {}, (1, 5): {}, (4, 0): {}, (4, 3): {}}}","{'node_level': {5: {'cpu': 0}, 7: {'cpu': 0}, 0: {'cpu': 0}, 3: {'cpu': 0}, 1: {'cpu': 0}, 4: {'cpu': 0}}, 'link_level': {(7, 5): {'bw': 0}, (0, 5): {'bw': 0}, (3, 5): {'bw': 0}, (3, 7): {'bw': 0}, (1, 0): {'bw': 0}, (1, 5): {'bw': 0}, (4, 0): {'bw': 100.0}, (4, 3): {'bw': 100.0}}, 'path_level': {(7, 5): {}, (0, 5): {}, (3, 5): {}, (3, 7): {}, (1, 0): {}, (1, 5): {}, (4, 0): {}, (4, 3): {}}}",[],100.0,100.0,True,False,False,0,[],0,0.0,22.0,5.0,6.0
39,8,4,813.0,914.0,398092.9847229221,446074.8572803072,0.8894967177242888,0.8924353799047814,15,58,0,940.7915241262212,9121,4747,4374,0.026056627000410337,0.05529157667386608,24,347.7915241262213,593.0,8,11,False,{},{},{},{},0.0,0.0,0.0,0.0,0.0,0.0,0.0,0.0,0.0,0.0,0.0,0.0,0.0,0.0,Leave Event,0.0,"{'node_level': {}, 'link_level': {}, 'path_level': {}}","{'node_level': {}, 'link_level': {}, 'path_level': {}}","{'node_level': {}, 'link_level': {}, 'path_level': {}}",[],-inf,-inf,True,True,False,0,[],0,0.0,,,
39,8,4,813.0,914.0,398092.9847229221,446074.8572803072,0.8894967177242888,0.8924353799047814,15,59,0,947.433174154152,9121,4747,4374,0.026056627000410337,0.05529157667386608,36,70.43317415415201,877.0,9,13,False,{},{},{},{},0.0,0.0,0.0,0.0,0.0,0.0,0.0,0.0,0.0,0.0,0.0,0.0,0.0,0.0,Leave Event,0.0,"{'node_level': {}, 'link_level': {}, 'path_level': {}}","{'node_level': {}, 'link_level': {}, 'path_level': {}}","{'node_level': {}, 'link_level': {}, 'path_level': {}}",[],-inf,-inf,True,True,False,0,[],0,0.0,,,
40,8,4,813.0,914.0,398092.9847229221,446074.8572803072,0.8894967177242888,0.8924353799047814,15,60,1,954.0,9121,4747,4374,0.026056627000410337,0.05529157667386608,39,1010.139486896337,954.0,10,23,False,"{0: 11, 7: 5}","{(7, 0): [(5, 11)]}","{(0, 11): {'cpu': 12}, (7, 5): {'cpu': 13}}","{((7, 0), (5, 11)): {'bw': 46}}",0.0,0.0,132.0,66.0,665.0,0.0,0.0,0.0,0.0,0.0,0.0,0.0,0.0,0.0,Route Failure,2500.0,"{'node_level': {'cpu': -48}, 'link_level': {'bw': 100.0}, 'path_level': {}}","{'node_level': {0: {'cpu': -86}, 7: {'cpu': -60}, 4: {'cpu': -48}}, 'link_level': {(7, 0): {'bw': -18}, (4, 0): {'bw': 100.0}, (4, 7): {'bw': 100.0}}, 'path_level': {(7, 0): {}, (4, 0): {}, (4, 7): {}}}","{'node_level': {0: {'cpu': 0}, 7: {'cpu': 0}, 4: {'cpu': 0}}, 'link_level': {(7, 0): {'bw': 0}, (4, 0): {'bw': 100.0}, (4, 7): {'bw': 100.0}}, 'path_level': {(7, 0): {}, (4, 0): {}, (4, 7): {}}}",[],100.0,100.0,True,False,False,0,[],0,0.0,25.0,2.0,1.0
40,8,4,813.0,914.0,398092.9847229221,446074.8572803072,0.8894967177242888,0.8924353799047814,15,61,0,963.5017515671184,9121,4747,4374,0.026056627000410337,0.05529157667386608,28,270.50175156711845,693.0,6,9,False,{},{},{},{},0.0,0.0,0.0,0.0,0.0,0.0,0.0,0.0,0.0,0.0,0.0,0.0,0.0,0.0,Leave Event,0.0,"{'node_level': {}, 'link_level': {}, 'path_level': {}}","{'node_level': {}, 'link_level': {}, 'path_level': {}}","{'node_level': {}, 'link_level': {}, 'path_level': {}}",[],-inf,-inf,True,True,False,0,[],0,0.0,,,
40,8,4,813.0,914.0,398092.9847229221,446074.8572803072,0.8894967177242888,0.8924353799047814,15,62,0,970.6977767930302,9121,4747,4374,0.026056627000410337,0.05529157667386608,25,352.69777679303024,618.0,5,5,False,{},{},{},{},0.0,0.0,0.0,0.0,0.0,0.0,0.0,0.0,0.0,0.0,0.0,0.0,0.0,0.0,Leave Event,0.0,"{'node_level': {}, 'link_level': {}, 'path_level': {}}","{'node_level': {}, 'link_level': {}, 'path_level': {}}","{'node_level': {}, 'link_level': {}, 'path_level': {}}",[],-inf,-inf,True,True,False,0,[],0,0.0,,,
41,8,4,813.0,914.0,398092.9847229221,446074.8572803072,0.8894967177242888,0.8924353799047814,15,63,1,978.0,9121,4747,4374,0.026056627000410337,0.05529157667386608,40,785.9030268301261,978.0,7,11,False,"{1: 11, 6: 5, 3: 2}","{(6, 1): [(5, 11)], (3, 1): [(2, 5), (5, 11)], (3, 6): [(2, 5)]}","{(1, 11): {'cpu': 20}, (6, 5): {'cpu': 15}, (3, 2): {'cpu': 17}}","{((6, 1), (5, 11)): {'bw': 39}, ((3, 1), (2, 5)): {'bw': 17}, ((3, 1), (5, 11)): {'bw': 17}, ((3, 6), (2, 5)): {'bw': 46}}",0.0,0.0,168.0,84.0,331.0,0.0,0.0,0.0,0.0,0.0,0.0,0.0,0.0,0.0,Route Failure,2400.0,"{'node_level': {'cpu': -43}, 'link_level': {'bw': 100.0}, 'path_level': {}}","{'node_level': {1: {'cpu': -78}, 6: {'cpu': -58}, 3: {'cpu': -64}, 4: {'cpu': -43}}, 'link_level': {(6, 1): {'bw': -25}, (3, 1): {'bw': -8}, (3, 6): {'bw': -8}, (4, 1): {'bw': 100.0}, (4, 3): {'bw': 100.0}}, 'path_level': {(6, 1): {}, (3, 1): {}, (3, 6): {}, (4, 1): {}, (4, 3): {}}}","{'node_level': {1: {'cpu': 0}, 6: {'cpu': 0}, 3: {'cpu': 0}, 4: {'cpu': 0}}, 'link_level': {(6, 1): {'bw': 0}, (3, 1): {'bw': 0}, (3, 6): {'bw': 0}, (4, 1): {'bw': 100.0}, (4, 3): {'bw': 100.0}}, 'path_level': {(6, 1): {}, (3, 1): {}, (3, 6): {}, (4, 1): {}, (4, 3): {}}}",[],100.0,100.0,True,False,False,0,[],0,0.0,24.0,3.0,3.0
42,8,4,813.0,914.0,398092.9847229221,446074.8572803072,0.8894967177242888,0.8924353799047814,15,64,1,1004.0,9121,4747,4374,0.026056627000410337,0.05529157667386608,41,214.6240785142239,1004.0,5,6,False,"{4: 11, 1: 5, 0: 2, 3: 39, 2: 40}","{(1, 4): [(5, 11)], (0, 1): [(2, 5)], (0, 4): [(2, 5), (5, 11)], (3, 4): [(39, 23), (23, 11)], (2, 0): [(40, 24), (24, 11), (11, 5), (5, 2)], (2, 4): [(40, 24), (24, 11)]}","{(4, 11): {'cpu': 15}, (1, 5): {'cpu': 15}, (0, 2): {'cpu': 7}, (3, 39): {'cpu': 8}, (2, 40): {'cpu': 2}}","{((1, 4), (5, 11)): {'bw': 40}, ((0, 1), (2, 5)): {'bw': 45}, ((0, 4), (2, 5)): {'bw': 6}, ((0, 4), (5, 11)): {'bw': 6}, ((3, 4), (39, 23)): {'bw': 48}, ((3, 4), (23, 11)): {'bw': 48}, ((2, 0), (40, 24)): {'bw': 17}, ((2, 0), (24, 11)): {'bw': 17}, ((2, 0), (11, 5)): {'bw': 17}, ((2, 0), (5, 2)): {'bw': 17}, ((2, 4), (40, 24)): {'bw': 32}, ((2, 4), (24, 11)): {'bw': 32}}",0.0,0.0,94.0,47.0,188.0,0.0,0.0,0.0,0.0,0.0,0.0,0.0,0.0,0.0,Route Failure,400.0,"{'node_level': {'cpu': -64}, 'link_level': {'bw': -1}, 'path_level': {}}","{'node_level': {4: {'cpu': -83}, 1: {'cpu': -58}, 0: {'cpu': -74}, 3: {'cpu': -44}, 2: {'cpu': -64}}, 'link_level': {(1, 4): {'bw': -24}, (0, 1): {'bw': -26}, (0, 4): {'bw': -18}, (3, 4): {'bw': -8}, (2, 0): {'bw': -1}, (2, 4): {'bw': -16}}, 'path_level': {(1, 4): {}, (0, 1): {}, (0, 4): {}, (3, 4): {}, (2, 0): {}, (2, 4): {}}}","{'node_level': {4: {'cpu': 0}, 1: {'cpu': 0}, 0: {'cpu': 0}, 3: {'cpu': 0}, 2: {'cpu': 0}}, 'link_level': {(1, 4): {'bw': 0}, (0, 1): {'bw': 0}, (0, 4): {'bw': 0}, (3, 4): {'bw': 0}, (2, 0): {'bw': 0}, (2, 4): {'bw': 0}}, 'path_level': {(1, 4): {}, (0, 1): {}, (0, 4): {}, (3, 4): {}, (2, 0): {}, (2, 4): {}}}",[],-1.0,100.0,True,False,False,0,[],0,0.0,4.0,5.0,6.0
43,9,5,870.0,971.0,422089.2238442168,470071.0964016019,0.8959835221421215,0.8979263500251626,15,65,1,1028.0,9064,4718,4346,0.0320065654493229,0.06133909287257022,42,420.9866512507837,1028.0,2,1,True,"{1: 11, 0: 5}","{(0, 1): [(5, 11)]}","{(1, 11): {'cpu': 18}, (0, 5): {'cpu': 11}}","{((0, 1), (5, 11)): {'bw': 28}}",57.0,57.0,58.0,29.0,28.0,29.0,28.0,29.0,28.0,0.0,1.0,23996.23912129467,23996.23912129467,420.9866512507837,Success,0.0,"{'node_level': {'cpu': -62}, 'link_level': {'bw': -36}, 'path_level': {}}","{'node_level': {1: {'cpu': -80}, 0: {'cpu': -62}}, 'link_level': {(0, 1): {'bw': -36}}, 'path_level': {(0, 1): {}}}","{'node_level': {1: {'cpu': 0}, 0: {'cpu': 0}}, 'link_level': {(0, 1): {'bw': 0}}, 'path_level': {(0, 1): {}}}",[],-36.0,0.0,True,True,False,0,[],0,0.0,0.0,2.0,1.0
43,9,5,870.0,971.0,422089.2238442168,470071.0964016019,0.8959835221421215,0.8979263500251626,15,66,0,1044.9142756545739,9064,4718,4346,0.0320065654493229,0.06133909287257022,38,116.91427565457393,928.0,8,13,False,{},{},{},{},0.0,0.0,0.0,0.0,0.0,0.0,0.0,0.0,0.0,0.0,0.0,0.0,0.0,0.0,Leave Event,0.0,"{'node_level': {}, 'link_level': {}, 'path_level': {}}","{'node_level': {}, 'link_level': {}, 'path_level': {}}","{'node_level': {}, 'link_level': {}, 'path_level': {}}",[],-inf,-inf,True,True,False,0,[],0,0.0,,,
44,10,6,925.0,1026.0,467063.562964198,515045.43552158313,0.9015594541910331,0.9068395344406961,17,67,1,1055.0,9009,4701,4308,0.035494460402133776,0.06954643628509716,43,817.7152567269313,1055.0,2,1,True,"{1: 13, 0: 6}","{(0, 1): [(6, 13)]}","{(1, 13): {'cpu': 12}, (0, 6): {'cpu': 5}}","{((0, 1), (6, 13)): {'bw': 38}}",55.0,55.0,34.0,17.0,38.0,17.0,38.0,17.0,38.0,0.0,1.0,44974.339119981225,44974.339119981225,817.7152567269313,Success,0.0,"{'node_level': {'cpu': -63}, 'link_level': {'bw': -49}, 'path_level': {}}","{'node_level': {1: {'cpu': -49}, 0: {'cpu': -63}}, 'link_level': {(0, 1): {'bw': -49}}, 'path_level': {(0, 1): {}}}","{'node_level': {1: {'cpu': 0}, 0: {'cpu': 0}}, 'link_level': {(0, 1): {'bw': 0}}, 'path_level': {(0, 1): {}}}",[],-49.0,0.0,True,True,False,0,[],0,0.0,0.0,2.0,1.0
45,11,7,1075.0,1195.0,601368.1232386488,666361.906764131,0.899581589958159,0.9024647374561166,21,68,1,1081.0,8840,4658,4182,0.044316782929831766,0.09676025917926567,44,895.363735163005,1081.0,4,5,True,"{3: 15, 0: 7, 2: 31, 1: 47}","{(0, 3): [(7, 15)], (2, 0): [(31, 15), (15, 7)], (2, 3): [(31, 15)], (1, 0): [(47, 15), (15, 7)], (1, 3): [(47, 15)]}","{(3, 15): {'cpu': 19}, (0, 7): {'cpu': 12}, (2, 31): {'cpu': 11}, (1, 47): {'cpu': 1}}","{((0, 3), (7, 15)): {'bw': 44}, ((2, 0), (31, 15)): {'bw': 19}, ((2, 0), (15, 7)): {'bw': 19}, ((2, 3), (31, 15)): {'bw': 26}, ((1, 0), (47, 15)): {'bw': 0}, ((1, 0), (15, 7)): {'bw': 0}, ((1, 3), (47, 15)): {'bw': 18}}",169.0,150.0,86.0,43.0,107.0,43.0,107.0,43.0,126.0,19.0,0.8875739644970414,151316.47124254785,134304.56027445075,794.7015400855074,Success,0.0,"{'node_level': {'cpu': -98}, 'link_level': {'bw': -9}, 'path_level': {}}","{'node_level': {3: {'cpu': -78}, 0: {'cpu': -49}, 2: {'cpu': -44}, 1: {'cpu': -98}}, 'link_level': {(0, 3): {'bw': -28}, (2, 0): {'bw': -9}, (2, 3): {'bw': -48}, (1, 0): {'bw': -9}, (1, 3): {'bw': -69}}, 'path_level': {(0, 3): {}, (2, 0): {}, (2, 3): {}, (1, 0): {}, (1, 3): {}}}","{'node_level': {3: {'cpu': 0}, 0: {'cpu': 0}, 2: {'cpu': 0}, 1: {'cpu': 0}}, 'link_level': {(0, 3): {'bw': 0}, (2, 0): {'bw': 0}, (2, 3): {'bw': 0}, (1, 0): {'bw': 0}, (1, 3): {'bw': 0}}, 'path_level': {(0, 3): {}, (2, 0): {}, (2, 3): {}, (1, 0): {}, (1, 3): {}}}",[],-9.0,0.0,True,True,False,0,[],0,0.0,0.0,4.0,5.0
46,11,7,1075.0,1195.0,601368.1232386488,666361.906764131,0.899581589958159,0.9024647374561166,21,69,1,1107.0,8840,4658,4182,0.044316782929831766,0.09676025917926567,45,115.20599939157536,1107.0,10,18,False,"{0: 2, 1: 0, 2: 5, 5: 6, 4: 13, 6: 3}","{(1, 0): [(0, 2)], (2, 0): [(5, 2)], (5, 0): [(6, 2)], (5, 1): [(6, 2), (2, 0)], (4, 0): [(13, 6), (6, 2)], (6, 1): [(3, 1), (1, 0)]}","{(0, 2): {'cpu': 19}, (1, 0): {'cpu': 5}, (2, 5): {'cpu': 12}, (5, 6): {'cpu': 1}, (4, 13): {'cpu': 1}, (6, 3): {'cpu': 18}}","{((1, 0), (0, 2)): {'bw': 37}, ((2, 0), (5, 2)): {'bw': 48}, ((5, 0), (6, 2)): {'bw': 49}, ((5, 1), (6, 2)): {'bw': 24}, ((5, 1), (2, 0)): {'bw': 24}, ((4, 0), (13, 6)): {'bw': 25}, ((4, 0), (6, 2)): {'bw': 25}, ((6, 1), (3, 1)): {'bw': 33}, ((6, 1), (1, 0)): {'bw': 33}}",0.0,0.0,192.0,96.0,480.0,0.0,0.0,0.0,0.0,0.0,0.0,0.0,0.0,0.0,Route Failure,4100.0,"{'node_level': {'cpu': -76}, 'link_level': {'bw': 100.0}, 'path_level': {}}","{'node_level': {0: {'cpu': -62}, 1: {'cpu': -85}, 2: {'cpu': -50}, 5: {'cpu': -62}, 4: {'cpu': -48}, 6: {'cpu': -35}, 9: {'cpu': -76}}, 'link_level': {(1, 0): {'bw': -45}, (2, 0): {'bw': -23}, (5, 0): {'bw': -51}, (5, 1): {'bw': -21}, (4, 0): {'bw': -2}, (6, 1): {'bw': -36}, (9, 5): {'bw': 100.0}, (9, 6): {'bw': 100.0}}, 'path_level': {(1, 0): {}, (2, 0): {}, (5, 0): {}, (5, 1): {}, (4, 0): {}, (6, 1): {}, (9, 5): {}, (9, 6): {}}}","{'node_level': {0: {'cpu': 0}, 1: {'cpu': 0}, 2: {'cpu': 0}, 5: {'cpu': 0}, 4: {'cpu': 0}, 6: {'cpu': 0}, 9: {'cpu': 0}}, 'link_level': {(1, 0): {'bw': 0}, (2, 0): {'bw': 0}, (5, 0): {'bw': 0}, (5, 1): {'bw': 0}, (4, 0): {'bw': 0}, (6, 1): {'bw': 0}, (9, 5): {'bw': 100.0}, (9, 6): {'bw': 100.0}}, 'path_level': {(1, 0): {}, (2, 0): {}, (5, 0): {}, (5, 1): {}, (4, 0): {}, (6, 1): {}, (9, 5): {}, (9, 6): {}}}",[],100.0,100.0,True,False,False,0,[],0,0.0,41.0,6.0,6.0
46,11,6,1075.0,1195.0,601368.1232386488,666361.906764131,0.899581589958159,0.9024647374561166,21,70,0,1125.8058587472522,8916,4705,4211,0.03467377923676651,0.0904967602591793,37,212.80585874725213,913.0,3,2,False,{},{},{},{},0.0,0.0,0.0,0.0,0.0,0.0,0.0,0.0,0.0,0.0,0.0,0.0,0.0,0.0,Leave Event,0.0,"{'node_level': {}, 'link_level': {}, 'path_level': {}}","{'node_level': {}, 'link_level': {}, 'path_level': {}}","{'node_level': {}, 'link_level': {}, 'path_level': {}}",[],-inf,-inf,True,True,False,0,[],0,0.0,,,
47,11,6,1075.0,1195.0,601368.1232386488,666361.906764131,0.899581589958159,0.9024647374561166,21,71,1,1133.0,8916,4705,4211,0.03467377923676651,0.0904967602591793,46,655.9278799349253,1133.0,10,21,False,"{1: 10, 7: 4, 4: 21, 6: 22, 3: 1, 5: 9}","{(7, 1): [(4, 10)], (4, 1): [(21, 10)], (6, 1): [(22, 10)], (6, 4): [(22, 10), (10, 21)], (3, 1): [(1, 4), (4, 10)], (3, 7): [(1, 4)], (5, 1): [(9, 4), (4, 10)], (5, 3): [(9, 4), (4, 1)], (5, 4): [(9, 4), (4, 10), (10, 21)]}","{(1, 10): {'cpu': 8}, (7, 4): {'cpu': 20}, (4, 21): {'cpu': 18}, (6, 22): {'cpu': 13}, (3, 1): {'cpu': 5}, (5, 9): {'cpu': 4}}","{((7, 1), (4, 10)): {'bw': 12}, ((4, 1), (21, 10)): {'bw': 28}, ((6, 1), (22, 10)): {'bw': 31}, ((6, 4), (22, 10)): {'bw': 22}, ((6, 4), (10, 21)): {'bw': 22}, ((3, 1), (1, 4)): {'bw': 35}, ((3, 1), (4, 10)): {'bw': 35}, ((3, 7), (1, 4)): {'bw': 8}, ((5, 1), (9, 4)): {'bw': 0}, ((5, 1), (4, 10)): {'bw': 0}, ((5, 3), (9, 4)): {'bw': 11}, ((5, 3), (4, 1)): {'bw': 11}, ((5, 4), (9, 4)): {'bw': 10}, ((5, 4), (4, 10)): {'bw': 10}, ((5, 4), (10, 21)): {'bw': 10}}",0.0,0.0,176.0,88.0,395.0,0.0,0.0,0.0,0.0,0.0,0.0,0.0,0.0,0.0,Route Failure,2100.0,"{'node_level': {'cpu': -70}, 'link_level': {'bw': 100.0}, 'path_level': {}}","{'node_level': {1: {'cpu': -76}, 7: {'cpu': -52}, 4: {'cpu': -35}, 6: {'cpu': -75}, 3: {'cpu': -60}, 5: {'cpu': -53}, 8: {'cpu': -70}}, 'link_level': {(7, 1): {'bw': -78}, (4, 1): {'bw': -62}, (6, 1): {'bw': -36}, (6, 4): {'bw': -14}, (3, 1): {'bw': -43}, (3, 7): {'bw': -39}, (5, 1): {'bw': -43}, (5, 3): {'bw': -28}, (5, 4): {'bw': -30}, (8, 1): {'bw': 100.0}}, 'path_level': {(7, 1): {}, (4, 1): {}, (6, 1): {}, (6, 4): {}, (3, 1): {}, (3, 7): {}, (5, 1): {}, (5, 3): {}, (5, 4): {}, (8, 1): {}}}","{'node_level': {1: {'cpu': 0}, 7: {'cpu': 0}, 4: {'cpu': 0}, 6: {'cpu': 0}, 3: {'cpu': 0}, 5: {'cpu': 0}, 8: {'cpu': 0}}, 'link_level': {(7, 1): {'bw': 0}, (4, 1): {'bw': 0}, (6, 1): {'bw': 0}, (6, 4): {'bw': 0}, (3, 1): {'bw': 0}, (3, 7): {'bw': 0}, (5, 1): {'bw': 0}, (5, 3): {'bw': 0}, (5, 4): {'bw': 0}, (8, 1): {'bw': 100.0}}, 'path_level': {(7, 1): {}, (4, 1): {}, (6, 1): {}, (6, 4): {}, (3, 1): {}, (3, 7): {}, (5, 1): {}, (5, 3): {}, (5, 4): {}, (8, 1): {}}}",[],100.0,100.0,True,False,False,0,[],0,0.0,21.0,6.0,9.0
47,11,5,1075.0,1195.0,601368.1232386488,666361.906764131,0.899581589958159,0.9024647374561166,21,72,0,1133.3415594310882,9082,4727,4355,0.030160032827246663,0.05939524838012955,29,414.3415594310883,719.0,4,4,False,{},{},{},{},0.0,0.0,0.0,0.0,0.0,0.0,0.0,0.0,0.0,0.0,0.0,0.0,0.0,0.0,Leave Event,0.0,"{'node_level': {}, 'link_level': {}, 'path_level': {}}","{'node_level': {}, 'link_level': {}, 'path_level': {}}","{'node_level': {}, 'link_level': {}, 'path_level': {}}",[],-inf,-inf,True,True,False,0,[],0,0.0,,,
47,11,5,1075.0,1195.0,601368.1232386488,666361.906764131,0.899581589958159,0.9024647374561166,21,73,0,1154.3993538436498,9082,4727,4355,0.030160032827246663,0.05939524838012955,7,975.3993538436497,179.0,3,2,False,{},{},{},{},0.0,0.0,0.0,0.0,0.0,0.0,0.0,0.0,0.0,0.0,0.0,0.0,0.0,0.0,Leave Event,0.0,"{'node_level': {}, 'link_level': {}, 'path_level': {}}","{'node_level': {}, 'link_level': {}, 'path_level': {}}","{'node_level': {}, 'link_level': {}, 'path_level': {}}",[],-inf,-inf,True,True,False,0,[],0,0.0,,,
47,11,5,1075.0,1195.0,601368.1232386488,666361.906764131,0.899581589958159,0.9024647374561166,21,74,0,1160.7744500002177,9082,4727,4355,0.030160032827246663,0.05939524838012955,23,605.7744500002178,555.0,6,6,False,{},{},{},{},0.0,0.0,0.0,0.0,0.0,0.0,0.0,0.0,0.0,0.0,0.0,0.0,0.0,0.0,Leave Event,0.0,"{'node_level': {}, 'link_level': {}, 'path_level': {}}","{'node_level': {}, 'link_level': {}, 'path_level': {}}","{'node_level': {}, 'link_level': {}, 'path_level': {}}",[],-inf,-inf,True,True,False,0,[],0,0.0,,,
48,11,5,1075.0,1195.0,601368.1232386488,666361.906764131,0.899581589958159,0.9024647374561166,21,75,1,1162.0,9082,4727,4355,0.030160032827246663,0.05939524838012955,47,813.3280597182231,1162.0,4,6,False,"{0: 10, 1: 4, 3: 21}","{(1, 0): [(4, 10)], (3, 0): [(21, 10)], (3, 1): [(21, 10), (10, 4)]}","{(0, 10): {'cpu': 19}, (1, 4): {'cpu': 9}, (3, 21): {'cpu': 9}}","{((1, 0), (4, 10)): {'bw': 47}, ((3, 0), (21, 10)): {'bw': 15}, ((3, 1), (21, 10)): {'bw': 26}, ((3, 1), (10, 4)): {'bw': 26}}",0.0,0.0,84.0,42.0,149.0,0.0,0.0,0.0,0.0,0.0,0.0,0.0,0.0,0.0,Route Failure,2400.0,"{'node_level': {'cpu': -65}, 'link_level': {'bw': 100.0}, 'path_level': {}}","{'node_level': {0: {'cpu': -65}, 1: {'cpu': -63}, 3: {'cpu': -44}, 2: {'cpu': -65}}, 'link_level': {(1, 0): {'bw': -43}, (3, 0): {'bw': -75}, (3, 1): {'bw': -17}, (2, 0): {'bw': 100.0}, (2, 1): {'bw': 100.0}}, 'path_level': {(1, 0): {}, (3, 0): {}, (3, 1): {}, (2, 0): {}, (2, 1): {}}}","{'node_level': {0: {'cpu': 0}, 1: {'cpu': 0}, 3: {'cpu': 0}, 2: {'cpu': 0}}, 'link_level': {(1, 0): {'bw': 0}, (3, 0): {'bw': 0}, (3, 1): {'bw': 0}, (2, 0): {'bw': 100.0}, (2, 1): {'bw': 100.0}}, 'path_level': {(1, 0): {}, (3, 0): {}, (3, 1): {}, (2, 0): {}, (2, 1): {}}}",[],100.0,100.0,True,False,False,0,[],0,0.0,24.0,3.0,3.0
48,11,5,1075.0,1195.0,601368.1232386488,666361.906764131,0.899581589958159,0.9024647374561166,21,76,0,1176.194156125509,9082,4727,4355,0.030160032827246663,0.05939524838012955,9,944.1941561255088,232.0,6,9,False,{},{},{},{},0.0,0.0,0.0,0.0,0.0,0.0,0.0,0.0,0.0,0.0,0.0,0.0,0.0,0.0,Leave Event,0.0,"{'node_level': {}, 'link_level': {}, 'path_level': {}}","{'node_level': {}, 'link_level': {}, 'path_level': {}}","{'node_level': {}, 'link_level': {}, 'path_level': {}}",[],-inf,-inf,True,True,False,0,[],0,0.0,,,
49,11,5,1075.0,1195.0,601368.1232386488,666361.906764131,0.899581589958159,0.9024647374561166,21,77,1,1195.0,9082,4727,4355,0.030160032827246663,0.05939524838012955,48,22.043365422586767,1195.0,8,19,False,"{5: 10, 3: 4, 6: 21}","{(3, 5): [(4, 10)], (6, 3): [(21, 10), (10, 4)], (6, 5): [(21, 10)]}","{(5, 10): {'cpu': 20}, (3, 4): {'cpu': 17}, (6, 21): {'cpu': 12}}","{((3, 5), (4, 10)): {'bw': 7}, ((6, 3), (21, 10)): {'bw': 26}, ((6, 3), (10, 4)): {'bw': 26}, ((6, 5), (21, 10)): {'bw': 18}}",0.0,0.0,226.0,113.0,334.0,0.0,0.0,0.0,0.0,0.0,0.0,0.0,0.0,0.0,Route Failure,2400.0,"{'node_level': {'cpu': -61}, 'link_level': {'bw': 100.0}, 'path_level': {}}","{'node_level': {5: {'cpu': -64}, 3: {'cpu': -55}, 6: {'cpu': -41}, 0: {'cpu': -61}}, 'link_level': {(3, 5): {'bw': -83}, (6, 3): {'bw': -57}, (6, 5): {'bw': -46}, (0, 3): {'bw': 100.0}, (0, 5): {'bw': 100.0}, (0, 6): {'bw': 100.0}}, 'path_level': {(3, 5): {}, (6, 3): {}, (6, 5): {}, (0, 3): {}, (0, 5): {}, (0, 6): {}}}","{'node_level': {5: {'cpu': 0}, 3: {'cpu': 0}, 6: {'cpu': 0}, 0: {'cpu': 0}}, 'link_level': {(3, 5): {'bw': 0}, (6, 3): {'bw': 0}, (6, 5): {'bw': 0}, (0, 3): {'bw': 100.0}, (0, 5): {'bw': 100.0}, (0, 6): {'bw': 100.0}}, 'path_level': {(3, 5): {}, (6, 3): {}, (6, 5): {}, (0, 3): {}, (0, 5): {}, (0, 6): {}}}",[],100.0,100.0,True,False,False,0,[],0,0.0,24.0,3.0,3.0
49,11,5,1075.0,1195.0,601368.1232386488,666361.906764131,0.899581589958159,0.9024647374561166,21,78,0,1217.0433654225867,9082,4727,4355,0.030160032827246663,0.05939524838012955,48,22.043365422586767,1195.0,8,19,False,{},{},{},{},0.0,0.0,0.0,0.0,0.0,0.0,0.0,0.0,0.0,0.0,0.0,0.0,0.0,0.0,Leave Event,0.0,"{'node_level': {}, 'link_level': {}, 'path_level': {}}","{'node_level': {}, 'link_level': {}, 'path_level': {}}","{'node_level': {}, 'link_level': {}, 'path_level': {}}",[],-inf,-inf,True,True,False,0,[],0,0.0,,,
49,11,5,1075.0,1195.0,601368.1232386488,666361.906764131,0.899581589958159,0.9024647374561166,21,79,0,1218.6240785142238,9082,4727,4355,0.030160032827246663,0.05939524838012955,41,214.6240785142239,1004.0,5,6,False,{},{},{},{},0.0,0.0,0.0,0.0,0.0,0.0,0.0,0.0,0.0,0.0,0.0,0.0,0.0,0.0,Leave Event,0.0,"{'node_level': {}, 'link_level': {}, 'path_level': {}}","{'node_level': {}, 'link_level': {}, 'path_level': {}}","{'node_level': {}, 'link_level': {}, 'path_level': {}}",[],-inf,-inf,True,True,False,0,[],0,0.0,,,
49,11,5,1075.0,1195.0,601368.1232386488,666361.906764131,0.899581589958159,0.9024647374561166,21,80,0,1222.2059993915755,9082,4727,4355,0.030160032827246663,0.05939524838012955,45,115.20599939157536,1107.0,10,18,False,{},{},{},{},0.0,0.0,0.0,0.0,0.0,0.0,0.0,0.0,0.0,0.0,0.0,0.0,0.0,0.0,Leave Event,0.0,"{'node_level': {}, 'link_level': {}, 'path_level': {}}","{'node_level': {}, 'link_level': {}, 'path_level': {}}","{'node_level': {}, 'link_level': {}, 'path_level': {}}",[],-inf,-inf,True,True,False,0,[],0,0.0,,,
50,11,5,1075.0,1195.0,601368.1232386488,666361.906764131,0.899581589958159,0.9024647374561166,21,81,1,1223.0,9082,4727,4355,0.030160032827246663,0.05939524838012955,49,56.6892896455284,1223.0,7,10,False,"{3: 10, 5: 4, 4: 21, 6: 22, 2: 1}","{(5, 3): [(4, 10)], (4, 3): [(21, 10)], (6, 3): [(22, 10)], (6, 5): [(22, 10), (10, 4)], (2, 3): [(1, 4), (4, 10)]}","{(3, 10): {'cpu': 19}, (5, 4): {'cpu': 19}, (4, 21): {'cpu': 19}, (6, 22): {'cpu': 6}, (2, 1): {'cpu': 19}}","{((5, 3), (4, 10)): {'bw': 14}, ((4, 3), (21, 10)): {'bw': 39}, ((6, 3), (22, 10)): {'bw': 30}, ((6, 5), (22, 10)): {'bw': 28}, ((6, 5), (10, 4)): {'bw': 28}, ((2, 3), (1, 4)): {'bw': 36}, ((2, 3), (4, 10)): {'bw': 36}}",0.0,0.0,226.0,113.0,290.0,0.0,0.0,0.0,0.0,0.0,0.0,0.0,0.0,0.0,Route Failure,2200.0,"{'node_level': {'cpu': -51}, 'link_level': {'bw': 100.0}, 'path_level': {}}","{'node_level': {3: {'cpu': -65}, 5: {'cpu': -53}, 4: {'cpu': -34}, 6: {'cpu': -82}, 2: {'cpu': -46}, 0: {'cpu': -51}}, 'link_level': {(5, 3): {'bw': -76}, (4, 3): {'bw': -51}, (6, 3): {'bw': -37}, (6, 5): {'bw': -9}, (2, 3): {'bw': -12}, (0, 4): {'bw': 100.0}, (0, 5): {'bw': 100.0}}, 'path_level': {(5, 3): {}, (4, 3): {}, (6, 3): {}, (6, 5): {}, (2, 3): {}, (0, 4): {}, (0, 5): {}}}","{'node_level': {3: {'cpu': 0}, 5: {'cpu': 0}, 4: {'cpu': 0}, 6: {'cpu': 0}, 2: {'cpu': 0}, 0: {'cpu': 0}}, 'link_level': {(5, 3): {'bw': 0}, (4, 3): {'bw': 0}, (6, 3): {'bw': 0}, (6, 5): {'bw': 0}, (2, 3): {'bw': 0}, (0, 4): {'bw': 100.0}, (0, 5): {'bw': 100.0}}, 'path_level': {(5, 3): {}, (4, 3): {}, (6, 3): {}, (6, 5): {}, (2, 3): {}, (0, 4): {}, (0, 5): {}}}",[],100.0,100.0,True,False,False,0,[],0,0.0,22.0,5.0,5.0
51,11,5,1075.0,1195.0,601368.1232386488,666361.906764131,0.899581589958159,0.9024647374561166,21,82,1,1246.0,9082,4727,4355,0.030160032827246663,0.05939524838012955,50,285.53880582204164,1246.0,8,10,False,"{0: 10, 7: 4, 4: 21, 1: 22, 6: 1, 3: 37, 5: 53}","{(7, 0): [(4, 10)], (4, 0): [(21, 10)], (4, 7): [(21, 10), (10, 4)], (1, 0): [(22, 10)], (6, 0): [(1, 4), (4, 10)], (3, 4): [(37, 21)], (5, 1): [(53, 21), (21, 10), (10, 22)], (5, 4): [(53, 21)]}","{(0, 10): {'cpu': 15}, (7, 4): {'cpu': 18}, (4, 21): {'cpu': 4}, (1, 22): {'cpu': 18}, (6, 1): {'cpu': 0}, (3, 37): {'cpu': 15}, (5, 53): {'cpu': 1}}","{((7, 0), (4, 10)): {'bw': 22}, ((4, 0), (21, 10)): {'bw': 17}, ((4, 7), (21, 10)): {'bw': 19}, ((4, 7), (10, 4)): {'bw': 19}, ((1, 0), (22, 10)): {'bw': 13}, ((6, 0), (1, 4)): {'bw': 17}, ((6, 0), (4, 10)): {'bw': 17}, ((3, 4), (37, 21)): {'bw': 39}, ((5, 1), (53, 21)): {'bw': 18}, ((5, 1), (21, 10)): {'bw': 18}, ((5, 1), (10, 22)): {'bw': 18}, ((5, 4), (53, 21)): {'bw': 8}}",0.0,0.0,158.0,79.0,207.0,0.0,0.0,0.0,0.0,0.0,0.0,0.0,0.0,0.0,Route Failure,2000.0,"{'node_level': {'cpu': -62}, 'link_level': {'bw': 100.0}, 'path_level': {}}","{'node_level': {0: {'cpu': -69}, 7: {'cpu': -54}, 4: {'cpu': -49}, 1: {'cpu': -70}, 6: {'cpu': -65}, 3: {'cpu': -54}, 5: {'cpu': -64}, 2: {'cpu': -62}}, 'link_level': {(7, 0): {'bw': -68}, (4, 0): {'bw': -73}, (4, 7): {'bw': -49}, (1, 0): {'bw': -54}, (6, 0): {'bw': -32}, (3, 4): {'bw': -27}, (5, 1): {'bw': -36}, (5, 4): {'bw': -64}, (2, 5): {'bw': 100.0}}, 'path_level': {(7, 0): {}, (4, 0): {}, (4, 7): {}, (1, 0): {}, (6, 0): {}, (3, 4): {}, (5, 1): {}, (5, 4): {}, (2, 5): {}}}","{'node_level': {0: {'cpu': 0}, 7: {'cpu': 0}, 4: {'cpu': 0}, 1: {'cpu': 0}, 6: {'cpu': 0}, 3: {'cpu': 0}, 5: {'cpu': 0}, 2: {'cpu': 0}}, 'link_level': {(7, 0): {'bw': 0}, (4, 0): {'bw': 0}, (4, 7): {'bw': 0}, (1, 0): {'bw': 0}, (6, 0): {'bw': 0}, (3, 4): {'bw': 0}, (5, 1): {'bw': 0}, (5, 4): {'bw': 0}, (2, 5): {'bw': 100.0}}, 'path_level': {(7, 0): {}, (4, 0): {}, (4, 7): {}, (1, 0): {}, (6, 0): {}, (3, 4): {}, (5, 1): {}, (5, 4): {}, (2, 5): {}}}",[],100.0,100.0,True,False,False,0,[],0,0.0,20.0,7.0,8.0
52,11,5,1075.0,1195.0,601368.1232386488,666361.906764131,0.899581589958159,0.9024647374561166,21,83,1,1267.0,9082,4727,4355,0.030160032827246663,0.05939524838012955,51,124.79588479393625,1267.0,8,14,False,"{6: 10, 3: 4, 5: 21, 1: 22, 2: 37}","{(3, 6): [(4, 10)], (5, 3): [(21, 10), (10, 4)], (5, 6): [(21, 10)], (1, 5): [(22, 10), (10, 21)], (1, 6): [(22, 10)], (2, 6): [(37, 21), (21, 10)]}","{(6, 10): {'cpu': 15}, (3, 4): {'cpu': 18}, (5, 21): {'cpu': 10}, (1, 22): {'cpu': 14}, (2, 37): {'cpu': 18}}","{((3, 6), (4, 10)): {'bw': 45}, ((5, 3), (21, 10)): {'bw': 40}, ((5, 3), (10, 4)): {'bw': 40}, ((5, 6), (21, 10)): {'bw': 29}, ((1, 5), (22, 10)): {'bw': 6}, ((1, 5), (10, 21)): {'bw': 6}, ((1, 6), (22, 10)): {'bw': 11}, ((2, 6), (37, 21)): {'bw': 13}, ((2, 6), (21, 10)): {'bw': 13}}",0.0,0.0,184.0,92.0,323.0,0.0,0.0,0.0,0.0,0.0,0.0,0.0,0.0,0.0,Route Failure,2200.0,"{'node_level': {'cpu': -70}, 'link_level': {'bw': 100.0}, 'path_level': {}}","{'node_level': {6: {'cpu': -69}, 3: {'cpu': -54}, 5: {'cpu': -43}, 1: {'cpu': -74}, 2: {'cpu': -51}, 4: {'cpu': -70}}, 'link_level': {(3, 6): {'bw': -45}, (5, 3): {'bw': -5}, (5, 6): {'bw': -21}, (1, 5): {'bw': -15}, (1, 6): {'bw': -50}, (2, 6): {'bw': -2}, (4, 1): {'bw': 100.0}, (4, 2): {'bw': 100.0}}, 'path_level': {(3, 6): {}, (5, 3): {}, (5, 6): {}, (1, 5): {}, (1, 6): {}, (2, 6): {}, (4, 1): {}, (4, 2): {}}}","{'node_level': {6: {'cpu': 0}, 3: {'cpu': 0}, 5: {'cpu': 0}, 1: {'cpu': 0}, 2: {'cpu': 0}, 4: {'cpu': 0}}, 'link_level': {(3, 6): {'bw': 0}, (5, 3): {'bw': 0}, (5, 6): {'bw': 0}, (1, 5): {'bw': 0}, (1, 6): {'bw': 0}, (2, 6): {'bw': 0}, (4, 1): {'bw': 100.0}, (4, 2): {'bw': 100.0}}, 'path_level': {(3, 6): {}, (5, 3): {}, (5, 6): {}, (1, 5): {}, (1, 6): {}, (2, 6): {}, (4, 1): {}, (4, 2): {}}}",[],100.0,100.0,True,False,False,0,[],0,0.0,22.0,5.0,6.0
52,11,5,1075.0,1195.0,601368.1232386488,666361.906764131,0.899581589958159,0.9024647374561166,21,84,0,1279.6892896455283,9082,4727,4355,0.030160032827246663,0.05939524838012955,49,56.6892896455284,1223.0,7,10,False,{},{},{},{},0.0,0.0,0.0,0.0,0.0,0.0,0.0,0.0,0.0,0.0,0.0,0.0,0.0,0.0,Leave Event,0.0,"{'node_level': {}, 'link_level': {}, 'path_level': {}}","{'node_level': {}, 'link_level': {}, 'path_level': {}}","{'node_level': {}, 'link_level': {}, 'path_level': {}}",[],-inf,-inf,True,True,False,0,[],0,0.0,,,
53,11,5,1075.0,1195.0,601368.1232386488,666361.906764131,0.899581589958159,0.9024647374561166,21,85,1,1289.0,9082,4727,4355,0.030160032827246663,0.05939524838012955,52,1062.7304519303366,1289.0,8,13,False,"{4: 10, 0: 4, 7: 21}","{(0, 4): [(4, 10)], (7, 0): [(21, 10), (10, 4)], (7, 4): [(21, 10)]}","{(4, 10): {'cpu': 13}, (0, 4): {'cpu': 4}, (7, 21): {'cpu': 8}}","{((0, 4), (4, 10)): {'bw': 18}, ((7, 0), (21, 10)): {'bw': 28}, ((7, 0), (10, 4)): {'bw': 28}, ((7, 4), (21, 10)): {'bw': 15}}",0.0,0.0,140.0,70.0,256.0,0.0,0.0,0.0,0.0,0.0,0.0,0.0,0.0,0.0,Route Failure,2400.0,"{'node_level': {'cpu': -68}, 'link_level': {'bw': 100.0}, 'path_level': {}}","{'node_level': {4: {'cpu': -71}, 0: {'cpu': -68}, 7: {'cpu': -45}, 1: {'cpu': -68}}, 'link_level': {(0, 4): {'bw': -72}, (7, 0): {'bw': -44}, (7, 4): {'bw': -47}, (1, 0): {'bw': 100.0}, (1, 4): {'bw': 100.0}}, 'path_level': {(0, 4): {}, (7, 0): {}, (7, 4): {}, (1, 0): {}, (1, 4): {}}}","{'node_level': {4: {'cpu': 0}, 0: {'cpu': 0}, 7: {'cpu': 0}, 1: {'cpu': 0}}, 'link_level': {(0, 4): {'bw': 0}, (7, 0): {'bw': 0}, (7, 4): {'bw': 0}, (1, 0): {'bw': 100.0}, (1, 4): {'bw': 100.0}}, 'path_level': {(0, 4): {}, (7, 0): {}, (7, 4): {}, (1, 0): {}, (1, 4): {}}}",[],100.0,100.0,True,False,False,0,[],0,0.0,24.0,3.0,3.0
54,12,6,1273.0,1502.0,727281.309008227,861590.9372250426,0.8475366178428761,0.844114390699847,22,86,1,1313.0,8775,4663,4112,0.043290931473122685,0.11187904967602591,53,635.9251806544353,1313.0,5,4,True,"{3: 10, 1: 4, 4: 21, 0: 22, 2: 1}","{(1, 3): [(4, 10)], (4, 3): [(21, 10)], (0, 1): [(22, 10), (10, 4)], (2, 0): [(1, 4), (4, 10), (10, 22)]}","{(3, 10): {'cpu': 8}, (1, 4): {'cpu': 19}, (4, 21): {'cpu': 16}, (0, 22): {'cpu': 2}, (2, 1): {'cpu': 19}}","{((1, 3), (4, 10)): {'bw': 23}, ((4, 3), (21, 10)): {'bw': 50}, ((0, 1), (22, 10)): {'bw': 13}, ((0, 1), (10, 4)): {'bw': 13}, ((2, 0), (1, 4)): {'bw': 48}, ((2, 0), (4, 10)): {'bw': 48}, ((2, 0), (10, 22)): {'bw': 48}}",307.0,198.0,128.0,64.0,134.0,64.0,134.0,64.0,243.0,109.0,0.6449511400651465,195229.03046091163,125913.18576957818,410.1406702592123,Success,0.0,"{'node_level': {'cpu': -46}, 'link_level': {'bw': -6}, 'path_level': {}}","{'node_level': {3: {'cpu': -76}, 1: {'cpu': -53}, 4: {'cpu': -37}, 0: {'cpu': -86}, 2: {'cpu': -46}}, 'link_level': {(1, 3): {'bw': -67}, (4, 3): {'bw': -40}, (0, 1): {'bw': -54}, (2, 0): {'bw': -6}}, 'path_level': {(1, 3): {}, (4, 3): {}, (0, 1): {}, (2, 0): {}}}","{'node_level': {3: {'cpu': 0}, 1: {'cpu': 0}, 4: {'cpu': 0}, 0: {'cpu': 0}, 2: {'cpu': 0}}, 'link_level': {(1, 3): {'bw': 0}, (4, 3): {'bw': 0}, (0, 1): {'bw': 0}, (2, 0): {'bw': 0}}, 'path_level': {(1, 3): {}, (4, 3): {}, (0, 1): {}, (2, 0): {}}}",[],-6.0,0.0,True,True,False,0,[],0,0.0,0.0,5.0,4.0
54,12,5,1273.0,1502.0,727281.309008227,861590.9372250426,0.8475366178428761,0.844114390699847,22,87,0,1321.9576239147773,8853,4686,4167,0.03857201477226102,0.09999999999999998,31,565.9576239147773,756.0,3,2,False,{},{},{},{},0.0,0.0,0.0,0.0,0.0,0.0,0.0,0.0,0.0,0.0,0.0,0.0,0.0,0.0,Leave Event,0.0,"{'node_level': {}, 'link_level': {}, 'path_level': {}}","{'node_level': {}, 'link_level': {}, 'path_level': {}}","{'node_level': {}, 'link_level': {}, 'path_level': {}}",[],-inf,-inf,True,True,False,0,[],0,0.0,,,
55,12,5,1273.0,1502.0,727281.309008227,861590.9372250426,0.8475366178428761,0.844114390699847,22,88,1,1332.0,8853,4686,4167,0.03857201477226102,0.09999999999999998,54,624.1492383005581,1332.0,10,24,False,"{2: 8, 1: 3, 8: 17, 4: 18}","{(1, 2): [(3, 8)], (8, 2): [(17, 8)], (4, 2): [(18, 8)]}","{(2, 8): {'cpu': 14}, (1, 3): {'cpu': 16}, (8, 17): {'cpu': 14}, (4, 18): {'cpu': 12}}","{((1, 2), (3, 8)): {'bw': 48}, ((8, 2), (17, 8)): {'bw': 39}, ((4, 2), (18, 8)): {'bw': 40}}",0.0,0.0,182.0,91.0,743.0,0.0,0.0,0.0,0.0,0.0,0.0,0.0,0.0,0.0,Route Failure,2300.0,"{'node_level': {'cpu': -82}, 'link_level': {'bw': 100.0}, 'path_level': {}}","{'node_level': {2: {'cpu': -76}, 1: {'cpu': -42}, 8: {'cpu': -62}, 4: {'cpu': -58}, 7: {'cpu': -82}}, 'link_level': {(1, 2): {'bw': -14}, (8, 2): {'bw': -30}, (4, 2): {'bw': -28}, (7, 1): {'bw': 100.0}, (7, 2): {'bw': 100.0}}, 'path_level': {(1, 2): {}, (8, 2): {}, (4, 2): {}, (7, 1): {}, (7, 2): {}}}","{'node_level': {2: {'cpu': 0}, 1: {'cpu': 0}, 8: {'cpu': 0}, 4: {'cpu': 0}, 7: {'cpu': 0}}, 'link_level': {(1, 2): {'bw': 0}, (8, 2): {'bw': 0}, (4, 2): {'bw': 0}, (7, 1): {'bw': 100.0}, (7, 2): {'bw': 100.0}}, 'path_level': {(1, 2): {}, (8, 2): {}, (4, 2): {}, (7, 1): {}, (7, 2): {}}}",[],100.0,100.0,True,False,False,0,[],0,0.0,23.0,4.0,3.0
56,13,6,1361.0,1590.0,791920.2116512263,926229.8398680419,0.8559748427672956,0.8549931966822074,23,89,1,1356.0,8765,4660,4105,0.043906442347148134,0.11339092872570189,55,734.5329845795372,1356.0,4,3,True,"{3: 8, 2: 3, 0: 17, 1: 18}","{(2, 3): [(3, 8)], (0, 3): [(17, 8)], (1, 3): [(18, 8)]}","{(3, 8): {'cpu': 9}, (2, 3): {'cpu': 4}, (0, 17): {'cpu': 2}, (1, 18): {'cpu': 11}}","{((2, 3), (3, 8)): {'bw': 39}, ((0, 3), (17, 8)): {'bw': 21}, ((1, 3), (18, 8)): {'bw': 2}}",88.0,88.0,52.0,26.0,62.0,26.0,62.0,26.0,62.0,0.0,1.0,64638.90264299928,64638.90264299928,734.5329845795372,Success,0.0,"{'node_level': {'cpu': -59}, 'link_level': {'bw': -66}, 'path_level': {}}","{'node_level': {3: {'cpu': -81}, 2: {'cpu': -54}, 0: {'cpu': -74}, 1: {'cpu': -59}}, 'link_level': {(2, 3): {'bw': -23}, (0, 3): {'bw': -48}, (1, 3): {'bw': -66}}, 'path_level': {(2, 3): {}, (0, 3): {}, (1, 3): {}}}","{'node_level': {3: {'cpu': 0}, 2: {'cpu': 0}, 0: {'cpu': 0}, 1: {'cpu': 0}}, 'link_level': {(2, 3): {'bw': 0}, (0, 3): {'bw': 0}, (1, 3): {'bw': 0}}, 'path_level': {(2, 3): {}, (0, 3): {}, (1, 3): {}}}",[],-59.0,0.0,True,True,False,0,[],0,0.0,0.0,4.0,3.0
57,14,7,1423.0,1652.0,804369.5993962203,938679.2276130359,0.8613801452784504,0.856916373276576,23,90,1,1376.0,8703,4631,4072,0.049856380796060695,0.12051835853131754,56,200.79657653216137,1376.0,3,2,True,"{2: 12, 0: 5, 1: 25}","{(0, 2): [(5, 12)], (1, 2): [(25, 12)]}","{(2, 12): {'cpu': 4}, (0, 5): {'cpu': 11}, (1, 25): {'cpu': 14}}","{((0, 2), (5, 12)): {'bw': 23}, ((1, 2), (25, 12)): {'bw': 10}}",62.0,62.0,58.0,29.0,33.0,29.0,33.0,29.0,33.0,0.0,1.0,12449.387744994005,12449.387744994005,200.79657653216137,Success,0.0,"{'node_level': {'cpu': -79}, 'link_level': {'bw': -73}, 'path_level': {}}","{'node_level': {2: {'cpu': -75}, 0: {'cpu': -53}, 1: {'cpu': -79}}, 'link_level': {(0, 2): {'bw': -33}, (1, 2): {'bw': -73}}, 'path_level': {(0, 2): {}, (1, 2): {}}}","{'node_level': {2: {'cpu': 0}, 0: {'cpu': 0}, 1: {'cpu': 0}}, 'link_level': {(0, 2): {'bw': 0}, (1, 2): {'bw': 0}}, 'path_level': {(0, 2): {}, (1, 2): {}}}",[],-73.0,0.0,True,True,False,0,[],0,0.0,0.0,3.0,2.0
57,14,7,1423.0,1652.0,804369.5993962203,938679.2276130359,0.8613801452784504,0.856916373276576,23,91,0,1391.7958847939362,8703,4631,4072,0.049856380796060695,0.12051835853131754,51,124.79588479393625,1267.0,8,14,False,{},{},{},{},0.0,0.0,0.0,0.0,0.0,0.0,0.0,0.0,0.0,0.0,0.0,0.0,0.0,0.0,Leave Event,0.0,"{'node_level': {}, 'link_level': {}, 'path_level': {}}","{'node_level': {}, 'link_level': {}, 'path_level': {}}","{'node_level': {}, 'link_level': {}, 'path_level': {}}",[],-inf,-inf,True,True,False,0,[],0,0.0,,,
58,14,7,1423.0,1652.0,804369.5993962203,938679.2276130359,0.8613801452784504,0.856916373276576,23,92,1,1400.0,8703,4631,4072,0.049856380796060695,0.12051835853131754,57,129.78076160090816,1400.0,6,12,False,"{2: 2, 3: 0, 0: 5, 4: 6, 1: 1}","{(3, 2): [(0, 2)], (0, 2): [(5, 2)], (4, 0): [(6, 2), (2, 5)], (4, 2): [(6, 2)], (1, 0): [(1, 0), (0, 2), (2, 5)], (1, 2): [(1, 0), (0, 2)], (1, 3): [(1, 0)], (1, 4): [(1, 0), (0, 2), (2, 6)]}","{(2, 2): {'cpu': 14}, (3, 0): {'cpu': 14}, (0, 5): {'cpu': 14}, (4, 6): {'cpu': 16}, (1, 1): {'cpu': 4}}","{((3, 2), (0, 2)): {'bw': 25}, ((0, 2), (5, 2)): {'bw': 31}, ((4, 0), (6, 2)): {'bw': 2}, ((4, 0), (2, 5)): {'bw': 2}, ((4, 2), (6, 2)): {'bw': 23}, ((1, 0), (1, 0)): {'bw': 11}, ((1, 0), (0, 2)): {'bw': 11}, ((1, 0), (2, 5)): {'bw': 11}, ((1, 2), (1, 0)): {'bw': 25}, ((1, 2), (0, 2)): {'bw': 25}, ((1, 3), (1, 0)): {'bw': 7}, ((1, 4), (1, 0)): {'bw': 5}, ((1, 4), (0, 2)): {'bw': 5}, ((1, 4), (2, 6)): {'bw': 5}}",0.0,0.0,126.0,63.0,211.0,0.0,0.0,0.0,0.0,0.0,0.0,0.0,0.0,0.0,Route Failure,4200.0,"{'node_level': {'cpu': -85}, 'link_level': {'bw': 100.0}, 'path_level': {}}","{'node_level': {2: {'cpu': -67}, 3: {'cpu': -76}, 0: {'cpu': -39}, 4: {'cpu': -47}, 1: {'cpu': -42}, 5: {'cpu': -85}}, 'link_level': {(3, 2): {'bw': -57}, (0, 2): {'bw': -40}, (4, 0): {'bw': -38}, (4, 2): {'bw': -75}, (1, 0): {'bw': -27}, (1, 2): {'bw': -21}, (1, 3): {'bw': -26}, (1, 4): {'bw': -16}, (5, 0): {'bw': 100.0}, (5, 2): {'bw': 100.0}, (5, 3): {'bw': 100.0}}, 'path_level': {(3, 2): {}, (0, 2): {}, (4, 0): {}, (4, 2): {}, (1, 0): {}, (1, 2): {}, (1, 3): {}, (1, 4): {}, (5, 0): {}, (5, 2): {}, (5, 3): {}}}","{'node_level': {2: {'cpu': 0}, 3: {'cpu': 0}, 0: {'cpu': 0}, 4: {'cpu': 0}, 1: {'cpu': 0}, 5: {'cpu': 0}}, 'link_level': {(3, 2): {'bw': 0}, (0, 2): {'bw': 0}, (4, 0): {'bw': 0}, (4, 2): {'bw': 0}, (1, 0): {'bw': 0}, (1, 2): {'bw': 0}, (1, 3): {'bw': 0}, (1, 4): {'bw': 0}, (5, 0): {'bw': 100.0}, (5, 2): {'bw': 100.0}, (5, 3): {'bw': 100.0}}, 'path_level': {(3, 2): {}, (0, 2): {}, (4, 0): {}, (4, 2): {}, (1, 0): {}, (1, 2): {}, (1, 3): {}, (1, 4): {}, (5, 0): {}, (5, 2): {}, (5, 3): {}}}",[],100.0,100.0,True,False,False,0,[],0,0.0,42.0,5.0,8.0
59,14,7,1423.0,1652.0,804369.5993962203,938679.2276130359,0.8613801452784504,0.856916373276576,23,93,1,1422.0,8703,4631,4072,0.049856380796060695,0.12051835853131754,58,492.2097908690325,1422.0,10,16,False,"{7: 2, 0: 0}","{(0, 7): [(0, 2)]}","{(7, 2): {'cpu': 16}, (0, 0): {'cpu': 11}}","{((0, 7), (0, 2)): {'bw': 38}}",0.0,0.0,254.0,127.0,435.0,0.0,0.0,0.0,0.0,0.0,0.0,0.0,0.0,0.0,Route Failure,4500.0,"{'node_level': {'cpu': -66}, 'link_level': {'bw': 100.0}, 'path_level': {}}","{'node_level': {7: {'cpu': -65}, 0: {'cpu': -79}, 5: {'cpu': -66}}, 'link_level': {(0, 7): {'bw': -44}, (5, 0): {'bw': 100.0}, (5, 7): {'bw': 100.0}}, 'path_level': {(0, 7): {}, (5, 0): {}, (5, 7): {}}}","{'node_level': {7: {'cpu': 0}, 0: {'cpu': 0}, 5: {'cpu': 0}}, 'link_level': {(0, 7): {'bw': 0}, (5, 0): {'bw': 100.0}, (5, 7): {'bw': 100.0}}, 'path_level': {(0, 7): {}, (5, 0): {}, (5, 7): {}}}",[],100.0,100.0,True,False,False,0,[],0,0.0,45.0,2.0,1.0
60,15,8,1536.0,1772.0,834611.4309583396,970794.4469710388,0.8668171557562077,0.8597200298810919,24,94,1,1446.0,8583,4599,3984,0.05642183011899882,0.139524838012959,59,267.62682798335686,1446.0,3,3,True,"{2: 2, 0: 0, 1: 5}","{(0, 2): [(0, 2)], (1, 0): [(5, 2), (2, 0)], (1, 2): [(5, 2)]}","{(2, 2): {'cpu': 14}, (0, 0): {'cpu': 11}, (1, 5): {'cpu': 7}}","{((0, 2), (0, 2)): {'bw': 38}, ((1, 0), (5, 2)): {'bw': 7}, ((1, 0), (2, 0)): {'bw': 7}, ((1, 2), (5, 2)): {'bw': 36}}",120.0,113.0,64.0,32.0,81.0,32.0,81.0,32.0,88.0,7.0,0.9416666666666667,32115.219358002825,30241.831562119325,252.01526301766103,Success,0.0,"{'node_level': {'cpu': -46}, 'link_level': {'bw': -28}, 'path_level': {}}","{'node_level': {2: {'cpu': -67}, 0: {'cpu': -79}, 1: {'cpu': -46}}, 'link_level': {(0, 2): {'bw': -44}, (1, 0): {'bw': -37}, (1, 2): {'bw': -28}}, 'path_level': {(0, 2): {}, (1, 0): {}, (1, 2): {}}}","{'node_level': {2: {'cpu': 0}, 0: {'cpu': 0}, 1: {'cpu': 0}}, 'link_level': {(0, 2): {'bw': 0}, (1, 0): {'bw': 0}, (1, 2): {'bw': 0}}, 'path_level': {(0, 2): {}, (1, 0): {}, (1, 2): {}}}",[],-28.0,0.0,True,True,False,0,[],0,0.0,0.0,3.0,3.0
60,15,7,1536.0,1772.0,834611.4309583396,970794.4469710388,0.8668171557562077,0.8597200298810919,24,95,0,1448.9866512507838,8640,4628,4012,0.050471891670086144,0.13347732181425487,42,420.9866512507837,1028.0,2,1,False,{},{},{},{},0.0,0.0,0.0,0.0,0.0,0.0,0.0,0.0,0.0,0.0,0.0,0.0,0.0,0.0,Leave Event,0.0,"{'node_level': {}, 'link_level': {}, 'path_level': {}}","{'node_level': {}, 'link_level': {}, 'path_level': {}}","{'node_level': {}, 'link_level': {}, 'path_level': {}}",[],-inf,-inf,True,True,False,0,[],0,0.0,,,
61,15,7,1536.0,1772.0,834611.4309583396,970794.4469710388,0.8668171557562077,0.8597200298810919,24,96,1,1467.0,8640,4628,4012,0.050471891670086144,0.13347732181425487,60,1380.5757663510403,1467.0,8,10,False,"{5: 11, 6: 5, 2: 23}","{(6, 5): [(5, 11)], (2, 5): [(23, 11)], (2, 6): [(23, 11), (11, 5)]}","{(5, 11): {'cpu': 5}, (6, 5): {'cpu': 7}, (2, 23): {'cpu': 8}}","{((6, 5), (5, 11)): {'bw': 14}, ((2, 5), (23, 11)): {'bw': 8}, ((2, 6), (23, 11)): {'bw': 38}, ((2, 6), (11, 5)): {'bw': 38}}",0.0,0.0,76.0,38.0,287.0,0.0,0.0,0.0,0.0,0.0,0.0,0.0,0.0,0.0,Route Failure,2400.0,"{'node_level': {'cpu': -49}, 'link_level': {'bw': 100.0}, 'path_level': {}}","{'node_level': {5: {'cpu': -93}, 6: {'cpu': -50}, 2: {'cpu': -46}, 1: {'cpu': -49}}, 'link_level': {(6, 5): {'bw': -50}, (2, 5): {'bw': -48}, (2, 6): {'bw': -10}, (1, 5): {'bw': 100.0}, (1, 6): {'bw': 100.0}}, 'path_level': {(6, 5): {}, (2, 5): {}, (2, 6): {}, (1, 5): {}, (1, 6): {}}}","{'node_level': {5: {'cpu': 0}, 6: {'cpu': 0}, 2: {'cpu': 0}, 1: {'cpu': 0}}, 'link_level': {(6, 5): {'bw': 0}, (2, 5): {'bw': 0}, (2, 6): {'bw': 0}, (1, 5): {'bw': 100.0}, (1, 6): {'bw': 100.0}}, 'path_level': {(6, 5): {}, (2, 5): {}, (2, 6): {}, (1, 5): {}, (1, 6): {}}}",[],100.0,100.0,True,False,False,0,[],0,0.0,24.0,3.0,3.0
62,15,7,1536.0,1772.0,834611.4309583396,970794.4469710388,0.8668171557562077,0.8597200298810919,24,97,1,1494.0,8640,4628,4012,0.050471891670086144,0.13347732181425487,61,514.2434158630444,1494.0,7,8,False,"{5: 11, 3: 5, 2: 23, 1: 24}","{(3, 5): [(5, 11)], (2, 5): [(23, 11)], (1, 5): [(24, 11)]}","{(5, 11): {'cpu': 7}, (3, 5): {'cpu': 4}, (2, 23): {'cpu': 13}, (1, 24): {'cpu': 5}}","{((3, 5), (5, 11)): {'bw': 45}, ((2, 5), (23, 11)): {'bw': 32}, ((1, 5), (24, 11)): {'bw': 49}}",0.0,0.0,118.0,59.0,266.0,0.0,0.0,0.0,0.0,0.0,0.0,0.0,0.0,0.0,Route Failure,2300.0,"{'node_level': {'cpu': -46}, 'link_level': {'bw': 100.0}, 'path_level': {}}","{'node_level': {5: {'cpu': -91}, 3: {'cpu': -53}, 2: {'cpu': -41}, 1: {'cpu': -87}, 4: {'cpu': -46}}, 'link_level': {(3, 5): {'bw': -19}, (2, 5): {'bw': -24}, (1, 5): {'bw': -38}, (4, 3): {'bw': 100.0}}, 'path_level': {(3, 5): {}, (2, 5): {}, (1, 5): {}, (4, 3): {}}}","{'node_level': {5: {'cpu': 0}, 3: {'cpu': 0}, 2: {'cpu': 0}, 1: {'cpu': 0}, 4: {'cpu': 0}}, 'link_level': {(3, 5): {'bw': 0}, (2, 5): {'bw': 0}, (1, 5): {'bw': 0}, (4, 3): {'bw': 100.0}}, 'path_level': {(3, 5): {}, (2, 5): {}, (1, 5): {}, (4, 3): {}}}",[],100.0,100.0,True,False,False,0,[],0,0.0,23.0,4.0,3.0
63,16,8,1617.0,1853.0,854425.156197614,990608.1722103133,0.8726389638424177,0.8625258504491858,24,98,1,1524.0,8559,4601,3958,0.056011489536315184,0.14514038876889845,62,244.613891842895,1524.0,3,2,True,"{0: 11, 1: 5, 2: 23}","{(1, 0): [(5, 11)], (2, 0): [(23, 11)]}","{(0, 11): {'cpu': 16}, (1, 5): {'cpu': 11}, (2, 23): {'cpu': 0}}","{((1, 0), (5, 11)): {'bw': 31}, ((2, 0), (23, 11)): {'bw': 23}}",81.0,81.0,54.0,27.0,54.0,27.0,54.0,27.0,54.0,0.0,1.0,19813.725239274492,19813.725239274492,244.613891842895,Success,0.0,"{'node_level': {'cpu': -54}, 'link_level': {'bw': -33}, 'path_level': {}}","{'node_level': {0: {'cpu': -82}, 1: {'cpu': -46}, 2: {'cpu': -54}}, 'link_level': {(1, 0): {'bw': -33}, (2, 0): {'bw': -33}}, 'path_level': {(1, 0): {}, (2, 0): {}}}","{'node_level': {0: {'cpu': 0}, 1: {'cpu': 0}, 2: {'cpu': 0}}, 'link_level': {(1, 0): {'bw': 0}, (2, 0): {'bw': 0}}, 'path_level': {(1, 0): {}, (2, 0): {}}}",[],-33.0,0.0,True,True,False,0,[],0,0.0,0.0,3.0,2.0
63,16,8,1617.0,1853.0,854425.156197614,990608.1722103133,0.8726389638424177,0.8625258504491858,24,99,0,1529.7807616009081,8559,4601,3958,0.056011489536315184,0.14514038876889845,57,129.78076160090816,1400.0,6,12,False,{},{},{},{},0.0,0.0,0.0,0.0,0.0,0.0,0.0,0.0,0.0,0.0,0.0,0.0,0.0,0.0,Leave Event,0.0,"{'node_level': {}, 'link_level': {}, 'path_level': {}}","{'node_level': {}, 'link_level': {}, 'path_level': {}}","{'node_level': {}, 'link_level': {}, 'path_level': {}}",[],-inf,-inf,True,True,False,0,[],0,0.0,,,
63,16,8,1617.0,1853.0,854425.156197614,990608.1722103133,0.8726389638424177,0.8625258504491858,24,100,0,1531.5388058220417,8559,4601,3958,0.056011489536315184,0.14514038876889845,50,285.53880582204164,1246.0,8,10,False,{},{},{},{},0.0,0.0,0.0,0.0,0.0,0.0,0.0,0.0,0.0,0.0,0.0,0.0,0.0,0.0,Leave Event,0.0,"{'node_level': {}, 'link_level': {}, 'path_level': {}}","{'node_level': {}, 'link_level': {}, 'path_level': {}}","{'node_level': {}, 'link_level': {}, 'path_level': {}}",[],-inf,-inf,True,True,False,0,[],0,0.0,,,
64,17,9,1769.0,2032.0,1001245.5376361083,1163508.4898253824,0.8705708661417323,0.8605399499804026,27,101,1,1545.0,8380,4535,3845,0.06955272876487484,0.16954643628509725,63,965.9235620953574,1545.0,4,4,True,"{2: 14, 1: 6, 3: 29, 0: 30}","{(1, 2): [(6, 14)], (3, 1): [(29, 14), (14, 6)], (3, 2): [(29, 14)], (0, 2): [(30, 14)]}","{(2, 14): {'cpu': 19}, (1, 6): {'cpu': 16}, (3, 29): {'cpu': 13}, (0, 30): {'cpu': 18}}","{((1, 2), (6, 14)): {'bw': 25}, ((3, 1), (29, 14)): {'bw': 27}, ((3, 1), (14, 6)): {'bw': 27}, ((3, 2), (29, 14)): {'bw': 20}, ((0, 2), (30, 14)): {'bw': 14}}",179.0,152.0,132.0,66.0,86.0,66.0,86.0,66.0,113.0,27.0,0.8491620111731844,172900.31761506898,146820.3814384943,820.2255946284599,Success,0.0,"{'node_level': {'cpu': -35}, 'link_level': {'bw': -58}, 'path_level': {}}","{'node_level': {2: {'cpu': -52}, 1: {'cpu': -47}, 3: {'cpu': -70}, 0: {'cpu': -35}}, 'link_level': {(1, 2): {'bw': -31}, (3, 1): {'bw': -4}, (3, 2): {'bw': -26}, (0, 2): {'bw': -58}}, 'path_level': {(1, 2): {}, (3, 1): {}, (3, 2): {}, (0, 2): {}}}","{'node_level': {2: {'cpu': 0}, 1: {'cpu': 0}, 3: {'cpu': 0}, 0: {'cpu': 0}}, 'link_level': {(1, 2): {'bw': 0}, (3, 1): {'bw': 0}, (3, 2): {'bw': 0}, (0, 2): {'bw': 0}}, 'path_level': {(1, 2): {}, (3, 1): {}, (3, 2): {}, (0, 2): {}}}",[],-35.0,0.0,True,True,False,0,[],0,0.0,0.0,4.0,4.0
65,17,9,1769.0,2032.0,1001245.5376361083,1163508.4898253824,0.8705708661417323,0.8605399499804026,27,102,1,1570.0,8380,4535,3845,0.06955272876487484,0.16954643628509725,64,239.65748978791973,1570.0,6,10,False,"{1: 26, 5: 12, 4: 42, 2: 58}","{(5, 1): [(12, 26)], (4, 1): [(42, 26)], (4, 5): [(42, 26), (26, 12)], (2, 1): [(58, 26)], (2, 5): [(58, 26), (26, 12)]}","{(1, 26): {'cpu': 13}, (5, 12): {'cpu': 20}, (4, 42): {'cpu': 19}, (2, 58): {'cpu': 12}}","{((5, 1), (12, 26)): {'bw': 10}, ((4, 1), (42, 26)): {'bw': 46}, ((4, 5), (42, 26)): {'bw': 16}, ((4, 5), (26, 12)): {'bw': 16}, ((2, 1), (58, 26)): {'bw': 17}, ((2, 5), (58, 26)): {'bw': 33}, ((2, 5), (26, 12)): {'bw': 33}}",0.0,0.0,154.0,77.0,296.0,0.0,0.0,0.0,0.0,0.0,0.0,0.0,0.0,0.0,Route Failure,1700.0,"{'node_level': {'cpu': -52}, 'link_level': {'bw': 100.0}, 'path_level': {}}","{'node_level': {1: {'cpu': -76}, 5: {'cpu': -55}, 4: {'cpu': -43}, 2: {'cpu': -60}, 0: {'cpu': -52}}, 'link_level': {(5, 1): {'bw': -58}, (4, 1): {'bw': -43}, (4, 5): {'bw': -27}, (2, 1): {'bw': -76}, (2, 5): {'bw': -9}, (0, 1): {'bw': 100.0}}, 'path_level': {(5, 1): {}, (4, 1): {}, (4, 5): {}, (2, 1): {}, (2, 5): {}, (0, 1): {}}}","{'node_level': {1: {'cpu': 0}, 5: {'cpu': 0}, 4: {'cpu': 0}, 2: {'cpu': 0}, 0: {'cpu': 0}}, 'link_level': {(5, 1): {'bw': 0}, (4, 1): {'bw': 0}, (4, 5): {'bw': 0}, (2, 1): {'bw': 0}, (2, 5): {'bw': 0}, (0, 1): {'bw': 100.0}}, 'path_level': {(5, 1): {}, (4, 1): {}, (4, 5): {}, (2, 1): {}, (2, 5): {}, (0, 1): {}}}",[],100.0,100.0,True,False,False,0,[],0,0.0,17.0,4.0,5.0
65,17,8,1769.0,2032.0,1001245.5376361083,1163508.4898253824,0.8705708661417323,0.8605399499804026,27,103,0,1576.7965765321615,8442,4564,3878,0.06360279031596228,0.1624190064794816,56,200.79657653216137,1376.0,3,2,False,{},{},{},{},0.0,0.0,0.0,0.0,0.0,0.0,0.0,0.0,0.0,0.0,0.0,0.0,0.0,0.0,Leave Event,0.0,"{'node_level': {}, 'link_level': {}, 'path_level': {}}","{'node_level': {}, 'link_level': {}, 'path_level': {}}","{'node_level': {}, 'link_level': {}, 'path_level': {}}",[],-inf,-inf,True,True,False,0,[],0,0.0,,,
66,17,8,1769.0,2032.0,1001245.5376361083,1163508.4898253824,0.8705708661417323,0.8605399499804026,27,104,1,1604.0,8442,4564,3878,0.06360279031596228,0.1624190064794816,65,98.19593720777934,1604.0,9,15,False,"{6: 12, 2: 5}","{(2, 6): [(5, 12)]}","{(6, 12): {'cpu': 14}, (2, 5): {'cpu': 20}}","{((2, 6), (5, 12)): {'bw': 49}}",0.0,0.0,162.0,81.0,464.0,0.0,0.0,0.0,0.0,0.0,0.0,0.0,0.0,0.0,Route Failure,2500.0,"{'node_level': {'cpu': -25}, 'link_level': {'bw': 100.0}, 'path_level': {}}","{'node_level': {6: {'cpu': -65}, 2: {'cpu': -37}, 4: {'cpu': -25}}, 'link_level': {(2, 6): {'bw': -7}, (4, 2): {'bw': 100.0}, (4, 6): {'bw': 100.0}}, 'path_level': {(2, 6): {}, (4, 2): {}, (4, 6): {}}}","{'node_level': {6: {'cpu': 0}, 2: {'cpu': 0}, 4: {'cpu': 0}}, 'link_level': {(2, 6): {'bw': 0}, (4, 2): {'bw': 100.0}, (4, 6): {'bw': 100.0}}, 'path_level': {(2, 6): {}, (4, 2): {}, (4, 6): {}}}",[],100.0,100.0,True,False,False,0,[],0,0.0,25.0,2.0,1.0
67,17,8,1769.0,2032.0,1001245.5376361083,1163508.4898253824,0.8705708661417323,0.8605399499804026,27,105,1,1621.0,8442,4564,3878,0.06360279031596228,0.1624190064794816,66,760.8495838383803,1621.0,8,13,False,"{2: 12, 1: 5}","{(1, 2): [(5, 12)]}","{(2, 12): {'cpu': 14}, (1, 5): {'cpu': 10}}","{((1, 2), (5, 12)): {'bw': 6}}",0.0,0.0,178.0,89.0,320.0,0.0,0.0,0.0,0.0,0.0,0.0,0.0,0.0,0.0,Route Failure,2500.0,"{'node_level': {'cpu': -21}, 'link_level': {'bw': 100.0}, 'path_level': {}}","{'node_level': {2: {'cpu': -65}, 1: {'cpu': -47}, 3: {'cpu': -21}}, 'link_level': {(1, 2): {'bw': -50}, (3, 1): {'bw': 100.0}, (3, 2): {'bw': 100.0}}, 'path_level': {(1, 2): {}, (3, 1): {}, (3, 2): {}}}","{'node_level': {2: {'cpu': 0}, 1: {'cpu': 0}, 3: {'cpu': 0}}, 'link_level': {(1, 2): {'bw': 0}, (3, 1): {'bw': 100.0}, (3, 2): {'bw': 100.0}}, 'path_level': {(1, 2): {}, (3, 1): {}, (3, 2): {}}}",[],100.0,100.0,True,False,False,0,[],0,0.0,25.0,2.0,1.0
68,17,8,1769.0,2032.0,1001245.5376361083,1163508.4898253824,0.8705708661417323,0.8605399499804026,27,106,1,1643.0,8442,4564,3878,0.06360279031596228,0.1624190064794816,67,319.5270626266553,1643.0,6,9,False,"{0: 12, 5: 5}","{(5, 0): [(5, 12)]}","{(0, 12): {'cpu': 15}, (5, 5): {'cpu': 9}}","{((5, 0), (5, 12)): {'bw': 37}}",0.0,0.0,136.0,68.0,242.0,0.0,0.0,0.0,0.0,0.0,0.0,0.0,0.0,0.0,Route Failure,2500.0,"{'node_level': {'cpu': -21}, 'link_level': {'bw': 100.0}, 'path_level': {}}","{'node_level': {0: {'cpu': -64}, 5: {'cpu': -48}, 4: {'cpu': -21}}, 'link_level': {(5, 0): {'bw': -19}, (4, 0): {'bw': 100.0}, (4, 5): {'bw': 100.0}}, 'path_level': {(5, 0): {}, (4, 0): {}, (4, 5): {}}}","{'node_level': {0: {'cpu': 0}, 5: {'cpu': 0}, 4: {'cpu': 0}}, 'link_level': {(5, 0): {'bw': 0}, (4, 0): {'bw': 100.0}, (4, 5): {'bw': 100.0}}, 'path_level': {(5, 0): {}, (4, 0): {}, (4, 5): {}}}",[],100.0,100.0,True,False,False,0,[],0,0.0,25.0,2.0,1.0
68,17,7,1769.0,2032.0,1001245.5376361083,1163508.4898253824,0.8705708661417323,0.8605399499804026,27,107,0,1652.3512005386167,8505,4599,3906,0.05642183011899882,0.15637149028077757,3,1570.3512005386167,82.0,4,4,False,{},{},{},{},0.0,0.0,0.0,0.0,0.0,0.0,0.0,0.0,0.0,0.0,0.0,0.0,0.0,0.0,Leave Event,0.0,"{'node_level': {}, 'link_level': {}, 'path_level': {}}","{'node_level': {}, 'link_level': {}, 'path_level': {}}","{'node_level': {}, 'link_level': {}, 'path_level': {}}",[],-inf,-inf,True,True,False,0,[],0,0.0,,,
69,17,7,1769.0,2032.0,1001245.5376361083,1163508.4898253824,0.8705708661417323,0.8605399499804026,27,108,1,1666.0,8505,4599,3906,0.05642183011899882,0.15637149028077757,68,150.2015914849124,1666.0,7,9,False,"{5: 12, 4: 5, 0: 25, 2: 26}","{(4, 5): [(5, 12)], (0, 5): [(25, 12)], (2, 0): [(26, 12), (12, 25)], (2, 5): [(26, 12)]}","{(5, 12): {'cpu': 16}, (4, 5): {'cpu': 7}, (0, 25): {'cpu': 4}, (2, 26): {'cpu': 1}}","{((4, 5), (5, 12)): {'bw': 42}, ((0, 5), (25, 12)): {'bw': 48}, ((2, 0), (26, 12)): {'bw': 12}, ((2, 0), (12, 25)): {'bw': 12}, ((2, 5), (26, 12)): {'bw': 48}}",0.0,0.0,74.0,37.0,215.0,0.0,0.0,0.0,0.0,0.0,0.0,0.0,0.0,0.0,Route Failure,2300.0,"{'node_level': {'cpu': -31}, 'link_level': {'bw': 100.0}, 'path_level': {}}","{'node_level': {5: {'cpu': -65}, 4: {'cpu': -68}, 0: {'cpu': -89}, 2: {'cpu': -88}, 6: {'cpu': -31}}, 'link_level': {(4, 5): {'bw': -17}, (0, 5): {'bw': -35}, (2, 0): {'bw': -23}, (2, 5): {'bw': -8}, (6, 0): {'bw': 100.0}, (6, 2): {'bw': 100.0}}, 'path_level': {(4, 5): {}, (0, 5): {}, (2, 0): {}, (2, 5): {}, (6, 0): {}, (6, 2): {}}}","{'node_level': {5: {'cpu': 0}, 4: {'cpu': 0}, 0: {'cpu': 0}, 2: {'cpu': 0}, 6: {'cpu': 0}}, 'link_level': {(4, 5): {'bw': 0}, (0, 5): {'bw': 0}, (2, 0): {'bw': 0}, (2, 5): {'bw': 0}, (6, 0): {'bw': 100.0}, (6, 2): {'bw': 100.0}}, 'path_level': {(4, 5): {}, (0, 5): {}, (2, 0): {}, (2, 5): {}, (6, 0): {}, (6, 2): {}}}",[],100.0,100.0,True,False,False,0,[],0,0.0,23.0,4.0,4.0
70,17,7,1769.0,2032.0,1001245.5376361083,1163508.4898253824,0.8705708661417323,0.8605399499804026,27,109,1,1691.0,8505,4599,3906,0.05642183011899882,0.15637149028077757,69,589.4762948660839,1691.0,10,23,False,"{3: 12, 4: 5, 0: 11, 7: 41}","{(4, 3): [(5, 12)], (0, 3): [(11, 5), (5, 12)], (0, 4): [(11, 5)], (7, 3): [(41, 25), (25, 12)], (7, 4): [(41, 25), (25, 12), (12, 5)]}","{(3, 12): {'cpu': 16}, (4, 5): {'cpu': 13}, (0, 11): {'cpu': 14}, (7, 41): {'cpu': 17}}","{((4, 3), (5, 12)): {'bw': 30}, ((0, 3), (11, 5)): {'bw': 4}, ((0, 3), (5, 12)): {'bw': 4}, ((0, 4), (11, 5)): {'bw': 45}, ((7, 3), (41, 25)): {'bw': 29}, ((7, 3), (25, 12)): {'bw': 29}, ((7, 4), (41, 25)): {'bw': 1}, ((7, 4), (25, 12)): {'bw': 1}, ((7, 4), (12, 5)): {'bw': 1}}",0.0,0.0,216.0,108.0,621.0,0.0,0.0,0.0,0.0,0.0,0.0,0.0,0.0,0.0,Route Failure,2300.0,"{'node_level': {'cpu': -30}, 'link_level': {'bw': 100.0}, 'path_level': {}}","{'node_level': {3: {'cpu': -65}, 4: {'cpu': -62}, 0: {'cpu': -69}, 7: {'cpu': -79}, 9: {'cpu': -30}}, 'link_level': {(4, 3): {'bw': -29}, (0, 3): {'bw': -25}, (0, 4): {'bw': -4}, (7, 3): {'bw': -34}, (7, 4): {'bw': -24}, (9, 0): {'bw': 100.0}, (9, 3): {'bw': 100.0}}, 'path_level': {(4, 3): {}, (0, 3): {}, (0, 4): {}, (7, 3): {}, (7, 4): {}, (9, 0): {}, (9, 3): {}}}","{'node_level': {3: {'cpu': 0}, 4: {'cpu': 0}, 0: {'cpu': 0}, 7: {'cpu': 0}, 9: {'cpu': 0}}, 'link_level': {(4, 3): {'bw': 0}, (0, 3): {'bw': 0}, (0, 4): {'bw': 0}, (7, 3): {'bw': 0}, (7, 4): {'bw': 0}, (9, 0): {'bw': 100.0}, (9, 3): {'bw': 100.0}}, 'path_level': {(4, 3): {}, (0, 3): {}, (0, 4): {}, (7, 3): {}, (7, 4): {}, (9, 0): {}, (9, 3): {}}}",[],100.0,100.0,True,False,False,0,[],0,0.0,23.0,4.0,5.0
70,17,7,1769.0,2032.0,1001245.5376361083,1163508.4898253824,0.8705708661417323,0.8605399499804026,27,110,0,1696.4618066680757,8505,4599,3906,0.05642183011899882,0.15637149028077757,35,846.4618066680757,850.0,10,24,False,{},{},{},{},0.0,0.0,0.0,0.0,0.0,0.0,0.0,0.0,0.0,0.0,0.0,0.0,0.0,0.0,Leave Event,0.0,"{'node_level': {}, 'link_level': {}, 'path_level': {}}","{'node_level': {}, 'link_level': {}, 'path_level': {}}","{'node_level': {}, 'link_level': {}, 'path_level': {}}",[],-inf,-inf,True,True,False,0,[],0,0.0,,,
70,17,7,1769.0,2032.0,1001245.5376361083,1163508.4898253824,0.8705708661417323,0.8605399499804026,27,111,0,1702.1959372077793,8505,4599,3906,0.05642183011899882,0.15637149028077757,65,98.19593720777934,1604.0,9,15,False,{},{},{},{},0.0,0.0,0.0,0.0,0.0,0.0,0.0,0.0,0.0,0.0,0.0,0.0,0.0,0.0,Leave Event,0.0,"{'node_level': {}, 'link_level': {}, 'path_level': {}}","{'node_level': {}, 'link_level': {}, 'path_level': {}}","{'node_level': {}, 'link_level': {}, 'path_level': {}}",[],-inf,-inf,True,True,False,0,[],0,0.0,,,
70,17,7,1769.0,2032.0,1001245.5376361083,1163508.4898253824,0.8705708661417323,0.8605399499804026,27,112,0,1707.6351787030455,8505,4599,3906,0.05642183011899882,0.15637149028077757,32,923.6351787030455,784.0,9,17,False,{},{},{},{},0.0,0.0,0.0,0.0,0.0,0.0,0.0,0.0,0.0,0.0,0.0,0.0,0.0,0.0,Leave Event,0.0,"{'node_level': {}, 'link_level': {}, 'path_level': {}}","{'node_level': {}, 'link_level': {}, 'path_level': {}}","{'node_level': {}, 'link_level': {}, 'path_level': {}}",[],-inf,-inf,True,True,False,0,[],0,0.0,,,
70,17,6,1769.0,2032.0,1001245.5376361083,1163508.4898253824,0.8705708661417323,0.8605399499804026,27,113,0,1713.6268279833569,8625,4631,3994,0.049856380796060695,0.1373650107991361,59,267.62682798335686,1446.0,3,3,False,{},{},{},{},0.0,0.0,0.0,0.0,0.0,0.0,0.0,0.0,0.0,0.0,0.0,0.0,0.0,0.0,Leave Event,0.0,"{'node_level': {}, 'link_level': {}, 'path_level': {}}","{'node_level': {}, 'link_level': {}, 'path_level': {}}","{'node_level': {}, 'link_level': {}, 'path_level': {}}",[],-inf,-inf,True,True,False,0,[],0,0.0,,,
71,17,6,1769.0,2032.0,1001245.5376361083,1163508.4898253824,0.8705708661417323,0.8605399499804026,27,114,1,1721.0,8625,4631,3994,0.049856380796060695,0.1373650107991361,70,1968.2879632316167,1721.0,5,7,False,"{1: 12, 0: 5, 3: 25, 4: 26}","{(0, 1): [(5, 12)], (3, 1): [(25, 12)], (4, 1): [(26, 12)], (4, 3): [(26, 12), (12, 25)]}","{(1, 12): {'cpu': 17}, (0, 5): {'cpu': 17}, (3, 25): {'cpu': 7}, (4, 26): {'cpu': 6}}","{((0, 1), (5, 12)): {'bw': 26}, ((3, 1), (25, 12)): {'bw': 1}, ((4, 1), (26, 12)): {'bw': 14}, ((4, 3), (26, 12)): {'bw': 34}, ((4, 3), (12, 25)): {'bw': 34}}",0.0,0.0,96.0,48.0,154.0,0.0,0.0,0.0,0.0,0.0,0.0,0.0,0.0,0.0,Route Failure,2300.0,"{'node_level': {'cpu': -34}, 'link_level': {'bw': 100.0}, 'path_level': {}}","{'node_level': {1: {'cpu': -64}, 0: {'cpu': -65}, 3: {'cpu': -86}, 4: {'cpu': -83}, 2: {'cpu': -34}}, 'link_level': {(0, 1): {'bw': -33}, (3, 1): {'bw': -82}, (4, 1): {'bw': -54}, (4, 3): {'bw': -20}, (2, 0): {'bw': 100.0}, (2, 3): {'bw': 100.0}, (2, 4): {'bw': 100.0}}, 'path_level': {(0, 1): {}, (3, 1): {}, (4, 1): {}, (4, 3): {}, (2, 0): {}, (2, 3): {}, (2, 4): {}}}","{'node_level': {1: {'cpu': 0}, 0: {'cpu': 0}, 3: {'cpu': 0}, 4: {'cpu': 0}, 2: {'cpu': 0}}, 'link_level': {(0, 1): {'bw': 0}, (3, 1): {'bw': 0}, (4, 1): {'bw': 0}, (4, 3): {'bw': 0}, (2, 0): {'bw': 100.0}, (2, 3): {'bw': 100.0}, (2, 4): {'bw': 100.0}}, 'path_level': {(0, 1): {}, (3, 1): {}, (4, 1): {}, (4, 3): {}, (2, 0): {}, (2, 3): {}, (2, 4): {}}}",[],100.0,100.0,True,False,False,0,[],0,0.0,23.0,4.0,4.0
72,18,7,1806.0,2069.0,1006475.4745461567,1168738.4267354307,0.8728854519091348,0.8611640137113369,27,115,1,1749.0,8588,4621,3967,0.05190808370947886,0.1431965442764579,71,141.34964621752465,1749.0,2,1,True,"{0: 12, 1: 5}","{(1, 0): [(5, 12)]}","{(0, 12): {'cpu': 7}, (1, 5): {'cpu': 3}}","{((1, 0), (5, 12)): {'bw': 27}}",37.0,37.0,20.0,10.0,27.0,10.0,27.0,10.0,27.0,0.0,1.0,5229.936910048412,5229.936910048412,141.34964621752465,Success,0.0,"{'node_level': {'cpu': -79}, 'link_level': {'bw': -32}, 'path_level': {}}","{'node_level': {0: {'cpu': -74}, 1: {'cpu': -79}}, 'link_level': {(1, 0): {'bw': -32}}, 'path_level': {(1, 0): {}}}","{'node_level': {0: {'cpu': 0}, 1: {'cpu': 0}}, 'link_level': {(1, 0): {'bw': 0}}, 'path_level': {(1, 0): {}}}",[],-32.0,0.0,True,True,False,0,[],0,0.0,0.0,2.0,1.0
72,18,7,1806.0,2069.0,1006475.4745461567,1168738.4267354307,0.8728854519091348,0.8611640137113369,27,116,0,1752.4736355378006,8588,4621,3967,0.05190808370947886,0.1431965442764579,14,1410.4736355378006,342.0,8,14,False,{},{},{},{},0.0,0.0,0.0,0.0,0.0,0.0,0.0,0.0,0.0,0.0,0.0,0.0,0.0,0.0,Leave Event,0.0,"{'node_level': {}, 'link_level': {}, 'path_level': {}}","{'node_level': {}, 'link_level': {}, 'path_level': {}}","{'node_level': {}, 'link_level': {}, 'path_level': {}}",[],-inf,-inf,True,True,False,0,[],0,0.0,,,
72,18,7,1806.0,2069.0,1006475.4745461567,1168738.4267354307,0.8728854519091348,0.8611640137113369,27,117,0,1763.9030268301262,8588,4621,3967,0.05190808370947886,0.1431965442764579,40,785.9030268301261,978.0,7,11,False,{},{},{},{},0.0,0.0,0.0,0.0,0.0,0.0,0.0,0.0,0.0,0.0,0.0,0.0,0.0,0.0,Leave Event,0.0,"{'node_level': {}, 'link_level': {}, 'path_level': {}}","{'node_level': {}, 'link_level': {}, 'path_level': {}}","{'node_level': {}, 'link_level': {}, 'path_level': {}}",[],-inf,-inf,True,True,False,0,[],0,0.0,,,
72,18,6,1806.0,2069.0,1006475.4745461567,1168738.4267354307,0.8728854519091348,0.8611640137113369,27,118,0,1768.613891842895,8669,4648,4021,0.04636848584324993,0.1315334773218143,62,244.613891842895,1524.0,3,2,False,{},{},{},{},0.0,0.0,0.0,0.0,0.0,0.0,0.0,0.0,0.0,0.0,0.0,0.0,0.0,0.0,Leave Event,0.0,"{'node_level': {}, 'link_level': {}, 'path_level': {}}","{'node_level': {}, 'link_level': {}, 'path_level': {}}","{'node_level': {}, 'link_level': {}, 'path_level': {}}",[],-inf,-inf,True,True,False,0,[],0,0.0,,,
72,18,6,1806.0,2069.0,1006475.4745461567,1168738.4267354307,0.8728854519091348,0.8611640137113369,27,119,0,1770.741079428085,8669,4648,4021,0.04636848584324993,0.1315334773218143,22,1242.741079428085,528.0,10,28,False,{},{},{},{},0.0,0.0,0.0,0.0,0.0,0.0,0.0,0.0,0.0,0.0,0.0,0.0,0.0,0.0,Leave Event,0.0,"{'node_level': {}, 'link_level': {}, 'path_level': {}}","{'node_level': {}, 'link_level': {}, 'path_level': {}}","{'node_level': {}, 'link_level': {}, 'path_level': {}}",[],-inf,-inf,True,True,False,0,[],0,0.0,,,
73,19,7,1853.0,2116.0,1043177.9951509926,1205440.9473402665,0.8757088846880907,0.8653912059754587,27,120,1,1772.0,8622,4614,4008,0.05334427574887157,0.13434125269978403,72,780.904693719913,1772.0,2,1,True,"{1: 11, 0: 5}","{(0, 1): [(5, 11)]}","{(1, 11): {'cpu': 18}, (0, 5): {'cpu': 16}}","{((0, 1), (5, 11)): {'bw': 13}}",47.0,47.0,68.0,34.0,13.0,34.0,13.0,34.0,13.0,0.0,1.0,36702.52060483591,36702.52060483591,780.904693719913,Success,0.0,"{'node_level': {'cpu': -74}, 'link_level': {'bw': -71}, 'path_level': {}}","{'node_level': {1: {'cpu': -81}, 0: {'cpu': -74}}, 'link_level': {(0, 1): {'bw': -71}}, 'path_level': {(0, 1): {}}}","{'node_level': {1: {'cpu': 0}, 0: {'cpu': 0}}, 'link_level': {(0, 1): {'bw': 0}}, 'path_level': {(0, 1): {}}}",[],-71.0,0.0,True,True,False,0,[],0,0.0,0.0,2.0,1.0
73,19,7,1853.0,2116.0,1043177.9951509926,1205440.9473402665,0.8757088846880907,0.8653912059754587,27,121,0,1777.1806461180379,8622,4614,4008,0.05334427574887157,0.13434125269978403,20,1301.1806461180379,476.0,5,7,False,{},{},{},{},0.0,0.0,0.0,0.0,0.0,0.0,0.0,0.0,0.0,0.0,0.0,0.0,0.0,0.0,Leave Event,0.0,"{'node_level': {}, 'link_level': {}, 'path_level': {}}","{'node_level': {}, 'link_level': {}, 'path_level': {}}","{'node_level': {}, 'link_level': {}, 'path_level': {}}",[],-inf,-inf,True,True,False,0,[],0,0.0,,,
73,19,7,1853.0,2116.0,1043177.9951509926,1205440.9473402665,0.8757088846880907,0.8653912059754587,27,122,0,1787.0076036646353,8622,4614,4008,0.05334427574887157,0.13434125269978403,30,1046.0076036646353,741.0,6,10,False,{},{},{},{},0.0,0.0,0.0,0.0,0.0,0.0,0.0,0.0,0.0,0.0,0.0,0.0,0.0,0.0,Leave Event,0.0,"{'node_level': {}, 'link_level': {}, 'path_level': {}}","{'node_level': {}, 'link_level': {}, 'path_level': {}}","{'node_level': {}, 'link_level': {}, 'path_level': {}}",[],-inf,-inf,True,True,False,0,[],0,0.0,,,
73,19,7,1853.0,2116.0,1043177.9951509926,1205440.9473402665,0.8757088846880907,0.8653912059754587,27,123,0,1788.9278799349254,8622,4614,4008,0.05334427574887157,0.13434125269978403,46,655.9278799349253,1133.0,10,21,False,{},{},{},{},0.0,0.0,0.0,0.0,0.0,0.0,0.0,0.0,0.0,0.0,0.0,0.0,0.0,0.0,Leave Event,0.0,"{'node_level': {}, 'link_level': {}, 'path_level': {}}","{'node_level': {}, 'link_level': {}, 'path_level': {}}","{'node_level': {}, 'link_level': {}, 'path_level': {}}",[],-inf,-inf,True,True,False,0,[],0,0.0,,,
74,19,7,1853.0,2116.0,1043177.9951509926,1205440.9473402665,0.8757088846880907,0.8653912059754587,27,124,1,1791.0,8622,4614,4008,0.05334427574887157,0.13434125269978403,73,718.4470937408524,1791.0,7,13,False,"{3: 2, 4: 0, 0: 5, 1: 11}","{(4, 3): [(0, 2)], (0, 3): [(5, 2)], (0, 4): [(5, 2), (2, 0)], (1, 0): [(11, 5)], (1, 3): [(11, 5), (5, 2)], (1, 4): [(11, 5), (5, 2), (2, 0)]}","{(3, 2): {'cpu': 18}, (4, 0): {'cpu': 11}, (0, 5): {'cpu': 15}, (1, 11): {'cpu': 6}}","{((4, 3), (0, 2)): {'bw': 16}, ((0, 3), (5, 2)): {'bw': 14}, ((0, 4), (5, 2)): {'bw': 46}, ((0, 4), (2, 0)): {'bw': 46}, ((1, 0), (11, 5)): {'bw': 28}, ((1, 3), (11, 5)): {'bw': 14}, ((1, 3), (5, 2)): {'bw': 14}, ((1, 4), (11, 5)): {'bw': 2}, ((1, 4), (5, 2)): {'bw': 2}, ((1, 4), (2, 0)): {'bw': 2}}",0.0,0.0,126.0,63.0,314.0,0.0,0.0,0.0,0.0,0.0,0.0,0.0,0.0,0.0,Route Failure,4300.0,"{'node_level': {'cpu': -82}, 'link_level': {'bw': 100.0}, 'path_level': {}}","{'node_level': {3: {'cpu': -77}, 4: {'cpu': -79}, 0: {'cpu': -59}, 1: {'cpu': -75}, 5: {'cpu': -82}}, 'link_level': {(4, 3): {'bw': -66}, (0, 3): {'bw': -62}, (0, 4): {'bw': -16}, (1, 0): {'bw': -43}, (1, 3): {'bw': -2}, (1, 4): {'bw': 0}, (5, 1): {'bw': 100.0}, (5, 3): {'bw': 100.0}}, 'path_level': {(4, 3): {}, (0, 3): {}, (0, 4): {}, (1, 0): {}, (1, 3): {}, (1, 4): {}, (5, 1): {}, (5, 3): {}}}","{'node_level': {3: {'cpu': 0}, 4: {'cpu': 0}, 0: {'cpu': 0}, 1: {'cpu': 0}, 5: {'cpu': 0}}, 'link_level': {(4, 3): {'bw': 0}, (0, 3): {'bw': 0}, (0, 4): {'bw': 0}, (1, 0): {'bw': 0}, (1, 3): {'bw': 0}, (1, 4): {'bw': 0}, (5, 1): {'bw': 100.0}, (5, 3): {'bw': 100.0}}, 'path_level': {(4, 3): {}, (0, 3): {}, (0, 4): {}, (1, 0): {}, (1, 3): {}, (1, 4): {}, (5, 1): {}, (5, 3): {}}}",[],100.0,100.0,True,False,False,0,[],0,0.0,43.0,4.0,6.0
75,19,7,1853.0,2116.0,1043177.9951509926,1205440.9473402665,0.8757088846880907,0.8653912059754587,27,125,1,1808.0,8622,4614,4008,0.05334427574887157,0.13434125269978403,74,63.93929545784591,1808.0,9,16,False,"{1: 2, 2: 0, 5: 6}","{(2, 1): [(0, 2)], (5, 1): [(6, 2)], (5, 2): [(6, 2), (2, 0)]}","{(1, 2): {'cpu': 14}, (2, 0): {'cpu': 19}, (5, 6): {'cpu': 17}}","{((2, 1), (0, 2)): {'bw': 13}, ((5, 1), (6, 2)): {'bw': 43}, ((5, 2), (6, 2)): {'bw': 39}, ((5, 2), (2, 0)): {'bw': 39}}",0.0,0.0,192.0,96.0,378.0,0.0,0.0,0.0,0.0,0.0,0.0,0.0,0.0,0.0,Route Failure,4400.0,"{'node_level': {'cpu': -74}, 'link_level': {'bw': 100.0}, 'path_level': {}}","{'node_level': {1: {'cpu': -81}, 2: {'cpu': -71}, 5: {'cpu': -30}, 8: {'cpu': -74}}, 'link_level': {(2, 1): {'bw': -69}, (5, 1): {'bw': -57}, (5, 2): {'bw': -18}, (8, 1): {'bw': 100.0}, (8, 2): {'bw': 100.0}}, 'path_level': {(2, 1): {}, (5, 1): {}, (5, 2): {}, (8, 1): {}, (8, 2): {}}}","{'node_level': {1: {'cpu': 0}, 2: {'cpu': 0}, 5: {'cpu': 0}, 8: {'cpu': 0}}, 'link_level': {(2, 1): {'bw': 0}, (5, 1): {'bw': 0}, (5, 2): {'bw': 0}, (8, 1): {'bw': 100.0}, (8, 2): {'bw': 100.0}}, 'path_level': {(2, 1): {}, (5, 1): {}, (5, 2): {}, (8, 1): {}, (8, 2): {}}}",[],100.0,100.0,True,False,False,0,[],0,0.0,44.0,3.0,3.0
75,19,7,1853.0,2116.0,1043177.9951509926,1205440.9473402665,0.8757088846880907,0.8653912059754587,27,126,0,1809.6574897879198,8622,4614,4008,0.05334427574887157,0.13434125269978403,64,239.65748978791973,1570.0,6,10,False,{},{},{},{},0.0,0.0,0.0,0.0,0.0,0.0,0.0,0.0,0.0,0.0,0.0,0.0,0.0,0.0,Leave Event,0.0,"{'node_level': {}, 'link_level': {}, 'path_level': {}}","{'node_level': {}, 'link_level': {}, 'path_level': {}}","{'node_level': {}, 'link_level': {}, 'path_level': {}}",[],-inf,-inf,True,True,False,0,[],0,0.0,,,
75,19,7,1853.0,2116.0,1043177.9951509926,1205440.9473402665,0.8757088846880907,0.8653912059754587,27,127,0,1816.2015914849123,8622,4614,4008,0.05334427574887157,0.13434125269978403,68,150.2015914849124,1666.0,7,9,False,{},{},{},{},0.0,0.0,0.0,0.0,0.0,0.0,0.0,0.0,0.0,0.0,0.0,0.0,0.0,0.0,Leave Event,0.0,"{'node_level': {}, 'link_level': {}, 'path_level': {}}","{'node_level': {}, 'link_level': {}, 'path_level': {}}","{'node_level': {}, 'link_level': {}, 'path_level': {}}",[],-inf,-inf,True,True,False,0,[],0,0.0,,,
76,19,7,1853.0,2116.0,1043177.9951509926,1205440.9473402665,0.8757088846880907,0.8653912059754587,27,128,1,1839.0,8622,4614,4008,0.05334427574887157,0.13434125269978403,75,912.873047099461,1839.0,7,8,False,"{5: 2, 6: 0, 4: 5, 1: 6, 3: 11, 0: 23, 2: 24}","{(6, 5): [(0, 2)], (4, 5): [(5, 2)], (1, 5): [(6, 2)], (3, 1): [(11, 5), (5, 2), (2, 6)], (3, 4): [(11, 5)], (3, 6): [(11, 5), (5, 2), (2, 0)], (0, 3): [(23, 11)], (2, 3): [(24, 11)]}","{(5, 2): {'cpu': 7}, (6, 0): {'cpu': 20}, (4, 5): {'cpu': 8}, (1, 6): {'cpu': 2}, (3, 11): {'cpu': 1}, (0, 23): {'cpu': 20}, (2, 24): {'cpu': 19}}","{((6, 5), (0, 2)): {'bw': 50}, ((4, 5), (5, 2)): {'bw': 29}, ((1, 5), (6, 2)): {'bw': 23}, ((3, 1), (11, 5)): {'bw': 9}, ((3, 1), (5, 2)): {'bw': 9}, ((3, 1), (2, 6)): {'bw': 9}, ((3, 4), (11, 5)): {'bw': 29}, ((3, 6), (11, 5)): {'bw': 9}, ((3, 6), (5, 2)): {'bw': 9}, ((3, 6), (2, 0)): {'bw': 9}, ((0, 3), (23, 11)): {'bw': 32}, ((2, 3), (24, 11)): {'bw': 3}}",0.0,0.0,154.0,77.0,184.0,0.0,0.0,0.0,0.0,0.0,0.0,0.0,0.0,0.0,Route Failure,600.0,"{'node_level': {'cpu': -73}, 'link_level': {'bw': -84}, 'path_level': {}}","{'node_level': {5: {'cpu': -88}, 6: {'cpu': -70}, 4: {'cpu': -66}, 1: {'cpu': -45}, 3: {'cpu': -80}, 0: {'cpu': -34}, 2: {'cpu': -73}}, 'link_level': {(6, 5): {'bw': -32}, (4, 5): {'bw': -47}, (1, 5): {'bw': -77}, (3, 1): {'bw': -38}, (3, 4): {'bw': -33}, (3, 6): {'bw': -23}, (0, 3): {'bw': -24}, (2, 3): {'bw': -84}}, 'path_level': {(6, 5): {}, (4, 5): {}, (1, 5): {}, (3, 1): {}, (3, 4): {}, (3, 6): {}, (0, 3): {}, (2, 3): {}}}","{'node_level': {5: {'cpu': 0}, 6: {'cpu': 0}, 4: {'cpu': 0}, 1: {'cpu': 0}, 3: {'cpu': 0}, 0: {'cpu': 0}, 2: {'cpu': 0}}, 'link_level': {(6, 5): {'bw': 0}, (4, 5): {'bw': 0}, (1, 5): {'bw': 0}, (3, 1): {'bw': 0}, (3, 4): {'bw': 0}, (3, 6): {'bw': 0}, (0, 3): {'bw': 0}, (2, 3): {'bw': 0}}, 'path_level': {(6, 5): {}, (4, 5): {}, (1, 5): {}, (3, 1): {}, (3, 4): {}, (3, 6): {}, (0, 3): {}, (2, 3): {}}}",[],-73.0,100.0,True,False,False,0,[],0,0.0,6.0,7.0,8.0
77,20,8,1874.0,2137.0,1049681.8162096904,1211944.7683989643,0.8769302760879738,0.866113575123039,27,129,1,1864.0,8601,4595,4006,0.05724251128436597,0.1347732181425486,76,309.70576469989254,1864.0,2,1,True,"{1: 2, 0: 0}","{(0, 1): [(0, 2)]}","{(1, 2): {'cpu': 13}, (0, 0): {'cpu': 6}}","{((0, 1), (0, 2)): {'bw': 2}}",21.0,21.0,38.0,19.0,2.0,19.0,2.0,19.0,2.0,0.0,1.0,6503.821058697743,6503.821058697743,309.70576469989254,Success,0.0,"{'node_level': {'cpu': -84}, 'link_level': {'bw': -80}, 'path_level': {}}","{'node_level': {1: {'cpu': -82}, 0: {'cpu': -84}}, 'link_level': {(0, 1): {'bw': -80}}, 'path_level': {(0, 1): {}}}","{'node_level': {1: {'cpu': 0}, 0: {'cpu': 0}}, 'link_level': {(0, 1): {'bw': 0}}, 'path_level': {(0, 1): {}}}",[],-80.0,0.0,True,True,False,0,[],0,0.0,0.0,2.0,1.0
77,20,8,1874.0,2137.0,1049681.8162096904,1211944.7683989643,0.8769302760879738,0.866113575123039,27,130,0,1871.939295457846,8601,4595,4006,0.05724251128436597,0.1347732181425486,74,63.93929545784591,1808.0,9,16,False,{},{},{},{},0.0,0.0,0.0,0.0,0.0,0.0,0.0,0.0,0.0,0.0,0.0,0.0,0.0,0.0,Leave Event,0.0,"{'node_level': {}, 'link_level': {}, 'path_level': {}}","{'node_level': {}, 'link_level': {}, 'path_level': {}}","{'node_level': {}, 'link_level': {}, 'path_level': {}}",[],-inf,-inf,True,True,False,0,[],0,0.0,,,
77,20,7,1874.0,2137.0,1049681.8162096904,1211944.7683989643,0.8769302760879738,0.866113575123039,27,131,0,1872.7152567269313,8656,4612,4044,0.053754616331555205,0.12656587473002157,43,817.7152567269313,1055.0,2,1,False,{},{},{},{},0.0,0.0,0.0,0.0,0.0,0.0,0.0,0.0,0.0,0.0,0.0,0.0,0.0,0.0,Leave Event,0.0,"{'node_level': {}, 'link_level': {}, 'path_level': {}}","{'node_level': {}, 'link_level': {}, 'path_level': {}}","{'node_level': {}, 'link_level': {}, 'path_level': {}}",[],-inf,-inf,True,True,False,0,[],0,0.0,,,
77,20,6,1874.0,2137.0,1049681.8162096904,1211944.7683989643,0.8769302760879738,0.866113575123039,27,132,0,1890.3496462175247,8693,4622,4071,0.05170291341813704,0.12073434125269977,71,141.34964621752465,1749.0,2,1,False,{},{},{},{},0.0,0.0,0.0,0.0,0.0,0.0,0.0,0.0,0.0,0.0,0.0,0.0,0.0,0.0,Leave Event,0.0,"{'node_level': {}, 'link_level': {}, 'path_level': {}}","{'node_level': {}, 'link_level': {}, 'path_level': {}}","{'node_level': {}, 'link_level': {}, 'path_level': {}}",[],-inf,-inf,True,True,False,0,[],0,0.0,,,
78,20,6,1874.0,2137.0,1049681.8162096904,1211944.7683989643,0.8769302760879738,0.866113575123039,27,133,1,1899.0,8693,4622,4071,0.05170291341813704,0.12073434125269977,77,67.2124001131856,1899.0,10,23,False,"{2: 12, 8: 5, 4: 25}","{(8, 2): [(5, 12)], (4, 2): [(25, 12)], (4, 8): [(25, 12), (12, 5)]}","{(2, 12): {'cpu': 19}, (8, 5): {'cpu': 9}, (4, 25): {'cpu': 10}}","{((8, 2), (5, 12)): {'bw': 1}, ((4, 2), (25, 12)): {'bw': 46}, ((4, 8), (25, 12)): {'bw': 10}, ((4, 8), (12, 5)): {'bw': 10}}",0.0,0.0,200.0,100.0,683.0,0.0,0.0,0.0,0.0,0.0,0.0,0.0,0.0,0.0,Route Failure,2400.0,"{'node_level': {'cpu': -24}, 'link_level': {'bw': 100.0}, 'path_level': {}}","{'node_level': {2: {'cpu': -62}, 8: {'cpu': -68}, 4: {'cpu': -83}, 3: {'cpu': -24}}, 'link_level': {(8, 2): {'bw': -58}, (4, 2): {'bw': -37}, (4, 8): {'bw': -27}, (3, 2): {'bw': 100.0}, (3, 4): {'bw': 100.0}, (3, 8): {'bw': 100.0}}, 'path_level': {(8, 2): {}, (4, 2): {}, (4, 8): {}, (3, 2): {}, (3, 4): {}, (3, 8): {}}}","{'node_level': {2: {'cpu': 0}, 8: {'cpu': 0}, 4: {'cpu': 0}, 3: {'cpu': 0}}, 'link_level': {(8, 2): {'bw': 0}, (4, 2): {'bw': 0}, (4, 8): {'bw': 0}, (3, 2): {'bw': 100.0}, (3, 4): {'bw': 100.0}, (3, 8): {'bw': 100.0}}, 'path_level': {(8, 2): {}, (4, 2): {}, (4, 8): {}, (3, 2): {}, (3, 4): {}, (3, 8): {}}}",[],100.0,100.0,True,False,False,0,[],0,0.0,24.0,3.0,3.0
78,20,6,1874.0,2137.0,1049681.8162096904,1211944.7683989643,0.8769302760879738,0.866113575123039,27,134,0,1914.2097908690325,8693,4622,4071,0.05170291341813704,0.12073434125269977,58,492.2097908690325,1422.0,10,16,False,{},{},{},{},0.0,0.0,0.0,0.0,0.0,0.0,0.0,0.0,0.0,0.0,0.0,0.0,0.0,0.0,Leave Event,0.0,"{'node_level': {}, 'link_level': {}, 'path_level': {}}","{'node_level': {}, 'link_level': {}, 'path_level': {}}","{'node_level': {}, 'link_level': {}, 'path_level': {}}",[],-inf,-inf,True,True,False,0,[],0,0.0,,,
79,20,6,1874.0,2137.0,1049681.8162096904,1211944.7683989643,0.8769302760879738,0.866113575123039,27,135,1,1919.0,8693,4622,4071,0.05170291341813704,0.12073434125269977,78,384.3056223065453,1919.0,8,16,False,"{5: 12, 0: 5, 4: 25}","{(0, 5): [(5, 12)], (4, 0): [(25, 12), (12, 5)], (4, 5): [(25, 12)]}","{(5, 12): {'cpu': 17}, (0, 5): {'cpu': 11}, (4, 25): {'cpu': 13}}","{((0, 5), (5, 12)): {'bw': 11}, ((4, 0), (25, 12)): {'bw': 41}, ((4, 0), (12, 5)): {'bw': 41}, ((4, 5), (25, 12)): {'bw': 22}}",0.0,0.0,164.0,82.0,404.0,0.0,0.0,0.0,0.0,0.0,0.0,0.0,0.0,0.0,Route Failure,2400.0,"{'node_level': {'cpu': -18}, 'link_level': {'bw': 100.0}, 'path_level': {}}","{'node_level': {5: {'cpu': -64}, 0: {'cpu': -66}, 4: {'cpu': -80}, 2: {'cpu': -18}}, 'link_level': {(0, 5): {'bw': -48}, (4, 0): {'bw': -7}, (4, 5): {'bw': -20}, (2, 4): {'bw': 100.0}, (2, 5): {'bw': 100.0}}, 'path_level': {(0, 5): {}, (4, 0): {}, (4, 5): {}, (2, 4): {}, (2, 5): {}}}","{'node_level': {5: {'cpu': 0}, 0: {'cpu': 0}, 4: {'cpu': 0}, 2: {'cpu': 0}}, 'link_level': {(0, 5): {'bw': 0}, (4, 0): {'bw': 0}, (4, 5): {'bw': 0}, (2, 4): {'bw': 100.0}, (2, 5): {'bw': 100.0}}, 'path_level': {(0, 5): {}, (4, 0): {}, (4, 5): {}, (2, 4): {}, (2, 5): {}}}",[],100.0,100.0,True,False,False,0,[],0,0.0,24.0,3.0,3.0
80,20,6,1874.0,2137.0,1049681.8162096904,1211944.7683989643,0.8769302760879738,0.866113575123039,27,136,1,1941.0,8693,4622,4071,0.05170291341813704,0.12073434125269977,79,175.85276369443173,1941.0,7,16,False,"{0: 12, 1: 5, 2: 25}","{(1, 0): [(5, 12)], (2, 0): [(25, 12)]}","{(0, 12): {'cpu': 12}, (1, 5): {'cpu': 18}, (2, 25): {'cpu': 20}}","{((1, 0), (5, 12)): {'bw': 47}, ((2, 0), (25, 12)): {'bw': 25}}",0.0,0.0,128.0,64.0,475.0,0.0,0.0,0.0,0.0,0.0,0.0,0.0,0.0,0.0,Route Failure,2400.0,"{'node_level': {'cpu': -32}, 'link_level': {'bw': 100.0}, 'path_level': {}}","{'node_level': {0: {'cpu': -69}, 1: {'cpu': -59}, 2: {'cpu': -73}, 3: {'cpu': -32}}, 'link_level': {(1, 0): {'bw': -12}, (2, 0): {'bw': -58}, (3, 0): {'bw': 100.0}, (3, 1): {'bw': 100.0}}, 'path_level': {(1, 0): {}, (2, 0): {}, (3, 0): {}, (3, 1): {}}}","{'node_level': {0: {'cpu': 0}, 1: {'cpu': 0}, 2: {'cpu': 0}, 3: {'cpu': 0}}, 'link_level': {(1, 0): {'bw': 0}, (2, 0): {'bw': 0}, (3, 0): {'bw': 100.0}, (3, 1): {'bw': 100.0}}, 'path_level': {(1, 0): {}, (2, 0): {}, (3, 0): {}, (3, 1): {}}}",[],100.0,100.0,True,False,False,0,[],0,0.0,24.0,3.0,2.0
80,20,5,1874.0,2137.0,1049681.8162096904,1211944.7683989643,0.8769302760879738,0.866113575123039,27,137,0,1948.9251806544353,9000,4686,4314,0.03857201477226102,0.06825053995680341,53,635.9251806544353,1313.0,5,4,False,{},{},{},{},0.0,0.0,0.0,0.0,0.0,0.0,0.0,0.0,0.0,0.0,0.0,0.0,0.0,0.0,Leave Event,0.0,"{'node_level': {}, 'link_level': {}, 'path_level': {}}","{'node_level': {}, 'link_level': {}, 'path_level': {}}","{'node_level': {}, 'link_level': {}, 'path_level': {}}",[],-inf,-inf,True,True,False,0,[],0,0.0,,,
80,20,5,1874.0,2137.0,1049681.8162096904,1211944.7683989643,0.8769302760879738,0.866113575123039,27,138,0,1956.149238300558,9000,4686,4314,0.03857201477226102,0.06825053995680341,54,624.1492383005581,1332.0,10,24,False,{},{},{},{},0.0,0.0,0.0,0.0,0.0,0.0,0.0,0.0,0.0,0.0,0.0,0.0,0.0,0.0,Leave Event,0.0,"{'node_level': {}, 'link_level': {}, 'path_level': {}}","{'node_level': {}, 'link_level': {}, 'path_level': {}}","{'node_level': {}, 'link_level': {}, 'path_level': {}}",[],-inf,-inf,True,True,False,0,[],0,0.0,,,
81,21,6,1906.0,2169.0,1052773.8176201934,1215036.7698094673,0.8787459658828953,0.866454286634701,27,139,1,1960.0,8968,4669,4299,0.04205990972507179,0.07149028077753783,80,96.62504407821689,1960.0,3,2,True,"{1: 10, 0: 4, 2: 21}","{(0, 1): [(4, 10)], (2, 1): [(21, 10)]}","{(1, 10): {'cpu': 8}, (0, 4): {'cpu': 3}, (2, 21): {'cpu': 6}}","{((0, 1), (4, 10)): {'bw': 11}, ((2, 1), (21, 10)): {'bw': 4}}",32.0,32.0,34.0,17.0,15.0,17.0,15.0,17.0,15.0,0.0,1.0,3092.0014105029404,3092.0014105029404,96.62504407821689,Success,0.0,"{'node_level': {'cpu': -47}, 'link_level': {'bw': -86}, 'path_level': {}}","{'node_level': {1: {'cpu': -76}, 0: {'cpu': -69}, 2: {'cpu': -47}}, 'link_level': {(0, 1): {'bw': -79}, (2, 1): {'bw': -86}}, 'path_level': {(0, 1): {}, (2, 1): {}}}","{'node_level': {1: {'cpu': 0}, 0: {'cpu': 0}, 2: {'cpu': 0}}, 'link_level': {(0, 1): {'bw': 0}, (2, 1): {'bw': 0}}, 'path_level': {(0, 1): {}, (2, 1): {}}}",[],-47.0,0.0,True,True,False,0,[],0,0.0,0.0,3.0,2.0
81,21,6,1906.0,2169.0,1052773.8176201934,1215036.7698094673,0.8787459658828953,0.866454286634701,27,140,0,1962.5270626266554,8968,4669,4299,0.04205990972507179,0.07149028077753783,67,319.5270626266553,1643.0,6,9,False,{},{},{},{},0.0,0.0,0.0,0.0,0.0,0.0,0.0,0.0,0.0,0.0,0.0,0.0,0.0,0.0,Leave Event,0.0,"{'node_level': {}, 'link_level': {}, 'path_level': {}}","{'node_level': {}, 'link_level': {}, 'path_level': {}}","{'node_level': {}, 'link_level': {}, 'path_level': {}}",[],-inf,-inf,True,True,False,0,[],0,0.0,,,
81,21,6,1906.0,2169.0,1052773.8176201934,1215036.7698094673,0.8787459658828953,0.866454286634701,27,141,0,1964.139486896337,8968,4669,4299,0.04205990972507179,0.07149028077753783,39,1010.139486896337,954.0,10,23,False,{},{},{},{},0.0,0.0,0.0,0.0,0.0,0.0,0.0,0.0,0.0,0.0,0.0,0.0,0.0,0.0,Leave Event,0.0,"{'node_level': {}, 'link_level': {}, 'path_level': {}}","{'node_level': {}, 'link_level': {}, 'path_level': {}}","{'node_level': {}, 'link_level': {}, 'path_level': {}}",[],-inf,-inf,True,True,False,0,[],0,0.0,,,
81,21,6,1906.0,2169.0,1052773.8176201934,1215036.7698094673,0.8787459658828953,0.866454286634701,27,142,0,1966.2124001131856,8968,4669,4299,0.04205990972507179,0.07149028077753783,77,67.2124001131856,1899.0,10,23,False,{},{},{},{},0.0,0.0,0.0,0.0,0.0,0.0,0.0,0.0,0.0,0.0,0.0,0.0,0.0,0.0,Leave Event,0.0,"{'node_level': {}, 'link_level': {}, 'path_level': {}}","{'node_level': {}, 'link_level': {}, 'path_level': {}}","{'node_level': {}, 'link_level': {}, 'path_level': {}}",[],-inf,-inf,True,True,False,0,[],0,0.0,,,
81,21,6,1906.0,2169.0,1052773.8176201934,1215036.7698094673,0.8787459658828953,0.866454286634701,27,143,0,1975.3280597182231,8968,4669,4299,0.04205990972507179,0.07149028077753783,47,813.3280597182231,1162.0,4,6,False,{},{},{},{},0.0,0.0,0.0,0.0,0.0,0.0,0.0,0.0,0.0,0.0,0.0,0.0,0.0,0.0,Leave Event,0.0,"{'node_level': {}, 'link_level': {}, 'path_level': {}}","{'node_level': {}, 'link_level': {}, 'path_level': {}}","{'node_level': {}, 'link_level': {}, 'path_level': {}}",[],-inf,-inf,True,True,False,0,[],0,0.0,,,
81,21,5,1906.0,2169.0,1052773.8176201934,1215036.7698094673,0.8787459658828953,0.866454286634701,27,144,0,1976.363735163005,9137,4712,4425,0.0332375871973738,0.04427645788336931,44,895.363735163005,1081.0,4,5,False,{},{},{},{},0.0,0.0,0.0,0.0,0.0,0.0,0.0,0.0,0.0,0.0,0.0,0.0,0.0,0.0,Leave Event,0.0,"{'node_level': {}, 'link_level': {}, 'path_level': {}}","{'node_level': {}, 'link_level': {}, 'path_level': {}}","{'node_level': {}, 'link_level': {}, 'path_level': {}}",[],-inf,-inf,True,True,False,0,[],0,0.0,,,
82,21,5,1906.0,2169.0,1052773.8176201934,1215036.7698094673,0.8787459658828953,0.866454286634701,27,145,1,1981.0,9137,4712,4425,0.0332375871973738,0.04427645788336931,81,41.276938139525015,1981.0,9,18,False,"{5: 12, 1: 5, 6: 25, 4: 26}","{(1, 5): [(5, 12)], (6, 1): [(25, 12), (12, 5)], (6, 5): [(25, 12)], (4, 5): [(26, 12)]}","{(5, 12): {'cpu': 6}, (1, 5): {'cpu': 12}, (6, 25): {'cpu': 12}, (4, 26): {'cpu': 12}}","{((1, 5), (5, 12)): {'bw': 23}, ((6, 1), (25, 12)): {'bw': 29}, ((6, 1), (12, 5)): {'bw': 29}, ((6, 5), (25, 12)): {'bw': 28}, ((4, 5), (26, 12)): {'bw': 34}}",0.0,0.0,116.0,58.0,444.0,0.0,0.0,0.0,0.0,0.0,0.0,0.0,0.0,0.0,Route Failure,2300.0,"{'node_level': {'cpu': -29}, 'link_level': {'bw': 100.0}, 'path_level': {}}","{'node_level': {5: {'cpu': -75}, 1: {'cpu': -65}, 6: {'cpu': -81}, 4: {'cpu': -77}, 0: {'cpu': -29}}, 'link_level': {(1, 5): {'bw': -36}, (6, 1): {'bw': -7}, (6, 5): {'bw': -26}, (4, 5): {'bw': -34}, (0, 5): {'bw': 100.0}}, 'path_level': {(1, 5): {}, (6, 1): {}, (6, 5): {}, (4, 5): {}, (0, 5): {}}}","{'node_level': {5: {'cpu': 0}, 1: {'cpu': 0}, 6: {'cpu': 0}, 4: {'cpu': 0}, 0: {'cpu': 0}}, 'link_level': {(1, 5): {'bw': 0}, (6, 1): {'bw': 0}, (6, 5): {'bw': 0}, (4, 5): {'bw': 0}, (0, 5): {'bw': 100.0}}, 'path_level': {(1, 5): {}, (6, 1): {}, (6, 5): {}, (4, 5): {}, (0, 5): {}}}",[],100.0,100.0,True,False,False,0,[],0,0.0,23.0,4.0,4.0
83,21,5,1906.0,2169.0,1052773.8176201934,1215036.7698094673,0.8787459658828953,0.866454286634701,27,146,1,2003.0,9137,4712,4425,0.0332375871973738,0.04427645788336931,82,110.8841810536786,2003.0,6,10,False,"{3: 12, 0: 5}","{(0, 3): [(5, 12)]}","{(3, 12): {'cpu': 17}, (0, 5): {'cpu': 6}}","{((0, 3), (5, 12)): {'bw': 30}}",0.0,0.0,128.0,64.0,218.0,0.0,0.0,0.0,0.0,0.0,0.0,0.0,0.0,0.0,Route Failure,2500.0,"{'node_level': {'cpu': -32}, 'link_level': {'bw': 100.0}, 'path_level': {}}","{'node_level': {3: {'cpu': -64}, 0: {'cpu': -71}, 1: {'cpu': -32}}, 'link_level': {(0, 3): {'bw': -29}, (1, 0): {'bw': 100.0}, (1, 3): {'bw': 100.0}}, 'path_level': {(0, 3): {}, (1, 0): {}, (1, 3): {}}}","{'node_level': {3: {'cpu': 0}, 0: {'cpu': 0}, 1: {'cpu': 0}}, 'link_level': {(0, 3): {'bw': 0}, (1, 0): {'bw': 100.0}, (1, 3): {'bw': 100.0}}, 'path_level': {(0, 3): {}, (1, 0): {}, (1, 3): {}}}",[],100.0,100.0,True,False,False,0,[],0,0.0,25.0,2.0,1.0
83,21,5,1906.0,2169.0,1052773.8176201934,1215036.7698094673,0.8787459658828953,0.866454286634701,27,147,0,2008.2434158630444,9137,4712,4425,0.0332375871973738,0.04427645788336931,61,514.2434158630444,1494.0,7,8,False,{},{},{},{},0.0,0.0,0.0,0.0,0.0,0.0,0.0,0.0,0.0,0.0,0.0,0.0,0.0,0.0,Leave Event,0.0,"{'node_level': {}, 'link_level': {}, 'path_level': {}}","{'node_level': {}, 'link_level': {}, 'path_level': {}}","{'node_level': {}, 'link_level': {}, 'path_level': {}}",[],-inf,-inf,True,True,False,0,[],0,0.0,,,
83,21,5,1906.0,2169.0,1052773.8176201934,1215036.7698094673,0.8787459658828953,0.866454286634701,27,148,0,2022.276938139525,9137,4712,4425,0.0332375871973738,0.04427645788336931,81,41.276938139525015,1981.0,9,18,False,{},{},{},{},0.0,0.0,0.0,0.0,0.0,0.0,0.0,0.0,0.0,0.0,0.0,0.0,0.0,0.0,Leave Event,0.0,"{'node_level': {}, 'link_level': {}, 'path_level': {}}","{'node_level': {}, 'link_level': {}, 'path_level': {}}","{'node_level': {}, 'link_level': {}, 'path_level': {}}",[],-inf,-inf,True,True,False,0,[],0,0.0,,,
84,21,5,1906.0,2169.0,1052773.8176201934,1215036.7698094673,0.8787459658828953,0.866454286634701,27,149,1,2027.0,9137,4712,4425,0.0332375871973738,0.04427645788336931,83,280.6987287576031,2027.0,5,7,False,"{0: 12, 1: 5, 3: 25}","{(1, 0): [(5, 12)], (3, 0): [(25, 12)], (3, 1): [(25, 12), (12, 5)]}","{(0, 12): {'cpu': 8}, (1, 5): {'cpu': 14}, (3, 25): {'cpu': 2}}","{((1, 0), (5, 12)): {'bw': 28}, ((3, 0), (25, 12)): {'bw': 45}, ((3, 1), (25, 12)): {'bw': 31}, ((3, 1), (12, 5)): {'bw': 31}}",0.0,0.0,86.0,43.0,185.0,0.0,0.0,0.0,0.0,0.0,0.0,0.0,0.0,0.0,Route Failure,2400.0,"{'node_level': {'cpu': -33}, 'link_level': {'bw': 100.0}, 'path_level': {}}","{'node_level': {0: {'cpu': -73}, 1: {'cpu': -63}, 3: {'cpu': -91}, 2: {'cpu': -33}}, 'link_level': {(1, 0): {'bw': -31}, (3, 0): {'bw': -38}, (3, 1): {'bw': 0}, (2, 0): {'bw': 100.0}, (2, 3): {'bw': 100.0}}, 'path_level': {(1, 0): {}, (3, 0): {}, (3, 1): {}, (2, 0): {}, (2, 3): {}}}","{'node_level': {0: {'cpu': 0}, 1: {'cpu': 0}, 3: {'cpu': 0}, 2: {'cpu': 0}}, 'link_level': {(1, 0): {'bw': 0}, (3, 0): {'bw': 0}, (3, 1): {'bw': 0}, (2, 0): {'bw': 100.0}, (2, 3): {'bw': 100.0}}, 'path_level': {(1, 0): {}, (3, 0): {}, (3, 1): {}, (2, 0): {}, (2, 3): {}}}",[],100.0,100.0,True,False,False,0,[],0,0.0,24.0,3.0,3.0
85,21,5,1906.0,2169.0,1052773.8176201934,1215036.7698094673,0.8787459658828953,0.866454286634701,27,150,1,2049.0,9137,4712,4425,0.0332375871973738,0.04427645788336931,84,513.3483154231568,2049.0,8,13,False,"{2: 12, 0: 5, 4: 25, 7: 26, 5: 41}","{(0, 2): [(5, 12)], (4, 0): [(25, 12), (12, 5)], (4, 2): [(25, 12)], (7, 2): [(26, 12)], (5, 0): [(41, 25), (25, 12), (12, 5)], (5, 2): [(41, 25), (25, 12)]}","{(2, 12): {'cpu': 19}, (0, 5): {'cpu': 7}, (4, 25): {'cpu': 18}, (7, 26): {'cpu': 10}, (5, 41): {'cpu': 0}}","{((0, 2), (5, 12)): {'bw': 29}, ((4, 0), (25, 12)): {'bw': 26}, ((4, 0), (12, 5)): {'bw': 26}, ((4, 2), (25, 12)): {'bw': 30}, ((7, 2), (26, 12)): {'bw': 0}, ((5, 0), (41, 25)): {'bw': 0}, ((5, 0), (25, 12)): {'bw': 0}, ((5, 0), (12, 5)): {'bw': 0}, ((5, 2), (41, 25)): {'bw': 13}, ((5, 2), (25, 12)): {'bw': 13}}",0.0,0.0,154.0,77.0,294.0,0.0,0.0,0.0,0.0,0.0,0.0,0.0,0.0,0.0,Route Failure,2200.0,"{'node_level': {'cpu': -25}, 'link_level': {'bw': 100.0}, 'path_level': {}}","{'node_level': {2: {'cpu': -62}, 0: {'cpu': -70}, 4: {'cpu': -75}, 7: {'cpu': -79}, 5: {'cpu': -96}, 1: {'cpu': -25}}, 'link_level': {(0, 2): {'bw': -30}, (4, 0): {'bw': -4}, (4, 2): {'bw': -27}, (7, 2): {'bw': -68}, (5, 0): {'bw': -4}, (5, 2): {'bw': -14}, (1, 0): {'bw': 100.0}, (1, 7): {'bw': 100.0}}, 'path_level': {(0, 2): {}, (4, 0): {}, (4, 2): {}, (7, 2): {}, (5, 0): {}, (5, 2): {}, (1, 0): {}, (1, 7): {}}}","{'node_level': {2: {'cpu': 0}, 0: {'cpu': 0}, 4: {'cpu': 0}, 7: {'cpu': 0}, 5: {'cpu': 0}, 1: {'cpu': 0}}, 'link_level': {(0, 2): {'bw': 0}, (4, 0): {'bw': 0}, (4, 2): {'bw': 0}, (7, 2): {'bw': 0}, (5, 0): {'bw': 0}, (5, 2): {'bw': 0}, (1, 0): {'bw': 100.0}, (1, 7): {'bw': 100.0}}, 'path_level': {(0, 2): {}, (4, 0): {}, (4, 2): {}, (7, 2): {}, (5, 0): {}, (5, 2): {}, (1, 0): {}, (1, 7): {}}}",[],100.0,100.0,True,False,False,0,[],0,0.0,22.0,5.0,6.0
85,21,4,1906.0,2169.0,1052773.8176201934,1215036.7698094673,0.8787459658828953,0.866454286634701,27,151,0,2056.625044078217,9169,4729,4440,0.02974969224456303,0.04103671706263501,80,96.62504407821689,1960.0,3,2,False,{},{},{},{},0.0,0.0,0.0,0.0,0.0,0.0,0.0,0.0,0.0,0.0,0.0,0.0,0.0,0.0,Leave Event,0.0,"{'node_level': {}, 'link_level': {}, 'path_level': {}}","{'node_level': {}, 'link_level': {}, 'path_level': {}}","{'node_level': {}, 'link_level': {}, 'path_level': {}}",[],-inf,-inf,True,True,False,0,[],0,0.0,,,
86,22,5,1968.0,2231.0,1055608.296280222,1217871.248469496,0.8821156432093231,0.8667651014890199,27,152,1,2078.0,9107,4696,4411,0.03652031185884286,0.04730021598272138,85,45.71739774239766,2078.0,3,2,True,"{1: 10, 0: 4, 2: 21}","{(0, 1): [(4, 10)], (2, 1): [(21, 10)]}","{(1, 10): {'cpu': 20}, (0, 4): {'cpu': 3}, (2, 21): {'cpu': 10}}","{((0, 1), (4, 10)): {'bw': 29}, ((2, 1), (21, 10)): {'bw': 0}}",62.0,62.0,66.0,33.0,29.0,33.0,29.0,33.0,29.0,0.0,1.0,2834.4786600286548,2834.4786600286548,45.71739774239766,Success,0.0,"{'node_level': {'cpu': -43}, 'link_level': {'bw': -90}, 'path_level': {}}","{'node_level': {1: {'cpu': -64}, 0: {'cpu': -69}, 2: {'cpu': -43}}, 'link_level': {(0, 1): {'bw': -61}, (2, 1): {'bw': -90}}, 'path_level': {(0, 1): {}, (2, 1): {}}}","{'node_level': {1: {'cpu': 0}, 0: {'cpu': 0}, 2: {'cpu': 0}}, 'link_level': {(0, 1): {'bw': 0}, (2, 1): {'bw': 0}}, 'path_level': {(0, 1): {}, (2, 1): {}}}",[],-43.0,0.0,True,True,False,0,[],0,0.0,0.0,3.0,2.0
86,22,4,1968.0,2231.0,1055608.296280222,1217871.248469496,0.8821156432093231,0.8667651014890199,27,153,0,2090.5329845795372,9195,4722,4473,0.031185884283955634,0.03390928725701947,55,734.5329845795372,1356.0,4,3,False,{},{},{},{},0.0,0.0,0.0,0.0,0.0,0.0,0.0,0.0,0.0,0.0,0.0,0.0,0.0,0.0,Leave Event,0.0,"{'node_level': {}, 'link_level': {}, 'path_level': {}}","{'node_level': {}, 'link_level': {}, 'path_level': {}}","{'node_level': {}, 'link_level': {}, 'path_level': {}}",[],-inf,-inf,True,True,False,0,[],0,0.0,,,
87,22,4,1968.0,2231.0,1055608.296280222,1217871.248469496,0.8821156432093231,0.8667651014890199,27,154,1,2105.0,9195,4722,4473,0.031185884283955634,0.03390928725701947,86,628.9164279405528,2105.0,6,9,False,"{3: 12, 0: 5, 2: 2}","{(0, 3): [(5, 12)], (2, 0): [(2, 5)], (2, 3): [(2, 5), (5, 12)]}","{(3, 12): {'cpu': 18}, (0, 5): {'cpu': 16}, (2, 2): {'cpu': 13}}","{((0, 3), (5, 12)): {'bw': 31}, ((2, 0), (2, 5)): {'bw': 45}, ((2, 3), (2, 5)): {'bw': 25}, ((2, 3), (5, 12)): {'bw': 25}}",0.0,0.0,140.0,70.0,243.0,0.0,0.0,0.0,0.0,0.0,0.0,0.0,0.0,0.0,Route Failure,2400.0,"{'node_level': {'cpu': -28}, 'link_level': {'bw': 100.0}, 'path_level': {}}","{'node_level': {3: {'cpu': -63}, 0: {'cpu': -61}, 2: {'cpu': -69}, 1: {'cpu': -28}}, 'link_level': {(0, 3): {'bw': -28}, (2, 0): {'bw': -31}, (2, 3): {'bw': -3}, (1, 2): {'bw': 100.0}, (1, 3): {'bw': 100.0}}, 'path_level': {(0, 3): {}, (2, 0): {}, (2, 3): {}, (1, 2): {}, (1, 3): {}}}","{'node_level': {3: {'cpu': 0}, 0: {'cpu': 0}, 2: {'cpu': 0}, 1: {'cpu': 0}}, 'link_level': {(0, 3): {'bw': 0}, (2, 0): {'bw': 0}, (2, 3): {'bw': 0}, (1, 2): {'bw': 100.0}, (1, 3): {'bw': 100.0}}, 'path_level': {(0, 3): {}, (2, 0): {}, (2, 3): {}, (1, 2): {}, (1, 3): {}}}",[],100.0,100.0,True,False,False,0,[],0,0.0,24.0,3.0,3.0
87,22,4,1968.0,2231.0,1055608.296280222,1217871.248469496,0.8821156432093231,0.8667651014890199,27,155,0,2105.936058750045,9195,4722,4473,0.031185884283955634,0.03390928725701947,33,1302.936058750045,803.0,10,20,False,{},{},{},{},0.0,0.0,0.0,0.0,0.0,0.0,0.0,0.0,0.0,0.0,0.0,0.0,0.0,0.0,Leave Event,0.0,"{'node_level': {}, 'link_level': {}, 'path_level': {}}","{'node_level': {}, 'link_level': {}, 'path_level': {}}","{'node_level': {}, 'link_level': {}, 'path_level': {}}",[],-inf,-inf,True,True,False,0,[],0,0.0,,,
87,22,4,1968.0,2231.0,1055608.296280222,1217871.248469496,0.8821156432093231,0.8667651014890199,27,156,0,2113.8841810536787,9195,4722,4473,0.031185884283955634,0.03390928725701947,82,110.8841810536786,2003.0,6,10,False,{},{},{},{},0.0,0.0,0.0,0.0,0.0,0.0,0.0,0.0,0.0,0.0,0.0,0.0,0.0,0.0,Leave Event,0.0,"{'node_level': {}, 'link_level': {}, 'path_level': {}}","{'node_level': {}, 'link_level': {}, 'path_level': {}}","{'node_level': {}, 'link_level': {}, 'path_level': {}}",[],-inf,-inf,True,True,False,0,[],0,0.0,,,
87,22,4,1968.0,2231.0,1055608.296280222,1217871.248469496,0.8821156432093231,0.8667651014890199,27,157,0,2116.852763694432,9195,4722,4473,0.031185884283955634,0.03390928725701947,79,175.85276369443173,1941.0,7,16,False,{},{},{},{},0.0,0.0,0.0,0.0,0.0,0.0,0.0,0.0,0.0,0.0,0.0,0.0,0.0,0.0,Leave Event,0.0,"{'node_level': {}, 'link_level': {}, 'path_level': {}}","{'node_level': {}, 'link_level': {}, 'path_level': {}}","{'node_level': {}, 'link_level': {}, 'path_level': {}}",[],-inf,-inf,True,True,False,0,[],0,0.0,,,
88,23,5,1991.0,2254.0,1056842.2586562487,1219105.2108455226,0.883318544809228,0.8668999601135863,27,158,1,2121.0,9172,4711,4461,0.03344275748871561,0.03650107991360696,87,53.65053808811481,2121.0,2,1,True,"{1: 12, 0: 5}","{(0, 1): [(5, 12)]}","{(1, 12): {'cpu': 6}, (0, 5): {'cpu': 5}}","{((0, 1), (5, 12)): {'bw': 12}}",23.0,23.0,22.0,11.0,12.0,11.0,12.0,11.0,12.0,0.0,1.0,1233.9623760266406,1233.9623760266406,53.65053808811481,Success,0.0,"{'node_level': {'cpu': -72}, 'link_level': {'bw': -47}, 'path_level': {}}","{'node_level': {1: {'cpu': -75}, 0: {'cpu': -72}}, 'link_level': {(0, 1): {'bw': -47}}, 'path_level': {(0, 1): {}}}","{'node_level': {1: {'cpu': 0}, 0: {'cpu': 0}}, 'link_level': {(0, 1): {'bw': 0}}, 'path_level': {(0, 1): {}}}",[],-47.0,0.0,True,True,False,0,[],0,0.0,0.0,2.0,1.0
88,23,4,1991.0,2254.0,1056842.2586562487,1219105.2108455226,0.883318544809228,0.8668999601135863,27,159,0,2123.7173977423977,9234,4744,4490,0.026672137874435786,0.030237580993520474,85,45.71739774239766,2078.0,3,2,False,{},{},{},{},0.0,0.0,0.0,0.0,0.0,0.0,0.0,0.0,0.0,0.0,0.0,0.0,0.0,0.0,Leave Event,0.0,"{'node_level': {}, 'link_level': {}, 'path_level': {}}","{'node_level': {}, 'link_level': {}, 'path_level': {}}","{'node_level': {}, 'link_level': {}, 'path_level': {}}",[],-inf,-inf,True,True,False,0,[],0,0.0,,,
89,23,4,1991.0,2254.0,1056842.2586562487,1219105.2108455226,0.883318544809228,0.8668999601135863,27,160,1,2155.0,9234,4744,4490,0.026672137874435786,0.030237580993520474,88,96.54915148785676,2155.0,10,19,False,"{2: 10, 4: 4, 0: 21, 7: 22, 5: 37, 3: 53, 6: 38}","{(4, 2): [(4, 10)], (0, 2): [(21, 10)], (7, 0): [(22, 10), (10, 21)], (7, 2): [(22, 10)], (5, 2): [(37, 21), (21, 10)], (3, 0): [(53, 21)], (3, 2): [(53, 21), (21, 10)], (6, 2): [(38, 22), (22, 10)], (6, 5): [(38, 22), (22, 10), (10, 21), (21, 37)]}","{(2, 10): {'cpu': 14}, (4, 4): {'cpu': 14}, (0, 21): {'cpu': 8}, (7, 22): {'cpu': 2}, (5, 37): {'cpu': 3}, (3, 53): {'cpu': 13}, (6, 38): {'cpu': 0}}","{((4, 2), (4, 10)): {'bw': 50}, ((0, 2), (21, 10)): {'bw': 10}, ((7, 0), (22, 10)): {'bw': 3}, ((7, 0), (10, 21)): {'bw': 3}, ((7, 2), (22, 10)): {'bw': 33}, ((5, 2), (37, 21)): {'bw': 48}, ((5, 2), (21, 10)): {'bw': 48}, ((3, 0), (53, 21)): {'bw': 5}, ((3, 2), (53, 21)): {'bw': 13}, ((3, 2), (21, 10)): {'bw': 13}, ((6, 2), (38, 22)): {'bw': 12}, ((6, 2), (22, 10)): {'bw': 12}, ((6, 5), (38, 22)): {'bw': 10}, ((6, 5), (22, 10)): {'bw': 10}, ((6, 5), (10, 21)): {'bw': 10}, ((6, 5), (21, 37)): {'bw': 10}}",0.0,0.0,142.0,71.0,390.0,0.0,0.0,0.0,0.0,0.0,0.0,0.0,0.0,0.0,Route Failure,2000.0,"{'node_level': {'cpu': -70}, 'link_level': {'bw': 100.0}, 'path_level': {}}","{'node_level': {2: {'cpu': -70}, 4: {'cpu': -58}, 0: {'cpu': -45}, 7: {'cpu': -86}, 5: {'cpu': -66}, 3: {'cpu': -52}, 6: {'cpu': -81}, 8: {'cpu': -70}}, 'link_level': {(4, 2): {'bw': -40}, (0, 2): {'bw': -80}, (7, 0): {'bw': -64}, (7, 2): {'bw': -31}, (5, 2): {'bw': -18}, (3, 0): {'bw': -85}, (3, 2): {'bw': -16}, (6, 2): {'bw': -19}, (6, 5): {'bw': -6}, (8, 0): {'bw': -5}, (8, 2): {'bw': -18}, (8, 4): {'bw': -37}, (8, 6): {'bw': 100.0}}, 'path_level': {(4, 2): {}, (0, 2): {}, (7, 0): {}, (7, 2): {}, (5, 2): {}, (3, 0): {}, (3, 2): {}, (6, 2): {}, (6, 5): {}, (8, 0): {}, (8, 2): {}, (8, 4): {}, (8, 6): {}}}","{'node_level': {2: {'cpu': 0}, 4: {'cpu': 0}, 0: {'cpu': 0}, 7: {'cpu': 0}, 5: {'cpu': 0}, 3: {'cpu': 0}, 6: {'cpu': 0}, 8: {'cpu': 0}}, 'link_level': {(4, 2): {'bw': 0}, (0, 2): {'bw': 0}, (7, 0): {'bw': 0}, (7, 2): {'bw': 0}, (5, 2): {'bw': 0}, (3, 0): {'bw': 0}, (3, 2): {'bw': 0}, (6, 2): {'bw': 0}, (6, 5): {'bw': 0}, (8, 0): {'bw': 0}, (8, 2): {'bw': 0}, (8, 4): {'bw': 0}, (8, 6): {'bw': 100.0}}, 'path_level': {(4, 2): {}, (0, 2): {}, (7, 0): {}, (7, 2): {}, (5, 2): {}, (3, 0): {}, (3, 2): {}, (6, 2): {}, (6, 5): {}, (8, 0): {}, (8, 2): {}, (8, 4): {}, (8, 6): {}}}",[],100.0,100.0,True,False,False,0,[],0,0.0,20.0,7.0,9.0
89,23,3,1991.0,2254.0,1056842.2586562487,1219105.2108455226,0.883318544809228,0.8668999601135863,27,161,0,2173.7057646998924,9255,4763,4492,0.022773902338941276,0.029805615550755893,76,309.70576469989254,1864.0,2,1,False,{},{},{},{},0.0,0.0,0.0,0.0,0.0,0.0,0.0,0.0,0.0,0.0,0.0,0.0,0.0,0.0,Leave Event,0.0,"{'node_level': {}, 'link_level': {}, 'path_level': {}}","{'node_level': {}, 'link_level': {}, 'path_level': {}}","{'node_level': {}, 'link_level': {}, 'path_level': {}}",[],-inf,-inf,True,True,False,0,[],0,0.0,,,
89,23,2,1991.0,2254.0,1056842.2586562487,1219105.2108455226,0.883318544809228,0.8668999601135863,27,162,0,2174.650538088115,9278,4774,4504,0.020517029134181408,0.027213822894168516,87,53.65053808811481,2121.0,2,1,False,{},{},{},{},0.0,0.0,0.0,0.0,0.0,0.0,0.0,0.0,0.0,0.0,0.0,0.0,0.0,0.0,Leave Event,0.0,"{'node_level': {}, 'link_level': {}, 'path_level': {}}","{'node_level': {}, 'link_level': {}, 'path_level': {}}","{'node_level': {}, 'link_level': {}, 'path_level': {}}",[],-inf,-inf,True,True,False,0,[],0,0.0,,,
90,23,2,1991.0,2254.0,1056842.2586562487,1219105.2108455226,0.883318544809228,0.8668999601135863,27,163,1,2179.0,9278,4774,4504,0.020517029134181408,0.027213822894168516,89,624.6970585020666,2179.0,7,8,False,"{5: 10, 0: 4, 3: 21, 2: 22, 4: 38}","{(0, 5): [(4, 10)], (3, 5): [(21, 10)], (2, 3): [(22, 10), (10, 21)], (2, 5): [(22, 10)], (4, 2): [(38, 22)], (4, 5): [(38, 22), (22, 10)]}","{(5, 10): {'cpu': 18}, (0, 4): {'cpu': 18}, (3, 21): {'cpu': 6}, (2, 22): {'cpu': 13}, (4, 38): {'cpu': 1}}","{((0, 5), (4, 10)): {'bw': 43}, ((3, 5), (21, 10)): {'bw': 45}, ((2, 3), (22, 10)): {'bw': 2}, ((2, 3), (10, 21)): {'bw': 2}, ((2, 5), (22, 10)): {'bw': 13}, ((4, 2), (38, 22)): {'bw': 4}, ((4, 5), (38, 22)): {'bw': 46}, ((4, 5), (22, 10)): {'bw': 46}}",0.0,0.0,160.0,80.0,192.0,0.0,0.0,0.0,0.0,0.0,0.0,0.0,0.0,0.0,Route Failure,2200.0,"{'node_level': {'cpu': -66}, 'link_level': {'bw': 100.0}, 'path_level': {}}","{'node_level': {5: {'cpu': -66}, 0: {'cpu': -54}, 3: {'cpu': -47}, 2: {'cpu': -75}, 4: {'cpu': -80}, 1: {'cpu': -66}}, 'link_level': {(0, 5): {'bw': -47}, (3, 5): {'bw': -45}, (2, 3): {'bw': -43}, (2, 5): {'bw': -52}, (4, 2): {'bw': -52}, (4, 5): {'bw': -6}, (1, 4): {'bw': 100.0}}, 'path_level': {(0, 5): {}, (3, 5): {}, (2, 3): {}, (2, 5): {}, (4, 2): {}, (4, 5): {}, (1, 4): {}}}","{'node_level': {5: {'cpu': 0}, 0: {'cpu': 0}, 3: {'cpu': 0}, 2: {'cpu': 0}, 4: {'cpu': 0}, 1: {'cpu': 0}}, 'link_level': {(0, 5): {'bw': 0}, (3, 5): {'bw': 0}, (2, 3): {'bw': 0}, (2, 5): {'bw': 0}, (4, 2): {'bw': 0}, (4, 5): {'bw': 0}, (1, 4): {'bw': 100.0}}, 'path_level': {(0, 5): {}, (3, 5): {}, (2, 3): {}, (2, 5): {}, (4, 2): {}, (4, 5): {}, (1, 4): {}}}",[],100.0,100.0,True,False,False,0,[],0,0.0,22.0,5.0,6.0
91,24,3,2193.0,2507.0,1275519.2376722042,1492992.7142664965,0.8747506980454727,0.8543372151007873,28,164,1,2201.0,9025,4721,4304,0.03139105457529745,0.07041036717062632,90,1082.5593020591855,2201.0,6,7,True,"{0: 10, 2: 4, 3: 21, 5: 22, 1: 1, 4: 9}","{(2, 0): [(4, 10)], (3, 0): [(21, 10)], (5, 0): [(22, 10)], (5, 2): [(22, 10), (10, 4)], (1, 3): [(1, 4), (4, 10), (10, 21)], (4, 1): [(9, 4), (4, 1)], (4, 2): [(9, 4)]}","{(0, 10): {'cpu': 13}, (2, 4): {'cpu': 10}, (3, 21): {'cpu': 8}, (5, 22): {'cpu': 0}, (1, 1): {'cpu': 12}, (4, 9): {'cpu': 10}}","{((2, 0), (4, 10)): {'bw': 22}, ((3, 0), (21, 10)): {'bw': 31}, ((5, 0), (22, 10)): {'bw': 46}, ((5, 2), (22, 10)): {'bw': 9}, ((5, 2), (10, 4)): {'bw': 9}, ((1, 3), (1, 4)): {'bw': 3}, ((1, 3), (4, 10)): {'bw': 3}, ((1, 3), (10, 21)): {'bw': 3}, ((4, 1), (9, 4)): {'bw': 36}, ((4, 1), (4, 1)): {'bw': 36}, ((4, 2), (9, 4)): {'bw': 2}}",253.0,202.0,106.0,53.0,149.0,53.0,149.0,53.0,200.0,51.0,0.7984189723320159,273887.50342097395,218676.97901595547,864.3358854385592,Success,0.0,"{'node_level': {'cpu': -47}, 'link_level': {'bw': -22}, 'path_level': {}}","{'node_level': {0: {'cpu': -71}, 2: {'cpu': -62}, 3: {'cpu': -45}, 5: {'cpu': -88}, 1: {'cpu': -53}, 4: {'cpu': -47}}, 'link_level': {(2, 0): {'bw': -68}, (3, 0): {'bw': -59}, (5, 0): {'bw': -21}, (5, 2): {'bw': -12}, (1, 3): {'bw': -56}, (4, 1): {'bw': -24}, (4, 2): {'bw': -22}}, 'path_level': {(2, 0): {}, (3, 0): {}, (5, 0): {}, (5, 2): {}, (1, 3): {}, (4, 1): {}, (4, 2): {}}}","{'node_level': {0: {'cpu': 0}, 2: {'cpu': 0}, 3: {'cpu': 0}, 5: {'cpu': 0}, 1: {'cpu': 0}, 4: {'cpu': 0}}, 'link_level': {(2, 0): {'bw': 0}, (3, 0): {'bw': 0}, (5, 0): {'bw': 0}, (5, 2): {'bw': 0}, (1, 3): {'bw': 0}, (4, 1): {'bw': 0}, (4, 2): {'bw': 0}}, 'path_level': {(2, 0): {}, (3, 0): {}, (5, 0): {}, (5, 2): {}, (1, 3): {}, (4, 1): {}, (4, 2): {}}}",[],-22.0,0.0,True,True,False,0,[],0,0.0,0.0,6.0,7.0
92,25,4,2308.0,2644.0,1510275.2996498754,1772658.6315790266,0.8729198184568835,0.8519831583730091,28,165,1,2229.0,8888,4700,4188,0.03569963069347559,0.09546436285097193,91,2041.3570606754013,2229.0,4,3,True,"{1: 12, 2: 5, 0: 25, 3: 26}","{(2, 1): [(5, 12)], (0, 1): [(25, 12)], (3, 0): [(26, 12), (12, 25)]}","{(1, 12): {'cpu': 5}, (2, 5): {'cpu': 4}, (0, 25): {'cpu': 1}, (3, 26): {'cpu': 11}}","{((2, 1), (5, 12)): {'bw': 38}, ((0, 1), (25, 12)): {'bw': 34}, ((3, 0), (26, 12)): {'bw': 22}, ((3, 0), (12, 25)): {'bw': 22}}",137.0,115.0,42.0,21.0,94.0,21.0,94.0,21.0,116.0,22.0,0.8394160583941606,279665.91731253,234756.06197767114,1713.5478976472345,Success,0.0,"{'node_level': {'cpu': -78}, 'link_level': {'bw': -27}, 'path_level': {}}","{'node_level': {1: {'cpu': -76}, 2: {'cpu': -73}, 0: {'cpu': -92}, 3: {'cpu': -78}}, 'link_level': {(2, 1): {'bw': -21}, (0, 1): {'bw': -49}, (3, 0): {'bw': -27}}, 'path_level': {(2, 1): {}, (0, 1): {}, (3, 0): {}}}","{'node_level': {1: {'cpu': 0}, 2: {'cpu': 0}, 0: {'cpu': 0}, 3: {'cpu': 0}}, 'link_level': {(2, 1): {'bw': 0}, (0, 1): {'bw': 0}, (3, 0): {'bw': 0}}, 'path_level': {(2, 1): {}, (0, 1): {}, (3, 0): {}}}",[],-27.0,0.0,True,True,False,0,[],0,0.0,0.0,4.0,3.0
92,25,4,2308.0,2644.0,1510275.2996498754,1772658.6315790266,0.8729198184568835,0.8519831583730091,28,166,0,2242.091863033181,8888,4700,4188,0.03569963069347559,0.09546436285097193,34,1416.0918630331812,826.0,4,3,False,{},{},{},{},0.0,0.0,0.0,0.0,0.0,0.0,0.0,0.0,0.0,0.0,0.0,0.0,0.0,0.0,Leave Event,0.0,"{'node_level': {}, 'link_level': {}, 'path_level': {}}","{'node_level': {}, 'link_level': {}, 'path_level': {}}","{'node_level': {}, 'link_level': {}, 'path_level': {}}",[],-inf,-inf,True,True,False,0,[],0,0.0,,,
92,25,4,2308.0,2644.0,1510275.2996498754,1772658.6315790266,0.8729198184568835,0.8519831583730091,28,167,0,2251.5491514878568,8888,4700,4188,0.03569963069347559,0.09546436285097193,88,96.54915148785676,2155.0,10,19,False,{},{},{},{},0.0,0.0,0.0,0.0,0.0,0.0,0.0,0.0,0.0,0.0,0.0,0.0,0.0,0.0,Leave Event,0.0,"{'node_level': {}, 'link_level': {}, 'path_level': {}}","{'node_level': {}, 'link_level': {}, 'path_level': {}}","{'node_level': {}, 'link_level': {}, 'path_level': {}}",[],-inf,-inf,True,True,False,0,[],0,0.0,,,
93,25,4,2308.0,2644.0,1510275.2996498754,1772658.6315790266,0.8729198184568835,0.8519831583730091,28,168,1,2255.0,8888,4700,4188,0.03569963069347559,0.09546436285097193,92,529.0811906916113,2255.0,9,14,False,"{6: 2, 5: 0, 3: 5}","{(5, 6): [(0, 2)], (3, 5): [(5, 2), (2, 0)], (3, 6): [(5, 2)]}","{(6, 2): {'cpu': 11}, (5, 0): {'cpu': 5}, (3, 5): {'cpu': 5}}","{((5, 6), (0, 2)): {'bw': 49}, ((3, 5), (5, 2)): {'bw': 9}, ((3, 5), (2, 0)): {'bw': 9}, ((3, 6), (5, 2)): {'bw': 47}}",0.0,0.0,136.0,68.0,413.0,0.0,0.0,0.0,0.0,0.0,0.0,0.0,0.0,0.0,Route Failure,4400.0,"{'node_level': {'cpu': -87}, 'link_level': {'bw': 100.0}, 'path_level': {}}","{'node_level': {6: {'cpu': -84}, 5: {'cpu': -85}, 3: {'cpu': -68}, 4: {'cpu': -87}}, 'link_level': {(5, 6): {'bw': -33}, (3, 5): {'bw': -24}, (3, 6): {'bw': -20}, (4, 5): {'bw': 100.0}, (4, 6): {'bw': 100.0}}, 'path_level': {(5, 6): {}, (3, 5): {}, (3, 6): {}, (4, 5): {}, (4, 6): {}}}","{'node_level': {6: {'cpu': 0}, 5: {'cpu': 0}, 3: {'cpu': 0}, 4: {'cpu': 0}}, 'link_level': {(5, 6): {'bw': 0}, (3, 5): {'bw': 0}, (3, 6): {'bw': 0}, (4, 5): {'bw': 100.0}, (4, 6): {'bw': 100.0}}, 'path_level': {(5, 6): {}, (3, 5): {}, (3, 6): {}, (4, 5): {}, (4, 6): {}}}",[],100.0,100.0,True,False,False,0,[],0,0.0,44.0,3.0,3.0
94,26,5,2440.0,2809.0,1553147.7610004412,1826249.2082672338,0.8686365254538981,0.8504577326957943,28,169,1,2277.0,8723,4675,4048,0.04082888797702089,0.1257019438444924,93,324.791373867923,2277.0,3,3,True,"{1: 2, 0: 0, 2: 5}","{(0, 1): [(0, 2)], (2, 0): [(5, 2), (2, 0)], (2, 1): [(5, 2)]}","{(1, 2): {'cpu': 16}, (0, 0): {'cpu': 8}, (2, 5): {'cpu': 1}}","{((0, 1), (0, 2)): {'bw': 45}, ((2, 0), (5, 2)): {'bw': 33}, ((2, 0), (2, 0)): {'bw': 33}, ((2, 1), (5, 2)): {'bw': 29}}",165.0,132.0,50.0,25.0,107.0,25.0,107.0,25.0,140.0,33.0,0.8,53590.5766882073,42872.46135056584,259.8330990943384,Success,0.0,"{'node_level': {'cpu': -72}, 'link_level': {'bw': -4}, 'path_level': {}}","{'node_level': {1: {'cpu': -79}, 0: {'cpu': -82}, 2: {'cpu': -72}}, 'link_level': {(0, 1): {'bw': -37}, (2, 0): {'bw': -4}, (2, 1): {'bw': -14}}, 'path_level': {(0, 1): {}, (2, 0): {}, (2, 1): {}}}","{'node_level': {1: {'cpu': 0}, 0: {'cpu': 0}, 2: {'cpu': 0}}, 'link_level': {(0, 1): {'bw': 0}, (2, 0): {'bw': 0}, (2, 1): {'bw': 0}}, 'path_level': {(0, 1): {}, (2, 0): {}, (2, 1): {}}}",[],-4.0,0.0,True,True,False,0,[],0,0.0,0.0,3.0,3.0
94,26,5,2440.0,2809.0,1553147.7610004412,1826249.2082672338,0.8686365254538981,0.8504577326957943,28,170,0,2280.4762948660837,8723,4675,4048,0.04082888797702089,0.1257019438444924,69,589.4762948660839,1691.0,10,23,False,{},{},{},{},0.0,0.0,0.0,0.0,0.0,0.0,0.0,0.0,0.0,0.0,0.0,0.0,0.0,0.0,Leave Event,0.0,"{'node_level': {}, 'link_level': {}, 'path_level': {}}","{'node_level': {}, 'link_level': {}, 'path_level': {}}","{'node_level': {}, 'link_level': {}, 'path_level': {}}",[],-inf,-inf,True,True,False,0,[],0,0.0,,,
94,26,5,2440.0,2809.0,1553147.7610004412,1826249.2082672338,0.8686365254538981,0.8504577326957943,28,171,0,2303.305622306545,8723,4675,4048,0.04082888797702089,0.1257019438444924,78,384.3056223065453,1919.0,8,16,False,{},{},{},{},0.0,0.0,0.0,0.0,0.0,0.0,0.0,0.0,0.0,0.0,0.0,0.0,0.0,0.0,Leave Event,0.0,"{'node_level': {}, 'link_level': {}, 'path_level': {}}","{'node_level': {}, 'link_level': {}, 'path_level': {}}","{'node_level': {}, 'link_level': {}, 'path_level': {}}",[],-inf,-inf,True,True,False,0,[],0,0.0,,,
95,27,6,2537.0,2913.0,1557604.0560341983,1831027.0916023962,0.8709234466186062,0.8506723156515855,28,172,1,2304.0,8619,4615,4004,0.053139105457529756,0.1352051835853132,94,45.94118591502219,2304.0,4,3,True,"{3: 8, 0: 3, 2: 17, 1: 18}","{(0, 3): [(3, 8)], (2, 3): [(17, 8)], (1, 0): [(18, 8), (8, 3)]}","{(3, 8): {'cpu': 18}, (0, 3): {'cpu': 19}, (2, 17): {'cpu': 20}, (1, 18): {'cpu': 3}}","{((0, 3), (3, 8)): {'bw': 27}, ((2, 3), (17, 8)): {'bw': 3}, ((1, 0), (18, 8)): {'bw': 7}, ((1, 0), (8, 3)): {'bw': 7}}",104.0,97.0,120.0,60.0,37.0,60.0,37.0,60.0,44.0,7.0,0.9326923076923077,4777.883335162308,4456.295033757152,42.84899070920339,Success,0.0,"{'node_level': {'cpu': -67}, 'link_level': {'bw': -28}, 'path_level': {}}","{'node_level': {3: {'cpu': -72}, 0: {'cpu': -39}, 2: {'cpu': -56}, 1: {'cpu': -67}}, 'link_level': {(0, 3): {'bw': -35}, (2, 3): {'bw': -66}, (1, 0): {'bw': -28}}, 'path_level': {(0, 3): {}, (2, 3): {}, (1, 0): {}}}","{'node_level': {3: {'cpu': 0}, 0: {'cpu': 0}, 2: {'cpu': 0}, 1: {'cpu': 0}}, 'link_level': {(0, 3): {'bw': 0}, (2, 3): {'bw': 0}, (1, 0): {'bw': 0}}, 'path_level': {(0, 3): {}, (2, 3): {}, (1, 0): {}}}",[],-28.0,0.0,True,True,False,0,[],0,0.0,0.0,4.0,3.0
95,27,6,2537.0,2913.0,1557604.0560341983,1831027.0916023962,0.8709234466186062,0.8506723156515855,28,173,0,2307.698728757603,8619,4615,4004,0.053139105457529756,0.1352051835853132,83,280.6987287576031,2027.0,5,7,False,{},{},{},{},0.0,0.0,0.0,0.0,0.0,0.0,0.0,0.0,0.0,0.0,0.0,0.0,0.0,0.0,Leave Event,0.0,"{'node_level': {}, 'link_level': {}, 'path_level': {}}","{'node_level': {}, 'link_level': {}, 'path_level': {}}","{'node_level': {}, 'link_level': {}, 'path_level': {}}",[],-inf,-inf,True,True,False,0,[],0,0.0,,,
96,28,7,2612.0,2988.0,1588301.5122757985,1861724.5478439964,0.8741633199464525,0.8531345381437655,29,174,1,2328.0,8544,4582,3962,0.05990972507180958,0.1442764578833693,95,409.2994165546682,2328.0,3,2,True,"{2: 13, 0: 6, 1: 27}","{(0, 2): [(6, 13)], (1, 2): [(27, 13)]}","{(2, 13): {'cpu': 3}, (0, 6): {'cpu': 15}, (1, 27): {'cpu': 15}}","{((0, 2), (6, 13)): {'bw': 22}, ((1, 2), (27, 13)): {'bw': 20}}",75.0,75.0,66.0,33.0,42.0,33.0,42.0,33.0,42.0,0.0,1.0,30697.456241600114,30697.456241600114,409.2994165546682,Success,0.0,"{'node_level': {'cpu': -73}, 'link_level': {'bw': -50}, 'path_level': {}}","{'node_level': {2: {'cpu': -58}, 0: {'cpu': -37}, 1: {'cpu': -73}}, 'link_level': {(0, 2): {'bw': -65}, (1, 2): {'bw': -50}}, 'path_level': {(0, 2): {}, (1, 2): {}}}","{'node_level': {2: {'cpu': 0}, 0: {'cpu': 0}, 1: {'cpu': 0}}, 'link_level': {(0, 2): {'bw': 0}, (1, 2): {'bw': 0}}, 'path_level': {(0, 2): {}, (1, 2): {}}}",[],-50.0,0.0,True,True,False,0,[],0,0.0,0.0,3.0,2.0
96,28,6,2612.0,2988.0,1588301.5122757985,1861724.5478439964,0.8741633199464525,0.8531345381437655,29,175,0,2349.9411859150223,8648,4642,4006,0.04759950759130083,0.1347732181425486,94,45.94118591502219,2304.0,4,3,False,{},{},{},{},0.0,0.0,0.0,0.0,0.0,0.0,0.0,0.0,0.0,0.0,0.0,0.0,0.0,0.0,Leave Event,0.0,"{'node_level': {}, 'link_level': {}, 'path_level': {}}","{'node_level': {}, 'link_level': {}, 'path_level': {}}","{'node_level': {}, 'link_level': {}, 'path_level': {}}",[],-inf,-inf,True,True,False,0,[],0,0.0,,,
96,28,6,2612.0,2988.0,1588301.5122757985,1861724.5478439964,0.8741633199464525,0.8531345381437655,29,176,0,2351.7304519303366,8648,4642,4006,0.04759950759130083,0.1347732181425486,52,1062.7304519303366,1289.0,8,13,False,{},{},{},{},0.0,0.0,0.0,0.0,0.0,0.0,0.0,0.0,0.0,0.0,0.0,0.0,0.0,0.0,Leave Event,0.0,"{'node_level': {}, 'link_level': {}, 'path_level': {}}","{'node_level': {}, 'link_level': {}, 'path_level': {}}","{'node_level': {}, 'link_level': {}, 'path_level': {}}",[],-inf,-inf,True,True,False,0,[],0,0.0,,,
97,29,7,2660.0,3036.0,1593098.023689699,1866521.0592578968,0.8761528326745718,0.8535119471532203,29,177,1,2356.0,8600,4619,3981,0.05231842429216249,0.14017278617710582,96,99.92732112292434,2356.0,2,1,True,"{1: 8, 0: 3}","{(0, 1): [(3, 8)]}","{(1, 8): {'cpu': 20}, (0, 3): {'cpu': 3}}","{((0, 1), (3, 8)): {'bw': 25}}",48.0,48.0,46.0,23.0,25.0,23.0,25.0,23.0,25.0,0.0,1.0,4796.511413900368,4796.511413900368,99.92732112292434,Success,0.0,"{'node_level': {'cpu': -55}, 'link_level': {'bw': -37}, 'path_level': {}}","{'node_level': {1: {'cpu': -70}, 0: {'cpu': -55}}, 'link_level': {(0, 1): {'bw': -37}}, 'path_level': {(0, 1): {}}}","{'node_level': {1: {'cpu': 0}, 0: {'cpu': 0}}, 'link_level': {(0, 1): {'bw': 0}}, 'path_level': {(0, 1): {}}}",[],-37.0,0.0,True,True,False,0,[],0,0.0,0.0,2.0,1.0
97,29,7,2660.0,3036.0,1593098.023689699,1866521.0592578968,0.8761528326745718,0.8535119471532203,29,178,0,2381.8495838383806,8600,4619,3981,0.05231842429216249,0.14017278617710582,66,760.8495838383803,1621.0,8,13,False,{},{},{},{},0.0,0.0,0.0,0.0,0.0,0.0,0.0,0.0,0.0,0.0,0.0,0.0,0.0,0.0,Leave Event,0.0,"{'node_level': {}, 'link_level': {}, 'path_level': {}}","{'node_level': {}, 'link_level': {}, 'path_level': {}}","{'node_level': {}, 'link_level': {}, 'path_level': {}}",[],-inf,-inf,True,True,False,0,[],0,0.0,,,
98,29,7,2660.0,3036.0,1593098.023689699,1866521.0592578968,0.8761528326745718,0.8535119471532203,29,179,1,2389.0,8600,4619,3981,0.05231842429216249,0.14017278617710582,97,361.1871411954342,2389.0,9,14,False,"{1: 11, 5: 5, 7: 23}","{(5, 1): [(5, 11)], (7, 1): [(23, 11)]}","{(1, 11): {'cpu': 19}, (5, 5): {'cpu': 15}, (7, 23): {'cpu': 12}}","{((5, 1), (5, 11)): {'bw': 28}, ((7, 1), (23, 11)): {'bw': 33}}",0.0,0.0,182.0,91.0,314.0,0.0,0.0,0.0,0.0,0.0,0.0,0.0,0.0,0.0,Route Failure,2400.0,"{'node_level': {'cpu': -34}, 'link_level': {'bw': 100.0}, 'path_level': {}}","{'node_level': {1: {'cpu': -62}, 5: {'cpu': -57}, 7: {'cpu': -42}, 2: {'cpu': -34}}, 'link_level': {(5, 1): {'bw': -43}, (7, 1): {'bw': -23}, (2, 1): {'bw': 100.0}, (2, 5): {'bw': -1}, (2, 7): {'bw': 100.0}}, 'path_level': {(5, 1): {}, (7, 1): {}, (2, 1): {}, (2, 5): {}, (2, 7): {}}}","{'node_level': {1: {'cpu': 0}, 5: {'cpu': 0}, 7: {'cpu': 0}, 2: {'cpu': 0}}, 'link_level': {(5, 1): {'bw': 0}, (7, 1): {'bw': 0}, (2, 1): {'bw': 100.0}, (2, 5): {'bw': 0}, (2, 7): {'bw': 100.0}}, 'path_level': {(5, 1): {}, (7, 1): {}, (2, 1): {}, (2, 5): {}, (2, 7): {}}}",[],100.0,100.0,True,False,False,0,[],0,0.0,24.0,3.0,2.0
99,30,8,2762.0,3138.0,1640980.347163708,1914403.382731906,0.8801784576163161,0.8571758501711296,29,180,1,2407.0,8498,4581,3917,0.0601148953631514,0.15399568034557232,98,469.4345438628334,2407.0,3,2,True,"{0: 11, 1: 5, 2: 23}","{(1, 0): [(5, 11)], (2, 0): [(23, 11)]}","{(0, 11): {'cpu': 7}, (1, 5): {'cpu': 19}, (2, 23): {'cpu': 12}}","{((1, 0), (5, 11)): {'bw': 27}, ((2, 0), (23, 11)): {'bw': 37}}",102.0,102.0,76.0,38.0,64.0,38.0,64.0,38.0,64.0,0.0,1.0,47882.323474009005,47882.323474009005,469.4345438628334,Success,0.0,"{'node_level': {'cpu': -42}, 'link_level': {'bw': -19}, 'path_level': {}}","{'node_level': {0: {'cpu': -74}, 1: {'cpu': -53}, 2: {'cpu': -42}}, 'link_level': {(1, 0): {'bw': -44}, (2, 0): {'bw': -19}}, 'path_level': {(1, 0): {}, (2, 0): {}}}","{'node_level': {0: {'cpu': 0}, 1: {'cpu': 0}, 2: {'cpu': 0}}, 'link_level': {(1, 0): {'bw': 0}, (2, 0): {'bw': 0}}, 'path_level': {(1, 0): {}, (2, 0): {}}}",[],-19.0,0.0,True,True,False,0,[],0,0.0,0.0,3.0,2.0
100,30,8,2762.0,3138.0,1640980.347163708,1914403.382731906,0.8801784576163161,0.8571758501711296,29,181,1,2436.0,8498,4581,3917,0.0601148953631514,0.15399568034557232,99,895.5173363460804,2436.0,10,21,False,"{5: 15, 7: 7, 8: 31}","{(7, 5): [(7, 15)], (8, 5): [(31, 15)], (8, 7): [(31, 15), (15, 7)]}","{(5, 15): {'cpu': 20}, (7, 7): {'cpu': 19}, (8, 31): {'cpu': 4}}","{((7, 5), (7, 15)): {'bw': 6}, ((8, 5), (31, 15)): {'bw': 36}, ((8, 7), (31, 15)): {'bw': 8}, ((8, 7), (15, 7)): {'bw': 8}}",0.0,0.0,202.0,101.0,400.0,0.0,0.0,0.0,0.0,0.0,0.0,0.0,0.0,0.0,Route Failure,1800.0,"{'node_level': {'cpu': -52}, 'link_level': {'bw': 100.0}, 'path_level': {}}","{'node_level': {5: {'cpu': -77}, 7: {'cpu': -42}, 8: {'cpu': -51}, 6: {'cpu': -52}}, 'link_level': {(7, 5): {'bw': -66}, (8, 5): {'bw': -57}, (8, 7): {'bw': -49}, (6, 5): {'bw': -3}, (6, 8): {'bw': 100.0}}, 'path_level': {(7, 5): {}, (8, 5): {}, (8, 7): {}, (6, 5): {}, (6, 8): {}}}","{'node_level': {5: {'cpu': 0}, 7: {'cpu': 0}, 8: {'cpu': 0}, 6: {'cpu': 0}}, 'link_level': {(7, 5): {'bw': 0}, (8, 5): {'bw': 0}, (8, 7): {'bw': 0}, (6, 5): {'bw': 0}, (6, 8): {'bw': 100.0}}, 'path_level': {(7, 5): {}, (8, 5): {}, (8, 7): {}, (6, 5): {}, (6, 8): {}}}",[],100.0,100.0,True,False,False,0,[],0,0.0,18.0,3.0,3.0
100,30,7,2762.0,3138.0,1640980.347163708,1914403.382731906,0.8801784576163161,0.8571758501711296,29,182,0,2455.9273211229242,8546,4604,3942,0.055395978662289735,0.1485961123110151,96,99.92732112292434,2356.0,2,1,False,{},{},{},{},0.0,0.0,0.0,0.0,0.0,0.0,0.0,0.0,0.0,0.0,0.0,0.0,0.0,0.0,Leave Event,0.0,"{'node_level': {}, 'link_level': {}, 'path_level': {}}","{'node_level': {}, 'link_level': {}, 'path_level': {}}","{'node_level': {}, 'link_level': {}, 'path_level': {}}",[],-inf,-inf,True,True,False,0,[],0,0.0,,,
101,31,8,2800.0,3176.0,1648413.02005046,1921836.055618658,0.8816120906801007,0.8577282204853939,29,183,1,2456.0,8508,4570,3938,0.06237176856791138,0.14946004319654427,100,195.59665491452856,2456.0,2,1,True,"{1: 8, 0: 3}","{(0, 1): [(3, 8)]}","{(1, 8): {'cpu': 19}, (0, 3): {'cpu': 15}}","{((0, 1), (3, 8)): {'bw': 4}}",38.0,38.0,68.0,34.0,4.0,34.0,4.0,34.0,4.0,0.0,1.0,7432.672886752085,7432.672886752085,195.59665491452856,Success,0.0,"{'node_level': {'cpu': -43}, 'link_level': {'bw': -58}, 'path_level': {}}","{'node_level': {1: {'cpu': -71}, 0: {'cpu': -43}}, 'link_level': {(0, 1): {'bw': -58}}, 'path_level': {(0, 1): {}}}","{'node_level': {1: {'cpu': 0}, 0: {'cpu': 0}}, 'link_level': {(0, 1): {'bw': 0}}, 'path_level': {(0, 1): {}}}",[],-43.0,0.0,True,True,False,0,[],0,0.0,0.0,2.0,1.0
102,31,8,2800.0,3176.0,1648413.02005046,1921836.055618658,0.8816120906801007,0.8577282204853939,29,184,1,2481.0,8508,4570,3938,0.06237176856791138,0.14946004319654427,101,2248.700486173692,2481.0,9,22,False,"{5: 15, 3: 7, 4: 31}","{(3, 5): [(7, 15)], (4, 3): [(31, 15), (15, 7)], (4, 5): [(31, 15)]}","{(5, 15): {'cpu': 19}, (3, 7): {'cpu': 16}, (4, 31): {'cpu': 15}}","{((3, 5), (7, 15)): {'bw': 13}, ((4, 3), (31, 15)): {'bw': 36}, ((4, 3), (15, 7)): {'bw': 36}, ((4, 5), (31, 15)): {'bw': 36}}",0.0,0.0,218.0,109.0,647.0,0.0,0.0,0.0,0.0,0.0,0.0,0.0,0.0,0.0,Route Failure,1800.0,"{'node_level': {'cpu': -45}, 'link_level': {'bw': 100.0}, 'path_level': {}}","{'node_level': {5: {'cpu': -78}, 3: {'cpu': -45}, 4: {'cpu': -40}, 6: {'cpu': -45}}, 'link_level': {(3, 5): {'bw': -59}, (4, 3): {'bw': -23}, (4, 5): {'bw': -21}, (6, 3): {'bw': -11}, (6, 4): {'bw': 100.0}}, 'path_level': {(3, 5): {}, (4, 3): {}, (4, 5): {}, (6, 3): {}, (6, 4): {}}}","{'node_level': {5: {'cpu': 0}, 3: {'cpu': 0}, 4: {'cpu': 0}, 6: {'cpu': 0}}, 'link_level': {(3, 5): {'bw': 0}, (4, 3): {'bw': 0}, (4, 5): {'bw': 0}, (6, 3): {'bw': 0}, (6, 4): {'bw': 100.0}}, 'path_level': {(3, 5): {}, (4, 3): {}, (4, 5): {}, (6, 3): {}, (6, 4): {}}}",[],100.0,100.0,True,False,False,0,[],0,0.0,18.0,3.0,3.0
103,32,9,2849.0,3225.0,1777979.2736873364,2051402.3092555343,0.8834108527131783,0.8667140841488938,29,185,1,2495.0,8459,4550,3909,0.0664751743947476,0.15572354211663064,102,2644.2092578954366,2495.0,2,1,True,"{0: 15, 1: 7}","{(1, 0): [(7, 15)]}","{(0, 15): {'cpu': 13}, (1, 7): {'cpu': 7}}","{((1, 0), (7, 15)): {'bw': 29}}",49.0,49.0,40.0,20.0,29.0,20.0,29.0,20.0,29.0,0.0,1.0,129566.2536368764,129566.2536368764,2644.2092578954366,Success,0.0,"{'node_level': {'cpu': -54}, 'link_level': {'bw': -43}, 'path_level': {}}","{'node_level': {0: {'cpu': -84}, 1: {'cpu': -54}}, 'link_level': {(1, 0): {'bw': -43}}, 'path_level': {(1, 0): {}}}","{'node_level': {0: {'cpu': 0}, 1: {'cpu': 0}}, 'link_level': {(1, 0): {'bw': 0}}, 'path_level': {(1, 0): {}}}",[],-43.0,0.0,True,True,False,0,[],0,0.0,0.0,2.0,1.0
103,32,9,2849.0,3225.0,1777979.2736873364,2051402.3092555343,0.8834108527131783,0.8667140841488938,29,186,0,2509.4470937408523,8459,4550,3909,0.0664751743947476,0.15572354211663064,73,718.4470937408524,1791.0,7,13,False,{},{},{},{},0.0,0.0,0.0,0.0,0.0,0.0,0.0,0.0,0.0,0.0,0.0,0.0,0.0,0.0,Leave Event,0.0,"{'node_level': {}, 'link_level': {}, 'path_level': {}}","{'node_level': {}, 'link_level': {}, 'path_level': {}}","{'node_level': {}, 'link_level': {}, 'path_level': {}}",[],-inf,-inf,True,True,False,0,[],0,0.0,,,
103,32,8,2849.0,3225.0,1777979.2736873364,2051402.3092555343,0.8834108527131783,0.8667140841488938,29,187,0,2510.9235620953573,8638,4616,4022,0.05293393516618794,0.13131749460043196,63,965.9235620953574,1545.0,4,4,False,{},{},{},{},0.0,0.0,0.0,0.0,0.0,0.0,0.0,0.0,0.0,0.0,0.0,0.0,0.0,0.0,Leave Event,0.0,"{'node_level': {}, 'link_level': {}, 'path_level': {}}","{'node_level': {}, 'link_level': {}, 'path_level': {}}","{'node_level': {}, 'link_level': {}, 'path_level': {}}",[],-inf,-inf,True,True,False,0,[],0,0.0,,,
104,32,8,2849.0,3225.0,1777979.2736873364,2051402.3092555343,0.8834108527131783,0.8667140841488938,29,188,1,2519.0,8638,4616,4022,0.05293393516618794,0.13131749460043196,103,874.7835670134227,2519.0,7,15,False,"{1: 14, 5: 6}","{(5, 1): [(6, 14)]}","{(1, 14): {'cpu': 10}, (5, 6): {'cpu': 8}}","{((5, 1), (6, 14)): {'bw': 41}}",0.0,0.0,118.0,59.0,416.0,0.0,0.0,0.0,0.0,0.0,0.0,0.0,0.0,0.0,Route Failure,2500.0,"{'node_level': {'cpu': -65}, 'link_level': {'bw': 100.0}, 'path_level': {}}","{'node_level': {1: {'cpu': -61}, 5: {'cpu': -45}, 3: {'cpu': -65}}, 'link_level': {(5, 1): {'bw': -15}, (3, 1): {'bw': 100.0}, (3, 5): {'bw': 100.0}}, 'path_level': {(5, 1): {}, (3, 1): {}, (3, 5): {}}}","{'node_level': {1: {'cpu': 0}, 5: {'cpu': 0}, 3: {'cpu': 0}}, 'link_level': {(5, 1): {'bw': 0}, (3, 1): {'bw': 100.0}, (3, 5): {'bw': 100.0}}, 'path_level': {(5, 1): {}, (3, 1): {}, (3, 5): {}}}",[],100.0,100.0,True,False,False,0,[],0,0.0,25.0,2.0,1.0
105,32,8,2849.0,3225.0,1777979.2736873364,2051402.3092555343,0.8834108527131783,0.8667140841488938,29,189,1,2546.0,8638,4616,4022,0.05293393516618794,0.13131749460043196,104,592.3344078953928,2546.0,4,4,False,"{1: 14, 0: 6}","{(0, 1): [(6, 14)]}","{(1, 14): {'cpu': 3}, (0, 6): {'cpu': 2}}","{((0, 1), (6, 14)): {'bw': 50}}",0.0,0.0,40.0,20.0,125.0,0.0,0.0,0.0,0.0,0.0,0.0,0.0,0.0,0.0,Route Failure,2500.0,"{'node_level': {'cpu': -76}, 'link_level': {'bw': 100.0}, 'path_level': {}}","{'node_level': {1: {'cpu': -68}, 0: {'cpu': -51}, 3: {'cpu': -76}}, 'link_level': {(0, 1): {'bw': -6}, (3, 0): {'bw': 100.0}, (3, 1): {'bw': 100.0}}, 'path_level': {(0, 1): {}, (3, 0): {}, (3, 1): {}}}","{'node_level': {1: {'cpu': 0}, 0: {'cpu': 0}, 3: {'cpu': 0}}, 'link_level': {(0, 1): {'bw': 0}, (3, 0): {'bw': 100.0}, (3, 1): {'bw': 100.0}}, 'path_level': {(0, 1): {}, (3, 0): {}, (3, 1): {}}}",[],100.0,100.0,True,False,False,0,[],0,0.0,25.0,2.0,1.0
105,32,7,2849.0,3225.0,1777979.2736873364,2051402.3092555343,0.8834108527131783,0.8667140841488938,29,190,0,2552.9046937199128,8685,4650,4035,0.0459581452605663,0.12850971922246224,72,780.904693719913,1772.0,2,1,False,{},{},{},{},0.0,0.0,0.0,0.0,0.0,0.0,0.0,0.0,0.0,0.0,0.0,0.0,0.0,0.0,Leave Event,0.0,"{'node_level': {}, 'link_level': {}, 'path_level': {}}","{'node_level': {}, 'link_level': {}, 'path_level': {}}","{'node_level': {}, 'link_level': {}, 'path_level': {}}",[],-inf,-inf,True,True,False,0,[],0,0.0,,,
105,32,7,2849.0,3225.0,1777979.2736873364,2051402.3092555343,0.8834108527131783,0.8667140841488938,29,191,0,2562.3483154231567,8685,4650,4035,0.0459581452605663,0.12850971922246224,84,513.3483154231568,2049.0,8,13,False,{},{},{},{},0.0,0.0,0.0,0.0,0.0,0.0,0.0,0.0,0.0,0.0,0.0,0.0,0.0,0.0,Leave Event,0.0,"{'node_level': {}, 'link_level': {}, 'path_level': {}}","{'node_level': {}, 'link_level': {}, 'path_level': {}}","{'node_level': {}, 'link_level': {}, 'path_level': {}}",[],-inf,-inf,True,True,False,0,[],0,0.0,,,
106,32,7,2849.0,3225.0,1777979.2736873364,2051402.3092555343,0.8834108527131783,0.8667140841488938,29,192,1,2575.0,8685,4650,4035,0.0459581452605663,0.12850971922246224,105,661.509189756853,2575.0,7,8,False,"{0: 8, 5: 3, 6: 17, 2: 18, 1: 33, 3: 49, 4: 34}","{(5, 0): [(3, 8)], (6, 0): [(17, 8)], (2, 0): [(18, 8)], (1, 5): [(33, 17), (17, 8), (8, 3)], (1, 6): [(33, 17)], (3, 6): [(49, 17)], (4, 1): [(34, 18), (18, 8), (8, 17), (17, 33)], (4, 3): [(34, 18), (18, 8), (8, 17), (17, 49)]}","{(0, 8): {'cpu': 7}, (5, 3): {'cpu': 14}, (6, 17): {'cpu': 4}, (2, 18): {'cpu': 5}, (1, 33): {'cpu': 5}, (3, 49): {'cpu': 5}, (4, 34): {'cpu': 3}}","{((5, 0), (3, 8)): {'bw': 42}, ((6, 0), (17, 8)): {'bw': 14}, ((2, 0), (18, 8)): {'bw': 16}, ((1, 5), (33, 17)): {'bw': 6}, ((1, 5), (17, 8)): {'bw': 6}, ((1, 5), (8, 3)): {'bw': 6}, ((1, 6), (33, 17)): {'bw': 33}, ((3, 6), (49, 17)): {'bw': 23}, ((4, 1), (34, 18)): {'bw': 2}, ((4, 1), (18, 8)): {'bw': 2}, ((4, 1), (8, 17)): {'bw': 2}, ((4, 1), (17, 33)): {'bw': 2}, ((4, 3), (34, 18)): {'bw': 5}, ((4, 3), (18, 8)): {'bw': 5}, ((4, 3), (8, 17)): {'bw': 5}, ((4, 3), (17, 49)): {'bw': 5}}",0.0,0.0,86.0,43.0,141.0,0.0,0.0,0.0,0.0,0.0,0.0,0.0,0.0,0.0,Route Failure,200.0,"{'node_level': {'cpu': -93}, 'link_level': {'bw': -35}, 'path_level': {}}","{'node_level': {0: {'cpu': -64}, 5: {'cpu': -29}, 6: {'cpu': -72}, 2: {'cpu': -65}, 1: {'cpu': -49}, 3: {'cpu': -91}, 4: {'cpu': -93}}, 'link_level': {(5, 0): {'bw': -16}, (6, 0): {'bw': -55}, (2, 0): {'bw': -52}, (1, 5): {'bw': -10}, (1, 6): {'bw': -37}, (3, 6): {'bw': -62}, (4, 1): {'bw': -35}, (4, 3): {'bw': -42}}, 'path_level': {(5, 0): {}, (6, 0): {}, (2, 0): {}, (1, 5): {}, (1, 6): {}, (3, 6): {}, (4, 1): {}, (4, 3): {}}}","{'node_level': {0: {'cpu': 0}, 5: {'cpu': 0}, 6: {'cpu': 0}, 2: {'cpu': 0}, 1: {'cpu': 0}, 3: {'cpu': 0}, 4: {'cpu': 0}}, 'link_level': {(5, 0): {'bw': 0}, (6, 0): {'bw': 0}, (2, 0): {'bw': 0}, (1, 5): {'bw': 0}, (1, 6): {'bw': 0}, (3, 6): {'bw': 0}, (4, 1): {'bw': 0}, (4, 3): {'bw': 0}}, 'path_level': {(5, 0): {}, (6, 0): {}, (2, 0): {}, (1, 5): {}, (1, 6): {}, (3, 6): {}, (4, 1): {}, (4, 3): {}}}",[],-35.0,100.0,True,False,False,0,[],0,0.0,2.0,7.0,8.0
107,33,8,2955.0,3331.0,1888303.7734802978,2161726.8090484957,0.8871209846892825,0.8735163784694202,29,193,1,2597.0,8579,4623,3956,0.051497743126795226,0.14557235421166304,106,1040.7971678581255,2597.0,3,2,True,"{2: 8, 1: 3, 0: 17}","{(1, 2): [(3, 8)], (0, 2): [(17, 8)]}","{(2, 8): {'cpu': 8}, (1, 3): {'cpu': 17}, (0, 17): {'cpu': 2}}","{((1, 2), (3, 8)): {'bw': 48}, ((0, 2), (17, 8)): {'bw': 31}}",106.0,106.0,54.0,27.0,79.0,27.0,79.0,27.0,79.0,0.0,1.0,110324.4997929613,110324.4997929613,1040.7971678581255,Success,0.0,"{'node_level': {'cpu': -74}, 'link_level': {'bw': -38}, 'path_level': {}}","{'node_level': {2: {'cpu': -63}, 1: {'cpu': -26}, 0: {'cpu': -74}}, 'link_level': {(1, 2): {'bw': -10}, (0, 2): {'bw': -38}}, 'path_level': {(1, 2): {}, (0, 2): {}}}","{'node_level': {2: {'cpu': 0}, 1: {'cpu': 0}, 0: {'cpu': 0}}, 'link_level': {(1, 2): {'bw': 0}, (0, 2): {'bw': 0}}, 'path_level': {(1, 2): {}, (0, 2): {}}}",[],-38.0,0.0,True,True,False,0,[],0,0.0,0.0,3.0,2.0
107,33,7,2955.0,3331.0,1888303.7734802978,2161726.8090484957,0.8871209846892825,0.8735163784694202,29,194,0,2601.791373867923,8744,4648,4096,0.04636848584324993,0.11533477321814256,93,324.791373867923,2277.0,3,3,False,{},{},{},{},0.0,0.0,0.0,0.0,0.0,0.0,0.0,0.0,0.0,0.0,0.0,0.0,0.0,0.0,Leave Event,0.0,"{'node_level': {}, 'link_level': {}, 'path_level': {}}","{'node_level': {}, 'link_level': {}, 'path_level': {}}","{'node_level': {}, 'link_level': {}, 'path_level': {}}",[],-inf,-inf,True,True,False,0,[],0,0.0,,,
108,34,8,3123.0,3562.0,2142521.436243017,2511276.095347235,0.8767546322290848,0.8531604470781099,29,195,1,2615.0,8513,4604,3909,0.055395978662289735,0.15572354211663064,107,1513.200373587617,2615.0,5,7,True,"{4: 2, 3: 0, 0: 5, 2: 6, 1: 1}","{(3, 4): [(0, 2)], (0, 4): [(5, 2)], (2, 0): [(6, 2), (2, 5)], (2, 4): [(6, 2)], (1, 0): [(1, 0), (0, 2), (2, 5)], (1, 2): [(1, 0), (0, 2), (2, 6)], (1, 3): [(1, 0)]}","{(4, 2): {'cpu': 11}, (3, 0): {'cpu': 19}, (0, 5): {'cpu': 5}, (2, 6): {'cpu': 8}, (1, 1): {'cpu': 1}}","{((3, 4), (0, 2)): {'bw': 48}, ((0, 4), (5, 2)): {'bw': 25}, ((2, 0), (6, 2)): {'bw': 9}, ((2, 0), (2, 5)): {'bw': 9}, ((2, 4), (6, 2)): {'bw': 8}, ((1, 0), (1, 0)): {'bw': 14}, ((1, 0), (0, 2)): {'bw': 14}, ((1, 0), (2, 5)): {'bw': 14}, ((1, 2), (1, 0)): {'bw': 13}, ((1, 2), (0, 2)): {'bw': 13}, ((1, 2), (2, 6)): {'bw': 13}, ((1, 3), (1, 0)): {'bw': 7}}",231.0,168.0,88.0,44.0,124.0,44.0,124.0,44.0,187.0,63.0,0.7272727272727273,349549.2862987395,254217.66276271964,1100.509362609176,Success,0.0,"{'node_level': {'cpu': -52}, 'link_level': {'bw': -7}, 'path_level': {}}","{'node_level': {4: {'cpu': -84}, 3: {'cpu': -71}, 0: {'cpu': -65}, 2: {'cpu': -45}, 1: {'cpu': -52}}, 'link_level': {(3, 4): {'bw': -34}, (0, 4): {'bw': -51}, (2, 0): {'bw': -42}, (2, 4): {'bw': -83}, (1, 0): {'bw': -20}, (1, 2): {'bw': -7}, (1, 3): {'bw': -35}}, 'path_level': {(3, 4): {}, (0, 4): {}, (2, 0): {}, (2, 4): {}, (1, 0): {}, (1, 2): {}, (1, 3): {}}}","{'node_level': {4: {'cpu': 0}, 3: {'cpu': 0}, 0: {'cpu': 0}, 2: {'cpu': 0}, 1: {'cpu': 0}}, 'link_level': {(3, 4): {'bw': 0}, (0, 4): {'bw': 0}, (2, 0): {'bw': 0}, (2, 4): {'bw': 0}, (1, 0): {'bw': 0}, (1, 2): {'bw': 0}, (1, 3): {'bw': 0}}, 'path_level': {(3, 4): {}, (0, 4): {}, (2, 0): {}, (2, 4): {}, (1, 0): {}, (1, 2): {}, (1, 3): {}}}",[],-7.0,0.0,True,True,False,0,[],0,0.0,0.0,5.0,7.0
109,34,8,3123.0,3562.0,2142521.436243017,2511276.095347235,0.8767546322290848,0.8531604470781099,29,196,1,2640.0,8513,4604,3909,0.055395978662289735,0.15572354211663064,108,956.1605580926552,2640.0,5,4,False,"{4: 11, 0: 5, 2: 23, 3: 24, 1: 39}","{(0, 4): [(5, 11)], (2, 4): [(23, 11)], (3, 0): [(24, 11), (11, 5)], (1, 2): [(39, 23)]}","{(4, 11): {'cpu': 12}, (0, 5): {'cpu': 13}, (2, 23): {'cpu': 8}, (3, 24): {'cpu': 11}, (1, 39): {'cpu': 3}}","{((0, 4), (5, 11)): {'bw': 48}, ((2, 4), (23, 11)): {'bw': 0}, ((3, 0), (24, 11)): {'bw': 9}, ((3, 0), (11, 5)): {'bw': 9}, ((1, 2), (39, 23)): {'bw': 36}}",0.0,0.0,94.0,47.0,93.0,0.0,0.0,0.0,0.0,0.0,0.0,0.0,0.0,0.0,Route Failure,200.0,"{'node_level': {'cpu': -49}, 'link_level': {'bw': -51}, 'path_level': {}}","{'node_level': {4: {'cpu': -80}, 0: {'cpu': -52}, 2: {'cpu': -34}, 3: {'cpu': -81}, 1: {'cpu': -49}}, 'link_level': {(0, 4): {'bw': -9}, (2, 4): {'bw': -19}, (3, 0): {'bw': 0}, (1, 2): {'bw': -51}}, 'path_level': {(0, 4): {}, (2, 4): {}, (3, 0): {}, (1, 2): {}}}","{'node_level': {4: {'cpu': 0}, 0: {'cpu': 0}, 2: {'cpu': 0}, 3: {'cpu': 0}, 1: {'cpu': 0}}, 'link_level': {(0, 4): {'bw': 0}, (2, 4): {'bw': 0}, (3, 0): {'bw': 0}, (1, 2): {'bw': 0}}, 'path_level': {(0, 4): {}, (2, 4): {}, (3, 0): {}, (1, 2): {}}}",[],-49.0,100.0,True,False,False,0,[],0,0.0,2.0,5.0,4.0
109,34,7,3123.0,3562.0,2142521.436243017,2511276.095347235,0.8767546322290848,0.8531604470781099,29,197,0,2651.5966549145287,8551,4638,3913,0.04842018875666798,0.15485961123110148,100,195.59665491452856,2456.0,2,1,False,{},{},{},{},0.0,0.0,0.0,0.0,0.0,0.0,0.0,0.0,0.0,0.0,0.0,0.0,0.0,0.0,Leave Event,0.0,"{'node_level': {}, 'link_level': {}, 'path_level': {}}","{'node_level': {}, 'link_level': {}, 'path_level': {}}","{'node_level': {}, 'link_level': {}, 'path_level': {}}",[],-inf,-inf,True,True,False,0,[],0,0.0,,,
110,35,8,3162.0,3602.0,2162494.5449556448,2531761.335052494,0.8778456413103831,0.8541462874148867,29,198,1,2664.0,8511,4606,3905,0.0549856380796061,0.1565874730021598,109,512.1309926314782,2664.0,3,2,True,"{2: 11, 1: 5, 0: 23}","{(1, 2): [(5, 11)], (0, 1): [(23, 11), (11, 5)]}","{(2, 11): {'cpu': 20}, (1, 5): {'cpu': 9}, (0, 23): {'cpu': 3}}","{((1, 2), (5, 11)): {'bw': 6}, ((0, 1), (23, 11)): {'bw': 1}, ((0, 1), (11, 5)): {'bw': 1}}",40.0,39.0,64.0,32.0,7.0,32.0,7.0,32.0,8.0,1.0,0.975,20485.239705259126,19973.10871262765,499.32771781569124,Success,0.0,"{'node_level': {'cpu': -39}, 'link_level': {'bw': -18}, 'path_level': {}}","{'node_level': {2: {'cpu': -72}, 1: {'cpu': -56}, 0: {'cpu': -39}}, 'link_level': {(1, 2): {'bw': -51}, (0, 1): {'bw': -18}}, 'path_level': {(1, 2): {}, (0, 1): {}}}","{'node_level': {2: {'cpu': 0}, 1: {'cpu': 0}, 0: {'cpu': 0}}, 'link_level': {(1, 2): {'bw': 0}, (0, 1): {'bw': 0}}, 'path_level': {(1, 2): {}, (0, 1): {}}}",[],-18.0,0.0,True,True,False,0,[],0,0.0,0.0,3.0,2.0
111,35,8,3162.0,3602.0,2162494.5449556448,2531761.335052494,0.8778456413103831,0.8541462874148867,29,199,1,2686.0,8511,4606,3905,0.0549856380796061,0.1565874730021598,110,38.169744915379454,2686.0,10,19,False,"{5: 28, 8: 13, 4: 44, 6: 60, 2: 6}","{(8, 5): [(13, 28)], (4, 5): [(44, 28)], (4, 8): [(44, 28), (28, 13)], (6, 5): [(60, 28)], (2, 5): [(6, 13), (13, 28)]}","{(5, 28): {'cpu': 14}, (8, 13): {'cpu': 19}, (4, 44): {'cpu': 13}, (6, 60): {'cpu': 17}, (2, 6): {'cpu': 4}}","{((8, 5), (13, 28)): {'bw': 46}, ((4, 5), (44, 28)): {'bw': 19}, ((4, 8), (44, 28)): {'bw': 10}, ((4, 8), (28, 13)): {'bw': 10}, ((6, 5), (60, 28)): {'bw': 39}, ((2, 5), (6, 13)): {'bw': 0}, ((2, 5), (13, 28)): {'bw': 0}}",0.0,0.0,176.0,88.0,543.0,0.0,0.0,0.0,0.0,0.0,0.0,0.0,0.0,0.0,Route Failure,1600.0,"{'node_level': {'cpu': -73}, 'link_level': {'bw': 100.0}, 'path_level': {}}","{'node_level': {5: {'cpu': -78}, 8: {'cpu': -39}, 4: {'cpu': -41}, 6: {'cpu': -74}, 2: {'cpu': -41}, 0: {'cpu': -73}}, 'link_level': {(8, 5): {'bw': -30}, (4, 5): {'bw': -53}, (4, 8): {'bw': -20}, (6, 5): {'bw': -60}, (2, 5): {'bw': -20}, (0, 2): {'bw': -24}, (0, 4): {'bw': -11}, (0, 5): {'bw': 100.0}}, 'path_level': {(8, 5): {}, (4, 5): {}, (4, 8): {}, (6, 5): {}, (2, 5): {}, (0, 2): {}, (0, 4): {}, (0, 5): {}}}","{'node_level': {5: {'cpu': 0}, 8: {'cpu': 0}, 4: {'cpu': 0}, 6: {'cpu': 0}, 2: {'cpu': 0}, 0: {'cpu': 0}}, 'link_level': {(8, 5): {'bw': 0}, (4, 5): {'bw': 0}, (4, 8): {'bw': 0}, (6, 5): {'bw': 0}, (2, 5): {'bw': 0}, (0, 2): {'bw': 0}, (0, 4): {'bw': 0}, (0, 5): {'bw': 100.0}}, 'path_level': {(8, 5): {}, (4, 5): {}, (4, 8): {}, (6, 5): {}, (2, 5): {}, (0, 2): {}, (0, 4): {}, (0, 5): {}}}",[],100.0,100.0,True,False,False,0,[],0,0.0,16.0,5.0,5.0
112,35,8,3162.0,3602.0,2162494.5449556448,2531761.335052494,0.8778456413103831,0.8541462874148867,29,200,1,2720.0,8511,4606,3905,0.0549856380796061,0.1565874730021598,111,488.2655374417354,2720.0,8,13,False,"{6: 28, 5: 13, 4: 44}","{(5, 6): [(13, 28)], (4, 5): [(44, 28), (28, 13)], (4, 6): [(44, 28)]}","{(6, 28): {'cpu': 16}, (5, 13): {'cpu': 17}, (4, 44): {'cpu': 19}}","{((5, 6), (13, 28)): {'bw': 20}, ((4, 5), (44, 28)): {'bw': 1}, ((4, 5), (28, 13)): {'bw': 1}, ((4, 6), (44, 28)): {'bw': 38}}",0.0,0.0,218.0,109.0,264.0,0.0,0.0,0.0,0.0,0.0,0.0,0.0,0.0,0.0,Route Failure,1800.0,"{'node_level': {'cpu': -73}, 'link_level': {'bw': 100.0}, 'path_level': {}}","{'node_level': {6: {'cpu': -76}, 5: {'cpu': -41}, 4: {'cpu': -35}, 2: {'cpu': -73}}, 'link_level': {(5, 6): {'bw': -56}, (4, 5): {'bw': -55}, (4, 6): {'bw': -33}, (2, 4): {'bw': 100.0}}, 'path_level': {(5, 6): {}, (4, 5): {}, (4, 6): {}, (2, 4): {}}}","{'node_level': {6: {'cpu': 0}, 5: {'cpu': 0}, 4: {'cpu': 0}, 2: {'cpu': 0}}, 'link_level': {(5, 6): {'bw': 0}, (4, 5): {'bw': 0}, (4, 6): {'bw': 0}, (2, 4): {'bw': 100.0}}, 'path_level': {(5, 6): {}, (4, 5): {}, (4, 6): {}, (2, 4): {}}}",[],100.0,100.0,True,False,False,0,[],0,0.0,18.0,3.0,3.0
112,35,8,3162.0,3602.0,2162494.5449556448,2531761.335052494,0.8778456413103831,0.8541462874148867,29,201,0,2724.1697449153794,8511,4606,3905,0.0549856380796061,0.1565874730021598,110,38.169744915379454,2686.0,10,19,False,{},{},{},{},0.0,0.0,0.0,0.0,0.0,0.0,0.0,0.0,0.0,0.0,0.0,0.0,0.0,0.0,Leave Event,0.0,"{'node_level': {}, 'link_level': {}, 'path_level': {}}","{'node_level': {}, 'link_level': {}, 'path_level': {}}","{'node_level': {}, 'link_level': {}, 'path_level': {}}",[],-inf,-inf,True,True,False,0,[],0,0.0,,,
112,35,8,3162.0,3602.0,2162494.5449556448,2531761.335052494,0.8778456413103831,0.8541462874148867,29,202,0,2733.9164279405527,8511,4606,3905,0.0549856380796061,0.1565874730021598,86,628.9164279405528,2105.0,6,9,False,{},{},{},{},0.0,0.0,0.0,0.0,0.0,0.0,0.0,0.0,0.0,0.0,0.0,0.0,0.0,0.0,Leave Event,0.0,"{'node_level': {}, 'link_level': {}, 'path_level': {}}","{'node_level': {}, 'link_level': {}, 'path_level': {}}","{'node_level': {}, 'link_level': {}, 'path_level': {}}",[],-inf,-inf,True,True,False,0,[],0,0.0,,,
112,35,7,3162.0,3602.0,2162494.5449556448,2531761.335052494,0.8778456413103831,0.8541462874148867,29,203,0,2737.2994165546684,8586,4639,3947,0.048215018465326276,0.1475161987041037,95,409.2994165546682,2328.0,3,2,False,{},{},{},{},0.0,0.0,0.0,0.0,0.0,0.0,0.0,0.0,0.0,0.0,0.0,0.0,0.0,0.0,Leave Event,0.0,"{'node_level': {}, 'link_level': {}, 'path_level': {}}","{'node_level': {}, 'link_level': {}, 'path_level': {}}","{'node_level': {}, 'link_level': {}, 'path_level': {}}",[],-inf,-inf,True,True,False,0,[],0,0.0,,,
113,35,7,3162.0,3602.0,2162494.5449556448,2531761.335052494,0.8778456413103831,0.8541462874148867,29,204,1,2743.0,8586,4639,3947,0.048215018465326276,0.1475161987041037,112,217.8698146119972,2743.0,10,16,False,"{8: 13, 1: 6, 7: 27, 0: 28, 9: 2}","{(1, 8): [(6, 13)], (7, 8): [(27, 13)], (0, 8): [(28, 13)], (9, 7): [(2, 6), (6, 13), (13, 27)], (9, 8): [(2, 6), (6, 13)]}","{(8, 13): {'cpu': 10}, (1, 6): {'cpu': 9}, (7, 27): {'cpu': 10}, (0, 28): {'cpu': 12}, (9, 2): {'cpu': 0}}","{((1, 8), (6, 13)): {'bw': 18}, ((7, 8), (27, 13)): {'bw': 46}, ((0, 8), (28, 13)): {'bw': 15}, ((9, 7), (2, 6)): {'bw': 4}, ((9, 7), (6, 13)): {'bw': 4}, ((9, 7), (13, 27)): {'bw': 4}, ((9, 8), (2, 6)): {'bw': 49}, ((9, 8), (6, 13)): {'bw': 49}}",0.0,0.0,164.0,82.0,323.0,0.0,0.0,0.0,0.0,0.0,0.0,0.0,0.0,0.0,Route Failure,2200.0,"{'node_level': {'cpu': -60}, 'link_level': {'bw': 100.0}, 'path_level': {}}","{'node_level': {8: {'cpu': -51}, 1: {'cpu': -51}, 7: {'cpu': -78}, 0: {'cpu': -80}, 9: {'cpu': -84}, 4: {'cpu': -60}}, 'link_level': {(1, 8): {'bw': -69}, (7, 8): {'bw': -24}, (0, 8): {'bw': -61}, (9, 7): {'bw': -20}, (9, 8): {'bw': -16}, (4, 1): {'bw': 100.0}, (4, 9): {'bw': 100.0}}, 'path_level': {(1, 8): {}, (7, 8): {}, (0, 8): {}, (9, 7): {}, (9, 8): {}, (4, 1): {}, (4, 9): {}}}","{'node_level': {8: {'cpu': 0}, 1: {'cpu': 0}, 7: {'cpu': 0}, 0: {'cpu': 0}, 9: {'cpu': 0}, 4: {'cpu': 0}}, 'link_level': {(1, 8): {'bw': 0}, (7, 8): {'bw': 0}, (0, 8): {'bw': 0}, (9, 7): {'bw': 0}, (9, 8): {'bw': 0}, (4, 1): {'bw': 100.0}, (4, 9): {'bw': 100.0}}, 'path_level': {(1, 8): {}, (7, 8): {}, (0, 8): {}, (9, 7): {}, (9, 8): {}, (4, 1): {}, (4, 9): {}}}",[],100.0,100.0,True,False,False,0,[],0,0.0,22.0,5.0,5.0
113,35,7,3162.0,3602.0,2162494.5449556448,2531761.335052494,0.8778456413103831,0.8541462874148867,29,205,0,2750.1871411954344,8586,4639,3947,0.048215018465326276,0.1475161987041037,97,361.1871411954342,2389.0,9,14,False,{},{},{},{},0.0,0.0,0.0,0.0,0.0,0.0,0.0,0.0,0.0,0.0,0.0,0.0,0.0,0.0,Leave Event,0.0,"{'node_level': {}, 'link_level': {}, 'path_level': {}}","{'node_level': {}, 'link_level': {}, 'path_level': {}}","{'node_level': {}, 'link_level': {}, 'path_level': {}}",[],-inf,-inf,True,True,False,0,[],0,0.0,,,
113,35,7,3162.0,3602.0,2162494.5449556448,2531761.335052494,0.8778456413103831,0.8541462874148867,29,206,0,2751.873047099461,8586,4639,3947,0.048215018465326276,0.1475161987041037,75,912.873047099461,1839.0,7,8,False,{},{},{},{},0.0,0.0,0.0,0.0,0.0,0.0,0.0,0.0,0.0,0.0,0.0,0.0,0.0,0.0,Leave Event,0.0,"{'node_level': {}, 'link_level': {}, 'path_level': {}}","{'node_level': {}, 'link_level': {}, 'path_level': {}}","{'node_level': {}, 'link_level': {}, 'path_level': {}}",[],-inf,-inf,True,True,False,0,[],0,0.0,,,
114,36,8,3244.0,3684.0,2169876.9421183397,2539143.732215189,0.8805646036916395,0.8545703477074553,29,207,1,2760.0,8504,4607,3897,0.05478046778826429,0.15831533477321813,113,90.02923369140416,2760.0,3,2,True,"{1: 13, 2: 6, 0: 27}","{(2, 1): [(6, 13)], (0, 1): [(27, 13)]}","{(1, 13): {'cpu': 5}, (2, 6): {'cpu': 17}, (0, 27): {'cpu': 10}}","{((2, 1), (6, 13)): {'bw': 27}, ((0, 1), (27, 13)): {'bw': 23}}",82.0,82.0,64.0,32.0,50.0,32.0,50.0,32.0,50.0,0.0,1.0,7382.397162695141,7382.397162695141,90.02923369140416,Success,0.0,"{'node_level': {'cpu': -78}, 'link_level': {'bw': -47}, 'path_level': {}}","{'node_level': {1: {'cpu': -56}, 2: {'cpu': -43}, 0: {'cpu': -78}}, 'link_level': {(2, 1): {'bw': -60}, (0, 1): {'bw': -47}}, 'path_level': {(2, 1): {}, (0, 1): {}}}","{'node_level': {1: {'cpu': 0}, 2: {'cpu': 0}, 0: {'cpu': 0}}, 'link_level': {(2, 1): {'bw': 0}, (0, 1): {'bw': 0}}, 'path_level': {(2, 1): {}, (0, 1): {}}}",[],-47.0,0.0,True,True,False,0,[],0,0.0,0.0,3.0,2.0
114,36,8,3244.0,3684.0,2169876.9421183397,2539143.732215189,0.8805646036916395,0.8545703477074553,29,208,0,2784.0811906916115,8504,4607,3897,0.05478046778826429,0.15831533477321813,92,529.0811906916113,2255.0,9,14,False,{},{},{},{},0.0,0.0,0.0,0.0,0.0,0.0,0.0,0.0,0.0,0.0,0.0,0.0,0.0,0.0,Leave Event,0.0,"{'node_level': {}, 'link_level': {}, 'path_level': {}}","{'node_level': {}, 'link_level': {}, 'path_level': {}}","{'node_level': {}, 'link_level': {}, 'path_level': {}}",[],-inf,-inf,True,True,False,0,[],0,0.0,,,
115,37,9,3443.0,4004.0,2392406.781458385,2896980.659797171,0.8598901098901099,0.8258276676330613,31,209,1,2789.0,8184,4519,3665,0.0728354534263439,0.20842332613390924,114,1118.2403986936947,2789.0,7,9,True,"{2: 29, 5: 14, 3: 45, 0: 61, 6: 6, 1: 30, 4: 2}","{(5, 2): [(14, 29)], (3, 2): [(45, 29)], (0, 2): [(61, 29)], (6, 2): [(6, 14), (14, 29)], (6, 5): [(6, 14)], (1, 3): [(30, 14), (14, 29), (29, 45)], (1, 5): [(30, 14)], (4, 0): [(2, 6), (6, 14), (14, 29), (29, 61)], (4, 1): [(2, 6), (6, 14), (14, 30)]}","{(2, 29): {'cpu': 9}, (5, 14): {'cpu': 20}, (3, 45): {'cpu': 11}, (0, 61): {'cpu': 17}, (6, 6): {'cpu': 12}, (1, 30): {'cpu': 16}, (4, 2): {'cpu': 3}}","{((5, 2), (14, 29)): {'bw': 12}, ((3, 2), (45, 29)): {'bw': 13}, ((0, 2), (61, 29)): {'bw': 16}, ((6, 2), (6, 14)): {'bw': 19}, ((6, 2), (14, 29)): {'bw': 19}, ((6, 5), (6, 14)): {'bw': 1}, ((1, 3), (30, 14)): {'bw': 16}, ((1, 3), (14, 29)): {'bw': 16}, ((1, 3), (29, 45)): {'bw': 16}, ((1, 5), (30, 14)): {'bw': 3}, ((4, 0), (2, 6)): {'bw': 8}, ((4, 0), (6, 14)): {'bw': 8}, ((4, 0), (14, 29)): {'bw': 8}, ((4, 0), (29, 61)): {'bw': 8}, ((4, 1), (2, 6)): {'bw': 23}, ((4, 1), (6, 14)): {'bw': 23}, ((4, 1), (14, 30)): {'bw': 23}}",320.0,199.0,176.0,88.0,111.0,88.0,111.0,88.0,232.0,121.0,0.621875,357836.92758198234,222529.83934004526,695.4057479376413,Success,0.0,"{'node_level': {'cpu': -81}, 'link_level': {'bw': -5}, 'path_level': {}}","{'node_level': {2: {'cpu': -74}, 5: {'cpu': -51}, 3: {'cpu': -65}, 0: {'cpu': -79}, 6: {'cpu': -31}, 1: {'cpu': -37}, 4: {'cpu': -81}}, 'link_level': {(5, 2): {'bw': -61}, (3, 2): {'bw': -73}, (0, 2): {'bw': -61}, (6, 2): {'bw': -37}, (6, 5): {'bw': -36}, (1, 3): {'bw': -26}, (1, 5): {'bw': -53}, (4, 0): {'bw': -18}, (4, 1): {'bw': -5}}, 'path_level': {(5, 2): {}, (3, 2): {}, (0, 2): {}, (6, 2): {}, (6, 5): {}, (1, 3): {}, (1, 5): {}, (4, 0): {}, (4, 1): {}}}","{'node_level': {2: {'cpu': 0}, 5: {'cpu': 0}, 3: {'cpu': 0}, 0: {'cpu': 0}, 6: {'cpu': 0}, 1: {'cpu': 0}, 4: {'cpu': 0}}, 'link_level': {(5, 2): {'bw': 0}, (3, 2): {'bw': 0}, (0, 2): {'bw': 0}, (6, 2): {'bw': 0}, (6, 5): {'bw': 0}, (1, 3): {'bw': 0}, (1, 5): {'bw': 0}, (4, 0): {'bw': 0}, (4, 1): {'bw': 0}}, 'path_level': {(5, 2): {}, (3, 2): {}, (0, 2): {}, (6, 2): {}, (6, 5): {}, (1, 3): {}, (1, 5): {}, (4, 0): {}, (4, 1): {}}}",[],-5.0,0.0,True,True,False,0,[],0,0.0,0.0,7.0,9.0
115,37,9,3443.0,4004.0,2392406.781458385,2896980.659797171,0.8598901098901099,0.8258276676330613,31,210,0,2803.6970585020667,8184,4519,3665,0.0728354534263439,0.20842332613390924,89,624.6970585020666,2179.0,7,8,False,{},{},{},{},0.0,0.0,0.0,0.0,0.0,0.0,0.0,0.0,0.0,0.0,0.0,0.0,0.0,0.0,Leave Event,0.0,"{'node_level': {}, 'link_level': {}, 'path_level': {}}","{'node_level': {}, 'link_level': {}, 'path_level': {}}","{'node_level': {}, 'link_level': {}, 'path_level': {}}",[],-inf,-inf,True,True,False,0,[],0,0.0,,,
116,37,9,3443.0,4004.0,2392406.781458385,2896980.659797171,0.8598901098901099,0.8258276676330613,31,211,1,2813.0,8184,4519,3665,0.0728354534263439,0.20842332613390924,115,871.1718395636135,2813.0,9,22,False,"{0: 28, 6: 13, 7: 44, 8: 60}","{(6, 0): [(13, 28)], (7, 0): [(44, 28)], (7, 6): [(44, 28), (28, 13)], (8, 0): [(60, 28)]}","{(0, 28): {'cpu': 18}, (6, 13): {'cpu': 16}, (7, 44): {'cpu': 15}, (8, 60): {'cpu': 8}}","{((6, 0), (13, 28)): {'bw': 36}, ((7, 0), (44, 28)): {'bw': 14}, ((7, 6), (44, 28)): {'bw': 26}, ((7, 6), (28, 13)): {'bw': 26}, ((8, 0), (60, 28)): {'bw': 26}}",0.0,0.0,216.0,108.0,516.0,0.0,0.0,0.0,0.0,0.0,0.0,0.0,0.0,0.0,Route Failure,1700.0,"{'node_level': {'cpu': -67}, 'link_level': {'bw': 100.0}, 'path_level': {}}","{'node_level': {0: {'cpu': -74}, 6: {'cpu': -40}, 7: {'cpu': -39}, 8: {'cpu': -83}, 1: {'cpu': -67}}, 'link_level': {(6, 0): {'bw': -40}, (7, 0): {'bw': -58}, (7, 6): {'bw': -14}, (8, 0): {'bw': -73}, (1, 0): {'bw': 100.0}}, 'path_level': {(6, 0): {}, (7, 0): {}, (7, 6): {}, (8, 0): {}, (1, 0): {}}}","{'node_level': {0: {'cpu': 0}, 6: {'cpu': 0}, 7: {'cpu': 0}, 8: {'cpu': 0}, 1: {'cpu': 0}}, 'link_level': {(6, 0): {'bw': 0}, (7, 0): {'bw': 0}, (7, 6): {'bw': 0}, (8, 0): {'bw': 0}, (1, 0): {'bw': 100.0}}, 'path_level': {(6, 0): {}, (7, 0): {}, (7, 6): {}, (8, 0): {}, (1, 0): {}}}",[],100.0,100.0,True,False,False,0,[],0,0.0,17.0,4.0,4.0
117,38,10,3517.0,4078.0,2420078.9242423675,2924652.802581154,0.8624325649828347,0.8274756313318715,32,212,1,2837.0,8110,4490,3620,0.07878539187525646,0.21814254859611226,116,373.9478754592252,2837.0,2,1,True,"{0: 28, 1: 13}","{(1, 0): [(13, 28)]}","{(0, 28): {'cpu': 17}, (1, 13): {'cpu': 12}}","{((1, 0), (13, 28)): {'bw': 45}}",74.0,74.0,58.0,29.0,45.0,29.0,45.0,29.0,45.0,0.0,1.0,27672.142783982665,27672.142783982665,373.9478754592252,Success,0.0,"{'node_level': {'cpu': -44}, 'link_level': {'bw': -31}, 'path_level': {}}","{'node_level': {0: {'cpu': -75}, 1: {'cpu': -44}}, 'link_level': {(1, 0): {'bw': -31}}, 'path_level': {(1, 0): {}}}","{'node_level': {0: {'cpu': 0}, 1: {'cpu': 0}}, 'link_level': {(1, 0): {'bw': 0}}, 'path_level': {(1, 0): {}}}",[],-31.0,0.0,True,True,False,0,[],0,0.0,0.0,2.0,1.0
117,38,10,3517.0,4078.0,2420078.9242423675,2924652.802581154,0.8624325649828347,0.8274756313318715,32,213,0,2847.5757663510403,8110,4490,3620,0.07878539187525646,0.21814254859611226,60,1380.5757663510403,1467.0,8,10,False,{},{},{},{},0.0,0.0,0.0,0.0,0.0,0.0,0.0,0.0,0.0,0.0,0.0,0.0,0.0,0.0,Leave Event,0.0,"{'node_level': {}, 'link_level': {}, 'path_level': {}}","{'node_level': {}, 'link_level': {}, 'path_level': {}}","{'node_level': {}, 'link_level': {}, 'path_level': {}}",[],-inf,-inf,True,True,False,0,[],0,0.0,,,
117,38,9,3517.0,4078.0,2420078.9242423675,2924652.802581154,0.8624325649828347,0.8274756313318715,32,214,0,2850.029233691404,8192,4522,3670,0.07221994255231845,0.20734341252699784,113,90.02923369140416,2760.0,3,2,False,{},{},{},{},0.0,0.0,0.0,0.0,0.0,0.0,0.0,0.0,0.0,0.0,0.0,0.0,0.0,0.0,Leave Event,0.0,"{'node_level': {}, 'link_level': {}, 'path_level': {}}","{'node_level': {}, 'link_level': {}, 'path_level': {}}","{'node_level': {}, 'link_level': {}, 'path_level': {}}",[],-inf,-inf,True,True,False,0,[],0,0.0,,,
118,39,10,3604.0,4165.0,2447161.7692566486,2951735.647595435,0.8653061224489796,0.8290585816010231,33,215,1,2857.0,8105,4476,3629,0.08165777595404189,0.2161987041036717,117,311.2970691296686,2857.0,3,2,True,"{2: 27, 0: 13, 1: 43}","{(0, 2): [(13, 27)], (1, 2): [(43, 27)]}","{(2, 27): {'cpu': 12}, (0, 13): {'cpu': 18}, (1, 43): {'cpu': 16}}","{((0, 2), (13, 27)): {'bw': 33}, ((1, 2), (43, 27)): {'bw': 8}}",87.0,87.0,92.0,46.0,41.0,46.0,41.0,46.0,41.0,0.0,1.0,27082.84501428117,27082.84501428117,311.2970691296686,Success,0.0,"{'node_level': {'cpu': -84}, 'link_level': {'bw': -89}, 'path_level': {}}","{'node_level': {2: {'cpu': -76}, 0: {'cpu': -31}, 1: {'cpu': -84}}, 'link_level': {(0, 2): {'bw': -37}, (1, 2): {'bw': -89}}, 'path_level': {(0, 2): {}, (1, 2): {}}}","{'node_level': {2: {'cpu': 0}, 0: {'cpu': 0}, 1: {'cpu': 0}}, 'link_level': {(0, 2): {'bw': 0}, (1, 2): {'bw': 0}}, 'path_level': {(0, 2): {}, (1, 2): {}}}",[],-84.0,0.0,True,True,False,0,[],0,0.0,0.0,3.0,2.0
119,39,10,3604.0,4165.0,2447161.7692566486,2951735.647595435,0.8653061224489796,0.8290585816010231,33,216,1,2875.0,8105,4476,3629,0.08165777595404189,0.2161987041036717,118,335.9877338046161,2875.0,7,12,False,"{2: 24, 4: 11, 6: 40, 1: 56}","{(4, 2): [(11, 24)], (6, 2): [(40, 24)], (6, 4): [(40, 24), (24, 11)], (1, 2): [(56, 24)], (1, 6): [(56, 24), (24, 40)]}","{(2, 24): {'cpu': 20}, (4, 11): {'cpu': 14}, (6, 40): {'cpu': 14}, (1, 56): {'cpu': 1}}","{((4, 2), (11, 24)): {'bw': 19}, ((6, 2), (40, 24)): {'bw': 29}, ((6, 4), (40, 24)): {'bw': 29}, ((6, 4), (24, 11)): {'bw': 29}, ((1, 2), (56, 24)): {'bw': 22}, ((1, 6), (56, 24)): {'bw': 7}, ((1, 6), (24, 40)): {'bw': 7}}",0.0,0.0,140.0,70.0,332.0,0.0,0.0,0.0,0.0,0.0,0.0,0.0,0.0,0.0,Route Failure,1700.0,"{'node_level': {'cpu': -71}, 'link_level': {'bw': 100.0}, 'path_level': {}}","{'node_level': {2: {'cpu': -72}, 4: {'cpu': -58}, 6: {'cpu': -52}, 1: {'cpu': -57}, 0: {'cpu': -71}}, 'link_level': {(4, 2): {'bw': -68}, (6, 2): {'bw': -36}, (6, 4): {'bw': -7}, (1, 2): {'bw': -58}, (1, 6): {'bw': 0}, (0, 1): {'bw': 100.0}, (0, 2): {'bw': 100.0}}, 'path_level': {(4, 2): {}, (6, 2): {}, (6, 4): {}, (1, 2): {}, (1, 6): {}, (0, 1): {}, (0, 2): {}}}","{'node_level': {2: {'cpu': 0}, 4: {'cpu': 0}, 6: {'cpu': 0}, 1: {'cpu': 0}, 0: {'cpu': 0}}, 'link_level': {(4, 2): {'bw': 0}, (6, 2): {'bw': 0}, (6, 4): {'bw': 0}, (1, 2): {'bw': 0}, (1, 6): {'bw': 0}, (0, 1): {'bw': 100.0}, (0, 2): {'bw': 100.0}}, 'path_level': {(4, 2): {}, (6, 2): {}, (6, 4): {}, (1, 2): {}, (1, 6): {}, (0, 1): {}, (0, 2): {}}}",[],100.0,100.0,True,False,False,0,[],0,0.0,17.0,4.0,5.0
119,39,9,3604.0,4165.0,2447161.7692566486,2951735.647595435,0.8653061224489796,0.8290585816010231,33,217,0,2876.4345438628334,8207,4514,3693,0.07386130488305298,0.2023758099352052,98,469.4345438628334,2407.0,3,2,False,{},{},{},{},0.0,0.0,0.0,0.0,0.0,0.0,0.0,0.0,0.0,0.0,0.0,0.0,0.0,0.0,Leave Event,0.0,"{'node_level': {}, 'link_level': {}, 'path_level': {}}","{'node_level': {}, 'link_level': {}, 'path_level': {}}","{'node_level': {}, 'link_level': {}, 'path_level': {}}",[],-inf,-inf,True,True,False,0,[],0,0.0,,,
120,40,10,3720.0,4293.0,2464682.326089069,2971068.6758243125,0.8665269042627534,0.8295608735483879,33,218,1,2897.0,8079,4459,3620,0.08514567090685266,0.21814254859611226,119,151.03928303810676,2897.0,4,4,True,"{2: 11, 1: 5, 3: 23, 0: 24}","{(1, 2): [(5, 11)], (3, 1): [(23, 11), (11, 5)], (3, 2): [(23, 11)], (0, 2): [(24, 11)]}","{(2, 11): {'cpu': 17}, (1, 5): {'cpu': 11}, (3, 23): {'cpu': 17}, (0, 24): {'cpu': 10}}","{((1, 2), (5, 11)): {'bw': 33}, ((3, 1), (23, 11)): {'bw': 12}, ((3, 1), (11, 5)): {'bw': 12}, ((3, 2), (23, 11)): {'bw': 15}, ((0, 2), (24, 11)): {'bw': 1}}",128.0,116.0,110.0,55.0,61.0,55.0,61.0,55.0,73.0,12.0,0.90625,19333.028228877665,17520.556832420385,136.87935025328426,Success,0.0,"{'node_level': {'cpu': -82}, 'link_level': {'bw': -86}, 'path_level': {}}","{'node_level': {2: {'cpu': -62}, 1: {'cpu': -64}, 3: {'cpu': -34}, 0: {'cpu': -82}}, 'link_level': {(1, 2): {'bw': -44}, (3, 1): {'bw': -32}, (3, 2): {'bw': -28}, (0, 2): {'bw': -86}}, 'path_level': {(1, 2): {}, (3, 1): {}, (3, 2): {}, (0, 2): {}}}","{'node_level': {2: {'cpu': 0}, 1: {'cpu': 0}, 3: {'cpu': 0}, 0: {'cpu': 0}}, 'link_level': {(1, 2): {'bw': 0}, (3, 1): {'bw': 0}, (3, 2): {'bw': 0}, (0, 2): {'bw': 0}}, 'path_level': {(1, 2): {}, (3, 1): {}, (3, 2): {}, (0, 2): {}}}",[],-82.0,0.0,True,True,False,0,[],0,0.0,0.0,4.0,4.0
121,41,11,3792.0,4365.0,2483230.672887728,2989617.022622972,0.8687285223367698,0.8306183213758396,34,219,1,2928.0,8007,4421,3586,0.09294214197784156,0.22548596112311015,120,257.6159277591568,2928.0,2,1,True,"{0: 20, 1: 9}","{(1, 0): [(9, 20)]}","{(0, 20): {'cpu': 19}, (1, 9): {'cpu': 19}}","{((1, 0), (9, 20)): {'bw': 34}}",72.0,72.0,76.0,38.0,34.0,38.0,34.0,38.0,34.0,0.0,1.0,18548.34679865929,18548.34679865929,257.6159277591568,Success,0.0,"{'node_level': {'cpu': -28}, 'link_level': {'bw': -20}, 'path_level': {}}","{'node_level': {0: {'cpu': -70}, 1: {'cpu': -28}}, 'link_level': {(1, 0): {'bw': -20}}, 'path_level': {(1, 0): {}}}","{'node_level': {0: {'cpu': 0}, 1: {'cpu': 0}}, 'link_level': {(1, 0): {'bw': 0}}, 'path_level': {(1, 0): {}}}",[],-20.0,0.0,True,True,False,0,[],0,0.0,0.0,2.0,1.0
122,42,12,3840.0,4413.0,2497004.0200094925,3003390.3697447362,0.8701563562202583,0.8313950944118255,34,220,1,2952.0,7959,4399,3560,0.09745588838736152,0.2311015118790497,121,286.9447317034216,2952.0,2,1,True,"{1: 15, 0: 7}","{(0, 1): [(7, 15)]}","{(1, 15): {'cpu': 18}, (0, 7): {'cpu': 4}}","{((0, 1), (7, 15)): {'bw': 26}}",48.0,48.0,44.0,22.0,26.0,22.0,26.0,22.0,26.0,0.0,1.0,13773.347121764236,13773.347121764236,286.9447317034216,Success,0.0,"{'node_level': {'cpu': -50}, 'link_level': {'bw': -17}, 'path_level': {}}","{'node_level': {1: {'cpu': -66}, 0: {'cpu': -50}}, 'link_level': {(0, 1): {'bw': -17}}, 'path_level': {(0, 1): {}}}","{'node_level': {1: {'cpu': 0}, 0: {'cpu': 0}}, 'link_level': {(0, 1): {'bw': 0}}, 'path_level': {(0, 1): {}}}",[],-17.0,0.0,True,True,False,0,[],0,0.0,0.0,2.0,1.0
122,42,12,3840.0,4413.0,2497004.0200094925,3003390.3697447362,0.8701563562202583,0.8313950944118255,34,221,0,2960.8698146119973,7959,4399,3560,0.09745588838736152,0.2311015118790497,112,217.8698146119972,2743.0,10,16,False,{},{},{},{},0.0,0.0,0.0,0.0,0.0,0.0,0.0,0.0,0.0,0.0,0.0,0.0,0.0,0.0,Leave Event,0.0,"{'node_level': {}, 'link_level': {}, 'path_level': {}}","{'node_level': {}, 'link_level': {}, 'path_level': {}}","{'node_level': {}, 'link_level': {}, 'path_level': {}}",[],-inf,-inf,True,True,False,0,[],0,0.0,,,
123,42,12,3840.0,4413.0,2497004.0200094925,3003390.3697447362,0.8701563562202583,0.8313950944118255,34,222,1,2973.0,7959,4399,3560,0.09745588838736152,0.2311015118790497,122,7.585314259313696,2973.0,6,7,False,"{1: 24, 5: 11, 3: 40, 2: 56, 0: 5}","{(5, 1): [(11, 24)], (3, 1): [(40, 24)], (3, 5): [(40, 24), (24, 11)], (2, 1): [(56, 24)], (0, 2): [(5, 11), (11, 24), (24, 56)]}","{(1, 24): {'cpu': 12}, (5, 11): {'cpu': 9}, (3, 40): {'cpu': 3}, (2, 56): {'cpu': 2}, (0, 5): {'cpu': 13}}","{((5, 1), (11, 24)): {'bw': 3}, ((3, 1), (40, 24)): {'bw': 43}, ((3, 5), (40, 24)): {'bw': 12}, ((3, 5), (24, 11)): {'bw': 12}, ((2, 1), (56, 24)): {'bw': 45}, ((0, 2), (5, 11)): {'bw': 28}, ((0, 2), (11, 24)): {'bw': 28}, ((0, 2), (24, 56)): {'bw': 28}}",0.0,0.0,80.0,40.0,193.0,0.0,0.0,0.0,0.0,0.0,0.0,0.0,0.0,0.0,Route Failure,1600.0,"{'node_level': {'cpu': -71}, 'link_level': {'bw': 100.0}, 'path_level': {}}","{'node_level': {1: {'cpu': -70}, 5: {'cpu': -53}, 3: {'cpu': -63}, 2: {'cpu': -56}, 0: {'cpu': -51}, 4: {'cpu': -71}}, 'link_level': {(5, 1): {'bw': -83}, (3, 1): {'bw': -22}, (3, 5): {'bw': -10}, (2, 1): {'bw': -35}, (0, 2): {'bw': -4}, (4, 3): {'bw': 100.0}}, 'path_level': {(5, 1): {}, (3, 1): {}, (3, 5): {}, (2, 1): {}, (0, 2): {}, (4, 3): {}}}","{'node_level': {1: {'cpu': 0}, 5: {'cpu': 0}, 3: {'cpu': 0}, 2: {'cpu': 0}, 0: {'cpu': 0}, 4: {'cpu': 0}}, 'link_level': {(5, 1): {'bw': 0}, (3, 1): {'bw': 0}, (3, 5): {'bw': 0}, (2, 1): {'bw': 0}, (0, 2): {'bw': 0}, (4, 3): {'bw': 100.0}}, 'path_level': {(5, 1): {}, (3, 1): {}, (3, 5): {}, (2, 1): {}, (0, 2): {}, (4, 3): {}}}",[],100.0,100.0,True,False,False,0,[],0,0.0,16.0,5.0,5.0
123,42,12,3840.0,4413.0,2497004.0200094925,3003390.3697447362,0.8701563562202583,0.8313950944118255,34,223,0,2980.5853142593137,7959,4399,3560,0.09745588838736152,0.2311015118790497,122,7.585314259313696,2973.0,6,7,False,{},{},{},{},0.0,0.0,0.0,0.0,0.0,0.0,0.0,0.0,0.0,0.0,0.0,0.0,0.0,0.0,Leave Event,0.0,"{'node_level': {}, 'link_level': {}, 'path_level': {}}","{'node_level': {}, 'link_level': {}, 'path_level': {}}","{'node_level': {}, 'link_level': {}, 'path_level': {}}",[],-inf,-inf,True,True,False,0,[],0,0.0,,,
124,42,12,3840.0,4413.0,2497004.0200094925,3003390.3697447362,0.8701563562202583,0.8313950944118255,34,224,1,2998.0,7959,4399,3560,0.09745588838736152,0.2311015118790497,123,1117.023616872072,2998.0,8,15,False,"{0: 24, 1: 11, 7: 56}","{(1, 0): [(11, 24)], (7, 0): [(56, 24)], (7, 1): [(56, 24), (24, 11)]}","{(0, 24): {'cpu': 16}, (1, 11): {'cpu': 11}, (7, 56): {'cpu': 7}}","{((1, 0), (11, 24)): {'bw': 36}, ((7, 0), (56, 24)): {'bw': 44}, ((7, 1), (56, 24)): {'bw': 34}, ((7, 1), (24, 11)): {'bw': 34}}",0.0,0.0,186.0,93.0,442.0,0.0,0.0,0.0,0.0,0.0,0.0,0.0,0.0,0.0,Route Failure,1800.0,"{'node_level': {'cpu': -56}, 'link_level': {'bw': 100.0}, 'path_level': {}}","{'node_level': {0: {'cpu': -66}, 1: {'cpu': -51}, 7: {'cpu': -51}, 6: {'cpu': -56}}, 'link_level': {(1, 0): {'bw': -50}, (7, 0): {'bw': -36}, (7, 1): {'bw': -2}, (6, 0): {'bw': 100.0}}, 'path_level': {(1, 0): {}, (7, 0): {}, (7, 1): {}, (6, 0): {}}}","{'node_level': {0: {'cpu': 0}, 1: {'cpu': 0}, 7: {'cpu': 0}, 6: {'cpu': 0}}, 'link_level': {(1, 0): {'bw': 0}, (7, 0): {'bw': 0}, (7, 1): {'bw': 0}, (6, 0): {'bw': 100.0}}, 'path_level': {(1, 0): {}, (7, 0): {}, (7, 1): {}, (6, 0): {}}}",[],100.0,100.0,True,False,False,0,[],0,0.0,18.0,3.0,3.0
125,42,12,3840.0,4413.0,2497004.0200094925,3003390.3697447362,0.8701563562202583,0.8313950944118255,34,225,1,3021.0,7959,4399,3560,0.09745588838736152,0.2311015118790497,124,14.79129995382185,3021.0,5,4,False,"{3: 24, 4: 11, 0: 40, 2: 56}","{(4, 3): [(11, 24)], (0, 3): [(40, 24)], (2, 3): [(56, 24)]}","{(3, 24): {'cpu': 17}, (4, 11): {'cpu': 20}, (0, 40): {'cpu': 13}, (2, 56): {'cpu': 0}}","{((4, 3), (11, 24)): {'bw': 33}, ((0, 3), (40, 24)): {'bw': 13}, ((2, 3), (56, 24)): {'bw': 5}}",0.0,0.0,128.0,64.0,101.0,0.0,0.0,0.0,0.0,0.0,0.0,0.0,0.0,0.0,Route Failure,1700.0,"{'node_level': {'cpu': -58}, 'link_level': {'bw': 100.0}, 'path_level': {}}","{'node_level': {3: {'cpu': -65}, 4: {'cpu': -42}, 0: {'cpu': -53}, 2: {'cpu': -58}, 1: {'cpu': -58}}, 'link_level': {(4, 3): {'bw': -53}, (0, 3): {'bw': -52}, (2, 3): {'bw': -75}, (1, 2): {'bw': 100.0}}, 'path_level': {(4, 3): {}, (0, 3): {}, (2, 3): {}, (1, 2): {}}}","{'node_level': {3: {'cpu': 0}, 4: {'cpu': 0}, 0: {'cpu': 0}, 2: {'cpu': 0}, 1: {'cpu': 0}}, 'link_level': {(4, 3): {'bw': 0}, (0, 3): {'bw': 0}, (2, 3): {'bw': 0}, (1, 2): {'bw': 100.0}}, 'path_level': {(4, 3): {}, (0, 3): {}, (2, 3): {}, (1, 2): {}}}",[],100.0,100.0,True,False,False,0,[],0,0.0,17.0,4.0,3.0
125,42,12,3840.0,4413.0,2497004.0200094925,3003390.3697447362,0.8701563562202583,0.8313950944118255,34,226,0,3035.7912999538216,7959,4399,3560,0.09745588838736152,0.2311015118790497,124,14.79129995382185,3021.0,5,4,False,{},{},{},{},0.0,0.0,0.0,0.0,0.0,0.0,0.0,0.0,0.0,0.0,0.0,0.0,0.0,0.0,Leave Event,0.0,"{'node_level': {}, 'link_level': {}, 'path_level': {}}","{'node_level': {}, 'link_level': {}, 'path_level': {}}","{'node_level': {}, 'link_level': {}, 'path_level': {}}",[],-inf,-inf,True,True,False,0,[],0,0.0,,,
125,42,11,3840.0,4413.0,2497004.0200094925,3003390.3697447362,0.8701563562202583,0.8313950944118255,34,227,0,3048.039283038107,8087,4454,3633,0.08617152236356174,0.21533477321814254,119,151.03928303810676,2897.0,4,4,False,{},{},{},{},0.0,0.0,0.0,0.0,0.0,0.0,0.0,0.0,0.0,0.0,0.0,0.0,0.0,0.0,Leave Event,0.0,"{'node_level': {}, 'link_level': {}, 'path_level': {}}","{'node_level': {}, 'link_level': {}, 'path_level': {}}","{'node_level': {}, 'link_level': {}, 'path_level': {}}",[],-inf,-inf,True,True,False,0,[],0,0.0,,,
126,43,12,3948.0,4521.0,2522202.467367855,3028588.8171030986,0.8732581287325812,0.8327979199832047,34,228,1,3054.0,7979,4442,3537,0.08863356585966353,0.23606911447084233,125,233.31895702187518,3054.0,3,2,True,"{2: 11, 0: 5, 1: 23}","{(0, 2): [(5, 11)], (1, 2): [(23, 11)]}","{(2, 11): {'cpu': 10}, (0, 5): {'cpu': 1}, (1, 23): {'cpu': 1}}","{((0, 2), (5, 11)): {'bw': 50}, ((1, 2), (23, 11)): {'bw': 46}}",108.0,108.0,24.0,12.0,96.0,12.0,96.0,12.0,96.0,0.0,1.0,25198.44735836252,25198.44735836252,233.31895702187518,Success,0.0,"{'node_level': {'cpu': -50}, 'link_level': {'bw': -9}, 'path_level': {}}","{'node_level': {2: {'cpu': -69}, 0: {'cpu': -74}, 1: {'cpu': -50}}, 'link_level': {(0, 2): {'bw': -27}, (1, 2): {'bw': -9}}, 'path_level': {(0, 2): {}, (1, 2): {}}}","{'node_level': {2: {'cpu': 0}, 0: {'cpu': 0}, 1: {'cpu': 0}}, 'link_level': {(0, 2): {'bw': 0}, (1, 2): {'bw': 0}}, 'path_level': {(0, 2): {}, (1, 2): {}}}",[],-9.0,0.0,True,True,False,0,[],0,0.0,0.0,3.0,2.0
127,43,12,3948.0,4521.0,2522202.467367855,3028588.8171030986,0.8732581287325812,0.8327979199832047,34,229,1,3082.0,7979,4442,3537,0.08863356585966353,0.23606911447084233,126,50.39289489713439,3082.0,10,28,False,"{3: 24, 9: 11, 7: 40, 6: 56}","{(9, 3): [(11, 24)], (7, 3): [(40, 24)], (7, 9): [(40, 24), (24, 11)], (6, 3): [(56, 24)]}","{(3, 24): {'cpu': 14}, (9, 11): {'cpu': 13}, (7, 40): {'cpu': 15}, (6, 56): {'cpu': 19}}","{((9, 3), (11, 24)): {'bw': 6}, ((7, 3), (40, 24)): {'bw': 49}, ((7, 9), (40, 24)): {'bw': 8}, ((7, 9), (24, 11)): {'bw': 8}, ((6, 3), (56, 24)): {'bw': 16}}",0.0,0.0,218.0,109.0,636.0,0.0,0.0,0.0,0.0,0.0,0.0,0.0,0.0,0.0,Route Failure,1700.0,"{'node_level': {'cpu': -68}, 'link_level': {'bw': 100.0}, 'path_level': {}}","{'node_level': {3: {'cpu': -78}, 9: {'cpu': -56}, 7: {'cpu': -51}, 6: {'cpu': -39}, 2: {'cpu': -68}}, 'link_level': {(9, 3): {'bw': -81}, (7, 3): {'bw': -16}, (7, 9): {'bw': -8}, (6, 3): {'bw': -64}, (2, 3): {'bw': 100.0}}, 'path_level': {(9, 3): {}, (7, 3): {}, (7, 9): {}, (6, 3): {}, (2, 3): {}}}","{'node_level': {3: {'cpu': 0}, 9: {'cpu': 0}, 7: {'cpu': 0}, 6: {'cpu': 0}, 2: {'cpu': 0}}, 'link_level': {(9, 3): {'bw': 0}, (7, 3): {'bw': 0}, (7, 9): {'bw': 0}, (6, 3): {'bw': 0}, (2, 3): {'bw': 100.0}}, 'path_level': {(9, 3): {}, (7, 3): {}, (7, 9): {}, (6, 3): {}, (2, 3): {}}}",[],100.0,100.0,True,False,False,0,[],0,0.0,17.0,4.0,4.0
128,43,12,3948.0,4521.0,2522202.467367855,3028588.8171030986,0.8732581287325812,0.8327979199832047,34,230,1,3104.0,7979,4442,3537,0.08863356585966353,0.23606911447084233,127,109.67806654177916,3104.0,7,9,False,"{3: 24, 0: 11, 2: 40, 5: 56}","{(0, 3): [(11, 24)], (2, 0): [(40, 24), (24, 11)], (2, 3): [(40, 24)], (5, 2): [(56, 24), (24, 40)], (5, 3): [(56, 24)]}","{(3, 24): {'cpu': 19}, (0, 11): {'cpu': 18}, (2, 40): {'cpu': 16}, (5, 56): {'cpu': 10}}","{((0, 3), (11, 24)): {'bw': 42}, ((2, 0), (40, 24)): {'bw': 5}, ((2, 0), (24, 11)): {'bw': 5}, ((2, 3), (40, 24)): {'bw': 10}, ((5, 2), (56, 24)): {'bw': 5}, ((5, 2), (24, 40)): {'bw': 5}, ((5, 3), (56, 24)): {'bw': 44}}",0.0,0.0,170.0,85.0,238.0,0.0,0.0,0.0,0.0,0.0,0.0,0.0,0.0,0.0,Route Failure,1700.0,"{'node_level': {'cpu': -67}, 'link_level': {'bw': 100.0}, 'path_level': {}}","{'node_level': {3: {'cpu': -73}, 0: {'cpu': -51}, 2: {'cpu': -50}, 5: {'cpu': -48}, 4: {'cpu': -67}}, 'link_level': {(0, 3): {'bw': -45}, (2, 0): {'bw': -40}, (2, 3): {'bw': -50}, (5, 2): {'bw': -45}, (5, 3): {'bw': -31}, (4, 2): {'bw': 100.0}}, 'path_level': {(0, 3): {}, (2, 0): {}, (2, 3): {}, (5, 2): {}, (5, 3): {}, (4, 2): {}}}","{'node_level': {3: {'cpu': 0}, 0: {'cpu': 0}, 2: {'cpu': 0}, 5: {'cpu': 0}, 4: {'cpu': 0}}, 'link_level': {(0, 3): {'bw': 0}, (2, 0): {'bw': 0}, (2, 3): {'bw': 0}, (5, 2): {'bw': 0}, (5, 3): {'bw': 0}, (4, 2): {'bw': 100.0}}, 'path_level': {(0, 3): {}, (2, 0): {}, (2, 3): {}, (5, 2): {}, (5, 3): {}, (4, 2): {}}}",[],100.0,100.0,True,False,False,0,[],0,0.0,17.0,4.0,5.0
128,43,12,3948.0,4521.0,2522202.467367855,3028588.8171030986,0.8732581287325812,0.8327979199832047,34,231,0,3132.3928948971343,7979,4442,3537,0.08863356585966353,0.23606911447084233,126,50.39289489713439,3082.0,10,28,False,{},{},{},{},0.0,0.0,0.0,0.0,0.0,0.0,0.0,0.0,0.0,0.0,0.0,0.0,0.0,0.0,Leave Event,0.0,"{'node_level': {}, 'link_level': {}, 'path_level': {}}","{'node_level': {}, 'link_level': {}, 'path_level': {}}","{'node_level': {}, 'link_level': {}, 'path_level': {}}",[],-inf,-inf,True,True,False,0,[],0,0.0,,,
128,43,12,3948.0,4521.0,2522202.467367855,3028588.8171030986,0.8732581287325812,0.8327979199832047,34,232,0,3138.334407895393,7979,4442,3537,0.08863356585966353,0.23606911447084233,104,592.3344078953928,2546.0,4,4,False,{},{},{},{},0.0,0.0,0.0,0.0,0.0,0.0,0.0,0.0,0.0,0.0,0.0,0.0,0.0,0.0,Leave Event,0.0,"{'node_level': {}, 'link_level': {}, 'path_level': {}}","{'node_level': {}, 'link_level': {}, 'path_level': {}}","{'node_level': {}, 'link_level': {}, 'path_level': {}}",[],-inf,-inf,True,True,False,0,[],0,0.0,,,
129,43,12,3948.0,4521.0,2522202.467367855,3028588.8171030986,0.8732581287325812,0.8327979199832047,34,233,1,3139.0,7979,4442,3537,0.08863356585966353,0.23606911447084233,128,1427.2953147212122,3139.0,7,10,False,"{5: 24, 3: 11, 6: 40, 1: 56}","{(3, 5): [(11, 24)], (6, 3): [(40, 24), (24, 11)], (6, 5): [(40, 24)], (1, 5): [(56, 24)]}","{(5, 24): {'cpu': 8}, (3, 11): {'cpu': 18}, (6, 40): {'cpu': 4}, (1, 56): {'cpu': 5}}","{((3, 5), (11, 24)): {'bw': 28}, ((6, 3), (40, 24)): {'bw': 21}, ((6, 3), (24, 11)): {'bw': 21}, ((6, 5), (40, 24)): {'bw': 30}, ((1, 5), (56, 24)): {'bw': 22}}",0.0,0.0,88.0,44.0,197.0,0.0,0.0,0.0,0.0,0.0,0.0,0.0,0.0,0.0,Route Failure,1700.0,"{'node_level': {'cpu': -71}, 'link_level': {'bw': 100.0}, 'path_level': {}}","{'node_level': {5: {'cpu': -84}, 3: {'cpu': -51}, 6: {'cpu': -62}, 1: {'cpu': -53}, 4: {'cpu': -71}}, 'link_level': {(3, 5): {'bw': -59}, (6, 3): {'bw': -38}, (6, 5): {'bw': -14}, (1, 5): {'bw': -58}, (4, 1): {'bw': 100.0}}, 'path_level': {(3, 5): {}, (6, 3): {}, (6, 5): {}, (1, 5): {}, (4, 1): {}}}","{'node_level': {5: {'cpu': 0}, 3: {'cpu': 0}, 6: {'cpu': 0}, 1: {'cpu': 0}, 4: {'cpu': 0}}, 'link_level': {(3, 5): {'bw': 0}, (6, 3): {'bw': 0}, (6, 5): {'bw': 0}, (1, 5): {'bw': 0}, (4, 1): {'bw': 100.0}}, 'path_level': {(3, 5): {}, (6, 3): {}, (6, 5): {}, (1, 5): {}, (4, 1): {}}}",[],100.0,100.0,True,False,False,0,[],0,0.0,17.0,4.0,4.0
130,43,12,3948.0,4521.0,2522202.467367855,3028588.8171030986,0.8732581287325812,0.8327979199832047,34,234,1,3162.0,7979,4442,3537,0.08863356585966353,0.23606911447084233,129,232.02761538398053,3162.0,6,11,False,"{2: 24, 4: 11, 5: 40, 3: 56}","{(4, 2): [(11, 24)], (5, 2): [(40, 24)], (5, 4): [(40, 24), (24, 11)], (3, 2): [(56, 24)], (3, 4): [(56, 24), (24, 11)]}","{(2, 24): {'cpu': 17}, (4, 11): {'cpu': 16}, (5, 40): {'cpu': 13}, (3, 56): {'cpu': 10}}","{((4, 2), (11, 24)): {'bw': 33}, ((5, 2), (40, 24)): {'bw': 36}, ((5, 4), (40, 24)): {'bw': 25}, ((5, 4), (24, 11)): {'bw': 25}, ((3, 2), (56, 24)): {'bw': 1}, ((3, 4), (56, 24)): {'bw': 29}, ((3, 4), (24, 11)): {'bw': 29}}",0.0,0.0,130.0,65.0,225.0,0.0,0.0,0.0,0.0,0.0,0.0,0.0,0.0,0.0,Route Failure,1700.0,"{'node_level': {'cpu': -66}, 'link_level': {'bw': 100.0}, 'path_level': {}}","{'node_level': {2: {'cpu': -75}, 4: {'cpu': -53}, 5: {'cpu': -53}, 3: {'cpu': -48}, 1: {'cpu': -66}}, 'link_level': {(4, 2): {'bw': -54}, (5, 2): {'bw': -29}, (5, 4): {'bw': -4}, (3, 2): {'bw': -79}, (3, 4): {'bw': 0}, (1, 2): {'bw': 100.0}}, 'path_level': {(4, 2): {}, (5, 2): {}, (5, 4): {}, (3, 2): {}, (3, 4): {}, (1, 2): {}}}","{'node_level': {2: {'cpu': 0}, 4: {'cpu': 0}, 5: {'cpu': 0}, 3: {'cpu': 0}, 1: {'cpu': 0}}, 'link_level': {(4, 2): {'bw': 0}, (5, 2): {'bw': 0}, (5, 4): {'bw': 0}, (3, 2): {'bw': 0}, (3, 4): {'bw': 0}, (1, 2): {'bw': 100.0}}, 'path_level': {(4, 2): {}, (5, 2): {}, (5, 4): {}, (3, 2): {}, (3, 4): {}, (1, 2): {}}}",[],100.0,100.0,True,False,False,0,[],0,0.0,17.0,4.0,5.0
130,43,11,3948.0,4521.0,2522202.467367855,3028588.8171030986,0.8732581287325812,0.8327979199832047,34,235,0,3168.2970691296687,8066,4488,3578,0.0791957324579401,0.22721382289416847,117,311.2970691296686,2857.0,3,2,False,{},{},{},{},0.0,0.0,0.0,0.0,0.0,0.0,0.0,0.0,0.0,0.0,0.0,0.0,0.0,0.0,Leave Event,0.0,"{'node_level': {}, 'link_level': {}, 'path_level': {}}","{'node_level': {}, 'link_level': {}, 'path_level': {}}","{'node_level': {}, 'link_level': {}, 'path_level': {}}",[],-inf,-inf,True,True,False,0,[],0,0.0,,,
130,43,10,3948.0,4521.0,2522202.467367855,3028588.8171030986,0.8732581287325812,0.8327979199832047,34,236,0,3176.130992631478,8106,4520,3586,0.07263028313500208,0.22548596112311015,109,512.1309926314782,2664.0,3,2,False,{},{},{},{},0.0,0.0,0.0,0.0,0.0,0.0,0.0,0.0,0.0,0.0,0.0,0.0,0.0,0.0,Leave Event,0.0,"{'node_level': {}, 'link_level': {}, 'path_level': {}}","{'node_level': {}, 'link_level': {}, 'path_level': {}}","{'node_level': {}, 'link_level': {}, 'path_level': {}}",[],-inf,-inf,True,True,False,0,[],0,0.0,,,
130,43,9,3948.0,4521.0,2522202.467367855,3028588.8171030986,0.8732581287325812,0.8327979199832047,34,237,0,3185.615927759157,8178,4558,3620,0.06483381206401317,0.21814254859611226,120,257.6159277591568,2928.0,2,1,False,{},{},{},{},0.0,0.0,0.0,0.0,0.0,0.0,0.0,0.0,0.0,0.0,0.0,0.0,0.0,0.0,Leave Event,0.0,"{'node_level': {}, 'link_level': {}, 'path_level': {}}","{'node_level': {}, 'link_level': {}, 'path_level': {}}","{'node_level': {}, 'link_level': {}, 'path_level': {}}",[],-inf,-inf,True,True,False,0,[],0,0.0,,,
131,44,10,4102.0,4708.0,2622736.702465894,3150666.102579289,0.8712829226847918,0.8324387977255965,35,238,1,3190.0,7991,4505,3486,0.07570783750512922,0.2470842332613391,130,652.8197084288254,3190.0,4,4,True,"{0: 27, 3: 13, 2: 43, 1: 59}","{(3, 0): [(13, 27)], (2, 0): [(43, 27)], (2, 3): [(43, 27), (27, 13)], (1, 0): [(59, 27)]}","{(0, 27): {'cpu': 14}, (3, 13): {'cpu': 12}, (2, 43): {'cpu': 10}, (1, 59): {'cpu': 17}}","{((3, 0), (13, 27)): {'bw': 21}, ((2, 0), (43, 27)): {'bw': 9}, ((2, 3), (43, 27)): {'bw': 33}, ((2, 3), (27, 13)): {'bw': 33}, ((1, 0), (59, 27)): {'bw': 38}}",187.0,154.0,106.0,53.0,101.0,53.0,101.0,53.0,134.0,33.0,0.8235294117647058,122077.28547619034,100534.2350980391,537.6162304707973,Success,0.0,"{'node_level': {'cpu': -42}, 'link_level': {'bw': -32}, 'path_level': {}}","{'node_level': {0: {'cpu': -74}, 3: {'cpu': -37}, 2: {'cpu': -90}, 1: {'cpu': -42}}, 'link_level': {(3, 0): {'bw': -49}, (2, 0): {'bw': -88}, (2, 3): {'bw': -16}, (1, 0): {'bw': -32}}, 'path_level': {(3, 0): {}, (2, 0): {}, (2, 3): {}, (1, 0): {}}}","{'node_level': {0: {'cpu': 0}, 3: {'cpu': 0}, 2: {'cpu': 0}, 1: {'cpu': 0}}, 'link_level': {(3, 0): {'bw': 0}, (2, 0): {'bw': 0}, (2, 3): {'bw': 0}, (1, 0): {'bw': 0}}, 'path_level': {(3, 0): {}, (2, 0): {}, (2, 3): {}, (1, 0): {}}}",[],-32.0,0.0,True,True,False,0,[],0,0.0,0.0,4.0,4.0
131,44,10,4102.0,4708.0,2622736.702465894,3150666.102579289,0.8712829226847918,0.8324387977255965,35,239,0,3208.2655374417354,7991,4505,3486,0.07570783750512922,0.2470842332613391,111,488.2655374417354,2720.0,8,13,False,{},{},{},{},0.0,0.0,0.0,0.0,0.0,0.0,0.0,0.0,0.0,0.0,0.0,0.0,0.0,0.0,Leave Event,0.0,"{'node_level': {}, 'link_level': {}, 'path_level': {}}","{'node_level': {}, 'link_level': {}, 'path_level': {}}","{'node_level': {}, 'link_level': {}, 'path_level': {}}",[],-inf,-inf,True,True,False,0,[],0,0.0,,,
131,44,9,4102.0,4708.0,2622736.702465894,3150666.102579289,0.8712829226847918,0.8324387977255965,35,240,0,3210.947875459225,8065,4534,3531,0.06975789905621665,0.23736501079913608,116,373.9478754592252,2837.0,2,1,False,{},{},{},{},0.0,0.0,0.0,0.0,0.0,0.0,0.0,0.0,0.0,0.0,0.0,0.0,0.0,0.0,Leave Event,0.0,"{'node_level': {}, 'link_level': {}, 'path_level': {}}","{'node_level': {}, 'link_level': {}, 'path_level': {}}","{'node_level': {}, 'link_level': {}, 'path_level': {}}",[],-inf,-inf,True,True,False,0,[],0,0.0,,,
131,44,9,4102.0,4708.0,2622736.702465894,3150666.102579289,0.8712829226847918,0.8324387977255965,35,241,0,3210.9877338046163,8065,4534,3531,0.06975789905621665,0.23736501079913608,118,335.9877338046161,2875.0,7,12,False,{},{},{},{},0.0,0.0,0.0,0.0,0.0,0.0,0.0,0.0,0.0,0.0,0.0,0.0,0.0,0.0,Leave Event,0.0,"{'node_level': {}, 'link_level': {}, 'path_level': {}}","{'node_level': {}, 'link_level': {}, 'path_level': {}}","{'node_level': {}, 'link_level': {}, 'path_level': {}}",[],-inf,-inf,True,True,False,0,[],0,0.0,,,
132,44,9,4102.0,4708.0,2622736.702465894,3150666.102579289,0.8712829226847918,0.8324387977255965,35,242,1,3211.0,8065,4534,3531,0.06975789905621665,0.23736501079913608,131,67.42905537955637,3211.0,9,17,False,"{7: 28, 4: 13, 6: 44, 8: 60}","{(4, 7): [(13, 28)], (6, 7): [(44, 28)], (8, 7): [(60, 28)]}","{(7, 28): {'cpu': 20}, (4, 13): {'cpu': 18}, (6, 44): {'cpu': 11}, (8, 60): {'cpu': 7}}","{((4, 7), (13, 28)): {'bw': 25}, ((6, 7), (44, 28)): {'bw': 7}, ((8, 7), (60, 28)): {'bw': 36}}",0.0,0.0,200.0,100.0,432.0,0.0,0.0,0.0,0.0,0.0,0.0,0.0,0.0,0.0,Route Failure,1700.0,"{'node_level': {'cpu': -74}, 'link_level': {'bw': 100.0}, 'path_level': {}}","{'node_level': {7: {'cpu': -72}, 4: {'cpu': -31}, 6: {'cpu': -43}, 8: {'cpu': -84}, 1: {'cpu': -74}}, 'link_level': {(4, 7): {'bw': -51}, (6, 7): {'bw': -65}, (8, 7): {'bw': -63}, (1, 4): {'bw': 100.0}, (1, 6): {'bw': 100.0}, (1, 7): {'bw': 100.0}}, 'path_level': {(4, 7): {}, (6, 7): {}, (8, 7): {}, (1, 4): {}, (1, 6): {}, (1, 7): {}}}","{'node_level': {7: {'cpu': 0}, 4: {'cpu': 0}, 6: {'cpu': 0}, 8: {'cpu': 0}, 1: {'cpu': 0}}, 'link_level': {(4, 7): {'bw': 0}, (6, 7): {'bw': 0}, (8, 7): {'bw': 0}, (1, 4): {'bw': 100.0}, (1, 6): {'bw': 100.0}, (1, 7): {'bw': 100.0}}, 'path_level': {(4, 7): {}, (6, 7): {}, (8, 7): {}, (1, 4): {}, (1, 6): {}, (1, 7): {}}}",[],100.0,100.0,True,False,False,0,[],0,0.0,17.0,4.0,3.0
132,44,9,4102.0,4708.0,2622736.702465894,3150666.102579289,0.8712829226847918,0.8324387977255965,35,243,0,3213.678066541779,8065,4534,3531,0.06975789905621665,0.23736501079913608,127,109.67806654177916,3104.0,7,9,False,{},{},{},{},0.0,0.0,0.0,0.0,0.0,0.0,0.0,0.0,0.0,0.0,0.0,0.0,0.0,0.0,Leave Event,0.0,"{'node_level': {}, 'link_level': {}, 'path_level': {}}","{'node_level': {}, 'link_level': {}, 'path_level': {}}","{'node_level': {}, 'link_level': {}, 'path_level': {}}",[],-inf,-inf,True,True,False,0,[],0,0.0,,,
133,44,9,4102.0,4708.0,2622736.702465894,3150666.102579289,0.8712829226847918,0.8324387977255965,35,244,1,3233.0,8065,4534,3531,0.06975789905621665,0.23736501079913608,132,144.6970497051178,3233.0,10,20,False,"{3: 28, 2: 13, 0: 44}","{(2, 3): [(13, 28)], (0, 2): [(44, 28), (28, 13)], (0, 3): [(44, 28)]}","{(3, 28): {'cpu': 13}, (2, 13): {'cpu': 16}, (0, 44): {'cpu': 17}}","{((2, 3), (13, 28)): {'bw': 26}, ((0, 2), (44, 28)): {'bw': 23}, ((0, 2), (28, 13)): {'bw': 23}, ((0, 3), (44, 28)): {'bw': 46}}",0.0,0.0,216.0,108.0,510.0,0.0,0.0,0.0,0.0,0.0,0.0,0.0,0.0,0.0,Route Failure,1800.0,"{'node_level': {'cpu': -61}, 'link_level': {'bw': 100.0}, 'path_level': {}}","{'node_level': {3: {'cpu': -79}, 2: {'cpu': -33}, 0: {'cpu': -37}, 5: {'cpu': -61}}, 'link_level': {(2, 3): {'bw': -50}, (0, 2): {'bw': -27}, (0, 3): {'bw': -3}, (5, 0): {'bw': 100.0}}, 'path_level': {(2, 3): {}, (0, 2): {}, (0, 3): {}, (5, 0): {}}}","{'node_level': {3: {'cpu': 0}, 2: {'cpu': 0}, 0: {'cpu': 0}, 5: {'cpu': 0}}, 'link_level': {(2, 3): {'bw': 0}, (0, 2): {'bw': 0}, (0, 3): {'bw': 0}, (5, 0): {'bw': 100.0}}, 'path_level': {(2, 3): {}, (0, 2): {}, (0, 3): {}, (5, 0): {}}}",[],100.0,100.0,True,False,False,0,[],0,0.0,18.0,3.0,3.0
133,44,9,4102.0,4708.0,2622736.702465894,3150666.102579289,0.8712829226847918,0.8324387977255965,35,245,0,3236.5091897568527,8065,4534,3531,0.06975789905621665,0.23736501079913608,105,661.509189756853,2575.0,7,8,False,{},{},{},{},0.0,0.0,0.0,0.0,0.0,0.0,0.0,0.0,0.0,0.0,0.0,0.0,0.0,0.0,Leave Event,0.0,"{'node_level': {}, 'link_level': {}, 'path_level': {}}","{'node_level': {}, 'link_level': {}, 'path_level': {}}","{'node_level': {}, 'link_level': {}, 'path_level': {}}",[],-inf,-inf,True,True,False,0,[],0,0.0,,,
133,44,8,4102.0,4708.0,2622736.702465894,3150666.102579289,0.8712829226847918,0.8324387977255965,35,246,0,3238.9447317034214,8113,4556,3557,0.0652441526466968,0.23174946004319652,121,286.9447317034216,2952.0,2,1,False,{},{},{},{},0.0,0.0,0.0,0.0,0.0,0.0,0.0,0.0,0.0,0.0,0.0,0.0,0.0,0.0,Leave Event,0.0,"{'node_level': {}, 'link_level': {}, 'path_level': {}}","{'node_level': {}, 'link_level': {}, 'path_level': {}}","{'node_level': {}, 'link_level': {}, 'path_level': {}}",[],-inf,-inf,True,True,False,0,[],0,0.0,,,
134,44,8,4102.0,4708.0,2622736.702465894,3150666.102579289,0.8712829226847918,0.8324387977255965,35,247,1,3255.0,8113,4556,3557,0.0652441526466968,0.23174946004319652,133,1065.3055150078635,3255.0,9,28,False,"{8: 28, 2: 13, 5: 60}","{(2, 8): [(13, 28)], (5, 2): [(60, 28), (28, 13)], (5, 8): [(60, 28)]}","{(8, 28): {'cpu': 20}, (2, 13): {'cpu': 14}, (5, 60): {'cpu': 11}}","{((2, 8), (13, 28)): {'bw': 32}, ((5, 2), (60, 28)): {'bw': 41}, ((5, 2), (28, 13)): {'bw': 41}, ((5, 8), (60, 28)): {'bw': 47}}",0.0,0.0,204.0,102.0,762.0,0.0,0.0,0.0,0.0,0.0,0.0,0.0,0.0,0.0,Route Failure,1800.0,"{'node_level': {'cpu': -58}, 'link_level': {'bw': 100.0}, 'path_level': {}}","{'node_level': {8: {'cpu': -72}, 2: {'cpu': -35}, 5: {'cpu': -80}, 4: {'cpu': -58}}, 'link_level': {(2, 8): {'bw': -44}, (5, 2): {'bw': -3}, (5, 8): {'bw': -11}, (4, 2): {'bw': 100.0}, (4, 8): {'bw': 100.0}}, 'path_level': {(2, 8): {}, (5, 2): {}, (5, 8): {}, (4, 2): {}, (4, 8): {}}}","{'node_level': {8: {'cpu': 0}, 2: {'cpu': 0}, 5: {'cpu': 0}, 4: {'cpu': 0}}, 'link_level': {(2, 8): {'bw': 0}, (5, 2): {'bw': 0}, (5, 8): {'bw': 0}, (4, 2): {'bw': 100.0}, (4, 8): {'bw': 100.0}}, 'path_level': {(2, 8): {}, (5, 2): {}, (5, 8): {}, (4, 2): {}, (4, 8): {}}}",[],100.0,100.0,True,False,False,0,[],0,0.0,18.0,3.0,3.0
134,44,8,4102.0,4708.0,2622736.702465894,3150666.102579289,0.8712829226847918,0.8324387977255965,35,248,0,3278.4290553795563,8113,4556,3557,0.0652441526466968,0.23174946004319652,131,67.42905537955637,3211.0,9,17,False,{},{},{},{},0.0,0.0,0.0,0.0,0.0,0.0,0.0,0.0,0.0,0.0,0.0,0.0,0.0,0.0,Leave Event,0.0,"{'node_level': {}, 'link_level': {}, 'path_level': {}}","{'node_level': {}, 'link_level': {}, 'path_level': {}}","{'node_level': {}, 'link_level': {}, 'path_level': {}}",[],-inf,-inf,True,True,False,0,[],0,0.0,,,
135,44,8,4102.0,4708.0,2622736.702465894,3150666.102579289,0.8712829226847918,0.8324387977255965,35,249,1,3283.0,8113,4556,3557,0.0652441526466968,0.23174946004319652,134,1168.051034257492,3283.0,5,6,False,"{1: 28, 2: 13, 0: 44, 4: 6, 3: 27}","{(2, 1): [(13, 28)], (0, 1): [(44, 28)], (0, 2): [(44, 28), (28, 13)], (4, 1): [(6, 13), (13, 28)], (4, 2): [(6, 13)], (3, 1): [(27, 13), (13, 28)]}","{(1, 28): {'cpu': 17}, (2, 13): {'cpu': 8}, (0, 44): {'cpu': 13}, (4, 6): {'cpu': 7}, (3, 27): {'cpu': 12}}","{((2, 1), (13, 28)): {'bw': 29}, ((0, 1), (44, 28)): {'bw': 19}, ((0, 2), (44, 28)): {'bw': 22}, ((0, 2), (28, 13)): {'bw': 22}, ((4, 1), (6, 13)): {'bw': 19}, ((4, 1), (13, 28)): {'bw': 19}, ((4, 2), (6, 13)): {'bw': 43}, ((3, 1), (27, 13)): {'bw': 0}, ((3, 1), (13, 28)): {'bw': 0}}",0.0,0.0,114.0,57.0,132.0,0.0,0.0,0.0,0.0,0.0,0.0,0.0,0.0,0.0,Route Failure,100.0,"{'node_level': {'cpu': -62}, 'link_level': {'bw': -6}, 'path_level': {}}","{'node_level': {1: {'cpu': -75}, 2: {'cpu': -41}, 0: {'cpu': -41}, 4: {'cpu': -41}, 3: {'cpu': -62}}, 'link_level': {(2, 1): {'bw': -47}, (0, 1): {'bw': -53}, (0, 2): {'bw': -25}, (4, 1): {'bw': -6}, (4, 2): {'bw': -25}, (3, 1): {'bw': -6}}, 'path_level': {(2, 1): {}, (0, 1): {}, (0, 2): {}, (4, 1): {}, (4, 2): {}, (3, 1): {}}}","{'node_level': {1: {'cpu': 0}, 2: {'cpu': 0}, 0: {'cpu': 0}, 4: {'cpu': 0}, 3: {'cpu': 0}}, 'link_level': {(2, 1): {'bw': 0}, (0, 1): {'bw': 0}, (0, 2): {'bw': 0}, (4, 1): {'bw': 0}, (4, 2): {'bw': 0}, (3, 1): {'bw': 0}}, 'path_level': {(2, 1): {}, (0, 1): {}, (0, 2): {}, (4, 1): {}, (4, 2): {}, (3, 1): {}}}",[],-6.0,100.0,True,False,False,0,[],0,0.0,1.0,5.0,6.0
135,44,7,4102.0,4708.0,2622736.702465894,3150666.102579289,0.8712829226847918,0.8324387977255965,35,250,0,3283.5593020591855,8366,4609,3757,0.054370127205580654,0.18855291576673872,90,1082.5593020591855,2201.0,6,7,False,{},{},{},{},0.0,0.0,0.0,0.0,0.0,0.0,0.0,0.0,0.0,0.0,0.0,0.0,0.0,0.0,Leave Event,0.0,"{'node_level': {}, 'link_level': {}, 'path_level': {}}","{'node_level': {}, 'link_level': {}, 'path_level': {}}","{'node_level': {}, 'link_level': {}, 'path_level': {}}",[],-inf,-inf,True,True,False,0,[],0,0.0,,,
135,44,6,4102.0,4708.0,2622736.702465894,3150666.102579289,0.8712829226847918,0.8324387977255965,35,251,0,3287.318957021875,8474,4621,3853,0.05190808370947886,0.16781857451403892,125,233.31895702187518,3054.0,3,2,False,{},{},{},{},0.0,0.0,0.0,0.0,0.0,0.0,0.0,0.0,0.0,0.0,0.0,0.0,0.0,0.0,Leave Event,0.0,"{'node_level': {}, 'link_level': {}, 'path_level': {}}","{'node_level': {}, 'link_level': {}, 'path_level': {}}","{'node_level': {}, 'link_level': {}, 'path_level': {}}",[],-inf,-inf,True,True,False,0,[],0,0.0,,,
136,44,6,4102.0,4708.0,2622736.702465894,3150666.102579289,0.8712829226847918,0.8324387977255965,35,252,1,3303.0,8474,4621,3853,0.05190808370947886,0.16781857451403892,135,169.5826104764788,3303.0,6,11,False,"{2: 11, 4: 5, 0: 24}","{(4, 2): [(5, 11)], (0, 2): [(24, 11)], (0, 4): [(24, 11), (11, 5)]}","{(2, 11): {'cpu': 12}, (4, 5): {'cpu': 5}, (0, 24): {'cpu': 2}}","{((4, 2), (5, 11)): {'bw': 20}, ((0, 2), (24, 11)): {'bw': 17}, ((0, 4), (24, 11)): {'bw': 40}, ((0, 4), (11, 5)): {'bw': 40}}",0.0,0.0,64.0,32.0,229.0,0.0,0.0,0.0,0.0,0.0,0.0,0.0,0.0,0.0,Route Failure,2400.0,"{'node_level': {'cpu': -36}, 'link_level': {'bw': 100.0}, 'path_level': {}}","{'node_level': {2: {'cpu': -87}, 4: {'cpu': -79}, 0: {'cpu': -90}, 3: {'cpu': -36}}, 'link_level': {(4, 2): {'bw': -64}, (0, 2): {'bw': -70}, (0, 4): {'bw': -24}, (3, 0): {'bw': 100.0}, (3, 2): {'bw': -30}, (3, 4): {'bw': 100.0}}, 'path_level': {(4, 2): {}, (0, 2): {}, (0, 4): {}, (3, 0): {}, (3, 2): {}, (3, 4): {}}}","{'node_level': {2: {'cpu': 0}, 4: {'cpu': 0}, 0: {'cpu': 0}, 3: {'cpu': 0}}, 'link_level': {(4, 2): {'bw': 0}, (0, 2): {'bw': 0}, (0, 4): {'bw': 0}, (3, 0): {'bw': 100.0}, (3, 2): {'bw': 0}, (3, 4): {'bw': 100.0}}, 'path_level': {(4, 2): {}, (0, 2): {}, (0, 4): {}, (3, 0): {}, (3, 2): {}, (3, 4): {}}}",[],100.0,100.0,True,False,False,0,[],0,0.0,24.0,3.0,3.0
137,44,6,4102.0,4708.0,2622736.702465894,3150666.102579289,0.8712829226847918,0.8324387977255965,35,253,1,3321.0,8474,4621,3853,0.05190808370947886,0.16781857451403892,136,1707.3409174991905,3321.0,10,20,False,"{1: 11, 7: 5, 5: 23, 2: 24, 6: 40, 4: 56}","{(7, 1): [(5, 11)], (5, 1): [(23, 11)], (2, 1): [(24, 11)], (2, 5): [(24, 11), (11, 23)], (6, 1): [(40, 24), (24, 11)], (6, 2): [(40, 24)], (6, 7): [(40, 24), (24, 11), (11, 5)], (4, 1): [(56, 24), (24, 11)], (4, 2): [(56, 24)], (4, 5): [(56, 24), (24, 11), (11, 23)]}","{(1, 11): {'cpu': 19}, (7, 5): {'cpu': 20}, (5, 23): {'cpu': 13}, (2, 24): {'cpu': 6}, (6, 40): {'cpu': 6}, (4, 56): {'cpu': 12}}","{((7, 1), (5, 11)): {'bw': 19}, ((5, 1), (23, 11)): {'bw': 28}, ((2, 1), (24, 11)): {'bw': 20}, ((2, 5), (24, 11)): {'bw': 13}, ((2, 5), (11, 23)): {'bw': 13}, ((6, 1), (40, 24)): {'bw': 11}, ((6, 1), (24, 11)): {'bw': 11}, ((6, 2), (40, 24)): {'bw': 32}, ((6, 7), (40, 24)): {'bw': 14}, ((6, 7), (24, 11)): {'bw': 14}, ((6, 7), (11, 5)): {'bw': 14}, ((4, 1), (56, 24)): {'bw': 7}, ((4, 1), (24, 11)): {'bw': 7}, ((4, 2), (56, 24)): {'bw': 28}, ((4, 5), (56, 24)): {'bw': 4}, ((4, 5), (24, 11)): {'bw': 4}, ((4, 5), (11, 23)): {'bw': 4}}",0.0,0.0,216.0,108.0,325.0,0.0,0.0,0.0,0.0,0.0,0.0,0.0,0.0,0.0,Route Failure,2100.0,"{'node_level': {'cpu': -37}, 'link_level': {'bw': 100.0}, 'path_level': {}}","{'node_level': {1: {'cpu': -80}, 7: {'cpu': -64}, 5: {'cpu': -41}, 2: {'cpu': -86}, 6: {'cpu': -60}, 4: {'cpu': -46}, 8: {'cpu': -37}}, 'link_level': {(7, 1): {'bw': -65}, (5, 1): {'bw': -28}, (2, 1): {'bw': -67}, (2, 5): {'bw': -15}, (6, 1): {'bw': -43}, (6, 2): {'bw': -22}, (6, 7): {'bw': -8}, (4, 1): {'bw': -22}, (4, 2): {'bw': -45}, (4, 5): {'bw': -11}, (8, 1): {'bw': 100.0}, (8, 5): {'bw': 100.0}}, 'path_level': {(7, 1): {}, (5, 1): {}, (2, 1): {}, (2, 5): {}, (6, 1): {}, (6, 2): {}, (6, 7): {}, (4, 1): {}, (4, 2): {}, (4, 5): {}, (8, 1): {}, (8, 5): {}}}","{'node_level': {1: {'cpu': 0}, 7: {'cpu': 0}, 5: {'cpu': 0}, 2: {'cpu': 0}, 6: {'cpu': 0}, 4: {'cpu': 0}, 8: {'cpu': 0}}, 'link_level': {(7, 1): {'bw': 0}, (5, 1): {'bw': 0}, (2, 1): {'bw': 0}, (2, 5): {'bw': 0}, (6, 1): {'bw': 0}, (6, 2): {'bw': 0}, (6, 7): {'bw': 0}, (4, 1): {'bw': 0}, (4, 2): {'bw': 0}, (4, 5): {'bw': 0}, (8, 1): {'bw': 100.0}, (8, 5): {'bw': 100.0}}, 'path_level': {(7, 1): {}, (5, 1): {}, (2, 1): {}, (2, 5): {}, (6, 1): {}, (6, 2): {}, (6, 7): {}, (4, 1): {}, (4, 2): {}, (4, 5): {}, (8, 1): {}, (8, 5): {}}}",[],100.0,100.0,True,False,False,0,[],0,0.0,21.0,6.0,10.0
137,44,6,4102.0,4708.0,2622736.702465894,3150666.102579289,0.8712829226847918,0.8324387977255965,35,254,0,3331.5173363460804,8474,4621,3853,0.05190808370947886,0.16781857451403892,99,895.5173363460804,2436.0,10,21,False,{},{},{},{},0.0,0.0,0.0,0.0,0.0,0.0,0.0,0.0,0.0,0.0,0.0,0.0,0.0,0.0,Leave Event,0.0,"{'node_level': {}, 'link_level': {}, 'path_level': {}}","{'node_level': {}, 'link_level': {}, 'path_level': {}}","{'node_level': {}, 'link_level': {}, 'path_level': {}}",[],-inf,-inf,True,True,False,0,[],0,0.0,,,
138,44,6,4102.0,4708.0,2622736.702465894,3150666.102579289,0.8712829226847918,0.8324387977255965,35,255,1,3346.0,8474,4621,3853,0.05190808370947886,0.16781857451403892,137,551.4597792631687,3346.0,8,15,False,"{2: 11, 6: 5, 5: 23, 4: 24, 7: 40}","{(6, 2): [(5, 11)], (5, 2): [(23, 11)], (4, 2): [(24, 11)], (4, 5): [(24, 11), (11, 23)], (7, 2): [(40, 24), (24, 11)], (7, 6): [(40, 24), (24, 11), (11, 5)]}","{(2, 11): {'cpu': 19}, (6, 5): {'cpu': 15}, (5, 23): {'cpu': 17}, (4, 24): {'cpu': 18}, (7, 40): {'cpu': 5}}","{((6, 2), (5, 11)): {'bw': 2}, ((5, 2), (23, 11)): {'bw': 46}, ((4, 2), (24, 11)): {'bw': 42}, ((4, 5), (24, 11)): {'bw': 5}, ((4, 5), (11, 23)): {'bw': 5}, ((7, 2), (40, 24)): {'bw': 15}, ((7, 2), (24, 11)): {'bw': 15}, ((7, 6), (40, 24)): {'bw': 23}, ((7, 6), (24, 11)): {'bw': 23}, ((7, 6), (11, 5)): {'bw': 23}}",0.0,0.0,184.0,92.0,445.0,0.0,0.0,0.0,0.0,0.0,0.0,0.0,0.0,0.0,Route Failure,2200.0,"{'node_level': {'cpu': -36}, 'link_level': {'bw': 100.0}, 'path_level': {}}","{'node_level': {2: {'cpu': -80}, 6: {'cpu': -69}, 5: {'cpu': -37}, 4: {'cpu': -74}, 7: {'cpu': -61}, 3: {'cpu': -36}}, 'link_level': {(6, 2): {'bw': -82}, (5, 2): {'bw': -10}, (4, 2): {'bw': -45}, (4, 5): {'bw': -5}, (7, 2): {'bw': -25}, (7, 6): {'bw': -2}, (3, 2): {'bw': 100.0}}, 'path_level': {(6, 2): {}, (5, 2): {}, (4, 2): {}, (4, 5): {}, (7, 2): {}, (7, 6): {}, (3, 2): {}}}","{'node_level': {2: {'cpu': 0}, 6: {'cpu': 0}, 5: {'cpu': 0}, 4: {'cpu': 0}, 7: {'cpu': 0}, 3: {'cpu': 0}}, 'link_level': {(6, 2): {'bw': 0}, (5, 2): {'bw': 0}, (4, 2): {'bw': 0}, (4, 5): {'bw': 0}, (7, 2): {'bw': 0}, (7, 6): {'bw': 0}, (3, 2): {'bw': 100.0}}, 'path_level': {(6, 2): {}, (5, 2): {}, (4, 2): {}, (4, 5): {}, (7, 2): {}, (7, 6): {}, (3, 2): {}}}",[],100.0,100.0,True,False,False,0,[],0,0.0,22.0,5.0,6.0
139,44,6,4102.0,4708.0,2622736.702465894,3150666.102579289,0.8712829226847918,0.8324387977255965,35,256,1,3362.0,8474,4621,3853,0.05190808370947886,0.16781857451403892,138,349.5894409100426,3362.0,5,7,False,"{1: 11, 3: 5, 4: 23, 2: 24, 0: 39}","{(3, 1): [(5, 11)], (4, 1): [(23, 11)], (2, 1): [(24, 11)], (2, 3): [(24, 11), (11, 5)], (0, 1): [(39, 23), (23, 11)], (0, 2): [(39, 23), (23, 11), (11, 24)], (0, 4): [(39, 23)]}","{(1, 11): {'cpu': 16}, (3, 5): {'cpu': 16}, (4, 23): {'cpu': 20}, (2, 24): {'cpu': 5}, (0, 39): {'cpu': 1}}","{((3, 1), (5, 11)): {'bw': 32}, ((4, 1), (23, 11)): {'bw': 5}, ((2, 1), (24, 11)): {'bw': 35}, ((2, 3), (24, 11)): {'bw': 13}, ((2, 3), (11, 5)): {'bw': 13}, ((0, 1), (39, 23)): {'bw': 1}, ((0, 1), (23, 11)): {'bw': 1}, ((0, 2), (39, 23)): {'bw': 34}, ((0, 2), (23, 11)): {'bw': 34}, ((0, 2), (11, 24)): {'bw': 34}, ((0, 4), (39, 23)): {'bw': 32}}",0.0,0.0,116.0,58.0,152.0,0.0,0.0,0.0,0.0,0.0,0.0,0.0,0.0,0.0,Route Failure,200.0,"{'node_level': {'cpu': -51}, 'link_level': {'bw': -5}, 'path_level': {}}","{'node_level': {1: {'cpu': -83}, 3: {'cpu': -68}, 4: {'cpu': -34}, 2: {'cpu': -87}, 0: {'cpu': -51}}, 'link_level': {(3, 1): {'bw': -52}, (4, 1): {'bw': -51}, (2, 1): {'bw': -52}, (2, 3): {'bw': -39}, (0, 1): {'bw': -50}, (0, 2): {'bw': -5}, (0, 4): {'bw': -20}}, 'path_level': {(3, 1): {}, (4, 1): {}, (2, 1): {}, (2, 3): {}, (0, 1): {}, (0, 2): {}, (0, 4): {}}}","{'node_level': {1: {'cpu': 0}, 3: {'cpu': 0}, 4: {'cpu': 0}, 2: {'cpu': 0}, 0: {'cpu': 0}}, 'link_level': {(3, 1): {'bw': 0}, (4, 1): {'bw': 0}, (2, 1): {'bw': 0}, (2, 3): {'bw': 0}, (0, 1): {'bw': 0}, (0, 2): {'bw': 0}, (0, 4): {'bw': 0}}, 'path_level': {(3, 1): {}, (4, 1): {}, (2, 1): {}, (2, 3): {}, (0, 1): {}, (0, 2): {}, (0, 4): {}}}",[],-5.0,100.0,True,False,False,0,[],0,0.0,2.0,5.0,7.0
139,44,6,4102.0,4708.0,2622736.702465894,3150666.102579289,0.8712829226847918,0.8324387977255965,35,257,0,3377.697049705118,8474,4621,3853,0.05190808370947886,0.16781857451403892,132,144.6970497051178,3233.0,10,20,False,{},{},{},{},0.0,0.0,0.0,0.0,0.0,0.0,0.0,0.0,0.0,0.0,0.0,0.0,0.0,0.0,Leave Event,0.0,"{'node_level': {}, 'link_level': {}, 'path_level': {}}","{'node_level': {}, 'link_level': {}, 'path_level': {}}","{'node_level': {}, 'link_level': {}, 'path_level': {}}",[],-inf,-inf,True,True,False,0,[],0,0.0,,,
139,44,6,4102.0,4708.0,2622736.702465894,3150666.102579289,0.8712829226847918,0.8324387977255965,35,258,0,3393.7835670134227,8474,4621,3853,0.05190808370947886,0.16781857451403892,103,874.7835670134227,2519.0,7,15,False,{},{},{},{},0.0,0.0,0.0,0.0,0.0,0.0,0.0,0.0,0.0,0.0,0.0,0.0,0.0,0.0,Leave Event,0.0,"{'node_level': {}, 'link_level': {}, 'path_level': {}}","{'node_level': {}, 'link_level': {}, 'path_level': {}}","{'node_level': {}, 'link_level': {}, 'path_level': {}}",[],-inf,-inf,True,True,False,0,[],0,0.0,,,
139,44,6,4102.0,4708.0,2622736.702465894,3150666.102579289,0.8712829226847918,0.8324387977255965,35,259,0,3394.0276153839804,8474,4621,3853,0.05190808370947886,0.16781857451403892,129,232.02761538398053,3162.0,6,11,False,{},{},{},{},0.0,0.0,0.0,0.0,0.0,0.0,0.0,0.0,0.0,0.0,0.0,0.0,0.0,0.0,Leave Event,0.0,"{'node_level': {}, 'link_level': {}, 'path_level': {}}","{'node_level': {}, 'link_level': {}, 'path_level': {}}","{'node_level': {}, 'link_level': {}, 'path_level': {}}",[],-inf,-inf,True,True,False,0,[],0,0.0,,,
140,44,6,4102.0,4708.0,2622736.702465894,3150666.102579289,0.8712829226847918,0.8324387977255965,35,260,1,3395.0,8474,4621,3853,0.05190808370947886,0.16781857451403892,139,237.4095293378929,3395.0,10,18,False,"{3: 11, 4: 5, 1: 23, 7: 24}","{(4, 3): [(5, 11)], (1, 3): [(23, 11)], (1, 4): [(23, 11), (11, 5)], (7, 3): [(24, 11)]}","{(3, 11): {'cpu': 12}, (4, 5): {'cpu': 11}, (1, 23): {'cpu': 6}, (7, 24): {'cpu': 12}}","{((4, 3), (5, 11)): {'bw': 47}, ((1, 3), (23, 11)): {'bw': 39}, ((1, 4), (23, 11)): {'bw': 7}, ((1, 4), (11, 5)): {'bw': 7}, ((7, 3), (24, 11)): {'bw': 13}}",0.0,0.0,202.0,101.0,417.0,0.0,0.0,0.0,0.0,0.0,0.0,0.0,0.0,0.0,Route Failure,2300.0,"{'node_level': {'cpu': -28}, 'link_level': {'bw': 100.0}, 'path_level': {}}","{'node_level': {3: {'cpu': -87}, 4: {'cpu': -73}, 1: {'cpu': -48}, 7: {'cpu': -80}, 2: {'cpu': -28}}, 'link_level': {(4, 3): {'bw': -37}, (1, 3): {'bw': -17}, (1, 4): {'bw': -10}, (7, 3): {'bw': -74}, (2, 1): {'bw': 100.0}, (2, 3): {'bw': 100.0}}, 'path_level': {(4, 3): {}, (1, 3): {}, (1, 4): {}, (7, 3): {}, (2, 1): {}, (2, 3): {}}}","{'node_level': {3: {'cpu': 0}, 4: {'cpu': 0}, 1: {'cpu': 0}, 7: {'cpu': 0}, 2: {'cpu': 0}}, 'link_level': {(4, 3): {'bw': 0}, (1, 3): {'bw': 0}, (1, 4): {'bw': 0}, (7, 3): {'bw': 0}, (2, 1): {'bw': 100.0}, (2, 3): {'bw': 100.0}}, 'path_level': {(4, 3): {}, (1, 3): {}, (1, 4): {}, (7, 3): {}, (2, 1): {}, (2, 3): {}}}",[],100.0,100.0,True,False,False,0,[],0,0.0,23.0,4.0,4.0
141,44,6,4102.0,4708.0,2622736.702465894,3150666.102579289,0.8712829226847918,0.8324387977255965,35,261,1,3416.0,8474,4621,3853,0.05190808370947886,0.16781857451403892,140,205.7679699090613,3416.0,10,23,False,"{3: 11, 4: 5, 7: 23, 6: 24, 0: 2}","{(4, 3): [(5, 11)], (7, 3): [(23, 11)], (7, 4): [(23, 11), (11, 5)], (6, 3): [(24, 11)], (6, 4): [(24, 11), (11, 5)], (0, 3): [(2, 5), (5, 11)], (0, 6): [(2, 5), (5, 11), (11, 24)]}","{(3, 11): {'cpu': 17}, (4, 5): {'cpu': 19}, (7, 23): {'cpu': 18}, (6, 24): {'cpu': 8}, (0, 2): {'cpu': 19}}","{((4, 3), (5, 11)): {'bw': 20}, ((7, 3), (23, 11)): {'bw': 41}, ((7, 4), (23, 11)): {'bw': 13}, ((7, 4), (11, 5)): {'bw': 13}, ((6, 3), (24, 11)): {'bw': 23}, ((6, 4), (24, 11)): {'bw': 4}, ((6, 4), (11, 5)): {'bw': 4}, ((0, 3), (2, 5)): {'bw': 24}, ((0, 3), (5, 11)): {'bw': 24}, ((0, 6), (2, 5)): {'bw': 0}, ((0, 6), (5, 11)): {'bw': 0}, ((0, 6), (11, 24)): {'bw': 0}}",0.0,0.0,254.0,127.0,601.0,0.0,0.0,0.0,0.0,0.0,0.0,0.0,0.0,0.0,Route Failure,2200.0,"{'node_level': {'cpu': -31}, 'link_level': {'bw': 100.0}, 'path_level': {}}","{'node_level': {3: {'cpu': -82}, 4: {'cpu': -65}, 7: {'cpu': -36}, 6: {'cpu': -84}, 0: {'cpu': -62}, 5: {'cpu': -31}}, 'link_level': {(4, 3): {'bw': -64}, (7, 3): {'bw': -15}, (7, 4): {'bw': -2}, (6, 3): {'bw': -64}, (6, 4): {'bw': -47}, (0, 3): {'bw': -4}, (0, 6): {'bw': -4}, (5, 3): {'bw': 100.0}, (5, 4): {'bw': 100.0}}, 'path_level': {(4, 3): {}, (7, 3): {}, (7, 4): {}, (6, 3): {}, (6, 4): {}, (0, 3): {}, (0, 6): {}, (5, 3): {}, (5, 4): {}}}","{'node_level': {3: {'cpu': 0}, 4: {'cpu': 0}, 7: {'cpu': 0}, 6: {'cpu': 0}, 0: {'cpu': 0}, 5: {'cpu': 0}}, 'link_level': {(4, 3): {'bw': 0}, (7, 3): {'bw': 0}, (7, 4): {'bw': 0}, (6, 3): {'bw': 0}, (6, 4): {'bw': 0}, (0, 3): {'bw': 0}, (0, 6): {'bw': 0}, (5, 3): {'bw': 100.0}, (5, 4): {'bw': 100.0}}, 'path_level': {(4, 3): {}, (7, 3): {}, (7, 4): {}, (6, 3): {}, (6, 4): {}, (0, 3): {}, (0, 6): {}, (5, 3): {}, (5, 4): {}}}",[],100.0,100.0,True,False,False,0,[],0,0.0,22.0,5.0,7.0
142,44,6,4102.0,4708.0,2622736.702465894,3150666.102579289,0.8712829226847918,0.8324387977255965,35,262,1,3443.0,8474,4621,3853,0.05190808370947886,0.16781857451403892,141,1518.3886577549997,3443.0,7,10,False,"{3: 11, 6: 5}","{(6, 3): [(5, 11)]}","{(3, 11): {'cpu': 20}, (6, 5): {'cpu': 4}}","{((6, 3), (5, 11)): {'bw': 45}}",0.0,0.0,138.0,69.0,332.0,0.0,0.0,0.0,0.0,0.0,0.0,0.0,0.0,0.0,Route Failure,2500.0,"{'node_level': {'cpu': -20}, 'link_level': {'bw': 100.0}, 'path_level': {}}","{'node_level': {3: {'cpu': -79}, 6: {'cpu': -80}, 0: {'cpu': -20}}, 'link_level': {(6, 3): {'bw': -39}, (0, 3): {'bw': 100.0}, (0, 6): {'bw': 100.0}}, 'path_level': {(6, 3): {}, (0, 3): {}, (0, 6): {}}}","{'node_level': {3: {'cpu': 0}, 6: {'cpu': 0}, 0: {'cpu': 0}}, 'link_level': {(6, 3): {'bw': 0}, (0, 3): {'bw': 100.0}, (0, 6): {'bw': 100.0}}, 'path_level': {(6, 3): {}, (0, 3): {}, (0, 6): {}}}",[],100.0,100.0,True,False,False,0,[],0,0.0,25.0,2.0,1.0
142,44,6,4102.0,4708.0,2622736.702465894,3150666.102579289,0.8712829226847918,0.8324387977255965,35,263,0,3472.5826104764787,8474,4621,3853,0.05190808370947886,0.16781857451403892,135,169.5826104764788,3303.0,6,11,False,{},{},{},{},0.0,0.0,0.0,0.0,0.0,0.0,0.0,0.0,0.0,0.0,0.0,0.0,0.0,0.0,Leave Event,0.0,"{'node_level': {}, 'link_level': {}, 'path_level': {}}","{'node_level': {}, 'link_level': {}, 'path_level': {}}","{'node_level': {}, 'link_level': {}, 'path_level': {}}",[],-inf,-inf,True,True,False,0,[],0,0.0,,,
143,45,7,4190.0,4800.0,2674744.5050191204,3205037.896157662,0.8729166666666667,0.8345438000048985,35,264,1,3476.0,8382,4592,3790,0.05785802215839142,0.18142548596112307,142,590.997756286661,3476.0,3,3,True,"{0: 11, 1: 5, 2: 23}","{(1, 0): [(5, 11)], (2, 0): [(23, 11)], (2, 1): [(23, 11), (11, 5)]}","{(0, 11): {'cpu': 9}, (1, 5): {'cpu': 17}, (2, 23): {'cpu': 3}}","{((1, 0), (5, 11)): {'bw': 15}, ((2, 0), (23, 11)): {'bw': 40}, ((2, 1), (23, 11)): {'bw': 4}, ((2, 1), (11, 5)): {'bw': 4}}",92.0,88.0,58.0,29.0,59.0,29.0,59.0,29.0,63.0,4.0,0.9565217391304348,54371.79357837281,52007.80255322617,565.3022016655018,Success,0.0,"{'node_level': {'cpu': -51}, 'link_level': {'bw': -12}, 'path_level': {}}","{'node_level': {0: {'cpu': -90}, 1: {'cpu': -67}, 2: {'cpu': -51}}, 'link_level': {(1, 0): {'bw': -69}, (2, 0): {'bw': -16}, (2, 1): {'bw': -12}}, 'path_level': {(1, 0): {}, (2, 0): {}, (2, 1): {}}}","{'node_level': {0: {'cpu': 0}, 1: {'cpu': 0}, 2: {'cpu': 0}}, 'link_level': {(1, 0): {'bw': 0}, (2, 0): {'bw': 0}, (2, 1): {'bw': 0}}, 'path_level': {(1, 0): {}, (2, 0): {}, (2, 1): {}}}",[],-12.0,0.0,True,True,False,0,[],0,0.0,0.0,3.0,3.0
144,45,7,4190.0,4800.0,2674744.5050191204,3205037.896157662,0.8729166666666667,0.8345438000048985,35,265,1,3505.0,8382,4592,3790,0.05785802215839142,0.18142548596112307,143,381.89395458756917,3505.0,5,7,False,"{4: 10, 3: 4, 2: 21, 1: 22, 0: 37}","{(3, 4): [(4, 10)], (2, 3): [(21, 10), (10, 4)], (2, 4): [(21, 10)], (1, 2): [(22, 10), (10, 21)], (1, 4): [(22, 10)], (0, 1): [(37, 21), (21, 10), (10, 22)], (0, 2): [(37, 21)]}","{(4, 10): {'cpu': 20}, (3, 4): {'cpu': 17}, (2, 21): {'cpu': 7}, (1, 22): {'cpu': 14}, (0, 37): {'cpu': 20}}","{((3, 4), (4, 10)): {'bw': 17}, ((2, 3), (21, 10)): {'bw': 42}, ((2, 3), (10, 4)): {'bw': 42}, ((2, 4), (21, 10)): {'bw': 32}, ((1, 2), (22, 10)): {'bw': 10}, ((1, 2), (10, 21)): {'bw': 10}, ((1, 4), (22, 10)): {'bw': 15}, ((0, 1), (37, 21)): {'bw': 3}, ((0, 1), (21, 10)): {'bw': 3}, ((0, 1), (10, 22)): {'bw': 3}, ((0, 2), (37, 21)): {'bw': 11}}",0.0,0.0,156.0,78.0,130.0,0.0,0.0,0.0,0.0,0.0,0.0,0.0,0.0,0.0,Route Failure,200.0,"{'node_level': {'cpu': -49}, 'link_level': {'bw': -3}, 'path_level': {}}","{'node_level': {4: {'cpu': -64}, 3: {'cpu': -55}, 2: {'cpu': -46}, 1: {'cpu': -74}, 0: {'cpu': -49}}, 'link_level': {(3, 4): {'bw': -73}, (2, 3): {'bw': -31}, (2, 4): {'bw': -16}, (1, 2): {'bw': -6}, (1, 4): {'bw': -42}, (0, 1): {'bw': -3}, (0, 2): {'bw': -52}}, 'path_level': {(3, 4): {}, (2, 3): {}, (2, 4): {}, (1, 2): {}, (1, 4): {}, (0, 1): {}, (0, 2): {}}}","{'node_level': {4: {'cpu': 0}, 3: {'cpu': 0}, 2: {'cpu': 0}, 1: {'cpu': 0}, 0: {'cpu': 0}}, 'link_level': {(3, 4): {'bw': 0}, (2, 3): {'bw': 0}, (2, 4): {'bw': 0}, (1, 2): {'bw': 0}, (1, 4): {'bw': 0}, (0, 1): {'bw': 0}, (0, 2): {'bw': 0}}, 'path_level': {(3, 4): {}, (2, 3): {}, (2, 4): {}, (1, 2): {}, (1, 4): {}, (0, 1): {}, (0, 2): {}}}",[],-3.0,100.0,True,False,False,0,[],0,0.0,2.0,5.0,7.0
145,46,8,4400.0,5048.0,2679413.195574569,3210551.3973850487,0.8716323296354992,0.83456480334092,35,266,1,3524.0,8134,4529,3605,0.07078375051292574,0.22138228941684668,144,22.231859787849746,3524.0,5,6,True,"{0: 10, 4: 4, 2: 21, 1: 22, 3: 1}","{(4, 0): [(4, 10)], (2, 0): [(21, 10)], (2, 4): [(21, 10), (10, 4)], (1, 0): [(22, 10)], (3, 1): [(1, 4), (4, 10), (10, 22)], (3, 4): [(1, 4)]}","{(0, 10): {'cpu': 15}, (4, 4): {'cpu': 14}, (2, 21): {'cpu': 12}, (1, 22): {'cpu': 20}, (3, 1): {'cpu': 2}}","{((4, 0), (4, 10)): {'bw': 22}, ((2, 0), (21, 10)): {'bw': 50}, ((2, 4), (21, 10)): {'bw': 16}, ((2, 4), (10, 4)): {'bw': 16}, ((1, 0), (22, 10)): {'bw': 24}, ((3, 1), (1, 4)): {'bw': 11}, ((3, 1), (4, 10)): {'bw': 11}, ((3, 1), (10, 22)): {'bw': 11}, ((3, 4), (1, 4)): {'bw': 24}}",248.0,210.0,126.0,63.0,147.0,63.0,147.0,63.0,185.0,38.0,0.8467741935483871,5513.501227386737,4668.6905554484465,18.825365142937287,Success,0.0,"{'node_level': {'cpu': -62}, 'link_level': {'bw': -32}, 'path_level': {}}","{'node_level': {0: {'cpu': -69}, 4: {'cpu': -58}, 2: {'cpu': -41}, 1: {'cpu': -68}, 3: {'cpu': -62}}, 'link_level': {(4, 0): {'bw': -68}, (2, 0): {'bw': -40}, (2, 4): {'bw': -24}, (1, 0): {'bw': -43}, (3, 1): {'bw': -32}, (3, 4): {'bw': -47}}, 'path_level': {(4, 0): {}, (2, 0): {}, (2, 4): {}, (1, 0): {}, (3, 1): {}, (3, 4): {}}}","{'node_level': {0: {'cpu': 0}, 4: {'cpu': 0}, 2: {'cpu': 0}, 1: {'cpu': 0}, 3: {'cpu': 0}}, 'link_level': {(4, 0): {'bw': 0}, (2, 0): {'bw': 0}, (2, 4): {'bw': 0}, (1, 0): {'bw': 0}, (3, 1): {'bw': 0}, (3, 4): {'bw': 0}}, 'path_level': {(4, 0): {}, (2, 0): {}, (2, 4): {}, (1, 0): {}, (3, 1): {}, (3, 4): {}}}",[],-32.0,0.0,True,True,False,0,[],0,0.0,0.0,5.0,6.0
145,46,7,4400.0,5048.0,2679413.195574569,3210551.3973850487,0.8716323296354992,0.83456480334092,35,267,0,3546.2318597878498,8382,4592,3790,0.05785802215839142,0.18142548596112307,144,22.231859787849746,3524.0,5,6,False,{},{},{},{},0.0,0.0,0.0,0.0,0.0,0.0,0.0,0.0,0.0,0.0,0.0,0.0,0.0,0.0,Leave Event,0.0,"{'node_level': {}, 'link_level': {}, 'path_level': {}}","{'node_level': {}, 'link_level': {}, 'path_level': {}}","{'node_level': {}, 'link_level': {}, 'path_level': {}}",[],-inf,-inf,True,True,False,0,[],0,0.0,,,
146,47,8,4537.0,5200.0,2698896.095275579,3232167.461286899,0.8725,0.8350112200563407,35,268,1,3549.0,8230,4545,3685,0.06750102585145668,0.20410367170626353,145,142.21094672270127,3549.0,5,6,True,"{0: 10, 4: 4, 2: 21, 3: 22, 1: 1}","{(4, 0): [(4, 10)], (2, 0): [(21, 10)], (3, 0): [(22, 10)], (3, 2): [(22, 10), (10, 21)], (3, 4): [(22, 10), (10, 4)], (1, 4): [(1, 4)]}","{(0, 10): {'cpu': 8}, (4, 4): {'cpu': 9}, (2, 21): {'cpu': 9}, (3, 22): {'cpu': 1}, (1, 1): {'cpu': 20}}","{((4, 0), (4, 10)): {'bw': 17}, ((2, 0), (21, 10)): {'bw': 22}, ((3, 0), (22, 10)): {'bw': 30}, ((3, 2), (22, 10)): {'bw': 6}, ((3, 2), (10, 21)): {'bw': 6}, ((3, 4), (22, 10)): {'bw': 9}, ((3, 4), (10, 4)): {'bw': 9}, ((1, 4), (1, 4)): {'bw': 6}}",152.0,137.0,94.0,47.0,90.0,47.0,90.0,47.0,105.0,15.0,0.9013157894736842,21616.063901850594,19482.899701010072,128.17697171717154,Success,0.0,"{'node_level': {'cpu': -44}, 'link_level': {'bw': -76}, 'path_level': {}}","{'node_level': {0: {'cpu': -76}, 4: {'cpu': -63}, 2: {'cpu': -44}, 3: {'cpu': -87}, 1: {'cpu': -44}}, 'link_level': {(4, 0): {'bw': -73}, (2, 0): {'bw': -68}, (3, 0): {'bw': -37}, (3, 2): {'bw': -31}, (3, 4): {'bw': -22}, (1, 4): {'bw': -76}}, 'path_level': {(4, 0): {}, (2, 0): {}, (3, 0): {}, (3, 2): {}, (3, 4): {}, (1, 4): {}}}","{'node_level': {0: {'cpu': 0}, 4: {'cpu': 0}, 2: {'cpu': 0}, 3: {'cpu': 0}, 1: {'cpu': 0}}, 'link_level': {(4, 0): {'bw': 0}, (2, 0): {'bw': 0}, (3, 0): {'bw': 0}, (3, 2): {'bw': 0}, (3, 4): {'bw': 0}, (1, 4): {'bw': 0}}, 'path_level': {(4, 0): {}, (2, 0): {}, (3, 0): {}, (3, 2): {}, (3, 4): {}, (1, 4): {}}}",[],-44.0,0.0,True,True,False,0,[],0,0.0,0.0,5.0,6.0
147,48,9,4625.0,5319.0,2825075.0554378596,3402795.8278699834,0.8695243466817071,0.8302217348157047,37,269,1,3574.0,8111,4530,3581,0.07057858022158392,0.22656587473002154,146,1433.8518200259173,3574.0,4,4,True,"{0: 28, 3: 13, 2: 44, 1: 60}","{(3, 0): [(13, 28)], (2, 0): [(44, 28)], (2, 3): [(44, 28), (28, 13)], (1, 0): [(60, 28)]}","{(0, 28): {'cpu': 2}, (3, 13): {'cpu': 4}, (2, 44): {'cpu': 2}, (1, 60): {'cpu': 7}}","{((3, 0), (13, 28)): {'bw': 2}, ((2, 0), (44, 28)): {'bw': 24}, ((2, 3), (44, 28)): {'bw': 31}, ((2, 3), (28, 13)): {'bw': 31}, ((1, 0), (60, 28)): {'bw': 16}}",119.0,88.0,30.0,15.0,73.0,15.0,73.0,15.0,104.0,31.0,0.7394957983193278,170628.36658308416,126178.96016228072,1060.3273963216868,Success,0.0,"{'node_level': {'cpu': -84}, 'link_level': {'bw': -83}, 'path_level': {}}","{'node_level': {0: {'cpu': -90}, 3: {'cpu': -45}, 2: {'cpu': -52}, 1: {'cpu': -84}}, 'link_level': {(3, 0): {'bw': -74}, (2, 0): {'bw': -48}, (2, 3): {'bw': -17}, (1, 0): {'bw': -83}}, 'path_level': {(3, 0): {}, (2, 0): {}, (2, 3): {}, (1, 0): {}}}","{'node_level': {0: {'cpu': 0}, 3: {'cpu': 0}, 2: {'cpu': 0}, 1: {'cpu': 0}}, 'link_level': {(3, 0): {'bw': 0}, (2, 0): {'bw': 0}, (2, 3): {'bw': 0}, (1, 0): {'bw': 0}}, 'path_level': {(3, 0): {}, (2, 0): {}, (2, 3): {}, (1, 0): {}}}",[],-83.0,0.0,True,True,False,0,[],0,0.0,0.0,4.0,4.0
147,48,9,4625.0,5319.0,2825075.0554378596,3402795.8278699834,0.8695243466817071,0.8302217348157047,37,270,0,3596.1605580926553,8111,4530,3581,0.07057858022158392,0.22656587473002154,108,956.1605580926552,2640.0,5,4,False,{},{},{},{},0.0,0.0,0.0,0.0,0.0,0.0,0.0,0.0,0.0,0.0,0.0,0.0,0.0,0.0,Leave Event,0.0,"{'node_level': {}, 'link_level': {}, 'path_level': {}}","{'node_level': {}, 'link_level': {}, 'path_level': {}}","{'node_level': {}, 'link_level': {}, 'path_level': {}}",[],-inf,-inf,True,True,False,0,[],0,0.0,,,
148,48,9,4625.0,5319.0,2825075.0554378596,3402795.8278699834,0.8695243466817071,0.8302217348157047,37,271,1,3607.0,8111,4530,3581,0.07057858022158392,0.22656587473002154,147,406.9349534617289,3607.0,8,12,False,"{6: 11, 4: 5, 7: 24, 2: 40, 3: 56}","{(4, 6): [(5, 11)], (7, 6): [(24, 11)], (2, 4): [(40, 24), (24, 11), (11, 5)], (2, 6): [(40, 24), (24, 11)], (3, 6): [(56, 24), (24, 11)]}","{(6, 11): {'cpu': 8}, (4, 5): {'cpu': 17}, (7, 24): {'cpu': 9}, (2, 40): {'cpu': 2}, (3, 56): {'cpu': 1}}","{((4, 6), (5, 11)): {'bw': 41}, ((7, 6), (24, 11)): {'bw': 19}, ((2, 4), (40, 24)): {'bw': 24}, ((2, 4), (24, 11)): {'bw': 24}, ((2, 4), (11, 5)): {'bw': 24}, ((2, 6), (40, 24)): {'bw': 6}, ((2, 6), (24, 11)): {'bw': 6}, ((3, 6), (56, 24)): {'bw': 4}, ((3, 6), (24, 11)): {'bw': 4}}",0.0,0.0,86.0,43.0,218.0,0.0,0.0,0.0,0.0,0.0,0.0,0.0,0.0,0.0,Route Failure,2200.0,"{'node_level': {'cpu': -33}, 'link_level': {'bw': 100.0}, 'path_level': {}}","{'node_level': {6: {'cpu': -82}, 4: {'cpu': -50}, 7: {'cpu': -83}, 2: {'cpu': -64}, 3: {'cpu': -57}, 0: {'cpu': -33}}, 'link_level': {(4, 6): {'bw': -24}, (7, 6): {'bw': -68}, (2, 4): {'bw': 0}, (2, 6): {'bw': -35}, (3, 6): {'bw': -34}, (0, 3): {'bw': 100.0}}, 'path_level': {(4, 6): {}, (7, 6): {}, (2, 4): {}, (2, 6): {}, (3, 6): {}, (0, 3): {}}}","{'node_level': {6: {'cpu': 0}, 4: {'cpu': 0}, 7: {'cpu': 0}, 2: {'cpu': 0}, 3: {'cpu': 0}, 0: {'cpu': 0}}, 'link_level': {(4, 6): {'bw': 0}, (7, 6): {'bw': 0}, (2, 4): {'bw': 0}, (2, 6): {'bw': 0}, (3, 6): {'bw': 0}, (0, 3): {'bw': 100.0}}, 'path_level': {(4, 6): {}, (7, 6): {}, (2, 4): {}, (2, 6): {}, (3, 6): {}, (0, 3): {}}}",[],100.0,100.0,True,False,False,0,[],0,0.0,22.0,5.0,5.0
148,48,9,4625.0,5319.0,2825075.0554378596,3402795.8278699834,0.8695243466817071,0.8302217348157047,37,272,0,3621.7679699090613,8111,4530,3581,0.07057858022158392,0.22656587473002154,140,205.7679699090613,3416.0,10,23,False,{},{},{},{},0.0,0.0,0.0,0.0,0.0,0.0,0.0,0.0,0.0,0.0,0.0,0.0,0.0,0.0,Leave Event,0.0,"{'node_level': {}, 'link_level': {}, 'path_level': {}}","{'node_level': {}, 'link_level': {}, 'path_level': {}}","{'node_level': {}, 'link_level': {}, 'path_level': {}}",[],-inf,-inf,True,True,False,0,[],0,0.0,,,
148,48,9,4625.0,5319.0,2825075.0554378596,3402795.8278699834,0.8695243466817071,0.8302217348157047,37,273,0,3632.4095293378928,8111,4530,3581,0.07057858022158392,0.22656587473002154,139,237.4095293378929,3395.0,10,18,False,{},{},{},{},0.0,0.0,0.0,0.0,0.0,0.0,0.0,0.0,0.0,0.0,0.0,0.0,0.0,0.0,Leave Event,0.0,"{'node_level': {}, 'link_level': {}, 'path_level': {}}","{'node_level': {}, 'link_level': {}, 'path_level': {}}","{'node_level': {}, 'link_level': {}, 'path_level': {}}",[],-inf,-inf,True,True,False,0,[],0,0.0,,,
149,48,9,4625.0,5319.0,2825075.0554378596,3402795.8278699834,0.8695243466817071,0.8302217348157047,37,274,1,3637.0,8111,4530,3581,0.07057858022158392,0.22656587473002154,148,221.2084199109948,3637.0,7,9,False,"{2: 11, 1: 5, 0: 23, 4: 24}","{(1, 2): [(5, 11)], (0, 2): [(23, 11)], (4, 2): [(24, 11)]}","{(2, 11): {'cpu': 16}, (1, 5): {'cpu': 17}, (0, 23): {'cpu': 20}, (4, 24): {'cpu': 3}}","{((1, 2), (5, 11)): {'bw': 46}, ((0, 2), (23, 11)): {'bw': 6}, ((4, 2), (24, 11)): {'bw': 24}}",0.0,0.0,184.0,92.0,164.0,0.0,0.0,0.0,0.0,0.0,0.0,0.0,0.0,0.0,Route Failure,2300.0,"{'node_level': {'cpu': -29}, 'link_level': {'bw': 100.0}, 'path_level': {}}","{'node_level': {2: {'cpu': -74}, 1: {'cpu': -50}, 0: {'cpu': -31}, 4: {'cpu': -89}, 5: {'cpu': -29}}, 'link_level': {(1, 2): {'bw': -19}, (0, 2): {'bw': -6}, (4, 2): {'bw': -63}, (5, 0): {'bw': 100.0}, (5, 1): {'bw': 100.0}}, 'path_level': {(1, 2): {}, (0, 2): {}, (4, 2): {}, (5, 0): {}, (5, 1): {}}}","{'node_level': {2: {'cpu': 0}, 1: {'cpu': 0}, 0: {'cpu': 0}, 4: {'cpu': 0}, 5: {'cpu': 0}}, 'link_level': {(1, 2): {'bw': 0}, (0, 2): {'bw': 0}, (4, 2): {'bw': 0}, (5, 0): {'bw': 100.0}, (5, 1): {'bw': 100.0}}, 'path_level': {(1, 2): {}, (0, 2): {}, (4, 2): {}, (5, 0): {}, (5, 1): {}}}",[],100.0,100.0,True,False,False,0,[],0,0.0,23.0,4.0,3.0
149,48,8,4625.0,5319.0,2825075.0554378596,3402795.8278699834,0.8695243466817071,0.8302217348157047,37,275,0,3637.7971678581252,8217,4557,3660,0.06503898235535499,0.20950323974082075,106,1040.7971678581255,2597.0,3,2,False,{},{},{},{},0.0,0.0,0.0,0.0,0.0,0.0,0.0,0.0,0.0,0.0,0.0,0.0,0.0,0.0,Leave Event,0.0,"{'node_level': {}, 'link_level': {}, 'path_level': {}}","{'node_level': {}, 'link_level': {}, 'path_level': {}}","{'node_level': {}, 'link_level': {}, 'path_level': {}}",[],-inf,-inf,True,True,False,0,[],0,0.0,,,
150,48,8,4625.0,5319.0,2825075.0554378596,3402795.8278699834,0.8695243466817071,0.8302217348157047,37,276,1,3670.0,8217,4557,3660,0.06503898235535499,0.20950323974082075,149,4.747656134552694,3670.0,7,10,False,"{0: 8, 6: 3, 1: 17, 3: 18, 5: 33}","{(6, 0): [(3, 8)], (1, 0): [(17, 8)], (1, 6): [(17, 8), (8, 3)], (3, 0): [(18, 8)], (5, 0): [(33, 17), (17, 8)], (5, 3): [(33, 17), (17, 8), (8, 18)]}","{(0, 8): {'cpu': 20}, (6, 3): {'cpu': 13}, (1, 17): {'cpu': 17}, (3, 18): {'cpu': 5}, (5, 33): {'cpu': 14}}","{((6, 0), (3, 8)): {'bw': 46}, ((1, 0), (17, 8)): {'bw': 29}, ((1, 6), (17, 8)): {'bw': 5}, ((1, 6), (8, 3)): {'bw': 5}, ((3, 0), (18, 8)): {'bw': 42}, ((5, 0), (33, 17)): {'bw': 0}, ((5, 0), (17, 8)): {'bw': 0}, ((5, 3), (33, 17)): {'bw': 24}, ((5, 3), (17, 8)): {'bw': 24}, ((5, 3), (8, 18)): {'bw': 24}}",0.0,0.0,198.0,99.0,231.0,0.0,0.0,0.0,0.0,0.0,0.0,0.0,0.0,0.0,Route Failure,2200.0,"{'node_level': {'cpu': -67}, 'link_level': {'bw': 100.0}, 'path_level': {}}","{'node_level': {0: {'cpu': -70}, 6: {'cpu': -45}, 1: {'cpu': -59}, 3: {'cpu': -65}, 5: {'cpu': -40}, 2: {'cpu': -67}}, 'link_level': {(6, 0): {'bw': -16}, (1, 0): {'bw': -40}, (1, 6): {'bw': -11}, (3, 0): {'bw': -26}, (5, 0): {'bw': -35}, (5, 3): {'bw': -2}, (2, 1): {'bw': 0}, (2, 3): {'bw': 100.0}}, 'path_level': {(6, 0): {}, (1, 0): {}, (1, 6): {}, (3, 0): {}, (5, 0): {}, (5, 3): {}, (2, 1): {}, (2, 3): {}}}","{'node_level': {0: {'cpu': 0}, 6: {'cpu': 0}, 1: {'cpu': 0}, 3: {'cpu': 0}, 5: {'cpu': 0}, 2: {'cpu': 0}}, 'link_level': {(6, 0): {'bw': 0}, (1, 0): {'bw': 0}, (1, 6): {'bw': 0}, (3, 0): {'bw': 0}, (5, 0): {'bw': 0}, (5, 3): {'bw': 0}, (2, 1): {'bw': 0}, (2, 3): {'bw': 100.0}}, 'path_level': {(6, 0): {}, (1, 0): {}, (1, 6): {}, (3, 0): {}, (5, 0): {}, (5, 3): {}, (2, 1): {}, (2, 3): {}}}",[],100.0,100.0,True,False,False,0,[],0,0.0,22.0,5.0,6.0
150,48,8,4625.0,5319.0,2825075.0554378596,3402795.8278699834,0.8695243466817071,0.8302217348157047,37,277,0,3674.7476561345525,8217,4557,3660,0.06503898235535499,0.20950323974082075,149,4.747656134552694,3670.0,7,10,False,{},{},{},{},0.0,0.0,0.0,0.0,0.0,0.0,0.0,0.0,0.0,0.0,0.0,0.0,0.0,0.0,Leave Event,0.0,"{'node_level': {}, 'link_level': {}, 'path_level': {}}","{'node_level': {}, 'link_level': {}, 'path_level': {}}","{'node_level': {}, 'link_level': {}, 'path_level': {}}",[],-inf,-inf,True,True,False,0,[],0,0.0,,,
150,48,8,4625.0,5319.0,2825075.0554378596,3402795.8278699834,0.8695243466817071,0.8302217348157047,37,278,0,3684.1718395636135,8217,4557,3660,0.06503898235535499,0.20950323974082075,115,871.1718395636135,2813.0,9,22,False,{},{},{},{},0.0,0.0,0.0,0.0,0.0,0.0,0.0,0.0,0.0,0.0,0.0,0.0,0.0,0.0,Leave Event,0.0,"{'node_level': {}, 'link_level': {}, 'path_level': {}}","{'node_level': {}, 'link_level': {}, 'path_level': {}}","{'node_level': {}, 'link_level': {}, 'path_level': {}}",[],-inf,-inf,True,True,False,0,[],0,0.0,,,
150,48,8,4625.0,5319.0,2825075.0554378596,3402795.8278699834,0.8695243466817071,0.8302217348157047,37,279,0,3689.2879632316167,8217,4557,3660,0.06503898235535499,0.20950323974082075,70,1968.2879632316167,1721.0,5,7,False,{},{},{},{},0.0,0.0,0.0,0.0,0.0,0.0,0.0,0.0,0.0,0.0,0.0,0.0,0.0,0.0,Leave Event,0.0,"{'node_level': {}, 'link_level': {}, 'path_level': {}}","{'node_level': {}, 'link_level': {}, 'path_level': {}}","{'node_level': {}, 'link_level': {}, 'path_level': {}}",[],-inf,-inf,True,True,False,0,[],0,0.0,,,
150,48,7,4625.0,5319.0,2825075.0554378596,3402795.8278699834,0.8695243466817071,0.8302217348157047,37,280,0,3691.2109467227015,8369,4604,3765,0.055395978662289735,0.1868250539956804,145,142.21094672270127,3549.0,5,6,False,{},{},{},{},0.0,0.0,0.0,0.0,0.0,0.0,0.0,0.0,0.0,0.0,0.0,0.0,0.0,0.0,Leave Event,0.0,"{'node_level': {}, 'link_level': {}, 'path_level': {}}","{'node_level': {}, 'link_level': {}, 'path_level': {}}","{'node_level': {}, 'link_level': {}, 'path_level': {}}",[],-inf,-inf,True,True,False,0,[],0,0.0,,,
151,49,8,4702.0,5410.0,2836333.391839892,3416101.134526931,0.8691312384473198,0.8302837884899662,37,281,1,3692.0,8278,4561,3717,0.06421830118998773,0.19719222462203023,150,146.21216106535908,3692.0,4,3,True,"{3: 10, 1: 4, 0: 21, 2: 22}","{(1, 3): [(4, 10)], (0, 3): [(21, 10)], (2, 0): [(22, 10), (10, 21)]}","{(3, 10): {'cpu': 12}, (1, 4): {'cpu': 12}, (0, 21): {'cpu': 7}, (2, 22): {'cpu': 12}}","{((1, 3), (4, 10)): {'bw': 19}, ((0, 3), (21, 10)): {'bw': 1}, ((2, 0), (22, 10)): {'bw': 14}, ((2, 0), (10, 21)): {'bw': 14}}",91.0,77.0,86.0,43.0,34.0,43.0,34.0,43.0,48.0,14.0,0.8461538461538461,13305.306656947676,11258.33640203265,123.71798243991923,Success,0.0,"{'node_level': {'cpu': -76}, 'link_level': {'bw': -53}, 'path_level': {}}","{'node_level': {3: {'cpu': -72}, 1: {'cpu': -60}, 0: {'cpu': -46}, 2: {'cpu': -76}}, 'link_level': {(1, 3): {'bw': -71}, (0, 3): {'bw': -89}, (2, 0): {'bw': -53}}, 'path_level': {(1, 3): {}, (0, 3): {}, (2, 0): {}}}","{'node_level': {3: {'cpu': 0}, 1: {'cpu': 0}, 0: {'cpu': 0}, 2: {'cpu': 0}}, 'link_level': {(1, 3): {'bw': 0}, (0, 3): {'bw': 0}, (2, 0): {'bw': 0}}, 'path_level': {(1, 3): {}, (0, 3): {}, (2, 0): {}}}",[],-53.0,0.0,True,True,False,0,[],0,0.0,0.0,4.0,3.0
151,49,8,4702.0,5410.0,2836333.391839892,3416101.134526931,0.8691312384473198,0.8302837884899662,37,282,0,3711.5894409100424,8278,4561,3717,0.06421830118998773,0.19719222462203023,138,349.5894409100426,3362.0,5,7,False,{},{},{},{},0.0,0.0,0.0,0.0,0.0,0.0,0.0,0.0,0.0,0.0,0.0,0.0,0.0,0.0,Leave Event,0.0,"{'node_level': {}, 'link_level': {}, 'path_level': {}}","{'node_level': {}, 'link_level': {}, 'path_level': {}}","{'node_level': {}, 'link_level': {}, 'path_level': {}}",[],-inf,-inf,True,True,False,0,[],0,0.0,,,
152,49,8,4702.0,5410.0,2836333.391839892,3416101.134526931,0.8691312384473198,0.8302837884899662,37,283,1,3712.0,8278,4561,3717,0.06421830118998773,0.19719222462203023,151,146.66679957696257,3712.0,7,14,False,"{1: 8, 3: 3, 2: 1, 6: 4}","{(3, 1): [(3, 8)], (2, 1): [(1, 3), (3, 8)], (2, 3): [(1, 3)], (6, 1): [(4, 1), (1, 3), (3, 8)], (6, 2): [(4, 1)], (6, 3): [(4, 1), (1, 3)]}","{(1, 8): {'cpu': 20}, (3, 3): {'cpu': 17}, (2, 1): {'cpu': 12}, (6, 4): {'cpu': 16}}","{((3, 1), (3, 8)): {'bw': 15}, ((2, 1), (1, 3)): {'bw': 12}, ((2, 1), (3, 8)): {'bw': 12}, ((2, 3), (1, 3)): {'bw': 49}, ((6, 1), (4, 1)): {'bw': 26}, ((6, 1), (1, 3)): {'bw': 26}, ((6, 1), (3, 8)): {'bw': 26}, ((6, 2), (4, 1)): {'bw': 32}, ((6, 3), (4, 1)): {'bw': 4}, ((6, 3), (1, 3)): {'bw': 4}}",0.0,0.0,182.0,91.0,333.0,0.0,0.0,0.0,0.0,0.0,0.0,0.0,0.0,0.0,Route Failure,2300.0,"{'node_level': {'cpu': -63}, 'link_level': {'bw': 100.0}, 'path_level': {}}","{'node_level': {1: {'cpu': -70}, 3: {'cpu': -41}, 2: {'cpu': -52}, 6: {'cpu': -44}, 5: {'cpu': -63}}, 'link_level': {(3, 1): {'bw': -47}, (2, 1): {'bw': -35}, (2, 3): {'bw': -32}, (6, 1): {'bw': -6}, (6, 2): {'bw': -24}, (6, 3): {'bw': -2}, (5, 1): {'bw': 100.0}}, 'path_level': {(3, 1): {}, (2, 1): {}, (2, 3): {}, (6, 1): {}, (6, 2): {}, (6, 3): {}, (5, 1): {}}}","{'node_level': {1: {'cpu': 0}, 3: {'cpu': 0}, 2: {'cpu': 0}, 6: {'cpu': 0}, 5: {'cpu': 0}}, 'link_level': {(3, 1): {'bw': 0}, (2, 1): {'bw': 0}, (2, 3): {'bw': 0}, (6, 1): {'bw': 0}, (6, 2): {'bw': 0}, (6, 3): {'bw': 0}, (5, 1): {'bw': 100.0}}, 'path_level': {(3, 1): {}, (2, 1): {}, (2, 3): {}, (6, 1): {}, (6, 2): {}, (6, 3): {}, (5, 1): {}}}",[],100.0,100.0,True,False,False,0,[],0,0.0,23.0,4.0,6.0
153,49,8,4702.0,5410.0,2836333.391839892,3416101.134526931,0.8691312384473198,0.8302837884899662,37,284,1,3734.0,8278,4561,3717,0.06421830118998773,0.19719222462203023,152,93.57792722223468,3734.0,8,15,False,"{2: 8, 1: 3, 7: 17, 4: 18, 0: 34}","{(1, 2): [(3, 8)], (7, 1): [(17, 8), (8, 3)], (7, 2): [(17, 8)], (4, 2): [(18, 8)], (0, 2): [(34, 18), (18, 8)], (0, 4): [(34, 18)]}","{(2, 8): {'cpu': 20}, (1, 3): {'cpu': 19}, (7, 17): {'cpu': 7}, (4, 18): {'cpu': 13}, (0, 34): {'cpu': 14}}","{((1, 2), (3, 8)): {'bw': 18}, ((7, 1), (17, 8)): {'bw': 22}, ((7, 1), (8, 3)): {'bw': 22}, ((7, 2), (17, 8)): {'bw': 42}, ((4, 2), (18, 8)): {'bw': 35}, ((0, 2), (34, 18)): {'bw': 1}, ((0, 2), (18, 8)): {'bw': 1}, ((0, 4), (34, 18)): {'bw': 26}}",0.0,0.0,164.0,82.0,471.0,0.0,0.0,0.0,0.0,0.0,0.0,0.0,0.0,0.0,Route Failure,2200.0,"{'node_level': {'cpu': -76}, 'link_level': {'bw': 100.0}, 'path_level': {}}","{'node_level': {2: {'cpu': -70}, 1: {'cpu': -39}, 7: {'cpu': -69}, 4: {'cpu': -57}, 0: {'cpu': -82}, 5: {'cpu': -76}}, 'link_level': {(1, 2): {'bw': -44}, (7, 1): {'bw': -22}, (7, 2): {'bw': -5}, (4, 2): {'bw': -33}, (0, 2): {'bw': -32}, (0, 4): {'bw': -50}, (5, 1): {'bw': -17}, (5, 2): {'bw': 100.0}}, 'path_level': {(1, 2): {}, (7, 1): {}, (7, 2): {}, (4, 2): {}, (0, 2): {}, (0, 4): {}, (5, 1): {}, (5, 2): {}}}","{'node_level': {2: {'cpu': 0}, 1: {'cpu': 0}, 7: {'cpu': 0}, 4: {'cpu': 0}, 0: {'cpu': 0}, 5: {'cpu': 0}}, 'link_level': {(1, 2): {'bw': 0}, (7, 1): {'bw': 0}, (7, 2): {'bw': 0}, (4, 2): {'bw': 0}, (0, 2): {'bw': 0}, (0, 4): {'bw': 0}, (5, 1): {'bw': 0}, (5, 2): {'bw': 100.0}}, 'path_level': {(1, 2): {}, (7, 1): {}, (7, 2): {}, (4, 2): {}, (0, 2): {}, (0, 4): {}, (5, 1): {}, (5, 2): {}}}",[],100.0,100.0,True,False,False,0,[],0,0.0,22.0,5.0,6.0
154,50,9,4750.0,5458.0,2846487.538589546,3426255.281276585,0.8702821546353976,0.8307867642392881,37,285,1,3758.0,8230,4534,3696,0.06975789905621665,0.20172786177105828,153,211.54472395112268,3758.0,3,2,True,"{0: 8, 2: 3, 1: 17}","{(2, 0): [(3, 8)], (1, 0): [(17, 8)]}","{(0, 8): {'cpu': 9}, (2, 3): {'cpu': 7}, (1, 17): {'cpu': 11}}","{((2, 0), (3, 8)): {'bw': 17}, ((1, 0), (17, 8)): {'bw': 4}}",48.0,48.0,54.0,27.0,21.0,27.0,21.0,27.0,21.0,0.0,1.0,10154.146749653888,10154.146749653888,211.54472395112268,Success,0.0,"{'node_level': {'cpu': -65}, 'link_level': {'bw': -65}, 'path_level': {}}","{'node_level': {0: {'cpu': -81}, 2: {'cpu': -51}, 1: {'cpu': -65}}, 'link_level': {(2, 0): {'bw': -45}, (1, 0): {'bw': -65}}, 'path_level': {(2, 0): {}, (1, 0): {}}}","{'node_level': {0: {'cpu': 0}, 2: {'cpu': 0}, 1: {'cpu': 0}}, 'link_level': {(2, 0): {'bw': 0}, (1, 0): {'bw': 0}}, 'path_level': {(2, 0): {}, (1, 0): {}}}",[],-65.0,0.0,True,True,False,0,[],0,0.0,0.0,3.0,2.0
155,50,9,4750.0,5458.0,2846487.538589546,3426255.281276585,0.8702821546353976,0.8307867642392881,37,286,1,3779.0,8230,4534,3696,0.06975789905621665,0.20172786177105828,154,113.23018001622512,3779.0,7,10,False,"{1: 11, 0: 5, 4: 24, 5: 40}","{(0, 1): [(5, 11)], (4, 0): [(24, 11), (11, 5)], (4, 1): [(24, 11)], (5, 1): [(40, 24), (24, 11)], (5, 4): [(40, 24)]}","{(1, 11): {'cpu': 18}, (0, 5): {'cpu': 20}, (4, 24): {'cpu': 19}, (5, 40): {'cpu': 18}}","{((0, 1), (5, 11)): {'bw': 25}, ((4, 0), (24, 11)): {'bw': 11}, ((4, 0), (11, 5)): {'bw': 11}, ((4, 1), (24, 11)): {'bw': 28}, ((5, 1), (40, 24)): {'bw': 47}, ((5, 1), (24, 11)): {'bw': 47}, ((5, 4), (40, 24)): {'bw': 0}}",0.0,0.0,216.0,108.0,257.0,0.0,0.0,0.0,0.0,0.0,0.0,0.0,0.0,0.0,Route Failure,2300.0,"{'node_level': {'cpu': -26}, 'link_level': {'bw': 100.0}, 'path_level': {}}","{'node_level': {1: {'cpu': -72}, 0: {'cpu': -47}, 4: {'cpu': -73}, 5: {'cpu': -48}, 2: {'cpu': -26}}, 'link_level': {(0, 1): {'bw': -40}, (4, 0): {'bw': -29}, (4, 1): {'bw': -48}, (5, 1): {'bw': -1}, (5, 4): {'bw': -18}, (2, 1): {'bw': 100.0}}, 'path_level': {(0, 1): {}, (4, 0): {}, (4, 1): {}, (5, 1): {}, (5, 4): {}, (2, 1): {}}}","{'node_level': {1: {'cpu': 0}, 0: {'cpu': 0}, 4: {'cpu': 0}, 5: {'cpu': 0}, 2: {'cpu': 0}}, 'link_level': {(0, 1): {'bw': 0}, (4, 0): {'bw': 0}, (4, 1): {'bw': 0}, (5, 1): {'bw': 0}, (5, 4): {'bw': 0}, (2, 1): {'bw': 100.0}}, 'path_level': {(0, 1): {}, (4, 0): {}, (4, 1): {}, (5, 1): {}, (5, 4): {}, (2, 1): {}}}",[],100.0,100.0,True,False,False,0,[],0,0.0,23.0,4.0,5.0
156,51,10,4773.0,5481.0,2847234.658197313,3427002.400884352,0.8708264915161467,0.8308236543582731,37,287,1,3803.0,8207,4515,3692,0.07365613459171116,0.20259179265658744,155,32.48346120726308,3803.0,2,1,True,"{1: 11, 0: 5}","{(0, 1): [(5, 11)]}","{(1, 11): {'cpu': 12}, (0, 5): {'cpu': 7}}","{((0, 1), (5, 11)): {'bw': 4}}",23.0,23.0,38.0,19.0,4.0,19.0,4.0,19.0,4.0,0.0,1.0,747.1196077670509,747.1196077670509,32.48346120726308,Success,0.0,"{'node_level': {'cpu': -60}, 'link_level': {'bw': -61}, 'path_level': {}}","{'node_level': {1: {'cpu': -78}, 0: {'cpu': -60}}, 'link_level': {(0, 1): {'bw': -61}}, 'path_level': {(0, 1): {}}}","{'node_level': {1: {'cpu': 0}, 0: {'cpu': 0}}, 'link_level': {(0, 1): {'bw': 0}}, 'path_level': {(0, 1): {}}}",[],-60.0,0.0,True,True,False,0,[],0,0.0,0.0,2.0,1.0
156,51,10,4773.0,5481.0,2847234.658197313,3427002.400884352,0.8708264915161467,0.8308236543582731,37,288,0,3827.577927222235,8207,4515,3692,0.07365613459171116,0.20259179265658744,152,93.57792722223468,3734.0,8,15,False,{},{},{},{},0.0,0.0,0.0,0.0,0.0,0.0,0.0,0.0,0.0,0.0,0.0,0.0,0.0,0.0,Leave Event,0.0,"{'node_level': {}, 'link_level': {}, 'path_level': {}}","{'node_level': {}, 'link_level': {}, 'path_level': {}}","{'node_level': {}, 'link_level': {}, 'path_level': {}}",[],-inf,-inf,True,True,False,0,[],0,0.0,,,
156,51,9,4773.0,5481.0,2847234.658197313,3427002.400884352,0.8708264915161467,0.8308236543582731,37,289,0,3835.483461207263,8230,4534,3696,0.06975789905621665,0.20172786177105828,155,32.48346120726308,3803.0,2,1,False,{},{},{},{},0.0,0.0,0.0,0.0,0.0,0.0,0.0,0.0,0.0,0.0,0.0,0.0,0.0,0.0,Leave Event,0.0,"{'node_level': {}, 'link_level': {}, 'path_level': {}}","{'node_level': {}, 'link_level': {}, 'path_level': {}}","{'node_level': {}, 'link_level': {}, 'path_level': {}}",[],-inf,-inf,True,True,False,0,[],0,0.0,,,
157,51,9,4773.0,5481.0,2847234.658197313,3427002.400884352,0.8708264915161467,0.8308236543582731,37,290,1,3838.0,8230,4534,3696,0.06975789905621665,0.20172786177105828,156,51.54842644184209,3838.0,7,12,False,"{2: 11, 0: 5, 4: 24}","{(0, 2): [(5, 11)], (4, 0): [(24, 11), (11, 5)], (4, 2): [(24, 11)]}","{(2, 11): {'cpu': 17}, (0, 5): {'cpu': 19}, (4, 24): {'cpu': 4}}","{((0, 2), (5, 11)): {'bw': 20}, ((4, 0), (24, 11)): {'bw': 41}, ((4, 0), (11, 5)): {'bw': 41}, ((4, 2), (24, 11)): {'bw': 44}}",0.0,0.0,146.0,73.0,321.0,0.0,0.0,0.0,0.0,0.0,0.0,0.0,0.0,0.0,Route Failure,2400.0,"{'node_level': {'cpu': -32}, 'link_level': {'bw': 100.0}, 'path_level': {}}","{'node_level': {2: {'cpu': -73}, 0: {'cpu': -48}, 4: {'cpu': -88}, 5: {'cpu': -32}}, 'link_level': {(0, 2): {'bw': -45}, (4, 0): {'bw': -4}, (4, 2): {'bw': -2}, (5, 2): {'bw': 100.0}}, 'path_level': {(0, 2): {}, (4, 0): {}, (4, 2): {}, (5, 2): {}}}","{'node_level': {2: {'cpu': 0}, 0: {'cpu': 0}, 4: {'cpu': 0}, 5: {'cpu': 0}}, 'link_level': {(0, 2): {'bw': 0}, (4, 0): {'bw': 0}, (4, 2): {'bw': 0}, (5, 2): {'bw': 100.0}}, 'path_level': {(0, 2): {}, (4, 0): {}, (4, 2): {}, (5, 2): {}}}",[],100.0,100.0,True,False,False,0,[],0,0.0,24.0,3.0,3.0
157,51,8,4773.0,5481.0,2847234.658197313,3427002.400884352,0.8708264915161467,0.8308236543582731,37,291,0,3838.212161065359,8321,4577,3744,0.060935576528518665,0.19136069114470844,150,146.21216106535908,3692.0,4,3,False,{},{},{},{},0.0,0.0,0.0,0.0,0.0,0.0,0.0,0.0,0.0,0.0,0.0,0.0,0.0,0.0,Leave Event,0.0,"{'node_level': {}, 'link_level': {}, 'path_level': {}}","{'node_level': {}, 'link_level': {}, 'path_level': {}}","{'node_level': {}, 'link_level': {}, 'path_level': {}}",[],-inf,-inf,True,True,False,0,[],0,0.0,,,
157,51,7,4773.0,5481.0,2847234.658197313,3427002.400884352,0.8708264915161467,0.8308236543582731,37,292,0,3842.8197084288254,8508,4630,3878,0.05006155108740251,0.1624190064794816,130,652.8197084288254,3190.0,4,4,False,{},{},{},{},0.0,0.0,0.0,0.0,0.0,0.0,0.0,0.0,0.0,0.0,0.0,0.0,0.0,0.0,Leave Event,0.0,"{'node_level': {}, 'link_level': {}, 'path_level': {}}","{'node_level': {}, 'link_level': {}, 'path_level': {}}","{'node_level': {}, 'link_level': {}, 'path_level': {}}",[],-inf,-inf,True,True,False,0,[],0,0.0,,,
157,51,7,4773.0,5481.0,2847234.658197313,3427002.400884352,0.8708264915161467,0.8308236543582731,37,293,0,3858.208419910995,8508,4630,3878,0.05006155108740251,0.1624190064794816,148,221.2084199109948,3637.0,7,9,False,{},{},{},{},0.0,0.0,0.0,0.0,0.0,0.0,0.0,0.0,0.0,0.0,0.0,0.0,0.0,0.0,Leave Event,0.0,"{'node_level': {}, 'link_level': {}, 'path_level': {}}","{'node_level': {}, 'link_level': {}, 'path_level': {}}","{'node_level': {}, 'link_level': {}, 'path_level': {}}",[],-inf,-inf,True,True,False,0,[],0,0.0,,,
157,51,7,4773.0,5481.0,2847234.658197313,3427002.400884352,0.8708264915161467,0.8308236543582731,37,294,0,3858.6667995769626,8508,4630,3878,0.05006155108740251,0.1624190064794816,151,146.66679957696257,3712.0,7,14,False,{},{},{},{},0.0,0.0,0.0,0.0,0.0,0.0,0.0,0.0,0.0,0.0,0.0,0.0,0.0,0.0,Leave Event,0.0,"{'node_level': {}, 'link_level': {}, 'path_level': {}}","{'node_level': {}, 'link_level': {}, 'path_level': {}}","{'node_level': {}, 'link_level': {}, 'path_level': {}}",[],-inf,-inf,True,True,False,0,[],0,0.0,,,
158,51,7,4773.0,5481.0,2847234.658197313,3427002.400884352,0.8708264915161467,0.8308236543582731,37,295,1,3862.0,8508,4630,3878,0.05006155108740251,0.1624190064794816,157,343.3117553354174,3862.0,6,8,False,"{4: 10, 2: 4, 3: 21, 1: 22, 0: 1}","{(2, 4): [(4, 10)], (3, 4): [(21, 10)], (1, 4): [(22, 10)], (0, 4): [(1, 4), (4, 10)]}","{(4, 10): {'cpu': 17}, (2, 4): {'cpu': 20}, (3, 21): {'cpu': 15}, (1, 22): {'cpu': 11}, (0, 1): {'cpu': 9}}","{((2, 4), (4, 10)): {'bw': 7}, ((3, 4), (21, 10)): {'bw': 34}, ((1, 4), (22, 10)): {'bw': 49}, ((0, 4), (1, 4)): {'bw': 12}, ((0, 4), (4, 10)): {'bw': 12}}",0.0,0.0,146.0,73.0,248.0,0.0,0.0,0.0,0.0,0.0,0.0,0.0,0.0,0.0,Route Failure,2200.0,"{'node_level': {'cpu': -69}, 'link_level': {'bw': 100.0}, 'path_level': {}}","{'node_level': {4: {'cpu': -67}, 2: {'cpu': -52}, 3: {'cpu': -38}, 1: {'cpu': -77}, 0: {'cpu': -55}, 5: {'cpu': -69}}, 'link_level': {(2, 4): {'bw': -83}, (3, 4): {'bw': -56}, (1, 4): {'bw': -18}, (0, 4): {'bw': -70}, (5, 0): {'bw': -16}, (5, 1): {'bw': 100.0}}, 'path_level': {(2, 4): {}, (3, 4): {}, (1, 4): {}, (0, 4): {}, (5, 0): {}, (5, 1): {}}}","{'node_level': {4: {'cpu': 0}, 2: {'cpu': 0}, 3: {'cpu': 0}, 1: {'cpu': 0}, 0: {'cpu': 0}, 5: {'cpu': 0}}, 'link_level': {(2, 4): {'bw': 0}, (3, 4): {'bw': 0}, (1, 4): {'bw': 0}, (0, 4): {'bw': 0}, (5, 0): {'bw': 0}, (5, 1): {'bw': 100.0}}, 'path_level': {(2, 4): {}, (3, 4): {}, (1, 4): {}, (0, 4): {}, (5, 0): {}, (5, 1): {}}}",[],100.0,100.0,True,False,False,0,[],0,0.0,22.0,5.0,4.0
158,51,7,4773.0,5481.0,2847234.658197313,3427002.400884352,0.8708264915161467,0.8308236543582731,37,296,0,3886.893954587569,8508,4630,3878,0.05006155108740251,0.1624190064794816,143,381.89395458756917,3505.0,5,7,False,{},{},{},{},0.0,0.0,0.0,0.0,0.0,0.0,0.0,0.0,0.0,0.0,0.0,0.0,0.0,0.0,Leave Event,0.0,"{'node_level': {}, 'link_level': {}, 'path_level': {}}","{'node_level': {}, 'link_level': {}, 'path_level': {}}","{'node_level': {}, 'link_level': {}, 'path_level': {}}",[],-inf,-inf,True,True,False,0,[],0,0.0,,,
159,51,7,4773.0,5481.0,2847234.658197313,3427002.400884352,0.8708264915161467,0.8308236543582731,37,297,1,3887.0,8508,4630,3878,0.05006155108740251,0.1624190064794816,158,36.10290143475958,3887.0,10,25,False,"{2: 10, 3: 4, 1: 21, 5: 1, 9: 38}","{(3, 2): [(4, 10)], (1, 2): [(21, 10)], (1, 3): [(21, 10), (10, 4)], (5, 1): [(1, 4), (4, 10), (10, 21)], (5, 2): [(1, 4), (4, 10)], (5, 3): [(1, 4)], (9, 2): [(38, 22), (22, 10)]}","{(2, 10): {'cpu': 7}, (3, 4): {'cpu': 14}, (1, 21): {'cpu': 10}, (5, 1): {'cpu': 12}, (9, 38): {'cpu': 15}}","{((3, 2), (4, 10)): {'bw': 10}, ((1, 2), (21, 10)): {'bw': 34}, ((1, 3), (21, 10)): {'bw': 43}, ((1, 3), (10, 4)): {'bw': 43}, ((5, 1), (1, 4)): {'bw': 0}, ((5, 1), (4, 10)): {'bw': 0}, ((5, 1), (10, 21)): {'bw': 0}, ((5, 2), (1, 4)): {'bw': 25}, ((5, 2), (4, 10)): {'bw': 25}, ((5, 3), (1, 4)): {'bw': 48}, ((9, 2), (38, 22)): {'bw': 48}, ((9, 2), (22, 10)): {'bw': 48}}",0.0,0.0,178.0,89.0,573.0,0.0,0.0,0.0,0.0,0.0,0.0,0.0,0.0,0.0,Route Failure,2200.0,"{'node_level': {'cpu': -68}, 'link_level': {'bw': 100.0}, 'path_level': {}}","{'node_level': {2: {'cpu': -77}, 3: {'cpu': -58}, 1: {'cpu': -43}, 5: {'cpu': -52}, 9: {'cpu': -66}, 4: {'cpu': -68}}, 'link_level': {(3, 2): {'bw': -80}, (1, 2): {'bw': -56}, (1, 3): {'bw': -13}, (5, 1): {'bw': -13}, (5, 2): {'bw': -12}, (5, 3): {'bw': -9}, (9, 2): {'bw': -8}, (4, 1): {'bw': 100.0}}, 'path_level': {(3, 2): {}, (1, 2): {}, (1, 3): {}, (5, 1): {}, (5, 2): {}, (5, 3): {}, (9, 2): {}, (4, 1): {}}}","{'node_level': {2: {'cpu': 0}, 3: {'cpu': 0}, 1: {'cpu': 0}, 5: {'cpu': 0}, 9: {'cpu': 0}, 4: {'cpu': 0}}, 'link_level': {(3, 2): {'bw': 0}, (1, 2): {'bw': 0}, (1, 3): {'bw': 0}, (5, 1): {'bw': 0}, (5, 2): {'bw': 0}, (5, 3): {'bw': 0}, (9, 2): {'bw': 0}, (4, 1): {'bw': 100.0}}, 'path_level': {(3, 2): {}, (1, 2): {}, (1, 3): {}, (5, 1): {}, (5, 2): {}, (5, 3): {}, (9, 2): {}, (4, 1): {}}}",[],100.0,100.0,True,False,False,0,[],0,0.0,22.0,5.0,7.0
159,51,7,4773.0,5481.0,2847234.658197313,3427002.400884352,0.8708264915161467,0.8308236543582731,37,298,0,3889.548426441842,8508,4630,3878,0.05006155108740251,0.1624190064794816,156,51.54842644184209,3838.0,7,12,False,{},{},{},{},0.0,0.0,0.0,0.0,0.0,0.0,0.0,0.0,0.0,0.0,0.0,0.0,0.0,0.0,Leave Event,0.0,"{'node_level': {}, 'link_level': {}, 'path_level': {}}","{'node_level': {}, 'link_level': {}, 'path_level': {}}","{'node_level': {}, 'link_level': {}, 'path_level': {}}",[],-inf,-inf,True,True,False,0,[],0,0.0,,,
159,51,7,4773.0,5481.0,2847234.658197313,3427002.400884352,0.8708264915161467,0.8308236543582731,37,299,0,3892.230180016225,8508,4630,3878,0.05006155108740251,0.1624190064794816,154,113.23018001622512,3779.0,7,10,False,{},{},{},{},0.0,0.0,0.0,0.0,0.0,0.0,0.0,0.0,0.0,0.0,0.0,0.0,0.0,0.0,Leave Event,0.0,"{'node_level': {}, 'link_level': {}, 'path_level': {}}","{'node_level': {}, 'link_level': {}, 'path_level': {}}","{'node_level': {}, 'link_level': {}, 'path_level': {}}",[],-inf,-inf,True,True,False,0,[],0,0.0,,,
159,51,7,4773.0,5481.0,2847234.658197313,3427002.400884352,0.8708264915161467,0.8308236543582731,37,300,0,3897.4597792631685,8508,4630,3878,0.05006155108740251,0.1624190064794816,137,551.4597792631687,3346.0,8,15,False,{},{},{},{},0.0,0.0,0.0,0.0,0.0,0.0,0.0,0.0,0.0,0.0,0.0,0.0,0.0,0.0,Leave Event,0.0,"{'node_level': {}, 'link_level': {}, 'path_level': {}}","{'node_level': {}, 'link_level': {}, 'path_level': {}}","{'node_level': {}, 'link_level': {}, 'path_level': {}}",[],-inf,-inf,True,True,False,0,[],0,0.0,,,
159,51,6,4773.0,5481.0,2847234.658197313,3427002.400884352,0.8708264915161467,0.8308236543582731,37,301,0,3907.2403986936947,8828,4718,4110,0.0320065654493229,0.11231101511879049,114,1118.2403986936947,2789.0,7,9,False,{},{},{},{},0.0,0.0,0.0,0.0,0.0,0.0,0.0,0.0,0.0,0.0,0.0,0.0,0.0,0.0,Leave Event,0.0,"{'node_level': {}, 'link_level': {}, 'path_level': {}}","{'node_level': {}, 'link_level': {}, 'path_level': {}}","{'node_level': {}, 'link_level': {}, 'path_level': {}}",[],-inf,-inf,True,True,False,0,[],0,0.0,,,
160,52,7,4926.0,5671.0,3056518.2569725704,3686897.0660300967,0.8686298712749074,0.8290218582814157,37,302,1,3922.0,8638,4681,3957,0.03959786622896999,0.1453563714902808,159,1367.8666586618137,3922.0,5,6,True,"{1: 10, 2: 4, 0: 21, 3: 22, 4: 1}","{(2, 1): [(4, 10)], (0, 1): [(21, 10)], (0, 2): [(21, 10), (10, 4)], (3, 1): [(22, 10)], (4, 2): [(1, 4)], (4, 3): [(1, 4), (4, 10), (10, 22)]}","{(1, 10): {'cpu': 12}, (2, 4): {'cpu': 9}, (0, 21): {'cpu': 5}, (3, 22): {'cpu': 8}, (4, 1): {'cpu': 3}}","{((2, 1), (4, 10)): {'bw': 15}, ((0, 1), (21, 10)): {'bw': 49}, ((0, 2), (21, 10)): {'bw': 17}, ((0, 2), (10, 4)): {'bw': 17}, ((3, 1), (22, 10)): {'bw': 12}, ((4, 2), (1, 4)): {'bw': 13}, ((4, 3), (1, 4)): {'bw': 10}, ((4, 3), (4, 10)): {'bw': 10}, ((4, 3), (10, 22)): {'bw': 10}}",190.0,153.0,74.0,37.0,116.0,37.0,116.0,37.0,153.0,37.0,0.8052631578947368,259894.6651457446,209283.5987752575,1101.492625132934,Success,0.0,"{'node_level': {'cpu': -61}, 'link_level': {'bw': -45}, 'path_level': {}}","{'node_level': {1: {'cpu': -72}, 2: {'cpu': -63}, 0: {'cpu': -48}, 3: {'cpu': -80}, 4: {'cpu': -61}}, 'link_level': {(2, 1): {'bw': -75}, (0, 1): {'bw': -41}, (0, 2): {'bw': -24}, (3, 1): {'bw': -55}, (4, 2): {'bw': -69}, (4, 3): {'bw': -45}}, 'path_level': {(2, 1): {}, (0, 1): {}, (0, 2): {}, (3, 1): {}, (4, 2): {}, (4, 3): {}}}","{'node_level': {1: {'cpu': 0}, 2: {'cpu': 0}, 0: {'cpu': 0}, 3: {'cpu': 0}, 4: {'cpu': 0}}, 'link_level': {(2, 1): {'bw': 0}, (0, 1): {'bw': 0}, (0, 2): {'bw': 0}, (3, 1): {'bw': 0}, (4, 2): {'bw': 0}, (4, 3): {'bw': 0}}, 'path_level': {(2, 1): {}, (0, 1): {}, (0, 2): {}, (3, 1): {}, (4, 2): {}, (4, 3): {}}}",[],-45.0,0.0,True,True,False,0,[],0,0.0,0.0,5.0,6.0
160,52,7,4926.0,5671.0,3056518.2569725704,3686897.0660300967,0.8686298712749074,0.8290218582814157,37,303,0,3923.1029014347596,8638,4681,3957,0.03959786622896999,0.1453563714902808,158,36.10290143475958,3887.0,10,25,False,{},{},{},{},0.0,0.0,0.0,0.0,0.0,0.0,0.0,0.0,0.0,0.0,0.0,0.0,0.0,0.0,Leave Event,0.0,"{'node_level': {}, 'link_level': {}, 'path_level': {}}","{'node_level': {}, 'link_level': {}, 'path_level': {}}","{'node_level': {}, 'link_level': {}, 'path_level': {}}",[],-inf,-inf,True,True,False,0,[],0,0.0,,,
161,52,7,4926.0,5671.0,3056518.2569725704,3686897.0660300967,0.8686298712749074,0.8290218582814157,37,304,1,3945.0,8638,4681,3957,0.03959786622896999,0.1453563714902808,160,115.39739575288432,3945.0,9,20,False,"{6: 14, 7: 6, 5: 2}","{(7, 6): [(6, 14)], (5, 6): [(2, 6), (6, 14)], (5, 7): [(2, 6)]}","{(6, 14): {'cpu': 17}, (7, 6): {'cpu': 11}, (5, 2): {'cpu': 14}}","{((7, 6), (6, 14)): {'bw': 47}, ((5, 6), (2, 6)): {'bw': 3}, ((5, 6), (6, 14)): {'bw': 3}, ((5, 7), (2, 6)): {'bw': 11}}",0.0,0.0,196.0,98.0,501.0,0.0,0.0,0.0,0.0,0.0,0.0,0.0,0.0,0.0,Route Failure,2400.0,"{'node_level': {'cpu': -62}, 'link_level': {'bw': 100.0}, 'path_level': {}}","{'node_level': {6: {'cpu': -54}, 7: {'cpu': -49}, 5: {'cpu': -70}, 1: {'cpu': -62}}, 'link_level': {(7, 6): {'bw': -9}, (5, 6): {'bw': -6}, (5, 7): {'bw': -56}, (1, 5): {'bw': -13}, (1, 6): {'bw': 100.0}}, 'path_level': {(7, 6): {}, (5, 6): {}, (5, 7): {}, (1, 5): {}, (1, 6): {}}}","{'node_level': {6: {'cpu': 0}, 7: {'cpu': 0}, 5: {'cpu': 0}, 1: {'cpu': 0}}, 'link_level': {(7, 6): {'bw': 0}, (5, 6): {'bw': 0}, (5, 7): {'bw': 0}, (1, 5): {'bw': 0}, (1, 6): {'bw': 100.0}}, 'path_level': {(7, 6): {}, (5, 6): {}, (5, 7): {}, (1, 5): {}, (1, 6): {}}}",[],100.0,100.0,True,False,False,0,[],0,0.0,24.0,3.0,3.0
162,52,7,4926.0,5671.0,3056518.2569725704,3686897.0660300967,0.8686298712749074,0.8290218582814157,37,305,1,3962.0,8638,4681,3957,0.03959786622896999,0.1453563714902808,161,312.008685853115,3962.0,7,11,False,"{0: 14, 5: 6, 3: 29}","{(5, 0): [(6, 14)], (3, 0): [(29, 14)], (3, 5): [(29, 14), (14, 6)]}","{(0, 14): {'cpu': 17}, (5, 6): {'cpu': 12}, (3, 29): {'cpu': 19}}","{((5, 0), (6, 14)): {'bw': 5}, ((3, 0), (29, 14)): {'bw': 6}, ((3, 5), (29, 14)): {'bw': 11}, ((3, 5), (14, 6)): {'bw': 11}}",0.0,0.0,150.0,75.0,222.0,0.0,0.0,0.0,0.0,0.0,0.0,0.0,0.0,0.0,Route Failure,2400.0,"{'node_level': {'cpu': -70}, 'link_level': {'bw': 100.0}, 'path_level': {}}","{'node_level': {0: {'cpu': -54}, 5: {'cpu': -48}, 3: {'cpu': -64}, 2: {'cpu': -70}}, 'link_level': {(5, 0): {'bw': -51}, (3, 0): {'bw': -67}, (3, 5): {'bw': -40}, (2, 0): {'bw': 100.0}, (2, 3): {'bw': 100.0}, (2, 5): {'bw': 100.0}}, 'path_level': {(5, 0): {}, (3, 0): {}, (3, 5): {}, (2, 0): {}, (2, 3): {}, (2, 5): {}}}","{'node_level': {0: {'cpu': 0}, 5: {'cpu': 0}, 3: {'cpu': 0}, 2: {'cpu': 0}}, 'link_level': {(5, 0): {'bw': 0}, (3, 0): {'bw': 0}, (3, 5): {'bw': 0}, (2, 0): {'bw': 100.0}, (2, 3): {'bw': 100.0}, (2, 5): {'bw': 100.0}}, 'path_level': {(5, 0): {}, (3, 0): {}, (3, 5): {}, (2, 0): {}, (2, 3): {}, (2, 5): {}}}",[],100.0,100.0,True,False,False,0,[],0,0.0,24.0,3.0,3.0
162,52,6,4926.0,5671.0,3056518.2569725704,3686897.0660300967,0.8686298712749074,0.8290218582814157,37,306,0,3969.5447239511227,8686,4708,3978,0.03405826836274106,0.14082073434125275,153,211.54472395112268,3758.0,3,2,False,{},{},{},{},0.0,0.0,0.0,0.0,0.0,0.0,0.0,0.0,0.0,0.0,0.0,0.0,0.0,0.0,Leave Event,0.0,"{'node_level': {}, 'link_level': {}, 'path_level': {}}","{'node_level': {}, 'link_level': {}, 'path_level': {}}","{'node_level': {}, 'link_level': {}, 'path_level': {}}",[],-inf,-inf,True,True,False,0,[],0,0.0,,,
163,52,6,4926.0,5671.0,3056518.2569725704,3686897.0660300967,0.8686298712749074,0.8290218582814157,37,307,1,3997.0,8686,4708,3978,0.03405826836274106,0.14082073434125275,162,267.7882553057225,3997.0,6,7,False,"{4: 8, 0: 3, 5: 17, 1: 18, 2: 1}","{(0, 4): [(3, 8)], (5, 0): [(17, 8), (8, 3)], (5, 4): [(17, 8)], (1, 4): [(18, 8)], (2, 4): [(1, 3), (3, 8)]}","{(4, 8): {'cpu': 19}, (0, 3): {'cpu': 14}, (5, 17): {'cpu': 13}, (1, 18): {'cpu': 16}, (2, 1): {'cpu': 10}}","{((0, 4), (3, 8)): {'bw': 7}, ((5, 0), (17, 8)): {'bw': 14}, ((5, 0), (8, 3)): {'bw': 14}, ((5, 4), (17, 8)): {'bw': 12}, ((1, 4), (18, 8)): {'bw': 30}, ((2, 4), (1, 3)): {'bw': 8}, ((2, 4), (3, 8)): {'bw': 8}}",0.0,0.0,146.0,73.0,160.0,0.0,0.0,0.0,0.0,0.0,0.0,0.0,0.0,0.0,Route Failure,2200.0,"{'node_level': {'cpu': -79}, 'link_level': {'bw': 100.0}, 'path_level': {}}","{'node_level': {4: {'cpu': -71}, 0: {'cpu': -44}, 5: {'cpu': -63}, 1: {'cpu': -54}, 2: {'cpu': -51}, 3: {'cpu': -79}}, 'link_level': {(0, 4): {'bw': -55}, (5, 0): {'bw': -41}, (5, 4): {'bw': -43}, (1, 4): {'bw': -38}, (2, 4): {'bw': -33}, (3, 0): {'bw': 100.0}, (3, 5): {'bw': 100.0}}, 'path_level': {(0, 4): {}, (5, 0): {}, (5, 4): {}, (1, 4): {}, (2, 4): {}, (3, 0): {}, (3, 5): {}}}","{'node_level': {4: {'cpu': 0}, 0: {'cpu': 0}, 5: {'cpu': 0}, 1: {'cpu': 0}, 2: {'cpu': 0}, 3: {'cpu': 0}}, 'link_level': {(0, 4): {'bw': 0}, (5, 0): {'bw': 0}, (5, 4): {'bw': 0}, (1, 4): {'bw': 0}, (2, 4): {'bw': 0}, (3, 0): {'bw': 100.0}, (3, 5): {'bw': 100.0}}, 'path_level': {(0, 4): {}, (5, 0): {}, (5, 4): {}, (1, 4): {}, (2, 4): {}, (3, 0): {}, (3, 5): {}}}",[],100.0,100.0,True,False,False,0,[],0,0.0,22.0,5.0,5.0
163,52,6,4926.0,5671.0,3056518.2569725704,3686897.0660300967,0.8686298712749074,0.8290218582814157,37,308,0,4013.934953461729,8686,4708,3978,0.03405826836274106,0.14082073434125275,147,406.9349534617289,3607.0,8,12,False,{},{},{},{},0.0,0.0,0.0,0.0,0.0,0.0,0.0,0.0,0.0,0.0,0.0,0.0,0.0,0.0,Leave Event,0.0,"{'node_level': {}, 'link_level': {}, 'path_level': {}}","{'node_level': {}, 'link_level': {}, 'path_level': {}}","{'node_level': {}, 'link_level': {}, 'path_level': {}}",[],-inf,-inf,True,True,False,0,[],0,0.0,,,
164,52,6,4926.0,5671.0,3056518.2569725704,3686897.0660300967,0.8686298712749074,0.8290218582814157,37,309,1,4021.0,8686,4708,3978,0.03405826836274106,0.14082073434125275,163,172.1880982922502,4021.0,7,12,False,"{6: 8, 3: 3, 0: 17, 4: 18, 2: 1}","{(3, 6): [(3, 8)], (0, 6): [(17, 8)], (4, 0): [(18, 8), (8, 17)], (4, 6): [(18, 8)], (2, 4): [(1, 3), (3, 8), (8, 18)], (2, 6): [(1, 3), (3, 8)]}","{(6, 8): {'cpu': 16}, (3, 3): {'cpu': 14}, (0, 17): {'cpu': 5}, (4, 18): {'cpu': 10}, (2, 1): {'cpu': 7}}","{((3, 6), (3, 8)): {'bw': 12}, ((0, 6), (17, 8)): {'bw': 44}, ((4, 0), (18, 8)): {'bw': 2}, ((4, 0), (8, 17)): {'bw': 2}, ((4, 6), (18, 8)): {'bw': 26}, ((2, 4), (1, 3)): {'bw': 0}, ((2, 4), (3, 8)): {'bw': 0}, ((2, 4), (8, 18)): {'bw': 0}, ((2, 6), (1, 3)): {'bw': 17}, ((2, 6), (3, 8)): {'bw': 17}}",0.0,0.0,120.0,60.0,251.0,0.0,0.0,0.0,0.0,0.0,0.0,0.0,0.0,0.0,Route Failure,2200.0,"{'node_level': {'cpu': -79}, 'link_level': {'bw': 100.0}, 'path_level': {}}","{'node_level': {6: {'cpu': -74}, 3: {'cpu': -44}, 0: {'cpu': -71}, 4: {'cpu': -60}, 2: {'cpu': -54}, 1: {'cpu': -79}}, 'link_level': {(3, 6): {'bw': -50}, (0, 6): {'bw': -25}, (4, 0): {'bw': -23}, (4, 6): {'bw': -40}, (2, 4): {'bw': -40}, (2, 6): {'bw': -33}, (1, 0): {'bw': -6}, (1, 3): {'bw': -1}, (1, 6): {'bw': 100.0}}, 'path_level': {(3, 6): {}, (0, 6): {}, (4, 0): {}, (4, 6): {}, (2, 4): {}, (2, 6): {}, (1, 0): {}, (1, 3): {}, (1, 6): {}}}","{'node_level': {6: {'cpu': 0}, 3: {'cpu': 0}, 0: {'cpu': 0}, 4: {'cpu': 0}, 2: {'cpu': 0}, 1: {'cpu': 0}}, 'link_level': {(3, 6): {'bw': 0}, (0, 6): {'bw': 0}, (4, 0): {'bw': 0}, (4, 6): {'bw': 0}, (2, 4): {'bw': 0}, (2, 6): {'bw': 0}, (1, 0): {'bw': 0}, (1, 3): {'bw': 0}, (1, 6): {'bw': 100.0}}, 'path_level': {(3, 6): {}, (0, 6): {}, (4, 0): {}, (4, 6): {}, (2, 4): {}, (2, 6): {}, (1, 0): {}, (1, 3): {}, (1, 6): {}}}",[],100.0,100.0,True,False,False,0,[],0,0.0,22.0,5.0,6.0
165,52,6,4926.0,5671.0,3056518.2569725704,3686897.0660300967,0.8686298712749074,0.8290218582814157,37,310,1,4047.0,8686,4708,3978,0.03405826836274106,0.14082073434125275,164,195.4324913848476,4047.0,4,5,False,"{0: 8, 1: 3, 2: 17}","{(1, 0): [(3, 8)], (2, 0): [(17, 8)], (2, 1): [(17, 8), (8, 3)]}","{(0, 8): {'cpu': 18}, (1, 3): {'cpu': 12}, (2, 17): {'cpu': 11}}","{((1, 0), (3, 8)): {'bw': 37}, ((2, 0), (17, 8)): {'bw': 38}, ((2, 1), (17, 8)): {'bw': 3}, ((2, 1), (8, 3)): {'bw': 3}}",0.0,0.0,90.0,45.0,148.0,0.0,0.0,0.0,0.0,0.0,0.0,0.0,0.0,0.0,Route Failure,2400.0,"{'node_level': {'cpu': -76}, 'link_level': {'bw': 100.0}, 'path_level': {}}","{'node_level': {0: {'cpu': -72}, 1: {'cpu': -46}, 2: {'cpu': -65}, 3: {'cpu': -76}}, 'link_level': {(1, 0): {'bw': -25}, (2, 0): {'bw': -31}, (2, 1): {'bw': -22}, (3, 1): {'bw': -1}, (3, 2): {'bw': 100.0}}, 'path_level': {(1, 0): {}, (2, 0): {}, (2, 1): {}, (3, 1): {}, (3, 2): {}}}","{'node_level': {0: {'cpu': 0}, 1: {'cpu': 0}, 2: {'cpu': 0}, 3: {'cpu': 0}}, 'link_level': {(1, 0): {'bw': 0}, (2, 0): {'bw': 0}, (2, 1): {'bw': 0}, (3, 1): {'bw': 0}, (3, 2): {'bw': 100.0}}, 'path_level': {(1, 0): {}, (2, 0): {}, (2, 1): {}, (3, 1): {}, (3, 2): {}}}",[],100.0,100.0,True,False,False,0,[],0,0.0,24.0,3.0,3.0
165,52,6,4926.0,5671.0,3056518.2569725704,3686897.0660300967,0.8686298712749074,0.8290218582814157,37,311,0,4060.397395752884,8686,4708,3978,0.03405826836274106,0.14082073434125275,160,115.39739575288432,3945.0,9,20,False,{},{},{},{},0.0,0.0,0.0,0.0,0.0,0.0,0.0,0.0,0.0,0.0,0.0,0.0,0.0,0.0,Leave Event,0.0,"{'node_level': {}, 'link_level': {}, 'path_level': {}}","{'node_level': {}, 'link_level': {}, 'path_level': {}}","{'node_level': {}, 'link_level': {}, 'path_level': {}}",[],-inf,-inf,True,True,False,0,[],0,0.0,,,
165,52,5,4926.0,5671.0,3056518.2569725704,3686897.0660300967,0.8686298712749074,0.8290218582814157,37,312,0,4066.997756286661,8778,4737,4041,0.0281083299138285,0.1272138228941685,142,590.997756286661,3476.0,3,3,False,{},{},{},{},0.0,0.0,0.0,0.0,0.0,0.0,0.0,0.0,0.0,0.0,0.0,0.0,0.0,0.0,Leave Event,0.0,"{'node_level': {}, 'link_level': {}, 'path_level': {}}","{'node_level': {}, 'link_level': {}, 'path_level': {}}","{'node_level': {}, 'link_level': {}, 'path_level': {}}",[],-inf,-inf,True,True,False,0,[],0,0.0,,,
166,52,5,4926.0,5671.0,3056518.2569725704,3686897.0660300967,0.8686298712749074,0.8290218582814157,37,313,1,4070.0,8778,4737,4041,0.0281083299138285,0.1272138228941685,165,118.87331926670439,4070.0,8,12,False,"{0: 11, 1: 5, 4: 23, 6: 24, 7: 2, 2: 40}","{(1, 0): [(5, 11)], (4, 0): [(23, 11)], (4, 1): [(23, 11), (11, 5)], (6, 0): [(24, 11)], (7, 0): [(2, 5), (5, 11)], (7, 1): [(2, 5)], (2, 0): [(40, 24), (24, 11)]}","{(0, 11): {'cpu': 5}, (1, 5): {'cpu': 7}, (4, 23): {'cpu': 13}, (6, 24): {'cpu': 16}, (7, 2): {'cpu': 5}, (2, 40): {'cpu': 3}}","{((1, 0), (5, 11)): {'bw': 19}, ((4, 0), (23, 11)): {'bw': 11}, ((4, 1), (23, 11)): {'bw': 38}, ((4, 1), (11, 5)): {'bw': 38}, ((6, 0), (24, 11)): {'bw': 18}, ((7, 0), (2, 5)): {'bw': 27}, ((7, 0), (5, 11)): {'bw': 27}, ((7, 1), (2, 5)): {'bw': 1}, ((2, 0), (40, 24)): {'bw': 47}, ((2, 0), (24, 11)): {'bw': 47}}",0.0,0.0,108.0,54.0,254.0,0.0,0.0,0.0,0.0,0.0,0.0,0.0,0.0,0.0,Route Failure,2100.0,"{'node_level': {'cpu': -51}, 'link_level': {'bw': 100.0}, 'path_level': {}}","{'node_level': {0: {'cpu': -94}, 1: {'cpu': -77}, 4: {'cpu': -41}, 6: {'cpu': -76}, 7: {'cpu': -79}, 2: {'cpu': -63}, 3: {'cpu': -51}}, 'link_level': {(1, 0): {'bw': -65}, (4, 0): {'bw': -45}, (4, 1): {'bw': -7}, (6, 0): {'bw': -69}, (7, 0): {'bw': 0}, (7, 1): {'bw': 0}, (2, 0): {'bw': -18}, (3, 1): {'bw': 100.0}}, 'path_level': {(1, 0): {}, (4, 0): {}, (4, 1): {}, (6, 0): {}, (7, 0): {}, (7, 1): {}, (2, 0): {}, (3, 1): {}}}","{'node_level': {0: {'cpu': 0}, 1: {'cpu': 0}, 4: {'cpu': 0}, 6: {'cpu': 0}, 7: {'cpu': 0}, 2: {'cpu': 0}, 3: {'cpu': 0}}, 'link_level': {(1, 0): {'bw': 0}, (4, 0): {'bw': 0}, (4, 1): {'bw': 0}, (6, 0): {'bw': 0}, (7, 0): {'bw': 0}, (7, 1): {'bw': 0}, (2, 0): {'bw': 0}, (3, 1): {'bw': 100.0}}, 'path_level': {(1, 0): {}, (4, 0): {}, (4, 1): {}, (6, 0): {}, (7, 0): {}, (7, 1): {}, (2, 0): {}, (3, 1): {}}}",[],100.0,100.0,True,False,False,0,[],0,0.0,21.0,6.0,7.0
167,53,6,4965.0,5710.0,3062931.3537597302,3693310.1628172565,0.8695271453590193,0.8293187462553447,37,314,1,4104.0,8739,4708,4031,0.03405826836274106,0.1293736501079914,166,164.43837915794091,4104.0,2,1,True,"{1: 11, 0: 5}","{(0, 1): [(5, 11)]}","{(1, 11): {'cpu': 17}, (0, 5): {'cpu': 12}}","{((0, 1), (5, 11)): {'bw': 10}}",39.0,39.0,58.0,29.0,10.0,29.0,10.0,29.0,10.0,0.0,1.0,6413.096787159696,6413.096787159696,164.43837915794091,Success,0.0,"{'node_level': {'cpu': -72}, 'link_level': {'bw': -74}, 'path_level': {}}","{'node_level': {1: {'cpu': -82}, 0: {'cpu': -72}}, 'link_level': {(0, 1): {'bw': -74}}, 'path_level': {(0, 1): {}}}","{'node_level': {1: {'cpu': 0}, 0: {'cpu': 0}}, 'link_level': {(0, 1): {'bw': 0}}, 'path_level': {(0, 1): {}}}",[],-72.0,0.0,True,True,False,0,[],0,0.0,0.0,2.0,1.0
167,53,6,4965.0,5710.0,3062931.3537597302,3693310.1628172565,0.8695271453590193,0.8293187462553447,37,315,0,4115.023616872072,8739,4708,4031,0.03405826836274106,0.1293736501079914,123,1117.023616872072,2998.0,8,15,False,{},{},{},{},0.0,0.0,0.0,0.0,0.0,0.0,0.0,0.0,0.0,0.0,0.0,0.0,0.0,0.0,Leave Event,0.0,"{'node_level': {}, 'link_level': {}, 'path_level': {}}","{'node_level': {}, 'link_level': {}, 'path_level': {}}","{'node_level': {}, 'link_level': {}, 'path_level': {}}",[],-inf,-inf,True,True,False,0,[],0,0.0,,,
167,53,5,4965.0,5710.0,3062931.3537597302,3693310.1628172565,0.8695271453590193,0.8293187462553447,37,316,0,4128.200373587617,8970,4752,4218,0.025030775543701256,0.08898488120950321,107,1513.200373587617,2615.0,5,7,False,{},{},{},{},0.0,0.0,0.0,0.0,0.0,0.0,0.0,0.0,0.0,0.0,0.0,0.0,0.0,0.0,Leave Event,0.0,"{'node_level': {}, 'link_level': {}, 'path_level': {}}","{'node_level': {}, 'link_level': {}, 'path_level': {}}","{'node_level': {}, 'link_level': {}, 'path_level': {}}",[],-inf,-inf,True,True,False,0,[],0,0.0,,,
168,53,5,4965.0,5710.0,3062931.3537597302,3693310.1628172565,0.8695271453590193,0.8293187462553447,37,317,1,4132.0,8970,4752,4218,0.025030775543701256,0.08898488120950321,167,62.27451933872182,4132.0,7,11,False,"{1: 2, 4: 0}","{(4, 1): [(0, 2)]}","{(1, 2): {'cpu': 20}, (4, 0): {'cpu': 5}}","{((4, 1), (0, 2)): {'bw': 47}}",0.0,0.0,106.0,53.0,304.0,0.0,0.0,0.0,0.0,0.0,0.0,0.0,0.0,0.0,Route Failure,4500.0,"{'node_level': {'cpu': -75}, 'link_level': {'bw': 100.0}, 'path_level': {}}","{'node_level': {1: {'cpu': -75}, 4: {'cpu': -85}, 0: {'cpu': -75}}, 'link_level': {(4, 1): {'bw': -35}, (0, 1): {'bw': 100.0}, (0, 4): {'bw': 100.0}}, 'path_level': {(4, 1): {}, (0, 1): {}, (0, 4): {}}}","{'node_level': {1: {'cpu': 0}, 4: {'cpu': 0}, 0: {'cpu': 0}}, 'link_level': {(4, 1): {'bw': 0}, (0, 1): {'bw': 100.0}, (0, 4): {'bw': 100.0}}, 'path_level': {(4, 1): {}, (0, 1): {}, (0, 4): {}}}",[],100.0,100.0,True,False,False,0,[],0,0.0,45.0,2.0,1.0
169,53,5,4965.0,5710.0,3062931.3537597302,3693310.1628172565,0.8695271453590193,0.8293187462553447,37,318,1,4155.0,8970,4752,4218,0.025030775543701256,0.08898488120950321,168,584.3862908414336,4155.0,9,13,False,"{8: 2, 3: 0, 5: 5, 1: 6}","{(3, 8): [(0, 2)], (5, 3): [(5, 2), (2, 0)], (5, 8): [(5, 2)], (1, 8): [(6, 2)]}","{(8, 2): {'cpu': 17}, (3, 0): {'cpu': 8}, (5, 5): {'cpu': 12}, (1, 6): {'cpu': 19}}","{((3, 8), (0, 2)): {'bw': 7}, ((5, 3), (5, 2)): {'bw': 24}, ((5, 3), (2, 0)): {'bw': 24}, ((5, 8), (5, 2)): {'bw': 37}, ((1, 8), (6, 2)): {'bw': 47}}",0.0,0.0,166.0,83.0,440.0,0.0,0.0,0.0,0.0,0.0,0.0,0.0,0.0,0.0,Route Failure,4300.0,"{'node_level': {'cpu': -77}, 'link_level': {'bw': 100.0}, 'path_level': {}}","{'node_level': {8: {'cpu': -78}, 3: {'cpu': -82}, 5: {'cpu': -65}, 1: {'cpu': -49}, 2: {'cpu': -77}}, 'link_level': {(3, 8): {'bw': -75}, (5, 3): {'bw': -51}, (5, 8): {'bw': -15}, (1, 8): {'bw': -53}, (2, 1): {'bw': -24}, (2, 3): {'bw': 100.0}, (2, 5): {'bw': 100.0}}, 'path_level': {(3, 8): {}, (5, 3): {}, (5, 8): {}, (1, 8): {}, (2, 1): {}, (2, 3): {}, (2, 5): {}}}","{'node_level': {8: {'cpu': 0}, 3: {'cpu': 0}, 5: {'cpu': 0}, 1: {'cpu': 0}, 2: {'cpu': 0}}, 'link_level': {(3, 8): {'bw': 0}, (5, 3): {'bw': 0}, (5, 8): {'bw': 0}, (1, 8): {'bw': 0}, (2, 1): {'bw': 0}, (2, 3): {'bw': 100.0}, (2, 5): {'bw': 100.0}}, 'path_level': {(3, 8): {}, (5, 3): {}, (5, 8): {}, (1, 8): {}, (2, 1): {}, (2, 3): {}, (2, 5): {}}}",[],100.0,100.0,True,False,False,0,[],0,0.0,43.0,4.0,4.0
170,54,6,5071.0,5816.0,3117749.4499434177,3748128.259000944,0.8719050894085282,0.8318150379342801,37,319,1,4176.0,8864,4716,4148,0.03241690603200653,0.10410367170626345,169,517.1518507895037,4176.0,3,2,True,"{2: 2, 1: 0, 0: 5}","{(1, 2): [(0, 2)], (0, 2): [(5, 2)]}","{(2, 2): {'cpu': 8}, (1, 0): {'cpu': 12}, (0, 5): {'cpu': 16}}","{((1, 2), (0, 2)): {'bw': 43}, ((0, 2), (5, 2)): {'bw': 27}}",106.0,106.0,72.0,36.0,70.0,36.0,70.0,36.0,70.0,0.0,1.0,54818.09618368739,54818.09618368739,517.1518507895037,Success,0.0,"{'node_level': {'cpu': -61}, 'link_level': {'bw': -49}, 'path_level': {}}","{'node_level': {2: {'cpu': -87}, 1: {'cpu': -78}, 0: {'cpu': -61}}, 'link_level': {(1, 2): {'bw': -39}, (0, 2): {'bw': -49}}, 'path_level': {(1, 2): {}, (0, 2): {}}}","{'node_level': {2: {'cpu': 0}, 1: {'cpu': 0}, 0: {'cpu': 0}}, 'link_level': {(1, 2): {'bw': 0}, (0, 2): {'bw': 0}}, 'path_level': {(1, 2): {}, (0, 2): {}}}",[],-49.0,0.0,True,True,False,0,[],0,0.0,0.0,3.0,2.0
170,54,6,5071.0,5816.0,3117749.4499434177,3748128.259000944,0.8719050894085282,0.8318150379342801,37,320,0,4188.873319266704,8864,4716,4148,0.03241690603200653,0.10410367170626345,165,118.87331926670439,4070.0,8,12,False,{},{},{},{},0.0,0.0,0.0,0.0,0.0,0.0,0.0,0.0,0.0,0.0,0.0,0.0,0.0,0.0,Leave Event,0.0,"{'node_level': {}, 'link_level': {}, 'path_level': {}}","{'node_level': {}, 'link_level': {}, 'path_level': {}}","{'node_level': {}, 'link_level': {}, 'path_level': {}}",[],-inf,-inf,True,True,False,0,[],0,0.0,,,
170,54,6,5071.0,5816.0,3117749.4499434177,3748128.259000944,0.8719050894085282,0.8318150379342801,37,321,0,4193.18809829225,8864,4716,4148,0.03241690603200653,0.10410367170626345,163,172.1880982922502,4021.0,7,12,False,{},{},{},{},0.0,0.0,0.0,0.0,0.0,0.0,0.0,0.0,0.0,0.0,0.0,0.0,0.0,0.0,Leave Event,0.0,"{'node_level': {}, 'link_level': {}, 'path_level': {}}","{'node_level': {}, 'link_level': {}, 'path_level': {}}","{'node_level': {}, 'link_level': {}, 'path_level': {}}",[],-inf,-inf,True,True,False,0,[],0,0.0,,,
170,54,6,5071.0,5816.0,3117749.4499434177,3748128.259000944,0.8719050894085282,0.8318150379342801,37,322,0,4194.274519338722,8864,4716,4148,0.03241690603200653,0.10410367170626345,167,62.27451933872182,4132.0,7,11,False,{},{},{},{},0.0,0.0,0.0,0.0,0.0,0.0,0.0,0.0,0.0,0.0,0.0,0.0,0.0,0.0,Leave Event,0.0,"{'node_level': {}, 'link_level': {}, 'path_level': {}}","{'node_level': {}, 'link_level': {}, 'path_level': {}}","{'node_level': {}, 'link_level': {}, 'path_level': {}}",[],-inf,-inf,True,True,False,0,[],0,0.0,,,
171,54,6,5071.0,5816.0,3117749.4499434177,3748128.259000944,0.8719050894085282,0.8318150379342801,37,323,1,4197.0,8864,4716,4148,0.03241690603200653,0.10410367170626345,170,186.641334052943,4197.0,8,14,False,"{1: 8, 3: 3, 4: 17, 7: 18}","{(3, 1): [(3, 8)], (4, 1): [(17, 8)], (7, 1): [(18, 8)]}","{(1, 8): {'cpu': 4}, (3, 3): {'cpu': 12}, (4, 17): {'cpu': 18}, (7, 18): {'cpu': 20}}","{((3, 1), (3, 8)): {'bw': 17}, ((4, 1), (17, 8)): {'bw': 5}, ((7, 1), (18, 8)): {'bw': 35}}",0.0,0.0,128.0,64.0,337.0,0.0,0.0,0.0,0.0,0.0,0.0,0.0,0.0,0.0,Route Failure,2300.0,"{'node_level': {'cpu': -79}, 'link_level': {'bw': 100.0}, 'path_level': {}}","{'node_level': {1: {'cpu': -86}, 3: {'cpu': -46}, 4: {'cpu': -58}, 7: {'cpu': -50}, 6: {'cpu': -79}}, 'link_level': {(3, 1): {'bw': -45}, (4, 1): {'bw': -64}, (7, 1): {'bw': -33}, (6, 1): {'bw': -2}, (6, 3): {'bw': 100.0}, (6, 7): {'bw': 100.0}}, 'path_level': {(3, 1): {}, (4, 1): {}, (7, 1): {}, (6, 1): {}, (6, 3): {}, (6, 7): {}}}","{'node_level': {1: {'cpu': 0}, 3: {'cpu': 0}, 4: {'cpu': 0}, 7: {'cpu': 0}, 6: {'cpu': 0}}, 'link_level': {(3, 1): {'bw': 0}, (4, 1): {'bw': 0}, (7, 1): {'bw': 0}, (6, 1): {'bw': 0}, (6, 3): {'bw': 100.0}, (6, 7): {'bw': 100.0}}, 'path_level': {(3, 1): {}, (4, 1): {}, (7, 1): {}, (6, 1): {}, (6, 3): {}, (6, 7): {}}}",[],100.0,100.0,True,False,False,0,[],0,0.0,23.0,4.0,3.0
171,54,6,5071.0,5816.0,3117749.4499434177,3748128.259000944,0.8719050894085282,0.8318150379342801,37,324,0,4205.311755335418,8864,4716,4148,0.03241690603200653,0.10410367170626345,157,343.3117553354174,3862.0,6,8,False,{},{},{},{},0.0,0.0,0.0,0.0,0.0,0.0,0.0,0.0,0.0,0.0,0.0,0.0,0.0,0.0,Leave Event,0.0,"{'node_level': {}, 'link_level': {}, 'path_level': {}}","{'node_level': {}, 'link_level': {}, 'path_level': {}}","{'node_level': {}, 'link_level': {}, 'path_level': {}}",[],-inf,-inf,True,True,False,0,[],0,0.0,,,
172,54,6,5071.0,5816.0,3117749.4499434177,3748128.259000944,0.8719050894085282,0.8318150379342801,37,325,1,4220.0,8864,4716,4148,0.03241690603200653,0.10410367170626345,171,1061.378972983742,4220.0,9,20,False,"{3: 8, 8: 3}","{(8, 3): [(3, 8)]}","{(3, 8): {'cpu': 15}, (8, 3): {'cpu': 15}}","{((8, 3), (3, 8)): {'bw': 30}}",0.0,0.0,172.0,86.0,481.0,0.0,0.0,0.0,0.0,0.0,0.0,0.0,0.0,0.0,Route Failure,2500.0,"{'node_level': {'cpu': -66}, 'link_level': {'bw': 100.0}, 'path_level': {}}","{'node_level': {3: {'cpu': -75}, 8: {'cpu': -43}, 1: {'cpu': -66}}, 'link_level': {(8, 3): {'bw': -32}, (1, 3): {'bw': 100.0}, (1, 8): {'bw': 100.0}}, 'path_level': {(8, 3): {}, (1, 3): {}, (1, 8): {}}}","{'node_level': {3: {'cpu': 0}, 8: {'cpu': 0}, 1: {'cpu': 0}}, 'link_level': {(8, 3): {'bw': 0}, (1, 3): {'bw': 100.0}, (1, 8): {'bw': 100.0}}, 'path_level': {(8, 3): {}, (1, 3): {}, (1, 8): {}}}",[],100.0,100.0,True,False,False,0,[],0,0.0,25.0,2.0,1.0
172,54,6,5071.0,5816.0,3117749.4499434177,3748128.259000944,0.8719050894085282,0.8318150379342801,37,326,0,4242.432491384848,8864,4716,4148,0.03241690603200653,0.10410367170626345,164,195.4324913848476,4047.0,4,5,False,{},{},{},{},0.0,0.0,0.0,0.0,0.0,0.0,0.0,0.0,0.0,0.0,0.0,0.0,0.0,0.0,Leave Event,0.0,"{'node_level': {}, 'link_level': {}, 'path_level': {}}","{'node_level': {}, 'link_level': {}, 'path_level': {}}","{'node_level': {}, 'link_level': {}, 'path_level': {}}",[],-inf,-inf,True,True,False,0,[],0,0.0,,,
173,55,7,5099.0,5844.0,3124586.664499087,3754965.473556613,0.8725188227241615,0.8321212768807574,37,327,1,4243.0,8836,4691,4145,0.03754616331555194,0.10475161987041037,172,244.18623413104092,4243.0,2,1,True,"{1: 8, 0: 3}","{(0, 1): [(3, 8)]}","{(1, 8): {'cpu': 17}, (0, 3): {'cpu': 8}}","{((0, 1), (3, 8)): {'bw': 3}}",28.0,28.0,50.0,25.0,3.0,25.0,3.0,25.0,3.0,0.0,1.0,6837.214555669146,6837.214555669146,244.18623413104092,Success,0.0,"{'node_level': {'cpu': -50}, 'link_level': {'bw': -59}, 'path_level': {}}","{'node_level': {1: {'cpu': -73}, 0: {'cpu': -50}}, 'link_level': {(0, 1): {'bw': -59}}, 'path_level': {(0, 1): {}}}","{'node_level': {1: {'cpu': 0}, 0: {'cpu': 0}}, 'link_level': {(0, 1): {'bw': 0}}, 'path_level': {(0, 1): {}}}",[],-50.0,0.0,True,True,False,0,[],0,0.0,0.0,2.0,1.0
173,55,7,5099.0,5844.0,3124586.664499087,3754965.473556613,0.8725188227241615,0.8321212768807574,37,328,0,4264.7882553057225,8836,4691,4145,0.03754616331555194,0.10475161987041037,162,267.7882553057225,3997.0,6,7,False,{},{},{},{},0.0,0.0,0.0,0.0,0.0,0.0,0.0,0.0,0.0,0.0,0.0,0.0,0.0,0.0,Leave Event,0.0,"{'node_level': {}, 'link_level': {}, 'path_level': {}}","{'node_level': {}, 'link_level': {}, 'path_level': {}}","{'node_level': {}, 'link_level': {}, 'path_level': {}}",[],-inf,-inf,True,True,False,0,[],0,0.0,,,
174,55,7,5099.0,5844.0,3124586.664499087,3754965.473556613,0.8725188227241615,0.8321212768807574,37,329,1,4265.0,8836,4691,4145,0.03754616331555194,0.10475161987041037,173,472.2027627596061,4265.0,3,3,False,"{1: 11, 0: 5}","{(0, 1): [(5, 11)]}","{(1, 11): {'cpu': 14}, (0, 5): {'cpu': 6}}","{((0, 1), (5, 11)): {'bw': 36}}",0.0,0.0,44.0,22.0,123.0,0.0,0.0,0.0,0.0,0.0,0.0,0.0,0.0,0.0,Route Failure,2500.0,"{'node_level': {'cpu': -51}, 'link_level': {'bw': 100.0}, 'path_level': {}}","{'node_level': {1: {'cpu': -68}, 0: {'cpu': -55}, 2: {'cpu': -51}}, 'link_level': {(0, 1): {'bw': -38}, (2, 0): {'bw': -3}, (2, 1): {'bw': 100.0}}, 'path_level': {(0, 1): {}, (2, 0): {}, (2, 1): {}}}","{'node_level': {1: {'cpu': 0}, 0: {'cpu': 0}, 2: {'cpu': 0}}, 'link_level': {(0, 1): {'bw': 0}, (2, 0): {'bw': 0}, (2, 1): {'bw': 100.0}}, 'path_level': {(0, 1): {}, (2, 0): {}, (2, 1): {}}}",[],100.0,100.0,True,False,False,0,[],0,0.0,25.0,2.0,1.0
174,55,6,5099.0,5844.0,3124586.664499087,3754965.473556613,0.8725188227241615,0.8321212768807574,37,330,0,4268.438379157941,8875,4720,4155,0.031596224866639266,0.10259179265658747,166,164.43837915794091,4104.0,2,1,False,{},{},{},{},0.0,0.0,0.0,0.0,0.0,0.0,0.0,0.0,0.0,0.0,0.0,0.0,0.0,0.0,Leave Event,0.0,"{'node_level': {}, 'link_level': {}, 'path_level': {}}","{'node_level': {}, 'link_level': {}, 'path_level': {}}","{'node_level': {}, 'link_level': {}, 'path_level': {}}",[],-inf,-inf,True,True,False,0,[],0,0.0,,,
174,55,5,5099.0,5844.0,3124586.664499087,3754965.473556613,0.8725188227241615,0.8321212768807574,37,331,0,4270.357060675401,9012,4741,4271,0.027287648748461235,0.07753779697624186,91,2041.3570606754013,2229.0,4,3,False,{},{},{},{},0.0,0.0,0.0,0.0,0.0,0.0,0.0,0.0,0.0,0.0,0.0,0.0,0.0,0.0,Leave Event,0.0,"{'node_level': {}, 'link_level': {}, 'path_level': {}}","{'node_level': {}, 'link_level': {}, 'path_level': {}}","{'node_level': {}, 'link_level': {}, 'path_level': {}}",[],-inf,-inf,True,True,False,0,[],0,0.0,,,
174,55,5,5099.0,5844.0,3124586.664499087,3754965.473556613,0.8725188227241615,0.8321212768807574,37,332,0,4274.008685853115,9012,4741,4271,0.027287648748461235,0.07753779697624186,161,312.008685853115,3962.0,7,11,False,{},{},{},{},0.0,0.0,0.0,0.0,0.0,0.0,0.0,0.0,0.0,0.0,0.0,0.0,0.0,0.0,Leave Event,0.0,"{'node_level': {}, 'link_level': {}, 'path_level': {}}","{'node_level': {}, 'link_level': {}, 'path_level': {}}","{'node_level': {}, 'link_level': {}, 'path_level': {}}",[],-inf,-inf,True,True,False,0,[],0,0.0,,,
175,56,6,5256.0,6040.0,3182723.280359286,3827543.6691527856,0.8701986754966887,0.8315315396685654,37,333,1,4293.0,8816,4699,4117,0.03590480098481741,0.11079913606911451,174,370.2969163070019,4293.0,4,4,True,"{2: 11, 0: 5, 3: 23, 1: 24}","{(0, 2): [(5, 11)], (3, 2): [(23, 11)], (1, 0): [(24, 11), (11, 5)], (1, 2): [(24, 11)]}","{(2, 11): {'cpu': 10}, (0, 5): {'cpu': 8}, (3, 23): {'cpu': 19}, (1, 24): {'cpu': 5}}","{((0, 2), (5, 11)): {'bw': 25}, ((3, 2), (23, 11)): {'bw': 32}, ((1, 0), (24, 11)): {'bw': 39}, ((1, 0), (11, 5)): {'bw': 39}, ((1, 2), (24, 11)): {'bw': 19}}",196.0,157.0,84.0,42.0,115.0,42.0,115.0,42.0,154.0,39.0,0.8010204081632653,72578.19559617237,58136.615860199294,296.6153870418331,Success,0.0,"{'node_level': {'cpu': -87}, 'link_level': {'bw': -20}, 'path_level': {}}","{'node_level': {2: {'cpu': -89}, 0: {'cpu': -69}, 3: {'cpu': -35}, 1: {'cpu': -87}}, 'link_level': {(0, 2): {'bw': -59}, (3, 2): {'bw': -24}, (1, 0): {'bw': -20}, (1, 2): {'bw': -29}}, 'path_level': {(0, 2): {}, (3, 2): {}, (1, 0): {}, (1, 2): {}}}","{'node_level': {2: {'cpu': 0}, 0: {'cpu': 0}, 3: {'cpu': 0}, 1: {'cpu': 0}}, 'link_level': {(0, 2): {'bw': 0}, (3, 2): {'bw': 0}, (1, 0): {'bw': 0}, (1, 2): {'bw': 0}}, 'path_level': {(0, 2): {}, (3, 2): {}, (1, 0): {}, (1, 2): {}}}",[],-20.0,0.0,True,True,False,0,[],0,0.0,0.0,4.0,4.0
176,56,6,5256.0,6040.0,3182723.280359286,3827543.6691527856,0.8701986754966887,0.8315315396685654,37,334,1,4317.0,8816,4699,4117,0.03590480098481741,0.11079913606911451,175,196.56337257360008,4317.0,6,9,False,"{1: 12, 2: 5, 0: 25}","{(2, 1): [(5, 12)], (0, 1): [(25, 12)], (0, 2): [(25, 12), (12, 5)]}","{(1, 12): {'cpu': 20}, (2, 5): {'cpu': 17}, (0, 25): {'cpu': 6}}","{((2, 1), (5, 12)): {'bw': 23}, ((0, 1), (25, 12)): {'bw': 25}, ((0, 2), (25, 12)): {'bw': 17}, ((0, 2), (12, 5)): {'bw': 17}}",0.0,0.0,138.0,69.0,222.0,0.0,0.0,0.0,0.0,0.0,0.0,0.0,0.0,0.0,Route Failure,2400.0,"{'node_level': {'cpu': -49}, 'link_level': {'bw': 100.0}, 'path_level': {}}","{'node_level': {1: {'cpu': -61}, 2: {'cpu': -52}, 0: {'cpu': -87}, 3: {'cpu': -49}}, 'link_level': {(2, 1): {'bw': -36}, (0, 1): {'bw': -58}, (0, 2): {'bw': -19}, (3, 0): {'bw': 100.0}, (3, 1): {'bw': 100.0}}, 'path_level': {(2, 1): {}, (0, 1): {}, (0, 2): {}, (3, 0): {}, (3, 1): {}}}","{'node_level': {1: {'cpu': 0}, 2: {'cpu': 0}, 0: {'cpu': 0}, 3: {'cpu': 0}}, 'link_level': {(2, 1): {'bw': 0}, (0, 1): {'bw': 0}, (0, 2): {'bw': 0}, (3, 0): {'bw': 100.0}, (3, 1): {'bw': 100.0}}, 'path_level': {(2, 1): {}, (0, 1): {}, (0, 2): {}, (3, 0): {}, (3, 1): {}}}",[],100.0,100.0,True,False,False,0,[],0,0.0,24.0,3.0,3.0
176,56,6,5256.0,6040.0,3182723.280359286,3827543.6691527856,0.8701986754966887,0.8315315396685654,37,335,0,4320.3055150078635,8816,4699,4117,0.03590480098481741,0.11079913606911451,133,1065.3055150078635,3255.0,9,28,False,{},{},{},{},0.0,0.0,0.0,0.0,0.0,0.0,0.0,0.0,0.0,0.0,0.0,0.0,0.0,0.0,Leave Event,0.0,"{'node_level': {}, 'link_level': {}, 'path_level': {}}","{'node_level': {}, 'link_level': {}, 'path_level': {}}","{'node_level': {}, 'link_level': {}, 'path_level': {}}",[],-inf,-inf,True,True,False,0,[],0,0.0,,,
177,57,7,5318.0,6102.0,3265067.6675234293,3909888.056316929,0.8715175352343494,0.8350795778534608,37,336,1,4345.0,8754,4685,4069,0.03877718506360284,0.12116630669546435,176,1328.13527684102,4345.0,2,1,True,"{1: 12, 0: 5}","{(0, 1): [(5, 12)]}","{(1, 12): {'cpu': 8}, (0, 5): {'cpu': 6}}","{((0, 1), (5, 12)): {'bw': 48}}",62.0,62.0,28.0,14.0,48.0,14.0,48.0,14.0,48.0,0.0,1.0,82344.38716414323,82344.38716414323,1328.13527684102,Success,0.0,"{'node_level': {'cpu': -63}, 'link_level': {'bw': -11}, 'path_level': {}}","{'node_level': {1: {'cpu': -73}, 0: {'cpu': -63}}, 'link_level': {(0, 1): {'bw': -11}}, 'path_level': {(0, 1): {}}}","{'node_level': {1: {'cpu': 0}, 0: {'cpu': 0}}, 'link_level': {(0, 1): {'bw': 0}}, 'path_level': {(0, 1): {}}}",[],-11.0,0.0,True,True,False,0,[],0,0.0,0.0,2.0,1.0
178,57,7,5318.0,6102.0,3265067.6675234293,3909888.056316929,0.8715175352343494,0.8350795778534608,37,337,1,4372.0,8754,4685,4069,0.03877718506360284,0.12116630669546435,177,942.6003479946348,4372.0,8,16,False,"{7: 14, 3: 6, 2: 29, 1: 30}","{(3, 7): [(6, 14)], (2, 3): [(29, 14), (14, 6)], (2, 7): [(29, 14)], (1, 2): [(30, 14), (14, 29)], (1, 7): [(30, 14)]}","{(7, 14): {'cpu': 16}, (3, 6): {'cpu': 11}, (2, 29): {'cpu': 10}, (1, 30): {'cpu': 18}}","{((3, 7), (6, 14)): {'bw': 48}, ((2, 3), (29, 14)): {'bw': 4}, ((2, 3), (14, 6)): {'bw': 4}, ((2, 7), (29, 14)): {'bw': 19}, ((1, 2), (30, 14)): {'bw': 15}, ((1, 2), (14, 29)): {'bw': 15}, ((1, 7), (30, 14)): {'bw': 13}}",0.0,0.0,160.0,80.0,334.0,0.0,0.0,0.0,0.0,0.0,0.0,0.0,0.0,0.0,Route Failure,2300.0,"{'node_level': {'cpu': -86}, 'link_level': {'bw': 100.0}, 'path_level': {}}","{'node_level': {7: {'cpu': -55}, 3: {'cpu': -57}, 2: {'cpu': -73}, 1: {'cpu': -35}, 6: {'cpu': -86}}, 'link_level': {(3, 7): {'bw': -8}, (2, 3): {'bw': -4}, (2, 7): {'bw': -50}, (1, 2): {'bw': -35}, (1, 7): {'bw': -44}, (6, 3): {'bw': 100.0}, (6, 7): {'bw': 100.0}}, 'path_level': {(3, 7): {}, (2, 3): {}, (2, 7): {}, (1, 2): {}, (1, 7): {}, (6, 3): {}, (6, 7): {}}}","{'node_level': {7: {'cpu': 0}, 3: {'cpu': 0}, 2: {'cpu': 0}, 1: {'cpu': 0}, 6: {'cpu': 0}}, 'link_level': {(3, 7): {'bw': 0}, (2, 3): {'bw': 0}, (2, 7): {'bw': 0}, (1, 2): {'bw': 0}, (1, 7): {'bw': 0}, (6, 3): {'bw': 100.0}, (6, 7): {'bw': 100.0}}, 'path_level': {(3, 7): {}, (2, 3): {}, (2, 7): {}, (1, 2): {}, (1, 7): {}, (6, 3): {}, (6, 7): {}}}",[],100.0,100.0,True,False,False,0,[],0,0.0,23.0,4.0,5.0
178,57,7,5318.0,6102.0,3265067.6675234293,3909888.056316929,0.8715175352343494,0.8350795778534608,37,338,0,4383.641334052943,8754,4685,4069,0.03877718506360284,0.12116630669546435,170,186.641334052943,4197.0,8,14,False,{},{},{},{},0.0,0.0,0.0,0.0,0.0,0.0,0.0,0.0,0.0,0.0,0.0,0.0,0.0,0.0,Leave Event,0.0,"{'node_level': {}, 'link_level': {}, 'path_level': {}}","{'node_level': {}, 'link_level': {}, 'path_level': {}}","{'node_level': {}, 'link_level': {}, 'path_level': {}}",[],-inf,-inf,True,True,False,0,[],0,0.0,,,
179,57,7,5318.0,6102.0,3265067.6675234293,3909888.056316929,0.8715175352343494,0.8350795778534608,37,339,1,4401.0,8754,4685,4069,0.03877718506360284,0.12116630669546435,178,919.812316933456,4401.0,8,18,False,"{4: 14, 7: 6, 2: 29}","{(7, 4): [(6, 14)], (2, 4): [(29, 14)], (2, 7): [(29, 14), (14, 6)]}","{(4, 14): {'cpu': 20}, (7, 6): {'cpu': 13}, (2, 29): {'cpu': 12}}","{((7, 4), (6, 14)): {'bw': 45}, ((2, 4), (29, 14)): {'bw': 32}, ((2, 7), (29, 14)): {'bw': 11}, ((2, 7), (14, 6)): {'bw': 11}}",0.0,0.0,140.0,70.0,486.0,0.0,0.0,0.0,0.0,0.0,0.0,0.0,0.0,0.0,Route Failure,2400.0,"{'node_level': {'cpu': -86}, 'link_level': {'bw': 100.0}, 'path_level': {}}","{'node_level': {4: {'cpu': -51}, 7: {'cpu': -55}, 2: {'cpu': -71}, 1: {'cpu': -86}}, 'link_level': {(7, 4): {'bw': -11}, (2, 4): {'bw': -41}, (2, 7): {'bw': 0}, (1, 2): {'bw': 100.0}, (1, 4): {'bw': -38}, (1, 7): {'bw': 100.0}}, 'path_level': {(7, 4): {}, (2, 4): {}, (2, 7): {}, (1, 2): {}, (1, 4): {}, (1, 7): {}}}","{'node_level': {4: {'cpu': 0}, 7: {'cpu': 0}, 2: {'cpu': 0}, 1: {'cpu': 0}}, 'link_level': {(7, 4): {'bw': 0}, (2, 4): {'bw': 0}, (2, 7): {'bw': 0}, (1, 2): {'bw': 100.0}, (1, 4): {'bw': 0}, (1, 7): {'bw': 100.0}}, 'path_level': {(7, 4): {}, (2, 4): {}, (2, 7): {}, (1, 2): {}, (1, 4): {}, (1, 7): {}}}",[],100.0,100.0,True,False,False,0,[],0,0.0,24.0,3.0,3.0
180,57,7,5318.0,6102.0,3265067.6675234293,3909888.056316929,0.8715175352343494,0.8350795778534608,37,340,1,4425.0,8754,4685,4069,0.03877718506360284,0.12116630669546435,179,1542.7041794783074,4425.0,10,22,False,"{7: 14, 4: 6}","{(4, 7): [(6, 14)]}","{(7, 14): {'cpu': 16}, (4, 6): {'cpu': 12}}","{((4, 7), (6, 14)): {'bw': 39}}",0.0,0.0,214.0,107.0,511.0,0.0,0.0,0.0,0.0,0.0,0.0,0.0,0.0,0.0,Route Failure,2500.0,"{'node_level': {'cpu': -78}, 'link_level': {'bw': 100.0}, 'path_level': {}}","{'node_level': {7: {'cpu': -55}, 4: {'cpu': -56}, 2: {'cpu': -78}}, 'link_level': {(4, 7): {'bw': -17}, (2, 4): {'bw': 100.0}, (2, 7): {'bw': 100.0}}, 'path_level': {(4, 7): {}, (2, 4): {}, (2, 7): {}}}","{'node_level': {7: {'cpu': 0}, 4: {'cpu': 0}, 2: {'cpu': 0}}, 'link_level': {(4, 7): {'bw': 0}, (2, 4): {'bw': 100.0}, (2, 7): {'bw': 100.0}}, 'path_level': {(4, 7): {}, (2, 4): {}, (2, 7): {}}}",[],100.0,100.0,True,False,False,0,[],0,0.0,25.0,2.0,1.0
181,57,7,5318.0,6102.0,3265067.6675234293,3909888.056316929,0.8715175352343494,0.8350795778534608,37,341,1,4445.0,8754,4685,4069,0.03877718506360284,0.12116630669546435,180,1.2427562984826699,4445.0,8,18,False,"{3: 14, 2: 6, 7: 29, 5: 2}","{(2, 3): [(6, 14)], (7, 3): [(29, 14)], (5, 2): [(2, 6)], (5, 3): [(2, 6), (6, 14)]}","{(3, 14): {'cpu': 19}, (2, 6): {'cpu': 17}, (7, 29): {'cpu': 17}, (5, 2): {'cpu': 5}}","{((2, 3), (6, 14)): {'bw': 2}, ((7, 3), (29, 14)): {'bw': 5}, ((5, 2), (2, 6)): {'bw': 39}, ((5, 3), (2, 6)): {'bw': 43}, ((5, 3), (6, 14)): {'bw': 43}}",0.0,0.0,146.0,73.0,575.0,0.0,0.0,0.0,0.0,0.0,0.0,0.0,0.0,0.0,Route Failure,2300.0,"{'node_level': {'cpu': -86}, 'link_level': {'bw': 100.0}, 'path_level': {}}","{'node_level': {3: {'cpu': -52}, 2: {'cpu': -51}, 7: {'cpu': -66}, 5: {'cpu': -82}, 6: {'cpu': -86}}, 'link_level': {(2, 3): {'bw': -54}, (7, 3): {'bw': -68}, (5, 2): {'bw': -61}, (5, 3): {'bw': -11}, (6, 2): {'bw': 100.0}, (6, 3): {'bw': 100.0}}, 'path_level': {(2, 3): {}, (7, 3): {}, (5, 2): {}, (5, 3): {}, (6, 2): {}, (6, 3): {}}}","{'node_level': {3: {'cpu': 0}, 2: {'cpu': 0}, 7: {'cpu': 0}, 5: {'cpu': 0}, 6: {'cpu': 0}}, 'link_level': {(2, 3): {'bw': 0}, (7, 3): {'bw': 0}, (5, 2): {'bw': 0}, (5, 3): {'bw': 0}, (6, 2): {'bw': 100.0}, (6, 3): {'bw': 100.0}}, 'path_level': {(2, 3): {}, (7, 3): {}, (5, 2): {}, (5, 3): {}, (6, 2): {}, (6, 3): {}}}",[],100.0,100.0,True,False,False,0,[],0,0.0,23.0,4.0,4.0
181,57,7,5318.0,6102.0,3265067.6675234293,3909888.056316929,0.8715175352343494,0.8350795778534608,37,342,0,4446.242756298483,8754,4685,4069,0.03877718506360284,0.12116630669546435,180,1.2427562984826699,4445.0,8,18,False,{},{},{},{},0.0,0.0,0.0,0.0,0.0,0.0,0.0,0.0,0.0,0.0,0.0,0.0,0.0,0.0,Leave Event,0.0,"{'node_level': {}, 'link_level': {}, 'path_level': {}}","{'node_level': {}, 'link_level': {}, 'path_level': {}}","{'node_level': {}, 'link_level': {}, 'path_level': {}}",[],-inf,-inf,True,True,False,0,[],0,0.0,,,
181,57,7,5318.0,6102.0,3265067.6675234293,3909888.056316929,0.8715175352343494,0.8350795778534608,37,343,0,4451.051034257492,8754,4685,4069,0.03877718506360284,0.12116630669546435,134,1168.051034257492,3283.0,5,6,False,{},{},{},{},0.0,0.0,0.0,0.0,0.0,0.0,0.0,0.0,0.0,0.0,0.0,0.0,0.0,0.0,Leave Event,0.0,"{'node_level': {}, 'link_level': {}, 'path_level': {}}","{'node_level': {}, 'link_level': {}, 'path_level': {}}","{'node_level': {}, 'link_level': {}, 'path_level': {}}",[],-inf,-inf,True,True,False,0,[],0,0.0,,,
182,57,7,5318.0,6102.0,3265067.6675234293,3909888.056316929,0.8715175352343494,0.8350795778534608,37,344,1,4473.0,8754,4685,4069,0.03877718506360284,0.12116630669546435,181,338.75415408203503,4473.0,7,12,False,"{6: 14, 0: 6, 3: 2}","{(0, 6): [(6, 14)], (3, 0): [(2, 6)], (3, 6): [(2, 6), (6, 14)]}","{(6, 14): {'cpu': 18}, (0, 6): {'cpu': 15}, (3, 2): {'cpu': 6}}","{((0, 6), (6, 14)): {'bw': 24}, ((3, 0), (2, 6)): {'bw': 49}, ((3, 6), (2, 6)): {'bw': 17}, ((3, 6), (6, 14)): {'bw': 17}}",0.0,0.0,144.0,72.0,303.0,0.0,0.0,0.0,0.0,0.0,0.0,0.0,0.0,0.0,Route Failure,2400.0,"{'node_level': {'cpu': -84}, 'link_level': {'bw': 100.0}, 'path_level': {}}","{'node_level': {6: {'cpu': -53}, 0: {'cpu': -53}, 3: {'cpu': -81}, 5: {'cpu': -84}}, 'link_level': {(0, 6): {'bw': -32}, (3, 0): {'bw': -51}, (3, 6): {'bw': -15}, (5, 0): {'bw': 100.0}, (5, 3): {'bw': 100.0}, (5, 6): {'bw': 100.0}}, 'path_level': {(0, 6): {}, (3, 0): {}, (3, 6): {}, (5, 0): {}, (5, 3): {}, (5, 6): {}}}","{'node_level': {6: {'cpu': 0}, 0: {'cpu': 0}, 3: {'cpu': 0}, 5: {'cpu': 0}}, 'link_level': {(0, 6): {'bw': 0}, (3, 0): {'bw': 0}, (3, 6): {'bw': 0}, (5, 0): {'bw': 100.0}, (5, 3): {'bw': 100.0}, (5, 6): {'bw': 100.0}}, 'path_level': {(0, 6): {}, (3, 0): {}, (3, 6): {}, (5, 0): {}, (5, 3): {}, (5, 6): {}}}",[],100.0,100.0,True,False,False,0,[],0,0.0,24.0,3.0,3.0
182,57,6,5318.0,6102.0,3265067.6675234293,3909888.056316929,0.8715175352343494,0.8350795778534608,37,345,0,4487.186234131041,8782,4710,4072,0.03364792778005743,0.12051835853131754,172,244.18623413104092,4243.0,2,1,False,{},{},{},{},0.0,0.0,0.0,0.0,0.0,0.0,0.0,0.0,0.0,0.0,0.0,0.0,0.0,0.0,Leave Event,0.0,"{'node_level': {}, 'link_level': {}, 'path_level': {}}","{'node_level': {}, 'link_level': {}, 'path_level': {}}","{'node_level': {}, 'link_level': {}, 'path_level': {}}",[],-inf,-inf,True,True,False,0,[],0,0.0,,,
183,58,7,5404.0,6191.0,3384574.1520093316,4033563.3716569906,0.8728799870780165,0.8391027585662912,37,346,1,4497.0,8693,4672,4021,0.04144439885104634,0.1315334773218143,182,1389.6102847197944,4497.0,3,3,True,"{2: 8, 1: 3, 0: 17}","{(1, 2): [(3, 8)], (0, 1): [(17, 8), (8, 3)], (0, 2): [(17, 8)]}","{(2, 8): {'cpu': 18}, (1, 3): {'cpu': 15}, (0, 17): {'cpu': 5}}","{((1, 2), (3, 8)): {'bw': 15}, ((0, 1), (17, 8)): {'bw': 3}, ((0, 1), (8, 3)): {'bw': 3}, ((0, 2), (17, 8)): {'bw': 30}}",89.0,86.0,76.0,38.0,48.0,38.0,48.0,38.0,51.0,3.0,0.9662921348314607,123675.3153400617,119506.48448590233,1342.769488605644,Success,0.0,"{'node_level': {'cpu': -71}, 'link_level': {'bw': -36}, 'path_level': {}}","{'node_level': {2: {'cpu': -72}, 1: {'cpu': -43}, 0: {'cpu': -71}}, 'link_level': {(1, 2): {'bw': -47}, (0, 1): {'bw': -44}, (0, 2): {'bw': -36}}, 'path_level': {(1, 2): {}, (0, 1): {}, (0, 2): {}}}","{'node_level': {2: {'cpu': 0}, 1: {'cpu': 0}, 0: {'cpu': 0}}, 'link_level': {(1, 2): {'bw': 0}, (0, 1): {'bw': 0}, (0, 2): {'bw': 0}}, 'path_level': {(1, 2): {}, (0, 1): {}, (0, 2): {}}}",[],-36.0,0.0,True,True,False,0,[],0,0.0,0.0,3.0,3.0
183,58,7,5404.0,6191.0,3384574.1520093316,4033563.3716569906,0.8728799870780165,0.8391027585662912,37,347,0,4513.5633725736,8693,4672,4021,0.04144439885104634,0.1315334773218143,175,196.56337257360008,4317.0,6,9,False,{},{},{},{},0.0,0.0,0.0,0.0,0.0,0.0,0.0,0.0,0.0,0.0,0.0,0.0,0.0,0.0,Leave Event,0.0,"{'node_level': {}, 'link_level': {}, 'path_level': {}}","{'node_level': {}, 'link_level': {}, 'path_level': {}}","{'node_level': {}, 'link_level': {}, 'path_level': {}}",[],-inf,-inf,True,True,False,0,[],0,0.0,,,
184,58,7,5404.0,6191.0,3384574.1520093316,4033563.3716569906,0.8728799870780165,0.8391027585662912,37,348,1,4529.0,8693,4672,4021,0.04144439885104634,0.1315334773218143,183,72.18164306787149,4529.0,7,14,False,"{6: 14, 2: 6, 4: 29, 5: 2}","{(2, 6): [(6, 14)], (4, 2): [(29, 14), (14, 6)], (4, 6): [(29, 14)], (5, 2): [(2, 6)], (5, 6): [(2, 6), (6, 14)]}","{(6, 14): {'cpu': 19}, (2, 6): {'cpu': 20}, (4, 29): {'cpu': 18}, (5, 2): {'cpu': 19}}","{((2, 6), (6, 14)): {'bw': 23}, ((4, 2), (29, 14)): {'bw': 11}, ((4, 2), (14, 6)): {'bw': 11}, ((4, 6), (29, 14)): {'bw': 10}, ((5, 2), (2, 6)): {'bw': 38}, ((5, 6), (2, 6)): {'bw': 3}, ((5, 6), (6, 14)): {'bw': 3}}",0.0,0.0,198.0,99.0,263.0,0.0,0.0,0.0,0.0,0.0,0.0,0.0,0.0,0.0,Route Failure,2300.0,"{'node_level': {'cpu': -83}, 'link_level': {'bw': 100.0}, 'path_level': {}}","{'node_level': {6: {'cpu': -52}, 2: {'cpu': -48}, 4: {'cpu': -65}, 5: {'cpu': -68}, 1: {'cpu': -83}}, 'link_level': {(2, 6): {'bw': -33}, (4, 2): {'bw': -22}, (4, 6): {'bw': -52}, (5, 2): {'bw': -62}, (5, 6): {'bw': -19}, (1, 4): {'bw': 100.0}, (1, 5): {'bw': 100.0}, (1, 6): {'bw': 100.0}}, 'path_level': {(2, 6): {}, (4, 2): {}, (4, 6): {}, (5, 2): {}, (5, 6): {}, (1, 4): {}, (1, 5): {}, (1, 6): {}}}","{'node_level': {6: {'cpu': 0}, 2: {'cpu': 0}, 4: {'cpu': 0}, 5: {'cpu': 0}, 1: {'cpu': 0}}, 'link_level': {(2, 6): {'bw': 0}, (4, 2): {'bw': 0}, (4, 6): {'bw': 0}, (5, 2): {'bw': 0}, (5, 6): {'bw': 0}, (1, 4): {'bw': 100.0}, (1, 5): {'bw': 100.0}, (1, 6): {'bw': 100.0}}, 'path_level': {(2, 6): {}, (4, 2): {}, (4, 6): {}, (5, 2): {}, (5, 6): {}, (1, 4): {}, (1, 5): {}, (1, 6): {}}}",[],100.0,100.0,True,False,False,0,[],0,0.0,23.0,4.0,5.0
185,59,8,5538.0,6383.0,3403403.14633625,4060542.2292000377,0.8676171079429735,0.8381646967889681,37,349,1,4548.0,8501,4633,3868,0.04944604021337706,0.1645788336933045,184,140.5148830367041,4548.0,6,6,True,"{5: 14, 2: 6, 4: 29, 0: 30, 1: 2, 3: 13}","{(2, 5): [(6, 14)], (4, 5): [(29, 14)], (0, 5): [(30, 14)], (1, 0): [(2, 6), (6, 14), (14, 30)], (1, 2): [(2, 6)], (3, 1): [(13, 6), (6, 2)]}","{(5, 14): {'cpu': 8}, (2, 6): {'cpu': 3}, (4, 29): {'cpu': 9}, (0, 30): {'cpu': 5}, (1, 2): {'cpu': 0}, (3, 13): {'cpu': 14}}","{((2, 5), (6, 14)): {'bw': 20}, ((4, 5), (29, 14)): {'bw': 9}, ((0, 5), (30, 14)): {'bw': 6}, ((1, 0), (2, 6)): {'bw': 9}, ((1, 0), (6, 14)): {'bw': 9}, ((1, 0), (14, 30)): {'bw': 9}, ((1, 2), (2, 6)): {'bw': 11}, ((3, 1), (13, 6)): {'bw': 40}, ((3, 1), (6, 2)): {'bw': 40}}",192.0,134.0,78.0,39.0,95.0,39.0,95.0,39.0,153.0,58.0,0.6979166666666666,26978.85754304719,18828.99432691835,98.06767878603307,Success,0.0,"{'node_level': {'cpu': -43}, 'link_level': {'bw': -40}, 'path_level': {}}","{'node_level': {5: {'cpu': -63}, 2: {'cpu': -65}, 4: {'cpu': -74}, 0: {'cpu': -48}, 1: {'cpu': -87}, 3: {'cpu': -43}}, 'link_level': {(2, 5): {'bw': -36}, (4, 5): {'bw': -64}, (0, 5): {'bw': -66}, (1, 0): {'bw': -27}, (1, 2): {'bw': -80}, (3, 1): {'bw': -40}}, 'path_level': {(2, 5): {}, (4, 5): {}, (0, 5): {}, (1, 0): {}, (1, 2): {}, (3, 1): {}}}","{'node_level': {5: {'cpu': 0}, 2: {'cpu': 0}, 4: {'cpu': 0}, 0: {'cpu': 0}, 1: {'cpu': 0}, 3: {'cpu': 0}}, 'link_level': {(2, 5): {'bw': 0}, (4, 5): {'bw': 0}, (0, 5): {'bw': 0}, (1, 0): {'bw': 0}, (1, 2): {'bw': 0}, (3, 1): {'bw': 0}}, 'path_level': {(2, 5): {}, (4, 5): {}, (0, 5): {}, (1, 0): {}, (1, 2): {}, (3, 1): {}}}",[],-40.0,0.0,True,True,False,0,[],0,0.0,0.0,6.0,6.0
185,59,8,5538.0,6383.0,3403403.14633625,4060542.2292000377,0.8676171079429735,0.8381646967889681,37,350,0,4566.295314721212,8501,4633,3868,0.04944604021337706,0.1645788336933045,128,1427.2953147212122,3139.0,7,10,False,{},{},{},{},0.0,0.0,0.0,0.0,0.0,0.0,0.0,0.0,0.0,0.0,0.0,0.0,0.0,0.0,Leave Event,0.0,"{'node_level': {}, 'link_level': {}, 'path_level': {}}","{'node_level': {}, 'link_level': {}, 'path_level': {}}","{'node_level': {}, 'link_level': {}, 'path_level': {}}",[],-inf,-inf,True,True,False,0,[],0,0.0,,,
186,59,8,5538.0,6383.0,3403403.14633625,4060542.2292000377,0.8676171079429735,0.8381646967889681,37,351,1,4572.0,8501,4633,3868,0.04944604021337706,0.1645788336933045,185,351.66130815657266,4572.0,10,23,False,"{8: 12, 1: 25, 6: 26, 9: 42}","{(1, 8): [(25, 12)], (6, 8): [(26, 12)], (9, 1): [(42, 26), (26, 12), (12, 25)], (9, 6): [(42, 26)], (9, 8): [(42, 26), (26, 12)]}","{(8, 12): {'cpu': 20}, (1, 25): {'cpu': 17}, (6, 26): {'cpu': 6}, (9, 42): {'cpu': 9}}","{((1, 8), (25, 12)): {'bw': 35}, ((6, 8), (26, 12)): {'bw': 21}, ((9, 1), (42, 26)): {'bw': 19}, ((9, 1), (26, 12)): {'bw': 19}, ((9, 1), (12, 25)): {'bw': 19}, ((9, 6), (42, 26)): {'bw': 29}, ((9, 8), (42, 26)): {'bw': 26}, ((9, 8), (26, 12)): {'bw': 26}}",0.0,0.0,184.0,92.0,494.0,0.0,0.0,0.0,0.0,0.0,0.0,0.0,0.0,0.0,Route Failure,2300.0,"{'node_level': {'cpu': -40}, 'link_level': {'bw': 100.0}, 'path_level': {}}","{'node_level': {8: {'cpu': -53}, 1: {'cpu': -76}, 6: {'cpu': -83}, 9: {'cpu': -53}, 5: {'cpu': -40}}, 'link_level': {(1, 8): {'bw': -48}, (6, 8): {'bw': -47}, (9, 1): {'bw': -28}, (9, 6): {'bw': -41}, (9, 8): {'bw': -2}, (5, 6): {'bw': 100.0}, (5, 8): {'bw': 100.0}}, 'path_level': {(1, 8): {}, (6, 8): {}, (9, 1): {}, (9, 6): {}, (9, 8): {}, (5, 6): {}, (5, 8): {}}}","{'node_level': {8: {'cpu': 0}, 1: {'cpu': 0}, 6: {'cpu': 0}, 9: {'cpu': 0}, 5: {'cpu': 0}}, 'link_level': {(1, 8): {'bw': 0}, (6, 8): {'bw': 0}, (9, 1): {'bw': 0}, (9, 6): {'bw': 0}, (9, 8): {'bw': 0}, (5, 6): {'bw': 100.0}, (5, 8): {'bw': 100.0}}, 'path_level': {(1, 8): {}, (6, 8): {}, (9, 1): {}, (9, 6): {}, (9, 8): {}, (5, 6): {}, (5, 8): {}}}",[],100.0,100.0,True,False,False,0,[],0,0.0,23.0,4.0,5.0
187,59,8,5538.0,6383.0,3403403.14633625,4060542.2292000377,0.8676171079429735,0.8381646967889681,37,352,1,4600.0,8501,4633,3868,0.04944604021337706,0.1645788336933045,186,567.2568138443279,4600.0,5,5,False,"{1: 12, 2: 25, 0: 26, 3: 2, 4: 11}","{(2, 1): [(25, 12)], (0, 1): [(26, 12)], (3, 1): [(2, 5), (5, 12)], (4, 1): [(11, 5), (5, 12)], (4, 3): [(11, 5), (5, 2)]}","{(1, 12): {'cpu': 9}, (2, 25): {'cpu': 18}, (0, 26): {'cpu': 5}, (3, 2): {'cpu': 6}, (4, 11): {'cpu': 0}}","{((2, 1), (25, 12)): {'bw': 39}, ((0, 1), (26, 12)): {'bw': 4}, ((3, 1), (2, 5)): {'bw': 2}, ((3, 1), (5, 12)): {'bw': 2}, ((4, 1), (11, 5)): {'bw': 4}, ((4, 1), (5, 12)): {'bw': 4}, ((4, 3), (11, 5)): {'bw': 0}, ((4, 3), (5, 2)): {'bw': 0}}",0.0,0.0,76.0,38.0,49.0,0.0,0.0,0.0,0.0,0.0,0.0,0.0,0.0,0.0,Route Failure,100.0,"{'node_level': {'cpu': -89}, 'link_level': {'bw': -5}, 'path_level': {}}","{'node_level': {1: {'cpu': -64}, 2: {'cpu': -75}, 0: {'cpu': -84}, 3: {'cpu': -81}, 4: {'cpu': -89}}, 'link_level': {(2, 1): {'bw': -44}, (0, 1): {'bw': -64}, (3, 1): {'bw': -9}, (4, 1): {'bw': -5}, (4, 3): {'bw': -16}}, 'path_level': {(2, 1): {}, (0, 1): {}, (3, 1): {}, (4, 1): {}, (4, 3): {}}}","{'node_level': {1: {'cpu': 0}, 2: {'cpu': 0}, 0: {'cpu': 0}, 3: {'cpu': 0}, 4: {'cpu': 0}}, 'link_level': {(2, 1): {'bw': 0}, (0, 1): {'bw': 0}, (3, 1): {'bw': 0}, (4, 1): {'bw': 0}, (4, 3): {'bw': 0}}, 'path_level': {(2, 1): {}, (0, 1): {}, (3, 1): {}, (4, 1): {}, (4, 3): {}}}",[],-5.0,100.0,True,False,False,0,[],0,0.0,1.0,5.0,5.0
187,59,8,5538.0,6383.0,3403403.14633625,4060542.2292000377,0.8676171079429735,0.8381646967889681,37,353,0,4601.181643067872,8501,4633,3868,0.04944604021337706,0.1645788336933045,183,72.18164306787149,4529.0,7,14,False,{},{},{},{},0.0,0.0,0.0,0.0,0.0,0.0,0.0,0.0,0.0,0.0,0.0,0.0,0.0,0.0,Leave Event,0.0,"{'node_level': {}, 'link_level': {}, 'path_level': {}}","{'node_level': {}, 'link_level': {}, 'path_level': {}}","{'node_level': {}, 'link_level': {}, 'path_level': {}}",[],-inf,-inf,True,True,False,0,[],0,0.0,,,
188,59,8,5538.0,6383.0,3403403.14633625,4060542.2292000377,0.8676171079429735,0.8381646967889681,37,354,1,4626.0,8501,4633,3868,0.04944604021337706,0.1645788336933045,187,202.3027070881677,4626.0,6,8,False,"{4: 12, 5: 5}","{(5, 4): [(5, 12)]}","{(4, 12): {'cpu': 3}, (5, 5): {'cpu': 10}}","{((5, 4), (5, 12)): {'bw': 11}}",0.0,0.0,80.0,40.0,141.0,0.0,0.0,0.0,0.0,0.0,0.0,0.0,0.0,0.0,Route Failure,2500.0,"{'node_level': {'cpu': -41}, 'link_level': {'bw': 100.0}, 'path_level': {}}","{'node_level': {4: {'cpu': -70}, 5: {'cpu': -53}, 2: {'cpu': -41}}, 'link_level': {(5, 4): {'bw': 0}, (2, 4): {'bw': 100.0}, (2, 5): {'bw': 100.0}}, 'path_level': {(5, 4): {}, (2, 4): {}, (2, 5): {}}}","{'node_level': {4: {'cpu': 0}, 5: {'cpu': 0}, 2: {'cpu': 0}}, 'link_level': {(5, 4): {'bw': 0}, (2, 4): {'bw': 100.0}, (2, 5): {'bw': 100.0}}, 'path_level': {(5, 4): {}, (2, 4): {}, (2, 5): {}}}",[],100.0,100.0,True,False,False,0,[],0,0.0,25.0,2.0,1.0
189,59,8,5538.0,6383.0,3403403.14633625,4060542.2292000377,0.8676171079429735,0.8381646967889681,37,355,1,4656.0,8501,4633,3868,0.04944604021337706,0.1645788336933045,188,182.90445998288826,4656.0,8,14,False,"{2: 12, 6: 25, 3: 26, 1: 42}","{(6, 2): [(25, 12)], (3, 2): [(26, 12)], (1, 2): [(42, 26), (26, 12)], (1, 3): [(42, 26)], (1, 6): [(42, 26), (26, 12), (12, 25)]}","{(2, 12): {'cpu': 20}, (6, 25): {'cpu': 15}, (3, 26): {'cpu': 6}, (1, 42): {'cpu': 4}}","{((6, 2), (25, 12)): {'bw': 30}, ((3, 2), (26, 12)): {'bw': 39}, ((1, 2), (42, 26)): {'bw': 18}, ((1, 2), (26, 12)): {'bw': 18}, ((1, 3), (42, 26)): {'bw': 43}, ((1, 6), (42, 26)): {'bw': 0}, ((1, 6), (26, 12)): {'bw': 0}, ((1, 6), (12, 25)): {'bw': 0}}",0.0,0.0,144.0,72.0,304.0,0.0,0.0,0.0,0.0,0.0,0.0,0.0,0.0,0.0,Route Failure,2300.0,"{'node_level': {'cpu': -46}, 'link_level': {'bw': 100.0}, 'path_level': {}}","{'node_level': {2: {'cpu': -53}, 6: {'cpu': -78}, 3: {'cpu': -83}, 1: {'cpu': -58}, 5: {'cpu': -46}}, 'link_level': {(6, 2): {'bw': -53}, (3, 2): {'bw': -29}, (1, 2): {'bw': -11}, (1, 3): {'bw': -28}, (1, 6): {'bw': -11}, (5, 1): {'bw': 100.0}, (5, 2): {'bw': 100.0}}, 'path_level': {(6, 2): {}, (3, 2): {}, (1, 2): {}, (1, 3): {}, (1, 6): {}, (5, 1): {}, (5, 2): {}}}","{'node_level': {2: {'cpu': 0}, 6: {'cpu': 0}, 3: {'cpu': 0}, 1: {'cpu': 0}, 5: {'cpu': 0}}, 'link_level': {(6, 2): {'bw': 0}, (3, 2): {'bw': 0}, (1, 2): {'bw': 0}, (1, 3): {'bw': 0}, (1, 6): {'bw': 0}, (5, 1): {'bw': 100.0}, (5, 2): {'bw': 100.0}}, 'path_level': {(6, 2): {}, (3, 2): {}, (1, 2): {}, (1, 3): {}, (1, 6): {}, (5, 1): {}, (5, 2): {}}}",[],100.0,100.0,True,False,False,0,[],0,0.0,23.0,4.0,5.0
189,59,7,5538.0,6383.0,3403403.14633625,4060542.2292000377,0.8676171079429735,0.8381646967889681,37,356,0,4663.296916307002,8697,4675,4022,0.04082888797702089,0.13131749460043196,174,370.2969163070019,4293.0,4,4,False,{},{},{},{},0.0,0.0,0.0,0.0,0.0,0.0,0.0,0.0,0.0,0.0,0.0,0.0,0.0,0.0,Leave Event,0.0,"{'node_level': {}, 'link_level': {}, 'path_level': {}}","{'node_level': {}, 'link_level': {}, 'path_level': {}}","{'node_level': {}, 'link_level': {}, 'path_level': {}}",[],-inf,-inf,True,True,False,0,[],0,0.0,,,
190,60,8,5666.0,6558.0,3499096.423251582,4191372.8812327175,0.8639829216224458,0.83483300636866,37,357,1,4672.0,8522,4627,3895,0.05067706196142796,0.1587473002159827,189,747.6037259010285,4672.0,4,3,True,"{1: 11, 3: 5, 2: 23, 0: 24}","{(3, 1): [(5, 11)], (2, 1): [(23, 11)], (0, 2): [(24, 11), (11, 23)]}","{(1, 11): {'cpu': 20}, (3, 5): {'cpu': 17}, (2, 23): {'cpu': 3}, (0, 24): {'cpu': 8}}","{((3, 1), (5, 11)): {'bw': 24}, ((2, 1), (23, 11)): {'bw': 9}, ((0, 2), (24, 11)): {'bw': 47}, ((0, 2), (11, 23)): {'bw': 47}}",175.0,128.0,96.0,48.0,80.0,48.0,80.0,48.0,127.0,47.0,0.7314285714285714,130830.65203267998,95693.27691533165,546.8187252304666,Success,0.0,"{'node_level': {'cpu': -84}, 'link_level': {'bw': 0}, 'path_level': {}}","{'node_level': {1: {'cpu': -79}, 3: {'cpu': -54}, 2: {'cpu': -51}, 0: {'cpu': -84}}, 'link_level': {(3, 1): {'bw': -60}, (2, 1): {'bw': -47}, (0, 2): {'bw': 0}}, 'path_level': {(3, 1): {}, (2, 1): {}, (0, 2): {}}}","{'node_level': {1: {'cpu': 0}, 3: {'cpu': 0}, 2: {'cpu': 0}, 0: {'cpu': 0}}, 'link_level': {(3, 1): {'bw': 0}, (2, 1): {'bw': 0}, (0, 2): {'bw': 0}}, 'path_level': {(3, 1): {}, (2, 1): {}, (0, 2): {}}}",[],0.0,0.0,True,True,False,0,[],0,0.0,0.0,4.0,3.0
190,60,7,5666.0,6558.0,3499096.423251582,4191372.8812327175,0.8639829216224458,0.83483300636866,37,358,0,4688.514883036704,8714,4666,4048,0.042675420599097236,0.1257019438444924,184,140.5148830367041,4548.0,6,6,False,{},{},{},{},0.0,0.0,0.0,0.0,0.0,0.0,0.0,0.0,0.0,0.0,0.0,0.0,0.0,0.0,Leave Event,0.0,"{'node_level': {}, 'link_level': {}, 'path_level': {}}","{'node_level': {}, 'link_level': {}, 'path_level': {}}","{'node_level': {}, 'link_level': {}, 'path_level': {}}",[],-inf,-inf,True,True,False,0,[],0,0.0,,,
191,60,7,5666.0,6558.0,3499096.423251582,4191372.8812327175,0.8639829216224458,0.83483300636866,37,359,1,4693.0,8714,4666,4048,0.042675420599097236,0.1257019438444924,190,16.702874317876375,4693.0,6,7,False,"{4: 14, 5: 6, 3: 29, 2: 30}","{(5, 4): [(6, 14)], (3, 4): [(29, 14)], (2, 4): [(30, 14)]}","{(4, 14): {'cpu': 18}, (5, 6): {'cpu': 13}, (3, 29): {'cpu': 8}, (2, 30): {'cpu': 13}}","{((5, 4), (6, 14)): {'bw': 49}, ((3, 4), (29, 14)): {'bw': 46}, ((2, 4), (30, 14)): {'bw': 32}}",0.0,0.0,116.0,58.0,275.0,0.0,0.0,0.0,0.0,0.0,0.0,0.0,0.0,0.0,Route Failure,2300.0,"{'node_level': {'cpu': -83}, 'link_level': {'bw': 100.0}, 'path_level': {}}","{'node_level': {4: {'cpu': -53}, 5: {'cpu': -55}, 3: {'cpu': -75}, 2: {'cpu': -40}, 1: {'cpu': -83}}, 'link_level': {(5, 4): {'bw': -7}, (3, 4): {'bw': -27}, (2, 4): {'bw': -40}, (1, 3): {'bw': 100.0}, (1, 5): {'bw': 100.0}}, 'path_level': {(5, 4): {}, (3, 4): {}, (2, 4): {}, (1, 3): {}, (1, 5): {}}}","{'node_level': {4: {'cpu': 0}, 5: {'cpu': 0}, 3: {'cpu': 0}, 2: {'cpu': 0}, 1: {'cpu': 0}}, 'link_level': {(5, 4): {'bw': 0}, (3, 4): {'bw': 0}, (2, 4): {'bw': 0}, (1, 3): {'bw': 100.0}, (1, 5): {'bw': 100.0}}, 'path_level': {(5, 4): {}, (3, 4): {}, (2, 4): {}, (1, 3): {}, (1, 5): {}}}",[],100.0,100.0,True,False,False,0,[],0,0.0,23.0,4.0,3.0
191,60,6,5666.0,6558.0,3499096.423251582,4191372.8812327175,0.8639829216224458,0.83483300636866,37,360,0,4693.151850789503,8820,4702,4118,0.03528929011079196,0.11058315334773217,169,517.1518507895037,4176.0,3,2,False,{},{},{},{},0.0,0.0,0.0,0.0,0.0,0.0,0.0,0.0,0.0,0.0,0.0,0.0,0.0,0.0,Leave Event,0.0,"{'node_level': {}, 'link_level': {}, 'path_level': {}}","{'node_level': {}, 'link_level': {}, 'path_level': {}}","{'node_level': {}, 'link_level': {}, 'path_level': {}}",[],-inf,-inf,True,True,False,0,[],0,0.0,,,
191,60,6,5666.0,6558.0,3499096.423251582,4191372.8812327175,0.8639829216224458,0.83483300636866,37,361,0,4709.702874317876,8820,4702,4118,0.03528929011079196,0.11058315334773217,190,16.702874317876375,4693.0,6,7,False,{},{},{},{},0.0,0.0,0.0,0.0,0.0,0.0,0.0,0.0,0.0,0.0,0.0,0.0,0.0,0.0,Leave Event,0.0,"{'node_level': {}, 'link_level': {}, 'path_level': {}}","{'node_level': {}, 'link_level': {}, 'path_level': {}}","{'node_level': {}, 'link_level': {}, 'path_level': {}}",[],-inf,-inf,True,True,False,0,[],0,0.0,,,
192,60,6,5666.0,6558.0,3499096.423251582,4191372.8812327175,0.8639829216224458,0.83483300636866,37,362,1,4719.0,8820,4702,4118,0.03528929011079196,0.11058315334773217,191,770.4175710640617,4719.0,9,19,False,"{7: 2, 0: 0, 4: 5, 1: 11}","{(0, 7): [(0, 2)], (4, 7): [(5, 2)], (1, 4): [(11, 5)], (1, 7): [(11, 5), (5, 2)]}","{(7, 2): {'cpu': 9}, (0, 0): {'cpu': 17}, (4, 5): {'cpu': 6}, (1, 11): {'cpu': 11}}","{((0, 7), (0, 2)): {'bw': 30}, ((4, 7), (5, 2)): {'bw': 36}, ((1, 4), (11, 5)): {'bw': 41}, ((1, 7), (11, 5)): {'bw': 17}, ((1, 7), (5, 2)): {'bw': 17}}",0.0,0.0,124.0,62.0,540.0,0.0,0.0,0.0,0.0,0.0,0.0,0.0,0.0,0.0,Route Failure,4300.0,"{'node_level': {'cpu': -70}, 'link_level': {'bw': 100.0}, 'path_level': {}}","{'node_level': {7: {'cpu': -86}, 0: {'cpu': -73}, 4: {'cpu': -64}, 1: {'cpu': -68}, 2: {'cpu': -70}}, 'link_level': {(0, 7): {'bw': -52}, (4, 7): {'bw': -40}, (1, 4): {'bw': -19}, (1, 7): {'bw': -2}, (2, 1): {'bw': 100.0}, (2, 7): {'bw': 100.0}}, 'path_level': {(0, 7): {}, (4, 7): {}, (1, 4): {}, (1, 7): {}, (2, 1): {}, (2, 7): {}}}","{'node_level': {7: {'cpu': 0}, 0: {'cpu': 0}, 4: {'cpu': 0}, 1: {'cpu': 0}, 2: {'cpu': 0}}, 'link_level': {(0, 7): {'bw': 0}, (4, 7): {'bw': 0}, (1, 4): {'bw': 0}, (1, 7): {'bw': 0}, (2, 1): {'bw': 100.0}, (2, 7): {'bw': 100.0}}, 'path_level': {(0, 7): {}, (4, 7): {}, (1, 4): {}, (1, 7): {}, (2, 1): {}, (2, 7): {}}}",[],100.0,100.0,True,False,False,0,[],0,0.0,43.0,4.0,4.0
192,60,6,5666.0,6558.0,3499096.423251582,4191372.8812327175,0.8639829216224458,0.83483300636866,37,363,0,4729.700486173691,8820,4702,4118,0.03528929011079196,0.11058315334773217,101,2248.700486173692,2481.0,9,22,False,{},{},{},{},0.0,0.0,0.0,0.0,0.0,0.0,0.0,0.0,0.0,0.0,0.0,0.0,0.0,0.0,Leave Event,0.0,"{'node_level': {}, 'link_level': {}, 'path_level': {}}","{'node_level': {}, 'link_level': {}, 'path_level': {}}","{'node_level': {}, 'link_level': {}, 'path_level': {}}",[],-inf,-inf,True,True,False,0,[],0,0.0,,,
192,60,6,5666.0,6558.0,3499096.423251582,4191372.8812327175,0.8639829216224458,0.83483300636866,37,364,0,4737.202762759606,8820,4702,4118,0.03528929011079196,0.11058315334773217,173,472.2027627596061,4265.0,3,3,False,{},{},{},{},0.0,0.0,0.0,0.0,0.0,0.0,0.0,0.0,0.0,0.0,0.0,0.0,0.0,0.0,Leave Event,0.0,"{'node_level': {}, 'link_level': {}, 'path_level': {}}","{'node_level': {}, 'link_level': {}, 'path_level': {}}","{'node_level': {}, 'link_level': {}, 'path_level': {}}",[],-inf,-inf,True,True,False,0,[],0,0.0,,,
192,60,6,5666.0,6558.0,3499096.423251582,4191372.8812327175,0.8639829216224458,0.83483300636866,37,365,0,4739.386290841434,8820,4702,4118,0.03528929011079196,0.11058315334773217,168,584.3862908414336,4155.0,9,13,False,{},{},{},{},0.0,0.0,0.0,0.0,0.0,0.0,0.0,0.0,0.0,0.0,0.0,0.0,0.0,0.0,Leave Event,0.0,"{'node_level': {}, 'link_level': {}, 'path_level': {}}","{'node_level': {}, 'link_level': {}, 'path_level': {}}","{'node_level': {}, 'link_level': {}, 'path_level': {}}",[],-inf,-inf,True,True,False,0,[],0,0.0,,,
193,60,6,5666.0,6558.0,3499096.423251582,4191372.8812327175,0.8639829216224458,0.83483300636866,37,366,1,4747.0,8820,4702,4118,0.03528929011079196,0.11058315334773217,192,279.78064098813286,4747.0,7,11,False,"{6: 2, 1: 0, 5: 5, 2: 6}","{(1, 6): [(0, 2)], (5, 6): [(5, 2)], (2, 1): [(6, 2), (2, 0)], (2, 5): [(6, 2), (2, 5)], (2, 6): [(6, 2)]}","{(6, 2): {'cpu': 17}, (1, 0): {'cpu': 9}, (5, 5): {'cpu': 11}, (2, 6): {'cpu': 6}}","{((1, 6), (0, 2)): {'bw': 30}, ((5, 6), (5, 2)): {'bw': 37}, ((2, 1), (6, 2)): {'bw': 43}, ((2, 1), (2, 0)): {'bw': 43}, ((2, 5), (6, 2)): {'bw': 8}, ((2, 5), (2, 5)): {'bw': 8}, ((2, 6), (6, 2)): {'bw': 13}}",0.0,0.0,132.0,66.0,283.0,0.0,0.0,0.0,0.0,0.0,0.0,0.0,0.0,0.0,Route Failure,4300.0,"{'node_level': {'cpu': -78}, 'link_level': {'bw': 100.0}, 'path_level': {}}","{'node_level': {6: {'cpu': -78}, 1: {'cpu': -81}, 5: {'cpu': -59}, 2: {'cpu': -62}, 0: {'cpu': -78}}, 'link_level': {(1, 6): {'bw': -52}, (5, 6): {'bw': -39}, (2, 1): {'bw': -9}, (2, 5): {'bw': -31}, (2, 6): {'bw': -36}, (0, 1): {'bw': -17}, (0, 2): {'bw': 100.0}}, 'path_level': {(1, 6): {}, (5, 6): {}, (2, 1): {}, (2, 5): {}, (2, 6): {}, (0, 1): {}, (0, 2): {}}}","{'node_level': {6: {'cpu': 0}, 1: {'cpu': 0}, 5: {'cpu': 0}, 2: {'cpu': 0}, 0: {'cpu': 0}}, 'link_level': {(1, 6): {'bw': 0}, (5, 6): {'bw': 0}, (2, 1): {'bw': 0}, (2, 5): {'bw': 0}, (2, 6): {'bw': 0}, (0, 1): {'bw': 0}, (0, 2): {'bw': 100.0}}, 'path_level': {(1, 6): {}, (5, 6): {}, (2, 1): {}, (2, 5): {}, (2, 6): {}, (0, 1): {}, (0, 2): {}}}",[],100.0,100.0,True,False,False,0,[],0,0.0,43.0,4.0,5.0
194,61,7,5728.0,6620.0,3529835.3631909015,4222111.821172037,0.8652567975830816,0.8360354989866272,37,367,1,4770.0,8758,4671,4087,0.041649569142388154,0.11727861771058312,193,495.78935385999097,4770.0,3,3,True,"{0: 2, 2: 0, 1: 5}","{(2, 0): [(0, 2)], (1, 0): [(5, 2)], (1, 2): [(5, 2), (2, 0)]}","{(0, 2): {'cpu': 15}, (2, 0): {'cpu': 16}, (1, 5): {'cpu': 0}}","{((2, 0), (0, 2)): {'bw': 6}, ((1, 0), (5, 2)): {'bw': 25}, ((1, 2), (5, 2)): {'bw': 0}, ((1, 2), (2, 0)): {'bw': 0}}",62.0,62.0,62.0,31.0,31.0,31.0,31.0,31.0,31.0,0.0,1.0,30738.93993931944,30738.93993931944,495.78935385999097,Success,0.0,"{'node_level': {'cpu': -70}, 'link_level': {'bw': -51}, 'path_level': {}}","{'node_level': {0: {'cpu': -80}, 2: {'cpu': -74}, 1: {'cpu': -70}}, 'link_level': {(2, 0): {'bw': -76}, (1, 0): {'bw': -51}, (1, 2): {'bw': -51}}, 'path_level': {(2, 0): {}, (1, 0): {}, (1, 2): {}}}","{'node_level': {0: {'cpu': 0}, 2: {'cpu': 0}, 1: {'cpu': 0}}, 'link_level': {(2, 0): {'bw': 0}, (1, 0): {'bw': 0}, (1, 2): {'bw': 0}}, 'path_level': {(2, 0): {}, (1, 0): {}, (1, 2): {}}}",[],-51.0,0.0,True,True,False,0,[],0,0.0,0.0,3.0,3.0
195,61,7,5728.0,6620.0,3529835.3631909015,4222111.821172037,0.8652567975830816,0.8360354989866272,37,368,1,4796.0,8758,4671,4087,0.041649569142388154,0.11727861771058312,194,611.2432736368179,4796.0,5,5,False,"{0: 6, 2: 2, 1: 13, 3: 0, 4: 5}","{(2, 0): [(2, 6)], (1, 0): [(13, 6)], (3, 0): [(0, 2), (2, 6)], (3, 2): [(0, 2)], (4, 2): [(5, 2)]}","{(0, 6): {'cpu': 1}, (2, 2): {'cpu': 4}, (1, 13): {'cpu': 19}, (3, 0): {'cpu': 0}, (4, 5): {'cpu': 4}}","{((2, 0), (2, 6)): {'bw': 35}, ((1, 0), (13, 6)): {'bw': 12}, ((3, 0), (0, 2)): {'bw': 49}, ((3, 0), (2, 6)): {'bw': 49}, ((3, 2), (0, 2)): {'bw': 13}, ((4, 2), (5, 2)): {'bw': 14}}",0.0,0.0,56.0,28.0,123.0,0.0,0.0,0.0,0.0,0.0,0.0,0.0,0.0,0.0,Route Failure,100.0,"{'node_level': {'cpu': -66}, 'link_level': {'bw': -37}, 'path_level': {}}","{'node_level': {0: {'cpu': -67}, 2: {'cpu': -76}, 1: {'cpu': -38}, 3: {'cpu': -74}, 4: {'cpu': -66}}, 'link_level': {(2, 0): {'bw': -65}, (1, 0): {'bw': -75}, (3, 0): {'bw': -16}, (3, 2): {'bw': -14}, (4, 2): {'bw': -37}}, 'path_level': {(2, 0): {}, (1, 0): {}, (3, 0): {}, (3, 2): {}, (4, 2): {}}}","{'node_level': {0: {'cpu': 0}, 2: {'cpu': 0}, 1: {'cpu': 0}, 3: {'cpu': 0}, 4: {'cpu': 0}}, 'link_level': {(2, 0): {'bw': 0}, (1, 0): {'bw': 0}, (3, 0): {'bw': 0}, (3, 2): {'bw': 0}, (4, 2): {'bw': 0}}, 'path_level': {(2, 0): {}, (1, 0): {}, (3, 0): {}, (3, 2): {}, (4, 2): {}}}",[],-37.0,100.0,True,False,False,0,[],0,0.0,1.0,5.0,5.0
195,61,7,5728.0,6620.0,3529835.3631909015,4222111.821172037,0.8652567975830816,0.8360354989866272,37,369,0,4811.754154082035,8758,4671,4087,0.041649569142388154,0.11727861771058312,181,338.75415408203503,4473.0,7,12,False,{},{},{},{},0.0,0.0,0.0,0.0,0.0,0.0,0.0,0.0,0.0,0.0,0.0,0.0,0.0,0.0,Leave Event,0.0,"{'node_level': {}, 'link_level': {}, 'path_level': {}}","{'node_level': {}, 'link_level': {}, 'path_level': {}}","{'node_level': {}, 'link_level': {}, 'path_level': {}}",[],-inf,-inf,True,True,False,0,[],0,0.0,,,
196,61,7,5728.0,6620.0,3529835.3631909015,4222111.821172037,0.8652567975830816,0.8360354989866272,37,370,1,4823.0,8758,4671,4087,0.041649569142388154,0.11727861771058312,195,51.830219371393,4823.0,9,19,False,"{6: 6, 8: 2}","{(8, 6): [(2, 6)]}","{(6, 6): {'cpu': 15}, (8, 2): {'cpu': 8}}","{((8, 6), (2, 6)): {'bw': 16}}",0.0,0.0,82.0,41.0,560.0,0.0,0.0,0.0,0.0,0.0,0.0,0.0,0.0,0.0,Route Failure,3700.0,"{'node_level': {'cpu': -68}, 'link_level': {'bw': 100.0}, 'path_level': {}}","{'node_level': {6: {'cpu': -53}, 8: {'cpu': -72}, 5: {'cpu': -68}}, 'link_level': {(8, 6): {'bw': -84}, (5, 6): {'bw': 100.0}, (5, 8): {'bw': 100.0}}, 'path_level': {(8, 6): {}, (5, 6): {}, (5, 8): {}}}","{'node_level': {6: {'cpu': 0}, 8: {'cpu': 0}, 5: {'cpu': 0}}, 'link_level': {(8, 6): {'bw': 0}, (5, 6): {'bw': 100.0}, (5, 8): {'bw': 100.0}}, 'path_level': {(8, 6): {}, (5, 6): {}, (5, 8): {}}}",[],100.0,100.0,True,False,False,0,[],0,0.0,37.0,2.0,1.0
196,61,7,5728.0,6620.0,3529835.3631909015,4222111.821172037,0.8652567975830816,0.8360354989866272,37,371,0,4828.302707088168,8758,4671,4087,0.041649569142388154,0.11727861771058312,187,202.3027070881677,4626.0,6,8,False,{},{},{},{},0.0,0.0,0.0,0.0,0.0,0.0,0.0,0.0,0.0,0.0,0.0,0.0,0.0,0.0,Leave Event,0.0,"{'node_level': {}, 'link_level': {}, 'path_level': {}}","{'node_level': {}, 'link_level': {}, 'path_level': {}}","{'node_level': {}, 'link_level': {}, 'path_level': {}}",[],-inf,-inf,True,True,False,0,[],0,0.0,,,
196,61,7,5728.0,6620.0,3529835.3631909015,4222111.821172037,0.8652567975830816,0.8360354989866272,37,372,0,4838.9044599828885,8758,4671,4087,0.041649569142388154,0.11727861771058312,188,182.90445998288826,4656.0,8,14,False,{},{},{},{},0.0,0.0,0.0,0.0,0.0,0.0,0.0,0.0,0.0,0.0,0.0,0.0,0.0,0.0,Leave Event,0.0,"{'node_level': {}, 'link_level': {}, 'path_level': {}}","{'node_level': {}, 'link_level': {}, 'path_level': {}}","{'node_level': {}, 'link_level': {}, 'path_level': {}}",[],-inf,-inf,True,True,False,0,[],0,0.0,,,
197,61,7,5728.0,6620.0,3529835.3631909015,4222111.821172037,0.8652567975830816,0.8360354989866272,37,373,1,4847.0,8758,4671,4087,0.041649569142388154,0.11727861771058312,196,1170.902960423077,4847.0,6,7,False,"{2: 6, 1: 2, 3: 13, 0: 14, 4: 0}","{(1, 2): [(2, 6)], (3, 2): [(13, 6)], (0, 2): [(14, 6)], (4, 3): [(0, 2), (2, 6), (6, 13)]}","{(2, 6): {'cpu': 18}, (1, 2): {'cpu': 19}, (3, 13): {'cpu': 6}, (0, 14): {'cpu': 16}, (4, 0): {'cpu': 19}}","{((1, 2), (2, 6)): {'bw': 42}, ((3, 2), (13, 6)): {'bw': 8}, ((0, 2), (14, 6)): {'bw': 14}, ((4, 3), (0, 2)): {'bw': 47}, ((4, 3), (2, 6)): {'bw': 47}, ((4, 3), (6, 13)): {'bw': 47}}",0.0,0.0,166.0,83.0,164.0,0.0,0.0,0.0,0.0,0.0,0.0,0.0,0.0,0.0,Route Failure,3400.0,"{'node_level': {'cpu': -67}, 'link_level': {'bw': 100.0}, 'path_level': {}}","{'node_level': {2: {'cpu': -50}, 1: {'cpu': -61}, 3: {'cpu': -51}, 0: {'cpu': -55}, 4: {'cpu': -55}, 5: {'cpu': -67}}, 'link_level': {(1, 2): {'bw': -58}, (3, 2): {'bw': -79}, (0, 2): {'bw': -42}, (4, 3): {'bw': -11}, (5, 1): {'bw': 100.0}, (5, 3): {'bw': 0}, (5, 4): {'bw': 100.0}}, 'path_level': {(1, 2): {}, (3, 2): {}, (0, 2): {}, (4, 3): {}, (5, 1): {}, (5, 3): {}, (5, 4): {}}}","{'node_level': {2: {'cpu': 0}, 1: {'cpu': 0}, 3: {'cpu': 0}, 0: {'cpu': 0}, 4: {'cpu': 0}, 5: {'cpu': 0}}, 'link_level': {(1, 2): {'bw': 0}, (3, 2): {'bw': 0}, (0, 2): {'bw': 0}, (4, 3): {'bw': 0}, (5, 1): {'bw': 100.0}, (5, 3): {'bw': 0}, (5, 4): {'bw': 100.0}}, 'path_level': {(1, 2): {}, (3, 2): {}, (0, 2): {}, (4, 3): {}, (5, 1): {}, (5, 3): {}, (5, 4): {}}}",[],100.0,100.0,True,False,False,0,[],0,0.0,34.0,5.0,4.0
198,61,7,5728.0,6620.0,3529835.3631909015,4222111.821172037,0.8652567975830816,0.8360354989866272,37,374,1,4869.0,8758,4671,4087,0.041649569142388154,0.11727861771058312,197,863.8643564780338,4869.0,7,9,False,"{5: 6, 0: 2, 1: 13, 3: 14, 4: 0, 6: 1, 2: 11}","{(0, 5): [(2, 6)], (1, 5): [(13, 6)], (3, 5): [(14, 6)], (4, 0): [(0, 2)], (4, 3): [(0, 2), (2, 6), (6, 14)], (6, 3): [(1, 0), (0, 2), (2, 6), (6, 14)], (6, 4): [(1, 0)], (2, 1): [(11, 5), (5, 2), (2, 6), (6, 13)], (2, 3): [(11, 5), (5, 2), (2, 6), (6, 14)]}","{(5, 6): {'cpu': 15}, (0, 2): {'cpu': 6}, (1, 13): {'cpu': 16}, (3, 14): {'cpu': 0}, (4, 0): {'cpu': 8}, (6, 1): {'cpu': 3}, (2, 11): {'cpu': 3}}","{((0, 5), (2, 6)): {'bw': 30}, ((1, 5), (13, 6)): {'bw': 29}, ((3, 5), (14, 6)): {'bw': 6}, ((4, 0), (0, 2)): {'bw': 37}, ((4, 3), (0, 2)): {'bw': 18}, ((4, 3), (2, 6)): {'bw': 18}, ((4, 3), (6, 14)): {'bw': 18}, ((6, 3), (1, 0)): {'bw': 2}, ((6, 3), (0, 2)): {'bw': 2}, ((6, 3), (2, 6)): {'bw': 2}, ((6, 3), (6, 14)): {'bw': 2}, ((6, 4), (1, 0)): {'bw': 39}, ((2, 1), (11, 5)): {'bw': 9}, ((2, 1), (5, 2)): {'bw': 9}, ((2, 1), (2, 6)): {'bw': 9}, ((2, 1), (6, 13)): {'bw': 9}, ((2, 3), (11, 5)): {'bw': 12}, ((2, 3), (5, 2)): {'bw': 12}, ((2, 3), (2, 6)): {'bw': 12}, ((2, 3), (6, 14)): {'bw': 12}}",0.0,0.0,102.0,51.0,182.0,0.0,0.0,0.0,0.0,0.0,0.0,0.0,0.0,0.0,Route Failure,500.0,"{'node_level': {'cpu': -76}, 'link_level': {'bw': -18}, 'path_level': {}}","{'node_level': {5: {'cpu': -53}, 0: {'cpu': -74}, 1: {'cpu': -41}, 3: {'cpu': -71}, 4: {'cpu': -66}, 6: {'cpu': -59}, 2: {'cpu': -76}}, 'link_level': {(0, 5): {'bw': -70}, (1, 5): {'bw': -58}, (3, 5): {'bw': -50}, (4, 0): {'bw': -39}, (4, 3): {'bw': -21}, (6, 3): {'bw': -19}, (6, 4): {'bw': -28}, (2, 1): {'bw': -41}, (2, 3): {'bw': -18}}, 'path_level': {(0, 5): {}, (1, 5): {}, (3, 5): {}, (4, 0): {}, (4, 3): {}, (6, 3): {}, (6, 4): {}, (2, 1): {}, (2, 3): {}}}","{'node_level': {5: {'cpu': 0}, 0: {'cpu': 0}, 1: {'cpu': 0}, 3: {'cpu': 0}, 4: {'cpu': 0}, 6: {'cpu': 0}, 2: {'cpu': 0}}, 'link_level': {(0, 5): {'bw': 0}, (1, 5): {'bw': 0}, (3, 5): {'bw': 0}, (4, 0): {'bw': 0}, (4, 3): {'bw': 0}, (6, 3): {'bw': 0}, (6, 4): {'bw': 0}, (2, 1): {'bw': 0}, (2, 3): {'bw': 0}}, 'path_level': {(0, 5): {}, (1, 5): {}, (3, 5): {}, (4, 0): {}, (4, 3): {}, (6, 3): {}, (6, 4): {}, (2, 1): {}, (2, 3): {}}}",[],-18.0,100.0,True,False,False,0,[],0,0.0,5.0,7.0,9.0
198,61,7,5728.0,6620.0,3529835.3631909015,4222111.821172037,0.8652567975830816,0.8360354989866272,37,375,0,4874.830219371393,8758,4671,4087,0.041649569142388154,0.11727861771058312,195,51.830219371393,4823.0,9,19,False,{},{},{},{},0.0,0.0,0.0,0.0,0.0,0.0,0.0,0.0,0.0,0.0,0.0,0.0,0.0,0.0,Leave Event,0.0,"{'node_level': {}, 'link_level': {}, 'path_level': {}}","{'node_level': {}, 'link_level': {}, 'path_level': {}}","{'node_level': {}, 'link_level': {}, 'path_level': {}}",[],-inf,-inf,True,True,False,0,[],0,0.0,,,
199,62,8,5812.0,6704.0,3549601.156027636,4241877.614008771,0.866945107398568,0.836799521114212,37,376,1,4895.0,8674,4637,4037,0.0486253590480098,0.12807775377969766,198,235.3070575801732,4895.0,3,2,True,"{1: 6, 0: 2, 2: 13}","{(0, 1): [(2, 6)], (2, 1): [(13, 6)]}","{(1, 6): {'cpu': 9}, (0, 2): {'cpu': 16}, (2, 13): {'cpu': 9}}","{((0, 1), (2, 6)): {'bw': 38}, ((2, 1), (13, 6)): {'bw': 12}}",84.0,84.0,68.0,34.0,50.0,34.0,50.0,34.0,50.0,0.0,1.0,19765.79283673455,19765.79283673455,235.3070575801732,Success,0.0,"{'node_level': {'cpu': -48}, 'link_level': {'bw': -75}, 'path_level': {}}","{'node_level': {1: {'cpu': -59}, 0: {'cpu': -64}, 2: {'cpu': -48}}, 'link_level': {(0, 1): {'bw': -62}, (2, 1): {'bw': -75}}, 'path_level': {(0, 1): {}, (2, 1): {}}}","{'node_level': {1: {'cpu': 0}, 0: {'cpu': 0}, 2: {'cpu': 0}}, 'link_level': {(0, 1): {'bw': 0}, (2, 1): {'bw': 0}}, 'path_level': {(0, 1): {}, (2, 1): {}}}",[],-48.0,0.0,True,True,False,0,[],0,0.0,0.0,3.0,2.0
199,62,8,5812.0,6704.0,3549601.156027636,4241877.614008771,0.866945107398568,0.836799521114212,37,377,0,4923.661308156573,8674,4637,4037,0.0486253590480098,0.12807775377969766,185,351.66130815657266,4572.0,10,23,False,{},{},{},{},0.0,0.0,0.0,0.0,0.0,0.0,0.0,0.0,0.0,0.0,0.0,0.0,0.0,0.0,Leave Event,0.0,"{'node_level': {}, 'link_level': {}, 'path_level': {}}","{'node_level': {}, 'link_level': {}, 'path_level': {}}","{'node_level': {}, 'link_level': {}, 'path_level': {}}",[],-inf,-inf,True,True,False,0,[],0,0.0,,,
200,62,8,5812.0,6704.0,3549601.156027636,4241877.614008771,0.866945107398568,0.836799521114212,37,378,1,4926.0,8674,4637,4037,0.0486253590480098,0.12807775377969766,199,108.32877082225491,4926.0,4,3,False,"{3: 12, 2: 25, 0: 26, 1: 41}","{(2, 3): [(25, 12)], (0, 3): [(26, 12)], (1, 0): [(41, 25), (25, 12), (12, 26)]}","{(3, 12): {'cpu': 13}, (2, 25): {'cpu': 18}, (0, 26): {'cpu': 4}, (1, 41): {'cpu': 9}}","{((2, 3), (25, 12)): {'bw': 32}, ((0, 3), (26, 12)): {'bw': 37}, ((1, 0), (41, 25)): {'bw': 30}, ((1, 0), (25, 12)): {'bw': 30}, ((1, 0), (12, 26)): {'bw': 30}}",0.0,0.0,88.0,44.0,99.0,0.0,0.0,0.0,0.0,0.0,0.0,0.0,0.0,0.0,Route Failure,300.0,"{'node_level': {'cpu': -87}, 'link_level': {'bw': -1}, 'path_level': {}}","{'node_level': {3: {'cpu': -60}, 2: {'cpu': -75}, 0: {'cpu': -85}, 1: {'cpu': -87}}, 'link_level': {(2, 3): {'bw': -51}, (0, 3): {'bw': -31}, (1, 0): {'bw': -1}}, 'path_level': {(2, 3): {}, (0, 3): {}, (1, 0): {}}}","{'node_level': {3: {'cpu': 0}, 2: {'cpu': 0}, 0: {'cpu': 0}, 1: {'cpu': 0}}, 'link_level': {(2, 3): {'bw': 0}, (0, 3): {'bw': 0}, (1, 0): {'bw': 0}}, 'path_level': {(2, 3): {}, (0, 3): {}, (1, 0): {}}}",[],-1.0,100.0,True,False,False,0,[],0,0.0,3.0,4.0,3.0
200,62,8,5812.0,6704.0,3549601.156027636,4241877.614008771,0.866945107398568,0.836799521114212,37,379,0,4961.388657755,8674,4637,4037,0.0486253590480098,0.12807775377969766,141,1518.3886577549997,3443.0,7,10,False,{},{},{},{},0.0,0.0,0.0,0.0,0.0,0.0,0.0,0.0,0.0,0.0,0.0,0.0,0.0,0.0,Leave Event,0.0,"{'node_level': {}, 'link_level': {}, 'path_level': {}}","{'node_level': {}, 'link_level': {}, 'path_level': {}}","{'node_level': {}, 'link_level': {}, 'path_level': {}}",[],-inf,-inf,True,True,False,0,[],0,0.0,,,
200,62,7,5812.0,6704.0,3549601.156027636,4241877.614008771,0.866945107398568,0.836799521114212,37,380,0,5007.851820025917,8793,4652,4141,0.045547804677882664,0.10561555075593954,146,1433.8518200259173,3574.0,4,4,False,{},{},{},{},0.0,0.0,0.0,0.0,0.0,0.0,0.0,0.0,0.0,0.0,0.0,0.0,0.0,0.0,Leave Event,0.0,"{'node_level': {}, 'link_level': {}, 'path_level': {}}","{'node_level': {}, 'link_level': {}, 'path_level': {}}","{'node_level': {}, 'link_level': {}, 'path_level': {}}",[],-inf,-inf,True,True,False,0,[],0,0.0,,,
200,62,7,5812.0,6704.0,3549601.156027636,4241877.614008771,0.866945107398568,0.836799521114212,37,381,0,5026.780640988133,8793,4652,4141,0.045547804677882664,0.10561555075593954,192,279.78064098813286,4747.0,7,11,False,{},{},{},{},0.0,0.0,0.0,0.0,0.0,0.0,0.0,0.0,0.0,0.0,0.0,0.0,0.0,0.0,Leave Event,0.0,"{'node_level': {}, 'link_level': {}, 'path_level': {}}","{'node_level': {}, 'link_level': {}, 'path_level': {}}","{'node_level': {}, 'link_level': {}, 'path_level': {}}",[],-inf,-inf,True,True,False,0,[],0,0.0,,,
200,62,7,5812.0,6704.0,3549601.156027636,4241877.614008771,0.866945107398568,0.836799521114212,37,382,0,5028.34091749919,8793,4652,4141,0.045547804677882664,0.10561555075593954,136,1707.3409174991905,3321.0,10,20,False,{},{},{},{},0.0,0.0,0.0,0.0,0.0,0.0,0.0,0.0,0.0,0.0,0.0,0.0,0.0,0.0,Leave Event,0.0,"{'node_level': {}, 'link_level': {}, 'path_level': {}}","{'node_level': {}, 'link_level': {}, 'path_level': {}}","{'node_level': {}, 'link_level': {}, 'path_level': {}}",[],-inf,-inf,True,True,False,0,[],0,0.0,,,
200,62,7,5812.0,6704.0,3549601.156027636,4241877.614008771,0.866945107398568,0.836799521114212,37,383,0,5034.328770822255,8793,4652,4141,0.045547804677882664,0.10561555075593954,199,108.32877082225491,4926.0,4,3,False,{},{},{},{},0.0,0.0,0.0,0.0,0.0,0.0,0.0,0.0,0.0,0.0,0.0,0.0,0.0,0.0,Leave Event,0.0,"{'node_level': {}, 'link_level': {}, 'path_level': {}}","{'node_level': {}, 'link_level': {}, 'path_level': {}}","{'node_level': {}, 'link_level': {}, 'path_level': {}}",[],-inf,-inf,True,True,False,0,[],0,0.0,,,
200,62,6,5812.0,6704.0,3549601.156027636,4241877.614008771,0.866945107398568,0.836799521114212,37,384,0,5130.307057580173,8877,4686,4191,0.03857201477226102,0.094816414686825,198,235.3070575801732,4895.0,3,2,False,{},{},{},{},0.0,0.0,0.0,0.0,0.0,0.0,0.0,0.0,0.0,0.0,0.0,0.0,0.0,0.0,Leave Event,0.0,"{'node_level': {}, 'link_level': {}, 'path_level': {}}","{'node_level': {}, 'link_level': {}, 'path_level': {}}","{'node_level': {}, 'link_level': {}, 'path_level': {}}",[],-inf,-inf,True,True,False,0,[],0,0.0,,,
200,62,5,5812.0,6704.0,3549601.156027636,4241877.614008771,0.866945107398568,0.836799521114212,37,385,0,5139.209257895436,8926,4706,4220,0.034468608945424695,0.08855291576673863,102,2644.2092578954366,2495.0,2,1,False,{},{},{},{},0.0,0.0,0.0,0.0,0.0,0.0,0.0,0.0,0.0,0.0,0.0,0.0,0.0,0.0,Leave Event,0.0,"{'node_level': {}, 'link_level': {}, 'path_level': {}}","{'node_level': {}, 'link_level': {}, 'path_level': {}}","{'node_level': {}, 'link_level': {}, 'path_level': {}}",[],-inf,-inf,True,True,False,0,[],0,0.0,,,
200,62,5,5812.0,6704.0,3549601.156027636,4241877.614008771,0.866945107398568,0.836799521114212,37,386,0,5167.256813844328,8926,4706,4220,0.034468608945424695,0.08855291576673863,186,567.2568138443279,4600.0,5,5,False,{},{},{},{},0.0,0.0,0.0,0.0,0.0,0.0,0.0,0.0,0.0,0.0,0.0,0.0,0.0,0.0,Leave Event,0.0,"{'node_level': {}, 'link_level': {}, 'path_level': {}}","{'node_level': {}, 'link_level': {}, 'path_level': {}}","{'node_level': {}, 'link_level': {}, 'path_level': {}}",[],-inf,-inf,True,True,False,0,[],0,0.0,,,
200,62,4,5812.0,6704.0,3549601.156027636,4241877.614008771,0.866945107398568,0.836799521114212,37,387,0,5265.789353859991,8988,4737,4251,0.0281083299138285,0.08185745140388767,193,495.78935385999097,4770.0,3,3,False,{},{},{},{},0.0,0.0,0.0,0.0,0.0,0.0,0.0,0.0,0.0,0.0,0.0,0.0,0.0,0.0,Leave Event,0.0,"{'node_level': {}, 'link_level': {}, 'path_level': {}}","{'node_level': {}, 'link_level': {}, 'path_level': {}}","{'node_level': {}, 'link_level': {}, 'path_level': {}}",[],-inf,-inf,True,True,False,0,[],0,0.0,,,
200,62,4,5812.0,6704.0,3549601.156027636,4241877.614008771,0.866945107398568,0.836799521114212,37,388,0,5281.378972983742,8988,4737,4251,0.0281083299138285,0.08185745140388767,171,1061.378972983742,4220.0,9,20,False,{},{},{},{},0.0,0.0,0.0,0.0,0.0,0.0,0.0,0.0,0.0,0.0,0.0,0.0,0.0,0.0,Leave Event,0.0,"{'node_level': {}, 'link_level': {}, 'path_level': {}}","{'node_level': {}, 'link_level': {}, 'path_level': {}}","{'node_level': {}, 'link_level': {}, 'path_level': {}}",[],-inf,-inf,True,True,False,0,[],0,0.0,,,
200,62,3,5812.0,6704.0,3549601.156027636,4241877.614008771,0.866945107398568,0.836799521114212,37,389,0,5289.866658661814,9178,4774,4404,0.020517029134181408,0.04881209503239736,159,1367.8666586618137,3922.0,5,6,False,{},{},{},{},0.0,0.0,0.0,0.0,0.0,0.0,0.0,0.0,0.0,0.0,0.0,0.0,0.0,0.0,Leave Event,0.0,"{'node_level': {}, 'link_level': {}, 'path_level': {}}","{'node_level': {}, 'link_level': {}, 'path_level': {}}","{'node_level': {}, 'link_level': {}, 'path_level': {}}",[],-inf,-inf,True,True,False,0,[],0,0.0,,,
200,62,3,5812.0,6704.0,3549601.156027636,4241877.614008771,0.866945107398568,0.836799521114212,37,390,0,5314.600347994635,9178,4774,4404,0.020517029134181408,0.04881209503239736,177,942.6003479946348,4372.0,8,16,False,{},{},{},{},0.0,0.0,0.0,0.0,0.0,0.0,0.0,0.0,0.0,0.0,0.0,0.0,0.0,0.0,Leave Event,0.0,"{'node_level': {}, 'link_level': {}, 'path_level': {}}","{'node_level': {}, 'link_level': {}, 'path_level': {}}","{'node_level': {}, 'link_level': {}, 'path_level': {}}",[],-inf,-inf,True,True,False,0,[],0,0.0,,,
200,62,3,5812.0,6704.0,3549601.156027636,4241877.614008771,0.866945107398568,0.836799521114212,37,391,0,5320.812316933456,9178,4774,4404,0.020517029134181408,0.04881209503239736,178,919.812316933456,4401.0,8,18,False,{},{},{},{},0.0,0.0,0.0,0.0,0.0,0.0,0.0,0.0,0.0,0.0,0.0,0.0,0.0,0.0,Leave Event,0.0,"{'node_level': {}, 'link_level': {}, 'path_level': {}}","{'node_level': {}, 'link_level': {}, 'path_level': {}}","{'node_level': {}, 'link_level': {}, 'path_level': {}}",[],-inf,-inf,True,True,False,0,[],0,0.0,,,
200,62,3,5812.0,6704.0,3549601.156027636,4241877.614008771,0.866945107398568,0.836799521114212,37,392,0,5407.243273636818,9178,4774,4404,0.020517029134181408,0.04881209503239736,194,611.2432736368179,4796.0,5,5,False,{},{},{},{},0.0,0.0,0.0,0.0,0.0,0.0,0.0,0.0,0.0,0.0,0.0,0.0,0.0,0.0,Leave Event,0.0,"{'node_level': {}, 'link_level': {}, 'path_level': {}}","{'node_level': {}, 'link_level': {}, 'path_level': {}}","{'node_level': {}, 'link_level': {}, 'path_level': {}}",[],-inf,-inf,True,True,False,0,[],0,0.0,,,
200,62,2,5812.0,6704.0,3549601.156027636,4241877.614008771,0.866945107398568,0.836799521114212,37,393,0,5419.603725901028,9353,4822,4531,0.010668855149774337,0.02138228941684661,189,747.6037259010285,4672.0,4,3,False,{},{},{},{},0.0,0.0,0.0,0.0,0.0,0.0,0.0,0.0,0.0,0.0,0.0,0.0,0.0,0.0,Leave Event,0.0,"{'node_level': {}, 'link_level': {}, 'path_level': {}}","{'node_level': {}, 'link_level': {}, 'path_level': {}}","{'node_level': {}, 'link_level': {}, 'path_level': {}}",[],-inf,-inf,True,True,False,0,[],0,0.0,,,
200,62,2,5812.0,6704.0,3549601.156027636,4241877.614008771,0.866945107398568,0.836799521114212,37,394,0,5489.417571064062,9353,4822,4531,0.010668855149774337,0.02138228941684661,191,770.4175710640617,4719.0,9,19,False,{},{},{},{},0.0,0.0,0.0,0.0,0.0,0.0,0.0,0.0,0.0,0.0,0.0,0.0,0.0,0.0,Leave Event,0.0,"{'node_level': {}, 'link_level': {}, 'path_level': {}}","{'node_level': {}, 'link_level': {}, 'path_level': {}}","{'node_level': {}, 'link_level': {}, 'path_level': {}}",[],-inf,-inf,True,True,False,0,[],0,0.0,,,
200,62,1,5812.0,6704.0,3549601.156027636,4241877.614008771,0.866945107398568,0.836799521114212,37,395,0,5673.13527684102,9415,4836,4579,0.0077964710709889085,0.01101511879049677,176,1328.13527684102,4345.0,2,1,False,{},{},{},{},0.0,0.0,0.0,0.0,0.0,0.0,0.0,0.0,0.0,0.0,0.0,0.0,0.0,0.0,Leave Event,0.0,"{'node_level': {}, 'link_level': {}, 'path_level': {}}","{'node_level': {}, 'link_level': {}, 'path_level': {}}","{'node_level': {}, 'link_level': {}, 'path_level': {}}",[],-inf,-inf,True,True,False,0,[],0,0.0,,,
200,62,1,5812.0,6704.0,3549601.156027636,4241877.614008771,0.866945107398568,0.836799521114212,37,396,0,5732.864356478034,9415,4836,4579,0.0077964710709889085,0.01101511879049677,197,863.8643564780338,4869.0,7,9,False,{},{},{},{},0.0,0.0,0.0,0.0,0.0,0.0,0.0,0.0,0.0,0.0,0.0,0.0,0.0,0.0,Leave Event,0.0,"{'node_level': {}, 'link_level': {}, 'path_level': {}}","{'node_level': {}, 'link_level': {}, 'path_level': {}}","{'node_level': {}, 'link_level': {}, 'path_level': {}}",[],-inf,-inf,True,True,False,0,[],0,0.0,,,
200,62,0,5812.0,6704.0,3549601.156027636,4241877.614008771,0.866945107398568,0.836799521114212,37,397,0,5886.610284719794,9504,4874,4630,0.0,0.0,182,1389.6102847197944,4497.0,3,3,False,{},{},{},{},0.0,0.0,0.0,0.0,0.0,0.0,0.0,0.0,0.0,0.0,0.0,0.0,0.0,0.0,Leave Event,0.0,"{'node_level': {}, 'link_level': {}, 'path_level': {}}","{'node_level': {}, 'link_level': {}, 'path_level': {}}","{'node_level': {}, 'link_level': {}, 'path_level': {}}",[],-inf,-inf,True,True,False,0,[],0,0.0,,,
200,62,0,5812.0,6704.0,3549601.156027636,4241877.614008771,0.866945107398568,0.836799521114212,37,398,0,5967.704179478307,9504,4874,4630,0.0,0.0,179,1542.7041794783074,4425.0,10,22,False,{},{},{},{},0.0,0.0,0.0,0.0,0.0,0.0,0.0,0.0,0.0,0.0,0.0,0.0,0.0,0.0,Leave Event,0.0,"{'node_level': {}, 'link_level': {}, 'path_level': {}}","{'node_level': {}, 'link_level': {}, 'path_level': {}}","{'node_level': {}, 'link_level': {}, 'path_level': {}}",[],-inf,-inf,True,True,False,0,[],0,0.0,,,
200,62,0,5812.0,6704.0,3549601.156027636,4241877.614008771,0.866945107398568,0.836799521114212,37,399,0,6017.902960423077,9504,4874,4630,0.0,0.0,196,1170.902960423077,4847.0,6,7,False,{},{},{},{},0.0,0.0,0.0,0.0,0.0,0.0,0.0,0.0,0.0,0.0,0.0,0.0,0.0,0.0,Leave Event,0.0,"{'node_level': {}, 'link_level': {}, 'path_level': {}}","{'node_level': {}, 'link_level': {}, 'path_level': {}}","{'node_level': {}, 'link_level': {}, 'path_level': {}}",[],-inf,-inf,True,True,False,0,[],0,0.0,,,
