v_net_count,success_count,inservice_count,total_revenue,total_cost,total_time_revenue,total_time_cost,long_term_r2c_ratio,long_term_time_r2c_ratio,num_running_p_net_nodes,event_id,event_type,event_time,p_net_available_resource,p_net_node_available_resource,p_net_link_available_resource,p_net_node_resource_utilization,p_net_link_resource_utilization,v_net_id,v_net_lifetime,v_net_arrival_time,v_net_num_nodes,v_net_num_egdes,result,node_slots,link_paths,node_slots_info,link_paths_info,v_net_cost,v_net_revenue,v_net_demand,v_net_node_demand,v_net_link_demand,v_net_node_revenue,v_net_link_revenue,v_net_node_cost,v_net_link_cost,v_net_path_cost,v_net_r2c_ratio,v_net_time_cost,v_net_time_revenue,v_net_time_rc_ratio,description,v_net_total_hard_constraint_violation,v_net_single_step_constraint_offset,v_net_constraint_offsets,v_net_constraint_violations,v_net_single_step_violation_list,v_net_single_step_hard_constraint_offset,v_net_max_single_step_hard_constraint_violation,place_result,route_result,early_rejection,revoke_times,selected_actions,num_interactions,v_net_reward,num_placed_nodes,num_routed_links
1,0,0,0.0,0.0,0.0,0.0,0.0,0.0,0,0,1,25.0,9625,4944,4681,0.0,0.0,0,331.2160171223706,25.0,9,18,False,"{0: np.int64(19), 1: np.int64(41), 2: np.int64(43), 3: np.int64(36), 4: np.int64(30), 5: np.int64(2), 6: np.int64(8), 7: np.int64(16), 8: np.int64(50)}","{(0, 1): [(np.int64(19), 9), (9, 4), (4, 1), (1, 0), (0, 2), (2, 5), (5, 12), (12, 25), (25, 41)], (0, 2): [(np.int64(19), 9), (9, 4), (4, 1), (1, 0), (0, 2), (2, 6), (6, 13), (13, 27), (27, 43)], (0, 3): [(np.int64(19), 9), (9, 20), (20, 36)], (0, 4): []}","{(0, np.int64(19)): {'cpu': 13}, (1, np.int64(41)): {'cpu': 0}, (2, np.int64(43)): {'cpu': 4}, (3, np.int64(36)): {'cpu': 11}, (4, np.int64(30)): {'cpu': 10}, (5, np.int64(2)): {'cpu': 14}, (6, np.int64(8)): {'cpu': 16}, (7, np.int64(16)): {'cpu': 4}, (8, np.int64(50)): {'cpu': 13}}","{((0, 1), (np.int64(19), 9)): {'bw': 4}, ((0, 1), (9, 4)): {'bw': 4}, ((0, 1), (4, 1)): {'bw': 4}, ((0, 1), (1, 0)): {'bw': 4}, ((0, 1), (0, 2)): {'bw': 4}, ((0, 1), (2, 5)): {'bw': 4}, ((0, 1), (5, 12)): {'bw': 4}, ((0, 1), (12, 25)): {'bw': 4}, ((0, 1), (25, 41)): {'bw': 4}, ((0, 2), (np.int64(19), 9)): {'bw': 29}, ((0, 2), (9, 4)): {'bw': 29}, ((0, 2), (4, 1)): {'bw': 29}, ((0, 2), (1, 0)): {'bw': 29}, ((0, 2), (0, 2)): {'bw': 29}, ((0, 2), (2, 6)): {'bw': 29}, ((0, 2), (6, 13)): {'bw': 29}, ((0, 2), (13, 27)): {'bw': 29}, ((0, 2), (27, 43)): {'bw': 29}, ((0, 3), (np.int64(19), 9)): {'bw': 12}, ((0, 3), (9, 20)): {'bw': 12}, ((0, 3), (20, 36)): {'bw': 12}}",0.0,0.0,170.0,85.0,350.0,0.0,0.0,0.0,0.0,0.0,0.0,0.0,0.0,0.0,Route Failure,100.0,"{'node_level': {}, 'link_level': {}, 'path_level': {}}","{'node_level': {0: {'cpu': -58}, 1: {'cpu': -65}, 2: {'cpu': -77}, 3: {'cpu': -71}, 4: {'cpu': -63}, 5: {'cpu': -37}, 6: {'cpu': -73}, 7: {'cpu': -88}, 8: {'cpu': -85}}, 'link_level': {(0, 1): {'bw': -53}, (0, 2): {'bw': -24}, (0, 3): {'bw': -16}, (0, 4): {'bw': 100.0}}, 'path_level': {(0, 1): {}, (0, 2): {}, (0, 3): {}, (0, 4): {}}}","{'node_level': {0: {'cpu': 0}, 1: {'cpu': 0}, 2: {'cpu': 0}, 3: {'cpu': 0}, 4: {'cpu': 0}, 5: {'cpu': 0}, 6: {'cpu': 0}, 7: {'cpu': 0}, 8: {'cpu': 0}}, 'link_level': {(0, 1): {'bw': 0}, (0, 2): {'bw': 0}, (0, 3): {'bw': 0}, (0, 4): {'bw': 100.0}}, 'path_level': {(0, 1): {}, (0, 2): {}, (0, 3): {}, (0, 4): {}}}",[],-inf,-inf,True,False,False,0,[],0,0.0,9.0,4.0
2,0,0,0.0,0.0,0.0,0.0,0.0,0.0,0,1,1,49.0,9625,4944,4681,0.0,0.0,1,259.7764327387954,49.0,7,11,False,"{0: np.int64(54), 1: np.int64(47), 2: np.int64(0), 3: np.int64(39), 4: np.int64(7), 5: np.int64(3), 6: np.int64(27)}","{(0, 6): [(np.int64(54), 22), (22, 10), (10, 4), (4, 1), (1, 0), (0, 2), (2, 6), (6, 13), (13, 27)], (1, 3): [(np.int64(47), 15), (15, 7), (7, 3), (3, 1), (1, 0), (0, 2), (2, 5), (5, 11), (11, 23), (23, 39)], (1, 4): [(np.int64(47), 15), (15, 7)], (1, 5): [(np.int64(47), 15), (15, 7), (7, 3)], (2, 3): [(np.int64(0), 2), (2, 5), (5, 11), (11, 23), (23, 39)], (2, 4): [(np.int64(0), 1), (1, 3), (3, 7)], (2, 6): []}","{(0, np.int64(54)): {'cpu': 9}, (1, np.int64(47)): {'cpu': 17}, (2, np.int64(0)): {'cpu': 1}, (3, np.int64(39)): {'cpu': 1}, (4, np.int64(7)): {'cpu': 14}, (5, np.int64(3)): {'cpu': 14}, (6, np.int64(27)): {'cpu': 14}}","{((0, 6), (np.int64(54), 22)): {'bw': 15}, ((0, 6), (22, 10)): {'bw': 15}, ((0, 6), (10, 4)): {'bw': 15}, ((0, 6), (4, 1)): {'bw': 15}, ((0, 6), (1, 0)): {'bw': 15}, ((0, 6), (0, 2)): {'bw': 15}, ((0, 6), (2, 6)): {'bw': 15}, ((0, 6), (6, 13)): {'bw': 15}, ((0, 6), (13, 27)): {'bw': 15}, ((1, 3), (np.int64(47), 15)): {'bw': 20}, ((1, 3), (15, 7)): {'bw': 20}, ((1, 3), (7, 3)): {'bw': 20}, ((1, 3), (3, 1)): {'bw': 20}, ((1, 3), (1, 0)): {'bw': 20}, ((1, 3), (0, 2)): {'bw': 20}, ((1, 3), (2, 5)): {'bw': 20}, ((1, 3), (5, 11)): {'bw': 20}, ((1, 3), (11, 23)): {'bw': 20}, ((1, 3), (23, 39)): {'bw': 20}, ((1, 4), (np.int64(47), 15)): {'bw': 14}, ((1, 4), (15, 7)): {'bw': 14}, ((1, 5), (np.int64(47), 15)): {'bw': 17}, ((1, 5), (15, 7)): {'bw': 17}, ((1, 5), (7, 3)): {'bw': 17}, ((2, 3), (np.int64(0), 2)): {'bw': 9}, ((2, 3), (2, 5)): {'bw': 9}, ((2, 3), (5, 11)): {'bw': 9}, ((2, 3), (11, 23)): {'bw': 9}, ((2, 3), (23, 39)): {'bw': 9}, ((2, 4), (np.int64(0), 1)): {'bw': 19}, ((2, 4), (1, 3)): {'bw': 19}, ((2, 4), (3, 7)): {'bw': 19}}",0.0,0.0,140.0,70.0,247.0,0.0,0.0,0.0,0.0,0.0,0.0,0.0,0.0,0.0,Route Failure,100.0,"{'node_level': {}, 'link_level': {}, 'path_level': {}}","{'node_level': {0: {'cpu': -71}, 1: {'cpu': -50}, 2: {'cpu': -95}, 3: {'cpu': -52}, 4: {'cpu': -45}, 5: {'cpu': -76}, 6: {'cpu': -44}}, 'link_level': {(0, 6): {'bw': -39}, (1, 3): {'bw': -22}, (1, 4): {'bw': -22}, (1, 5): {'bw': -5}, (2, 3): {'bw': -13}, (2, 4): {'bw': -20}, (2, 6): {'bw': 100.0}}, 'path_level': {(0, 6): {}, (1, 3): {}, (1, 4): {}, (1, 5): {}, (2, 3): {}, (2, 4): {}, (2, 6): {}}}","{'node_level': {0: {'cpu': 0}, 1: {'cpu': 0}, 2: {'cpu': 0}, 3: {'cpu': 0}, 4: {'cpu': 0}, 5: {'cpu': 0}, 6: {'cpu': 0}}, 'link_level': {(0, 6): {'bw': 0}, (1, 3): {'bw': 0}, (1, 4): {'bw': 0}, (1, 5): {'bw': 0}, (2, 3): {'bw': 0}, (2, 4): {'bw': 0}, (2, 6): {'bw': 100.0}}, 'path_level': {(0, 6): {}, (1, 3): {}, (1, 4): {}, (1, 5): {}, (2, 3): {}, (2, 4): {}, (2, 6): {}}}",[],-inf,-inf,True,False,False,0,[],0,0.0,7.0,7.0
3,1,1,108.0,443.0,163940.66372969837,672460.315113485,0.24379232505643342,0.24379232505643342,3,2,1,70.0,9182,4926,4256,0.00364077669902918,0.09079256569109162,2,1517.9691086083183,70.0,3,2,True,"{0: np.int64(56), 1: np.int64(3), 2: np.int64(16)}","{(0, 1): [(np.int64(56), 24), (24, 11), (11, 5), (5, 2), (2, 0), (0, 1), (1, 3)], (1, 2): [(np.int64(3), 7), (7, 16)]}","{(0, np.int64(56)): {'cpu': 0}, (1, np.int64(3)): {'cpu': 15}, (2, np.int64(16)): {'cpu': 3}}","{((0, 1), (np.int64(56), 24)): {'bw': 49}, ((0, 1), (24, 11)): {'bw': 49}, ((0, 1), (11, 5)): {'bw': 49}, ((0, 1), (5, 2)): {'bw': 49}, ((0, 1), (2, 0)): {'bw': 49}, ((0, 1), (0, 1)): {'bw': 49}, ((0, 1), (1, 3)): {'bw': 49}, ((1, 2), (np.int64(3), 7)): {'bw': 41}, ((1, 2), (7, 16)): {'bw': 41}}",443.0,108.0,36.0,18.0,90.0,18.0,90.0,18.0,425.0,335.0,0.24379232505643342,672460.315113485,163940.66372969837,370.06921835146363,Success,0.0,"{'node_level': {}, 'link_level': {}, 'path_level': {}}","{'node_level': {0: {'cpu': -53}, 1: {'cpu': -75}, 2: {'cpu': -89}}, 'link_level': {(0, 1): {'bw': -8}, (1, 2): {'bw': -39}}, 'path_level': {(0, 1): {}, (1, 2): {}}}","{'node_level': {0: {'cpu': 0}, 1: {'cpu': 0}, 2: {'cpu': 0}}, 'link_level': {(0, 1): {'bw': 0}, (1, 2): {'bw': 0}}, 'path_level': {(0, 1): {}, (1, 2): {}}}",[],-inf,-inf,True,True,False,0,[],0,0.0,3.0,2.0
4,1,1,108.0,443.0,163940.66372969837,672460.315113485,0.24379232505643342,0.24379232505643342,3,3,1,102.0,9182,4926,4256,0.00364077669902918,0.09079256569109162,3,8.310489934272583,102.0,10,27,False,"{0: np.int64(40), 1: np.int64(9), 2: np.int64(2), 3: np.int64(56), 4: np.int64(21), 5: np.int64(47), 6: np.int64(25), 7: np.int64(11), 8: np.int64(14), 9: np.int64(36)}","{(0, 1): []}","{(0, np.int64(40)): {'cpu': 5}, (1, np.int64(9)): {'cpu': 13}, (2, np.int64(2)): {'cpu': 20}, (3, np.int64(56)): {'cpu': 18}, (4, np.int64(21)): {'cpu': 2}, (5, np.int64(47)): {'cpu': 2}, (6, np.int64(25)): {'cpu': 19}, (7, np.int64(11)): {'cpu': 4}, (8, np.int64(14)): {'cpu': 15}, (9, np.int64(36)): {'cpu': 6}}",{},0.0,0.0,208.0,104.0,724.0,0.0,0.0,0.0,0.0,0.0,0.0,0.0,0.0,0.0,Route Failure,100.0,"{'node_level': {}, 'link_level': {}, 'path_level': {}}","{'node_level': {0: {'cpu': -95}, 1: {'cpu': -82}, 2: {'cpu': -31}, 3: {'cpu': -35}, 4: {'cpu': -57}, 5: {'cpu': -65}, 6: {'cpu': -77}, 7: {'cpu': -86}, 8: {'cpu': -79}, 9: {'cpu': -76}}, 'link_level': {(0, 1): {'bw': 100.0}}, 'path_level': {(0, 1): {}}}","{'node_level': {0: {'cpu': 0}, 1: {'cpu': 0}, 2: {'cpu': 0}, 3: {'cpu': 0}, 4: {'cpu': 0}, 5: {'cpu': 0}, 6: {'cpu': 0}, 7: {'cpu': 0}, 8: {'cpu': 0}, 9: {'cpu': 0}}, 'link_level': {(0, 1): {'bw': 100.0}}, 'path_level': {(0, 1): {}}}",[],-inf,-inf,True,False,False,0,[],0,0.0,10.0,1.0
4,1,1,108.0,443.0,163940.66372969837,672460.315113485,0.24379232505643342,0.24379232505643342,3,4,0,110.31048993427258,9182,4926,4256,0.00364077669902918,0.09079256569109162,3,8.310489934272583,102.0,10,27,False,{},{},{},{},0.0,0.0,0.0,0.0,0.0,0.0,0.0,0.0,0.0,0.0,0.0,0.0,0.0,0.0,Leave Event,0.0,"{'node_level': {}, 'link_level': {}, 'path_level': {}}","{'node_level': {}, 'link_level': {}, 'path_level': {}}","{'node_level': {}, 'link_level': {}, 'path_level': {}}",[],-inf,-inf,True,True,False,0,[],0,0.0,,
5,1,1,108.0,443.0,163940.66372969837,672460.315113485,0.24379232505643342,0.24379232505643342,3,5,1,122.0,9182,4926,4256,0.00364077669902918,0.09079256569109162,4,187.9773938487999,122.0,9,24,False,"{0: np.int64(61), 1: np.int64(4), 2: np.int64(20), 3: np.int64(33), 4: np.int64(10), 5: np.int64(39), 6: np.int64(35), 7: np.int64(37), 8: np.int64(17)}","{(0, 1): [(np.int64(61), 29), (29, 14), (14, 6), (6, 2), (2, 0), (0, 1), (1, 4)], (0, 2): []}","{(0, np.int64(61)): {'cpu': 5}, (1, np.int64(4)): {'cpu': 3}, (2, np.int64(20)): {'cpu': 7}, (3, np.int64(33)): {'cpu': 3}, (4, np.int64(10)): {'cpu': 10}, (5, np.int64(39)): {'cpu': 14}, (6, np.int64(35)): {'cpu': 3}, (7, np.int64(37)): {'cpu': 5}, (8, np.int64(17)): {'cpu': 16}}","{((0, 1), (np.int64(61), 29)): {'bw': 3}, ((0, 1), (29, 14)): {'bw': 3}, ((0, 1), (14, 6)): {'bw': 3}, ((0, 1), (6, 2)): {'bw': 3}, ((0, 1), (2, 0)): {'bw': 3}, ((0, 1), (0, 1)): {'bw': 3}, ((0, 1), (1, 4)): {'bw': 3}}",0.0,0.0,132.0,66.0,498.0,0.0,0.0,0.0,0.0,0.0,0.0,0.0,0.0,0.0,Route Failure,100.0,"{'node_level': {}, 'link_level': {}, 'path_level': {}}","{'node_level': {0: {'cpu': -84}, 1: {'cpu': -70}, 2: {'cpu': -64}, 3: {'cpu': -89}, 4: {'cpu': -70}, 5: {'cpu': -39}, 6: {'cpu': -80}, 7: {'cpu': -90}, 8: {'cpu': -37}}, 'link_level': {(0, 1): {'bw': -5}, (0, 2): {'bw': 100.0}}, 'path_level': {(0, 1): {}, (0, 2): {}}}","{'node_level': {0: {'cpu': 0}, 1: {'cpu': 0}, 2: {'cpu': 0}, 3: {'cpu': 0}, 4: {'cpu': 0}, 5: {'cpu': 0}, 6: {'cpu': 0}, 7: {'cpu': 0}, 8: {'cpu': 0}}, 'link_level': {(0, 1): {'bw': 0}, (0, 2): {'bw': 100.0}}, 'path_level': {(0, 1): {}, (0, 2): {}}}",[],-inf,-inf,True,False,False,0,[],0,0.0,9.0,2.0
6,1,1,108.0,443.0,163940.66372969837,672460.315113485,0.24379232505643342,0.24379232505643342,3,6,1,144.0,9182,4926,4256,0.00364077669902918,0.09079256569109162,5,2308.465490617315,144.0,10,14,False,"{0: np.int64(47), 1: np.int64(33), 2: np.int64(57), 3: np.int64(55), 4: np.int64(28), 5: np.int64(58), 6: np.int64(21), 7: np.int64(34), 8: np.int64(7), 9: np.int64(41)}","{(0, 4): []}","{(0, np.int64(47)): {'cpu': 5}, (1, np.int64(33)): {'cpu': 12}, (2, np.int64(57)): {'cpu': 11}, (3, np.int64(55)): {'cpu': 10}, (4, np.int64(28)): {'cpu': 8}, (5, np.int64(58)): {'cpu': 4}, (6, np.int64(21)): {'cpu': 1}, (7, np.int64(34)): {'cpu': 16}, (8, np.int64(7)): {'cpu': 18}, (9, np.int64(41)): {'cpu': 3}}",{},0.0,0.0,176.0,88.0,348.0,0.0,0.0,0.0,0.0,0.0,0.0,0.0,0.0,0.0,Route Failure,100.0,"{'node_level': {}, 'link_level': {}, 'path_level': {}}","{'node_level': {0: {'cpu': -62}, 1: {'cpu': -80}, 2: {'cpu': -50}, 3: {'cpu': -62}, 4: {'cpu': -91}, 5: {'cpu': -69}, 6: {'cpu': -58}, 7: {'cpu': -79}, 8: {'cpu': -41}, 9: {'cpu': -62}}, 'link_level': {(0, 4): {'bw': 100.0}}, 'path_level': {(0, 4): {}}}","{'node_level': {0: {'cpu': 0}, 1: {'cpu': 0}, 2: {'cpu': 0}, 3: {'cpu': 0}, 4: {'cpu': 0}, 5: {'cpu': 0}, 6: {'cpu': 0}, 7: {'cpu': 0}, 8: {'cpu': 0}, 9: {'cpu': 0}}, 'link_level': {(0, 4): {'bw': 100.0}}, 'path_level': {(0, 4): {}}}",[],-inf,-inf,True,False,False,0,[],0,0.0,10.0,1.0
7,1,1,108.0,443.0,163940.66372969837,672460.315113485,0.24379232505643342,0.24379232505643342,3,7,1,172.0,9182,4926,4256,0.00364077669902918,0.09079256569109162,6,1077.265267639189,172.0,4,4,False,"{0: np.int64(44), 1: np.int64(23), 2: np.int64(10), 3: np.int64(61)}","{(0, 1): [(np.int64(44), 28), (28, 13), (13, 6), (6, 2), (2, 5), (5, 11), (11, 23)], (0, 3): [(np.int64(44), 28), (28, 13), (13, 6), (6, 14), (14, 29), (29, 61)], (1, 2): []}","{(0, np.int64(44)): {'cpu': 20}, (1, np.int64(23)): {'cpu': 9}, (2, np.int64(10)): {'cpu': 0}, (3, np.int64(61)): {'cpu': 14}}","{((0, 1), (np.int64(44), 28)): {'bw': 6}, ((0, 1), (28, 13)): {'bw': 6}, ((0, 1), (13, 6)): {'bw': 6}, ((0, 1), (6, 2)): {'bw': 6}, ((0, 1), (2, 5)): {'bw': 6}, ((0, 1), (5, 11)): {'bw': 6}, ((0, 1), (11, 23)): {'bw': 6}, ((0, 3), (np.int64(44), 28)): {'bw': 20}, ((0, 3), (28, 13)): {'bw': 20}, ((0, 3), (13, 6)): {'bw': 20}, ((0, 3), (6, 14)): {'bw': 20}, ((0, 3), (14, 29)): {'bw': 20}, ((0, 3), (29, 61)): {'bw': 20}}",0.0,0.0,86.0,43.0,62.0,0.0,0.0,0.0,0.0,0.0,0.0,0.0,0.0,0.0,Route Failure,100.0,"{'node_level': {}, 'link_level': {}, 'path_level': {}}","{'node_level': {0: {'cpu': -80}, 1: {'cpu': -79}, 2: {'cpu': -80}, 3: {'cpu': -75}}, 'link_level': {(0, 1): {'bw': -38}, (0, 3): {'bw': -33}, (1, 2): {'bw': 100.0}}, 'path_level': {(0, 1): {}, (0, 3): {}, (1, 2): {}}}","{'node_level': {0: {'cpu': 0}, 1: {'cpu': 0}, 2: {'cpu': 0}, 3: {'cpu': 0}}, 'link_level': {(0, 1): {'bw': 0}, (0, 3): {'bw': 0}, (1, 2): {'bw': 100.0}}, 'path_level': {(0, 1): {}, (0, 3): {}, (1, 2): {}}}",[],-inf,-inf,True,False,False,0,[],0,0.0,4.0,3.0
8,1,1,108.0,443.0,163940.66372969837,672460.315113485,0.24379232505643342,0.24379232505643342,3,8,1,204.0,9182,4926,4256,0.00364077669902918,0.09079256569109162,7,10.071946596146812,204.0,9,18,False,"{0: np.int64(2), 1: np.int64(44), 2: np.int64(30), 3: np.int64(13), 4: np.int64(61), 5: np.int64(7), 6: np.int64(23), 7: np.int64(58), 8: np.int64(48)}","{(0, 3): [(np.int64(2), 6), (6, 13)], (0, 4): [(np.int64(2), 6), (6, 14), (14, 29), (29, 61)], (0, 7): [(np.int64(2), 5), (5, 12), (12, 26), (26, 58)], (1, 3): [(np.int64(44), 28), (28, 13)], (1, 5): []}","{(0, np.int64(2)): {'cpu': 19}, (1, np.int64(44)): {'cpu': 2}, (2, np.int64(30)): {'cpu': 12}, (3, np.int64(13)): {'cpu': 10}, (4, np.int64(61)): {'cpu': 12}, (5, np.int64(7)): {'cpu': 0}, (6, np.int64(23)): {'cpu': 10}, (7, np.int64(58)): {'cpu': 1}, (8, np.int64(48)): {'cpu': 6}}","{((0, 3), (np.int64(2), 6)): {'bw': 12}, ((0, 3), (6, 13)): {'bw': 12}, ((0, 4), (np.int64(2), 6)): {'bw': 34}, ((0, 4), (6, 14)): {'bw': 34}, ((0, 4), (14, 29)): {'bw': 34}, ((0, 4), (29, 61)): {'bw': 34}, ((0, 7), (np.int64(2), 5)): {'bw': 0}, ((0, 7), (5, 12)): {'bw': 0}, ((0, 7), (12, 26)): {'bw': 0}, ((0, 7), (26, 58)): {'bw': 0}, ((1, 3), (np.int64(44), 28)): {'bw': 47}, ((1, 3), (28, 13)): {'bw': 47}}",0.0,0.0,144.0,72.0,546.0,0.0,0.0,0.0,0.0,0.0,0.0,0.0,0.0,0.0,Route Failure,100.0,"{'node_level': {}, 'link_level': {}, 'path_level': {}}","{'node_level': {0: {'cpu': -32}, 1: {'cpu': -98}, 2: {'cpu': -61}, 3: {'cpu': -90}, 4: {'cpu': -77}, 5: {'cpu': -59}, 6: {'cpu': -78}, 7: {'cpu': -72}, 8: {'cpu': -69}}, 'link_level': {(0, 3): {'bw': -59}, (0, 4): {'bw': -19}, (0, 7): {'bw': -49}, (1, 3): {'bw': -36}, (1, 5): {'bw': 100.0}}, 'path_level': {(0, 3): {}, (0, 4): {}, (0, 7): {}, (1, 3): {}, (1, 5): {}}}","{'node_level': {0: {'cpu': 0}, 1: {'cpu': 0}, 2: {'cpu': 0}, 3: {'cpu': 0}, 4: {'cpu': 0}, 5: {'cpu': 0}, 6: {'cpu': 0}, 7: {'cpu': 0}, 8: {'cpu': 0}}, 'link_level': {(0, 3): {'bw': 0}, (0, 4): {'bw': 0}, (0, 7): {'bw': 0}, (1, 3): {'bw': 0}, (1, 5): {'bw': 100.0}}, 'path_level': {(0, 3): {}, (0, 4): {}, (0, 7): {}, (1, 3): {}, (1, 5): {}}}",[],-inf,-inf,True,False,False,0,[],0,0.0,9.0,5.0
8,1,1,108.0,443.0,163940.66372969837,672460.315113485,0.24379232505643342,0.24379232505643342,3,9,0,214.0719465961468,9182,4926,4256,0.00364077669902918,0.09079256569109162,7,10.071946596146812,204.0,9,18,False,{},{},{},{},0.0,0.0,0.0,0.0,0.0,0.0,0.0,0.0,0.0,0.0,0.0,0.0,0.0,0.0,Leave Event,0.0,"{'node_level': {}, 'link_level': {}, 'path_level': {}}","{'node_level': {}, 'link_level': {}, 'path_level': {}}","{'node_level': {}, 'link_level': {}, 'path_level': {}}",[],-inf,-inf,True,True,False,0,[],0,0.0,,
9,1,1,108.0,443.0,163940.66372969837,672460.315113485,0.24379232505643342,0.24379232505643342,3,10,1,225.0,9182,4926,4256,0.00364077669902918,0.09079256569109162,8,54.23558363605139,225.0,9,18,False,"{0: np.int64(28), 1: np.int64(50), 2: np.int64(7), 3: np.int64(43), 4: np.int64(4), 5: np.int64(2), 6: np.int64(32), 7: np.int64(45), 8: np.int64(46)}","{(0, 1): []}","{(0, np.int64(28)): {'cpu': 17}, (1, np.int64(50)): {'cpu': 11}, (2, np.int64(7)): {'cpu': 0}, (3, np.int64(43)): {'cpu': 1}, (4, np.int64(4)): {'cpu': 12}, (5, np.int64(2)): {'cpu': 19}, (6, np.int64(32)): {'cpu': 16}, (7, np.int64(45)): {'cpu': 20}, (8, np.int64(46)): {'cpu': 1}}",{},0.0,0.0,194.0,97.0,398.0,0.0,0.0,0.0,0.0,0.0,0.0,0.0,0.0,0.0,Route Failure,100.0,"{'node_level': {}, 'link_level': {}, 'path_level': {}}","{'node_level': {0: {'cpu': -82}, 1: {'cpu': -87}, 2: {'cpu': -59}, 3: {'cpu': -80}, 4: {'cpu': -61}, 5: {'cpu': -32}, 6: {'cpu': -74}, 7: {'cpu': -47}, 8: {'cpu': -97}}, 'link_level': {(0, 1): {'bw': 100.0}}, 'path_level': {(0, 1): {}}}","{'node_level': {0: {'cpu': 0}, 1: {'cpu': 0}, 2: {'cpu': 0}, 3: {'cpu': 0}, 4: {'cpu': 0}, 5: {'cpu': 0}, 6: {'cpu': 0}, 7: {'cpu': 0}, 8: {'cpu': 0}}, 'link_level': {(0, 1): {'bw': 100.0}}, 'path_level': {(0, 1): {}}}",[],-inf,-inf,True,False,False,0,[],0,0.0,9.0,1.0
10,1,1,108.0,443.0,163940.66372969837,672460.315113485,0.24379232505643342,0.24379232505643342,3,11,1,256.0,9182,4926,4256,0.00364077669902918,0.09079256569109162,9,49.40249433470425,256.0,9,17,False,"{0: np.int64(15), 1: np.int64(18), 2: np.int64(47), 3: np.int64(2), 4: np.int64(12), 5: np.int64(17), 6: np.int64(6), 7: np.int64(40), 8: np.int64(48)}","{(0, 1): [(np.int64(15), 7), (7, 3), (3, 8), (8, 18)], (0, 5): [(np.int64(15), 7), (7, 3), (3, 8), (8, 17)], (0, 6): [(np.int64(15), 7), (7, 3), (3, 1), (1, 0), (0, 2), (2, 6)], (0, 7): []}","{(0, np.int64(15)): {'cpu': 16}, (1, np.int64(18)): {'cpu': 16}, (2, np.int64(47)): {'cpu': 10}, (3, np.int64(2)): {'cpu': 10}, (4, np.int64(12)): {'cpu': 5}, (5, np.int64(17)): {'cpu': 14}, (6, np.int64(6)): {'cpu': 10}, (7, np.int64(40)): {'cpu': 14}, (8, np.int64(48)): {'cpu': 6}}","{((0, 1), (np.int64(15), 7)): {'bw': 2}, ((0, 1), (7, 3)): {'bw': 2}, ((0, 1), (3, 8)): {'bw': 2}, ((0, 1), (8, 18)): {'bw': 2}, ((0, 5), (np.int64(15), 7)): {'bw': 33}, ((0, 5), (7, 3)): {'bw': 33}, ((0, 5), (3, 8)): {'bw': 33}, ((0, 5), (8, 17)): {'bw': 33}, ((0, 6), (np.int64(15), 7)): {'bw': 0}, ((0, 6), (7, 3)): {'bw': 0}, ((0, 6), (3, 1)): {'bw': 0}, ((0, 6), (1, 0)): {'bw': 0}, ((0, 6), (0, 2)): {'bw': 0}, ((0, 6), (2, 6)): {'bw': 0}}",0.0,0.0,202.0,101.0,401.0,0.0,0.0,0.0,0.0,0.0,0.0,0.0,0.0,0.0,Route Failure,100.0,"{'node_level': {}, 'link_level': {}, 'path_level': {}}","{'node_level': {0: {'cpu': -72}, 1: {'cpu': -34}, 2: {'cpu': -57}, 3: {'cpu': -41}, 4: {'cpu': -81}, 5: {'cpu': -39}, 6: {'cpu': -90}, 7: {'cpu': -86}, 8: {'cpu': -69}}, 'link_level': {(0, 1): {'bw': -37}, (0, 5): {'bw': -4}, (0, 6): {'bw': -4}, (0, 7): {'bw': 100.0}}, 'path_level': {(0, 1): {}, (0, 5): {}, (0, 6): {}, (0, 7): {}}}","{'node_level': {0: {'cpu': 0}, 1: {'cpu': 0}, 2: {'cpu': 0}, 3: {'cpu': 0}, 4: {'cpu': 0}, 5: {'cpu': 0}, 6: {'cpu': 0}, 7: {'cpu': 0}, 8: {'cpu': 0}}, 'link_level': {(0, 1): {'bw': 0}, (0, 5): {'bw': 0}, (0, 6): {'bw': 0}, (0, 7): {'bw': 100.0}}, 'path_level': {(0, 1): {}, (0, 5): {}, (0, 6): {}, (0, 7): {}}}",[],-inf,-inf,True,False,False,0,[],0,0.0,9.0,4.0
10,1,1,108.0,443.0,163940.66372969837,672460.315113485,0.24379232505643342,0.24379232505643342,3,12,0,279.2355836360514,9182,4926,4256,0.00364077669902918,0.09079256569109162,8,54.23558363605139,225.0,9,18,False,{},{},{},{},0.0,0.0,0.0,0.0,0.0,0.0,0.0,0.0,0.0,0.0,0.0,0.0,0.0,0.0,Leave Event,0.0,"{'node_level': {}, 'link_level': {}, 'path_level': {}}","{'node_level': {}, 'link_level': {}, 'path_level': {}}","{'node_level': {}, 'link_level': {}, 'path_level': {}}",[],-inf,-inf,True,True,False,0,[],0,0.0,,
11,1,1,108.0,443.0,163940.66372969837,672460.315113485,0.24379232505643342,0.24379232505643342,3,13,1,286.0,9182,4926,4256,0.00364077669902918,0.09079256569109162,10,154.48508204832453,286.0,10,22,False,"{0: np.int64(43), 1: np.int64(24), 2: np.int64(44), 3: np.int64(57), 4: np.int64(30), 5: np.int64(41), 6: np.int64(1), 7: np.int64(33), 8: np.int64(26), 9: np.int64(19)}","{(0, 1): []}","{(0, np.int64(43)): {'cpu': 5}, (1, np.int64(24)): {'cpu': 13}, (2, np.int64(44)): {'cpu': 1}, (3, np.int64(57)): {'cpu': 11}, (4, np.int64(30)): {'cpu': 12}, (5, np.int64(41)): {'cpu': 7}, (6, np.int64(1)): {'cpu': 9}, (7, np.int64(33)): {'cpu': 15}, (8, np.int64(26)): {'cpu': 12}, (9, np.int64(19)): {'cpu': 1}}",{},0.0,0.0,172.0,86.0,630.0,0.0,0.0,0.0,0.0,0.0,0.0,0.0,0.0,0.0,Route Failure,100.0,"{'node_level': {}, 'link_level': {}, 'path_level': {}}","{'node_level': {0: {'cpu': -76}, 1: {'cpu': -39}, 2: {'cpu': -99}, 3: {'cpu': -50}, 4: {'cpu': -61}, 5: {'cpu': -58}, 6: {'cpu': -46}, 7: {'cpu': -77}, 8: {'cpu': -68}, 9: {'cpu': -70}}, 'link_level': {(0, 1): {'bw': 100.0}}, 'path_level': {(0, 1): {}}}","{'node_level': {0: {'cpu': 0}, 1: {'cpu': 0}, 2: {'cpu': 0}, 3: {'cpu': 0}, 4: {'cpu': 0}, 5: {'cpu': 0}, 6: {'cpu': 0}, 7: {'cpu': 0}, 8: {'cpu': 0}, 9: {'cpu': 0}}, 'link_level': {(0, 1): {'bw': 100.0}}, 'path_level': {(0, 1): {}}}",[],-inf,-inf,True,False,False,0,[],0,0.0,10.0,1.0
11,1,1,108.0,443.0,163940.66372969837,672460.315113485,0.24379232505643342,0.24379232505643342,3,14,0,305.4024943347043,9182,4926,4256,0.00364077669902918,0.09079256569109162,9,49.40249433470425,256.0,9,17,False,{},{},{},{},0.0,0.0,0.0,0.0,0.0,0.0,0.0,0.0,0.0,0.0,0.0,0.0,0.0,0.0,Leave Event,0.0,"{'node_level': {}, 'link_level': {}, 'path_level': {}}","{'node_level': {}, 'link_level': {}, 'path_level': {}}","{'node_level': {}, 'link_level': {}, 'path_level': {}}",[],-inf,-inf,True,True,False,0,[],0,0.0,,
11,1,1,108.0,443.0,163940.66372969837,672460.315113485,0.24379232505643342,0.24379232505643342,3,15,0,308.7764327387954,9182,4926,4256,0.00364077669902918,0.09079256569109162,1,259.7764327387954,49.0,7,11,False,{},{},{},{},0.0,0.0,0.0,0.0,0.0,0.0,0.0,0.0,0.0,0.0,0.0,0.0,0.0,0.0,Leave Event,0.0,"{'node_level': {}, 'link_level': {}, 'path_level': {}}","{'node_level': {}, 'link_level': {}, 'path_level': {}}","{'node_level': {}, 'link_level': {}, 'path_level': {}}",[],-inf,-inf,True,True,False,0,[],0,0.0,,
11,1,1,108.0,443.0,163940.66372969837,672460.315113485,0.24379232505643342,0.24379232505643342,3,16,0,309.9773938487999,9182,4926,4256,0.00364077669902918,0.09079256569109162,4,187.9773938487999,122.0,9,24,False,{},{},{},{},0.0,0.0,0.0,0.0,0.0,0.0,0.0,0.0,0.0,0.0,0.0,0.0,0.0,0.0,Leave Event,0.0,"{'node_level': {}, 'link_level': {}, 'path_level': {}}","{'node_level': {}, 'link_level': {}, 'path_level': {}}","{'node_level': {}, 'link_level': {}, 'path_level': {}}",[],-inf,-inf,True,True,False,0,[],0,0.0,,
12,1,1,108.0,443.0,163940.66372969837,672460.315113485,0.24379232505643342,0.24379232505643342,3,17,1,312.0,9182,4926,4256,0.00364077669902918,0.09079256569109162,11,108.42400887346996,312.0,6,6,False,"{0: np.int64(47), 1: np.int64(32), 2: np.int64(40), 3: np.int64(33), 4: np.int64(41), 5: np.int64(48)}","{(0, 2): []}","{(0, np.int64(47)): {'cpu': 18}, (1, np.int64(32)): {'cpu': 10}, (2, np.int64(40)): {'cpu': 4}, (3, np.int64(33)): {'cpu': 13}, (4, np.int64(41)): {'cpu': 2}, (5, np.int64(48)): {'cpu': 0}}",{},0.0,0.0,94.0,47.0,163.0,0.0,0.0,0.0,0.0,0.0,0.0,0.0,0.0,0.0,Route Failure,100.0,"{'node_level': {}, 'link_level': {}, 'path_level': {}}","{'node_level': {0: {'cpu': -49}, 1: {'cpu': -80}, 2: {'cpu': -96}, 3: {'cpu': -79}, 4: {'cpu': -63}, 5: {'cpu': -75}}, 'link_level': {(0, 2): {'bw': 100.0}}, 'path_level': {(0, 2): {}}}","{'node_level': {0: {'cpu': 0}, 1: {'cpu': 0}, 2: {'cpu': 0}, 3: {'cpu': 0}, 4: {'cpu': 0}, 5: {'cpu': 0}}, 'link_level': {(0, 2): {'bw': 100.0}}, 'path_level': {(0, 2): {}}}",[],-inf,-inf,True,False,False,0,[],0,0.0,6.0,1.0
13,1,1,108.0,443.0,163940.66372969837,672460.315113485,0.24379232505643342,0.24379232505643342,3,18,1,329.0,9182,4926,4256,0.00364077669902918,0.09079256569109162,12,250.55015005512072,329.0,4,3,False,"{0: np.int64(41), 1: np.int64(3), 2: np.int64(9), 3: np.int64(31)}","{(0, 2): []}","{(0, np.int64(41)): {'cpu': 10}, (1, np.int64(3)): {'cpu': 12}, (2, np.int64(9)): {'cpu': 0}, (3, np.int64(31)): {'cpu': 13}}",{},0.0,0.0,70.0,35.0,73.0,0.0,0.0,0.0,0.0,0.0,0.0,0.0,0.0,0.0,Route Failure,100.0,"{'node_level': {}, 'link_level': {}, 'path_level': {}}","{'node_level': {0: {'cpu': -55}, 1: {'cpu': -63}, 2: {'cpu': -95}, 3: {'cpu': -69}}, 'link_level': {(0, 2): {'bw': 100.0}}, 'path_level': {(0, 2): {}}}","{'node_level': {0: {'cpu': 0}, 1: {'cpu': 0}, 2: {'cpu': 0}, 3: {'cpu': 0}}, 'link_level': {(0, 2): {'bw': 100.0}}, 'path_level': {(0, 2): {}}}",[],-inf,-inf,True,False,False,0,[],0,0.0,4.0,1.0
14,1,1,108.0,443.0,163940.66372969837,672460.315113485,0.24379232505643342,0.24379232505643342,3,19,1,355.0,9182,4926,4256,0.00364077669902918,0.09079256569109162,13,779.0220261466006,355.0,8,13,False,"{0: np.int64(13), 1: np.int64(3), 2: np.int64(31), 3: np.int64(25), 4: np.int64(42), 5: np.int64(4), 6: np.int64(23), 7: np.int64(0)}","{(0, 2): []}","{(0, np.int64(13)): {'cpu': 5}, (1, np.int64(3)): {'cpu': 13}, (2, np.int64(31)): {'cpu': 15}, (3, np.int64(25)): {'cpu': 6}, (4, np.int64(42)): {'cpu': 1}, (5, np.int64(4)): {'cpu': 10}, (6, np.int64(23)): {'cpu': 7}, (7, np.int64(0)): {'cpu': 8}}",{},0.0,0.0,130.0,65.0,273.0,0.0,0.0,0.0,0.0,0.0,0.0,0.0,0.0,0.0,Route Failure,100.0,"{'node_level': {}, 'link_level': {}, 'path_level': {}}","{'node_level': {0: {'cpu': -95}, 1: {'cpu': -62}, 2: {'cpu': -67}, 3: {'cpu': -90}, 4: {'cpu': -83}, 5: {'cpu': -63}, 6: {'cpu': -81}, 7: {'cpu': -88}}, 'link_level': {(0, 2): {'bw': 100.0}}, 'path_level': {(0, 2): {}}}","{'node_level': {0: {'cpu': 0}, 1: {'cpu': 0}, 2: {'cpu': 0}, 3: {'cpu': 0}, 4: {'cpu': 0}, 5: {'cpu': 0}, 6: {'cpu': 0}, 7: {'cpu': 0}}, 'link_level': {(0, 2): {'bw': 100.0}}, 'path_level': {(0, 2): {}}}",[],-inf,-inf,True,False,False,0,[],0,0.0,8.0,1.0
14,1,1,108.0,443.0,163940.66372969837,672460.315113485,0.24379232505643342,0.24379232505643342,3,20,0,356.2160171223706,9182,4926,4256,0.00364077669902918,0.09079256569109162,0,331.2160171223706,25.0,9,18,False,{},{},{},{},0.0,0.0,0.0,0.0,0.0,0.0,0.0,0.0,0.0,0.0,0.0,0.0,0.0,0.0,Leave Event,0.0,"{'node_level': {}, 'link_level': {}, 'path_level': {}}","{'node_level': {}, 'link_level': {}, 'path_level': {}}","{'node_level': {}, 'link_level': {}, 'path_level': {}}",[],-inf,-inf,True,True,False,0,[],0,0.0,,
15,1,1,108.0,443.0,163940.66372969837,672460.315113485,0.24379232505643342,0.24379232505643342,3,21,1,381.0,9182,4926,4256,0.00364077669902918,0.09079256569109162,14,46.11826399413245,381.0,6,6,False,"{0: np.int64(11), 1: np.int64(20), 2: np.int64(53), 3: np.int64(33), 4: np.int64(18), 5: np.int64(2)}","{(0, 1): []}","{(0, np.int64(11)): {'cpu': 10}, (1, np.int64(20)): {'cpu': 7}, (2, np.int64(53)): {'cpu': 20}, (3, np.int64(33)): {'cpu': 14}, (4, np.int64(18)): {'cpu': 9}, (5, np.int64(2)): {'cpu': 2}}",{},0.0,0.0,124.0,62.0,220.0,0.0,0.0,0.0,0.0,0.0,0.0,0.0,0.0,0.0,Route Failure,100.0,"{'node_level': {}, 'link_level': {}, 'path_level': {}}","{'node_level': {0: {'cpu': -80}, 1: {'cpu': -64}, 2: {'cpu': -80}, 3: {'cpu': -78}, 4: {'cpu': -41}, 5: {'cpu': -49}}, 'link_level': {(0, 1): {'bw': 100.0}}, 'path_level': {(0, 1): {}}}","{'node_level': {0: {'cpu': 0}, 1: {'cpu': 0}, 2: {'cpu': 0}, 3: {'cpu': 0}, 4: {'cpu': 0}, 5: {'cpu': 0}}, 'link_level': {(0, 1): {'bw': 100.0}}, 'path_level': {(0, 1): {}}}",[],-inf,-inf,True,False,False,0,[],0,0.0,6.0,1.0
16,1,1,108.0,443.0,163940.66372969837,672460.315113485,0.24379232505643342,0.24379232505643342,3,22,1,396.0,9182,4926,4256,0.00364077669902918,0.09079256569109162,15,237.28302360003832,396.0,5,6,False,"{0: np.int64(22), 1: np.int64(23), 2: np.int64(7), 3: np.int64(12), 4: np.int64(38)}","{(0, 1): []}","{(0, np.int64(22)): {'cpu': 10}, (1, np.int64(23)): {'cpu': 7}, (2, np.int64(7)): {'cpu': 1}, (3, np.int64(12)): {'cpu': 9}, (4, np.int64(38)): {'cpu': 16}}",{},0.0,0.0,86.0,43.0,114.0,0.0,0.0,0.0,0.0,0.0,0.0,0.0,0.0,0.0,Route Failure,100.0,"{'node_level': {}, 'link_level': {}, 'path_level': {}}","{'node_level': {0: {'cpu': -78}, 1: {'cpu': -81}, 2: {'cpu': -58}, 3: {'cpu': -77}, 4: {'cpu': -62}}, 'link_level': {(0, 1): {'bw': 100.0}}, 'path_level': {(0, 1): {}}}","{'node_level': {0: {'cpu': 0}, 1: {'cpu': 0}, 2: {'cpu': 0}, 3: {'cpu': 0}, 4: {'cpu': 0}}, 'link_level': {(0, 1): {'bw': 100.0}}, 'path_level': {(0, 1): {}}}",[],-inf,-inf,True,False,False,0,[],0,0.0,5.0,1.0
17,1,1,108.0,443.0,163940.66372969837,672460.315113485,0.24379232505643342,0.24379232505643342,3,23,1,417.0,9182,4926,4256,0.00364077669902918,0.09079256569109162,16,248.5172947376951,417.0,2,1,False,"{0: np.int64(17), 1: np.int64(61)}","{(0, 1): []}","{(0, np.int64(17)): {'cpu': 10}, (1, np.int64(61)): {'cpu': 18}}",{},0.0,0.0,56.0,28.0,15.0,0.0,0.0,0.0,0.0,0.0,0.0,0.0,0.0,0.0,Route Failure,100.0,"{'node_level': {}, 'link_level': {}, 'path_level': {}}","{'node_level': {0: {'cpu': -43}, 1: {'cpu': -71}}, 'link_level': {(0, 1): {'bw': 100.0}}, 'path_level': {(0, 1): {}}}","{'node_level': {0: {'cpu': 0}, 1: {'cpu': 0}}, 'link_level': {(0, 1): {'bw': 100.0}}, 'path_level': {(0, 1): {}}}",[],-inf,-inf,True,False,False,0,[],0,0.0,2.0,1.0
17,1,1,108.0,443.0,163940.66372969837,672460.315113485,0.24379232505643342,0.24379232505643342,3,24,0,420.42400887347,9182,4926,4256,0.00364077669902918,0.09079256569109162,11,108.42400887346996,312.0,6,6,False,{},{},{},{},0.0,0.0,0.0,0.0,0.0,0.0,0.0,0.0,0.0,0.0,0.0,0.0,0.0,0.0,Leave Event,0.0,"{'node_level': {}, 'link_level': {}, 'path_level': {}}","{'node_level': {}, 'link_level': {}, 'path_level': {}}","{'node_level': {}, 'link_level': {}, 'path_level': {}}",[],-inf,-inf,True,True,False,0,[],0,0.0,,
17,1,1,108.0,443.0,163940.66372969837,672460.315113485,0.24379232505643342,0.24379232505643342,3,25,0,427.11826399413246,9182,4926,4256,0.00364077669902918,0.09079256569109162,14,46.11826399413245,381.0,6,6,False,{},{},{},{},0.0,0.0,0.0,0.0,0.0,0.0,0.0,0.0,0.0,0.0,0.0,0.0,0.0,0.0,Leave Event,0.0,"{'node_level': {}, 'link_level': {}, 'path_level': {}}","{'node_level': {}, 'link_level': {}, 'path_level': {}}","{'node_level': {}, 'link_level': {}, 'path_level': {}}",[],-inf,-inf,True,True,False,0,[],0,0.0,,
18,1,1,108.0,443.0,163940.66372969837,672460.315113485,0.24379232505643342,0.24379232505643342,3,26,1,432.0,9182,4926,4256,0.00364077669902918,0.09079256569109162,17,180.03130205783893,432.0,9,20,False,"{0: np.int64(51), 1: np.int64(29), 2: np.int64(27), 3: np.int64(8), 4: np.int64(3), 5: np.int64(24), 6: np.int64(39), 7: np.int64(2), 8: np.int64(37)}","{(0, 2): []}","{(0, np.int64(51)): {'cpu': 20}, (1, np.int64(29)): {'cpu': 3}, (2, np.int64(27)): {'cpu': 12}, (3, np.int64(8)): {'cpu': 12}, (4, np.int64(3)): {'cpu': 12}, (5, np.int64(24)): {'cpu': 4}, (6, np.int64(39)): {'cpu': 13}, (7, np.int64(2)): {'cpu': 11}, (8, np.int64(37)): {'cpu': 8}}",{},0.0,0.0,190.0,95.0,548.0,0.0,0.0,0.0,0.0,0.0,0.0,0.0,0.0,0.0,Route Failure,100.0,"{'node_level': {}, 'link_level': {}, 'path_level': {}}","{'node_level': {0: {'cpu': -42}, 1: {'cpu': -49}, 2: {'cpu': -46}, 3: {'cpu': -77}, 4: {'cpu': -63}, 5: {'cpu': -48}, 6: {'cpu': -40}, 7: {'cpu': -40}, 8: {'cpu': -87}}, 'link_level': {(0, 2): {'bw': 100.0}}, 'path_level': {(0, 2): {}}}","{'node_level': {0: {'cpu': 0}, 1: {'cpu': 0}, 2: {'cpu': 0}, 3: {'cpu': 0}, 4: {'cpu': 0}, 5: {'cpu': 0}, 6: {'cpu': 0}, 7: {'cpu': 0}, 8: {'cpu': 0}}, 'link_level': {(0, 2): {'bw': 100.0}}, 'path_level': {(0, 2): {}}}",[],-inf,-inf,True,False,False,0,[],0,0.0,9.0,1.0
18,1,1,108.0,443.0,163940.66372969837,672460.315113485,0.24379232505643342,0.24379232505643342,3,27,0,440.48508204832456,9182,4926,4256,0.00364077669902918,0.09079256569109162,10,154.48508204832453,286.0,10,22,False,{},{},{},{},0.0,0.0,0.0,0.0,0.0,0.0,0.0,0.0,0.0,0.0,0.0,0.0,0.0,0.0,Leave Event,0.0,"{'node_level': {}, 'link_level': {}, 'path_level': {}}","{'node_level': {}, 'link_level': {}, 'path_level': {}}","{'node_level': {}, 'link_level': {}, 'path_level': {}}",[],-inf,-inf,True,True,False,0,[],0,0.0,,
19,1,1,108.0,443.0,163940.66372969837,672460.315113485,0.24379232505643342,0.24379232505643342,3,28,1,463.0,9182,4926,4256,0.00364077669902918,0.09079256569109162,18,315.1166864346288,463.0,7,9,False,"{0: np.int64(53), 1: np.int64(34), 2: np.int64(29), 3: np.int64(47), 4: np.int64(57), 5: np.int64(62), 6: np.int64(48)}","{(0, 1): []}","{(0, np.int64(53)): {'cpu': 14}, (1, np.int64(34)): {'cpu': 6}, (2, np.int64(29)): {'cpu': 7}, (3, np.int64(47)): {'cpu': 12}, (4, np.int64(57)): {'cpu': 15}, (5, np.int64(62)): {'cpu': 20}, (6, np.int64(48)): {'cpu': 3}}",{},0.0,0.0,154.0,77.0,233.0,0.0,0.0,0.0,0.0,0.0,0.0,0.0,0.0,0.0,Route Failure,100.0,"{'node_level': {}, 'link_level': {}, 'path_level': {}}","{'node_level': {0: {'cpu': -86}, 1: {'cpu': -89}, 2: {'cpu': -45}, 3: {'cpu': -55}, 4: {'cpu': -46}, 5: {'cpu': -75}, 6: {'cpu': -72}}, 'link_level': {(0, 1): {'bw': 100.0}}, 'path_level': {(0, 1): {}}}","{'node_level': {0: {'cpu': 0}, 1: {'cpu': 0}, 2: {'cpu': 0}, 3: {'cpu': 0}, 4: {'cpu': 0}, 5: {'cpu': 0}, 6: {'cpu': 0}}, 'link_level': {(0, 1): {'bw': 100.0}}, 'path_level': {(0, 1): {}}}",[],-inf,-inf,True,False,False,0,[],0,0.0,7.0,1.0
20,1,1,108.0,443.0,163940.66372969837,672460.315113485,0.24379232505643342,0.24379232505643342,3,29,1,493.0,9182,4926,4256,0.00364077669902918,0.09079256569109162,19,2336.923148034806,493.0,7,12,False,"{0: np.int64(31), 1: np.int64(28), 2: np.int64(42), 3: np.int64(2), 4: np.int64(1), 5: np.int64(17), 6: np.int64(26)}","{(0, 3): []}","{(0, np.int64(31)): {'cpu': 8}, (1, np.int64(28)): {'cpu': 16}, (2, np.int64(42)): {'cpu': 19}, (3, np.int64(2)): {'cpu': 13}, (4, np.int64(1)): {'cpu': 2}, (5, np.int64(17)): {'cpu': 9}, (6, np.int64(26)): {'cpu': 12}}",{},0.0,0.0,158.0,79.0,225.0,0.0,0.0,0.0,0.0,0.0,0.0,0.0,0.0,0.0,Route Failure,100.0,"{'node_level': {}, 'link_level': {}, 'path_level': {}}","{'node_level': {0: {'cpu': -74}, 1: {'cpu': -83}, 2: {'cpu': -65}, 3: {'cpu': -38}, 4: {'cpu': -53}, 5: {'cpu': -44}, 6: {'cpu': -68}}, 'link_level': {(0, 3): {'bw': 100.0}}, 'path_level': {(0, 3): {}}}","{'node_level': {0: {'cpu': 0}, 1: {'cpu': 0}, 2: {'cpu': 0}, 3: {'cpu': 0}, 4: {'cpu': 0}, 5: {'cpu': 0}, 6: {'cpu': 0}}, 'link_level': {(0, 3): {'bw': 100.0}}, 'path_level': {(0, 3): {}}}",[],-inf,-inf,True,False,False,0,[],0,0.0,7.0,1.0
21,1,1,108.0,443.0,163940.66372969837,672460.315113485,0.24379232505643342,0.24379232505643342,3,30,1,524.0,9182,4926,4256,0.00364077669902918,0.09079256569109162,20,687.6741398124225,524.0,8,16,False,"{0: np.int64(3), 1: np.int64(5), 2: np.int64(11), 3: np.int64(10), 4: np.int64(34), 5: np.int64(32), 6: np.int64(57), 7: np.int64(40)}","{(0, 2): []}","{(0, np.int64(3)): {'cpu': 12}, (1, np.int64(5)): {'cpu': 9}, (2, np.int64(11)): {'cpu': 0}, (3, np.int64(10)): {'cpu': 9}, (4, np.int64(34)): {'cpu': 18}, (5, np.int64(32)): {'cpu': 7}, (6, np.int64(57)): {'cpu': 4}, (7, np.int64(40)): {'cpu': 2}}",{},0.0,0.0,122.0,61.0,475.0,0.0,0.0,0.0,0.0,0.0,0.0,0.0,0.0,0.0,Route Failure,100.0,"{'node_level': {}, 'link_level': {}, 'path_level': {}}","{'node_level': {0: {'cpu': -63}, 1: {'cpu': -49}, 2: {'cpu': -90}, 3: {'cpu': -71}, 4: {'cpu': -77}, 5: {'cpu': -83}, 6: {'cpu': -57}, 7: {'cpu': -98}}, 'link_level': {(0, 2): {'bw': 100.0}}, 'path_level': {(0, 2): {}}}","{'node_level': {0: {'cpu': 0}, 1: {'cpu': 0}, 2: {'cpu': 0}, 3: {'cpu': 0}, 4: {'cpu': 0}, 5: {'cpu': 0}, 6: {'cpu': 0}, 7: {'cpu': 0}}, 'link_level': {(0, 2): {'bw': 100.0}}, 'path_level': {(0, 2): {}}}",[],-inf,-inf,True,False,False,0,[],0,0.0,8.0,1.0
22,1,1,108.0,443.0,163940.66372969837,672460.315113485,0.24379232505643342,0.24379232505643342,3,31,1,555.0,9182,4926,4256,0.00364077669902918,0.09079256569109162,21,43.81508158148299,555.0,8,16,False,"{0: np.int64(1), 1: np.int64(39), 2: np.int64(4), 3: np.int64(0), 4: np.int64(50), 5: np.int64(12), 6: np.int64(60), 7: np.int64(35)}","{(0, 1): []}","{(0, np.int64(1)): {'cpu': 2}, (1, np.int64(39)): {'cpu': 17}, (2, np.int64(4)): {'cpu': 11}, (3, np.int64(0)): {'cpu': 8}, (4, np.int64(50)): {'cpu': 4}, (5, np.int64(12)): {'cpu': 10}, (6, np.int64(60)): {'cpu': 7}, (7, np.int64(35)): {'cpu': 7}}",{},0.0,0.0,132.0,66.0,411.0,0.0,0.0,0.0,0.0,0.0,0.0,0.0,0.0,0.0,Route Failure,100.0,"{'node_level': {}, 'link_level': {}, 'path_level': {}}","{'node_level': {0: {'cpu': -53}, 1: {'cpu': -36}, 2: {'cpu': -62}, 3: {'cpu': -88}, 4: {'cpu': -94}, 5: {'cpu': -76}, 6: {'cpu': -49}, 7: {'cpu': -76}}, 'link_level': {(0, 1): {'bw': 100.0}}, 'path_level': {(0, 1): {}}}","{'node_level': {0: {'cpu': 0}, 1: {'cpu': 0}, 2: {'cpu': 0}, 3: {'cpu': 0}, 4: {'cpu': 0}, 5: {'cpu': 0}, 6: {'cpu': 0}, 7: {'cpu': 0}}, 'link_level': {(0, 1): {'bw': 100.0}}, 'path_level': {(0, 1): {}}}",[],-inf,-inf,True,False,False,0,[],0,0.0,8.0,1.0
23,1,1,108.0,443.0,163940.66372969837,672460.315113485,0.24379232505643342,0.24379232505643342,3,32,1,575.0,9182,4926,4256,0.00364077669902918,0.09079256569109162,22,477.7263414936632,575.0,10,22,False,"{0: np.int64(44), 1: np.int64(55), 2: np.int64(57), 3: np.int64(26), 4: np.int64(16), 5: np.int64(47), 6: np.int64(11), 7: np.int64(3), 8: np.int64(4), 9: np.int64(19)}","{(0, 1): [(np.int64(44), 28), (28, 13), (13, 6), (6, 2), (2, 5), (5, 11), (11, 23), (23, 55)], (0, 4): [(np.int64(44), 28), (28, 13), (13, 6), (6, 2), (2, 0), (0, 1), (1, 3), (3, 7), (7, 16)], (0, 7): [(np.int64(44), 28), (28, 13), (13, 6), (6, 2), (2, 0), (0, 1), (1, 3)], (1, 4): []}","{(0, np.int64(44)): {'cpu': 5}, (1, np.int64(55)): {'cpu': 4}, (2, np.int64(57)): {'cpu': 11}, (3, np.int64(26)): {'cpu': 11}, (4, np.int64(16)): {'cpu': 15}, (5, np.int64(47)): {'cpu': 19}, (6, np.int64(11)): {'cpu': 1}, (7, np.int64(3)): {'cpu': 12}, (8, np.int64(4)): {'cpu': 6}, (9, np.int64(19)): {'cpu': 4}}","{((0, 1), (np.int64(44), 28)): {'bw': 22}, ((0, 1), (28, 13)): {'bw': 22}, ((0, 1), (13, 6)): {'bw': 22}, ((0, 1), (6, 2)): {'bw': 22}, ((0, 1), (2, 5)): {'bw': 22}, ((0, 1), (5, 11)): {'bw': 22}, ((0, 1), (11, 23)): {'bw': 22}, ((0, 1), (23, 55)): {'bw': 22}, ((0, 4), (np.int64(44), 28)): {'bw': 2}, ((0, 4), (28, 13)): {'bw': 2}, ((0, 4), (13, 6)): {'bw': 2}, ((0, 4), (6, 2)): {'bw': 2}, ((0, 4), (2, 0)): {'bw': 2}, ((0, 4), (0, 1)): {'bw': 2}, ((0, 4), (1, 3)): {'bw': 2}, ((0, 4), (3, 7)): {'bw': 2}, ((0, 4), (7, 16)): {'bw': 2}, ((0, 7), (np.int64(44), 28)): {'bw': 6}, ((0, 7), (28, 13)): {'bw': 6}, ((0, 7), (13, 6)): {'bw': 6}, ((0, 7), (6, 2)): {'bw': 6}, ((0, 7), (2, 0)): {'bw': 6}, ((0, 7), (0, 1)): {'bw': 6}, ((0, 7), (1, 3)): {'bw': 6}}",0.0,0.0,176.0,88.0,497.0,0.0,0.0,0.0,0.0,0.0,0.0,0.0,0.0,0.0,Route Failure,100.0,"{'node_level': {}, 'link_level': {}, 'path_level': {}}","{'node_level': {0: {'cpu': -95}, 1: {'cpu': -68}, 2: {'cpu': -50}, 3: {'cpu': -69}, 4: {'cpu': -74}, 5: {'cpu': -48}, 6: {'cpu': -89}, 7: {'cpu': -63}, 8: {'cpu': -67}, 9: {'cpu': -67}}, 'link_level': {(0, 1): {'bw': -22}, (0, 4): {'bw': -6}, (0, 7): {'bw': 0}, (1, 4): {'bw': 100.0}}, 'path_level': {(0, 1): {}, (0, 4): {}, (0, 7): {}, (1, 4): {}}}","{'node_level': {0: {'cpu': 0}, 1: {'cpu': 0}, 2: {'cpu': 0}, 3: {'cpu': 0}, 4: {'cpu': 0}, 5: {'cpu': 0}, 6: {'cpu': 0}, 7: {'cpu': 0}, 8: {'cpu': 0}, 9: {'cpu': 0}}, 'link_level': {(0, 1): {'bw': 0}, (0, 4): {'bw': 0}, (0, 7): {'bw': 0}, (1, 4): {'bw': 100.0}}, 'path_level': {(0, 1): {}, (0, 4): {}, (0, 7): {}, (1, 4): {}}}",[],-inf,-inf,True,False,False,0,[],0,0.0,10.0,4.0
23,1,1,108.0,443.0,163940.66372969837,672460.315113485,0.24379232505643342,0.24379232505643342,3,33,0,579.5501500551208,9182,4926,4256,0.00364077669902918,0.09079256569109162,12,250.55015005512072,329.0,4,3,False,{},{},{},{},0.0,0.0,0.0,0.0,0.0,0.0,0.0,0.0,0.0,0.0,0.0,0.0,0.0,0.0,Leave Event,0.0,"{'node_level': {}, 'link_level': {}, 'path_level': {}}","{'node_level': {}, 'link_level': {}, 'path_level': {}}","{'node_level': {}, 'link_level': {}, 'path_level': {}}",[],-inf,-inf,True,True,False,0,[],0,0.0,,
24,1,1,108.0,443.0,163940.66372969837,672460.315113485,0.24379232505643342,0.24379232505643342,3,34,1,592.0,9182,4926,4256,0.00364077669902918,0.09079256569109162,23,108.60009907449884,592.0,4,4,False,"{0: np.int64(13), 1: np.int64(20), 2: np.int64(52), 3: np.int64(11)}","{(0, 2): []}","{(0, np.int64(13)): {'cpu': 11}, (1, np.int64(20)): {'cpu': 5}, (2, np.int64(52)): {'cpu': 7}, (3, np.int64(11)): {'cpu': 0}}",{},0.0,0.0,46.0,23.0,124.0,0.0,0.0,0.0,0.0,0.0,0.0,0.0,0.0,0.0,Route Failure,100.0,"{'node_level': {}, 'link_level': {}, 'path_level': {}}","{'node_level': {0: {'cpu': -89}, 1: {'cpu': -66}, 2: {'cpu': -66}, 3: {'cpu': -90}}, 'link_level': {(0, 2): {'bw': 100.0}}, 'path_level': {(0, 2): {}}}","{'node_level': {0: {'cpu': 0}, 1: {'cpu': 0}, 2: {'cpu': 0}, 3: {'cpu': 0}}, 'link_level': {(0, 2): {'bw': 100.0}}, 'path_level': {(0, 2): {}}}",[],-inf,-inf,True,False,False,0,[],0,0.0,4.0,1.0
24,1,1,108.0,443.0,163940.66372969837,672460.315113485,0.24379232505643342,0.24379232505643342,3,35,0,598.815081581483,9182,4926,4256,0.00364077669902918,0.09079256569109162,21,43.81508158148299,555.0,8,16,False,{},{},{},{},0.0,0.0,0.0,0.0,0.0,0.0,0.0,0.0,0.0,0.0,0.0,0.0,0.0,0.0,Leave Event,0.0,"{'node_level': {}, 'link_level': {}, 'path_level': {}}","{'node_level': {}, 'link_level': {}, 'path_level': {}}","{'node_level': {}, 'link_level': {}, 'path_level': {}}",[],-inf,-inf,True,True,False,0,[],0,0.0,,
24,1,1,108.0,443.0,163940.66372969837,672460.315113485,0.24379232505643342,0.24379232505643342,3,36,0,612.031302057839,9182,4926,4256,0.00364077669902918,0.09079256569109162,17,180.03130205783893,432.0,9,20,False,{},{},{},{},0.0,0.0,0.0,0.0,0.0,0.0,0.0,0.0,0.0,0.0,0.0,0.0,0.0,0.0,Leave Event,0.0,"{'node_level': {}, 'link_level': {}, 'path_level': {}}","{'node_level': {}, 'link_level': {}, 'path_level': {}}","{'node_level': {}, 'link_level': {}, 'path_level': {}}",[],-inf,-inf,True,True,False,0,[],0,0.0,,
25,1,1,108.0,443.0,163940.66372969837,672460.315113485,0.24379232505643342,0.24379232505643342,3,37,1,615.0,9182,4926,4256,0.00364077669902918,0.09079256569109162,24,239.69114512104818,615.0,7,12,False,"{0: np.int64(29), 1: np.int64(33), 2: np.int64(24), 3: np.int64(54), 4: np.int64(30), 5: np.int64(52), 6: np.int64(11)}","{(0, 1): []}","{(0, np.int64(29)): {'cpu': 1}, (1, np.int64(33)): {'cpu': 14}, (2, np.int64(24)): {'cpu': 6}, (3, np.int64(54)): {'cpu': 5}, (4, np.int64(30)): {'cpu': 5}, (5, np.int64(52)): {'cpu': 20}, (6, np.int64(11)): {'cpu': 13}}",{},0.0,0.0,128.0,64.0,360.0,0.0,0.0,0.0,0.0,0.0,0.0,0.0,0.0,0.0,Route Failure,100.0,"{'node_level': {}, 'link_level': {}, 'path_level': {}}","{'node_level': {0: {'cpu': -51}, 1: {'cpu': -78}, 2: {'cpu': -46}, 3: {'cpu': -75}, 4: {'cpu': -68}, 5: {'cpu': -53}, 6: {'cpu': -77}}, 'link_level': {(0, 1): {'bw': 100.0}}, 'path_level': {(0, 1): {}}}","{'node_level': {0: {'cpu': 0}, 1: {'cpu': 0}, 2: {'cpu': 0}, 3: {'cpu': 0}, 4: {'cpu': 0}, 5: {'cpu': 0}, 6: {'cpu': 0}}, 'link_level': {(0, 1): {'bw': 100.0}}, 'path_level': {(0, 1): {}}}",[],-inf,-inf,True,False,False,0,[],0,0.0,7.0,1.0
25,1,1,108.0,443.0,163940.66372969837,672460.315113485,0.24379232505643342,0.24379232505643342,3,38,0,633.2830236000383,9182,4926,4256,0.00364077669902918,0.09079256569109162,15,237.28302360003832,396.0,5,6,False,{},{},{},{},0.0,0.0,0.0,0.0,0.0,0.0,0.0,0.0,0.0,0.0,0.0,0.0,0.0,0.0,Leave Event,0.0,"{'node_level': {}, 'link_level': {}, 'path_level': {}}","{'node_level': {}, 'link_level': {}, 'path_level': {}}","{'node_level': {}, 'link_level': {}, 'path_level': {}}",[],-inf,-inf,True,True,False,0,[],0,0.0,,
26,1,1,108.0,443.0,163940.66372969837,672460.315113485,0.24379232505643342,0.24379232505643342,3,39,1,642.0,9182,4926,4256,0.00364077669902918,0.09079256569109162,25,1472.8727130095679,642.0,10,26,False,"{0: np.int64(31), 1: np.int64(48), 2: np.int64(43), 3: np.int64(33), 4: np.int64(24), 5: np.int64(56), 6: np.int64(55), 7: np.int64(32), 8: np.int64(4), 9: np.int64(18)}","{(0, 5): [(np.int64(31), 15), (15, 7), (7, 3), (3, 1), (1, 0), (0, 2), (2, 5), (5, 11), (11, 24), (24, 56)], (1, 2): []}","{(0, np.int64(31)): {'cpu': 14}, (1, np.int64(48)): {'cpu': 13}, (2, np.int64(43)): {'cpu': 19}, (3, np.int64(33)): {'cpu': 15}, (4, np.int64(24)): {'cpu': 3}, (5, np.int64(56)): {'cpu': 9}, (6, np.int64(55)): {'cpu': 9}, (7, np.int64(32)): {'cpu': 10}, (8, np.int64(4)): {'cpu': 8}, (9, np.int64(18)): {'cpu': 10}}","{((0, 5), (np.int64(31), 15)): {'bw': 1}, ((0, 5), (15, 7)): {'bw': 1}, ((0, 5), (7, 3)): {'bw': 1}, ((0, 5), (3, 1)): {'bw': 1}, ((0, 5), (1, 0)): {'bw': 1}, ((0, 5), (0, 2)): {'bw': 1}, ((0, 5), (2, 5)): {'bw': 1}, ((0, 5), (5, 11)): {'bw': 1}, ((0, 5), (11, 24)): {'bw': 1}, ((0, 5), (24, 56)): {'bw': 1}}",0.0,0.0,220.0,110.0,575.0,0.0,0.0,0.0,0.0,0.0,0.0,0.0,0.0,0.0,Route Failure,100.0,"{'node_level': {}, 'link_level': {}, 'path_level': {}}","{'node_level': {0: {'cpu': -68}, 1: {'cpu': -62}, 2: {'cpu': -62}, 3: {'cpu': -77}, 4: {'cpu': -49}, 5: {'cpu': -44}, 6: {'cpu': -63}, 7: {'cpu': -80}, 8: {'cpu': -65}, 9: {'cpu': -40}}, 'link_level': {(0, 5): {'bw': -7}, (1, 2): {'bw': 100.0}}, 'path_level': {(0, 5): {}, (1, 2): {}}}","{'node_level': {0: {'cpu': 0}, 1: {'cpu': 0}, 2: {'cpu': 0}, 3: {'cpu': 0}, 4: {'cpu': 0}, 5: {'cpu': 0}, 6: {'cpu': 0}, 7: {'cpu': 0}, 8: {'cpu': 0}, 9: {'cpu': 0}}, 'link_level': {(0, 5): {'bw': 0}, (1, 2): {'bw': 100.0}}, 'path_level': {(0, 5): {}, (1, 2): {}}}",[],-inf,-inf,True,False,False,0,[],0,0.0,10.0,2.0
27,1,1,108.0,443.0,163940.66372969837,672460.315113485,0.24379232505643342,0.24379232505643342,3,40,1,653.0,9182,4926,4256,0.00364077669902918,0.09079256569109162,26,134.18688864413906,653.0,3,2,False,"{0: np.int64(54), 1: np.int64(9), 2: np.int64(22)}","{(0, 1): [(np.int64(54), 22), (22, 10), (10, 4), (4, 9)], (0, 2): []}","{(0, np.int64(54)): {'cpu': 10}, (1, np.int64(9)): {'cpu': 8}, (2, np.int64(22)): {'cpu': 18}}","{((0, 1), (np.int64(54), 22)): {'bw': 25}, ((0, 1), (22, 10)): {'bw': 25}, ((0, 1), (10, 4)): {'bw': 25}, ((0, 1), (4, 9)): {'bw': 25}}",0.0,0.0,72.0,36.0,67.0,0.0,0.0,0.0,0.0,0.0,0.0,0.0,0.0,0.0,Route Failure,100.0,"{'node_level': {}, 'link_level': {}, 'path_level': {}}","{'node_level': {0: {'cpu': -70}, 1: {'cpu': -87}, 2: {'cpu': -70}}, 'link_level': {(0, 1): {'bw': -38}, (0, 2): {'bw': 100.0}}, 'path_level': {(0, 1): {}, (0, 2): {}}}","{'node_level': {0: {'cpu': 0}, 1: {'cpu': 0}, 2: {'cpu': 0}}, 'link_level': {(0, 1): {'bw': 0}, (0, 2): {'bw': 100.0}}, 'path_level': {(0, 1): {}, (0, 2): {}}}",[],-inf,-inf,True,False,False,0,[],0,0.0,3.0,2.0
27,1,1,108.0,443.0,163940.66372969837,672460.315113485,0.24379232505643342,0.24379232505643342,3,41,0,665.5172947376951,9182,4926,4256,0.00364077669902918,0.09079256569109162,16,248.5172947376951,417.0,2,1,False,{},{},{},{},0.0,0.0,0.0,0.0,0.0,0.0,0.0,0.0,0.0,0.0,0.0,0.0,0.0,0.0,Leave Event,0.0,"{'node_level': {}, 'link_level': {}, 'path_level': {}}","{'node_level': {}, 'link_level': {}, 'path_level': {}}","{'node_level': {}, 'link_level': {}, 'path_level': {}}",[],-inf,-inf,True,True,False,0,[],0,0.0,,
28,1,1,108.0,443.0,163940.66372969837,672460.315113485,0.24379232505643342,0.24379232505643342,3,42,1,674.0,9182,4926,4256,0.00364077669902918,0.09079256569109162,27,260.2353349665607,674.0,4,3,False,"{0: np.int64(25), 1: np.int64(27), 2: np.int64(10), 3: np.int64(14)}","{(0, 1): [(np.int64(25), 12), (12, 5), (5, 2), (2, 6), (6, 13), (13, 27)], (1, 3): []}","{(0, np.int64(25)): {'cpu': 18}, (1, np.int64(27)): {'cpu': 3}, (2, np.int64(10)): {'cpu': 6}, (3, np.int64(14)): {'cpu': 13}}","{((0, 1), (np.int64(25), 12)): {'bw': 40}, ((0, 1), (12, 5)): {'bw': 40}, ((0, 1), (5, 2)): {'bw': 40}, ((0, 1), (2, 6)): {'bw': 40}, ((0, 1), (6, 13)): {'bw': 40}, ((0, 1), (13, 27)): {'bw': 40}}",0.0,0.0,80.0,40.0,119.0,0.0,0.0,0.0,0.0,0.0,0.0,0.0,0.0,0.0,Route Failure,100.0,"{'node_level': {}, 'link_level': {}, 'path_level': {}}","{'node_level': {0: {'cpu': -78}, 1: {'cpu': -55}, 2: {'cpu': -74}, 3: {'cpu': -81}}, 'link_level': {(0, 1): {'bw': -9}, (1, 3): {'bw': 100.0}}, 'path_level': {(0, 1): {}, (1, 3): {}}}","{'node_level': {0: {'cpu': 0}, 1: {'cpu': 0}, 2: {'cpu': 0}, 3: {'cpu': 0}}, 'link_level': {(0, 1): {'bw': 0}, (1, 3): {'bw': 100.0}}, 'path_level': {(0, 1): {}, (1, 3): {}}}",[],-inf,-inf,True,False,False,0,[],0,0.0,4.0,2.0
29,1,1,108.0,443.0,163940.66372969837,672460.315113485,0.24379232505643342,0.24379232505643342,3,43,1,692.0,9182,4926,4256,0.00364077669902918,0.09079256569109162,28,1782.5054413341543,692.0,9,16,False,"{0: np.int64(33), 1: np.int64(52), 2: np.int64(17), 3: np.int64(59), 4: np.int64(21), 5: np.int64(43), 6: np.int64(6), 7: np.int64(40), 8: np.int64(19)}","{(0, 2): [(np.int64(33), 17)], (0, 3): [(np.int64(33), 17), (17, 8), (8, 3), (3, 1), (1, 0), (0, 2), (2, 6), (6, 13), (13, 27), (27, 59)], (0, 6): []}","{(0, np.int64(33)): {'cpu': 2}, (1, np.int64(52)): {'cpu': 16}, (2, np.int64(17)): {'cpu': 11}, (3, np.int64(59)): {'cpu': 0}, (4, np.int64(21)): {'cpu': 13}, (5, np.int64(43)): {'cpu': 3}, (6, np.int64(6)): {'cpu': 11}, (7, np.int64(40)): {'cpu': 3}, (8, np.int64(19)): {'cpu': 2}}","{((0, 2), (np.int64(33), 17)): {'bw': 2}, ((0, 3), (np.int64(33), 17)): {'bw': 2}, ((0, 3), (17, 8)): {'bw': 2}, ((0, 3), (8, 3)): {'bw': 2}, ((0, 3), (3, 1)): {'bw': 2}, ((0, 3), (1, 0)): {'bw': 2}, ((0, 3), (0, 2)): {'bw': 2}, ((0, 3), (2, 6)): {'bw': 2}, ((0, 3), (6, 13)): {'bw': 2}, ((0, 3), (13, 27)): {'bw': 2}, ((0, 3), (27, 59)): {'bw': 2}}",0.0,0.0,122.0,61.0,303.0,0.0,0.0,0.0,0.0,0.0,0.0,0.0,0.0,0.0,Route Failure,100.0,"{'node_level': {}, 'link_level': {}, 'path_level': {}}","{'node_level': {0: {'cpu': -90}, 1: {'cpu': -57}, 2: {'cpu': -42}, 3: {'cpu': -100}, 4: {'cpu': -46}, 5: {'cpu': -78}, 6: {'cpu': -89}, 7: {'cpu': -97}, 8: {'cpu': -69}}, 'link_level': {(0, 2): {'bw': -51}, (0, 3): {'bw': -6}, (0, 6): {'bw': 100.0}}, 'path_level': {(0, 2): {}, (0, 3): {}, (0, 6): {}}}","{'node_level': {0: {'cpu': 0}, 1: {'cpu': 0}, 2: {'cpu': 0}, 3: {'cpu': 0}, 4: {'cpu': 0}, 5: {'cpu': 0}, 6: {'cpu': 0}, 7: {'cpu': 0}, 8: {'cpu': 0}}, 'link_level': {(0, 2): {'bw': 0}, (0, 3): {'bw': 0}, (0, 6): {'bw': 100.0}}, 'path_level': {(0, 2): {}, (0, 3): {}, (0, 6): {}}}",[],-inf,-inf,True,False,False,0,[],0,0.0,9.0,3.0
29,1,1,108.0,443.0,163940.66372969837,672460.315113485,0.24379232505643342,0.24379232505643342,3,44,0,700.6000990744989,9182,4926,4256,0.00364077669902918,0.09079256569109162,23,108.60009907449884,592.0,4,4,False,{},{},{},{},0.0,0.0,0.0,0.0,0.0,0.0,0.0,0.0,0.0,0.0,0.0,0.0,0.0,0.0,Leave Event,0.0,"{'node_level': {}, 'link_level': {}, 'path_level': {}}","{'node_level': {}, 'link_level': {}, 'path_level': {}}","{'node_level': {}, 'link_level': {}, 'path_level': {}}",[],-inf,-inf,True,True,False,0,[],0,0.0,,
30,2,2,147.0,567.0,164816.53175988735,675245.1262863936,0.25925925925925924,0.24408400052632628,5,45,1,720.0,9058,4904,4154,0.008090614886731351,0.11258278145695366,29,22.458154620230513,720.0,2,1,True,"{0: np.int64(50), 1: np.int64(32)}","{(0, 1): [(np.int64(50), 18), (18, 8), (8, 3), (3, 7), (7, 16), (16, 32)]}","{(0, np.int64(50)): {'cpu': 4}, (1, np.int64(32)): {'cpu': 18}}","{((0, 1), (np.int64(50), 18)): {'bw': 17}, ((0, 1), (18, 8)): {'bw': 17}, ((0, 1), (8, 3)): {'bw': 17}, ((0, 1), (3, 7)): {'bw': 17}, ((0, 1), (7, 16)): {'bw': 17}, ((0, 1), (16, 32)): {'bw': 17}}",124.0,39.0,44.0,22.0,17.0,22.0,17.0,22.0,102.0,85.0,0.31451612903225806,2784.8111729085836,875.86803018899,7.063451856362822,Success,0.0,"{'node_level': {}, 'link_level': {}, 'path_level': {}}","{'node_level': {0: {'cpu': -94}, 1: {'cpu': -72}}, 'link_level': {(0, 1): {'bw': -22}}, 'path_level': {(0, 1): {}}}","{'node_level': {0: {'cpu': 0}, 1: {'cpu': 0}}, 'link_level': {(0, 1): {'bw': 0}}, 'path_level': {(0, 1): {}}}",[],-inf,-inf,True,True,False,0,[],0,0.0,2.0,1.0
30,2,1,147.0,567.0,164816.53175988735,675245.1262863936,0.25925925925925924,0.24408400052632628,5,46,0,742.4581546202305,9182,4926,4256,0.00364077669902918,0.09079256569109162,29,22.458154620230513,720.0,2,1,False,{},{},{},{},0.0,0.0,0.0,0.0,0.0,0.0,0.0,0.0,0.0,0.0,0.0,0.0,0.0,0.0,Leave Event,0.0,"{'node_level': {}, 'link_level': {}, 'path_level': {}}","{'node_level': {}, 'link_level': {}, 'path_level': {}}","{'node_level': {}, 'link_level': {}, 'path_level': {}}",[],-inf,-inf,True,True,False,0,[],0,0.0,,
31,2,1,147.0,567.0,164816.53175988735,675245.1262863936,0.25925925925925924,0.24408400052632628,5,47,1,749.0,9182,4926,4256,0.00364077669902918,0.09079256569109162,30,167.9074449129575,749.0,10,25,False,"{0: np.int64(4), 1: np.int64(40), 2: np.int64(58), 3: np.int64(13), 4: np.int64(61), 5: np.int64(56), 6: np.int64(27), 7: np.int64(7), 8: np.int64(44), 9: np.int64(14)}","{(0, 1): []}","{(0, np.int64(4)): {'cpu': 5}, (1, np.int64(40)): {'cpu': 17}, (2, np.int64(58)): {'cpu': 9}, (3, np.int64(13)): {'cpu': 5}, (4, np.int64(61)): {'cpu': 11}, (5, np.int64(56)): {'cpu': 1}, (6, np.int64(27)): {'cpu': 20}, (7, np.int64(7)): {'cpu': 13}, (8, np.int64(44)): {'cpu': 4}, (9, np.int64(14)): {'cpu': 11}}",{},0.0,0.0,192.0,96.0,500.0,0.0,0.0,0.0,0.0,0.0,0.0,0.0,0.0,0.0,Route Failure,100.0,"{'node_level': {}, 'link_level': {}, 'path_level': {}}","{'node_level': {0: {'cpu': -68}, 1: {'cpu': -83}, 2: {'cpu': -64}, 3: {'cpu': -95}, 4: {'cpu': -78}, 5: {'cpu': -52}, 6: {'cpu': -38}, 7: {'cpu': -46}, 8: {'cpu': -96}, 9: {'cpu': -83}}, 'link_level': {(0, 1): {'bw': 100.0}}, 'path_level': {(0, 1): {}}}","{'node_level': {0: {'cpu': 0}, 1: {'cpu': 0}, 2: {'cpu': 0}, 3: {'cpu': 0}, 4: {'cpu': 0}, 5: {'cpu': 0}, 6: {'cpu': 0}, 7: {'cpu': 0}, 8: {'cpu': 0}, 9: {'cpu': 0}}, 'link_level': {(0, 1): {'bw': 100.0}}, 'path_level': {(0, 1): {}}}",[],-inf,-inf,True,False,False,0,[],0,0.0,10.0,1.0
32,2,1,147.0,567.0,164816.53175988735,675245.1262863936,0.25925925925925924,0.24408400052632628,5,48,1,770.0,9182,4926,4256,0.00364077669902918,0.09079256569109162,31,157.67333148867922,770.0,5,5,False,"{0: np.int64(19), 1: np.int64(52), 2: np.int64(39), 3: np.int64(62), 4: np.int64(8)}","{(0, 1): [(np.int64(19), 9), (9, 20), (20, 52)], (0, 4): []}","{(0, np.int64(19)): {'cpu': 0}, (1, np.int64(52)): {'cpu': 9}, (2, np.int64(39)): {'cpu': 5}, (3, np.int64(62)): {'cpu': 20}, (4, np.int64(8)): {'cpu': 14}}","{((0, 1), (np.int64(19), 9)): {'bw': 36}, ((0, 1), (9, 20)): {'bw': 36}, ((0, 1), (20, 52)): {'bw': 36}}",0.0,0.0,96.0,48.0,115.0,0.0,0.0,0.0,0.0,0.0,0.0,0.0,0.0,0.0,Route Failure,100.0,"{'node_level': {}, 'link_level': {}, 'path_level': {}}","{'node_level': {0: {'cpu': -71}, 1: {'cpu': -64}, 2: {'cpu': -48}, 3: {'cpu': -75}, 4: {'cpu': -75}}, 'link_level': {(0, 1): {'bw': -22}, (0, 4): {'bw': 100.0}}, 'path_level': {(0, 1): {}, (0, 4): {}}}","{'node_level': {0: {'cpu': 0}, 1: {'cpu': 0}, 2: {'cpu': 0}, 3: {'cpu': 0}, 4: {'cpu': 0}}, 'link_level': {(0, 1): {'bw': 0}, (0, 4): {'bw': 100.0}}, 'path_level': {(0, 1): {}, (0, 4): {}}}",[],-inf,-inf,True,False,False,0,[],0,0.0,5.0,2.0
32,2,1,147.0,567.0,164816.53175988735,675245.1262863936,0.25925925925925924,0.24408400052632628,5,49,0,778.1166864346287,9182,4926,4256,0.00364077669902918,0.09079256569109162,18,315.1166864346288,463.0,7,9,False,{},{},{},{},0.0,0.0,0.0,0.0,0.0,0.0,0.0,0.0,0.0,0.0,0.0,0.0,0.0,0.0,Leave Event,0.0,"{'node_level': {}, 'link_level': {}, 'path_level': {}}","{'node_level': {}, 'link_level': {}, 'path_level': {}}","{'node_level': {}, 'link_level': {}, 'path_level': {}}",[],-inf,-inf,True,True,False,0,[],0,0.0,,
32,2,1,147.0,567.0,164816.53175988735,675245.1262863936,0.25925925925925924,0.24408400052632628,5,50,0,787.1868886441391,9182,4926,4256,0.00364077669902918,0.09079256569109162,26,134.18688864413906,653.0,3,2,False,{},{},{},{},0.0,0.0,0.0,0.0,0.0,0.0,0.0,0.0,0.0,0.0,0.0,0.0,0.0,0.0,Leave Event,0.0,"{'node_level': {}, 'link_level': {}, 'path_level': {}}","{'node_level': {}, 'link_level': {}, 'path_level': {}}","{'node_level': {}, 'link_level': {}, 'path_level': {}}",[],-inf,-inf,True,True,False,0,[],0,0.0,,
33,3,2,216.0,740.0,186257.50330121076,729002.9244986973,0.2918918918918919,0.2554962360806601,8,51,1,796.0,9009,4909,4100,0.007079288025889974,0.1241187780388806,32,310.73871799019446,796.0,3,2,True,"{0: np.int64(33), 1: np.int64(18), 2: np.int64(1)}","{(0, 1): [(np.int64(33), 17), (17, 8), (8, 18)], (1, 2): [(np.int64(18), 8), (8, 3), (3, 1)]}","{(0, np.int64(33)): {'cpu': 6}, (1, np.int64(18)): {'cpu': 5}, (2, np.int64(1)): {'cpu': 6}}","{((0, 1), (np.int64(33), 17)): {'bw': 46}, ((0, 1), (17, 8)): {'bw': 46}, ((0, 1), (8, 18)): {'bw': 46}, ((1, 2), (np.int64(18), 8)): {'bw': 6}, ((1, 2), (8, 3)): {'bw': 6}, ((1, 2), (3, 1)): {'bw': 6}}",173.0,69.0,34.0,17.0,52.0,17.0,52.0,17.0,156.0,104.0,0.3988439306358382,53757.79821230364,21440.97154132342,123.9362516839504,Success,0.0,"{'node_level': {}, 'link_level': {}, 'path_level': {}}","{'node_level': {0: {'cpu': -86}, 1: {'cpu': -45}, 2: {'cpu': -49}}, 'link_level': {(0, 1): {'bw': -7}, (1, 2): {'bw': -2}}, 'path_level': {(0, 1): {}, (1, 2): {}}}","{'node_level': {0: {'cpu': 0}, 1: {'cpu': 0}, 2: {'cpu': 0}}, 'link_level': {(0, 1): {'bw': 0}, (1, 2): {'bw': 0}}, 'path_level': {(0, 1): {}, (1, 2): {}}}",[],-inf,-inf,True,True,False,0,[],0,0.0,3.0,2.0
34,4,3,241.0,790.0,193170.3033875465,742828.5246713688,0.3050632911392405,0.26004696504217584,10,52,1,824.0,8959,4889,4070,0.011124595469255705,0.13052766502883995,33,276.51200345342943,824.0,2,1,True,"{0: np.int64(60), 1: np.int64(45)}","{(0, 1): [(np.int64(60), 28), (28, 13), (13, 6), (6, 14), (14, 29), (29, 45)]}","{(0, np.int64(60)): {'cpu': 5}, (1, np.int64(45)): {'cpu': 15}}","{((0, 1), (np.int64(60), 28)): {'bw': 5}, ((0, 1), (28, 13)): {'bw': 5}, ((0, 1), (13, 6)): {'bw': 5}, ((0, 1), (6, 14)): {'bw': 5}, ((0, 1), (14, 29)): {'bw': 5}, ((0, 1), (29, 45)): {'bw': 5}}",50.0,25.0,40.0,20.0,5.0,20.0,5.0,20.0,30.0,25.0,0.5,13825.600172671471,6912.800086335736,138.25600172671471,Success,0.0,"{'node_level': {}, 'link_level': {}, 'path_level': {}}","{'node_level': {0: {'cpu': -51}, 1: {'cpu': -52}}, 'link_level': {(0, 1): {'bw': -48}}, 'path_level': {(0, 1): {}}}","{'node_level': {0: {'cpu': 0}, 1: {'cpu': 0}}, 'link_level': {(0, 1): {'bw': 0}}, 'path_level': {(0, 1): {}}}",[],-inf,-inf,True,True,False,0,[],0,0.0,2.0,1.0
35,4,3,241.0,790.0,193170.3033875465,742828.5246713688,0.3050632911392405,0.26004696504217584,10,53,1,853.0,8959,4889,4070,0.011124595469255705,0.13052766502883995,34,704.5753634371506,853.0,5,6,False,"{0: np.int64(27), 1: np.int64(55), 2: np.int64(57), 3: np.int64(62), 4: np.int64(15)}","{(0, 1): [(np.int64(27), 13), (13, 6), (6, 2), (2, 5), (5, 11), (11, 23), (23, 55)], (0, 2): [(np.int64(27), 13), (13, 6), (6, 2), (2, 5), (5, 12), (12, 25), (25, 57)], (0, 3): [(np.int64(27), 13), (13, 6), (6, 14), (14, 30), (30, 62)], (0, 4): []}","{(0, np.int64(27)): {'cpu': 3}, (1, np.int64(55)): {'cpu': 8}, (2, np.int64(57)): {'cpu': 4}, (3, np.int64(62)): {'cpu': 2}, (4, np.int64(15)): {'cpu': 15}}","{((0, 1), (np.int64(27), 13)): {'bw': 29}, ((0, 1), (13, 6)): {'bw': 29}, ((0, 1), (6, 2)): {'bw': 29}, ((0, 1), (2, 5)): {'bw': 29}, ((0, 1), (5, 11)): {'bw': 29}, ((0, 1), (11, 23)): {'bw': 29}, ((0, 1), (23, 55)): {'bw': 29}, ((0, 2), (np.int64(27), 13)): {'bw': 9}, ((0, 2), (13, 6)): {'bw': 9}, ((0, 2), (6, 2)): {'bw': 9}, ((0, 2), (2, 5)): {'bw': 9}, ((0, 2), (5, 12)): {'bw': 9}, ((0, 2), (12, 25)): {'bw': 9}, ((0, 2), (25, 57)): {'bw': 9}, ((0, 3), (np.int64(27), 13)): {'bw': 9}, ((0, 3), (13, 6)): {'bw': 9}, ((0, 3), (6, 14)): {'bw': 9}, ((0, 3), (14, 30)): {'bw': 9}, ((0, 3), (30, 62)): {'bw': 9}}",0.0,0.0,64.0,32.0,109.0,0.0,0.0,0.0,0.0,0.0,0.0,0.0,0.0,0.0,Route Failure,100.0,"{'node_level': {}, 'link_level': {}, 'path_level': {}}","{'node_level': {0: {'cpu': -55}, 1: {'cpu': -64}, 2: {'cpu': -57}, 3: {'cpu': -93}, 4: {'cpu': -73}}, 'link_level': {(0, 1): {'bw': -15}, (0, 2): {'bw': -11}, (0, 3): {'bw': -7}, (0, 4): {'bw': 100.0}}, 'path_level': {(0, 1): {}, (0, 2): {}, (0, 3): {}, (0, 4): {}}}","{'node_level': {0: {'cpu': 0}, 1: {'cpu': 0}, 2: {'cpu': 0}, 3: {'cpu': 0}, 4: {'cpu': 0}}, 'link_level': {(0, 1): {'bw': 0}, (0, 2): {'bw': 0}, (0, 3): {'bw': 0}, (0, 4): {'bw': 100.0}}, 'path_level': {(0, 1): {}, (0, 2): {}, (0, 3): {}, (0, 4): {}}}",[],-inf,-inf,True,False,False,0,[],0,0.0,5.0,4.0
35,4,3,241.0,790.0,193170.3033875465,742828.5246713688,0.3050632911392405,0.26004696504217584,10,54,0,854.6911451210482,8959,4889,4070,0.011124595469255705,0.13052766502883995,24,239.69114512104818,615.0,7,12,False,{},{},{},{},0.0,0.0,0.0,0.0,0.0,0.0,0.0,0.0,0.0,0.0,0.0,0.0,0.0,0.0,Leave Event,0.0,"{'node_level': {}, 'link_level': {}, 'path_level': {}}","{'node_level': {}, 'link_level': {}, 'path_level': {}}","{'node_level': {}, 'link_level': {}, 'path_level': {}}",[],-inf,-inf,True,True,False,0,[],0,0.0,,
36,4,3,241.0,790.0,193170.3033875465,742828.5246713688,0.3050632911392405,0.26004696504217584,10,55,1,891.0,8959,4889,4070,0.011124595469255705,0.13052766502883995,35,144.84101162648525,891.0,4,3,False,"{0: np.int64(7), 1: np.int64(31), 2: np.int64(51), 3: np.int64(62)}","{(0, 2): []}","{(0, np.int64(7)): {'cpu': 6}, (1, np.int64(31)): {'cpu': 4}, (2, np.int64(51)): {'cpu': 6}, (3, np.int64(62)): {'cpu': 6}}",{},0.0,0.0,44.0,22.0,136.0,0.0,0.0,0.0,0.0,0.0,0.0,0.0,0.0,0.0,Route Failure,100.0,"{'node_level': {}, 'link_level': {}, 'path_level': {}}","{'node_level': {0: {'cpu': -53}, 1: {'cpu': -78}, 2: {'cpu': -56}, 3: {'cpu': -89}}, 'link_level': {(0, 2): {'bw': 100.0}}, 'path_level': {(0, 2): {}}}","{'node_level': {0: {'cpu': 0}, 1: {'cpu': 0}, 2: {'cpu': 0}, 3: {'cpu': 0}}, 'link_level': {(0, 2): {'bw': 100.0}}, 'path_level': {(0, 2): {}}}",[],-inf,-inf,True,False,False,0,[],0,0.0,4.0,1.0
37,4,3,241.0,790.0,193170.3033875465,742828.5246713688,0.3050632911392405,0.26004696504217584,10,56,1,912.0,8959,4889,4070,0.011124595469255705,0.13052766502883995,36,995.1556540765699,912.0,5,5,False,"{0: np.int64(4), 1: np.int64(5), 2: np.int64(17), 3: np.int64(47), 4: np.int64(42)}","{(0, 1): []}","{(0, np.int64(4)): {'cpu': 6}, (1, np.int64(5)): {'cpu': 1}, (2, np.int64(17)): {'cpu': 13}, (3, np.int64(47)): {'cpu': 13}, (4, np.int64(42)): {'cpu': 11}}",{},0.0,0.0,88.0,44.0,122.0,0.0,0.0,0.0,0.0,0.0,0.0,0.0,0.0,0.0,Route Failure,100.0,"{'node_level': {}, 'link_level': {}, 'path_level': {}}","{'node_level': {0: {'cpu': -67}, 1: {'cpu': -57}, 2: {'cpu': -40}, 3: {'cpu': -54}, 4: {'cpu': -73}}, 'link_level': {(0, 1): {'bw': 100.0}}, 'path_level': {(0, 1): {}}}","{'node_level': {0: {'cpu': 0}, 1: {'cpu': 0}, 2: {'cpu': 0}, 3: {'cpu': 0}, 4: {'cpu': 0}}, 'link_level': {(0, 1): {'bw': 100.0}}, 'path_level': {(0, 1): {}}}",[],-inf,-inf,True,False,False,0,[],0,0.0,5.0,1.0
37,4,3,241.0,790.0,193170.3033875465,742828.5246713688,0.3050632911392405,0.26004696504217584,10,57,0,916.9074449129575,8959,4889,4070,0.011124595469255705,0.13052766502883995,30,167.9074449129575,749.0,10,25,False,{},{},{},{},0.0,0.0,0.0,0.0,0.0,0.0,0.0,0.0,0.0,0.0,0.0,0.0,0.0,0.0,Leave Event,0.0,"{'node_level': {}, 'link_level': {}, 'path_level': {}}","{'node_level': {}, 'link_level': {}, 'path_level': {}}","{'node_level': {}, 'link_level': {}, 'path_level': {}}",[],-inf,-inf,True,True,False,0,[],0,0.0,,
37,4,3,241.0,790.0,193170.3033875465,742828.5246713688,0.3050632911392405,0.26004696504217584,10,58,0,927.6733314886792,8959,4889,4070,0.011124595469255705,0.13052766502883995,31,157.67333148867922,770.0,5,5,False,{},{},{},{},0.0,0.0,0.0,0.0,0.0,0.0,0.0,0.0,0.0,0.0,0.0,0.0,0.0,0.0,Leave Event,0.0,"{'node_level': {}, 'link_level': {}, 'path_level': {}}","{'node_level': {}, 'link_level': {}, 'path_level': {}}","{'node_level': {}, 'link_level': {}, 'path_level': {}}",[],-inf,-inf,True,True,False,0,[],0,0.0,,
38,4,3,241.0,790.0,193170.3033875465,742828.5246713688,0.3050632911392405,0.26004696504217584,10,59,1,932.0,8959,4889,4070,0.011124595469255705,0.13052766502883995,37,442.9224767613304,932.0,4,4,False,"{0: np.int64(8), 1: np.int64(21), 2: np.int64(47), 3: np.int64(62)}","{(0, 1): [(np.int64(8), 3), (3, 1), (1, 4), (4, 10), (10, 21)], (0, 2): [(np.int64(8), 3), (3, 7), (7, 15), (15, 47)], (0, 3): []}","{(0, np.int64(8)): {'cpu': 1}, (1, np.int64(21)): {'cpu': 8}, (2, np.int64(47)): {'cpu': 16}, (3, np.int64(62)): {'cpu': 5}}","{((0, 1), (np.int64(8), 3)): {'bw': 1}, ((0, 1), (3, 1)): {'bw': 1}, ((0, 1), (1, 4)): {'bw': 1}, ((0, 1), (4, 10)): {'bw': 1}, ((0, 1), (10, 21)): {'bw': 1}, ((0, 2), (np.int64(8), 3)): {'bw': 16}, ((0, 2), (3, 7)): {'bw': 16}, ((0, 2), (7, 15)): {'bw': 16}, ((0, 2), (15, 47)): {'bw': 16}}",0.0,0.0,60.0,30.0,57.0,0.0,0.0,0.0,0.0,0.0,0.0,0.0,0.0,0.0,Route Failure,100.0,"{'node_level': {}, 'link_level': {}, 'path_level': {}}","{'node_level': {0: {'cpu': -88}, 1: {'cpu': -51}, 2: {'cpu': -51}, 3: {'cpu': -90}}, 'link_level': {(0, 1): {'bw': -3}, (0, 2): {'bw': -23}, (0, 3): {'bw': 100.0}}, 'path_level': {(0, 1): {}, (0, 2): {}, (0, 3): {}}}","{'node_level': {0: {'cpu': 0}, 1: {'cpu': 0}, 2: {'cpu': 0}, 3: {'cpu': 0}}, 'link_level': {(0, 1): {'bw': 0}, (0, 2): {'bw': 0}, (0, 3): {'bw': 100.0}}, 'path_level': {(0, 1): {}, (0, 2): {}, (0, 3): {}}}",[],-inf,-inf,True,False,False,0,[],0,0.0,4.0,3.0
38,4,3,241.0,790.0,193170.3033875465,742828.5246713688,0.3050632911392405,0.26004696504217584,10,60,0,934.2353349665607,8959,4889,4070,0.011124595469255705,0.13052766502883995,27,260.2353349665607,674.0,4,3,False,{},{},{},{},0.0,0.0,0.0,0.0,0.0,0.0,0.0,0.0,0.0,0.0,0.0,0.0,0.0,0.0,Leave Event,0.0,"{'node_level': {}, 'link_level': {}, 'path_level': {}}","{'node_level': {}, 'link_level': {}, 'path_level': {}}","{'node_level': {}, 'link_level': {}, 'path_level': {}}",[],-inf,-inf,True,True,False,0,[],0,0.0,,
39,4,3,241.0,790.0,193170.3033875465,742828.5246713688,0.3050632911392405,0.26004696504217584,10,61,1,956.0,8959,4889,4070,0.011124595469255705,0.13052766502883995,38,615.7488733618653,956.0,4,4,False,"{0: np.int64(61), 1: np.int64(39), 2: np.int64(27), 3: np.int64(47)}","{(0, 1): []}","{(0, np.int64(61)): {'cpu': 0}, (1, np.int64(39)): {'cpu': 12}, (2, np.int64(27)): {'cpu': 5}, (3, np.int64(47)): {'cpu': 12}}",{},0.0,0.0,58.0,29.0,80.0,0.0,0.0,0.0,0.0,0.0,0.0,0.0,0.0,0.0,Route Failure,100.0,"{'node_level': {}, 'link_level': {}, 'path_level': {}}","{'node_level': {0: {'cpu': -89}, 1: {'cpu': -41}, 2: {'cpu': -53}, 3: {'cpu': -55}}, 'link_level': {(0, 1): {'bw': 100.0}}, 'path_level': {(0, 1): {}}}","{'node_level': {0: {'cpu': 0}, 1: {'cpu': 0}, 2: {'cpu': 0}, 3: {'cpu': 0}}, 'link_level': {(0, 1): {'bw': 100.0}}, 'path_level': {(0, 1): {}}}",[],-inf,-inf,True,False,False,0,[],0,0.0,4.0,1.0
40,5,4,298.0,848.0,193903.60534551996,743574.6915759733,0.35141509433962265,0.26077219617917596,13,62,1,978.0,8901,4858,4043,0.017394822006472466,0.13629566331980347,39,12.864946631113437,978.0,3,2,True,"{0: np.int64(13), 1: np.int64(28), 2: np.int64(2)}","{(0, 1): [(np.int64(13), 28)], (0, 2): [(np.int64(13), 6), (6, 2)]}","{(0, np.int64(13)): {'cpu': 7}, (1, np.int64(28)): {'cpu': 8}, (2, np.int64(2)): {'cpu': 16}}","{((0, 1), (np.int64(13), 28)): {'bw': 25}, ((0, 2), (np.int64(13), 6)): {'bw': 1}, ((0, 2), (6, 2)): {'bw': 1}}",58.0,57.0,62.0,31.0,26.0,31.0,26.0,31.0,27.0,1.0,0.9827586206896551,746.1669046045794,733.3019579734658,12.643137206439066,Success,0.0,"{'node_level': {}, 'link_level': {}, 'path_level': {}}","{'node_level': {0: {'cpu': -93}, 1: {'cpu': -91}, 2: {'cpu': -35}}, 'link_level': {(0, 1): {'bw': -70}, (0, 2): {'bw': -70}}, 'path_level': {(0, 1): {}, (0, 2): {}}}","{'node_level': {0: {'cpu': 0}, 1: {'cpu': 0}, 2: {'cpu': 0}}, 'link_level': {(0, 1): {'bw': 0}, (0, 2): {'bw': 0}}, 'path_level': {(0, 1): {}, (0, 2): {}}}",[],-inf,-inf,True,True,False,0,[],0,0.0,3.0,2.0
40,5,3,298.0,848.0,193903.60534551996,743574.6915759733,0.35141509433962265,0.26077219617917596,13,63,0,990.8649466311134,8959,4889,4070,0.011124595469255705,0.13052766502883995,39,12.864946631113437,978.0,3,2,False,{},{},{},{},0.0,0.0,0.0,0.0,0.0,0.0,0.0,0.0,0.0,0.0,0.0,0.0,0.0,0.0,Leave Event,0.0,"{'node_level': {}, 'link_level': {}, 'path_level': {}}","{'node_level': {}, 'link_level': {}, 'path_level': {}}","{'node_level': {}, 'link_level': {}, 'path_level': {}}",[],-inf,-inf,True,True,False,0,[],0,0.0,,
41,6,4,341.0,924.0,197055.36979866386,749145.2520047858,0.36904761904761907,0.2630402705901485,14,64,1,1005.0,8883,4879,4004,0.01314724919093846,0.1446272164067507,40,73.2968477475326,1005.0,2,1,True,"{0: np.int64(14), 1: np.int64(45)}","{(0, 1): [(np.int64(14), 29), (29, 45)]}","{(0, np.int64(14)): {'cpu': 1}, (1, np.int64(45)): {'cpu': 9}}","{((0, 1), (np.int64(14), 29)): {'bw': 33}, ((0, 1), (29, 45)): {'bw': 33}}",76.0,43.0,20.0,10.0,33.0,10.0,33.0,10.0,66.0,33.0,0.5657894736842105,5570.560428812477,3151.7644531439014,41.47058490978818,Success,0.0,"{'node_level': {}, 'link_level': {}, 'path_level': {}}","{'node_level': {0: {'cpu': -93}, 1: {'cpu': -43}}, 'link_level': {(0, 1): {'bw': -15}}, 'path_level': {(0, 1): {}}}","{'node_level': {0: {'cpu': 0}, 1: {'cpu': 0}}, 'link_level': {(0, 1): {'bw': 0}}, 'path_level': {(0, 1): {}}}",[],-inf,-inf,True,True,False,0,[],0,0.0,2.0,1.0
42,7,5,398.0,990.0,219586.11275310745,775233.4806888783,0.402020202020202,0.2832515857777215,17,65,1,1033.0,8817,4864,3953,0.016181229773462813,0.1555223242896817,41,395.2761921832206,1033.0,3,2,True,"{0: np.int64(37), 1: np.int64(30), 2: np.int64(62)}","{(0, 2): [(np.int64(37), 21), (21, 10), (10, 4), (4, 1), (1, 0), (0, 2), (2, 6), (6, 14), (14, 30), (30, 62)], (1, 2): [(np.int64(30), 62)]}","{(0, np.int64(37)): {'cpu': 10}, (1, np.int64(30)): {'cpu': 5}, (2, np.int64(62)): {'cpu': 0}}","{((0, 2), (np.int64(37), 21)): {'bw': 1}, ((0, 2), (21, 10)): {'bw': 1}, ((0, 2), (10, 4)): {'bw': 1}, ((0, 2), (4, 1)): {'bw': 1}, ((0, 2), (1, 0)): {'bw': 1}, ((0, 2), (0, 2)): {'bw': 1}, ((0, 2), (2, 6)): {'bw': 1}, ((0, 2), (6, 14)): {'bw': 1}, ((0, 2), (14, 30)): {'bw': 1}, ((0, 2), (30, 62)): {'bw': 1}, ((1, 2), (np.int64(30), 62)): {'bw': 41}}",66.0,57.0,30.0,15.0,42.0,15.0,42.0,15.0,51.0,9.0,0.8636363636363636,26088.22868409256,22530.742954443573,341.37489324914503,Success,0.0,"{'node_level': {}, 'link_level': {}, 'path_level': {}}","{'node_level': {0: {'cpu': -85}, 1: {'cpu': -68}, 2: {'cpu': -95}}, 'link_level': {(0, 2): {'bw': -7}, (1, 2): {'bw': -43}}, 'path_level': {(0, 2): {}, (1, 2): {}}}","{'node_level': {0: {'cpu': 0}, 1: {'cpu': 0}, 2: {'cpu': 0}}, 'link_level': {(0, 2): {'bw': 0}, (1, 2): {'bw': 0}}, 'path_level': {(0, 2): {}, (1, 2): {}}}",[],-inf,-inf,True,True,False,0,[],0,0.0,3.0,2.0
42,7,5,398.0,990.0,219586.11275310745,775233.4806888783,0.402020202020202,0.2832515857777215,17,66,0,1035.8410116264852,8817,4864,3953,0.016181229773462813,0.1555223242896817,35,144.84101162648525,891.0,4,3,False,{},{},{},{},0.0,0.0,0.0,0.0,0.0,0.0,0.0,0.0,0.0,0.0,0.0,0.0,0.0,0.0,Leave Event,0.0,"{'node_level': {}, 'link_level': {}, 'path_level': {}}","{'node_level': {}, 'link_level': {}, 'path_level': {}}","{'node_level': {}, 'link_level': {}, 'path_level': {}}",[],-inf,-inf,True,True,False,0,[],0,0.0,,
42,7,5,398.0,990.0,219586.11275310745,775233.4806888783,0.402020202020202,0.2832515857777215,17,67,0,1052.7263414936633,8817,4864,3953,0.016181229773462813,0.1555223242896817,22,477.7263414936632,575.0,10,22,False,{},{},{},{},0.0,0.0,0.0,0.0,0.0,0.0,0.0,0.0,0.0,0.0,0.0,0.0,0.0,0.0,Leave Event,0.0,"{'node_level': {}, 'link_level': {}, 'path_level': {}}","{'node_level': {}, 'link_level': {}, 'path_level': {}}","{'node_level': {}, 'link_level': {}, 'path_level': {}}",[],-inf,-inf,True,True,False,0,[],0,0.0,,
43,8,6,457.0,1049.0,228542.24473229834,784189.6126680692,0.4356530028598665,0.29143748022206384,19,68,1,1074.0,8758,4836,3922,0.021844660194174748,0.16214484084597314,42,151.79884710493022,1074.0,2,1,True,"{0: np.int64(17), 1: np.int64(8)}","{(0, 1): [(np.int64(17), 8)]}","{(0, np.int64(17)): {'cpu': 8}, (1, np.int64(8)): {'cpu': 20}}","{((0, 1), (np.int64(17), 8)): {'bw': 31}}",59.0,59.0,56.0,28.0,31.0,28.0,31.0,28.0,31.0,0.0,1.0,8956.131979190883,8956.131979190883,151.79884710493022,Success,0.0,"{'node_level': {}, 'link_level': {}, 'path_level': {}}","{'node_level': {0: {'cpu': -45}, 1: {'cpu': -69}}, 'link_level': {(0, 1): {'bw': -3}}, 'path_level': {(0, 1): {}}}","{'node_level': {0: {'cpu': 0}, 1: {'cpu': 0}}, 'link_level': {(0, 1): {'bw': 0}}, 'path_level': {(0, 1): {}}}",[],-inf,-inf,True,True,False,0,[],0,0.0,2.0,1.0
43,8,5,457.0,1049.0,228542.24473229834,784189.6126680692,0.4356530028598665,0.29143748022206384,19,69,0,1078.2968477475326,8834,4846,3988,0.019822006472491882,0.1480452894680624,40,73.2968477475326,1005.0,2,1,False,{},{},{},{},0.0,0.0,0.0,0.0,0.0,0.0,0.0,0.0,0.0,0.0,0.0,0.0,0.0,0.0,Leave Event,0.0,"{'node_level': {}, 'link_level': {}, 'path_level': {}}","{'node_level': {}, 'link_level': {}, 'path_level': {}}","{'node_level': {}, 'link_level': {}, 'path_level': {}}",[],-inf,-inf,True,True,False,0,[],0,0.0,,
44,8,5,457.0,1049.0,228542.24473229834,784189.6126680692,0.4356530028598665,0.29143748022206384,19,70,1,1094.0,8834,4846,3988,0.019822006472491882,0.1480452894680624,43,101.95324449463646,1094.0,9,25,False,"{0: np.int64(23), 1: np.int64(58), 2: np.int64(9), 3: np.int64(48), 4: np.int64(21), 5: np.int64(45), 6: np.int64(13), 7: np.int64(49), 8: np.int64(25)}","{(0, 2): []}","{(0, np.int64(23)): {'cpu': 8}, (1, np.int64(58)): {'cpu': 8}, (2, np.int64(9)): {'cpu': 2}, (3, np.int64(48)): {'cpu': 9}, (4, np.int64(21)): {'cpu': 16}, (5, np.int64(45)): {'cpu': 17}, (6, np.int64(13)): {'cpu': 14}, (7, np.int64(49)): {'cpu': 2}, (8, np.int64(25)): {'cpu': 15}}",{},0.0,0.0,182.0,91.0,585.0,0.0,0.0,0.0,0.0,0.0,0.0,0.0,0.0,0.0,Route Failure,100.0,"{'node_level': {}, 'link_level': {}, 'path_level': {}}","{'node_level': {0: {'cpu': -80}, 1: {'cpu': -65}, 2: {'cpu': -93}, 3: {'cpu': -66}, 4: {'cpu': -43}, 5: {'cpu': -35}, 6: {'cpu': -86}, 7: {'cpu': -57}, 8: {'cpu': -81}}, 'link_level': {(0, 2): {'bw': 100.0}}, 'path_level': {(0, 2): {}}}","{'node_level': {0: {'cpu': 0}, 1: {'cpu': 0}, 2: {'cpu': 0}, 3: {'cpu': 0}, 4: {'cpu': 0}, 5: {'cpu': 0}, 6: {'cpu': 0}, 7: {'cpu': 0}, 8: {'cpu': 0}}, 'link_level': {(0, 2): {'bw': 100.0}}, 'path_level': {(0, 2): {}}}",[],-inf,-inf,True,False,False,0,[],0,0.0,9.0,1.0
44,8,4,457.0,1049.0,228542.24473229834,784189.6126680692,0.4356530028598665,0.29143748022206384,19,71,0,1100.5120034534293,8884,4866,4018,0.015776699029126262,0.14163640247810294,33,276.51200345342943,824.0,2,1,False,{},{},{},{},0.0,0.0,0.0,0.0,0.0,0.0,0.0,0.0,0.0,0.0,0.0,0.0,0.0,0.0,Leave Event,0.0,"{'node_level': {}, 'link_level': {}, 'path_level': {}}","{'node_level': {}, 'link_level': {}, 'path_level': {}}","{'node_level': {}, 'link_level': {}, 'path_level': {}}",[],-inf,-inf,True,True,False,0,[],0,0.0,,
44,8,3,457.0,1049.0,228542.24473229834,784189.6126680692,0.4356530028598665,0.29143748022206384,19,72,0,1106.7387179901943,9057,4883,4174,0.012338187702265357,0.10831019013031407,32,310.73871799019446,796.0,3,2,False,{},{},{},{},0.0,0.0,0.0,0.0,0.0,0.0,0.0,0.0,0.0,0.0,0.0,0.0,0.0,0.0,Leave Event,0.0,"{'node_level': {}, 'link_level': {}, 'path_level': {}}","{'node_level': {}, 'link_level': {}, 'path_level': {}}","{'node_level': {}, 'link_level': {}, 'path_level': {}}",[],-inf,-inf,True,True,False,0,[],0,0.0,,
45,8,3,457.0,1049.0,228542.24473229834,784189.6126680692,0.4356530028598665,0.29143748022206384,19,73,1,1120.0,9057,4883,4174,0.012338187702265357,0.10831019013031407,44,57.13963648411721,1120.0,4,4,False,"{0: np.int64(26), 1: np.int64(34), 2: np.int64(61), 3: np.int64(4)}","{(0, 1): []}","{(0, np.int64(26)): {'cpu': 9}, (1, np.int64(34)): {'cpu': 16}, (2, np.int64(61)): {'cpu': 10}, (3, np.int64(4)): {'cpu': 17}}",{},0.0,0.0,104.0,52.0,115.0,0.0,0.0,0.0,0.0,0.0,0.0,0.0,0.0,0.0,Route Failure,100.0,"{'node_level': {}, 'link_level': {}, 'path_level': {}}","{'node_level': {0: {'cpu': -71}, 1: {'cpu': -79}, 2: {'cpu': -79}, 3: {'cpu': -56}}, 'link_level': {(0, 1): {'bw': 100.0}}, 'path_level': {(0, 1): {}}}","{'node_level': {0: {'cpu': 0}, 1: {'cpu': 0}, 2: {'cpu': 0}, 3: {'cpu': 0}}, 'link_level': {(0, 1): {'bw': 100.0}}, 'path_level': {(0, 1): {}}}",[],-inf,-inf,True,False,False,0,[],0,0.0,4.0,1.0
45,8,3,457.0,1049.0,228542.24473229834,784189.6126680692,0.4356530028598665,0.29143748022206384,19,74,0,1134.0220261466006,9057,4883,4174,0.012338187702265357,0.10831019013031407,13,779.0220261466006,355.0,8,13,False,{},{},{},{},0.0,0.0,0.0,0.0,0.0,0.0,0.0,0.0,0.0,0.0,0.0,0.0,0.0,0.0,Leave Event,0.0,"{'node_level': {}, 'link_level': {}, 'path_level': {}}","{'node_level': {}, 'link_level': {}, 'path_level': {}}","{'node_level': {}, 'link_level': {}, 'path_level': {}}",[],-inf,-inf,True,True,False,0,[],0,0.0,,
46,8,3,457.0,1049.0,228542.24473229834,784189.6126680692,0.4356530028598665,0.29143748022206384,19,75,1,1143.0,9057,4883,4174,0.012338187702265357,0.10831019013031407,45,47.480917694335986,1143.0,8,14,False,"{0: np.int64(34), 1: np.int64(31), 2: np.int64(4), 3: np.int64(42), 4: np.int64(1), 5: np.int64(58), 6: np.int64(22), 7: np.int64(47)}","{(0, 3): []}","{(0, np.int64(34)): {'cpu': 18}, (1, np.int64(31)): {'cpu': 7}, (2, np.int64(4)): {'cpu': 16}, (3, np.int64(42)): {'cpu': 1}, (4, np.int64(1)): {'cpu': 11}, (5, np.int64(58)): {'cpu': 8}, (6, np.int64(22)): {'cpu': 5}, (7, np.int64(47)): {'cpu': 16}}",{},0.0,0.0,164.0,82.0,439.0,0.0,0.0,0.0,0.0,0.0,0.0,0.0,0.0,0.0,Route Failure,100.0,"{'node_level': {}, 'link_level': {}, 'path_level': {}}","{'node_level': {0: {'cpu': -77}, 1: {'cpu': -75}, 2: {'cpu': -57}, 3: {'cpu': -83}, 4: {'cpu': -44}, 5: {'cpu': -65}, 6: {'cpu': -83}, 7: {'cpu': -51}}, 'link_level': {(0, 3): {'bw': 100.0}}, 'path_level': {(0, 3): {}}}","{'node_level': {0: {'cpu': 0}, 1: {'cpu': 0}, 2: {'cpu': 0}, 3: {'cpu': 0}, 4: {'cpu': 0}, 5: {'cpu': 0}, 6: {'cpu': 0}, 7: {'cpu': 0}}, 'link_level': {(0, 3): {'bw': 100.0}}, 'path_level': {(0, 3): {}}}",[],-inf,-inf,True,False,False,0,[],0,0.0,8.0,1.0
47,8,3,457.0,1049.0,228542.24473229834,784189.6126680692,0.4356530028598665,0.29143748022206384,19,76,1,1166.0,9057,4883,4174,0.012338187702265357,0.10831019013031407,46,374.87400992174224,1166.0,5,5,False,"{0: np.int64(16), 1: np.int64(58), 2: np.int64(36), 3: np.int64(11), 4: np.int64(38)}","{(0, 2): []}","{(0, np.int64(16)): {'cpu': 8}, (1, np.int64(58)): {'cpu': 4}, (2, np.int64(36)): {'cpu': 19}, (3, np.int64(11)): {'cpu': 17}, (4, np.int64(38)): {'cpu': 4}}",{},0.0,0.0,104.0,52.0,134.0,0.0,0.0,0.0,0.0,0.0,0.0,0.0,0.0,0.0,Route Failure,100.0,"{'node_level': {}, 'link_level': {}, 'path_level': {}}","{'node_level': {0: {'cpu': -81}, 1: {'cpu': -69}, 2: {'cpu': -63}, 3: {'cpu': -73}, 4: {'cpu': -74}}, 'link_level': {(0, 2): {'bw': 100.0}}, 'path_level': {(0, 2): {}}}","{'node_level': {0: {'cpu': 0}, 1: {'cpu': 0}, 2: {'cpu': 0}, 3: {'cpu': 0}, 4: {'cpu': 0}}, 'link_level': {(0, 2): {'bw': 100.0}}, 'path_level': {(0, 2): {}}}",[],-inf,-inf,True,False,False,0,[],0,0.0,5.0,1.0
47,8,3,457.0,1049.0,228542.24473229834,784189.6126680692,0.4356530028598665,0.29143748022206384,19,77,0,1177.1396364841173,9057,4883,4174,0.012338187702265357,0.10831019013031407,44,57.13963648411721,1120.0,4,4,False,{},{},{},{},0.0,0.0,0.0,0.0,0.0,0.0,0.0,0.0,0.0,0.0,0.0,0.0,0.0,0.0,Leave Event,0.0,"{'node_level': {}, 'link_level': {}, 'path_level': {}}","{'node_level': {}, 'link_level': {}, 'path_level': {}}","{'node_level': {}, 'link_level': {}, 'path_level': {}}",[],-inf,-inf,True,True,False,0,[],0,0.0,,
47,8,3,457.0,1049.0,228542.24473229834,784189.6126680692,0.4356530028598665,0.29143748022206384,19,78,0,1190.480917694336,9057,4883,4174,0.012338187702265357,0.10831019013031407,45,47.480917694335986,1143.0,8,14,False,{},{},{},{},0.0,0.0,0.0,0.0,0.0,0.0,0.0,0.0,0.0,0.0,0.0,0.0,0.0,0.0,Leave Event,0.0,"{'node_level': {}, 'link_level': {}, 'path_level': {}}","{'node_level': {}, 'link_level': {}, 'path_level': {}}","{'node_level': {}, 'link_level': {}, 'path_level': {}}",[],-inf,-inf,True,True,False,0,[],0,0.0,,
47,8,3,457.0,1049.0,228542.24473229834,784189.6126680692,0.4356530028598665,0.29143748022206384,19,79,0,1195.9532444946365,9057,4883,4174,0.012338187702265357,0.10831019013031407,43,101.95324449463646,1094.0,9,25,False,{},{},{},{},0.0,0.0,0.0,0.0,0.0,0.0,0.0,0.0,0.0,0.0,0.0,0.0,0.0,0.0,Leave Event,0.0,"{'node_level': {}, 'link_level': {}, 'path_level': {}}","{'node_level': {}, 'link_level': {}, 'path_level': {}}","{'node_level': {}, 'link_level': {}, 'path_level': {}}",[],-inf,-inf,True,True,False,0,[],0,0.0,,
48,8,3,457.0,1049.0,228542.24473229834,784189.6126680692,0.4356530028598665,0.29143748022206384,19,80,1,1200.0,9057,4883,4174,0.012338187702265357,0.10831019013031407,47,114.27367386833356,1200.0,9,14,False,"{0: np.int64(53), 1: np.int64(15), 2: np.int64(29), 3: np.int64(61), 4: np.int64(13), 5: np.int64(52), 6: np.int64(27), 7: np.int64(46), 8: np.int64(14)}","{(0, 3): []}","{(0, np.int64(53)): {'cpu': 4}, (1, np.int64(15)): {'cpu': 17}, (2, np.int64(29)): {'cpu': 8}, (3, np.int64(61)): {'cpu': 16}, (4, np.int64(13)): {'cpu': 20}, (5, np.int64(52)): {'cpu': 4}, (6, np.int64(27)): {'cpu': 18}, (7, np.int64(46)): {'cpu': 1}, (8, np.int64(14)): {'cpu': 11}}",{},0.0,0.0,198.0,99.0,406.0,0.0,0.0,0.0,0.0,0.0,0.0,0.0,0.0,0.0,Route Failure,100.0,"{'node_level': {}, 'link_level': {}, 'path_level': {}}","{'node_level': {0: {'cpu': -96}, 1: {'cpu': -71}, 2: {'cpu': -44}, 3: {'cpu': -73}, 4: {'cpu': -80}, 5: {'cpu': -69}, 6: {'cpu': -40}, 7: {'cpu': -97}, 8: {'cpu': -83}}, 'link_level': {(0, 3): {'bw': 100.0}}, 'path_level': {(0, 3): {}}}","{'node_level': {0: {'cpu': 0}, 1: {'cpu': 0}, 2: {'cpu': 0}, 3: {'cpu': 0}, 4: {'cpu': 0}, 5: {'cpu': 0}, 6: {'cpu': 0}, 7: {'cpu': 0}, 8: {'cpu': 0}}, 'link_level': {(0, 3): {'bw': 100.0}}, 'path_level': {(0, 3): {}}}",[],-inf,-inf,True,False,False,0,[],0,0.0,9.0,1.0
48,8,3,457.0,1049.0,228542.24473229834,784189.6126680692,0.4356530028598665,0.29143748022206384,19,81,0,1211.6741398124225,9057,4883,4174,0.012338187702265357,0.10831019013031407,20,687.6741398124225,524.0,8,16,False,{},{},{},{},0.0,0.0,0.0,0.0,0.0,0.0,0.0,0.0,0.0,0.0,0.0,0.0,0.0,0.0,Leave Event,0.0,"{'node_level': {}, 'link_level': {}, 'path_level': {}}","{'node_level': {}, 'link_level': {}, 'path_level': {}}","{'node_level': {}, 'link_level': {}, 'path_level': {}}",[],-inf,-inf,True,True,False,0,[],0,0.0,,
48,8,2,457.0,1049.0,228542.24473229834,784189.6126680692,0.4356530028598665,0.29143748022206384,19,82,0,1225.7988471049302,9116,4911,4205,0.006674757281553423,0.10168767357402264,42,151.79884710493022,1074.0,2,1,False,{},{},{},{},0.0,0.0,0.0,0.0,0.0,0.0,0.0,0.0,0.0,0.0,0.0,0.0,0.0,0.0,Leave Event,0.0,"{'node_level': {}, 'link_level': {}, 'path_level': {}}","{'node_level': {}, 'link_level': {}, 'path_level': {}}","{'node_level': {}, 'link_level': {}, 'path_level': {}}",[],-inf,-inf,True,True,False,0,[],0,0.0,,
49,8,2,457.0,1049.0,228542.24473229834,784189.6126680692,0.4356530028598665,0.29143748022206384,19,83,1,1230.0,9116,4911,4205,0.006674757281553423,0.10168767357402264,48,173.26384215152254,1230.0,10,24,False,"{0: np.int64(22), 1: np.int64(0), 2: np.int64(28), 3: np.int64(1), 4: np.int64(32), 5: np.int64(35), 6: np.int64(6), 7: np.int64(50), 8: np.int64(5), 9: np.int64(21)}","{(0, 5): [(np.int64(22), 10), (10, 4), (4, 9), (9, 19), (19, 35)], (0, 7): []}","{(0, np.int64(22)): {'cpu': 0}, (1, np.int64(0)): {'cpu': 11}, (2, np.int64(28)): {'cpu': 2}, (3, np.int64(1)): {'cpu': 15}, (4, np.int64(32)): {'cpu': 0}, (5, np.int64(35)): {'cpu': 1}, (6, np.int64(6)): {'cpu': 5}, (7, np.int64(50)): {'cpu': 4}, (8, np.int64(5)): {'cpu': 11}, (9, np.int64(21)): {'cpu': 20}}","{((0, 5), (np.int64(22), 10)): {'bw': 21}, ((0, 5), (10, 4)): {'bw': 21}, ((0, 5), (4, 9)): {'bw': 21}, ((0, 5), (9, 19)): {'bw': 21}, ((0, 5), (19, 35)): {'bw': 21}}",0.0,0.0,138.0,69.0,684.0,0.0,0.0,0.0,0.0,0.0,0.0,0.0,0.0,0.0,Route Failure,100.0,"{'node_level': {}, 'link_level': {}, 'path_level': {}}","{'node_level': {0: {'cpu': -88}, 1: {'cpu': -85}, 2: {'cpu': -97}, 3: {'cpu': -40}, 4: {'cpu': -90}, 5: {'cpu': -82}, 6: {'cpu': -95}, 7: {'cpu': -94}, 8: {'cpu': -47}, 9: {'cpu': -39}}, 'link_level': {(0, 5): {'bw': -40}, (0, 7): {'bw': 100.0}}, 'path_level': {(0, 5): {}, (0, 7): {}}}","{'node_level': {0: {'cpu': 0}, 1: {'cpu': 0}, 2: {'cpu': 0}, 3: {'cpu': 0}, 4: {'cpu': 0}, 5: {'cpu': 0}, 6: {'cpu': 0}, 7: {'cpu': 0}, 8: {'cpu': 0}, 9: {'cpu': 0}}, 'link_level': {(0, 5): {'bw': 0}, (0, 7): {'bw': 100.0}}, 'path_level': {(0, 5): {}, (0, 7): {}}}",[],-inf,-inf,True,False,False,0,[],0,0.0,10.0,2.0
49,8,2,457.0,1049.0,228542.24473229834,784189.6126680692,0.4356530028598665,0.29143748022206384,19,84,0,1249.265267639189,9116,4911,4205,0.006674757281553423,0.10168767357402264,6,1077.265267639189,172.0,4,4,False,{},{},{},{},0.0,0.0,0.0,0.0,0.0,0.0,0.0,0.0,0.0,0.0,0.0,0.0,0.0,0.0,Leave Event,0.0,"{'node_level': {}, 'link_level': {}, 'path_level': {}}","{'node_level': {}, 'link_level': {}, 'path_level': {}}","{'node_level': {}, 'link_level': {}, 'path_level': {}}",[],-inf,-inf,True,True,False,0,[],0,0.0,,
50,9,3,546.0,1191.0,343920.29481169785,968275.9397610436,0.45843828715365237,0.3551883101593667,22,85,1,1252.0,8974,4856,4118,0.017799352750809017,0.12027344584490496,49,1296.3825851617921,1252.0,4,4,True,"{0: np.int64(30), 1: np.int64(59), 2: np.int64(57), 3: np.int64(27)}","{(0, 1): [(np.int64(30), 14), (14, 6), (6, 13), (13, 27), (27, 59)], (0, 2): [(np.int64(30), 14), (14, 6), (6, 2), (2, 5), (5, 12), (12, 25), (25, 57)], (0, 3): [(np.int64(30), 14), (14, 6), (6, 13), (13, 27)], (1, 3): [(np.int64(59), 27)]}","{(0, np.int64(30)): {'cpu': 18}, (1, np.int64(59)): {'cpu': 13}, (2, np.int64(57)): {'cpu': 14}, (3, np.int64(27)): {'cpu': 10}}","{((0, 1), (np.int64(30), 14)): {'bw': 11}, ((0, 1), (14, 6)): {'bw': 11}, ((0, 1), (6, 13)): {'bw': 11}, ((0, 1), (13, 27)): {'bw': 11}, ((0, 1), (27, 59)): {'bw': 11}, ((0, 2), (np.int64(30), 14)): {'bw': 0}, ((0, 2), (14, 6)): {'bw': 0}, ((0, 2), (6, 2)): {'bw': 0}, ((0, 2), (2, 5)): {'bw': 0}, ((0, 2), (5, 12)): {'bw': 0}, ((0, 2), (12, 25)): {'bw': 0}, ((0, 2), (25, 57)): {'bw': 0}, ((0, 3), (np.int64(30), 14)): {'bw': 3}, ((0, 3), (14, 6)): {'bw': 3}, ((0, 3), (6, 13)): {'bw': 3}, ((0, 3), (13, 27)): {'bw': 3}, ((1, 3), (np.int64(59), 27)): {'bw': 20}}",142.0,89.0,110.0,55.0,34.0,55.0,34.0,55.0,87.0,53.0,0.6267605633802817,184086.32709297448,115378.0500793995,812.521479432391,Success,0.0,"{'node_level': {}, 'link_level': {}, 'path_level': {}}","{'node_level': {0: {'cpu': -50}, 1: {'cpu': -87}, 2: {'cpu': -47}, 3: {'cpu': -48}}, 'link_level': {(0, 1): {'bw': -42}, (0, 2): {'bw': -42}, (0, 3): {'bw': -39}, (1, 3): {'bw': -69}}, 'path_level': {(0, 1): {}, (0, 2): {}, (0, 3): {}, (1, 3): {}}}","{'node_level': {0: {'cpu': 0}, 1: {'cpu': 0}, 2: {'cpu': 0}, 3: {'cpu': 0}}, 'link_level': {(0, 1): {'bw': 0}, (0, 2): {'bw': 0}, (0, 3): {'bw': 0}, (1, 3): {'bw': 0}}, 'path_level': {(0, 1): {}, (0, 2): {}, (0, 3): {}, (1, 3): {}}}",[],-inf,-inf,True,True,False,0,[],0,0.0,4.0,4.0
51,9,3,546.0,1191.0,343920.29481169785,968275.9397610436,0.45843828715365237,0.3551883101593667,22,86,1,1277.0,8974,4856,4118,0.017799352750809017,0.12027344584490496,50,99.51430336521751,1277.0,8,13,False,"{0: np.int64(1), 1: np.int64(0), 2: np.int64(44), 3: np.int64(14), 4: np.int64(4), 5: np.int64(33), 6: np.int64(13), 7: np.int64(32)}","{(0, 1): [(np.int64(1), 0)], (1, 2): [(np.int64(0), 2), (2, 6), (6, 13), (13, 28), (28, 44)], (1, 4): []}","{(0, np.int64(1)): {'cpu': 14}, (1, np.int64(0)): {'cpu': 18}, (2, np.int64(44)): {'cpu': 6}, (3, np.int64(14)): {'cpu': 9}, (4, np.int64(4)): {'cpu': 19}, (5, np.int64(33)): {'cpu': 7}, (6, np.int64(13)): {'cpu': 18}, (7, np.int64(32)): {'cpu': 20}}","{((0, 1), (np.int64(1), 0)): {'bw': 31}, ((1, 2), (np.int64(0), 2)): {'bw': 3}, ((1, 2), (2, 6)): {'bw': 3}, ((1, 2), (6, 13)): {'bw': 3}, ((1, 2), (13, 28)): {'bw': 3}, ((1, 2), (28, 44)): {'bw': 3}}",0.0,0.0,222.0,111.0,378.0,0.0,0.0,0.0,0.0,0.0,0.0,0.0,0.0,0.0,Route Failure,100.0,"{'node_level': {}, 'link_level': {}, 'path_level': {}}","{'node_level': {0: {'cpu': -41}, 1: {'cpu': -78}, 2: {'cpu': -94}, 3: {'cpu': -85}, 4: {'cpu': -54}, 5: {'cpu': -85}, 6: {'cpu': -82}, 7: {'cpu': -70}}, 'link_level': {(0, 1): {'bw': -11}, (1, 2): {'bw': -4}, (1, 4): {'bw': 100.0}}, 'path_level': {(0, 1): {}, (1, 2): {}, (1, 4): {}}}","{'node_level': {0: {'cpu': 0}, 1: {'cpu': 0}, 2: {'cpu': 0}, 3: {'cpu': 0}, 4: {'cpu': 0}, 5: {'cpu': 0}, 6: {'cpu': 0}, 7: {'cpu': 0}}, 'link_level': {(0, 1): {'bw': 0}, (1, 2): {'bw': 0}, (1, 4): {'bw': 100.0}}, 'path_level': {(0, 1): {}, (1, 2): {}, (1, 4): {}}}",[],-inf,-inf,True,False,False,0,[],0,0.0,8.0,3.0
52,9,3,546.0,1191.0,343920.29481169785,968275.9397610436,0.45843828715365237,0.3551883101593667,22,87,1,1302.0,8974,4856,4118,0.017799352750809017,0.12027344584490496,51,511.6052911141581,1302.0,9,20,False,"{0: np.int64(9), 1: np.int64(61), 2: np.int64(58), 3: np.int64(30), 4: np.int64(42), 5: np.int64(51), 6: np.int64(17), 7: np.int64(52), 8: np.int64(46)}","{(0, 1): [(np.int64(9), 4), (4, 1), (1, 0), (0, 2), (2, 6), (6, 14), (14, 29), (29, 61)], (0, 3): []}","{(0, np.int64(9)): {'cpu': 4}, (1, np.int64(61)): {'cpu': 15}, (2, np.int64(58)): {'cpu': 1}, (3, np.int64(30)): {'cpu': 20}, (4, np.int64(42)): {'cpu': 0}, (5, np.int64(51)): {'cpu': 3}, (6, np.int64(17)): {'cpu': 5}, (7, np.int64(52)): {'cpu': 20}, (8, np.int64(46)): {'cpu': 14}}","{((0, 1), (np.int64(9), 4)): {'bw': 7}, ((0, 1), (4, 1)): {'bw': 7}, ((0, 1), (1, 0)): {'bw': 7}, ((0, 1), (0, 2)): {'bw': 7}, ((0, 1), (2, 6)): {'bw': 7}, ((0, 1), (6, 14)): {'bw': 7}, ((0, 1), (14, 29)): {'bw': 7}, ((0, 1), (29, 61)): {'bw': 7}}",0.0,0.0,164.0,82.0,543.0,0.0,0.0,0.0,0.0,0.0,0.0,0.0,0.0,0.0,Route Failure,100.0,"{'node_level': {}, 'link_level': {}, 'path_level': {}}","{'node_level': {0: {'cpu': -91}, 1: {'cpu': -74}, 2: {'cpu': -72}, 3: {'cpu': -30}, 4: {'cpu': -84}, 5: {'cpu': -59}, 6: {'cpu': -48}, 7: {'cpu': -53}, 8: {'cpu': -84}}, 'link_level': {(0, 1): {'bw': 0}, (0, 3): {'bw': 100.0}}, 'path_level': {(0, 1): {}, (0, 3): {}}}","{'node_level': {0: {'cpu': 0}, 1: {'cpu': 0}, 2: {'cpu': 0}, 3: {'cpu': 0}, 4: {'cpu': 0}, 5: {'cpu': 0}, 6: {'cpu': 0}, 7: {'cpu': 0}, 8: {'cpu': 0}}, 'link_level': {(0, 1): {'bw': 0}, (0, 3): {'bw': 100.0}}, 'path_level': {(0, 1): {}, (0, 3): {}}}",[],-inf,-inf,True,False,False,0,[],0,0.0,9.0,2.0
52,9,3,546.0,1191.0,343920.29481169785,968275.9397610436,0.45843828715365237,0.3551883101593667,22,88,0,1314.2736738683336,8974,4856,4118,0.017799352750809017,0.12027344584490496,47,114.27367386833356,1200.0,9,14,False,{},{},{},{},0.0,0.0,0.0,0.0,0.0,0.0,0.0,0.0,0.0,0.0,0.0,0.0,0.0,0.0,Leave Event,0.0,"{'node_level': {}, 'link_level': {}, 'path_level': {}}","{'node_level': {}, 'link_level': {}, 'path_level': {}}","{'node_level': {}, 'link_level': {}, 'path_level': {}}",[],-inf,-inf,True,True,False,0,[],0,0.0,,
53,9,3,546.0,1191.0,343920.29481169785,968275.9397610436,0.45843828715365237,0.3551883101593667,22,89,1,1323.0,8974,4856,4118,0.017799352750809017,0.12027344584490496,52,52.98603685218048,1323.0,9,21,False,"{0: np.int64(48), 1: np.int64(13), 2: np.int64(20), 3: np.int64(21), 4: np.int64(31), 5: np.int64(60), 6: np.int64(61), 7: np.int64(53), 8: np.int64(58)}","{(0, 2): []}","{(0, np.int64(48)): {'cpu': 18}, (1, np.int64(13)): {'cpu': 11}, (2, np.int64(20)): {'cpu': 17}, (3, np.int64(21)): {'cpu': 5}, (4, np.int64(31)): {'cpu': 6}, (5, np.int64(60)): {'cpu': 12}, (6, np.int64(61)): {'cpu': 9}, (7, np.int64(53)): {'cpu': 14}, (8, np.int64(58)): {'cpu': 12}}",{},0.0,0.0,208.0,104.0,435.0,0.0,0.0,0.0,0.0,0.0,0.0,0.0,0.0,0.0,Route Failure,100.0,"{'node_level': {}, 'link_level': {}, 'path_level': {}}","{'node_level': {0: {'cpu': -57}, 1: {'cpu': -89}, 2: {'cpu': -54}, 3: {'cpu': -54}, 4: {'cpu': -76}, 5: {'cpu': -44}, 6: {'cpu': -80}, 7: {'cpu': -86}, 8: {'cpu': -61}}, 'link_level': {(0, 2): {'bw': 100.0}}, 'path_level': {(0, 2): {}}}","{'node_level': {0: {'cpu': 0}, 1: {'cpu': 0}, 2: {'cpu': 0}, 3: {'cpu': 0}, 4: {'cpu': 0}, 5: {'cpu': 0}, 6: {'cpu': 0}, 7: {'cpu': 0}, 8: {'cpu': 0}}, 'link_level': {(0, 2): {'bw': 100.0}}, 'path_level': {(0, 2): {}}}",[],-inf,-inf,True,False,False,0,[],0,0.0,9.0,1.0
54,9,3,546.0,1191.0,343920.29481169785,968275.9397610436,0.45843828715365237,0.3551883101593667,22,90,1,1347.0,8974,4856,4118,0.017799352750809017,0.12027344584490496,53,286.50214105797744,1347.0,4,5,False,"{0: np.int64(12), 1: np.int64(54), 2: np.int64(13), 3: np.int64(34)}","{(0, 2): [(np.int64(12), 5), (5, 2), (2, 6), (6, 13)], (0, 3): []}","{(0, np.int64(12)): {'cpu': 1}, (1, np.int64(54)): {'cpu': 11}, (2, np.int64(13)): {'cpu': 11}, (3, np.int64(34)): {'cpu': 17}}","{((0, 2), (np.int64(12), 5)): {'bw': 46}, ((0, 2), (5, 2)): {'bw': 46}, ((0, 2), (2, 6)): {'bw': 46}, ((0, 2), (6, 13)): {'bw': 46}}",0.0,0.0,80.0,40.0,132.0,0.0,0.0,0.0,0.0,0.0,0.0,0.0,0.0,0.0,Route Failure,100.0,"{'node_level': {}, 'link_level': {}, 'path_level': {}}","{'node_level': {0: {'cpu': -85}, 1: {'cpu': -69}, 2: {'cpu': -89}, 3: {'cpu': -78}}, 'link_level': {(0, 2): {'bw': -3}, (0, 3): {'bw': 100.0}}, 'path_level': {(0, 2): {}, (0, 3): {}}}","{'node_level': {0: {'cpu': 0}, 1: {'cpu': 0}, 2: {'cpu': 0}, 3: {'cpu': 0}}, 'link_level': {(0, 2): {'bw': 0}, (0, 3): {'bw': 100.0}}, 'path_level': {(0, 2): {}, (0, 3): {}}}",[],-inf,-inf,True,False,False,0,[],0,0.0,4.0,2.0
54,9,3,546.0,1191.0,343920.29481169785,968275.9397610436,0.45843828715365237,0.3551883101593667,22,91,0,1374.9224767613305,8974,4856,4118,0.017799352750809017,0.12027344584490496,37,442.9224767613304,932.0,4,4,False,{},{},{},{},0.0,0.0,0.0,0.0,0.0,0.0,0.0,0.0,0.0,0.0,0.0,0.0,0.0,0.0,Leave Event,0.0,"{'node_level': {}, 'link_level': {}, 'path_level': {}}","{'node_level': {}, 'link_level': {}, 'path_level': {}}","{'node_level': {}, 'link_level': {}, 'path_level': {}}",[],-inf,-inf,True,True,False,0,[],0,0.0,,
54,9,3,546.0,1191.0,343920.29481169785,968275.9397610436,0.45843828715365237,0.3551883101593667,22,92,0,1375.9860368521804,8974,4856,4118,0.017799352750809017,0.12027344584490496,52,52.98603685218048,1323.0,9,21,False,{},{},{},{},0.0,0.0,0.0,0.0,0.0,0.0,0.0,0.0,0.0,0.0,0.0,0.0,0.0,0.0,Leave Event,0.0,"{'node_level': {}, 'link_level': {}, 'path_level': {}}","{'node_level': {}, 'link_level': {}, 'path_level': {}}","{'node_level': {}, 'link_level': {}, 'path_level': {}}",[],-inf,-inf,True,True,False,0,[],0,0.0,,
54,9,3,546.0,1191.0,343920.29481169785,968275.9397610436,0.45843828715365237,0.3551883101593667,22,93,0,1376.5143033652175,8974,4856,4118,0.017799352750809017,0.12027344584490496,50,99.51430336521751,1277.0,8,13,False,{},{},{},{},0.0,0.0,0.0,0.0,0.0,0.0,0.0,0.0,0.0,0.0,0.0,0.0,0.0,0.0,Leave Event,0.0,"{'node_level': {}, 'link_level': {}, 'path_level': {}}","{'node_level': {}, 'link_level': {}, 'path_level': {}}","{'node_level': {}, 'link_level': {}, 'path_level': {}}",[],-inf,-inf,True,True,False,0,[],0,0.0,,
55,9,3,546.0,1191.0,343920.29481169785,968275.9397610436,0.45843828715365237,0.3551883101593667,22,94,1,1377.0,8974,4856,4118,0.017799352750809017,0.12027344584490496,54,668.0114646872048,1377.0,9,18,False,"{0: np.int64(46), 1: np.int64(2), 2: np.int64(14), 3: np.int64(17), 4: np.int64(38), 5: np.int64(0), 6: np.int64(24), 7: np.int64(41), 8: np.int64(1)}","{(0, 2): [(np.int64(46), 30), (30, 14)], (0, 7): [(np.int64(46), 30), (30, 14), (14, 6), (6, 2), (2, 5), (5, 12), (12, 25), (25, 41)], (1, 3): []}","{(0, np.int64(46)): {'cpu': 18}, (1, np.int64(2)): {'cpu': 0}, (2, np.int64(14)): {'cpu': 0}, (3, np.int64(17)): {'cpu': 9}, (4, np.int64(38)): {'cpu': 13}, (5, np.int64(0)): {'cpu': 10}, (6, np.int64(24)): {'cpu': 9}, (7, np.int64(41)): {'cpu': 4}, (8, np.int64(1)): {'cpu': 17}}","{((0, 2), (np.int64(46), 30)): {'bw': 11}, ((0, 2), (30, 14)): {'bw': 11}, ((0, 7), (np.int64(46), 30)): {'bw': 16}, ((0, 7), (30, 14)): {'bw': 16}, ((0, 7), (14, 6)): {'bw': 16}, ((0, 7), (6, 2)): {'bw': 16}, ((0, 7), (2, 5)): {'bw': 16}, ((0, 7), (5, 12)): {'bw': 16}, ((0, 7), (12, 25)): {'bw': 16}, ((0, 7), (25, 41)): {'bw': 16}}",0.0,0.0,160.0,80.0,384.0,0.0,0.0,0.0,0.0,0.0,0.0,0.0,0.0,0.0,Route Failure,100.0,"{'node_level': {}, 'link_level': {}, 'path_level': {}}","{'node_level': {0: {'cpu': -80}, 1: {'cpu': -51}, 2: {'cpu': -94}, 3: {'cpu': -44}, 4: {'cpu': -65}, 5: {'cpu': -86}, 6: {'cpu': -43}, 7: {'cpu': -61}, 8: {'cpu': -38}}, 'link_level': {(0, 2): {'bw': -28}, (0, 7): {'bw': -12}, (1, 3): {'bw': 100.0}}, 'path_level': {(0, 2): {}, (0, 7): {}, (1, 3): {}}}","{'node_level': {0: {'cpu': 0}, 1: {'cpu': 0}, 2: {'cpu': 0}, 3: {'cpu': 0}, 4: {'cpu': 0}, 5: {'cpu': 0}, 6: {'cpu': 0}, 7: {'cpu': 0}, 8: {'cpu': 0}}, 'link_level': {(0, 2): {'bw': 0}, (0, 7): {'bw': 0}, (1, 3): {'bw': 100.0}}, 'path_level': {(0, 2): {}, (0, 7): {}, (1, 3): {}}}",[],-inf,-inf,True,False,False,0,[],0,0.0,9.0,3.0
55,9,3,546.0,1191.0,343920.29481169785,968275.9397610436,0.45843828715365237,0.3551883101593667,22,95,0,1403.2638421515226,8974,4856,4118,0.017799352750809017,0.12027344584490496,48,173.26384215152254,1230.0,10,24,False,{},{},{},{},0.0,0.0,0.0,0.0,0.0,0.0,0.0,0.0,0.0,0.0,0.0,0.0,0.0,0.0,Leave Event,0.0,"{'node_level': {}, 'link_level': {}, 'path_level': {}}","{'node_level': {}, 'link_level': {}, 'path_level': {}}","{'node_level': {}, 'link_level': {}, 'path_level': {}}",[],-inf,-inf,True,True,False,0,[],0,0.0,,
56,9,3,546.0,1191.0,343920.29481169785,968275.9397610436,0.45843828715365237,0.3551883101593667,22,96,1,1410.0,8974,4856,4118,0.017799352750809017,0.12027344584490496,55,880.4446127162681,1410.0,7,7,False,"{0: np.int64(41), 1: np.int64(55), 2: np.int64(59), 3: np.int64(38), 4: np.int64(43), 5: np.int64(17), 6: np.int64(6)}","{(0, 2): [(np.int64(41), 25), (25, 12), (12, 5), (5, 2), (2, 6), (6, 13), (13, 27), (27, 59)], (1, 2): [(np.int64(55), 23), (23, 11), (11, 5), (5, 2), (2, 6), (6, 13), (13, 27), (27, 59)], (1, 3): [(np.int64(55), 23), (23, 11), (11, 5), (5, 2), (2, 0), (0, 1), (1, 4), (4, 10), (10, 22), (22, 38)], (1, 4): []}","{(0, np.int64(41)): {'cpu': 1}, (1, np.int64(55)): {'cpu': 17}, (2, np.int64(59)): {'cpu': 3}, (3, np.int64(38)): {'cpu': 18}, (4, np.int64(43)): {'cpu': 20}, (5, np.int64(17)): {'cpu': 3}, (6, np.int64(6)): {'cpu': 17}}","{((0, 2), (np.int64(41), 25)): {'bw': 19}, ((0, 2), (25, 12)): {'bw': 19}, ((0, 2), (12, 5)): {'bw': 19}, ((0, 2), (5, 2)): {'bw': 19}, ((0, 2), (2, 6)): {'bw': 19}, ((0, 2), (6, 13)): {'bw': 19}, ((0, 2), (13, 27)): {'bw': 19}, ((0, 2), (27, 59)): {'bw': 19}, ((1, 2), (np.int64(55), 23)): {'bw': 2}, ((1, 2), (23, 11)): {'bw': 2}, ((1, 2), (11, 5)): {'bw': 2}, ((1, 2), (5, 2)): {'bw': 2}, ((1, 2), (2, 6)): {'bw': 2}, ((1, 2), (6, 13)): {'bw': 2}, ((1, 2), (13, 27)): {'bw': 2}, ((1, 2), (27, 59)): {'bw': 2}, ((1, 3), (np.int64(55), 23)): {'bw': 4}, ((1, 3), (23, 11)): {'bw': 4}, ((1, 3), (11, 5)): {'bw': 4}, ((1, 3), (5, 2)): {'bw': 4}, ((1, 3), (2, 0)): {'bw': 4}, ((1, 3), (0, 1)): {'bw': 4}, ((1, 3), (1, 4)): {'bw': 4}, ((1, 3), (4, 10)): {'bw': 4}, ((1, 3), (10, 22)): {'bw': 4}, ((1, 3), (22, 38)): {'bw': 4}}",0.0,0.0,158.0,79.0,117.0,0.0,0.0,0.0,0.0,0.0,0.0,0.0,0.0,0.0,Route Failure,100.0,"{'node_level': {}, 'link_level': {}, 'path_level': {}}","{'node_level': {0: {'cpu': -64}, 1: {'cpu': -55}, 2: {'cpu': -84}, 3: {'cpu': -60}, 4: {'cpu': -61}, 5: {'cpu': -50}, 6: {'cpu': -83}}, 'link_level': {(0, 2): {'bw': -21}, (1, 2): {'bw': -19}, (1, 3): {'bw': -3}, (1, 4): {'bw': 100.0}}, 'path_level': {(0, 2): {}, (1, 2): {}, (1, 3): {}, (1, 4): {}}}","{'node_level': {0: {'cpu': 0}, 1: {'cpu': 0}, 2: {'cpu': 0}, 3: {'cpu': 0}, 4: {'cpu': 0}, 5: {'cpu': 0}, 6: {'cpu': 0}}, 'link_level': {(0, 2): {'bw': 0}, (1, 2): {'bw': 0}, (1, 3): {'bw': 0}, (1, 4): {'bw': 100.0}}, 'path_level': {(0, 2): {}, (1, 2): {}, (1, 3): {}, (1, 4): {}}}",[],-inf,-inf,True,False,False,0,[],0,0.0,7.0,4.0
56,9,2,546.0,1191.0,343920.29481169785,968275.9397610436,0.45843828715365237,0.3551883101593667,22,97,0,1428.2761921832207,9040,4871,4169,0.014765372168284774,0.10937833796197394,41,395.2761921832206,1033.0,3,2,False,{},{},{},{},0.0,0.0,0.0,0.0,0.0,0.0,0.0,0.0,0.0,0.0,0.0,0.0,0.0,0.0,Leave Event,0.0,"{'node_level': {}, 'link_level': {}, 'path_level': {}}","{'node_level': {}, 'link_level': {}, 'path_level': {}}","{'node_level': {}, 'link_level': {}, 'path_level': {}}",[],-inf,-inf,True,True,False,0,[],0,0.0,,
57,9,2,546.0,1191.0,343920.29481169785,968275.9397610436,0.45843828715365237,0.3551883101593667,22,98,1,1439.0,9040,4871,4169,0.014765372168284774,0.10937833796197394,56,246.37034702010098,1439.0,5,8,False,"{0: np.int64(6), 1: np.int64(14), 2: np.int64(27), 3: np.int64(56), 4: np.int64(61)}","{(0, 1): [(np.int64(6), 14)], (0, 2): [(np.int64(6), 13), (13, 27)], (0, 4): [(np.int64(6), 14), (14, 29), (29, 61)], (1, 2): []}","{(0, np.int64(6)): {'cpu': 2}, (1, np.int64(14)): {'cpu': 9}, (2, np.int64(27)): {'cpu': 15}, (3, np.int64(56)): {'cpu': 1}, (4, np.int64(61)): {'cpu': 11}}","{((0, 1), (np.int64(6), 14)): {'bw': 16}, ((0, 2), (np.int64(6), 13)): {'bw': 29}, ((0, 2), (13, 27)): {'bw': 29}, ((0, 4), (np.int64(6), 14)): {'bw': 16}, ((0, 4), (14, 29)): {'bw': 16}, ((0, 4), (29, 61)): {'bw': 16}}",0.0,0.0,76.0,38.0,218.0,0.0,0.0,0.0,0.0,0.0,0.0,0.0,0.0,0.0,Route Failure,100.0,"{'node_level': {}, 'link_level': {}, 'path_level': {}}","{'node_level': {0: {'cpu': -98}, 1: {'cpu': -85}, 2: {'cpu': -33}, 3: {'cpu': -52}, 4: {'cpu': -78}}, 'link_level': {(0, 1): {'bw': -28}, (0, 2): {'bw': -11}, (0, 4): {'bw': -12}, (1, 2): {'bw': 100.0}}, 'path_level': {(0, 1): {}, (0, 2): {}, (0, 4): {}, (1, 2): {}}}","{'node_level': {0: {'cpu': 0}, 1: {'cpu': 0}, 2: {'cpu': 0}, 3: {'cpu': 0}, 4: {'cpu': 0}}, 'link_level': {(0, 1): {'bw': 0}, (0, 2): {'bw': 0}, (0, 4): {'bw': 0}, (1, 2): {'bw': 100.0}}, 'path_level': {(0, 1): {}, (0, 2): {}, (0, 4): {}, (1, 2): {}}}",[],-inf,-inf,True,False,False,0,[],0,0.0,5.0,4.0
58,10,3,572.0,1247.0,345462.6409327855,971597.9160218479,0.458700882117081,0.3555613235022802,23,99,1,1469.0,8984,4860,4124,0.016990291262135915,0.118991668446913,57,59.32100465721802,1469.0,2,1,True,"{0: np.int64(1), 1: np.int64(21)}","{(0, 1): [(np.int64(1), 4), (4, 10), (10, 21)]}","{(0, np.int64(1)): {'cpu': 4}, (1, np.int64(21)): {'cpu': 7}}","{((0, 1), (np.int64(1), 4)): {'bw': 15}, ((0, 1), (4, 10)): {'bw': 15}, ((0, 1), (10, 21)): {'bw': 15}}",56.0,26.0,22.0,11.0,15.0,11.0,15.0,11.0,45.0,30.0,0.4642857142857143,3321.9762608042092,1542.3461210876685,27.541895019422654,Success,0.0,"{'node_level': {}, 'link_level': {}, 'path_level': {}}","{'node_level': {0: {'cpu': -51}, 1: {'cpu': -52}}, 'link_level': {(0, 1): {'bw': -53}}, 'path_level': {(0, 1): {}}}","{'node_level': {0: {'cpu': 0}, 1: {'cpu': 0}}, 'link_level': {(0, 1): {'bw': 0}}, 'path_level': {(0, 1): {}}}",[],-inf,-inf,True,True,False,0,[],0,0.0,2.0,1.0
59,10,3,572.0,1247.0,345462.6409327855,971597.9160218479,0.458700882117081,0.3555613235022802,23,100,1,1490.0,8984,4860,4124,0.016990291262135915,0.118991668446913,58,399.5597504662199,1490.0,7,10,False,"{0: np.int64(41), 1: np.int64(30), 2: np.int64(49), 3: np.int64(10), 4: np.int64(6), 5: np.int64(22), 6: np.int64(13)}","{(0, 3): []}","{(0, np.int64(41)): {'cpu': 2}, (1, np.int64(30)): {'cpu': 8}, (2, np.int64(49)): {'cpu': 0}, (3, np.int64(10)): {'cpu': 19}, (4, np.int64(6)): {'cpu': 14}, (5, np.int64(22)): {'cpu': 15}, (6, np.int64(13)): {'cpu': 6}}",{},0.0,0.0,128.0,64.0,331.0,0.0,0.0,0.0,0.0,0.0,0.0,0.0,0.0,0.0,Route Failure,100.0,"{'node_level': {}, 'link_level': {}, 'path_level': {}}","{'node_level': {0: {'cpu': -63}, 1: {'cpu': -47}, 2: {'cpu': -59}, 3: {'cpu': -61}, 4: {'cpu': -86}, 5: {'cpu': -73}, 6: {'cpu': -94}}, 'link_level': {(0, 3): {'bw': 100.0}}, 'path_level': {(0, 3): {}}}","{'node_level': {0: {'cpu': 0}, 1: {'cpu': 0}, 2: {'cpu': 0}, 3: {'cpu': 0}, 4: {'cpu': 0}, 5: {'cpu': 0}, 6: {'cpu': 0}}, 'link_level': {(0, 3): {'bw': 100.0}}, 'path_level': {(0, 3): {}}}",[],-inf,-inf,True,False,False,0,[],0,0.0,7.0,1.0
60,10,3,572.0,1247.0,345462.6409327855,971597.9160218479,0.458700882117081,0.3555613235022802,23,101,1,1511.0,8984,4860,4124,0.016990291262135915,0.118991668446913,59,785.1099966482894,1511.0,6,9,False,"{0: np.int64(48), 1: np.int64(21), 2: np.int64(49), 3: np.int64(40), 4: np.int64(53), 5: np.int64(7)}","{(0, 2): [(np.int64(48), 16), (16, 7), (7, 3), (3, 8), (8, 17), (17, 49)], (0, 3): [(np.int64(48), 16), (16, 7), (7, 3), (3, 1), (1, 0), (0, 2), (2, 5), (5, 11), (11, 24), (24, 40)], (1, 3): []}","{(0, np.int64(48)): {'cpu': 0}, (1, np.int64(21)): {'cpu': 10}, (2, np.int64(49)): {'cpu': 9}, (3, np.int64(40)): {'cpu': 9}, (4, np.int64(53)): {'cpu': 14}, (5, np.int64(7)): {'cpu': 14}}","{((0, 2), (np.int64(48), 16)): {'bw': 27}, ((0, 2), (16, 7)): {'bw': 27}, ((0, 2), (7, 3)): {'bw': 27}, ((0, 2), (3, 8)): {'bw': 27}, ((0, 2), (8, 17)): {'bw': 27}, ((0, 2), (17, 49)): {'bw': 27}, ((0, 3), (np.int64(48), 16)): {'bw': 8}, ((0, 3), (16, 7)): {'bw': 8}, ((0, 3), (7, 3)): {'bw': 8}, ((0, 3), (3, 1)): {'bw': 8}, ((0, 3), (1, 0)): {'bw': 8}, ((0, 3), (0, 2)): {'bw': 8}, ((0, 3), (2, 5)): {'bw': 8}, ((0, 3), (5, 11)): {'bw': 8}, ((0, 3), (11, 24)): {'bw': 8}, ((0, 3), (24, 40)): {'bw': 8}}",0.0,0.0,112.0,56.0,234.0,0.0,0.0,0.0,0.0,0.0,0.0,0.0,0.0,0.0,Route Failure,100.0,"{'node_level': {}, 'link_level': {}, 'path_level': {}}","{'node_level': {0: {'cpu': -75}, 1: {'cpu': -42}, 2: {'cpu': -50}, 3: {'cpu': -91}, 4: {'cpu': -86}, 5: {'cpu': -45}}, 'link_level': {(0, 2): {'bw': -12}, (0, 3): {'bw': 0}, (1, 3): {'bw': 100.0}}, 'path_level': {(0, 2): {}, (0, 3): {}, (1, 3): {}}}","{'node_level': {0: {'cpu': 0}, 1: {'cpu': 0}, 2: {'cpu': 0}, 3: {'cpu': 0}, 4: {'cpu': 0}, 5: {'cpu': 0}}, 'link_level': {(0, 2): {'bw': 0}, (0, 3): {'bw': 0}, (1, 3): {'bw': 100.0}}, 'path_level': {(0, 2): {}, (0, 3): {}, (1, 3): {}}}",[],-inf,-inf,True,False,False,0,[],0,0.0,6.0,3.0
60,10,2,572.0,1247.0,345462.6409327855,971597.9160218479,0.458700882117081,0.3555613235022802,23,102,0,1528.321004657218,9040,4871,4169,0.014765372168284774,0.10937833796197394,57,59.32100465721802,1469.0,2,1,False,{},{},{},{},0.0,0.0,0.0,0.0,0.0,0.0,0.0,0.0,0.0,0.0,0.0,0.0,0.0,0.0,Leave Event,0.0,"{'node_level': {}, 'link_level': {}, 'path_level': {}}","{'node_level': {}, 'link_level': {}, 'path_level': {}}","{'node_level': {}, 'link_level': {}, 'path_level': {}}",[],-inf,-inf,True,True,False,0,[],0,0.0,,
61,10,2,572.0,1247.0,345462.6409327855,971597.9160218479,0.458700882117081,0.3555613235022802,23,103,1,1535.0,9040,4871,4169,0.014765372168284774,0.10937833796197394,60,3111.948142699852,1535.0,5,4,False,"{0: np.int64(23), 1: np.int64(4), 2: np.int64(37), 3: np.int64(42), 4: np.int64(16)}","{(0, 1): []}","{(0, np.int64(23)): {'cpu': 13}, (1, np.int64(4)): {'cpu': 18}, (2, np.int64(37)): {'cpu': 14}, (3, np.int64(42)): {'cpu': 19}, (4, np.int64(16)): {'cpu': 0}}",{},0.0,0.0,128.0,64.0,86.0,0.0,0.0,0.0,0.0,0.0,0.0,0.0,0.0,0.0,Route Failure,100.0,"{'node_level': {}, 'link_level': {}, 'path_level': {}}","{'node_level': {0: {'cpu': -75}, 1: {'cpu': -55}, 2: {'cpu': -81}, 3: {'cpu': -65}, 4: {'cpu': -89}}, 'link_level': {(0, 1): {'bw': 100.0}}, 'path_level': {(0, 1): {}}}","{'node_level': {0: {'cpu': 0}, 1: {'cpu': 0}, 2: {'cpu': 0}, 3: {'cpu': 0}, 4: {'cpu': 0}}, 'link_level': {(0, 1): {'bw': 100.0}}, 'path_level': {(0, 1): {}}}",[],-inf,-inf,True,False,False,0,[],0,0.0,5.0,1.0
61,10,2,572.0,1247.0,345462.6409327855,971597.9160218479,0.458700882117081,0.3555613235022802,23,104,0,1540.8740099217423,9040,4871,4169,0.014765372168284774,0.10937833796197394,46,374.87400992174224,1166.0,5,5,False,{},{},{},{},0.0,0.0,0.0,0.0,0.0,0.0,0.0,0.0,0.0,0.0,0.0,0.0,0.0,0.0,Leave Event,0.0,"{'node_level': {}, 'link_level': {}, 'path_level': {}}","{'node_level': {}, 'link_level': {}, 'path_level': {}}","{'node_level': {}, 'link_level': {}, 'path_level': {}}",[],-inf,-inf,True,True,False,0,[],0,0.0,,
61,10,2,572.0,1247.0,345462.6409327855,971597.9160218479,0.458700882117081,0.3555613235022802,23,105,0,1557.5753634371506,9040,4871,4169,0.014765372168284774,0.10937833796197394,34,704.5753634371506,853.0,5,6,False,{},{},{},{},0.0,0.0,0.0,0.0,0.0,0.0,0.0,0.0,0.0,0.0,0.0,0.0,0.0,0.0,Leave Event,0.0,"{'node_level': {}, 'link_level': {}, 'path_level': {}}","{'node_level': {}, 'link_level': {}, 'path_level': {}}","{'node_level': {}, 'link_level': {}, 'path_level': {}}",[],-inf,-inf,True,True,False,0,[],0,0.0,,
62,10,2,572.0,1247.0,345462.6409327855,971597.9160218479,0.458700882117081,0.3555613235022802,23,106,1,1565.0,9040,4871,4169,0.014765372168284774,0.10937833796197394,61,903.5620598022306,1565.0,10,17,False,"{0: np.int64(26), 1: np.int64(30), 2: np.int64(27), 3: np.int64(6), 4: np.int64(52), 5: np.int64(16), 6: np.int64(34), 7: np.int64(49), 8: np.int64(62), 9: np.int64(56)}","{(0, 1): [(np.int64(26), 12), (12, 5), (5, 2), (2, 6), (6, 14), (14, 30)], (0, 6): []}","{(0, np.int64(26)): {'cpu': 16}, (1, np.int64(30)): {'cpu': 18}, (2, np.int64(27)): {'cpu': 11}, (3, np.int64(6)): {'cpu': 1}, (4, np.int64(52)): {'cpu': 18}, (5, np.int64(16)): {'cpu': 2}, (6, np.int64(34)): {'cpu': 17}, (7, np.int64(49)): {'cpu': 20}, (8, np.int64(62)): {'cpu': 11}, (9, np.int64(56)): {'cpu': 20}}","{((0, 1), (np.int64(26), 12)): {'bw': 16}, ((0, 1), (12, 5)): {'bw': 16}, ((0, 1), (5, 2)): {'bw': 16}, ((0, 1), (2, 6)): {'bw': 16}, ((0, 1), (6, 14)): {'bw': 16}, ((0, 1), (14, 30)): {'bw': 16}}",0.0,0.0,268.0,134.0,365.0,0.0,0.0,0.0,0.0,0.0,0.0,0.0,0.0,0.0,Route Failure,100.0,"{'node_level': {}, 'link_level': {}, 'path_level': {}}","{'node_level': {0: {'cpu': -64}, 1: {'cpu': -37}, 2: {'cpu': -37}, 3: {'cpu': -99}, 4: {'cpu': -55}, 5: {'cpu': -87}, 6: {'cpu': -78}, 7: {'cpu': -39}, 8: {'cpu': -84}, 9: {'cpu': -33}}, 'link_level': {(0, 1): {'bw': -24}, (0, 6): {'bw': 100.0}}, 'path_level': {(0, 1): {}, (0, 6): {}}}","{'node_level': {0: {'cpu': 0}, 1: {'cpu': 0}, 2: {'cpu': 0}, 3: {'cpu': 0}, 4: {'cpu': 0}, 5: {'cpu': 0}, 6: {'cpu': 0}, 7: {'cpu': 0}, 8: {'cpu': 0}, 9: {'cpu': 0}}, 'link_level': {(0, 1): {'bw': 0}, (0, 6): {'bw': 100.0}}, 'path_level': {(0, 1): {}, (0, 6): {}}}",[],-inf,-inf,True,False,False,0,[],0,0.0,10.0,2.0
62,10,2,572.0,1247.0,345462.6409327855,971597.9160218479,0.458700882117081,0.3555613235022802,23,107,0,1571.7488733618652,9040,4871,4169,0.014765372168284774,0.10937833796197394,38,615.7488733618653,956.0,4,4,False,{},{},{},{},0.0,0.0,0.0,0.0,0.0,0.0,0.0,0.0,0.0,0.0,0.0,0.0,0.0,0.0,Leave Event,0.0,"{'node_level': {}, 'link_level': {}, 'path_level': {}}","{'node_level': {}, 'link_level': {}, 'path_level': {}}","{'node_level': {}, 'link_level': {}, 'path_level': {}}",[],-inf,-inf,True,True,False,0,[],0,0.0,,
62,10,1,572.0,1247.0,345462.6409327855,971597.9160218479,0.458700882117081,0.3555613235022802,23,108,0,1587.9691086083183,9483,4889,4594,0.011124595469255705,0.018585772270882317,2,1517.9691086083183,70.0,3,2,False,{},{},{},{},0.0,0.0,0.0,0.0,0.0,0.0,0.0,0.0,0.0,0.0,0.0,0.0,0.0,0.0,Leave Event,0.0,"{'node_level': {}, 'link_level': {}, 'path_level': {}}","{'node_level': {}, 'link_level': {}, 'path_level': {}}","{'node_level': {}, 'link_level': {}, 'path_level': {}}",[],-inf,-inf,True,True,False,0,[],0,0.0,,
63,10,1,572.0,1247.0,345462.6409327855,971597.9160218479,0.458700882117081,0.3555613235022802,23,109,1,1593.0,9483,4889,4594,0.011124595469255705,0.018585772270882317,62,376.5254383915556,1593.0,7,9,False,"{0: np.int64(33), 1: np.int64(51), 2: np.int64(61), 3: np.int64(16), 4: np.int64(45), 5: np.int64(6), 6: np.int64(37)}","{(0, 5): [(np.int64(33), 17), (17, 8), (8, 3), (3, 1), (1, 0), (0, 2), (2, 6)], (1, 2): []}","{(0, np.int64(33)): {'cpu': 11}, (1, np.int64(51)): {'cpu': 4}, (2, np.int64(61)): {'cpu': 6}, (3, np.int64(16)): {'cpu': 20}, (4, np.int64(45)): {'cpu': 9}, (5, np.int64(6)): {'cpu': 1}, (6, np.int64(37)): {'cpu': 2}}","{((0, 5), (np.int64(33), 17)): {'bw': 42}, ((0, 5), (17, 8)): {'bw': 42}, ((0, 5), (8, 3)): {'bw': 42}, ((0, 5), (3, 1)): {'bw': 42}, ((0, 5), (1, 0)): {'bw': 42}, ((0, 5), (0, 2)): {'bw': 42}, ((0, 5), (2, 6)): {'bw': 42}}",0.0,0.0,106.0,53.0,222.0,0.0,0.0,0.0,0.0,0.0,0.0,0.0,0.0,0.0,Route Failure,100.0,"{'node_level': {}, 'link_level': {}, 'path_level': {}}","{'node_level': {0: {'cpu': -81}, 1: {'cpu': -58}, 2: {'cpu': -83}, 3: {'cpu': -72}, 4: {'cpu': -58}, 5: {'cpu': -99}, 6: {'cpu': -93}}, 'link_level': {(0, 5): {'bw': -11}, (1, 2): {'bw': 100.0}}, 'path_level': {(0, 5): {}, (1, 2): {}}}","{'node_level': {0: {'cpu': 0}, 1: {'cpu': 0}, 2: {'cpu': 0}, 3: {'cpu': 0}, 4: {'cpu': 0}, 5: {'cpu': 0}, 6: {'cpu': 0}}, 'link_level': {(0, 5): {'bw': 0}, (1, 2): {'bw': 100.0}}, 'path_level': {(0, 5): {}, (1, 2): {}}}",[],-inf,-inf,True,False,False,0,[],0,0.0,7.0,2.0
64,10,1,572.0,1247.0,345462.6409327855,971597.9160218479,0.458700882117081,0.3555613235022802,23,110,1,1621.0,9483,4889,4594,0.011124595469255705,0.018585772270882317,63,266.40018925963983,1621.0,10,21,False,"{0: np.int64(24), 1: np.int64(57), 2: np.int64(62), 3: np.int64(34), 4: np.int64(25), 5: np.int64(35), 6: np.int64(16), 7: np.int64(46), 8: np.int64(53), 9: np.int64(32)}","{(0, 2): [(np.int64(24), 11), (11, 5), (5, 2), (2, 6), (6, 14), (14, 30), (30, 62)], (0, 5): [(np.int64(24), 11), (11, 5), (5, 2), (2, 0), (0, 1), (1, 4), (4, 9), (9, 19), (19, 35)], (0, 6): [(np.int64(24), 11), (11, 5), (5, 2), (2, 0), (0, 1), (1, 3), (3, 7), (7, 16)], (0, 7): [(np.int64(24), 11), (11, 5), (5, 2), (2, 6), (6, 14), (14, 30), (30, 46)], (0, 8): []}","{(0, np.int64(24)): {'cpu': 5}, (1, np.int64(57)): {'cpu': 16}, (2, np.int64(62)): {'cpu': 3}, (3, np.int64(34)): {'cpu': 0}, (4, np.int64(25)): {'cpu': 5}, (5, np.int64(35)): {'cpu': 20}, (6, np.int64(16)): {'cpu': 18}, (7, np.int64(46)): {'cpu': 2}, (8, np.int64(53)): {'cpu': 10}, (9, np.int64(32)): {'cpu': 17}}","{((0, 2), (np.int64(24), 11)): {'bw': 3}, ((0, 2), (11, 5)): {'bw': 3}, ((0, 2), (5, 2)): {'bw': 3}, ((0, 2), (2, 6)): {'bw': 3}, ((0, 2), (6, 14)): {'bw': 3}, ((0, 2), (14, 30)): {'bw': 3}, ((0, 2), (30, 62)): {'bw': 3}, ((0, 5), (np.int64(24), 11)): {'bw': 20}, ((0, 5), (11, 5)): {'bw': 20}, ((0, 5), (5, 2)): {'bw': 20}, ((0, 5), (2, 0)): {'bw': 20}, ((0, 5), (0, 1)): {'bw': 20}, ((0, 5), (1, 4)): {'bw': 20}, ((0, 5), (4, 9)): {'bw': 20}, ((0, 5), (9, 19)): {'bw': 20}, ((0, 5), (19, 35)): {'bw': 20}, ((0, 6), (np.int64(24), 11)): {'bw': 8}, ((0, 6), (11, 5)): {'bw': 8}, ((0, 6), (5, 2)): {'bw': 8}, ((0, 6), (2, 0)): {'bw': 8}, ((0, 6), (0, 1)): {'bw': 8}, ((0, 6), (1, 3)): {'bw': 8}, ((0, 6), (3, 7)): {'bw': 8}, ((0, 6), (7, 16)): {'bw': 8}, ((0, 7), (np.int64(24), 11)): {'bw': 25}, ((0, 7), (11, 5)): {'bw': 25}, ((0, 7), (5, 2)): {'bw': 25}, ((0, 7), (2, 6)): {'bw': 25}, ((0, 7), (6, 14)): {'bw': 25}, ((0, 7), (14, 30)): {'bw': 25}, ((0, 7), (30, 46)): {'bw': 25}}",0.0,0.0,192.0,96.0,494.0,0.0,0.0,0.0,0.0,0.0,0.0,0.0,0.0,0.0,Route Failure,100.0,"{'node_level': {}, 'link_level': {}, 'path_level': {}}","{'node_level': {0: {'cpu': -47}, 1: {'cpu': -31}, 2: {'cpu': -92}, 3: {'cpu': -95}, 4: {'cpu': -91}, 5: {'cpu': -63}, 6: {'cpu': -74}, 7: {'cpu': -96}, 8: {'cpu': -90}, 9: {'cpu': -73}}, 'link_level': {(0, 2): {'bw': -37}, (0, 5): {'bw': -37}, (0, 6): {'bw': -29}, (0, 7): {'bw': -11}, (0, 8): {'bw': 100.0}}, 'path_level': {(0, 2): {}, (0, 5): {}, (0, 6): {}, (0, 7): {}, (0, 8): {}}}","{'node_level': {0: {'cpu': 0}, 1: {'cpu': 0}, 2: {'cpu': 0}, 3: {'cpu': 0}, 4: {'cpu': 0}, 5: {'cpu': 0}, 6: {'cpu': 0}, 7: {'cpu': 0}, 8: {'cpu': 0}, 9: {'cpu': 0}}, 'link_level': {(0, 2): {'bw': 0}, (0, 5): {'bw': 0}, (0, 6): {'bw': 0}, (0, 7): {'bw': 0}, (0, 8): {'bw': 100.0}}, 'path_level': {(0, 2): {}, (0, 5): {}, (0, 6): {}, (0, 7): {}, (0, 8): {}}}",[],-inf,-inf,True,False,False,0,[],0,0.0,10.0,5.0
64,10,1,572.0,1247.0,345462.6409327855,971597.9160218479,0.458700882117081,0.3555613235022802,23,111,0,1633.5021410579775,9483,4889,4594,0.011124595469255705,0.018585772270882317,53,286.50214105797744,1347.0,4,5,False,{},{},{},{},0.0,0.0,0.0,0.0,0.0,0.0,0.0,0.0,0.0,0.0,0.0,0.0,0.0,0.0,Leave Event,0.0,"{'node_level': {}, 'link_level': {}, 'path_level': {}}","{'node_level': {}, 'link_level': {}, 'path_level': {}}","{'node_level': {}, 'link_level': {}, 'path_level': {}}",[],-inf,-inf,True,True,False,0,[],0,0.0,,
65,10,1,572.0,1247.0,345462.6409327855,971597.9160218479,0.458700882117081,0.3555613235022802,23,112,1,1649.0,9483,4889,4594,0.011124595469255705,0.018585772270882317,64,32.304942111250284,1649.0,8,10,False,"{0: np.int64(14), 1: np.int64(8), 2: np.int64(56), 3: np.int64(26), 4: np.int64(40), 5: np.int64(57), 6: np.int64(13), 7: np.int64(60)}","{(0, 4): [(np.int64(14), 6), (6, 2), (2, 5), (5, 11), (11, 24), (24, 40)], (0, 5): []}","{(0, np.int64(14)): {'cpu': 0}, (1, np.int64(8)): {'cpu': 20}, (2, np.int64(56)): {'cpu': 10}, (3, np.int64(26)): {'cpu': 3}, (4, np.int64(40)): {'cpu': 19}, (5, np.int64(57)): {'cpu': 4}, (6, np.int64(13)): {'cpu': 6}, (7, np.int64(60)): {'cpu': 12}}","{((0, 4), (np.int64(14), 6)): {'bw': 24}, ((0, 4), (6, 2)): {'bw': 24}, ((0, 4), (2, 5)): {'bw': 24}, ((0, 4), (5, 11)): {'bw': 24}, ((0, 4), (11, 24)): {'bw': 24}, ((0, 4), (24, 40)): {'bw': 24}}",0.0,0.0,148.0,74.0,284.0,0.0,0.0,0.0,0.0,0.0,0.0,0.0,0.0,0.0,Route Failure,100.0,"{'node_level': {}, 'link_level': {}, 'path_level': {}}","{'node_level': {0: {'cpu': -94}, 1: {'cpu': -69}, 2: {'cpu': -43}, 3: {'cpu': -77}, 4: {'cpu': -81}, 5: {'cpu': -43}, 6: {'cpu': -94}, 7: {'cpu': -44}}, 'link_level': {(0, 4): {'bw': -20}, (0, 5): {'bw': 100.0}}, 'path_level': {(0, 4): {}, (0, 5): {}}}","{'node_level': {0: {'cpu': 0}, 1: {'cpu': 0}, 2: {'cpu': 0}, 3: {'cpu': 0}, 4: {'cpu': 0}, 5: {'cpu': 0}, 6: {'cpu': 0}, 7: {'cpu': 0}}, 'link_level': {(0, 4): {'bw': 0}, (0, 5): {'bw': 100.0}}, 'path_level': {(0, 4): {}, (0, 5): {}}}",[],-inf,-inf,True,False,False,0,[],0,0.0,8.0,2.0
66,10,1,572.0,1247.0,345462.6409327855,971597.9160218479,0.458700882117081,0.3555613235022802,23,113,1,1676.0,9483,4889,4594,0.011124595469255705,0.018585772270882317,65,109.09317362220082,1676.0,9,22,False,"{0: np.int64(61), 1: np.int64(8), 2: np.int64(36), 3: np.int64(7), 4: np.int64(2), 5: np.int64(51), 6: np.int64(14), 7: np.int64(0), 8: np.int64(54)}","{(0, 1): [(np.int64(61), 29), (29, 14), (14, 6), (6, 2), (2, 0), (0, 1), (1, 3), (3, 8)], (0, 3): []}","{(0, np.int64(61)): {'cpu': 12}, (1, np.int64(8)): {'cpu': 4}, (2, np.int64(36)): {'cpu': 5}, (3, np.int64(7)): {'cpu': 0}, (4, np.int64(2)): {'cpu': 3}, (5, np.int64(51)): {'cpu': 20}, (6, np.int64(14)): {'cpu': 2}, (7, np.int64(0)): {'cpu': 19}, (8, np.int64(54)): {'cpu': 4}}","{((0, 1), (np.int64(61), 29)): {'bw': 43}, ((0, 1), (29, 14)): {'bw': 43}, ((0, 1), (14, 6)): {'bw': 43}, ((0, 1), (6, 2)): {'bw': 43}, ((0, 1), (2, 0)): {'bw': 43}, ((0, 1), (0, 1)): {'bw': 43}, ((0, 1), (1, 3)): {'bw': 43}, ((0, 1), (3, 8)): {'bw': 43}}",0.0,0.0,138.0,69.0,641.0,0.0,0.0,0.0,0.0,0.0,0.0,0.0,0.0,0.0,Route Failure,100.0,"{'node_level': {}, 'link_level': {}, 'path_level': {}}","{'node_level': {0: {'cpu': -77}, 1: {'cpu': -85}, 2: {'cpu': -77}, 3: {'cpu': -59}, 4: {'cpu': -48}, 5: {'cpu': -42}, 6: {'cpu': -92}, 7: {'cpu': -77}, 8: {'cpu': -76}}, 'link_level': {(0, 1): {'bw': -1}, (0, 3): {'bw': 100.0}}, 'path_level': {(0, 1): {}, (0, 3): {}}}","{'node_level': {0: {'cpu': 0}, 1: {'cpu': 0}, 2: {'cpu': 0}, 3: {'cpu': 0}, 4: {'cpu': 0}, 5: {'cpu': 0}, 6: {'cpu': 0}, 7: {'cpu': 0}, 8: {'cpu': 0}}, 'link_level': {(0, 1): {'bw': 0}, (0, 3): {'bw': 100.0}}, 'path_level': {(0, 1): {}, (0, 3): {}}}",[],-inf,-inf,True,False,False,0,[],0,0.0,9.0,2.0
66,10,1,572.0,1247.0,345462.6409327855,971597.9160218479,0.458700882117081,0.3555613235022802,23,114,0,1681.3049421112503,9483,4889,4594,0.011124595469255705,0.018585772270882317,64,32.304942111250284,1649.0,8,10,False,{},{},{},{},0.0,0.0,0.0,0.0,0.0,0.0,0.0,0.0,0.0,0.0,0.0,0.0,0.0,0.0,Leave Event,0.0,"{'node_level': {}, 'link_level': {}, 'path_level': {}}","{'node_level': {}, 'link_level': {}, 'path_level': {}}","{'node_level': {}, 'link_level': {}, 'path_level': {}}",[],-inf,-inf,True,True,False,0,[],0,0.0,,
66,10,1,572.0,1247.0,345462.6409327855,971597.9160218479,0.458700882117081,0.3555613235022802,23,115,0,1685.370347020101,9483,4889,4594,0.011124595469255705,0.018585772270882317,56,246.37034702010098,1439.0,5,8,False,{},{},{},{},0.0,0.0,0.0,0.0,0.0,0.0,0.0,0.0,0.0,0.0,0.0,0.0,0.0,0.0,Leave Event,0.0,"{'node_level': {}, 'link_level': {}, 'path_level': {}}","{'node_level': {}, 'link_level': {}, 'path_level': {}}","{'node_level': {}, 'link_level': {}, 'path_level': {}}",[],-inf,-inf,True,True,False,0,[],0,0.0,,
67,11,2,638.0,1457.0,365421.8196912993,1035104.3938898463,0.4378860672614962,0.35302895229540177,24,116,1,1696.0,9273,4859,4414,0.01719255663430419,0.0570390942106388,66,302.411799371421,1696.0,2,1,True,"{0: np.int64(59), 1: np.int64(5)}","{(0, 1): [(np.int64(59), 27), (27, 13), (13, 6), (6, 2), (2, 5)]}","{(0, np.int64(59)): {'cpu': 15}, (1, np.int64(5)): {'cpu': 15}}","{((0, 1), (np.int64(59), 27)): {'bw': 36}, ((0, 1), (27, 13)): {'bw': 36}, ((0, 1), (13, 6)): {'bw': 36}, ((0, 1), (6, 2)): {'bw': 36}, ((0, 1), (2, 5)): {'bw': 36}}",210.0,66.0,60.0,30.0,36.0,30.0,36.0,30.0,180.0,144.0,0.3142857142857143,63506.477867998416,19959.178758513786,95.04370837387518,Success,0.0,"{'node_level': {}, 'link_level': {}, 'path_level': {}}","{'node_level': {0: {'cpu': -72}, 1: {'cpu': -43}}, 'link_level': {(0, 1): {'bw': -4}}, 'path_level': {(0, 1): {}}}","{'node_level': {0: {'cpu': 0}, 1: {'cpu': 0}}, 'link_level': {(0, 1): {'bw': 0}}, 'path_level': {(0, 1): {}}}",[],-inf,-inf,True,True,False,0,[],0,0.0,2.0,1.0
68,12,3,779.0,1798.0,395762.8561492523,1108482.361493832,0.43325917686318133,0.3570312617477355,29,117,1,1727.0,8932,4794,4138,0.03033980582524276,0.11600085451826536,67,215.18465573016312,1727.0,6,5,True,"{0: np.int64(7), 1: np.int64(46), 2: np.int64(3), 3: np.int64(19), 4: np.int64(15), 5: np.int64(0)}","{(0, 2): [(np.int64(7), 3)], (1, 4): [(np.int64(46), 30), (30, 14), (14, 6), (6, 2), (2, 0), (0, 1), (1, 3), (3, 7), (7, 15)], (1, 5): [(np.int64(46), 30), (30, 14), (14, 6), (6, 2), (2, 0)], (2, 3): [(np.int64(3), 1), (1, 4), (4, 9), (9, 19)], (3, 5): [(np.int64(19), 9), (9, 4), (4, 1), (1, 0)]}","{(0, np.int64(7)): {'cpu': 9}, (1, np.int64(46)): {'cpu': 6}, (2, np.int64(3)): {'cpu': 8}, (3, np.int64(19)): {'cpu': 14}, (4, np.int64(15)): {'cpu': 8}, (5, np.int64(0)): {'cpu': 20}}","{((0, 2), (np.int64(7), 3)): {'bw': 21}, ((1, 4), (np.int64(46), 30)): {'bw': 6}, ((1, 4), (30, 14)): {'bw': 6}, ((1, 4), (14, 6)): {'bw': 6}, ((1, 4), (6, 2)): {'bw': 6}, ((1, 4), (2, 0)): {'bw': 6}, ((1, 4), (0, 1)): {'bw': 6}, ((1, 4), (1, 3)): {'bw': 6}, ((1, 4), (3, 7)): {'bw': 6}, ((1, 4), (7, 15)): {'bw': 6}, ((1, 5), (np.int64(46), 30)): {'bw': 5}, ((1, 5), (30, 14)): {'bw': 5}, ((1, 5), (14, 6)): {'bw': 5}, ((1, 5), (6, 2)): {'bw': 5}, ((1, 5), (2, 0)): {'bw': 5}, ((2, 3), (np.int64(3), 1)): {'bw': 30}, ((2, 3), (1, 4)): {'bw': 30}, ((2, 3), (4, 9)): {'bw': 30}, ((2, 3), (9, 19)): {'bw': 30}, ((3, 5), (np.int64(19), 9)): {'bw': 14}, ((3, 5), (9, 4)): {'bw': 14}, ((3, 5), (4, 1)): {'bw': 14}, ((3, 5), (1, 0)): {'bw': 14}}",341.0,141.0,130.0,65.0,76.0,65.0,76.0,65.0,276.0,200.0,0.41348973607038125,73377.96760398563,30341.036457953,88.976646504261,Success,0.0,"{'node_level': {}, 'link_level': {}, 'path_level': {}}","{'node_level': {0: {'cpu': -50}, 1: {'cpu': -92}, 2: {'cpu': -82}, 3: {'cpu': -57}, 4: {'cpu': -80}, 5: {'cpu': -76}}, 'link_level': {(0, 2): {'bw': -59}, (1, 4): {'bw': -29}, (1, 5): {'bw': -24}, (2, 3): {'bw': -23}, (3, 5): {'bw': -17}}, 'path_level': {(0, 2): {}, (1, 4): {}, (1, 5): {}, (2, 3): {}, (3, 5): {}}}","{'node_level': {0: {'cpu': 0}, 1: {'cpu': 0}, 2: {'cpu': 0}, 3: {'cpu': 0}, 4: {'cpu': 0}, 5: {'cpu': 0}}, 'link_level': {(0, 2): {'bw': 0}, (1, 4): {'bw': 0}, (1, 5): {'bw': 0}, (2, 3): {'bw': 0}, (3, 5): {'bw': 0}}, 'path_level': {(0, 2): {}, (1, 4): {}, (1, 5): {}, (2, 3): {}, (3, 5): {}}}",[],-inf,-inf,True,True,False,0,[],0,0.0,6.0,5.0
69,12,3,779.0,1798.0,395762.8561492523,1108482.361493832,0.43325917686318133,0.3570312617477355,29,118,1,1749.0,8932,4794,4138,0.03033980582524276,0.11600085451826536,68,101.37642153119177,1749.0,8,16,False,"{0: np.int64(26), 1: np.int64(36), 2: np.int64(38), 3: np.int64(50), 4: np.int64(7), 5: np.int64(62), 6: np.int64(30), 7: np.int64(32)}","{(0, 1): []}","{(0, np.int64(26)): {'cpu': 0}, (1, np.int64(36)): {'cpu': 14}, (2, np.int64(38)): {'cpu': 0}, (3, np.int64(50)): {'cpu': 18}, (4, np.int64(7)): {'cpu': 11}, (5, np.int64(62)): {'cpu': 17}, (6, np.int64(30)): {'cpu': 10}, (7, np.int64(32)): {'cpu': 16}}",{},0.0,0.0,172.0,86.0,317.0,0.0,0.0,0.0,0.0,0.0,0.0,0.0,0.0,0.0,Route Failure,100.0,"{'node_level': {}, 'link_level': {}, 'path_level': {}}","{'node_level': {0: {'cpu': -80}, 1: {'cpu': -68}, 2: {'cpu': -78}, 3: {'cpu': -80}, 4: {'cpu': -39}, 5: {'cpu': -78}, 6: {'cpu': -45}, 7: {'cpu': -74}}, 'link_level': {(0, 1): {'bw': 100.0}}, 'path_level': {(0, 1): {}}}","{'node_level': {0: {'cpu': 0}, 1: {'cpu': 0}, 2: {'cpu': 0}, 3: {'cpu': 0}, 4: {'cpu': 0}, 5: {'cpu': 0}, 6: {'cpu': 0}, 7: {'cpu': 0}}, 'link_level': {(0, 1): {'bw': 100.0}}, 'path_level': {(0, 1): {}}}",[],-inf,-inf,True,False,False,0,[],0,0.0,8.0,1.0
70,12,3,779.0,1798.0,395762.8561492523,1108482.361493832,0.43325917686318133,0.3570312617477355,29,119,1,1773.0,8932,4794,4138,0.03033980582524276,0.11600085451826536,69,1017.9072729582688,1773.0,10,17,False,"{0: np.int64(24), 1: np.int64(27), 2: np.int64(55), 3: np.int64(57), 4: np.int64(43), 5: np.int64(41), 6: np.int64(58), 7: np.int64(50), 8: np.int64(40), 9: np.int64(28)}","{(0, 1): []}","{(0, np.int64(24)): {'cpu': 8}, (1, np.int64(27)): {'cpu': 4}, (2, np.int64(55)): {'cpu': 17}, (3, np.int64(57)): {'cpu': 6}, (4, np.int64(43)): {'cpu': 7}, (5, np.int64(41)): {'cpu': 13}, (6, np.int64(58)): {'cpu': 15}, (7, np.int64(50)): {'cpu': 14}, (8, np.int64(40)): {'cpu': 6}, (9, np.int64(28)): {'cpu': 2}}",{},0.0,0.0,184.0,92.0,359.0,0.0,0.0,0.0,0.0,0.0,0.0,0.0,0.0,0.0,Route Failure,100.0,"{'node_level': {}, 'link_level': {}, 'path_level': {}}","{'node_level': {0: {'cpu': -44}, 1: {'cpu': -44}, 2: {'cpu': -55}, 3: {'cpu': -41}, 4: {'cpu': -74}, 5: {'cpu': -52}, 6: {'cpu': -58}, 7: {'cpu': -84}, 8: {'cpu': -94}, 9: {'cpu': -97}}, 'link_level': {(0, 1): {'bw': 100.0}}, 'path_level': {(0, 1): {}}}","{'node_level': {0: {'cpu': 0}, 1: {'cpu': 0}, 2: {'cpu': 0}, 3: {'cpu': 0}, 4: {'cpu': 0}, 5: {'cpu': 0}, 6: {'cpu': 0}, 7: {'cpu': 0}, 8: {'cpu': 0}, 9: {'cpu': 0}}, 'link_level': {(0, 1): {'bw': 100.0}}, 'path_level': {(0, 1): {}}}",[],-inf,-inf,True,False,False,0,[],0,0.0,10.0,1.0
70,12,3,779.0,1798.0,395762.8561492523,1108482.361493832,0.43325917686318133,0.3570312617477355,29,120,0,1785.0931736222008,8932,4794,4138,0.03033980582524276,0.11600085451826536,65,109.09317362220082,1676.0,9,22,False,{},{},{},{},0.0,0.0,0.0,0.0,0.0,0.0,0.0,0.0,0.0,0.0,0.0,0.0,0.0,0.0,Leave Event,0.0,"{'node_level': {}, 'link_level': {}, 'path_level': {}}","{'node_level': {}, 'link_level': {}, 'path_level': {}}","{'node_level': {}, 'link_level': {}, 'path_level': {}}",[],-inf,-inf,True,True,False,0,[],0,0.0,,
71,12,3,779.0,1798.0,395762.8561492523,1108482.361493832,0.43325917686318133,0.3570312617477355,29,121,1,1804.0,8932,4794,4138,0.03033980582524276,0.11600085451826536,70,217.2471393966827,1804.0,6,10,False,"{0: np.int64(13), 1: np.int64(51), 2: np.int64(46), 3: np.int64(40), 4: np.int64(52), 5: np.int64(43)}","{(0, 1): [(np.int64(13), 6), (6, 2), (2, 0), (0, 1), (1, 4), (4, 9), (9, 19), (19, 51)], (0, 2): []}","{(0, np.int64(13)): {'cpu': 18}, (1, np.int64(51)): {'cpu': 5}, (2, np.int64(46)): {'cpu': 19}, (3, np.int64(40)): {'cpu': 16}, (4, np.int64(52)): {'cpu': 12}, (5, np.int64(43)): {'cpu': 2}}","{((0, 1), (np.int64(13), 6)): {'bw': 1}, ((0, 1), (6, 2)): {'bw': 1}, ((0, 1), (2, 0)): {'bw': 1}, ((0, 1), (0, 1)): {'bw': 1}, ((0, 1), (1, 4)): {'bw': 1}, ((0, 1), (4, 9)): {'bw': 1}, ((0, 1), (9, 19)): {'bw': 1}, ((0, 1), (19, 51)): {'bw': 1}}",0.0,0.0,144.0,72.0,262.0,0.0,0.0,0.0,0.0,0.0,0.0,0.0,0.0,0.0,Route Failure,100.0,"{'node_level': {}, 'link_level': {}, 'path_level': {}}","{'node_level': {0: {'cpu': -82}, 1: {'cpu': -57}, 2: {'cpu': -73}, 3: {'cpu': -84}, 4: {'cpu': -61}, 5: {'cpu': -79}}, 'link_level': {(0, 1): {'bw': -16}, (0, 2): {'bw': 100.0}}, 'path_level': {(0, 1): {}, (0, 2): {}}}","{'node_level': {0: {'cpu': 0}, 1: {'cpu': 0}, 2: {'cpu': 0}, 3: {'cpu': 0}, 4: {'cpu': 0}, 5: {'cpu': 0}}, 'link_level': {(0, 1): {'bw': 0}, (0, 2): {'bw': 100.0}}, 'path_level': {(0, 1): {}, (0, 2): {}}}",[],-inf,-inf,True,False,False,0,[],0,0.0,6.0,2.0
71,12,3,779.0,1798.0,395762.8561492523,1108482.361493832,0.43325917686318133,0.3570312617477355,29,122,0,1813.605291114158,8932,4794,4138,0.03033980582524276,0.11600085451826536,51,511.6052911141581,1302.0,9,20,False,{},{},{},{},0.0,0.0,0.0,0.0,0.0,0.0,0.0,0.0,0.0,0.0,0.0,0.0,0.0,0.0,Leave Event,0.0,"{'node_level': {}, 'link_level': {}, 'path_level': {}}","{'node_level': {}, 'link_level': {}, 'path_level': {}}","{'node_level': {}, 'link_level': {}, 'path_level': {}}",[],-inf,-inf,True,True,False,0,[],0,0.0,,
72,12,3,779.0,1798.0,395762.8561492523,1108482.361493832,0.43325917686318133,0.3570312617477355,29,123,1,1822.0,8932,4794,4138,0.03033980582524276,0.11600085451826536,71,90.25865744017176,1822.0,10,31,False,"{0: np.int64(54), 1: np.int64(34), 2: np.int64(9), 3: np.int64(48), 4: np.int64(49), 5: np.int64(19), 6: np.int64(31), 7: np.int64(24), 8: np.int64(30), 9: np.int64(4)}","{(0, 2): [(np.int64(54), 22), (22, 10), (10, 4), (4, 9)], (0, 3): []}","{(0, np.int64(54)): {'cpu': 18}, (1, np.int64(34)): {'cpu': 10}, (2, np.int64(9)): {'cpu': 14}, (3, np.int64(48)): {'cpu': 9}, (4, np.int64(49)): {'cpu': 8}, (5, np.int64(19)): {'cpu': 8}, (6, np.int64(31)): {'cpu': 12}, (7, np.int64(24)): {'cpu': 4}, (8, np.int64(30)): {'cpu': 13}, (9, np.int64(4)): {'cpu': 16}}","{((0, 2), (np.int64(54), 22)): {'bw': 19}, ((0, 2), (22, 10)): {'bw': 19}, ((0, 2), (10, 4)): {'bw': 19}, ((0, 2), (4, 9)): {'bw': 19}}",0.0,0.0,224.0,112.0,723.0,0.0,0.0,0.0,0.0,0.0,0.0,0.0,0.0,0.0,Route Failure,100.0,"{'node_level': {}, 'link_level': {}, 'path_level': {}}","{'node_level': {0: {'cpu': -62}, 1: {'cpu': -85}, 2: {'cpu': -81}, 3: {'cpu': -66}, 4: {'cpu': -51}, 5: {'cpu': -49}, 6: {'cpu': -70}, 7: {'cpu': -48}, 8: {'cpu': -42}, 9: {'cpu': -57}}, 'link_level': {(0, 2): {'bw': -23}, (0, 3): {'bw': 100.0}}, 'path_level': {(0, 2): {}, (0, 3): {}}}","{'node_level': {0: {'cpu': 0}, 1: {'cpu': 0}, 2: {'cpu': 0}, 3: {'cpu': 0}, 4: {'cpu': 0}, 5: {'cpu': 0}, 6: {'cpu': 0}, 7: {'cpu': 0}, 8: {'cpu': 0}, 9: {'cpu': 0}}, 'link_level': {(0, 2): {'bw': 0}, (0, 3): {'bw': 100.0}}, 'path_level': {(0, 2): {}, (0, 3): {}}}",[],-inf,-inf,True,False,False,0,[],0,0.0,10.0,2.0
73,13,4,876.0,2113.0,412431.04023017775,1162611.0005195178,0.41457643161381924,0.35474551681162586,31,124,1,1845.0,8617,4743,3874,0.04065533980582525,0.17239906002990812,72,171.83694928789174,1845.0,3,2,True,"{0: np.int64(24), 1: np.int64(3), 2: np.int64(31)}","{(0, 2): [(np.int64(24), 11), (11, 5), (5, 2), (2, 0), (0, 1), (1, 3), (3, 7), (7, 15), (15, 31)], (1, 2): [(np.int64(3), 7), (7, 15), (15, 31)]}","{(0, np.int64(24)): {'cpu': 19}, (1, np.int64(3)): {'cpu': 18}, (2, np.int64(31)): {'cpu': 14}}","{((0, 2), (np.int64(24), 11)): {'bw': 21}, ((0, 2), (11, 5)): {'bw': 21}, ((0, 2), (5, 2)): {'bw': 21}, ((0, 2), (2, 0)): {'bw': 21}, ((0, 2), (0, 1)): {'bw': 21}, ((0, 2), (1, 3)): {'bw': 21}, ((0, 2), (3, 7)): {'bw': 21}, ((0, 2), (7, 15)): {'bw': 21}, ((0, 2), (15, 31)): {'bw': 21}, ((1, 2), (np.int64(3), 7)): {'bw': 25}, ((1, 2), (7, 15)): {'bw': 25}, ((1, 2), (15, 31)): {'bw': 25}}",315.0,97.0,102.0,51.0,46.0,51.0,46.0,51.0,264.0,218.0,0.30793650793650795,54128.6390256859,16668.184080925497,52.91487009817619,Success,0.0,"{'node_level': {}, 'link_level': {}, 'path_level': {}}","{'node_level': {0: {'cpu': -33}, 1: {'cpu': -64}, 2: {'cpu': -68}}, 'link_level': {(0, 2): {'bw': -2}, (1, 2): {'bw': -7}}, 'path_level': {(0, 2): {}, (1, 2): {}}}","{'node_level': {0: {'cpu': 0}, 1: {'cpu': 0}, 2: {'cpu': 0}}, 'link_level': {(0, 2): {'bw': 0}, (1, 2): {'bw': 0}}, 'path_level': {(0, 2): {}, (1, 2): {}}}",[],-inf,-inf,True,True,False,0,[],0,0.0,3.0,2.0
73,13,4,876.0,2113.0,412431.04023017775,1162611.0005195178,0.41457643161381924,0.35474551681162586,31,125,0,1850.3764215311917,8617,4743,3874,0.04065533980582525,0.17239906002990812,68,101.37642153119177,1749.0,8,16,False,{},{},{},{},0.0,0.0,0.0,0.0,0.0,0.0,0.0,0.0,0.0,0.0,0.0,0.0,0.0,0.0,Leave Event,0.0,"{'node_level': {}, 'link_level': {}, 'path_level': {}}","{'node_level': {}, 'link_level': {}, 'path_level': {}}","{'node_level': {}, 'link_level': {}, 'path_level': {}}",[],-inf,-inf,True,True,False,0,[],0,0.0,,
74,13,4,876.0,2113.0,412431.04023017775,1162611.0005195178,0.41457643161381924,0.35474551681162586,31,126,1,1870.0,8617,4743,3874,0.04065533980582525,0.17239906002990812,73,684.8711807425198,1870.0,7,14,False,"{0: np.int64(42), 1: np.int64(34), 2: np.int64(7), 3: np.int64(28), 4: np.int64(36), 5: np.int64(59), 6: np.int64(48)}","{(0, 1): []}","{(0, np.int64(42)): {'cpu': 2}, (1, np.int64(34)): {'cpu': 8}, (2, np.int64(7)): {'cpu': 13}, (3, np.int64(28)): {'cpu': 7}, (4, np.int64(36)): {'cpu': 14}, (5, np.int64(59)): {'cpu': 1}, (6, np.int64(48)): {'cpu': 1}}",{},0.0,0.0,92.0,46.0,268.0,0.0,0.0,0.0,0.0,0.0,0.0,0.0,0.0,0.0,Route Failure,100.0,"{'node_level': {}, 'link_level': {}, 'path_level': {}}","{'node_level': {0: {'cpu': -82}, 1: {'cpu': -87}, 2: {'cpu': -37}, 3: {'cpu': -92}, 4: {'cpu': -68}, 5: {'cpu': -71}, 6: {'cpu': -74}}, 'link_level': {(0, 1): {'bw': 100.0}}, 'path_level': {(0, 1): {}}}","{'node_level': {0: {'cpu': 0}, 1: {'cpu': 0}, 2: {'cpu': 0}, 3: {'cpu': 0}, 4: {'cpu': 0}, 5: {'cpu': 0}, 6: {'cpu': 0}}, 'link_level': {(0, 1): {'bw': 100.0}}, 'path_level': {(0, 1): {}}}",[],-inf,-inf,True,False,False,0,[],0,0.0,7.0,1.0
74,13,4,876.0,2113.0,412431.04023017775,1162611.0005195178,0.41457643161381924,0.35474551681162586,31,127,0,1887.4001892596398,8617,4743,3874,0.04065533980582525,0.17239906002990812,63,266.40018925963983,1621.0,10,21,False,{},{},{},{},0.0,0.0,0.0,0.0,0.0,0.0,0.0,0.0,0.0,0.0,0.0,0.0,0.0,0.0,Leave Event,0.0,"{'node_level': {}, 'link_level': {}, 'path_level': {}}","{'node_level': {}, 'link_level': {}, 'path_level': {}}","{'node_level': {}, 'link_level': {}, 'path_level': {}}",[],-inf,-inf,True,True,False,0,[],0,0.0,,
74,13,4,876.0,2113.0,412431.04023017775,1162611.0005195178,0.41457643161381924,0.35474551681162586,31,128,0,1889.5597504662198,8617,4743,3874,0.04065533980582525,0.17239906002990812,58,399.5597504662199,1490.0,7,10,False,{},{},{},{},0.0,0.0,0.0,0.0,0.0,0.0,0.0,0.0,0.0,0.0,0.0,0.0,0.0,0.0,Leave Event,0.0,"{'node_level': {}, 'link_level': {}, 'path_level': {}}","{'node_level': {}, 'link_level': {}, 'path_level': {}}","{'node_level': {}, 'link_level': {}, 'path_level': {}}",[],-inf,-inf,True,True,False,0,[],0,0.0,,
75,13,4,876.0,2113.0,412431.04023017775,1162611.0005195178,0.41457643161381924,0.35474551681162586,31,129,1,1893.0,8617,4743,3874,0.04065533980582525,0.17239906002990812,74,1514.8368887571435,1893.0,6,7,False,"{0: np.int64(14), 1: np.int64(44), 2: np.int64(50), 3: np.int64(37), 4: np.int64(20), 5: np.int64(1)}","{(0, 3): []}","{(0, np.int64(14)): {'cpu': 9}, (1, np.int64(44)): {'cpu': 5}, (2, np.int64(50)): {'cpu': 1}, (3, np.int64(37)): {'cpu': 11}, (4, np.int64(20)): {'cpu': 4}, (5, np.int64(1)): {'cpu': 1}}",{},0.0,0.0,62.0,31.0,188.0,0.0,0.0,0.0,0.0,0.0,0.0,0.0,0.0,0.0,Route Failure,100.0,"{'node_level': {}, 'link_level': {}, 'path_level': {}}","{'node_level': {0: {'cpu': -85}, 1: {'cpu': -95}, 2: {'cpu': -97}, 3: {'cpu': -84}, 4: {'cpu': -67}, 5: {'cpu': -54}}, 'link_level': {(0, 3): {'bw': 100.0}}, 'path_level': {(0, 3): {}}}","{'node_level': {0: {'cpu': 0}, 1: {'cpu': 0}, 2: {'cpu': 0}, 3: {'cpu': 0}, 4: {'cpu': 0}, 5: {'cpu': 0}}, 'link_level': {(0, 3): {'bw': 100.0}}, 'path_level': {(0, 3): {}}}",[],-inf,-inf,True,False,False,0,[],0,0.0,6.0,1.0
76,13,4,876.0,2113.0,412431.04023017775,1162611.0005195178,0.41457643161381924,0.35474551681162586,31,130,1,1906.0,8617,4743,3874,0.04065533980582525,0.17239906002990812,75,543.5221264217232,1906.0,4,3,False,"{0: np.int64(36), 1: np.int64(59), 2: np.int64(11), 3: np.int64(46)}","{(0, 1): []}","{(0, np.int64(36)): {'cpu': 20}, (1, np.int64(59)): {'cpu': 4}, (2, np.int64(11)): {'cpu': 18}, (3, np.int64(46)): {'cpu': 19}}",{},0.0,0.0,122.0,61.0,103.0,0.0,0.0,0.0,0.0,0.0,0.0,0.0,0.0,0.0,Route Failure,100.0,"{'node_level': {}, 'link_level': {}, 'path_level': {}}","{'node_level': {0: {'cpu': -62}, 1: {'cpu': -68}, 2: {'cpu': -72}, 3: {'cpu': -73}}, 'link_level': {(0, 1): {'bw': 100.0}}, 'path_level': {(0, 1): {}}}","{'node_level': {0: {'cpu': 0}, 1: {'cpu': 0}, 2: {'cpu': 0}, 3: {'cpu': 0}}, 'link_level': {(0, 1): {'bw': 100.0}}, 'path_level': {(0, 1): {}}}",[],-inf,-inf,True,False,False,0,[],0,0.0,4.0,1.0
76,13,4,876.0,2113.0,412431.04023017775,1162611.0005195178,0.41457643161381924,0.35474551681162586,31,131,0,1907.15565407657,8617,4743,3874,0.04065533980582525,0.17239906002990812,36,995.1556540765699,912.0,5,5,False,{},{},{},{},0.0,0.0,0.0,0.0,0.0,0.0,0.0,0.0,0.0,0.0,0.0,0.0,0.0,0.0,Leave Event,0.0,"{'node_level': {}, 'link_level': {}, 'path_level': {}}","{'node_level': {}, 'link_level': {}, 'path_level': {}}","{'node_level': {}, 'link_level': {}, 'path_level': {}}",[],-inf,-inf,True,True,False,0,[],0,0.0,,
76,13,4,876.0,2113.0,412431.04023017775,1162611.0005195178,0.41457643161381924,0.35474551681162586,31,132,0,1912.2586574401716,8617,4743,3874,0.04065533980582525,0.17239906002990812,71,90.25865744017176,1822.0,10,31,False,{},{},{},{},0.0,0.0,0.0,0.0,0.0,0.0,0.0,0.0,0.0,0.0,0.0,0.0,0.0,0.0,Leave Event,0.0,"{'node_level': {}, 'link_level': {}, 'path_level': {}}","{'node_level': {}, 'link_level': {}, 'path_level': {}}","{'node_level': {}, 'link_level': {}, 'path_level': {}}",[],-inf,-inf,True,True,False,0,[],0,0.0,,
77,13,4,876.0,2113.0,412431.04023017775,1162611.0005195178,0.41457643161381924,0.35474551681162586,31,133,1,1927.0,8617,4743,3874,0.04065533980582525,0.17239906002990812,76,193.09943714808878,1927.0,5,4,False,"{0: np.int64(59), 1: np.int64(28), 2: np.int64(52), 3: np.int64(35), 4: np.int64(38)}","{(0, 1): []}","{(0, np.int64(59)): {'cpu': 1}, (1, np.int64(28)): {'cpu': 6}, (2, np.int64(52)): {'cpu': 17}, (3, np.int64(35)): {'cpu': 6}, (4, np.int64(38)): {'cpu': 3}}",{},0.0,0.0,66.0,33.0,119.0,0.0,0.0,0.0,0.0,0.0,0.0,0.0,0.0,0.0,Route Failure,100.0,"{'node_level': {}, 'link_level': {}, 'path_level': {}}","{'node_level': {0: {'cpu': -71}, 1: {'cpu': -93}, 2: {'cpu': -56}, 3: {'cpu': -77}, 4: {'cpu': -75}}, 'link_level': {(0, 1): {'bw': 100.0}}, 'path_level': {(0, 1): {}}}","{'node_level': {0: {'cpu': 0}, 1: {'cpu': 0}, 2: {'cpu': 0}, 3: {'cpu': 0}, 4: {'cpu': 0}}, 'link_level': {(0, 1): {'bw': 100.0}}, 'path_level': {(0, 1): {}}}",[],-inf,-inf,True,False,False,0,[],0,0.0,5.0,1.0
77,13,3,876.0,2113.0,412431.04023017775,1162611.0005195178,0.41457643161381924,0.35474551681162586,31,134,0,1942.184655730163,8958,4808,4150,0.027508090614886682,0.11343729972228156,67,215.18465573016312,1727.0,6,5,False,{},{},{},{},0.0,0.0,0.0,0.0,0.0,0.0,0.0,0.0,0.0,0.0,0.0,0.0,0.0,0.0,Leave Event,0.0,"{'node_level': {}, 'link_level': {}, 'path_level': {}}","{'node_level': {}, 'link_level': {}, 'path_level': {}}","{'node_level': {}, 'link_level': {}, 'path_level': {}}",[],-inf,-inf,True,True,False,0,[],0,0.0,,
78,13,3,876.0,2113.0,412431.04023017775,1162611.0005195178,0.41457643161381924,0.35474551681162586,31,135,1,1949.0,8958,4808,4150,0.027508090614886682,0.11343729972228156,77,351.4572189796665,1949.0,6,8,False,"{0: np.int64(18), 1: np.int64(48), 2: np.int64(7), 3: np.int64(39), 4: np.int64(1), 5: np.int64(16)}","{(0, 1): [(np.int64(18), 8), (8, 3), (3, 7), (7, 16), (16, 48)], (0, 4): [(np.int64(18), 8), (8, 3), (3, 1)], (0, 5): [(np.int64(18), 8), (8, 3), (3, 7), (7, 16)], (1, 5): [(np.int64(48), 16)], (2, 3): []}","{(0, np.int64(18)): {'cpu': 9}, (1, np.int64(48)): {'cpu': 19}, (2, np.int64(7)): {'cpu': 2}, (3, np.int64(39)): {'cpu': 1}, (4, np.int64(1)): {'cpu': 17}, (5, np.int64(16)): {'cpu': 7}}","{((0, 1), (np.int64(18), 8)): {'bw': 16}, ((0, 1), (8, 3)): {'bw': 16}, ((0, 1), (3, 7)): {'bw': 16}, ((0, 1), (7, 16)): {'bw': 16}, ((0, 1), (16, 48)): {'bw': 16}, ((0, 4), (np.int64(18), 8)): {'bw': 1}, ((0, 4), (8, 3)): {'bw': 1}, ((0, 4), (3, 1)): {'bw': 1}, ((0, 5), (np.int64(18), 8)): {'bw': 4}, ((0, 5), (8, 3)): {'bw': 4}, ((0, 5), (3, 7)): {'bw': 4}, ((0, 5), (7, 16)): {'bw': 4}, ((1, 5), (np.int64(48), 16)): {'bw': 17}}",0.0,0.0,110.0,55.0,160.0,0.0,0.0,0.0,0.0,0.0,0.0,0.0,0.0,0.0,Route Failure,100.0,"{'node_level': {}, 'link_level': {}, 'path_level': {}}","{'node_level': {0: {'cpu': -41}, 1: {'cpu': -56}, 2: {'cpu': -57}, 3: {'cpu': -52}, 4: {'cpu': -38}, 5: {'cpu': -85}}, 'link_level': {(0, 1): {'bw': -18}, (0, 4): {'bw': -37}, (0, 5): {'bw': -14}, (1, 5): {'bw': -49}, (2, 3): {'bw': 100.0}}, 'path_level': {(0, 1): {}, (0, 4): {}, (0, 5): {}, (1, 5): {}, (2, 3): {}}}","{'node_level': {0: {'cpu': 0}, 1: {'cpu': 0}, 2: {'cpu': 0}, 3: {'cpu': 0}, 4: {'cpu': 0}, 5: {'cpu': 0}}, 'link_level': {(0, 1): {'bw': 0}, (0, 4): {'bw': 0}, (0, 5): {'bw': 0}, (1, 5): {'bw': 0}, (2, 3): {'bw': 100.0}}, 'path_level': {(0, 1): {}, (0, 4): {}, (0, 5): {}, (1, 5): {}, (2, 3): {}}}",[],-inf,-inf,True,False,False,0,[],0,0.0,6.0,5.0
78,13,3,876.0,2113.0,412431.04023017775,1162611.0005195178,0.41457643161381924,0.35474551681162586,31,136,0,1969.5254383915556,8958,4808,4150,0.027508090614886682,0.11343729972228156,62,376.5254383915556,1593.0,7,9,False,{},{},{},{},0.0,0.0,0.0,0.0,0.0,0.0,0.0,0.0,0.0,0.0,0.0,0.0,0.0,0.0,Leave Event,0.0,"{'node_level': {}, 'link_level': {}, 'path_level': {}}","{'node_level': {}, 'link_level': {}, 'path_level': {}}","{'node_level': {}, 'link_level': {}, 'path_level': {}}",[],-inf,-inf,True,True,False,0,[],0,0.0,,
79,13,3,876.0,2113.0,412431.04023017775,1162611.0005195178,0.41457643161381924,0.35474551681162586,31,137,1,1975.0,8958,4808,4150,0.027508090614886682,0.11343729972228156,78,47.526115167811255,1975.0,9,17,False,"{0: np.int64(5), 1: np.int64(23), 2: np.int64(0), 3: np.int64(7), 4: np.int64(22), 5: np.int64(16), 6: np.int64(13), 7: np.int64(3), 8: np.int64(40)}","{(0, 1): [(np.int64(5), 11), (11, 23)], (0, 2): []}","{(0, np.int64(5)): {'cpu': 10}, (1, np.int64(23)): {'cpu': 20}, (2, np.int64(0)): {'cpu': 0}, (3, np.int64(7)): {'cpu': 9}, (4, np.int64(22)): {'cpu': 12}, (5, np.int64(16)): {'cpu': 4}, (6, np.int64(13)): {'cpu': 1}, (7, np.int64(3)): {'cpu': 4}, (8, np.int64(40)): {'cpu': 6}}","{((0, 1), (np.int64(5), 11)): {'bw': 42}, ((0, 1), (11, 23)): {'bw': 42}}",0.0,0.0,132.0,66.0,440.0,0.0,0.0,0.0,0.0,0.0,0.0,0.0,0.0,0.0,Route Failure,100.0,"{'node_level': {}, 'link_level': {}, 'path_level': {}}","{'node_level': {0: {'cpu': -33}, 1: {'cpu': -68}, 2: {'cpu': -96}, 3: {'cpu': -50}, 4: {'cpu': -76}, 5: {'cpu': -88}, 6: {'cpu': -99}, 7: {'cpu': -68}, 8: {'cpu': -94}}, 'link_level': {(0, 1): {'bw': -30}, (0, 2): {'bw': 100.0}}, 'path_level': {(0, 1): {}, (0, 2): {}}}","{'node_level': {0: {'cpu': 0}, 1: {'cpu': 0}, 2: {'cpu': 0}, 3: {'cpu': 0}, 4: {'cpu': 0}, 5: {'cpu': 0}, 6: {'cpu': 0}, 7: {'cpu': 0}, 8: {'cpu': 0}}, 'link_level': {(0, 1): {'bw': 0}, (0, 2): {'bw': 100.0}}, 'path_level': {(0, 1): {}, (0, 2): {}}}",[],-inf,-inf,True,False,False,0,[],0,0.0,9.0,2.0
79,13,2,876.0,2113.0,412431.04023017775,1162611.0005195178,0.41457643161381924,0.35474551681162586,31,138,0,1998.411799371421,9168,4838,4330,0.021440129449838197,0.07498397778252508,66,302.411799371421,1696.0,2,1,False,{},{},{},{},0.0,0.0,0.0,0.0,0.0,0.0,0.0,0.0,0.0,0.0,0.0,0.0,0.0,0.0,Leave Event,0.0,"{'node_level': {}, 'link_level': {}, 'path_level': {}}","{'node_level': {}, 'link_level': {}, 'path_level': {}}","{'node_level': {}, 'link_level': {}, 'path_level': {}}",[],-inf,-inf,True,True,False,0,[],0,0.0,,
80,13,2,876.0,2113.0,412431.04023017775,1162611.0005195178,0.41457643161381924,0.35474551681162586,31,139,1,2003.0,9168,4838,4330,0.021440129449838197,0.07498397778252508,79,500.23107469233696,2003.0,8,12,False,"{0: np.int64(34), 1: np.int64(55), 2: np.int64(25), 3: np.int64(1), 4: np.int64(39), 5: np.int64(32), 6: np.int64(53), 7: np.int64(3)}","{(0, 2): []}","{(0, np.int64(34)): {'cpu': 5}, (1, np.int64(55)): {'cpu': 2}, (2, np.int64(25)): {'cpu': 13}, (3, np.int64(1)): {'cpu': 20}, (4, np.int64(39)): {'cpu': 4}, (5, np.int64(32)): {'cpu': 18}, (6, np.int64(53)): {'cpu': 17}, (7, np.int64(3)): {'cpu': 7}}",{},0.0,0.0,172.0,86.0,215.0,0.0,0.0,0.0,0.0,0.0,0.0,0.0,0.0,0.0,Route Failure,100.0,"{'node_level': {}, 'link_level': {}, 'path_level': {}}","{'node_level': {0: {'cpu': -90}, 1: {'cpu': -70}, 2: {'cpu': -83}, 3: {'cpu': -35}, 4: {'cpu': -49}, 5: {'cpu': -72}, 6: {'cpu': -83}, 7: {'cpu': -65}}, 'link_level': {(0, 2): {'bw': 100.0}}, 'path_level': {(0, 2): {}}}","{'node_level': {0: {'cpu': 0}, 1: {'cpu': 0}, 2: {'cpu': 0}, 3: {'cpu': 0}, 4: {'cpu': 0}, 5: {'cpu': 0}, 6: {'cpu': 0}, 7: {'cpu': 0}}, 'link_level': {(0, 2): {'bw': 100.0}}, 'path_level': {(0, 2): {}}}",[],-inf,-inf,True,False,False,0,[],0,0.0,8.0,1.0
80,13,1,876.0,2113.0,412431.04023017775,1162611.0005195178,0.41457643161381924,0.35474551681162586,31,140,0,2016.8369492878917,9483,4889,4594,0.011124595469255705,0.018585772270882317,72,171.83694928789174,1845.0,3,2,False,{},{},{},{},0.0,0.0,0.0,0.0,0.0,0.0,0.0,0.0,0.0,0.0,0.0,0.0,0.0,0.0,Leave Event,0.0,"{'node_level': {}, 'link_level': {}, 'path_level': {}}","{'node_level': {}, 'link_level': {}, 'path_level': {}}","{'node_level': {}, 'link_level': {}, 'path_level': {}}",[],-inf,-inf,True,True,False,0,[],0,0.0,,
80,13,1,876.0,2113.0,412431.04023017775,1162611.0005195178,0.41457643161381924,0.35474551681162586,31,141,0,2021.2471393966828,9483,4889,4594,0.011124595469255705,0.018585772270882317,70,217.2471393966827,1804.0,6,10,False,{},{},{},{},0.0,0.0,0.0,0.0,0.0,0.0,0.0,0.0,0.0,0.0,0.0,0.0,0.0,0.0,Leave Event,0.0,"{'node_level': {}, 'link_level': {}, 'path_level': {}}","{'node_level': {}, 'link_level': {}, 'path_level': {}}","{'node_level': {}, 'link_level': {}, 'path_level': {}}",[],-inf,-inf,True,True,False,0,[],0,0.0,,
80,13,1,876.0,2113.0,412431.04023017775,1162611.0005195178,0.41457643161381924,0.35474551681162586,31,142,0,2022.5261151678112,9483,4889,4594,0.011124595469255705,0.018585772270882317,78,47.526115167811255,1975.0,9,17,False,{},{},{},{},0.0,0.0,0.0,0.0,0.0,0.0,0.0,0.0,0.0,0.0,0.0,0.0,0.0,0.0,Leave Event,0.0,"{'node_level': {}, 'link_level': {}, 'path_level': {}}","{'node_level': {}, 'link_level': {}, 'path_level': {}}","{'node_level': {}, 'link_level': {}, 'path_level': {}}",[],-inf,-inf,True,True,False,0,[],0,0.0,,
81,13,1,876.0,2113.0,412431.04023017775,1162611.0005195178,0.41457643161381924,0.35474551681162586,31,143,1,2028.0,9483,4889,4594,0.011124595469255705,0.018585772270882317,80,382.8806272396345,2028.0,8,12,False,"{0: np.int64(61), 1: np.int64(44), 2: np.int64(22), 3: np.int64(8), 4: np.int64(47), 5: np.int64(23), 6: np.int64(28), 7: np.int64(16)}","{(0, 2): [(np.int64(61), 29), (29, 14), (14, 6), (6, 2), (2, 0), (0, 1), (1, 4), (4, 10), (10, 22)], (0, 4): []}","{(0, np.int64(61)): {'cpu': 8}, (1, np.int64(44)): {'cpu': 20}, (2, np.int64(22)): {'cpu': 13}, (3, np.int64(8)): {'cpu': 10}, (4, np.int64(47)): {'cpu': 19}, (5, np.int64(23)): {'cpu': 2}, (6, np.int64(28)): {'cpu': 8}, (7, np.int64(16)): {'cpu': 19}}","{((0, 2), (np.int64(61), 29)): {'bw': 25}, ((0, 2), (29, 14)): {'bw': 25}, ((0, 2), (14, 6)): {'bw': 25}, ((0, 2), (6, 2)): {'bw': 25}, ((0, 2), (2, 0)): {'bw': 25}, ((0, 2), (0, 1)): {'bw': 25}, ((0, 2), (1, 4)): {'bw': 25}, ((0, 2), (4, 10)): {'bw': 25}, ((0, 2), (10, 22)): {'bw': 25}}",0.0,0.0,198.0,99.0,350.0,0.0,0.0,0.0,0.0,0.0,0.0,0.0,0.0,0.0,Route Failure,100.0,"{'node_level': {}, 'link_level': {}, 'path_level': {}}","{'node_level': {0: {'cpu': -81}, 1: {'cpu': -80}, 2: {'cpu': -75}, 3: {'cpu': -79}, 4: {'cpu': -48}, 5: {'cpu': -86}, 6: {'cpu': -91}, 7: {'cpu': -73}}, 'link_level': {(0, 2): {'bw': -19}, (0, 4): {'bw': 100.0}}, 'path_level': {(0, 2): {}, (0, 4): {}}}","{'node_level': {0: {'cpu': 0}, 1: {'cpu': 0}, 2: {'cpu': 0}, 3: {'cpu': 0}, 4: {'cpu': 0}, 5: {'cpu': 0}, 6: {'cpu': 0}, 7: {'cpu': 0}}, 'link_level': {(0, 2): {'bw': 0}, (0, 4): {'bw': 100.0}}, 'path_level': {(0, 2): {}, (0, 4): {}}}",[],-inf,-inf,True,False,False,0,[],0,0.0,8.0,2.0
81,13,1,876.0,2113.0,412431.04023017775,1162611.0005195178,0.41457643161381924,0.35474551681162586,31,144,0,2045.0114646872048,9483,4889,4594,0.011124595469255705,0.018585772270882317,54,668.0114646872048,1377.0,9,18,False,{},{},{},{},0.0,0.0,0.0,0.0,0.0,0.0,0.0,0.0,0.0,0.0,0.0,0.0,0.0,0.0,Leave Event,0.0,"{'node_level': {}, 'link_level': {}, 'path_level': {}}","{'node_level': {}, 'link_level': {}, 'path_level': {}}","{'node_level': {}, 'link_level': {}, 'path_level': {}}",[],-inf,-inf,True,True,False,0,[],0,0.0,,
82,13,1,876.0,2113.0,412431.04023017775,1162611.0005195178,0.41457643161381924,0.35474551681162586,31,145,1,2052.0,9483,4889,4594,0.011124595469255705,0.018585772270882317,81,174.38391613886938,2052.0,10,21,False,"{0: np.int64(62), 1: np.int64(55), 2: np.int64(11), 3: np.int64(42), 4: np.int64(3), 5: np.int64(56), 6: np.int64(49), 7: np.int64(32), 8: np.int64(53), 9: np.int64(39)}","{(0, 1): []}","{(0, np.int64(62)): {'cpu': 8}, (1, np.int64(55)): {'cpu': 7}, (2, np.int64(11)): {'cpu': 7}, (3, np.int64(42)): {'cpu': 15}, (4, np.int64(3)): {'cpu': 15}, (5, np.int64(56)): {'cpu': 18}, (6, np.int64(49)): {'cpu': 20}, (7, np.int64(32)): {'cpu': 6}, (8, np.int64(53)): {'cpu': 6}, (9, np.int64(39)): {'cpu': 11}}",{},0.0,0.0,226.0,113.0,596.0,0.0,0.0,0.0,0.0,0.0,0.0,0.0,0.0,0.0,Route Failure,100.0,"{'node_level': {}, 'link_level': {}, 'path_level': {}}","{'node_level': {0: {'cpu': -87}, 1: {'cpu': -65}, 2: {'cpu': -83}, 3: {'cpu': -69}, 4: {'cpu': -75}, 5: {'cpu': -35}, 6: {'cpu': -39}, 7: {'cpu': -84}, 8: {'cpu': -94}, 9: {'cpu': -42}}, 'link_level': {(0, 1): {'bw': 100.0}}, 'path_level': {(0, 1): {}}}","{'node_level': {0: {'cpu': 0}, 1: {'cpu': 0}, 2: {'cpu': 0}, 3: {'cpu': 0}, 4: {'cpu': 0}, 5: {'cpu': 0}, 6: {'cpu': 0}, 7: {'cpu': 0}, 8: {'cpu': 0}, 9: {'cpu': 0}}, 'link_level': {(0, 1): {'bw': 100.0}}, 'path_level': {(0, 1): {}}}",[],-inf,-inf,True,False,False,0,[],0,0.0,10.0,1.0
83,14,2,916.0,2197.0,429463.7532874898,1198379.6979398732,0.4169321802457897,0.35837035125493044,33,146,1,2076.0,9399,4871,4528,0.014765372168284774,0.03268532364879295,82,425.81782643280167,2076.0,2,1,True,"{0: np.int64(26), 1: np.int64(41)}","{(0, 1): [(np.int64(26), 12), (12, 25), (25, 41)]}","{(0, np.int64(26)): {'cpu': 15}, (1, np.int64(41)): {'cpu': 3}}","{((0, 1), (np.int64(26), 12)): {'bw': 22}, ((0, 1), (12, 25)): {'bw': 22}, ((0, 1), (25, 41)): {'bw': 22}}",84.0,40.0,36.0,18.0,22.0,18.0,22.0,18.0,66.0,44.0,0.47619047619047616,35768.69742035534,17032.713057312067,202.77039353942936,Success,0.0,"{'node_level': {}, 'link_level': {}, 'path_level': {}}","{'node_level': {0: {'cpu': -65}, 1: {'cpu': -62}}, 'link_level': {(0, 1): {'bw': -37}}, 'path_level': {(0, 1): {}}}","{'node_level': {0: {'cpu': 0}, 1: {'cpu': 0}}, 'link_level': {(0, 1): {'bw': 0}}, 'path_level': {(0, 1): {}}}",[],-inf,-inf,True,True,False,0,[],0,0.0,2.0,1.0
84,14,2,916.0,2197.0,429463.7532874898,1198379.6979398732,0.4169321802457897,0.35837035125493044,33,147,1,2105.0,9399,4871,4528,0.014765372168284774,0.03268532364879295,83,256.83072966306304,2105.0,5,5,False,"{0: np.int64(1), 1: np.int64(28), 2: np.int64(35), 3: np.int64(27), 4: np.int64(8)}","{(0, 2): [(np.int64(1), 4), (4, 9), (9, 19), (19, 35)], (0, 4): [(np.int64(1), 3), (3, 8)], (1, 2): []}","{(0, np.int64(1)): {'cpu': 17}, (1, np.int64(28)): {'cpu': 6}, (2, np.int64(35)): {'cpu': 19}, (3, np.int64(27)): {'cpu': 15}, (4, np.int64(8)): {'cpu': 8}}","{((0, 2), (np.int64(1), 4)): {'bw': 45}, ((0, 2), (4, 9)): {'bw': 45}, ((0, 2), (9, 19)): {'bw': 45}, ((0, 2), (19, 35)): {'bw': 45}, ((0, 4), (np.int64(1), 3)): {'bw': 14}, ((0, 4), (3, 8)): {'bw': 14}}",0.0,0.0,130.0,65.0,182.0,0.0,0.0,0.0,0.0,0.0,0.0,0.0,0.0,0.0,Route Failure,100.0,"{'node_level': {}, 'link_level': {}, 'path_level': {}}","{'node_level': {0: {'cpu': -38}, 1: {'cpu': -93}, 2: {'cpu': -64}, 3: {'cpu': -33}, 4: {'cpu': -81}}, 'link_level': {(0, 2): {'bw': -16}, (0, 4): {'bw': -45}, (1, 2): {'bw': 100.0}}, 'path_level': {(0, 2): {}, (0, 4): {}, (1, 2): {}}}","{'node_level': {0: {'cpu': 0}, 1: {'cpu': 0}, 2: {'cpu': 0}, 3: {'cpu': 0}, 4: {'cpu': 0}}, 'link_level': {(0, 2): {'bw': 0}, (0, 4): {'bw': 0}, (1, 2): {'bw': 100.0}}, 'path_level': {(0, 2): {}, (0, 4): {}, (1, 2): {}}}",[],-inf,-inf,True,False,False,0,[],0,0.0,5.0,3.0
84,14,2,916.0,2197.0,429463.7532874898,1198379.6979398732,0.4169321802457897,0.35837035125493044,33,148,0,2114.8727130095676,9399,4871,4528,0.014765372168284774,0.03268532364879295,25,1472.8727130095679,642.0,10,26,False,{},{},{},{},0.0,0.0,0.0,0.0,0.0,0.0,0.0,0.0,0.0,0.0,0.0,0.0,0.0,0.0,Leave Event,0.0,"{'node_level': {}, 'link_level': {}, 'path_level': {}}","{'node_level': {}, 'link_level': {}, 'path_level': {}}","{'node_level': {}, 'link_level': {}, 'path_level': {}}",[],-inf,-inf,True,True,False,0,[],0,0.0,,
84,14,2,916.0,2197.0,429463.7532874898,1198379.6979398732,0.4169321802457897,0.35837035125493044,33,149,0,2120.099437148089,9399,4871,4528,0.014765372168284774,0.03268532364879295,76,193.09943714808878,1927.0,5,4,False,{},{},{},{},0.0,0.0,0.0,0.0,0.0,0.0,0.0,0.0,0.0,0.0,0.0,0.0,0.0,0.0,Leave Event,0.0,"{'node_level': {}, 'link_level': {}, 'path_level': {}}","{'node_level': {}, 'link_level': {}, 'path_level': {}}","{'node_level': {}, 'link_level': {}, 'path_level': {}}",[],-inf,-inf,True,True,False,0,[],0,0.0,,
85,14,2,916.0,2197.0,429463.7532874898,1198379.6979398732,0.4169321802457897,0.35837035125493044,33,150,1,2124.0,9399,4871,4528,0.014765372168284774,0.03268532364879295,84,799.9766323048347,2124.0,7,10,False,"{0: np.int64(52), 1: np.int64(30), 2: np.int64(49), 3: np.int64(41), 4: np.int64(21), 5: np.int64(11), 6: np.int64(18)}","{(0, 3): [(np.int64(52), 20), (20, 9), (9, 4), (4, 1), (1, 0), (0, 2), (2, 5), (5, 12), (12, 25), (25, 41)], (1, 2): [(np.int64(30), 14), (14, 6), (6, 2), (2, 0), (0, 1), (1, 3), (3, 8), (8, 17), (17, 49)], (1, 3): []}","{(0, np.int64(52)): {'cpu': 7}, (1, np.int64(30)): {'cpu': 15}, (2, np.int64(49)): {'cpu': 2}, (3, np.int64(41)): {'cpu': 0}, (4, np.int64(21)): {'cpu': 20}, (5, np.int64(11)): {'cpu': 8}, (6, np.int64(18)): {'cpu': 3}}","{((0, 3), (np.int64(52), 20)): {'bw': 19}, ((0, 3), (20, 9)): {'bw': 19}, ((0, 3), (9, 4)): {'bw': 19}, ((0, 3), (4, 1)): {'bw': 19}, ((0, 3), (1, 0)): {'bw': 19}, ((0, 3), (0, 2)): {'bw': 19}, ((0, 3), (2, 5)): {'bw': 19}, ((0, 3), (5, 12)): {'bw': 19}, ((0, 3), (12, 25)): {'bw': 19}, ((0, 3), (25, 41)): {'bw': 19}, ((1, 2), (np.int64(30), 14)): {'bw': 22}, ((1, 2), (14, 6)): {'bw': 22}, ((1, 2), (6, 2)): {'bw': 22}, ((1, 2), (2, 0)): {'bw': 22}, ((1, 2), (0, 1)): {'bw': 22}, ((1, 2), (1, 3)): {'bw': 22}, ((1, 2), (3, 8)): {'bw': 22}, ((1, 2), (8, 17)): {'bw': 22}, ((1, 2), (17, 49)): {'bw': 22}}",0.0,0.0,110.0,55.0,300.0,0.0,0.0,0.0,0.0,0.0,0.0,0.0,0.0,0.0,Route Failure,100.0,"{'node_level': {}, 'link_level': {}, 'path_level': {}}","{'node_level': {0: {'cpu': -66}, 1: {'cpu': -40}, 2: {'cpu': -57}, 3: {'cpu': -62}, 4: {'cpu': -39}, 5: {'cpu': -82}, 6: {'cpu': -47}}, 'link_level': {(0, 3): {'bw': -23}, (1, 2): {'bw': -16}, (1, 3): {'bw': 100.0}}, 'path_level': {(0, 3): {}, (1, 2): {}, (1, 3): {}}}","{'node_level': {0: {'cpu': 0}, 1: {'cpu': 0}, 2: {'cpu': 0}, 3: {'cpu': 0}, 4: {'cpu': 0}, 5: {'cpu': 0}, 6: {'cpu': 0}}, 'link_level': {(0, 3): {'bw': 0}, (1, 2): {'bw': 0}, (1, 3): {'bw': 100.0}}, 'path_level': {(0, 3): {}, (1, 2): {}, (1, 3): {}}}",[],-inf,-inf,True,False,False,0,[],0,0.0,7.0,3.0
86,14,2,916.0,2197.0,429463.7532874898,1198379.6979398732,0.4169321802457897,0.35837035125493044,33,151,1,2157.0,9399,4871,4528,0.014765372168284774,0.03268532364879295,85,219.73461354478582,2157.0,8,12,False,"{0: np.int64(15), 1: np.int64(54), 2: np.int64(22), 3: np.int64(49), 4: np.int64(28), 5: np.int64(11), 6: np.int64(60), 7: np.int64(45)}","{(0, 1): [(np.int64(15), 7), (7, 3), (3, 1), (1, 4), (4, 10), (10, 22), (22, 54)], (0, 2): []}","{(0, np.int64(15)): {'cpu': 10}, (1, np.int64(54)): {'cpu': 0}, (2, np.int64(22)): {'cpu': 6}, (3, np.int64(49)): {'cpu': 11}, (4, np.int64(28)): {'cpu': 11}, (5, np.int64(11)): {'cpu': 8}, (6, np.int64(60)): {'cpu': 7}, (7, np.int64(45)): {'cpu': 18}}","{((0, 1), (np.int64(15), 7)): {'bw': 46}, ((0, 1), (7, 3)): {'bw': 46}, ((0, 1), (3, 1)): {'bw': 46}, ((0, 1), (1, 4)): {'bw': 46}, ((0, 1), (4, 10)): {'bw': 46}, ((0, 1), (10, 22)): {'bw': 46}, ((0, 1), (22, 54)): {'bw': 46}}",0.0,0.0,142.0,71.0,305.0,0.0,0.0,0.0,0.0,0.0,0.0,0.0,0.0,0.0,Route Failure,100.0,"{'node_level': {}, 'link_level': {}, 'path_level': {}}","{'node_level': {0: {'cpu': -78}, 1: {'cpu': -80}, 2: {'cpu': -82}, 3: {'cpu': -48}, 4: {'cpu': -88}, 5: {'cpu': -82}, 6: {'cpu': -49}, 7: {'cpu': -49}}, 'link_level': {(0, 1): {'bw': -13}, (0, 2): {'bw': 100.0}}, 'path_level': {(0, 1): {}, (0, 2): {}}}","{'node_level': {0: {'cpu': 0}, 1: {'cpu': 0}, 2: {'cpu': 0}, 3: {'cpu': 0}, 4: {'cpu': 0}, 5: {'cpu': 0}, 6: {'cpu': 0}, 7: {'cpu': 0}}, 'link_level': {(0, 1): {'bw': 0}, (0, 2): {'bw': 100.0}}, 'path_level': {(0, 1): {}, (0, 2): {}}}",[],-inf,-inf,True,False,False,0,[],0,0.0,8.0,2.0
87,15,3,969.0,2299.0,439197.46045678685,1217112.4928694637,0.4214876033057851,0.36085198618028735,36,152,1,2177.0,9297,4853,4444,0.018406148867313954,0.050630207220679346,86,183.65485225088776,2177.0,3,2,True,"{0: np.int64(23), 1: np.int64(6), 2: np.int64(29)}","{(0, 1): [(np.int64(23), 11), (11, 5), (5, 2), (2, 6)], (1, 2): [(np.int64(6), 14), (14, 29)]}","{(0, np.int64(23)): {'cpu': 9}, (1, np.int64(6)): {'cpu': 7}, (2, np.int64(29)): {'cpu': 2}}","{((0, 1), (np.int64(23), 11)): {'bw': 7}, ((0, 1), (11, 5)): {'bw': 7}, ((0, 1), (5, 2)): {'bw': 7}, ((0, 1), (2, 6)): {'bw': 7}, ((1, 2), (np.int64(6), 14)): {'bw': 28}, ((1, 2), (14, 29)): {'bw': 28}}",102.0,53.0,36.0,18.0,35.0,18.0,35.0,18.0,84.0,49.0,0.5196078431372549,18732.794929590553,9733.707169297051,95.42850165977502,Success,0.0,"{'node_level': {}, 'link_level': {}, 'path_level': {}}","{'node_level': {0: {'cpu': -79}, 1: {'cpu': -93}, 2: {'cpu': -50}}, 'link_level': {(0, 1): {'bw': -64}, (1, 2): {'bw': -16}}, 'path_level': {(0, 1): {}, (1, 2): {}}}","{'node_level': {0: {'cpu': 0}, 1: {'cpu': 0}, 2: {'cpu': 0}}, 'link_level': {(0, 1): {'bw': 0}, (1, 2): {'bw': 0}}, 'path_level': {(0, 1): {}, (1, 2): {}}}",[],-inf,-inf,True,True,False,0,[],0,0.0,3.0,2.0
88,16,4,1091.0,2849.0,447964.5453851963,1256636.2363991784,0.38294138294138297,0.35647909268382544,37,153,1,2207.0,8747,4801,3946,0.02892394822006472,0.15701773125400553,87,71.86135187220862,2207.0,3,3,True,"{0: np.int64(40), 1: np.int64(7), 2: np.int64(28)}","{(0, 1): [(np.int64(40), 24), (24, 11), (11, 5), (5, 2), (2, 0), (0, 1), (1, 3), (3, 7)], (0, 2): [(np.int64(40), 24), (24, 11), (11, 5), (5, 2), (2, 6), (6, 13), (13, 28)], (1, 2): [(np.int64(7), 3), (3, 1), (1, 0), (0, 2), (2, 6), (6, 13), (13, 28)]}","{(0, np.int64(40)): {'cpu': 16}, (1, np.int64(7)): {'cpu': 18}, (2, np.int64(28)): {'cpu': 18}}","{((0, 1), (np.int64(40), 24)): {'bw': 8}, ((0, 1), (24, 11)): {'bw': 8}, ((0, 1), (11, 5)): {'bw': 8}, ((0, 1), (5, 2)): {'bw': 8}, ((0, 1), (2, 0)): {'bw': 8}, ((0, 1), (0, 1)): {'bw': 8}, ((0, 1), (1, 3)): {'bw': 8}, ((0, 1), (3, 7)): {'bw': 8}, ((0, 2), (np.int64(40), 24)): {'bw': 23}, ((0, 2), (24, 11)): {'bw': 23}, ((0, 2), (11, 5)): {'bw': 23}, ((0, 2), (5, 2)): {'bw': 23}, ((0, 2), (2, 6)): {'bw': 23}, ((0, 2), (6, 13)): {'bw': 23}, ((0, 2), (13, 28)): {'bw': 23}, ((1, 2), (np.int64(7), 3)): {'bw': 39}, ((1, 2), (3, 1)): {'bw': 39}, ((1, 2), (1, 0)): {'bw': 39}, ((1, 2), (0, 2)): {'bw': 39}, ((1, 2), (2, 6)): {'bw': 39}, ((1, 2), (6, 13)): {'bw': 39}, ((1, 2), (13, 28)): {'bw': 39}}",550.0,122.0,104.0,52.0,70.0,52.0,70.0,52.0,498.0,428.0,0.22181818181818183,39523.74352971474,8767.084928409451,15.940154415289912,Success,0.0,"{'node_level': {}, 'link_level': {}, 'path_level': {}}","{'node_level': {0: {'cpu': -84}, 1: {'cpu': -41}, 2: {'cpu': -81}}, 'link_level': {(0, 1): {'bw': -49}, (0, 2): {'bw': -36}, (1, 2): {'bw': -2}}, 'path_level': {(0, 1): {}, (0, 2): {}, (1, 2): {}}}","{'node_level': {0: {'cpu': 0}, 1: {'cpu': 0}, 2: {'cpu': 0}}, 'link_level': {(0, 1): {'bw': 0}, (0, 2): {'bw': 0}, (1, 2): {'bw': 0}}, 'path_level': {(0, 1): {}, (0, 2): {}, (1, 2): {}}}",[],-inf,-inf,True,True,False,0,[],0,0.0,3.0,3.0
88,16,4,1091.0,2849.0,447964.5453851963,1256636.2363991784,0.38294138294138297,0.35647909268382544,37,154,0,2226.3839161388696,8747,4801,3946,0.02892394822006472,0.15701773125400553,81,174.38391613886938,2052.0,10,21,False,{},{},{},{},0.0,0.0,0.0,0.0,0.0,0.0,0.0,0.0,0.0,0.0,0.0,0.0,0.0,0.0,Leave Event,0.0,"{'node_level': {}, 'link_level': {}, 'path_level': {}}","{'node_level': {}, 'link_level': {}, 'path_level': {}}","{'node_level': {}, 'link_level': {}, 'path_level': {}}",[],-inf,-inf,True,True,False,0,[],0,0.0,,
89,16,4,1091.0,2849.0,447964.5453851963,1256636.2363991784,0.38294138294138297,0.35647909268382544,37,155,1,2227.0,8747,4801,3946,0.02892394822006472,0.15701773125400553,88,1099.159796435754,2227.0,8,14,False,"{0: np.int64(7), 1: np.int64(1), 2: np.int64(55), 3: np.int64(13), 4: np.int64(60), 5: np.int64(9), 6: np.int64(25), 7: np.int64(33)}","{(0, 2): []}","{(0, np.int64(7)): {'cpu': 8}, (1, np.int64(1)): {'cpu': 7}, (2, np.int64(55)): {'cpu': 16}, (3, np.int64(13)): {'cpu': 3}, (4, np.int64(60)): {'cpu': 11}, (5, np.int64(9)): {'cpu': 0}, (6, np.int64(25)): {'cpu': 20}, (7, np.int64(33)): {'cpu': 16}}",{},0.0,0.0,162.0,81.0,283.0,0.0,0.0,0.0,0.0,0.0,0.0,0.0,0.0,0.0,Route Failure,100.0,"{'node_level': {}, 'link_level': {}, 'path_level': {}}","{'node_level': {0: {'cpu': -33}, 1: {'cpu': -48}, 2: {'cpu': -56}, 3: {'cpu': -97}, 4: {'cpu': -45}, 5: {'cpu': -95}, 6: {'cpu': -76}, 7: {'cpu': -76}}, 'link_level': {(0, 2): {'bw': 100.0}}, 'path_level': {(0, 2): {}}}","{'node_level': {0: {'cpu': 0}, 1: {'cpu': 0}, 2: {'cpu': 0}, 3: {'cpu': 0}, 4: {'cpu': 0}, 5: {'cpu': 0}, 6: {'cpu': 0}, 7: {'cpu': 0}}, 'link_level': {(0, 2): {'bw': 100.0}}, 'path_level': {(0, 2): {}}}",[],-inf,-inf,True,False,False,0,[],0,0.0,8.0,1.0
90,16,4,1091.0,2849.0,447964.5453851963,1256636.2363991784,0.38294138294138297,0.35647909268382544,37,156,1,2260.0,8747,4801,3946,0.02892394822006472,0.15701773125400553,89,261.0745996455074,2260.0,2,1,False,"{0: np.int64(55), 1: np.int64(30)}","{(0, 1): []}","{(0, np.int64(55)): {'cpu': 12}, (1, np.int64(30)): {'cpu': 6}}",{},0.0,0.0,36.0,18.0,33.0,0.0,0.0,0.0,0.0,0.0,0.0,0.0,0.0,0.0,Route Failure,100.0,"{'node_level': {}, 'link_level': {}, 'path_level': {}}","{'node_level': {0: {'cpu': -60}, 1: {'cpu': -49}}, 'link_level': {(0, 1): {'bw': 100.0}}, 'path_level': {(0, 1): {}}}","{'node_level': {0: {'cpu': 0}, 1: {'cpu': 0}}, 'link_level': {(0, 1): {'bw': 100.0}}, 'path_level': {(0, 1): {}}}",[],-inf,-inf,True,False,False,0,[],0,0.0,2.0,1.0
90,16,3,1091.0,2849.0,447964.5453851963,1256636.2363991784,0.38294138294138297,0.35647909268382544,37,157,0,2278.8613518722086,9297,4853,4444,0.018406148867313954,0.050630207220679346,87,71.86135187220862,2207.0,3,3,False,{},{},{},{},0.0,0.0,0.0,0.0,0.0,0.0,0.0,0.0,0.0,0.0,0.0,0.0,0.0,0.0,Leave Event,0.0,"{'node_level': {}, 'link_level': {}, 'path_level': {}}","{'node_level': {}, 'link_level': {}, 'path_level': {}}","{'node_level': {}, 'link_level': {}, 'path_level': {}}",[],-inf,-inf,True,True,False,0,[],0,0.0,,
91,16,3,1091.0,2849.0,447964.5453851963,1256636.2363991784,0.38294138294138297,0.35647909268382544,37,158,1,2290.0,9297,4853,4444,0.018406148867313954,0.050630207220679346,90,1001.5902043340529,2290.0,10,24,False,"{0: np.int64(39), 1: np.int64(55), 2: np.int64(8), 3: np.int64(45), 4: np.int64(0), 5: np.int64(17), 6: np.int64(49), 7: np.int64(21), 8: np.int64(1), 9: np.int64(4)}","{(0, 1): [(np.int64(39), 23), (23, 55)], (0, 2): []}","{(0, np.int64(39)): {'cpu': 20}, (1, np.int64(55)): {'cpu': 10}, (2, np.int64(8)): {'cpu': 6}, (3, np.int64(45)): {'cpu': 0}, (4, np.int64(0)): {'cpu': 3}, (5, np.int64(17)): {'cpu': 16}, (6, np.int64(49)): {'cpu': 10}, (7, np.int64(21)): {'cpu': 9}, (8, np.int64(1)): {'cpu': 1}, (9, np.int64(4)): {'cpu': 1}}","{((0, 1), (np.int64(39), 23)): {'bw': 16}, ((0, 1), (23, 55)): {'bw': 16}}",0.0,0.0,152.0,76.0,448.0,0.0,0.0,0.0,0.0,0.0,0.0,0.0,0.0,0.0,Route Failure,100.0,"{'node_level': {}, 'link_level': {}, 'path_level': {}}","{'node_level': {0: {'cpu': -33}, 1: {'cpu': -62}, 2: {'cpu': -83}, 3: {'cpu': -67}, 4: {'cpu': -93}, 5: {'cpu': -37}, 6: {'cpu': -49}, 7: {'cpu': -50}, 8: {'cpu': -54}, 9: {'cpu': -72}}, 'link_level': {(0, 1): {'bw': -34}, (0, 2): {'bw': 100.0}}, 'path_level': {(0, 1): {}, (0, 2): {}}}","{'node_level': {0: {'cpu': 0}, 1: {'cpu': 0}, 2: {'cpu': 0}, 3: {'cpu': 0}, 4: {'cpu': 0}, 5: {'cpu': 0}, 6: {'cpu': 0}, 7: {'cpu': 0}, 8: {'cpu': 0}, 9: {'cpu': 0}}, 'link_level': {(0, 1): {'bw': 0}, (0, 2): {'bw': 100.0}}, 'path_level': {(0, 1): {}, (0, 2): {}}}",[],-inf,-inf,True,False,False,0,[],0,0.0,10.0,2.0
91,16,3,1091.0,2849.0,447964.5453851963,1256636.2363991784,0.38294138294138297,0.35647909268382544,37,159,0,2290.4446127162682,9297,4853,4444,0.018406148867313954,0.050630207220679346,55,880.4446127162681,1410.0,7,7,False,{},{},{},{},0.0,0.0,0.0,0.0,0.0,0.0,0.0,0.0,0.0,0.0,0.0,0.0,0.0,0.0,Leave Event,0.0,"{'node_level': {}, 'link_level': {}, 'path_level': {}}","{'node_level': {}, 'link_level': {}, 'path_level': {}}","{'node_level': {}, 'link_level': {}, 'path_level': {}}",[],-inf,-inf,True,True,False,0,[],0,0.0,,
91,16,3,1091.0,2849.0,447964.5453851963,1256636.2363991784,0.38294138294138297,0.35647909268382544,37,160,0,2296.1099966482893,9297,4853,4444,0.018406148867313954,0.050630207220679346,59,785.1099966482894,1511.0,6,9,False,{},{},{},{},0.0,0.0,0.0,0.0,0.0,0.0,0.0,0.0,0.0,0.0,0.0,0.0,0.0,0.0,Leave Event,0.0,"{'node_level': {}, 'link_level': {}, 'path_level': {}}","{'node_level': {}, 'link_level': {}, 'path_level': {}}","{'node_level': {}, 'link_level': {}, 'path_level': {}}",[],-inf,-inf,True,True,False,0,[],0,0.0,,
91,16,3,1091.0,2849.0,447964.5453851963,1256636.2363991784,0.38294138294138297,0.35647909268382544,37,161,0,2300.4572189796663,9297,4853,4444,0.018406148867313954,0.050630207220679346,77,351.4572189796665,1949.0,6,8,False,{},{},{},{},0.0,0.0,0.0,0.0,0.0,0.0,0.0,0.0,0.0,0.0,0.0,0.0,0.0,0.0,Leave Event,0.0,"{'node_level': {}, 'link_level': {}, 'path_level': {}}","{'node_level': {}, 'link_level': {}, 'path_level': {}}","{'node_level': {}, 'link_level': {}, 'path_level': {}}",[],-inf,-inf,True,True,False,0,[],0,0.0,,
92,16,3,1091.0,2849.0,447964.5453851963,1256636.2363991784,0.38294138294138297,0.35647909268382544,37,162,1,2308.0,9297,4853,4444,0.018406148867313954,0.050630207220679346,91,655.0655711361453,2308.0,9,22,False,"{0: np.int64(41), 1: np.int64(24), 2: np.int64(33), 3: np.int64(12), 4: np.int64(54), 5: np.int64(53), 6: np.int64(15), 7: np.int64(11), 8: np.int64(21)}","{(0, 1): [(np.int64(41), 25), (25, 12), (12, 5), (5, 11), (11, 24)], (0, 3): []}","{(0, np.int64(41)): {'cpu': 15}, (1, np.int64(24)): {'cpu': 8}, (2, np.int64(33)): {'cpu': 16}, (3, np.int64(12)): {'cpu': 13}, (4, np.int64(54)): {'cpu': 18}, (5, np.int64(53)): {'cpu': 13}, (6, np.int64(15)): {'cpu': 9}, (7, np.int64(11)): {'cpu': 9}, (8, np.int64(21)): {'cpu': 0}}","{((0, 1), (np.int64(41), 25)): {'bw': 24}, ((0, 1), (25, 12)): {'bw': 24}, ((0, 1), (12, 5)): {'bw': 24}, ((0, 1), (5, 11)): {'bw': 24}, ((0, 1), (11, 24)): {'bw': 24}}",0.0,0.0,202.0,101.0,679.0,0.0,0.0,0.0,0.0,0.0,0.0,0.0,0.0,0.0,Route Failure,100.0,"{'node_level': {}, 'link_level': {}, 'path_level': {}}","{'node_level': {0: {'cpu': -47}, 1: {'cpu': -44}, 2: {'cpu': -76}, 3: {'cpu': -73}, 4: {'cpu': -62}, 5: {'cpu': -87}, 6: {'cpu': -79}, 7: {'cpu': -81}, 8: {'cpu': -59}}, 'link_level': {(0, 1): {'bw': -18}, (0, 3): {'bw': 100.0}}, 'path_level': {(0, 1): {}, (0, 3): {}}}","{'node_level': {0: {'cpu': 0}, 1: {'cpu': 0}, 2: {'cpu': 0}, 3: {'cpu': 0}, 4: {'cpu': 0}, 5: {'cpu': 0}, 6: {'cpu': 0}, 7: {'cpu': 0}, 8: {'cpu': 0}}, 'link_level': {(0, 1): {'bw': 0}, (0, 3): {'bw': 100.0}}, 'path_level': {(0, 1): {}, (0, 3): {}}}",[],-inf,-inf,True,False,False,0,[],0,0.0,9.0,2.0
93,16,3,1091.0,2849.0,447964.5453851963,1256636.2363991784,0.38294138294138297,0.35647909268382544,37,163,1,2322.0,9297,4853,4444,0.018406148867313954,0.050630207220679346,92,453.7934563751934,2322.0,7,12,False,"{0: np.int64(31), 1: np.int64(58), 2: np.int64(24), 3: np.int64(38), 4: np.int64(20), 5: np.int64(2), 6: np.int64(16)}","{(0, 2): [(np.int64(31), 15), (15, 7), (7, 3), (3, 1), (1, 0), (0, 2), (2, 5), (5, 11), (11, 24)], (0, 3): []}","{(0, np.int64(31)): {'cpu': 5}, (1, np.int64(58)): {'cpu': 17}, (2, np.int64(24)): {'cpu': 1}, (3, np.int64(38)): {'cpu': 8}, (4, np.int64(20)): {'cpu': 2}, (5, np.int64(2)): {'cpu': 16}, (6, np.int64(16)): {'cpu': 16}}","{((0, 2), (np.int64(31), 15)): {'bw': 41}, ((0, 2), (15, 7)): {'bw': 41}, ((0, 2), (7, 3)): {'bw': 41}, ((0, 2), (3, 1)): {'bw': 41}, ((0, 2), (1, 0)): {'bw': 41}, ((0, 2), (0, 2)): {'bw': 41}, ((0, 2), (2, 5)): {'bw': 41}, ((0, 2), (5, 11)): {'bw': 41}, ((0, 2), (11, 24)): {'bw': 41}}",0.0,0.0,130.0,65.0,353.0,0.0,0.0,0.0,0.0,0.0,0.0,0.0,0.0,0.0,Route Failure,100.0,"{'node_level': {}, 'link_level': {}, 'path_level': {}}","{'node_level': {0: {'cpu': -77}, 1: {'cpu': -56}, 2: {'cpu': -51}, 3: {'cpu': -70}, 4: {'cpu': -69}, 5: {'cpu': -35}, 6: {'cpu': -76}}, 'link_level': {(0, 2): {'bw': -16}, (0, 3): {'bw': 100.0}}, 'path_level': {(0, 2): {}, (0, 3): {}}}","{'node_level': {0: {'cpu': 0}, 1: {'cpu': 0}, 2: {'cpu': 0}, 3: {'cpu': 0}, 4: {'cpu': 0}, 5: {'cpu': 0}, 6: {'cpu': 0}}, 'link_level': {(0, 2): {'bw': 0}, (0, 3): {'bw': 100.0}}, 'path_level': {(0, 2): {}, (0, 3): {}}}",[],-inf,-inf,True,False,False,0,[],0,0.0,7.0,2.0
94,16,3,1091.0,2849.0,447964.5453851963,1256636.2363991784,0.38294138294138297,0.35647909268382544,37,164,1,2352.0,9297,4853,4444,0.018406148867313954,0.050630207220679346,93,844.1496247042616,2352.0,9,15,False,"{0: np.int64(29), 1: np.int64(44), 2: np.int64(19), 3: np.int64(10), 4: np.int64(8), 5: np.int64(54), 6: np.int64(59), 7: np.int64(61), 8: np.int64(4)}","{(0, 3): []}","{(0, np.int64(29)): {'cpu': 4}, (1, np.int64(44)): {'cpu': 17}, (2, np.int64(19)): {'cpu': 13}, (3, np.int64(10)): {'cpu': 6}, (4, np.int64(8)): {'cpu': 4}, (5, np.int64(54)): {'cpu': 11}, (6, np.int64(59)): {'cpu': 16}, (7, np.int64(61)): {'cpu': 10}, (8, np.int64(4)): {'cpu': 17}}",{},0.0,0.0,196.0,98.0,460.0,0.0,0.0,0.0,0.0,0.0,0.0,0.0,0.0,0.0,Route Failure,100.0,"{'node_level': {}, 'link_level': {}, 'path_level': {}}","{'node_level': {0: {'cpu': -46}, 1: {'cpu': -83}, 2: {'cpu': -58}, 3: {'cpu': -74}, 4: {'cpu': -85}, 5: {'cpu': -69}, 6: {'cpu': -71}, 7: {'cpu': -79}, 8: {'cpu': -56}}, 'link_level': {(0, 3): {'bw': 100.0}}, 'path_level': {(0, 3): {}}}","{'node_level': {0: {'cpu': 0}, 1: {'cpu': 0}, 2: {'cpu': 0}, 3: {'cpu': 0}, 4: {'cpu': 0}, 5: {'cpu': 0}, 6: {'cpu': 0}, 7: {'cpu': 0}, 8: {'cpu': 0}}, 'link_level': {(0, 3): {'bw': 100.0}}, 'path_level': {(0, 3): {}}}",[],-inf,-inf,True,False,False,0,[],0,0.0,9.0,1.0
94,16,2,1091.0,2849.0,447964.5453851963,1256636.2363991784,0.38294138294138297,0.35647909268382544,37,165,0,2360.654852250888,9399,4871,4528,0.014765372168284774,0.03268532364879295,86,183.65485225088776,2177.0,3,2,False,{},{},{},{},0.0,0.0,0.0,0.0,0.0,0.0,0.0,0.0,0.0,0.0,0.0,0.0,0.0,0.0,Leave Event,0.0,"{'node_level': {}, 'link_level': {}, 'path_level': {}}","{'node_level': {}, 'link_level': {}, 'path_level': {}}","{'node_level': {}, 'link_level': {}, 'path_level': {}}",[],-inf,-inf,True,True,False,0,[],0,0.0,,
94,16,2,1091.0,2849.0,447964.5453851963,1256636.2363991784,0.38294138294138297,0.35647909268382544,37,166,0,2361.830729663063,9399,4871,4528,0.014765372168284774,0.03268532364879295,83,256.83072966306304,2105.0,5,5,False,{},{},{},{},0.0,0.0,0.0,0.0,0.0,0.0,0.0,0.0,0.0,0.0,0.0,0.0,0.0,0.0,Leave Event,0.0,"{'node_level': {}, 'link_level': {}, 'path_level': {}}","{'node_level': {}, 'link_level': {}, 'path_level': {}}","{'node_level': {}, 'link_level': {}, 'path_level': {}}",[],-inf,-inf,True,True,False,0,[],0,0.0,,
95,16,2,1091.0,2849.0,447964.5453851963,1256636.2363991784,0.38294138294138297,0.35647909268382544,37,167,1,2373.0,9399,4871,4528,0.014765372168284774,0.03268532364879295,94,547.1957664099208,2373.0,8,14,False,"{0: np.int64(55), 1: np.int64(8), 2: np.int64(46), 3: np.int64(52), 4: np.int64(39), 5: np.int64(1), 6: np.int64(16), 7: np.int64(61)}","{(0, 1): [(np.int64(55), 23), (23, 11), (11, 5), (5, 2), (2, 0), (0, 1), (1, 3), (3, 8)], (0, 4): [(np.int64(55), 23), (23, 39)], (0, 7): []}","{(0, np.int64(55)): {'cpu': 4}, (1, np.int64(8)): {'cpu': 6}, (2, np.int64(46)): {'cpu': 6}, (3, np.int64(52)): {'cpu': 5}, (4, np.int64(39)): {'cpu': 20}, (5, np.int64(1)): {'cpu': 12}, (6, np.int64(16)): {'cpu': 3}, (7, np.int64(61)): {'cpu': 16}}","{((0, 1), (np.int64(55), 23)): {'bw': 37}, ((0, 1), (23, 11)): {'bw': 37}, ((0, 1), (11, 5)): {'bw': 37}, ((0, 1), (5, 2)): {'bw': 37}, ((0, 1), (2, 0)): {'bw': 37}, ((0, 1), (0, 1)): {'bw': 37}, ((0, 1), (1, 3)): {'bw': 37}, ((0, 1), (3, 8)): {'bw': 37}, ((0, 4), (np.int64(55), 23)): {'bw': 21}, ((0, 4), (23, 39)): {'bw': 21}}",0.0,0.0,144.0,72.0,335.0,0.0,0.0,0.0,0.0,0.0,0.0,0.0,0.0,0.0,Route Failure,100.0,"{'node_level': {}, 'link_level': {}, 'path_level': {}}","{'node_level': {0: {'cpu': -68}, 1: {'cpu': -83}, 2: {'cpu': -92}, 3: {'cpu': -68}, 4: {'cpu': -33}, 5: {'cpu': -43}, 6: {'cpu': -89}, 7: {'cpu': -73}}, 'link_level': {(0, 1): {'bw': -20}, (0, 4): {'bw': -2}, (0, 7): {'bw': 100.0}}, 'path_level': {(0, 1): {}, (0, 4): {}, (0, 7): {}}}","{'node_level': {0: {'cpu': 0}, 1: {'cpu': 0}, 2: {'cpu': 0}, 3: {'cpu': 0}, 4: {'cpu': 0}, 5: {'cpu': 0}, 6: {'cpu': 0}, 7: {'cpu': 0}}, 'link_level': {(0, 1): {'bw': 0}, (0, 4): {'bw': 0}, (0, 7): {'bw': 100.0}}, 'path_level': {(0, 1): {}, (0, 4): {}, (0, 7): {}}}",[],-inf,-inf,True,False,False,0,[],0,0.0,8.0,3.0
95,16,2,1091.0,2849.0,447964.5453851963,1256636.2363991784,0.38294138294138297,0.35647909268382544,37,168,0,2376.734613544786,9399,4871,4528,0.014765372168284774,0.03268532364879295,85,219.73461354478582,2157.0,8,12,False,{},{},{},{},0.0,0.0,0.0,0.0,0.0,0.0,0.0,0.0,0.0,0.0,0.0,0.0,0.0,0.0,Leave Event,0.0,"{'node_level': {}, 'link_level': {}, 'path_level': {}}","{'node_level': {}, 'link_level': {}, 'path_level': {}}","{'node_level': {}, 'link_level': {}, 'path_level': {}}",[],-inf,-inf,True,True,False,0,[],0,0.0,,
96,16,2,1091.0,2849.0,447964.5453851963,1256636.2363991784,0.38294138294138297,0.35647909268382544,37,169,1,2401.0,9399,4871,4528,0.014765372168284774,0.03268532364879295,95,79.78844062704222,2401.0,10,18,False,"{0: np.int64(53), 1: np.int64(55), 2: np.int64(37), 3: np.int64(35), 4: np.int64(28), 5: np.int64(30), 6: np.int64(20), 7: np.int64(21), 8: np.int64(47), 9: np.int64(6)}","{(0, 3): [(np.int64(53), 21), (21, 10), (10, 4), (4, 9), (9, 19), (19, 35)], (0, 5): []}","{(0, np.int64(53)): {'cpu': 12}, (1, np.int64(55)): {'cpu': 0}, (2, np.int64(37)): {'cpu': 13}, (3, np.int64(35)): {'cpu': 11}, (4, np.int64(28)): {'cpu': 1}, (5, np.int64(30)): {'cpu': 15}, (6, np.int64(20)): {'cpu': 17}, (7, np.int64(21)): {'cpu': 9}, (8, np.int64(47)): {'cpu': 10}, (9, np.int64(6)): {'cpu': 17}}","{((0, 3), (np.int64(53), 21)): {'bw': 39}, ((0, 3), (21, 10)): {'bw': 39}, ((0, 3), (10, 4)): {'bw': 39}, ((0, 3), (4, 9)): {'bw': 39}, ((0, 3), (9, 19)): {'bw': 39}, ((0, 3), (19, 35)): {'bw': 39}}",0.0,0.0,210.0,105.0,534.0,0.0,0.0,0.0,0.0,0.0,0.0,0.0,0.0,0.0,Route Failure,100.0,"{'node_level': {}, 'link_level': {}, 'path_level': {}}","{'node_level': {0: {'cpu': -88}, 1: {'cpu': -72}, 2: {'cpu': -82}, 3: {'cpu': -72}, 4: {'cpu': -98}, 5: {'cpu': -40}, 6: {'cpu': -54}, 7: {'cpu': -50}, 8: {'cpu': -57}, 9: {'cpu': -83}}, 'link_level': {(0, 3): {'bw': -22}, (0, 5): {'bw': 100.0}}, 'path_level': {(0, 3): {}, (0, 5): {}}}","{'node_level': {0: {'cpu': 0}, 1: {'cpu': 0}, 2: {'cpu': 0}, 3: {'cpu': 0}, 4: {'cpu': 0}, 5: {'cpu': 0}, 6: {'cpu': 0}, 7: {'cpu': 0}, 8: {'cpu': 0}, 9: {'cpu': 0}}, 'link_level': {(0, 3): {'bw': 0}, (0, 5): {'bw': 100.0}}, 'path_level': {(0, 3): {}, (0, 5): {}}}",[],-inf,-inf,True,False,False,0,[],0,0.0,10.0,2.0
96,16,2,1091.0,2849.0,447964.5453851963,1256636.2363991784,0.38294138294138297,0.35647909268382544,37,170,0,2410.8806272396346,9399,4871,4528,0.014765372168284774,0.03268532364879295,80,382.8806272396345,2028.0,8,12,False,{},{},{},{},0.0,0.0,0.0,0.0,0.0,0.0,0.0,0.0,0.0,0.0,0.0,0.0,0.0,0.0,Leave Event,0.0,"{'node_level': {}, 'link_level': {}, 'path_level': {}}","{'node_level': {}, 'link_level': {}, 'path_level': {}}","{'node_level': {}, 'link_level': {}, 'path_level': {}}",[],-inf,-inf,True,True,False,0,[],0,0.0,,
97,16,2,1091.0,2849.0,447964.5453851963,1256636.2363991784,0.38294138294138297,0.35647909268382544,37,171,1,2429.0,9399,4871,4528,0.014765372168284774,0.03268532364879295,96,484.54158432539793,2429.0,6,9,False,"{0: np.int64(8), 1: np.int64(42), 2: np.int64(51), 3: np.int64(39), 4: np.int64(38), 5: np.int64(50)}","{(0, 1): [(np.int64(8), 3), (3, 1), (1, 0), (0, 2), (2, 5), (5, 12), (12, 26), (26, 42)], (0, 2): []}","{(0, np.int64(8)): {'cpu': 13}, (1, np.int64(42)): {'cpu': 6}, (2, np.int64(51)): {'cpu': 13}, (3, np.int64(39)): {'cpu': 7}, (4, np.int64(38)): {'cpu': 11}, (5, np.int64(50)): {'cpu': 11}}","{((0, 1), (np.int64(8), 3)): {'bw': 25}, ((0, 1), (3, 1)): {'bw': 25}, ((0, 1), (1, 0)): {'bw': 25}, ((0, 1), (0, 2)): {'bw': 25}, ((0, 1), (2, 5)): {'bw': 25}, ((0, 1), (5, 12)): {'bw': 25}, ((0, 1), (12, 26)): {'bw': 25}, ((0, 1), (26, 42)): {'bw': 25}}",0.0,0.0,122.0,61.0,254.0,0.0,0.0,0.0,0.0,0.0,0.0,0.0,0.0,0.0,Route Failure,100.0,"{'node_level': {}, 'link_level': {}, 'path_level': {}}","{'node_level': {0: {'cpu': -76}, 1: {'cpu': -78}, 2: {'cpu': -49}, 3: {'cpu': -46}, 4: {'cpu': -67}, 5: {'cpu': -87}}, 'link_level': {(0, 1): {'bw': -12}, (0, 2): {'bw': 100.0}}, 'path_level': {(0, 1): {}, (0, 2): {}}}","{'node_level': {0: {'cpu': 0}, 1: {'cpu': 0}, 2: {'cpu': 0}, 3: {'cpu': 0}, 4: {'cpu': 0}, 5: {'cpu': 0}}, 'link_level': {(0, 1): {'bw': 0}, (0, 2): {'bw': 100.0}}, 'path_level': {(0, 1): {}, (0, 2): {}}}",[],-inf,-inf,True,False,False,0,[],0,0.0,6.0,2.0
97,16,2,1091.0,2849.0,447964.5453851963,1256636.2363991784,0.38294138294138297,0.35647909268382544,37,172,0,2449.5221264217234,9399,4871,4528,0.014765372168284774,0.03268532364879295,75,543.5221264217232,1906.0,4,3,False,{},{},{},{},0.0,0.0,0.0,0.0,0.0,0.0,0.0,0.0,0.0,0.0,0.0,0.0,0.0,0.0,Leave Event,0.0,"{'node_level': {}, 'link_level': {}, 'path_level': {}}","{'node_level': {}, 'link_level': {}, 'path_level': {}}","{'node_level': {}, 'link_level': {}, 'path_level': {}}",[],-inf,-inf,True,True,False,0,[],0,0.0,,
97,16,2,1091.0,2849.0,447964.5453851963,1256636.2363991784,0.38294138294138297,0.35647909268382544,37,173,0,2452.465490617315,9399,4871,4528,0.014765372168284774,0.03268532364879295,5,2308.465490617315,144.0,10,14,False,{},{},{},{},0.0,0.0,0.0,0.0,0.0,0.0,0.0,0.0,0.0,0.0,0.0,0.0,0.0,0.0,Leave Event,0.0,"{'node_level': {}, 'link_level': {}, 'path_level': {}}","{'node_level': {}, 'link_level': {}, 'path_level': {}}","{'node_level': {}, 'link_level': {}, 'path_level': {}}",[],-inf,-inf,True,True,False,0,[],0,0.0,,
98,16,2,1091.0,2849.0,447964.5453851963,1256636.2363991784,0.38294138294138297,0.35647909268382544,37,174,1,2456.0,9399,4871,4528,0.014765372168284774,0.03268532364879295,97,35.73158517797357,2456.0,6,8,False,"{0: np.int64(50), 1: np.int64(47), 2: np.int64(55), 3: np.int64(33), 4: np.int64(9), 5: np.int64(46)}","{(0, 1): [(np.int64(50), 18), (18, 8), (8, 3), (3, 7), (7, 15), (15, 47)], (0, 2): []}","{(0, np.int64(50)): {'cpu': 8}, (1, np.int64(47)): {'cpu': 10}, (2, np.int64(55)): {'cpu': 1}, (3, np.int64(33)): {'cpu': 17}, (4, np.int64(9)): {'cpu': 4}, (5, np.int64(46)): {'cpu': 5}}","{((0, 1), (np.int64(50), 18)): {'bw': 48}, ((0, 1), (18, 8)): {'bw': 48}, ((0, 1), (8, 3)): {'bw': 48}, ((0, 1), (3, 7)): {'bw': 48}, ((0, 1), (7, 15)): {'bw': 48}, ((0, 1), (15, 47)): {'bw': 48}}",0.0,0.0,90.0,45.0,268.0,0.0,0.0,0.0,0.0,0.0,0.0,0.0,0.0,0.0,Route Failure,100.0,"{'node_level': {}, 'link_level': {}, 'path_level': {}}","{'node_level': {0: {'cpu': -90}, 1: {'cpu': -57}, 2: {'cpu': -71}, 3: {'cpu': -75}, 4: {'cpu': -91}, 5: {'cpu': -93}}, 'link_level': {(0, 1): {'bw': -6}, (0, 2): {'bw': 100.0}}, 'path_level': {(0, 1): {}, (0, 2): {}}}","{'node_level': {0: {'cpu': 0}, 1: {'cpu': 0}, 2: {'cpu': 0}, 3: {'cpu': 0}, 4: {'cpu': 0}, 5: {'cpu': 0}}, 'link_level': {(0, 1): {'bw': 0}, (0, 2): {'bw': 100.0}}, 'path_level': {(0, 1): {}, (0, 2): {}}}",[],-inf,-inf,True,False,False,0,[],0,0.0,6.0,2.0
98,16,2,1091.0,2849.0,447964.5453851963,1256636.2363991784,0.38294138294138297,0.35647909268382544,37,175,0,2468.5620598022306,9399,4871,4528,0.014765372168284774,0.03268532364879295,61,903.5620598022306,1565.0,10,17,False,{},{},{},{},0.0,0.0,0.0,0.0,0.0,0.0,0.0,0.0,0.0,0.0,0.0,0.0,0.0,0.0,Leave Event,0.0,"{'node_level': {}, 'link_level': {}, 'path_level': {}}","{'node_level': {}, 'link_level': {}, 'path_level': {}}","{'node_level': {}, 'link_level': {}, 'path_level': {}}",[],-inf,-inf,True,True,False,0,[],0,0.0,,
98,16,2,1091.0,2849.0,447964.5453851963,1256636.2363991784,0.38294138294138297,0.35647909268382544,37,176,0,2474.505441334154,9399,4871,4528,0.014765372168284774,0.03268532364879295,28,1782.5054413341543,692.0,9,16,False,{},{},{},{},0.0,0.0,0.0,0.0,0.0,0.0,0.0,0.0,0.0,0.0,0.0,0.0,0.0,0.0,Leave Event,0.0,"{'node_level': {}, 'link_level': {}, 'path_level': {}}","{'node_level': {}, 'link_level': {}, 'path_level': {}}","{'node_level': {}, 'link_level': {}, 'path_level': {}}",[],-inf,-inf,True,True,False,0,[],0,0.0,,
99,17,3,1131.0,2889.0,493861.7199976936,1302533.4110116758,0.39148494288681207,0.3791547424600125,37,177,1,2475.0,9359,4852,4507,0.01860841423948223,0.037171544541764634,98,1147.4293653124332,2475.0,2,1,True,"{0: np.int64(1), 1: np.int64(3)}","{(0, 1): [(np.int64(1), 3)]}","{(0, np.int64(1)): {'cpu': 0}, (1, np.int64(3)): {'cpu': 19}}","{((0, 1), (np.int64(1), 3)): {'bw': 21}}",40.0,40.0,38.0,19.0,21.0,19.0,21.0,19.0,21.0,0.0,1.0,45897.17461249733,45897.17461249733,1147.4293653124332,Success,0.0,"{'node_level': {}, 'link_level': {}, 'path_level': {}}","{'node_level': {0: {'cpu': -55}, 1: {'cpu': -71}}, 'link_level': {(0, 1): {'bw': -38}}, 'path_level': {(0, 1): {}}}","{'node_level': {0: {'cpu': 0}, 1: {'cpu': 0}}, 'link_level': {(0, 1): {'bw': 0}}, 'path_level': {(0, 1): {}}}",[],-inf,-inf,True,True,False,0,[],0,0.0,2.0,1.0
99,17,3,1131.0,2889.0,493861.7199976936,1302533.4110116758,0.39148494288681207,0.3791547424600125,37,178,0,2480.7884406270423,9359,4852,4507,0.01860841423948223,0.037171544541764634,95,79.78844062704222,2401.0,10,18,False,{},{},{},{},0.0,0.0,0.0,0.0,0.0,0.0,0.0,0.0,0.0,0.0,0.0,0.0,0.0,0.0,Leave Event,0.0,"{'node_level': {}, 'link_level': {}, 'path_level': {}}","{'node_level': {}, 'link_level': {}, 'path_level': {}}","{'node_level': {}, 'link_level': {}, 'path_level': {}}",[],-inf,-inf,True,True,False,0,[],0,0.0,,
99,17,3,1131.0,2889.0,493861.7199976936,1302533.4110116758,0.39148494288681207,0.3791547424600125,37,179,0,2491.7315851779736,9359,4852,4507,0.01860841423948223,0.037171544541764634,97,35.73158517797357,2456.0,6,8,False,{},{},{},{},0.0,0.0,0.0,0.0,0.0,0.0,0.0,0.0,0.0,0.0,0.0,0.0,0.0,0.0,Leave Event,0.0,"{'node_level': {}, 'link_level': {}, 'path_level': {}}","{'node_level': {}, 'link_level': {}, 'path_level': {}}","{'node_level': {}, 'link_level': {}, 'path_level': {}}",[],-inf,-inf,True,True,False,0,[],0,0.0,,
100,17,3,1131.0,2889.0,493861.7199976936,1302533.4110116758,0.39148494288681207,0.3791547424600125,37,180,1,2500.0,9359,4852,4507,0.01860841423948223,0.037171544541764634,99,767.6541789147016,2500.0,9,20,False,"{0: np.int64(10), 1: np.int64(12), 2: np.int64(1), 3: np.int64(15), 4: np.int64(62), 5: np.int64(57), 6: np.int64(20), 7: np.int64(30), 8: np.int64(28)}","{(0, 1): [(np.int64(10), 4), (4, 1), (1, 0), (0, 2), (2, 5), (5, 12)], (0, 4): [(np.int64(10), 4), (4, 1), (1, 0), (0, 2), (2, 6), (6, 14), (14, 30), (30, 62)], (0, 6): [(np.int64(10), 4), (4, 9), (9, 20)], (0, 7): []}","{(0, np.int64(10)): {'cpu': 2}, (1, np.int64(12)): {'cpu': 15}, (2, np.int64(1)): {'cpu': 3}, (3, np.int64(15)): {'cpu': 5}, (4, np.int64(62)): {'cpu': 2}, (5, np.int64(57)): {'cpu': 14}, (6, np.int64(20)): {'cpu': 14}, (7, np.int64(30)): {'cpu': 8}, (8, np.int64(28)): {'cpu': 19}}","{((0, 1), (np.int64(10), 4)): {'bw': 0}, ((0, 1), (4, 1)): {'bw': 0}, ((0, 1), (1, 0)): {'bw': 0}, ((0, 1), (0, 2)): {'bw': 0}, ((0, 1), (2, 5)): {'bw': 0}, ((0, 1), (5, 12)): {'bw': 0}, ((0, 4), (np.int64(10), 4)): {'bw': 17}, ((0, 4), (4, 1)): {'bw': 17}, ((0, 4), (1, 0)): {'bw': 17}, ((0, 4), (0, 2)): {'bw': 17}, ((0, 4), (2, 6)): {'bw': 17}, ((0, 4), (6, 14)): {'bw': 17}, ((0, 4), (14, 30)): {'bw': 17}, ((0, 4), (30, 62)): {'bw': 17}, ((0, 6), (np.int64(10), 4)): {'bw': 40}, ((0, 6), (4, 9)): {'bw': 40}, ((0, 6), (9, 20)): {'bw': 40}}",0.0,0.0,164.0,82.0,406.0,0.0,0.0,0.0,0.0,0.0,0.0,0.0,0.0,0.0,Route Failure,100.0,"{'node_level': {}, 'link_level': {}, 'path_level': {}}","{'node_level': {0: {'cpu': -78}, 1: {'cpu': -71}, 2: {'cpu': -52}, 3: {'cpu': -83}, 4: {'cpu': -93}, 5: {'cpu': -33}, 6: {'cpu': -57}, 7: {'cpu': -47}, 8: {'cpu': -80}}, 'link_level': {(0, 1): {'bw': -57}, (0, 4): {'bw': -23}, (0, 6): {'bw': -18}, (0, 7): {'bw': 100.0}}, 'path_level': {(0, 1): {}, (0, 4): {}, (0, 6): {}, (0, 7): {}}}","{'node_level': {0: {'cpu': 0}, 1: {'cpu': 0}, 2: {'cpu': 0}, 3: {'cpu': 0}, 4: {'cpu': 0}, 5: {'cpu': 0}, 6: {'cpu': 0}, 7: {'cpu': 0}, 8: {'cpu': 0}}, 'link_level': {(0, 1): {'bw': 0}, (0, 4): {'bw': 0}, (0, 6): {'bw': 0}, (0, 7): {'bw': 100.0}}, 'path_level': {(0, 1): {}, (0, 4): {}, (0, 6): {}, (0, 7): {}}}",[],-inf,-inf,True,False,False,0,[],0,0.0,9.0,4.0
100,17,2,1131.0,2889.0,493861.7199976936,1302533.4110116758,0.39148494288681207,0.3791547424600125,37,181,0,2501.8178264328017,9443,4870,4573,0.01496763754045305,0.023071993163853888,82,425.81782643280167,2076.0,2,1,False,{},{},{},{},0.0,0.0,0.0,0.0,0.0,0.0,0.0,0.0,0.0,0.0,0.0,0.0,0.0,0.0,Leave Event,0.0,"{'node_level': {}, 'link_level': {}, 'path_level': {}}","{'node_level': {}, 'link_level': {}, 'path_level': {}}","{'node_level': {}, 'link_level': {}, 'path_level': {}}",[],-inf,-inf,True,True,False,0,[],0,0.0,,
100,17,2,1131.0,2889.0,493861.7199976936,1302533.4110116758,0.39148494288681207,0.3791547424600125,37,182,0,2503.2310746923367,9443,4870,4573,0.01496763754045305,0.023071993163853888,79,500.23107469233696,2003.0,8,12,False,{},{},{},{},0.0,0.0,0.0,0.0,0.0,0.0,0.0,0.0,0.0,0.0,0.0,0.0,0.0,0.0,Leave Event,0.0,"{'node_level': {}, 'link_level': {}, 'path_level': {}}","{'node_level': {}, 'link_level': {}, 'path_level': {}}","{'node_level': {}, 'link_level': {}, 'path_level': {}}",[],-inf,-inf,True,True,False,0,[],0,0.0,,
100,17,2,1131.0,2889.0,493861.7199976936,1302533.4110116758,0.39148494288681207,0.3791547424600125,37,183,0,2521.0745996455075,9443,4870,4573,0.01496763754045305,0.023071993163853888,89,261.0745996455074,2260.0,2,1,False,{},{},{},{},0.0,0.0,0.0,0.0,0.0,0.0,0.0,0.0,0.0,0.0,0.0,0.0,0.0,0.0,Leave Event,0.0,"{'node_level': {}, 'link_level': {}, 'path_level': {}}","{'node_level': {}, 'link_level': {}, 'path_level': {}}","{'node_level': {}, 'link_level': {}, 'path_level': {}}",[],-inf,-inf,True,True,False,0,[],0,0.0,,
101,17,2,1131.0,2889.0,493861.7199976936,1302533.4110116758,0.39148494288681207,0.3791547424600125,37,184,1,2527.0,9443,4870,4573,0.01496763754045305,0.023071993163853888,100,1.9400780853765673,2527.0,4,3,False,"{0: np.int64(47), 1: np.int64(13), 2: np.int64(52), 3: np.int64(2)}","{(0, 1): [(np.int64(47), 15), (15, 7), (7, 3), (3, 1), (1, 0), (0, 2), (2, 6), (6, 13)], (0, 2): []}","{(0, np.int64(47)): {'cpu': 2}, (1, np.int64(13)): {'cpu': 7}, (2, np.int64(52)): {'cpu': 3}, (3, np.int64(2)): {'cpu': 1}}","{((0, 1), (np.int64(47), 15)): {'bw': 7}, ((0, 1), (15, 7)): {'bw': 7}, ((0, 1), (7, 3)): {'bw': 7}, ((0, 1), (3, 1)): {'bw': 7}, ((0, 1), (1, 0)): {'bw': 7}, ((0, 1), (0, 2)): {'bw': 7}, ((0, 1), (2, 6)): {'bw': 7}, ((0, 1), (6, 13)): {'bw': 7}}",0.0,0.0,26.0,13.0,52.0,0.0,0.0,0.0,0.0,0.0,0.0,0.0,0.0,0.0,Route Failure,100.0,"{'node_level': {}, 'link_level': {}, 'path_level': {}}","{'node_level': {0: {'cpu': -65}, 1: {'cpu': -93}, 2: {'cpu': -70}, 3: {'cpu': -50}}, 'link_level': {(0, 1): {'bw': -31}, (0, 2): {'bw': 100.0}}, 'path_level': {(0, 1): {}, (0, 2): {}}}","{'node_level': {0: {'cpu': 0}, 1: {'cpu': 0}, 2: {'cpu': 0}, 3: {'cpu': 0}}, 'link_level': {(0, 1): {'bw': 0}, (0, 2): {'bw': 100.0}}, 'path_level': {(0, 1): {}, (0, 2): {}}}",[],-inf,-inf,True,False,False,0,[],0,0.0,4.0,2.0
101,17,2,1131.0,2889.0,493861.7199976936,1302533.4110116758,0.39148494288681207,0.3791547424600125,37,185,0,2528.9400780853766,9443,4870,4573,0.01496763754045305,0.023071993163853888,100,1.9400780853765673,2527.0,4,3,False,{},{},{},{},0.0,0.0,0.0,0.0,0.0,0.0,0.0,0.0,0.0,0.0,0.0,0.0,0.0,0.0,Leave Event,0.0,"{'node_level': {}, 'link_level': {}, 'path_level': {}}","{'node_level': {}, 'link_level': {}, 'path_level': {}}","{'node_level': {}, 'link_level': {}, 'path_level': {}}",[],-inf,-inf,True,True,False,0,[],0,0.0,,
101,17,1,1131.0,2889.0,493861.7199976936,1302533.4110116758,0.39148494288681207,0.3791547424600125,37,186,0,2548.382585161792,9585,4925,4660,0.0038430420711974556,0.004486220892971571,49,1296.3825851617921,1252.0,4,4,False,{},{},{},{},0.0,0.0,0.0,0.0,0.0,0.0,0.0,0.0,0.0,0.0,0.0,0.0,0.0,0.0,Leave Event,0.0,"{'node_level': {}, 'link_level': {}, 'path_level': {}}","{'node_level': {}, 'link_level': {}, 'path_level': {}}","{'node_level': {}, 'link_level': {}, 'path_level': {}}",[],-inf,-inf,True,True,False,0,[],0,0.0,,
102,17,1,1131.0,2889.0,493861.7199976936,1302533.4110116758,0.39148494288681207,0.3791547424600125,37,187,1,2554.0,9585,4925,4660,0.0038430420711974556,0.004486220892971571,101,1355.5972642251866,2554.0,3,3,False,"{0: np.int64(34), 1: np.int64(19), 2: np.int64(47)}","{(0, 1): [(np.int64(34), 18), (18, 8), (8, 3), (3, 1), (1, 4), (4, 9), (9, 19)], (0, 2): []}","{(0, np.int64(34)): {'cpu': 16}, (1, np.int64(19)): {'cpu': 19}, (2, np.int64(47)): {'cpu': 7}}","{((0, 1), (np.int64(34), 18)): {'bw': 26}, ((0, 1), (18, 8)): {'bw': 26}, ((0, 1), (8, 3)): {'bw': 26}, ((0, 1), (3, 1)): {'bw': 26}, ((0, 1), (1, 4)): {'bw': 26}, ((0, 1), (4, 9)): {'bw': 26}, ((0, 1), (9, 19)): {'bw': 26}}",0.0,0.0,84.0,42.0,103.0,0.0,0.0,0.0,0.0,0.0,0.0,0.0,0.0,0.0,Route Failure,100.0,"{'node_level': {}, 'link_level': {}, 'path_level': {}}","{'node_level': {0: {'cpu': -79}, 1: {'cpu': -52}, 2: {'cpu': -60}}, 'link_level': {(0, 1): {'bw': -12}, (0, 2): {'bw': 100.0}}, 'path_level': {(0, 1): {}, (0, 2): {}}}","{'node_level': {0: {'cpu': 0}, 1: {'cpu': 0}, 2: {'cpu': 0}}, 'link_level': {(0, 1): {'bw': 0}, (0, 2): {'bw': 100.0}}, 'path_level': {(0, 1): {}, (0, 2): {}}}",[],-inf,-inf,True,False,False,0,[],0,0.0,3.0,2.0
102,17,1,1131.0,2889.0,493861.7199976936,1302533.4110116758,0.39148494288681207,0.3791547424600125,37,188,0,2554.8711807425198,9585,4925,4660,0.0038430420711974556,0.004486220892971571,73,684.8711807425198,1870.0,7,14,False,{},{},{},{},0.0,0.0,0.0,0.0,0.0,0.0,0.0,0.0,0.0,0.0,0.0,0.0,0.0,0.0,Leave Event,0.0,"{'node_level': {}, 'link_level': {}, 'path_level': {}}","{'node_level': {}, 'link_level': {}, 'path_level': {}}","{'node_level': {}, 'link_level': {}, 'path_level': {}}",[],-inf,-inf,True,True,False,0,[],0,0.0,,
103,17,1,1131.0,2889.0,493861.7199976936,1302533.4110116758,0.39148494288681207,0.3791547424600125,37,189,1,2575.0,9585,4925,4660,0.0038430420711974556,0.004486220892971571,102,122.8966491597611,2575.0,10,24,False,"{0: np.int64(15), 1: np.int64(34), 2: np.int64(16), 3: np.int64(27), 4: np.int64(41), 5: np.int64(57), 6: np.int64(1), 7: np.int64(8), 8: np.int64(28), 9: np.int64(38)}","{(0, 1): [(np.int64(15), 7), (7, 3), (3, 8), (8, 18), (18, 34)], (0, 2): [(np.int64(15), 7), (7, 16)], (0, 4): []}","{(0, np.int64(15)): {'cpu': 1}, (1, np.int64(34)): {'cpu': 3}, (2, np.int64(16)): {'cpu': 13}, (3, np.int64(27)): {'cpu': 11}, (4, np.int64(41)): {'cpu': 1}, (5, np.int64(57)): {'cpu': 9}, (6, np.int64(1)): {'cpu': 11}, (7, np.int64(8)): {'cpu': 17}, (8, np.int64(28)): {'cpu': 3}, (9, np.int64(38)): {'cpu': 13}}","{((0, 1), (np.int64(15), 7)): {'bw': 41}, ((0, 1), (7, 3)): {'bw': 41}, ((0, 1), (3, 8)): {'bw': 41}, ((0, 1), (8, 18)): {'bw': 41}, ((0, 1), (18, 34)): {'bw': 41}, ((0, 2), (np.int64(15), 7)): {'bw': 22}, ((0, 2), (7, 16)): {'bw': 22}}",0.0,0.0,164.0,82.0,624.0,0.0,0.0,0.0,0.0,0.0,0.0,0.0,0.0,0.0,Route Failure,100.0,"{'node_level': {}, 'link_level': {}, 'path_level': {}}","{'node_level': {0: {'cpu': -87}, 1: {'cpu': -92}, 2: {'cpu': -79}, 3: {'cpu': -47}, 4: {'cpu': -64}, 5: {'cpu': -52}, 6: {'cpu': -44}, 7: {'cpu': -72}, 8: {'cpu': -96}, 9: {'cpu': -65}}, 'link_level': {(0, 1): {'bw': -13}, (0, 2): {'bw': -26}, (0, 4): {'bw': 100.0}}, 'path_level': {(0, 1): {}, (0, 2): {}, (0, 4): {}}}","{'node_level': {0: {'cpu': 0}, 1: {'cpu': 0}, 2: {'cpu': 0}, 3: {'cpu': 0}, 4: {'cpu': 0}, 5: {'cpu': 0}, 6: {'cpu': 0}, 7: {'cpu': 0}, 8: {'cpu': 0}, 9: {'cpu': 0}}, 'link_level': {(0, 1): {'bw': 0}, (0, 2): {'bw': 0}, (0, 4): {'bw': 100.0}}, 'path_level': {(0, 1): {}, (0, 2): {}, (0, 4): {}}}",[],-inf,-inf,True,False,False,0,[],0,0.0,10.0,3.0
104,17,1,1131.0,2889.0,493861.7199976936,1302533.4110116758,0.39148494288681207,0.3791547424600125,37,190,1,2602.0,9585,4925,4660,0.0038430420711974556,0.004486220892971571,103,153.8850625113591,2602.0,10,21,False,"{0: np.int64(22), 1: np.int64(23), 2: np.int64(31), 3: np.int64(28), 4: np.int64(60), 5: np.int64(57), 6: np.int64(0), 7: np.int64(39), 8: np.int64(24), 9: np.int64(34)}","{(0, 1): [(np.int64(22), 10), (10, 4), (4, 1), (1, 0), (0, 2), (2, 5), (5, 11), (11, 23)], (0, 2): [(np.int64(22), 10), (10, 4), (4, 1), (1, 3), (3, 7), (7, 15), (15, 31)], (0, 3): []}","{(0, np.int64(22)): {'cpu': 2}, (1, np.int64(23)): {'cpu': 14}, (2, np.int64(31)): {'cpu': 8}, (3, np.int64(28)): {'cpu': 9}, (4, np.int64(60)): {'cpu': 7}, (5, np.int64(57)): {'cpu': 11}, (6, np.int64(0)): {'cpu': 1}, (7, np.int64(39)): {'cpu': 10}, (8, np.int64(24)): {'cpu': 4}, (9, np.int64(34)): {'cpu': 19}}","{((0, 1), (np.int64(22), 10)): {'bw': 45}, ((0, 1), (10, 4)): {'bw': 45}, ((0, 1), (4, 1)): {'bw': 45}, ((0, 1), (1, 0)): {'bw': 45}, ((0, 1), (0, 2)): {'bw': 45}, ((0, 1), (2, 5)): {'bw': 45}, ((0, 1), (5, 11)): {'bw': 45}, ((0, 1), (11, 23)): {'bw': 45}, ((0, 2), (np.int64(22), 10)): {'bw': 16}, ((0, 2), (10, 4)): {'bw': 16}, ((0, 2), (4, 1)): {'bw': 16}, ((0, 2), (1, 3)): {'bw': 16}, ((0, 2), (3, 7)): {'bw': 16}, ((0, 2), (7, 15)): {'bw': 16}, ((0, 2), (15, 31)): {'bw': 16}}",0.0,0.0,170.0,85.0,461.0,0.0,0.0,0.0,0.0,0.0,0.0,0.0,0.0,0.0,Route Failure,100.0,"{'node_level': {}, 'link_level': {}, 'path_level': {}}","{'node_level': {0: {'cpu': -86}, 1: {'cpu': -74}, 2: {'cpu': -74}, 3: {'cpu': -90}, 4: {'cpu': -49}, 5: {'cpu': -50}, 6: {'cpu': -95}, 7: {'cpu': -43}, 8: {'cpu': -48}, 9: {'cpu': -76}}, 'link_level': {(0, 1): {'bw': -12}, (0, 2): {'bw': -7}, (0, 3): {'bw': 100.0}}, 'path_level': {(0, 1): {}, (0, 2): {}, (0, 3): {}}}","{'node_level': {0: {'cpu': 0}, 1: {'cpu': 0}, 2: {'cpu': 0}, 3: {'cpu': 0}, 4: {'cpu': 0}, 5: {'cpu': 0}, 6: {'cpu': 0}, 7: {'cpu': 0}, 8: {'cpu': 0}, 9: {'cpu': 0}}, 'link_level': {(0, 1): {'bw': 0}, (0, 2): {'bw': 0}, (0, 3): {'bw': 100.0}}, 'path_level': {(0, 1): {}, (0, 2): {}, (0, 3): {}}}",[],-inf,-inf,True,False,False,0,[],0,0.0,10.0,3.0
105,18,2,1245.0,3331.0,615386.417284087,1773708.1145255873,0.37376163314320027,0.3469490905772194,37,191,1,2629.0,9143,4876,4267,0.013754045307443397,0.0884426404614399,104,1066.0061165473107,2629.0,3,2,True,"{0: np.int64(37), 1: np.int64(45), 2: np.int64(28)}","{(0, 2): [(np.int64(37), 21), (21, 10), (10, 4), (4, 1), (1, 0), (0, 2), (2, 6), (6, 13), (13, 28)], (1, 2): [(np.int64(45), 29), (29, 14), (14, 6), (6, 13), (13, 28)]}","{(0, np.int64(37)): {'cpu': 18}, (1, np.int64(45)): {'cpu': 12}, (2, np.int64(28)): {'cpu': 19}}","{((0, 2), (np.int64(37), 21)): {'bw': 17}, ((0, 2), (21, 10)): {'bw': 17}, ((0, 2), (10, 4)): {'bw': 17}, ((0, 2), (4, 1)): {'bw': 17}, ((0, 2), (1, 0)): {'bw': 17}, ((0, 2), (0, 2)): {'bw': 17}, ((0, 2), (2, 6)): {'bw': 17}, ((0, 2), (6, 13)): {'bw': 17}, ((0, 2), (13, 28)): {'bw': 17}, ((1, 2), (np.int64(45), 29)): {'bw': 48}, ((1, 2), (29, 14)): {'bw': 48}, ((1, 2), (14, 6)): {'bw': 48}, ((1, 2), (6, 13)): {'bw': 48}, ((1, 2), (13, 28)): {'bw': 48}}",442.0,114.0,98.0,49.0,65.0,49.0,65.0,49.0,393.0,328.0,0.2579185520361991,471174.70351391134,121524.69728639342,274.94275404161414,Success,0.0,"{'node_level': {}, 'link_level': {}, 'path_level': {}}","{'node_level': {0: {'cpu': -77}, 1: {'cpu': -55}, 2: {'cpu': -80}}, 'link_level': {(0, 2): {'bw': -40}, (1, 2): {'bw': -5}}, 'path_level': {(0, 2): {}, (1, 2): {}}}","{'node_level': {0: {'cpu': 0}, 1: {'cpu': 0}, 2: {'cpu': 0}}, 'link_level': {(0, 2): {'bw': 0}, (1, 2): {'bw': 0}}, 'path_level': {(0, 2): {}, (1, 2): {}}}",[],-inf,-inf,True,True,False,0,[],0,0.0,3.0,2.0
106,18,2,1245.0,3331.0,615386.417284087,1773708.1145255873,0.37376163314320027,0.3469490905772194,37,192,1,2649.0,9143,4876,4267,0.013754045307443397,0.0884426404614399,105,1582.1908836211958,2649.0,5,7,False,"{0: np.int64(57), 1: np.int64(42), 2: np.int64(19), 3: np.int64(14), 4: np.int64(52)}","{(0, 1): [(np.int64(57), 25), (25, 12), (12, 26), (26, 42)], (0, 2): []}","{(0, np.int64(57)): {'cpu': 9}, (1, np.int64(42)): {'cpu': 7}, (2, np.int64(19)): {'cpu': 5}, (3, np.int64(14)): {'cpu': 7}, (4, np.int64(52)): {'cpu': 19}}","{((0, 1), (np.int64(57), 25)): {'bw': 28}, ((0, 1), (25, 12)): {'bw': 28}, ((0, 1), (12, 26)): {'bw': 28}, ((0, 1), (26, 42)): {'bw': 28}}",0.0,0.0,94.0,47.0,192.0,0.0,0.0,0.0,0.0,0.0,0.0,0.0,0.0,0.0,Route Failure,100.0,"{'node_level': {}, 'link_level': {}, 'path_level': {}}","{'node_level': {0: {'cpu': -52}, 1: {'cpu': -77}, 2: {'cpu': -66}, 3: {'cpu': -87}, 4: {'cpu': -54}}, 'link_level': {(0, 1): {'bw': -31}, (0, 2): {'bw': 100.0}}, 'path_level': {(0, 1): {}, (0, 2): {}}}","{'node_level': {0: {'cpu': 0}, 1: {'cpu': 0}, 2: {'cpu': 0}, 3: {'cpu': 0}, 4: {'cpu': 0}}, 'link_level': {(0, 1): {'bw': 0}, (0, 2): {'bw': 100.0}}, 'path_level': {(0, 1): {}, (0, 2): {}}}",[],-inf,-inf,True,False,False,0,[],0,0.0,5.0,2.0
107,18,2,1245.0,3331.0,615386.417284087,1773708.1145255873,0.37376163314320027,0.3469490905772194,37,193,1,2677.0,9143,4876,4267,0.013754045307443397,0.0884426404614399,106,137.89574773889225,2677.0,3,3,False,"{0: np.int64(33), 1: np.int64(61), 2: np.int64(6)}","{(0, 1): []}","{(0, np.int64(33)): {'cpu': 15}, (1, np.int64(61)): {'cpu': 10}, (2, np.int64(6)): {'cpu': 3}}",{},0.0,0.0,56.0,28.0,75.0,0.0,0.0,0.0,0.0,0.0,0.0,0.0,0.0,0.0,Route Failure,100.0,"{'node_level': {}, 'link_level': {}, 'path_level': {}}","{'node_level': {0: {'cpu': -77}, 1: {'cpu': -79}, 2: {'cpu': -97}}, 'link_level': {(0, 1): {'bw': 100.0}}, 'path_level': {(0, 1): {}}}","{'node_level': {0: {'cpu': 0}, 1: {'cpu': 0}, 2: {'cpu': 0}}, 'link_level': {(0, 1): {'bw': 100.0}}, 'path_level': {(0, 1): {}}}",[],-inf,-inf,True,False,False,0,[],0,0.0,3.0,1.0
107,18,2,1245.0,3331.0,615386.417284087,1773708.1145255873,0.37376163314320027,0.3469490905772194,37,194,0,2697.896649159761,9143,4876,4267,0.013754045307443397,0.0884426404614399,102,122.8966491597611,2575.0,10,24,False,{},{},{},{},0.0,0.0,0.0,0.0,0.0,0.0,0.0,0.0,0.0,0.0,0.0,0.0,0.0,0.0,Leave Event,0.0,"{'node_level': {}, 'link_level': {}, 'path_level': {}}","{'node_level': {}, 'link_level': {}, 'path_level': {}}","{'node_level': {}, 'link_level': {}, 'path_level': {}}",[],-inf,-inf,True,True,False,0,[],0,0.0,,
108,18,2,1245.0,3331.0,615386.417284087,1773708.1145255873,0.37376163314320027,0.3469490905772194,37,195,1,2702.0,9143,4876,4267,0.013754045307443397,0.0884426404614399,107,337.5909301387496,2702.0,5,7,False,"{0: np.int64(33), 1: np.int64(3), 2: np.int64(62), 3: np.int64(5), 4: np.int64(48)}","{(0, 1): [(np.int64(33), 17), (17, 8), (8, 3)], (0, 2): []}","{(0, np.int64(33)): {'cpu': 6}, (1, np.int64(3)): {'cpu': 15}, (2, np.int64(62)): {'cpu': 12}, (3, np.int64(5)): {'cpu': 6}, (4, np.int64(48)): {'cpu': 18}}","{((0, 1), (np.int64(33), 17)): {'bw': 46}, ((0, 1), (17, 8)): {'bw': 46}, ((0, 1), (8, 3)): {'bw': 46}}",0.0,0.0,114.0,57.0,206.0,0.0,0.0,0.0,0.0,0.0,0.0,0.0,0.0,0.0,Route Failure,100.0,"{'node_level': {}, 'link_level': {}, 'path_level': {}}","{'node_level': {0: {'cpu': -86}, 1: {'cpu': -56}, 2: {'cpu': -83}, 3: {'cpu': -52}, 4: {'cpu': -57}}, 'link_level': {(0, 1): {'bw': -7}, (0, 2): {'bw': 100.0}}, 'path_level': {(0, 1): {}, (0, 2): {}}}","{'node_level': {0: {'cpu': 0}, 1: {'cpu': 0}, 2: {'cpu': 0}, 3: {'cpu': 0}, 4: {'cpu': 0}}, 'link_level': {(0, 1): {'bw': 0}, (0, 2): {'bw': 100.0}}, 'path_level': {(0, 1): {}, (0, 2): {}}}",[],-inf,-inf,True,False,False,0,[],0,0.0,5.0,2.0
109,18,2,1245.0,3331.0,615386.417284087,1773708.1145255873,0.37376163314320027,0.3469490905772194,37,196,1,2728.0,9143,4876,4267,0.013754045307443397,0.0884426404614399,108,674.7693311242354,2728.0,8,13,False,"{0: np.int64(60), 1: np.int64(22), 2: np.int64(36), 3: np.int64(46), 4: np.int64(16), 5: np.int64(55), 6: np.int64(47), 7: np.int64(3)}","{(0, 2): [(np.int64(60), 28), (28, 13), (13, 6), (6, 2), (2, 0), (0, 1), (1, 4), (4, 9), (9, 20), (20, 36)], (0, 3): [(np.int64(60), 28), (28, 13), (13, 6), (6, 14), (14, 30), (30, 46)], (0, 4): []}","{(0, np.int64(60)): {'cpu': 2}, (1, np.int64(22)): {'cpu': 8}, (2, np.int64(36)): {'cpu': 11}, (3, np.int64(46)): {'cpu': 10}, (4, np.int64(16)): {'cpu': 5}, (5, np.int64(55)): {'cpu': 1}, (6, np.int64(47)): {'cpu': 14}, (7, np.int64(3)): {'cpu': 2}}","{((0, 2), (np.int64(60), 28)): {'bw': 19}, ((0, 2), (28, 13)): {'bw': 19}, ((0, 2), (13, 6)): {'bw': 19}, ((0, 2), (6, 2)): {'bw': 19}, ((0, 2), (2, 0)): {'bw': 19}, ((0, 2), (0, 1)): {'bw': 19}, ((0, 2), (1, 4)): {'bw': 19}, ((0, 2), (4, 9)): {'bw': 19}, ((0, 2), (9, 20)): {'bw': 19}, ((0, 2), (20, 36)): {'bw': 19}, ((0, 3), (np.int64(60), 28)): {'bw': 1}, ((0, 3), (28, 13)): {'bw': 1}, ((0, 3), (13, 6)): {'bw': 1}, ((0, 3), (6, 14)): {'bw': 1}, ((0, 3), (14, 30)): {'bw': 1}, ((0, 3), (30, 46)): {'bw': 1}}",0.0,0.0,106.0,53.0,337.0,0.0,0.0,0.0,0.0,0.0,0.0,0.0,0.0,0.0,Route Failure,100.0,"{'node_level': {}, 'link_level': {}, 'path_level': {}}","{'node_level': {0: {'cpu': -54}, 1: {'cpu': -80}, 2: {'cpu': -71}, 3: {'cpu': -88}, 4: {'cpu': -87}, 5: {'cpu': -71}, 6: {'cpu': -53}, 7: {'cpu': -69}}, 'link_level': {(0, 2): {'bw': -3}, (0, 3): {'bw': -2}, (0, 4): {'bw': 100.0}}, 'path_level': {(0, 2): {}, (0, 3): {}, (0, 4): {}}}","{'node_level': {0: {'cpu': 0}, 1: {'cpu': 0}, 2: {'cpu': 0}, 3: {'cpu': 0}, 4: {'cpu': 0}, 5: {'cpu': 0}, 6: {'cpu': 0}, 7: {'cpu': 0}}, 'link_level': {(0, 2): {'bw': 0}, (0, 3): {'bw': 0}, (0, 4): {'bw': 100.0}}, 'path_level': {(0, 2): {}, (0, 3): {}, (0, 4): {}}}",[],-inf,-inf,True,False,False,0,[],0,0.0,8.0,3.0
110,18,2,1245.0,3331.0,615386.417284087,1773708.1145255873,0.37376163314320027,0.3469490905772194,37,197,1,2749.0,9143,4876,4267,0.013754045307443397,0.0884426404614399,109,351.59916874238695,2749.0,9,22,False,"{0: np.int64(48), 1: np.int64(18), 2: np.int64(4), 3: np.int64(47), 4: np.int64(41), 5: np.int64(42), 6: np.int64(11), 7: np.int64(9), 8: np.int64(32)}","{(0, 1): [(np.int64(48), 16), (16, 7), (7, 3), (3, 8), (8, 18)], (0, 2): [(np.int64(48), 16), (16, 7), (7, 3), (3, 1), (1, 4)], (0, 3): [(np.int64(48), 16), (16, 7), (7, 15), (15, 47)], (0, 4): []}","{(0, np.int64(48)): {'cpu': 11}, (1, np.int64(18)): {'cpu': 7}, (2, np.int64(4)): {'cpu': 10}, (3, np.int64(47)): {'cpu': 14}, (4, np.int64(41)): {'cpu': 12}, (5, np.int64(42)): {'cpu': 12}, (6, np.int64(11)): {'cpu': 0}, (7, np.int64(9)): {'cpu': 14}, (8, np.int64(32)): {'cpu': 16}}","{((0, 1), (np.int64(48), 16)): {'bw': 4}, ((0, 1), (16, 7)): {'bw': 4}, ((0, 1), (7, 3)): {'bw': 4}, ((0, 1), (3, 8)): {'bw': 4}, ((0, 1), (8, 18)): {'bw': 4}, ((0, 2), (np.int64(48), 16)): {'bw': 3}, ((0, 2), (16, 7)): {'bw': 3}, ((0, 2), (7, 3)): {'bw': 3}, ((0, 2), (3, 1)): {'bw': 3}, ((0, 2), (1, 4)): {'bw': 3}, ((0, 3), (np.int64(48), 16)): {'bw': 49}, ((0, 3), (16, 7)): {'bw': 49}, ((0, 3), (7, 15)): {'bw': 49}, ((0, 3), (15, 47)): {'bw': 49}}",0.0,0.0,192.0,96.0,467.0,0.0,0.0,0.0,0.0,0.0,0.0,0.0,0.0,0.0,Route Failure,100.0,"{'node_level': {}, 'link_level': {}, 'path_level': {}}","{'node_level': {0: {'cpu': -64}, 1: {'cpu': -43}, 2: {'cpu': -63}, 3: {'cpu': -53}, 4: {'cpu': -53}, 5: {'cpu': -72}, 6: {'cpu': -90}, 7: {'cpu': -81}, 8: {'cpu': -74}}, 'link_level': {(0, 1): {'bw': -50}, (0, 2): {'bw': -35}, (0, 3): {'bw': -7}, (0, 4): {'bw': 100.0}}, 'path_level': {(0, 1): {}, (0, 2): {}, (0, 3): {}, (0, 4): {}}}","{'node_level': {0: {'cpu': 0}, 1: {'cpu': 0}, 2: {'cpu': 0}, 3: {'cpu': 0}, 4: {'cpu': 0}, 5: {'cpu': 0}, 6: {'cpu': 0}, 7: {'cpu': 0}, 8: {'cpu': 0}}, 'link_level': {(0, 1): {'bw': 0}, (0, 2): {'bw': 0}, (0, 3): {'bw': 0}, (0, 4): {'bw': 100.0}}, 'path_level': {(0, 1): {}, (0, 2): {}, (0, 3): {}, (0, 4): {}}}",[],-inf,-inf,True,False,False,0,[],0,0.0,9.0,4.0
110,18,2,1245.0,3331.0,615386.417284087,1773708.1145255873,0.37376163314320027,0.3469490905772194,37,198,0,2755.885062511359,9143,4876,4267,0.013754045307443397,0.0884426404614399,103,153.8850625113591,2602.0,10,21,False,{},{},{},{},0.0,0.0,0.0,0.0,0.0,0.0,0.0,0.0,0.0,0.0,0.0,0.0,0.0,0.0,Leave Event,0.0,"{'node_level': {}, 'link_level': {}, 'path_level': {}}","{'node_level': {}, 'link_level': {}, 'path_level': {}}","{'node_level': {}, 'link_level': {}, 'path_level': {}}",[],-inf,-inf,True,True,False,0,[],0,0.0,,
110,18,2,1245.0,3331.0,615386.417284087,1773708.1145255873,0.37376163314320027,0.3469490905772194,37,199,0,2775.7934563751933,9143,4876,4267,0.013754045307443397,0.0884426404614399,92,453.7934563751934,2322.0,7,12,False,{},{},{},{},0.0,0.0,0.0,0.0,0.0,0.0,0.0,0.0,0.0,0.0,0.0,0.0,0.0,0.0,Leave Event,0.0,"{'node_level': {}, 'link_level': {}, 'path_level': {}}","{'node_level': {}, 'link_level': {}, 'path_level': {}}","{'node_level': {}, 'link_level': {}, 'path_level': {}}",[],-inf,-inf,True,True,False,0,[],0,0.0,,
111,18,2,1245.0,3331.0,615386.417284087,1773708.1145255873,0.37376163314320027,0.3469490905772194,37,200,1,2777.0,9143,4876,4267,0.013754045307443397,0.0884426404614399,110,16.809141243971325,2777.0,6,8,False,"{0: np.int64(16), 1: np.int64(6), 2: np.int64(22), 3: np.int64(18), 4: np.int64(15), 5: np.int64(7)}","{(0, 2): [(np.int64(16), 7), (7, 3), (3, 1), (1, 4), (4, 10), (10, 22)], (0, 3): [(np.int64(16), 7), (7, 3), (3, 8), (8, 18)], (0, 5): []}","{(0, np.int64(16)): {'cpu': 1}, (1, np.int64(6)): {'cpu': 20}, (2, np.int64(22)): {'cpu': 16}, (3, np.int64(18)): {'cpu': 14}, (4, np.int64(15)): {'cpu': 18}, (5, np.int64(7)): {'cpu': 3}}","{((0, 2), (np.int64(16), 7)): {'bw': 18}, ((0, 2), (7, 3)): {'bw': 18}, ((0, 2), (3, 1)): {'bw': 18}, ((0, 2), (1, 4)): {'bw': 18}, ((0, 2), (4, 10)): {'bw': 18}, ((0, 2), (10, 22)): {'bw': 18}, ((0, 3), (np.int64(16), 7)): {'bw': 41}, ((0, 3), (7, 3)): {'bw': 41}, ((0, 3), (3, 8)): {'bw': 41}, ((0, 3), (8, 18)): {'bw': 41}}",0.0,0.0,144.0,72.0,235.0,0.0,0.0,0.0,0.0,0.0,0.0,0.0,0.0,0.0,Route Failure,100.0,"{'node_level': {}, 'link_level': {}, 'path_level': {}}","{'node_level': {0: {'cpu': -91}, 1: {'cpu': -80}, 2: {'cpu': -72}, 3: {'cpu': -36}, 4: {'cpu': -70}, 5: {'cpu': -56}}, 'link_level': {(0, 2): {'bw': -20}, (0, 3): {'bw': -13}, (0, 5): {'bw': 100.0}}, 'path_level': {(0, 2): {}, (0, 3): {}, (0, 5): {}}}","{'node_level': {0: {'cpu': 0}, 1: {'cpu': 0}, 2: {'cpu': 0}, 3: {'cpu': 0}, 4: {'cpu': 0}, 5: {'cpu': 0}}, 'link_level': {(0, 2): {'bw': 0}, (0, 3): {'bw': 0}, (0, 5): {'bw': 100.0}}, 'path_level': {(0, 2): {}, (0, 3): {}, (0, 5): {}}}",[],-inf,-inf,True,False,False,0,[],0,0.0,6.0,3.0
111,18,2,1245.0,3331.0,615386.417284087,1773708.1145255873,0.37376163314320027,0.3469490905772194,37,201,0,2790.9072729582685,9143,4876,4267,0.013754045307443397,0.0884426404614399,69,1017.9072729582688,1773.0,10,17,False,{},{},{},{},0.0,0.0,0.0,0.0,0.0,0.0,0.0,0.0,0.0,0.0,0.0,0.0,0.0,0.0,Leave Event,0.0,"{'node_level': {}, 'link_level': {}, 'path_level': {}}","{'node_level': {}, 'link_level': {}, 'path_level': {}}","{'node_level': {}, 'link_level': {}, 'path_level': {}}",[],-inf,-inf,True,True,False,0,[],0,0.0,,
111,18,2,1245.0,3331.0,615386.417284087,1773708.1145255873,0.37376163314320027,0.3469490905772194,37,202,0,2793.809141243971,9143,4876,4267,0.013754045307443397,0.0884426404614399,110,16.809141243971325,2777.0,6,8,False,{},{},{},{},0.0,0.0,0.0,0.0,0.0,0.0,0.0,0.0,0.0,0.0,0.0,0.0,0.0,0.0,Leave Event,0.0,"{'node_level': {}, 'link_level': {}, 'path_level': {}}","{'node_level': {}, 'link_level': {}, 'path_level': {}}","{'node_level': {}, 'link_level': {}, 'path_level': {}}",[],-inf,-inf,True,True,False,0,[],0,0.0,,
112,19,3,1283.0,3420.0,619792.2403851186,1784027.0159990562,0.37514619883040934,0.34741191407240807,37,203,1,2812.0,9054,4855,4199,0.018001618122977292,0.10296945097201449,111,115.94271318504339,2812.0,2,1,True,"{0: np.int64(15), 1: np.int64(18)}","{(0, 1): [(np.int64(15), 7), (7, 3), (3, 8), (8, 18)]}","{(0, np.int64(15)): {'cpu': 9}, (1, np.int64(18)): {'cpu': 12}}","{((0, 1), (np.int64(15), 7)): {'bw': 17}, ((0, 1), (7, 3)): {'bw': 17}, ((0, 1), (3, 8)): {'bw': 17}, ((0, 1), (8, 18)): {'bw': 17}}",89.0,38.0,42.0,21.0,17.0,21.0,17.0,21.0,68.0,51.0,0.42696629213483145,10318.90147346886,4405.823101031649,49.50363034867021,Success,0.0,"{'node_level': {}, 'link_level': {}, 'path_level': {}}","{'node_level': {0: {'cpu': -79}, 1: {'cpu': -38}}, 'link_level': {(0, 1): {'bw': -37}}, 'path_level': {(0, 1): {}}}","{'node_level': {0: {'cpu': 0}, 1: {'cpu': 0}}, 'link_level': {(0, 1): {'bw': 0}}, 'path_level': {(0, 1): {}}}",[],-inf,-inf,True,True,False,0,[],0,0.0,2.0,1.0
112,19,3,1283.0,3420.0,619792.2403851186,1784027.0159990562,0.37514619883040934,0.34741191407240807,37,204,0,2814.895747738892,9054,4855,4199,0.018001618122977292,0.10296945097201449,106,137.89574773889225,2677.0,3,3,False,{},{},{},{},0.0,0.0,0.0,0.0,0.0,0.0,0.0,0.0,0.0,0.0,0.0,0.0,0.0,0.0,Leave Event,0.0,"{'node_level': {}, 'link_level': {}, 'path_level': {}}","{'node_level': {}, 'link_level': {}, 'path_level': {}}","{'node_level': {}, 'link_level': {}, 'path_level': {}}",[],-inf,-inf,True,True,False,0,[],0,0.0,,
113,19,3,1283.0,3420.0,619792.2403851186,1784027.0159990562,0.37514619883040934,0.34741191407240807,37,205,1,2827.0,9054,4855,4199,0.018001618122977292,0.10296945097201449,112,919.5963277737009,2827.0,9,19,False,"{0: np.int64(38), 1: np.int64(40), 2: np.int64(26), 3: np.int64(62), 4: np.int64(7), 5: np.int64(17), 6: np.int64(58), 7: np.int64(3), 8: np.int64(10)}","{(0, 2): [(np.int64(38), 22), (22, 10), (10, 4), (4, 1), (1, 0), (0, 2), (2, 5), (5, 12), (12, 26)], (0, 5): []}","{(0, np.int64(38)): {'cpu': 13}, (1, np.int64(40)): {'cpu': 17}, (2, np.int64(26)): {'cpu': 20}, (3, np.int64(62)): {'cpu': 11}, (4, np.int64(7)): {'cpu': 19}, (5, np.int64(17)): {'cpu': 16}, (6, np.int64(58)): {'cpu': 2}, (7, np.int64(3)): {'cpu': 0}, (8, np.int64(10)): {'cpu': 2}}","{((0, 2), (np.int64(38), 22)): {'bw': 16}, ((0, 2), (22, 10)): {'bw': 16}, ((0, 2), (10, 4)): {'bw': 16}, ((0, 2), (4, 1)): {'bw': 16}, ((0, 2), (1, 0)): {'bw': 16}, ((0, 2), (0, 2)): {'bw': 16}, ((0, 2), (2, 5)): {'bw': 16}, ((0, 2), (5, 12)): {'bw': 16}, ((0, 2), (12, 26)): {'bw': 16}}",0.0,0.0,200.0,100.0,479.0,0.0,0.0,0.0,0.0,0.0,0.0,0.0,0.0,0.0,Route Failure,100.0,"{'node_level': {}, 'link_level': {}, 'path_level': {}}","{'node_level': {0: {'cpu': -65}, 1: {'cpu': -83}, 2: {'cpu': -60}, 3: {'cpu': -84}, 4: {'cpu': -40}, 5: {'cpu': -37}, 6: {'cpu': -71}, 7: {'cpu': -71}, 8: {'cpu': -78}}, 'link_level': {(0, 2): {'bw': -24}, (0, 5): {'bw': 100.0}}, 'path_level': {(0, 2): {}, (0, 5): {}}}","{'node_level': {0: {'cpu': 0}, 1: {'cpu': 0}, 2: {'cpu': 0}, 3: {'cpu': 0}, 4: {'cpu': 0}, 5: {'cpu': 0}, 6: {'cpu': 0}, 7: {'cpu': 0}, 8: {'cpu': 0}}, 'link_level': {(0, 2): {'bw': 0}, (0, 5): {'bw': 100.0}}, 'path_level': {(0, 2): {}, (0, 5): {}}}",[],-inf,-inf,True,False,False,0,[],0,0.0,9.0,2.0
113,19,3,1283.0,3420.0,619792.2403851186,1784027.0159990562,0.37514619883040934,0.34741191407240807,37,206,0,2829.923148034806,9054,4855,4199,0.018001618122977292,0.10296945097201449,19,2336.923148034806,493.0,7,12,False,{},{},{},{},0.0,0.0,0.0,0.0,0.0,0.0,0.0,0.0,0.0,0.0,0.0,0.0,0.0,0.0,Leave Event,0.0,"{'node_level': {}, 'link_level': {}, 'path_level': {}}","{'node_level': {}, 'link_level': {}, 'path_level': {}}","{'node_level': {}, 'link_level': {}, 'path_level': {}}",[],-inf,-inf,True,True,False,0,[],0,0.0,,
114,19,3,1283.0,3420.0,619792.2403851186,1784027.0159990562,0.37514619883040934,0.34741191407240807,37,207,1,2846.0,9054,4855,4199,0.018001618122977292,0.10296945097201449,113,936.0280335191845,2846.0,5,7,False,"{0: np.int64(4), 1: np.int64(45), 2: np.int64(37), 3: np.int64(42), 4: np.int64(18)}","{(0, 1): [(np.int64(4), 1), (1, 0), (0, 2), (2, 6), (6, 14), (14, 29), (29, 45)], (0, 2): [(np.int64(4), 10), (10, 21), (21, 37)], (0, 3): []}","{(0, np.int64(4)): {'cpu': 14}, (1, np.int64(45)): {'cpu': 9}, (2, np.int64(37)): {'cpu': 14}, (3, np.int64(42)): {'cpu': 5}, (4, np.int64(18)): {'cpu': 10}}","{((0, 1), (np.int64(4), 1)): {'bw': 3}, ((0, 1), (1, 0)): {'bw': 3}, ((0, 1), (0, 2)): {'bw': 3}, ((0, 1), (2, 6)): {'bw': 3}, ((0, 1), (6, 14)): {'bw': 3}, ((0, 1), (14, 29)): {'bw': 3}, ((0, 1), (29, 45)): {'bw': 3}, ((0, 2), (np.int64(4), 10)): {'bw': 23}, ((0, 2), (10, 21)): {'bw': 23}, ((0, 2), (21, 37)): {'bw': 23}}",0.0,0.0,104.0,52.0,164.0,0.0,0.0,0.0,0.0,0.0,0.0,0.0,0.0,0.0,Route Failure,100.0,"{'node_level': {}, 'link_level': {}, 'path_level': {}}","{'node_level': {0: {'cpu': -59}, 1: {'cpu': -46}, 2: {'cpu': -63}, 3: {'cpu': -79}, 4: {'cpu': -28}}, 'link_level': {(0, 1): {'bw': -2}, (0, 2): {'bw': -37}, (0, 3): {'bw': 100.0}}, 'path_level': {(0, 1): {}, (0, 2): {}, (0, 3): {}}}","{'node_level': {0: {'cpu': 0}, 1: {'cpu': 0}, 2: {'cpu': 0}, 3: {'cpu': 0}, 4: {'cpu': 0}}, 'link_level': {(0, 1): {'bw': 0}, (0, 2): {'bw': 0}, (0, 3): {'bw': 100.0}}, 'path_level': {(0, 1): {}, (0, 2): {}, (0, 3): {}}}",[],-inf,-inf,True,False,False,0,[],0,0.0,5.0,3.0
115,19,3,1283.0,3420.0,619792.2403851186,1784027.0159990562,0.37514619883040934,0.34741191407240807,37,208,1,2879.0,9054,4855,4199,0.018001618122977292,0.10296945097201449,114,1844.0390672449375,2879.0,9,14,False,"{0: np.int64(60), 1: np.int64(12), 2: np.int64(20), 3: np.int64(13), 4: np.int64(44), 5: np.int64(2), 6: np.int64(25), 7: np.int64(10), 8: np.int64(5)}","{(0, 6): []}","{(0, np.int64(60)): {'cpu': 7}, (1, np.int64(12)): {'cpu': 5}, (2, np.int64(20)): {'cpu': 2}, (3, np.int64(13)): {'cpu': 16}, (4, np.int64(44)): {'cpu': 7}, (5, np.int64(2)): {'cpu': 1}, (6, np.int64(25)): {'cpu': 14}, (7, np.int64(10)): {'cpu': 20}, (8, np.int64(5)): {'cpu': 12}}",{},0.0,0.0,168.0,84.0,381.0,0.0,0.0,0.0,0.0,0.0,0.0,0.0,0.0,0.0,Route Failure,100.0,"{'node_level': {}, 'link_level': {}, 'path_level': {}}","{'node_level': {0: {'cpu': -49}, 1: {'cpu': -81}, 2: {'cpu': -69}, 3: {'cpu': -84}, 4: {'cpu': -93}, 5: {'cpu': -50}, 6: {'cpu': -82}, 7: {'cpu': -60}, 8: {'cpu': -46}}, 'link_level': {(0, 6): {'bw': 100.0}}, 'path_level': {(0, 6): {}}}","{'node_level': {0: {'cpu': 0}, 1: {'cpu': 0}, 2: {'cpu': 0}, 3: {'cpu': 0}, 4: {'cpu': 0}, 5: {'cpu': 0}, 6: {'cpu': 0}, 7: {'cpu': 0}, 8: {'cpu': 0}}, 'link_level': {(0, 6): {'bw': 100.0}}, 'path_level': {(0, 6): {}}}",[],-inf,-inf,True,False,False,0,[],0,0.0,9.0,1.0
116,19,3,1283.0,3420.0,619792.2403851186,1784027.0159990562,0.37514619883040934,0.34741191407240807,37,209,1,2908.0,9054,4855,4199,0.018001618122977292,0.10296945097201449,115,123.05620875722191,2908.0,8,15,False,"{0: np.int64(53), 1: np.int64(14), 2: np.int64(12), 3: np.int64(15), 4: np.int64(48), 5: np.int64(62), 6: np.int64(20), 7: np.int64(0)}","{(0, 2): [(np.int64(53), 21), (21, 10), (10, 4), (4, 1), (1, 0), (0, 2), (2, 5), (5, 12)], (0, 5): []}","{(0, np.int64(53)): {'cpu': 0}, (1, np.int64(14)): {'cpu': 19}, (2, np.int64(12)): {'cpu': 14}, (3, np.int64(15)): {'cpu': 17}, (4, np.int64(48)): {'cpu': 19}, (5, np.int64(62)): {'cpu': 16}, (6, np.int64(20)): {'cpu': 20}, (7, np.int64(0)): {'cpu': 10}}","{((0, 2), (np.int64(53), 21)): {'bw': 32}, ((0, 2), (21, 10)): {'bw': 32}, ((0, 2), (10, 4)): {'bw': 32}, ((0, 2), (4, 1)): {'bw': 32}, ((0, 2), (1, 0)): {'bw': 32}, ((0, 2), (0, 2)): {'bw': 32}, ((0, 2), (2, 5)): {'bw': 32}, ((0, 2), (5, 12)): {'bw': 32}}",0.0,0.0,230.0,115.0,438.0,0.0,0.0,0.0,0.0,0.0,0.0,0.0,0.0,0.0,Route Failure,100.0,"{'node_level': {}, 'link_level': {}, 'path_level': {}}","{'node_level': {0: {'cpu': -100}, 1: {'cpu': -75}, 2: {'cpu': -72}, 3: {'cpu': -62}, 4: {'cpu': -56}, 5: {'cpu': -79}, 6: {'cpu': -51}, 7: {'cpu': -86}}, 'link_level': {(0, 2): {'bw': -8}, (0, 5): {'bw': 100.0}}, 'path_level': {(0, 2): {}, (0, 5): {}}}","{'node_level': {0: {'cpu': 0}, 1: {'cpu': 0}, 2: {'cpu': 0}, 3: {'cpu': 0}, 4: {'cpu': 0}, 5: {'cpu': 0}, 6: {'cpu': 0}, 7: {'cpu': 0}}, 'link_level': {(0, 2): {'bw': 0}, (0, 5): {'bw': 100.0}}, 'path_level': {(0, 2): {}, (0, 5): {}}}",[],-inf,-inf,True,False,False,0,[],0,0.0,8.0,2.0
116,19,3,1283.0,3420.0,619792.2403851186,1784027.0159990562,0.37514619883040934,0.34741191407240807,37,210,0,2913.5415843253977,9054,4855,4199,0.018001618122977292,0.10296945097201449,96,484.54158432539793,2429.0,6,9,False,{},{},{},{},0.0,0.0,0.0,0.0,0.0,0.0,0.0,0.0,0.0,0.0,0.0,0.0,0.0,0.0,Leave Event,0.0,"{'node_level': {}, 'link_level': {}, 'path_level': {}}","{'node_level': {}, 'link_level': {}, 'path_level': {}}","{'node_level': {}, 'link_level': {}, 'path_level': {}}",[],-inf,-inf,True,True,False,0,[],0,0.0,,
116,19,3,1283.0,3420.0,619792.2403851186,1784027.0159990562,0.37514619883040934,0.34741191407240807,37,211,0,2920.195766409921,9054,4855,4199,0.018001618122977292,0.10296945097201449,94,547.1957664099208,2373.0,8,14,False,{},{},{},{},0.0,0.0,0.0,0.0,0.0,0.0,0.0,0.0,0.0,0.0,0.0,0.0,0.0,0.0,Leave Event,0.0,"{'node_level': {}, 'link_level': {}, 'path_level': {}}","{'node_level': {}, 'link_level': {}, 'path_level': {}}","{'node_level': {}, 'link_level': {}, 'path_level': {}}",[],-inf,-inf,True,True,False,0,[],0,0.0,,
116,19,3,1283.0,3420.0,619792.2403851186,1784027.0159990562,0.37514619883040934,0.34741191407240807,37,212,0,2923.9766323048348,9054,4855,4199,0.018001618122977292,0.10296945097201449,84,799.9766323048347,2124.0,7,10,False,{},{},{},{},0.0,0.0,0.0,0.0,0.0,0.0,0.0,0.0,0.0,0.0,0.0,0.0,0.0,0.0,Leave Event,0.0,"{'node_level': {}, 'link_level': {}, 'path_level': {}}","{'node_level': {}, 'link_level': {}, 'path_level': {}}","{'node_level': {}, 'link_level': {}, 'path_level': {}}",[],-inf,-inf,True,True,False,0,[],0,0.0,,
116,19,2,1283.0,3420.0,619792.2403851186,1784027.0159990562,0.37514619883040934,0.34741191407240807,37,213,0,2927.9427131850434,9143,4876,4267,0.013754045307443397,0.0884426404614399,111,115.94271318504339,2812.0,2,1,False,{},{},{},{},0.0,0.0,0.0,0.0,0.0,0.0,0.0,0.0,0.0,0.0,0.0,0.0,0.0,0.0,Leave Event,0.0,"{'node_level': {}, 'link_level': {}, 'path_level': {}}","{'node_level': {}, 'link_level': {}, 'path_level': {}}","{'node_level': {}, 'link_level': {}, 'path_level': {}}",[],-inf,-inf,True,True,False,0,[],0,0.0,,
117,19,2,1283.0,3420.0,619792.2403851186,1784027.0159990562,0.37514619883040934,0.34741191407240807,37,214,1,2928.0,9143,4876,4267,0.013754045307443397,0.0884426404614399,116,1682.3641440148501,2928.0,8,12,False,"{0: np.int64(55), 1: np.int64(51), 2: np.int64(35), 3: np.int64(26), 4: np.int64(20), 5: np.int64(1), 6: np.int64(45), 7: np.int64(17)}","{(0, 3): [(np.int64(55), 23), (23, 11), (11, 5), (5, 12), (12, 26)], (0, 5): []}","{(0, np.int64(55)): {'cpu': 13}, (1, np.int64(51)): {'cpu': 20}, (2, np.int64(35)): {'cpu': 0}, (3, np.int64(26)): {'cpu': 13}, (4, np.int64(20)): {'cpu': 20}, (5, np.int64(1)): {'cpu': 16}, (6, np.int64(45)): {'cpu': 14}, (7, np.int64(17)): {'cpu': 8}}","{((0, 3), (np.int64(55), 23)): {'bw': 25}, ((0, 3), (23, 11)): {'bw': 25}, ((0, 3), (11, 5)): {'bw': 25}, ((0, 3), (5, 12)): {'bw': 25}, ((0, 3), (12, 26)): {'bw': 25}}",0.0,0.0,208.0,104.0,271.0,0.0,0.0,0.0,0.0,0.0,0.0,0.0,0.0,0.0,Route Failure,100.0,"{'node_level': {}, 'link_level': {}, 'path_level': {}}","{'node_level': {0: {'cpu': -59}, 1: {'cpu': -42}, 2: {'cpu': -83}, 3: {'cpu': -67}, 4: {'cpu': -51}, 5: {'cpu': -39}, 6: {'cpu': -41}, 7: {'cpu': -45}}, 'link_level': {(0, 3): {'bw': -33}, (0, 5): {'bw': 100.0}}, 'path_level': {(0, 3): {}, (0, 5): {}}}","{'node_level': {0: {'cpu': 0}, 1: {'cpu': 0}, 2: {'cpu': 0}, 3: {'cpu': 0}, 4: {'cpu': 0}, 5: {'cpu': 0}, 6: {'cpu': 0}, 7: {'cpu': 0}}, 'link_level': {(0, 3): {'bw': 0}, (0, 5): {'bw': 100.0}}, 'path_level': {(0, 3): {}, (0, 5): {}}}",[],-inf,-inf,True,False,False,0,[],0,0.0,8.0,2.0
118,19,2,1283.0,3420.0,619792.2403851186,1784027.0159990562,0.37514619883040934,0.34741191407240807,37,215,1,2956.0,9143,4876,4267,0.013754045307443397,0.0884426404614399,117,417.9087198355353,2956.0,5,10,False,"{0: np.int64(26), 1: np.int64(0), 2: np.int64(12), 3: np.int64(48), 4: np.int64(34)}","{(0, 1): [(np.int64(26), 12), (12, 5), (5, 2), (2, 0)], (0, 2): [(np.int64(26), 12)], (0, 3): []}","{(0, np.int64(26)): {'cpu': 5}, (1, np.int64(0)): {'cpu': 14}, (2, np.int64(12)): {'cpu': 19}, (3, np.int64(48)): {'cpu': 7}, (4, np.int64(34)): {'cpu': 2}}","{((0, 1), (np.int64(26), 12)): {'bw': 19}, ((0, 1), (12, 5)): {'bw': 19}, ((0, 1), (5, 2)): {'bw': 19}, ((0, 1), (2, 0)): {'bw': 19}, ((0, 2), (np.int64(26), 12)): {'bw': 31}}",0.0,0.0,94.0,47.0,203.0,0.0,0.0,0.0,0.0,0.0,0.0,0.0,0.0,0.0,Route Failure,100.0,"{'node_level': {}, 'link_level': {}, 'path_level': {}}","{'node_level': {0: {'cpu': -75}, 1: {'cpu': -82}, 2: {'cpu': -67}, 3: {'cpu': -68}, 4: {'cpu': -93}}, 'link_level': {(0, 1): {'bw': -21}, (0, 2): {'bw': -9}, (0, 3): {'bw': 100.0}}, 'path_level': {(0, 1): {}, (0, 2): {}, (0, 3): {}}}","{'node_level': {0: {'cpu': 0}, 1: {'cpu': 0}, 2: {'cpu': 0}, 3: {'cpu': 0}, 4: {'cpu': 0}}, 'link_level': {(0, 1): {'bw': 0}, (0, 2): {'bw': 0}, (0, 3): {'bw': 100.0}}, 'path_level': {(0, 1): {}, (0, 2): {}, (0, 3): {}}}",[],-inf,-inf,True,False,False,0,[],0,0.0,5.0,3.0
118,19,2,1283.0,3420.0,619792.2403851186,1784027.0159990562,0.37514619883040934,0.34741191407240807,37,216,0,2963.065571136145,9143,4876,4267,0.013754045307443397,0.0884426404614399,91,655.0655711361453,2308.0,9,22,False,{},{},{},{},0.0,0.0,0.0,0.0,0.0,0.0,0.0,0.0,0.0,0.0,0.0,0.0,0.0,0.0,Leave Event,0.0,"{'node_level': {}, 'link_level': {}, 'path_level': {}}","{'node_level': {}, 'link_level': {}, 'path_level': {}}","{'node_level': {}, 'link_level': {}, 'path_level': {}}",[],-inf,-inf,True,True,False,0,[],0,0.0,,
119,19,2,1283.0,3420.0,619792.2403851186,1784027.0159990562,0.37514619883040934,0.34741191407240807,37,217,1,2983.0,9143,4876,4267,0.013754045307443397,0.0884426404614399,118,1410.741400943662,2983.0,4,4,False,"{0: np.int64(26), 1: np.int64(30), 2: np.int64(27), 3: np.int64(28)}","{(0, 1): []}","{(0, np.int64(26)): {'cpu': 7}, (1, np.int64(30)): {'cpu': 10}, (2, np.int64(27)): {'cpu': 4}, (3, np.int64(28)): {'cpu': 20}}",{},0.0,0.0,82.0,41.0,102.0,0.0,0.0,0.0,0.0,0.0,0.0,0.0,0.0,0.0,Route Failure,100.0,"{'node_level': {}, 'link_level': {}, 'path_level': {}}","{'node_level': {0: {'cpu': -73}, 1: {'cpu': -63}, 2: {'cpu': -54}, 3: {'cpu': -60}}, 'link_level': {(0, 1): {'bw': 100.0}}, 'path_level': {(0, 1): {}}}","{'node_level': {0: {'cpu': 0}, 1: {'cpu': 0}, 2: {'cpu': 0}, 3: {'cpu': 0}}, 'link_level': {(0, 1): {'bw': 100.0}}, 'path_level': {(0, 1): {}}}",[],-inf,-inf,True,False,False,0,[],0,0.0,4.0,1.0
120,19,2,1283.0,3420.0,619792.2403851186,1784027.0159990562,0.37514619883040934,0.34741191407240807,37,218,1,3008.0,9143,4876,4267,0.013754045307443397,0.0884426404614399,119,52.235620825066455,3008.0,9,15,False,"{0: np.int64(42), 1: np.int64(54), 2: np.int64(55), 3: np.int64(31), 4: np.int64(13), 5: np.int64(38), 6: np.int64(25), 7: np.int64(45), 8: np.int64(36)}","{(0, 4): [(np.int64(42), 26), (26, 12), (12, 5), (5, 2), (2, 6), (6, 13)], (0, 5): [(np.int64(42), 26), (26, 12), (12, 5), (5, 2), (2, 0), (0, 1), (1, 4), (4, 10), (10, 22), (22, 38)], (1, 3): []}","{(0, np.int64(42)): {'cpu': 2}, (1, np.int64(54)): {'cpu': 4}, (2, np.int64(55)): {'cpu': 18}, (3, np.int64(31)): {'cpu': 5}, (4, np.int64(13)): {'cpu': 10}, (5, np.int64(38)): {'cpu': 14}, (6, np.int64(25)): {'cpu': 8}, (7, np.int64(45)): {'cpu': 2}, (8, np.int64(36)): {'cpu': 6}}","{((0, 4), (np.int64(42), 26)): {'bw': 4}, ((0, 4), (26, 12)): {'bw': 4}, ((0, 4), (12, 5)): {'bw': 4}, ((0, 4), (5, 2)): {'bw': 4}, ((0, 4), (2, 6)): {'bw': 4}, ((0, 4), (6, 13)): {'bw': 4}, ((0, 5), (np.int64(42), 26)): {'bw': 33}, ((0, 5), (26, 12)): {'bw': 33}, ((0, 5), (12, 5)): {'bw': 33}, ((0, 5), (5, 2)): {'bw': 33}, ((0, 5), (2, 0)): {'bw': 33}, ((0, 5), (0, 1)): {'bw': 33}, ((0, 5), (1, 4)): {'bw': 33}, ((0, 5), (4, 10)): {'bw': 33}, ((0, 5), (10, 22)): {'bw': 33}, ((0, 5), (22, 38)): {'bw': 33}}",0.0,0.0,138.0,69.0,322.0,0.0,0.0,0.0,0.0,0.0,0.0,0.0,0.0,0.0,Route Failure,100.0,"{'node_level': {}, 'link_level': {}, 'path_level': {}}","{'node_level': {0: {'cpu': -82}, 1: {'cpu': -76}, 2: {'cpu': -54}, 3: {'cpu': -77}, 4: {'cpu': -90}, 5: {'cpu': -64}, 6: {'cpu': -88}, 7: {'cpu': -53}, 8: {'cpu': -76}}, 'link_level': {(0, 4): {'bw': -18}, (0, 5): {'bw': -7}, (1, 3): {'bw': 100.0}}, 'path_level': {(0, 4): {}, (0, 5): {}, (1, 3): {}}}","{'node_level': {0: {'cpu': 0}, 1: {'cpu': 0}, 2: {'cpu': 0}, 3: {'cpu': 0}, 4: {'cpu': 0}, 5: {'cpu': 0}, 6: {'cpu': 0}, 7: {'cpu': 0}, 8: {'cpu': 0}}, 'link_level': {(0, 4): {'bw': 0}, (0, 5): {'bw': 0}, (1, 3): {'bw': 100.0}}, 'path_level': {(0, 4): {}, (0, 5): {}, (1, 3): {}}}",[],-inf,-inf,True,False,False,0,[],0,0.0,9.0,3.0
120,19,2,1283.0,3420.0,619792.2403851186,1784027.0159990562,0.37514619883040934,0.34741191407240807,37,219,0,3031.056208757222,9143,4876,4267,0.013754045307443397,0.0884426404614399,115,123.05620875722191,2908.0,8,15,False,{},{},{},{},0.0,0.0,0.0,0.0,0.0,0.0,0.0,0.0,0.0,0.0,0.0,0.0,0.0,0.0,Leave Event,0.0,"{'node_level': {}, 'link_level': {}, 'path_level': {}}","{'node_level': {}, 'link_level': {}, 'path_level': {}}","{'node_level': {}, 'link_level': {}, 'path_level': {}}",[],-inf,-inf,True,True,False,0,[],0,0.0,,
121,19,2,1283.0,3420.0,619792.2403851186,1784027.0159990562,0.37514619883040934,0.34741191407240807,37,220,1,3034.0,9143,4876,4267,0.013754045307443397,0.0884426404614399,120,1629.8903829361416,3034.0,8,15,False,"{0: np.int64(15), 1: np.int64(17), 2: np.int64(40), 3: np.int64(22), 4: np.int64(25), 5: np.int64(9), 6: np.int64(29), 7: np.int64(32)}","{(0, 1): [(np.int64(15), 7), (7, 3), (3, 8), (8, 17)], (0, 2): []}","{(0, np.int64(15)): {'cpu': 10}, (1, np.int64(17)): {'cpu': 15}, (2, np.int64(40)): {'cpu': 13}, (3, np.int64(22)): {'cpu': 8}, (4, np.int64(25)): {'cpu': 9}, (5, np.int64(9)): {'cpu': 5}, (6, np.int64(29)): {'cpu': 13}, (7, np.int64(32)): {'cpu': 20}}","{((0, 1), (np.int64(15), 7)): {'bw': 33}, ((0, 1), (7, 3)): {'bw': 33}, ((0, 1), (3, 8)): {'bw': 33}, ((0, 1), (8, 17)): {'bw': 33}}",0.0,0.0,186.0,93.0,404.0,0.0,0.0,0.0,0.0,0.0,0.0,0.0,0.0,0.0,Route Failure,100.0,"{'node_level': {}, 'link_level': {}, 'path_level': {}}","{'node_level': {0: {'cpu': -78}, 1: {'cpu': -38}, 2: {'cpu': -87}, 3: {'cpu': -80}, 4: {'cpu': -87}, 5: {'cpu': -90}, 6: {'cpu': -39}, 7: {'cpu': -70}}, 'link_level': {(0, 1): {'bw': -32}, (0, 2): {'bw': 100.0}}, 'path_level': {(0, 1): {}, (0, 2): {}}}","{'node_level': {0: {'cpu': 0}, 1: {'cpu': 0}, 2: {'cpu': 0}, 3: {'cpu': 0}, 4: {'cpu': 0}, 5: {'cpu': 0}, 6: {'cpu': 0}, 7: {'cpu': 0}}, 'link_level': {(0, 1): {'bw': 0}, (0, 2): {'bw': 100.0}}, 'path_level': {(0, 1): {}, (0, 2): {}}}",[],-inf,-inf,True,False,False,0,[],0,0.0,8.0,2.0
121,19,2,1283.0,3420.0,619792.2403851186,1784027.0159990562,0.37514619883040934,0.34741191407240807,37,221,0,3039.5909301387496,9143,4876,4267,0.013754045307443397,0.0884426404614399,107,337.5909301387496,2702.0,5,7,False,{},{},{},{},0.0,0.0,0.0,0.0,0.0,0.0,0.0,0.0,0.0,0.0,0.0,0.0,0.0,0.0,Leave Event,0.0,"{'node_level': {}, 'link_level': {}, 'path_level': {}}","{'node_level': {}, 'link_level': {}, 'path_level': {}}","{'node_level': {}, 'link_level': {}, 'path_level': {}}",[],-inf,-inf,True,True,False,0,[],0,0.0,,
121,19,2,1283.0,3420.0,619792.2403851186,1784027.0159990562,0.37514619883040934,0.34741191407240807,37,222,0,3060.2356208250662,9143,4876,4267,0.013754045307443397,0.0884426404614399,119,52.235620825066455,3008.0,9,15,False,{},{},{},{},0.0,0.0,0.0,0.0,0.0,0.0,0.0,0.0,0.0,0.0,0.0,0.0,0.0,0.0,Leave Event,0.0,"{'node_level': {}, 'link_level': {}, 'path_level': {}}","{'node_level': {}, 'link_level': {}, 'path_level': {}}","{'node_level': {}, 'link_level': {}, 'path_level': {}}",[],-inf,-inf,True,True,False,0,[],0,0.0,,
122,19,2,1283.0,3420.0,619792.2403851186,1784027.0159990562,0.37514619883040934,0.34741191407240807,37,223,1,3061.0,9143,4876,4267,0.013754045307443397,0.0884426404614399,121,238.43655752454168,3061.0,9,15,False,"{0: np.int64(17), 1: np.int64(13), 2: np.int64(25), 3: np.int64(44), 4: np.int64(37), 5: np.int64(54), 6: np.int64(15), 7: np.int64(53), 8: np.int64(20)}","{(0, 2): []}","{(0, np.int64(17)): {'cpu': 6}, (1, np.int64(13)): {'cpu': 11}, (2, np.int64(25)): {'cpu': 6}, (3, np.int64(44)): {'cpu': 9}, (4, np.int64(37)): {'cpu': 8}, (5, np.int64(54)): {'cpu': 11}, (6, np.int64(15)): {'cpu': 0}, (7, np.int64(53)): {'cpu': 13}, (8, np.int64(20)): {'cpu': 8}}",{},0.0,0.0,144.0,72.0,296.0,0.0,0.0,0.0,0.0,0.0,0.0,0.0,0.0,0.0,Route Failure,100.0,"{'node_level': {}, 'link_level': {}, 'path_level': {}}","{'node_level': {0: {'cpu': -47}, 1: {'cpu': -89}, 2: {'cpu': -90}, 3: {'cpu': -91}, 4: {'cpu': -69}, 5: {'cpu': -69}, 6: {'cpu': -88}, 7: {'cpu': -87}, 8: {'cpu': -63}}, 'link_level': {(0, 2): {'bw': 100.0}}, 'path_level': {(0, 2): {}}}","{'node_level': {0: {'cpu': 0}, 1: {'cpu': 0}, 2: {'cpu': 0}, 3: {'cpu': 0}, 4: {'cpu': 0}, 5: {'cpu': 0}, 6: {'cpu': 0}, 7: {'cpu': 0}, 8: {'cpu': 0}}, 'link_level': {(0, 2): {'bw': 100.0}}, 'path_level': {(0, 2): {}}}",[],-inf,-inf,True,False,False,0,[],0,0.0,9.0,1.0
123,19,2,1283.0,3420.0,619792.2403851186,1784027.0159990562,0.37514619883040934,0.34741191407240807,37,224,1,3086.0,9143,4876,4267,0.013754045307443397,0.0884426404614399,122,60.15637674671887,3086.0,6,12,False,"{0: np.int64(0), 1: np.int64(48), 2: np.int64(41), 3: np.int64(24), 4: np.int64(49), 5: np.int64(17)}","{(0, 1): []}","{(0, np.int64(0)): {'cpu': 4}, (1, np.int64(48)): {'cpu': 0}, (2, np.int64(41)): {'cpu': 13}, (3, np.int64(24)): {'cpu': 8}, (4, np.int64(49)): {'cpu': 6}, (5, np.int64(17)): {'cpu': 18}}",{},0.0,0.0,98.0,49.0,320.0,0.0,0.0,0.0,0.0,0.0,0.0,0.0,0.0,0.0,Route Failure,100.0,"{'node_level': {}, 'link_level': {}, 'path_level': {}}","{'node_level': {0: {'cpu': -92}, 1: {'cpu': -75}, 2: {'cpu': -52}, 3: {'cpu': -44}, 4: {'cpu': -53}, 5: {'cpu': -35}}, 'link_level': {(0, 1): {'bw': 100.0}}, 'path_level': {(0, 1): {}}}","{'node_level': {0: {'cpu': 0}, 1: {'cpu': 0}, 2: {'cpu': 0}, 3: {'cpu': 0}, 4: {'cpu': 0}, 5: {'cpu': 0}}, 'link_level': {(0, 1): {'bw': 100.0}}, 'path_level': {(0, 1): {}}}",[],-inf,-inf,True,False,False,0,[],0,0.0,6.0,1.0
123,19,2,1283.0,3420.0,619792.2403851186,1784027.0159990562,0.37514619883040934,0.34741191407240807,37,225,0,3100.599168742387,9143,4876,4267,0.013754045307443397,0.0884426404614399,109,351.59916874238695,2749.0,9,22,False,{},{},{},{},0.0,0.0,0.0,0.0,0.0,0.0,0.0,0.0,0.0,0.0,0.0,0.0,0.0,0.0,Leave Event,0.0,"{'node_level': {}, 'link_level': {}, 'path_level': {}}","{'node_level': {}, 'link_level': {}, 'path_level': {}}","{'node_level': {}, 'link_level': {}, 'path_level': {}}",[],-inf,-inf,True,True,False,0,[],0,0.0,,
124,19,2,1283.0,3420.0,619792.2403851186,1784027.0159990562,0.37514619883040934,0.34741191407240807,37,226,1,3114.0,9143,4876,4267,0.013754045307443397,0.0884426404614399,123,25.29139317247771,3114.0,5,4,False,"{0: np.int64(13), 1: np.int64(12), 2: np.int64(9), 3: np.int64(23), 4: np.int64(4)}","{(0, 2): []}","{(0, np.int64(13)): {'cpu': 1}, (1, np.int64(12)): {'cpu': 14}, (2, np.int64(9)): {'cpu': 4}, (3, np.int64(23)): {'cpu': 12}, (4, np.int64(4)): {'cpu': 2}}",{},0.0,0.0,66.0,33.0,119.0,0.0,0.0,0.0,0.0,0.0,0.0,0.0,0.0,0.0,Route Failure,100.0,"{'node_level': {}, 'link_level': {}, 'path_level': {}}","{'node_level': {0: {'cpu': -99}, 1: {'cpu': -72}, 2: {'cpu': -91}, 3: {'cpu': -76}, 4: {'cpu': -71}}, 'link_level': {(0, 2): {'bw': 100.0}}, 'path_level': {(0, 2): {}}}","{'node_level': {0: {'cpu': 0}, 1: {'cpu': 0}, 2: {'cpu': 0}, 3: {'cpu': 0}, 4: {'cpu': 0}}, 'link_level': {(0, 2): {'bw': 100.0}}, 'path_level': {(0, 2): {}}}",[],-inf,-inf,True,False,False,0,[],0,0.0,5.0,1.0
125,20,3,1313.0,3450.0,623048.0067933005,1787282.782407238,0.38057971014492753,0.34860068754992185,37,227,1,3136.0,9113,4861,4252,0.01678802588996764,0.09164708395641952,124,108.52554693939366,3136.0,2,1,True,"{0: np.int64(1), 1: np.int64(3)}","{(0, 1): [(np.int64(1), 3)]}","{(0, np.int64(1)): {'cpu': 1}, (1, np.int64(3)): {'cpu': 14}}","{((0, 1), (np.int64(1), 3)): {'bw': 15}}",30.0,30.0,30.0,15.0,15.0,15.0,15.0,15.0,15.0,0.0,1.0,3255.7664081818098,3255.7664081818098,108.52554693939366,Success,0.0,"{'node_level': {}, 'link_level': {}, 'path_level': {}}","{'node_level': {0: {'cpu': -54}, 1: {'cpu': -57}}, 'link_level': {(0, 1): {'bw': -23}}, 'path_level': {(0, 1): {}}}","{'node_level': {0: {'cpu': 0}, 1: {'cpu': 0}}, 'link_level': {(0, 1): {'bw': 0}}, 'path_level': {(0, 1): {}}}",[],-inf,-inf,True,True,False,0,[],0,0.0,2.0,1.0
125,20,3,1313.0,3450.0,623048.0067933005,1787282.782407238,0.38057971014492753,0.34860068754992185,37,228,0,3139.291393172478,9113,4861,4252,0.01678802588996764,0.09164708395641952,123,25.29139317247771,3114.0,5,4,False,{},{},{},{},0.0,0.0,0.0,0.0,0.0,0.0,0.0,0.0,0.0,0.0,0.0,0.0,0.0,0.0,Leave Event,0.0,"{'node_level': {}, 'link_level': {}, 'path_level': {}}","{'node_level': {}, 'link_level': {}, 'path_level': {}}","{'node_level': {}, 'link_level': {}, 'path_level': {}}",[],-inf,-inf,True,True,False,0,[],0,0.0,,
125,20,3,1313.0,3450.0,623048.0067933005,1787282.782407238,0.38057971014492753,0.34860068754992185,37,229,0,3146.1563767467187,9113,4861,4252,0.01678802588996764,0.09164708395641952,122,60.15637674671887,3086.0,6,12,False,{},{},{},{},0.0,0.0,0.0,0.0,0.0,0.0,0.0,0.0,0.0,0.0,0.0,0.0,0.0,0.0,Leave Event,0.0,"{'node_level': {}, 'link_level': {}, 'path_level': {}}","{'node_level': {}, 'link_level': {}, 'path_level': {}}","{'node_level': {}, 'link_level': {}, 'path_level': {}}",[],-inf,-inf,True,True,False,0,[],0,0.0,,
126,20,3,1313.0,3450.0,623048.0067933005,1787282.782407238,0.38057971014492753,0.34860068754992185,37,230,1,3165.0,9113,4861,4252,0.01678802588996764,0.09164708395641952,125,948.7771634749412,3165.0,7,14,False,"{0: np.int64(51), 1: np.int64(43), 2: np.int64(58), 3: np.int64(1), 4: np.int64(54), 5: np.int64(37), 6: np.int64(24)}","{(0, 2): []}","{(0, np.int64(51)): {'cpu': 12}, (1, np.int64(43)): {'cpu': 17}, (2, np.int64(58)): {'cpu': 2}, (3, np.int64(1)): {'cpu': 4}, (4, np.int64(54)): {'cpu': 5}, (5, np.int64(37)): {'cpu': 0}, (6, np.int64(24)): {'cpu': 17}}",{},0.0,0.0,114.0,57.0,405.0,0.0,0.0,0.0,0.0,0.0,0.0,0.0,0.0,0.0,Route Failure,100.0,"{'node_level': {}, 'link_level': {}, 'path_level': {}}","{'node_level': {0: {'cpu': -50}, 1: {'cpu': -64}, 2: {'cpu': -71}, 3: {'cpu': -50}, 4: {'cpu': -75}, 5: {'cpu': -77}, 6: {'cpu': -35}}, 'link_level': {(0, 2): {'bw': 100.0}}, 'path_level': {(0, 2): {}}}","{'node_level': {0: {'cpu': 0}, 1: {'cpu': 0}, 2: {'cpu': 0}, 3: {'cpu': 0}, 4: {'cpu': 0}, 5: {'cpu': 0}, 6: {'cpu': 0}}, 'link_level': {(0, 2): {'bw': 100.0}}, 'path_level': {(0, 2): {}}}",[],-inf,-inf,True,False,False,0,[],0,0.0,7.0,1.0
127,21,4,1340.0,3481.0,632199.6018774604,1797790.1693557177,0.38494685435219766,0.3516537205807642,38,231,1,3191.0,9082,4835,4247,0.022046925566343023,0.0927152317880795,126,338.9479660799969,3191.0,2,1,True,"{0: np.int64(23), 1: np.int64(58)}","{(0, 1): [(np.int64(23), 11), (11, 5), (5, 12), (12, 26), (26, 58)]}","{(0, np.int64(23)): {'cpu': 13}, (1, np.int64(58)): {'cpu': 13}}","{((0, 1), (np.int64(23), 11)): {'bw': 1}, ((0, 1), (11, 5)): {'bw': 1}, ((0, 1), (5, 12)): {'bw': 1}, ((0, 1), (12, 26)): {'bw': 1}, ((0, 1), (26, 58)): {'bw': 1}}",31.0,27.0,52.0,26.0,1.0,26.0,1.0,26.0,5.0,4.0,0.8709677419354839,10507.386948479903,9151.595084159915,295.21274465031985,Success,0.0,"{'node_level': {}, 'link_level': {}, 'path_level': {}}","{'node_level': {0: {'cpu': -75}, 1: {'cpu': -60}}, 'link_level': {(0, 1): {'bw': -49}}, 'path_level': {(0, 1): {}}}","{'node_level': {0: {'cpu': 0}, 1: {'cpu': 0}}, 'link_level': {(0, 1): {'bw': 0}}, 'path_level': {(0, 1): {}}}",[],-inf,-inf,True,True,False,0,[],0,0.0,2.0,1.0
127,21,4,1340.0,3481.0,632199.6018774604,1797790.1693557177,0.38494685435219766,0.3516537205807642,38,232,0,3196.1496247042614,9082,4835,4247,0.022046925566343023,0.0927152317880795,93,844.1496247042616,2352.0,9,15,False,{},{},{},{},0.0,0.0,0.0,0.0,0.0,0.0,0.0,0.0,0.0,0.0,0.0,0.0,0.0,0.0,Leave Event,0.0,"{'node_level': {}, 'link_level': {}, 'path_level': {}}","{'node_level': {}, 'link_level': {}, 'path_level': {}}","{'node_level': {}, 'link_level': {}, 'path_level': {}}",[],-inf,-inf,True,True,False,0,[],0,0.0,,
128,21,4,1340.0,3481.0,632199.6018774604,1797790.1693557177,0.38494685435219766,0.3516537205807642,38,233,1,3215.0,9082,4835,4247,0.022046925566343023,0.0927152317880795,127,1967.0712359456438,3215.0,7,9,False,"{0: np.int64(4), 1: np.int64(56), 2: np.int64(34), 3: np.int64(43), 4: np.int64(25), 5: np.int64(44), 6: np.int64(36)}","{(0, 1): [(np.int64(4), 1), (1, 0), (0, 2), (2, 5), (5, 11), (11, 24), (24, 56)], (0, 2): [(np.int64(4), 1), (1, 3), (3, 8), (8, 18), (18, 34)], (0, 3): []}","{(0, np.int64(4)): {'cpu': 18}, (1, np.int64(56)): {'cpu': 18}, (2, np.int64(34)): {'cpu': 10}, (3, np.int64(43)): {'cpu': 10}, (4, np.int64(25)): {'cpu': 14}, (5, np.int64(44)): {'cpu': 9}, (6, np.int64(36)): {'cpu': 5}}","{((0, 1), (np.int64(4), 1)): {'bw': 2}, ((0, 1), (1, 0)): {'bw': 2}, ((0, 1), (0, 2)): {'bw': 2}, ((0, 1), (2, 5)): {'bw': 2}, ((0, 1), (5, 11)): {'bw': 2}, ((0, 1), (11, 24)): {'bw': 2}, ((0, 1), (24, 56)): {'bw': 2}, ((0, 2), (np.int64(4), 1)): {'bw': 20}, ((0, 2), (1, 3)): {'bw': 20}, ((0, 2), (3, 8)): {'bw': 20}, ((0, 2), (8, 18)): {'bw': 20}, ((0, 2), (18, 34)): {'bw': 20}}",0.0,0.0,168.0,84.0,139.0,0.0,0.0,0.0,0.0,0.0,0.0,0.0,0.0,0.0,Route Failure,100.0,"{'node_level': {}, 'link_level': {}, 'path_level': {}}","{'node_level': {0: {'cpu': -55}, 1: {'cpu': -35}, 2: {'cpu': -85}, 3: {'cpu': -71}, 4: {'cpu': -82}, 5: {'cpu': -91}, 6: {'cpu': -77}}, 'link_level': {(0, 1): {'bw': -38}, (0, 2): {'bw': -3}, (0, 3): {'bw': 100.0}}, 'path_level': {(0, 1): {}, (0, 2): {}, (0, 3): {}}}","{'node_level': {0: {'cpu': 0}, 1: {'cpu': 0}, 2: {'cpu': 0}, 3: {'cpu': 0}, 4: {'cpu': 0}, 5: {'cpu': 0}, 6: {'cpu': 0}}, 'link_level': {(0, 1): {'bw': 0}, (0, 2): {'bw': 0}, (0, 3): {'bw': 100.0}}, 'path_level': {(0, 1): {}, (0, 2): {}, (0, 3): {}}}",[],-inf,-inf,True,False,False,0,[],0,0.0,7.0,3.0
129,21,4,1340.0,3481.0,632199.6018774604,1797790.1693557177,0.38494685435219766,0.3516537205807642,38,234,1,3234.0,9082,4835,4247,0.022046925566343023,0.0927152317880795,128,537.9885026961606,3234.0,9,18,False,"{0: np.int64(61), 1: np.int64(57), 2: np.int64(27), 3: np.int64(14), 4: np.int64(11), 5: np.int64(39), 6: np.int64(35), 7: np.int64(46), 8: np.int64(17)}","{(0, 6): []}","{(0, np.int64(61)): {'cpu': 4}, (1, np.int64(57)): {'cpu': 9}, (2, np.int64(27)): {'cpu': 15}, (3, np.int64(14)): {'cpu': 1}, (4, np.int64(11)): {'cpu': 0}, (5, np.int64(39)): {'cpu': 1}, (6, np.int64(35)): {'cpu': 7}, (7, np.int64(46)): {'cpu': 16}, (8, np.int64(17)): {'cpu': 8}}",{},0.0,0.0,122.0,61.0,450.0,0.0,0.0,0.0,0.0,0.0,0.0,0.0,0.0,0.0,Route Failure,100.0,"{'node_level': {}, 'link_level': {}, 'path_level': {}}","{'node_level': {0: {'cpu': -85}, 1: {'cpu': -52}, 2: {'cpu': -43}, 3: {'cpu': -93}, 4: {'cpu': -90}, 5: {'cpu': -52}, 6: {'cpu': -76}, 7: {'cpu': -82}, 8: {'cpu': -45}}, 'link_level': {(0, 6): {'bw': 100.0}}, 'path_level': {(0, 6): {}}}","{'node_level': {0: {'cpu': 0}, 1: {'cpu': 0}, 2: {'cpu': 0}, 3: {'cpu': 0}, 4: {'cpu': 0}, 5: {'cpu': 0}, 6: {'cpu': 0}, 7: {'cpu': 0}, 8: {'cpu': 0}}, 'link_level': {(0, 6): {'bw': 100.0}}, 'path_level': {(0, 6): {}}}",[],-inf,-inf,True,False,False,0,[],0,0.0,9.0,1.0
129,21,3,1340.0,3481.0,632199.6018774604,1797790.1693557177,0.38494685435219766,0.3516537205807642,38,235,0,3244.5255469393937,9112,4850,4262,0.01901294498381878,0.08951078829309977,124,108.52554693939366,3136.0,2,1,False,{},{},{},{},0.0,0.0,0.0,0.0,0.0,0.0,0.0,0.0,0.0,0.0,0.0,0.0,0.0,0.0,Leave Event,0.0,"{'node_level': {}, 'link_level': {}, 'path_level': {}}","{'node_level': {}, 'link_level': {}, 'path_level': {}}","{'node_level': {}, 'link_level': {}, 'path_level': {}}",[],-inf,-inf,True,True,False,0,[],0,0.0,,
130,21,3,1340.0,3481.0,632199.6018774604,1797790.1693557177,0.38494685435219766,0.3516537205807642,38,236,1,3264.0,9112,4850,4262,0.01901294498381878,0.08951078829309977,129,159.03251005120978,3264.0,7,13,False,"{0: np.int64(52), 1: np.int64(55), 2: np.int64(7), 3: np.int64(18), 4: np.int64(31), 5: np.int64(45), 6: np.int64(44)}","{(0, 3): [(np.int64(52), 20), (20, 9), (9, 4), (4, 1), (1, 3), (3, 8), (8, 18)], (0, 4): [(np.int64(52), 20), (20, 9), (9, 4), (4, 1), (1, 3), (3, 7), (7, 15), (15, 31)], (0, 5): []}","{(0, np.int64(52)): {'cpu': 13}, (1, np.int64(55)): {'cpu': 9}, (2, np.int64(7)): {'cpu': 19}, (3, np.int64(18)): {'cpu': 7}, (4, np.int64(31)): {'cpu': 20}, (5, np.int64(45)): {'cpu': 20}, (6, np.int64(44)): {'cpu': 19}}","{((0, 3), (np.int64(52), 20)): {'bw': 0}, ((0, 3), (20, 9)): {'bw': 0}, ((0, 3), (9, 4)): {'bw': 0}, ((0, 3), (4, 1)): {'bw': 0}, ((0, 3), (1, 3)): {'bw': 0}, ((0, 3), (3, 8)): {'bw': 0}, ((0, 3), (8, 18)): {'bw': 0}, ((0, 4), (np.int64(52), 20)): {'bw': 23}, ((0, 4), (20, 9)): {'bw': 23}, ((0, 4), (9, 4)): {'bw': 23}, ((0, 4), (4, 1)): {'bw': 23}, ((0, 4), (1, 3)): {'bw': 23}, ((0, 4), (3, 7)): {'bw': 23}, ((0, 4), (7, 15)): {'bw': 23}, ((0, 4), (15, 31)): {'bw': 23}}",0.0,0.0,214.0,107.0,351.0,0.0,0.0,0.0,0.0,0.0,0.0,0.0,0.0,0.0,Route Failure,100.0,"{'node_level': {}, 'link_level': {}, 'path_level': {}}","{'node_level': {0: {'cpu': -60}, 1: {'cpu': -63}, 2: {'cpu': -40}, 3: {'cpu': -43}, 4: {'cpu': -62}, 5: {'cpu': -35}, 6: {'cpu': -81}}, 'link_level': {(0, 3): {'bw': -38}, (0, 4): {'bw': -15}, (0, 5): {'bw': 100.0}}, 'path_level': {(0, 3): {}, (0, 4): {}, (0, 5): {}}}","{'node_level': {0: {'cpu': 0}, 1: {'cpu': 0}, 2: {'cpu': 0}, 3: {'cpu': 0}, 4: {'cpu': 0}, 5: {'cpu': 0}, 6: {'cpu': 0}}, 'link_level': {(0, 3): {'bw': 0}, (0, 4): {'bw': 0}, (0, 5): {'bw': 100.0}}, 'path_level': {(0, 3): {}, (0, 4): {}, (0, 5): {}}}",[],-inf,-inf,True,False,False,0,[],0,0.0,7.0,3.0
130,21,3,1340.0,3481.0,632199.6018774604,1797790.1693557177,0.38494685435219766,0.3516537205807642,38,237,0,3267.6541789147013,9112,4850,4262,0.01901294498381878,0.08951078829309977,99,767.6541789147016,2500.0,9,20,False,{},{},{},{},0.0,0.0,0.0,0.0,0.0,0.0,0.0,0.0,0.0,0.0,0.0,0.0,0.0,0.0,Leave Event,0.0,"{'node_level': {}, 'link_level': {}, 'path_level': {}}","{'node_level': {}, 'link_level': {}, 'path_level': {}}","{'node_level': {}, 'link_level': {}, 'path_level': {}}",[],-inf,-inf,True,True,False,0,[],0,0.0,,
131,21,3,1340.0,3481.0,632199.6018774604,1797790.1693557177,0.38494685435219766,0.3516537205807642,38,238,1,3290.0,9112,4850,4262,0.01901294498381878,0.08951078829309977,130,518.45061640829,3290.0,10,24,False,"{0: np.int64(62), 1: np.int64(12), 2: np.int64(5), 3: np.int64(18), 4: np.int64(8), 5: np.int64(4), 6: np.int64(21), 7: np.int64(60), 8: np.int64(46), 9: np.int64(31)}","{(0, 2): []}","{(0, np.int64(62)): {'cpu': 8}, (1, np.int64(12)): {'cpu': 14}, (2, np.int64(5)): {'cpu': 12}, (3, np.int64(18)): {'cpu': 13}, (4, np.int64(8)): {'cpu': 4}, (5, np.int64(4)): {'cpu': 19}, (6, np.int64(21)): {'cpu': 7}, (7, np.int64(60)): {'cpu': 10}, (8, np.int64(46)): {'cpu': 16}, (9, np.int64(31)): {'cpu': 6}}",{},0.0,0.0,218.0,109.0,576.0,0.0,0.0,0.0,0.0,0.0,0.0,0.0,0.0,0.0,Route Failure,100.0,"{'node_level': {}, 'link_level': {}, 'path_level': {}}","{'node_level': {0: {'cpu': -87}, 1: {'cpu': -72}, 2: {'cpu': -46}, 3: {'cpu': -37}, 4: {'cpu': -85}, 5: {'cpu': -54}, 6: {'cpu': -52}, 7: {'cpu': -46}, 8: {'cpu': -82}, 9: {'cpu': -76}}, 'link_level': {(0, 2): {'bw': 100.0}}, 'path_level': {(0, 2): {}}}","{'node_level': {0: {'cpu': 0}, 1: {'cpu': 0}, 2: {'cpu': 0}, 3: {'cpu': 0}, 4: {'cpu': 0}, 5: {'cpu': 0}, 6: {'cpu': 0}, 7: {'cpu': 0}, 8: {'cpu': 0}, 9: {'cpu': 0}}, 'link_level': {(0, 2): {'bw': 100.0}}, 'path_level': {(0, 2): {}}}",[],-inf,-inf,True,False,False,0,[],0,0.0,10.0,1.0
131,21,3,1340.0,3481.0,632199.6018774604,1797790.1693557177,0.38494685435219766,0.3516537205807642,38,239,0,3291.590204334053,9112,4850,4262,0.01901294498381878,0.08951078829309977,90,1001.5902043340529,2290.0,10,24,False,{},{},{},{},0.0,0.0,0.0,0.0,0.0,0.0,0.0,0.0,0.0,0.0,0.0,0.0,0.0,0.0,Leave Event,0.0,"{'node_level': {}, 'link_level': {}, 'path_level': {}}","{'node_level': {}, 'link_level': {}, 'path_level': {}}","{'node_level': {}, 'link_level': {}, 'path_level': {}}",[],-inf,-inf,True,True,False,0,[],0,0.0,,
131,21,3,1340.0,3481.0,632199.6018774604,1797790.1693557177,0.38494685435219766,0.3516537205807642,38,240,0,3299.4365575245415,9112,4850,4262,0.01901294498381878,0.08951078829309977,121,238.43655752454168,3061.0,9,15,False,{},{},{},{},0.0,0.0,0.0,0.0,0.0,0.0,0.0,0.0,0.0,0.0,0.0,0.0,0.0,0.0,Leave Event,0.0,"{'node_level': {}, 'link_level': {}, 'path_level': {}}","{'node_level': {}, 'link_level': {}, 'path_level': {}}","{'node_level': {}, 'link_level': {}, 'path_level': {}}",[],-inf,-inf,True,True,False,0,[],0,0.0,,
132,21,3,1340.0,3481.0,632199.6018774604,1797790.1693557177,0.38494685435219766,0.3516537205807642,38,241,1,3315.0,9112,4850,4262,0.01901294498381878,0.08951078829309977,131,138.63203090265026,3315.0,4,4,False,"{0: np.int64(60), 1: np.int64(36), 2: np.int64(7), 3: np.int64(59)}","{(0, 2): []}","{(0, np.int64(60)): {'cpu': 12}, (1, np.int64(36)): {'cpu': 1}, (2, np.int64(7)): {'cpu': 5}, (3, np.int64(59)): {'cpu': 6}}",{},0.0,0.0,48.0,24.0,92.0,0.0,0.0,0.0,0.0,0.0,0.0,0.0,0.0,0.0,Route Failure,100.0,"{'node_level': {}, 'link_level': {}, 'path_level': {}}","{'node_level': {0: {'cpu': -44}, 1: {'cpu': -81}, 2: {'cpu': -54}, 3: {'cpu': -94}}, 'link_level': {(0, 2): {'bw': 100.0}}, 'path_level': {(0, 2): {}}}","{'node_level': {0: {'cpu': 0}, 1: {'cpu': 0}, 2: {'cpu': 0}, 3: {'cpu': 0}}, 'link_level': {(0, 2): {'bw': 100.0}}, 'path_level': {(0, 2): {}}}",[],-inf,-inf,True,False,False,0,[],0,0.0,4.0,1.0
132,21,3,1340.0,3481.0,632199.6018774604,1797790.1693557177,0.38494685435219766,0.3516537205807642,38,242,0,3326.1597964357543,9112,4850,4262,0.01901294498381878,0.08951078829309977,88,1099.159796435754,2227.0,8,14,False,{},{},{},{},0.0,0.0,0.0,0.0,0.0,0.0,0.0,0.0,0.0,0.0,0.0,0.0,0.0,0.0,Leave Event,0.0,"{'node_level': {}, 'link_level': {}, 'path_level': {}}","{'node_level': {}, 'link_level': {}, 'path_level': {}}","{'node_level': {}, 'link_level': {}, 'path_level': {}}",[],-inf,-inf,True,True,False,0,[],0,0.0,,
133,21,3,1340.0,3481.0,632199.6018774604,1797790.1693557177,0.38494685435219766,0.3516537205807642,38,243,1,3343.0,9112,4850,4262,0.01901294498381878,0.08951078829309977,132,514.9248855925074,3343.0,6,7,False,"{0: np.int64(18), 1: np.int64(47), 2: np.int64(61), 3: np.int64(36), 4: np.int64(54), 5: np.int64(9)}","{(0, 1): [(np.int64(18), 8), (8, 3), (3, 7), (7, 15), (15, 47)], (0, 5): [(np.int64(18), 8), (8, 3), (3, 1), (1, 4), (4, 9)], (1, 2): []}","{(0, np.int64(18)): {'cpu': 6}, (1, np.int64(47)): {'cpu': 18}, (2, np.int64(61)): {'cpu': 19}, (3, np.int64(36)): {'cpu': 15}, (4, np.int64(54)): {'cpu': 8}, (5, np.int64(9)): {'cpu': 15}}","{((0, 1), (np.int64(18), 8)): {'bw': 17}, ((0, 1), (8, 3)): {'bw': 17}, ((0, 1), (3, 7)): {'bw': 17}, ((0, 1), (7, 15)): {'bw': 17}, ((0, 1), (15, 47)): {'bw': 17}, ((0, 5), (np.int64(18), 8)): {'bw': 35}, ((0, 5), (8, 3)): {'bw': 35}, ((0, 5), (3, 1)): {'bw': 35}, ((0, 5), (1, 4)): {'bw': 35}, ((0, 5), (4, 9)): {'bw': 35}}",0.0,0.0,162.0,81.0,165.0,0.0,0.0,0.0,0.0,0.0,0.0,0.0,0.0,0.0,Route Failure,100.0,"{'node_level': {}, 'link_level': {}, 'path_level': {}}","{'node_level': {0: {'cpu': -44}, 1: {'cpu': -49}, 2: {'cpu': -70}, 3: {'cpu': -67}, 4: {'cpu': -72}, 5: {'cpu': -80}}, 'link_level': {(0, 1): {'bw': -37}, (0, 5): {'bw': -2}, (1, 2): {'bw': 100.0}}, 'path_level': {(0, 1): {}, (0, 5): {}, (1, 2): {}}}","{'node_level': {0: {'cpu': 0}, 1: {'cpu': 0}, 2: {'cpu': 0}, 3: {'cpu': 0}, 4: {'cpu': 0}, 5: {'cpu': 0}}, 'link_level': {(0, 1): {'bw': 0}, (0, 5): {'bw': 0}, (1, 2): {'bw': 100.0}}, 'path_level': {(0, 1): {}, (0, 5): {}, (1, 2): {}}}",[],-inf,-inf,True,False,False,0,[],0,0.0,6.0,3.0
134,21,3,1340.0,3481.0,632199.6018774604,1797790.1693557177,0.38494685435219766,0.3516537205807642,38,244,1,3365.0,9112,4850,4262,0.01901294498381878,0.08951078829309977,133,59.15021835706949,3365.0,4,3,False,"{0: np.int64(4), 1: np.int64(60), 2: np.int64(37), 3: np.int64(24)}","{(0, 3): [(np.int64(4), 1), (1, 0), (0, 2), (2, 5), (5, 11), (11, 24)], (1, 2): []}","{(0, np.int64(4)): {'cpu': 11}, (1, np.int64(60)): {'cpu': 5}, (2, np.int64(37)): {'cpu': 2}, (3, np.int64(24)): {'cpu': 18}}","{((0, 3), (np.int64(4), 1)): {'bw': 30}, ((0, 3), (1, 0)): {'bw': 30}, ((0, 3), (0, 2)): {'bw': 30}, ((0, 3), (2, 5)): {'bw': 30}, ((0, 3), (5, 11)): {'bw': 30}, ((0, 3), (11, 24)): {'bw': 30}}",0.0,0.0,72.0,36.0,101.0,0.0,0.0,0.0,0.0,0.0,0.0,0.0,0.0,0.0,Route Failure,100.0,"{'node_level': {}, 'link_level': {}, 'path_level': {}}","{'node_level': {0: {'cpu': -62}, 1: {'cpu': -51}, 2: {'cpu': -75}, 3: {'cpu': -34}}, 'link_level': {(0, 3): {'bw': -10}, (1, 2): {'bw': 100.0}}, 'path_level': {(0, 3): {}, (1, 2): {}}}","{'node_level': {0: {'cpu': 0}, 1: {'cpu': 0}, 2: {'cpu': 0}, 3: {'cpu': 0}}, 'link_level': {(0, 3): {'bw': 0}, (1, 2): {'bw': 100.0}}, 'path_level': {(0, 3): {}, (1, 2): {}}}",[],-inf,-inf,True,False,False,0,[],0,0.0,4.0,2.0
134,21,3,1340.0,3481.0,632199.6018774604,1797790.1693557177,0.38494685435219766,0.3516537205807642,38,245,0,3373.9087198355355,9112,4850,4262,0.01901294498381878,0.08951078829309977,117,417.9087198355353,2956.0,5,10,False,{},{},{},{},0.0,0.0,0.0,0.0,0.0,0.0,0.0,0.0,0.0,0.0,0.0,0.0,0.0,0.0,Leave Event,0.0,"{'node_level': {}, 'link_level': {}, 'path_level': {}}","{'node_level': {}, 'link_level': {}, 'path_level': {}}","{'node_level': {}, 'link_level': {}, 'path_level': {}}",[],-inf,-inf,True,True,False,0,[],0,0.0,,
135,21,3,1340.0,3481.0,632199.6018774604,1797790.1693557177,0.38494685435219766,0.3516537205807642,38,246,1,3391.0,9112,4850,4262,0.01901294498381878,0.08951078829309977,134,218.36340101730417,3391.0,5,8,False,"{0: np.int64(28), 1: np.int64(4), 2: np.int64(27), 3: np.int64(1), 4: np.int64(0)}","{(0, 1): [(np.int64(28), 13), (13, 6), (6, 2), (2, 0), (0, 1), (1, 4)], (0, 3): []}","{(0, np.int64(28)): {'cpu': 20}, (1, np.int64(4)): {'cpu': 19}, (2, np.int64(27)): {'cpu': 8}, (3, np.int64(1)): {'cpu': 3}, (4, np.int64(0)): {'cpu': 13}}","{((0, 1), (np.int64(28), 13)): {'bw': 3}, ((0, 1), (13, 6)): {'bw': 3}, ((0, 1), (6, 2)): {'bw': 3}, ((0, 1), (2, 0)): {'bw': 3}, ((0, 1), (0, 1)): {'bw': 3}, ((0, 1), (1, 4)): {'bw': 3}}",0.0,0.0,126.0,63.0,234.0,0.0,0.0,0.0,0.0,0.0,0.0,0.0,0.0,0.0,Route Failure,100.0,"{'node_level': {}, 'link_level': {}, 'path_level': {}}","{'node_level': {0: {'cpu': -60}, 1: {'cpu': -54}, 2: {'cpu': -50}, 3: {'cpu': -52}, 4: {'cpu': -83}}, 'link_level': {(0, 1): {'bw': -19}, (0, 3): {'bw': 100.0}}, 'path_level': {(0, 1): {}, (0, 3): {}}}","{'node_level': {0: {'cpu': 0}, 1: {'cpu': 0}, 2: {'cpu': 0}, 3: {'cpu': 0}, 4: {'cpu': 0}}, 'link_level': {(0, 1): {'bw': 0}, (0, 3): {'bw': 100.0}}, 'path_level': {(0, 1): {}, (0, 3): {}}}",[],-inf,-inf,True,False,False,0,[],0,0.0,5.0,2.0
135,21,3,1340.0,3481.0,632199.6018774604,1797790.1693557177,0.38494685435219766,0.3516537205807642,38,247,0,3402.7693311242356,9112,4850,4262,0.01901294498381878,0.08951078829309977,108,674.7693311242354,2728.0,8,13,False,{},{},{},{},0.0,0.0,0.0,0.0,0.0,0.0,0.0,0.0,0.0,0.0,0.0,0.0,0.0,0.0,Leave Event,0.0,"{'node_level': {}, 'link_level': {}, 'path_level': {}}","{'node_level': {}, 'link_level': {}, 'path_level': {}}","{'node_level': {}, 'link_level': {}, 'path_level': {}}",[],-inf,-inf,True,True,False,0,[],0,0.0,,
135,21,3,1340.0,3481.0,632199.6018774604,1797790.1693557177,0.38494685435219766,0.3516537205807642,38,248,0,3407.8368887571432,9112,4850,4262,0.01901294498381878,0.08951078829309977,74,1514.8368887571435,1893.0,6,7,False,{},{},{},{},0.0,0.0,0.0,0.0,0.0,0.0,0.0,0.0,0.0,0.0,0.0,0.0,0.0,0.0,Leave Event,0.0,"{'node_level': {}, 'link_level': {}, 'path_level': {}}","{'node_level': {}, 'link_level': {}, 'path_level': {}}","{'node_level': {}, 'link_level': {}, 'path_level': {}}",[],-inf,-inf,True,True,False,0,[],0,0.0,,
136,22,4,1379.0,3559.0,646961.0352809244,1827313.0361626458,0.38746838999719024,0.3540504678057469,39,249,1,3421.0,9034,4824,4210,0.024271844660194164,0.10061952574236277,135,378.4982923965151,3421.0,2,1,True,"{0: np.int64(48), 1: np.int64(31)}","{(0, 1): [(np.int64(48), 16), (16, 7), (7, 15), (15, 31)]}","{(0, np.int64(48)): {'cpu': 18}, (1, np.int64(31)): {'cpu': 8}}","{((0, 1), (np.int64(48), 16)): {'bw': 13}, ((0, 1), (16, 7)): {'bw': 13}, ((0, 1), (7, 15)): {'bw': 13}, ((0, 1), (15, 31)): {'bw': 13}}",78.0,39.0,52.0,26.0,13.0,26.0,13.0,26.0,52.0,39.0,0.5,29522.86680692818,14761.43340346409,189.24914619825756,Success,0.0,"{'node_level': {}, 'link_level': {}, 'path_level': {}}","{'node_level': {0: {'cpu': -57}, 1: {'cpu': -74}}, 'link_level': {(0, 1): {'bw': -69}}, 'path_level': {(0, 1): {}}}","{'node_level': {0: {'cpu': 0}, 1: {'cpu': 0}}, 'link_level': {(0, 1): {'bw': 0}}, 'path_level': {(0, 1): {}}}",[],-inf,-inf,True,True,False,0,[],0,0.0,2.0,1.0
136,22,4,1379.0,3559.0,646961.0352809244,1827313.0361626458,0.38746838999719024,0.3540504678057469,39,250,0,3423.03251005121,9034,4824,4210,0.024271844660194164,0.10061952574236277,129,159.03251005120978,3264.0,7,13,False,{},{},{},{},0.0,0.0,0.0,0.0,0.0,0.0,0.0,0.0,0.0,0.0,0.0,0.0,0.0,0.0,Leave Event,0.0,"{'node_level': {}, 'link_level': {}, 'path_level': {}}","{'node_level': {}, 'link_level': {}, 'path_level': {}}","{'node_level': {}, 'link_level': {}, 'path_level': {}}",[],-inf,-inf,True,True,False,0,[],0,0.0,,
136,22,4,1379.0,3559.0,646961.0352809244,1827313.0361626458,0.38746838999719024,0.3540504678057469,39,251,0,3424.1502183570697,9034,4824,4210,0.024271844660194164,0.10061952574236277,133,59.15021835706949,3365.0,4,3,False,{},{},{},{},0.0,0.0,0.0,0.0,0.0,0.0,0.0,0.0,0.0,0.0,0.0,0.0,0.0,0.0,Leave Event,0.0,"{'node_level': {}, 'link_level': {}, 'path_level': {}}","{'node_level': {}, 'link_level': {}, 'path_level': {}}","{'node_level': {}, 'link_level': {}, 'path_level': {}}",[],-inf,-inf,True,True,False,0,[],0,0.0,,
137,22,4,1379.0,3559.0,646961.0352809244,1827313.0361626458,0.38746838999719024,0.3540504678057469,39,252,1,3451.0,9034,4824,4210,0.024271844660194164,0.10061952574236277,136,0.6783925072354021,3451.0,5,4,False,"{0: np.int64(12), 1: np.int64(7), 2: np.int64(23), 3: np.int64(13), 4: np.int64(38)}","{(0, 2): [(np.int64(12), 5), (5, 11), (11, 23)], (0, 3): []}","{(0, np.int64(12)): {'cpu': 3}, (1, np.int64(7)): {'cpu': 3}, (2, np.int64(23)): {'cpu': 18}, (3, np.int64(13)): {'cpu': 15}, (4, np.int64(38)): {'cpu': 11}}","{((0, 2), (np.int64(12), 5)): {'bw': 49}, ((0, 2), (5, 11)): {'bw': 49}, ((0, 2), (11, 23)): {'bw': 49}}",0.0,0.0,100.0,50.0,134.0,0.0,0.0,0.0,0.0,0.0,0.0,0.0,0.0,0.0,Route Failure,100.0,"{'node_level': {}, 'link_level': {}, 'path_level': {}}","{'node_level': {0: {'cpu': -83}, 1: {'cpu': -56}, 2: {'cpu': -57}, 3: {'cpu': -85}, 4: {'cpu': -67}}, 'link_level': {(0, 2): {'bw': -8}, (0, 3): {'bw': 100.0}}, 'path_level': {(0, 2): {}, (0, 3): {}}}","{'node_level': {0: {'cpu': 0}, 1: {'cpu': 0}, 2: {'cpu': 0}, 3: {'cpu': 0}, 4: {'cpu': 0}}, 'link_level': {(0, 2): {'bw': 0}, (0, 3): {'bw': 100.0}}, 'path_level': {(0, 2): {}, (0, 3): {}}}",[],-inf,-inf,True,False,False,0,[],0,0.0,5.0,2.0
137,22,4,1379.0,3559.0,646961.0352809244,1827313.0361626458,0.38746838999719024,0.3540504678057469,39,253,0,3451.6783925072355,9034,4824,4210,0.024271844660194164,0.10061952574236277,136,0.6783925072354021,3451.0,5,4,False,{},{},{},{},0.0,0.0,0.0,0.0,0.0,0.0,0.0,0.0,0.0,0.0,0.0,0.0,0.0,0.0,Leave Event,0.0,"{'node_level': {}, 'link_level': {}, 'path_level': {}}","{'node_level': {}, 'link_level': {}, 'path_level': {}}","{'node_level': {}, 'link_level': {}, 'path_level': {}}",[],-inf,-inf,True,True,False,0,[],0,0.0,,
137,22,4,1379.0,3559.0,646961.0352809244,1827313.0361626458,0.38746838999719024,0.3540504678057469,39,254,0,3453.63203090265,9034,4824,4210,0.024271844660194164,0.10061952574236277,131,138.63203090265026,3315.0,4,4,False,{},{},{},{},0.0,0.0,0.0,0.0,0.0,0.0,0.0,0.0,0.0,0.0,0.0,0.0,0.0,0.0,Leave Event,0.0,"{'node_level': {}, 'link_level': {}, 'path_level': {}}","{'node_level': {}, 'link_level': {}, 'path_level': {}}","{'node_level': {}, 'link_level': {}, 'path_level': {}}",[],-inf,-inf,True,True,False,0,[],0,0.0,,
138,22,4,1379.0,3559.0,646961.0352809244,1827313.0361626458,0.38746838999719024,0.3540504678057469,39,255,1,3476.0,9034,4824,4210,0.024271844660194164,0.10061952574236277,137,387.6649636533973,3476.0,8,11,False,"{0: np.int64(25), 1: np.int64(59), 2: np.int64(57), 3: np.int64(48), 4: np.int64(41), 5: np.int64(10), 6: np.int64(22), 7: np.int64(9)}","{(0, 4): [(np.int64(25), 41)], (0, 6): [(np.int64(25), 12), (12, 5), (5, 2), (2, 0), (0, 1), (1, 4), (4, 10), (10, 22)], (1, 5): []}","{(0, np.int64(25)): {'cpu': 9}, (1, np.int64(59)): {'cpu': 6}, (2, np.int64(57)): {'cpu': 19}, (3, np.int64(48)): {'cpu': 0}, (4, np.int64(41)): {'cpu': 16}, (5, np.int64(10)): {'cpu': 4}, (6, np.int64(22)): {'cpu': 4}, (7, np.int64(9)): {'cpu': 7}}","{((0, 4), (np.int64(25), 41)): {'bw': 7}, ((0, 6), (np.int64(25), 12)): {'bw': 36}, ((0, 6), (12, 5)): {'bw': 36}, ((0, 6), (5, 2)): {'bw': 36}, ((0, 6), (2, 0)): {'bw': 36}, ((0, 6), (0, 1)): {'bw': 36}, ((0, 6), (1, 4)): {'bw': 36}, ((0, 6), (4, 10)): {'bw': 36}, ((0, 6), (10, 22)): {'bw': 36}}",0.0,0.0,130.0,65.0,329.0,0.0,0.0,0.0,0.0,0.0,0.0,0.0,0.0,0.0,Route Failure,100.0,"{'node_level': {}, 'link_level': {}, 'path_level': {}}","{'node_level': {0: {'cpu': -87}, 1: {'cpu': -94}, 2: {'cpu': -42}, 3: {'cpu': -57}, 4: {'cpu': -49}, 5: {'cpu': -76}, 6: {'cpu': -84}, 7: {'cpu': -88}}, 'link_level': {(0, 4): {'bw': -81}, (0, 6): {'bw': -4}, (1, 5): {'bw': 100.0}}, 'path_level': {(0, 4): {}, (0, 6): {}, (1, 5): {}}}","{'node_level': {0: {'cpu': 0}, 1: {'cpu': 0}, 2: {'cpu': 0}, 3: {'cpu': 0}, 4: {'cpu': 0}, 5: {'cpu': 0}, 6: {'cpu': 0}, 7: {'cpu': 0}}, 'link_level': {(0, 4): {'bw': 0}, (0, 6): {'bw': 0}, (1, 5): {'bw': 100.0}}, 'path_level': {(0, 4): {}, (0, 6): {}, (1, 5): {}}}",[],-inf,-inf,True,False,False,0,[],0,0.0,8.0,3.0
139,23,5,1417.0,3672.0,655388.1009450482,1852372.4682691188,0.3858932461873638,0.35381010686120345,39,256,1,3494.0,8921,4801,4120,0.02892394822006472,0.11984618671224101,138,221.76488589799177,3494.0,2,1,True,"{0: np.int64(48), 1: np.int64(2)}","{(0, 1): [(np.int64(48), 16), (16, 7), (7, 3), (3, 1), (1, 0), (0, 2)]}","{(0, np.int64(48)): {'cpu': 4}, (1, np.int64(2)): {'cpu': 19}}","{((0, 1), (np.int64(48), 16)): {'bw': 15}, ((0, 1), (16, 7)): {'bw': 15}, ((0, 1), (7, 3)): {'bw': 15}, ((0, 1), (3, 1)): {'bw': 15}, ((0, 1), (1, 0)): {'bw': 15}, ((0, 1), (0, 2)): {'bw': 15}}",113.0,38.0,46.0,23.0,15.0,23.0,15.0,23.0,90.0,75.0,0.336283185840708,25059.432106473072,8427.065664123687,74.57580233737777,Success,0.0,"{'node_level': {}, 'link_level': {}, 'path_level': {}}","{'node_level': {0: {'cpu': -53}, 1: {'cpu': -32}}, 'link_level': {(0, 1): {'bw': -23}}, 'path_level': {(0, 1): {}}}","{'node_level': {0: {'cpu': 0}, 1: {'cpu': 0}}, 'link_level': {(0, 1): {'bw': 0}}, 'path_level': {(0, 1): {}}}",[],-inf,-inf,True,True,False,0,[],0,0.0,2.0,1.0
140,23,5,1417.0,3672.0,655388.1009450482,1852372.4682691188,0.3858932461873638,0.35381010686120345,39,257,1,3511.0,8921,4801,4120,0.02892394822006472,0.11984618671224101,139,364.7065587337378,3511.0,5,7,False,"{0: np.int64(22), 1: np.int64(5), 2: np.int64(12), 3: np.int64(46), 4: np.int64(33)}","{(0, 2): []}","{(0, np.int64(22)): {'cpu': 0}, (1, np.int64(5)): {'cpu': 14}, (2, np.int64(12)): {'cpu': 6}, (3, np.int64(46)): {'cpu': 15}, (4, np.int64(33)): {'cpu': 18}}",{},0.0,0.0,106.0,53.0,222.0,0.0,0.0,0.0,0.0,0.0,0.0,0.0,0.0,0.0,Route Failure,100.0,"{'node_level': {}, 'link_level': {}, 'path_level': {}}","{'node_level': {0: {'cpu': -88}, 1: {'cpu': -44}, 2: {'cpu': -80}, 3: {'cpu': -83}, 4: {'cpu': -74}}, 'link_level': {(0, 2): {'bw': 100.0}}, 'path_level': {(0, 2): {}}}","{'node_level': {0: {'cpu': 0}, 1: {'cpu': 0}, 2: {'cpu': 0}, 3: {'cpu': 0}, 4: {'cpu': 0}}, 'link_level': {(0, 2): {'bw': 100.0}}, 'path_level': {(0, 2): {}}}",[],-inf,-inf,True,False,False,0,[],0,0.0,5.0,1.0
140,23,4,1417.0,3672.0,655388.1009450482,1852372.4682691188,0.3858932461873638,0.35381010686120345,39,258,0,3529.947966079997,8952,4827,4125,0.023665048543689338,0.11877803888058103,126,338.9479660799969,3191.0,2,1,False,{},{},{},{},0.0,0.0,0.0,0.0,0.0,0.0,0.0,0.0,0.0,0.0,0.0,0.0,0.0,0.0,Leave Event,0.0,"{'node_level': {}, 'link_level': {}, 'path_level': {}}","{'node_level': {}, 'link_level': {}, 'path_level': {}}","{'node_level': {}, 'link_level': {}, 'path_level': {}}",[],-inf,-inf,True,True,False,0,[],0,0.0,,
141,23,4,1417.0,3672.0,655388.1009450482,1852372.4682691188,0.3858932461873638,0.35381010686120345,39,259,1,3536.0,8952,4827,4125,0.023665048543689338,0.11877803888058103,140,120.21674643818417,3536.0,6,8,False,"{0: np.int64(39), 1: np.int64(45), 2: np.int64(8), 3: np.int64(56), 4: np.int64(12), 5: np.int64(20)}","{(0, 3): [(np.int64(39), 23), (23, 11), (11, 24), (24, 56)], (0, 4): []}","{(0, np.int64(39)): {'cpu': 19}, (1, np.int64(45)): {'cpu': 11}, (2, np.int64(8)): {'cpu': 16}, (3, np.int64(56)): {'cpu': 19}, (4, np.int64(12)): {'cpu': 12}, (5, np.int64(20)): {'cpu': 11}}","{((0, 3), (np.int64(39), 23)): {'bw': 50}, ((0, 3), (23, 11)): {'bw': 50}, ((0, 3), (11, 24)): {'bw': 50}, ((0, 3), (24, 56)): {'bw': 50}}",0.0,0.0,176.0,88.0,216.0,0.0,0.0,0.0,0.0,0.0,0.0,0.0,0.0,0.0,Route Failure,100.0,"{'node_level': {}, 'link_level': {}, 'path_level': {}}","{'node_level': {0: {'cpu': -34}, 1: {'cpu': -44}, 2: {'cpu': -73}, 3: {'cpu': -34}, 4: {'cpu': -74}, 5: {'cpu': -60}}, 'link_level': {(0, 3): {'bw': 0}, (0, 4): {'bw': 100.0}}, 'path_level': {(0, 3): {}, (0, 4): {}}}","{'node_level': {0: {'cpu': 0}, 1: {'cpu': 0}, 2: {'cpu': 0}, 3: {'cpu': 0}, 4: {'cpu': 0}, 5: {'cpu': 0}}, 'link_level': {(0, 3): {'bw': 0}, (0, 4): {'bw': 100.0}}, 'path_level': {(0, 3): {}, (0, 4): {}}}",[],-inf,-inf,True,False,False,0,[],0,0.0,6.0,2.0
142,23,4,1417.0,3672.0,655388.1009450482,1852372.4682691188,0.3858932461873638,0.35381010686120345,39,260,1,3558.0,8952,4827,4125,0.023665048543689338,0.11877803888058103,141,1197.4734964543995,3558.0,10,26,False,"{0: np.int64(23), 1: np.int64(8), 2: np.int64(56), 3: np.int64(3), 4: np.int64(43), 5: np.int64(13), 6: np.int64(24), 7: np.int64(39), 8: np.int64(62), 9: np.int64(26)}","{(0, 1): [(np.int64(23), 11), (11, 5), (5, 2), (2, 0), (0, 1), (1, 3), (3, 8)], (0, 2): [(np.int64(23), 11), (11, 24), (24, 56)], (0, 3): []}","{(0, np.int64(23)): {'cpu': 11}, (1, np.int64(8)): {'cpu': 7}, (2, np.int64(56)): {'cpu': 15}, (3, np.int64(3)): {'cpu': 10}, (4, np.int64(43)): {'cpu': 15}, (5, np.int64(13)): {'cpu': 5}, (6, np.int64(24)): {'cpu': 14}, (7, np.int64(39)): {'cpu': 3}, (8, np.int64(62)): {'cpu': 4}, (9, np.int64(26)): {'cpu': 5}}","{((0, 1), (np.int64(23), 11)): {'bw': 13}, ((0, 1), (11, 5)): {'bw': 13}, ((0, 1), (5, 2)): {'bw': 13}, ((0, 1), (2, 0)): {'bw': 13}, ((0, 1), (0, 1)): {'bw': 13}, ((0, 1), (1, 3)): {'bw': 13}, ((0, 1), (3, 8)): {'bw': 13}, ((0, 2), (np.int64(23), 11)): {'bw': 7}, ((0, 2), (11, 24)): {'bw': 7}, ((0, 2), (24, 56)): {'bw': 7}}",0.0,0.0,178.0,89.0,610.0,0.0,0.0,0.0,0.0,0.0,0.0,0.0,0.0,0.0,Route Failure,100.0,"{'node_level': {}, 'link_level': {}, 'path_level': {}}","{'node_level': {0: {'cpu': -77}, 1: {'cpu': -82}, 2: {'cpu': -38}, 3: {'cpu': -61}, 4: {'cpu': -66}, 5: {'cpu': -95}, 6: {'cpu': -38}, 7: {'cpu': -50}, 8: {'cpu': -91}, 9: {'cpu': -75}}, 'link_level': {(0, 1): {'bw': -10}, (0, 2): {'bw': -50}, (0, 3): {'bw': 100.0}}, 'path_level': {(0, 1): {}, (0, 2): {}, (0, 3): {}}}","{'node_level': {0: {'cpu': 0}, 1: {'cpu': 0}, 2: {'cpu': 0}, 3: {'cpu': 0}, 4: {'cpu': 0}, 5: {'cpu': 0}, 6: {'cpu': 0}, 7: {'cpu': 0}, 8: {'cpu': 0}, 9: {'cpu': 0}}, 'link_level': {(0, 1): {'bw': 0}, (0, 2): {'bw': 0}, (0, 3): {'bw': 100.0}}, 'path_level': {(0, 1): {}, (0, 2): {}, (0, 3): {}}}",[],-inf,-inf,True,False,False,0,[],0,0.0,10.0,3.0
143,23,4,1417.0,3672.0,655388.1009450482,1852372.4682691188,0.3858932461873638,0.35381010686120345,39,261,1,3576.0,8952,4827,4125,0.023665048543689338,0.11877803888058103,142,929.6840235673449,3576.0,8,15,False,"{0: np.int64(20), 1: np.int64(0), 2: np.int64(14), 3: np.int64(47), 4: np.int64(48), 5: np.int64(42), 6: np.int64(52), 7: np.int64(7)}","{(0, 1): [(np.int64(20), 9), (9, 4), (4, 1), (1, 0)], (0, 4): []}","{(0, np.int64(20)): {'cpu': 8}, (1, np.int64(0)): {'cpu': 20}, (2, np.int64(14)): {'cpu': 0}, (3, np.int64(47)): {'cpu': 20}, (4, np.int64(48)): {'cpu': 12}, (5, np.int64(42)): {'cpu': 5}, (6, np.int64(52)): {'cpu': 7}, (7, np.int64(7)): {'cpu': 6}}","{((0, 1), (np.int64(20), 9)): {'bw': 41}, ((0, 1), (9, 4)): {'bw': 41}, ((0, 1), (4, 1)): {'bw': 41}, ((0, 1), (1, 0)): {'bw': 41}}",0.0,0.0,156.0,78.0,320.0,0.0,0.0,0.0,0.0,0.0,0.0,0.0,0.0,0.0,Route Failure,100.0,"{'node_level': {}, 'link_level': {}, 'path_level': {}}","{'node_level': {0: {'cpu': -63}, 1: {'cpu': -76}, 2: {'cpu': -94}, 3: {'cpu': -47}, 4: {'cpu': -41}, 5: {'cpu': -79}, 6: {'cpu': -66}, 7: {'cpu': -53}}, 'link_level': {(0, 1): {'bw': -10}, (0, 4): {'bw': 100.0}}, 'path_level': {(0, 1): {}, (0, 4): {}}}","{'node_level': {0: {'cpu': 0}, 1: {'cpu': 0}, 2: {'cpu': 0}, 3: {'cpu': 0}, 4: {'cpu': 0}, 5: {'cpu': 0}, 6: {'cpu': 0}, 7: {'cpu': 0}}, 'link_level': {(0, 1): {'bw': 0}, (0, 4): {'bw': 100.0}}, 'path_level': {(0, 1): {}, (0, 4): {}}}",[],-inf,-inf,True,False,False,0,[],0,0.0,8.0,2.0
143,23,4,1417.0,3672.0,655388.1009450482,1852372.4682691188,0.3858932461873638,0.35381010686120345,39,262,0,3609.363401017304,8952,4827,4125,0.023665048543689338,0.11877803888058103,134,218.36340101730417,3391.0,5,8,False,{},{},{},{},0.0,0.0,0.0,0.0,0.0,0.0,0.0,0.0,0.0,0.0,0.0,0.0,0.0,0.0,Leave Event,0.0,"{'node_level': {}, 'link_level': {}, 'path_level': {}}","{'node_level': {}, 'link_level': {}, 'path_level': {}}","{'node_level': {}, 'link_level': {}, 'path_level': {}}",[],-inf,-inf,True,True,False,0,[],0,0.0,,
144,23,4,1417.0,3672.0,655388.1009450482,1852372.4682691188,0.3858932461873638,0.35381010686120345,39,263,1,3611.0,8952,4827,4125,0.023665048543689338,0.11877803888058103,143,140.38585234776247,3611.0,5,7,False,"{0: np.int64(43), 1: np.int64(12), 2: np.int64(62), 3: np.int64(0), 4: np.int64(54)}","{(0, 1): [(np.int64(43), 27), (27, 13), (13, 6), (6, 2), (2, 5), (5, 12)], (0, 2): []}","{(0, np.int64(43)): {'cpu': 19}, (1, np.int64(12)): {'cpu': 9}, (2, np.int64(62)): {'cpu': 9}, (3, np.int64(0)): {'cpu': 0}, (4, np.int64(54)): {'cpu': 19}}","{((0, 1), (np.int64(43), 27)): {'bw': 12}, ((0, 1), (27, 13)): {'bw': 12}, ((0, 1), (13, 6)): {'bw': 12}, ((0, 1), (6, 2)): {'bw': 12}, ((0, 1), (2, 5)): {'bw': 12}, ((0, 1), (5, 12)): {'bw': 12}}",0.0,0.0,112.0,56.0,142.0,0.0,0.0,0.0,0.0,0.0,0.0,0.0,0.0,0.0,Route Failure,100.0,"{'node_level': {}, 'link_level': {}, 'path_level': {}}","{'node_level': {0: {'cpu': -62}, 1: {'cpu': -77}, 2: {'cpu': -86}, 3: {'cpu': -96}, 4: {'cpu': -61}}, 'link_level': {(0, 1): {'bw': -10}, (0, 2): {'bw': 100.0}}, 'path_level': {(0, 1): {}, (0, 2): {}}}","{'node_level': {0: {'cpu': 0}, 1: {'cpu': 0}, 2: {'cpu': 0}, 3: {'cpu': 0}, 4: {'cpu': 0}}, 'link_level': {(0, 1): {'bw': 0}, (0, 2): {'bw': 100.0}}, 'path_level': {(0, 1): {}, (0, 2): {}}}",[],-inf,-inf,True,False,False,0,[],0,0.0,5.0,2.0
144,23,3,1417.0,3672.0,655388.1009450482,1852372.4682691188,0.3858932461873638,0.35381010686120345,39,264,0,3622.429365312433,8992,4846,4146,0.019822006472491882,0.11429181798760946,98,1147.4293653124332,2475.0,2,1,False,{},{},{},{},0.0,0.0,0.0,0.0,0.0,0.0,0.0,0.0,0.0,0.0,0.0,0.0,0.0,0.0,Leave Event,0.0,"{'node_level': {}, 'link_level': {}, 'path_level': {}}","{'node_level': {}, 'link_level': {}, 'path_level': {}}","{'node_level': {}, 'link_level': {}, 'path_level': {}}",[],-inf,-inf,True,True,False,0,[],0,0.0,,
145,23,3,1417.0,3672.0,655388.1009450482,1852372.4682691188,0.3858932461873638,0.35381010686120345,39,265,1,3632.0,8992,4846,4146,0.019822006472491882,0.11429181798760946,144,1208.1922001685334,3632.0,9,18,False,"{0: np.int64(61), 1: np.int64(19), 2: np.int64(53), 3: np.int64(12), 4: np.int64(42), 5: np.int64(60), 6: np.int64(24), 7: np.int64(35), 8: np.int64(31)}","{(0, 1): []}","{(0, np.int64(61)): {'cpu': 4}, (1, np.int64(19)): {'cpu': 6}, (2, np.int64(53)): {'cpu': 0}, (3, np.int64(12)): {'cpu': 6}, (4, np.int64(42)): {'cpu': 12}, (5, np.int64(60)): {'cpu': 0}, (6, np.int64(24)): {'cpu': 17}, (7, np.int64(35)): {'cpu': 2}, (8, np.int64(31)): {'cpu': 11}}",{},0.0,0.0,116.0,58.0,441.0,0.0,0.0,0.0,0.0,0.0,0.0,0.0,0.0,0.0,Route Failure,100.0,"{'node_level': {}, 'link_level': {}, 'path_level': {}}","{'node_level': {0: {'cpu': -85}, 1: {'cpu': -65}, 2: {'cpu': -100}, 3: {'cpu': -80}, 4: {'cpu': -72}, 5: {'cpu': -56}, 6: {'cpu': -35}, 7: {'cpu': -81}, 8: {'cpu': -63}}, 'link_level': {(0, 1): {'bw': 100.0}}, 'path_level': {(0, 1): {}}}","{'node_level': {0: {'cpu': 0}, 1: {'cpu': 0}, 2: {'cpu': 0}, 3: {'cpu': 0}, 4: {'cpu': 0}, 5: {'cpu': 0}, 6: {'cpu': 0}, 7: {'cpu': 0}, 8: {'cpu': 0}}, 'link_level': {(0, 1): {'bw': 100.0}}, 'path_level': {(0, 1): {}}}",[],-inf,-inf,True,False,False,0,[],0,0.0,9.0,1.0
146,23,3,1417.0,3672.0,655388.1009450482,1852372.4682691188,0.3858932461873638,0.35381010686120345,39,266,1,3655.0,8992,4846,4146,0.019822006472491882,0.11429181798760946,145,855.3535443110845,3655.0,5,7,False,"{0: np.int64(5), 1: np.int64(9), 2: np.int64(36), 3: np.int64(32), 4: np.int64(49)}","{(0, 1): [(np.int64(5), 2), (2, 0), (0, 1), (1, 4), (4, 9)], (0, 2): []}","{(0, np.int64(5)): {'cpu': 14}, (1, np.int64(9)): {'cpu': 6}, (2, np.int64(36)): {'cpu': 17}, (3, np.int64(32)): {'cpu': 14}, (4, np.int64(49)): {'cpu': 6}}","{((0, 1), (np.int64(5), 2)): {'bw': 20}, ((0, 1), (2, 0)): {'bw': 20}, ((0, 1), (0, 1)): {'bw': 20}, ((0, 1), (1, 4)): {'bw': 20}, ((0, 1), (4, 9)): {'bw': 20}}",0.0,0.0,114.0,57.0,154.0,0.0,0.0,0.0,0.0,0.0,0.0,0.0,0.0,0.0,Route Failure,100.0,"{'node_level': {}, 'link_level': {}, 'path_level': {}}","{'node_level': {0: {'cpu': -44}, 1: {'cpu': -89}, 2: {'cpu': -65}, 3: {'cpu': -76}, 4: {'cpu': -53}}, 'link_level': {(0, 1): {'bw': -5}, (0, 2): {'bw': 100.0}}, 'path_level': {(0, 1): {}, (0, 2): {}}}","{'node_level': {0: {'cpu': 0}, 1: {'cpu': 0}, 2: {'cpu': 0}, 3: {'cpu': 0}, 4: {'cpu': 0}}, 'link_level': {(0, 1): {'bw': 0}, (0, 2): {'bw': 100.0}}, 'path_level': {(0, 1): {}, (0, 2): {}}}",[],-inf,-inf,True,False,False,0,[],0,0.0,5.0,2.0
146,23,3,1417.0,3672.0,655388.1009450482,1852372.4682691188,0.3858932461873638,0.35381010686120345,39,267,0,3656.216746438184,8992,4846,4146,0.019822006472491882,0.11429181798760946,140,120.21674643818417,3536.0,6,8,False,{},{},{},{},0.0,0.0,0.0,0.0,0.0,0.0,0.0,0.0,0.0,0.0,0.0,0.0,0.0,0.0,Leave Event,0.0,"{'node_level': {}, 'link_level': {}, 'path_level': {}}","{'node_level': {}, 'link_level': {}, 'path_level': {}}","{'node_level': {}, 'link_level': {}, 'path_level': {}}",[],-inf,-inf,True,True,False,0,[],0,0.0,,
147,23,3,1417.0,3672.0,655388.1009450482,1852372.4682691188,0.3858932461873638,0.35381010686120345,39,268,1,3685.0,8992,4846,4146,0.019822006472491882,0.11429181798760946,146,231.2060952425329,3685.0,3,2,False,"{0: np.int64(36), 1: np.int64(60), 2: np.int64(49)}","{(0, 2): [(np.int64(36), 20), (20, 9), (9, 4), (4, 1), (1, 3), (3, 8), (8, 17), (17, 49)], (1, 2): []}","{(0, np.int64(36)): {'cpu': 13}, (1, np.int64(60)): {'cpu': 20}, (2, np.int64(49)): {'cpu': 9}}","{((0, 2), (np.int64(36), 20)): {'bw': 22}, ((0, 2), (20, 9)): {'bw': 22}, ((0, 2), (9, 4)): {'bw': 22}, ((0, 2), (4, 1)): {'bw': 22}, ((0, 2), (1, 3)): {'bw': 22}, ((0, 2), (3, 8)): {'bw': 22}, ((0, 2), (8, 17)): {'bw': 22}, ((0, 2), (17, 49)): {'bw': 22}}",0.0,0.0,84.0,42.0,68.0,0.0,0.0,0.0,0.0,0.0,0.0,0.0,0.0,0.0,Route Failure,100.0,"{'node_level': {}, 'link_level': {}, 'path_level': {}}","{'node_level': {0: {'cpu': -69}, 1: {'cpu': -36}, 2: {'cpu': -50}}, 'link_level': {(0, 2): {'bw': -22}, (1, 2): {'bw': 100.0}}, 'path_level': {(0, 2): {}, (1, 2): {}}}","{'node_level': {0: {'cpu': 0}, 1: {'cpu': 0}, 2: {'cpu': 0}}, 'link_level': {(0, 2): {'bw': 0}, (1, 2): {'bw': 100.0}}, 'path_level': {(0, 2): {}, (1, 2): {}}}",[],-inf,-inf,True,False,False,0,[],0,0.0,3.0,2.0
147,23,2,1417.0,3672.0,655388.1009450482,1852372.4682691188,0.3858932461873638,0.35381010686120345,39,269,0,3695.0061165473107,9434,4895,4539,0.009911003236245941,0.030335398419141235,104,1066.0061165473107,2629.0,3,2,False,{},{},{},{},0.0,0.0,0.0,0.0,0.0,0.0,0.0,0.0,0.0,0.0,0.0,0.0,0.0,0.0,Leave Event,0.0,"{'node_level': {}, 'link_level': {}, 'path_level': {}}","{'node_level': {}, 'link_level': {}, 'path_level': {}}","{'node_level': {}, 'link_level': {}, 'path_level': {}}",[],-inf,-inf,True,True,False,0,[],0,0.0,,
147,23,1,1417.0,3672.0,655388.1009450482,1852372.4682691188,0.3858932461873638,0.35381010686120345,39,270,0,3715.764885897992,9547,4918,4629,0.005258899676375384,0.011108737449262995,138,221.76488589799177,3494.0,2,1,False,{},{},{},{},0.0,0.0,0.0,0.0,0.0,0.0,0.0,0.0,0.0,0.0,0.0,0.0,0.0,0.0,Leave Event,0.0,"{'node_level': {}, 'link_level': {}, 'path_level': {}}","{'node_level': {}, 'link_level': {}, 'path_level': {}}","{'node_level': {}, 'link_level': {}, 'path_level': {}}",[],-inf,-inf,True,True,False,0,[],0,0.0,,
148,23,1,1417.0,3672.0,655388.1009450482,1852372.4682691188,0.3858932461873638,0.35381010686120345,39,271,1,3716.0,9547,4918,4629,0.005258899676375384,0.011108737449262995,147,265.4430246170026,3716.0,6,8,False,"{0: np.int64(54), 1: np.int64(37), 2: np.int64(17), 3: np.int64(31), 4: np.int64(49), 5: np.int64(53)}","{(0, 1): [(np.int64(54), 22), (22, 10), (10, 21), (21, 37)], (0, 3): []}","{(0, np.int64(54)): {'cpu': 9}, (1, np.int64(37)): {'cpu': 11}, (2, np.int64(17)): {'cpu': 2}, (3, np.int64(31)): {'cpu': 1}, (4, np.int64(49)): {'cpu': 13}, (5, np.int64(53)): {'cpu': 15}}","{((0, 1), (np.int64(54), 22)): {'bw': 31}, ((0, 1), (22, 10)): {'bw': 31}, ((0, 1), (10, 21)): {'bw': 31}, ((0, 1), (21, 37)): {'bw': 31}}",0.0,0.0,102.0,51.0,209.0,0.0,0.0,0.0,0.0,0.0,0.0,0.0,0.0,0.0,Route Failure,100.0,"{'node_level': {}, 'link_level': {}, 'path_level': {}}","{'node_level': {0: {'cpu': -71}, 1: {'cpu': -84}, 2: {'cpu': -51}, 3: {'cpu': -73}, 4: {'cpu': -46}, 5: {'cpu': -85}}, 'link_level': {(0, 1): {'bw': -32}, (0, 3): {'bw': 100.0}}, 'path_level': {(0, 1): {}, (0, 3): {}}}","{'node_level': {0: {'cpu': 0}, 1: {'cpu': 0}, 2: {'cpu': 0}, 3: {'cpu': 0}, 4: {'cpu': 0}, 5: {'cpu': 0}}, 'link_level': {(0, 1): {'bw': 0}, (0, 3): {'bw': 100.0}}, 'path_level': {(0, 1): {}, (0, 3): {}}}",[],-inf,-inf,True,False,False,0,[],0,0.0,6.0,2.0
149,23,1,1417.0,3672.0,655388.1009450482,1852372.4682691188,0.3858932461873638,0.35381010686120345,39,272,1,3735.0,9547,4918,4629,0.005258899676375384,0.011108737449262995,148,2324.5085243038257,3735.0,10,24,False,"{0: np.int64(44), 1: np.int64(40), 2: np.int64(47), 3: np.int64(61), 4: np.int64(0), 5: np.int64(31), 6: np.int64(51), 7: np.int64(29), 8: np.int64(57), 9: np.int64(43)}","{(0, 2): [(np.int64(44), 28), (28, 13), (13, 6), (6, 2), (2, 0), (0, 1), (1, 3), (3, 7), (7, 15), (15, 47)], (0, 5): [(np.int64(44), 28), (28, 13), (13, 6), (6, 2), (2, 0), (0, 1), (1, 3), (3, 7), (7, 15), (15, 31)], (0, 8): [(np.int64(44), 28), (28, 13), (13, 6), (6, 2), (2, 5), (5, 12), (12, 25), (25, 57)], (0, 9): [(np.int64(44), 28), (28, 13), (13, 27), (27, 43)], (1, 2): []}","{(0, np.int64(44)): {'cpu': 9}, (1, np.int64(40)): {'cpu': 13}, (2, np.int64(47)): {'cpu': 0}, (3, np.int64(61)): {'cpu': 1}, (4, np.int64(0)): {'cpu': 17}, (5, np.int64(31)): {'cpu': 6}, (6, np.int64(51)): {'cpu': 0}, (7, np.int64(29)): {'cpu': 4}, (8, np.int64(57)): {'cpu': 17}, (9, np.int64(43)): {'cpu': 4}}","{((0, 2), (np.int64(44), 28)): {'bw': 29}, ((0, 2), (28, 13)): {'bw': 29}, ((0, 2), (13, 6)): {'bw': 29}, ((0, 2), (6, 2)): {'bw': 29}, ((0, 2), (2, 0)): {'bw': 29}, ((0, 2), (0, 1)): {'bw': 29}, ((0, 2), (1, 3)): {'bw': 29}, ((0, 2), (3, 7)): {'bw': 29}, ((0, 2), (7, 15)): {'bw': 29}, ((0, 2), (15, 47)): {'bw': 29}, ((0, 5), (np.int64(44), 28)): {'bw': 14}, ((0, 5), (28, 13)): {'bw': 14}, ((0, 5), (13, 6)): {'bw': 14}, ((0, 5), (6, 2)): {'bw': 14}, ((0, 5), (2, 0)): {'bw': 14}, ((0, 5), (0, 1)): {'bw': 14}, ((0, 5), (1, 3)): {'bw': 14}, ((0, 5), (3, 7)): {'bw': 14}, ((0, 5), (7, 15)): {'bw': 14}, ((0, 5), (15, 31)): {'bw': 14}, ((0, 8), (np.int64(44), 28)): {'bw': 7}, ((0, 8), (28, 13)): {'bw': 7}, ((0, 8), (13, 6)): {'bw': 7}, ((0, 8), (6, 2)): {'bw': 7}, ((0, 8), (2, 5)): {'bw': 7}, ((0, 8), (5, 12)): {'bw': 7}, ((0, 8), (12, 25)): {'bw': 7}, ((0, 8), (25, 57)): {'bw': 7}, ((0, 9), (np.int64(44), 28)): {'bw': 1}, ((0, 9), (28, 13)): {'bw': 1}, ((0, 9), (13, 27)): {'bw': 1}, ((0, 9), (27, 43)): {'bw': 1}}",0.0,0.0,142.0,71.0,443.0,0.0,0.0,0.0,0.0,0.0,0.0,0.0,0.0,0.0,Route Failure,100.0,"{'node_level': {}, 'link_level': {}, 'path_level': {}}","{'node_level': {0: {'cpu': -91}, 1: {'cpu': -87}, 2: {'cpu': -67}, 3: {'cpu': -88}, 4: {'cpu': -79}, 5: {'cpu': -68}, 6: {'cpu': -62}, 7: {'cpu': -48}, 8: {'cpu': -44}, 9: {'cpu': -77}}, 'link_level': {(0, 2): {'bw': -27}, (0, 5): {'bw': -14}, (0, 8): {'bw': -21}, (0, 9): {'bw': -32}, (1, 2): {'bw': 100.0}}, 'path_level': {(0, 2): {}, (0, 5): {}, (0, 8): {}, (0, 9): {}, (1, 2): {}}}","{'node_level': {0: {'cpu': 0}, 1: {'cpu': 0}, 2: {'cpu': 0}, 3: {'cpu': 0}, 4: {'cpu': 0}, 5: {'cpu': 0}, 6: {'cpu': 0}, 7: {'cpu': 0}, 8: {'cpu': 0}, 9: {'cpu': 0}}, 'link_level': {(0, 2): {'bw': 0}, (0, 5): {'bw': 0}, (0, 8): {'bw': 0}, (0, 9): {'bw': 0}, (1, 2): {'bw': 100.0}}, 'path_level': {(0, 2): {}, (0, 5): {}, (0, 8): {}, (0, 9): {}, (1, 2): {}}}",[],-inf,-inf,True,False,False,0,[],0,0.0,10.0,5.0
149,23,1,1417.0,3672.0,655388.1009450482,1852372.4682691188,0.3858932461873638,0.35381010686120345,39,273,0,3746.596327773701,9547,4918,4629,0.005258899676375384,0.011108737449262995,112,919.5963277737009,2827.0,9,19,False,{},{},{},{},0.0,0.0,0.0,0.0,0.0,0.0,0.0,0.0,0.0,0.0,0.0,0.0,0.0,0.0,Leave Event,0.0,"{'node_level': {}, 'link_level': {}, 'path_level': {}}","{'node_level': {}, 'link_level': {}, 'path_level': {}}","{'node_level': {}, 'link_level': {}, 'path_level': {}}",[],-inf,-inf,True,True,False,0,[],0,0.0,,
149,23,1,1417.0,3672.0,655388.1009450482,1852372.4682691188,0.3858932461873638,0.35381010686120345,39,274,0,3751.3858523477625,9547,4918,4629,0.005258899676375384,0.011108737449262995,143,140.38585234776247,3611.0,5,7,False,{},{},{},{},0.0,0.0,0.0,0.0,0.0,0.0,0.0,0.0,0.0,0.0,0.0,0.0,0.0,0.0,Leave Event,0.0,"{'node_level': {}, 'link_level': {}, 'path_level': {}}","{'node_level': {}, 'link_level': {}, 'path_level': {}}","{'node_level': {}, 'link_level': {}, 'path_level': {}}",[],-inf,-inf,True,True,False,0,[],0,0.0,,
150,23,1,1417.0,3672.0,655388.1009450482,1852372.4682691188,0.3858932461873638,0.35381010686120345,39,275,1,3759.0,9547,4918,4629,0.005258899676375384,0.011108737449262995,149,73.97620810331965,3759.0,5,6,False,"{0: np.int64(26), 1: np.int64(53), 2: np.int64(29), 3: np.int64(19), 4: np.int64(10)}","{(0, 1): [(np.int64(26), 12), (12, 5), (5, 2), (2, 0), (0, 1), (1, 4), (4, 10), (10, 21), (21, 53)], (0, 3): [(np.int64(26), 12), (12, 5), (5, 2), (2, 0), (0, 1), (1, 4), (4, 9), (9, 19)], (1, 3): []}","{(0, np.int64(26)): {'cpu': 1}, (1, np.int64(53)): {'cpu': 8}, (2, np.int64(29)): {'cpu': 0}, (3, np.int64(19)): {'cpu': 20}, (4, np.int64(10)): {'cpu': 6}}","{((0, 1), (np.int64(26), 12)): {'bw': 16}, ((0, 1), (12, 5)): {'bw': 16}, ((0, 1), (5, 2)): {'bw': 16}, ((0, 1), (2, 0)): {'bw': 16}, ((0, 1), (0, 1)): {'bw': 16}, ((0, 1), (1, 4)): {'bw': 16}, ((0, 1), (4, 10)): {'bw': 16}, ((0, 1), (10, 21)): {'bw': 16}, ((0, 1), (21, 53)): {'bw': 16}, ((0, 3), (np.int64(26), 12)): {'bw': 37}, ((0, 3), (12, 5)): {'bw': 37}, ((0, 3), (5, 2)): {'bw': 37}, ((0, 3), (2, 0)): {'bw': 37}, ((0, 3), (0, 1)): {'bw': 37}, ((0, 3), (1, 4)): {'bw': 37}, ((0, 3), (4, 9)): {'bw': 37}, ((0, 3), (9, 19)): {'bw': 37}}",0.0,0.0,70.0,35.0,145.0,0.0,0.0,0.0,0.0,0.0,0.0,0.0,0.0,0.0,Route Failure,100.0,"{'node_level': {}, 'link_level': {}, 'path_level': {}}","{'node_level': {0: {'cpu': -79}, 1: {'cpu': -92}, 2: {'cpu': -52}, 3: {'cpu': -51}, 4: {'cpu': -74}}, 'link_level': {(0, 1): {'bw': -41}, (0, 3): {'bw': -4}, (1, 3): {'bw': 100.0}}, 'path_level': {(0, 1): {}, (0, 3): {}, (1, 3): {}}}","{'node_level': {0: {'cpu': 0}, 1: {'cpu': 0}, 2: {'cpu': 0}, 3: {'cpu': 0}, 4: {'cpu': 0}}, 'link_level': {(0, 1): {'bw': 0}, (0, 3): {'bw': 0}, (1, 3): {'bw': 100.0}}, 'path_level': {(0, 1): {}, (0, 3): {}, (1, 3): {}}}",[],-inf,-inf,True,False,False,0,[],0,0.0,5.0,3.0
150,23,1,1417.0,3672.0,655388.1009450482,1852372.4682691188,0.3858932461873638,0.35381010686120345,39,276,0,3771.9885026961606,9547,4918,4629,0.005258899676375384,0.011108737449262995,128,537.9885026961606,3234.0,9,18,False,{},{},{},{},0.0,0.0,0.0,0.0,0.0,0.0,0.0,0.0,0.0,0.0,0.0,0.0,0.0,0.0,Leave Event,0.0,"{'node_level': {}, 'link_level': {}, 'path_level': {}}","{'node_level': {}, 'link_level': {}, 'path_level': {}}","{'node_level': {}, 'link_level': {}, 'path_level': {}}",[],-inf,-inf,True,True,False,0,[],0,0.0,,
150,23,1,1417.0,3672.0,655388.1009450482,1852372.4682691188,0.3858932461873638,0.35381010686120345,39,277,0,3782.0280335191846,9547,4918,4629,0.005258899676375384,0.011108737449262995,113,936.0280335191845,2846.0,5,7,False,{},{},{},{},0.0,0.0,0.0,0.0,0.0,0.0,0.0,0.0,0.0,0.0,0.0,0.0,0.0,0.0,Leave Event,0.0,"{'node_level': {}, 'link_level': {}, 'path_level': {}}","{'node_level': {}, 'link_level': {}, 'path_level': {}}","{'node_level': {}, 'link_level': {}, 'path_level': {}}",[],-inf,-inf,True,True,False,0,[],0,0.0,,
151,24,2,1446.0,3706.0,657866.1394045993,1855277.7547389376,0.39017808958445765,0.35459172499870234,39,278,1,3789.0,9513,4894,4619,0.010113268608414216,0.013245033112582738,150,85.44960205349047,3789.0,2,1,True,"{0: np.int64(27), 1: np.int64(28)}","{(0, 1): [(np.int64(27), 13), (13, 28)]}","{(0, np.int64(27)): {'cpu': 4}, (1, np.int64(28)): {'cpu': 20}}","{((0, 1), (np.int64(27), 13)): {'bw': 5}, ((0, 1), (13, 28)): {'bw': 5}}",34.0,29.0,48.0,24.0,5.0,24.0,5.0,24.0,10.0,5.0,0.8529411764705882,2905.286469818676,2478.0384595512237,72.88348410444775,Success,0.0,"{'node_level': {}, 'link_level': {}, 'path_level': {}}","{'node_level': {0: {'cpu': -54}, 1: {'cpu': -79}}, 'link_level': {(0, 1): {'bw': -49}}, 'path_level': {(0, 1): {}}}","{'node_level': {0: {'cpu': 0}, 1: {'cpu': 0}}, 'link_level': {(0, 1): {'bw': 0}}, 'path_level': {(0, 1): {}}}",[],-inf,-inf,True,True,False,0,[],0,0.0,2.0,1.0
151,24,1,1446.0,3706.0,657866.1394045993,1855277.7547389376,0.39017808958445765,0.35459172499870234,39,279,0,3799.4982923965154,9591,4920,4671,0.004854368932038833,0.0021362956633198538,135,378.4982923965151,3421.0,2,1,False,{},{},{},{},0.0,0.0,0.0,0.0,0.0,0.0,0.0,0.0,0.0,0.0,0.0,0.0,0.0,0.0,Leave Event,0.0,"{'node_level': {}, 'link_level': {}, 'path_level': {}}","{'node_level': {}, 'link_level': {}, 'path_level': {}}","{'node_level': {}, 'link_level': {}, 'path_level': {}}",[],-inf,-inf,True,True,False,0,[],0,0.0,,
151,24,1,1446.0,3706.0,657866.1394045993,1855277.7547389376,0.39017808958445765,0.35459172499870234,39,280,0,3808.45061640829,9591,4920,4671,0.004854368932038833,0.0021362956633198538,130,518.45061640829,3290.0,10,24,False,{},{},{},{},0.0,0.0,0.0,0.0,0.0,0.0,0.0,0.0,0.0,0.0,0.0,0.0,0.0,0.0,Leave Event,0.0,"{'node_level': {}, 'link_level': {}, 'path_level': {}}","{'node_level': {}, 'link_level': {}, 'path_level': {}}","{'node_level': {}, 'link_level': {}, 'path_level': {}}",[],-inf,-inf,True,True,False,0,[],0,0.0,,
152,25,2,1584.0,4112.0,666879.0082082906,1881793.8760019713,0.3852140077821012,0.354384726570123,40,281,1,3813.0,9185,4876,4309,0.013754045307443397,0.07947019867549665,151,65.31064350500918,3813.0,4,3,True,"{0: np.int64(43), 1: np.int64(3), 2: np.int64(15), 3: np.int64(18)}","{(0, 3): [(np.int64(43), 27), (27, 13), (13, 6), (6, 2), (2, 0), (0, 1), (1, 3), (3, 8), (8, 18)], (1, 2): [(np.int64(3), 7), (7, 15)], (2, 3): [(np.int64(15), 7), (7, 3), (3, 8), (8, 18)]}","{(0, np.int64(43)): {'cpu': 7}, (1, np.int64(3)): {'cpu': 7}, (2, np.int64(15)): {'cpu': 20}, (3, np.int64(18)): {'cpu': 10}}","{((0, 3), (np.int64(43), 27)): {'bw': 14}, ((0, 3), (27, 13)): {'bw': 14}, ((0, 3), (13, 6)): {'bw': 14}, ((0, 3), (6, 2)): {'bw': 14}, ((0, 3), (2, 0)): {'bw': 14}, ((0, 3), (0, 1)): {'bw': 14}, ((0, 3), (1, 3)): {'bw': 14}, ((0, 3), (3, 8)): {'bw': 14}, ((0, 3), (8, 18)): {'bw': 14}, ((1, 2), (np.int64(3), 7)): {'bw': 42}, ((1, 2), (7, 15)): {'bw': 42}, ((2, 3), (np.int64(15), 7)): {'bw': 38}, ((2, 3), (7, 3)): {'bw': 38}, ((2, 3), (3, 8)): {'bw': 38}, ((2, 3), (8, 18)): {'bw': 38}}",406.0,138.0,88.0,44.0,94.0,44.0,94.0,44.0,362.0,268.0,0.3399014778325123,26516.12126303373,9012.868803691266,22.19918424554499,Success,0.0,"{'node_level': {}, 'link_level': {}, 'path_level': {}}","{'node_level': {0: {'cpu': -74}, 1: {'cpu': -83}, 2: {'cpu': -68}, 3: {'cpu': -40}}, 'link_level': {(0, 3): {'bw': -35}, (1, 2): {'bw': -38}, (2, 3): {'bw': 0}}, 'path_level': {(0, 3): {}, (1, 2): {}, (2, 3): {}}}","{'node_level': {0: {'cpu': 0}, 1: {'cpu': 0}, 2: {'cpu': 0}, 3: {'cpu': 0}}, 'link_level': {(0, 3): {'bw': 0}, (1, 2): {'bw': 0}, (2, 3): {'bw': 0}}, 'path_level': {(0, 3): {}, (1, 2): {}, (2, 3): {}}}",[],-inf,-inf,True,True,False,0,[],0,0.0,4.0,3.0
152,25,2,1584.0,4112.0,666879.0082082906,1881793.8760019713,0.3852140077821012,0.354384726570123,40,282,0,3832.9762081033195,9185,4876,4309,0.013754045307443397,0.07947019867549665,149,73.97620810331965,3759.0,5,6,False,{},{},{},{},0.0,0.0,0.0,0.0,0.0,0.0,0.0,0.0,0.0,0.0,0.0,0.0,0.0,0.0,Leave Event,0.0,"{'node_level': {}, 'link_level': {}, 'path_level': {}}","{'node_level': {}, 'link_level': {}, 'path_level': {}}","{'node_level': {}, 'link_level': {}, 'path_level': {}}",[],-inf,-inf,True,True,False,0,[],0,0.0,,
153,25,2,1584.0,4112.0,666879.0082082906,1881793.8760019713,0.3852140077821012,0.354384726570123,40,283,1,3841.0,9185,4876,4309,0.013754045307443397,0.07947019867549665,152,52.94557096631462,3841.0,6,8,False,"{0: np.int64(59), 1: np.int64(14), 2: np.int64(17), 3: np.int64(19), 4: np.int64(24), 5: np.int64(35)}","{(0, 4): [(np.int64(59), 27), (27, 13), (13, 6), (6, 2), (2, 5), (5, 11), (11, 24)], (1, 2): []}","{(0, np.int64(59)): {'cpu': 3}, (1, np.int64(14)): {'cpu': 11}, (2, np.int64(17)): {'cpu': 2}, (3, np.int64(19)): {'cpu': 8}, (4, np.int64(24)): {'cpu': 4}, (5, np.int64(35)): {'cpu': 5}}","{((0, 4), (np.int64(59), 27)): {'bw': 18}, ((0, 4), (27, 13)): {'bw': 18}, ((0, 4), (13, 6)): {'bw': 18}, ((0, 4), (6, 2)): {'bw': 18}, ((0, 4), (2, 5)): {'bw': 18}, ((0, 4), (5, 11)): {'bw': 18}, ((0, 4), (11, 24)): {'bw': 18}}",0.0,0.0,66.0,33.0,144.0,0.0,0.0,0.0,0.0,0.0,0.0,0.0,0.0,0.0,Route Failure,100.0,"{'node_level': {}, 'link_level': {}, 'path_level': {}}","{'node_level': {0: {'cpu': -97}, 1: {'cpu': -83}, 2: {'cpu': -51}, 3: {'cpu': -63}, 4: {'cpu': -48}, 5: {'cpu': -78}}, 'link_level': {(0, 4): {'bw': -17}, (1, 2): {'bw': 100.0}}, 'path_level': {(0, 4): {}, (1, 2): {}}}","{'node_level': {0: {'cpu': 0}, 1: {'cpu': 0}, 2: {'cpu': 0}, 3: {'cpu': 0}, 4: {'cpu': 0}, 5: {'cpu': 0}}, 'link_level': {(0, 4): {'bw': 0}, (1, 2): {'bw': 100.0}}, 'path_level': {(0, 4): {}, (1, 2): {}}}",[],-inf,-inf,True,False,False,0,[],0,0.0,6.0,2.0
153,25,2,1584.0,4112.0,666879.0082082906,1881793.8760019713,0.3852140077821012,0.354384726570123,40,284,0,3857.9248855925075,9185,4876,4309,0.013754045307443397,0.07947019867549665,132,514.9248855925074,3343.0,6,7,False,{},{},{},{},0.0,0.0,0.0,0.0,0.0,0.0,0.0,0.0,0.0,0.0,0.0,0.0,0.0,0.0,Leave Event,0.0,"{'node_level': {}, 'link_level': {}, 'path_level': {}}","{'node_level': {}, 'link_level': {}, 'path_level': {}}","{'node_level': {}, 'link_level': {}, 'path_level': {}}",[],-inf,-inf,True,True,False,0,[],0,0.0,,
154,25,2,1584.0,4112.0,666879.0082082906,1881793.8760019713,0.3852140077821012,0.354384726570123,40,285,1,3862.0,9185,4876,4309,0.013754045307443397,0.07947019867549665,153,683.8328891316802,3862.0,8,16,False,"{0: np.int64(62), 1: np.int64(27), 2: np.int64(34), 3: np.int64(51), 4: np.int64(56), 5: np.int64(44), 6: np.int64(3), 7: np.int64(58)}","{(0, 1): []}","{(0, np.int64(62)): {'cpu': 5}, (1, np.int64(27)): {'cpu': 16}, (2, np.int64(34)): {'cpu': 3}, (3, np.int64(51)): {'cpu': 1}, (4, np.int64(56)): {'cpu': 4}, (5, np.int64(44)): {'cpu': 3}, (6, np.int64(3)): {'cpu': 9}, (7, np.int64(58)): {'cpu': 12}}",{},0.0,0.0,106.0,53.0,454.0,0.0,0.0,0.0,0.0,0.0,0.0,0.0,0.0,0.0,Route Failure,100.0,"{'node_level': {}, 'link_level': {}, 'path_level': {}}","{'node_level': {0: {'cpu': -90}, 1: {'cpu': -38}, 2: {'cpu': -92}, 3: {'cpu': -61}, 4: {'cpu': -49}, 5: {'cpu': -97}, 6: {'cpu': -74}, 7: {'cpu': -61}}, 'link_level': {(0, 1): {'bw': 100.0}}, 'path_level': {(0, 1): {}}}","{'node_level': {0: {'cpu': 0}, 1: {'cpu': 0}, 2: {'cpu': 0}, 3: {'cpu': 0}, 4: {'cpu': 0}, 5: {'cpu': 0}, 6: {'cpu': 0}, 7: {'cpu': 0}}, 'link_level': {(0, 1): {'bw': 100.0}}, 'path_level': {(0, 1): {}}}",[],-inf,-inf,True,False,False,0,[],0,0.0,8.0,1.0
154,25,2,1584.0,4112.0,666879.0082082906,1881793.8760019713,0.3852140077821012,0.354384726570123,40,286,0,3863.6649636533975,9185,4876,4309,0.013754045307443397,0.07947019867549665,137,387.6649636533973,3476.0,8,11,False,{},{},{},{},0.0,0.0,0.0,0.0,0.0,0.0,0.0,0.0,0.0,0.0,0.0,0.0,0.0,0.0,Leave Event,0.0,"{'node_level': {}, 'link_level': {}, 'path_level': {}}","{'node_level': {}, 'link_level': {}, 'path_level': {}}","{'node_level': {}, 'link_level': {}, 'path_level': {}}",[],-inf,-inf,True,True,False,0,[],0,0.0,,
154,25,1,1584.0,4112.0,666879.0082082906,1881793.8760019713,0.3852140077821012,0.354384726570123,40,287,0,3874.4496020534903,9219,4900,4319,0.008899676375404564,0.07733390301217691,150,85.44960205349047,3789.0,2,1,False,{},{},{},{},0.0,0.0,0.0,0.0,0.0,0.0,0.0,0.0,0.0,0.0,0.0,0.0,0.0,0.0,Leave Event,0.0,"{'node_level': {}, 'link_level': {}, 'path_level': {}}","{'node_level': {}, 'link_level': {}, 'path_level': {}}","{'node_level': {}, 'link_level': {}, 'path_level': {}}",[],-inf,-inf,True,True,False,0,[],0,0.0,,
154,25,1,1584.0,4112.0,666879.0082082906,1881793.8760019713,0.3852140077821012,0.354384726570123,40,288,0,3875.706558733738,9219,4900,4319,0.008899676375404564,0.07733390301217691,139,364.7065587337378,3511.0,5,7,False,{},{},{},{},0.0,0.0,0.0,0.0,0.0,0.0,0.0,0.0,0.0,0.0,0.0,0.0,0.0,0.0,Leave Event,0.0,"{'node_level': {}, 'link_level': {}, 'path_level': {}}","{'node_level': {}, 'link_level': {}, 'path_level': {}}","{'node_level': {}, 'link_level': {}, 'path_level': {}}",[],-inf,-inf,True,True,False,0,[],0,0.0,,
154,25,0,1584.0,4112.0,666879.0082082906,1881793.8760019713,0.3852140077821012,0.354384726570123,40,289,0,3878.310643505009,9625,4944,4681,0.0,0.0,151,65.31064350500918,3813.0,4,3,False,{},{},{},{},0.0,0.0,0.0,0.0,0.0,0.0,0.0,0.0,0.0,0.0,0.0,0.0,0.0,0.0,Leave Event,0.0,"{'node_level': {}, 'link_level': {}, 'path_level': {}}","{'node_level': {}, 'link_level': {}, 'path_level': {}}","{'node_level': {}, 'link_level': {}, 'path_level': {}}",[],-inf,-inf,True,True,False,0,[],0,0.0,,
155,26,1,1668.0,4327.0,711952.1014508889,1997159.5313252886,0.38548648024035126,0.35648233918421474,41,290,1,3883.0,9410,4902,4508,0.008495145631068013,0.03695791497543255,154,536.5844433642666,3883.0,3,3,True,"{0: np.int64(12), 1: np.int64(14), 2: np.int64(28)}","{(0, 1): [(np.int64(12), 5), (5, 2), (2, 6), (6, 14)], (0, 2): [(np.int64(12), 5), (5, 2), (2, 6), (6, 13), (13, 28)], (1, 2): [(np.int64(14), 6), (6, 13), (13, 28)]}","{(0, np.int64(12)): {'cpu': 18}, (1, np.int64(14)): {'cpu': 5}, (2, np.int64(28)): {'cpu': 19}}","{((0, 1), (np.int64(12), 5)): {'bw': 15}, ((0, 1), (5, 2)): {'bw': 15}, ((0, 1), (2, 6)): {'bw': 15}, ((0, 1), (6, 14)): {'bw': 15}, ((0, 2), (np.int64(12), 5)): {'bw': 16}, ((0, 2), (5, 2)): {'bw': 16}, ((0, 2), (2, 6)): {'bw': 16}, ((0, 2), (6, 13)): {'bw': 16}, ((0, 2), (13, 28)): {'bw': 16}, ((1, 2), (np.int64(14), 6)): {'bw': 11}, ((1, 2), (6, 13)): {'bw': 11}, ((1, 2), (13, 28)): {'bw': 11}}",215.0,84.0,84.0,42.0,42.0,42.0,42.0,42.0,173.0,131.0,0.39069767441860465,115365.65532331732,45073.09324259839,209.64229415162043,Success,0.0,"{'node_level': {}, 'link_level': {}, 'path_level': {}}","{'node_level': {0: {'cpu': -68}, 1: {'cpu': -89}, 2: {'cpu': -80}}, 'link_level': {(0, 1): {'bw': -43}, (0, 2): {'bw': -27}, (1, 2): {'bw': -32}}, 'path_level': {(0, 1): {}, (0, 2): {}, (1, 2): {}}}","{'node_level': {0: {'cpu': 0}, 1: {'cpu': 0}, 2: {'cpu': 0}}, 'link_level': {(0, 1): {'bw': 0}, (0, 2): {'bw': 0}, (1, 2): {'bw': 0}}, 'path_level': {(0, 1): {}, (0, 2): {}, (1, 2): {}}}",[],-inf,-inf,True,True,False,0,[],0,0.0,3.0,3.0
155,26,1,1668.0,4327.0,711952.1014508889,1997159.5313252886,0.38548648024035126,0.35648233918421474,41,291,0,3893.945570966315,9410,4902,4508,0.008495145631068013,0.03695791497543255,152,52.94557096631462,3841.0,6,8,False,{},{},{},{},0.0,0.0,0.0,0.0,0.0,0.0,0.0,0.0,0.0,0.0,0.0,0.0,0.0,0.0,Leave Event,0.0,"{'node_level': {}, 'link_level': {}, 'path_level': {}}","{'node_level': {}, 'link_level': {}, 'path_level': {}}","{'node_level': {}, 'link_level': {}, 'path_level': {}}",[],-inf,-inf,True,True,False,0,[],0,0.0,,
155,26,1,1668.0,4327.0,711952.1014508889,1997159.5313252886,0.38548648024035126,0.35648233918421474,41,292,0,3909.5972642251863,9410,4902,4508,0.008495145631068013,0.03695791497543255,101,1355.5972642251866,2554.0,3,3,False,{},{},{},{},0.0,0.0,0.0,0.0,0.0,0.0,0.0,0.0,0.0,0.0,0.0,0.0,0.0,0.0,Leave Event,0.0,"{'node_level': {}, 'link_level': {}, 'path_level': {}}","{'node_level': {}, 'link_level': {}, 'path_level': {}}","{'node_level': {}, 'link_level': {}, 'path_level': {}}",[],-inf,-inf,True,True,False,0,[],0,0.0,,
156,27,2,1699.0,4460.0,722224.3295825544,2041230.7036321114,0.38094170403587446,0.35381808058121395,41,293,1,3910.0,9277,4888,4389,0.01132686084142398,0.062379833368938264,155,331.362197795661,3910.0,2,1,True,"{0: np.int64(18), 1: np.int64(37)}","{(0, 1): [(np.int64(18), 8), (8, 3), (3, 1), (1, 4), (4, 10), (10, 21), (21, 37)]}","{(0, np.int64(18)): {'cpu': 12}, (1, np.int64(37)): {'cpu': 2}}","{((0, 1), (np.int64(18), 8)): {'bw': 17}, ((0, 1), (8, 3)): {'bw': 17}, ((0, 1), (3, 1)): {'bw': 17}, ((0, 1), (1, 4)): {'bw': 17}, ((0, 1), (4, 10)): {'bw': 17}, ((0, 1), (10, 21)): {'bw': 17}, ((0, 1), (21, 37)): {'bw': 17}}",133.0,31.0,28.0,14.0,17.0,14.0,17.0,14.0,119.0,102.0,0.23308270676691728,44071.17230682292,10272.228131665492,77.2347979824473,Success,0.0,"{'node_level': {}, 'link_level': {}, 'path_level': {}}","{'node_level': {0: {'cpu': -38}, 1: {'cpu': -93}}, 'link_level': {(0, 1): {'bw': -37}}, 'path_level': {(0, 1): {}}}","{'node_level': {0: {'cpu': 0}, 1: {'cpu': 0}}, 'link_level': {(0, 1): {'bw': 0}}, 'path_level': {(0, 1): {}}}",[],-inf,-inf,True,True,False,0,[],0,0.0,2.0,1.0
156,27,2,1699.0,4460.0,722224.3295825544,2041230.7036321114,0.38094170403587446,0.35381808058121395,41,294,0,3916.2060952425327,9277,4888,4389,0.01132686084142398,0.062379833368938264,146,231.2060952425329,3685.0,3,2,False,{},{},{},{},0.0,0.0,0.0,0.0,0.0,0.0,0.0,0.0,0.0,0.0,0.0,0.0,0.0,0.0,Leave Event,0.0,"{'node_level': {}, 'link_level': {}, 'path_level': {}}","{'node_level': {}, 'link_level': {}, 'path_level': {}}","{'node_level': {}, 'link_level': {}, 'path_level': {}}",[],-inf,-inf,True,True,False,0,[],0,0.0,,
157,27,2,1699.0,4460.0,722224.3295825544,2041230.7036321114,0.38094170403587446,0.35381808058121395,41,295,1,3933.0,9277,4888,4389,0.01132686084142398,0.062379833368938264,156,253.62255602646934,3933.0,5,6,False,"{0: np.int64(18), 1: np.int64(41), 2: np.int64(59), 3: np.int64(3), 4: np.int64(23)}","{(0, 1): [(np.int64(18), 8), (8, 3), (3, 1), (1, 0), (0, 2), (2, 5), (5, 12), (12, 25), (25, 41)], (0, 2): []}","{(0, np.int64(18)): {'cpu': 4}, (1, np.int64(41)): {'cpu': 8}, (2, np.int64(59)): {'cpu': 17}, (3, np.int64(3)): {'cpu': 7}, (4, np.int64(23)): {'cpu': 1}}","{((0, 1), (np.int64(18), 8)): {'bw': 16}, ((0, 1), (8, 3)): {'bw': 16}, ((0, 1), (3, 1)): {'bw': 16}, ((0, 1), (1, 0)): {'bw': 16}, ((0, 1), (0, 2)): {'bw': 16}, ((0, 1), (2, 5)): {'bw': 16}, ((0, 1), (5, 12)): {'bw': 16}, ((0, 1), (12, 25)): {'bw': 16}, ((0, 1), (25, 41)): {'bw': 16}}",0.0,0.0,74.0,37.0,147.0,0.0,0.0,0.0,0.0,0.0,0.0,0.0,0.0,0.0,Route Failure,100.0,"{'node_level': {}, 'link_level': {}, 'path_level': {}}","{'node_level': {0: {'cpu': -34}, 1: {'cpu': -57}, 2: {'cpu': -83}, 3: {'cpu': -83}, 4: {'cpu': -87}}, 'link_level': {(0, 1): {'bw': -11}, (0, 2): {'bw': 100.0}}, 'path_level': {(0, 1): {}, (0, 2): {}}}","{'node_level': {0: {'cpu': 0}, 1: {'cpu': 0}, 2: {'cpu': 0}, 3: {'cpu': 0}, 4: {'cpu': 0}}, 'link_level': {(0, 1): {'bw': 0}, (0, 2): {'bw': 100.0}}, 'path_level': {(0, 1): {}, (0, 2): {}}}",[],-inf,-inf,True,False,False,0,[],0,0.0,5.0,2.0
158,27,2,1699.0,4460.0,722224.3295825544,2041230.7036321114,0.38094170403587446,0.35381808058121395,41,296,1,3953.0,9277,4888,4389,0.01132686084142398,0.062379833368938264,157,282.6023746092864,3953.0,3,3,False,"{0: np.int64(35), 1: np.int64(7), 2: np.int64(32)}","{(0, 1): []}","{(0, np.int64(35)): {'cpu': 11}, (1, np.int64(7)): {'cpu': 19}, (2, np.int64(32)): {'cpu': 13}}",{},0.0,0.0,86.0,43.0,87.0,0.0,0.0,0.0,0.0,0.0,0.0,0.0,0.0,0.0,Route Failure,100.0,"{'node_level': {}, 'link_level': {}, 'path_level': {}}","{'node_level': {0: {'cpu': -72}, 1: {'cpu': -40}, 2: {'cpu': -77}}, 'link_level': {(0, 1): {'bw': 100.0}}, 'path_level': {(0, 1): {}}}","{'node_level': {0: {'cpu': 0}, 1: {'cpu': 0}, 2: {'cpu': 0}}, 'link_level': {(0, 1): {'bw': 100.0}}, 'path_level': {(0, 1): {}}}",[],-inf,-inf,True,False,False,0,[],0,0.0,3.0,1.0
159,28,3,1815.0,4871.0,839779.1910153308,2457739.7385361725,0.37261342640114964,0.3416875993206272,42,297,1,3975.0,8866,4851,4015,0.018810679611650505,0.14227729117709886,158,1013.4039778687622,3975.0,4,3,True,"{0: np.int64(15), 1: np.int64(44), 2: np.int64(60), 3: np.int64(12)}","{(0, 1): [(np.int64(15), 7), (7, 3), (3, 1), (1, 0), (0, 2), (2, 6), (6, 13), (13, 28), (28, 44)], (0, 3): [(np.int64(15), 7), (7, 3), (3, 1), (1, 0), (0, 2), (2, 5), (5, 12)], (1, 2): [(np.int64(44), 28), (28, 60)]}","{(0, np.int64(15)): {'cpu': 4}, (1, np.int64(44)): {'cpu': 2}, (2, np.int64(60)): {'cpu': 16}, (3, np.int64(12)): {'cpu': 15}}","{((0, 1), (np.int64(15), 7)): {'bw': 18}, ((0, 1), (7, 3)): {'bw': 18}, ((0, 1), (3, 1)): {'bw': 18}, ((0, 1), (1, 0)): {'bw': 18}, ((0, 1), (0, 2)): {'bw': 18}, ((0, 1), (2, 6)): {'bw': 18}, ((0, 1), (6, 13)): {'bw': 18}, ((0, 1), (13, 28)): {'bw': 18}, ((0, 1), (28, 44)): {'bw': 18}, ((0, 3), (np.int64(15), 7)): {'bw': 18}, ((0, 3), (7, 3)): {'bw': 18}, ((0, 3), (3, 1)): {'bw': 18}, ((0, 3), (1, 0)): {'bw': 18}, ((0, 3), (0, 2)): {'bw': 18}, ((0, 3), (2, 5)): {'bw': 18}, ((0, 3), (5, 12)): {'bw': 18}, ((1, 2), (np.int64(44), 28)): {'bw': 43}, ((1, 2), (28, 60)): {'bw': 43}}",411.0,116.0,74.0,37.0,79.0,37.0,79.0,37.0,374.0,295.0,0.2822384428223844,416509.0349040613,117554.86143277642,286.02156066368957,Success,0.0,"{'node_level': {}, 'link_level': {}, 'path_level': {}}","{'node_level': {0: {'cpu': -84}, 1: {'cpu': -98}, 2: {'cpu': -40}, 3: {'cpu': -53}}, 'link_level': {(0, 1): {'bw': -22}, (0, 3): {'bw': -6}, (1, 2): {'bw': -22}}, 'path_level': {(0, 1): {}, (0, 3): {}, (1, 2): {}}}","{'node_level': {0: {'cpu': 0}, 1: {'cpu': 0}, 2: {'cpu': 0}, 3: {'cpu': 0}}, 'link_level': {(0, 1): {'bw': 0}, (0, 3): {'bw': 0}, (1, 2): {'bw': 0}}, 'path_level': {(0, 1): {}, (0, 3): {}, (1, 2): {}}}",[],-inf,-inf,True,True,False,0,[],0,0.0,4.0,3.0
159,28,3,1815.0,4871.0,839779.1910153308,2457739.7385361725,0.37261342640114964,0.3416875993206272,42,298,0,3981.4430246170027,8866,4851,4015,0.018810679611650505,0.14227729117709886,147,265.4430246170026,3716.0,6,8,False,{},{},{},{},0.0,0.0,0.0,0.0,0.0,0.0,0.0,0.0,0.0,0.0,0.0,0.0,0.0,0.0,Leave Event,0.0,"{'node_level': {}, 'link_level': {}, 'path_level': {}}","{'node_level': {}, 'link_level': {}, 'path_level': {}}","{'node_level': {}, 'link_level': {}, 'path_level': {}}",[],-inf,-inf,True,True,False,0,[],0,0.0,,
160,28,3,1815.0,4871.0,839779.1910153308,2457739.7385361725,0.37261342640114964,0.3416875993206272,42,299,1,3994.0,8866,4851,4015,0.018810679611650505,0.14227729117709886,159,681.2293322007966,3994.0,5,4,False,"{0: np.int64(5), 1: np.int64(23), 2: np.int64(21), 3: np.int64(25), 4: np.int64(45)}","{(0, 1): [(np.int64(5), 11), (11, 23)], (0, 3): []}","{(0, np.int64(5)): {'cpu': 2}, (1, np.int64(23)): {'cpu': 2}, (2, np.int64(21)): {'cpu': 13}, (3, np.int64(25)): {'cpu': 0}, (4, np.int64(45)): {'cpu': 19}}","{((0, 1), (np.int64(5), 11)): {'bw': 4}, ((0, 1), (11, 23)): {'bw': 4}}",0.0,0.0,72.0,36.0,110.0,0.0,0.0,0.0,0.0,0.0,0.0,0.0,0.0,0.0,Route Failure,100.0,"{'node_level': {}, 'link_level': {}, 'path_level': {}}","{'node_level': {0: {'cpu': -56}, 1: {'cpu': -86}, 2: {'cpu': -46}, 3: {'cpu': -96}, 4: {'cpu': -48}}, 'link_level': {(0, 1): {'bw': -86}, (0, 3): {'bw': 100.0}}, 'path_level': {(0, 1): {}, (0, 3): {}}}","{'node_level': {0: {'cpu': 0}, 1: {'cpu': 0}, 2: {'cpu': 0}, 3: {'cpu': 0}, 4: {'cpu': 0}}, 'link_level': {(0, 1): {'bw': 0}, (0, 3): {'bw': 100.0}}, 'path_level': {(0, 1): {}, (0, 3): {}}}",[],-inf,-inf,True,False,False,0,[],0,0.0,5.0,2.0
161,28,3,1815.0,4871.0,839779.1910153308,2457739.7385361725,0.37261342640114964,0.3416875993206272,42,300,1,4020.0,8866,4851,4015,0.018810679611650505,0.14227729117709886,160,358.20422773155315,4020.0,4,4,False,"{0: np.int64(5), 1: np.int64(28), 2: np.int64(8), 3: np.int64(57)}","{(0, 1): [(np.int64(5), 2), (2, 6), (6, 13), (13, 28)], (0, 2): []}","{(0, np.int64(5)): {'cpu': 2}, (1, np.int64(28)): {'cpu': 11}, (2, np.int64(8)): {'cpu': 15}, (3, np.int64(57)): {'cpu': 7}}","{((0, 1), (np.int64(5), 2)): {'bw': 19}, ((0, 1), (2, 6)): {'bw': 19}, ((0, 1), (6, 13)): {'bw': 19}, ((0, 1), (13, 28)): {'bw': 19}}",0.0,0.0,70.0,35.0,64.0,0.0,0.0,0.0,0.0,0.0,0.0,0.0,0.0,0.0,Route Failure,100.0,"{'node_level': {}, 'link_level': {}, 'path_level': {}}","{'node_level': {0: {'cpu': -56}, 1: {'cpu': -69}, 2: {'cpu': -74}, 3: {'cpu': -54}}, 'link_level': {(0, 1): {'bw': -3}, (0, 2): {'bw': 100.0}}, 'path_level': {(0, 1): {}, (0, 2): {}}}","{'node_level': {0: {'cpu': 0}, 1: {'cpu': 0}, 2: {'cpu': 0}, 3: {'cpu': 0}}, 'link_level': {(0, 1): {'bw': 0}, (0, 2): {'bw': 100.0}}, 'path_level': {(0, 1): {}, (0, 2): {}}}",[],-inf,-inf,True,False,False,0,[],0,0.0,4.0,2.0
162,28,3,1815.0,4871.0,839779.1910153308,2457739.7385361725,0.37261342640114964,0.3416875993206272,42,301,1,4041.0,8866,4851,4015,0.018810679611650505,0.14227729117709886,161,684.3612758195914,4041.0,7,11,False,"{0: np.int64(56), 1: np.int64(0), 2: np.int64(5), 3: np.int64(54), 4: np.int64(18), 5: np.int64(28), 6: np.int64(51)}","{(0, 4): []}","{(0, np.int64(56)): {'cpu': 6}, (1, np.int64(0)): {'cpu': 12}, (2, np.int64(5)): {'cpu': 1}, (3, np.int64(54)): {'cpu': 1}, (4, np.int64(18)): {'cpu': 13}, (5, np.int64(28)): {'cpu': 15}, (6, np.int64(51)): {'cpu': 13}}",{},0.0,0.0,122.0,61.0,339.0,0.0,0.0,0.0,0.0,0.0,0.0,0.0,0.0,0.0,Route Failure,100.0,"{'node_level': {}, 'link_level': {}, 'path_level': {}}","{'node_level': {0: {'cpu': -47}, 1: {'cpu': -84}, 2: {'cpu': -57}, 3: {'cpu': -79}, 4: {'cpu': -25}, 5: {'cpu': -65}, 6: {'cpu': -49}}, 'link_level': {(0, 4): {'bw': 100.0}}, 'path_level': {(0, 4): {}}}","{'node_level': {0: {'cpu': 0}, 1: {'cpu': 0}, 2: {'cpu': 0}, 3: {'cpu': 0}, 4: {'cpu': 0}, 5: {'cpu': 0}, 6: {'cpu': 0}}, 'link_level': {(0, 4): {'bw': 100.0}}, 'path_level': {(0, 4): {}}}",[],-inf,-inf,True,False,False,0,[],0,0.0,7.0,1.0
163,28,3,1815.0,4871.0,839779.1910153308,2457739.7385361725,0.37261342640114964,0.3416875993206272,42,302,1,4063.0,8866,4851,4015,0.018810679611650505,0.14227729117709886,162,112.18609584629425,4063.0,4,3,False,"{0: np.int64(60), 1: np.int64(40), 2: np.int64(45), 3: np.int64(1)}","{(0, 3): []}","{(0, np.int64(60)): {'cpu': 1}, (1, np.int64(40)): {'cpu': 2}, (2, np.int64(45)): {'cpu': 13}, (3, np.int64(1)): {'cpu': 12}}",{},0.0,0.0,56.0,28.0,94.0,0.0,0.0,0.0,0.0,0.0,0.0,0.0,0.0,0.0,Route Failure,100.0,"{'node_level': {}, 'link_level': {}, 'path_level': {}}","{'node_level': {0: {'cpu': -39}, 1: {'cpu': -98}, 2: {'cpu': -54}, 3: {'cpu': -43}}, 'link_level': {(0, 3): {'bw': 100.0}}, 'path_level': {(0, 3): {}}}","{'node_level': {0: {'cpu': 0}, 1: {'cpu': 0}, 2: {'cpu': 0}, 3: {'cpu': 0}}, 'link_level': {(0, 3): {'bw': 100.0}}, 'path_level': {(0, 3): {}}}",[],-inf,-inf,True,False,False,0,[],0,0.0,4.0,1.0
164,28,3,1815.0,4871.0,839779.1910153308,2457739.7385361725,0.37261342640114964,0.3416875993206272,42,303,1,4093.0,8866,4851,4015,0.018810679611650505,0.14227729117709886,163,2480.294721911595,4093.0,9,21,False,"{0: np.int64(25), 1: np.int64(16), 2: np.int64(12), 3: np.int64(45), 4: np.int64(28), 5: np.int64(55), 6: np.int64(6), 7: np.int64(42), 8: np.int64(13)}","{(0, 1): []}","{(0, np.int64(25)): {'cpu': 18}, (1, np.int64(16)): {'cpu': 1}, (2, np.int64(12)): {'cpu': 17}, (3, np.int64(45)): {'cpu': 5}, (4, np.int64(28)): {'cpu': 10}, (5, np.int64(55)): {'cpu': 1}, (6, np.int64(6)): {'cpu': 6}, (7, np.int64(42)): {'cpu': 15}, (8, np.int64(13)): {'cpu': 6}}",{},0.0,0.0,158.0,79.0,560.0,0.0,0.0,0.0,0.0,0.0,0.0,0.0,0.0,0.0,Route Failure,100.0,"{'node_level': {}, 'link_level': {}, 'path_level': {}}","{'node_level': {0: {'cpu': -78}, 1: {'cpu': -91}, 2: {'cpu': -36}, 3: {'cpu': -62}, 4: {'cpu': -70}, 5: {'cpu': -71}, 6: {'cpu': -94}, 7: {'cpu': -69}, 8: {'cpu': -94}}, 'link_level': {(0, 1): {'bw': 100.0}}, 'path_level': {(0, 1): {}}}","{'node_level': {0: {'cpu': 0}, 1: {'cpu': 0}, 2: {'cpu': 0}, 3: {'cpu': 0}, 4: {'cpu': 0}, 5: {'cpu': 0}, 6: {'cpu': 0}, 7: {'cpu': 0}, 8: {'cpu': 0}}, 'link_level': {(0, 1): {'bw': 100.0}}, 'path_level': {(0, 1): {}}}",[],-inf,-inf,True,False,False,0,[],0,0.0,9.0,1.0
164,28,3,1815.0,4871.0,839779.1910153308,2457739.7385361725,0.37261342640114964,0.3416875993206272,42,304,0,4113.7771634749415,8866,4851,4015,0.018810679611650505,0.14227729117709886,125,948.7771634749412,3165.0,7,14,False,{},{},{},{},0.0,0.0,0.0,0.0,0.0,0.0,0.0,0.0,0.0,0.0,0.0,0.0,0.0,0.0,Leave Event,0.0,"{'node_level': {}, 'link_level': {}, 'path_level': {}}","{'node_level': {}, 'link_level': {}, 'path_level': {}}","{'node_level': {}, 'link_level': {}, 'path_level': {}}",[],-inf,-inf,True,True,False,0,[],0,0.0,,
165,28,3,1815.0,4871.0,839779.1910153308,2457739.7385361725,0.37261342640114964,0.3416875993206272,42,305,1,4118.0,8866,4851,4015,0.018810679611650505,0.14227729117709886,164,263.0382195028958,4118.0,7,11,False,"{0: np.int64(37), 1: np.int64(18), 2: np.int64(50), 3: np.int64(19), 4: np.int64(40), 5: np.int64(25), 6: np.int64(54)}","{(0, 4): []}","{(0, np.int64(37)): {'cpu': 16}, (1, np.int64(18)): {'cpu': 3}, (2, np.int64(50)): {'cpu': 11}, (3, np.int64(19)): {'cpu': 20}, (4, np.int64(40)): {'cpu': 13}, (5, np.int64(25)): {'cpu': 12}, (6, np.int64(54)): {'cpu': 13}}",{},0.0,0.0,176.0,88.0,274.0,0.0,0.0,0.0,0.0,0.0,0.0,0.0,0.0,0.0,Route Failure,100.0,"{'node_level': {}, 'link_level': {}, 'path_level': {}}","{'node_level': {0: {'cpu': -77}, 1: {'cpu': -35}, 2: {'cpu': -87}, 3: {'cpu': -51}, 4: {'cpu': -87}, 5: {'cpu': -84}, 6: {'cpu': -67}}, 'link_level': {(0, 4): {'bw': 100.0}}, 'path_level': {(0, 4): {}}}","{'node_level': {0: {'cpu': 0}, 1: {'cpu': 0}, 2: {'cpu': 0}, 3: {'cpu': 0}, 4: {'cpu': 0}, 5: {'cpu': 0}, 6: {'cpu': 0}}, 'link_level': {(0, 4): {'bw': 100.0}}, 'path_level': {(0, 4): {}}}",[],-inf,-inf,True,False,False,0,[],0,0.0,7.0,1.0
166,28,3,1815.0,4871.0,839779.1910153308,2457739.7385361725,0.37261342640114964,0.3416875993206272,42,306,1,4137.0,8866,4851,4015,0.018810679611650505,0.14227729117709886,165,556.732700058624,4137.0,8,9,False,"{0: np.int64(59), 1: np.int64(2), 2: np.int64(32), 3: np.int64(1), 4: np.int64(26), 5: np.int64(57), 6: np.int64(16), 7: np.int64(18)}","{(0, 2): []}","{(0, np.int64(59)): {'cpu': 10}, (1, np.int64(2)): {'cpu': 6}, (2, np.int64(32)): {'cpu': 3}, (3, np.int64(1)): {'cpu': 12}, (4, np.int64(26)): {'cpu': 8}, (5, np.int64(57)): {'cpu': 18}, (6, np.int64(16)): {'cpu': 11}, (7, np.int64(18)): {'cpu': 2}}",{},0.0,0.0,140.0,70.0,260.0,0.0,0.0,0.0,0.0,0.0,0.0,0.0,0.0,0.0,Route Failure,100.0,"{'node_level': {}, 'link_level': {}, 'path_level': {}}","{'node_level': {0: {'cpu': -90}, 1: {'cpu': -45}, 2: {'cpu': -87}, 3: {'cpu': -43}, 4: {'cpu': -72}, 5: {'cpu': -43}, 6: {'cpu': -81}, 7: {'cpu': -36}}, 'link_level': {(0, 2): {'bw': 100.0}}, 'path_level': {(0, 2): {}}}","{'node_level': {0: {'cpu': 0}, 1: {'cpu': 0}, 2: {'cpu': 0}, 3: {'cpu': 0}, 4: {'cpu': 0}, 5: {'cpu': 0}, 6: {'cpu': 0}, 7: {'cpu': 0}}, 'link_level': {(0, 2): {'bw': 100.0}}, 'path_level': {(0, 2): {}}}",[],-inf,-inf,True,False,False,0,[],0,0.0,8.0,1.0
167,28,3,1815.0,4871.0,839779.1910153308,2457739.7385361725,0.37261342640114964,0.3416875993206272,42,307,1,4168.0,8866,4851,4015,0.018810679611650505,0.14227729117709886,166,170.1321113306077,4168.0,7,13,False,"{0: np.int64(17), 1: np.int64(6), 2: np.int64(54), 3: np.int64(44), 4: np.int64(60), 5: np.int64(9), 6: np.int64(56)}","{(0, 1): []}","{(0, np.int64(17)): {'cpu': 11}, (1, np.int64(6)): {'cpu': 20}, (2, np.int64(54)): {'cpu': 19}, (3, np.int64(44)): {'cpu': 15}, (4, np.int64(60)): {'cpu': 4}, (5, np.int64(9)): {'cpu': 1}, (6, np.int64(56)): {'cpu': 19}}",{},0.0,0.0,178.0,89.0,290.0,0.0,0.0,0.0,0.0,0.0,0.0,0.0,0.0,0.0,Route Failure,100.0,"{'node_level': {}, 'link_level': {}, 'path_level': {}}","{'node_level': {0: {'cpu': -42}, 1: {'cpu': -80}, 2: {'cpu': -61}, 3: {'cpu': -83}, 4: {'cpu': -36}, 5: {'cpu': -94}, 6: {'cpu': -34}}, 'link_level': {(0, 1): {'bw': 100.0}}, 'path_level': {(0, 1): {}}}","{'node_level': {0: {'cpu': 0}, 1: {'cpu': 0}, 2: {'cpu': 0}, 3: {'cpu': 0}, 4: {'cpu': 0}, 5: {'cpu': 0}, 6: {'cpu': 0}}, 'link_level': {(0, 1): {'bw': 100.0}}, 'path_level': {(0, 1): {}}}",[],-inf,-inf,True,False,False,0,[],0,0.0,7.0,1.0
167,28,3,1815.0,4871.0,839779.1910153308,2457739.7385361725,0.37261342640114964,0.3416875993206272,42,308,0,4175.186095846294,8866,4851,4015,0.018810679611650505,0.14227729117709886,162,112.18609584629425,4063.0,4,3,False,{},{},{},{},0.0,0.0,0.0,0.0,0.0,0.0,0.0,0.0,0.0,0.0,0.0,0.0,0.0,0.0,Leave Event,0.0,"{'node_level': {}, 'link_level': {}, 'path_level': {}}","{'node_level': {}, 'link_level': {}, 'path_level': {}}","{'node_level': {}, 'link_level': {}, 'path_level': {}}",[],-inf,-inf,True,True,False,0,[],0,0.0,,
167,28,3,1815.0,4871.0,839779.1910153308,2457739.7385361725,0.37261342640114964,0.3416875993206272,42,309,0,4186.622556026469,8866,4851,4015,0.018810679611650505,0.14227729117709886,156,253.62255602646934,3933.0,5,6,False,{},{},{},{},0.0,0.0,0.0,0.0,0.0,0.0,0.0,0.0,0.0,0.0,0.0,0.0,0.0,0.0,Leave Event,0.0,"{'node_level': {}, 'link_level': {}, 'path_level': {}}","{'node_level': {}, 'link_level': {}, 'path_level': {}}","{'node_level': {}, 'link_level': {}, 'path_level': {}}",[],-inf,-inf,True,True,False,0,[],0,0.0,,
168,28,3,1815.0,4871.0,839779.1910153308,2457739.7385361725,0.37261342640114964,0.3416875993206272,42,310,1,4189.0,8866,4851,4015,0.018810679611650505,0.14227729117709886,167,699.971730922661,4189.0,8,14,False,"{0: np.int64(42), 1: np.int64(48), 2: np.int64(60), 3: np.int64(28), 4: np.int64(25), 5: np.int64(21), 6: np.int64(54), 7: np.int64(53)}","{(0, 1): []}","{(0, np.int64(42)): {'cpu': 15}, (1, np.int64(48)): {'cpu': 17}, (2, np.int64(60)): {'cpu': 8}, (3, np.int64(28)): {'cpu': 18}, (4, np.int64(25)): {'cpu': 16}, (5, np.int64(21)): {'cpu': 10}, (6, np.int64(54)): {'cpu': 13}, (7, np.int64(53)): {'cpu': 12}}",{},0.0,0.0,218.0,109.0,383.0,0.0,0.0,0.0,0.0,0.0,0.0,0.0,0.0,0.0,Route Failure,100.0,"{'node_level': {}, 'link_level': {}, 'path_level': {}}","{'node_level': {0: {'cpu': -69}, 1: {'cpu': -58}, 2: {'cpu': -32}, 3: {'cpu': -62}, 4: {'cpu': -80}, 5: {'cpu': -49}, 6: {'cpu': -67}, 7: {'cpu': -88}}, 'link_level': {(0, 1): {'bw': 100.0}}, 'path_level': {(0, 1): {}}}","{'node_level': {0: {'cpu': 0}, 1: {'cpu': 0}, 2: {'cpu': 0}, 3: {'cpu': 0}, 4: {'cpu': 0}, 5: {'cpu': 0}, 6: {'cpu': 0}, 7: {'cpu': 0}}, 'link_level': {(0, 1): {'bw': 100.0}}, 'path_level': {(0, 1): {}}}",[],-inf,-inf,True,False,False,0,[],0,0.0,8.0,1.0
169,28,3,1815.0,4871.0,839779.1910153308,2457739.7385361725,0.37261342640114964,0.3416875993206272,42,311,1,4211.0,8866,4851,4015,0.018810679611650505,0.14227729117709886,168,404.885740026539,4211.0,10,16,False,"{0: np.int64(12), 1: np.int64(4), 2: np.int64(8), 3: np.int64(27), 4: np.int64(47), 5: np.int64(2), 6: np.int64(40), 7: np.int64(19), 8: np.int64(33), 9: np.int64(7)}","{(0, 2): []}","{(0, np.int64(12)): {'cpu': 12}, (1, np.int64(4)): {'cpu': 4}, (2, np.int64(8)): {'cpu': 10}, (3, np.int64(27)): {'cpu': 7}, (4, np.int64(47)): {'cpu': 13}, (5, np.int64(2)): {'cpu': 9}, (6, np.int64(40)): {'cpu': 3}, (7, np.int64(19)): {'cpu': 18}, (8, np.int64(33)): {'cpu': 8}, (9, np.int64(7)): {'cpu': 6}}",{},0.0,0.0,180.0,90.0,408.0,0.0,0.0,0.0,0.0,0.0,0.0,0.0,0.0,0.0,Route Failure,100.0,"{'node_level': {}, 'link_level': {}, 'path_level': {}}","{'node_level': {0: {'cpu': -41}, 1: {'cpu': -69}, 2: {'cpu': -79}, 3: {'cpu': -51}, 4: {'cpu': -54}, 5: {'cpu': -42}, 6: {'cpu': -97}, 7: {'cpu': -53}, 8: {'cpu': -84}, 9: {'cpu': -53}}, 'link_level': {(0, 2): {'bw': 100.0}}, 'path_level': {(0, 2): {}}}","{'node_level': {0: {'cpu': 0}, 1: {'cpu': 0}, 2: {'cpu': 0}, 3: {'cpu': 0}, 4: {'cpu': 0}, 5: {'cpu': 0}, 6: {'cpu': 0}, 7: {'cpu': 0}, 8: {'cpu': 0}, 9: {'cpu': 0}}, 'link_level': {(0, 2): {'bw': 100.0}}, 'path_level': {(0, 2): {}}}",[],-inf,-inf,True,False,False,0,[],0,0.0,10.0,1.0
170,28,3,1815.0,4871.0,839779.1910153308,2457739.7385361725,0.37261342640114964,0.3416875993206272,42,312,1,4229.0,8866,4851,4015,0.018810679611650505,0.14227729117709886,169,208.03519065964605,4229.0,7,11,False,"{0: np.int64(42), 1: np.int64(57), 2: np.int64(31), 3: np.int64(3), 4: np.int64(10), 5: np.int64(24), 6: np.int64(17)}","{(0, 1): [(np.int64(42), 26), (26, 12), (12, 25), (25, 57)], (0, 2): []}","{(0, np.int64(42)): {'cpu': 4}, (1, np.int64(57)): {'cpu': 14}, (2, np.int64(31)): {'cpu': 2}, (3, np.int64(3)): {'cpu': 10}, (4, np.int64(10)): {'cpu': 3}, (5, np.int64(24)): {'cpu': 15}, (6, np.int64(17)): {'cpu': 1}}","{((0, 1), (np.int64(42), 26)): {'bw': 2}, ((0, 1), (26, 12)): {'bw': 2}, ((0, 1), (12, 25)): {'bw': 2}, ((0, 1), (25, 57)): {'bw': 2}}",0.0,0.0,98.0,49.0,289.0,0.0,0.0,0.0,0.0,0.0,0.0,0.0,0.0,0.0,Route Failure,100.0,"{'node_level': {}, 'link_level': {}, 'path_level': {}}","{'node_level': {0: {'cpu': -80}, 1: {'cpu': -47}, 2: {'cpu': -80}, 3: {'cpu': -80}, 4: {'cpu': -77}, 5: {'cpu': -37}, 6: {'cpu': -52}}, 'link_level': {(0, 1): {'bw': -57}, (0, 2): {'bw': 100.0}}, 'path_level': {(0, 1): {}, (0, 2): {}}}","{'node_level': {0: {'cpu': 0}, 1: {'cpu': 0}, 2: {'cpu': 0}, 3: {'cpu': 0}, 4: {'cpu': 0}, 5: {'cpu': 0}, 6: {'cpu': 0}}, 'link_level': {(0, 1): {'bw': 0}, (0, 2): {'bw': 100.0}}, 'path_level': {(0, 1): {}, (0, 2): {}}}",[],-inf,-inf,True,False,False,0,[],0,0.0,7.0,2.0
170,28,3,1815.0,4871.0,839779.1910153308,2457739.7385361725,0.37261342640114964,0.3416875993206272,42,313,0,4231.190883621196,8866,4851,4015,0.018810679611650505,0.14227729117709886,105,1582.1908836211958,2649.0,5,7,False,{},{},{},{},0.0,0.0,0.0,0.0,0.0,0.0,0.0,0.0,0.0,0.0,0.0,0.0,0.0,0.0,Leave Event,0.0,"{'node_level': {}, 'link_level': {}, 'path_level': {}}","{'node_level': {}, 'link_level': {}, 'path_level': {}}","{'node_level': {}, 'link_level': {}, 'path_level': {}}",[],-inf,-inf,True,True,False,0,[],0,0.0,,
170,28,3,1815.0,4871.0,839779.1910153308,2457739.7385361725,0.37261342640114964,0.3416875993206272,42,314,0,4235.602374609286,8866,4851,4015,0.018810679611650505,0.14227729117709886,157,282.6023746092864,3953.0,3,3,False,{},{},{},{},0.0,0.0,0.0,0.0,0.0,0.0,0.0,0.0,0.0,0.0,0.0,0.0,0.0,0.0,Leave Event,0.0,"{'node_level': {}, 'link_level': {}, 'path_level': {}}","{'node_level': {}, 'link_level': {}, 'path_level': {}}","{'node_level': {}, 'link_level': {}, 'path_level': {}}",[],-inf,-inf,True,True,False,0,[],0,0.0,,
170,28,2,1815.0,4871.0,839779.1910153308,2457739.7385361725,0.37261342640114964,0.3416875993206272,42,315,0,4241.362197795661,8999,4865,4134,0.015978964401294538,0.11685537278359326,155,331.362197795661,3910.0,2,1,False,{},{},{},{},0.0,0.0,0.0,0.0,0.0,0.0,0.0,0.0,0.0,0.0,0.0,0.0,0.0,0.0,Leave Event,0.0,"{'node_level': {}, 'link_level': {}, 'path_level': {}}","{'node_level': {}, 'link_level': {}, 'path_level': {}}","{'node_level': {}, 'link_level': {}, 'path_level': {}}",[],-inf,-inf,True,True,False,0,[],0,0.0,,
171,28,2,1815.0,4871.0,839779.1910153308,2457739.7385361725,0.37261342640114964,0.3416875993206272,42,316,1,4257.0,8999,4865,4134,0.015978964401294538,0.11685537278359326,170,40.53518744330753,4257.0,6,10,False,"{0: np.int64(11), 1: np.int64(61), 2: np.int64(7), 3: np.int64(29), 4: np.int64(16), 5: np.int64(21)}","{(0, 3): [(np.int64(11), 5), (5, 2), (2, 6), (6, 14), (14, 29)], (0, 4): []}","{(0, np.int64(11)): {'cpu': 7}, (1, np.int64(61)): {'cpu': 16}, (2, np.int64(7)): {'cpu': 17}, (3, np.int64(29)): {'cpu': 18}, (4, np.int64(16)): {'cpu': 9}, (5, np.int64(21)): {'cpu': 16}}","{((0, 3), (np.int64(11), 5)): {'bw': 12}, ((0, 3), (5, 2)): {'bw': 12}, ((0, 3), (2, 6)): {'bw': 12}, ((0, 3), (6, 14)): {'bw': 12}, ((0, 3), (14, 29)): {'bw': 12}}",0.0,0.0,166.0,83.0,249.0,0.0,0.0,0.0,0.0,0.0,0.0,0.0,0.0,0.0,Route Failure,100.0,"{'node_level': {}, 'link_level': {}, 'path_level': {}}","{'node_level': {0: {'cpu': -83}, 1: {'cpu': -73}, 2: {'cpu': -42}, 3: {'cpu': -34}, 4: {'cpu': -83}, 5: {'cpu': -43}}, 'link_level': {(0, 3): {'bw': -10}, (0, 4): {'bw': 100.0}}, 'path_level': {(0, 3): {}, (0, 4): {}}}","{'node_level': {0: {'cpu': 0}, 1: {'cpu': 0}, 2: {'cpu': 0}, 3: {'cpu': 0}, 4: {'cpu': 0}, 5: {'cpu': 0}}, 'link_level': {(0, 3): {'bw': 0}, (0, 4): {'bw': 100.0}}, 'path_level': {(0, 3): {}, (0, 4): {}}}",[],-inf,-inf,True,False,False,0,[],0,0.0,6.0,2.0
172,28,2,1815.0,4871.0,839779.1910153308,2457739.7385361725,0.37261342640114964,0.3416875993206272,42,317,1,4280.0,8999,4865,4134,0.015978964401294538,0.11685537278359326,171,29.6528331508178,4280.0,6,8,False,"{0: np.int64(0), 1: np.int64(54), 2: np.int64(2), 3: np.int64(16), 4: np.int64(62), 5: np.int64(38)}","{(0, 1): [(np.int64(0), 1), (1, 4), (4, 10), (10, 22), (22, 54)], (1, 2): [(np.int64(54), 22), (22, 10), (10, 4), (4, 1), (1, 0), (0, 2)], (1, 3): []}","{(0, np.int64(0)): {'cpu': 12}, (1, np.int64(54)): {'cpu': 14}, (2, np.int64(2)): {'cpu': 11}, (3, np.int64(16)): {'cpu': 4}, (4, np.int64(62)): {'cpu': 2}, (5, np.int64(38)): {'cpu': 11}}","{((0, 1), (np.int64(0), 1)): {'bw': 38}, ((0, 1), (1, 4)): {'bw': 38}, ((0, 1), (4, 10)): {'bw': 38}, ((0, 1), (10, 22)): {'bw': 38}, ((0, 1), (22, 54)): {'bw': 38}, ((1, 2), (np.int64(54), 22)): {'bw': 8}, ((1, 2), (22, 10)): {'bw': 8}, ((1, 2), (10, 4)): {'bw': 8}, ((1, 2), (4, 1)): {'bw': 8}, ((1, 2), (1, 0)): {'bw': 8}, ((1, 2), (0, 2)): {'bw': 8}}",0.0,0.0,108.0,54.0,227.0,0.0,0.0,0.0,0.0,0.0,0.0,0.0,0.0,0.0,Route Failure,100.0,"{'node_level': {}, 'link_level': {}, 'path_level': {}}","{'node_level': {0: {'cpu': -84}, 1: {'cpu': -66}, 2: {'cpu': -40}, 3: {'cpu': -88}, 4: {'cpu': -93}, 5: {'cpu': -67}}, 'link_level': {(0, 1): {'bw': -18}, (1, 2): {'bw': -10}, (1, 3): {'bw': 100.0}}, 'path_level': {(0, 1): {}, (1, 2): {}, (1, 3): {}}}","{'node_level': {0: {'cpu': 0}, 1: {'cpu': 0}, 2: {'cpu': 0}, 3: {'cpu': 0}, 4: {'cpu': 0}, 5: {'cpu': 0}}, 'link_level': {(0, 1): {'bw': 0}, (1, 2): {'bw': 0}, (1, 3): {'bw': 100.0}}, 'path_level': {(0, 1): {}, (1, 2): {}, (1, 3): {}}}",[],-inf,-inf,True,False,False,0,[],0,0.0,6.0,3.0
172,28,2,1815.0,4871.0,839779.1910153308,2457739.7385361725,0.37261342640114964,0.3416875993206272,42,318,0,4297.535187443307,8999,4865,4134,0.015978964401294538,0.11685537278359326,170,40.53518744330753,4257.0,6,10,False,{},{},{},{},0.0,0.0,0.0,0.0,0.0,0.0,0.0,0.0,0.0,0.0,0.0,0.0,0.0,0.0,Leave Event,0.0,"{'node_level': {}, 'link_level': {}, 'path_level': {}}","{'node_level': {}, 'link_level': {}, 'path_level': {}}","{'node_level': {}, 'link_level': {}, 'path_level': {}}",[],-inf,-inf,True,True,False,0,[],0,0.0,,
173,28,2,1815.0,4871.0,839779.1910153308,2457739.7385361725,0.37261342640114964,0.3416875993206272,42,319,1,4300.0,8999,4865,4134,0.015978964401294538,0.11685537278359326,172,172.38329640719158,4300.0,8,17,False,"{0: np.int64(56), 1: np.int64(21), 2: np.int64(59), 3: np.int64(35), 4: np.int64(26), 5: np.int64(62), 6: np.int64(11), 7: np.int64(14)}","{(0, 2): []}","{(0, np.int64(56)): {'cpu': 3}, (1, np.int64(21)): {'cpu': 7}, (2, np.int64(59)): {'cpu': 3}, (3, np.int64(35)): {'cpu': 12}, (4, np.int64(26)): {'cpu': 2}, (5, np.int64(62)): {'cpu': 11}, (6, np.int64(11)): {'cpu': 9}, (7, np.int64(14)): {'cpu': 3}}",{},0.0,0.0,100.0,50.0,381.0,0.0,0.0,0.0,0.0,0.0,0.0,0.0,0.0,0.0,Route Failure,100.0,"{'node_level': {}, 'link_level': {}, 'path_level': {}}","{'node_level': {0: {'cpu': -50}, 1: {'cpu': -52}, 2: {'cpu': -97}, 3: {'cpu': -71}, 4: {'cpu': -78}, 5: {'cpu': -84}, 6: {'cpu': -81}, 7: {'cpu': -86}}, 'link_level': {(0, 2): {'bw': 100.0}}, 'path_level': {(0, 2): {}}}","{'node_level': {0: {'cpu': 0}, 1: {'cpu': 0}, 2: {'cpu': 0}, 3: {'cpu': 0}, 4: {'cpu': 0}, 5: {'cpu': 0}, 6: {'cpu': 0}, 7: {'cpu': 0}}, 'link_level': {(0, 2): {'bw': 100.0}}, 'path_level': {(0, 2): {}}}",[],-inf,-inf,True,False,False,0,[],0,0.0,8.0,1.0
173,28,2,1815.0,4871.0,839779.1910153308,2457739.7385361725,0.37261342640114964,0.3416875993206272,42,320,0,4309.652833150818,8999,4865,4134,0.015978964401294538,0.11685537278359326,171,29.6528331508178,4280.0,6,8,False,{},{},{},{},0.0,0.0,0.0,0.0,0.0,0.0,0.0,0.0,0.0,0.0,0.0,0.0,0.0,0.0,Leave Event,0.0,"{'node_level': {}, 'link_level': {}, 'path_level': {}}","{'node_level': {}, 'link_level': {}, 'path_level': {}}","{'node_level': {}, 'link_level': {}, 'path_level': {}}",[],-inf,-inf,True,True,False,0,[],0,0.0,,
174,28,2,1815.0,4871.0,839779.1910153308,2457739.7385361725,0.37261342640114964,0.3416875993206272,42,321,1,4322.0,8999,4865,4134,0.015978964401294538,0.11685537278359326,173,140.3081659666972,4322.0,4,5,False,"{0: np.int64(17), 1: np.int64(37), 2: np.int64(18), 3: np.int64(6)}","{(0, 1): [(np.int64(17), 8), (8, 3), (3, 1), (1, 4), (4, 10), (10, 21), (21, 37)], (0, 2): [(np.int64(17), 8), (8, 18)], (0, 3): []}","{(0, np.int64(17)): {'cpu': 16}, (1, np.int64(37)): {'cpu': 0}, (2, np.int64(18)): {'cpu': 2}, (3, np.int64(6)): {'cpu': 15}}","{((0, 1), (np.int64(17), 8)): {'bw': 21}, ((0, 1), (8, 3)): {'bw': 21}, ((0, 1), (3, 1)): {'bw': 21}, ((0, 1), (1, 4)): {'bw': 21}, ((0, 1), (4, 10)): {'bw': 21}, ((0, 1), (10, 21)): {'bw': 21}, ((0, 1), (21, 37)): {'bw': 21}, ((0, 2), (np.int64(17), 8)): {'bw': 24}, ((0, 2), (8, 18)): {'bw': 24}}",0.0,0.0,66.0,33.0,111.0,0.0,0.0,0.0,0.0,0.0,0.0,0.0,0.0,0.0,Route Failure,100.0,"{'node_level': {}, 'link_level': {}, 'path_level': {}}","{'node_level': {0: {'cpu': -37}, 1: {'cpu': -95}, 2: {'cpu': -48}, 3: {'cpu': -85}}, 'link_level': {(0, 1): {'bw': -2}, (0, 2): {'bw': -30}, (0, 3): {'bw': 100.0}}, 'path_level': {(0, 1): {}, (0, 2): {}, (0, 3): {}}}","{'node_level': {0: {'cpu': 0}, 1: {'cpu': 0}, 2: {'cpu': 0}, 3: {'cpu': 0}}, 'link_level': {(0, 1): {'bw': 0}, (0, 2): {'bw': 0}, (0, 3): {'bw': 100.0}}, 'path_level': {(0, 1): {}, (0, 2): {}, (0, 3): {}}}",[],-inf,-inf,True,False,False,0,[],0,0.0,4.0,3.0
174,28,2,1815.0,4871.0,839779.1910153308,2457739.7385361725,0.37261342640114964,0.3416875993206272,42,322,0,4338.132111330608,8999,4865,4134,0.015978964401294538,0.11685537278359326,166,170.1321113306077,4168.0,7,13,False,{},{},{},{},0.0,0.0,0.0,0.0,0.0,0.0,0.0,0.0,0.0,0.0,0.0,0.0,0.0,0.0,Leave Event,0.0,"{'node_level': {}, 'link_level': {}, 'path_level': {}}","{'node_level': {}, 'link_level': {}, 'path_level': {}}","{'node_level': {}, 'link_level': {}, 'path_level': {}}",[],-inf,-inf,True,True,False,0,[],0,0.0,,
175,28,2,1815.0,4871.0,839779.1910153308,2457739.7385361725,0.37261342640114964,0.3416875993206272,42,323,1,4350.0,8999,4865,4134,0.015978964401294538,0.11685537278359326,174,794.603972810993,4350.0,4,4,False,"{0: np.int64(39), 1: np.int64(35), 2: np.int64(6), 3: np.int64(44)}","{(0, 1): [(np.int64(39), 23), (23, 11), (11, 5), (5, 2), (2, 0), (0, 1), (1, 4), (4, 9), (9, 19), (19, 35)], (0, 2): [(np.int64(39), 23), (23, 11), (11, 5), (5, 2), (2, 6)], (0, 3): []}","{(0, np.int64(39)): {'cpu': 2}, (1, np.int64(35)): {'cpu': 9}, (2, np.int64(6)): {'cpu': 4}, (3, np.int64(44)): {'cpu': 16}}","{((0, 1), (np.int64(39), 23)): {'bw': 18}, ((0, 1), (23, 11)): {'bw': 18}, ((0, 1), (11, 5)): {'bw': 18}, ((0, 1), (5, 2)): {'bw': 18}, ((0, 1), (2, 0)): {'bw': 18}, ((0, 1), (0, 1)): {'bw': 18}, ((0, 1), (1, 4)): {'bw': 18}, ((0, 1), (4, 9)): {'bw': 18}, ((0, 1), (9, 19)): {'bw': 18}, ((0, 1), (19, 35)): {'bw': 18}, ((0, 2), (np.int64(39), 23)): {'bw': 12}, ((0, 2), (23, 11)): {'bw': 12}, ((0, 2), (11, 5)): {'bw': 12}, ((0, 2), (5, 2)): {'bw': 12}, ((0, 2), (2, 6)): {'bw': 12}}",0.0,0.0,62.0,31.0,83.0,0.0,0.0,0.0,0.0,0.0,0.0,0.0,0.0,0.0,Route Failure,100.0,"{'node_level': {}, 'link_level': {}, 'path_level': {}}","{'node_level': {0: {'cpu': -51}, 1: {'cpu': -74}, 2: {'cpu': -96}, 3: {'cpu': -82}}, 'link_level': {(0, 1): {'bw': -3}, (0, 2): {'bw': -10}, (0, 3): {'bw': 100.0}}, 'path_level': {(0, 1): {}, (0, 2): {}, (0, 3): {}}}","{'node_level': {0: {'cpu': 0}, 1: {'cpu': 0}, 2: {'cpu': 0}, 3: {'cpu': 0}}, 'link_level': {(0, 1): {'bw': 0}, (0, 2): {'bw': 0}, (0, 3): {'bw': 100.0}}, 'path_level': {(0, 1): {}, (0, 2): {}, (0, 3): {}}}",[],-inf,-inf,True,False,False,0,[],0,0.0,4.0,3.0
175,28,2,1815.0,4871.0,839779.1910153308,2457739.7385361725,0.37261342640114964,0.3416875993206272,42,324,0,4378.204227731553,8999,4865,4134,0.015978964401294538,0.11685537278359326,160,358.20422773155315,4020.0,4,4,False,{},{},{},{},0.0,0.0,0.0,0.0,0.0,0.0,0.0,0.0,0.0,0.0,0.0,0.0,0.0,0.0,Leave Event,0.0,"{'node_level': {}, 'link_level': {}, 'path_level': {}}","{'node_level': {}, 'link_level': {}, 'path_level': {}}","{'node_level': {}, 'link_level': {}, 'path_level': {}}",[],-inf,-inf,True,True,False,0,[],0,0.0,,
176,29,3,1843.0,4908.0,839790.1277900802,2457754.1907028058,0.37550937245313776,0.3416900400238717,42,325,1,4380.0,8962,4844,4118,0.020226537216828433,0.12027344584490496,175,0.39059909818912614,4380.0,3,2,True,"{0: np.int64(5), 1: np.int64(14), 2: np.int64(29)}","{(0, 2): [(np.int64(5), 2), (2, 6), (6, 14), (14, 29)], (1, 2): [(np.int64(14), 29)]}","{(0, np.int64(5)): {'cpu': 9}, (1, np.int64(14)): {'cpu': 2}, (2, np.int64(29)): {'cpu': 10}}","{((0, 2), (np.int64(5), 2)): {'bw': 3}, ((0, 2), (2, 6)): {'bw': 3}, ((0, 2), (6, 14)): {'bw': 3}, ((0, 2), (14, 29)): {'bw': 3}, ((1, 2), (np.int64(14), 29)): {'bw': 4}}",37.0,28.0,42.0,21.0,7.0,21.0,7.0,21.0,16.0,9.0,0.7567567567567568,14.452166632997667,10.936774749295532,0.2955885067377171,Success,0.0,"{'node_level': {}, 'link_level': {}, 'path_level': {}}","{'node_level': {0: {'cpu': -49}, 1: {'cpu': -87}, 2: {'cpu': -42}}, 'link_level': {(0, 2): {'bw': -19}, (1, 2): {'bw': -46}}, 'path_level': {(0, 2): {}, (1, 2): {}}}","{'node_level': {0: {'cpu': 0}, 1: {'cpu': 0}, 2: {'cpu': 0}}, 'link_level': {(0, 2): {'bw': 0}, (1, 2): {'bw': 0}}, 'path_level': {(0, 2): {}, (1, 2): {}}}",[],-inf,-inf,True,True,False,0,[],0,0.0,3.0,2.0
176,29,2,1843.0,4908.0,839790.1277900802,2457754.1907028058,0.37550937245313776,0.3416900400238717,42,326,0,4380.390599098189,8999,4865,4134,0.015978964401294538,0.11685537278359326,175,0.39059909818912614,4380.0,3,2,False,{},{},{},{},0.0,0.0,0.0,0.0,0.0,0.0,0.0,0.0,0.0,0.0,0.0,0.0,0.0,0.0,Leave Event,0.0,"{'node_level': {}, 'link_level': {}, 'path_level': {}}","{'node_level': {}, 'link_level': {}, 'path_level': {}}","{'node_level': {}, 'link_level': {}, 'path_level': {}}",[],-inf,-inf,True,True,False,0,[],0,0.0,,
176,29,2,1843.0,4908.0,839790.1277900802,2457754.1907028058,0.37550937245313776,0.3416900400238717,42,327,0,4381.038219502896,8999,4865,4134,0.015978964401294538,0.11685537278359326,164,263.0382195028958,4118.0,7,11,False,{},{},{},{},0.0,0.0,0.0,0.0,0.0,0.0,0.0,0.0,0.0,0.0,0.0,0.0,0.0,0.0,Leave Event,0.0,"{'node_level': {}, 'link_level': {}, 'path_level': {}}","{'node_level': {}, 'link_level': {}, 'path_level': {}}","{'node_level': {}, 'link_level': {}, 'path_level': {}}",[],-inf,-inf,True,True,False,0,[],0,0.0,,
176,29,2,1843.0,4908.0,839790.1277900802,2457754.1907028058,0.37550937245313776,0.3416900400238717,42,328,0,4393.741400943662,8999,4865,4134,0.015978964401294538,0.11685537278359326,118,1410.741400943662,2983.0,4,4,False,{},{},{},{},0.0,0.0,0.0,0.0,0.0,0.0,0.0,0.0,0.0,0.0,0.0,0.0,0.0,0.0,Leave Event,0.0,"{'node_level': {}, 'link_level': {}, 'path_level': {}}","{'node_level': {}, 'link_level': {}, 'path_level': {}}","{'node_level': {}, 'link_level': {}, 'path_level': {}}",[],-inf,-inf,True,True,False,0,[],0,0.0,,
177,29,2,1843.0,4908.0,839790.1277900802,2457754.1907028058,0.37550937245313776,0.3416900400238717,42,329,1,4403.0,8999,4865,4134,0.015978964401294538,0.11685537278359326,176,2275.928132987359,4403.0,5,6,False,"{0: np.int64(56), 1: np.int64(31), 2: np.int64(37), 3: np.int64(23), 4: np.int64(16)}","{(0, 2): [(np.int64(56), 24), (24, 11), (11, 5), (5, 2), (2, 0), (0, 1), (1, 4), (4, 10), (10, 21), (21, 37)], (0, 3): [(np.int64(56), 24), (24, 11), (11, 23)], (1, 2): [(np.int64(31), 15), (15, 7), (7, 3), (3, 1), (1, 4), (4, 10), (10, 21), (21, 37)], (2, 3): [(np.int64(37), 21), (21, 10), (10, 4), (4, 1), (1, 0), (0, 2), (2, 5), (5, 11), (11, 23)], (2, 4): []}","{(0, np.int64(56)): {'cpu': 20}, (1, np.int64(31)): {'cpu': 16}, (2, np.int64(37)): {'cpu': 13}, (3, np.int64(23)): {'cpu': 14}, (4, np.int64(16)): {'cpu': 19}}","{((0, 2), (np.int64(56), 24)): {'bw': 3}, ((0, 2), (24, 11)): {'bw': 3}, ((0, 2), (11, 5)): {'bw': 3}, ((0, 2), (5, 2)): {'bw': 3}, ((0, 2), (2, 0)): {'bw': 3}, ((0, 2), (0, 1)): {'bw': 3}, ((0, 2), (1, 4)): {'bw': 3}, ((0, 2), (4, 10)): {'bw': 3}, ((0, 2), (10, 21)): {'bw': 3}, ((0, 2), (21, 37)): {'bw': 3}, ((0, 3), (np.int64(56), 24)): {'bw': 24}, ((0, 3), (24, 11)): {'bw': 24}, ((0, 3), (11, 23)): {'bw': 24}, ((1, 2), (np.int64(31), 15)): {'bw': 19}, ((1, 2), (15, 7)): {'bw': 19}, ((1, 2), (7, 3)): {'bw': 19}, ((1, 2), (3, 1)): {'bw': 19}, ((1, 2), (1, 4)): {'bw': 19}, ((1, 2), (4, 10)): {'bw': 19}, ((1, 2), (10, 21)): {'bw': 19}, ((1, 2), (21, 37)): {'bw': 19}, ((2, 3), (np.int64(37), 21)): {'bw': 1}, ((2, 3), (21, 10)): {'bw': 1}, ((2, 3), (10, 4)): {'bw': 1}, ((2, 3), (4, 1)): {'bw': 1}, ((2, 3), (1, 0)): {'bw': 1}, ((2, 3), (0, 2)): {'bw': 1}, ((2, 3), (2, 5)): {'bw': 1}, ((2, 3), (5, 11)): {'bw': 1}, ((2, 3), (11, 23)): {'bw': 1}}",0.0,0.0,164.0,82.0,119.0,0.0,0.0,0.0,0.0,0.0,0.0,0.0,0.0,0.0,Route Failure,100.0,"{'node_level': {}, 'link_level': {}, 'path_level': {}}","{'node_level': {0: {'cpu': -33}, 1: {'cpu': -66}, 2: {'cpu': -82}, 3: {'cpu': -74}, 4: {'cpu': -73}}, 'link_level': {(0, 2): {'bw': -18}, (0, 3): {'bw': -30}, (1, 2): {'bw': -4}, (2, 3): {'bw': -17}, (2, 4): {'bw': 100.0}}, 'path_level': {(0, 2): {}, (0, 3): {}, (1, 2): {}, (2, 3): {}, (2, 4): {}}}","{'node_level': {0: {'cpu': 0}, 1: {'cpu': 0}, 2: {'cpu': 0}, 3: {'cpu': 0}, 4: {'cpu': 0}}, 'link_level': {(0, 2): {'bw': 0}, (0, 3): {'bw': 0}, (1, 2): {'bw': 0}, (2, 3): {'bw': 0}, (2, 4): {'bw': 100.0}}, 'path_level': {(0, 2): {}, (0, 3): {}, (1, 2): {}, (2, 3): {}, (2, 4): {}}}",[],-inf,-inf,True,False,False,0,[],0,0.0,5.0,5.0
177,29,1,1843.0,4908.0,839790.1277900802,2457754.1907028058,0.37550937245313776,0.3416900400238717,42,330,0,4419.584443364267,9214,4907,4307,0.007483818770226525,0.0798974578081606,154,536.5844433642666,3883.0,3,3,False,{},{},{},{},0.0,0.0,0.0,0.0,0.0,0.0,0.0,0.0,0.0,0.0,0.0,0.0,0.0,0.0,Leave Event,0.0,"{'node_level': {}, 'link_level': {}, 'path_level': {}}","{'node_level': {}, 'link_level': {}, 'path_level': {}}","{'node_level': {}, 'link_level': {}, 'path_level': {}}",[],-inf,-inf,True,True,False,0,[],0,0.0,,
178,29,1,1843.0,4908.0,839790.1277900802,2457754.1907028058,0.37550937245313776,0.3416900400238717,42,331,1,4434.0,9214,4907,4307,0.007483818770226525,0.0798974578081606,177,1023.7778455704247,4434.0,9,15,False,"{0: np.int64(48), 1: np.int64(55), 2: np.int64(29), 3: np.int64(54), 4: np.int64(33), 5: np.int64(27), 6: np.int64(12), 7: np.int64(40), 8: np.int64(32)}","{(0, 1): [(np.int64(48), 16), (16, 7), (7, 3), (3, 1), (1, 0), (0, 2), (2, 5), (5, 11), (11, 23), (23, 55)], (0, 3): [(np.int64(48), 16), (16, 7), (7, 3), (3, 1), (1, 4), (4, 10), (10, 22), (22, 54)], (0, 7): [(np.int64(48), 16), (16, 7), (7, 3), (3, 1), (1, 0), (0, 2), (2, 5), (5, 11), (11, 24), (24, 40)], (1, 3): []}","{(0, np.int64(48)): {'cpu': 2}, (1, np.int64(55)): {'cpu': 5}, (2, np.int64(29)): {'cpu': 11}, (3, np.int64(54)): {'cpu': 13}, (4, np.int64(33)): {'cpu': 9}, (5, np.int64(27)): {'cpu': 0}, (6, np.int64(12)): {'cpu': 13}, (7, np.int64(40)): {'cpu': 14}, (8, np.int64(32)): {'cpu': 13}}","{((0, 1), (np.int64(48), 16)): {'bw': 15}, ((0, 1), (16, 7)): {'bw': 15}, ((0, 1), (7, 3)): {'bw': 15}, ((0, 1), (3, 1)): {'bw': 15}, ((0, 1), (1, 0)): {'bw': 15}, ((0, 1), (0, 2)): {'bw': 15}, ((0, 1), (2, 5)): {'bw': 15}, ((0, 1), (5, 11)): {'bw': 15}, ((0, 1), (11, 23)): {'bw': 15}, ((0, 1), (23, 55)): {'bw': 15}, ((0, 3), (np.int64(48), 16)): {'bw': 1}, ((0, 3), (16, 7)): {'bw': 1}, ((0, 3), (7, 3)): {'bw': 1}, ((0, 3), (3, 1)): {'bw': 1}, ((0, 3), (1, 4)): {'bw': 1}, ((0, 3), (4, 10)): {'bw': 1}, ((0, 3), (10, 22)): {'bw': 1}, ((0, 3), (22, 54)): {'bw': 1}, ((0, 7), (np.int64(48), 16)): {'bw': 6}, ((0, 7), (16, 7)): {'bw': 6}, ((0, 7), (7, 3)): {'bw': 6}, ((0, 7), (3, 1)): {'bw': 6}, ((0, 7), (1, 0)): {'bw': 6}, ((0, 7), (0, 2)): {'bw': 6}, ((0, 7), (2, 5)): {'bw': 6}, ((0, 7), (5, 11)): {'bw': 6}, ((0, 7), (11, 24)): {'bw': 6}, ((0, 7), (24, 40)): {'bw': 6}}",0.0,0.0,160.0,80.0,397.0,0.0,0.0,0.0,0.0,0.0,0.0,0.0,0.0,0.0,Route Failure,100.0,"{'node_level': {}, 'link_level': {}, 'path_level': {}}","{'node_level': {0: {'cpu': -73}, 1: {'cpu': -67}, 2: {'cpu': -41}, 3: {'cpu': -67}, 4: {'cpu': -83}, 5: {'cpu': -58}, 6: {'cpu': -58}, 7: {'cpu': -86}, 8: {'cpu': -77}}, 'link_level': {(0, 1): {'bw': -6}, (0, 3): {'bw': -7}, (0, 7): {'bw': 0}, (1, 3): {'bw': 100.0}}, 'path_level': {(0, 1): {}, (0, 3): {}, (0, 7): {}, (1, 3): {}}}","{'node_level': {0: {'cpu': 0}, 1: {'cpu': 0}, 2: {'cpu': 0}, 3: {'cpu': 0}, 4: {'cpu': 0}, 5: {'cpu': 0}, 6: {'cpu': 0}, 7: {'cpu': 0}, 8: {'cpu': 0}}, 'link_level': {(0, 1): {'bw': 0}, (0, 3): {'bw': 0}, (0, 7): {'bw': 0}, (1, 3): {'bw': 100.0}}, 'path_level': {(0, 1): {}, (0, 3): {}, (0, 7): {}, (1, 3): {}}}",[],-inf,-inf,True,False,False,0,[],0,0.0,9.0,4.0
178,29,1,1843.0,4908.0,839790.1277900802,2457754.1907028058,0.37550937245313776,0.3416900400238717,42,332,0,4437.035190659646,9214,4907,4307,0.007483818770226525,0.0798974578081606,169,208.03519065964605,4229.0,7,11,False,{},{},{},{},0.0,0.0,0.0,0.0,0.0,0.0,0.0,0.0,0.0,0.0,0.0,0.0,0.0,0.0,Leave Event,0.0,"{'node_level': {}, 'link_level': {}, 'path_level': {}}","{'node_level': {}, 'link_level': {}, 'path_level': {}}","{'node_level': {}, 'link_level': {}, 'path_level': {}}",[],-inf,-inf,True,True,False,0,[],0,0.0,,
179,29,1,1843.0,4908.0,839790.1277900802,2457754.1907028058,0.37550937245313776,0.3416900400238717,42,333,1,4461.0,9214,4907,4307,0.007483818770226525,0.0798974578081606,178,1683.822977735305,4461.0,6,9,False,"{0: np.int64(25), 1: np.int64(56), 2: np.int64(58), 3: np.int64(45), 4: np.int64(40), 5: np.int64(18)}","{(0, 2): [(np.int64(25), 12), (12, 26), (26, 58)], (0, 4): [(np.int64(25), 12), (12, 5), (5, 11), (11, 24), (24, 40)], (0, 5): [(np.int64(25), 12), (12, 5), (5, 2), (2, 0), (0, 1), (1, 3), (3, 8), (8, 18)], (1, 3): [(np.int64(56), 24), (24, 11), (11, 5), (5, 2), (2, 6), (6, 14), (14, 29), (29, 45)], (2, 3): [(np.int64(58), 26), (26, 12), (12, 5), (5, 2), (2, 6), (6, 14), (14, 29), (29, 45)], (2, 5): []}","{(0, np.int64(25)): {'cpu': 6}, (1, np.int64(56)): {'cpu': 10}, (2, np.int64(58)): {'cpu': 0}, (3, np.int64(45)): {'cpu': 4}, (4, np.int64(40)): {'cpu': 10}, (5, np.int64(18)): {'cpu': 2}}","{((0, 2), (np.int64(25), 12)): {'bw': 5}, ((0, 2), (12, 26)): {'bw': 5}, ((0, 2), (26, 58)): {'bw': 5}, ((0, 4), (np.int64(25), 12)): {'bw': 15}, ((0, 4), (12, 5)): {'bw': 15}, ((0, 4), (5, 11)): {'bw': 15}, ((0, 4), (11, 24)): {'bw': 15}, ((0, 4), (24, 40)): {'bw': 15}, ((0, 5), (np.int64(25), 12)): {'bw': 18}, ((0, 5), (12, 5)): {'bw': 18}, ((0, 5), (5, 2)): {'bw': 18}, ((0, 5), (2, 0)): {'bw': 18}, ((0, 5), (0, 1)): {'bw': 18}, ((0, 5), (1, 3)): {'bw': 18}, ((0, 5), (3, 8)): {'bw': 18}, ((0, 5), (8, 18)): {'bw': 18}, ((1, 3), (np.int64(56), 24)): {'bw': 25}, ((1, 3), (24, 11)): {'bw': 25}, ((1, 3), (11, 5)): {'bw': 25}, ((1, 3), (5, 2)): {'bw': 25}, ((1, 3), (2, 6)): {'bw': 25}, ((1, 3), (6, 14)): {'bw': 25}, ((1, 3), (14, 29)): {'bw': 25}, ((1, 3), (29, 45)): {'bw': 25}, ((2, 3), (np.int64(58), 26)): {'bw': 3}, ((2, 3), (26, 12)): {'bw': 3}, ((2, 3), (12, 5)): {'bw': 3}, ((2, 3), (5, 2)): {'bw': 3}, ((2, 3), (2, 6)): {'bw': 3}, ((2, 3), (6, 14)): {'bw': 3}, ((2, 3), (14, 29)): {'bw': 3}, ((2, 3), (29, 45)): {'bw': 3}}",0.0,0.0,64.0,32.0,155.0,0.0,0.0,0.0,0.0,0.0,0.0,0.0,0.0,0.0,Route Failure,100.0,"{'node_level': {}, 'link_level': {}, 'path_level': {}}","{'node_level': {0: {'cpu': -90}, 1: {'cpu': -43}, 2: {'cpu': -73}, 3: {'cpu': -63}, 4: {'cpu': -90}, 5: {'cpu': -48}}, 'link_level': {(0, 2): {'bw': -45}, (0, 4): {'bw': -25}, (0, 5): {'bw': -3}, (1, 3): {'bw': -27}, (2, 3): {'bw': -4}, (2, 5): {'bw': 100.0}}, 'path_level': {(0, 2): {}, (0, 4): {}, (0, 5): {}, (1, 3): {}, (2, 3): {}, (2, 5): {}}}","{'node_level': {0: {'cpu': 0}, 1: {'cpu': 0}, 2: {'cpu': 0}, 3: {'cpu': 0}, 4: {'cpu': 0}, 5: {'cpu': 0}}, 'link_level': {(0, 2): {'bw': 0}, (0, 4): {'bw': 0}, (0, 5): {'bw': 0}, (1, 3): {'bw': 0}, (2, 3): {'bw': 0}, (2, 5): {'bw': 100.0}}, 'path_level': {(0, 2): {}, (0, 4): {}, (0, 5): {}, (1, 3): {}, (2, 3): {}, (2, 5): {}}}",[],-inf,-inf,True,False,False,0,[],0,0.0,6.0,6.0
179,29,1,1843.0,4908.0,839790.1277900802,2457754.1907028058,0.37550937245313776,0.3416900400238717,42,334,0,4462.308165966697,9214,4907,4307,0.007483818770226525,0.0798974578081606,173,140.3081659666972,4322.0,4,5,False,{},{},{},{},0.0,0.0,0.0,0.0,0.0,0.0,0.0,0.0,0.0,0.0,0.0,0.0,0.0,0.0,Leave Event,0.0,"{'node_level': {}, 'link_level': {}, 'path_level': {}}","{'node_level': {}, 'link_level': {}, 'path_level': {}}","{'node_level': {}, 'link_level': {}, 'path_level': {}}",[],-inf,-inf,True,True,False,0,[],0,0.0,,
179,29,1,1843.0,4908.0,839790.1277900802,2457754.1907028058,0.37550937245313776,0.3416900400238717,42,335,0,4472.383296407192,9214,4907,4307,0.007483818770226525,0.0798974578081606,172,172.38329640719158,4300.0,8,17,False,{},{},{},{},0.0,0.0,0.0,0.0,0.0,0.0,0.0,0.0,0.0,0.0,0.0,0.0,0.0,0.0,Leave Event,0.0,"{'node_level': {}, 'link_level': {}, 'path_level': {}}","{'node_level': {}, 'link_level': {}, 'path_level': {}}","{'node_level': {}, 'link_level': {}, 'path_level': {}}",[],-inf,-inf,True,True,False,0,[],0,0.0,,
180,29,1,1843.0,4908.0,839790.1277900802,2457754.1907028058,0.37550937245313776,0.3416900400238717,42,336,1,4494.0,9214,4907,4307,0.007483818770226525,0.0798974578081606,179,367.4657292277031,4494.0,2,1,False,"{0: np.int64(49), 1: np.int64(10)}","{(0, 1): []}","{(0, np.int64(49)): {'cpu': 20}, (1, np.int64(10)): {'cpu': 14}}",{},0.0,0.0,68.0,34.0,25.0,0.0,0.0,0.0,0.0,0.0,0.0,0.0,0.0,0.0,Route Failure,100.0,"{'node_level': {}, 'link_level': {}, 'path_level': {}}","{'node_level': {0: {'cpu': -39}, 1: {'cpu': -66}}, 'link_level': {(0, 1): {'bw': 100.0}}, 'path_level': {(0, 1): {}}}","{'node_level': {0: {'cpu': 0}, 1: {'cpu': 0}}, 'link_level': {(0, 1): {'bw': 100.0}}, 'path_level': {(0, 1): {}}}",[],-inf,-inf,True,False,False,0,[],0,0.0,2.0,1.0
180,29,1,1843.0,4908.0,839790.1277900802,2457754.1907028058,0.37550937245313776,0.3416900400238717,42,337,0,4505.684023567344,9214,4907,4307,0.007483818770226525,0.0798974578081606,142,929.6840235673449,3576.0,8,15,False,{},{},{},{},0.0,0.0,0.0,0.0,0.0,0.0,0.0,0.0,0.0,0.0,0.0,0.0,0.0,0.0,Leave Event,0.0,"{'node_level': {}, 'link_level': {}, 'path_level': {}}","{'node_level': {}, 'link_level': {}, 'path_level': {}}","{'node_level': {}, 'link_level': {}, 'path_level': {}}",[],-inf,-inf,True,True,False,0,[],0,0.0,,
180,29,1,1843.0,4908.0,839790.1277900802,2457754.1907028058,0.37550937245313776,0.3416900400238717,42,338,0,4510.353544311085,9214,4907,4307,0.007483818770226525,0.0798974578081606,145,855.3535443110845,3655.0,5,7,False,{},{},{},{},0.0,0.0,0.0,0.0,0.0,0.0,0.0,0.0,0.0,0.0,0.0,0.0,0.0,0.0,Leave Event,0.0,"{'node_level': {}, 'link_level': {}, 'path_level': {}}","{'node_level': {}, 'link_level': {}, 'path_level': {}}","{'node_level': {}, 'link_level': {}, 'path_level': {}}",[],-inf,-inf,True,True,False,0,[],0,0.0,,
181,29,1,1843.0,4908.0,839790.1277900802,2457754.1907028058,0.37550937245313776,0.3416900400238717,42,339,1,4515.0,9214,4907,4307,0.007483818770226525,0.0798974578081606,180,695.0175433544052,4515.0,7,13,False,"{0: np.int64(5), 1: np.int64(33), 2: np.int64(61), 3: np.int64(34), 4: np.int64(46), 5: np.int64(35), 6: np.int64(16)}","{(0, 1): []}","{(0, np.int64(5)): {'cpu': 9}, (1, np.int64(33)): {'cpu': 1}, (2, np.int64(61)): {'cpu': 11}, (3, np.int64(34)): {'cpu': 4}, (4, np.int64(46)): {'cpu': 8}, (5, np.int64(35)): {'cpu': 13}, (6, np.int64(16)): {'cpu': 6}}",{},0.0,0.0,104.0,52.0,355.0,0.0,0.0,0.0,0.0,0.0,0.0,0.0,0.0,0.0,Route Failure,100.0,"{'node_level': {}, 'link_level': {}, 'path_level': {}}","{'node_level': {0: {'cpu': -49}, 1: {'cpu': -91}, 2: {'cpu': -78}, 3: {'cpu': -91}, 4: {'cpu': -90}, 5: {'cpu': -70}, 6: {'cpu': -86}}, 'link_level': {(0, 1): {'bw': 100.0}}, 'path_level': {(0, 1): {}}}","{'node_level': {0: {'cpu': 0}, 1: {'cpu': 0}, 2: {'cpu': 0}, 3: {'cpu': 0}, 4: {'cpu': 0}, 5: {'cpu': 0}, 6: {'cpu': 0}}, 'link_level': {(0, 1): {'bw': 100.0}}, 'path_level': {(0, 1): {}}}",[],-inf,-inf,True,False,False,0,[],0,0.0,7.0,1.0
182,29,1,1843.0,4908.0,839790.1277900802,2457754.1907028058,0.37550937245313776,0.3416900400238717,42,340,1,4540.0,9214,4907,4307,0.007483818770226525,0.0798974578081606,181,68.88991401198173,4540.0,9,20,False,"{0: np.int64(55), 1: np.int64(31), 2: np.int64(54), 3: np.int64(16), 4: np.int64(1), 5: np.int64(57), 6: np.int64(61), 7: np.int64(36), 8: np.int64(7)}","{(0, 3): []}","{(0, np.int64(55)): {'cpu': 20}, (1, np.int64(31)): {'cpu': 17}, (2, np.int64(54)): {'cpu': 7}, (3, np.int64(16)): {'cpu': 6}, (4, np.int64(1)): {'cpu': 5}, (5, np.int64(57)): {'cpu': 10}, (6, np.int64(61)): {'cpu': 3}, (7, np.int64(36)): {'cpu': 1}, (8, np.int64(7)): {'cpu': 2}}",{},0.0,0.0,142.0,71.0,478.0,0.0,0.0,0.0,0.0,0.0,0.0,0.0,0.0,0.0,Route Failure,100.0,"{'node_level': {}, 'link_level': {}, 'path_level': {}}","{'node_level': {0: {'cpu': -52}, 1: {'cpu': -65}, 2: {'cpu': -73}, 3: {'cpu': -86}, 4: {'cpu': -50}, 5: {'cpu': -51}, 6: {'cpu': -86}, 7: {'cpu': -81}, 8: {'cpu': -57}}, 'link_level': {(0, 3): {'bw': 100.0}}, 'path_level': {(0, 3): {}}}","{'node_level': {0: {'cpu': 0}, 1: {'cpu': 0}, 2: {'cpu': 0}, 3: {'cpu': 0}, 4: {'cpu': 0}, 5: {'cpu': 0}, 6: {'cpu': 0}, 7: {'cpu': 0}, 8: {'cpu': 0}}, 'link_level': {(0, 3): {'bw': 100.0}}, 'path_level': {(0, 3): {}}}",[],-inf,-inf,True,False,False,0,[],0,0.0,9.0,1.0
182,29,1,1843.0,4908.0,839790.1277900802,2457754.1907028058,0.37550937245313776,0.3416900400238717,42,341,0,4545.8328891316805,9214,4907,4307,0.007483818770226525,0.0798974578081606,153,683.8328891316802,3862.0,8,16,False,{},{},{},{},0.0,0.0,0.0,0.0,0.0,0.0,0.0,0.0,0.0,0.0,0.0,0.0,0.0,0.0,Leave Event,0.0,"{'node_level': {}, 'link_level': {}, 'path_level': {}}","{'node_level': {}, 'link_level': {}, 'path_level': {}}","{'node_level': {}, 'link_level': {}, 'path_level': {}}",[],-inf,-inf,True,True,False,0,[],0,0.0,,
183,29,1,1843.0,4908.0,839790.1277900802,2457754.1907028058,0.37550937245313776,0.3416900400238717,42,342,1,4565.0,9214,4907,4307,0.007483818770226525,0.0798974578081606,182,1251.6369528774007,4565.0,5,5,False,"{0: np.int64(56), 1: np.int64(51), 2: np.int64(11), 3: np.int64(23), 4: np.int64(4)}","{(0, 2): [(np.int64(56), 24), (24, 11)], (1, 2): []}","{(0, np.int64(56)): {'cpu': 6}, (1, np.int64(51)): {'cpu': 15}, (2, np.int64(11)): {'cpu': 11}, (3, np.int64(23)): {'cpu': 8}, (4, np.int64(4)): {'cpu': 2}}","{((0, 2), (np.int64(56), 24)): {'bw': 3}, ((0, 2), (24, 11)): {'bw': 3}}",0.0,0.0,84.0,42.0,118.0,0.0,0.0,0.0,0.0,0.0,0.0,0.0,0.0,0.0,Route Failure,100.0,"{'node_level': {}, 'link_level': {}, 'path_level': {}}","{'node_level': {0: {'cpu': -47}, 1: {'cpu': -47}, 2: {'cpu': -79}, 3: {'cpu': -80}, 4: {'cpu': -71}}, 'link_level': {(0, 2): {'bw': -54}, (1, 2): {'bw': 100.0}}, 'path_level': {(0, 2): {}, (1, 2): {}}}","{'node_level': {0: {'cpu': 0}, 1: {'cpu': 0}, 2: {'cpu': 0}, 3: {'cpu': 0}, 4: {'cpu': 0}}, 'link_level': {(0, 2): {'bw': 0}, (1, 2): {'bw': 100.0}}, 'path_level': {(0, 2): {}, (1, 2): {}}}",[],-inf,-inf,True,False,False,0,[],0,0.0,5.0,2.0
184,29,1,1843.0,4908.0,839790.1277900802,2457754.1907028058,0.37550937245313776,0.3416900400238717,42,343,1,4583.0,9214,4907,4307,0.007483818770226525,0.0798974578081606,183,172.33349053430996,4583.0,10,25,False,"{0: np.int64(34), 1: np.int64(37), 2: np.int64(52), 3: np.int64(7), 4: np.int64(25), 5: np.int64(51), 6: np.int64(3), 7: np.int64(4), 8: np.int64(19), 9: np.int64(32)}","{(0, 2): [(np.int64(34), 18), (18, 8), (8, 3), (3, 1), (1, 4), (4, 9), (9, 20), (20, 52)], (0, 3): [(np.int64(34), 18), (18, 8), (8, 3), (3, 7)], (0, 4): [(np.int64(34), 18), (18, 8), (8, 3), (3, 1), (1, 0), (0, 2), (2, 5), (5, 12), (12, 25)], (0, 7): []}","{(0, np.int64(34)): {'cpu': 15}, (1, np.int64(37)): {'cpu': 0}, (2, np.int64(52)): {'cpu': 7}, (3, np.int64(7)): {'cpu': 18}, (4, np.int64(25)): {'cpu': 2}, (5, np.int64(51)): {'cpu': 9}, (6, np.int64(3)): {'cpu': 14}, (7, np.int64(4)): {'cpu': 0}, (8, np.int64(19)): {'cpu': 11}, (9, np.int64(32)): {'cpu': 3}}","{((0, 2), (np.int64(34), 18)): {'bw': 2}, ((0, 2), (18, 8)): {'bw': 2}, ((0, 2), (8, 3)): {'bw': 2}, ((0, 2), (3, 1)): {'bw': 2}, ((0, 2), (1, 4)): {'bw': 2}, ((0, 2), (4, 9)): {'bw': 2}, ((0, 2), (9, 20)): {'bw': 2}, ((0, 2), (20, 52)): {'bw': 2}, ((0, 3), (np.int64(34), 18)): {'bw': 40}, ((0, 3), (18, 8)): {'bw': 40}, ((0, 3), (8, 3)): {'bw': 40}, ((0, 3), (3, 7)): {'bw': 40}, ((0, 4), (np.int64(34), 18)): {'bw': 9}, ((0, 4), (18, 8)): {'bw': 9}, ((0, 4), (8, 3)): {'bw': 9}, ((0, 4), (3, 1)): {'bw': 9}, ((0, 4), (1, 0)): {'bw': 9}, ((0, 4), (0, 2)): {'bw': 9}, ((0, 4), (2, 5)): {'bw': 9}, ((0, 4), (5, 12)): {'bw': 9}, ((0, 4), (12, 25)): {'bw': 9}}",0.0,0.0,158.0,79.0,638.0,0.0,0.0,0.0,0.0,0.0,0.0,0.0,0.0,0.0,Route Failure,100.0,"{'node_level': {}, 'link_level': {}, 'path_level': {}}","{'node_level': {0: {'cpu': -80}, 1: {'cpu': -95}, 2: {'cpu': -66}, 3: {'cpu': -41}, 4: {'cpu': -94}, 5: {'cpu': -53}, 6: {'cpu': -76}, 7: {'cpu': -73}, 8: {'cpu': -60}, 9: {'cpu': -87}}, 'link_level': {(0, 2): {'bw': -21}, (0, 3): {'bw': -4}, (0, 4): {'bw': -3}, (0, 7): {'bw': 100.0}}, 'path_level': {(0, 2): {}, (0, 3): {}, (0, 4): {}, (0, 7): {}}}","{'node_level': {0: {'cpu': 0}, 1: {'cpu': 0}, 2: {'cpu': 0}, 3: {'cpu': 0}, 4: {'cpu': 0}, 5: {'cpu': 0}, 6: {'cpu': 0}, 7: {'cpu': 0}, 8: {'cpu': 0}, 9: {'cpu': 0}}, 'link_level': {(0, 2): {'bw': 0}, (0, 3): {'bw': 0}, (0, 4): {'bw': 0}, (0, 7): {'bw': 100.0}}, 'path_level': {(0, 2): {}, (0, 3): {}, (0, 4): {}, (0, 7): {}}}",[],-inf,-inf,True,False,False,0,[],0,0.0,10.0,4.0
184,29,1,1843.0,4908.0,839790.1277900802,2457754.1907028058,0.37550937245313776,0.3416900400238717,42,344,0,4608.889914011982,9214,4907,4307,0.007483818770226525,0.0798974578081606,181,68.88991401198173,4540.0,9,20,False,{},{},{},{},0.0,0.0,0.0,0.0,0.0,0.0,0.0,0.0,0.0,0.0,0.0,0.0,0.0,0.0,Leave Event,0.0,"{'node_level': {}, 'link_level': {}, 'path_level': {}}","{'node_level': {}, 'link_level': {}, 'path_level': {}}","{'node_level': {}, 'link_level': {}, 'path_level': {}}",[],-inf,-inf,True,True,False,0,[],0,0.0,,
184,29,1,1843.0,4908.0,839790.1277900802,2457754.1907028058,0.37550937245313776,0.3416900400238717,42,345,0,4610.36414401485,9214,4907,4307,0.007483818770226525,0.0798974578081606,116,1682.3641440148501,2928.0,8,12,False,{},{},{},{},0.0,0.0,0.0,0.0,0.0,0.0,0.0,0.0,0.0,0.0,0.0,0.0,0.0,0.0,Leave Event,0.0,"{'node_level': {}, 'link_level': {}, 'path_level': {}}","{'node_level': {}, 'link_level': {}, 'path_level': {}}","{'node_level': {}, 'link_level': {}, 'path_level': {}}",[],-inf,-inf,True,True,False,0,[],0,0.0,,
184,29,1,1843.0,4908.0,839790.1277900802,2457754.1907028058,0.37550937245313776,0.3416900400238717,42,346,0,4615.885740026539,9214,4907,4307,0.007483818770226525,0.0798974578081606,168,404.885740026539,4211.0,10,16,False,{},{},{},{},0.0,0.0,0.0,0.0,0.0,0.0,0.0,0.0,0.0,0.0,0.0,0.0,0.0,0.0,Leave Event,0.0,"{'node_level': {}, 'link_level': {}, 'path_level': {}}","{'node_level': {}, 'link_level': {}, 'path_level': {}}","{'node_level': {}, 'link_level': {}, 'path_level': {}}",[],-inf,-inf,True,True,False,0,[],0,0.0,,
185,29,1,1843.0,4908.0,839790.1277900802,2457754.1907028058,0.37550937245313776,0.3416900400238717,42,347,1,4617.0,9214,4907,4307,0.007483818770226525,0.0798974578081606,184,60.70743186439061,4617.0,7,10,False,"{0: np.int64(20), 1: np.int64(30), 2: np.int64(28), 3: np.int64(11), 4: np.int64(61), 5: np.int64(41), 6: np.int64(33)}","{(0, 4): []}","{(0, np.int64(20)): {'cpu': 17}, (1, np.int64(30)): {'cpu': 7}, (2, np.int64(28)): {'cpu': 4}, (3, np.int64(11)): {'cpu': 0}, (4, np.int64(61)): {'cpu': 10}, (5, np.int64(41)): {'cpu': 13}, (6, np.int64(33)): {'cpu': 19}}",{},0.0,0.0,140.0,70.0,312.0,0.0,0.0,0.0,0.0,0.0,0.0,0.0,0.0,0.0,Route Failure,100.0,"{'node_level': {}, 'link_level': {}, 'path_level': {}}","{'node_level': {0: {'cpu': -54}, 1: {'cpu': -66}, 2: {'cpu': -95}, 3: {'cpu': -90}, 4: {'cpu': -79}, 5: {'cpu': -52}, 6: {'cpu': -73}}, 'link_level': {(0, 4): {'bw': 100.0}}, 'path_level': {(0, 4): {}}}","{'node_level': {0: {'cpu': 0}, 1: {'cpu': 0}, 2: {'cpu': 0}, 3: {'cpu': 0}, 4: {'cpu': 0}, 5: {'cpu': 0}, 6: {'cpu': 0}}, 'link_level': {(0, 4): {'bw': 100.0}}, 'path_level': {(0, 4): {}}}",[],-inf,-inf,True,False,False,0,[],0,0.0,7.0,1.0
186,29,1,1843.0,4908.0,839790.1277900802,2457754.1907028058,0.37550937245313776,0.3416900400238717,42,348,1,4644.0,9214,4907,4307,0.007483818770226525,0.0798974578081606,185,523.9099920006806,4644.0,3,3,False,"{0: np.int64(42), 1: np.int64(46), 2: np.int64(5)}","{(0, 1): [(np.int64(42), 26), (26, 12), (12, 5), (5, 2), (2, 6), (6, 14), (14, 30), (30, 46)], (0, 2): []}","{(0, np.int64(42)): {'cpu': 13}, (1, np.int64(46)): {'cpu': 19}, (2, np.int64(5)): {'cpu': 12}}","{((0, 1), (np.int64(42), 26)): {'bw': 28}, ((0, 1), (26, 12)): {'bw': 28}, ((0, 1), (12, 5)): {'bw': 28}, ((0, 1), (5, 2)): {'bw': 28}, ((0, 1), (2, 6)): {'bw': 28}, ((0, 1), (6, 14)): {'bw': 28}, ((0, 1), (14, 30)): {'bw': 28}, ((0, 1), (30, 46)): {'bw': 28}}",0.0,0.0,88.0,44.0,84.0,0.0,0.0,0.0,0.0,0.0,0.0,0.0,0.0,0.0,Route Failure,100.0,"{'node_level': {}, 'link_level': {}, 'path_level': {}}","{'node_level': {0: {'cpu': -71}, 1: {'cpu': -79}, 2: {'cpu': -46}}, 'link_level': {(0, 1): {'bw': -12}, (0, 2): {'bw': 100.0}}, 'path_level': {(0, 1): {}, (0, 2): {}}}","{'node_level': {0: {'cpu': 0}, 1: {'cpu': 0}, 2: {'cpu': 0}}, 'link_level': {(0, 1): {'bw': 0}, (0, 2): {'bw': 100.0}}, 'path_level': {(0, 1): {}, (0, 2): {}}}",[],-inf,-inf,True,False,False,0,[],0,0.0,3.0,2.0
186,29,1,1843.0,4908.0,839790.1277900802,2457754.1907028058,0.37550937245313776,0.3416900400238717,42,349,0,4646.948142699852,9214,4907,4307,0.007483818770226525,0.0798974578081606,60,3111.948142699852,1535.0,5,4,False,{},{},{},{},0.0,0.0,0.0,0.0,0.0,0.0,0.0,0.0,0.0,0.0,0.0,0.0,0.0,0.0,Leave Event,0.0,"{'node_level': {}, 'link_level': {}, 'path_level': {}}","{'node_level': {}, 'link_level': {}, 'path_level': {}}","{'node_level': {}, 'link_level': {}, 'path_level': {}}",[],-inf,-inf,True,True,False,0,[],0,0.0,,
186,29,1,1843.0,4908.0,839790.1277900802,2457754.1907028058,0.37550937245313776,0.3416900400238717,42,350,0,4663.890382936142,9214,4907,4307,0.007483818770226525,0.0798974578081606,120,1629.8903829361416,3034.0,8,15,False,{},{},{},{},0.0,0.0,0.0,0.0,0.0,0.0,0.0,0.0,0.0,0.0,0.0,0.0,0.0,0.0,Leave Event,0.0,"{'node_level': {}, 'link_level': {}, 'path_level': {}}","{'node_level': {}, 'link_level': {}, 'path_level': {}}","{'node_level': {}, 'link_level': {}, 'path_level': {}}",[],-inf,-inf,True,True,False,0,[],0,0.0,,
187,29,1,1843.0,4908.0,839790.1277900802,2457754.1907028058,0.37550937245313776,0.3416900400238717,42,351,1,4671.0,9214,4907,4307,0.007483818770226525,0.0798974578081606,186,699.3161714502039,4671.0,7,13,False,"{0: np.int64(37), 1: np.int64(42), 2: np.int64(25), 3: np.int64(28), 4: np.int64(46), 5: np.int64(33), 6: np.int64(62)}","{(0, 2): []}","{(0, np.int64(37)): {'cpu': 16}, (1, np.int64(42)): {'cpu': 3}, (2, np.int64(25)): {'cpu': 5}, (3, np.int64(28)): {'cpu': 13}, (4, np.int64(46)): {'cpu': 7}, (5, np.int64(33)): {'cpu': 5}, (6, np.int64(62)): {'cpu': 9}}",{},0.0,0.0,116.0,58.0,304.0,0.0,0.0,0.0,0.0,0.0,0.0,0.0,0.0,0.0,Route Failure,100.0,"{'node_level': {}, 'link_level': {}, 'path_level': {}}","{'node_level': {0: {'cpu': -79}, 1: {'cpu': -81}, 2: {'cpu': -91}, 3: {'cpu': -86}, 4: {'cpu': -91}, 5: {'cpu': -87}, 6: {'cpu': -86}}, 'link_level': {(0, 2): {'bw': 100.0}}, 'path_level': {(0, 2): {}}}","{'node_level': {0: {'cpu': 0}, 1: {'cpu': 0}, 2: {'cpu': 0}, 3: {'cpu': 0}, 4: {'cpu': 0}, 5: {'cpu': 0}, 6: {'cpu': 0}}, 'link_level': {(0, 2): {'bw': 100.0}}, 'path_level': {(0, 2): {}}}",[],-inf,-inf,True,False,False,0,[],0,0.0,7.0,1.0
187,29,1,1843.0,4908.0,839790.1277900802,2457754.1907028058,0.37550937245313776,0.3416900400238717,42,352,0,4675.229332200796,9214,4907,4307,0.007483818770226525,0.0798974578081606,159,681.2293322007966,3994.0,5,4,False,{},{},{},{},0.0,0.0,0.0,0.0,0.0,0.0,0.0,0.0,0.0,0.0,0.0,0.0,0.0,0.0,Leave Event,0.0,"{'node_level': {}, 'link_level': {}, 'path_level': {}}","{'node_level': {}, 'link_level': {}, 'path_level': {}}","{'node_level': {}, 'link_level': {}, 'path_level': {}}",[],-inf,-inf,True,True,False,0,[],0,0.0,,
187,29,1,1843.0,4908.0,839790.1277900802,2457754.1907028058,0.37550937245313776,0.3416900400238717,42,353,0,4677.707431864391,9214,4907,4307,0.007483818770226525,0.0798974578081606,184,60.70743186439061,4617.0,7,10,False,{},{},{},{},0.0,0.0,0.0,0.0,0.0,0.0,0.0,0.0,0.0,0.0,0.0,0.0,0.0,0.0,Leave Event,0.0,"{'node_level': {}, 'link_level': {}, 'path_level': {}}","{'node_level': {}, 'link_level': {}, 'path_level': {}}","{'node_level': {}, 'link_level': {}, 'path_level': {}}",[],-inf,-inf,True,True,False,0,[],0,0.0,,
187,29,1,1843.0,4908.0,839790.1277900802,2457754.1907028058,0.37550937245313776,0.3416900400238717,42,354,0,4693.732700058624,9214,4907,4307,0.007483818770226525,0.0798974578081606,165,556.732700058624,4137.0,8,9,False,{},{},{},{},0.0,0.0,0.0,0.0,0.0,0.0,0.0,0.0,0.0,0.0,0.0,0.0,0.0,0.0,Leave Event,0.0,"{'node_level': {}, 'link_level': {}, 'path_level': {}}","{'node_level': {}, 'link_level': {}, 'path_level': {}}","{'node_level': {}, 'link_level': {}, 'path_level': {}}",[],-inf,-inf,True,True,False,0,[],0,0.0,,
188,29,1,1843.0,4908.0,839790.1277900802,2457754.1907028058,0.37550937245313776,0.3416900400238717,42,355,1,4699.0,9214,4907,4307,0.007483818770226525,0.0798974578081606,187,457.56098309101776,4699.0,6,9,False,"{0: np.int64(8), 1: np.int64(48), 2: np.int64(27), 3: np.int64(45), 4: np.int64(34), 5: np.int64(47)}","{(0, 2): []}","{(0, np.int64(8)): {'cpu': 13}, (1, np.int64(48)): {'cpu': 4}, (2, np.int64(27)): {'cpu': 20}, (3, np.int64(45)): {'cpu': 20}, (4, np.int64(34)): {'cpu': 18}, (5, np.int64(47)): {'cpu': 2}}",{},0.0,0.0,154.0,77.0,229.0,0.0,0.0,0.0,0.0,0.0,0.0,0.0,0.0,0.0,Route Failure,100.0,"{'node_level': {}, 'link_level': {}, 'path_level': {}}","{'node_level': {0: {'cpu': -76}, 1: {'cpu': -71}, 2: {'cpu': -38}, 3: {'cpu': -47}, 4: {'cpu': -77}, 5: {'cpu': -65}}, 'link_level': {(0, 2): {'bw': 100.0}}, 'path_level': {(0, 2): {}}}","{'node_level': {0: {'cpu': 0}, 1: {'cpu': 0}, 2: {'cpu': 0}, 3: {'cpu': 0}, 4: {'cpu': 0}, 5: {'cpu': 0}}, 'link_level': {(0, 2): {'bw': 100.0}}, 'path_level': {(0, 2): {}}}",[],-inf,-inf,True,False,False,0,[],0,0.0,6.0,1.0
188,29,1,1843.0,4908.0,839790.1277900802,2457754.1907028058,0.37550937245313776,0.3416900400238717,42,356,0,4723.0390672449375,9214,4907,4307,0.007483818770226525,0.0798974578081606,114,1844.0390672449375,2879.0,9,14,False,{},{},{},{},0.0,0.0,0.0,0.0,0.0,0.0,0.0,0.0,0.0,0.0,0.0,0.0,0.0,0.0,Leave Event,0.0,"{'node_level': {}, 'link_level': {}, 'path_level': {}}","{'node_level': {}, 'link_level': {}, 'path_level': {}}","{'node_level': {}, 'link_level': {}, 'path_level': {}}",[],-inf,-inf,True,True,False,0,[],0,0.0,,
188,29,1,1843.0,4908.0,839790.1277900802,2457754.1907028058,0.37550937245313776,0.3416900400238717,42,357,0,4725.361275819591,9214,4907,4307,0.007483818770226525,0.0798974578081606,161,684.3612758195914,4041.0,7,11,False,{},{},{},{},0.0,0.0,0.0,0.0,0.0,0.0,0.0,0.0,0.0,0.0,0.0,0.0,0.0,0.0,Leave Event,0.0,"{'node_level': {}, 'link_level': {}, 'path_level': {}}","{'node_level': {}, 'link_level': {}, 'path_level': {}}","{'node_level': {}, 'link_level': {}, 'path_level': {}}",[],-inf,-inf,True,True,False,0,[],0,0.0,,
189,29,1,1843.0,4908.0,839790.1277900802,2457754.1907028058,0.37550937245313776,0.3416900400238717,42,358,1,4726.0,9214,4907,4307,0.007483818770226525,0.0798974578081606,188,22.122510150070475,4726.0,5,5,False,"{0: np.int64(56), 1: np.int64(29), 2: np.int64(24), 3: np.int64(5), 4: np.int64(26)}","{(0, 3): [(np.int64(56), 24), (24, 11), (11, 5)], (0, 4): [(np.int64(56), 24), (24, 11), (11, 5), (5, 12), (12, 26)], (1, 4): [(np.int64(29), 14), (14, 6), (6, 2), (2, 5), (5, 12), (12, 26)], (2, 3): []}","{(0, np.int64(56)): {'cpu': 0}, (1, np.int64(29)): {'cpu': 18}, (2, np.int64(24)): {'cpu': 16}, (3, np.int64(5)): {'cpu': 6}, (4, np.int64(26)): {'cpu': 16}}","{((0, 3), (np.int64(56), 24)): {'bw': 17}, ((0, 3), (24, 11)): {'bw': 17}, ((0, 3), (11, 5)): {'bw': 17}, ((0, 4), (np.int64(56), 24)): {'bw': 23}, ((0, 4), (24, 11)): {'bw': 23}, ((0, 4), (11, 5)): {'bw': 23}, ((0, 4), (5, 12)): {'bw': 23}, ((0, 4), (12, 26)): {'bw': 23}, ((1, 4), (np.int64(29), 14)): {'bw': 15}, ((1, 4), (14, 6)): {'bw': 15}, ((1, 4), (6, 2)): {'bw': 15}, ((1, 4), (2, 5)): {'bw': 15}, ((1, 4), (5, 12)): {'bw': 15}, ((1, 4), (12, 26)): {'bw': 15}}",0.0,0.0,112.0,56.0,129.0,0.0,0.0,0.0,0.0,0.0,0.0,0.0,0.0,0.0,Route Failure,100.0,"{'node_level': {}, 'link_level': {}, 'path_level': {}}","{'node_level': {0: {'cpu': -53}, 1: {'cpu': -34}, 2: {'cpu': -36}, 3: {'cpu': -52}, 4: {'cpu': -64}}, 'link_level': {(0, 3): {'bw': -40}, (0, 4): {'bw': -17}, (1, 4): {'bw': -2}, (2, 3): {'bw': 100.0}}, 'path_level': {(0, 3): {}, (0, 4): {}, (1, 4): {}, (2, 3): {}}}","{'node_level': {0: {'cpu': 0}, 1: {'cpu': 0}, 2: {'cpu': 0}, 3: {'cpu': 0}, 4: {'cpu': 0}}, 'link_level': {(0, 3): {'bw': 0}, (0, 4): {'bw': 0}, (1, 4): {'bw': 0}, (2, 3): {'bw': 100.0}}, 'path_level': {(0, 3): {}, (0, 4): {}, (1, 4): {}, (2, 3): {}}}",[],-inf,-inf,True,False,False,0,[],0,0.0,5.0,4.0
189,29,1,1843.0,4908.0,839790.1277900802,2457754.1907028058,0.37550937245313776,0.3416900400238717,42,359,0,4748.12251015007,9214,4907,4307,0.007483818770226525,0.0798974578081606,188,22.122510150070475,4726.0,5,5,False,{},{},{},{},0.0,0.0,0.0,0.0,0.0,0.0,0.0,0.0,0.0,0.0,0.0,0.0,0.0,0.0,Leave Event,0.0,"{'node_level': {}, 'link_level': {}, 'path_level': {}}","{'node_level': {}, 'link_level': {}, 'path_level': {}}","{'node_level': {}, 'link_level': {}, 'path_level': {}}",[],-inf,-inf,True,True,False,0,[],0,0.0,,
190,29,1,1843.0,4908.0,839790.1277900802,2457754.1907028058,0.37550937245313776,0.3416900400238717,42,360,1,4751.0,9214,4907,4307,0.007483818770226525,0.0798974578081606,189,924.5094827226017,4751.0,7,9,False,"{0: np.int64(12), 1: np.int64(45), 2: np.int64(53), 3: np.int64(13), 4: np.int64(36), 5: np.int64(30), 6: np.int64(35)}","{(0, 2): [(np.int64(12), 5), (5, 2), (2, 0), (0, 1), (1, 4), (4, 10), (10, 21), (21, 53)], (0, 4): [(np.int64(12), 5), (5, 2), (2, 0), (0, 1), (1, 4), (4, 9), (9, 20), (20, 36)], (0, 5): []}","{(0, np.int64(12)): {'cpu': 10}, (1, np.int64(45)): {'cpu': 15}, (2, np.int64(53)): {'cpu': 8}, (3, np.int64(13)): {'cpu': 19}, (4, np.int64(36)): {'cpu': 19}, (5, np.int64(30)): {'cpu': 17}, (6, np.int64(35)): {'cpu': 19}}","{((0, 2), (np.int64(12), 5)): {'bw': 2}, ((0, 2), (5, 2)): {'bw': 2}, ((0, 2), (2, 0)): {'bw': 2}, ((0, 2), (0, 1)): {'bw': 2}, ((0, 2), (1, 4)): {'bw': 2}, ((0, 2), (4, 10)): {'bw': 2}, ((0, 2), (10, 21)): {'bw': 2}, ((0, 2), (21, 53)): {'bw': 2}, ((0, 4), (np.int64(12), 5)): {'bw': 6}, ((0, 4), (5, 2)): {'bw': 6}, ((0, 4), (2, 0)): {'bw': 6}, ((0, 4), (0, 1)): {'bw': 6}, ((0, 4), (1, 4)): {'bw': 6}, ((0, 4), (4, 9)): {'bw': 6}, ((0, 4), (9, 20)): {'bw': 6}, ((0, 4), (20, 36)): {'bw': 6}}",0.0,0.0,214.0,107.0,181.0,0.0,0.0,0.0,0.0,0.0,0.0,0.0,0.0,0.0,Route Failure,100.0,"{'node_level': {}, 'link_level': {}, 'path_level': {}}","{'node_level': {0: {'cpu': -61}, 1: {'cpu': -52}, 2: {'cpu': -92}, 3: {'cpu': -81}, 4: {'cpu': -63}, 5: {'cpu': -56}, 6: {'cpu': -64}}, 'link_level': {(0, 2): {'bw': -19}, (0, 4): {'bw': -13}, (0, 5): {'bw': 100.0}}, 'path_level': {(0, 2): {}, (0, 4): {}, (0, 5): {}}}","{'node_level': {0: {'cpu': 0}, 1: {'cpu': 0}, 2: {'cpu': 0}, 3: {'cpu': 0}, 4: {'cpu': 0}, 5: {'cpu': 0}, 6: {'cpu': 0}}, 'link_level': {(0, 2): {'bw': 0}, (0, 4): {'bw': 0}, (0, 5): {'bw': 100.0}}, 'path_level': {(0, 2): {}, (0, 4): {}, (0, 5): {}}}",[],-inf,-inf,True,False,False,0,[],0,0.0,7.0,3.0
190,29,1,1843.0,4908.0,839790.1277900802,2457754.1907028058,0.37550937245313776,0.3416900400238717,42,361,0,4755.33349053431,9214,4907,4307,0.007483818770226525,0.0798974578081606,183,172.33349053430996,4583.0,10,25,False,{},{},{},{},0.0,0.0,0.0,0.0,0.0,0.0,0.0,0.0,0.0,0.0,0.0,0.0,0.0,0.0,Leave Event,0.0,"{'node_level': {}, 'link_level': {}, 'path_level': {}}","{'node_level': {}, 'link_level': {}, 'path_level': {}}","{'node_level': {}, 'link_level': {}, 'path_level': {}}",[],-inf,-inf,True,True,False,0,[],0,0.0,,
190,29,1,1843.0,4908.0,839790.1277900802,2457754.1907028058,0.37550937245313776,0.3416900400238717,42,362,0,4755.4734964543995,9214,4907,4307,0.007483818770226525,0.0798974578081606,141,1197.4734964543995,3558.0,10,26,False,{},{},{},{},0.0,0.0,0.0,0.0,0.0,0.0,0.0,0.0,0.0,0.0,0.0,0.0,0.0,0.0,Leave Event,0.0,"{'node_level': {}, 'link_level': {}, 'path_level': {}}","{'node_level': {}, 'link_level': {}, 'path_level': {}}","{'node_level': {}, 'link_level': {}, 'path_level': {}}",[],-inf,-inf,True,True,False,0,[],0,0.0,,
191,29,1,1843.0,4908.0,839790.1277900802,2457754.1907028058,0.37550937245313776,0.3416900400238717,42,363,1,4768.0,9214,4907,4307,0.007483818770226525,0.0798974578081606,190,765.2530288468683,4768.0,8,14,False,"{0: np.int64(35), 1: np.int64(41), 2: np.int64(46), 3: np.int64(59), 4: np.int64(9), 5: np.int64(47), 6: np.int64(40), 7: np.int64(39)}","{(0, 1): []}","{(0, np.int64(35)): {'cpu': 18}, (1, np.int64(41)): {'cpu': 20}, (2, np.int64(46)): {'cpu': 17}, (3, np.int64(59)): {'cpu': 5}, (4, np.int64(9)): {'cpu': 2}, (5, np.int64(47)): {'cpu': 8}, (6, np.int64(40)): {'cpu': 17}, (7, np.int64(39)): {'cpu': 9}}",{},0.0,0.0,192.0,96.0,321.0,0.0,0.0,0.0,0.0,0.0,0.0,0.0,0.0,0.0,Route Failure,100.0,"{'node_level': {}, 'link_level': {}, 'path_level': {}}","{'node_level': {0: {'cpu': -65}, 1: {'cpu': -45}, 2: {'cpu': -81}, 3: {'cpu': -95}, 4: {'cpu': -93}, 5: {'cpu': -59}, 6: {'cpu': -83}, 7: {'cpu': -44}}, 'link_level': {(0, 1): {'bw': 100.0}}, 'path_level': {(0, 1): {}}}","{'node_level': {0: {'cpu': 0}, 1: {'cpu': 0}, 2: {'cpu': 0}, 3: {'cpu': 0}, 4: {'cpu': 0}, 5: {'cpu': 0}, 6: {'cpu': 0}, 7: {'cpu': 0}}, 'link_level': {(0, 1): {'bw': 100.0}}, 'path_level': {(0, 1): {}}}",[],-inf,-inf,True,False,False,0,[],0,0.0,8.0,1.0
192,29,1,1843.0,4908.0,839790.1277900802,2457754.1907028058,0.37550937245313776,0.3416900400238717,42,364,1,4785.0,9214,4907,4307,0.007483818770226525,0.0798974578081606,191,377.86653939553275,4785.0,8,13,False,"{0: np.int64(49), 1: np.int64(10), 2: np.int64(4), 3: np.int64(50), 4: np.int64(6), 5: np.int64(19), 6: np.int64(40), 7: np.int64(1)}","{(0, 2): []}","{(0, np.int64(49)): {'cpu': 12}, (1, np.int64(10)): {'cpu': 15}, (2, np.int64(4)): {'cpu': 16}, (3, np.int64(50)): {'cpu': 14}, (4, np.int64(6)): {'cpu': 7}, (5, np.int64(19)): {'cpu': 11}, (6, np.int64(40)): {'cpu': 7}, (7, np.int64(1)): {'cpu': 7}}",{},0.0,0.0,178.0,89.0,309.0,0.0,0.0,0.0,0.0,0.0,0.0,0.0,0.0,0.0,Route Failure,100.0,"{'node_level': {}, 'link_level': {}, 'path_level': {}}","{'node_level': {0: {'cpu': -47}, 1: {'cpu': -65}, 2: {'cpu': -57}, 3: {'cpu': -84}, 4: {'cpu': -93}, 5: {'cpu': -60}, 6: {'cpu': -93}, 7: {'cpu': -48}}, 'link_level': {(0, 2): {'bw': 100.0}}, 'path_level': {(0, 2): {}}}","{'node_level': {0: {'cpu': 0}, 1: {'cpu': 0}, 2: {'cpu': 0}, 3: {'cpu': 0}, 4: {'cpu': 0}, 5: {'cpu': 0}, 6: {'cpu': 0}, 7: {'cpu': 0}}, 'link_level': {(0, 2): {'bw': 100.0}}, 'path_level': {(0, 2): {}}}",[],-inf,-inf,True,False,False,0,[],0,0.0,8.0,1.0
193,30,2,1917.0,5062.0,857915.1725680465,2495473.878483979,0.3787040695377321,0.3437884804024625,42,365,1,4811.0,9060,4887,4173,0.011529126213592256,0.10852381969664604,192,244.9330375400855,4811.0,3,2,True,"{0: np.int64(30), 1: np.int64(6), 2: np.int64(28)}","{(0, 1): [(np.int64(30), 14), (14, 6)], (0, 2): [(np.int64(30), 14), (14, 6), (6, 13), (13, 28)]}","{(0, np.int64(30)): {'cpu': 1}, (1, np.int64(6)): {'cpu': 9}, (2, np.int64(28)): {'cpu': 10}}","{((0, 1), (np.int64(30), 14)): {'bw': 41}, ((0, 1), (14, 6)): {'bw': 41}, ((0, 2), (np.int64(30), 14)): {'bw': 13}, ((0, 2), (14, 6)): {'bw': 13}, ((0, 2), (6, 13)): {'bw': 13}, ((0, 2), (13, 28)): {'bw': 13}}",154.0,74.0,40.0,20.0,54.0,20.0,54.0,20.0,134.0,80.0,0.4805194805194805,37719.68778117317,18125.044777966326,117.69509596082031,Success,0.0,"{'node_level': {}, 'link_level': {}, 'path_level': {}}","{'node_level': {0: {'cpu': -72}, 1: {'cpu': -91}, 2: {'cpu': -89}}, 'link_level': {(0, 1): {'bw': -13}, (0, 2): {'bw': 0}}, 'path_level': {(0, 1): {}, (0, 2): {}}}","{'node_level': {0: {'cpu': 0}, 1: {'cpu': 0}, 2: {'cpu': 0}}, 'link_level': {(0, 1): {'bw': 0}, (0, 2): {'bw': 0}}, 'path_level': {(0, 1): {}, (0, 2): {}}}",[],-inf,-inf,True,True,False,0,[],0,0.0,3.0,2.0
193,30,2,1917.0,5062.0,857915.1725680465,2495473.878483979,0.3787040695377321,0.3437884804024625,42,366,0,4840.192200168533,9060,4887,4173,0.011529126213592256,0.10852381969664604,144,1208.1922001685334,3632.0,9,18,False,{},{},{},{},0.0,0.0,0.0,0.0,0.0,0.0,0.0,0.0,0.0,0.0,0.0,0.0,0.0,0.0,Leave Event,0.0,"{'node_level': {}, 'link_level': {}, 'path_level': {}}","{'node_level': {}, 'link_level': {}, 'path_level': {}}","{'node_level': {}, 'link_level': {}, 'path_level': {}}",[],-inf,-inf,True,True,False,0,[],0,0.0,,
194,31,3,1947.0,5092.0,870678.5611075435,2508237.2670234763,0.3823644933228594,0.34712767111573034,42,367,1,4842.0,9030,4857,4173,0.01759708737864074,0.10852381969664604,193,425.44628464990325,4842.0,2,1,True,"{0: np.int64(62), 1: np.int64(37)}","{(0, 1): [(np.int64(62), 30), (30, 14), (14, 6), (6, 2), (2, 0), (0, 1), (1, 4), (4, 10), (10, 21), (21, 37)]}","{(0, np.int64(62)): {'cpu': 14}, (1, np.int64(37)): {'cpu': 16}}","{((0, 1), (np.int64(62), 30)): {'bw': 0}, ((0, 1), (30, 14)): {'bw': 0}, ((0, 1), (14, 6)): {'bw': 0}, ((0, 1), (6, 2)): {'bw': 0}, ((0, 1), (2, 0)): {'bw': 0}, ((0, 1), (0, 1)): {'bw': 0}, ((0, 1), (1, 4)): {'bw': 0}, ((0, 1), (4, 10)): {'bw': 0}, ((0, 1), (10, 21)): {'bw': 0}, ((0, 1), (21, 37)): {'bw': 0}}",30.0,30.0,60.0,30.0,0.0,30.0,0.0,30.0,0.0,0.0,1.0,12763.388539497097,12763.388539497097,425.44628464990325,Success,0.0,"{'node_level': {}, 'link_level': {}, 'path_level': {}}","{'node_level': {0: {'cpu': -81}, 1: {'cpu': -79}}, 'link_level': {(0, 1): {'bw': 0}}, 'path_level': {(0, 1): {}}}","{'node_level': {0: {'cpu': 0}, 1: {'cpu': 0}}, 'link_level': {(0, 1): {'bw': 0}}, 'path_level': {(0, 1): {}}}",[],-inf,-inf,True,True,False,0,[],0,0.0,2.0,1.0
194,31,3,1947.0,5092.0,870678.5611075435,2508237.2670234763,0.3823644933228594,0.34712767111573034,42,368,0,4861.465729227703,9030,4857,4173,0.01759708737864074,0.10852381969664604,179,367.4657292277031,4494.0,2,1,False,{},{},{},{},0.0,0.0,0.0,0.0,0.0,0.0,0.0,0.0,0.0,0.0,0.0,0.0,0.0,0.0,Leave Event,0.0,"{'node_level': {}, 'link_level': {}, 'path_level': {}}","{'node_level': {}, 'link_level': {}, 'path_level': {}}","{'node_level': {}, 'link_level': {}, 'path_level': {}}",[],-inf,-inf,True,True,False,0,[],0,0.0,,
195,31,3,1947.0,5092.0,870678.5611075435,2508237.2670234763,0.3823644933228594,0.34712767111573034,42,369,1,4863.0,9030,4857,4173,0.01759708737864074,0.10852381969664604,194,164.66179736123195,4863.0,7,8,False,"{0: np.int64(49), 1: np.int64(11), 2: np.int64(45), 3: np.int64(57), 4: np.int64(5), 5: np.int64(59), 6: np.int64(48)}","{(0, 1): [(np.int64(49), 17), (17, 8), (8, 3), (3, 1), (1, 0), (0, 2), (2, 5), (5, 11)], (0, 6): [(np.int64(49), 17), (17, 8), (8, 3), (3, 7), (7, 16), (16, 48)], (1, 4): [(np.int64(11), 5)], (2, 4): []}","{(0, np.int64(49)): {'cpu': 11}, (1, np.int64(11)): {'cpu': 0}, (2, np.int64(45)): {'cpu': 11}, (3, np.int64(57)): {'cpu': 18}, (4, np.int64(5)): {'cpu': 13}, (5, np.int64(59)): {'cpu': 7}, (6, np.int64(48)): {'cpu': 20}}","{((0, 1), (np.int64(49), 17)): {'bw': 18}, ((0, 1), (17, 8)): {'bw': 18}, ((0, 1), (8, 3)): {'bw': 18}, ((0, 1), (3, 1)): {'bw': 18}, ((0, 1), (1, 0)): {'bw': 18}, ((0, 1), (0, 2)): {'bw': 18}, ((0, 1), (2, 5)): {'bw': 18}, ((0, 1), (5, 11)): {'bw': 18}, ((0, 6), (np.int64(49), 17)): {'bw': 38}, ((0, 6), (17, 8)): {'bw': 38}, ((0, 6), (8, 3)): {'bw': 38}, ((0, 6), (3, 7)): {'bw': 38}, ((0, 6), (7, 16)): {'bw': 38}, ((0, 6), (16, 48)): {'bw': 38}, ((1, 4), (np.int64(11), 5)): {'bw': 3}}",0.0,0.0,160.0,80.0,193.0,0.0,0.0,0.0,0.0,0.0,0.0,0.0,0.0,0.0,Route Failure,100.0,"{'node_level': {}, 'link_level': {}, 'path_level': {}}","{'node_level': {0: {'cpu': -48}, 1: {'cpu': -90}, 2: {'cpu': -56}, 3: {'cpu': -43}, 4: {'cpu': -45}, 5: {'cpu': -93}, 6: {'cpu': -55}}, 'link_level': {(0, 1): {'bw': -3}, (0, 6): {'bw': -6}, (1, 4): {'bw': -72}, (2, 4): {'bw': 100.0}}, 'path_level': {(0, 1): {}, (0, 6): {}, (1, 4): {}, (2, 4): {}}}","{'node_level': {0: {'cpu': 0}, 1: {'cpu': 0}, 2: {'cpu': 0}, 3: {'cpu': 0}, 4: {'cpu': 0}, 5: {'cpu': 0}, 6: {'cpu': 0}}, 'link_level': {(0, 1): {'bw': 0}, (0, 6): {'bw': 0}, (1, 4): {'bw': 0}, (2, 4): {'bw': 100.0}}, 'path_level': {(0, 1): {}, (0, 6): {}, (1, 4): {}, (2, 4): {}}}",[],-inf,-inf,True,False,False,0,[],0,0.0,7.0,4.0
196,31,3,1947.0,5092.0,870678.5611075435,2508237.2670234763,0.3823644933228594,0.34712767111573034,42,370,1,4887.0,9030,4857,4173,0.01759708737864074,0.10852381969664604,195,299.73219468648944,4887.0,4,4,False,"{0: np.int64(62), 1: np.int64(60), 2: np.int64(0), 3: np.int64(40)}","{(0, 1): []}","{(0, np.int64(62)): {'cpu': 4}, (1, np.int64(60)): {'cpu': 7}, (2, np.int64(0)): {'cpu': 15}, (3, np.int64(40)): {'cpu': 7}}",{},0.0,0.0,66.0,33.0,78.0,0.0,0.0,0.0,0.0,0.0,0.0,0.0,0.0,0.0,Route Failure,100.0,"{'node_level': {}, 'link_level': {}, 'path_level': {}}","{'node_level': {0: {'cpu': -77}, 1: {'cpu': -33}, 2: {'cpu': -81}, 3: {'cpu': -93}}, 'link_level': {(0, 1): {'bw': 100.0}}, 'path_level': {(0, 1): {}}}","{'node_level': {0: {'cpu': 0}, 1: {'cpu': 0}, 2: {'cpu': 0}, 3: {'cpu': 0}}, 'link_level': {(0, 1): {'bw': 100.0}}, 'path_level': {(0, 1): {}}}",[],-inf,-inf,True,False,False,0,[],0,0.0,4.0,1.0
196,31,3,1947.0,5092.0,870678.5611075435,2508237.2670234763,0.3823644933228594,0.34712767111573034,42,371,0,4888.971730922661,9030,4857,4173,0.01759708737864074,0.10852381969664604,167,699.971730922661,4189.0,8,14,False,{},{},{},{},0.0,0.0,0.0,0.0,0.0,0.0,0.0,0.0,0.0,0.0,0.0,0.0,0.0,0.0,Leave Event,0.0,"{'node_level': {}, 'link_level': {}, 'path_level': {}}","{'node_level': {}, 'link_level': {}, 'path_level': {}}","{'node_level': {}, 'link_level': {}, 'path_level': {}}",[],-inf,-inf,True,True,False,0,[],0,0.0,,
197,32,4,1980.0,5155.0,873745.4035339467,2514092.148019337,0.38409311348205627,0.347539132255874,42,372,1,4908.0,8967,4834,4133,0.0222491909385113,0.11706900234992523,196,92.93461898191637,4908.0,2,1,True,"{0: np.int64(31), 1: np.int64(32)}","{(0, 1): [(np.int64(31), 15), (15, 7), (7, 16), (16, 32)]}","{(0, np.int64(31)): {'cpu': 16}, (1, np.int64(32)): {'cpu': 7}}","{((0, 1), (np.int64(31), 15)): {'bw': 10}, ((0, 1), (15, 7)): {'bw': 10}, ((0, 1), (7, 16)): {'bw': 10}, ((0, 1), (16, 32)): {'bw': 10}}",63.0,33.0,46.0,23.0,10.0,23.0,10.0,23.0,40.0,30.0,0.5238095238095238,5854.880995860732,3066.84242640324,48.68003851433715,Success,0.0,"{'node_level': {}, 'link_level': {}, 'path_level': {}}","{'node_level': {0: {'cpu': -66}, 1: {'cpu': -83}}, 'link_level': {(0, 1): {'bw': -43}}, 'path_level': {(0, 1): {}}}","{'node_level': {0: {'cpu': 0}, 1: {'cpu': 0}}, 'link_level': {(0, 1): {'bw': 0}}, 'path_level': {(0, 1): {}}}",[],-inf,-inf,True,True,False,0,[],0,0.0,2.0,1.0
198,32,4,1980.0,5155.0,873745.4035339467,2514092.148019337,0.38409311348205627,0.347539132255874,42,373,1,4933.0,8967,4834,4133,0.0222491909385113,0.11706900234992523,197,183.32311553026338,4933.0,7,9,False,"{0: np.int64(53), 1: np.int64(3), 2: np.int64(22), 3: np.int64(6), 4: np.int64(30), 5: np.int64(44), 6: np.int64(15)}","{(0, 2): [(np.int64(53), 21), (21, 10), (10, 22)], (0, 6): [(np.int64(53), 21), (21, 10), (10, 4), (4, 1), (1, 3), (3, 7), (7, 15)], (1, 4): []}","{(0, np.int64(53)): {'cpu': 3}, (1, np.int64(3)): {'cpu': 4}, (2, np.int64(22)): {'cpu': 12}, (3, np.int64(6)): {'cpu': 8}, (4, np.int64(30)): {'cpu': 12}, (5, np.int64(44)): {'cpu': 13}, (6, np.int64(15)): {'cpu': 12}}","{((0, 2), (np.int64(53), 21)): {'bw': 11}, ((0, 2), (21, 10)): {'bw': 11}, ((0, 2), (10, 22)): {'bw': 11}, ((0, 6), (np.int64(53), 21)): {'bw': 3}, ((0, 6), (21, 10)): {'bw': 3}, ((0, 6), (10, 4)): {'bw': 3}, ((0, 6), (4, 1)): {'bw': 3}, ((0, 6), (1, 3)): {'bw': 3}, ((0, 6), (3, 7)): {'bw': 3}, ((0, 6), (7, 15)): {'bw': 3}}",0.0,0.0,128.0,64.0,203.0,0.0,0.0,0.0,0.0,0.0,0.0,0.0,0.0,0.0,Route Failure,100.0,"{'node_level': {}, 'link_level': {}, 'path_level': {}}","{'node_level': {0: {'cpu': -97}, 1: {'cpu': -86}, 2: {'cpu': -76}, 3: {'cpu': -83}, 4: {'cpu': -60}, 5: {'cpu': -85}, 6: {'cpu': -72}}, 'link_level': {(0, 2): {'bw': -61}, (0, 6): {'bw': -20}, (1, 4): {'bw': 100.0}}, 'path_level': {(0, 2): {}, (0, 6): {}, (1, 4): {}}}","{'node_level': {0: {'cpu': 0}, 1: {'cpu': 0}, 2: {'cpu': 0}, 3: {'cpu': 0}, 4: {'cpu': 0}, 5: {'cpu': 0}, 6: {'cpu': 0}}, 'link_level': {(0, 2): {'bw': 0}, (0, 6): {'bw': 0}, (1, 4): {'bw': 100.0}}, 'path_level': {(0, 2): {}, (0, 6): {}, (1, 4): {}}}",[],-inf,-inf,True,False,False,0,[],0,0.0,7.0,3.0
199,32,4,1980.0,5155.0,873745.4035339467,2514092.148019337,0.38409311348205627,0.347539132255874,42,374,1,4965.0,8967,4834,4133,0.0222491909385113,0.11706900234992523,198,781.526125855949,4965.0,10,25,False,"{0: np.int64(3), 1: np.int64(37), 2: np.int64(12), 3: np.int64(30), 4: np.int64(34), 5: np.int64(53), 6: np.int64(47), 7: np.int64(46), 8: np.int64(61), 9: np.int64(41)}","{(0, 1): []}","{(0, np.int64(3)): {'cpu': 13}, (1, np.int64(37)): {'cpu': 17}, (2, np.int64(12)): {'cpu': 16}, (3, np.int64(30)): {'cpu': 2}, (4, np.int64(34)): {'cpu': 15}, (5, np.int64(53)): {'cpu': 0}, (6, np.int64(47)): {'cpu': 20}, (7, np.int64(46)): {'cpu': 20}, (8, np.int64(61)): {'cpu': 10}, (9, np.int64(41)): {'cpu': 13}}",{},0.0,0.0,252.0,126.0,670.0,0.0,0.0,0.0,0.0,0.0,0.0,0.0,0.0,0.0,Route Failure,100.0,"{'node_level': {}, 'link_level': {}, 'path_level': {}}","{'node_level': {0: {'cpu': -77}, 1: {'cpu': -62}, 2: {'cpu': -55}, 3: {'cpu': -70}, 4: {'cpu': -80}, 5: {'cpu': -100}, 6: {'cpu': -47}, 7: {'cpu': -78}, 8: {'cpu': -79}, 9: {'cpu': -52}}, 'link_level': {(0, 1): {'bw': 100.0}}, 'path_level': {(0, 1): {}}}","{'node_level': {0: {'cpu': 0}, 1: {'cpu': 0}, 2: {'cpu': 0}, 3: {'cpu': 0}, 4: {'cpu': 0}, 5: {'cpu': 0}, 6: {'cpu': 0}, 7: {'cpu': 0}, 8: {'cpu': 0}, 9: {'cpu': 0}}, 'link_level': {(0, 1): {'bw': 100.0}}, 'path_level': {(0, 1): {}}}",[],-inf,-inf,True,False,False,0,[],0,0.0,10.0,1.0
199,32,3,1980.0,5155.0,873745.4035339467,2514092.148019337,0.38409311348205627,0.347539132255874,42,375,0,4988.403977868762,9378,4871,4507,0.014765372168284774,0.037171544541764634,158,1013.4039778687622,3975.0,4,3,False,{},{},{},{},0.0,0.0,0.0,0.0,0.0,0.0,0.0,0.0,0.0,0.0,0.0,0.0,0.0,0.0,Leave Event,0.0,"{'node_level': {}, 'link_level': {}, 'path_level': {}}","{'node_level': {}, 'link_level': {}, 'path_level': {}}","{'node_level': {}, 'link_level': {}, 'path_level': {}}",[],-inf,-inf,True,True,False,0,[],0,0.0,,
200,32,3,1980.0,5155.0,873745.4035339467,2514092.148019337,0.38409311348205627,0.347539132255874,42,376,1,4989.0,9378,4871,4507,0.014765372168284774,0.037171544541764634,199,638.7632599454167,4989.0,7,11,False,"{0: np.int64(16), 1: np.int64(13), 2: np.int64(41), 3: np.int64(50), 4: np.int64(57), 5: np.int64(31), 6: np.int64(36)}","{(0, 3): [(np.int64(16), 7), (7, 3), (3, 8), (8, 18), (18, 50)], (0, 4): [(np.int64(16), 7), (7, 3), (3, 1), (1, 0), (0, 2), (2, 5), (5, 12), (12, 25), (25, 57)], (0, 6): []}","{(0, np.int64(16)): {'cpu': 1}, (1, np.int64(13)): {'cpu': 14}, (2, np.int64(41)): {'cpu': 2}, (3, np.int64(50)): {'cpu': 6}, (4, np.int64(57)): {'cpu': 15}, (5, np.int64(31)): {'cpu': 9}, (6, np.int64(36)): {'cpu': 15}}","{((0, 3), (np.int64(16), 7)): {'bw': 37}, ((0, 3), (7, 3)): {'bw': 37}, ((0, 3), (3, 8)): {'bw': 37}, ((0, 3), (8, 18)): {'bw': 37}, ((0, 3), (18, 50)): {'bw': 37}, ((0, 4), (np.int64(16), 7)): {'bw': 25}, ((0, 4), (7, 3)): {'bw': 25}, ((0, 4), (3, 1)): {'bw': 25}, ((0, 4), (1, 0)): {'bw': 25}, ((0, 4), (0, 2)): {'bw': 25}, ((0, 4), (2, 5)): {'bw': 25}, ((0, 4), (5, 12)): {'bw': 25}, ((0, 4), (12, 25)): {'bw': 25}, ((0, 4), (25, 57)): {'bw': 25}}",0.0,0.0,124.0,62.0,359.0,0.0,0.0,0.0,0.0,0.0,0.0,0.0,0.0,0.0,Route Failure,100.0,"{'node_level': {}, 'link_level': {}, 'path_level': {}}","{'node_level': {0: {'cpu': -91}, 1: {'cpu': -86}, 2: {'cpu': -63}, 3: {'cpu': -92}, 4: {'cpu': -46}, 5: {'cpu': -57}, 6: {'cpu': -67}}, 'link_level': {(0, 3): {'bw': -17}, (0, 4): {'bw': -10}, (0, 6): {'bw': 100.0}}, 'path_level': {(0, 3): {}, (0, 4): {}, (0, 6): {}}}","{'node_level': {0: {'cpu': 0}, 1: {'cpu': 0}, 2: {'cpu': 0}, 3: {'cpu': 0}, 4: {'cpu': 0}, 5: {'cpu': 0}, 6: {'cpu': 0}}, 'link_level': {(0, 3): {'bw': 0}, (0, 4): {'bw': 0}, (0, 6): {'bw': 100.0}}, 'path_level': {(0, 3): {}, (0, 4): {}, (0, 6): {}}}",[],-inf,-inf,True,False,False,0,[],0,0.0,7.0,3.0
200,32,2,1980.0,5155.0,873745.4035339467,2514092.148019337,0.38409311348205627,0.347539132255874,42,377,0,5000.934618981916,9441,4894,4547,0.010113268608414216,0.02862636188848533,196,92.93461898191637,4908.0,2,1,False,{},{},{},{},0.0,0.0,0.0,0.0,0.0,0.0,0.0,0.0,0.0,0.0,0.0,0.0,0.0,0.0,Leave Event,0.0,"{'node_level': {}, 'link_level': {}, 'path_level': {}}","{'node_level': {}, 'link_level': {}, 'path_level': {}}","{'node_level': {}, 'link_level': {}, 'path_level': {}}",[],-inf,-inf,True,True,False,0,[],0,0.0,,
200,32,2,1980.0,5155.0,873745.4035339467,2514092.148019337,0.38409311348205627,0.347539132255874,42,378,0,5027.661797361232,9441,4894,4547,0.010113268608414216,0.02862636188848533,194,164.66179736123195,4863.0,7,8,False,{},{},{},{},0.0,0.0,0.0,0.0,0.0,0.0,0.0,0.0,0.0,0.0,0.0,0.0,0.0,0.0,Leave Event,0.0,"{'node_level': {}, 'link_level': {}, 'path_level': {}}","{'node_level': {}, 'link_level': {}, 'path_level': {}}","{'node_level': {}, 'link_level': {}, 'path_level': {}}",[],-inf,-inf,True,True,False,0,[],0,0.0,,
200,32,1,1980.0,5155.0,873745.4035339467,2514092.148019337,0.38409311348205627,0.347539132255874,42,379,0,5055.933037540086,9595,4914,4681,0.0060679611650485965,0.0,192,244.9330375400855,4811.0,3,2,False,{},{},{},{},0.0,0.0,0.0,0.0,0.0,0.0,0.0,0.0,0.0,0.0,0.0,0.0,0.0,0.0,Leave Event,0.0,"{'node_level': {}, 'link_level': {}, 'path_level': {}}","{'node_level': {}, 'link_level': {}, 'path_level': {}}","{'node_level': {}, 'link_level': {}, 'path_level': {}}",[],-inf,-inf,True,True,False,0,[],0,0.0,,
200,32,1,1980.0,5155.0,873745.4035339467,2514092.148019337,0.38409311348205627,0.347539132255874,42,380,0,5116.323115530264,9595,4914,4681,0.0060679611650485965,0.0,197,183.32311553026338,4933.0,7,9,False,{},{},{},{},0.0,0.0,0.0,0.0,0.0,0.0,0.0,0.0,0.0,0.0,0.0,0.0,0.0,0.0,Leave Event,0.0,"{'node_level': {}, 'link_level': {}, 'path_level': {}}","{'node_level': {}, 'link_level': {}, 'path_level': {}}","{'node_level': {}, 'link_level': {}, 'path_level': {}}",[],-inf,-inf,True,True,False,0,[],0,0.0,,
200,32,1,1980.0,5155.0,873745.4035339467,2514092.148019337,0.38409311348205627,0.347539132255874,42,381,0,5144.603972810993,9595,4914,4681,0.0060679611650485965,0.0,174,794.603972810993,4350.0,4,4,False,{},{},{},{},0.0,0.0,0.0,0.0,0.0,0.0,0.0,0.0,0.0,0.0,0.0,0.0,0.0,0.0,Leave Event,0.0,"{'node_level': {}, 'link_level': {}, 'path_level': {}}","{'node_level': {}, 'link_level': {}, 'path_level': {}}","{'node_level': {}, 'link_level': {}, 'path_level': {}}",[],-inf,-inf,True,True,False,0,[],0,0.0,,
200,32,1,1980.0,5155.0,873745.4035339467,2514092.148019337,0.38409311348205627,0.347539132255874,42,382,0,5156.560983091018,9595,4914,4681,0.0060679611650485965,0.0,187,457.56098309101776,4699.0,6,9,False,{},{},{},{},0.0,0.0,0.0,0.0,0.0,0.0,0.0,0.0,0.0,0.0,0.0,0.0,0.0,0.0,Leave Event,0.0,"{'node_level': {}, 'link_level': {}, 'path_level': {}}","{'node_level': {}, 'link_level': {}, 'path_level': {}}","{'node_level': {}, 'link_level': {}, 'path_level': {}}",[],-inf,-inf,True,True,False,0,[],0,0.0,,
200,32,1,1980.0,5155.0,873745.4035339467,2514092.148019337,0.38409311348205627,0.347539132255874,42,383,0,5162.8665393955325,9595,4914,4681,0.0060679611650485965,0.0,191,377.86653939553275,4785.0,8,13,False,{},{},{},{},0.0,0.0,0.0,0.0,0.0,0.0,0.0,0.0,0.0,0.0,0.0,0.0,0.0,0.0,Leave Event,0.0,"{'node_level': {}, 'link_level': {}, 'path_level': {}}","{'node_level': {}, 'link_level': {}, 'path_level': {}}","{'node_level': {}, 'link_level': {}, 'path_level': {}}",[],-inf,-inf,True,True,False,0,[],0,0.0,,
200,32,1,1980.0,5155.0,873745.4035339467,2514092.148019337,0.38409311348205627,0.347539132255874,42,384,0,5167.909992000681,9595,4914,4681,0.0060679611650485965,0.0,185,523.9099920006806,4644.0,3,3,False,{},{},{},{},0.0,0.0,0.0,0.0,0.0,0.0,0.0,0.0,0.0,0.0,0.0,0.0,0.0,0.0,Leave Event,0.0,"{'node_level': {}, 'link_level': {}, 'path_level': {}}","{'node_level': {}, 'link_level': {}, 'path_level': {}}","{'node_level': {}, 'link_level': {}, 'path_level': {}}",[],-inf,-inf,True,True,False,0,[],0,0.0,,
200,32,1,1980.0,5155.0,873745.4035339467,2514092.148019337,0.38409311348205627,0.347539132255874,42,385,0,5182.071235945644,9595,4914,4681,0.0060679611650485965,0.0,127,1967.0712359456438,3215.0,7,9,False,{},{},{},{},0.0,0.0,0.0,0.0,0.0,0.0,0.0,0.0,0.0,0.0,0.0,0.0,0.0,0.0,Leave Event,0.0,"{'node_level': {}, 'link_level': {}, 'path_level': {}}","{'node_level': {}, 'link_level': {}, 'path_level': {}}","{'node_level': {}, 'link_level': {}, 'path_level': {}}",[],-inf,-inf,True,True,False,0,[],0,0.0,,
200,32,1,1980.0,5155.0,873745.4035339467,2514092.148019337,0.38409311348205627,0.347539132255874,42,386,0,5186.7321946864895,9595,4914,4681,0.0060679611650485965,0.0,195,299.73219468648944,4887.0,4,4,False,{},{},{},{},0.0,0.0,0.0,0.0,0.0,0.0,0.0,0.0,0.0,0.0,0.0,0.0,0.0,0.0,Leave Event,0.0,"{'node_level': {}, 'link_level': {}, 'path_level': {}}","{'node_level': {}, 'link_level': {}, 'path_level': {}}","{'node_level': {}, 'link_level': {}, 'path_level': {}}",[],-inf,-inf,True,True,False,0,[],0,0.0,,
200,32,1,1980.0,5155.0,873745.4035339467,2514092.148019337,0.38409311348205627,0.347539132255874,42,387,0,5210.0175433544055,9595,4914,4681,0.0060679611650485965,0.0,180,695.0175433544052,4515.0,7,13,False,{},{},{},{},0.0,0.0,0.0,0.0,0.0,0.0,0.0,0.0,0.0,0.0,0.0,0.0,0.0,0.0,Leave Event,0.0,"{'node_level': {}, 'link_level': {}, 'path_level': {}}","{'node_level': {}, 'link_level': {}, 'path_level': {}}","{'node_level': {}, 'link_level': {}, 'path_level': {}}",[],-inf,-inf,True,True,False,0,[],0,0.0,,
200,32,0,1980.0,5155.0,873745.4035339467,2514092.148019337,0.38409311348205627,0.347539132255874,42,388,0,5267.446284649904,9625,4944,4681,0.0,0.0,193,425.44628464990325,4842.0,2,1,False,{},{},{},{},0.0,0.0,0.0,0.0,0.0,0.0,0.0,0.0,0.0,0.0,0.0,0.0,0.0,0.0,Leave Event,0.0,"{'node_level': {}, 'link_level': {}, 'path_level': {}}","{'node_level': {}, 'link_level': {}, 'path_level': {}}","{'node_level': {}, 'link_level': {}, 'path_level': {}}",[],-inf,-inf,True,True,False,0,[],0,0.0,,
200,32,0,1980.0,5155.0,873745.4035339467,2514092.148019337,0.38409311348205627,0.347539132255874,42,389,0,5370.316171450204,9625,4944,4681,0.0,0.0,186,699.3161714502039,4671.0,7,13,False,{},{},{},{},0.0,0.0,0.0,0.0,0.0,0.0,0.0,0.0,0.0,0.0,0.0,0.0,0.0,0.0,Leave Event,0.0,"{'node_level': {}, 'link_level': {}, 'path_level': {}}","{'node_level': {}, 'link_level': {}, 'path_level': {}}","{'node_level': {}, 'link_level': {}, 'path_level': {}}",[],-inf,-inf,True,True,False,0,[],0,0.0,,
200,32,0,1980.0,5155.0,873745.4035339467,2514092.148019337,0.38409311348205627,0.347539132255874,42,390,0,5457.777845570425,9625,4944,4681,0.0,0.0,177,1023.7778455704247,4434.0,9,15,False,{},{},{},{},0.0,0.0,0.0,0.0,0.0,0.0,0.0,0.0,0.0,0.0,0.0,0.0,0.0,0.0,Leave Event,0.0,"{'node_level': {}, 'link_level': {}, 'path_level': {}}","{'node_level': {}, 'link_level': {}, 'path_level': {}}","{'node_level': {}, 'link_level': {}, 'path_level': {}}",[],-inf,-inf,True,True,False,0,[],0,0.0,,
200,32,0,1980.0,5155.0,873745.4035339467,2514092.148019337,0.38409311348205627,0.347539132255874,42,391,0,5533.253028846868,9625,4944,4681,0.0,0.0,190,765.2530288468683,4768.0,8,14,False,{},{},{},{},0.0,0.0,0.0,0.0,0.0,0.0,0.0,0.0,0.0,0.0,0.0,0.0,0.0,0.0,Leave Event,0.0,"{'node_level': {}, 'link_level': {}, 'path_level': {}}","{'node_level': {}, 'link_level': {}, 'path_level': {}}","{'node_level': {}, 'link_level': {}, 'path_level': {}}",[],-inf,-inf,True,True,False,0,[],0,0.0,,
200,32,0,1980.0,5155.0,873745.4035339467,2514092.148019337,0.38409311348205627,0.347539132255874,42,392,0,5627.763259945416,9625,4944,4681,0.0,0.0,199,638.7632599454167,4989.0,7,11,False,{},{},{},{},0.0,0.0,0.0,0.0,0.0,0.0,0.0,0.0,0.0,0.0,0.0,0.0,0.0,0.0,Leave Event,0.0,"{'node_level': {}, 'link_level': {}, 'path_level': {}}","{'node_level': {}, 'link_level': {}, 'path_level': {}}","{'node_level': {}, 'link_level': {}, 'path_level': {}}",[],-inf,-inf,True,True,False,0,[],0,0.0,,
200,32,0,1980.0,5155.0,873745.4035339467,2514092.148019337,0.38409311348205627,0.347539132255874,42,393,0,5675.509482722602,9625,4944,4681,0.0,0.0,189,924.5094827226017,4751.0,7,9,False,{},{},{},{},0.0,0.0,0.0,0.0,0.0,0.0,0.0,0.0,0.0,0.0,0.0,0.0,0.0,0.0,Leave Event,0.0,"{'node_level': {}, 'link_level': {}, 'path_level': {}}","{'node_level': {}, 'link_level': {}, 'path_level': {}}","{'node_level': {}, 'link_level': {}, 'path_level': {}}",[],-inf,-inf,True,True,False,0,[],0,0.0,,
200,32,0,1980.0,5155.0,873745.4035339467,2514092.148019337,0.38409311348205627,0.347539132255874,42,394,0,5746.526125855949,9625,4944,4681,0.0,0.0,198,781.526125855949,4965.0,10,25,False,{},{},{},{},0.0,0.0,0.0,0.0,0.0,0.0,0.0,0.0,0.0,0.0,0.0,0.0,0.0,0.0,Leave Event,0.0,"{'node_level': {}, 'link_level': {}, 'path_level': {}}","{'node_level': {}, 'link_level': {}, 'path_level': {}}","{'node_level': {}, 'link_level': {}, 'path_level': {}}",[],-inf,-inf,True,True,False,0,[],0,0.0,,
200,32,0,1980.0,5155.0,873745.4035339467,2514092.148019337,0.38409311348205627,0.347539132255874,42,395,0,5816.636952877401,9625,4944,4681,0.0,0.0,182,1251.6369528774007,4565.0,5,5,False,{},{},{},{},0.0,0.0,0.0,0.0,0.0,0.0,0.0,0.0,0.0,0.0,0.0,0.0,0.0,0.0,Leave Event,0.0,"{'node_level': {}, 'link_level': {}, 'path_level': {}}","{'node_level': {}, 'link_level': {}, 'path_level': {}}","{'node_level': {}, 'link_level': {}, 'path_level': {}}",[],-inf,-inf,True,True,False,0,[],0,0.0,,
200,32,0,1980.0,5155.0,873745.4035339467,2514092.148019337,0.38409311348205627,0.347539132255874,42,396,0,6059.508524303826,9625,4944,4681,0.0,0.0,148,2324.5085243038257,3735.0,10,24,False,{},{},{},{},0.0,0.0,0.0,0.0,0.0,0.0,0.0,0.0,0.0,0.0,0.0,0.0,0.0,0.0,Leave Event,0.0,"{'node_level': {}, 'link_level': {}, 'path_level': {}}","{'node_level': {}, 'link_level': {}, 'path_level': {}}","{'node_level': {}, 'link_level': {}, 'path_level': {}}",[],-inf,-inf,True,True,False,0,[],0,0.0,,
200,32,0,1980.0,5155.0,873745.4035339467,2514092.148019337,0.38409311348205627,0.347539132255874,42,397,0,6144.822977735304,9625,4944,4681,0.0,0.0,178,1683.822977735305,4461.0,6,9,False,{},{},{},{},0.0,0.0,0.0,0.0,0.0,0.0,0.0,0.0,0.0,0.0,0.0,0.0,0.0,0.0,Leave Event,0.0,"{'node_level': {}, 'link_level': {}, 'path_level': {}}","{'node_level': {}, 'link_level': {}, 'path_level': {}}","{'node_level': {}, 'link_level': {}, 'path_level': {}}",[],-inf,-inf,True,True,False,0,[],0,0.0,,
200,32,0,1980.0,5155.0,873745.4035339467,2514092.148019337,0.38409311348205627,0.347539132255874,42,398,0,6573.294721911595,9625,4944,4681,0.0,0.0,163,2480.294721911595,4093.0,9,21,False,{},{},{},{},0.0,0.0,0.0,0.0,0.0,0.0,0.0,0.0,0.0,0.0,0.0,0.0,0.0,0.0,Leave Event,0.0,"{'node_level': {}, 'link_level': {}, 'path_level': {}}","{'node_level': {}, 'link_level': {}, 'path_level': {}}","{'node_level': {}, 'link_level': {}, 'path_level': {}}",[],-inf,-inf,True,True,False,0,[],0,0.0,,
200,32,0,1980.0,5155.0,873745.4035339467,2514092.148019337,0.38409311348205627,0.347539132255874,42,399,0,6678.928132987359,9625,4944,4681,0.0,0.0,176,2275.928132987359,4403.0,5,6,False,{},{},{},{},0.0,0.0,0.0,0.0,0.0,0.0,0.0,0.0,0.0,0.0,0.0,0.0,0.0,0.0,Leave Event,0.0,"{'node_level': {}, 'link_level': {}, 'path_level': {}}","{'node_level': {}, 'link_level': {}, 'path_level': {}}","{'node_level': {}, 'link_level': {}, 'path_level': {}}",[],-inf,-inf,True,True,False,0,[],0,0.0,,
