v_net_count,success_count,inservice_count,total_revenue,total_cost,total_time_revenue,total_time_cost,long_term_r2c_ratio,long_term_time_r2c_ratio,num_running_p_net_nodes,event_id,event_type,event_time,p_net_available_resource,p_net_node_available_resource,p_net_link_available_resource,p_net_node_resource_utilization,p_net_link_resource_utilization,v_net_id,v_net_lifetime,v_net_arrival_time,v_net_num_nodes,v_net_num_egdes,result,node_slots,link_paths,node_slots_info,link_paths_info,v_net_cost,v_net_revenue,v_net_demand,v_net_node_demand,v_net_link_demand,v_net_node_revenue,v_net_link_revenue,v_net_node_cost,v_net_link_cost,v_net_path_cost,v_net_r2c_ratio,v_net_time_cost,v_net_time_revenue,v_net_time_rc_ratio,description,v_net_total_hard_constraint_violation,v_net_single_step_constraint_offset,v_net_constraint_offsets,v_net_constraint_violations,v_net_single_step_violation_list,v_net_single_step_hard_constraint_offset,v_net_max_single_step_hard_constraint_violation,place_result,route_result,early_rejection,revoke_times,selected_actions,num_interactions,v_net_reward,num_placed_nodes,num_routed_links
1,0,0,0.0,0.0,0.0,0.0,0.0,0.0,0,0,1,22.0,9659,4735,4924,0.0,0.0,0,906.733098550513,22.0,10,20,False,"{0: 15, 1: 8, 2: 38, 3: 29, 4: 35, 5: 42, 6: 0}","{(1, 0): [(8, 3), (3, 7), (7, 15)], (2, 1): [(38, 22), (22, 10), (10, 4), (4, 1), (1, 3), (3, 8)], (3, 0): [(29, 14), (14, 6), (6, 2), (2, 0), (0, 1), (1, 3), (3, 7), (7, 15)], (4, 1): [(35, 19), (19, 9), (9, 4), (4, 1), (1, 3), (3, 8)], (4, 3): [(35, 19), (19, 9), (9, 4), (4, 1), (1, 0), (0, 2), (2, 6), (6, 14), (14, 29)], (5, 3): [(42, 26), (26, 12), (12, 5), (5, 2), (2, 6), (6, 14), (14, 29)], (6, 0): []}","{(0, 15): {'cpu': 11}, (1, 8): {'cpu': 9}, (2, 38): {'cpu': 15}, (3, 29): {'cpu': 11}, (4, 35): {'cpu': 2}, (5, 42): {'cpu': 19}, (6, 0): {'cpu': 7}}","{((1, 0), (8, 3)): {'bw': 18}, ((1, 0), (3, 7)): {'bw': 18}, ((1, 0), (7, 15)): {'bw': 18}, ((2, 1), (38, 22)): {'bw': 11}, ((2, 1), (22, 10)): {'bw': 11}, ((2, 1), (10, 4)): {'bw': 11}, ((2, 1), (4, 1)): {'bw': 11}, ((2, 1), (1, 3)): {'bw': 11}, ((2, 1), (3, 8)): {'bw': 11}, ((3, 0), (29, 14)): {'bw': 25}, ((3, 0), (14, 6)): {'bw': 25}, ((3, 0), (6, 2)): {'bw': 25}, ((3, 0), (2, 0)): {'bw': 25}, ((3, 0), (0, 1)): {'bw': 25}, ((3, 0), (1, 3)): {'bw': 25}, ((3, 0), (3, 7)): {'bw': 25}, ((3, 0), (7, 15)): {'bw': 25}, ((4, 1), (35, 19)): {'bw': 27}, ((4, 1), (19, 9)): {'bw': 27}, ((4, 1), (9, 4)): {'bw': 27}, ((4, 1), (4, 1)): {'bw': 27}, ((4, 1), (1, 3)): {'bw': 27}, ((4, 1), (3, 8)): {'bw': 27}, ((4, 3), (35, 19)): {'bw': 24}, ((4, 3), (19, 9)): {'bw': 24}, ((4, 3), (9, 4)): {'bw': 24}, ((4, 3), (4, 1)): {'bw': 24}, ((4, 3), (1, 0)): {'bw': 24}, ((4, 3), (0, 2)): {'bw': 24}, ((4, 3), (2, 6)): {'bw': 24}, ((4, 3), (6, 14)): {'bw': 24}, ((4, 3), (14, 29)): {'bw': 24}, ((5, 3), (42, 26)): {'bw': 16}, ((5, 3), (26, 12)): {'bw': 16}, ((5, 3), (12, 5)): {'bw': 16}, ((5, 3), (5, 2)): {'bw': 16}, ((5, 3), (2, 6)): {'bw': 16}, ((5, 3), (6, 14)): {'bw': 16}, ((5, 3), (14, 29)): {'bw': 16}}",0.0,0.0,196.0,98.0,518.0,0.0,0.0,0.0,0.0,0.0,0.0,0.0,0.0,0.0,Route Failure,100.0,"{'node_level': {'cpu': -85}, 'link_level': {'bw': 100.0}, 'path_level': {}}","{'node_level': {0: {'cpu': -83}, 1: {'cpu': -84}, 2: {'cpu': -83}, 3: {'cpu': -85}, 4: {'cpu': -91}, 5: {'cpu': -80}, 6: {'cpu': -85}}, 'link_level': {(1, 0): {'bw': -43}, (2, 1): {'bw': -51}, (3, 0): {'bw': -18}, (4, 1): {'bw': -19}, (4, 3): {'bw': -4}, (5, 3): {'bw': -3}, (6, 0): {'bw': 100.0}}, 'path_level': {(1, 0): {}, (2, 1): {}, (3, 0): {}, (4, 1): {}, (4, 3): {}, (5, 3): {}, (6, 0): {}}}","{'node_level': {0: {'cpu': 0}, 1: {'cpu': 0}, 2: {'cpu': 0}, 3: {'cpu': 0}, 4: {'cpu': 0}, 5: {'cpu': 0}, 6: {'cpu': 0}}, 'link_level': {(1, 0): {'bw': 0}, (2, 1): {'bw': 0}, (3, 0): {'bw': 0}, (4, 1): {'bw': 0}, (4, 3): {'bw': 0}, (5, 3): {'bw': 0}, (6, 0): {'bw': 100.0}}, 'path_level': {(1, 0): {}, (2, 1): {}, (3, 0): {}, (4, 1): {}, (4, 3): {}, (5, 3): {}, (6, 0): {}}}",[],100.0,100.0,True,False,False,0,[],0,0.0,7.0,7.0
2,0,0,0.0,0.0,0.0,0.0,0.0,0.0,0,1,1,51.0,9659,4735,4924,0.0,0.0,1,382.57393229659357,51.0,5,5,False,"{0: 53, 1: 38, 2: 42, 3: 55, 4: 29}","{(1, 0): [(38, 22), (22, 10), (10, 21), (21, 53)], (3, 1): [(55, 23), (23, 11), (11, 5), (5, 2), (2, 0), (0, 1), (1, 4), (4, 10), (10, 22), (22, 38)], (3, 2): [(55, 23), (23, 11), (11, 5), (5, 12), (12, 26), (26, 42)], (4, 0): []}","{(0, 53): {'cpu': 0}, (1, 38): {'cpu': 7}, (2, 42): {'cpu': 11}, (3, 55): {'cpu': 17}, (4, 29): {'cpu': 4}}","{((1, 0), (38, 22)): {'bw': 42}, ((1, 0), (22, 10)): {'bw': 42}, ((1, 0), (10, 21)): {'bw': 42}, ((1, 0), (21, 53)): {'bw': 42}, ((3, 1), (55, 23)): {'bw': 11}, ((3, 1), (23, 11)): {'bw': 11}, ((3, 1), (11, 5)): {'bw': 11}, ((3, 1), (5, 2)): {'bw': 11}, ((3, 1), (2, 0)): {'bw': 11}, ((3, 1), (0, 1)): {'bw': 11}, ((3, 1), (1, 4)): {'bw': 11}, ((3, 1), (4, 10)): {'bw': 11}, ((3, 1), (10, 22)): {'bw': 11}, ((3, 1), (22, 38)): {'bw': 11}, ((3, 2), (55, 23)): {'bw': 9}, ((3, 2), (23, 11)): {'bw': 9}, ((3, 2), (11, 5)): {'bw': 9}, ((3, 2), (5, 12)): {'bw': 9}, ((3, 2), (12, 26)): {'bw': 9}, ((3, 2), (26, 42)): {'bw': 9}}",0.0,0.0,78.0,39.0,153.0,0.0,0.0,0.0,0.0,0.0,0.0,0.0,0.0,0.0,Route Failure,100.0,"{'node_level': {'cpu': -92}, 'link_level': {'bw': 100.0}, 'path_level': {}}","{'node_level': {0: {'cpu': -96}, 1: {'cpu': -91}, 2: {'cpu': -88}, 3: {'cpu': -82}, 4: {'cpu': -92}}, 'link_level': {(1, 0): {'bw': -20}, (3, 1): {'bw': -9}, (3, 2): {'bw': -67}, (4, 0): {'bw': 100.0}}, 'path_level': {(1, 0): {}, (3, 1): {}, (3, 2): {}, (4, 0): {}}}","{'node_level': {0: {'cpu': 0}, 1: {'cpu': 0}, 2: {'cpu': 0}, 3: {'cpu': 0}, 4: {'cpu': 0}}, 'link_level': {(1, 0): {'bw': 0}, (3, 1): {'bw': 0}, (3, 2): {'bw': 0}, (4, 0): {'bw': 100.0}}, 'path_level': {(1, 0): {}, (3, 1): {}, (3, 2): {}, (4, 0): {}}}",[],100.0,100.0,True,False,False,0,[],0,0.0,5.0,4.0
3,0,0,0.0,0.0,0.0,0.0,0.0,0.0,0,2,1,73.0,9659,4735,4924,0.0,0.0,2,745.7559213725051,73.0,10,20,False,"{0: 53, 1: 42, 2: 38}","{(1, 0): [(42, 26), (26, 12), (12, 5), (5, 2), (2, 0), (0, 1), (1, 4), (4, 10), (10, 21), (21, 53)], (2, 1): []}","{(0, 53): {'cpu': 10}, (1, 42): {'cpu': 19}, (2, 38): {'cpu': 17}}","{((1, 0), (42, 26)): {'bw': 33}, ((1, 0), (26, 12)): {'bw': 33}, ((1, 0), (12, 5)): {'bw': 33}, ((1, 0), (5, 2)): {'bw': 33}, ((1, 0), (2, 0)): {'bw': 33}, ((1, 0), (0, 1)): {'bw': 33}, ((1, 0), (1, 4)): {'bw': 33}, ((1, 0), (4, 10)): {'bw': 33}, ((1, 0), (10, 21)): {'bw': 33}, ((1, 0), (21, 53)): {'bw': 33}}",0.0,0.0,238.0,119.0,542.0,0.0,0.0,0.0,0.0,0.0,0.0,0.0,0.0,0.0,Route Failure,100.0,"{'node_level': {'cpu': -81}, 'link_level': {'bw': 100.0}, 'path_level': {}}","{'node_level': {0: {'cpu': -86}, 1: {'cpu': -80}, 2: {'cpu': -81}}, 'link_level': {(1, 0): {'bw': -30}, (2, 1): {'bw': 100.0}}, 'path_level': {(1, 0): {}, (2, 1): {}}}","{'node_level': {0: {'cpu': 0}, 1: {'cpu': 0}, 2: {'cpu': 0}}, 'link_level': {(1, 0): {'bw': 0}, (2, 1): {'bw': 100.0}}, 'path_level': {(1, 0): {}, (2, 1): {}}}",[],100.0,100.0,True,False,False,0,[],0,0.0,3.0,2.0
4,0,0,0.0,0.0,0.0,0.0,0.0,0.0,0,3,1,101.0,9659,4735,4924,0.0,0.0,3,131.2257067570419,101.0,10,27,False,"{0: 6, 1: 53, 2: 18, 3: 15, 4: 0, 5: 8}","{(2, 0): [(18, 8), (8, 3), (3, 1), (1, 0), (0, 2), (2, 6)], (3, 1): [(15, 7), (7, 3), (3, 1), (1, 4), (4, 10), (10, 21), (21, 53)], (4, 0): [(0, 2), (2, 6)], (4, 1): [(0, 1), (1, 4), (4, 10), (10, 21), (21, 53)], (4, 2): [(0, 1), (1, 3), (3, 8), (8, 18)], (4, 3): [(0, 1), (1, 3), (3, 7), (7, 15)], (5, 2): []}","{(0, 6): {'cpu': 0}, (1, 53): {'cpu': 7}, (2, 18): {'cpu': 0}, (3, 15): {'cpu': 6}, (4, 0): {'cpu': 0}, (5, 8): {'cpu': 5}}","{((2, 0), (18, 8)): {'bw': 3}, ((2, 0), (8, 3)): {'bw': 3}, ((2, 0), (3, 1)): {'bw': 3}, ((2, 0), (1, 0)): {'bw': 3}, ((2, 0), (0, 2)): {'bw': 3}, ((2, 0), (2, 6)): {'bw': 3}, ((3, 1), (15, 7)): {'bw': 26}, ((3, 1), (7, 3)): {'bw': 26}, ((3, 1), (3, 1)): {'bw': 26}, ((3, 1), (1, 4)): {'bw': 26}, ((3, 1), (4, 10)): {'bw': 26}, ((3, 1), (10, 21)): {'bw': 26}, ((3, 1), (21, 53)): {'bw': 26}, ((4, 0), (0, 2)): {'bw': 39}, ((4, 0), (2, 6)): {'bw': 39}, ((4, 1), (0, 1)): {'bw': 15}, ((4, 1), (1, 4)): {'bw': 15}, ((4, 1), (4, 10)): {'bw': 15}, ((4, 1), (10, 21)): {'bw': 15}, ((4, 1), (21, 53)): {'bw': 15}, ((4, 2), (0, 1)): {'bw': 38}, ((4, 2), (1, 3)): {'bw': 38}, ((4, 2), (3, 8)): {'bw': 38}, ((4, 2), (8, 18)): {'bw': 38}, ((4, 3), (0, 1)): {'bw': 8}, ((4, 3), (1, 3)): {'bw': 8}, ((4, 3), (3, 7)): {'bw': 8}, ((4, 3), (7, 15)): {'bw': 8}}",0.0,0.0,128.0,64.0,637.0,0.0,0.0,0.0,0.0,0.0,0.0,0.0,0.0,0.0,Route Failure,100.0,"{'node_level': {'cpu': -88}, 'link_level': {'bw': 100.0}, 'path_level': {}}","{'node_level': {0: {'cpu': -69}, 1: {'cpu': -89}, 2: {'cpu': -64}, 3: {'cpu': -88}, 4: {'cpu': -92}, 5: {'cpu': -88}}, 'link_level': {(2, 0): {'bw': -63}, (3, 1): {'bw': -35}, (4, 0): {'bw': -24}, (4, 1): {'bw': -22}, (4, 2): {'bw': -10}, (4, 3): {'bw': -2}, (5, 2): {'bw': 100.0}}, 'path_level': {(2, 0): {}, (3, 1): {}, (4, 0): {}, (4, 1): {}, (4, 2): {}, (4, 3): {}, (5, 2): {}}}","{'node_level': {0: {'cpu': 0}, 1: {'cpu': 0}, 2: {'cpu': 0}, 3: {'cpu': 0}, 4: {'cpu': 0}, 5: {'cpu': 0}}, 'link_level': {(2, 0): {'bw': 0}, (3, 1): {'bw': 0}, (4, 0): {'bw': 0}, (4, 1): {'bw': 0}, (4, 2): {'bw': 0}, (4, 3): {'bw': 0}, (5, 2): {'bw': 100.0}}, 'path_level': {(2, 0): {}, (3, 1): {}, (4, 0): {}, (4, 1): {}, (4, 2): {}, (4, 3): {}, (5, 2): {}}}",[],100.0,100.0,True,False,False,0,[],0,0.0,6.0,7.0
5,1,1,50.0,146.0,84020.59999041908,245340.15197202374,0.3424657534246575,0.3424657534246575,2,4,1,134.0,9513,4709,4804,0.005491024287222812,0.024370430544272903,4,1680.4119998083818,134.0,2,1,True,"{0: 42, 1: 0}","{(1, 0): [(0, 2), (2, 5), (5, 12), (12, 26), (26, 42)]}","{(0, 42): {'cpu': 6}, (1, 0): {'cpu': 20}}","{((1, 0), (0, 2)): {'bw': 24}, ((1, 0), (2, 5)): {'bw': 24}, ((1, 0), (5, 12)): {'bw': 24}, ((1, 0), (12, 26)): {'bw': 24}, ((1, 0), (26, 42)): {'bw': 24}}",146.0,50.0,52.0,26.0,24.0,26.0,24.0,26.0,120.0,96.0,0.3424657534246575,245340.15197202374,84020.59999041908,575.4835615782129,Success,0.0,"{'node_level': {'cpu': -72}, 'link_level': {'bw': -42}, 'path_level': {}}","{'node_level': {0: {'cpu': -93}, 1: {'cpu': -72}}, 'link_level': {(1, 0): {'bw': -42}}, 'path_level': {(1, 0): {}}}","{'node_level': {0: {'cpu': 0}, 1: {'cpu': 0}}, 'link_level': {(1, 0): {'bw': 0}}, 'path_level': {(1, 0): {}}}",[],-42.0,0.0,True,True,False,0,[],0,0.0,2.0,1.0
6,1,1,50.0,146.0,84020.59999041908,245340.15197202374,0.3424657534246575,0.3424657534246575,2,5,1,159.0,9513,4709,4804,0.005491024287222812,0.024370430544272903,5,695.2060282383483,159.0,7,12,False,"{0: 59, 1: 15, 2: 38, 3: 8}","{(3, 0): []}","{(0, 59): {'cpu': 3}, (1, 15): {'cpu': 6}, (2, 38): {'cpu': 12}, (3, 8): {'cpu': 0}}",{},0.0,0.0,114.0,57.0,329.0,0.0,0.0,0.0,0.0,0.0,0.0,0.0,0.0,0.0,Route Failure,100.0,"{'node_level': {'cpu': -93}, 'link_level': {'bw': 100.0}, 'path_level': {}}","{'node_level': {0: {'cpu': -90}, 1: {'cpu': -88}, 2: {'cpu': -86}, 3: {'cpu': -93}}, 'link_level': {(3, 0): {'bw': 100.0}}, 'path_level': {(3, 0): {}}}","{'node_level': {0: {'cpu': 0}, 1: {'cpu': 0}, 2: {'cpu': 0}, 3: {'cpu': 0}}, 'link_level': {(3, 0): {'bw': 100.0}}, 'path_level': {(3, 0): {}}}",[],100.0,100.0,True,False,False,0,[],0,0.0,4.0,1.0
7,1,1,50.0,146.0,84020.59999041908,245340.15197202374,0.3424657534246575,0.3424657534246575,2,6,1,182.0,9513,4709,4804,0.005491024287222812,0.024370430544272903,6,210.10706944032904,182.0,5,5,False,"{0: 53, 1: 55, 2: 15}","{(1, 0): [(55, 23), (23, 11), (11, 5), (5, 2), (2, 0), (0, 1), (1, 4), (4, 10), (10, 21), (21, 53)], (2, 0): [(15, 7), (7, 3), (3, 1), (1, 4), (4, 10), (10, 21), (21, 53)], (2, 1): []}","{(0, 53): {'cpu': 14}, (1, 55): {'cpu': 18}, (2, 15): {'cpu': 2}}","{((1, 0), (55, 23)): {'bw': 33}, ((1, 0), (23, 11)): {'bw': 33}, ((1, 0), (11, 5)): {'bw': 33}, ((1, 0), (5, 2)): {'bw': 33}, ((1, 0), (2, 0)): {'bw': 33}, ((1, 0), (0, 1)): {'bw': 33}, ((1, 0), (1, 4)): {'bw': 33}, ((1, 0), (4, 10)): {'bw': 33}, ((1, 0), (10, 21)): {'bw': 33}, ((1, 0), (21, 53)): {'bw': 33}, ((2, 0), (15, 7)): {'bw': 24}, ((2, 0), (7, 3)): {'bw': 24}, ((2, 0), (3, 1)): {'bw': 24}, ((2, 0), (1, 4)): {'bw': 24}, ((2, 0), (4, 10)): {'bw': 24}, ((2, 0), (10, 21)): {'bw': 24}, ((2, 0), (21, 53)): {'bw': 24}}",0.0,0.0,116.0,58.0,117.0,0.0,0.0,0.0,0.0,0.0,0.0,0.0,0.0,0.0,Route Failure,100.0,"{'node_level': {'cpu': -92}, 'link_level': {'bw': 100.0}, 'path_level': {}}","{'node_level': {0: {'cpu': -82}, 1: {'cpu': -81}, 2: {'cpu': -92}}, 'link_level': {(1, 0): {'bw': -9}, (2, 0): {'bw': -6}, (2, 1): {'bw': 100.0}}, 'path_level': {(1, 0): {}, (2, 0): {}, (2, 1): {}}}","{'node_level': {0: {'cpu': 0}, 1: {'cpu': 0}, 2: {'cpu': 0}}, 'link_level': {(1, 0): {'bw': 0}, (2, 0): {'bw': 0}, (2, 1): {'bw': 100.0}}, 'path_level': {(1, 0): {}, (2, 0): {}, (2, 1): {}}}",[],100.0,100.0,True,False,False,0,[],0,0.0,3.0,3.0
8,1,1,50.0,146.0,84020.59999041908,245340.15197202374,0.3424657534246575,0.3424657534246575,2,7,1,204.0,9513,4709,4804,0.005491024287222812,0.024370430544272903,7,1483.3552248166907,204.0,7,9,False,"{0: 42, 1: 53, 2: 55, 3: 38, 4: 15}","{(2, 1): [(55, 23), (23, 11), (11, 5), (5, 2), (2, 0), (0, 1), (1, 4), (4, 10), (10, 21), (21, 53)], (4, 0): [(15, 7), (7, 3), (3, 1), (1, 0), (0, 2), (2, 5), (5, 12), (12, 26), (26, 42)], (4, 2): []}","{(0, 42): {'cpu': 5}, (1, 53): {'cpu': 16}, (2, 55): {'cpu': 19}, (3, 38): {'cpu': 17}, (4, 15): {'cpu': 10}}","{((2, 1), (55, 23)): {'bw': 8}, ((2, 1), (23, 11)): {'bw': 8}, ((2, 1), (11, 5)): {'bw': 8}, ((2, 1), (5, 2)): {'bw': 8}, ((2, 1), (2, 0)): {'bw': 8}, ((2, 1), (0, 1)): {'bw': 8}, ((2, 1), (1, 4)): {'bw': 8}, ((2, 1), (4, 10)): {'bw': 8}, ((2, 1), (10, 21)): {'bw': 8}, ((2, 1), (21, 53)): {'bw': 8}, ((4, 0), (15, 7)): {'bw': 15}, ((4, 0), (7, 3)): {'bw': 15}, ((4, 0), (3, 1)): {'bw': 15}, ((4, 0), (1, 0)): {'bw': 15}, ((4, 0), (0, 2)): {'bw': 15}, ((4, 0), (2, 5)): {'bw': 15}, ((4, 0), (5, 12)): {'bw': 15}, ((4, 0), (12, 26)): {'bw': 15}, ((4, 0), (26, 42)): {'bw': 15}}",0.0,0.0,170.0,85.0,210.0,0.0,0.0,0.0,0.0,0.0,0.0,0.0,0.0,0.0,Route Failure,100.0,"{'node_level': {'cpu': -84}, 'link_level': {'bw': 100.0}, 'path_level': {}}","{'node_level': {0: {'cpu': -88}, 1: {'cpu': -80}, 2: {'cpu': -80}, 3: {'cpu': -81}, 4: {'cpu': -84}}, 'link_level': {(2, 1): {'bw': -34}, (4, 0): {'bw': -19}, (4, 2): {'bw': 100.0}}, 'path_level': {(2, 1): {}, (4, 0): {}, (4, 2): {}}}","{'node_level': {0: {'cpu': 0}, 1: {'cpu': 0}, 2: {'cpu': 0}, 3: {'cpu': 0}, 4: {'cpu': 0}}, 'link_level': {(2, 1): {'bw': 0}, (4, 0): {'bw': 0}, (4, 2): {'bw': 100.0}}, 'path_level': {(2, 1): {}, (4, 0): {}, (4, 2): {}}}",[],100.0,100.0,True,False,False,0,[],0,0.0,5.0,3.0
9,1,1,50.0,146.0,84020.59999041908,245340.15197202374,0.3424657534246575,0.3424657534246575,2,8,1,224.0,9513,4709,4804,0.005491024287222812,0.024370430544272903,8,602.8400954844434,224.0,9,21,False,"{0: 8, 1: 53, 2: 29, 3: 15, 4: 35}","{(1, 0): [(53, 21), (21, 10), (10, 4), (4, 1), (1, 3), (3, 8)], (2, 1): [(29, 14), (14, 6), (6, 2), (2, 0), (0, 1), (1, 4), (4, 10), (10, 21), (21, 53)], (3, 1): [(15, 7), (7, 3), (3, 1), (1, 4), (4, 10), (10, 21), (21, 53)], (3, 2): [(15, 7), (7, 3), (3, 1), (1, 0), (0, 2), (2, 6), (6, 14), (14, 29)], (4, 1): [(35, 19), (19, 9), (9, 4), (4, 10), (10, 21), (21, 53)], (4, 2): []}","{(0, 8): {'cpu': 6}, (1, 53): {'cpu': 12}, (2, 29): {'cpu': 11}, (3, 15): {'cpu': 9}, (4, 35): {'cpu': 3}}","{((1, 0), (53, 21)): {'bw': 6}, ((1, 0), (21, 10)): {'bw': 6}, ((1, 0), (10, 4)): {'bw': 6}, ((1, 0), (4, 1)): {'bw': 6}, ((1, 0), (1, 3)): {'bw': 6}, ((1, 0), (3, 8)): {'bw': 6}, ((2, 1), (29, 14)): {'bw': 14}, ((2, 1), (14, 6)): {'bw': 14}, ((2, 1), (6, 2)): {'bw': 14}, ((2, 1), (2, 0)): {'bw': 14}, ((2, 1), (0, 1)): {'bw': 14}, ((2, 1), (1, 4)): {'bw': 14}, ((2, 1), (4, 10)): {'bw': 14}, ((2, 1), (10, 21)): {'bw': 14}, ((2, 1), (21, 53)): {'bw': 14}, ((3, 1), (15, 7)): {'bw': 31}, ((3, 1), (7, 3)): {'bw': 31}, ((3, 1), (3, 1)): {'bw': 31}, ((3, 1), (1, 4)): {'bw': 31}, ((3, 1), (4, 10)): {'bw': 31}, ((3, 1), (10, 21)): {'bw': 31}, ((3, 1), (21, 53)): {'bw': 31}, ((3, 2), (15, 7)): {'bw': 24}, ((3, 2), (7, 3)): {'bw': 24}, ((3, 2), (3, 1)): {'bw': 24}, ((3, 2), (1, 0)): {'bw': 24}, ((3, 2), (0, 2)): {'bw': 24}, ((3, 2), (2, 6)): {'bw': 24}, ((3, 2), (6, 14)): {'bw': 24}, ((3, 2), (14, 29)): {'bw': 24}, ((4, 1), (35, 19)): {'bw': 7}, ((4, 1), (19, 9)): {'bw': 7}, ((4, 1), (9, 4)): {'bw': 7}, ((4, 1), (4, 10)): {'bw': 7}, ((4, 1), (10, 21)): {'bw': 7}, ((4, 1), (21, 53)): {'bw': 7}}",0.0,0.0,168.0,84.0,541.0,0.0,0.0,0.0,0.0,0.0,0.0,0.0,0.0,0.0,Route Failure,100.0,"{'node_level': {'cpu': -90}, 'link_level': {'bw': 100.0}, 'path_level': {}}","{'node_level': {0: {'cpu': -87}, 1: {'cpu': -84}, 2: {'cpu': -85}, 3: {'cpu': -85}, 4: {'cpu': -90}}, 'link_level': {(1, 0): {'bw': -57}, (2, 1): {'bw': -28}, (3, 1): {'bw': -12}, (3, 2): {'bw': -4}, (4, 1): {'bw': -5}, (4, 2): {'bw': 100.0}}, 'path_level': {(1, 0): {}, (2, 1): {}, (3, 1): {}, (3, 2): {}, (4, 1): {}, (4, 2): {}}}","{'node_level': {0: {'cpu': 0}, 1: {'cpu': 0}, 2: {'cpu': 0}, 3: {'cpu': 0}, 4: {'cpu': 0}}, 'link_level': {(1, 0): {'bw': 0}, (2, 1): {'bw': 0}, (3, 1): {'bw': 0}, (3, 2): {'bw': 0}, (4, 1): {'bw': 0}, (4, 2): {'bw': 100.0}}, 'path_level': {(1, 0): {}, (2, 1): {}, (3, 1): {}, (3, 2): {}, (4, 1): {}, (4, 2): {}}}",[],100.0,100.0,True,False,False,0,[],0,0.0,5.0,6.0
9,1,1,50.0,146.0,84020.59999041908,245340.15197202374,0.3424657534246575,0.3424657534246575,2,9,0,232.2257067570419,9513,4709,4804,0.005491024287222812,0.024370430544272903,3,131.2257067570419,101.0,10,27,False,{},{},{},{},0.0,0.0,0.0,0.0,0.0,0.0,0.0,0.0,0.0,0.0,0.0,0.0,0.0,0.0,Leave Event,0.0,"{'node_level': {}, 'link_level': {}, 'path_level': {}}","{'node_level': {}, 'link_level': {}, 'path_level': {}}","{'node_level': {}, 'link_level': {}, 'path_level': {}}",[],-inf,-inf,True,True,False,0,[],0,0.0,,
10,1,1,50.0,146.0,84020.59999041908,245340.15197202374,0.3424657534246575,0.3424657534246575,2,10,1,249.0,9513,4709,4804,0.005491024287222812,0.024370430544272903,9,918.0472056090825,249.0,8,16,False,"{0: 15, 1: 55, 2: 29}","{(1, 0): [(55, 23), (23, 11), (11, 5), (5, 2), (2, 0), (0, 1), (1, 3), (3, 7), (7, 15)], (2, 0): []}","{(0, 15): {'cpu': 9}, (1, 55): {'cpu': 17}, (2, 29): {'cpu': 10}}","{((1, 0), (55, 23)): {'bw': 42}, ((1, 0), (23, 11)): {'bw': 42}, ((1, 0), (11, 5)): {'bw': 42}, ((1, 0), (5, 2)): {'bw': 42}, ((1, 0), (2, 0)): {'bw': 42}, ((1, 0), (0, 1)): {'bw': 42}, ((1, 0), (1, 3)): {'bw': 42}, ((1, 0), (3, 7)): {'bw': 42}, ((1, 0), (7, 15)): {'bw': 42}}",0.0,0.0,130.0,65.0,398.0,0.0,0.0,0.0,0.0,0.0,0.0,0.0,0.0,0.0,Route Failure,100.0,"{'node_level': {'cpu': -86}, 'link_level': {'bw': 100.0}, 'path_level': {}}","{'node_level': {0: {'cpu': -85}, 1: {'cpu': -82}, 2: {'cpu': -86}}, 'link_level': {(1, 0): {'bw': 0}, (2, 0): {'bw': 100.0}}, 'path_level': {(1, 0): {}, (2, 0): {}}}","{'node_level': {0: {'cpu': 0}, 1: {'cpu': 0}, 2: {'cpu': 0}}, 'link_level': {(1, 0): {'bw': 0}, (2, 0): {'bw': 100.0}}, 'path_level': {(1, 0): {}, (2, 0): {}}}",[],100.0,100.0,True,False,False,0,[],0,0.0,3.0,2.0
11,2,2,80.0,176.0,84719.0721891571,246038.62417076176,0.45454545454545453,0.34433240908695006,3,11,1,278.0,9483,4679,4804,0.011826821541710664,0.024370430544272903,10,23.282406624600615,278.0,2,1,True,"{0: 0, 1: 1}","{(1, 0): [(1, 0)]}","{(0, 0): {'cpu': 16}, (1, 1): {'cpu': 14}}","{((1, 0), (1, 0)): {'bw': 0}}",30.0,30.0,60.0,30.0,0.0,30.0,0.0,30.0,0.0,0.0,1.0,698.4721987380184,698.4721987380184,23.282406624600615,Success,0.0,"{'node_level': {'cpu': -60}, 'link_level': {'bw': -66}, 'path_level': {}}","{'node_level': {0: {'cpu': -56}, 1: {'cpu': -60}}, 'link_level': {(1, 0): {'bw': -66}}, 'path_level': {(1, 0): {}}}","{'node_level': {0: {'cpu': 0}, 1: {'cpu': 0}}, 'link_level': {(1, 0): {'bw': 0}}, 'path_level': {(1, 0): {}}}",[],-60.0,0.0,True,True,False,0,[],0,0.0,2.0,1.0
11,2,1,80.0,176.0,84719.0721891571,246038.62417076176,0.45454545454545453,0.34433240908695006,3,12,0,301.28240662460064,9513,4709,4804,0.005491024287222812,0.024370430544272903,10,23.282406624600615,278.0,2,1,False,{},{},{},{},0.0,0.0,0.0,0.0,0.0,0.0,0.0,0.0,0.0,0.0,0.0,0.0,0.0,0.0,Leave Event,0.0,"{'node_level': {}, 'link_level': {}, 'path_level': {}}","{'node_level': {}, 'link_level': {}, 'path_level': {}}","{'node_level': {}, 'link_level': {}, 'path_level': {}}",[],-inf,-inf,True,True,False,0,[],0,0.0,,
12,2,1,80.0,176.0,84719.0721891571,246038.62417076176,0.45454545454545453,0.34433240908695006,3,13,1,302.0,9513,4709,4804,0.005491024287222812,0.024370430544272903,11,28.624730725574967,302.0,6,9,False,"{0: 8, 1: 29, 2: 15, 3: 55}","{(1, 0): [(29, 14), (14, 6), (6, 2), (2, 0), (0, 1), (1, 3), (3, 8)], (3, 2): []}","{(0, 8): {'cpu': 2}, (1, 29): {'cpu': 9}, (2, 15): {'cpu': 3}, (3, 55): {'cpu': 20}}","{((1, 0), (29, 14)): {'bw': 5}, ((1, 0), (14, 6)): {'bw': 5}, ((1, 0), (6, 2)): {'bw': 5}, ((1, 0), (2, 0)): {'bw': 5}, ((1, 0), (0, 1)): {'bw': 5}, ((1, 0), (1, 3)): {'bw': 5}, ((1, 0), (3, 8)): {'bw': 5}}",0.0,0.0,114.0,57.0,174.0,0.0,0.0,0.0,0.0,0.0,0.0,0.0,0.0,0.0,Route Failure,100.0,"{'node_level': {'cpu': -79}, 'link_level': {'bw': 100.0}, 'path_level': {}}","{'node_level': {0: {'cpu': -91}, 1: {'cpu': -87}, 2: {'cpu': -91}, 3: {'cpu': -79}}, 'link_level': {(1, 0): {'bw': -37}, (3, 2): {'bw': 100.0}}, 'path_level': {(1, 0): {}, (3, 2): {}}}","{'node_level': {0: {'cpu': 0}, 1: {'cpu': 0}, 2: {'cpu': 0}, 3: {'cpu': 0}}, 'link_level': {(1, 0): {'bw': 0}, (3, 2): {'bw': 100.0}}, 'path_level': {(1, 0): {}, (3, 2): {}}}",[],100.0,100.0,True,False,False,0,[],0,0.0,4.0,2.0
12,2,1,80.0,176.0,84719.0721891571,246038.62417076176,0.45454545454545453,0.34433240908695006,3,14,0,330.624730725575,9513,4709,4804,0.005491024287222812,0.024370430544272903,11,28.624730725574967,302.0,6,9,False,{},{},{},{},0.0,0.0,0.0,0.0,0.0,0.0,0.0,0.0,0.0,0.0,0.0,0.0,0.0,0.0,Leave Event,0.0,"{'node_level': {}, 'link_level': {}, 'path_level': {}}","{'node_level': {}, 'link_level': {}, 'path_level': {}}","{'node_level': {}, 'link_level': {}, 'path_level': {}}",[],-inf,-inf,True,True,False,0,[],0,0.0,,
13,2,1,80.0,176.0,84719.0721891571,246038.62417076176,0.45454545454545453,0.34433240908695006,3,15,1,334.0,9513,4709,4804,0.005491024287222812,0.024370430544272903,12,678.8287171765827,334.0,9,17,False,"{0: 53, 1: 15, 2: 42, 3: 29}","{(1, 0): [(15, 7), (7, 3), (3, 1), (1, 4), (4, 10), (10, 21), (21, 53)], (2, 0): [(42, 26), (26, 12), (12, 5), (5, 2), (2, 0), (0, 1), (1, 4), (4, 10), (10, 21), (21, 53)], (3, 0): [(29, 14), (14, 6), (6, 2), (2, 0), (0, 1), (1, 4), (4, 10), (10, 21), (21, 53)], (3, 2): []}","{(0, 53): {'cpu': 18}, (1, 15): {'cpu': 15}, (2, 42): {'cpu': 10}, (3, 29): {'cpu': 16}}","{((1, 0), (15, 7)): {'bw': 3}, ((1, 0), (7, 3)): {'bw': 3}, ((1, 0), (3, 1)): {'bw': 3}, ((1, 0), (1, 4)): {'bw': 3}, ((1, 0), (4, 10)): {'bw': 3}, ((1, 0), (10, 21)): {'bw': 3}, ((1, 0), (21, 53)): {'bw': 3}, ((2, 0), (42, 26)): {'bw': 12}, ((2, 0), (26, 12)): {'bw': 12}, ((2, 0), (12, 5)): {'bw': 12}, ((2, 0), (5, 2)): {'bw': 12}, ((2, 0), (2, 0)): {'bw': 12}, ((2, 0), (0, 1)): {'bw': 12}, ((2, 0), (1, 4)): {'bw': 12}, ((2, 0), (4, 10)): {'bw': 12}, ((2, 0), (10, 21)): {'bw': 12}, ((2, 0), (21, 53)): {'bw': 12}, ((3, 0), (29, 14)): {'bw': 30}, ((3, 0), (14, 6)): {'bw': 30}, ((3, 0), (6, 2)): {'bw': 30}, ((3, 0), (2, 0)): {'bw': 30}, ((3, 0), (0, 1)): {'bw': 30}, ((3, 0), (1, 4)): {'bw': 30}, ((3, 0), (4, 10)): {'bw': 30}, ((3, 0), (10, 21)): {'bw': 30}, ((3, 0), (21, 53)): {'bw': 30}}",0.0,0.0,268.0,134.0,483.0,0.0,0.0,0.0,0.0,0.0,0.0,0.0,0.0,0.0,Route Failure,100.0,"{'node_level': {'cpu': -80}, 'link_level': {'bw': 100.0}, 'path_level': {}}","{'node_level': {0: {'cpu': -78}, 1: {'cpu': -79}, 2: {'cpu': -83}, 3: {'cpu': -80}}, 'link_level': {(1, 0): {'bw': -58}, (2, 0): {'bw': -30}, (3, 0): {'bw': 0}, (3, 2): {'bw': 100.0}}, 'path_level': {(1, 0): {}, (2, 0): {}, (3, 0): {}, (3, 2): {}}}","{'node_level': {0: {'cpu': 0}, 1: {'cpu': 0}, 2: {'cpu': 0}, 3: {'cpu': 0}}, 'link_level': {(1, 0): {'bw': 0}, (2, 0): {'bw': 0}, (3, 0): {'bw': 0}, (3, 2): {'bw': 100.0}}, 'path_level': {(1, 0): {}, (2, 0): {}, (3, 0): {}, (3, 2): {}}}",[],100.0,100.0,True,False,False,0,[],0,0.0,4.0,4.0
14,2,1,80.0,176.0,84719.0721891571,246038.62417076176,0.45454545454545453,0.34433240908695006,3,16,1,368.0,9513,4709,4804,0.005491024287222812,0.024370430544272903,13,181.69617977631722,368.0,10,25,False,"{0: 8, 1: 59, 2: 55}","{(1, 0): [(59, 27), (27, 13), (13, 6), (6, 2), (2, 0), (0, 1), (1, 3), (3, 8)], (2, 0): []}","{(0, 8): {'cpu': 4}, (1, 59): {'cpu': 7}, (2, 55): {'cpu': 14}}","{((1, 0), (59, 27)): {'bw': 28}, ((1, 0), (27, 13)): {'bw': 28}, ((1, 0), (13, 6)): {'bw': 28}, ((1, 0), (6, 2)): {'bw': 28}, ((1, 0), (2, 0)): {'bw': 28}, ((1, 0), (0, 1)): {'bw': 28}, ((1, 0), (1, 3)): {'bw': 28}, ((1, 0), (3, 8)): {'bw': 28}}",0.0,0.0,158.0,79.0,809.0,0.0,0.0,0.0,0.0,0.0,0.0,0.0,0.0,0.0,Route Failure,100.0,"{'node_level': {'cpu': -85}, 'link_level': {'bw': 100.0}, 'path_level': {}}","{'node_level': {0: {'cpu': -89}, 1: {'cpu': -86}, 2: {'cpu': -85}}, 'link_level': {(1, 0): {'bw': -14}, (2, 0): {'bw': 100.0}}, 'path_level': {(1, 0): {}, (2, 0): {}}}","{'node_level': {0: {'cpu': 0}, 1: {'cpu': 0}, 2: {'cpu': 0}}, 'link_level': {(1, 0): {'bw': 0}, (2, 0): {'bw': 100.0}}, 'path_level': {(1, 0): {}, (2, 0): {}}}",[],100.0,100.0,True,False,False,0,[],0,0.0,3.0,2.0
15,2,1,80.0,176.0,84719.0721891571,246038.62417076176,0.45454545454545453,0.34433240908695006,3,17,1,390.0,9513,4709,4804,0.005491024287222812,0.024370430544272903,14,363.64613871404924,390.0,3,3,False,"{0: 55, 1: 53, 2: 38}","{(1, 0): [(53, 21), (21, 10), (10, 4), (4, 1), (1, 0), (0, 2), (2, 5), (5, 11), (11, 23), (23, 55)], (2, 0): []}","{(0, 55): {'cpu': 13}, (1, 53): {'cpu': 4}, (2, 38): {'cpu': 11}}","{((1, 0), (53, 21)): {'bw': 13}, ((1, 0), (21, 10)): {'bw': 13}, ((1, 0), (10, 4)): {'bw': 13}, ((1, 0), (4, 1)): {'bw': 13}, ((1, 0), (1, 0)): {'bw': 13}, ((1, 0), (0, 2)): {'bw': 13}, ((1, 0), (2, 5)): {'bw': 13}, ((1, 0), (5, 11)): {'bw': 13}, ((1, 0), (11, 23)): {'bw': 13}, ((1, 0), (23, 55)): {'bw': 13}}",0.0,0.0,56.0,28.0,50.0,0.0,0.0,0.0,0.0,0.0,0.0,0.0,0.0,0.0,Route Failure,100.0,"{'node_level': {'cpu': -87}, 'link_level': {'bw': 100.0}, 'path_level': {}}","{'node_level': {0: {'cpu': -86}, 1: {'cpu': -92}, 2: {'cpu': -87}}, 'link_level': {(1, 0): {'bw': -29}, (2, 0): {'bw': 100.0}}, 'path_level': {(1, 0): {}, (2, 0): {}}}","{'node_level': {0: {'cpu': 0}, 1: {'cpu': 0}, 2: {'cpu': 0}}, 'link_level': {(1, 0): {'bw': 0}, (2, 0): {'bw': 100.0}}, 'path_level': {(1, 0): {}, (2, 0): {}}}",[],100.0,100.0,True,False,False,0,[],0,0.0,3.0,2.0
15,2,1,80.0,176.0,84719.0721891571,246038.62417076176,0.45454545454545453,0.34433240908695006,3,18,0,392.10706944032904,9513,4709,4804,0.005491024287222812,0.024370430544272903,6,210.10706944032904,182.0,5,5,False,{},{},{},{},0.0,0.0,0.0,0.0,0.0,0.0,0.0,0.0,0.0,0.0,0.0,0.0,0.0,0.0,Leave Event,0.0,"{'node_level': {}, 'link_level': {}, 'path_level': {}}","{'node_level': {}, 'link_level': {}, 'path_level': {}}","{'node_level': {}, 'link_level': {}, 'path_level': {}}",[],-inf,-inf,True,True,False,0,[],0,0.0,,
16,2,1,80.0,176.0,84719.0721891571,246038.62417076176,0.45454545454545453,0.34433240908695006,3,19,1,418.0,9513,4709,4804,0.005491024287222812,0.024370430544272903,15,84.9568806274704,418.0,8,12,False,"{0: 8, 1: 38, 2: 59, 3: 15, 4: 29}","{(1, 0): [(38, 22), (22, 10), (10, 4), (4, 1), (1, 3), (3, 8)], (2, 0): [(59, 27), (27, 13), (13, 6), (6, 2), (2, 0), (0, 1), (1, 3), (3, 8)], (2, 1): [(59, 27), (27, 13), (13, 6), (6, 2), (2, 0), (0, 1), (1, 4), (4, 10), (10, 22), (22, 38)], (4, 1): []}","{(0, 8): {'cpu': 8}, (1, 38): {'cpu': 14}, (2, 59): {'cpu': 1}, (3, 15): {'cpu': 9}, (4, 29): {'cpu': 9}}","{((1, 0), (38, 22)): {'bw': 49}, ((1, 0), (22, 10)): {'bw': 49}, ((1, 0), (10, 4)): {'bw': 49}, ((1, 0), (4, 1)): {'bw': 49}, ((1, 0), (1, 3)): {'bw': 49}, ((1, 0), (3, 8)): {'bw': 49}, ((2, 0), (59, 27)): {'bw': 32}, ((2, 0), (27, 13)): {'bw': 32}, ((2, 0), (13, 6)): {'bw': 32}, ((2, 0), (6, 2)): {'bw': 32}, ((2, 0), (2, 0)): {'bw': 32}, ((2, 0), (0, 1)): {'bw': 32}, ((2, 0), (1, 3)): {'bw': 32}, ((2, 0), (3, 8)): {'bw': 32}, ((2, 1), (59, 27)): {'bw': 10}, ((2, 1), (27, 13)): {'bw': 10}, ((2, 1), (13, 6)): {'bw': 10}, ((2, 1), (6, 2)): {'bw': 10}, ((2, 1), (2, 0)): {'bw': 10}, ((2, 1), (0, 1)): {'bw': 10}, ((2, 1), (1, 4)): {'bw': 10}, ((2, 1), (4, 10)): {'bw': 10}, ((2, 1), (10, 22)): {'bw': 10}, ((2, 1), (22, 38)): {'bw': 10}}",0.0,0.0,142.0,71.0,366.0,0.0,0.0,0.0,0.0,0.0,0.0,0.0,0.0,0.0,Route Failure,100.0,"{'node_level': {'cpu': -87}, 'link_level': {'bw': 100.0}, 'path_level': {}}","{'node_level': {0: {'cpu': -85}, 1: {'cpu': -84}, 2: {'cpu': -92}, 3: {'cpu': -85}, 4: {'cpu': -87}}, 'link_level': {(1, 0): {'bw': -13}, (2, 0): {'bw': -1}, (2, 1): {'bw': 0}, (4, 1): {'bw': 100.0}}, 'path_level': {(1, 0): {}, (2, 0): {}, (2, 1): {}, (4, 1): {}}}","{'node_level': {0: {'cpu': 0}, 1: {'cpu': 0}, 2: {'cpu': 0}, 3: {'cpu': 0}, 4: {'cpu': 0}}, 'link_level': {(1, 0): {'bw': 0}, (2, 0): {'bw': 0}, (2, 1): {'bw': 0}, (4, 1): {'bw': 100.0}}, 'path_level': {(1, 0): {}, (2, 0): {}, (2, 1): {}, (4, 1): {}}}",[],100.0,100.0,True,False,False,0,[],0,0.0,5.0,4.0
16,2,1,80.0,176.0,84719.0721891571,246038.62417076176,0.45454545454545453,0.34433240908695006,3,20,0,433.57393229659357,9513,4709,4804,0.005491024287222812,0.024370430544272903,1,382.57393229659357,51.0,5,5,False,{},{},{},{},0.0,0.0,0.0,0.0,0.0,0.0,0.0,0.0,0.0,0.0,0.0,0.0,0.0,0.0,Leave Event,0.0,"{'node_level': {}, 'link_level': {}, 'path_level': {}}","{'node_level': {}, 'link_level': {}, 'path_level': {}}","{'node_level': {}, 'link_level': {}, 'path_level': {}}",[],-inf,-inf,True,True,False,0,[],0,0.0,,
17,2,1,80.0,176.0,84719.0721891571,246038.62417076176,0.45454545454545453,0.34433240908695006,3,21,1,441.0,9513,4709,4804,0.005491024287222812,0.024370430544272903,16,1907.2759822784224,441.0,4,4,False,"{0: 55, 1: 38}","{(1, 0): []}","{(0, 55): {'cpu': 13}, (1, 38): {'cpu': 12}}",{},0.0,0.0,66.0,33.0,124.0,0.0,0.0,0.0,0.0,0.0,0.0,0.0,0.0,0.0,Route Failure,100.0,"{'node_level': {'cpu': -86}, 'link_level': {'bw': 100.0}, 'path_level': {}}","{'node_level': {0: {'cpu': -86}, 1: {'cpu': -86}}, 'link_level': {(1, 0): {'bw': 100.0}}, 'path_level': {(1, 0): {}}}","{'node_level': {0: {'cpu': 0}, 1: {'cpu': 0}}, 'link_level': {(1, 0): {'bw': 100.0}}, 'path_level': {(1, 0): {}}}",[],100.0,100.0,True,False,False,0,[],0,0.0,2.0,1.0
18,2,1,80.0,176.0,84719.0721891571,246038.62417076176,0.45454545454545453,0.34433240908695006,3,22,1,457.0,9513,4709,4804,0.005491024287222812,0.024370430544272903,17,349.33223409363376,457.0,4,3,False,"{0: 55, 1: 29, 2: 38, 3: 0}","{(2, 1): [(38, 22), (22, 10), (10, 4), (4, 1), (1, 0), (0, 2), (2, 6), (6, 14), (14, 29)], (3, 0): []}","{(0, 55): {'cpu': 20}, (1, 29): {'cpu': 1}, (2, 38): {'cpu': 13}, (3, 0): {'cpu': 11}}","{((2, 1), (38, 22)): {'bw': 7}, ((2, 1), (22, 10)): {'bw': 7}, ((2, 1), (10, 4)): {'bw': 7}, ((2, 1), (4, 1)): {'bw': 7}, ((2, 1), (1, 0)): {'bw': 7}, ((2, 1), (0, 2)): {'bw': 7}, ((2, 1), (2, 6)): {'bw': 7}, ((2, 1), (6, 14)): {'bw': 7}, ((2, 1), (14, 29)): {'bw': 7}}",0.0,0.0,90.0,45.0,86.0,0.0,0.0,0.0,0.0,0.0,0.0,0.0,0.0,0.0,Route Failure,100.0,"{'node_level': {'cpu': -61}, 'link_level': {'bw': 100.0}, 'path_level': {}}","{'node_level': {0: {'cpu': -79}, 1: {'cpu': -95}, 2: {'cpu': -85}, 3: {'cpu': -61}}, 'link_level': {(2, 1): {'bw': -35}, (3, 0): {'bw': 100.0}}, 'path_level': {(2, 1): {}, (3, 0): {}}}","{'node_level': {0: {'cpu': 0}, 1: {'cpu': 0}, 2: {'cpu': 0}, 3: {'cpu': 0}}, 'link_level': {(2, 1): {'bw': 0}, (3, 0): {'bw': 100.0}}, 'path_level': {(2, 1): {}, (3, 0): {}}}",[],100.0,100.0,True,False,False,0,[],0,0.0,4.0,2.0
19,3,2,173.0,410.0,166842.63055482047,452672.093606947,0.4219512195121951,0.3685728210577282,4,23,1,476.0,9279,4663,4616,0.015205913410770822,0.06255077173030055,18,883.0490146845523,476.0,3,2,True,"{0: 0, 1: 38, 2: 1}","{(1, 0): [(38, 22), (22, 10), (10, 4), (4, 1), (1, 0)], (2, 1): [(1, 4), (4, 10), (10, 22), (22, 38)]}","{(0, 0): {'cpu': 12}, (1, 38): {'cpu': 17}, (2, 1): {'cpu': 17}}","{((1, 0), (38, 22)): {'bw': 0}, ((1, 0), (22, 10)): {'bw': 0}, ((1, 0), (10, 4)): {'bw': 0}, ((1, 0), (4, 1)): {'bw': 0}, ((1, 0), (1, 0)): {'bw': 0}, ((2, 1), (1, 4)): {'bw': 47}, ((2, 1), (4, 10)): {'bw': 47}, ((2, 1), (10, 22)): {'bw': 47}, ((2, 1), (22, 38)): {'bw': 47}}",234.0,93.0,92.0,46.0,47.0,46.0,47.0,46.0,188.0,141.0,0.3974358974358974,206633.46943618523,82123.55836566337,350.95537763104,Success,0.0,"{'node_level': {'cpu': -57}, 'link_level': {'bw': -15}, 'path_level': {}}","{'node_level': {0: {'cpu': -60}, 1: {'cpu': -81}, 2: {'cpu': -57}}, 'link_level': {(1, 0): {'bw': -62}, (2, 1): {'bw': -15}}, 'path_level': {(1, 0): {}, (2, 1): {}}}","{'node_level': {0: {'cpu': 0}, 1: {'cpu': 0}, 2: {'cpu': 0}}, 'link_level': {(1, 0): {'bw': 0}, (2, 1): {'bw': 0}}, 'path_level': {(1, 0): {}, (2, 1): {}}}",[],-15.0,0.0,True,True,False,0,[],0,0.0,3.0,2.0
19,3,2,173.0,410.0,166842.63055482047,452672.093606947,0.4219512195121951,0.3685728210577282,4,24,0,502.9568806274704,9279,4663,4616,0.015205913410770822,0.06255077173030055,15,84.9568806274704,418.0,8,12,False,{},{},{},{},0.0,0.0,0.0,0.0,0.0,0.0,0.0,0.0,0.0,0.0,0.0,0.0,0.0,0.0,Leave Event,0.0,"{'node_level': {}, 'link_level': {}, 'path_level': {}}","{'node_level': {}, 'link_level': {}, 'path_level': {}}","{'node_level': {}, 'link_level': {}, 'path_level': {}}",[],-inf,-inf,True,True,False,0,[],0,0.0,,
20,3,2,173.0,410.0,166842.63055482047,452672.093606947,0.4219512195121951,0.3685728210577282,4,25,1,513.0,9279,4663,4616,0.015205913410770822,0.06255077173030055,19,38.46093094302064,513.0,5,6,False,"{0: 55, 1: 29, 2: 15}","{(2, 0): []}","{(0, 55): {'cpu': 12}, (1, 29): {'cpu': 8}, (2, 15): {'cpu': 4}}",{},0.0,0.0,68.0,34.0,214.0,0.0,0.0,0.0,0.0,0.0,0.0,0.0,0.0,0.0,Route Failure,100.0,"{'node_level': {'cpu': -90}, 'link_level': {'bw': 100.0}, 'path_level': {}}","{'node_level': {0: {'cpu': -87}, 1: {'cpu': -88}, 2: {'cpu': -90}}, 'link_level': {(2, 0): {'bw': 100.0}}, 'path_level': {(2, 0): {}}}","{'node_level': {0: {'cpu': 0}, 1: {'cpu': 0}, 2: {'cpu': 0}}, 'link_level': {(2, 0): {'bw': 100.0}}, 'path_level': {(2, 0): {}}}",[],100.0,100.0,True,False,False,0,[],0,0.0,3.0,1.0
21,3,2,173.0,410.0,166842.63055482047,452672.093606947,0.4219512195121951,0.3685728210577282,4,26,1,536.0,9279,4663,4616,0.015205913410770822,0.06255077173030055,20,325.9214852912518,536.0,7,11,False,"{0: 55, 1: 42, 2: 15}","{(1, 0): [(42, 26), (26, 12), (12, 5), (5, 11), (11, 23), (23, 55)], (2, 0): [(15, 7), (7, 3), (3, 1), (1, 0), (0, 2), (2, 5), (5, 11), (11, 23), (23, 55)], (2, 1): []}","{(0, 55): {'cpu': 13}, (1, 42): {'cpu': 1}, (2, 15): {'cpu': 7}}","{((1, 0), (42, 26)): {'bw': 23}, ((1, 0), (26, 12)): {'bw': 23}, ((1, 0), (12, 5)): {'bw': 23}, ((1, 0), (5, 11)): {'bw': 23}, ((1, 0), (11, 23)): {'bw': 23}, ((1, 0), (23, 55)): {'bw': 23}, ((2, 0), (15, 7)): {'bw': 16}, ((2, 0), (7, 3)): {'bw': 16}, ((2, 0), (3, 1)): {'bw': 16}, ((2, 0), (1, 0)): {'bw': 16}, ((2, 0), (0, 2)): {'bw': 16}, ((2, 0), (2, 5)): {'bw': 16}, ((2, 0), (5, 11)): {'bw': 16}, ((2, 0), (11, 23)): {'bw': 16}, ((2, 0), (23, 55)): {'bw': 16}}",0.0,0.0,94.0,47.0,381.0,0.0,0.0,0.0,0.0,0.0,0.0,0.0,0.0,0.0,Route Failure,100.0,"{'node_level': {'cpu': -87}, 'link_level': {'bw': 100.0}, 'path_level': {}}","{'node_level': {0: {'cpu': -86}, 1: {'cpu': -92}, 2: {'cpu': -87}}, 'link_level': {(1, 0): {'bw': -33}, (2, 0): {'bw': -26}, (2, 1): {'bw': 100.0}}, 'path_level': {(1, 0): {}, (2, 0): {}, (2, 1): {}}}","{'node_level': {0: {'cpu': 0}, 1: {'cpu': 0}, 2: {'cpu': 0}}, 'link_level': {(1, 0): {'bw': 0}, (2, 0): {'bw': 0}, (2, 1): {'bw': 100.0}}, 'path_level': {(1, 0): {}, (2, 0): {}, (2, 1): {}}}",[],100.0,100.0,True,False,False,0,[],0,0.0,3.0,3.0
21,3,2,173.0,410.0,166842.63055482047,452672.093606947,0.4219512195121951,0.3685728210577282,4,27,0,549.6961797763172,9279,4663,4616,0.015205913410770822,0.06255077173030055,13,181.69617977631722,368.0,10,25,False,{},{},{},{},0.0,0.0,0.0,0.0,0.0,0.0,0.0,0.0,0.0,0.0,0.0,0.0,0.0,0.0,Leave Event,0.0,"{'node_level': {}, 'link_level': {}, 'path_level': {}}","{'node_level': {}, 'link_level': {}, 'path_level': {}}","{'node_level': {}, 'link_level': {}, 'path_level': {}}",[],-inf,-inf,True,True,False,0,[],0,0.0,,
22,3,2,173.0,410.0,166842.63055482047,452672.093606947,0.4219512195121951,0.3685728210577282,4,28,1,551.0,9279,4663,4616,0.015205913410770822,0.06255077173030055,21,32.15166394858204,551.0,10,16,False,"{0: 15, 1: 42, 2: 53, 3: 19}","{(3, 0): [(19, 9), (9, 4), (4, 1), (1, 3), (3, 7), (7, 15)], (3, 1): []}","{(0, 15): {'cpu': 4}, (1, 42): {'cpu': 0}, (2, 53): {'cpu': 13}, (3, 19): {'cpu': 0}}","{((3, 0), (19, 9)): {'bw': 10}, ((3, 0), (9, 4)): {'bw': 10}, ((3, 0), (4, 1)): {'bw': 10}, ((3, 0), (1, 3)): {'bw': 10}, ((3, 0), (3, 7)): {'bw': 10}, ((3, 0), (7, 15)): {'bw': 10}}",0.0,0.0,90.0,45.0,381.0,0.0,0.0,0.0,0.0,0.0,0.0,0.0,0.0,0.0,Route Failure,100.0,"{'node_level': {'cpu': -76}, 'link_level': {'bw': 100.0}, 'path_level': {}}","{'node_level': {0: {'cpu': -90}, 1: {'cpu': -93}, 2: {'cpu': -83}, 3: {'cpu': -76}}, 'link_level': {(3, 0): {'bw': -9}, (3, 1): {'bw': 100.0}}, 'path_level': {(3, 0): {}, (3, 1): {}}}","{'node_level': {0: {'cpu': 0}, 1: {'cpu': 0}, 2: {'cpu': 0}, 3: {'cpu': 0}}, 'link_level': {(3, 0): {'bw': 0}, (3, 1): {'bw': 100.0}}, 'path_level': {(3, 0): {}, (3, 1): {}}}",[],100.0,100.0,True,False,False,0,[],0,0.0,4.0,2.0
22,3,2,173.0,410.0,166842.63055482047,452672.093606947,0.4219512195121951,0.3685728210577282,4,29,0,551.4609309430207,9279,4663,4616,0.015205913410770822,0.06255077173030055,19,38.46093094302064,513.0,5,6,False,{},{},{},{},0.0,0.0,0.0,0.0,0.0,0.0,0.0,0.0,0.0,0.0,0.0,0.0,0.0,0.0,Leave Event,0.0,"{'node_level': {}, 'link_level': {}, 'path_level': {}}","{'node_level': {}, 'link_level': {}, 'path_level': {}}","{'node_level': {}, 'link_level': {}, 'path_level': {}}",[],-inf,-inf,True,True,False,0,[],0,0.0,,
23,3,2,173.0,410.0,166842.63055482047,452672.093606947,0.4219512195121951,0.3685728210577282,4,30,1,579.0,9279,4663,4616,0.015205913410770822,0.06255077173030055,22,1078.124279638124,579.0,3,2,False,"{0: 55, 1: 29, 2: 0}","{(2, 0): []}","{(0, 55): {'cpu': 18}, (1, 29): {'cpu': 20}, (2, 0): {'cpu': 4}}",{},0.0,0.0,84.0,42.0,59.0,0.0,0.0,0.0,0.0,0.0,0.0,0.0,0.0,0.0,Route Failure,100.0,"{'node_level': {'cpu': -56}, 'link_level': {'bw': 100.0}, 'path_level': {}}","{'node_level': {0: {'cpu': -81}, 1: {'cpu': -76}, 2: {'cpu': -56}}, 'link_level': {(2, 0): {'bw': 100.0}}, 'path_level': {(2, 0): {}}}","{'node_level': {0: {'cpu': 0}, 1: {'cpu': 0}, 2: {'cpu': 0}}, 'link_level': {(2, 0): {'bw': 100.0}}, 'path_level': {(2, 0): {}}}",[],100.0,100.0,True,False,False,0,[],0,0.0,3.0,1.0
23,3,2,173.0,410.0,166842.63055482047,452672.093606947,0.4219512195121951,0.3685728210577282,4,31,0,583.151663948582,9279,4663,4616,0.015205913410770822,0.06255077173030055,21,32.15166394858204,551.0,10,16,False,{},{},{},{},0.0,0.0,0.0,0.0,0.0,0.0,0.0,0.0,0.0,0.0,0.0,0.0,0.0,0.0,Leave Event,0.0,"{'node_level': {}, 'link_level': {}, 'path_level': {}}","{'node_level': {}, 'link_level': {}, 'path_level': {}}","{'node_level': {}, 'link_level': {}, 'path_level': {}}",[],-inf,-inf,True,True,False,0,[],0,0.0,,
24,3,2,173.0,410.0,166842.63055482047,452672.093606947,0.4219512195121951,0.3685728210577282,4,32,1,602.0,9279,4663,4616,0.015205913410770822,0.06255077173030055,23,295.1240066097526,602.0,10,34,False,"{0: 8, 1: 35}","{(1, 0): []}","{(0, 8): {'cpu': 8}, (1, 35): {'cpu': 5}}",{},0.0,0.0,188.0,94.0,961.0,0.0,0.0,0.0,0.0,0.0,0.0,0.0,0.0,0.0,Route Failure,100.0,"{'node_level': {'cpu': -88}, 'link_level': {'bw': 100.0}, 'path_level': {}}","{'node_level': {0: {'cpu': -85}, 1: {'cpu': -88}}, 'link_level': {(1, 0): {'bw': 100.0}}, 'path_level': {(1, 0): {}}}","{'node_level': {0: {'cpu': 0}, 1: {'cpu': 0}}, 'link_level': {(1, 0): {'bw': 100.0}}, 'path_level': {(1, 0): {}}}",[],100.0,100.0,True,False,False,0,[],0,0.0,2.0,1.0
25,3,2,173.0,410.0,166842.63055482047,452672.093606947,0.4219512195121951,0.3685728210577282,4,33,1,626.0,9279,4663,4616,0.015205913410770822,0.06255077173030055,24,35.506339746372724,626.0,9,22,False,"{0: 42, 1: 15}","{(1, 0): []}","{(0, 42): {'cpu': 11}, (1, 15): {'cpu': 15}}",{},0.0,0.0,186.0,93.0,636.0,0.0,0.0,0.0,0.0,0.0,0.0,0.0,0.0,0.0,Route Failure,100.0,"{'node_level': {'cpu': -79}, 'link_level': {'bw': 100.0}, 'path_level': {}}","{'node_level': {0: {'cpu': -82}, 1: {'cpu': -79}}, 'link_level': {(1, 0): {'bw': 100.0}}, 'path_level': {(1, 0): {}}}","{'node_level': {0: {'cpu': 0}, 1: {'cpu': 0}}, 'link_level': {(1, 0): {'bw': 100.0}}, 'path_level': {(1, 0): {}}}",[],100.0,100.0,True,False,False,0,[],0,0.0,2.0,1.0
26,3,2,173.0,410.0,166842.63055482047,452672.093606947,0.4219512195121951,0.3685728210577282,4,34,1,653.0,9279,4663,4616,0.015205913410770822,0.06255077173030055,25,39.790226852493255,653.0,10,22,False,"{0: 29, 1: 32, 2: 53}","{(2, 0): []}","{(0, 29): {'cpu': 16}, (1, 32): {'cpu': 9}, (2, 53): {'cpu': 17}}",{},0.0,0.0,244.0,122.0,575.0,0.0,0.0,0.0,0.0,0.0,0.0,0.0,0.0,0.0,Route Failure,100.0,"{'node_level': {'cpu': -79}, 'link_level': {'bw': 100.0}, 'path_level': {}}","{'node_level': {0: {'cpu': -80}, 1: {'cpu': -83}, 2: {'cpu': -79}}, 'link_level': {(2, 0): {'bw': 100.0}}, 'path_level': {(2, 0): {}}}","{'node_level': {0: {'cpu': 0}, 1: {'cpu': 0}, 2: {'cpu': 0}}, 'link_level': {(2, 0): {'bw': 100.0}}, 'path_level': {(2, 0): {}}}",[],100.0,100.0,True,False,False,0,[],0,0.0,3.0,1.0
26,3,2,173.0,410.0,166842.63055482047,452672.093606947,0.4219512195121951,0.3685728210577282,4,35,0,661.5063397463728,9279,4663,4616,0.015205913410770822,0.06255077173030055,24,35.506339746372724,626.0,9,22,False,{},{},{},{},0.0,0.0,0.0,0.0,0.0,0.0,0.0,0.0,0.0,0.0,0.0,0.0,0.0,0.0,Leave Event,0.0,"{'node_level': {}, 'link_level': {}, 'path_level': {}}","{'node_level': {}, 'link_level': {}, 'path_level': {}}","{'node_level': {}, 'link_level': {}, 'path_level': {}}",[],-inf,-inf,True,True,False,0,[],0,0.0,,
27,3,2,173.0,410.0,166842.63055482047,452672.093606947,0.4219512195121951,0.3685728210577282,4,36,1,685.0,9279,4663,4616,0.015205913410770822,0.06255077173030055,26,386.9537856899839,685.0,3,2,False,"{0: 53, 1: 29, 2: 55}","{(2, 0): []}","{(0, 53): {'cpu': 3}, (1, 29): {'cpu': 9}, (2, 55): {'cpu': 16}}",{},0.0,0.0,56.0,28.0,80.0,0.0,0.0,0.0,0.0,0.0,0.0,0.0,0.0,0.0,Route Failure,100.0,"{'node_level': {'cpu': -83}, 'link_level': {'bw': 100.0}, 'path_level': {}}","{'node_level': {0: {'cpu': -93}, 1: {'cpu': -87}, 2: {'cpu': -83}}, 'link_level': {(2, 0): {'bw': 100.0}}, 'path_level': {(2, 0): {}}}","{'node_level': {0: {'cpu': 0}, 1: {'cpu': 0}, 2: {'cpu': 0}}, 'link_level': {(2, 0): {'bw': 100.0}}, 'path_level': {(2, 0): {}}}",[],100.0,100.0,True,False,False,0,[],0,0.0,3.0,1.0
27,3,2,173.0,410.0,166842.63055482047,452672.093606947,0.4219512195121951,0.3685728210577282,4,37,0,692.7902268524932,9279,4663,4616,0.015205913410770822,0.06255077173030055,25,39.790226852493255,653.0,10,22,False,{},{},{},{},0.0,0.0,0.0,0.0,0.0,0.0,0.0,0.0,0.0,0.0,0.0,0.0,0.0,0.0,Leave Event,0.0,"{'node_level': {}, 'link_level': {}, 'path_level': {}}","{'node_level': {}, 'link_level': {}, 'path_level': {}}","{'node_level': {}, 'link_level': {}, 'path_level': {}}",[],-inf,-inf,True,True,False,0,[],0,0.0,,
28,3,2,173.0,410.0,166842.63055482047,452672.093606947,0.4219512195121951,0.3685728210577282,4,38,1,719.0,9279,4663,4616,0.015205913410770822,0.06255077173030055,27,39.28702910732144,719.0,2,1,False,"{0: 53, 1: 55}","{(1, 0): []}","{(0, 53): {'cpu': 3}, (1, 55): {'cpu': 10}}",{},0.0,0.0,26.0,13.0,25.0,0.0,0.0,0.0,0.0,0.0,0.0,0.0,0.0,0.0,Route Failure,100.0,"{'node_level': {'cpu': -89}, 'link_level': {'bw': 100.0}, 'path_level': {}}","{'node_level': {0: {'cpu': -93}, 1: {'cpu': -89}}, 'link_level': {(1, 0): {'bw': 100.0}}, 'path_level': {(1, 0): {}}}","{'node_level': {0: {'cpu': 0}, 1: {'cpu': 0}}, 'link_level': {(1, 0): {'bw': 100.0}}, 'path_level': {(1, 0): {}}}",[],100.0,100.0,True,False,False,0,[],0,0.0,2.0,1.0
29,3,2,173.0,410.0,166842.63055482047,452672.093606947,0.4219512195121951,0.3685728210577282,4,39,1,743.0,9279,4663,4616,0.015205913410770822,0.06255077173030055,28,101.53097044693298,743.0,7,11,False,"{0: 29, 1: 53, 2: 55, 3: 8}","{(1, 0): [(53, 21), (21, 10), (10, 4), (4, 1), (1, 0), (0, 2), (2, 6), (6, 14), (14, 29)], (3, 0): []}","{(0, 29): {'cpu': 19}, (1, 53): {'cpu': 19}, (2, 55): {'cpu': 20}, (3, 8): {'cpu': 1}}","{((1, 0), (53, 21)): {'bw': 5}, ((1, 0), (21, 10)): {'bw': 5}, ((1, 0), (10, 4)): {'bw': 5}, ((1, 0), (4, 1)): {'bw': 5}, ((1, 0), (1, 0)): {'bw': 5}, ((1, 0), (0, 2)): {'bw': 5}, ((1, 0), (2, 6)): {'bw': 5}, ((1, 0), (6, 14)): {'bw': 5}, ((1, 0), (14, 29)): {'bw': 5}}",0.0,0.0,174.0,87.0,256.0,0.0,0.0,0.0,0.0,0.0,0.0,0.0,0.0,0.0,Route Failure,100.0,"{'node_level': {'cpu': -92}, 'link_level': {'bw': 100.0}, 'path_level': {}}","{'node_level': {0: {'cpu': -77}, 1: {'cpu': -77}, 2: {'cpu': -79}, 3: {'cpu': -92}}, 'link_level': {(1, 0): {'bw': -11}, (3, 0): {'bw': 100.0}}, 'path_level': {(1, 0): {}, (3, 0): {}}}","{'node_level': {0: {'cpu': 0}, 1: {'cpu': 0}, 2: {'cpu': 0}, 3: {'cpu': 0}}, 'link_level': {(1, 0): {'bw': 0}, (3, 0): {'bw': 100.0}}, 'path_level': {(1, 0): {}, (3, 0): {}}}",[],100.0,100.0,True,False,False,0,[],0,0.0,4.0,2.0
29,3,2,173.0,410.0,166842.63055482047,452672.093606947,0.4219512195121951,0.3685728210577282,4,40,0,753.6461387140492,9279,4663,4616,0.015205913410770822,0.06255077173030055,14,363.64613871404924,390.0,3,3,False,{},{},{},{},0.0,0.0,0.0,0.0,0.0,0.0,0.0,0.0,0.0,0.0,0.0,0.0,0.0,0.0,Leave Event,0.0,"{'node_level': {}, 'link_level': {}, 'path_level': {}}","{'node_level': {}, 'link_level': {}, 'path_level': {}}","{'node_level': {}, 'link_level': {}, 'path_level': {}}",[],-inf,-inf,True,True,False,0,[],0,0.0,,
29,3,2,173.0,410.0,166842.63055482047,452672.093606947,0.4219512195121951,0.3685728210577282,4,41,0,758.2870291073215,9279,4663,4616,0.015205913410770822,0.06255077173030055,27,39.28702910732144,719.0,2,1,False,{},{},{},{},0.0,0.0,0.0,0.0,0.0,0.0,0.0,0.0,0.0,0.0,0.0,0.0,0.0,0.0,Leave Event,0.0,"{'node_level': {}, 'link_level': {}, 'path_level': {}}","{'node_level': {}, 'link_level': {}, 'path_level': {}}","{'node_level': {}, 'link_level': {}, 'path_level': {}}",[],-inf,-inf,True,True,False,0,[],0,0.0,,
30,3,2,173.0,410.0,166842.63055482047,452672.093606947,0.4219512195121951,0.3685728210577282,4,42,1,772.0,9279,4663,4616,0.015205913410770822,0.06255077173030055,29,286.6671779745153,772.0,6,9,False,"{0: 42, 1: 8, 2: 53}","{(2, 0): []}","{(0, 42): {'cpu': 11}, (1, 8): {'cpu': 6}, (2, 53): {'cpu': 19}}",{},0.0,0.0,172.0,86.0,212.0,0.0,0.0,0.0,0.0,0.0,0.0,0.0,0.0,0.0,Route Failure,100.0,"{'node_level': {'cpu': -77}, 'link_level': {'bw': 100.0}, 'path_level': {}}","{'node_level': {0: {'cpu': -82}, 1: {'cpu': -87}, 2: {'cpu': -77}}, 'link_level': {(2, 0): {'bw': 100.0}}, 'path_level': {(2, 0): {}}}","{'node_level': {0: {'cpu': 0}, 1: {'cpu': 0}, 2: {'cpu': 0}}, 'link_level': {(2, 0): {'bw': 100.0}}, 'path_level': {(2, 0): {}}}",[],100.0,100.0,True,False,False,0,[],0,0.0,3.0,1.0
31,3,2,173.0,410.0,166842.63055482047,452672.093606947,0.4219512195121951,0.3685728210577282,4,43,1,802.0,9279,4663,4616,0.015205913410770822,0.06255077173030055,30,344.36132265255736,802.0,3,2,False,"{0: 53, 1: 55}","{(1, 0): []}","{(0, 53): {'cpu': 3}, (1, 55): {'cpu': 20}}",{},0.0,0.0,56.0,28.0,32.0,0.0,0.0,0.0,0.0,0.0,0.0,0.0,0.0,0.0,Route Failure,100.0,"{'node_level': {'cpu': -79}, 'link_level': {'bw': 100.0}, 'path_level': {}}","{'node_level': {0: {'cpu': -93}, 1: {'cpu': -79}}, 'link_level': {(1, 0): {'bw': 100.0}}, 'path_level': {(1, 0): {}}}","{'node_level': {0: {'cpu': 0}, 1: {'cpu': 0}}, 'link_level': {(1, 0): {'bw': 100.0}}, 'path_level': {(1, 0): {}}}",[],100.0,100.0,True,False,False,0,[],0,0.0,2.0,1.0
31,3,2,173.0,410.0,166842.63055482047,452672.093606947,0.4219512195121951,0.3685728210577282,4,44,0,806.3322340936338,9279,4663,4616,0.015205913410770822,0.06255077173030055,17,349.33223409363376,457.0,4,3,False,{},{},{},{},0.0,0.0,0.0,0.0,0.0,0.0,0.0,0.0,0.0,0.0,0.0,0.0,0.0,0.0,Leave Event,0.0,"{'node_level': {}, 'link_level': {}, 'path_level': {}}","{'node_level': {}, 'link_level': {}, 'path_level': {}}","{'node_level': {}, 'link_level': {}, 'path_level': {}}",[],-inf,-inf,True,True,False,0,[],0,0.0,,
32,3,2,173.0,410.0,166842.63055482047,452672.093606947,0.4219512195121951,0.3685728210577282,4,45,1,818.0,9279,4663,4616,0.015205913410770822,0.06255077173030055,31,437.70866762761415,818.0,7,11,False,"{0: 15, 1: 55, 2: 53, 3: 35, 4: 29, 5: 42}","{(1, 0): [(55, 23), (23, 11), (11, 5), (5, 2), (2, 0), (0, 1), (1, 3), (3, 7), (7, 15)], (2, 1): [(53, 21), (21, 10), (10, 4), (4, 1), (1, 0), (0, 2), (2, 5), (5, 11), (11, 23), (23, 55)], (3, 2): [(35, 19), (19, 9), (9, 4), (4, 10), (10, 21), (21, 53)], (4, 1): [(29, 14), (14, 6), (6, 2), (2, 5), (5, 11), (11, 23), (23, 55)], (5, 0): []}","{(0, 15): {'cpu': 4}, (1, 55): {'cpu': 13}, (2, 53): {'cpu': 10}, (3, 35): {'cpu': 1}, (4, 29): {'cpu': 9}, (5, 42): {'cpu': 6}}","{((1, 0), (55, 23)): {'bw': 16}, ((1, 0), (23, 11)): {'bw': 16}, ((1, 0), (11, 5)): {'bw': 16}, ((1, 0), (5, 2)): {'bw': 16}, ((1, 0), (2, 0)): {'bw': 16}, ((1, 0), (0, 1)): {'bw': 16}, ((1, 0), (1, 3)): {'bw': 16}, ((1, 0), (3, 7)): {'bw': 16}, ((1, 0), (7, 15)): {'bw': 16}, ((2, 1), (53, 21)): {'bw': 7}, ((2, 1), (21, 10)): {'bw': 7}, ((2, 1), (10, 4)): {'bw': 7}, ((2, 1), (4, 1)): {'bw': 7}, ((2, 1), (1, 0)): {'bw': 7}, ((2, 1), (0, 2)): {'bw': 7}, ((2, 1), (2, 5)): {'bw': 7}, ((2, 1), (5, 11)): {'bw': 7}, ((2, 1), (11, 23)): {'bw': 7}, ((2, 1), (23, 55)): {'bw': 7}, ((3, 2), (35, 19)): {'bw': 0}, ((3, 2), (19, 9)): {'bw': 0}, ((3, 2), (9, 4)): {'bw': 0}, ((3, 2), (4, 10)): {'bw': 0}, ((3, 2), (10, 21)): {'bw': 0}, ((3, 2), (21, 53)): {'bw': 0}, ((4, 1), (29, 14)): {'bw': 25}, ((4, 1), (14, 6)): {'bw': 25}, ((4, 1), (6, 2)): {'bw': 25}, ((4, 1), (2, 5)): {'bw': 25}, ((4, 1), (5, 11)): {'bw': 25}, ((4, 1), (11, 23)): {'bw': 25}, ((4, 1), (23, 55)): {'bw': 25}}",0.0,0.0,88.0,44.0,314.0,0.0,0.0,0.0,0.0,0.0,0.0,0.0,0.0,0.0,Route Failure,100.0,"{'node_level': {'cpu': -87}, 'link_level': {'bw': 100.0}, 'path_level': {}}","{'node_level': {0: {'cpu': -90}, 1: {'cpu': -86}, 2: {'cpu': -86}, 3: {'cpu': -92}, 4: {'cpu': -87}, 5: {'cpu': -87}}, 'link_level': {(1, 0): {'bw': -26}, (2, 1): {'bw': -9}, (3, 2): {'bw': -9}, (4, 1): {'bw': -28}, (5, 0): {'bw': 100.0}}, 'path_level': {(1, 0): {}, (2, 1): {}, (3, 2): {}, (4, 1): {}, (5, 0): {}}}","{'node_level': {0: {'cpu': 0}, 1: {'cpu': 0}, 2: {'cpu': 0}, 3: {'cpu': 0}, 4: {'cpu': 0}, 5: {'cpu': 0}}, 'link_level': {(1, 0): {'bw': 0}, (2, 1): {'bw': 0}, (3, 2): {'bw': 0}, (4, 1): {'bw': 0}, (5, 0): {'bw': 100.0}}, 'path_level': {(1, 0): {}, (2, 1): {}, (3, 2): {}, (4, 1): {}, (5, 0): {}}}",[],100.0,100.0,True,False,False,0,[],0,0.0,6.0,5.0
32,3,2,173.0,410.0,166842.63055482047,452672.093606947,0.4219512195121951,0.3685728210577282,4,46,0,818.7559213725051,9279,4663,4616,0.015205913410770822,0.06255077173030055,2,745.7559213725051,73.0,10,20,False,{},{},{},{},0.0,0.0,0.0,0.0,0.0,0.0,0.0,0.0,0.0,0.0,0.0,0.0,0.0,0.0,Leave Event,0.0,"{'node_level': {}, 'link_level': {}, 'path_level': {}}","{'node_level': {}, 'link_level': {}, 'path_level': {}}","{'node_level': {}, 'link_level': {}, 'path_level': {}}",[],-inf,-inf,True,True,False,0,[],0,0.0,,
32,3,2,173.0,410.0,166842.63055482047,452672.093606947,0.4219512195121951,0.3685728210577282,4,47,0,826.8400954844434,9279,4663,4616,0.015205913410770822,0.06255077173030055,8,602.8400954844434,224.0,9,21,False,{},{},{},{},0.0,0.0,0.0,0.0,0.0,0.0,0.0,0.0,0.0,0.0,0.0,0.0,0.0,0.0,Leave Event,0.0,"{'node_level': {}, 'link_level': {}, 'path_level': {}}","{'node_level': {}, 'link_level': {}, 'path_level': {}}","{'node_level': {}, 'link_level': {}, 'path_level': {}}",[],-inf,-inf,True,True,False,0,[],0,0.0,,
33,3,2,173.0,410.0,166842.63055482047,452672.093606947,0.4219512195121951,0.3685728210577282,4,48,1,841.0,9279,4663,4616,0.015205913410770822,0.06255077173030055,32,484.4670493957473,841.0,6,5,False,"{0: 55, 1: 29, 2: 15, 3: 53, 4: 8}","{(1, 0): [(29, 14), (14, 6), (6, 2), (2, 5), (5, 11), (11, 23), (23, 55)], (2, 0): [(15, 7), (7, 3), (3, 1), (1, 0), (0, 2), (2, 5), (5, 11), (11, 23), (23, 55)], (3, 0): [(53, 21), (21, 10), (10, 4), (4, 1), (1, 0), (0, 2), (2, 5), (5, 11), (11, 23), (23, 55)], (4, 0): []}","{(0, 55): {'cpu': 19}, (1, 29): {'cpu': 17}, (2, 15): {'cpu': 8}, (3, 53): {'cpu': 16}, (4, 8): {'cpu': 3}}","{((1, 0), (29, 14)): {'bw': 1}, ((1, 0), (14, 6)): {'bw': 1}, ((1, 0), (6, 2)): {'bw': 1}, ((1, 0), (2, 5)): {'bw': 1}, ((1, 0), (5, 11)): {'bw': 1}, ((1, 0), (11, 23)): {'bw': 1}, ((1, 0), (23, 55)): {'bw': 1}, ((2, 0), (15, 7)): {'bw': 3}, ((2, 0), (7, 3)): {'bw': 3}, ((2, 0), (3, 1)): {'bw': 3}, ((2, 0), (1, 0)): {'bw': 3}, ((2, 0), (0, 2)): {'bw': 3}, ((2, 0), (2, 5)): {'bw': 3}, ((2, 0), (5, 11)): {'bw': 3}, ((2, 0), (11, 23)): {'bw': 3}, ((2, 0), (23, 55)): {'bw': 3}, ((3, 0), (53, 21)): {'bw': 8}, ((3, 0), (21, 10)): {'bw': 8}, ((3, 0), (10, 4)): {'bw': 8}, ((3, 0), (4, 1)): {'bw': 8}, ((3, 0), (1, 0)): {'bw': 8}, ((3, 0), (0, 2)): {'bw': 8}, ((3, 0), (2, 5)): {'bw': 8}, ((3, 0), (5, 11)): {'bw': 8}, ((3, 0), (11, 23)): {'bw': 8}, ((3, 0), (23, 55)): {'bw': 8}}",0.0,0.0,148.0,74.0,100.0,0.0,0.0,0.0,0.0,0.0,0.0,0.0,0.0,0.0,Route Failure,100.0,"{'node_level': {'cpu': -90}, 'link_level': {'bw': 100.0}, 'path_level': {}}","{'node_level': {0: {'cpu': -80}, 1: {'cpu': -79}, 2: {'cpu': -86}, 3: {'cpu': -80}, 4: {'cpu': -90}}, 'link_level': {(1, 0): {'bw': -67}, (2, 0): {'bw': -39}, (3, 0): {'bw': -8}, (4, 0): {'bw': 100.0}}, 'path_level': {(1, 0): {}, (2, 0): {}, (3, 0): {}, (4, 0): {}}}","{'node_level': {0: {'cpu': 0}, 1: {'cpu': 0}, 2: {'cpu': 0}, 3: {'cpu': 0}, 4: {'cpu': 0}}, 'link_level': {(1, 0): {'bw': 0}, (2, 0): {'bw': 0}, (3, 0): {'bw': 0}, (4, 0): {'bw': 100.0}}, 'path_level': {(1, 0): {}, (2, 0): {}, (3, 0): {}, (4, 0): {}}}",[],100.0,100.0,True,False,False,0,[],0,0.0,5.0,4.0
33,3,2,173.0,410.0,166842.63055482047,452672.093606947,0.4219512195121951,0.3685728210577282,4,49,0,844.530970446933,9279,4663,4616,0.015205913410770822,0.06255077173030055,28,101.53097044693298,743.0,7,11,False,{},{},{},{},0.0,0.0,0.0,0.0,0.0,0.0,0.0,0.0,0.0,0.0,0.0,0.0,0.0,0.0,Leave Event,0.0,"{'node_level': {}, 'link_level': {}, 'path_level': {}}","{'node_level': {}, 'link_level': {}, 'path_level': {}}","{'node_level': {}, 'link_level': {}, 'path_level': {}}",[],-inf,-inf,True,True,False,0,[],0,0.0,,
33,3,2,173.0,410.0,166842.63055482047,452672.093606947,0.4219512195121951,0.3685728210577282,4,50,0,854.2060282383483,9279,4663,4616,0.015205913410770822,0.06255077173030055,5,695.2060282383483,159.0,7,12,False,{},{},{},{},0.0,0.0,0.0,0.0,0.0,0.0,0.0,0.0,0.0,0.0,0.0,0.0,0.0,0.0,Leave Event,0.0,"{'node_level': {}, 'link_level': {}, 'path_level': {}}","{'node_level': {}, 'link_level': {}, 'path_level': {}}","{'node_level': {}, 'link_level': {}, 'path_level': {}}",[],-inf,-inf,True,True,False,0,[],0,0.0,,
33,3,2,173.0,410.0,166842.63055482047,452672.093606947,0.4219512195121951,0.3685728210577282,4,51,0,861.9214852912519,9279,4663,4616,0.015205913410770822,0.06255077173030055,20,325.9214852912518,536.0,7,11,False,{},{},{},{},0.0,0.0,0.0,0.0,0.0,0.0,0.0,0.0,0.0,0.0,0.0,0.0,0.0,0.0,Leave Event,0.0,"{'node_level': {}, 'link_level': {}, 'path_level': {}}","{'node_level': {}, 'link_level': {}, 'path_level': {}}","{'node_level': {}, 'link_level': {}, 'path_level': {}}",[],-inf,-inf,True,True,False,0,[],0,0.0,,
34,3,2,173.0,410.0,166842.63055482047,452672.093606947,0.4219512195121951,0.3685728210577282,4,52,1,871.0,9279,4663,4616,0.015205913410770822,0.06255077173030055,33,233.2540725017419,871.0,9,20,False,"{0: 29, 1: 59, 2: 8, 3: 55, 4: 32}","{(1, 0): [(59, 27), (27, 13), (13, 6), (6, 14), (14, 29)], (2, 1): [(8, 3), (3, 1), (1, 0), (0, 2), (2, 6), (6, 13), (13, 27), (27, 59)], (3, 0): [(55, 23), (23, 11), (11, 5), (5, 2), (2, 6), (6, 14), (14, 29)], (3, 2): [(55, 23), (23, 11), (11, 5), (5, 2), (2, 0), (0, 1), (1, 3), (3, 8)], (4, 1): []}","{(0, 29): {'cpu': 5}, (1, 59): {'cpu': 2}, (2, 8): {'cpu': 2}, (3, 55): {'cpu': 15}, (4, 32): {'cpu': 1}}","{((1, 0), (59, 27)): {'bw': 46}, ((1, 0), (27, 13)): {'bw': 46}, ((1, 0), (13, 6)): {'bw': 46}, ((1, 0), (6, 14)): {'bw': 46}, ((1, 0), (14, 29)): {'bw': 46}, ((2, 1), (8, 3)): {'bw': 27}, ((2, 1), (3, 1)): {'bw': 27}, ((2, 1), (1, 0)): {'bw': 27}, ((2, 1), (0, 2)): {'bw': 27}, ((2, 1), (2, 6)): {'bw': 27}, ((2, 1), (6, 13)): {'bw': 27}, ((2, 1), (13, 27)): {'bw': 27}, ((2, 1), (27, 59)): {'bw': 27}, ((3, 0), (55, 23)): {'bw': 11}, ((3, 0), (23, 11)): {'bw': 11}, ((3, 0), (11, 5)): {'bw': 11}, ((3, 0), (5, 2)): {'bw': 11}, ((3, 0), (2, 6)): {'bw': 11}, ((3, 0), (6, 14)): {'bw': 11}, ((3, 0), (14, 29)): {'bw': 11}, ((3, 2), (55, 23)): {'bw': 15}, ((3, 2), (23, 11)): {'bw': 15}, ((3, 2), (11, 5)): {'bw': 15}, ((3, 2), (5, 2)): {'bw': 15}, ((3, 2), (2, 0)): {'bw': 15}, ((3, 2), (0, 1)): {'bw': 15}, ((3, 2), (1, 3)): {'bw': 15}, ((3, 2), (3, 8)): {'bw': 15}}",0.0,0.0,116.0,58.0,545.0,0.0,0.0,0.0,0.0,0.0,0.0,0.0,0.0,0.0,Route Failure,100.0,"{'node_level': {'cpu': -91}, 'link_level': {'bw': 100.0}, 'path_level': {}}","{'node_level': {0: {'cpu': -91}, 1: {'cpu': -91}, 2: {'cpu': -91}, 3: {'cpu': -84}, 4: {'cpu': -91}}, 'link_level': {(1, 0): {'bw': -25}, (2, 1): {'bw': -4}, (3, 0): {'bw': -14}, (3, 2): {'bw': 0}, (4, 1): {'bw': 100.0}}, 'path_level': {(1, 0): {}, (2, 1): {}, (3, 0): {}, (3, 2): {}, (4, 1): {}}}","{'node_level': {0: {'cpu': 0}, 1: {'cpu': 0}, 2: {'cpu': 0}, 3: {'cpu': 0}, 4: {'cpu': 0}}, 'link_level': {(1, 0): {'bw': 0}, (2, 1): {'bw': 0}, (3, 0): {'bw': 0}, (3, 2): {'bw': 0}, (4, 1): {'bw': 100.0}}, 'path_level': {(1, 0): {}, (2, 1): {}, (3, 0): {}, (3, 2): {}, (4, 1): {}}}",[],100.0,100.0,True,False,False,0,[],0,0.0,5.0,5.0
35,3,2,173.0,410.0,166842.63055482047,452672.093606947,0.4219512195121951,0.3685728210577282,4,53,1,895.0,9279,4663,4616,0.015205913410770822,0.06255077173030055,34,482.1323797488302,895.0,8,17,False,"{0: 55, 1: 15, 2: 35}","{(2, 0): []}","{(0, 55): {'cpu': 20}, (1, 15): {'cpu': 14}, (2, 35): {'cpu': 1}}",{},0.0,0.0,180.0,90.0,401.0,0.0,0.0,0.0,0.0,0.0,0.0,0.0,0.0,0.0,Route Failure,100.0,"{'node_level': {'cpu': -92}, 'link_level': {'bw': 100.0}, 'path_level': {}}","{'node_level': {0: {'cpu': -79}, 1: {'cpu': -80}, 2: {'cpu': -92}}, 'link_level': {(2, 0): {'bw': 100.0}}, 'path_level': {(2, 0): {}}}","{'node_level': {0: {'cpu': 0}, 1: {'cpu': 0}, 2: {'cpu': 0}}, 'link_level': {(2, 0): {'bw': 100.0}}, 'path_level': {(2, 0): {}}}",[],100.0,100.0,True,False,False,0,[],0,0.0,3.0,1.0
35,3,2,173.0,410.0,166842.63055482047,452672.093606947,0.4219512195121951,0.3685728210577282,4,54,0,897.1240066097525,9279,4663,4616,0.015205913410770822,0.06255077173030055,23,295.1240066097526,602.0,10,34,False,{},{},{},{},0.0,0.0,0.0,0.0,0.0,0.0,0.0,0.0,0.0,0.0,0.0,0.0,0.0,0.0,Leave Event,0.0,"{'node_level': {}, 'link_level': {}, 'path_level': {}}","{'node_level': {}, 'link_level': {}, 'path_level': {}}","{'node_level': {}, 'link_level': {}, 'path_level': {}}",[],-inf,-inf,True,True,False,0,[],0,0.0,,
36,4,3,210.0,555.0,170007.58440642423,465075.2911335022,0.3783783783783784,0.3655485200946156,6,55,1,920.0,9134,4644,4490,0.019218585005279842,0.08813972380178714,35,85.53929328658779,920.0,2,1,True,"{0: 55, 1: 29}","{(1, 0): [(29, 14), (14, 6), (6, 2), (2, 5), (5, 11), (11, 23), (23, 55)]}","{(0, 55): {'cpu': 18}, (1, 29): {'cpu': 1}}","{((1, 0), (29, 14)): {'bw': 18}, ((1, 0), (14, 6)): {'bw': 18}, ((1, 0), (6, 2)): {'bw': 18}, ((1, 0), (2, 5)): {'bw': 18}, ((1, 0), (5, 11)): {'bw': 18}, ((1, 0), (11, 23)): {'bw': 18}, ((1, 0), (23, 55)): {'bw': 18}}",145.0,37.0,38.0,19.0,18.0,19.0,18.0,19.0,126.0,108.0,0.25517241379310346,12403.19752655523,3164.9538516037483,21.827267942094817,Success,0.0,"{'node_level': {'cpu': -95}, 'link_level': {'bw': -50}, 'path_level': {}}","{'node_level': {0: {'cpu': -81}, 1: {'cpu': -95}}, 'link_level': {(1, 0): {'bw': -50}}, 'path_level': {(1, 0): {}}}","{'node_level': {0: {'cpu': 0}, 1: {'cpu': 0}}, 'link_level': {(1, 0): {'bw': 0}}, 'path_level': {(1, 0): {}}}",[],-50.0,0.0,True,True,False,0,[],0,0.0,2.0,1.0
36,4,3,210.0,555.0,170007.58440642423,465075.2911335022,0.3783783783783784,0.3655485200946156,6,56,0,928.733098550513,9134,4644,4490,0.019218585005279842,0.08813972380178714,0,906.733098550513,22.0,10,20,False,{},{},{},{},0.0,0.0,0.0,0.0,0.0,0.0,0.0,0.0,0.0,0.0,0.0,0.0,0.0,0.0,Leave Event,0.0,"{'node_level': {}, 'link_level': {}, 'path_level': {}}","{'node_level': {}, 'link_level': {}, 'path_level': {}}","{'node_level': {}, 'link_level': {}, 'path_level': {}}",[],-inf,-inf,True,True,False,0,[],0,0.0,,
37,4,3,210.0,555.0,170007.58440642423,465075.2911335022,0.3783783783783784,0.3655485200946156,6,57,1,943.0,9134,4644,4490,0.019218585005279842,0.08813972380178714,36,161.14260780550205,943.0,2,1,False,"{0: 29, 1: 53}","{(1, 0): []}","{(0, 29): {'cpu': 7}, (1, 53): {'cpu': 19}}",{},0.0,0.0,52.0,26.0,26.0,0.0,0.0,0.0,0.0,0.0,0.0,0.0,0.0,0.0,Route Failure,100.0,"{'node_level': {'cpu': -77}, 'link_level': {'bw': 100.0}, 'path_level': {}}","{'node_level': {0: {'cpu': -88}, 1: {'cpu': -77}}, 'link_level': {(1, 0): {'bw': 100.0}}, 'path_level': {(1, 0): {}}}","{'node_level': {0: {'cpu': 0}, 1: {'cpu': 0}}, 'link_level': {(1, 0): {'bw': 100.0}}, 'path_level': {(1, 0): {}}}",[],100.0,100.0,True,False,False,0,[],0,0.0,2.0,1.0
38,4,3,210.0,555.0,170007.58440642423,465075.2911335022,0.3783783783783784,0.3655485200946156,6,58,1,974.0,9134,4644,4490,0.019218585005279842,0.08813972380178714,37,801.5248567387569,974.0,4,5,False,"{0: 15, 1: 29, 2: 53}","{(1, 0): [(29, 14), (14, 6), (6, 2), (2, 0), (0, 1), (1, 3), (3, 7), (7, 15)], (2, 1): []}","{(0, 15): {'cpu': 0}, (1, 29): {'cpu': 6}, (2, 53): {'cpu': 13}}","{((1, 0), (29, 14)): {'bw': 4}, ((1, 0), (14, 6)): {'bw': 4}, ((1, 0), (6, 2)): {'bw': 4}, ((1, 0), (2, 0)): {'bw': 4}, ((1, 0), (0, 1)): {'bw': 4}, ((1, 0), (1, 3)): {'bw': 4}, ((1, 0), (3, 7)): {'bw': 4}, ((1, 0), (7, 15)): {'bw': 4}}",0.0,0.0,46.0,23.0,74.0,0.0,0.0,0.0,0.0,0.0,0.0,0.0,0.0,0.0,Route Failure,100.0,"{'node_level': {'cpu': -83}, 'link_level': {'bw': 100.0}, 'path_level': {}}","{'node_level': {0: {'cpu': -94}, 1: {'cpu': -89}, 2: {'cpu': -83}}, 'link_level': {(1, 0): {'bw': -38}, (2, 1): {'bw': 100.0}}, 'path_level': {(1, 0): {}, (2, 1): {}}}","{'node_level': {0: {'cpu': 0}, 1: {'cpu': 0}, 2: {'cpu': 0}}, 'link_level': {(1, 0): {'bw': 0}, (2, 1): {'bw': 100.0}}, 'path_level': {(1, 0): {}, (2, 1): {}}}",[],100.0,100.0,True,False,False,0,[],0,0.0,3.0,2.0
39,4,3,210.0,555.0,170007.58440642423,465075.2911335022,0.3783783783783784,0.3655485200946156,6,59,1,996.0,9134,4644,4490,0.019218585005279842,0.08813972380178714,38,83.08001083943024,996.0,6,5,False,"{0: 15, 1: 53, 2: 29, 3: 0, 4: 59}","{(2, 1): [(29, 14), (14, 6), (6, 2), (2, 0), (0, 1), (1, 4), (4, 10), (10, 21), (21, 53)], (4, 3): []}","{(0, 15): {'cpu': 12}, (1, 53): {'cpu': 16}, (2, 29): {'cpu': 13}, (3, 0): {'cpu': 14}, (4, 59): {'cpu': 7}}","{((2, 1), (29, 14)): {'bw': 2}, ((2, 1), (14, 6)): {'bw': 2}, ((2, 1), (6, 2)): {'bw': 2}, ((2, 1), (2, 0)): {'bw': 2}, ((2, 1), (0, 1)): {'bw': 2}, ((2, 1), (1, 4)): {'bw': 2}, ((2, 1), (4, 10)): {'bw': 2}, ((2, 1), (10, 21)): {'bw': 2}, ((2, 1), (21, 53)): {'bw': 2}}",0.0,0.0,148.0,74.0,138.0,0.0,0.0,0.0,0.0,0.0,0.0,0.0,0.0,0.0,Route Failure,100.0,"{'node_level': {'cpu': -86}, 'link_level': {'bw': 100.0}, 'path_level': {}}","{'node_level': {0: {'cpu': -82}, 1: {'cpu': -80}, 2: {'cpu': -82}, 3: {'cpu': -46}, 4: {'cpu': -86}}, 'link_level': {(2, 1): {'bw': -14}, (4, 3): {'bw': 100.0}}, 'path_level': {(2, 1): {}, (4, 3): {}}}","{'node_level': {0: {'cpu': 0}, 1: {'cpu': 0}, 2: {'cpu': 0}, 3: {'cpu': 0}, 4: {'cpu': 0}}, 'link_level': {(2, 1): {'bw': 0}, (4, 3): {'bw': 100.0}}, 'path_level': {(2, 1): {}, (4, 3): {}}}",[],100.0,100.0,True,False,False,0,[],0,0.0,5.0,2.0
39,4,2,210.0,555.0,170007.58440642423,465075.2911335022,0.3783783783783784,0.3655485200946156,6,60,0,1005.5392932865877,9279,4663,4616,0.015205913410770822,0.06255077173030055,35,85.53929328658779,920.0,2,1,False,{},{},{},{},0.0,0.0,0.0,0.0,0.0,0.0,0.0,0.0,0.0,0.0,0.0,0.0,0.0,0.0,Leave Event,0.0,"{'node_level': {}, 'link_level': {}, 'path_level': {}}","{'node_level': {}, 'link_level': {}, 'path_level': {}}","{'node_level': {}, 'link_level': {}, 'path_level': {}}",[],-inf,-inf,True,True,False,0,[],0,0.0,,
39,4,2,210.0,555.0,170007.58440642423,465075.2911335022,0.3783783783783784,0.3655485200946156,6,61,0,1012.8287171765827,9279,4663,4616,0.015205913410770822,0.06255077173030055,12,678.8287171765827,334.0,9,17,False,{},{},{},{},0.0,0.0,0.0,0.0,0.0,0.0,0.0,0.0,0.0,0.0,0.0,0.0,0.0,0.0,Leave Event,0.0,"{'node_level': {}, 'link_level': {}, 'path_level': {}}","{'node_level': {}, 'link_level': {}, 'path_level': {}}","{'node_level': {}, 'link_level': {}, 'path_level': {}}",[],-inf,-inf,True,True,False,0,[],0,0.0,,
40,4,2,210.0,555.0,170007.58440642423,465075.2911335022,0.3783783783783784,0.3655485200946156,6,62,1,1022.0,9279,4663,4616,0.015205913410770822,0.06255077173030055,39,126.365340773687,1022.0,7,9,False,"{0: 55, 1: 53, 2: 29, 3: 8}","{(3, 0): [(8, 3), (3, 1), (1, 0), (0, 2), (2, 5), (5, 11), (11, 23), (23, 55)], (3, 1): []}","{(0, 55): {'cpu': 17}, (1, 53): {'cpu': 16}, (2, 29): {'cpu': 16}, (3, 8): {'cpu': 3}}","{((3, 0), (8, 3)): {'bw': 37}, ((3, 0), (3, 1)): {'bw': 37}, ((3, 0), (1, 0)): {'bw': 37}, ((3, 0), (0, 2)): {'bw': 37}, ((3, 0), (2, 5)): {'bw': 37}, ((3, 0), (5, 11)): {'bw': 37}, ((3, 0), (11, 23)): {'bw': 37}, ((3, 0), (23, 55)): {'bw': 37}}",0.0,0.0,164.0,82.0,230.0,0.0,0.0,0.0,0.0,0.0,0.0,0.0,0.0,0.0,Route Failure,100.0,"{'node_level': {'cpu': -90}, 'link_level': {'bw': 100.0}, 'path_level': {}}","{'node_level': {0: {'cpu': -82}, 1: {'cpu': -80}, 2: {'cpu': -80}, 3: {'cpu': -90}}, 'link_level': {(3, 0): {'bw': -5}, (3, 1): {'bw': 100.0}}, 'path_level': {(3, 0): {}, (3, 1): {}}}","{'node_level': {0: {'cpu': 0}, 1: {'cpu': 0}, 2: {'cpu': 0}, 3: {'cpu': 0}}, 'link_level': {(3, 0): {'bw': 0}, (3, 1): {'bw': 100.0}}, 'path_level': {(3, 0): {}, (3, 1): {}}}",[],100.0,100.0,True,False,False,0,[],0,0.0,4.0,2.0
41,4,2,210.0,555.0,170007.58440642423,465075.2911335022,0.3783783783783784,0.3655485200946156,6,63,1,1047.0,9279,4663,4616,0.015205913410770822,0.06255077173030055,40,139.18160062467638,1047.0,10,21,False,"{0: 15, 1: 29}","{(1, 0): []}","{(0, 15): {'cpu': 11}, (1, 29): {'cpu': 17}}",{},0.0,0.0,162.0,81.0,585.0,0.0,0.0,0.0,0.0,0.0,0.0,0.0,0.0,0.0,Route Failure,100.0,"{'node_level': {'cpu': -79}, 'link_level': {'bw': 100.0}, 'path_level': {}}","{'node_level': {0: {'cpu': -83}, 1: {'cpu': -79}}, 'link_level': {(1, 0): {'bw': 100.0}}, 'path_level': {(1, 0): {}}}","{'node_level': {0: {'cpu': 0}, 1: {'cpu': 0}}, 'link_level': {(1, 0): {'bw': 100.0}}, 'path_level': {(1, 0): {}}}",[],100.0,100.0,True,False,False,0,[],0,0.0,2.0,1.0
41,4,2,210.0,555.0,170007.58440642423,465075.2911335022,0.3783783783783784,0.3655485200946156,6,64,0,1058.6671779745152,9279,4663,4616,0.015205913410770822,0.06255077173030055,29,286.6671779745153,772.0,6,9,False,{},{},{},{},0.0,0.0,0.0,0.0,0.0,0.0,0.0,0.0,0.0,0.0,0.0,0.0,0.0,0.0,Leave Event,0.0,"{'node_level': {}, 'link_level': {}, 'path_level': {}}","{'node_level': {}, 'link_level': {}, 'path_level': {}}","{'node_level': {}, 'link_level': {}, 'path_level': {}}",[],-inf,-inf,True,True,False,0,[],0,0.0,,
42,4,2,210.0,555.0,170007.58440642423,465075.2911335022,0.3783783783783784,0.3655485200946156,6,65,1,1070.0,9279,4663,4616,0.015205913410770822,0.06255077173030055,41,326.48971263389893,1070.0,10,27,False,"{0: 53, 1: 35}","{(1, 0): []}","{(0, 53): {'cpu': 14}, (1, 35): {'cpu': 12}}",{},0.0,0.0,216.0,108.0,692.0,0.0,0.0,0.0,0.0,0.0,0.0,0.0,0.0,0.0,Route Failure,100.0,"{'node_level': {'cpu': -81}, 'link_level': {'bw': 100.0}, 'path_level': {}}","{'node_level': {0: {'cpu': -82}, 1: {'cpu': -81}}, 'link_level': {(1, 0): {'bw': 100.0}}, 'path_level': {(1, 0): {}}}","{'node_level': {0: {'cpu': 0}, 1: {'cpu': 0}}, 'link_level': {(1, 0): {'bw': 100.0}}, 'path_level': {(1, 0): {}}}",[],100.0,100.0,True,False,False,0,[],0,0.0,2.0,1.0
42,4,2,210.0,555.0,170007.58440642423,465075.2911335022,0.3783783783783784,0.3655485200946156,6,66,0,1071.9537856899838,9279,4663,4616,0.015205913410770822,0.06255077173030055,26,386.9537856899839,685.0,3,2,False,{},{},{},{},0.0,0.0,0.0,0.0,0.0,0.0,0.0,0.0,0.0,0.0,0.0,0.0,0.0,0.0,Leave Event,0.0,"{'node_level': {}, 'link_level': {}, 'path_level': {}}","{'node_level': {}, 'link_level': {}, 'path_level': {}}","{'node_level': {}, 'link_level': {}, 'path_level': {}}",[],-inf,-inf,True,True,False,0,[],0,0.0,,
42,4,2,210.0,555.0,170007.58440642423,465075.2911335022,0.3783783783783784,0.3655485200946156,6,67,0,1079.0800108394303,9279,4663,4616,0.015205913410770822,0.06255077173030055,38,83.08001083943024,996.0,6,5,False,{},{},{},{},0.0,0.0,0.0,0.0,0.0,0.0,0.0,0.0,0.0,0.0,0.0,0.0,0.0,0.0,Leave Event,0.0,"{'node_level': {}, 'link_level': {}, 'path_level': {}}","{'node_level': {}, 'link_level': {}, 'path_level': {}}","{'node_level': {}, 'link_level': {}, 'path_level': {}}",[],-inf,-inf,True,True,False,0,[],0,0.0,,
43,4,2,210.0,555.0,170007.58440642423,465075.2911335022,0.3783783783783784,0.3655485200946156,6,68,1,1101.0,9279,4663,4616,0.015205913410770822,0.06255077173030055,42,0.37290004082691947,1101.0,9,16,False,"{0: 42, 1: 15}","{(1, 0): []}","{(0, 42): {'cpu': 6}, (1, 15): {'cpu': 13}}",{},0.0,0.0,166.0,83.0,394.0,0.0,0.0,0.0,0.0,0.0,0.0,0.0,0.0,0.0,Route Failure,100.0,"{'node_level': {'cpu': -81}, 'link_level': {'bw': 100.0}, 'path_level': {}}","{'node_level': {0: {'cpu': -87}, 1: {'cpu': -81}}, 'link_level': {(1, 0): {'bw': 100.0}}, 'path_level': {(1, 0): {}}}","{'node_level': {0: {'cpu': 0}, 1: {'cpu': 0}}, 'link_level': {(1, 0): {'bw': 100.0}}, 'path_level': {(1, 0): {}}}",[],100.0,100.0,True,False,False,0,[],0,0.0,2.0,1.0
43,4,2,210.0,555.0,170007.58440642423,465075.2911335022,0.3783783783783784,0.3655485200946156,6,69,0,1101.3729000408268,9279,4663,4616,0.015205913410770822,0.06255077173030055,42,0.37290004082691947,1101.0,9,16,False,{},{},{},{},0.0,0.0,0.0,0.0,0.0,0.0,0.0,0.0,0.0,0.0,0.0,0.0,0.0,0.0,Leave Event,0.0,"{'node_level': {}, 'link_level': {}, 'path_level': {}}","{'node_level': {}, 'link_level': {}, 'path_level': {}}","{'node_level': {}, 'link_level': {}, 'path_level': {}}",[],-inf,-inf,True,True,False,0,[],0,0.0,,
43,4,2,210.0,555.0,170007.58440642423,465075.2911335022,0.3783783783783784,0.3655485200946156,6,70,0,1104.142607805502,9279,4663,4616,0.015205913410770822,0.06255077173030055,36,161.14260780550205,943.0,2,1,False,{},{},{},{},0.0,0.0,0.0,0.0,0.0,0.0,0.0,0.0,0.0,0.0,0.0,0.0,0.0,0.0,Leave Event,0.0,"{'node_level': {}, 'link_level': {}, 'path_level': {}}","{'node_level': {}, 'link_level': {}, 'path_level': {}}","{'node_level': {}, 'link_level': {}, 'path_level': {}}",[],-inf,-inf,True,True,False,0,[],0,0.0,,
43,4,2,210.0,555.0,170007.58440642423,465075.2911335022,0.3783783783783784,0.3655485200946156,6,71,0,1104.2540725017418,9279,4663,4616,0.015205913410770822,0.06255077173030055,33,233.2540725017419,871.0,9,20,False,{},{},{},{},0.0,0.0,0.0,0.0,0.0,0.0,0.0,0.0,0.0,0.0,0.0,0.0,0.0,0.0,Leave Event,0.0,"{'node_level': {}, 'link_level': {}, 'path_level': {}}","{'node_level': {}, 'link_level': {}, 'path_level': {}}","{'node_level': {}, 'link_level': {}, 'path_level': {}}",[],-inf,-inf,True,True,False,0,[],0,0.0,,
44,4,2,210.0,555.0,170007.58440642423,465075.2911335022,0.3783783783783784,0.3655485200946156,6,72,1,1122.0,9279,4663,4616,0.015205913410770822,0.06255077173030055,43,15.39012462122309,1122.0,7,10,False,"{0: 15, 1: 59, 2: 35}","{(2, 0): []}","{(0, 15): {'cpu': 7}, (1, 59): {'cpu': 0}, (2, 35): {'cpu': 4}}",{},0.0,0.0,102.0,51.0,268.0,0.0,0.0,0.0,0.0,0.0,0.0,0.0,0.0,0.0,Route Failure,100.0,"{'node_level': {'cpu': -89}, 'link_level': {'bw': 100.0}, 'path_level': {}}","{'node_level': {0: {'cpu': -87}, 1: {'cpu': -93}, 2: {'cpu': -89}}, 'link_level': {(2, 0): {'bw': 100.0}}, 'path_level': {(2, 0): {}}}","{'node_level': {0: {'cpu': 0}, 1: {'cpu': 0}, 2: {'cpu': 0}}, 'link_level': {(2, 0): {'bw': 100.0}}, 'path_level': {(2, 0): {}}}",[],100.0,100.0,True,False,False,0,[],0,0.0,3.0,1.0
44,4,2,210.0,555.0,170007.58440642423,465075.2911335022,0.3783783783783784,0.3655485200946156,6,73,0,1137.390124621223,9279,4663,4616,0.015205913410770822,0.06255077173030055,43,15.39012462122309,1122.0,7,10,False,{},{},{},{},0.0,0.0,0.0,0.0,0.0,0.0,0.0,0.0,0.0,0.0,0.0,0.0,0.0,0.0,Leave Event,0.0,"{'node_level': {}, 'link_level': {}, 'path_level': {}}","{'node_level': {}, 'link_level': {}, 'path_level': {}}","{'node_level': {}, 'link_level': {}, 'path_level': {}}",[],-inf,-inf,True,True,False,0,[],0,0.0,,
44,4,2,210.0,555.0,170007.58440642423,465075.2911335022,0.3783783783783784,0.3655485200946156,6,74,0,1146.3613226525574,9279,4663,4616,0.015205913410770822,0.06255077173030055,30,344.36132265255736,802.0,3,2,False,{},{},{},{},0.0,0.0,0.0,0.0,0.0,0.0,0.0,0.0,0.0,0.0,0.0,0.0,0.0,0.0,Leave Event,0.0,"{'node_level': {}, 'link_level': {}, 'path_level': {}}","{'node_level': {}, 'link_level': {}, 'path_level': {}}","{'node_level': {}, 'link_level': {}, 'path_level': {}}",[],-inf,-inf,True,True,False,0,[],0,0.0,,
45,4,2,210.0,555.0,170007.58440642423,465075.2911335022,0.3783783783783784,0.3655485200946156,6,75,1,1147.0,9279,4663,4616,0.015205913410770822,0.06255077173030055,44,309.52860224275247,1147.0,3,2,False,"{0: 53, 1: 55, 2: 0}","{(1, 0): [(55, 23), (23, 11), (11, 5), (5, 2), (2, 0), (0, 1), (1, 4), (4, 10), (10, 21), (21, 53)], (2, 0): []}","{(0, 53): {'cpu': 10}, (1, 55): {'cpu': 14}, (2, 0): {'cpu': 18}}","{((1, 0), (55, 23)): {'bw': 16}, ((1, 0), (23, 11)): {'bw': 16}, ((1, 0), (11, 5)): {'bw': 16}, ((1, 0), (5, 2)): {'bw': 16}, ((1, 0), (2, 0)): {'bw': 16}, ((1, 0), (0, 1)): {'bw': 16}, ((1, 0), (1, 4)): {'bw': 16}, ((1, 0), (4, 10)): {'bw': 16}, ((1, 0), (10, 21)): {'bw': 16}, ((1, 0), (21, 53)): {'bw': 16}}",0.0,0.0,84.0,42.0,49.0,0.0,0.0,0.0,0.0,0.0,0.0,0.0,0.0,0.0,Route Failure,100.0,"{'node_level': {'cpu': -42}, 'link_level': {'bw': 100.0}, 'path_level': {}}","{'node_level': {0: {'cpu': -86}, 1: {'cpu': -85}, 2: {'cpu': -42}}, 'link_level': {(1, 0): {'bw': 0}, (2, 0): {'bw': 100.0}}, 'path_level': {(1, 0): {}, (2, 0): {}}}","{'node_level': {0: {'cpu': 0}, 1: {'cpu': 0}, 2: {'cpu': 0}}, 'link_level': {(1, 0): {'bw': 0}, (2, 0): {'bw': 100.0}}, 'path_level': {(1, 0): {}, (2, 0): {}}}",[],100.0,100.0,True,False,False,0,[],0,0.0,3.0,2.0
45,4,2,210.0,555.0,170007.58440642423,465075.2911335022,0.3783783783783784,0.3655485200946156,6,76,0,1148.365340773687,9279,4663,4616,0.015205913410770822,0.06255077173030055,39,126.365340773687,1022.0,7,9,False,{},{},{},{},0.0,0.0,0.0,0.0,0.0,0.0,0.0,0.0,0.0,0.0,0.0,0.0,0.0,0.0,Leave Event,0.0,"{'node_level': {}, 'link_level': {}, 'path_level': {}}","{'node_level': {}, 'link_level': {}, 'path_level': {}}","{'node_level': {}, 'link_level': {}, 'path_level': {}}",[],-inf,-inf,True,True,False,0,[],0,0.0,,
45,4,2,210.0,555.0,170007.58440642423,465075.2911335022,0.3783783783783784,0.3655485200946156,6,77,0,1167.0472056090825,9279,4663,4616,0.015205913410770822,0.06255077173030055,9,918.0472056090825,249.0,8,16,False,{},{},{},{},0.0,0.0,0.0,0.0,0.0,0.0,0.0,0.0,0.0,0.0,0.0,0.0,0.0,0.0,Leave Event,0.0,"{'node_level': {}, 'link_level': {}, 'path_level': {}}","{'node_level': {}, 'link_level': {}, 'path_level': {}}","{'node_level': {}, 'link_level': {}, 'path_level': {}}",[],-inf,-inf,True,True,False,0,[],0,0.0,,
46,4,2,210.0,555.0,170007.58440642423,465075.2911335022,0.3783783783783784,0.3655485200946156,6,78,1,1178.0,9279,4663,4616,0.015205913410770822,0.06255077173030055,45,88.67935696800375,1178.0,3,2,False,"{0: 55, 1: 53}","{(1, 0): []}","{(0, 55): {'cpu': 15}, (1, 53): {'cpu': 12}}",{},0.0,0.0,56.0,28.0,40.0,0.0,0.0,0.0,0.0,0.0,0.0,0.0,0.0,0.0,Route Failure,100.0,"{'node_level': {'cpu': -84}, 'link_level': {'bw': 100.0}, 'path_level': {}}","{'node_level': {0: {'cpu': -84}, 1: {'cpu': -84}}, 'link_level': {(1, 0): {'bw': 100.0}}, 'path_level': {(1, 0): {}}}","{'node_level': {0: {'cpu': 0}, 1: {'cpu': 0}}, 'link_level': {(1, 0): {'bw': 100.0}}, 'path_level': {(1, 0): {}}}",[],100.0,100.0,True,False,False,0,[],0,0.0,2.0,1.0
46,4,2,210.0,555.0,170007.58440642423,465075.2911335022,0.3783783783783784,0.3655485200946156,6,79,0,1186.1816006246763,9279,4663,4616,0.015205913410770822,0.06255077173030055,40,139.18160062467638,1047.0,10,21,False,{},{},{},{},0.0,0.0,0.0,0.0,0.0,0.0,0.0,0.0,0.0,0.0,0.0,0.0,0.0,0.0,Leave Event,0.0,"{'node_level': {}, 'link_level': {}, 'path_level': {}}","{'node_level': {}, 'link_level': {}, 'path_level': {}}","{'node_level': {}, 'link_level': {}, 'path_level': {}}",[],-inf,-inf,True,True,False,0,[],0,0.0,,
47,4,2,210.0,555.0,170007.58440642423,465075.2911335022,0.3783783783783784,0.3655485200946156,6,80,1,1204.0,9279,4663,4616,0.015205913410770822,0.06255077173030055,46,568.9393153175097,1204.0,3,2,False,"{0: 55, 1: 53, 2: 0}","{(1, 0): [(53, 21), (21, 10), (10, 4), (4, 1), (1, 0), (0, 2), (2, 5), (5, 11), (11, 23), (23, 55)], (2, 1): []}","{(0, 55): {'cpu': 16}, (1, 53): {'cpu': 7}, (2, 0): {'cpu': 0}}","{((1, 0), (53, 21)): {'bw': 10}, ((1, 0), (21, 10)): {'bw': 10}, ((1, 0), (10, 4)): {'bw': 10}, ((1, 0), (4, 1)): {'bw': 10}, ((1, 0), (1, 0)): {'bw': 10}, ((1, 0), (0, 2)): {'bw': 10}, ((1, 0), (2, 5)): {'bw': 10}, ((1, 0), (5, 11)): {'bw': 10}, ((1, 0), (11, 23)): {'bw': 10}, ((1, 0), (23, 55)): {'bw': 10}}",0.0,0.0,46.0,23.0,59.0,0.0,0.0,0.0,0.0,0.0,0.0,0.0,0.0,0.0,Route Failure,100.0,"{'node_level': {'cpu': -60}, 'link_level': {'bw': 100.0}, 'path_level': {}}","{'node_level': {0: {'cpu': -83}, 1: {'cpu': -89}, 2: {'cpu': -60}}, 'link_level': {(1, 0): {'bw': -6}, (2, 1): {'bw': 100.0}}, 'path_level': {(1, 0): {}, (2, 1): {}}}","{'node_level': {0: {'cpu': 0}, 1: {'cpu': 0}, 2: {'cpu': 0}}, 'link_level': {(1, 0): {'bw': 0}, (2, 1): {'bw': 100.0}}, 'path_level': {(1, 0): {}, (2, 1): {}}}",[],100.0,100.0,True,False,False,0,[],0,0.0,3.0,2.0
48,4,2,210.0,555.0,170007.58440642423,465075.2911335022,0.3783783783783784,0.3655485200946156,6,81,1,1222.0,9279,4663,4616,0.015205913410770822,0.06255077173030055,47,792.8718921955302,1222.0,7,11,False,"{0: 29, 1: 35, 2: 15, 3: 53}","{(2, 0): [(15, 7), (7, 3), (3, 1), (1, 0), (0, 2), (2, 6), (6, 14), (14, 29)], (3, 0): []}","{(0, 29): {'cpu': 16}, (1, 35): {'cpu': 4}, (2, 15): {'cpu': 5}, (3, 53): {'cpu': 13}}","{((2, 0), (15, 7)): {'bw': 11}, ((2, 0), (7, 3)): {'bw': 11}, ((2, 0), (3, 1)): {'bw': 11}, ((2, 0), (1, 0)): {'bw': 11}, ((2, 0), (0, 2)): {'bw': 11}, ((2, 0), (2, 6)): {'bw': 11}, ((2, 0), (6, 14)): {'bw': 11}, ((2, 0), (14, 29)): {'bw': 11}}",0.0,0.0,116.0,58.0,189.0,0.0,0.0,0.0,0.0,0.0,0.0,0.0,0.0,0.0,Route Failure,100.0,"{'node_level': {'cpu': -83}, 'link_level': {'bw': 100.0}, 'path_level': {}}","{'node_level': {0: {'cpu': -80}, 1: {'cpu': -89}, 2: {'cpu': -89}, 3: {'cpu': -83}}, 'link_level': {(2, 0): {'bw': -31}, (3, 0): {'bw': 100.0}}, 'path_level': {(2, 0): {}, (3, 0): {}}}","{'node_level': {0: {'cpu': 0}, 1: {'cpu': 0}, 2: {'cpu': 0}, 3: {'cpu': 0}}, 'link_level': {(2, 0): {'bw': 0}, (3, 0): {'bw': 100.0}}, 'path_level': {(2, 0): {}, (3, 0): {}}}",[],100.0,100.0,True,False,False,0,[],0,0.0,4.0,2.0
48,4,2,210.0,555.0,170007.58440642423,465075.2911335022,0.3783783783783784,0.3655485200946156,6,82,0,1255.7086676276142,9279,4663,4616,0.015205913410770822,0.06255077173030055,31,437.70866762761415,818.0,7,11,False,{},{},{},{},0.0,0.0,0.0,0.0,0.0,0.0,0.0,0.0,0.0,0.0,0.0,0.0,0.0,0.0,Leave Event,0.0,"{'node_level': {}, 'link_level': {}, 'path_level': {}}","{'node_level': {}, 'link_level': {}, 'path_level': {}}","{'node_level': {}, 'link_level': {}, 'path_level': {}}",[],-inf,-inf,True,True,False,0,[],0,0.0,,
49,4,2,210.0,555.0,170007.58440642423,465075.2911335022,0.3783783783783784,0.3655485200946156,6,83,1,1256.0,9279,4663,4616,0.015205913410770822,0.06255077173030055,48,431.5685729522655,1256.0,7,10,False,"{0: 42, 1: 29, 2: 35}","{(1, 0): [(29, 14), (14, 6), (6, 2), (2, 5), (5, 12), (12, 26), (26, 42)], (2, 0): []}","{(0, 42): {'cpu': 1}, (1, 29): {'cpu': 18}, (2, 35): {'cpu': 5}}","{((1, 0), (29, 14)): {'bw': 16}, ((1, 0), (14, 6)): {'bw': 16}, ((1, 0), (6, 2)): {'bw': 16}, ((1, 0), (2, 5)): {'bw': 16}, ((1, 0), (5, 12)): {'bw': 16}, ((1, 0), (12, 26)): {'bw': 16}, ((1, 0), (26, 42)): {'bw': 16}}",0.0,0.0,114.0,57.0,147.0,0.0,0.0,0.0,0.0,0.0,0.0,0.0,0.0,0.0,Route Failure,100.0,"{'node_level': {'cpu': -88}, 'link_level': {'bw': 100.0}, 'path_level': {}}","{'node_level': {0: {'cpu': -92}, 1: {'cpu': -78}, 2: {'cpu': -88}}, 'link_level': {(1, 0): {'bw': -40}, (2, 0): {'bw': 100.0}}, 'path_level': {(1, 0): {}, (2, 0): {}}}","{'node_level': {0: {'cpu': 0}, 1: {'cpu': 0}, 2: {'cpu': 0}}, 'link_level': {(1, 0): {'bw': 0}, (2, 0): {'bw': 100.0}}, 'path_level': {(1, 0): {}, (2, 0): {}}}",[],100.0,100.0,True,False,False,0,[],0,0.0,3.0,2.0
49,4,2,210.0,555.0,170007.58440642423,465075.2911335022,0.3783783783783784,0.3655485200946156,6,84,0,1266.6793569680037,9279,4663,4616,0.015205913410770822,0.06255077173030055,45,88.67935696800375,1178.0,3,2,False,{},{},{},{},0.0,0.0,0.0,0.0,0.0,0.0,0.0,0.0,0.0,0.0,0.0,0.0,0.0,0.0,Leave Event,0.0,"{'node_level': {}, 'link_level': {}, 'path_level': {}}","{'node_level': {}, 'link_level': {}, 'path_level': {}}","{'node_level': {}, 'link_level': {}, 'path_level': {}}",[],-inf,-inf,True,True,False,0,[],0,0.0,,
50,4,2,210.0,555.0,170007.58440642423,465075.2911335022,0.3783783783783784,0.3655485200946156,6,85,1,1279.0,9279,4663,4616,0.015205913410770822,0.06255077173030055,49,593.3366162317749,1279.0,9,22,False,"{0: 32, 1: 59, 2: 15, 3: 42}","{(2, 0): [(15, 7), (7, 16), (16, 32)], (2, 1): [(15, 7), (7, 3), (3, 1), (1, 0), (0, 2), (2, 6), (6, 13), (13, 27), (27, 59)], (3, 0): []}","{(0, 32): {'cpu': 2}, (1, 59): {'cpu': 3}, (2, 15): {'cpu': 12}, (3, 42): {'cpu': 4}}","{((2, 0), (15, 7)): {'bw': 7}, ((2, 0), (7, 16)): {'bw': 7}, ((2, 0), (16, 32)): {'bw': 7}, ((2, 1), (15, 7)): {'bw': 31}, ((2, 1), (7, 3)): {'bw': 31}, ((2, 1), (3, 1)): {'bw': 31}, ((2, 1), (1, 0)): {'bw': 31}, ((2, 1), (0, 2)): {'bw': 31}, ((2, 1), (2, 6)): {'bw': 31}, ((2, 1), (6, 13)): {'bw': 31}, ((2, 1), (13, 27)): {'bw': 31}, ((2, 1), (27, 59)): {'bw': 31}}",0.0,0.0,178.0,89.0,527.0,0.0,0.0,0.0,0.0,0.0,0.0,0.0,0.0,0.0,Route Failure,100.0,"{'node_level': {'cpu': -89}, 'link_level': {'bw': 100.0}, 'path_level': {}}","{'node_level': {0: {'cpu': -90}, 1: {'cpu': -90}, 2: {'cpu': -82}, 3: {'cpu': -89}}, 'link_level': {(2, 0): {'bw': -72}, (2, 1): {'bw': -11}, (3, 0): {'bw': 100.0}}, 'path_level': {(2, 0): {}, (2, 1): {}, (3, 0): {}}}","{'node_level': {0: {'cpu': 0}, 1: {'cpu': 0}, 2: {'cpu': 0}, 3: {'cpu': 0}}, 'link_level': {(2, 0): {'bw': 0}, (2, 1): {'bw': 0}, (3, 0): {'bw': 100.0}}, 'path_level': {(2, 0): {}, (2, 1): {}, (3, 0): {}}}",[],100.0,100.0,True,False,False,0,[],0,0.0,4.0,3.0
51,4,2,210.0,555.0,170007.58440642423,465075.2911335022,0.3783783783783784,0.3655485200946156,6,86,1,1312.0,9279,4663,4616,0.015205913410770822,0.06255077173030055,50,247.93403698341325,1312.0,6,6,False,"{0: 53, 1: 15, 2: 8, 3: 0, 4: 29, 5: 55}","{(2, 1): [(8, 3), (3, 7), (7, 15)], (4, 0): [(29, 14), (14, 6), (6, 2), (2, 0), (0, 1), (1, 4), (4, 10), (10, 21), (21, 53)], (4, 3): [(29, 14), (14, 6), (6, 2), (2, 0)], (5, 0): []}","{(0, 53): {'cpu': 10}, (1, 15): {'cpu': 8}, (2, 8): {'cpu': 1}, (3, 0): {'cpu': 4}, (4, 29): {'cpu': 9}, (5, 55): {'cpu': 15}}","{((2, 1), (8, 3)): {'bw': 36}, ((2, 1), (3, 7)): {'bw': 36}, ((2, 1), (7, 15)): {'bw': 36}, ((4, 0), (29, 14)): {'bw': 0}, ((4, 0), (14, 6)): {'bw': 0}, ((4, 0), (6, 2)): {'bw': 0}, ((4, 0), (2, 0)): {'bw': 0}, ((4, 0), (0, 1)): {'bw': 0}, ((4, 0), (1, 4)): {'bw': 0}, ((4, 0), (4, 10)): {'bw': 0}, ((4, 0), (10, 21)): {'bw': 0}, ((4, 0), (21, 53)): {'bw': 0}, ((4, 3), (29, 14)): {'bw': 13}, ((4, 3), (14, 6)): {'bw': 13}, ((4, 3), (6, 2)): {'bw': 13}, ((4, 3), (2, 0)): {'bw': 13}}",0.0,0.0,94.0,47.0,113.0,0.0,0.0,0.0,0.0,0.0,0.0,0.0,0.0,0.0,Route Failure,100.0,"{'node_level': {'cpu': -84}, 'link_level': {'bw': 100.0}, 'path_level': {}}","{'node_level': {0: {'cpu': -86}, 1: {'cpu': -86}, 2: {'cpu': -92}, 3: {'cpu': -56}, 4: {'cpu': -87}, 5: {'cpu': -84}}, 'link_level': {(2, 1): {'bw': -25}, (4, 0): {'bw': -16}, (4, 3): {'bw': -29}, (5, 0): {'bw': 100.0}}, 'path_level': {(2, 1): {}, (4, 0): {}, (4, 3): {}, (5, 0): {}}}","{'node_level': {0: {'cpu': 0}, 1: {'cpu': 0}, 2: {'cpu': 0}, 3: {'cpu': 0}, 4: {'cpu': 0}, 5: {'cpu': 0}}, 'link_level': {(2, 1): {'bw': 0}, (4, 0): {'bw': 0}, (4, 3): {'bw': 0}, (5, 0): {'bw': 100.0}}, 'path_level': {(2, 1): {}, (4, 0): {}, (4, 3): {}, (5, 0): {}}}",[],100.0,100.0,True,False,False,0,[],0,0.0,6.0,4.0
51,4,2,210.0,555.0,170007.58440642423,465075.2911335022,0.3783783783783784,0.3655485200946156,6,87,0,1325.4670493957474,9279,4663,4616,0.015205913410770822,0.06255077173030055,32,484.4670493957473,841.0,6,5,False,{},{},{},{},0.0,0.0,0.0,0.0,0.0,0.0,0.0,0.0,0.0,0.0,0.0,0.0,0.0,0.0,Leave Event,0.0,"{'node_level': {}, 'link_level': {}, 'path_level': {}}","{'node_level': {}, 'link_level': {}, 'path_level': {}}","{'node_level': {}, 'link_level': {}, 'path_level': {}}",[],-inf,-inf,True,True,False,0,[],0,0.0,,
52,5,3,307.0,777.0,172306.58824792888,470336.92879137886,0.39510939510939513,0.36634713904073785,9,88,1,1345.0,9057,4603,4454,0.027877507919746525,0.09545085296506906,51,23.70107053097601,1345.0,5,4,True,"{0: 29, 1: 53, 2: 55, 3: 15, 4: 8}","{(1, 0): [(53, 21), (21, 10), (10, 4), (4, 1), (1, 0), (0, 2), (2, 6), (6, 14), (14, 29)], (4, 0): [(8, 3), (3, 1), (1, 0), (0, 2), (2, 6), (6, 14), (14, 29)], (4, 2): [(8, 3), (3, 1), (1, 0), (0, 2), (2, 5), (5, 11), (11, 23), (23, 55)], (4, 3): [(8, 3), (3, 7), (7, 15)]}","{(0, 29): {'cpu': 11}, (1, 53): {'cpu': 15}, (2, 55): {'cpu': 19}, (3, 15): {'cpu': 8}, (4, 8): {'cpu': 7}}","{((1, 0), (53, 21)): {'bw': 4}, ((1, 0), (21, 10)): {'bw': 4}, ((1, 0), (10, 4)): {'bw': 4}, ((1, 0), (4, 1)): {'bw': 4}, ((1, 0), (1, 0)): {'bw': 4}, ((1, 0), (0, 2)): {'bw': 4}, ((1, 0), (2, 6)): {'bw': 4}, ((1, 0), (6, 14)): {'bw': 4}, ((1, 0), (14, 29)): {'bw': 4}, ((4, 0), (8, 3)): {'bw': 3}, ((4, 0), (3, 1)): {'bw': 3}, ((4, 0), (1, 0)): {'bw': 3}, ((4, 0), (0, 2)): {'bw': 3}, ((4, 0), (2, 6)): {'bw': 3}, ((4, 0), (6, 14)): {'bw': 3}, ((4, 0), (14, 29)): {'bw': 3}, ((4, 2), (8, 3)): {'bw': 3}, ((4, 2), (3, 1)): {'bw': 3}, ((4, 2), (1, 0)): {'bw': 3}, ((4, 2), (0, 2)): {'bw': 3}, ((4, 2), (2, 5)): {'bw': 3}, ((4, 2), (5, 11)): {'bw': 3}, ((4, 2), (11, 23)): {'bw': 3}, ((4, 2), (23, 55)): {'bw': 3}, ((4, 3), (8, 3)): {'bw': 27}, ((4, 3), (3, 7)): {'bw': 27}, ((4, 3), (7, 15)): {'bw': 27}}",222.0,97.0,120.0,60.0,37.0,60.0,37.0,60.0,162.0,125.0,0.4369369369369369,5261.637657876675,2299.003841504673,10.35587315993096,Success,0.0,"{'node_level': {'cpu': -86}, 'link_level': {'bw': -32}, 'path_level': {}}","{'node_level': {0: {'cpu': -85}, 1: {'cpu': -81}, 2: {'cpu': -80}, 3: {'cpu': -86}, 4: {'cpu': -86}}, 'link_level': {(1, 0): {'bw': -12}, (4, 0): {'bw': -35}, (4, 2): {'bw': -32}, (4, 3): {'bw': -34}}, 'path_level': {(1, 0): {}, (4, 0): {}, (4, 2): {}, (4, 3): {}}}","{'node_level': {0: {'cpu': 0}, 1: {'cpu': 0}, 2: {'cpu': 0}, 3: {'cpu': 0}, 4: {'cpu': 0}}, 'link_level': {(1, 0): {'bw': 0}, (4, 0): {'bw': 0}, (4, 2): {'bw': 0}, (4, 3): {'bw': 0}}, 'path_level': {(1, 0): {}, (4, 0): {}, (4, 2): {}, (4, 3): {}}}",[],-32.0,0.0,True,True,False,0,[],0,0.0,5.0,4.0
52,5,2,307.0,777.0,172306.58824792888,470336.92879137886,0.39510939510939513,0.36634713904073785,9,89,0,1359.0490146845523,9291,4649,4642,0.018162618796198515,0.05727051177904141,18,883.0490146845523,476.0,3,2,False,{},{},{},{},0.0,0.0,0.0,0.0,0.0,0.0,0.0,0.0,0.0,0.0,0.0,0.0,0.0,0.0,Leave Event,0.0,"{'node_level': {}, 'link_level': {}, 'path_level': {}}","{'node_level': {}, 'link_level': {}, 'path_level': {}}","{'node_level': {}, 'link_level': {}, 'path_level': {}}",[],-inf,-inf,True,True,False,0,[],0,0.0,,
52,5,1,307.0,777.0,172306.58824792888,470336.92879137886,0.39510939510939513,0.36634713904073785,9,90,0,1368.701070530976,9513,4709,4804,0.005491024287222812,0.024370430544272903,51,23.70107053097601,1345.0,5,4,False,{},{},{},{},0.0,0.0,0.0,0.0,0.0,0.0,0.0,0.0,0.0,0.0,0.0,0.0,0.0,0.0,Leave Event,0.0,"{'node_level': {}, 'link_level': {}, 'path_level': {}}","{'node_level': {}, 'link_level': {}, 'path_level': {}}","{'node_level': {}, 'link_level': {}, 'path_level': {}}",[],-inf,-inf,True,True,False,0,[],0,0.0,,
53,6,2,322.0,810.0,176647.4836301286,479886.89863221825,0.39753086419753086,0.3681023260556024,9,91,1,1370.0,9480,4696,4784,0.008236536430834218,0.02843216896831846,52,289.3930254799823,1370.0,2,1,True,"{0: 55, 1: 38}","{(1, 0): [(38, 22), (22, 10), (10, 4), (4, 1), (1, 0), (0, 2), (2, 5), (5, 11), (11, 23), (23, 55)]}","{(0, 55): {'cpu': 8}, (1, 38): {'cpu': 5}}","{((1, 0), (38, 22)): {'bw': 2}, ((1, 0), (22, 10)): {'bw': 2}, ((1, 0), (10, 4)): {'bw': 2}, ((1, 0), (4, 1)): {'bw': 2}, ((1, 0), (1, 0)): {'bw': 2}, ((1, 0), (0, 2)): {'bw': 2}, ((1, 0), (2, 5)): {'bw': 2}, ((1, 0), (5, 11)): {'bw': 2}, ((1, 0), (11, 23)): {'bw': 2}, ((1, 0), (23, 55)): {'bw': 2}}",33.0,15.0,26.0,13.0,2.0,13.0,2.0,13.0,20.0,18.0,0.45454545454545453,9549.969840839416,4340.895382199735,131.54228430908287,Success,0.0,"{'node_level': {'cpu': -93}, 'link_level': {'bw': -40}, 'path_level': {}}","{'node_level': {0: {'cpu': -91}, 1: {'cpu': -93}}, 'link_level': {(1, 0): {'bw': -40}}, 'path_level': {(1, 0): {}}}","{'node_level': {0: {'cpu': 0}, 1: {'cpu': 0}}, 'link_level': {(1, 0): {'bw': 0}}, 'path_level': {(1, 0): {}}}",[],-40.0,0.0,True,True,False,0,[],0,0.0,2.0,1.0
53,6,2,322.0,810.0,176647.4836301286,479886.89863221825,0.39753086419753086,0.3681023260556024,9,92,0,1377.1323797488303,9480,4696,4784,0.008236536430834218,0.02843216896831846,34,482.1323797488302,895.0,8,17,False,{},{},{},{},0.0,0.0,0.0,0.0,0.0,0.0,0.0,0.0,0.0,0.0,0.0,0.0,0.0,0.0,Leave Event,0.0,"{'node_level': {}, 'link_level': {}, 'path_level': {}}","{'node_level': {}, 'link_level': {}, 'path_level': {}}","{'node_level': {}, 'link_level': {}, 'path_level': {}}",[],-inf,-inf,True,True,False,0,[],0,0.0,,
54,7,3,344.0,865.0,181764.50502335269,492679.45211527846,0.3976878612716763,0.3689305576738827,9,93,1,1389.0,9425,4685,4740,0.010559662090813049,0.037367993501218555,53,232.59188151018515,1389.0,2,1,True,"{0: 29, 1: 0}","{(1, 0): [(0, 2), (2, 6), (6, 14), (14, 29)]}","{(0, 29): {'cpu': 1}, (1, 0): {'cpu': 10}}","{((1, 0), (0, 2)): {'bw': 11}, ((1, 0), (2, 6)): {'bw': 11}, ((1, 0), (6, 14)): {'bw': 11}, ((1, 0), (14, 29)): {'bw': 11}}",55.0,22.0,22.0,11.0,11.0,11.0,11.0,11.0,44.0,33.0,0.4,12792.553483060183,5117.021393224073,93.03675260407407,Success,0.0,"{'node_level': {'cpu': -62}, 'link_level': {'bw': -29}, 'path_level': {}}","{'node_level': {0: {'cpu': -95}, 1: {'cpu': -62}}, 'link_level': {(1, 0): {'bw': -29}}, 'path_level': {(1, 0): {}}}","{'node_level': {0: {'cpu': 0}, 1: {'cpu': 0}}, 'link_level': {(1, 0): {'bw': 0}}, 'path_level': {(1, 0): {}}}",[],-29.0,0.0,True,True,False,0,[],0,0.0,2.0,1.0
54,7,3,344.0,865.0,181764.50502335269,492679.45211527846,0.3976878612716763,0.3689305576738827,9,94,0,1396.489712633899,9425,4685,4740,0.010559662090813049,0.037367993501218555,41,326.48971263389893,1070.0,10,27,False,{},{},{},{},0.0,0.0,0.0,0.0,0.0,0.0,0.0,0.0,0.0,0.0,0.0,0.0,0.0,0.0,Leave Event,0.0,"{'node_level': {}, 'link_level': {}, 'path_level': {}}","{'node_level': {}, 'link_level': {}, 'path_level': {}}","{'node_level': {}, 'link_level': {}, 'path_level': {}}",[],-inf,-inf,True,True,False,0,[],0,0.0,,
55,8,4,382.0,1023.0,199032.21350572127,564476.7663314426,0.3734115347018573,0.3525959355231566,9,95,1,1404.0,9267,4662,4605,0.01541710665258711,0.06478472786352563,54,454.413381114963,1404.0,2,1,True,"{0: 53, 1: 29}","{(1, 0): [(29, 14), (14, 6), (6, 2), (2, 0), (0, 1), (1, 4), (4, 10), (10, 21), (21, 53)]}","{(0, 53): {'cpu': 17}, (1, 29): {'cpu': 6}}","{((1, 0), (29, 14)): {'bw': 15}, ((1, 0), (14, 6)): {'bw': 15}, ((1, 0), (6, 2)): {'bw': 15}, ((1, 0), (2, 0)): {'bw': 15}, ((1, 0), (0, 1)): {'bw': 15}, ((1, 0), (1, 4)): {'bw': 15}, ((1, 0), (4, 10)): {'bw': 15}, ((1, 0), (10, 21)): {'bw': 15}, ((1, 0), (21, 53)): {'bw': 15}}",158.0,38.0,46.0,23.0,15.0,23.0,15.0,23.0,135.0,120.0,0.24050632911392406,71797.31421616416,17267.708482368595,109.28929419220628,Success,0.0,"{'node_level': {'cpu': -89}, 'link_level': {'bw': -14}, 'path_level': {}}","{'node_level': {0: {'cpu': -79}, 1: {'cpu': -89}}, 'link_level': {(1, 0): {'bw': -14}}, 'path_level': {(1, 0): {}}}","{'node_level': {0: {'cpu': 0}, 1: {'cpu': 0}}, 'link_level': {(1, 0): {'bw': 0}}, 'path_level': {(1, 0): {}}}",[],-14.0,0.0,True,True,False,0,[],0,0.0,2.0,1.0
56,9,5,447.0,1382.0,203716.18923780095,590346.7246055441,0.32344428364688854,0.3450788845723153,10,96,1,1422.0,8908,4646,4262,0.018796198521647267,0.1344435418359058,55,72.0611651089179,1422.0,2,1,True,"{0: 15, 1: 35}","{(1, 0): [(35, 19), (19, 9), (9, 4), (4, 1), (1, 3), (3, 7), (7, 15)]}","{(0, 15): {'cpu': 15}, (1, 35): {'cpu': 1}}","{((1, 0), (35, 19)): {'bw': 49}, ((1, 0), (19, 9)): {'bw': 49}, ((1, 0), (9, 4)): {'bw': 49}, ((1, 0), (4, 1)): {'bw': 49}, ((1, 0), (1, 3)): {'bw': 49}, ((1, 0), (3, 7)): {'bw': 49}, ((1, 0), (7, 15)): {'bw': 49}}",359.0,65.0,32.0,16.0,49.0,16.0,49.0,16.0,343.0,294.0,0.181058495821727,25869.95827410153,4683.975732079663,13.047286161781793,Success,0.0,"{'node_level': {'cpu': -92}, 'link_level': {'bw': 0}, 'path_level': {}}","{'node_level': {0: {'cpu': -79}, 1: {'cpu': -92}}, 'link_level': {(1, 0): {'bw': 0}}, 'path_level': {(1, 0): {}}}","{'node_level': {0: {'cpu': 0}, 1: {'cpu': 0}}, 'link_level': {(1, 0): {'bw': 0}}, 'path_level': {(1, 0): {}}}",[],0.0,0.0,True,True,False,0,[],0,0.0,2.0,1.0
57,9,5,447.0,1382.0,203716.18923780095,590346.7246055441,0.32344428364688854,0.3450788845723153,10,97,1,1451.0,8908,4646,4262,0.018796198521647267,0.1344435418359058,56,129.1994513276463,1451.0,4,3,False,"{0: 8, 1: 42, 2: 0, 3: 1}","{(3, 0): []}","{(0, 8): {'cpu': 2}, (1, 42): {'cpu': 11}, (2, 0): {'cpu': 11}, (3, 1): {'cpu': 17}}",{},0.0,0.0,82.0,41.0,91.0,0.0,0.0,0.0,0.0,0.0,0.0,0.0,0.0,0.0,Route Failure,100.0,"{'node_level': {'cpu': -57}, 'link_level': {'bw': 100.0}, 'path_level': {}}","{'node_level': {0: {'cpu': -91}, 1: {'cpu': -82}, 2: {'cpu': -51}, 3: {'cpu': -57}}, 'link_level': {(3, 0): {'bw': 100.0}}, 'path_level': {(3, 0): {}}}","{'node_level': {0: {'cpu': 0}, 1: {'cpu': 0}, 2: {'cpu': 0}, 3: {'cpu': 0}}, 'link_level': {(3, 0): {'bw': 100.0}}, 'path_level': {(3, 0): {}}}",[],100.0,100.0,True,False,False,0,[],0,0.0,4.0,1.0
57,9,5,447.0,1382.0,203716.18923780095,590346.7246055441,0.32344428364688854,0.3450788845723153,10,98,0,1456.5286022427524,8908,4646,4262,0.018796198521647267,0.1344435418359058,44,309.52860224275247,1147.0,3,2,False,{},{},{},{},0.0,0.0,0.0,0.0,0.0,0.0,0.0,0.0,0.0,0.0,0.0,0.0,0.0,0.0,Leave Event,0.0,"{'node_level': {}, 'link_level': {}, 'path_level': {}}","{'node_level': {}, 'link_level': {}, 'path_level': {}}","{'node_level': {}, 'link_level': {}, 'path_level': {}}",[],-inf,-inf,True,True,False,0,[],0,0.0,,
58,9,5,447.0,1382.0,203716.18923780095,590346.7246055441,0.32344428364688854,0.3450788845723153,10,99,1,1480.0,8908,4646,4262,0.018796198521647267,0.1344435418359058,57,843.1120090598189,1480.0,4,4,False,"{0: 38, 1: 59}","{(1, 0): []}","{(0, 38): {'cpu': 0}, (1, 59): {'cpu': 3}}",{},0.0,0.0,38.0,19.0,105.0,0.0,0.0,0.0,0.0,0.0,0.0,0.0,0.0,0.0,Route Failure,100.0,"{'node_level': {'cpu': -90}, 'link_level': {'bw': 100.0}, 'path_level': {}}","{'node_level': {0: {'cpu': -93}, 1: {'cpu': -90}}, 'link_level': {(1, 0): {'bw': 100.0}}, 'path_level': {(1, 0): {}}}","{'node_level': {0: {'cpu': 0}, 1: {'cpu': 0}}, 'link_level': {(1, 0): {'bw': 100.0}}, 'path_level': {(1, 0): {}}}",[],100.0,100.0,True,False,False,0,[],0,0.0,2.0,1.0
58,9,4,447.0,1382.0,203716.18923780095,590346.7246055441,0.32344428364688854,0.3450788845723153,10,100,0,1494.061165108918,9267,4662,4605,0.01541710665258711,0.06478472786352563,55,72.0611651089179,1422.0,2,1,False,{},{},{},{},0.0,0.0,0.0,0.0,0.0,0.0,0.0,0.0,0.0,0.0,0.0,0.0,0.0,0.0,Leave Event,0.0,"{'node_level': {}, 'link_level': {}, 'path_level': {}}","{'node_level': {}, 'link_level': {}, 'path_level': {}}","{'node_level': {}, 'link_level': {}, 'path_level': {}}",[],-inf,-inf,True,True,False,0,[],0,0.0,,
59,9,4,447.0,1382.0,203716.18923780095,590346.7246055441,0.32344428364688854,0.3450788845723153,10,101,1,1510.0,9267,4662,4605,0.01541710665258711,0.06478472786352563,58,153.48377486188934,1510.0,9,20,False,"{0: 59, 1: 8}","{(1, 0): []}","{(0, 59): {'cpu': 9}, (1, 8): {'cpu': 11}}",{},0.0,0.0,160.0,80.0,578.0,0.0,0.0,0.0,0.0,0.0,0.0,0.0,0.0,0.0,Route Failure,100.0,"{'node_level': {'cpu': -82}, 'link_level': {'bw': 100.0}, 'path_level': {}}","{'node_level': {0: {'cpu': -84}, 1: {'cpu': -82}}, 'link_level': {(1, 0): {'bw': 100.0}}, 'path_level': {(1, 0): {}}}","{'node_level': {0: {'cpu': 0}, 1: {'cpu': 0}}, 'link_level': {(1, 0): {'bw': 100.0}}, 'path_level': {(1, 0): {}}}",[],100.0,100.0,True,False,False,0,[],0,0.0,2.0,1.0
60,10,5,492.0,1571.0,215600.1404535739,640259.3197117905,0.31317632081476765,0.336738777267038,10,102,1,1536.0,9078,4641,4437,0.019852164730728594,0.09890333062550771,59,264.08780479495465,1536.0,2,1,True,"{0: 38, 1: 15}","{(1, 0): [(15, 7), (7, 3), (3, 1), (1, 4), (4, 10), (10, 22), (22, 38)]}","{(0, 38): {'cpu': 8}, (1, 15): {'cpu': 13}}","{((1, 0), (15, 7)): {'bw': 24}, ((1, 0), (7, 3)): {'bw': 24}, ((1, 0), (3, 1)): {'bw': 24}, ((1, 0), (1, 4)): {'bw': 24}, ((1, 0), (4, 10)): {'bw': 24}, ((1, 0), (10, 22)): {'bw': 24}, ((1, 0), (22, 38)): {'bw': 24}}",189.0,45.0,42.0,21.0,24.0,21.0,24.0,21.0,168.0,144.0,0.23809523809523808,49912.59510624643,11883.951215772959,62.878048760703486,Success,0.0,"{'node_level': {'cpu': -81}, 'link_level': {'bw': -22}, 'path_level': {}}","{'node_level': {0: {'cpu': -85}, 1: {'cpu': -81}}, 'link_level': {(1, 0): {'bw': -22}}, 'path_level': {(1, 0): {}}}","{'node_level': {0: {'cpu': 0}, 1: {'cpu': 0}}, 'link_level': {(1, 0): {'bw': 0}}, 'path_level': {(1, 0): {}}}",[],-22.0,0.0,True,True,False,0,[],0,0.0,2.0,1.0
60,10,5,492.0,1571.0,215600.1404535739,640259.3197117905,0.31317632081476765,0.336738777267038,10,103,0,1559.9340369834133,9078,4641,4437,0.019852164730728594,0.09890333062550771,50,247.93403698341325,1312.0,6,6,False,{},{},{},{},0.0,0.0,0.0,0.0,0.0,0.0,0.0,0.0,0.0,0.0,0.0,0.0,0.0,0.0,Leave Event,0.0,"{'node_level': {}, 'link_level': {}, 'path_level': {}}","{'node_level': {}, 'link_level': {}, 'path_level': {}}","{'node_level': {}, 'link_level': {}, 'path_level': {}}",[],-inf,-inf,True,True,False,0,[],0,0.0,,
61,10,5,492.0,1571.0,215600.1404535739,640259.3197117905,0.31317632081476765,0.336738777267038,10,104,1,1561.0,9078,4641,4437,0.019852164730728594,0.09890333062550771,60,1374.218773921043,1561.0,7,9,False,"{0: 32, 1: 35}","{(1, 0): []}","{(0, 32): {'cpu': 6}, (1, 35): {'cpu': 17}}",{},0.0,0.0,124.0,62.0,212.0,0.0,0.0,0.0,0.0,0.0,0.0,0.0,0.0,0.0,Route Failure,100.0,"{'node_level': {'cpu': -76}, 'link_level': {'bw': 100.0}, 'path_level': {}}","{'node_level': {0: {'cpu': -86}, 1: {'cpu': -76}}, 'link_level': {(1, 0): {'bw': 100.0}}, 'path_level': {(1, 0): {}}}","{'node_level': {0: {'cpu': 0}, 1: {'cpu': 0}}, 'link_level': {(1, 0): {'bw': 100.0}}, 'path_level': {(1, 0): {}}}",[],100.0,100.0,True,False,False,0,[],0,0.0,2.0,1.0
61,10,5,492.0,1571.0,215600.1404535739,640259.3197117905,0.31317632081476765,0.336738777267038,10,105,0,1580.1994513276463,9078,4641,4437,0.019852164730728594,0.09890333062550771,56,129.1994513276463,1451.0,4,3,False,{},{},{},{},0.0,0.0,0.0,0.0,0.0,0.0,0.0,0.0,0.0,0.0,0.0,0.0,0.0,0.0,Leave Event,0.0,"{'node_level': {}, 'link_level': {}, 'path_level': {}}","{'node_level': {}, 'link_level': {}, 'path_level': {}}","{'node_level': {}, 'link_level': {}, 'path_level': {}}",[],-inf,-inf,True,True,False,0,[],0,0.0,,
62,11,6,546.0,1719.0,224303.48063297808,664112.9187220094,0.31762652705061084,0.33774900970849675,10,106,1,1586.0,8930,4634,4296,0.021330517423442497,0.12753858651502847,61,161.1729662852628,1586.0,2,1,True,"{0: 8, 1: 0}","{(1, 0): [(0, 1), (1, 3), (3, 8)]}","{(0, 8): {'cpu': 6}, (1, 0): {'cpu': 1}}","{((1, 0), (0, 1)): {'bw': 47}, ((1, 0), (1, 3)): {'bw': 47}, ((1, 0), (3, 8)): {'bw': 47}}",148.0,54.0,14.0,7.0,47.0,7.0,47.0,7.0,141.0,94.0,0.36486486486486486,23853.59901021889,8703.340179404191,58.80635256354183,Success,0.0,"{'node_level': {'cpu': -61}, 'link_level': {'bw': -2}, 'path_level': {}}","{'node_level': {0: {'cpu': -87}, 1: {'cpu': -61}}, 'link_level': {(1, 0): {'bw': -2}}, 'path_level': {(1, 0): {}}}","{'node_level': {0: {'cpu': 0}, 1: {'cpu': 0}}, 'link_level': {(1, 0): {'bw': 0}}, 'path_level': {(1, 0): {}}}",[],-2.0,0.0,True,True,False,0,[],0,0.0,2.0,1.0
63,11,6,546.0,1719.0,224303.48063297808,664112.9187220094,0.31762652705061084,0.33774900970849675,10,107,1,1607.0,8930,4634,4296,0.021330517423442497,0.12753858651502847,62,78.49650036304767,1607.0,3,2,False,"{0: 42, 1: 59, 2: 0}","{(1, 0): [(59, 27), (27, 13), (13, 6), (6, 2), (2, 5), (5, 12), (12, 26), (26, 42)], (2, 0): []}","{(0, 42): {'cpu': 9}, (1, 59): {'cpu': 3}, (2, 0): {'cpu': 20}}","{((1, 0), (59, 27)): {'bw': 21}, ((1, 0), (27, 13)): {'bw': 21}, ((1, 0), (13, 6)): {'bw': 21}, ((1, 0), (6, 2)): {'bw': 21}, ((1, 0), (2, 5)): {'bw': 21}, ((1, 0), (5, 12)): {'bw': 21}, ((1, 0), (12, 26)): {'bw': 21}, ((1, 0), (26, 42)): {'bw': 21}}",0.0,0.0,64.0,32.0,63.0,0.0,0.0,0.0,0.0,0.0,0.0,0.0,0.0,0.0,Route Failure,100.0,"{'node_level': {'cpu': -41}, 'link_level': {'bw': 100.0}, 'path_level': {}}","{'node_level': {0: {'cpu': -84}, 1: {'cpu': -90}, 2: {'cpu': -41}}, 'link_level': {(1, 0): {'bw': -21}, (2, 0): {'bw': 100.0}}, 'path_level': {(1, 0): {}, (2, 0): {}}}","{'node_level': {0: {'cpu': 0}, 1: {'cpu': 0}, 2: {'cpu': 0}}, 'link_level': {(1, 0): {'bw': 0}, (2, 0): {'bw': 100.0}}, 'path_level': {(1, 0): {}, (2, 0): {}}}",[],100.0,100.0,True,False,False,0,[],0,0.0,3.0,2.0
63,11,5,546.0,1719.0,224303.48063297808,664112.9187220094,0.31762652705061084,0.33774900970849675,10,108,0,1621.5918815101852,8985,4645,4340,0.019007391763463555,0.11860276198212838,53,232.59188151018515,1389.0,2,1,False,{},{},{},{},0.0,0.0,0.0,0.0,0.0,0.0,0.0,0.0,0.0,0.0,0.0,0.0,0.0,0.0,Leave Event,0.0,"{'node_level': {}, 'link_level': {}, 'path_level': {}}","{'node_level': {}, 'link_level': {}, 'path_level': {}}","{'node_level': {}, 'link_level': {}, 'path_level': {}}",[],-inf,-inf,True,True,False,0,[],0,0.0,,
64,11,5,546.0,1719.0,224303.48063297808,664112.9187220094,0.31762652705061084,0.33774900970849675,10,109,1,1636.0,8985,4645,4340,0.019007391763463555,0.11860276198212838,63,605.3646714251648,1636.0,6,10,False,"{0: 42, 1: 48}","{(1, 0): []}","{(0, 42): {'cpu': 8}, (1, 48): {'cpu': 2}}",{},0.0,0.0,110.0,55.0,243.0,0.0,0.0,0.0,0.0,0.0,0.0,0.0,0.0,0.0,Route Failure,100.0,"{'node_level': {'cpu': -89}, 'link_level': {'bw': 100.0}, 'path_level': {}}","{'node_level': {0: {'cpu': -85}, 1: {'cpu': -89}}, 'link_level': {(1, 0): {'bw': 100.0}}, 'path_level': {(1, 0): {}}}","{'node_level': {0: {'cpu': 0}, 1: {'cpu': 0}}, 'link_level': {(1, 0): {'bw': 100.0}}, 'path_level': {(1, 0): {}}}",[],100.0,100.0,True,False,False,0,[],0,0.0,2.0,1.0
64,11,5,546.0,1719.0,224303.48063297808,664112.9187220094,0.31762652705061084,0.33774900970849675,10,110,0,1657.124279638124,8985,4645,4340,0.019007391763463555,0.11860276198212838,22,1078.124279638124,579.0,3,2,False,{},{},{},{},0.0,0.0,0.0,0.0,0.0,0.0,0.0,0.0,0.0,0.0,0.0,0.0,0.0,0.0,Leave Event,0.0,"{'node_level': {}, 'link_level': {}, 'path_level': {}}","{'node_level': {}, 'link_level': {}, 'path_level': {}}","{'node_level': {}, 'link_level': {}, 'path_level': {}}",[],-inf,-inf,True,True,False,0,[],0,0.0,,
64,11,4,546.0,1719.0,224303.48063297808,664112.9187220094,0.31762652705061084,0.33774900970849675,10,111,0,1659.3930254799823,9018,4658,4360,0.01626187961985215,0.11454102355808282,52,289.3930254799823,1370.0,2,1,False,{},{},{},{},0.0,0.0,0.0,0.0,0.0,0.0,0.0,0.0,0.0,0.0,0.0,0.0,0.0,0.0,Leave Event,0.0,"{'node_level': {}, 'link_level': {}, 'path_level': {}}","{'node_level': {}, 'link_level': {}, 'path_level': {}}","{'node_level': {}, 'link_level': {}, 'path_level': {}}",[],-inf,-inf,True,True,False,0,[],0,0.0,,
65,12,5,605.0,1980.0,249000.03277233758,773363.7680164642,0.3055555555555556,0.3219701298018872,11,112,1,1660.0,8757,4630,4127,0.022175290390707536,0.16186027619821286,64,418.58562948066964,1660.0,3,2,True,"{0: 59, 1: 55, 2: 0}","{(1, 0): [(55, 23), (23, 11), (11, 5), (5, 2), (2, 6), (6, 13), (13, 27), (27, 59)], (2, 0): [(0, 2), (2, 6), (6, 13), (13, 27), (27, 59)]}","{(0, 59): {'cpu': 5}, (1, 55): {'cpu': 17}, (2, 0): {'cpu': 6}}","{((1, 0), (55, 23)): {'bw': 26}, ((1, 0), (23, 11)): {'bw': 26}, ((1, 0), (11, 5)): {'bw': 26}, ((1, 0), (5, 2)): {'bw': 26}, ((1, 0), (2, 6)): {'bw': 26}, ((1, 0), (6, 13)): {'bw': 26}, ((1, 0), (13, 27)): {'bw': 26}, ((1, 0), (27, 59)): {'bw': 26}, ((2, 0), (0, 2)): {'bw': 5}, ((2, 0), (2, 6)): {'bw': 5}, ((2, 0), (6, 13)): {'bw': 5}, ((2, 0), (13, 27)): {'bw': 5}, ((2, 0), (27, 59)): {'bw': 5}}",261.0,59.0,56.0,28.0,31.0,28.0,31.0,28.0,233.0,202.0,0.2260536398467433,109250.84929445478,24696.552139359508,94.62280513164562,Success,0.0,"{'node_level': {'cpu': -65}, 'link_level': {'bw': -22}, 'path_level': {}}","{'node_level': {0: {'cpu': -88}, 1: {'cpu': -82}, 2: {'cpu': -65}}, 'link_level': {(1, 0): {'bw': -27}, (2, 0): {'bw': -22}}, 'path_level': {(1, 0): {}, (2, 0): {}}}","{'node_level': {0: {'cpu': 0}, 1: {'cpu': 0}, 2: {'cpu': 0}}, 'link_level': {(1, 0): {'bw': 0}, (2, 0): {'bw': 0}}, 'path_level': {(1, 0): {}, (2, 0): {}}}",[],-22.0,0.0,True,True,False,0,[],0,0.0,3.0,2.0
65,12,5,605.0,1980.0,249000.03277233758,773363.7680164642,0.3055555555555556,0.3219701298018872,11,113,0,1663.4837748618893,8757,4630,4127,0.022175290390707536,0.16186027619821286,58,153.48377486188934,1510.0,9,20,False,{},{},{},{},0.0,0.0,0.0,0.0,0.0,0.0,0.0,0.0,0.0,0.0,0.0,0.0,0.0,0.0,Leave Event,0.0,"{'node_level': {}, 'link_level': {}, 'path_level': {}}","{'node_level': {}, 'link_level': {}, 'path_level': {}}","{'node_level': {}, 'link_level': {}, 'path_level': {}}",[],-inf,-inf,True,True,False,0,[],0,0.0,,
65,12,5,605.0,1980.0,249000.03277233758,773363.7680164642,0.3055555555555556,0.3219701298018872,11,114,0,1685.4965003630477,8757,4630,4127,0.022175290390707536,0.16186027619821286,62,78.49650036304767,1607.0,3,2,False,{},{},{},{},0.0,0.0,0.0,0.0,0.0,0.0,0.0,0.0,0.0,0.0,0.0,0.0,0.0,0.0,Leave Event,0.0,"{'node_level': {}, 'link_level': {}, 'path_level': {}}","{'node_level': {}, 'link_level': {}, 'path_level': {}}","{'node_level': {}, 'link_level': {}, 'path_level': {}}",[],-inf,-inf,True,True,False,0,[],0,0.0,,
65,12,5,605.0,1980.0,249000.03277233758,773363.7680164642,0.3055555555555556,0.3219701298018872,11,115,0,1687.3552248166907,8757,4630,4127,0.022175290390707536,0.16186027619821286,7,1483.3552248166907,204.0,7,9,False,{},{},{},{},0.0,0.0,0.0,0.0,0.0,0.0,0.0,0.0,0.0,0.0,0.0,0.0,0.0,0.0,Leave Event,0.0,"{'node_level': {}, 'link_level': {}, 'path_level': {}}","{'node_level': {}, 'link_level': {}, 'path_level': {}}","{'node_level': {}, 'link_level': {}, 'path_level': {}}",[],-inf,-inf,True,True,False,0,[],0,0.0,,
65,12,5,605.0,1980.0,249000.03277233758,773363.7680164642,0.3055555555555556,0.3219701298018872,11,116,0,1687.5685729522656,8757,4630,4127,0.022175290390707536,0.16186027619821286,48,431.5685729522655,1256.0,7,10,False,{},{},{},{},0.0,0.0,0.0,0.0,0.0,0.0,0.0,0.0,0.0,0.0,0.0,0.0,0.0,0.0,Leave Event,0.0,"{'node_level': {}, 'link_level': {}, 'path_level': {}}","{'node_level': {}, 'link_level': {}, 'path_level': {}}","{'node_level': {}, 'link_level': {}, 'path_level': {}}",[],-inf,-inf,True,True,False,0,[],0,0.0,,
66,12,5,605.0,1980.0,249000.03277233758,773363.7680164642,0.3055555555555556,0.3219701298018872,11,117,1,1688.0,8757,4630,4127,0.022175290390707536,0.16186027619821286,65,472.8518356433432,1688.0,4,5,False,"{0: 35, 1: 42}","{(1, 0): []}","{(0, 35): {'cpu': 11}, (1, 42): {'cpu': 7}}",{},0.0,0.0,58.0,29.0,149.0,0.0,0.0,0.0,0.0,0.0,0.0,0.0,0.0,0.0,Route Failure,100.0,"{'node_level': {'cpu': -86}, 'link_level': {'bw': 100.0}, 'path_level': {}}","{'node_level': {0: {'cpu': -82}, 1: {'cpu': -86}}, 'link_level': {(1, 0): {'bw': 100.0}}, 'path_level': {(1, 0): {}}}","{'node_level': {0: {'cpu': 0}, 1: {'cpu': 0}}, 'link_level': {(1, 0): {'bw': 100.0}}, 'path_level': {(1, 0): {}}}",[],100.0,100.0,True,False,False,0,[],0,0.0,2.0,1.0
67,12,5,605.0,1980.0,249000.03277233758,773363.7680164642,0.3055555555555556,0.3219701298018872,11,118,1,1713.0,8757,4630,4127,0.022175290390707536,0.16186027619821286,66,21.469852536087064,1713.0,4,4,False,"{0: 32, 1: 42, 2: 35}","{(2, 0): []}","{(0, 32): {'cpu': 8}, (1, 42): {'cpu': 8}, (2, 35): {'cpu': 9}}",{},0.0,0.0,54.0,27.0,73.0,0.0,0.0,0.0,0.0,0.0,0.0,0.0,0.0,0.0,Route Failure,100.0,"{'node_level': {'cpu': -84}, 'link_level': {'bw': 100.0}, 'path_level': {}}","{'node_level': {0: {'cpu': -84}, 1: {'cpu': -85}, 2: {'cpu': -84}}, 'link_level': {(2, 0): {'bw': 100.0}}, 'path_level': {(2, 0): {}}}","{'node_level': {0: {'cpu': 0}, 1: {'cpu': 0}, 2: {'cpu': 0}}, 'link_level': {(2, 0): {'bw': 100.0}}, 'path_level': {(2, 0): {}}}",[],100.0,100.0,True,False,False,0,[],0,0.0,3.0,1.0
67,12,5,605.0,1980.0,249000.03277233758,773363.7680164642,0.3055555555555556,0.3219701298018872,11,119,0,1734.469852536087,8757,4630,4127,0.022175290390707536,0.16186027619821286,66,21.469852536087064,1713.0,4,4,False,{},{},{},{},0.0,0.0,0.0,0.0,0.0,0.0,0.0,0.0,0.0,0.0,0.0,0.0,0.0,0.0,Leave Event,0.0,"{'node_level': {}, 'link_level': {}, 'path_level': {}}","{'node_level': {}, 'link_level': {}, 'path_level': {}}","{'node_level': {}, 'link_level': {}, 'path_level': {}}",[],-inf,-inf,True,True,False,0,[],0,0.0,,
67,12,4,605.0,1980.0,249000.03277233758,773363.7680164642,0.3055555555555556,0.3219701298018872,11,120,0,1747.1729662852629,8905,4637,4268,0.020696937697993634,0.1332250203086921,61,161.1729662852628,1586.0,2,1,False,{},{},{},{},0.0,0.0,0.0,0.0,0.0,0.0,0.0,0.0,0.0,0.0,0.0,0.0,0.0,0.0,Leave Event,0.0,"{'node_level': {}, 'link_level': {}, 'path_level': {}}","{'node_level': {}, 'link_level': {}, 'path_level': {}}","{'node_level': {}, 'link_level': {}, 'path_level': {}}",[],-inf,-inf,True,True,False,0,[],0,0.0,,
68,12,4,605.0,1980.0,249000.03277233758,773363.7680164642,0.3055555555555556,0.3219701298018872,11,121,1,1751.0,8905,4637,4268,0.020696937697993634,0.1332250203086921,67,270.0129964594614,1751.0,6,6,False,"{0: 48, 1: 32, 2: 9, 3: 29, 4: 8}","{(3, 0): [(29, 14), (14, 6), (6, 2), (2, 0), (0, 1), (1, 3), (3, 7), (7, 16), (16, 48)], (4, 0): []}","{(0, 48): {'cpu': 1}, (1, 32): {'cpu': 7}, (2, 9): {'cpu': 2}, (3, 29): {'cpu': 1}, (4, 8): {'cpu': 16}}","{((3, 0), (29, 14)): {'bw': 14}, ((3, 0), (14, 6)): {'bw': 14}, ((3, 0), (6, 2)): {'bw': 14}, ((3, 0), (2, 0)): {'bw': 14}, ((3, 0), (0, 1)): {'bw': 14}, ((3, 0), (1, 3)): {'bw': 14}, ((3, 0), (3, 7)): {'bw': 14}, ((3, 0), (7, 16)): {'bw': 14}, ((3, 0), (16, 48)): {'bw': 14}}",0.0,0.0,88.0,44.0,124.0,0.0,0.0,0.0,0.0,0.0,0.0,0.0,0.0,0.0,Route Failure,100.0,"{'node_level': {'cpu': -77}, 'link_level': {'bw': 100.0}, 'path_level': {}}","{'node_level': {0: {'cpu': -90}, 1: {'cpu': -85}, 2: {'cpu': -89}, 3: {'cpu': -89}, 4: {'cpu': -77}}, 'link_level': {(3, 0): {'bw': -8}, (4, 0): {'bw': 100.0}}, 'path_level': {(3, 0): {}, (4, 0): {}}}","{'node_level': {0: {'cpu': 0}, 1: {'cpu': 0}, 2: {'cpu': 0}, 3: {'cpu': 0}, 4: {'cpu': 0}}, 'link_level': {(3, 0): {'bw': 0}, (4, 0): {'bw': 100.0}}, 'path_level': {(3, 0): {}, (4, 0): {}}}",[],100.0,100.0,True,False,False,0,[],0,0.0,5.0,2.0
68,12,4,605.0,1980.0,249000.03277233758,773363.7680164642,0.3055555555555556,0.3219701298018872,11,122,0,1772.9393153175097,8905,4637,4268,0.020696937697993634,0.1332250203086921,46,568.9393153175097,1204.0,3,2,False,{},{},{},{},0.0,0.0,0.0,0.0,0.0,0.0,0.0,0.0,0.0,0.0,0.0,0.0,0.0,0.0,Leave Event,0.0,"{'node_level': {}, 'link_level': {}, 'path_level': {}}","{'node_level': {}, 'link_level': {}, 'path_level': {}}","{'node_level': {}, 'link_level': {}, 'path_level': {}}",[],-inf,-inf,True,True,False,0,[],0,0.0,,
68,12,4,605.0,1980.0,249000.03277233758,773363.7680164642,0.3055555555555556,0.3219701298018872,11,123,0,1775.5248567387569,8905,4637,4268,0.020696937697993634,0.1332250203086921,37,801.5248567387569,974.0,4,5,False,{},{},{},{},0.0,0.0,0.0,0.0,0.0,0.0,0.0,0.0,0.0,0.0,0.0,0.0,0.0,0.0,Leave Event,0.0,"{'node_level': {}, 'link_level': {}, 'path_level': {}}","{'node_level': {}, 'link_level': {}, 'path_level': {}}","{'node_level': {}, 'link_level': {}, 'path_level': {}}",[],-inf,-inf,True,True,False,0,[],0,0.0,,
69,12,4,605.0,1980.0,249000.03277233758,773363.7680164642,0.3055555555555556,0.3219701298018872,11,124,1,1781.0,8905,4637,4268,0.020696937697993634,0.1332250203086921,68,2.137780683530025,1781.0,10,18,False,"{0: 9, 1: 38, 2: 17, 3: 28}","{(2, 0): [(17, 8), (8, 3), (3, 1), (1, 4), (4, 9)], (3, 1): []}","{(0, 9): {'cpu': 15}, (1, 38): {'cpu': 5}, (2, 17): {'cpu': 1}, (3, 28): {'cpu': 9}}","{((2, 0), (17, 8)): {'bw': 2}, ((2, 0), (8, 3)): {'bw': 2}, ((2, 0), (3, 1)): {'bw': 2}, ((2, 0), (1, 4)): {'bw': 2}, ((2, 0), (4, 9)): {'bw': 2}}",0.0,0.0,216.0,108.0,422.0,0.0,0.0,0.0,0.0,0.0,0.0,0.0,0.0,0.0,Route Failure,100.0,"{'node_level': {'cpu': -81}, 'link_level': {'bw': 100.0}, 'path_level': {}}","{'node_level': {0: {'cpu': -76}, 1: {'cpu': -85}, 2: {'cpu': -88}, 3: {'cpu': -81}}, 'link_level': {(2, 0): {'bw': -25}, (3, 1): {'bw': 100.0}}, 'path_level': {(2, 0): {}, (3, 1): {}}}","{'node_level': {0: {'cpu': 0}, 1: {'cpu': 0}, 2: {'cpu': 0}, 3: {'cpu': 0}}, 'link_level': {(2, 0): {'bw': 0}, (3, 1): {'bw': 100.0}}, 'path_level': {(2, 0): {}, (3, 1): {}}}",[],100.0,100.0,True,False,False,0,[],0,0.0,4.0,2.0
69,12,4,605.0,1980.0,249000.03277233758,773363.7680164642,0.3055555555555556,0.3219701298018872,11,125,0,1783.13778068353,8905,4637,4268,0.020696937697993634,0.1332250203086921,68,2.137780683530025,1781.0,10,18,False,{},{},{},{},0.0,0.0,0.0,0.0,0.0,0.0,0.0,0.0,0.0,0.0,0.0,0.0,0.0,0.0,Leave Event,0.0,"{'node_level': {}, 'link_level': {}, 'path_level': {}}","{'node_level': {}, 'link_level': {}, 'path_level': {}}","{'node_level': {}, 'link_level': {}, 'path_level': {}}",[],-inf,-inf,True,True,False,0,[],0,0.0,,
69,12,3,605.0,1980.0,249000.03277233758,773363.7680164642,0.3055555555555556,0.3219701298018872,11,126,0,1800.0878047949545,9094,4658,4436,0.01626187961985215,0.09910641754671001,59,264.08780479495465,1536.0,2,1,False,{},{},{},{},0.0,0.0,0.0,0.0,0.0,0.0,0.0,0.0,0.0,0.0,0.0,0.0,0.0,0.0,Leave Event,0.0,"{'node_level': {}, 'link_level': {}, 'path_level': {}}","{'node_level': {}, 'link_level': {}, 'path_level': {}}","{'node_level': {}, 'link_level': {}, 'path_level': {}}",[],-inf,-inf,True,True,False,0,[],0,0.0,,
70,13,4,658.0,2219.0,256501.4761277903,807191.0314495434,0.29652996845425866,0.3177704733254632,11,127,1,1805.0,8855,4636,4219,0.02090813093980992,0.14317627944760358,69,141.53666708401335,1805.0,2,1,True,"{0: 38, 1: 15}","{(1, 0): [(15, 7), (7, 3), (3, 1), (1, 4), (4, 10), (10, 22), (22, 38)]}","{(0, 38): {'cpu': 14}, (1, 15): {'cpu': 8}}","{((1, 0), (15, 7)): {'bw': 31}, ((1, 0), (7, 3)): {'bw': 31}, ((1, 0), (3, 1)): {'bw': 31}, ((1, 0), (1, 4)): {'bw': 31}, ((1, 0), (4, 10)): {'bw': 31}, ((1, 0), (10, 22)): {'bw': 31}, ((1, 0), (22, 38)): {'bw': 31}}",239.0,53.0,44.0,22.0,31.0,22.0,31.0,22.0,217.0,186.0,0.2217573221757322,33827.26343307919,7501.443355452708,31.3867922822289,Success,0.0,"{'node_level': {'cpu': -86}, 'link_level': {'bw': -17}, 'path_level': {}}","{'node_level': {0: {'cpu': -84}, 1: {'cpu': -86}}, 'link_level': {(1, 0): {'bw': -17}}, 'path_level': {(1, 0): {}}}","{'node_level': {0: {'cpu': 0}, 1: {'cpu': 0}}, 'link_level': {(1, 0): {'bw': 0}}, 'path_level': {(1, 0): {}}}",[],-17.0,0.0,True,True,False,0,[],0,0.0,2.0,1.0
70,13,3,658.0,2219.0,256501.4761277903,807191.0314495434,0.29652996845425866,0.3177704733254632,11,128,0,1814.4119998083818,9001,4662,4339,0.01541710665258711,0.11880584890333068,4,1680.4119998083818,134.0,2,1,False,{},{},{},{},0.0,0.0,0.0,0.0,0.0,0.0,0.0,0.0,0.0,0.0,0.0,0.0,0.0,0.0,Leave Event,0.0,"{'node_level': {}, 'link_level': {}, 'path_level': {}}","{'node_level': {}, 'link_level': {}, 'path_level': {}}","{'node_level': {}, 'link_level': {}, 'path_level': {}}",[],-inf,-inf,True,True,False,0,[],0,0.0,,
71,13,3,658.0,2219.0,256501.4761277903,807191.0314495434,0.29652996845425866,0.3177704733254632,11,129,1,1833.0,9001,4662,4339,0.01541710665258711,0.11880584890333068,70,612.1833152656892,1833.0,8,17,False,"{0: 48, 1: 8}","{(1, 0): []}","{(0, 48): {'cpu': 11}, (1, 8): {'cpu': 13}}",{},0.0,0.0,168.0,84.0,448.0,0.0,0.0,0.0,0.0,0.0,0.0,0.0,0.0,0.0,Route Failure,100.0,"{'node_level': {'cpu': -80}, 'link_level': {'bw': 100.0}, 'path_level': {}}","{'node_level': {0: {'cpu': -80}, 1: {'cpu': -80}}, 'link_level': {(1, 0): {'bw': 100.0}}, 'path_level': {(1, 0): {}}}","{'node_level': {0: {'cpu': 0}, 1: {'cpu': 0}}, 'link_level': {(1, 0): {'bw': 100.0}}, 'path_level': {(1, 0): {}}}",[],100.0,100.0,True,False,False,0,[],0,0.0,2.0,1.0
72,13,3,658.0,2219.0,256501.4761277903,807191.0314495434,0.29652996845425866,0.3177704733254632,11,130,1,1857.0,9001,4662,4339,0.01541710665258711,0.11880584890333068,71,31.757903967896446,1857.0,2,1,False,"{0: 42, 1: 35}","{(1, 0): []}","{(0, 42): {'cpu': 10}, (1, 35): {'cpu': 9}}",{},0.0,0.0,38.0,19.0,26.0,0.0,0.0,0.0,0.0,0.0,0.0,0.0,0.0,0.0,Route Failure,100.0,"{'node_level': {'cpu': -84}, 'link_level': {'bw': 100.0}, 'path_level': {}}","{'node_level': {0: {'cpu': -89}, 1: {'cpu': -84}}, 'link_level': {(1, 0): {'bw': 100.0}}, 'path_level': {(1, 0): {}}}","{'node_level': {0: {'cpu': 0}, 1: {'cpu': 0}}, 'link_level': {(1, 0): {'bw': 100.0}}, 'path_level': {(1, 0): {}}}",[],100.0,100.0,True,False,False,0,[],0,0.0,2.0,1.0
72,13,2,658.0,2219.0,256501.4761277903,807191.0314495434,0.29652996845425866,0.3177704733254632,11,131,0,1858.413381114963,9159,4685,4474,0.010559662090813049,0.09138911454102361,54,454.413381114963,1404.0,2,1,False,{},{},{},{},0.0,0.0,0.0,0.0,0.0,0.0,0.0,0.0,0.0,0.0,0.0,0.0,0.0,0.0,Leave Event,0.0,"{'node_level': {}, 'link_level': {}, 'path_level': {}}","{'node_level': {}, 'link_level': {}, 'path_level': {}}","{'node_level': {}, 'link_level': {}, 'path_level': {}}",[],-inf,-inf,True,True,False,0,[],0,0.0,,
72,13,2,658.0,2219.0,256501.4761277903,807191.0314495434,0.29652996845425866,0.3177704733254632,11,132,0,1872.3366162317748,9159,4685,4474,0.010559662090813049,0.09138911454102361,49,593.3366162317749,1279.0,9,22,False,{},{},{},{},0.0,0.0,0.0,0.0,0.0,0.0,0.0,0.0,0.0,0.0,0.0,0.0,0.0,0.0,Leave Event,0.0,"{'node_level': {}, 'link_level': {}, 'path_level': {}}","{'node_level': {}, 'link_level': {}, 'path_level': {}}","{'node_level': {}, 'link_level': {}, 'path_level': {}}",[],-inf,-inf,True,True,False,0,[],0,0.0,,
73,13,2,658.0,2219.0,256501.4761277903,807191.0314495434,0.29652996845425866,0.3177704733254632,11,133,1,1883.0,9159,4685,4474,0.010559662090813049,0.09138911454102361,72,174.56140844684336,1883.0,6,8,False,"{0: 8, 1: 53, 2: 42, 3: 29}","{(1, 0): [(53, 21), (21, 10), (10, 4), (4, 1), (1, 3), (3, 8)], (2, 0): [(42, 26), (26, 12), (12, 5), (5, 2), (2, 0), (0, 1), (1, 3), (3, 8)], (2, 1): [(42, 26), (26, 12), (12, 5), (5, 2), (2, 0), (0, 1), (1, 4), (4, 10), (10, 21), (21, 53)], (3, 1): []}","{(0, 8): {'cpu': 1}, (1, 53): {'cpu': 13}, (2, 42): {'cpu': 14}, (3, 29): {'cpu': 10}}","{((1, 0), (53, 21)): {'bw': 4}, ((1, 0), (21, 10)): {'bw': 4}, ((1, 0), (10, 4)): {'bw': 4}, ((1, 0), (4, 1)): {'bw': 4}, ((1, 0), (1, 3)): {'bw': 4}, ((1, 0), (3, 8)): {'bw': 4}, ((2, 0), (42, 26)): {'bw': 29}, ((2, 0), (26, 12)): {'bw': 29}, ((2, 0), (12, 5)): {'bw': 29}, ((2, 0), (5, 2)): {'bw': 29}, ((2, 0), (2, 0)): {'bw': 29}, ((2, 0), (0, 1)): {'bw': 29}, ((2, 0), (1, 3)): {'bw': 29}, ((2, 0), (3, 8)): {'bw': 29}, ((2, 1), (42, 26)): {'bw': 1}, ((2, 1), (26, 12)): {'bw': 1}, ((2, 1), (12, 5)): {'bw': 1}, ((2, 1), (5, 2)): {'bw': 1}, ((2, 1), (2, 0)): {'bw': 1}, ((2, 1), (0, 1)): {'bw': 1}, ((2, 1), (1, 4)): {'bw': 1}, ((2, 1), (4, 10)): {'bw': 1}, ((2, 1), (10, 21)): {'bw': 1}, ((2, 1), (21, 53)): {'bw': 1}}",0.0,0.0,88.0,44.0,206.0,0.0,0.0,0.0,0.0,0.0,0.0,0.0,0.0,0.0,Route Failure,100.0,"{'node_level': {'cpu': -86}, 'link_level': {'bw': 100.0}, 'path_level': {}}","{'node_level': {0: {'cpu': -92}, 1: {'cpu': -83}, 2: {'cpu': -85}, 3: {'cpu': -86}}, 'link_level': {(1, 0): {'bw': -28}, (2, 0): {'bw': -18}, (2, 1): {'bw': -27}, (3, 1): {'bw': 100.0}}, 'path_level': {(1, 0): {}, (2, 0): {}, (2, 1): {}, (3, 1): {}}}","{'node_level': {0: {'cpu': 0}, 1: {'cpu': 0}, 2: {'cpu': 0}, 3: {'cpu': 0}}, 'link_level': {(1, 0): {'bw': 0}, (2, 0): {'bw': 0}, (2, 1): {'bw': 0}, (3, 1): {'bw': 100.0}}, 'path_level': {(1, 0): {}, (2, 0): {}, (2, 1): {}, (3, 1): {}}}",[],100.0,100.0,True,False,False,0,[],0,0.0,4.0,4.0
73,13,2,658.0,2219.0,256501.4761277903,807191.0314495434,0.29652996845425866,0.3177704733254632,11,134,0,1888.7579039678965,9159,4685,4474,0.010559662090813049,0.09138911454102361,71,31.757903967896446,1857.0,2,1,False,{},{},{},{},0.0,0.0,0.0,0.0,0.0,0.0,0.0,0.0,0.0,0.0,0.0,0.0,0.0,0.0,Leave Event,0.0,"{'node_level': {}, 'link_level': {}, 'path_level': {}}","{'node_level': {}, 'link_level': {}, 'path_level': {}}","{'node_level': {}, 'link_level': {}, 'path_level': {}}",[],-inf,-inf,True,True,False,0,[],0,0.0,,
74,13,2,658.0,2219.0,256501.4761277903,807191.0314495434,0.29652996845425866,0.3177704733254632,11,135,1,1910.0,9159,4685,4474,0.010559662090813049,0.09138911454102361,73,2216.1445591984884,1910.0,3,2,False,"{0: 29, 1: 53}","{(1, 0): []}","{(0, 29): {'cpu': 11}, (1, 53): {'cpu': 15}}",{},0.0,0.0,84.0,42.0,41.0,0.0,0.0,0.0,0.0,0.0,0.0,0.0,0.0,0.0,Route Failure,100.0,"{'node_level': {'cpu': -81}, 'link_level': {'bw': 100.0}, 'path_level': {}}","{'node_level': {0: {'cpu': -85}, 1: {'cpu': -81}}, 'link_level': {(1, 0): {'bw': 100.0}}, 'path_level': {(1, 0): {}}}","{'node_level': {0: {'cpu': 0}, 1: {'cpu': 0}}, 'link_level': {(1, 0): {'bw': 100.0}}, 'path_level': {(1, 0): {}}}",[],100.0,100.0,True,False,False,0,[],0,0.0,2.0,1.0
75,13,2,658.0,2219.0,256501.4761277903,807191.0314495434,0.29652996845425866,0.3177704733254632,11,136,1,1942.0,9159,4685,4474,0.010559662090813049,0.09138911454102361,74,1774.0760363881539,1942.0,7,13,False,"{0: 35, 1: 42, 2: 53}","{(2, 0): [(53, 21), (21, 10), (10, 4), (4, 9), (9, 19), (19, 35)], (2, 1): []}","{(0, 35): {'cpu': 8}, (1, 42): {'cpu': 20}, (2, 53): {'cpu': 12}}","{((2, 0), (53, 21)): {'bw': 29}, ((2, 0), (21, 10)): {'bw': 29}, ((2, 0), (10, 4)): {'bw': 29}, ((2, 0), (4, 9)): {'bw': 29}, ((2, 0), (9, 19)): {'bw': 29}, ((2, 0), (19, 35)): {'bw': 29}}",0.0,0.0,140.0,70.0,335.0,0.0,0.0,0.0,0.0,0.0,0.0,0.0,0.0,0.0,Route Failure,100.0,"{'node_level': {'cpu': -84}, 'link_level': {'bw': 100.0}, 'path_level': {}}","{'node_level': {0: {'cpu': -85}, 1: {'cpu': -79}, 2: {'cpu': -84}}, 'link_level': {(2, 0): {'bw': -3}, (2, 1): {'bw': 100.0}}, 'path_level': {(2, 0): {}, (2, 1): {}}}","{'node_level': {0: {'cpu': 0}, 1: {'cpu': 0}, 2: {'cpu': 0}}, 'link_level': {(2, 0): {'bw': 0}, (2, 1): {'bw': 100.0}}, 'path_level': {(2, 0): {}, (2, 1): {}}}",[],100.0,100.0,True,False,False,0,[],0,0.0,3.0,2.0
75,13,1,658.0,2219.0,256501.4761277903,807191.0314495434,0.29652996845425866,0.3177704733254632,11,137,0,1946.5366670840133,9398,4707,4691,0.005913410770855387,0.04731925264012993,69,141.53666708401335,1805.0,2,1,False,{},{},{},{},0.0,0.0,0.0,0.0,0.0,0.0,0.0,0.0,0.0,0.0,0.0,0.0,0.0,0.0,Leave Event,0.0,"{'node_level': {}, 'link_level': {}, 'path_level': {}}","{'node_level': {}, 'link_level': {}, 'path_level': {}}","{'node_level': {}, 'link_level': {}, 'path_level': {}}",[],-inf,-inf,True,True,False,0,[],0,0.0,,
76,14,2,751.0,2726.0,287074.46044640423,973863.1072510196,0.27549523110785035,0.2947790693670963,11,138,1,1973.0,8891,4660,4231,0.015839493136219684,0.14073923639317631,75,328.74176686681676,1973.0,3,2,True,"{0: 53, 1: 38, 2: 42}","{(2, 0): [(42, 26), (26, 12), (12, 5), (5, 2), (2, 0), (0, 1), (1, 4), (4, 10), (10, 21), (21, 53)], (2, 1): [(42, 26), (26, 12), (12, 5), (5, 2), (2, 0), (0, 1), (1, 4), (4, 10), (10, 22), (22, 38)]}","{(0, 53): {'cpu': 12}, (1, 38): {'cpu': 16}, (2, 42): {'cpu': 19}}","{((2, 0), (42, 26)): {'bw': 3}, ((2, 0), (26, 12)): {'bw': 3}, ((2, 0), (12, 5)): {'bw': 3}, ((2, 0), (5, 2)): {'bw': 3}, ((2, 0), (2, 0)): {'bw': 3}, ((2, 0), (0, 1)): {'bw': 3}, ((2, 0), (1, 4)): {'bw': 3}, ((2, 0), (4, 10)): {'bw': 3}, ((2, 0), (10, 21)): {'bw': 3}, ((2, 0), (21, 53)): {'bw': 3}, ((2, 1), (42, 26)): {'bw': 43}, ((2, 1), (26, 12)): {'bw': 43}, ((2, 1), (12, 5)): {'bw': 43}, ((2, 1), (5, 2)): {'bw': 43}, ((2, 1), (2, 0)): {'bw': 43}, ((2, 1), (0, 1)): {'bw': 43}, ((2, 1), (1, 4)): {'bw': 43}, ((2, 1), (4, 10)): {'bw': 43}, ((2, 1), (10, 22)): {'bw': 43}, ((2, 1), (22, 38)): {'bw': 43}}",507.0,93.0,94.0,47.0,46.0,47.0,46.0,47.0,460.0,414.0,0.1834319526627219,166672.0758014761,30572.98431861396,60.30174421817349,Success,0.0,"{'node_level': {'cpu': -80}, 'link_level': {'bw': -15}, 'path_level': {}}","{'node_level': {0: {'cpu': -84}, 1: {'cpu': -82}, 2: {'cpu': -80}}, 'link_level': {(2, 0): {'bw': -58}, (2, 1): {'bw': -15}}, 'path_level': {(2, 0): {}, (2, 1): {}}}","{'node_level': {0: {'cpu': 0}, 1: {'cpu': 0}, 2: {'cpu': 0}}, 'link_level': {(2, 0): {'bw': 0}, (2, 1): {'bw': 0}}, 'path_level': {(2, 0): {}, (2, 1): {}}}",[],-15.0,0.0,True,True,False,0,[],0,0.0,3.0,2.0
77,14,2,751.0,2726.0,287074.46044640423,973863.1072510196,0.27549523110785035,0.2947790693670963,11,139,1,1992.0,8891,4660,4231,0.015839493136219684,0.14073923639317631,76,665.3227175451742,1992.0,10,24,False,"{0: 35, 1: 17}","{(1, 0): []}","{(0, 35): {'cpu': 16}, (1, 17): {'cpu': 1}}",{},0.0,0.0,202.0,101.0,594.0,0.0,0.0,0.0,0.0,0.0,0.0,0.0,0.0,0.0,Route Failure,100.0,"{'node_level': {'cpu': -88}, 'link_level': {'bw': 100.0}, 'path_level': {}}","{'node_level': {0: {'cpu': -77}, 1: {'cpu': -88}}, 'link_level': {(1, 0): {'bw': 100.0}}, 'path_level': {(1, 0): {}}}","{'node_level': {0: {'cpu': 0}, 1: {'cpu': 0}}, 'link_level': {(1, 0): {'bw': 100.0}}, 'path_level': {(1, 0): {}}}",[],100.0,100.0,True,False,False,0,[],0,0.0,2.0,1.0
77,14,2,751.0,2726.0,287074.46044640423,973863.1072510196,0.27549523110785035,0.2947790693670963,11,140,0,2014.87189219553,8891,4660,4231,0.015839493136219684,0.14073923639317631,47,792.8718921955302,1222.0,7,11,False,{},{},{},{},0.0,0.0,0.0,0.0,0.0,0.0,0.0,0.0,0.0,0.0,0.0,0.0,0.0,0.0,Leave Event,0.0,"{'node_level': {}, 'link_level': {}, 'path_level': {}}","{'node_level': {}, 'link_level': {}, 'path_level': {}}","{'node_level': {}, 'link_level': {}, 'path_level': {}}",[],-inf,-inf,True,True,False,0,[],0,0.0,,
78,14,2,751.0,2726.0,287074.46044640423,973863.1072510196,0.27549523110785035,0.2947790693670963,11,141,1,2018.0,8891,4660,4231,0.015839493136219684,0.14073923639317631,77,500.7279627631113,2018.0,10,22,False,"{0: 35, 1: 9, 2: 32}","{(2, 0): []}","{(0, 35): {'cpu': 16}, (1, 9): {'cpu': 6}, (2, 32): {'cpu': 7}}",{},0.0,0.0,204.0,102.0,529.0,0.0,0.0,0.0,0.0,0.0,0.0,0.0,0.0,0.0,Route Failure,100.0,"{'node_level': {'cpu': -85}, 'link_level': {'bw': 100.0}, 'path_level': {}}","{'node_level': {0: {'cpu': -77}, 1: {'cpu': -85}, 2: {'cpu': -85}}, 'link_level': {(2, 0): {'bw': 100.0}}, 'path_level': {(2, 0): {}}}","{'node_level': {0: {'cpu': 0}, 1: {'cpu': 0}, 2: {'cpu': 0}}, 'link_level': {(2, 0): {'bw': 100.0}}, 'path_level': {(2, 0): {}}}",[],100.0,100.0,True,False,False,0,[],0,0.0,3.0,1.0
78,14,2,751.0,2726.0,287074.46044640423,973863.1072510196,0.27549523110785035,0.2947790693670963,11,142,0,2021.0129964594614,8891,4660,4231,0.015839493136219684,0.14073923639317631,67,270.0129964594614,1751.0,6,6,False,{},{},{},{},0.0,0.0,0.0,0.0,0.0,0.0,0.0,0.0,0.0,0.0,0.0,0.0,0.0,0.0,Leave Event,0.0,"{'node_level': {}, 'link_level': {}, 'path_level': {}}","{'node_level': {}, 'link_level': {}, 'path_level': {}}","{'node_level': {}, 'link_level': {}, 'path_level': {}}",[],-inf,-inf,True,True,False,0,[],0,0.0,,
79,14,2,751.0,2726.0,287074.46044640423,973863.1072510196,0.27549523110785035,0.2947790693670963,11,143,1,2048.0,8891,4660,4231,0.015839493136219684,0.14073923639317631,78,313.3924162815803,2048.0,9,22,False,"{0: 9, 1: 17, 2: 29, 3: 32}","{(2, 0): [(29, 14), (14, 6), (6, 2), (2, 0), (0, 1), (1, 4), (4, 9)], (3, 0): []}","{(0, 9): {'cpu': 8}, (1, 17): {'cpu': 3}, (2, 29): {'cpu': 13}, (3, 32): {'cpu': 7}}","{((2, 0), (29, 14)): {'bw': 9}, ((2, 0), (14, 6)): {'bw': 9}, ((2, 0), (6, 2)): {'bw': 9}, ((2, 0), (2, 0)): {'bw': 9}, ((2, 0), (0, 1)): {'bw': 9}, ((2, 0), (1, 4)): {'bw': 9}, ((2, 0), (4, 9)): {'bw': 9}}",0.0,0.0,148.0,74.0,614.0,0.0,0.0,0.0,0.0,0.0,0.0,0.0,0.0,0.0,Route Failure,100.0,"{'node_level': {'cpu': -85}, 'link_level': {'bw': 100.0}, 'path_level': {}}","{'node_level': {0: {'cpu': -83}, 1: {'cpu': -86}, 2: {'cpu': -83}, 3: {'cpu': -85}}, 'link_level': {(2, 0): {'bw': -6}, (3, 0): {'bw': 100.0}}, 'path_level': {(2, 0): {}, (3, 0): {}}}","{'node_level': {0: {'cpu': 0}, 1: {'cpu': 0}, 2: {'cpu': 0}, 3: {'cpu': 0}}, 'link_level': {(2, 0): {'bw': 0}, (3, 0): {'bw': 100.0}}, 'path_level': {(2, 0): {}, (3, 0): {}}}",[],100.0,100.0,True,False,False,0,[],0,0.0,4.0,2.0
79,14,2,751.0,2726.0,287074.46044640423,973863.1072510196,0.27549523110785035,0.2947790693670963,11,144,0,2057.5614084468434,8891,4660,4231,0.015839493136219684,0.14073923639317631,72,174.56140844684336,1883.0,6,8,False,{},{},{},{},0.0,0.0,0.0,0.0,0.0,0.0,0.0,0.0,0.0,0.0,0.0,0.0,0.0,0.0,Leave Event,0.0,"{'node_level': {}, 'link_level': {}, 'path_level': {}}","{'node_level': {}, 'link_level': {}, 'path_level': {}}","{'node_level': {}, 'link_level': {}, 'path_level': {}}",[],-inf,-inf,True,True,False,0,[],0,0.0,,
80,15,3,775.0,2827.0,310418.9642934938,1072104.5609408547,0.2741422002122391,0.2895416880057642,11,145,1,2066.0,8790,4647,4143,0.01858500527983109,0.1586108854589764,79,972.6876602953973,2066.0,2,1,True,"{0: 29, 1: 15}","{(1, 0): [(15, 7), (7, 3), (3, 1), (1, 0), (0, 2), (2, 6), (6, 14), (14, 29)]}","{(0, 29): {'cpu': 10}, (1, 15): {'cpu': 3}}","{((1, 0), (15, 7)): {'bw': 11}, ((1, 0), (7, 3)): {'bw': 11}, ((1, 0), (3, 1)): {'bw': 11}, ((1, 0), (1, 0)): {'bw': 11}, ((1, 0), (0, 2)): {'bw': 11}, ((1, 0), (2, 6)): {'bw': 11}, ((1, 0), (6, 14)): {'bw': 11}, ((1, 0), (14, 29)): {'bw': 11}}",101.0,24.0,26.0,13.0,11.0,13.0,11.0,13.0,88.0,77.0,0.2376237623762376,98241.45368983514,23344.503847089538,231.13370145633203,Success,0.0,"{'node_level': {'cpu': -91}, 'link_level': {'bw': -4}, 'path_level': {}}","{'node_level': {0: {'cpu': -86}, 1: {'cpu': -91}}, 'link_level': {(1, 0): {'bw': -4}}, 'path_level': {(1, 0): {}}}","{'node_level': {0: {'cpu': 0}, 1: {'cpu': 0}}, 'link_level': {(1, 0): {'bw': 0}}, 'path_level': {(1, 0): {}}}",[],-4.0,0.0,True,True,False,0,[],0,0.0,2.0,1.0
80,15,2,775.0,2827.0,310418.9642934938,1072104.5609408547,0.2741422002122391,0.2895416880057642,11,146,0,2078.5856294806695,9051,4675,4376,0.012671594508975703,0.11129163281884646,64,418.58562948066964,1660.0,3,2,False,{},{},{},{},0.0,0.0,0.0,0.0,0.0,0.0,0.0,0.0,0.0,0.0,0.0,0.0,0.0,0.0,Leave Event,0.0,"{'node_level': {}, 'link_level': {}, 'path_level': {}}","{'node_level': {}, 'link_level': {}, 'path_level': {}}","{'node_level': {}, 'link_level': {}, 'path_level': {}}",[],-inf,-inf,True,True,False,0,[],0,0.0,,
81,16,3,814.0,2971.0,314111.6447584591,1085739.0734268806,0.27398182430158197,0.28930675191327454,11,147,1,2083.0,8907,4651,4256,0.01774023231256605,0.13566206336311937,80,94.68411448629094,2083.0,2,1,True,"{0: 55, 1: 59}","{(1, 0): [(59, 27), (27, 13), (13, 6), (6, 2), (2, 5), (5, 11), (11, 23), (23, 55)]}","{(0, 55): {'cpu': 16}, (1, 59): {'cpu': 8}}","{((1, 0), (59, 27)): {'bw': 15}, ((1, 0), (27, 13)): {'bw': 15}, ((1, 0), (13, 6)): {'bw': 15}, ((1, 0), (6, 2)): {'bw': 15}, ((1, 0), (2, 5)): {'bw': 15}, ((1, 0), (5, 11)): {'bw': 15}, ((1, 0), (11, 23)): {'bw': 15}, ((1, 0), (23, 55)): {'bw': 15}}",144.0,39.0,48.0,24.0,15.0,24.0,15.0,24.0,120.0,105.0,0.2708333333333333,13634.512486025895,3692.6804649653463,25.64361434003713,Success,0.0,"{'node_level': {'cpu': -85}, 'link_level': {'bw': -39}, 'path_level': {}}","{'node_level': {0: {'cpu': -83}, 1: {'cpu': -85}}, 'link_level': {(1, 0): {'bw': -39}}, 'path_level': {(1, 0): {}}}","{'node_level': {0: {'cpu': 0}, 1: {'cpu': 0}}, 'link_level': {(1, 0): {'bw': 0}}, 'path_level': {(1, 0): {}}}",[],-39.0,0.0,True,True,False,0,[],0,0.0,2.0,1.0
82,16,3,814.0,2971.0,314111.6447584591,1085739.0734268806,0.27398182430158197,0.28930675191327454,11,148,1,2104.0,8907,4651,4256,0.01774023231256605,0.13566206336311937,81,881.3875681485184,2104.0,3,2,False,"{0: 35, 1: 32, 2: 8}","{(1, 0): [(32, 16), (16, 7), (7, 3), (3, 1), (1, 4), (4, 9), (9, 19), (19, 35)], (2, 0): []}","{(0, 35): {'cpu': 8}, (1, 32): {'cpu': 0}, (2, 8): {'cpu': 19}}","{((1, 0), (32, 16)): {'bw': 5}, ((1, 0), (16, 7)): {'bw': 5}, ((1, 0), (7, 3)): {'bw': 5}, ((1, 0), (3, 1)): {'bw': 5}, ((1, 0), (1, 4)): {'bw': 5}, ((1, 0), (4, 9)): {'bw': 5}, ((1, 0), (9, 19)): {'bw': 5}, ((1, 0), (19, 35)): {'bw': 5}}",0.0,0.0,54.0,27.0,32.0,0.0,0.0,0.0,0.0,0.0,0.0,0.0,0.0,0.0,Route Failure,100.0,"{'node_level': {'cpu': -74}, 'link_level': {'bw': 100.0}, 'path_level': {}}","{'node_level': {0: {'cpu': -85}, 1: {'cpu': -92}, 2: {'cpu': -74}}, 'link_level': {(1, 0): {'bw': -15}, (2, 0): {'bw': 100.0}}, 'path_level': {(1, 0): {}, (2, 0): {}}}","{'node_level': {0: {'cpu': 0}, 1: {'cpu': 0}, 2: {'cpu': 0}}, 'link_level': {(1, 0): {'bw': 0}, (2, 0): {'bw': 100.0}}, 'path_level': {(1, 0): {}, (2, 0): {}}}",[],100.0,100.0,True,False,False,0,[],0,0.0,3.0,2.0
83,16,3,814.0,2971.0,314111.6447584591,1085739.0734268806,0.27398182430158197,0.28930675191327454,11,149,1,2132.0,8907,4651,4256,0.01774023231256605,0.13566206336311937,82,21.490037552167237,2132.0,9,22,False,"{0: 28, 1: 48}","{(1, 0): []}","{(0, 28): {'cpu': 7}, (1, 48): {'cpu': 9}}",{},0.0,0.0,162.0,81.0,692.0,0.0,0.0,0.0,0.0,0.0,0.0,0.0,0.0,0.0,Route Failure,100.0,"{'node_level': {'cpu': -82}, 'link_level': {'bw': 100.0}, 'path_level': {}}","{'node_level': {0: {'cpu': -83}, 1: {'cpu': -82}}, 'link_level': {(1, 0): {'bw': 100.0}}, 'path_level': {(1, 0): {}}}","{'node_level': {0: {'cpu': 0}, 1: {'cpu': 0}}, 'link_level': {(1, 0): {'bw': 100.0}}, 'path_level': {(1, 0): {}}}",[],100.0,100.0,True,False,False,0,[],0,0.0,2.0,1.0
83,16,3,814.0,2971.0,314111.6447584591,1085739.0734268806,0.27398182430158197,0.28930675191327454,11,150,0,2153.4900375521675,8907,4651,4256,0.01774023231256605,0.13566206336311937,82,21.490037552167237,2132.0,9,22,False,{},{},{},{},0.0,0.0,0.0,0.0,0.0,0.0,0.0,0.0,0.0,0.0,0.0,0.0,0.0,0.0,Leave Event,0.0,"{'node_level': {}, 'link_level': {}, 'path_level': {}}","{'node_level': {}, 'link_level': {}, 'path_level': {}}","{'node_level': {}, 'link_level': {}, 'path_level': {}}",[],-inf,-inf,True,True,False,0,[],0,0.0,,
84,16,3,814.0,2971.0,314111.6447584591,1085739.0734268806,0.27398182430158197,0.28930675191327454,11,151,1,2157.0,8907,4651,4256,0.01774023231256605,0.13566206336311937,83,1008.529014751481,2157.0,10,18,False,"{0: 48, 1: 12, 2: 0}","{(2, 0): []}","{(0, 48): {'cpu': 9}, (1, 12): {'cpu': 0}, (2, 0): {'cpu': 14}}",{},0.0,0.0,228.0,114.0,538.0,0.0,0.0,0.0,0.0,0.0,0.0,0.0,0.0,0.0,Route Failure,100.0,"{'node_level': {'cpu': -78}, 'link_level': {'bw': 100.0}, 'path_level': {}}","{'node_level': {0: {'cpu': -82}, 1: {'cpu': -88}, 2: {'cpu': -78}}, 'link_level': {(2, 0): {'bw': 100.0}}, 'path_level': {(2, 0): {}}}","{'node_level': {0: {'cpu': 0}, 1: {'cpu': 0}, 2: {'cpu': 0}}, 'link_level': {(2, 0): {'bw': 100.0}}, 'path_level': {(2, 0): {}}}",[],100.0,100.0,True,False,False,0,[],0,0.0,3.0,1.0
84,16,3,814.0,2971.0,314111.6447584591,1085739.0734268806,0.27398182430158197,0.28930675191327454,11,152,0,2160.8518356433433,8907,4651,4256,0.01774023231256605,0.13566206336311937,65,472.8518356433432,1688.0,4,5,False,{},{},{},{},0.0,0.0,0.0,0.0,0.0,0.0,0.0,0.0,0.0,0.0,0.0,0.0,0.0,0.0,Leave Event,0.0,"{'node_level': {}, 'link_level': {}, 'path_level': {}}","{'node_level': {}, 'link_level': {}, 'path_level': {}}","{'node_level': {}, 'link_level': {}, 'path_level': {}}",[],-inf,-inf,True,True,False,0,[],0,0.0,,
84,16,2,814.0,2971.0,314111.6447584591,1085739.0734268806,0.27398182430158197,0.28930675191327454,11,153,0,2177.684114486291,9051,4675,4376,0.012671594508975703,0.11129163281884646,80,94.68411448629094,2083.0,2,1,False,{},{},{},{},0.0,0.0,0.0,0.0,0.0,0.0,0.0,0.0,0.0,0.0,0.0,0.0,0.0,0.0,Leave Event,0.0,"{'node_level': {}, 'link_level': {}, 'path_level': {}}","{'node_level': {}, 'link_level': {}, 'path_level': {}}","{'node_level': {}, 'link_level': {}, 'path_level': {}}",[],-inf,-inf,True,True,False,0,[],0,0.0,,
85,16,2,814.0,2971.0,314111.6447584591,1085739.0734268806,0.27398182430158197,0.28930675191327454,11,154,1,2179.0,9051,4675,4376,0.012671594508975703,0.11129163281884646,84,563.500615369933,2179.0,9,17,False,"{0: 0, 1: 32, 2: 8}","{(2, 0): []}","{(0, 0): {'cpu': 10}, (1, 32): {'cpu': 9}, (2, 8): {'cpu': 19}}",{},0.0,0.0,224.0,112.0,459.0,0.0,0.0,0.0,0.0,0.0,0.0,0.0,0.0,0.0,Route Failure,100.0,"{'node_level': {'cpu': -74}, 'link_level': {'bw': 100.0}, 'path_level': {}}","{'node_level': {0: {'cpu': -82}, 1: {'cpu': -83}, 2: {'cpu': -74}}, 'link_level': {(2, 0): {'bw': 100.0}}, 'path_level': {(2, 0): {}}}","{'node_level': {0: {'cpu': 0}, 1: {'cpu': 0}, 2: {'cpu': 0}}, 'link_level': {(2, 0): {'bw': 100.0}}, 'path_level': {(2, 0): {}}}",[],100.0,100.0,True,False,False,0,[],0,0.0,3.0,1.0
86,16,2,814.0,2971.0,314111.6447584591,1085739.0734268806,0.27398182430158197,0.28930675191327454,11,155,1,2208.0,9051,4675,4376,0.012671594508975703,0.11129163281884646,85,295.2177839948812,2208.0,6,10,False,"{0: 32, 1: 35}","{(1, 0): []}","{(0, 32): {'cpu': 5}, (1, 35): {'cpu': 14}}",{},0.0,0.0,144.0,72.0,335.0,0.0,0.0,0.0,0.0,0.0,0.0,0.0,0.0,0.0,Route Failure,100.0,"{'node_level': {'cpu': -79}, 'link_level': {'bw': 100.0}, 'path_level': {}}","{'node_level': {0: {'cpu': -87}, 1: {'cpu': -79}}, 'link_level': {(1, 0): {'bw': 100.0}}, 'path_level': {(1, 0): {}}}","{'node_level': {0: {'cpu': 0}, 1: {'cpu': 0}}, 'link_level': {(1, 0): {'bw': 100.0}}, 'path_level': {(1, 0): {}}}",[],100.0,100.0,True,False,False,0,[],0,0.0,2.0,1.0
87,17,3,886.0,3358.0,354195.2078306489,1301188.224939901,0.26384752829064917,0.2722090478854498,11,156,1,2235.0,8664,4648,4016,0.018373812038014803,0.18440292445166528,86,556.7161537804143,2235.0,2,1,True,"{0: 55, 1: 59}","{(1, 0): [(59, 27), (27, 13), (13, 6), (6, 2), (2, 5), (5, 11), (11, 23), (23, 55)]}","{(0, 55): {'cpu': 19}, (1, 59): {'cpu': 8}}","{((1, 0), (59, 27)): {'bw': 45}, ((1, 0), (27, 13)): {'bw': 45}, ((1, 0), (13, 6)): {'bw': 45}, ((1, 0), (6, 2)): {'bw': 45}, ((1, 0), (2, 5)): {'bw': 45}, ((1, 0), (5, 11)): {'bw': 45}, ((1, 0), (11, 23)): {'bw': 45}, ((1, 0), (23, 55)): {'bw': 45}}",387.0,72.0,54.0,27.0,45.0,27.0,45.0,27.0,360.0,315.0,0.18604651162790697,215449.15151302033,40083.56307218983,103.57509837775149,Success,0.0,"{'node_level': {'cpu': -85}, 'link_level': {'bw': -9}, 'path_level': {}}","{'node_level': {0: {'cpu': -80}, 1: {'cpu': -85}}, 'link_level': {(1, 0): {'bw': -9}}, 'path_level': {(1, 0): {}}}","{'node_level': {0: {'cpu': 0}, 1: {'cpu': 0}}, 'link_level': {(1, 0): {'bw': 0}}, 'path_level': {(1, 0): {}}}",[],-9.0,0.0,True,True,False,0,[],0,0.0,2.0,1.0
87,17,3,886.0,3358.0,354195.2078306489,1301188.224939901,0.26384752829064917,0.2722090478854498,11,157,0,2241.364671425165,8664,4648,4016,0.018373812038014803,0.18440292445166528,63,605.3646714251648,1636.0,6,10,False,{},{},{},{},0.0,0.0,0.0,0.0,0.0,0.0,0.0,0.0,0.0,0.0,0.0,0.0,0.0,0.0,Leave Event,0.0,"{'node_level': {}, 'link_level': {}, 'path_level': {}}","{'node_level': {}, 'link_level': {}, 'path_level': {}}","{'node_level': {}, 'link_level': {}, 'path_level': {}}",[],-inf,-inf,True,True,False,0,[],0,0.0,,
88,17,3,886.0,3358.0,354195.2078306489,1301188.224939901,0.26384752829064917,0.2722090478854498,11,158,1,2260.0,8664,4648,4016,0.018373812038014803,0.18440292445166528,87,308.43439349217965,2260.0,2,1,False,"{0: 35, 1: 0}","{(1, 0): []}","{(0, 35): {'cpu': 3}, (1, 0): {'cpu': 4}}",{},0.0,0.0,14.0,7.0,14.0,0.0,0.0,0.0,0.0,0.0,0.0,0.0,0.0,0.0,Route Failure,100.0,"{'node_level': {'cpu': -88}, 'link_level': {'bw': 100.0}, 'path_level': {}}","{'node_level': {0: {'cpu': -90}, 1: {'cpu': -88}}, 'link_level': {(1, 0): {'bw': 100.0}}, 'path_level': {(1, 0): {}}}","{'node_level': {0: {'cpu': 0}, 1: {'cpu': 0}}, 'link_level': {(1, 0): {'bw': 100.0}}, 'path_level': {(1, 0): {}}}",[],100.0,100.0,True,False,False,0,[],0,0.0,2.0,1.0
89,17,3,886.0,3358.0,354195.2078306489,1301188.224939901,0.26384752829064917,0.2722090478854498,11,159,1,2281.0,8664,4648,4016,0.018373812038014803,0.18440292445166528,88,757.0711899562169,2281.0,6,9,False,"{0: 9, 1: 8}","{(1, 0): []}","{(0, 9): {'cpu': 0}, (1, 8): {'cpu': 20}}",{},0.0,0.0,120.0,60.0,283.0,0.0,0.0,0.0,0.0,0.0,0.0,0.0,0.0,0.0,Route Failure,100.0,"{'node_level': {'cpu': -73}, 'link_level': {'bw': 100.0}, 'path_level': {}}","{'node_level': {0: {'cpu': -91}, 1: {'cpu': -73}}, 'link_level': {(1, 0): {'bw': 100.0}}, 'path_level': {(1, 0): {}}}","{'node_level': {0: {'cpu': 0}, 1: {'cpu': 0}}, 'link_level': {(1, 0): {'bw': 100.0}}, 'path_level': {(1, 0): {}}}",[],100.0,100.0,True,False,False,0,[],0,0.0,2.0,1.0
89,17,2,886.0,3358.0,354195.2078306489,1301188.224939901,0.26384752829064917,0.2722090478854498,11,160,0,2301.7417668668168,9171,4695,4476,0.008447729672650506,0.09098294069861901,75,328.74176686681676,1973.0,3,2,False,{},{},{},{},0.0,0.0,0.0,0.0,0.0,0.0,0.0,0.0,0.0,0.0,0.0,0.0,0.0,0.0,Leave Event,0.0,"{'node_level': {}, 'link_level': {}, 'path_level': {}}","{'node_level': {}, 'link_level': {}, 'path_level': {}}","{'node_level': {}, 'link_level': {}, 'path_level': {}}",[],-inf,-inf,True,True,False,0,[],0,0.0,,
90,17,2,886.0,3358.0,354195.2078306489,1301188.224939901,0.26384752829064917,0.2722090478854498,11,161,1,2302.0,9171,4695,4476,0.008447729672650506,0.09098294069861901,89,60.20554014482442,2302.0,5,6,False,"{0: 35, 1: 8, 2: 53}","{(2, 0): [(53, 21), (21, 10), (10, 4), (4, 9), (9, 19), (19, 35)], (2, 1): []}","{(0, 35): {'cpu': 13}, (1, 8): {'cpu': 0}, (2, 53): {'cpu': 16}}","{((2, 0), (53, 21)): {'bw': 50}, ((2, 0), (21, 10)): {'bw': 50}, ((2, 0), (10, 4)): {'bw': 50}, ((2, 0), (4, 9)): {'bw': 50}, ((2, 0), (9, 19)): {'bw': 50}, ((2, 0), (19, 35)): {'bw': 50}}",0.0,0.0,132.0,66.0,240.0,0.0,0.0,0.0,0.0,0.0,0.0,0.0,0.0,0.0,Route Failure,100.0,"{'node_level': {'cpu': -80}, 'link_level': {'bw': 100.0}, 'path_level': {}}","{'node_level': {0: {'cpu': -80}, 1: {'cpu': -93}, 2: {'cpu': -80}}, 'link_level': {(2, 0): {'bw': -13}, (2, 1): {'bw': 100.0}}, 'path_level': {(2, 0): {}, (2, 1): {}}}","{'node_level': {0: {'cpu': 0}, 1: {'cpu': 0}, 2: {'cpu': 0}}, 'link_level': {(2, 0): {'bw': 0}, (2, 1): {'bw': 100.0}}, 'path_level': {(2, 0): {}, (2, 1): {}}}",[],100.0,100.0,True,False,False,0,[],0,0.0,3.0,2.0
90,17,2,886.0,3358.0,354195.2078306489,1301188.224939901,0.26384752829064917,0.2722090478854498,11,162,0,2323.112009059819,9171,4695,4476,0.008447729672650506,0.09098294069861901,57,843.1120090598189,1480.0,4,4,False,{},{},{},{},0.0,0.0,0.0,0.0,0.0,0.0,0.0,0.0,0.0,0.0,0.0,0.0,0.0,0.0,Leave Event,0.0,"{'node_level': {}, 'link_level': {}, 'path_level': {}}","{'node_level': {}, 'link_level': {}, 'path_level': {}}","{'node_level': {}, 'link_level': {}, 'path_level': {}}",[],-inf,-inf,True,True,False,0,[],0,0.0,,
91,18,3,902.0,3446.0,359871.98055887345,1332410.4749451356,0.2617527568195009,0.2700909271774464,11,163,1,2334.0,9083,4687,4396,0.010137275607180585,0.10722989439480102,90,354.79829551403145,2334.0,2,1,True,"{0: 38, 1: 42}","{(1, 0): [(42, 26), (26, 12), (12, 5), (5, 2), (2, 0), (0, 1), (1, 4), (4, 10), (10, 22), (22, 38)]}","{(0, 38): {'cpu': 1}, (1, 42): {'cpu': 7}}","{((1, 0), (42, 26)): {'bw': 8}, ((1, 0), (26, 12)): {'bw': 8}, ((1, 0), (12, 5)): {'bw': 8}, ((1, 0), (5, 2)): {'bw': 8}, ((1, 0), (2, 0)): {'bw': 8}, ((1, 0), (0, 1)): {'bw': 8}, ((1, 0), (1, 4)): {'bw': 8}, ((1, 0), (4, 10)): {'bw': 8}, ((1, 0), (10, 22)): {'bw': 8}, ((1, 0), (22, 38)): {'bw': 8}}",88.0,16.0,16.0,8.0,8.0,8.0,8.0,8.0,80.0,72.0,0.18181818181818182,31222.250005234768,5676.772728224503,64.50878100255117,Success,0.0,"{'node_level': {'cpu': -92}, 'link_level': {'bw': -47}, 'path_level': {}}","{'node_level': {0: {'cpu': -97}, 1: {'cpu': -92}}, 'link_level': {(1, 0): {'bw': -47}}, 'path_level': {(1, 0): {}}}","{'node_level': {0: {'cpu': 0}, 1: {'cpu': 0}}, 'link_level': {(1, 0): {'bw': 0}}, 'path_level': {(1, 0): {}}}",[],-47.0,0.0,True,True,False,0,[],0,0.0,2.0,1.0
91,18,3,902.0,3446.0,359871.98055887345,1332410.4749451356,0.2617527568195009,0.2700909271774464,11,164,0,2348.2759822784224,9083,4687,4396,0.010137275607180585,0.10722989439480102,16,1907.2759822784224,441.0,4,4,False,{},{},{},{},0.0,0.0,0.0,0.0,0.0,0.0,0.0,0.0,0.0,0.0,0.0,0.0,0.0,0.0,Leave Event,0.0,"{'node_level': {}, 'link_level': {}, 'path_level': {}}","{'node_level': {}, 'link_level': {}, 'path_level': {}}","{'node_level': {}, 'link_level': {}, 'path_level': {}}",[],-inf,-inf,True,True,False,0,[],0,0.0,,
92,18,3,902.0,3446.0,359871.98055887345,1332410.4749451356,0.2617527568195009,0.2700909271774464,11,165,1,2357.0,9083,4687,4396,0.010137275607180585,0.10722989439480102,91,1025.8724883723823,2357.0,10,19,False,"{0: 53, 1: 15, 2: 42, 3: 9}","{(2, 0): [(42, 26), (26, 12), (12, 5), (5, 2), (2, 0), (0, 1), (1, 4), (4, 10), (10, 21), (21, 53)], (2, 1): [(42, 26), (26, 12), (12, 5), (5, 2), (2, 0), (0, 1), (1, 3), (3, 7), (7, 15)], (3, 1): []}","{(0, 53): {'cpu': 11}, (1, 15): {'cpu': 2}, (2, 42): {'cpu': 3}, (3, 9): {'cpu': 2}}","{((2, 0), (42, 26)): {'bw': 28}, ((2, 0), (26, 12)): {'bw': 28}, ((2, 0), (12, 5)): {'bw': 28}, ((2, 0), (5, 2)): {'bw': 28}, ((2, 0), (2, 0)): {'bw': 28}, ((2, 0), (0, 1)): {'bw': 28}, ((2, 0), (1, 4)): {'bw': 28}, ((2, 0), (4, 10)): {'bw': 28}, ((2, 0), (10, 21)): {'bw': 28}, ((2, 0), (21, 53)): {'bw': 28}, ((2, 1), (42, 26)): {'bw': 2}, ((2, 1), (26, 12)): {'bw': 2}, ((2, 1), (12, 5)): {'bw': 2}, ((2, 1), (5, 2)): {'bw': 2}, ((2, 1), (2, 0)): {'bw': 2}, ((2, 1), (0, 1)): {'bw': 2}, ((2, 1), (1, 3)): {'bw': 2}, ((2, 1), (3, 7)): {'bw': 2}, ((2, 1), (7, 15)): {'bw': 2}}",0.0,0.0,120.0,60.0,451.0,0.0,0.0,0.0,0.0,0.0,0.0,0.0,0.0,0.0,Route Failure,100.0,"{'node_level': {'cpu': -89}, 'link_level': {'bw': 100.0}, 'path_level': {}}","{'node_level': {0: {'cpu': -85}, 1: {'cpu': -89}, 2: {'cpu': -89}, 3: {'cpu': -89}}, 'link_level': {(2, 0): {'bw': -19}, (2, 1): {'bw': -17}, (3, 1): {'bw': 100.0}}, 'path_level': {(2, 0): {}, (2, 1): {}, (3, 1): {}}}","{'node_level': {0: {'cpu': 0}, 1: {'cpu': 0}, 2: {'cpu': 0}, 3: {'cpu': 0}}, 'link_level': {(2, 0): {'bw': 0}, (2, 1): {'bw': 0}, (3, 1): {'bw': 100.0}}, 'path_level': {(2, 0): {}, (2, 1): {}, (3, 1): {}}}",[],100.0,100.0,True,False,False,0,[],0,0.0,4.0,3.0
92,18,3,902.0,3446.0,359871.98055887345,1332410.4749451356,0.2617527568195009,0.2700909271774464,11,166,0,2361.39241628158,9083,4687,4396,0.010137275607180585,0.10722989439480102,78,313.3924162815803,2048.0,9,22,False,{},{},{},{},0.0,0.0,0.0,0.0,0.0,0.0,0.0,0.0,0.0,0.0,0.0,0.0,0.0,0.0,Leave Event,0.0,"{'node_level': {}, 'link_level': {}, 'path_level': {}}","{'node_level': {}, 'link_level': {}, 'path_level': {}}","{'node_level': {}, 'link_level': {}, 'path_level': {}}",[],-inf,-inf,True,True,False,0,[],0,0.0,,
92,18,3,902.0,3446.0,359871.98055887345,1332410.4749451356,0.2617527568195009,0.2700909271774464,11,167,0,2362.205540144824,9083,4687,4396,0.010137275607180585,0.10722989439480102,89,60.20554014482442,2302.0,5,6,False,{},{},{},{},0.0,0.0,0.0,0.0,0.0,0.0,0.0,0.0,0.0,0.0,0.0,0.0,0.0,0.0,Leave Event,0.0,"{'node_level': {}, 'link_level': {}, 'path_level': {}}","{'node_level': {}, 'link_level': {}, 'path_level': {}}","{'node_level': {}, 'link_level': {}, 'path_level': {}}",[],-inf,-inf,True,True,False,0,[],0,0.0,,
93,18,3,902.0,3446.0,359871.98055887345,1332410.4749451356,0.2617527568195009,0.2700909271774464,11,168,1,2382.0,9083,4687,4396,0.010137275607180585,0.10722989439480102,92,1312.2863014880895,2382.0,4,3,False,"{0: 35, 1: 53, 2: 38, 3: 42}","{(2, 1): [(38, 22), (22, 10), (10, 21), (21, 53)], (3, 0): [(42, 26), (26, 12), (12, 5), (5, 2), (2, 0), (0, 1), (1, 4), (4, 9), (9, 19), (19, 35)], (3, 2): []}","{(0, 35): {'cpu': 7}, (1, 53): {'cpu': 8}, (2, 38): {'cpu': 11}, (3, 42): {'cpu': 4}}","{((2, 1), (38, 22)): {'bw': 31}, ((2, 1), (22, 10)): {'bw': 31}, ((2, 1), (10, 21)): {'bw': 31}, ((2, 1), (21, 53)): {'bw': 31}, ((3, 0), (42, 26)): {'bw': 18}, ((3, 0), (26, 12)): {'bw': 18}, ((3, 0), (12, 5)): {'bw': 18}, ((3, 0), (5, 2)): {'bw': 18}, ((3, 0), (2, 0)): {'bw': 18}, ((3, 0), (0, 1)): {'bw': 18}, ((3, 0), (1, 4)): {'bw': 18}, ((3, 0), (4, 9)): {'bw': 18}, ((3, 0), (9, 19)): {'bw': 18}, ((3, 0), (19, 35)): {'bw': 18}}",0.0,0.0,60.0,30.0,81.0,0.0,0.0,0.0,0.0,0.0,0.0,0.0,0.0,0.0,Route Failure,100.0,"{'node_level': {'cpu': -88}, 'link_level': {'bw': 100.0}, 'path_level': {}}","{'node_level': {0: {'cpu': -86}, 1: {'cpu': -88}, 2: {'cpu': -86}, 3: {'cpu': -88}}, 'link_level': {(2, 1): {'bw': -23}, (3, 0): {'bw': -29}, (3, 2): {'bw': 100.0}}, 'path_level': {(2, 1): {}, (3, 0): {}, (3, 2): {}}}","{'node_level': {0: {'cpu': 0}, 1: {'cpu': 0}, 2: {'cpu': 0}, 3: {'cpu': 0}}, 'link_level': {(2, 1): {'bw': 0}, (3, 0): {'bw': 0}, (3, 2): {'bw': 100.0}}, 'path_level': {(2, 1): {}, (3, 0): {}, (3, 2): {}}}",[],100.0,100.0,True,False,False,0,[],0,0.0,4.0,3.0
94,18,3,902.0,3446.0,359871.98055887345,1332410.4749451356,0.2617527568195009,0.2700909271774464,11,169,1,2411.0,9083,4687,4396,0.010137275607180585,0.10722989439480102,93,124.44632329109982,2411.0,9,11,False,"{0: 38, 1: 8, 2: 32, 3: 0, 4: 53}","{(3, 1): [(0, 1), (1, 3), (3, 8)], (4, 0): [(53, 21), (21, 10), (10, 22), (22, 38)], (4, 2): []}","{(0, 38): {'cpu': 17}, (1, 8): {'cpu': 16}, (2, 32): {'cpu': 13}, (3, 0): {'cpu': 8}, (4, 53): {'cpu': 16}}","{((3, 1), (0, 1)): {'bw': 17}, ((3, 1), (1, 3)): {'bw': 17}, ((3, 1), (3, 8)): {'bw': 17}, ((4, 0), (53, 21)): {'bw': 29}, ((4, 0), (21, 10)): {'bw': 29}, ((4, 0), (10, 22)): {'bw': 29}, ((4, 0), (22, 38)): {'bw': 29}}",0.0,0.0,226.0,113.0,268.0,0.0,0.0,0.0,0.0,0.0,0.0,0.0,0.0,0.0,Route Failure,100.0,"{'node_level': {'cpu': -80}, 'link_level': {'bw': 100.0}, 'path_level': {}}","{'node_level': {0: {'cpu': -80}, 1: {'cpu': -77}, 2: {'cpu': -79}, 3: {'cpu': -84}, 4: {'cpu': -80}}, 'link_level': {(3, 1): {'bw': -30}, (4, 0): {'bw': -25}, (4, 2): {'bw': 100.0}}, 'path_level': {(3, 1): {}, (4, 0): {}, (4, 2): {}}}","{'node_level': {0: {'cpu': 0}, 1: {'cpu': 0}, 2: {'cpu': 0}, 3: {'cpu': 0}, 4: {'cpu': 0}}, 'link_level': {(3, 1): {'bw': 0}, (4, 0): {'bw': 0}, (4, 2): {'bw': 100.0}}, 'path_level': {(3, 1): {}, (4, 0): {}, (4, 2): {}}}",[],100.0,100.0,True,False,False,0,[],0,0.0,5.0,3.0
95,18,3,902.0,3446.0,359871.98055887345,1332410.4749451356,0.2617527568195009,0.2700909271774464,11,170,1,2441.0,9083,4687,4396,0.010137275607180585,0.10722989439480102,94,145.12956347279084,2441.0,4,3,False,"{0: 38, 1: 35, 2: 53, 3: 0}","{(1, 0): [(35, 19), (19, 9), (9, 4), (4, 10), (10, 22), (22, 38)], (3, 0): []}","{(0, 38): {'cpu': 20}, (1, 35): {'cpu': 2}, (2, 53): {'cpu': 14}, (3, 0): {'cpu': 20}}","{((1, 0), (35, 19)): {'bw': 45}, ((1, 0), (19, 9)): {'bw': 45}, ((1, 0), (9, 4)): {'bw': 45}, ((1, 0), (4, 10)): {'bw': 45}, ((1, 0), (10, 22)): {'bw': 45}, ((1, 0), (22, 38)): {'bw': 45}}",0.0,0.0,112.0,56.0,72.0,0.0,0.0,0.0,0.0,0.0,0.0,0.0,0.0,0.0,Route Failure,100.0,"{'node_level': {'cpu': -72}, 'link_level': {'bw': 100.0}, 'path_level': {}}","{'node_level': {0: {'cpu': -77}, 1: {'cpu': -91}, 2: {'cpu': -82}, 3: {'cpu': -72}}, 'link_level': {(1, 0): {'bw': -9}, (3, 0): {'bw': 100.0}}, 'path_level': {(1, 0): {}, (3, 0): {}}}","{'node_level': {0: {'cpu': 0}, 1: {'cpu': 0}, 2: {'cpu': 0}, 3: {'cpu': 0}}, 'link_level': {(1, 0): {'bw': 0}, (3, 0): {'bw': 100.0}}, 'path_level': {(1, 0): {}, (3, 0): {}}}",[],100.0,100.0,True,False,False,0,[],0,0.0,4.0,2.0
95,18,3,902.0,3446.0,359871.98055887345,1332410.4749451356,0.2617527568195009,0.2700909271774464,11,171,0,2445.183315265689,9083,4687,4396,0.010137275607180585,0.10722989439480102,70,612.1833152656892,1833.0,8,17,False,{},{},{},{},0.0,0.0,0.0,0.0,0.0,0.0,0.0,0.0,0.0,0.0,0.0,0.0,0.0,0.0,Leave Event,0.0,"{'node_level': {}, 'link_level': {}, 'path_level': {}}","{'node_level': {}, 'link_level': {}, 'path_level': {}}","{'node_level': {}, 'link_level': {}, 'path_level': {}}",[],-inf,-inf,True,True,False,0,[],0,0.0,,
96,19,4,990.0,3691.0,462987.60893495486,1619493.7584921804,0.26821999458141427,0.2858841576308492,11,172,1,2463.0,8838,4644,4194,0.019218585005279842,0.14825345247766042,95,1171.7685042736523,2463.0,3,2,True,"{0: 53, 1: 38, 2: 0}","{(1, 0): [(38, 22), (22, 10), (10, 21), (21, 53)], (2, 1): [(0, 1), (1, 4), (4, 10), (10, 22), (22, 38)]}","{(0, 53): {'cpu': 13}, (1, 38): {'cpu': 13}, (2, 0): {'cpu': 17}}","{((1, 0), (38, 22)): {'bw': 23}, ((1, 0), (22, 10)): {'bw': 23}, ((1, 0), (10, 21)): {'bw': 23}, ((1, 0), (21, 53)): {'bw': 23}, ((2, 1), (0, 1)): {'bw': 22}, ((2, 1), (1, 4)): {'bw': 22}, ((2, 1), (4, 10)): {'bw': 22}, ((2, 1), (10, 22)): {'bw': 22}, ((2, 1), (22, 38)): {'bw': 22}}",245.0,88.0,86.0,43.0,45.0,43.0,45.0,43.0,202.0,157.0,0.35918367346938773,287083.2835470448,103115.6283760814,420.8801158207404,Success,0.0,"{'node_level': {'cpu': -75}, 'link_level': {'bw': -9}, 'path_level': {}}","{'node_level': {0: {'cpu': -83}, 1: {'cpu': -84}, 2: {'cpu': -75}}, 'link_level': {(1, 0): {'bw': -31}, (2, 1): {'bw': -9}}, 'path_level': {(1, 0): {}, (2, 1): {}}}","{'node_level': {0: {'cpu': 0}, 1: {'cpu': 0}, 2: {'cpu': 0}}, 'link_level': {(1, 0): {'bw': 0}, (2, 1): {'bw': 0}}, 'path_level': {(1, 0): {}, (2, 1): {}}}",[],-9.0,0.0,True,True,False,0,[],0,0.0,3.0,2.0
97,19,4,990.0,3691.0,462987.60893495486,1619493.7584921804,0.26821999458141427,0.2858841576308492,11,173,1,2491.0,8838,4644,4194,0.019218585005279842,0.14825345247766042,96,211.9550927632243,2491.0,5,6,False,"{0: 32, 1: 42, 2: 35}","{(1, 0): [(42, 26), (26, 12), (12, 5), (5, 2), (2, 0), (0, 1), (1, 3), (3, 7), (7, 16), (16, 32)], (2, 0): [(35, 19), (19, 9), (9, 4), (4, 1), (1, 3), (3, 7), (7, 16), (16, 32)], (2, 1): []}","{(0, 32): {'cpu': 10}, (1, 42): {'cpu': 5}, (2, 35): {'cpu': 18}}","{((1, 0), (42, 26)): {'bw': 4}, ((1, 0), (26, 12)): {'bw': 4}, ((1, 0), (12, 5)): {'bw': 4}, ((1, 0), (5, 2)): {'bw': 4}, ((1, 0), (2, 0)): {'bw': 4}, ((1, 0), (0, 1)): {'bw': 4}, ((1, 0), (1, 3)): {'bw': 4}, ((1, 0), (3, 7)): {'bw': 4}, ((1, 0), (7, 16)): {'bw': 4}, ((1, 0), (16, 32)): {'bw': 4}, ((2, 0), (35, 19)): {'bw': 27}, ((2, 0), (19, 9)): {'bw': 27}, ((2, 0), (9, 4)): {'bw': 27}, ((2, 0), (4, 1)): {'bw': 27}, ((2, 0), (1, 3)): {'bw': 27}, ((2, 0), (3, 7)): {'bw': 27}, ((2, 0), (7, 16)): {'bw': 27}, ((2, 0), (16, 32)): {'bw': 27}}",0.0,0.0,98.0,49.0,193.0,0.0,0.0,0.0,0.0,0.0,0.0,0.0,0.0,0.0,Route Failure,100.0,"{'node_level': {'cpu': -75}, 'link_level': {'bw': 100.0}, 'path_level': {}}","{'node_level': {0: {'cpu': -82}, 1: {'cpu': -87}, 2: {'cpu': -75}}, 'link_level': {(1, 0): {'bw': -21}, (2, 0): {'bw': -9}, (2, 1): {'bw': 100.0}}, 'path_level': {(1, 0): {}, (2, 0): {}, (2, 1): {}}}","{'node_level': {0: {'cpu': 0}, 1: {'cpu': 0}, 2: {'cpu': 0}}, 'link_level': {(1, 0): {'bw': 0}, (2, 0): {'bw': 0}, (2, 1): {'bw': 100.0}}, 'path_level': {(1, 0): {}, (2, 0): {}, (2, 1): {}}}",[],100.0,100.0,True,False,False,0,[],0,0.0,3.0,3.0
97,19,4,990.0,3691.0,462987.60893495486,1619493.7584921804,0.26821999458141427,0.2858841576308492,11,174,0,2503.2177839948813,8838,4644,4194,0.019218585005279842,0.14825345247766042,85,295.2177839948812,2208.0,6,10,False,{},{},{},{},0.0,0.0,0.0,0.0,0.0,0.0,0.0,0.0,0.0,0.0,0.0,0.0,0.0,0.0,Leave Event,0.0,"{'node_level': {}, 'link_level': {}, 'path_level': {}}","{'node_level': {}, 'link_level': {}, 'path_level': {}}","{'node_level': {}, 'link_level': {}, 'path_level': {}}",[],-inf,-inf,True,True,False,0,[],0,0.0,,
98,20,5,1094.0,3864.0,466032.41055015824,1624558.6688713168,0.2831262939958592,0.28686708549217266,11,175,1,2516.0,8665,4591,4074,0.030411826821541754,0.17262388302193343,97,29.2769386077246,2516.0,4,3,True,"{0: 42, 1: 8, 2: 0, 3: 1}","{(2, 0): [(0, 2), (2, 5), (5, 12), (12, 26), (26, 42)], (3, 0): [(1, 0), (0, 2), (2, 5), (5, 12), (12, 26), (26, 42)], (3, 1): [(1, 3), (3, 8)]}","{(0, 42): {'cpu': 14}, (1, 8): {'cpu': 12}, (2, 0): {'cpu': 7}, (3, 1): {'cpu': 20}}","{((2, 0), (0, 2)): {'bw': 6}, ((2, 0), (2, 5)): {'bw': 6}, ((2, 0), (5, 12)): {'bw': 6}, ((2, 0), (12, 26)): {'bw': 6}, ((2, 0), (26, 42)): {'bw': 6}, ((3, 0), (1, 0)): {'bw': 0}, ((3, 0), (0, 2)): {'bw': 0}, ((3, 0), (2, 5)): {'bw': 0}, ((3, 0), (5, 12)): {'bw': 0}, ((3, 0), (12, 26)): {'bw': 0}, ((3, 0), (26, 42)): {'bw': 0}, ((3, 1), (1, 3)): {'bw': 45}, ((3, 1), (3, 8)): {'bw': 45}}",173.0,104.0,106.0,53.0,51.0,53.0,51.0,53.0,120.0,69.0,0.6011560693641619,5064.910379136356,3044.8016152033583,17.600009336435598,Success,0.0,"{'node_level': {'cpu': -54}, 'link_level': {'bw': -25}, 'path_level': {}}","{'node_level': {0: {'cpu': -78}, 1: {'cpu': -81}, 2: {'cpu': -68}, 3: {'cpu': -54}}, 'link_level': {(2, 0): {'bw': -41}, (3, 0): {'bw': -25}, (3, 1): {'bw': -26}}, 'path_level': {(2, 0): {}, (3, 0): {}, (3, 1): {}}}","{'node_level': {0: {'cpu': 0}, 1: {'cpu': 0}, 2: {'cpu': 0}, 3: {'cpu': 0}}, 'link_level': {(2, 0): {'bw': 0}, (3, 0): {'bw': 0}, (3, 1): {'bw': 0}}, 'path_level': {(2, 0): {}, (3, 0): {}, (3, 1): {}}}",[],-25.0,0.0,True,True,False,0,[],0,0.0,4.0,3.0
98,20,5,1094.0,3864.0,466032.41055015824,1624558.6688713168,0.2831262939958592,0.28686708549217266,11,176,0,2518.7279627631115,8665,4591,4074,0.030411826821541754,0.17262388302193343,77,500.7279627631113,2018.0,10,22,False,{},{},{},{},0.0,0.0,0.0,0.0,0.0,0.0,0.0,0.0,0.0,0.0,0.0,0.0,0.0,0.0,Leave Event,0.0,"{'node_level': {}, 'link_level': {}, 'path_level': {}}","{'node_level': {}, 'link_level': {}, 'path_level': {}}","{'node_level': {}, 'link_level': {}, 'path_level': {}}",[],-inf,-inf,True,True,False,0,[],0,0.0,,
98,20,5,1094.0,3864.0,466032.41055015824,1624558.6688713168,0.2831262939958592,0.28686708549217266,11,177,0,2535.4463232911,8665,4591,4074,0.030411826821541754,0.17262388302193343,93,124.44632329109982,2411.0,9,11,False,{},{},{},{},0.0,0.0,0.0,0.0,0.0,0.0,0.0,0.0,0.0,0.0,0.0,0.0,0.0,0.0,Leave Event,0.0,"{'node_level': {}, 'link_level': {}, 'path_level': {}}","{'node_level': {}, 'link_level': {}, 'path_level': {}}","{'node_level': {}, 'link_level': {}, 'path_level': {}}",[],-inf,-inf,True,True,False,0,[],0,0.0,,
99,21,6,1259.0,4313.0,569559.0647734446,1906276.6552122599,0.2919081845583121,0.29878090528786616,14,178,1,2538.0,8216,4516,3700,0.04625131995776133,0.24857839155158412,98,627.4342680199173,2538.0,6,6,True,"{0: 48, 1: 35, 2: 0, 3: 32, 4: 15, 5: 28}","{(3, 0): [(32, 16), (16, 48)], (4, 1): [(15, 7), (7, 3), (3, 1), (1, 4), (4, 9), (9, 19), (19, 35)], (4, 3): [(15, 7), (7, 16), (16, 32)], (5, 1): [(28, 13), (13, 6), (6, 2), (2, 0), (0, 1), (1, 4), (4, 9), (9, 19), (19, 35)], (5, 2): [(28, 13), (13, 6), (6, 2), (2, 0)], (5, 3): [(28, 13), (13, 6), (6, 2), (2, 0), (0, 1), (1, 3), (3, 7), (7, 16), (16, 32)]}","{(0, 48): {'cpu': 10}, (1, 35): {'cpu': 16}, (2, 0): {'cpu': 13}, (3, 32): {'cpu': 15}, (4, 15): {'cpu': 13}, (5, 28): {'cpu': 8}}","{((3, 0), (32, 16)): {'bw': 30}, ((3, 0), (16, 48)): {'bw': 30}, ((4, 1), (15, 7)): {'bw': 17}, ((4, 1), (7, 3)): {'bw': 17}, ((4, 1), (3, 1)): {'bw': 17}, ((4, 1), (1, 4)): {'bw': 17}, ((4, 1), (4, 9)): {'bw': 17}, ((4, 1), (9, 19)): {'bw': 17}, ((4, 1), (19, 35)): {'bw': 17}, ((4, 3), (15, 7)): {'bw': 32}, ((4, 3), (7, 16)): {'bw': 32}, ((4, 3), (16, 32)): {'bw': 32}, ((5, 1), (28, 13)): {'bw': 9}, ((5, 1), (13, 6)): {'bw': 9}, ((5, 1), (6, 2)): {'bw': 9}, ((5, 1), (2, 0)): {'bw': 9}, ((5, 1), (0, 1)): {'bw': 9}, ((5, 1), (1, 4)): {'bw': 9}, ((5, 1), (4, 9)): {'bw': 9}, ((5, 1), (9, 19)): {'bw': 9}, ((5, 1), (19, 35)): {'bw': 9}, ((5, 2), (28, 13)): {'bw': 0}, ((5, 2), (13, 6)): {'bw': 0}, ((5, 2), (6, 2)): {'bw': 0}, ((5, 2), (2, 0)): {'bw': 0}, ((5, 3), (28, 13)): {'bw': 2}, ((5, 3), (13, 6)): {'bw': 2}, ((5, 3), (6, 2)): {'bw': 2}, ((5, 3), (2, 0)): {'bw': 2}, ((5, 3), (0, 1)): {'bw': 2}, ((5, 3), (1, 3)): {'bw': 2}, ((5, 3), (3, 7)): {'bw': 2}, ((5, 3), (7, 16)): {'bw': 2}, ((5, 3), (16, 32)): {'bw': 2}}",449.0,165.0,150.0,75.0,90.0,75.0,90.0,75.0,374.0,284.0,0.3674832962138085,281717.9863409429,103526.65422328636,230.5716129694574,Success,0.0,"{'node_level': {'cpu': -82}, 'link_level': {'bw': -1}, 'path_level': {}}","{'node_level': {0: {'cpu': -81}, 1: {'cpu': -77}, 2: {'cpu': -55}, 3: {'cpu': -77}, 4: {'cpu': -78}, 5: {'cpu': -82}}, 'link_level': {(3, 0): {'bw': -49}, (4, 1): {'bw': -9}, (4, 3): {'bw': -17}, (5, 1): {'bw': -3}, (5, 2): {'bw': -3}, (5, 3): {'bw': -1}}, 'path_level': {(3, 0): {}, (4, 1): {}, (4, 3): {}, (5, 1): {}, (5, 2): {}, (5, 3): {}}}","{'node_level': {0: {'cpu': 0}, 1: {'cpu': 0}, 2: {'cpu': 0}, 3: {'cpu': 0}, 4: {'cpu': 0}, 5: {'cpu': 0}}, 'link_level': {(3, 0): {'bw': 0}, (4, 1): {'bw': 0}, (4, 3): {'bw': 0}, (5, 1): {'bw': 0}, (5, 2): {'bw': 0}, (5, 3): {'bw': 0}}, 'path_level': {(3, 0): {}, (4, 1): {}, (4, 3): {}, (5, 1): {}, (5, 2): {}, (5, 3): {}}}",[],-1.0,0.0,True,True,False,0,[],0,0.0,6.0,6.0
99,21,5,1259.0,4313.0,569559.0647734446,1906276.6552122599,0.2919081845583121,0.29878090528786616,14,179,0,2545.276938607725,8389,4569,3820,0.03505807814149953,0.2242079610073111,97,29.2769386077246,2516.0,4,3,False,{},{},{},{},0.0,0.0,0.0,0.0,0.0,0.0,0.0,0.0,0.0,0.0,0.0,0.0,0.0,0.0,Leave Event,0.0,"{'node_level': {}, 'link_level': {}, 'path_level': {}}","{'node_level': {}, 'link_level': {}, 'path_level': {}}","{'node_level': {}, 'link_level': {}, 'path_level': {}}",[],-inf,-inf,True,True,False,0,[],0,0.0,,
100,21,5,1259.0,4313.0,569559.0647734446,1906276.6552122599,0.2919081845583121,0.29878090528786616,14,180,1,2562.0,8389,4569,3820,0.03505807814149953,0.2242079610073111,99,267.57526084600323,2562.0,3,2,False,"{0: 42, 1: 8, 2: 9}","{(1, 0): [(8, 3), (3, 1), (1, 0), (0, 2), (2, 5), (5, 12), (12, 26), (26, 42)], (2, 0): []}","{(0, 42): {'cpu': 0}, (1, 8): {'cpu': 20}, (2, 9): {'cpu': 3}}","{((1, 0), (8, 3)): {'bw': 8}, ((1, 0), (3, 1)): {'bw': 8}, ((1, 0), (1, 0)): {'bw': 8}, ((1, 0), (0, 2)): {'bw': 8}, ((1, 0), (2, 5)): {'bw': 8}, ((1, 0), (5, 12)): {'bw': 8}, ((1, 0), (12, 26)): {'bw': 8}, ((1, 0), (26, 42)): {'bw': 8}}",0.0,0.0,46.0,23.0,24.0,0.0,0.0,0.0,0.0,0.0,0.0,0.0,0.0,0.0,Route Failure,100.0,"{'node_level': {'cpu': -88}, 'link_level': {'bw': 100.0}, 'path_level': {}}","{'node_level': {0: {'cpu': -92}, 1: {'cpu': -73}, 2: {'cpu': -88}}, 'link_level': {(1, 0): {'bw': -6}, (2, 0): {'bw': 100.0}}, 'path_level': {(1, 0): {}, (2, 0): {}}}","{'node_level': {0: {'cpu': 0}, 1: {'cpu': 0}, 2: {'cpu': 0}}, 'link_level': {(1, 0): {'bw': 0}, (2, 0): {'bw': 100.0}}, 'path_level': {(1, 0): {}, (2, 0): {}}}",[],100.0,100.0,True,False,False,0,[],0,0.0,3.0,2.0
100,21,5,1259.0,4313.0,569559.0647734446,1906276.6552122599,0.2919081845583121,0.29878090528786616,14,181,0,2568.43439349218,8389,4569,3820,0.03505807814149953,0.2242079610073111,87,308.43439349217965,2260.0,2,1,False,{},{},{},{},0.0,0.0,0.0,0.0,0.0,0.0,0.0,0.0,0.0,0.0,0.0,0.0,0.0,0.0,Leave Event,0.0,"{'node_level': {}, 'link_level': {}, 'path_level': {}}","{'node_level': {}, 'link_level': {}, 'path_level': {}}","{'node_level': {}, 'link_level': {}, 'path_level': {}}",[],-inf,-inf,True,True,False,0,[],0,0.0,,
100,21,5,1259.0,4313.0,569559.0647734446,1906276.6552122599,0.2919081845583121,0.29878090528786616,14,182,0,2586.129563472791,8389,4569,3820,0.03505807814149953,0.2242079610073111,94,145.12956347279084,2441.0,4,3,False,{},{},{},{},0.0,0.0,0.0,0.0,0.0,0.0,0.0,0.0,0.0,0.0,0.0,0.0,0.0,0.0,Leave Event,0.0,"{'node_level': {}, 'link_level': {}, 'path_level': {}}","{'node_level': {}, 'link_level': {}, 'path_level': {}}","{'node_level': {}, 'link_level': {}, 'path_level': {}}",[],-inf,-inf,True,True,False,0,[],0,0.0,,
101,21,5,1259.0,4313.0,569559.0647734446,1906276.6552122599,0.2919081845583121,0.29878090528786616,14,183,1,2590.0,8389,4569,3820,0.03505807814149953,0.2242079610073111,100,664.6247754682353,2590.0,4,3,False,"{0: 8, 1: 42, 2: 17, 3: 9}","{(1, 0): [(42, 26), (26, 12), (12, 5), (5, 2), (2, 0), (0, 1), (1, 3), (3, 8)], (3, 0): []}","{(0, 8): {'cpu': 17}, (1, 42): {'cpu': 11}, (2, 17): {'cpu': 2}, (3, 9): {'cpu': 9}}","{((1, 0), (42, 26)): {'bw': 7}, ((1, 0), (26, 12)): {'bw': 7}, ((1, 0), (12, 5)): {'bw': 7}, ((1, 0), (5, 2)): {'bw': 7}, ((1, 0), (2, 0)): {'bw': 7}, ((1, 0), (0, 1)): {'bw': 7}, ((1, 0), (1, 3)): {'bw': 7}, ((1, 0), (3, 8)): {'bw': 7}}",0.0,0.0,78.0,39.0,40.0,0.0,0.0,0.0,0.0,0.0,0.0,0.0,0.0,0.0,Route Failure,100.0,"{'node_level': {'cpu': -82}, 'link_level': {'bw': 100.0}, 'path_level': {}}","{'node_level': {0: {'cpu': -76}, 1: {'cpu': -81}, 2: {'cpu': -87}, 3: {'cpu': -82}}, 'link_level': {(1, 0): {'bw': -7}, (3, 0): {'bw': 100.0}}, 'path_level': {(1, 0): {}, (3, 0): {}}}","{'node_level': {0: {'cpu': 0}, 1: {'cpu': 0}, 2: {'cpu': 0}, 3: {'cpu': 0}}, 'link_level': {(1, 0): {'bw': 0}, (3, 0): {'bw': 100.0}}, 'path_level': {(1, 0): {}, (3, 0): {}}}",[],100.0,100.0,True,False,False,0,[],0,0.0,4.0,2.0
102,21,5,1259.0,4313.0,569559.0647734446,1906276.6552122599,0.2919081845583121,0.29878090528786616,14,184,1,2607.0,8389,4569,3820,0.03505807814149953,0.2242079610073111,101,324.17451880825666,2607.0,4,3,False,"{0: 17, 1: 42, 2: 9}","{(2, 0): []}","{(0, 17): {'cpu': 3}, (1, 42): {'cpu': 8}, (2, 9): {'cpu': 8}}",{},0.0,0.0,50.0,25.0,115.0,0.0,0.0,0.0,0.0,0.0,0.0,0.0,0.0,0.0,Route Failure,100.0,"{'node_level': {'cpu': -83}, 'link_level': {'bw': 100.0}, 'path_level': {}}","{'node_level': {0: {'cpu': -86}, 1: {'cpu': -84}, 2: {'cpu': -83}}, 'link_level': {(2, 0): {'bw': 100.0}}, 'path_level': {(2, 0): {}}}","{'node_level': {0: {'cpu': 0}, 1: {'cpu': 0}, 2: {'cpu': 0}}, 'link_level': {(2, 0): {'bw': 100.0}}, 'path_level': {(2, 0): {}}}",[],100.0,100.0,True,False,False,0,[],0,0.0,3.0,1.0
103,21,5,1259.0,4313.0,569559.0647734446,1906276.6552122599,0.2919081845583121,0.29878090528786616,14,185,1,2630.0,8389,4569,3820,0.03505807814149953,0.2242079610073111,102,347.1394648096214,2630.0,9,19,False,"{0: 9, 1: 17}","{(1, 0): []}","{(0, 9): {'cpu': 16}, (1, 17): {'cpu': 15}}",{},0.0,0.0,236.0,118.0,489.0,0.0,0.0,0.0,0.0,0.0,0.0,0.0,0.0,0.0,Route Failure,100.0,"{'node_level': {'cpu': -74}, 'link_level': {'bw': 100.0}, 'path_level': {}}","{'node_level': {0: {'cpu': -75}, 1: {'cpu': -74}}, 'link_level': {(1, 0): {'bw': 100.0}}, 'path_level': {(1, 0): {}}}","{'node_level': {0: {'cpu': 0}, 1: {'cpu': 0}}, 'link_level': {(1, 0): {'bw': 100.0}}, 'path_level': {(1, 0): {}}}",[],100.0,100.0,True,False,False,0,[],0,0.0,2.0,1.0
104,21,5,1259.0,4313.0,569559.0647734446,1906276.6552122599,0.2919081845583121,0.29878090528786616,14,186,1,2648.0,8389,4569,3820,0.03505807814149953,0.2242079610073111,103,270.2661915770329,2648.0,5,4,False,"{0: 9, 1: 8}","{(1, 0): []}","{(0, 9): {'cpu': 10}, (1, 8): {'cpu': 18}}",{},0.0,0.0,114.0,57.0,191.0,0.0,0.0,0.0,0.0,0.0,0.0,0.0,0.0,0.0,Route Failure,100.0,"{'node_level': {'cpu': -75}, 'link_level': {'bw': 100.0}, 'path_level': {}}","{'node_level': {0: {'cpu': -81}, 1: {'cpu': -75}}, 'link_level': {(1, 0): {'bw': 100.0}}, 'path_level': {(1, 0): {}}}","{'node_level': {0: {'cpu': 0}, 1: {'cpu': 0}}, 'link_level': {(1, 0): {'bw': 100.0}}, 'path_level': {(1, 0): {}}}",[],100.0,100.0,True,False,False,0,[],0,0.0,2.0,1.0
104,21,5,1259.0,4313.0,569559.0647734446,1906276.6552122599,0.2919081845583121,0.29878090528786616,14,187,0,2657.3227175451743,8389,4569,3820,0.03505807814149953,0.2242079610073111,76,665.3227175451742,1992.0,10,24,False,{},{},{},{},0.0,0.0,0.0,0.0,0.0,0.0,0.0,0.0,0.0,0.0,0.0,0.0,0.0,0.0,Leave Event,0.0,"{'node_level': {}, 'link_level': {}, 'path_level': {}}","{'node_level': {}, 'link_level': {}, 'path_level': {}}","{'node_level': {}, 'link_level': {}, 'path_level': {}}",[],-inf,-inf,True,True,False,0,[],0,0.0,,
105,21,5,1259.0,4313.0,569559.0647734446,1906276.6552122599,0.2919081845583121,0.29878090528786616,14,188,1,2672.0,8389,4569,3820,0.03505807814149953,0.2242079610073111,104,171.58674721351258,2672.0,6,7,False,"{0: 52, 1: 9, 2: 8, 3: 12}","{(2, 1): [(8, 3), (3, 1), (1, 4), (4, 9)], (3, 1): []}","{(0, 52): {'cpu': 0}, (1, 9): {'cpu': 7}, (2, 8): {'cpu': 20}, (3, 12): {'cpu': 5}}","{((2, 1), (8, 3)): {'bw': 7}, ((2, 1), (3, 1)): {'bw': 7}, ((2, 1), (1, 4)): {'bw': 7}, ((2, 1), (4, 9)): {'bw': 7}}",0.0,0.0,132.0,66.0,203.0,0.0,0.0,0.0,0.0,0.0,0.0,0.0,0.0,0.0,Route Failure,100.0,"{'node_level': {'cpu': -83}, 'link_level': {'bw': 100.0}, 'path_level': {}}","{'node_level': {0: {'cpu': -87}, 1: {'cpu': -84}, 2: {'cpu': -73}, 3: {'cpu': -83}}, 'link_level': {(2, 1): {'bw': -3}, (3, 1): {'bw': 100.0}}, 'path_level': {(2, 1): {}, (3, 1): {}}}","{'node_level': {0: {'cpu': 0}, 1: {'cpu': 0}, 2: {'cpu': 0}, 3: {'cpu': 0}}, 'link_level': {(2, 1): {'bw': 0}, (3, 1): {'bw': 100.0}}, 'path_level': {(2, 1): {}, (3, 1): {}}}",[],100.0,100.0,True,False,False,0,[],0,0.0,4.0,2.0
105,21,4,1259.0,4313.0,569559.0647734446,1906276.6552122599,0.2919081845583121,0.29878090528786616,14,189,0,2688.7982955140315,8477,4577,3900,0.03336853220696934,0.2079610073111292,90,354.79829551403145,2334.0,2,1,False,{},{},{},{},0.0,0.0,0.0,0.0,0.0,0.0,0.0,0.0,0.0,0.0,0.0,0.0,0.0,0.0,Leave Event,0.0,"{'node_level': {}, 'link_level': {}, 'path_level': {}}","{'node_level': {}, 'link_level': {}, 'path_level': {}}","{'node_level': {}, 'link_level': {}, 'path_level': {}}",[],-inf,-inf,True,True,False,0,[],0,0.0,,
106,21,4,1259.0,4313.0,569559.0647734446,1906276.6552122599,0.2919081845583121,0.29878090528786616,14,190,1,2690.0,8477,4577,3900,0.03336853220696934,0.2079610073111292,105,1154.8595769365904,2690.0,3,2,False,"{0: 42, 1: 8, 2: 9}","{(1, 0): [(8, 3), (3, 1), (1, 0), (0, 2), (2, 5), (5, 12), (12, 26), (26, 42)], (2, 1): []}","{(0, 42): {'cpu': 19}, (1, 8): {'cpu': 17}, (2, 9): {'cpu': 10}}","{((1, 0), (8, 3)): {'bw': 4}, ((1, 0), (3, 1)): {'bw': 4}, ((1, 0), (1, 0)): {'bw': 4}, ((1, 0), (0, 2)): {'bw': 4}, ((1, 0), (2, 5)): {'bw': 4}, ((1, 0), (5, 12)): {'bw': 4}, ((1, 0), (12, 26)): {'bw': 4}, ((1, 0), (26, 42)): {'bw': 4}}",0.0,0.0,92.0,46.0,30.0,0.0,0.0,0.0,0.0,0.0,0.0,0.0,0.0,0.0,Route Failure,100.0,"{'node_level': {'cpu': -81}, 'link_level': {'bw': 100.0}, 'path_level': {}}","{'node_level': {0: {'cpu': -80}, 1: {'cpu': -76}, 2: {'cpu': -81}}, 'link_level': {(1, 0): {'bw': -18}, (2, 1): {'bw': 100.0}}, 'path_level': {(1, 0): {}, (2, 1): {}}}","{'node_level': {0: {'cpu': 0}, 1: {'cpu': 0}, 2: {'cpu': 0}}, 'link_level': {(1, 0): {'bw': 0}, (2, 1): {'bw': 100.0}}, 'path_level': {(1, 0): {}, (2, 1): {}}}",[],100.0,100.0,True,False,False,0,[],0,0.0,3.0,2.0
106,21,4,1259.0,4313.0,569559.0647734446,1906276.6552122599,0.2919081845583121,0.29878090528786616,14,191,0,2702.9550927632245,8477,4577,3900,0.03336853220696934,0.2079610073111292,96,211.9550927632243,2491.0,5,6,False,{},{},{},{},0.0,0.0,0.0,0.0,0.0,0.0,0.0,0.0,0.0,0.0,0.0,0.0,0.0,0.0,Leave Event,0.0,"{'node_level': {}, 'link_level': {}, 'path_level': {}}","{'node_level': {}, 'link_level': {}, 'path_level': {}}","{'node_level': {}, 'link_level': {}, 'path_level': {}}",[],-inf,-inf,True,True,False,0,[],0,0.0,,
107,21,4,1259.0,4313.0,569559.0647734446,1906276.6552122599,0.2919081845583121,0.29878090528786616,14,192,1,2721.0,8477,4577,3900,0.03336853220696934,0.2079610073111292,106,552.4976755453773,2721.0,8,13,False,"{0: 39, 1: 12, 2: 17}","{(1, 0): [(12, 5), (5, 11), (11, 23), (23, 39)], (2, 0): []}","{(0, 39): {'cpu': 4}, (1, 12): {'cpu': 9}, (2, 17): {'cpu': 19}}","{((1, 0), (12, 5)): {'bw': 40}, ((1, 0), (5, 11)): {'bw': 40}, ((1, 0), (11, 23)): {'bw': 40}, ((1, 0), (23, 39)): {'bw': 40}}",0.0,0.0,172.0,86.0,381.0,0.0,0.0,0.0,0.0,0.0,0.0,0.0,0.0,0.0,Route Failure,100.0,"{'node_level': {'cpu': -70}, 'link_level': {'bw': 100.0}, 'path_level': {}}","{'node_level': {0: {'cpu': -83}, 1: {'cpu': -79}, 2: {'cpu': -70}}, 'link_level': {(1, 0): {'bw': -2}, (2, 0): {'bw': 100.0}}, 'path_level': {(1, 0): {}, (2, 0): {}}}","{'node_level': {0: {'cpu': 0}, 1: {'cpu': 0}, 2: {'cpu': 0}}, 'link_level': {(1, 0): {'bw': 0}, (2, 0): {'bw': 100.0}}, 'path_level': {(1, 0): {}, (2, 0): {}}}",[],100.0,100.0,True,False,False,0,[],0,0.0,3.0,2.0
107,21,4,1259.0,4313.0,569559.0647734446,1906276.6552122599,0.2919081845583121,0.29878090528786616,14,193,0,2742.5006153699333,8477,4577,3900,0.03336853220696934,0.2079610073111292,84,563.500615369933,2179.0,9,17,False,{},{},{},{},0.0,0.0,0.0,0.0,0.0,0.0,0.0,0.0,0.0,0.0,0.0,0.0,0.0,0.0,Leave Event,0.0,"{'node_level': {}, 'link_level': {}, 'path_level': {}}","{'node_level': {}, 'link_level': {}, 'path_level': {}}","{'node_level': {}, 'link_level': {}, 'path_level': {}}",[],-inf,-inf,True,True,False,0,[],0,0.0,,
108,21,4,1259.0,4313.0,569559.0647734446,1906276.6552122599,0.2919081845583121,0.29878090528786616,14,194,1,2750.0,8477,4577,3900,0.03336853220696934,0.2079610073111292,107,777.5514398528638,2750.0,9,10,False,"{0: 12, 1: 39, 2: 29}","{(2, 1): []}","{(0, 12): {'cpu': 9}, (1, 39): {'cpu': 8}, (2, 29): {'cpu': 0}}",{},0.0,0.0,120.0,60.0,248.0,0.0,0.0,0.0,0.0,0.0,0.0,0.0,0.0,0.0,Route Failure,100.0,"{'node_level': {'cpu': -86}, 'link_level': {'bw': 100.0}, 'path_level': {}}","{'node_level': {0: {'cpu': -79}, 1: {'cpu': -79}, 2: {'cpu': -86}}, 'link_level': {(2, 1): {'bw': 100.0}}, 'path_level': {(2, 1): {}}}","{'node_level': {0: {'cpu': 0}, 1: {'cpu': 0}, 2: {'cpu': 0}}, 'link_level': {(2, 1): {'bw': 100.0}}, 'path_level': {(2, 1): {}}}",[],100.0,100.0,True,False,False,0,[],0,0.0,3.0,1.0
109,21,4,1259.0,4313.0,569559.0647734446,1906276.6552122599,0.2919081845583121,0.29878090528786616,14,195,1,2767.0,8477,4577,3900,0.03336853220696934,0.2079610073111292,108,1130.431501087978,2767.0,3,2,False,"{0: 42, 1: 8, 2: 9}","{(2, 0): [(9, 4), (4, 1), (1, 0), (0, 2), (2, 5), (5, 12), (12, 26), (26, 42)], (2, 1): []}","{(0, 42): {'cpu': 16}, (1, 8): {'cpu': 9}, (2, 9): {'cpu': 2}}","{((2, 0), (9, 4)): {'bw': 16}, ((2, 0), (4, 1)): {'bw': 16}, ((2, 0), (1, 0)): {'bw': 16}, ((2, 0), (0, 2)): {'bw': 16}, ((2, 0), (2, 5)): {'bw': 16}, ((2, 0), (5, 12)): {'bw': 16}, ((2, 0), (12, 26)): {'bw': 16}, ((2, 0), (26, 42)): {'bw': 16}}",0.0,0.0,54.0,27.0,65.0,0.0,0.0,0.0,0.0,0.0,0.0,0.0,0.0,0.0,Route Failure,100.0,"{'node_level': {'cpu': -89}, 'link_level': {'bw': 100.0}, 'path_level': {}}","{'node_level': {0: {'cpu': -83}, 1: {'cpu': -84}, 2: {'cpu': -89}}, 'link_level': {(2, 0): {'bw': -2}, (2, 1): {'bw': 100.0}}, 'path_level': {(2, 0): {}, (2, 1): {}}}","{'node_level': {0: {'cpu': 0}, 1: {'cpu': 0}, 2: {'cpu': 0}}, 'link_level': {(2, 0): {'bw': 0}, (2, 1): {'bw': 100.0}}, 'path_level': {(2, 0): {}, (2, 1): {}}}",[],100.0,100.0,True,False,False,0,[],0,0.0,3.0,2.0
110,21,4,1259.0,4313.0,569559.0647734446,1906276.6552122599,0.2919081845583121,0.29878090528786616,14,196,1,2785.0,8477,4577,3900,0.03336853220696934,0.2079610073111292,109,143.9670136877853,2785.0,2,1,False,"{0: 42, 1: 8}","{(1, 0): []}","{(0, 42): {'cpu': 10}, (1, 8): {'cpu': 9}}",{},0.0,0.0,38.0,19.0,47.0,0.0,0.0,0.0,0.0,0.0,0.0,0.0,0.0,0.0,Route Failure,100.0,"{'node_level': {'cpu': -84}, 'link_level': {'bw': 100.0}, 'path_level': {}}","{'node_level': {0: {'cpu': -89}, 1: {'cpu': -84}}, 'link_level': {(1, 0): {'bw': 100.0}}, 'path_level': {(1, 0): {}}}","{'node_level': {0: {'cpu': 0}, 1: {'cpu': 0}}, 'link_level': {(1, 0): {'bw': 100.0}}, 'path_level': {(1, 0): {}}}",[],100.0,100.0,True,False,False,0,[],0,0.0,2.0,1.0
110,21,3,1259.0,4313.0,569559.0647734446,1906276.6552122599,0.2919081845583121,0.29878090528786616,14,197,0,2791.716153780414,8864,4604,4260,0.027666314677930348,0.13484971567831028,86,556.7161537804143,2235.0,2,1,False,{},{},{},{},0.0,0.0,0.0,0.0,0.0,0.0,0.0,0.0,0.0,0.0,0.0,0.0,0.0,0.0,Leave Event,0.0,"{'node_level': {}, 'link_level': {}, 'path_level': {}}","{'node_level': {}, 'link_level': {}, 'path_level': {}}","{'node_level': {}, 'link_level': {}, 'path_level': {}}",[],-inf,-inf,True,True,False,0,[],0,0.0,,
111,22,4,1286.0,4340.0,603626.1639679573,1940343.7544067726,0.29631336405529957,0.31109238380933474,14,198,1,2814.0,8837,4577,4260,0.03336853220696934,0.13484971567831028,110,1261.7444146115831,2814.0,2,1,True,"{0: 0, 1: 1}","{(1, 0): [(1, 0)]}","{(0, 0): {'cpu': 19}, (1, 1): {'cpu': 8}}","{((1, 0), (1, 0)): {'bw': 0}}",27.0,27.0,54.0,27.0,0.0,27.0,0.0,27.0,0.0,0.0,1.0,34067.099194512746,34067.099194512746,1261.7444146115831,Success,0.0,"{'node_level': {'cpu': -66}, 'link_level': {'bw': -22}, 'path_level': {}}","{'node_level': {0: {'cpu': -43}, 1: {'cpu': -66}}, 'link_level': {(1, 0): {'bw': -22}}, 'path_level': {(1, 0): {}}}","{'node_level': {0: {'cpu': 0}, 1: {'cpu': 0}}, 'link_level': {(1, 0): {'bw': 0}}, 'path_level': {(1, 0): {}}}",[],-22.0,0.0,True,True,False,0,[],0,0.0,2.0,1.0
111,22,4,1286.0,4340.0,603626.1639679573,1940343.7544067726,0.29631336405529957,0.31109238380933474,14,199,0,2829.5752608460034,8837,4577,4260,0.03336853220696934,0.13484971567831028,99,267.57526084600323,2562.0,3,2,False,{},{},{},{},0.0,0.0,0.0,0.0,0.0,0.0,0.0,0.0,0.0,0.0,0.0,0.0,0.0,0.0,Leave Event,0.0,"{'node_level': {}, 'link_level': {}, 'path_level': {}}","{'node_level': {}, 'link_level': {}, 'path_level': {}}","{'node_level': {}, 'link_level': {}, 'path_level': {}}",[],-inf,-inf,True,True,False,0,[],0,0.0,,
111,22,4,1286.0,4340.0,603626.1639679573,1940343.7544067726,0.29631336405529957,0.31109238380933474,14,200,0,2843.5867472135124,8837,4577,4260,0.03336853220696934,0.13484971567831028,104,171.58674721351258,2672.0,6,7,False,{},{},{},{},0.0,0.0,0.0,0.0,0.0,0.0,0.0,0.0,0.0,0.0,0.0,0.0,0.0,0.0,Leave Event,0.0,"{'node_level': {}, 'link_level': {}, 'path_level': {}}","{'node_level': {}, 'link_level': {}, 'path_level': {}}","{'node_level': {}, 'link_level': {}, 'path_level': {}}",[],-inf,-inf,True,True,False,0,[],0,0.0,,
112,22,4,1286.0,4340.0,603626.1639679573,1940343.7544067726,0.29631336405529957,0.31109238380933474,14,201,1,2845.0,8837,4577,4260,0.03336853220696934,0.13484971567831028,111,992.4479625253966,2845.0,7,11,False,"{0: 8, 1: 12, 2: 17}","{(2, 1): []}","{(0, 8): {'cpu': 19}, (1, 12): {'cpu': 5}, (2, 17): {'cpu': 13}}",{},0.0,0.0,214.0,107.0,338.0,0.0,0.0,0.0,0.0,0.0,0.0,0.0,0.0,0.0,Route Failure,100.0,"{'node_level': {'cpu': -76}, 'link_level': {'bw': 100.0}, 'path_level': {}}","{'node_level': {0: {'cpu': -74}, 1: {'cpu': -83}, 2: {'cpu': -76}}, 'link_level': {(2, 1): {'bw': 100.0}}, 'path_level': {(2, 1): {}}}","{'node_level': {0: {'cpu': 0}, 1: {'cpu': 0}, 2: {'cpu': 0}}, 'link_level': {(2, 1): {'bw': 100.0}}, 'path_level': {(2, 1): {}}}",[],100.0,100.0,True,False,False,0,[],0,0.0,3.0,1.0
113,22,4,1286.0,4340.0,603626.1639679573,1940343.7544067726,0.29631336405529957,0.31109238380933474,14,202,1,2864.0,8837,4577,4260,0.03336853220696934,0.13484971567831028,112,352.6961860426115,2864.0,10,21,False,"{0: 59, 1: 50, 2: 17, 3: 8, 4: 55}","{(2, 1): [(17, 8), (8, 18), (18, 50)], (3, 0): [(8, 3), (3, 1), (1, 0), (0, 2), (2, 6), (6, 13), (13, 27), (27, 59)], (3, 1): [(8, 18), (18, 50)], (4, 0): [(55, 23), (23, 11), (11, 5), (5, 2), (2, 6), (6, 13), (13, 27), (27, 59)], (4, 2): []}","{(0, 59): {'cpu': 15}, (1, 50): {'cpu': 7}, (2, 17): {'cpu': 11}, (3, 8): {'cpu': 18}, (4, 55): {'cpu': 20}}","{((2, 1), (17, 8)): {'bw': 8}, ((2, 1), (8, 18)): {'bw': 8}, ((2, 1), (18, 50)): {'bw': 8}, ((3, 0), (8, 3)): {'bw': 9}, ((3, 0), (3, 1)): {'bw': 9}, ((3, 0), (1, 0)): {'bw': 9}, ((3, 0), (0, 2)): {'bw': 9}, ((3, 0), (2, 6)): {'bw': 9}, ((3, 0), (6, 13)): {'bw': 9}, ((3, 0), (13, 27)): {'bw': 9}, ((3, 0), (27, 59)): {'bw': 9}, ((3, 1), (8, 18)): {'bw': 29}, ((3, 1), (18, 50)): {'bw': 29}, ((4, 0), (55, 23)): {'bw': 22}, ((4, 0), (23, 11)): {'bw': 22}, ((4, 0), (11, 5)): {'bw': 22}, ((4, 0), (5, 2)): {'bw': 22}, ((4, 0), (2, 6)): {'bw': 22}, ((4, 0), (6, 13)): {'bw': 22}, ((4, 0), (13, 27)): {'bw': 22}, ((4, 0), (27, 59)): {'bw': 22}}",0.0,0.0,240.0,120.0,442.0,0.0,0.0,0.0,0.0,0.0,0.0,0.0,0.0,0.0,Route Failure,100.0,"{'node_level': {'cpu': -79}, 'link_level': {'bw': 100.0}, 'path_level': {}}","{'node_level': {0: {'cpu': -78}, 1: {'cpu': -80}, 2: {'cpu': -78}, 3: {'cpu': -75}, 4: {'cpu': -79}}, 'link_level': {(2, 1): {'bw': -44}, (3, 0): {'bw': -13}, (3, 1): {'bw': -41}, (4, 0): {'bw': -15}, (4, 2): {'bw': 100.0}}, 'path_level': {(2, 1): {}, (3, 0): {}, (3, 1): {}, (4, 0): {}, (4, 2): {}}}","{'node_level': {0: {'cpu': 0}, 1: {'cpu': 0}, 2: {'cpu': 0}, 3: {'cpu': 0}, 4: {'cpu': 0}}, 'link_level': {(2, 1): {'bw': 0}, (3, 0): {'bw': 0}, (3, 1): {'bw': 0}, (4, 0): {'bw': 0}, (4, 2): {'bw': 100.0}}, 'path_level': {(2, 1): {}, (3, 0): {}, (3, 1): {}, (4, 0): {}, (4, 2): {}}}",[],100.0,100.0,True,False,False,0,[],0,0.0,5.0,5.0
114,22,4,1286.0,4340.0,603626.1639679573,1940343.7544067726,0.29631336405529957,0.31109238380933474,14,203,1,2888.0,8837,4577,4260,0.03336853220696934,0.13484971567831028,113,419.5516338165015,2888.0,6,10,False,"{0: 9, 1: 8}","{(1, 0): []}","{(0, 9): {'cpu': 1}, (1, 8): {'cpu': 5}}",{},0.0,0.0,78.0,39.0,258.0,0.0,0.0,0.0,0.0,0.0,0.0,0.0,0.0,0.0,Route Failure,100.0,"{'node_level': {'cpu': -88}, 'link_level': {'bw': 100.0}, 'path_level': {}}","{'node_level': {0: {'cpu': -90}, 1: {'cpu': -88}}, 'link_level': {(1, 0): {'bw': 100.0}}, 'path_level': {(1, 0): {}}}","{'node_level': {0: {'cpu': 0}, 1: {'cpu': 0}}, 'link_level': {(1, 0): {'bw': 100.0}}, 'path_level': {(1, 0): {}}}",[],100.0,100.0,True,False,False,0,[],0,0.0,2.0,1.0
115,22,4,1286.0,4340.0,603626.1639679573,1940343.7544067726,0.29631336405529957,0.31109238380933474,14,204,1,2917.0,8837,4577,4260,0.03336853220696934,0.13484971567831028,114,61.045534857622236,2917.0,10,22,False,"{0: 17, 1: 42, 2: 59, 3: 8}","{(1, 0): [(42, 26), (26, 12), (12, 5), (5, 2), (2, 0), (0, 1), (1, 3), (3, 8), (8, 17)], (2, 1): [(59, 27), (27, 13), (13, 6), (6, 2), (2, 5), (5, 12), (12, 26), (26, 42)], (3, 1): []}","{(0, 17): {'cpu': 5}, (1, 42): {'cpu': 19}, (2, 59): {'cpu': 11}, (3, 8): {'cpu': 8}}","{((1, 0), (42, 26)): {'bw': 18}, ((1, 0), (26, 12)): {'bw': 18}, ((1, 0), (12, 5)): {'bw': 18}, ((1, 0), (5, 2)): {'bw': 18}, ((1, 0), (2, 0)): {'bw': 18}, ((1, 0), (0, 1)): {'bw': 18}, ((1, 0), (1, 3)): {'bw': 18}, ((1, 0), (3, 8)): {'bw': 18}, ((1, 0), (8, 17)): {'bw': 18}, ((2, 1), (59, 27)): {'bw': 30}, ((2, 1), (27, 13)): {'bw': 30}, ((2, 1), (13, 6)): {'bw': 30}, ((2, 1), (6, 2)): {'bw': 30}, ((2, 1), (2, 5)): {'bw': 30}, ((2, 1), (5, 12)): {'bw': 30}, ((2, 1), (12, 26)): {'bw': 30}, ((2, 1), (26, 42)): {'bw': 30}}",0.0,0.0,150.0,75.0,596.0,0.0,0.0,0.0,0.0,0.0,0.0,0.0,0.0,0.0,Route Failure,100.0,"{'node_level': {'cpu': -85}, 'link_level': {'bw': 100.0}, 'path_level': {}}","{'node_level': {0: {'cpu': -84}, 1: {'cpu': -80}, 2: {'cpu': -82}, 3: {'cpu': -85}}, 'link_level': {(1, 0): {'bw': -4}, (2, 1): {'bw': -16}, (3, 1): {'bw': 100.0}}, 'path_level': {(1, 0): {}, (2, 1): {}, (3, 1): {}}}","{'node_level': {0: {'cpu': 0}, 1: {'cpu': 0}, 2: {'cpu': 0}, 3: {'cpu': 0}}, 'link_level': {(1, 0): {'bw': 0}, (2, 1): {'bw': 0}, (3, 1): {'bw': 100.0}}, 'path_level': {(1, 0): {}, (2, 1): {}, (3, 1): {}}}",[],100.0,100.0,True,False,False,0,[],0,0.0,4.0,3.0
115,22,4,1286.0,4340.0,603626.1639679573,1940343.7544067726,0.29631336405529957,0.31109238380933474,14,205,0,2918.2661915770327,8837,4577,4260,0.03336853220696934,0.13484971567831028,103,270.2661915770329,2648.0,5,4,False,{},{},{},{},0.0,0.0,0.0,0.0,0.0,0.0,0.0,0.0,0.0,0.0,0.0,0.0,0.0,0.0,Leave Event,0.0,"{'node_level': {}, 'link_level': {}, 'path_level': {}}","{'node_level': {}, 'link_level': {}, 'path_level': {}}","{'node_level': {}, 'link_level': {}, 'path_level': {}}",[],-inf,-inf,True,True,False,0,[],0,0.0,,
115,22,4,1286.0,4340.0,603626.1639679573,1940343.7544067726,0.29631336405529957,0.31109238380933474,14,206,0,2928.9670136877853,8837,4577,4260,0.03336853220696934,0.13484971567831028,109,143.9670136877853,2785.0,2,1,False,{},{},{},{},0.0,0.0,0.0,0.0,0.0,0.0,0.0,0.0,0.0,0.0,0.0,0.0,0.0,0.0,Leave Event,0.0,"{'node_level': {}, 'link_level': {}, 'path_level': {}}","{'node_level': {}, 'link_level': {}, 'path_level': {}}","{'node_level': {}, 'link_level': {}, 'path_level': {}}",[],-inf,-inf,True,True,False,0,[],0,0.0,,
115,22,4,1286.0,4340.0,603626.1639679573,1940343.7544067726,0.29631336405529957,0.31109238380933474,14,207,0,2931.174518808257,8837,4577,4260,0.03336853220696934,0.13484971567831028,101,324.17451880825666,2607.0,4,3,False,{},{},{},{},0.0,0.0,0.0,0.0,0.0,0.0,0.0,0.0,0.0,0.0,0.0,0.0,0.0,0.0,Leave Event,0.0,"{'node_level': {}, 'link_level': {}, 'path_level': {}}","{'node_level': {}, 'link_level': {}, 'path_level': {}}","{'node_level': {}, 'link_level': {}, 'path_level': {}}",[],-inf,-inf,True,True,False,0,[],0,0.0,,
115,22,4,1286.0,4340.0,603626.1639679573,1940343.7544067726,0.29631336405529957,0.31109238380933474,14,208,0,2935.218773921043,8837,4577,4260,0.03336853220696934,0.13484971567831028,60,1374.218773921043,1561.0,7,9,False,{},{},{},{},0.0,0.0,0.0,0.0,0.0,0.0,0.0,0.0,0.0,0.0,0.0,0.0,0.0,0.0,Leave Event,0.0,"{'node_level': {}, 'link_level': {}, 'path_level': {}}","{'node_level': {}, 'link_level': {}, 'path_level': {}}","{'node_level': {}, 'link_level': {}, 'path_level': {}}",[],-inf,-inf,True,True,False,0,[],0,0.0,,
116,22,4,1286.0,4340.0,603626.1639679573,1940343.7544067726,0.29631336405529957,0.31109238380933474,14,209,1,2951.0,8837,4577,4260,0.03336853220696934,0.13484971567831028,115,717.9857244161908,2951.0,10,25,False,"{0: 42, 1: 55, 2: 9}","{(1, 0): [(55, 23), (23, 11), (11, 5), (5, 12), (12, 26), (26, 42)], (2, 0): []}","{(0, 42): {'cpu': 20}, (1, 55): {'cpu': 13}, (2, 9): {'cpu': 9}}","{((1, 0), (55, 23)): {'bw': 19}, ((1, 0), (23, 11)): {'bw': 19}, ((1, 0), (11, 5)): {'bw': 19}, ((1, 0), (5, 12)): {'bw': 19}, ((1, 0), (12, 26)): {'bw': 19}, ((1, 0), (26, 42)): {'bw': 19}}",0.0,0.0,222.0,111.0,657.0,0.0,0.0,0.0,0.0,0.0,0.0,0.0,0.0,0.0,Route Failure,100.0,"{'node_level': {'cpu': -82}, 'link_level': {'bw': 100.0}, 'path_level': {}}","{'node_level': {0: {'cpu': -79}, 1: {'cpu': -86}, 2: {'cpu': -82}}, 'link_level': {(1, 0): {'bw': -61}, (2, 0): {'bw': 100.0}}, 'path_level': {(1, 0): {}, (2, 0): {}}}","{'node_level': {0: {'cpu': 0}, 1: {'cpu': 0}, 2: {'cpu': 0}}, 'link_level': {(1, 0): {'bw': 0}, (2, 0): {'bw': 100.0}}, 'path_level': {(1, 0): {}, (2, 0): {}}}",[],100.0,100.0,True,False,False,0,[],0,0.0,3.0,2.0
117,22,4,1286.0,4340.0,603626.1639679573,1940343.7544067726,0.29631336405529957,0.31109238380933474,14,210,1,2975.0,8837,4577,4260,0.03336853220696934,0.13484971567831028,116,95.11134868989363,2975.0,5,7,False,"{0: 8, 1: 55, 2: 9}","{(2, 0): [(9, 4), (4, 1), (1, 3), (3, 8)], (2, 1): []}","{(0, 8): {'cpu': 16}, (1, 55): {'cpu': 15}, (2, 9): {'cpu': 14}}","{((2, 0), (9, 4)): {'bw': 1}, ((2, 0), (4, 1)): {'bw': 1}, ((2, 0), (1, 3)): {'bw': 1}, ((2, 0), (3, 8)): {'bw': 1}}",0.0,0.0,134.0,67.0,169.0,0.0,0.0,0.0,0.0,0.0,0.0,0.0,0.0,0.0,Route Failure,100.0,"{'node_level': {'cpu': -77}, 'link_level': {'bw': 100.0}, 'path_level': {}}","{'node_level': {0: {'cpu': -77}, 1: {'cpu': -84}, 2: {'cpu': -77}}, 'link_level': {(2, 0): {'bw': -17}, (2, 1): {'bw': 100.0}}, 'path_level': {(2, 0): {}, (2, 1): {}}}","{'node_level': {0: {'cpu': 0}, 1: {'cpu': 0}, 2: {'cpu': 0}}, 'link_level': {(2, 0): {'bw': 0}, (2, 1): {'bw': 100.0}}, 'path_level': {(2, 0): {}, (2, 1): {}}}",[],100.0,100.0,True,False,False,0,[],0,0.0,3.0,2.0
117,22,4,1286.0,4340.0,603626.1639679573,1940343.7544067726,0.29631336405529957,0.31109238380933474,14,211,0,2977.1394648096216,8837,4577,4260,0.03336853220696934,0.13484971567831028,102,347.1394648096214,2630.0,9,19,False,{},{},{},{},0.0,0.0,0.0,0.0,0.0,0.0,0.0,0.0,0.0,0.0,0.0,0.0,0.0,0.0,Leave Event,0.0,"{'node_level': {}, 'link_level': {}, 'path_level': {}}","{'node_level': {}, 'link_level': {}, 'path_level': {}}","{'node_level': {}, 'link_level': {}, 'path_level': {}}",[],-inf,-inf,True,True,False,0,[],0,0.0,,
117,22,4,1286.0,4340.0,603626.1639679573,1940343.7544067726,0.29631336405529957,0.31109238380933474,14,212,0,2978.0455348576224,8837,4577,4260,0.03336853220696934,0.13484971567831028,114,61.045534857622236,2917.0,10,22,False,{},{},{},{},0.0,0.0,0.0,0.0,0.0,0.0,0.0,0.0,0.0,0.0,0.0,0.0,0.0,0.0,Leave Event,0.0,"{'node_level': {}, 'link_level': {}, 'path_level': {}}","{'node_level': {}, 'link_level': {}, 'path_level': {}}","{'node_level': {}, 'link_level': {}, 'path_level': {}}",[],-inf,-inf,True,True,False,0,[],0,0.0,,
117,22,4,1286.0,4340.0,603626.1639679573,1940343.7544067726,0.29631336405529957,0.31109238380933474,14,213,0,2985.3875681485183,8837,4577,4260,0.03336853220696934,0.13484971567831028,81,881.3875681485184,2104.0,3,2,False,{},{},{},{},0.0,0.0,0.0,0.0,0.0,0.0,0.0,0.0,0.0,0.0,0.0,0.0,0.0,0.0,Leave Event,0.0,"{'node_level': {}, 'link_level': {}, 'path_level': {}}","{'node_level': {}, 'link_level': {}, 'path_level': {}}","{'node_level': {}, 'link_level': {}, 'path_level': {}}",[],-inf,-inf,True,True,False,0,[],0,0.0,,
118,22,4,1286.0,4340.0,603626.1639679573,1940343.7544067726,0.29631336405529957,0.31109238380933474,14,214,1,3002.0,8837,4577,4260,0.03336853220696934,0.13484971567831028,117,381.6089317019422,3002.0,6,8,False,"{0: 59, 1: 8}","{(1, 0): []}","{(0, 59): {'cpu': 6}, (1, 8): {'cpu': 11}}",{},0.0,0.0,118.0,59.0,169.0,0.0,0.0,0.0,0.0,0.0,0.0,0.0,0.0,0.0,Route Failure,100.0,"{'node_level': {'cpu': -82}, 'link_level': {'bw': 100.0}, 'path_level': {}}","{'node_level': {0: {'cpu': -87}, 1: {'cpu': -82}}, 'link_level': {(1, 0): {'bw': 100.0}}, 'path_level': {(1, 0): {}}}","{'node_level': {0: {'cpu': 0}, 1: {'cpu': 0}}, 'link_level': {(1, 0): {'bw': 100.0}}, 'path_level': {(1, 0): {}}}",[],100.0,100.0,True,False,False,0,[],0,0.0,2.0,1.0
119,22,4,1286.0,4340.0,603626.1639679573,1940343.7544067726,0.29631336405529957,0.31109238380933474,14,215,1,3021.0,8837,4577,4260,0.03336853220696934,0.13484971567831028,118,67.58768888749623,3021.0,4,4,False,"{0: 42, 1: 59, 2: 8, 3: 55}","{(1, 0): [(59, 27), (27, 13), (13, 6), (6, 2), (2, 5), (5, 12), (12, 26), (26, 42)], (3, 0): [(55, 23), (23, 11), (11, 5), (5, 12), (12, 26), (26, 42)], (3, 1): []}","{(0, 42): {'cpu': 18}, (1, 59): {'cpu': 5}, (2, 8): {'cpu': 14}, (3, 55): {'cpu': 20}}","{((1, 0), (59, 27)): {'bw': 46}, ((1, 0), (27, 13)): {'bw': 46}, ((1, 0), (13, 6)): {'bw': 46}, ((1, 0), (6, 2)): {'bw': 46}, ((1, 0), (2, 5)): {'bw': 46}, ((1, 0), (5, 12)): {'bw': 46}, ((1, 0), (12, 26)): {'bw': 46}, ((1, 0), (26, 42)): {'bw': 46}, ((3, 0), (55, 23)): {'bw': 16}, ((3, 0), (23, 11)): {'bw': 16}, ((3, 0), (11, 5)): {'bw': 16}, ((3, 0), (5, 12)): {'bw': 16}, ((3, 0), (12, 26)): {'bw': 16}, ((3, 0), (26, 42)): {'bw': 16}}",0.0,0.0,114.0,57.0,90.0,0.0,0.0,0.0,0.0,0.0,0.0,0.0,0.0,0.0,Route Failure,100.0,"{'node_level': {'cpu': -79}, 'link_level': {'bw': 100.0}, 'path_level': {}}","{'node_level': {0: {'cpu': -81}, 1: {'cpu': -88}, 2: {'cpu': -79}, 3: {'cpu': -79}}, 'link_level': {(1, 0): {'bw': 0}, (3, 0): {'bw': -18}, (3, 1): {'bw': 100.0}}, 'path_level': {(1, 0): {}, (3, 0): {}, (3, 1): {}}}","{'node_level': {0: {'cpu': 0}, 1: {'cpu': 0}, 2: {'cpu': 0}, 3: {'cpu': 0}}, 'link_level': {(1, 0): {'bw': 0}, (3, 0): {'bw': 0}, (3, 1): {'bw': 100.0}}, 'path_level': {(1, 0): {}, (3, 0): {}, (3, 1): {}}}",[],100.0,100.0,True,False,False,0,[],0,0.0,4.0,3.0
119,22,4,1286.0,4340.0,603626.1639679573,1940343.7544067726,0.29631336405529957,0.31109238380933474,14,216,0,3038.071189956217,8837,4577,4260,0.03336853220696934,0.13484971567831028,88,757.0711899562169,2281.0,6,9,False,{},{},{},{},0.0,0.0,0.0,0.0,0.0,0.0,0.0,0.0,0.0,0.0,0.0,0.0,0.0,0.0,Leave Event,0.0,"{'node_level': {}, 'link_level': {}, 'path_level': {}}","{'node_level': {}, 'link_level': {}, 'path_level': {}}","{'node_level': {}, 'link_level': {}, 'path_level': {}}",[],-inf,-inf,True,True,False,0,[],0,0.0,,
119,22,3,1286.0,4340.0,603626.1639679573,1940343.7544067726,0.29631336405529957,0.31109238380933474,14,217,0,3038.687660295397,8938,4590,4348,0.03062302006335793,0.1169780666125102,79,972.6876602953973,2066.0,2,1,False,{},{},{},{},0.0,0.0,0.0,0.0,0.0,0.0,0.0,0.0,0.0,0.0,0.0,0.0,0.0,0.0,Leave Event,0.0,"{'node_level': {}, 'link_level': {}, 'path_level': {}}","{'node_level': {}, 'link_level': {}, 'path_level': {}}","{'node_level': {}, 'link_level': {}, 'path_level': {}}",[],-inf,-inf,True,True,False,0,[],0,0.0,,
120,22,3,1286.0,4340.0,603626.1639679573,1940343.7544067726,0.29631336405529957,0.31109238380933474,14,218,1,3051.0,8938,4590,4348,0.03062302006335793,0.1169780666125102,119,37.856141114457934,3051.0,7,13,False,"{0: 42, 1: 59, 2: 8}","{(1, 0): [(59, 27), (27, 13), (13, 6), (6, 2), (2, 5), (5, 12), (12, 26), (26, 42)], (2, 0): []}","{(0, 42): {'cpu': 18}, (1, 59): {'cpu': 2}, (2, 8): {'cpu': 2}}","{((1, 0), (59, 27)): {'bw': 20}, ((1, 0), (27, 13)): {'bw': 20}, ((1, 0), (13, 6)): {'bw': 20}, ((1, 0), (6, 2)): {'bw': 20}, ((1, 0), (2, 5)): {'bw': 20}, ((1, 0), (5, 12)): {'bw': 20}, ((1, 0), (12, 26)): {'bw': 20}, ((1, 0), (26, 42)): {'bw': 20}}",0.0,0.0,122.0,61.0,369.0,0.0,0.0,0.0,0.0,0.0,0.0,0.0,0.0,0.0,Route Failure,100.0,"{'node_level': {'cpu': -91}, 'link_level': {'bw': 100.0}, 'path_level': {}}","{'node_level': {0: {'cpu': -81}, 1: {'cpu': -91}, 2: {'cpu': -91}}, 'link_level': {(1, 0): {'bw': -37}, (2, 0): {'bw': 100.0}}, 'path_level': {(1, 0): {}, (2, 0): {}}}","{'node_level': {0: {'cpu': 0}, 1: {'cpu': 0}, 2: {'cpu': 0}}, 'link_level': {(1, 0): {'bw': 0}, (2, 0): {'bw': 100.0}}, 'path_level': {(1, 0): {}, (2, 0): {}}}",[],100.0,100.0,True,False,False,0,[],0,0.0,3.0,2.0
120,22,3,1286.0,4340.0,603626.1639679573,1940343.7544067726,0.29631336405529957,0.31109238380933474,14,219,0,3070.1113486898935,8938,4590,4348,0.03062302006335793,0.1169780666125102,116,95.11134868989363,2975.0,5,7,False,{},{},{},{},0.0,0.0,0.0,0.0,0.0,0.0,0.0,0.0,0.0,0.0,0.0,0.0,0.0,0.0,Leave Event,0.0,"{'node_level': {}, 'link_level': {}, 'path_level': {}}","{'node_level': {}, 'link_level': {}, 'path_level': {}}","{'node_level': {}, 'link_level': {}, 'path_level': {}}",[],-inf,-inf,True,True,False,0,[],0,0.0,,
121,22,3,1286.0,4340.0,603626.1639679573,1940343.7544067726,0.29631336405529957,0.31109238380933474,14,220,1,3074.0,8938,4590,4348,0.03062302006335793,0.1169780666125102,120,469.5589550530273,3074.0,6,10,False,"{0: 42, 1: 9, 2: 29, 3: 8, 4: 55}","{(2, 0): [(29, 14), (14, 6), (6, 2), (2, 5), (5, 12), (12, 26), (26, 42)], (3, 2): [(8, 3), (3, 1), (1, 0), (0, 2), (2, 6), (6, 14), (14, 29)], (4, 0): []}","{(0, 42): {'cpu': 19}, (1, 9): {'cpu': 7}, (2, 29): {'cpu': 12}, (3, 8): {'cpu': 12}, (4, 55): {'cpu': 15}}","{((2, 0), (29, 14)): {'bw': 49}, ((2, 0), (14, 6)): {'bw': 49}, ((2, 0), (6, 2)): {'bw': 49}, ((2, 0), (2, 5)): {'bw': 49}, ((2, 0), (5, 12)): {'bw': 49}, ((2, 0), (12, 26)): {'bw': 49}, ((2, 0), (26, 42)): {'bw': 49}, ((3, 2), (8, 3)): {'bw': 0}, ((3, 2), (3, 1)): {'bw': 0}, ((3, 2), (1, 0)): {'bw': 0}, ((3, 2), (0, 2)): {'bw': 0}, ((3, 2), (2, 6)): {'bw': 0}, ((3, 2), (6, 14)): {'bw': 0}, ((3, 2), (14, 29)): {'bw': 0}}",0.0,0.0,158.0,79.0,247.0,0.0,0.0,0.0,0.0,0.0,0.0,0.0,0.0,0.0,Route Failure,100.0,"{'node_level': {'cpu': -84}, 'link_level': {'bw': 100.0}, 'path_level': {}}","{'node_level': {0: {'cpu': -80}, 1: {'cpu': -84}, 2: {'cpu': -84}, 3: {'cpu': -81}, 4: {'cpu': -84}}, 'link_level': {(2, 0): {'bw': -8}, (3, 2): {'bw': -8}, (4, 0): {'bw': 100.0}}, 'path_level': {(2, 0): {}, (3, 2): {}, (4, 0): {}}}","{'node_level': {0: {'cpu': 0}, 1: {'cpu': 0}, 2: {'cpu': 0}, 3: {'cpu': 0}, 4: {'cpu': 0}}, 'link_level': {(2, 0): {'bw': 0}, (3, 2): {'bw': 0}, (4, 0): {'bw': 100.0}}, 'path_level': {(2, 0): {}, (3, 2): {}, (4, 0): {}}}",[],100.0,100.0,True,False,False,0,[],0,0.0,5.0,3.0
121,22,3,1286.0,4340.0,603626.1639679573,1940343.7544067726,0.29631336405529957,0.31109238380933474,14,221,0,3088.5876888874964,8938,4590,4348,0.03062302006335793,0.1169780666125102,118,67.58768888749623,3021.0,4,4,False,{},{},{},{},0.0,0.0,0.0,0.0,0.0,0.0,0.0,0.0,0.0,0.0,0.0,0.0,0.0,0.0,Leave Event,0.0,"{'node_level': {}, 'link_level': {}, 'path_level': {}}","{'node_level': {}, 'link_level': {}, 'path_level': {}}","{'node_level': {}, 'link_level': {}, 'path_level': {}}",[],-inf,-inf,True,True,False,0,[],0,0.0,,
121,22,3,1286.0,4340.0,603626.1639679573,1940343.7544067726,0.29631336405529957,0.31109238380933474,14,222,0,3088.856141114458,8938,4590,4348,0.03062302006335793,0.1169780666125102,119,37.856141114457934,3051.0,7,13,False,{},{},{},{},0.0,0.0,0.0,0.0,0.0,0.0,0.0,0.0,0.0,0.0,0.0,0.0,0.0,0.0,Leave Event,0.0,"{'node_level': {}, 'link_level': {}, 'path_level': {}}","{'node_level': {}, 'link_level': {}, 'path_level': {}}","{'node_level': {}, 'link_level': {}, 'path_level': {}}",[],-inf,-inf,True,True,False,0,[],0,0.0,,
122,22,3,1286.0,4340.0,603626.1639679573,1940343.7544067726,0.29631336405529957,0.31109238380933474,14,223,1,3100.0,8938,4590,4348,0.03062302006335793,0.1169780666125102,121,337.8532089746779,3100.0,9,22,False,"{0: 42, 1: 9, 2: 50}","{(2, 1): []}","{(0, 42): {'cpu': 17}, (1, 9): {'cpu': 6}, (2, 50): {'cpu': 3}}",{},0.0,0.0,176.0,88.0,592.0,0.0,0.0,0.0,0.0,0.0,0.0,0.0,0.0,0.0,Route Failure,100.0,"{'node_level': {'cpu': -84}, 'link_level': {'bw': 100.0}, 'path_level': {}}","{'node_level': {0: {'cpu': -82}, 1: {'cpu': -85}, 2: {'cpu': -84}}, 'link_level': {(2, 1): {'bw': 100.0}}, 'path_level': {(2, 1): {}}}","{'node_level': {0: {'cpu': 0}, 1: {'cpu': 0}, 2: {'cpu': 0}}, 'link_level': {(2, 1): {'bw': 100.0}}, 'path_level': {(2, 1): {}}}",[],100.0,100.0,True,False,False,0,[],0,0.0,3.0,1.0
123,22,3,1286.0,4340.0,603626.1639679573,1940343.7544067726,0.29631336405529957,0.31109238380933474,14,224,1,3129.0,8938,4590,4348,0.03062302006335793,0.1169780666125102,122,561.6727257019453,3129.0,3,2,False,"{0: 29, 1: 42, 2: 55}","{(2, 0): [(55, 23), (23, 11), (11, 5), (5, 2), (2, 6), (6, 14), (14, 29)], (2, 1): []}","{(0, 29): {'cpu': 14}, (1, 42): {'cpu': 12}, (2, 55): {'cpu': 19}}","{((2, 0), (55, 23)): {'bw': 45}, ((2, 0), (23, 11)): {'bw': 45}, ((2, 0), (11, 5)): {'bw': 45}, ((2, 0), (5, 2)): {'bw': 45}, ((2, 0), (2, 6)): {'bw': 45}, ((2, 0), (6, 14)): {'bw': 45}, ((2, 0), (14, 29)): {'bw': 45}}",0.0,0.0,90.0,45.0,92.0,0.0,0.0,0.0,0.0,0.0,0.0,0.0,0.0,0.0,Route Failure,100.0,"{'node_level': {'cpu': -80}, 'link_level': {'bw': 100.0}, 'path_level': {}}","{'node_level': {0: {'cpu': -82}, 1: {'cpu': -87}, 2: {'cpu': -80}}, 'link_level': {(2, 0): {'bw': -12}, (2, 1): {'bw': 100.0}}, 'path_level': {(2, 0): {}, (2, 1): {}}}","{'node_level': {0: {'cpu': 0}, 1: {'cpu': 0}, 2: {'cpu': 0}}, 'link_level': {(2, 0): {'bw': 0}, (2, 1): {'bw': 100.0}}, 'path_level': {(2, 0): {}, (2, 1): {}}}",[],100.0,100.0,True,False,False,0,[],0,0.0,3.0,2.0
124,23,4,1352.0,4578.0,655262.0421592223,2126545.860611637,0.29532546963739625,0.30813445141068146,14,225,1,3153.0,8700,4567,4133,0.03548046462513199,0.16064175467099917,123,782.3617907767425,3153.0,2,1,True,"{0: 55, 1: 0}","{(1, 0): [(0, 2), (2, 5), (5, 11), (11, 23), (23, 55)]}","{(0, 55): {'cpu': 14}, (1, 0): {'cpu': 9}}","{((1, 0), (0, 2)): {'bw': 43}, ((1, 0), (2, 5)): {'bw': 43}, ((1, 0), (5, 11)): {'bw': 43}, ((1, 0), (11, 23)): {'bw': 43}, ((1, 0), (23, 55)): {'bw': 43}}",238.0,66.0,46.0,23.0,43.0,23.0,43.0,23.0,215.0,172.0,0.2773109243697479,186202.1062048647,51635.87819126501,216.95747139186977,Success,0.0,"{'node_level': {'cpu': -34}, 'link_level': {'bw': -12}, 'path_level': {}}","{'node_level': {0: {'cpu': -85}, 1: {'cpu': -34}}, 'link_level': {(1, 0): {'bw': -12}}, 'path_level': {(1, 0): {}}}","{'node_level': {0: {'cpu': 0}, 1: {'cpu': 0}}, 'link_level': {(1, 0): {'bw': 0}}, 'path_level': {(1, 0): {}}}",[],-12.0,0.0,True,True,False,0,[],0,0.0,2.0,1.0
124,23,3,1352.0,4578.0,655262.0421592223,2126545.860611637,0.29532546963739625,0.30813445141068146,14,226,0,3165.4342680199175,9149,4642,4507,0.019640971488912307,0.08468724614134848,98,627.4342680199173,2538.0,6,6,False,{},{},{},{},0.0,0.0,0.0,0.0,0.0,0.0,0.0,0.0,0.0,0.0,0.0,0.0,0.0,0.0,Leave Event,0.0,"{'node_level': {}, 'link_level': {}, 'path_level': {}}","{'node_level': {}, 'link_level': {}, 'path_level': {}}","{'node_level': {}, 'link_level': {}, 'path_level': {}}",[],-inf,-inf,True,True,False,0,[],0,0.0,,
124,23,3,1352.0,4578.0,655262.0421592223,2126545.860611637,0.29532546963739625,0.30813445141068146,14,227,0,3165.529014751481,9149,4642,4507,0.019640971488912307,0.08468724614134848,83,1008.529014751481,2157.0,10,18,False,{},{},{},{},0.0,0.0,0.0,0.0,0.0,0.0,0.0,0.0,0.0,0.0,0.0,0.0,0.0,0.0,Leave Event,0.0,"{'node_level': {}, 'link_level': {}, 'path_level': {}}","{'node_level': {}, 'link_level': {}, 'path_level': {}}","{'node_level': {}, 'link_level': {}, 'path_level': {}}",[],-inf,-inf,True,True,False,0,[],0,0.0,,
125,23,3,1352.0,4578.0,655262.0421592223,2126545.860611637,0.29532546963739625,0.30813445141068146,14,228,1,3177.0,9149,4642,4507,0.019640971488912307,0.08468724614134848,124,2028.1630351149151,3177.0,9,20,False,"{0: 29, 1: 9, 2: 15, 3: 42}","{(2, 0): [(15, 7), (7, 3), (3, 1), (1, 0), (0, 2), (2, 6), (6, 14), (14, 29)], (2, 1): [(15, 7), (7, 3), (3, 1), (1, 4), (4, 9)], (3, 0): [(42, 26), (26, 12), (12, 5), (5, 2), (2, 6), (6, 14), (14, 29)], (3, 1): []}","{(0, 29): {'cpu': 13}, (1, 9): {'cpu': 1}, (2, 15): {'cpu': 10}, (3, 42): {'cpu': 17}}","{((2, 0), (15, 7)): {'bw': 9}, ((2, 0), (7, 3)): {'bw': 9}, ((2, 0), (3, 1)): {'bw': 9}, ((2, 0), (1, 0)): {'bw': 9}, ((2, 0), (0, 2)): {'bw': 9}, ((2, 0), (2, 6)): {'bw': 9}, ((2, 0), (6, 14)): {'bw': 9}, ((2, 0), (14, 29)): {'bw': 9}, ((2, 1), (15, 7)): {'bw': 12}, ((2, 1), (7, 3)): {'bw': 12}, ((2, 1), (3, 1)): {'bw': 12}, ((2, 1), (1, 4)): {'bw': 12}, ((2, 1), (4, 9)): {'bw': 12}, ((3, 0), (42, 26)): {'bw': 25}, ((3, 0), (26, 12)): {'bw': 25}, ((3, 0), (12, 5)): {'bw': 25}, ((3, 0), (5, 2)): {'bw': 25}, ((3, 0), (2, 6)): {'bw': 25}, ((3, 0), (6, 14)): {'bw': 25}, ((3, 0), (14, 29)): {'bw': 25}}",0.0,0.0,128.0,64.0,484.0,0.0,0.0,0.0,0.0,0.0,0.0,0.0,0.0,0.0,Route Failure,100.0,"{'node_level': {'cpu': -82}, 'link_level': {'bw': 100.0}, 'path_level': {}}","{'node_level': {0: {'cpu': -83}, 1: {'cpu': -90}, 2: {'cpu': -84}, 3: {'cpu': -82}}, 'link_level': {(2, 0): {'bw': -14}, (2, 1): {'bw': -32}, (3, 0): {'bw': -32}, (3, 1): {'bw': 100.0}}, 'path_level': {(2, 0): {}, (2, 1): {}, (3, 0): {}, (3, 1): {}}}","{'node_level': {0: {'cpu': 0}, 1: {'cpu': 0}, 2: {'cpu': 0}, 3: {'cpu': 0}}, 'link_level': {(2, 0): {'bw': 0}, (2, 1): {'bw': 0}, (3, 0): {'bw': 0}, (3, 1): {'bw': 100.0}}, 'path_level': {(2, 0): {}, (2, 1): {}, (3, 0): {}, (3, 1): {}}}",[],100.0,100.0,True,False,False,0,[],0,0.0,4.0,4.0
126,23,3,1352.0,4578.0,655262.0421592223,2126545.860611637,0.29532546963739625,0.30813445141068146,14,229,1,3210.0,9149,4642,4507,0.019640971488912307,0.08468724614134848,125,43.9134989826473,3210.0,6,6,False,"{0: 29, 1: 35, 2: 42}","{(2, 1): []}","{(0, 29): {'cpu': 13}, (1, 35): {'cpu': 6}, (2, 42): {'cpu': 16}}",{},0.0,0.0,122.0,61.0,144.0,0.0,0.0,0.0,0.0,0.0,0.0,0.0,0.0,0.0,Route Failure,100.0,"{'node_level': {'cpu': -83}, 'link_level': {'bw': 100.0}, 'path_level': {}}","{'node_level': {0: {'cpu': -83}, 1: {'cpu': -87}, 2: {'cpu': -83}}, 'link_level': {(2, 1): {'bw': 100.0}}, 'path_level': {(2, 1): {}}}","{'node_level': {0: {'cpu': 0}, 1: {'cpu': 0}, 2: {'cpu': 0}}, 'link_level': {(2, 1): {'bw': 100.0}}, 'path_level': {(2, 1): {}}}",[],100.0,100.0,True,False,False,0,[],0,0.0,3.0,1.0
126,23,3,1352.0,4578.0,655262.0421592223,2126545.860611637,0.29532546963739625,0.30813445141068146,14,230,0,3216.6961860426113,9149,4642,4507,0.019640971488912307,0.08468724614134848,112,352.6961860426115,2864.0,10,21,False,{},{},{},{},0.0,0.0,0.0,0.0,0.0,0.0,0.0,0.0,0.0,0.0,0.0,0.0,0.0,0.0,Leave Event,0.0,"{'node_level': {}, 'link_level': {}, 'path_level': {}}","{'node_level': {}, 'link_level': {}, 'path_level': {}}","{'node_level': {}, 'link_level': {}, 'path_level': {}}",[],-inf,-inf,True,True,False,0,[],0,0.0,,
127,23,3,1352.0,4578.0,655262.0421592223,2126545.860611637,0.29532546963739625,0.30813445141068146,14,231,1,3231.0,9149,4642,4507,0.019640971488912307,0.08468724614134848,126,498.7668153316388,3231.0,10,21,False,"{0: 9, 1: 32, 2: 42}","{(2, 1): []}","{(0, 9): {'cpu': 0}, (1, 32): {'cpu': 6}, (2, 42): {'cpu': 19}}",{},0.0,0.0,250.0,125.0,557.0,0.0,0.0,0.0,0.0,0.0,0.0,0.0,0.0,0.0,Route Failure,100.0,"{'node_level': {'cpu': -80}, 'link_level': {'bw': 100.0}, 'path_level': {}}","{'node_level': {0: {'cpu': -91}, 1: {'cpu': -86}, 2: {'cpu': -80}}, 'link_level': {(2, 1): {'bw': 100.0}}, 'path_level': {(2, 1): {}}}","{'node_level': {0: {'cpu': 0}, 1: {'cpu': 0}, 2: {'cpu': 0}}, 'link_level': {(2, 1): {'bw': 100.0}}, 'path_level': {(2, 1): {}}}",[],100.0,100.0,True,False,False,0,[],0,0.0,3.0,1.0
127,23,3,1352.0,4578.0,655262.0421592223,2126545.860611637,0.29532546963739625,0.30813445141068146,14,232,0,3253.913498982647,9149,4642,4507,0.019640971488912307,0.08468724614134848,125,43.9134989826473,3210.0,6,6,False,{},{},{},{},0.0,0.0,0.0,0.0,0.0,0.0,0.0,0.0,0.0,0.0,0.0,0.0,0.0,0.0,Leave Event,0.0,"{'node_level': {}, 'link_level': {}, 'path_level': {}}","{'node_level': {}, 'link_level': {}, 'path_level': {}}","{'node_level': {}, 'link_level': {}, 'path_level': {}}",[],-inf,-inf,True,True,False,0,[],0,0.0,,
127,23,3,1352.0,4578.0,655262.0421592223,2126545.860611637,0.29532546963739625,0.30813445141068146,14,233,0,3254.6247754682354,9149,4642,4507,0.019640971488912307,0.08468724614134848,100,664.6247754682353,2590.0,4,3,False,{},{},{},{},0.0,0.0,0.0,0.0,0.0,0.0,0.0,0.0,0.0,0.0,0.0,0.0,0.0,0.0,Leave Event,0.0,"{'node_level': {}, 'link_level': {}, 'path_level': {}}","{'node_level': {}, 'link_level': {}, 'path_level': {}}","{'node_level': {}, 'link_level': {}, 'path_level': {}}",[],-inf,-inf,True,True,False,0,[],0,0.0,,
128,23,3,1352.0,4578.0,655262.0421592223,2126545.860611637,0.29532546963739625,0.30813445141068146,14,234,1,3255.0,9149,4642,4507,0.019640971488912307,0.08468724614134848,127,430.1618763584557,3255.0,10,18,False,"{0: 48, 1: 59, 2: 9, 3: 32}","{(1, 0): [(59, 27), (27, 13), (13, 6), (6, 2), (2, 0), (0, 1), (1, 3), (3, 7), (7, 16), (16, 48)], (2, 1): [(9, 4), (4, 1), (1, 0), (0, 2), (2, 6), (6, 13), (13, 27), (27, 59)], (3, 0): [(32, 16), (16, 48)], (3, 1): []}","{(0, 48): {'cpu': 4}, (1, 59): {'cpu': 9}, (2, 9): {'cpu': 6}, (3, 32): {'cpu': 9}}","{((1, 0), (59, 27)): {'bw': 6}, ((1, 0), (27, 13)): {'bw': 6}, ((1, 0), (13, 6)): {'bw': 6}, ((1, 0), (6, 2)): {'bw': 6}, ((1, 0), (2, 0)): {'bw': 6}, ((1, 0), (0, 1)): {'bw': 6}, ((1, 0), (1, 3)): {'bw': 6}, ((1, 0), (3, 7)): {'bw': 6}, ((1, 0), (7, 16)): {'bw': 6}, ((1, 0), (16, 48)): {'bw': 6}, ((2, 1), (9, 4)): {'bw': 15}, ((2, 1), (4, 1)): {'bw': 15}, ((2, 1), (1, 0)): {'bw': 15}, ((2, 1), (0, 2)): {'bw': 15}, ((2, 1), (2, 6)): {'bw': 15}, ((2, 1), (6, 13)): {'bw': 15}, ((2, 1), (13, 27)): {'bw': 15}, ((2, 1), (27, 59)): {'bw': 15}, ((3, 0), (32, 16)): {'bw': 46}, ((3, 0), (16, 48)): {'bw': 46}}",0.0,0.0,190.0,95.0,382.0,0.0,0.0,0.0,0.0,0.0,0.0,0.0,0.0,0.0,Route Failure,100.0,"{'node_level': {'cpu': -83}, 'link_level': {'bw': 100.0}, 'path_level': {}}","{'node_level': {0: {'cpu': -87}, 1: {'cpu': -84}, 2: {'cpu': -85}, 3: {'cpu': -83}}, 'link_level': {(1, 0): {'bw': -17}, (2, 1): {'bw': -2}, (3, 0): {'bw': -30}, (3, 1): {'bw': 100.0}}, 'path_level': {(1, 0): {}, (2, 1): {}, (3, 0): {}, (3, 1): {}}}","{'node_level': {0: {'cpu': 0}, 1: {'cpu': 0}, 2: {'cpu': 0}, 3: {'cpu': 0}}, 'link_level': {(1, 0): {'bw': 0}, (2, 1): {'bw': 0}, (3, 0): {'bw': 0}, (3, 1): {'bw': 100.0}}, 'path_level': {(1, 0): {}, (2, 1): {}, (3, 0): {}, (3, 1): {}}}",[],100.0,100.0,True,False,False,0,[],0,0.0,4.0,4.0
128,23,3,1352.0,4578.0,655262.0421592223,2126545.860611637,0.29532546963739625,0.30813445141068146,14,235,0,3273.497675545377,9149,4642,4507,0.019640971488912307,0.08468724614134848,106,552.4976755453773,2721.0,8,13,False,{},{},{},{},0.0,0.0,0.0,0.0,0.0,0.0,0.0,0.0,0.0,0.0,0.0,0.0,0.0,0.0,Leave Event,0.0,"{'node_level': {}, 'link_level': {}, 'path_level': {}}","{'node_level': {}, 'link_level': {}, 'path_level': {}}","{'node_level': {}, 'link_level': {}, 'path_level': {}}",[],-inf,-inf,True,True,False,0,[],0,0.0,,
129,23,3,1352.0,4578.0,655262.0421592223,2126545.860611637,0.29532546963739625,0.30813445141068146,14,236,1,3277.0,9149,4642,4507,0.019640971488912307,0.08468724614134848,128,525.8293003112843,3277.0,6,9,False,"{0: 59, 1: 35, 2: 29, 3: 15}","{(1, 0): [(35, 19), (19, 9), (9, 4), (4, 1), (1, 0), (0, 2), (2, 6), (6, 13), (13, 27), (27, 59)], (2, 0): [(29, 14), (14, 6), (6, 13), (13, 27), (27, 59)], (2, 1): [(29, 14), (14, 6), (6, 2), (2, 0), (0, 1), (1, 4), (4, 9), (9, 19), (19, 35)], (3, 0): []}","{(0, 59): {'cpu': 8}, (1, 35): {'cpu': 3}, (2, 29): {'cpu': 18}, (3, 15): {'cpu': 17}}","{((1, 0), (35, 19)): {'bw': 0}, ((1, 0), (19, 9)): {'bw': 0}, ((1, 0), (9, 4)): {'bw': 0}, ((1, 0), (4, 1)): {'bw': 0}, ((1, 0), (1, 0)): {'bw': 0}, ((1, 0), (0, 2)): {'bw': 0}, ((1, 0), (2, 6)): {'bw': 0}, ((1, 0), (6, 13)): {'bw': 0}, ((1, 0), (13, 27)): {'bw': 0}, ((1, 0), (27, 59)): {'bw': 0}, ((2, 0), (29, 14)): {'bw': 38}, ((2, 0), (14, 6)): {'bw': 38}, ((2, 0), (6, 13)): {'bw': 38}, ((2, 0), (13, 27)): {'bw': 38}, ((2, 0), (27, 59)): {'bw': 38}, ((2, 1), (29, 14)): {'bw': 11}, ((2, 1), (14, 6)): {'bw': 11}, ((2, 1), (6, 2)): {'bw': 11}, ((2, 1), (2, 0)): {'bw': 11}, ((2, 1), (0, 1)): {'bw': 11}, ((2, 1), (1, 4)): {'bw': 11}, ((2, 1), (4, 9)): {'bw': 11}, ((2, 1), (9, 19)): {'bw': 11}, ((2, 1), (19, 35)): {'bw': 11}}",0.0,0.0,148.0,74.0,187.0,0.0,0.0,0.0,0.0,0.0,0.0,0.0,0.0,0.0,Route Failure,100.0,"{'node_level': {'cpu': -77}, 'link_level': {'bw': 100.0}, 'path_level': {}}","{'node_level': {0: {'cpu': -85}, 1: {'cpu': -90}, 2: {'cpu': -78}, 3: {'cpu': -77}}, 'link_level': {(1, 0): {'bw': -23}, (2, 0): {'bw': -33}, (2, 1): {'bw': -12}, (3, 0): {'bw': 100.0}}, 'path_level': {(1, 0): {}, (2, 0): {}, (2, 1): {}, (3, 0): {}}}","{'node_level': {0: {'cpu': 0}, 1: {'cpu': 0}, 2: {'cpu': 0}, 3: {'cpu': 0}}, 'link_level': {(1, 0): {'bw': 0}, (2, 0): {'bw': 0}, (2, 1): {'bw': 0}, (3, 0): {'bw': 100.0}}, 'path_level': {(1, 0): {}, (2, 0): {}, (2, 1): {}, (3, 0): {}}}",[],100.0,100.0,True,False,False,0,[],0,0.0,4.0,4.0
130,23,3,1352.0,4578.0,655262.0421592223,2126545.860611637,0.29532546963739625,0.30813445141068146,14,237,1,3299.0,9149,4642,4507,0.019640971488912307,0.08468724614134848,129,391.7323226629762,3299.0,3,2,False,"{0: 42, 1: 29, 2: 15}","{(1, 0): [(29, 14), (14, 6), (6, 2), (2, 5), (5, 12), (12, 26), (26, 42)], (2, 0): []}","{(0, 42): {'cpu': 9}, (1, 29): {'cpu': 7}, (2, 15): {'cpu': 4}}","{((1, 0), (29, 14)): {'bw': 31}, ((1, 0), (14, 6)): {'bw': 31}, ((1, 0), (6, 2)): {'bw': 31}, ((1, 0), (2, 5)): {'bw': 31}, ((1, 0), (5, 12)): {'bw': 31}, ((1, 0), (12, 26)): {'bw': 31}, ((1, 0), (26, 42)): {'bw': 31}}",0.0,0.0,40.0,20.0,67.0,0.0,0.0,0.0,0.0,0.0,0.0,0.0,0.0,0.0,Route Failure,100.0,"{'node_level': {'cpu': -90}, 'link_level': {'bw': 100.0}, 'path_level': {}}","{'node_level': {0: {'cpu': -90}, 1: {'cpu': -89}, 2: {'cpu': -90}}, 'link_level': {(1, 0): {'bw': -26}, (2, 0): {'bw': 100.0}}, 'path_level': {(1, 0): {}, (2, 0): {}}}","{'node_level': {0: {'cpu': 0}, 1: {'cpu': 0}, 2: {'cpu': 0}}, 'link_level': {(1, 0): {'bw': 0}, (2, 0): {'bw': 100.0}}, 'path_level': {(1, 0): {}, (2, 0): {}}}",[],100.0,100.0,True,False,False,0,[],0,0.0,3.0,2.0
130,23,3,1352.0,4578.0,655262.0421592223,2126545.860611637,0.29532546963739625,0.30813445141068146,14,238,0,3307.5516338165016,9149,4642,4507,0.019640971488912307,0.08468724614134848,113,419.5516338165015,2888.0,6,10,False,{},{},{},{},0.0,0.0,0.0,0.0,0.0,0.0,0.0,0.0,0.0,0.0,0.0,0.0,0.0,0.0,Leave Event,0.0,"{'node_level': {}, 'link_level': {}, 'path_level': {}}","{'node_level': {}, 'link_level': {}, 'path_level': {}}","{'node_level': {}, 'link_level': {}, 'path_level': {}}",[],-inf,-inf,True,True,False,0,[],0,0.0,,
131,23,3,1352.0,4578.0,655262.0421592223,2126545.860611637,0.29532546963739625,0.30813445141068146,14,239,1,3325.0,9149,4642,4507,0.019640971488912307,0.08468724614134848,130,407.50758511735296,3325.0,6,7,False,"{0: 59, 1: 29, 2: 35}","{(2, 1): []}","{(0, 59): {'cpu': 5}, (1, 29): {'cpu': 9}, (2, 35): {'cpu': 3}}",{},0.0,0.0,102.0,51.0,139.0,0.0,0.0,0.0,0.0,0.0,0.0,0.0,0.0,0.0,Route Failure,100.0,"{'node_level': {'cpu': -90}, 'link_level': {'bw': 100.0}, 'path_level': {}}","{'node_level': {0: {'cpu': -88}, 1: {'cpu': -87}, 2: {'cpu': -90}}, 'link_level': {(2, 1): {'bw': 100.0}}, 'path_level': {(2, 1): {}}}","{'node_level': {0: {'cpu': 0}, 1: {'cpu': 0}, 2: {'cpu': 0}}, 'link_level': {(2, 1): {'bw': 100.0}}, 'path_level': {(2, 1): {}}}",[],100.0,100.0,True,False,False,0,[],0,0.0,3.0,1.0
132,24,4,1391.0,4773.0,694830.7397427115,2324389.348529083,0.2914309658495705,0.2989304438959047,14,240,1,3347.0,8954,4629,4325,0.022386483632523713,0.12164906580016244,131,1014.581989320236,3347.0,2,1,True,"{0: 42, 1: 29}","{(1, 0): [(29, 14), (14, 6), (6, 2), (2, 5), (5, 12), (12, 26), (26, 42)]}","{(0, 42): {'cpu': 10}, (1, 29): {'cpu': 3}}","{((1, 0), (29, 14)): {'bw': 26}, ((1, 0), (14, 6)): {'bw': 26}, ((1, 0), (6, 2)): {'bw': 26}, ((1, 0), (2, 5)): {'bw': 26}, ((1, 0), (5, 12)): {'bw': 26}, ((1, 0), (12, 26)): {'bw': 26}, ((1, 0), (26, 42)): {'bw': 26}}",195.0,39.0,26.0,13.0,26.0,13.0,26.0,13.0,182.0,156.0,0.2,197843.487917446,39568.6975834892,202.9163978640472,Success,0.0,"{'node_level': {'cpu': -93}, 'link_level': {'bw': -31}, 'path_level': {}}","{'node_level': {0: {'cpu': -89}, 1: {'cpu': -93}}, 'link_level': {(1, 0): {'bw': -31}}, 'path_level': {(1, 0): {}}}","{'node_level': {0: {'cpu': 0}, 1: {'cpu': 0}}, 'link_level': {(1, 0): {'bw': 0}}, 'path_level': {(1, 0): {}}}",[],-31.0,0.0,True,True,False,0,[],0,0.0,2.0,1.0
133,24,4,1391.0,4773.0,694830.7397427115,2324389.348529083,0.2914309658495705,0.2989304438959047,14,241,1,3367.0,8954,4629,4325,0.022386483632523713,0.12164906580016244,132,300.7505950085731,3367.0,7,8,False,"{0: 29, 1: 32, 2: 8, 3: 35, 4: 48}","{(2, 1): [(8, 3), (3, 7), (7, 16), (16, 32)], (4, 0): []}","{(0, 29): {'cpu': 16}, (1, 32): {'cpu': 5}, (2, 8): {'cpu': 9}, (3, 35): {'cpu': 8}, (4, 48): {'cpu': 2}}","{((2, 1), (8, 3)): {'bw': 44}, ((2, 1), (3, 7)): {'bw': 44}, ((2, 1), (7, 16)): {'bw': 44}, ((2, 1), (16, 32)): {'bw': 44}}",0.0,0.0,146.0,73.0,265.0,0.0,0.0,0.0,0.0,0.0,0.0,0.0,0.0,0.0,Route Failure,100.0,"{'node_level': {'cpu': -89}, 'link_level': {'bw': 100.0}, 'path_level': {}}","{'node_level': {0: {'cpu': -77}, 1: {'cpu': -87}, 2: {'cpu': -84}, 3: {'cpu': -85}, 4: {'cpu': -89}}, 'link_level': {(2, 1): {'bw': -17}, (4, 0): {'bw': 100.0}}, 'path_level': {(2, 1): {}, (4, 0): {}}}","{'node_level': {0: {'cpu': 0}, 1: {'cpu': 0}, 2: {'cpu': 0}, 3: {'cpu': 0}, 4: {'cpu': 0}}, 'link_level': {(2, 1): {'bw': 0}, (4, 0): {'bw': 100.0}}, 'path_level': {(2, 1): {}, (4, 0): {}}}",[],100.0,100.0,True,False,False,0,[],0,0.0,5.0,2.0
133,24,4,1391.0,4773.0,694830.7397427115,2324389.348529083,0.2914309658495705,0.2989304438959047,14,242,0,3382.8724883723826,8954,4629,4325,0.022386483632523713,0.12164906580016244,91,1025.8724883723823,2357.0,10,19,False,{},{},{},{},0.0,0.0,0.0,0.0,0.0,0.0,0.0,0.0,0.0,0.0,0.0,0.0,0.0,0.0,Leave Event,0.0,"{'node_level': {}, 'link_level': {}, 'path_level': {}}","{'node_level': {}, 'link_level': {}, 'path_level': {}}","{'node_level': {}, 'link_level': {}, 'path_level': {}}",[],-inf,-inf,True,True,False,0,[],0,0.0,,
133,24,4,1391.0,4773.0,694830.7397427115,2324389.348529083,0.2914309658495705,0.2989304438959047,14,243,0,3383.6089317019423,8954,4629,4325,0.022386483632523713,0.12164906580016244,117,381.6089317019422,3002.0,6,8,False,{},{},{},{},0.0,0.0,0.0,0.0,0.0,0.0,0.0,0.0,0.0,0.0,0.0,0.0,0.0,0.0,Leave Event,0.0,"{'node_level': {}, 'link_level': {}, 'path_level': {}}","{'node_level': {}, 'link_level': {}, 'path_level': {}}","{'node_level': {}, 'link_level': {}, 'path_level': {}}",[],-inf,-inf,True,True,False,0,[],0,0.0,,
134,24,4,1391.0,4773.0,694830.7397427115,2324389.348529083,0.2914309658495705,0.2989304438959047,14,244,1,3394.0,8954,4629,4325,0.022386483632523713,0.12164906580016244,133,382.8326778496837,3394.0,8,16,False,"{0: 32, 1: 35, 2: 48, 3: 8, 4: 15}","{(2, 0): [(48, 16), (16, 32)], (2, 1): [(48, 16), (16, 7), (7, 3), (3, 1), (1, 4), (4, 9), (9, 19), (19, 35)], (4, 0): [(15, 7), (7, 16), (16, 32)], (4, 1): [(15, 7), (7, 3), (3, 1), (1, 4), (4, 9), (9, 19), (19, 35)], (4, 2): []}","{(0, 32): {'cpu': 6}, (1, 35): {'cpu': 12}, (2, 48): {'cpu': 5}, (3, 8): {'cpu': 15}, (4, 15): {'cpu': 18}}","{((2, 0), (48, 16)): {'bw': 42}, ((2, 0), (16, 32)): {'bw': 42}, ((2, 1), (48, 16)): {'bw': 38}, ((2, 1), (16, 7)): {'bw': 38}, ((2, 1), (7, 3)): {'bw': 38}, ((2, 1), (3, 1)): {'bw': 38}, ((2, 1), (1, 4)): {'bw': 38}, ((2, 1), (4, 9)): {'bw': 38}, ((2, 1), (9, 19)): {'bw': 38}, ((2, 1), (19, 35)): {'bw': 38}, ((4, 0), (15, 7)): {'bw': 26}, ((4, 0), (7, 16)): {'bw': 26}, ((4, 0), (16, 32)): {'bw': 26}, ((4, 1), (15, 7)): {'bw': 0}, ((4, 1), (7, 3)): {'bw': 0}, ((4, 1), (3, 1)): {'bw': 0}, ((4, 1), (1, 4)): {'bw': 0}, ((4, 1), (4, 9)): {'bw': 0}, ((4, 1), (9, 19)): {'bw': 0}, ((4, 1), (19, 35)): {'bw': 0}}",0.0,0.0,172.0,86.0,476.0,0.0,0.0,0.0,0.0,0.0,0.0,0.0,0.0,0.0,Route Failure,100.0,"{'node_level': {'cpu': -76}, 'link_level': {'bw': 100.0}, 'path_level': {}}","{'node_level': {0: {'cpu': -86}, 1: {'cpu': -81}, 2: {'cpu': -86}, 3: {'cpu': -78}, 4: {'cpu': -76}}, 'link_level': {(2, 0): {'bw': -37}, (2, 1): {'bw': -2}, (4, 0): {'bw': -11}, (4, 1): {'bw': -6}, (4, 2): {'bw': 100.0}}, 'path_level': {(2, 0): {}, (2, 1): {}, (4, 0): {}, (4, 1): {}, (4, 2): {}}}","{'node_level': {0: {'cpu': 0}, 1: {'cpu': 0}, 2: {'cpu': 0}, 3: {'cpu': 0}, 4: {'cpu': 0}}, 'link_level': {(2, 0): {'bw': 0}, (2, 1): {'bw': 0}, (4, 0): {'bw': 0}, (4, 1): {'bw': 0}, (4, 2): {'bw': 100.0}}, 'path_level': {(2, 0): {}, (2, 1): {}, (4, 0): {}, (4, 1): {}, (4, 2): {}}}",[],100.0,100.0,True,False,False,0,[],0,0.0,5.0,5.0
135,24,4,1391.0,4773.0,694830.7397427115,2324389.348529083,0.2914309658495705,0.2989304438959047,14,245,1,3428.0,8954,4629,4325,0.022386483632523713,0.12164906580016244,134,587.1482727199309,3428.0,9,18,False,"{0: 28, 1: 29, 2: 59, 3: 32}","{(2, 0): [(59, 27), (27, 13), (13, 28)], (3, 2): []}","{(0, 28): {'cpu': 1}, (1, 29): {'cpu': 12}, (2, 59): {'cpu': 12}, (3, 32): {'cpu': 7}}","{((2, 0), (59, 27)): {'bw': 5}, ((2, 0), (27, 13)): {'bw': 5}, ((2, 0), (13, 28)): {'bw': 5}}",0.0,0.0,150.0,75.0,462.0,0.0,0.0,0.0,0.0,0.0,0.0,0.0,0.0,0.0,Route Failure,100.0,"{'node_level': {'cpu': -85}, 'link_level': {'bw': 100.0}, 'path_level': {}}","{'node_level': {0: {'cpu': -89}, 1: {'cpu': -81}, 2: {'cpu': -81}, 3: {'cpu': -85}}, 'link_level': {(2, 0): {'bw': -72}, (3, 2): {'bw': 100.0}}, 'path_level': {(2, 0): {}, (3, 2): {}}}","{'node_level': {0: {'cpu': 0}, 1: {'cpu': 0}, 2: {'cpu': 0}, 3: {'cpu': 0}}, 'link_level': {(2, 0): {'bw': 0}, (3, 2): {'bw': 100.0}}, 'path_level': {(2, 0): {}, (3, 2): {}}}",[],100.0,100.0,True,False,False,0,[],0,0.0,4.0,2.0
135,24,4,1391.0,4773.0,694830.7397427115,2324389.348529083,0.2914309658495705,0.2989304438959047,14,246,0,3437.8532089746777,8954,4629,4325,0.022386483632523713,0.12164906580016244,121,337.8532089746779,3100.0,9,22,False,{},{},{},{},0.0,0.0,0.0,0.0,0.0,0.0,0.0,0.0,0.0,0.0,0.0,0.0,0.0,0.0,Leave Event,0.0,"{'node_level': {}, 'link_level': {}, 'path_level': {}}","{'node_level': {}, 'link_level': {}, 'path_level': {}}","{'node_level': {}, 'link_level': {}, 'path_level': {}}",[],-inf,-inf,True,True,False,0,[],0,0.0,,
136,24,4,1391.0,4773.0,694830.7397427115,2324389.348529083,0.2914309658495705,0.2989304438959047,14,247,1,3458.0,8954,4629,4325,0.022386483632523713,0.12164906580016244,135,46.8779394453398,3458.0,2,1,False,"{0: 29, 1: 15}","{(1, 0): []}","{(0, 29): {'cpu': 3}, (1, 15): {'cpu': 13}}",{},0.0,0.0,32.0,16.0,40.0,0.0,0.0,0.0,0.0,0.0,0.0,0.0,0.0,0.0,Route Failure,100.0,"{'node_level': {'cpu': -81}, 'link_level': {'bw': 100.0}, 'path_level': {}}","{'node_level': {0: {'cpu': -90}, 1: {'cpu': -81}}, 'link_level': {(1, 0): {'bw': 100.0}}, 'path_level': {(1, 0): {}}}","{'node_level': {0: {'cpu': 0}, 1: {'cpu': 0}}, 'link_level': {(1, 0): {'bw': 100.0}}, 'path_level': {(1, 0): {}}}",[],100.0,100.0,True,False,False,0,[],0,0.0,2.0,1.0
137,24,4,1391.0,4773.0,694830.7397427115,2324389.348529083,0.2914309658495705,0.2989304438959047,14,248,1,3477.0,8954,4629,4325,0.022386483632523713,0.12164906580016244,136,282.75119403581584,3477.0,9,19,False,"{0: 28, 1: 9, 2: 32, 3: 35}","{(2, 1): [(32, 16), (16, 7), (7, 3), (3, 1), (1, 4), (4, 9)], (3, 1): [(35, 19), (19, 9)], (3, 2): []}","{(0, 28): {'cpu': 3}, (1, 9): {'cpu': 11}, (2, 32): {'cpu': 14}, (3, 35): {'cpu': 15}}","{((2, 1), (32, 16)): {'bw': 17}, ((2, 1), (16, 7)): {'bw': 17}, ((2, 1), (7, 3)): {'bw': 17}, ((2, 1), (3, 1)): {'bw': 17}, ((2, 1), (1, 4)): {'bw': 17}, ((2, 1), (4, 9)): {'bw': 17}, ((3, 1), (35, 19)): {'bw': 11}, ((3, 1), (19, 9)): {'bw': 11}}",0.0,0.0,234.0,117.0,541.0,0.0,0.0,0.0,0.0,0.0,0.0,0.0,0.0,0.0,Route Failure,100.0,"{'node_level': {'cpu': -78}, 'link_level': {'bw': 100.0}, 'path_level': {}}","{'node_level': {0: {'cpu': -87}, 1: {'cpu': -80}, 2: {'cpu': -78}, 3: {'cpu': -78}}, 'link_level': {(2, 1): {'bw': -27}, (3, 1): {'bw': -63}, (3, 2): {'bw': 100.0}}, 'path_level': {(2, 1): {}, (3, 1): {}, (3, 2): {}}}","{'node_level': {0: {'cpu': 0}, 1: {'cpu': 0}, 2: {'cpu': 0}, 3: {'cpu': 0}}, 'link_level': {(2, 1): {'bw': 0}, (3, 1): {'bw': 0}, (3, 2): {'bw': 100.0}}, 'path_level': {(2, 1): {}, (3, 1): {}, (3, 2): {}}}",[],100.0,100.0,True,False,False,0,[],0,0.0,4.0,3.0
138,24,4,1391.0,4773.0,694830.7397427115,2324389.348529083,0.2914309658495705,0.2989304438959047,14,249,1,3502.0,8954,4629,4325,0.022386483632523713,0.12164906580016244,137,53.86734405724127,3502.0,10,18,False,"{0: 9, 1: 59, 2: 29, 3: 15}","{(3, 0): [(15, 7), (7, 3), (3, 1), (1, 4), (4, 9)], (3, 1): []}","{(0, 9): {'cpu': 6}, (1, 59): {'cpu': 13}, (2, 29): {'cpu': 18}, (3, 15): {'cpu': 18}}","{((3, 0), (15, 7)): {'bw': 28}, ((3, 0), (7, 3)): {'bw': 28}, ((3, 0), (3, 1)): {'bw': 28}, ((3, 0), (1, 4)): {'bw': 28}, ((3, 0), (4, 9)): {'bw': 28}}",0.0,0.0,206.0,103.0,433.0,0.0,0.0,0.0,0.0,0.0,0.0,0.0,0.0,0.0,Route Failure,100.0,"{'node_level': {'cpu': -76}, 'link_level': {'bw': 100.0}, 'path_level': {}}","{'node_level': {0: {'cpu': -85}, 1: {'cpu': -80}, 2: {'cpu': -75}, 3: {'cpu': -76}}, 'link_level': {(3, 0): {'bw': -16}, (3, 1): {'bw': 100.0}}, 'path_level': {(3, 0): {}, (3, 1): {}}}","{'node_level': {0: {'cpu': 0}, 1: {'cpu': 0}, 2: {'cpu': 0}, 3: {'cpu': 0}}, 'link_level': {(3, 0): {'bw': 0}, (3, 1): {'bw': 100.0}}, 'path_level': {(3, 0): {}, (3, 1): {}}}",[],100.0,100.0,True,False,False,0,[],0,0.0,4.0,2.0
138,24,4,1391.0,4773.0,694830.7397427115,2324389.348529083,0.2914309658495705,0.2989304438959047,14,250,0,3504.87793944534,8954,4629,4325,0.022386483632523713,0.12164906580016244,135,46.8779394453398,3458.0,2,1,False,{},{},{},{},0.0,0.0,0.0,0.0,0.0,0.0,0.0,0.0,0.0,0.0,0.0,0.0,0.0,0.0,Leave Event,0.0,"{'node_level': {}, 'link_level': {}, 'path_level': {}}","{'node_level': {}, 'link_level': {}, 'path_level': {}}","{'node_level': {}, 'link_level': {}, 'path_level': {}}",[],-inf,-inf,True,True,False,0,[],0,0.0,,
138,24,4,1391.0,4773.0,694830.7397427115,2324389.348529083,0.2914309658495705,0.2989304438959047,14,251,0,3527.551439852864,8954,4629,4325,0.022386483632523713,0.12164906580016244,107,777.5514398528638,2750.0,9,10,False,{},{},{},{},0.0,0.0,0.0,0.0,0.0,0.0,0.0,0.0,0.0,0.0,0.0,0.0,0.0,0.0,Leave Event,0.0,"{'node_level': {}, 'link_level': {}, 'path_level': {}}","{'node_level': {}, 'link_level': {}, 'path_level': {}}","{'node_level': {}, 'link_level': {}, 'path_level': {}}",[],-inf,-inf,True,True,False,0,[],0,0.0,,
139,24,4,1391.0,4773.0,694830.7397427115,2324389.348529083,0.2914309658495705,0.2989304438959047,14,252,1,3528.0,8954,4629,4325,0.022386483632523713,0.12164906580016244,138,74.13974538383783,3528.0,3,2,False,"{0: 8, 1: 59}","{(1, 0): []}","{(0, 8): {'cpu': 9}, (1, 59): {'cpu': 8}}",{},0.0,0.0,58.0,29.0,74.0,0.0,0.0,0.0,0.0,0.0,0.0,0.0,0.0,0.0,Route Failure,100.0,"{'node_level': {'cpu': -85}, 'link_level': {'bw': 100.0}, 'path_level': {}}","{'node_level': {0: {'cpu': -84}, 1: {'cpu': -85}}, 'link_level': {(1, 0): {'bw': 100.0}}, 'path_level': {(1, 0): {}}}","{'node_level': {0: {'cpu': 0}, 1: {'cpu': 0}}, 'link_level': {(1, 0): {'bw': 100.0}}, 'path_level': {(1, 0): {}}}",[],100.0,100.0,True,False,False,0,[],0,0.0,2.0,1.0
139,24,4,1391.0,4773.0,694830.7397427115,2324389.348529083,0.2914309658495705,0.2989304438959047,14,253,0,3543.558955053027,8954,4629,4325,0.022386483632523713,0.12164906580016244,120,469.5589550530273,3074.0,6,10,False,{},{},{},{},0.0,0.0,0.0,0.0,0.0,0.0,0.0,0.0,0.0,0.0,0.0,0.0,0.0,0.0,Leave Event,0.0,"{'node_level': {}, 'link_level': {}, 'path_level': {}}","{'node_level': {}, 'link_level': {}, 'path_level': {}}","{'node_level': {}, 'link_level': {}, 'path_level': {}}",[],-inf,-inf,True,True,False,0,[],0,0.0,,
139,24,4,1391.0,4773.0,694830.7397427115,2324389.348529083,0.2914309658495705,0.2989304438959047,14,254,0,3555.867344057241,8954,4629,4325,0.022386483632523713,0.12164906580016244,137,53.86734405724127,3502.0,10,18,False,{},{},{},{},0.0,0.0,0.0,0.0,0.0,0.0,0.0,0.0,0.0,0.0,0.0,0.0,0.0,0.0,Leave Event,0.0,"{'node_level': {}, 'link_level': {}, 'path_level': {}}","{'node_level': {}, 'link_level': {}, 'path_level': {}}","{'node_level': {}, 'link_level': {}, 'path_level': {}}",[],-inf,-inf,True,True,False,0,[],0,0.0,,
140,24,4,1391.0,4773.0,694830.7397427115,2324389.348529083,0.2914309658495705,0.2989304438959047,14,255,1,3560.0,8954,4629,4325,0.022386483632523713,0.12164906580016244,139,1.0639103357534847,3560.0,7,9,False,"{0: 35, 1: 32, 2: 15, 3: 59}","{(2, 0): [(15, 7), (7, 3), (3, 1), (1, 4), (4, 9), (9, 19), (19, 35)], (3, 1): []}","{(0, 35): {'cpu': 13}, (1, 32): {'cpu': 6}, (2, 15): {'cpu': 20}, (3, 59): {'cpu': 20}}","{((2, 0), (15, 7)): {'bw': 25}, ((2, 0), (7, 3)): {'bw': 25}, ((2, 0), (3, 1)): {'bw': 25}, ((2, 0), (1, 4)): {'bw': 25}, ((2, 0), (4, 9)): {'bw': 25}, ((2, 0), (9, 19)): {'bw': 25}, ((2, 0), (19, 35)): {'bw': 25}}",0.0,0.0,184.0,92.0,207.0,0.0,0.0,0.0,0.0,0.0,0.0,0.0,0.0,0.0,Route Failure,100.0,"{'node_level': {'cpu': -73}, 'link_level': {'bw': 100.0}, 'path_level': {}}","{'node_level': {0: {'cpu': -80}, 1: {'cpu': -86}, 2: {'cpu': -74}, 3: {'cpu': -73}}, 'link_level': {(2, 0): {'bw': -19}, (3, 1): {'bw': 100.0}}, 'path_level': {(2, 0): {}, (3, 1): {}}}","{'node_level': {0: {'cpu': 0}, 1: {'cpu': 0}, 2: {'cpu': 0}, 3: {'cpu': 0}}, 'link_level': {(2, 0): {'bw': 0}, (3, 1): {'bw': 100.0}}, 'path_level': {(2, 0): {}, (3, 1): {}}}",[],100.0,100.0,True,False,False,0,[],0,0.0,4.0,2.0
140,24,4,1391.0,4773.0,694830.7397427115,2324389.348529083,0.2914309658495705,0.2989304438959047,14,256,0,3561.0639103357535,8954,4629,4325,0.022386483632523713,0.12164906580016244,139,1.0639103357534847,3560.0,7,9,False,{},{},{},{},0.0,0.0,0.0,0.0,0.0,0.0,0.0,0.0,0.0,0.0,0.0,0.0,0.0,0.0,Leave Event,0.0,"{'node_level': {}, 'link_level': {}, 'path_level': {}}","{'node_level': {}, 'link_level': {}, 'path_level': {}}","{'node_level': {}, 'link_level': {}, 'path_level': {}}",[],-inf,-inf,True,True,False,0,[],0,0.0,,
141,24,4,1391.0,4773.0,694830.7397427115,2324389.348529083,0.2914309658495705,0.2989304438959047,14,257,1,3587.0,8954,4629,4325,0.022386483632523713,0.12164906580016244,140,117.67540137587906,3587.0,5,5,False,"{0: 8, 1: 15, 2: 59, 3: 29}","{(2, 1): [(59, 27), (27, 13), (13, 6), (6, 2), (2, 0), (0, 1), (1, 3), (3, 7), (7, 15)], (3, 1): []}","{(0, 8): {'cpu': 7}, (1, 15): {'cpu': 18}, (2, 59): {'cpu': 14}, (3, 29): {'cpu': 17}}","{((2, 1), (59, 27)): {'bw': 1}, ((2, 1), (27, 13)): {'bw': 1}, ((2, 1), (13, 6)): {'bw': 1}, ((2, 1), (6, 2)): {'bw': 1}, ((2, 1), (2, 0)): {'bw': 1}, ((2, 1), (0, 1)): {'bw': 1}, ((2, 1), (1, 3)): {'bw': 1}, ((2, 1), (3, 7)): {'bw': 1}, ((2, 1), (7, 15)): {'bw': 1}}",0.0,0.0,140.0,70.0,112.0,0.0,0.0,0.0,0.0,0.0,0.0,0.0,0.0,0.0,Route Failure,100.0,"{'node_level': {'cpu': -76}, 'link_level': {'bw': 100.0}, 'path_level': {}}","{'node_level': {0: {'cpu': -86}, 1: {'cpu': -76}, 2: {'cpu': -79}, 3: {'cpu': -76}}, 'link_level': {(2, 1): {'bw': -22}, (3, 1): {'bw': 100.0}}, 'path_level': {(2, 1): {}, (3, 1): {}}}","{'node_level': {0: {'cpu': 0}, 1: {'cpu': 0}, 2: {'cpu': 0}, 3: {'cpu': 0}}, 'link_level': {(2, 1): {'bw': 0}, (3, 1): {'bw': 100.0}}, 'path_level': {(2, 1): {}, (3, 1): {}}}",[],100.0,100.0,True,False,False,0,[],0,0.0,4.0,2.0
141,24,4,1391.0,4773.0,694830.7397427115,2324389.348529083,0.2914309658495705,0.2989304438959047,14,258,0,3602.1397453838376,8954,4629,4325,0.022386483632523713,0.12164906580016244,138,74.13974538383783,3528.0,3,2,False,{},{},{},{},0.0,0.0,0.0,0.0,0.0,0.0,0.0,0.0,0.0,0.0,0.0,0.0,0.0,0.0,Leave Event,0.0,"{'node_level': {}, 'link_level': {}, 'path_level': {}}","{'node_level': {}, 'link_level': {}, 'path_level': {}}","{'node_level': {}, 'link_level': {}, 'path_level': {}}",[],-inf,-inf,True,True,False,0,[],0,0.0,,
142,24,4,1391.0,4773.0,694830.7397427115,2324389.348529083,0.2914309658495705,0.2989304438959047,14,259,1,3610.0,8954,4629,4325,0.022386483632523713,0.12164906580016244,141,122.07971195182846,3610.0,8,12,False,"{0: 59, 1: 9}","{(1, 0): []}","{(0, 59): {'cpu': 13}, (1, 9): {'cpu': 3}}",{},0.0,0.0,148.0,74.0,332.0,0.0,0.0,0.0,0.0,0.0,0.0,0.0,0.0,0.0,Route Failure,100.0,"{'node_level': {'cpu': -88}, 'link_level': {'bw': 100.0}, 'path_level': {}}","{'node_level': {0: {'cpu': -80}, 1: {'cpu': -88}}, 'link_level': {(1, 0): {'bw': 100.0}}, 'path_level': {(1, 0): {}}}","{'node_level': {0: {'cpu': 0}, 1: {'cpu': 0}}, 'link_level': {(1, 0): {'bw': 100.0}}, 'path_level': {(1, 0): {}}}",[],100.0,100.0,True,False,False,0,[],0,0.0,2.0,1.0
142,24,3,1391.0,4773.0,694830.7397427115,2324389.348529083,0.2914309658495705,0.2989304438959047,14,260,0,3634.768504273652,9199,4672,4527,0.013305174234424455,0.08062550771730304,95,1171.7685042736523,2463.0,3,2,False,{},{},{},{},0.0,0.0,0.0,0.0,0.0,0.0,0.0,0.0,0.0,0.0,0.0,0.0,0.0,0.0,Leave Event,0.0,"{'node_level': {}, 'link_level': {}, 'path_level': {}}","{'node_level': {}, 'link_level': {}, 'path_level': {}}","{'node_level': {}, 'link_level': {}, 'path_level': {}}",[],-inf,-inf,True,True,False,0,[],0,0.0,,
143,25,4,1478.0,5193.0,726419.3794912128,2476886.2300735717,0.2846139033314077,0.2932792676027093,14,261,1,3636.0,8779,4641,4138,0.019852164730728594,0.15962632006498778,142,363.08781320116316,3636.0,3,3,True,"{0: 15, 1: 53, 2: 38}","{(1, 0): [(53, 21), (21, 10), (10, 4), (4, 1), (1, 3), (3, 7), (7, 15)], (2, 0): [(38, 22), (22, 10), (10, 4), (4, 1), (1, 3), (3, 7), (7, 15)], (2, 1): [(38, 22), (22, 10), (10, 21), (21, 53)]}","{(0, 15): {'cpu': 3}, (1, 53): {'cpu': 9}, (2, 38): {'cpu': 19}}","{((1, 0), (53, 21)): {'bw': 37}, ((1, 0), (21, 10)): {'bw': 37}, ((1, 0), (10, 4)): {'bw': 37}, ((1, 0), (4, 1)): {'bw': 37}, ((1, 0), (1, 3)): {'bw': 37}, ((1, 0), (3, 7)): {'bw': 37}, ((1, 0), (7, 15)): {'bw': 37}, ((2, 0), (38, 22)): {'bw': 18}, ((2, 0), (22, 10)): {'bw': 18}, ((2, 0), (10, 4)): {'bw': 18}, ((2, 0), (4, 1)): {'bw': 18}, ((2, 0), (1, 3)): {'bw': 18}, ((2, 0), (3, 7)): {'bw': 18}, ((2, 0), (7, 15)): {'bw': 18}, ((2, 1), (38, 22)): {'bw': 1}, ((2, 1), (22, 10)): {'bw': 1}, ((2, 1), (10, 21)): {'bw': 1}, ((2, 1), (21, 53)): {'bw': 1}}",420.0,87.0,62.0,31.0,56.0,31.0,56.0,31.0,389.0,333.0,0.20714285714285716,152496.88154448854,31588.639748501195,75.21104702024094,Success,0.0,"{'node_level': {'cpu': -79}, 'link_level': {'bw': -6}, 'path_level': {}}","{'node_level': {0: {'cpu': -91}, 1: {'cpu': -87}, 2: {'cpu': -79}}, 'link_level': {(1, 0): {'bw': -24}, (2, 0): {'bw': -6}, (2, 1): {'bw': -28}}, 'path_level': {(1, 0): {}, (2, 0): {}, (2, 1): {}}}","{'node_level': {0: {'cpu': 0}, 1: {'cpu': 0}, 2: {'cpu': 0}}, 'link_level': {(1, 0): {'bw': 0}, (2, 0): {'bw': 0}, (2, 1): {'bw': 0}}, 'path_level': {(1, 0): {}, (2, 0): {}, (2, 1): {}}}",[],-6.0,0.0,True,True,False,0,[],0,0.0,3.0,3.0
144,25,4,1478.0,5193.0,726419.3794912128,2476886.2300735717,0.2846139033314077,0.2932792676027093,14,262,1,3664.0,8779,4641,4138,0.019852164730728594,0.15962632006498778,143,422.22723157625694,3664.0,5,5,False,"{0: 59, 1: 32}","{(1, 0): []}","{(0, 59): {'cpu': 15}, (1, 32): {'cpu': 0}}",{},0.0,0.0,112.0,56.0,93.0,0.0,0.0,0.0,0.0,0.0,0.0,0.0,0.0,0.0,Route Failure,100.0,"{'node_level': {'cpu': -92}, 'link_level': {'bw': 100.0}, 'path_level': {}}","{'node_level': {0: {'cpu': -78}, 1: {'cpu': -92}}, 'link_level': {(1, 0): {'bw': 100.0}}, 'path_level': {(1, 0): {}}}","{'node_level': {0: {'cpu': 0}, 1: {'cpu': 0}}, 'link_level': {(1, 0): {'bw': 100.0}}, 'path_level': {(1, 0): {}}}",[],100.0,100.0,True,False,False,0,[],0,0.0,2.0,1.0
144,25,4,1478.0,5193.0,726419.3794912128,2476886.2300735717,0.2846139033314077,0.2932792676027093,14,263,0,3667.7505950085733,8779,4641,4138,0.019852164730728594,0.15962632006498778,132,300.7505950085731,3367.0,7,8,False,{},{},{},{},0.0,0.0,0.0,0.0,0.0,0.0,0.0,0.0,0.0,0.0,0.0,0.0,0.0,0.0,Leave Event,0.0,"{'node_level': {}, 'link_level': {}, 'path_level': {}}","{'node_level': {}, 'link_level': {}, 'path_level': {}}","{'node_level': {}, 'link_level': {}, 'path_level': {}}",[],-inf,-inf,True,True,False,0,[],0,0.0,,
144,25,4,1478.0,5193.0,726419.3794912128,2476886.2300735717,0.2846139033314077,0.2932792676027093,14,264,0,3668.985724416191,8779,4641,4138,0.019852164730728594,0.15962632006498778,115,717.9857244161908,2951.0,10,25,False,{},{},{},{},0.0,0.0,0.0,0.0,0.0,0.0,0.0,0.0,0.0,0.0,0.0,0.0,0.0,0.0,Leave Event,0.0,"{'node_level': {}, 'link_level': {}, 'path_level': {}}","{'node_level': {}, 'link_level': {}, 'path_level': {}}","{'node_level': {}, 'link_level': {}, 'path_level': {}}",[],-inf,-inf,True,True,False,0,[],0,0.0,,
145,25,4,1478.0,5193.0,726419.3794912128,2476886.2300735717,0.2846139033314077,0.2932792676027093,14,265,1,3684.0,8779,4641,4138,0.019852164730728594,0.15962632006498778,144,868.5253714712403,3684.0,9,19,False,"{0: 28, 1: 15}","{(1, 0): []}","{(0, 28): {'cpu': 5}, (1, 15): {'cpu': 9}}",{},0.0,0.0,224.0,112.0,413.0,0.0,0.0,0.0,0.0,0.0,0.0,0.0,0.0,0.0,Route Failure,100.0,"{'node_level': {'cpu': -82}, 'link_level': {'bw': 100.0}, 'path_level': {}}","{'node_level': {0: {'cpu': -85}, 1: {'cpu': -82}}, 'link_level': {(1, 0): {'bw': 100.0}}, 'path_level': {(1, 0): {}}}","{'node_level': {0: {'cpu': 0}, 1: {'cpu': 0}}, 'link_level': {(1, 0): {'bw': 100.0}}, 'path_level': {(1, 0): {}}}",[],100.0,100.0,True,False,False,0,[],0,0.0,2.0,1.0
145,25,4,1478.0,5193.0,726419.3794912128,2476886.2300735717,0.2846139033314077,0.2932792676027093,14,266,0,3685.1618763584556,8779,4641,4138,0.019852164730728594,0.15962632006498778,127,430.1618763584557,3255.0,10,18,False,{},{},{},{},0.0,0.0,0.0,0.0,0.0,0.0,0.0,0.0,0.0,0.0,0.0,0.0,0.0,0.0,Leave Event,0.0,"{'node_level': {}, 'link_level': {}, 'path_level': {}}","{'node_level': {}, 'link_level': {}, 'path_level': {}}","{'node_level': {}, 'link_level': {}, 'path_level': {}}",[],-inf,-inf,True,True,False,0,[],0,0.0,,
145,25,4,1478.0,5193.0,726419.3794912128,2476886.2300735717,0.2846139033314077,0.2932792676027093,14,267,0,3690.672725701945,8779,4641,4138,0.019852164730728594,0.15962632006498778,122,561.6727257019453,3129.0,3,2,False,{},{},{},{},0.0,0.0,0.0,0.0,0.0,0.0,0.0,0.0,0.0,0.0,0.0,0.0,0.0,0.0,Leave Event,0.0,"{'node_level': {}, 'link_level': {}, 'path_level': {}}","{'node_level': {}, 'link_level': {}, 'path_level': {}}","{'node_level': {}, 'link_level': {}, 'path_level': {}}",[],-inf,-inf,True,True,False,0,[],0,0.0,,
145,25,4,1478.0,5193.0,726419.3794912128,2476886.2300735717,0.2846139033314077,0.2932792676027093,14,268,0,3690.732322662976,8779,4641,4138,0.019852164730728594,0.15962632006498778,129,391.7323226629762,3299.0,3,2,False,{},{},{},{},0.0,0.0,0.0,0.0,0.0,0.0,0.0,0.0,0.0,0.0,0.0,0.0,0.0,0.0,Leave Event,0.0,"{'node_level': {}, 'link_level': {}, 'path_level': {}}","{'node_level': {}, 'link_level': {}, 'path_level': {}}","{'node_level': {}, 'link_level': {}, 'path_level': {}}",[],-inf,-inf,True,True,False,0,[],0,0.0,,
145,25,4,1478.0,5193.0,726419.3794912128,2476886.2300735717,0.2846139033314077,0.2932792676027093,14,269,0,3694.2863014880895,8779,4641,4138,0.019852164730728594,0.15962632006498778,92,1312.2863014880895,2382.0,4,3,False,{},{},{},{},0.0,0.0,0.0,0.0,0.0,0.0,0.0,0.0,0.0,0.0,0.0,0.0,0.0,0.0,Leave Event,0.0,"{'node_level': {}, 'link_level': {}, 'path_level': {}}","{'node_level': {}, 'link_level': {}, 'path_level': {}}","{'node_level': {}, 'link_level': {}, 'path_level': {}}",[],-inf,-inf,True,True,False,0,[],0,0.0,,
145,25,4,1478.0,5193.0,726419.3794912128,2476886.2300735717,0.2846139033314077,0.2932792676027093,14,270,0,3704.675401375879,8779,4641,4138,0.019852164730728594,0.15962632006498778,140,117.67540137587906,3587.0,5,5,False,{},{},{},{},0.0,0.0,0.0,0.0,0.0,0.0,0.0,0.0,0.0,0.0,0.0,0.0,0.0,0.0,Leave Event,0.0,"{'node_level': {}, 'link_level': {}, 'path_level': {}}","{'node_level': {}, 'link_level': {}, 'path_level': {}}","{'node_level': {}, 'link_level': {}, 'path_level': {}}",[],-inf,-inf,True,True,False,0,[],0,0.0,,
146,25,4,1478.0,5193.0,726419.3794912128,2476886.2300735717,0.2846139033314077,0.2932792676027093,14,271,1,3710.0,8779,4641,4138,0.019852164730728594,0.15962632006498778,145,333.4583037388232,3710.0,6,8,False,"{0: 29, 1: 8}","{(1, 0): []}","{(0, 29): {'cpu': 17}, (1, 8): {'cpu': 16}}",{},0.0,0.0,164.0,82.0,308.0,0.0,0.0,0.0,0.0,0.0,0.0,0.0,0.0,0.0,Route Failure,100.0,"{'node_level': {'cpu': -77}, 'link_level': {'bw': 100.0}, 'path_level': {}}","{'node_level': {0: {'cpu': -76}, 1: {'cpu': -77}}, 'link_level': {(1, 0): {'bw': 100.0}}, 'path_level': {(1, 0): {}}}","{'node_level': {0: {'cpu': 0}, 1: {'cpu': 0}}, 'link_level': {(1, 0): {'bw': 100.0}}, 'path_level': {(1, 0): {}}}",[],100.0,100.0,True,False,False,0,[],0,0.0,2.0,1.0
146,25,4,1478.0,5193.0,726419.3794912128,2476886.2300735717,0.2846139033314077,0.2932792676027093,14,272,0,3716.0760363881536,8779,4641,4138,0.019852164730728594,0.15962632006498778,74,1774.0760363881539,1942.0,7,13,False,{},{},{},{},0.0,0.0,0.0,0.0,0.0,0.0,0.0,0.0,0.0,0.0,0.0,0.0,0.0,0.0,Leave Event,0.0,"{'node_level': {}, 'link_level': {}, 'path_level': {}}","{'node_level': {}, 'link_level': {}, 'path_level': {}}","{'node_level': {}, 'link_level': {}, 'path_level': {}}",[],-inf,-inf,True,True,False,0,[],0,0.0,,
147,26,5,1510.0,5237.0,761948.7674977313,2525739.1385825346,0.28833301508497233,0.3016735797685517,14,273,1,3729.0,8735,4615,4120,0.025343189017951406,0.16328188464662874,146,1110.2933752037009,3729.0,2,1,True,"{0: 8, 1: 0}","{(1, 0): [(0, 1), (1, 3), (3, 8)]}","{(0, 8): {'cpu': 14}, (1, 0): {'cpu': 12}}","{((1, 0), (0, 1)): {'bw': 6}, ((1, 0), (1, 3)): {'bw': 6}, ((1, 0), (3, 8)): {'bw': 6}}",44.0,32.0,52.0,26.0,6.0,26.0,6.0,26.0,18.0,12.0,0.7272727272727273,48852.908508962835,35529.38800651843,807.486091057237,Success,0.0,"{'node_level': {'cpu': -52}, 'link_level': {'bw': -21}, 'path_level': {}}","{'node_level': {0: {'cpu': -79}, 1: {'cpu': -52}}, 'link_level': {(1, 0): {'bw': -21}}, 'path_level': {(1, 0): {}}}","{'node_level': {0: {'cpu': 0}, 1: {'cpu': 0}}, 'link_level': {(1, 0): {'bw': 0}}, 'path_level': {(1, 0): {}}}",[],-21.0,0.0,True,True,False,0,[],0,0.0,2.0,1.0
147,26,5,1510.0,5237.0,761948.7674977313,2525739.1385825346,0.28833301508497233,0.3016735797685517,14,274,0,3729.766815331639,8735,4615,4120,0.025343189017951406,0.16328188464662874,126,498.7668153316388,3231.0,10,21,False,{},{},{},{},0.0,0.0,0.0,0.0,0.0,0.0,0.0,0.0,0.0,0.0,0.0,0.0,0.0,0.0,Leave Event,0.0,"{'node_level': {}, 'link_level': {}, 'path_level': {}}","{'node_level': {}, 'link_level': {}, 'path_level': {}}","{'node_level': {}, 'link_level': {}, 'path_level': {}}",[],-inf,-inf,True,True,False,0,[],0,0.0,,
147,26,5,1510.0,5237.0,761948.7674977313,2525739.1385825346,0.28833301508497233,0.3016735797685517,14,275,0,3732.0797119518284,8735,4615,4120,0.025343189017951406,0.16328188464662874,141,122.07971195182846,3610.0,8,12,False,{},{},{},{},0.0,0.0,0.0,0.0,0.0,0.0,0.0,0.0,0.0,0.0,0.0,0.0,0.0,0.0,Leave Event,0.0,"{'node_level': {}, 'link_level': {}, 'path_level': {}}","{'node_level': {}, 'link_level': {}, 'path_level': {}}","{'node_level': {}, 'link_level': {}, 'path_level': {}}",[],-inf,-inf,True,True,False,0,[],0,0.0,,
147,26,5,1510.0,5237.0,761948.7674977313,2525739.1385825346,0.28833301508497233,0.3016735797685517,14,276,0,3732.507585117353,8735,4615,4120,0.025343189017951406,0.16328188464662874,130,407.50758511735296,3325.0,6,7,False,{},{},{},{},0.0,0.0,0.0,0.0,0.0,0.0,0.0,0.0,0.0,0.0,0.0,0.0,0.0,0.0,Leave Event,0.0,"{'node_level': {}, 'link_level': {}, 'path_level': {}}","{'node_level': {}, 'link_level': {}, 'path_level': {}}","{'node_level': {}, 'link_level': {}, 'path_level': {}}",[],-inf,-inf,True,True,False,0,[],0,0.0,,
148,26,5,1510.0,5237.0,761948.7674977313,2525739.1385825346,0.28833301508497233,0.3016735797685517,14,277,1,3751.0,8735,4615,4120,0.025343189017951406,0.16328188464662874,147,251.31365248343067,3751.0,10,23,False,"{0: 28, 1: 15, 2: 48, 3: 59}","{(2, 1): [(48, 16), (16, 7), (7, 15)], (3, 0): [(59, 27), (27, 13), (13, 28)], (3, 2): []}","{(0, 28): {'cpu': 6}, (1, 15): {'cpu': 12}, (2, 48): {'cpu': 10}, (3, 59): {'cpu': 16}}","{((2, 1), (48, 16)): {'bw': 25}, ((2, 1), (16, 7)): {'bw': 25}, ((2, 1), (7, 15)): {'bw': 25}, ((3, 0), (59, 27)): {'bw': 45}, ((3, 0), (27, 13)): {'bw': 45}, ((3, 0), (13, 28)): {'bw': 45}}",0.0,0.0,222.0,111.0,700.0,0.0,0.0,0.0,0.0,0.0,0.0,0.0,0.0,0.0,Route Failure,100.0,"{'node_level': {'cpu': -77}, 'link_level': {'bw': 100.0}, 'path_level': {}}","{'node_level': {0: {'cpu': -84}, 1: {'cpu': -79}, 2: {'cpu': -81}, 3: {'cpu': -77}}, 'link_level': {(2, 1): {'bw': -19}, (3, 0): {'bw': -32}, (3, 2): {'bw': 100.0}}, 'path_level': {(2, 1): {}, (3, 0): {}, (3, 2): {}}}","{'node_level': {0: {'cpu': 0}, 1: {'cpu': 0}, 2: {'cpu': 0}, 3: {'cpu': 0}}, 'link_level': {(2, 1): {'bw': 0}, (3, 0): {'bw': 0}, (3, 2): {'bw': 100.0}}, 'path_level': {(2, 1): {}, (3, 0): {}, (3, 2): {}}}",[],100.0,100.0,True,False,False,0,[],0,0.0,4.0,3.0
148,26,5,1510.0,5237.0,761948.7674977313,2525739.1385825346,0.28833301508497233,0.3016735797685517,14,278,0,3759.751194035816,8735,4615,4120,0.025343189017951406,0.16328188464662874,136,282.75119403581584,3477.0,9,19,False,{},{},{},{},0.0,0.0,0.0,0.0,0.0,0.0,0.0,0.0,0.0,0.0,0.0,0.0,0.0,0.0,Leave Event,0.0,"{'node_level': {}, 'link_level': {}, 'path_level': {}}","{'node_level': {}, 'link_level': {}, 'path_level': {}}","{'node_level': {}, 'link_level': {}, 'path_level': {}}",[],-inf,-inf,True,True,False,0,[],0,0.0,,
149,26,5,1510.0,5237.0,761948.7674977313,2525739.1385825346,0.28833301508497233,0.3016735797685517,14,279,1,3771.0,8735,4615,4120,0.025343189017951406,0.16328188464662874,148,682.4845783045753,3771.0,6,11,False,"{0: 48, 1: 35, 2: 32}","{(1, 0): [(35, 19), (19, 9), (9, 4), (4, 1), (1, 3), (3, 7), (7, 16), (16, 48)], (2, 0): [(32, 16), (16, 48)], (2, 1): []}","{(0, 48): {'cpu': 6}, (1, 35): {'cpu': 20}, (2, 32): {'cpu': 14}}","{((1, 0), (35, 19)): {'bw': 5}, ((1, 0), (19, 9)): {'bw': 5}, ((1, 0), (9, 4)): {'bw': 5}, ((1, 0), (4, 1)): {'bw': 5}, ((1, 0), (1, 3)): {'bw': 5}, ((1, 0), (3, 7)): {'bw': 5}, ((1, 0), (7, 16)): {'bw': 5}, ((1, 0), (16, 48)): {'bw': 5}, ((2, 0), (32, 16)): {'bw': 30}, ((2, 0), (16, 48)): {'bw': 30}}",0.0,0.0,174.0,87.0,279.0,0.0,0.0,0.0,0.0,0.0,0.0,0.0,0.0,0.0,Route Failure,100.0,"{'node_level': {'cpu': -78}, 'link_level': {'bw': 100.0}, 'path_level': {}}","{'node_level': {0: {'cpu': -85}, 1: {'cpu': -73}, 2: {'cpu': -78}}, 'link_level': {(1, 0): {'bw': -1}, (2, 0): {'bw': -47}, (2, 1): {'bw': 100.0}}, 'path_level': {(1, 0): {}, (2, 0): {}, (2, 1): {}}}","{'node_level': {0: {'cpu': 0}, 1: {'cpu': 0}, 2: {'cpu': 0}}, 'link_level': {(1, 0): {'bw': 0}, (2, 0): {'bw': 0}, (2, 1): {'bw': 100.0}}, 'path_level': {(1, 0): {}, (2, 0): {}, (2, 1): {}}}",[],100.0,100.0,True,False,False,0,[],0,0.0,3.0,3.0
149,26,5,1510.0,5237.0,761948.7674977313,2525739.1385825346,0.28833301508497233,0.3016735797685517,14,280,0,3776.832677849684,8735,4615,4120,0.025343189017951406,0.16328188464662874,133,382.8326778496837,3394.0,8,16,False,{},{},{},{},0.0,0.0,0.0,0.0,0.0,0.0,0.0,0.0,0.0,0.0,0.0,0.0,0.0,0.0,Leave Event,0.0,"{'node_level': {}, 'link_level': {}, 'path_level': {}}","{'node_level': {}, 'link_level': {}, 'path_level': {}}","{'node_level': {}, 'link_level': {}, 'path_level': {}}",[],-inf,-inf,True,True,False,0,[],0,0.0,,
150,26,5,1510.0,5237.0,761948.7674977313,2525739.1385825346,0.28833301508497233,0.3016735797685517,14,281,1,3795.0,8735,4615,4120,0.025343189017951406,0.16328188464662874,149,402.32689733113864,3795.0,9,18,False,"{0: 28, 1: 15}","{(1, 0): []}","{(0, 28): {'cpu': 0}, (1, 15): {'cpu': 8}}",{},0.0,0.0,190.0,95.0,524.0,0.0,0.0,0.0,0.0,0.0,0.0,0.0,0.0,0.0,Route Failure,100.0,"{'node_level': {'cpu': -83}, 'link_level': {'bw': 100.0}, 'path_level': {}}","{'node_level': {0: {'cpu': -90}, 1: {'cpu': -83}}, 'link_level': {(1, 0): {'bw': 100.0}}, 'path_level': {(1, 0): {}}}","{'node_level': {0: {'cpu': 0}, 1: {'cpu': 0}}, 'link_level': {(1, 0): {'bw': 100.0}}, 'path_level': {(1, 0): {}}}",[],100.0,100.0,True,False,False,0,[],0,0.0,2.0,1.0
150,26,5,1510.0,5237.0,761948.7674977313,2525739.1385825346,0.28833301508497233,0.3016735797685517,14,282,0,3802.8293003112844,8735,4615,4120,0.025343189017951406,0.16328188464662874,128,525.8293003112843,3277.0,6,9,False,{},{},{},{},0.0,0.0,0.0,0.0,0.0,0.0,0.0,0.0,0.0,0.0,0.0,0.0,0.0,0.0,Leave Event,0.0,"{'node_level': {}, 'link_level': {}, 'path_level': {}}","{'node_level': {}, 'link_level': {}, 'path_level': {}}","{'node_level': {}, 'link_level': {}, 'path_level': {}}",[],-inf,-inf,True,True,False,0,[],0,0.0,,
151,26,5,1510.0,5237.0,761948.7674977313,2525739.1385825346,0.28833301508497233,0.3016735797685517,14,283,1,3820.0,8735,4615,4120,0.025343189017951406,0.16328188464662874,150,488.8505231744937,3820.0,10,27,False,"{0: 42, 1: 29}","{(1, 0): []}","{(0, 42): {'cpu': 0}, (1, 29): {'cpu': 17}}",{},0.0,0.0,172.0,86.0,607.0,0.0,0.0,0.0,0.0,0.0,0.0,0.0,0.0,0.0,Route Failure,100.0,"{'node_level': {'cpu': -76}, 'link_level': {'bw': 100.0}, 'path_level': {}}","{'node_level': {0: {'cpu': -89}, 1: {'cpu': -76}}, 'link_level': {(1, 0): {'bw': 100.0}}, 'path_level': {(1, 0): {}}}","{'node_level': {0: {'cpu': 0}, 1: {'cpu': 0}}, 'link_level': {(1, 0): {'bw': 100.0}}, 'path_level': {(1, 0): {}}}",[],100.0,100.0,True,False,False,0,[],0,0.0,2.0,1.0
151,26,5,1510.0,5237.0,761948.7674977313,2525739.1385825346,0.28833301508497233,0.3016735797685517,14,284,0,3837.4479625253966,8735,4615,4120,0.025343189017951406,0.16328188464662874,111,992.4479625253966,2845.0,7,11,False,{},{},{},{},0.0,0.0,0.0,0.0,0.0,0.0,0.0,0.0,0.0,0.0,0.0,0.0,0.0,0.0,Leave Event,0.0,"{'node_level': {}, 'link_level': {}, 'path_level': {}}","{'node_level': {}, 'link_level': {}, 'path_level': {}}","{'node_level': {}, 'link_level': {}, 'path_level': {}}",[],-inf,-inf,True,True,False,0,[],0,0.0,,
151,26,5,1510.0,5237.0,761948.7674977313,2525739.1385825346,0.28833301508497233,0.3016735797685517,14,285,0,3844.85957693659,8735,4615,4120,0.025343189017951406,0.16328188464662874,105,1154.8595769365904,2690.0,3,2,False,{},{},{},{},0.0,0.0,0.0,0.0,0.0,0.0,0.0,0.0,0.0,0.0,0.0,0.0,0.0,0.0,Leave Event,0.0,"{'node_level': {}, 'link_level': {}, 'path_level': {}}","{'node_level': {}, 'link_level': {}, 'path_level': {}}","{'node_level': {}, 'link_level': {}, 'path_level': {}}",[],-inf,-inf,True,True,False,0,[],0,0.0,,
152,26,5,1510.0,5237.0,761948.7674977313,2525739.1385825346,0.28833301508497233,0.3016735797685517,14,286,1,3853.0,8735,4615,4120,0.025343189017951406,0.16328188464662874,151,157.62393554906015,3853.0,7,13,False,"{0: 9, 1: 29}","{(1, 0): []}","{(0, 9): {'cpu': 1}, (1, 29): {'cpu': 19}}",{},0.0,0.0,170.0,85.0,258.0,0.0,0.0,0.0,0.0,0.0,0.0,0.0,0.0,0.0,Route Failure,100.0,"{'node_level': {'cpu': -74}, 'link_level': {'bw': 100.0}, 'path_level': {}}","{'node_level': {0: {'cpu': -90}, 1: {'cpu': -74}}, 'link_level': {(1, 0): {'bw': 100.0}}, 'path_level': {(1, 0): {}}}","{'node_level': {0: {'cpu': 0}, 1: {'cpu': 0}}, 'link_level': {(1, 0): {'bw': 100.0}}, 'path_level': {(1, 0): {}}}",[],100.0,100.0,True,False,False,0,[],0,0.0,2.0,1.0
153,26,5,1510.0,5237.0,761948.7674977313,2525739.1385825346,0.28833301508497233,0.3016735797685517,14,287,1,3875.0,8735,4615,4120,0.025343189017951406,0.16328188464662874,152,1387.0550029208707,3875.0,8,13,False,"{0: 59, 1: 29, 2: 32, 3: 9}","{(3, 0): [(9, 4), (4, 1), (1, 0), (0, 2), (2, 6), (6, 13), (13, 27), (27, 59)], (3, 2): []}","{(0, 59): {'cpu': 18}, (1, 29): {'cpu': 19}, (2, 32): {'cpu': 13}, (3, 9): {'cpu': 7}}","{((3, 0), (9, 4)): {'bw': 3}, ((3, 0), (4, 1)): {'bw': 3}, ((3, 0), (1, 0)): {'bw': 3}, ((3, 0), (0, 2)): {'bw': 3}, ((3, 0), (2, 6)): {'bw': 3}, ((3, 0), (6, 13)): {'bw': 3}, ((3, 0), (13, 27)): {'bw': 3}, ((3, 0), (27, 59)): {'bw': 3}}",0.0,0.0,200.0,100.0,251.0,0.0,0.0,0.0,0.0,0.0,0.0,0.0,0.0,0.0,Route Failure,100.0,"{'node_level': {'cpu': -84}, 'link_level': {'bw': 100.0}, 'path_level': {}}","{'node_level': {0: {'cpu': -75}, 1: {'cpu': -74}, 2: {'cpu': -79}, 3: {'cpu': -84}}, 'link_level': {(3, 0): {'bw': -8}, (3, 2): {'bw': 100.0}}, 'path_level': {(3, 0): {}, (3, 2): {}}}","{'node_level': {0: {'cpu': 0}, 1: {'cpu': 0}, 2: {'cpu': 0}, 3: {'cpu': 0}}, 'link_level': {(3, 0): {'bw': 0}, (3, 2): {'bw': 100.0}}, 'path_level': {(3, 0): {}, (3, 2): {}}}",[],100.0,100.0,True,False,False,0,[],0,0.0,4.0,2.0
154,26,5,1510.0,5237.0,761948.7674977313,2525739.1385825346,0.28833301508497233,0.3016735797685517,14,288,1,3896.0,8735,4615,4120,0.025343189017951406,0.16328188464662874,153,734.0879291075967,3896.0,9,22,False,"{0: 9, 1: 29, 2: 28, 3: 35, 4: 15}","{(4, 0): []}","{(0, 9): {'cpu': 6}, (1, 29): {'cpu': 18}, (2, 28): {'cpu': 1}, (3, 35): {'cpu': 14}, (4, 15): {'cpu': 10}}",{},0.0,0.0,152.0,76.0,571.0,0.0,0.0,0.0,0.0,0.0,0.0,0.0,0.0,0.0,Route Failure,100.0,"{'node_level': {'cpu': -81}, 'link_level': {'bw': 100.0}, 'path_level': {}}","{'node_level': {0: {'cpu': -85}, 1: {'cpu': -75}, 2: {'cpu': -89}, 3: {'cpu': -79}, 4: {'cpu': -81}}, 'link_level': {(4, 0): {'bw': 100.0}}, 'path_level': {(4, 0): {}}}","{'node_level': {0: {'cpu': 0}, 1: {'cpu': 0}, 2: {'cpu': 0}, 3: {'cpu': 0}, 4: {'cpu': 0}}, 'link_level': {(4, 0): {'bw': 100.0}}, 'path_level': {(4, 0): {}}}",[],100.0,100.0,True,False,False,0,[],0,0.0,5.0,1.0
154,26,5,1510.0,5237.0,761948.7674977313,2525739.1385825346,0.28833301508497233,0.3016735797685517,14,289,0,3897.431501087978,8735,4615,4120,0.025343189017951406,0.16328188464662874,108,1130.431501087978,2767.0,3,2,False,{},{},{},{},0.0,0.0,0.0,0.0,0.0,0.0,0.0,0.0,0.0,0.0,0.0,0.0,0.0,0.0,Leave Event,0.0,"{'node_level': {}, 'link_level': {}, 'path_level': {}}","{'node_level': {}, 'link_level': {}, 'path_level': {}}","{'node_level': {}, 'link_level': {}, 'path_level': {}}",[],-inf,-inf,True,True,False,0,[],0,0.0,,
155,26,5,1510.0,5237.0,761948.7674977313,2525739.1385825346,0.28833301508497233,0.3016735797685517,14,290,1,3922.0,8735,4615,4120,0.025343189017951406,0.16328188464662874,154,78.6749963784867,3922.0,5,6,False,"{0: 35, 1: 32}","{(1, 0): []}","{(0, 35): {'cpu': 20}, (1, 32): {'cpu': 2}}",{},0.0,0.0,80.0,40.0,144.0,0.0,0.0,0.0,0.0,0.0,0.0,0.0,0.0,0.0,Route Failure,100.0,"{'node_level': {'cpu': -90}, 'link_level': {'bw': 100.0}, 'path_level': {}}","{'node_level': {0: {'cpu': -73}, 1: {'cpu': -90}}, 'link_level': {(1, 0): {'bw': 100.0}}, 'path_level': {(1, 0): {}}}","{'node_level': {0: {'cpu': 0}, 1: {'cpu': 0}}, 'link_level': {(1, 0): {'bw': 100.0}}, 'path_level': {(1, 0): {}}}",[],100.0,100.0,True,False,False,0,[],0,0.0,2.0,1.0
155,26,4,1510.0,5237.0,761948.7674977313,2525739.1385825346,0.28833301508497233,0.3016735797685517,14,291,0,3935.3617907767425,8973,4638,4335,0.020485744456177457,0.11961819658813977,123,782.3617907767425,3153.0,2,1,False,{},{},{},{},0.0,0.0,0.0,0.0,0.0,0.0,0.0,0.0,0.0,0.0,0.0,0.0,0.0,0.0,Leave Event,0.0,"{'node_level': {}, 'link_level': {}, 'path_level': {}}","{'node_level': {}, 'link_level': {}, 'path_level': {}}","{'node_level': {}, 'link_level': {}, 'path_level': {}}",[],-inf,-inf,True,True,False,0,[],0,0.0,,
156,26,4,1510.0,5237.0,761948.7674977313,2525739.1385825346,0.28833301508497233,0.3016735797685517,14,292,1,3941.0,8973,4638,4335,0.020485744456177457,0.11961819658813977,155,385.4834146371833,3941.0,7,12,False,"{0: 55, 1: 32, 2: 29}","{(1, 0): [(32, 16), (16, 7), (7, 3), (3, 1), (1, 0), (0, 2), (2, 5), (5, 11), (11, 23), (23, 55)], (2, 1): []}","{(0, 55): {'cpu': 18}, (1, 32): {'cpu': 4}, (2, 29): {'cpu': 12}}","{((1, 0), (32, 16)): {'bw': 0}, ((1, 0), (16, 7)): {'bw': 0}, ((1, 0), (7, 3)): {'bw': 0}, ((1, 0), (3, 1)): {'bw': 0}, ((1, 0), (1, 0)): {'bw': 0}, ((1, 0), (0, 2)): {'bw': 0}, ((1, 0), (2, 5)): {'bw': 0}, ((1, 0), (5, 11)): {'bw': 0}, ((1, 0), (11, 23)): {'bw': 0}, ((1, 0), (23, 55)): {'bw': 0}}",0.0,0.0,122.0,61.0,261.0,0.0,0.0,0.0,0.0,0.0,0.0,0.0,0.0,0.0,Route Failure,100.0,"{'node_level': {'cpu': -81}, 'link_level': {'bw': 100.0}, 'path_level': {}}","{'node_level': {0: {'cpu': -81}, 1: {'cpu': -88}, 2: {'cpu': -81}}, 'link_level': {(1, 0): {'bw': -6}, (2, 1): {'bw': 100.0}}, 'path_level': {(1, 0): {}, (2, 1): {}}}","{'node_level': {0: {'cpu': 0}, 1: {'cpu': 0}, 2: {'cpu': 0}}, 'link_level': {(1, 0): {'bw': 0}, (2, 1): {'bw': 100.0}}, 'path_level': {(1, 0): {}, (2, 1): {}}}",[],100.0,100.0,True,False,False,0,[],0,0.0,3.0,2.0
157,27,5,1616.0,5697.0,1051827.7877183212,3783704.6980303777,0.283658065648587,0.27798886849331933,14,293,1,3966.0,8513,4601,3912,0.0282998944033791,0.20552396425670183,156,2734.707737930094,3966.0,3,2,True,"{0: 55, 1: 59, 2: 0}","{(1, 0): [(59, 27), (27, 13), (13, 6), (6, 2), (2, 5), (5, 11), (11, 23), (23, 55)], (2, 0): [(0, 2), (2, 5), (5, 11), (11, 23), (23, 55)]}","{(0, 55): {'cpu': 18}, (1, 59): {'cpu': 16}, (2, 0): {'cpu': 3}}","{((1, 0), (59, 27)): {'bw': 26}, ((1, 0), (27, 13)): {'bw': 26}, ((1, 0), (13, 6)): {'bw': 26}, ((1, 0), (6, 2)): {'bw': 26}, ((1, 0), (2, 5)): {'bw': 26}, ((1, 0), (5, 11)): {'bw': 26}, ((1, 0), (11, 23)): {'bw': 26}, ((1, 0), (23, 55)): {'bw': 26}, ((2, 0), (0, 2)): {'bw': 43}, ((2, 0), (2, 5)): {'bw': 43}, ((2, 0), (5, 11)): {'bw': 43}, ((2, 0), (11, 23)): {'bw': 43}, ((2, 0), (23, 55)): {'bw': 43}}",460.0,106.0,74.0,37.0,69.0,37.0,69.0,37.0,423.0,354.0,0.23043478260869565,1257965.5594478433,289879.02022058994,630.1717830882391,Success,0.0,"{'node_level': {'cpu': -58}, 'link_level': {'bw': -5}, 'path_level': {}}","{'node_level': {0: {'cpu': -81}, 1: {'cpu': -77}, 2: {'cpu': -58}}, 'link_level': {(1, 0): {'bw': -16}, (2, 0): {'bw': -5}}, 'path_level': {(1, 0): {}, (2, 0): {}}}","{'node_level': {0: {'cpu': 0}, 1: {'cpu': 0}, 2: {'cpu': 0}}, 'link_level': {(1, 0): {'bw': 0}, (2, 0): {'bw': 0}}, 'path_level': {(1, 0): {}, (2, 0): {}}}",[],-5.0,0.0,True,True,False,0,[],0,0.0,3.0,2.0
157,27,4,1616.0,5697.0,1051827.7877183212,3783704.6980303777,0.283658065648587,0.27798886849331933,14,294,0,3999.087813201163,8933,4632,4301,0.02175290390707496,0.12652315190901708,142,363.08781320116316,3636.0,3,3,False,{},{},{},{},0.0,0.0,0.0,0.0,0.0,0.0,0.0,0.0,0.0,0.0,0.0,0.0,0.0,0.0,Leave Event,0.0,"{'node_level': {}, 'link_level': {}, 'path_level': {}}","{'node_level': {}, 'link_level': {}, 'path_level': {}}","{'node_level': {}, 'link_level': {}, 'path_level': {}}",[],-inf,-inf,True,True,False,0,[],0,0.0,,
157,27,4,1616.0,5697.0,1051827.7877183212,3783704.6980303777,0.283658065648587,0.27798886849331933,14,295,0,4000.674996378487,8933,4632,4301,0.02175290390707496,0.12652315190901708,154,78.6749963784867,3922.0,5,6,False,{},{},{},{},0.0,0.0,0.0,0.0,0.0,0.0,0.0,0.0,0.0,0.0,0.0,0.0,0.0,0.0,Leave Event,0.0,"{'node_level': {}, 'link_level': {}, 'path_level': {}}","{'node_level': {}, 'link_level': {}, 'path_level': {}}","{'node_level': {}, 'link_level': {}, 'path_level': {}}",[],-inf,-inf,True,True,False,0,[],0,0.0,,
158,27,4,1616.0,5697.0,1051827.7877183212,3783704.6980303777,0.283658065648587,0.27798886849331933,14,296,1,4002.0,8933,4632,4301,0.02175290390707496,0.12652315190901708,157,25.150226606189406,4002.0,10,25,False,"{0: 9, 1: 35, 2: 32, 3: 15}","{(1, 0): [(35, 19), (19, 9)], (2, 0): [(32, 16), (16, 7), (7, 3), (3, 1), (1, 4), (4, 9)], (3, 0): []}","{(0, 9): {'cpu': 10}, (1, 35): {'cpu': 12}, (2, 32): {'cpu': 12}, (3, 15): {'cpu': 13}}","{((1, 0), (35, 19)): {'bw': 41}, ((1, 0), (19, 9)): {'bw': 41}, ((2, 0), (32, 16)): {'bw': 48}, ((2, 0), (16, 7)): {'bw': 48}, ((2, 0), (7, 3)): {'bw': 48}, ((2, 0), (3, 1)): {'bw': 48}, ((2, 0), (1, 4)): {'bw': 48}, ((2, 0), (4, 9)): {'bw': 48}}",0.0,0.0,208.0,104.0,632.0,0.0,0.0,0.0,0.0,0.0,0.0,0.0,0.0,0.0,Route Failure,100.0,"{'node_level': {'cpu': -81}, 'link_level': {'bw': 100.0}, 'path_level': {}}","{'node_level': {0: {'cpu': -81}, 1: {'cpu': -81}, 2: {'cpu': -80}, 3: {'cpu': -81}}, 'link_level': {(1, 0): {'bw': -33}, (2, 0): {'bw': -13}, (3, 0): {'bw': 100.0}}, 'path_level': {(1, 0): {}, (2, 0): {}, (3, 0): {}}}","{'node_level': {0: {'cpu': 0}, 1: {'cpu': 0}, 2: {'cpu': 0}, 3: {'cpu': 0}}, 'link_level': {(1, 0): {'bw': 0}, (2, 0): {'bw': 0}, (3, 0): {'bw': 100.0}}, 'path_level': {(1, 0): {}, (2, 0): {}, (3, 0): {}}}",[],100.0,100.0,True,False,False,0,[],0,0.0,4.0,3.0
158,27,4,1616.0,5697.0,1051827.7877183212,3783704.6980303777,0.283658065648587,0.27798886849331933,14,297,0,4002.313652483431,8933,4632,4301,0.02175290390707496,0.12652315190901708,147,251.31365248343067,3751.0,10,23,False,{},{},{},{},0.0,0.0,0.0,0.0,0.0,0.0,0.0,0.0,0.0,0.0,0.0,0.0,0.0,0.0,Leave Event,0.0,"{'node_level': {}, 'link_level': {}, 'path_level': {}}","{'node_level': {}, 'link_level': {}, 'path_level': {}}","{'node_level': {}, 'link_level': {}, 'path_level': {}}",[],-inf,-inf,True,True,False,0,[],0,0.0,,
158,27,4,1616.0,5697.0,1051827.7877183212,3783704.6980303777,0.283658065648587,0.27798886849331933,14,298,0,4010.62393554906,8933,4632,4301,0.02175290390707496,0.12652315190901708,151,157.62393554906015,3853.0,7,13,False,{},{},{},{},0.0,0.0,0.0,0.0,0.0,0.0,0.0,0.0,0.0,0.0,0.0,0.0,0.0,0.0,Leave Event,0.0,"{'node_level': {}, 'link_level': {}, 'path_level': {}}","{'node_level': {}, 'link_level': {}, 'path_level': {}}","{'node_level': {}, 'link_level': {}, 'path_level': {}}",[],-inf,-inf,True,True,False,0,[],0,0.0,,
158,27,4,1616.0,5697.0,1051827.7877183212,3783704.6980303777,0.283658065648587,0.27798886849331933,14,299,0,4015.148272719931,8933,4632,4301,0.02175290390707496,0.12652315190901708,134,587.1482727199309,3428.0,9,18,False,{},{},{},{},0.0,0.0,0.0,0.0,0.0,0.0,0.0,0.0,0.0,0.0,0.0,0.0,0.0,0.0,Leave Event,0.0,"{'node_level': {}, 'link_level': {}, 'path_level': {}}","{'node_level': {}, 'link_level': {}, 'path_level': {}}","{'node_level': {}, 'link_level': {}, 'path_level': {}}",[],-inf,-inf,True,True,False,0,[],0,0.0,,
159,27,4,1616.0,5697.0,1051827.7877183212,3783704.6980303777,0.283658065648587,0.27798886849331933,14,300,1,4021.0,8933,4632,4301,0.02175290390707496,0.12652315190901708,158,180.3557097190893,4021.0,4,4,False,"{0: 38, 1: 53, 2: 29, 3: 15}","{(1, 0): [(53, 21), (21, 10), (10, 22), (22, 38)], (2, 0): [(29, 14), (14, 6), (6, 2), (2, 0), (0, 1), (1, 4), (4, 10), (10, 22), (22, 38)], (3, 1): [(15, 7), (7, 3), (3, 1), (1, 4), (4, 10), (10, 21), (21, 53)], (3, 2): []}","{(0, 38): {'cpu': 19}, (1, 53): {'cpu': 13}, (2, 29): {'cpu': 2}, (3, 15): {'cpu': 18}}","{((1, 0), (53, 21)): {'bw': 22}, ((1, 0), (21, 10)): {'bw': 22}, ((1, 0), (10, 22)): {'bw': 22}, ((1, 0), (22, 38)): {'bw': 22}, ((2, 0), (29, 14)): {'bw': 13}, ((2, 0), (14, 6)): {'bw': 13}, ((2, 0), (6, 2)): {'bw': 13}, ((2, 0), (2, 0)): {'bw': 13}, ((2, 0), (0, 1)): {'bw': 13}, ((2, 0), (1, 4)): {'bw': 13}, ((2, 0), (4, 10)): {'bw': 13}, ((2, 0), (10, 22)): {'bw': 13}, ((2, 0), (22, 38)): {'bw': 13}, ((3, 1), (15, 7)): {'bw': 2}, ((3, 1), (7, 3)): {'bw': 2}, ((3, 1), (3, 1)): {'bw': 2}, ((3, 1), (1, 4)): {'bw': 2}, ((3, 1), (4, 10)): {'bw': 2}, ((3, 1), (10, 21)): {'bw': 2}, ((3, 1), (21, 53)): {'bw': 2}}",0.0,0.0,104.0,52.0,61.0,0.0,0.0,0.0,0.0,0.0,0.0,0.0,0.0,0.0,Route Failure,100.0,"{'node_level': {'cpu': -76}, 'link_level': {'bw': 100.0}, 'path_level': {}}","{'node_level': {0: {'cpu': -79}, 1: {'cpu': -83}, 2: {'cpu': -91}, 3: {'cpu': -76}}, 'link_level': {(1, 0): {'bw': -40}, (2, 0): {'bw': -3}, (3, 1): {'bw': -42}, (3, 2): {'bw': 100.0}}, 'path_level': {(1, 0): {}, (2, 0): {}, (3, 1): {}, (3, 2): {}}}","{'node_level': {0: {'cpu': 0}, 1: {'cpu': 0}, 2: {'cpu': 0}, 3: {'cpu': 0}}, 'link_level': {(1, 0): {'bw': 0}, (2, 0): {'bw': 0}, (3, 1): {'bw': 0}, (3, 2): {'bw': 100.0}}, 'path_level': {(1, 0): {}, (2, 0): {}, (3, 1): {}, (3, 2): {}}}",[],100.0,100.0,True,False,False,0,[],0,0.0,4.0,4.0
159,27,4,1616.0,5697.0,1051827.7877183212,3783704.6980303777,0.283658065648587,0.27798886849331933,14,301,0,4027.1502266061893,8933,4632,4301,0.02175290390707496,0.12652315190901708,157,25.150226606189406,4002.0,10,25,False,{},{},{},{},0.0,0.0,0.0,0.0,0.0,0.0,0.0,0.0,0.0,0.0,0.0,0.0,0.0,0.0,Leave Event,0.0,"{'node_level': {}, 'link_level': {}, 'path_level': {}}","{'node_level': {}, 'link_level': {}, 'path_level': {}}","{'node_level': {}, 'link_level': {}, 'path_level': {}}",[],-inf,-inf,True,True,False,0,[],0,0.0,,
159,27,4,1616.0,5697.0,1051827.7877183212,3783704.6980303777,0.283658065648587,0.27798886849331933,14,302,0,4043.4583037388234,8933,4632,4301,0.02175290390707496,0.12652315190901708,145,333.4583037388232,3710.0,6,8,False,{},{},{},{},0.0,0.0,0.0,0.0,0.0,0.0,0.0,0.0,0.0,0.0,0.0,0.0,0.0,0.0,Leave Event,0.0,"{'node_level': {}, 'link_level': {}, 'path_level': {}}","{'node_level': {}, 'link_level': {}, 'path_level': {}}","{'node_level': {}, 'link_level': {}, 'path_level': {}}",[],-inf,-inf,True,True,False,0,[],0,0.0,,
160,27,4,1616.0,5697.0,1051827.7877183212,3783704.6980303777,0.283658065648587,0.27798886849331933,14,303,1,4047.0,8933,4632,4301,0.02175290390707496,0.12652315190901708,159,675.1034514207436,4047.0,10,20,False,"{0: 15, 1: 9, 2: 32, 3: 29}","{(1, 0): [(9, 4), (4, 1), (1, 3), (3, 7), (7, 15)], (3, 0): [(29, 14), (14, 6), (6, 2), (2, 0), (0, 1), (1, 3), (3, 7), (7, 15)], (3, 2): []}","{(0, 15): {'cpu': 16}, (1, 9): {'cpu': 4}, (2, 32): {'cpu': 8}, (3, 29): {'cpu': 16}}","{((1, 0), (9, 4)): {'bw': 28}, ((1, 0), (4, 1)): {'bw': 28}, ((1, 0), (1, 3)): {'bw': 28}, ((1, 0), (3, 7)): {'bw': 28}, ((1, 0), (7, 15)): {'bw': 28}, ((3, 0), (29, 14)): {'bw': 9}, ((3, 0), (14, 6)): {'bw': 9}, ((3, 0), (6, 2)): {'bw': 9}, ((3, 0), (2, 0)): {'bw': 9}, ((3, 0), (0, 1)): {'bw': 9}, ((3, 0), (1, 3)): {'bw': 9}, ((3, 0), (3, 7)): {'bw': 9}, ((3, 0), (7, 15)): {'bw': 9}}",0.0,0.0,208.0,104.0,518.0,0.0,0.0,0.0,0.0,0.0,0.0,0.0,0.0,0.0,Route Failure,100.0,"{'node_level': {'cpu': -77}, 'link_level': {'bw': 100.0}, 'path_level': {}}","{'node_level': {0: {'cpu': -78}, 1: {'cpu': -87}, 2: {'cpu': -84}, 3: {'cpu': -77}}, 'link_level': {(1, 0): {'bw': -33}, (3, 0): {'bw': -7}, (3, 2): {'bw': 100.0}}, 'path_level': {(1, 0): {}, (3, 0): {}, (3, 2): {}}}","{'node_level': {0: {'cpu': 0}, 1: {'cpu': 0}, 2: {'cpu': 0}, 3: {'cpu': 0}}, 'link_level': {(1, 0): {'bw': 0}, (3, 0): {'bw': 0}, (3, 2): {'bw': 100.0}}, 'path_level': {(1, 0): {}, (3, 0): {}, (3, 2): {}}}",[],100.0,100.0,True,False,False,0,[],0,0.0,4.0,3.0
161,27,4,1616.0,5697.0,1051827.7877183212,3783704.6980303777,0.283658065648587,0.27798886849331933,14,304,1,4074.0,8933,4632,4301,0.02175290390707496,0.12652315190901708,160,20.078528472529662,4074.0,6,6,False,"{0: 53, 1: 38, 2: 15, 3: 29}","{(3, 0): []}","{(0, 53): {'cpu': 17}, (1, 38): {'cpu': 18}, (2, 15): {'cpu': 11}, (3, 29): {'cpu': 9}}",{},0.0,0.0,154.0,77.0,177.0,0.0,0.0,0.0,0.0,0.0,0.0,0.0,0.0,0.0,Route Failure,100.0,"{'node_level': {'cpu': -84}, 'link_level': {'bw': 100.0}, 'path_level': {}}","{'node_level': {0: {'cpu': -79}, 1: {'cpu': -80}, 2: {'cpu': -83}, 3: {'cpu': -84}}, 'link_level': {(3, 0): {'bw': 100.0}}, 'path_level': {(3, 0): {}}}","{'node_level': {0: {'cpu': 0}, 1: {'cpu': 0}, 2: {'cpu': 0}, 3: {'cpu': 0}}, 'link_level': {(3, 0): {'bw': 100.0}}, 'path_level': {(3, 0): {}}}",[],100.0,100.0,True,False,False,0,[],0,0.0,4.0,1.0
161,27,3,1616.0,5697.0,1051827.7877183212,3783704.6980303777,0.283658065648587,0.27798886849331933,14,305,0,4075.744414611583,8960,4659,4301,0.01605068637803586,0.12652315190901708,110,1261.7444146115831,2814.0,2,1,False,{},{},{},{},0.0,0.0,0.0,0.0,0.0,0.0,0.0,0.0,0.0,0.0,0.0,0.0,0.0,0.0,Leave Event,0.0,"{'node_level': {}, 'link_level': {}, 'path_level': {}}","{'node_level': {}, 'link_level': {}, 'path_level': {}}","{'node_level': {}, 'link_level': {}, 'path_level': {}}",[],-inf,-inf,True,True,False,0,[],0,0.0,,
161,27,3,1616.0,5697.0,1051827.7877183212,3783704.6980303777,0.283658065648587,0.27798886849331933,14,306,0,4086.227231576257,8960,4659,4301,0.01605068637803586,0.12652315190901708,143,422.22723157625694,3664.0,5,5,False,{},{},{},{},0.0,0.0,0.0,0.0,0.0,0.0,0.0,0.0,0.0,0.0,0.0,0.0,0.0,0.0,Leave Event,0.0,"{'node_level': {}, 'link_level': {}, 'path_level': {}}","{'node_level': {}, 'link_level': {}, 'path_level': {}}","{'node_level': {}, 'link_level': {}, 'path_level': {}}",[],-inf,-inf,True,True,False,0,[],0,0.0,,
162,27,3,1616.0,5697.0,1051827.7877183212,3783704.6980303777,0.283658065648587,0.27798886849331933,14,307,1,4092.0,8960,4659,4301,0.01605068637803586,0.12652315190901708,161,686.5332994827498,4092.0,7,13,False,"{0: 38, 1: 29}","{(1, 0): []}","{(0, 38): {'cpu': 17}, (1, 29): {'cpu': 1}}",{},0.0,0.0,110.0,55.0,413.0,0.0,0.0,0.0,0.0,0.0,0.0,0.0,0.0,0.0,Route Failure,100.0,"{'node_level': {'cpu': -92}, 'link_level': {'bw': 100.0}, 'path_level': {}}","{'node_level': {0: {'cpu': -81}, 1: {'cpu': -92}}, 'link_level': {(1, 0): {'bw': 100.0}}, 'path_level': {(1, 0): {}}}","{'node_level': {0: {'cpu': 0}, 1: {'cpu': 0}}, 'link_level': {(1, 0): {'bw': 100.0}}, 'path_level': {(1, 0): {}}}",[],100.0,100.0,True,False,False,0,[],0,0.0,2.0,1.0
162,27,3,1616.0,5697.0,1051827.7877183212,3783704.6980303777,0.283658065648587,0.27798886849331933,14,308,0,4094.07852847253,8960,4659,4301,0.01605068637803586,0.12652315190901708,160,20.078528472529662,4074.0,6,6,False,{},{},{},{},0.0,0.0,0.0,0.0,0.0,0.0,0.0,0.0,0.0,0.0,0.0,0.0,0.0,0.0,Leave Event,0.0,"{'node_level': {}, 'link_level': {}, 'path_level': {}}","{'node_level': {}, 'link_level': {}, 'path_level': {}}","{'node_level': {}, 'link_level': {}, 'path_level': {}}",[],-inf,-inf,True,True,False,0,[],0,0.0,,
163,28,4,1680.0,5884.0,1079090.4551405674,3863362.8044047533,0.28552005438477224,0.2793137765653951,14,309,1,4121.0,8773,4636,4137,0.02090813093980992,0.15982940698619008,162,425.97917847259674,4121.0,2,1,True,"{0: 38, 1: 53}","{(1, 0): [(53, 21), (21, 10), (10, 22), (22, 38)]}","{(0, 38): {'cpu': 17}, (1, 53): {'cpu': 6}}","{((1, 0), (53, 21)): {'bw': 41}, ((1, 0), (21, 10)): {'bw': 41}, ((1, 0), (10, 22)): {'bw': 41}, ((1, 0), (22, 38)): {'bw': 41}}",187.0,64.0,46.0,23.0,41.0,23.0,41.0,23.0,164.0,123.0,0.3422459893048128,79658.1063743756,27262.66742224619,145.7896653596053,Success,0.0,"{'node_level': {'cpu': -90}, 'link_level': {'bw': -21}, 'path_level': {}}","{'node_level': {0: {'cpu': -81}, 1: {'cpu': -90}}, 'link_level': {(1, 0): {'bw': -21}}, 'path_level': {(1, 0): {}}}","{'node_level': {0: {'cpu': 0}, 1: {'cpu': 0}}, 'link_level': {(1, 0): {'bw': 0}}, 'path_level': {(1, 0): {}}}",[],-21.0,0.0,True,True,False,0,[],0,0.0,2.0,1.0
163,28,4,1680.0,5884.0,1079090.4551405674,3863362.8044047533,0.28552005438477224,0.2793137765653951,14,310,0,4126.144559198488,8773,4636,4137,0.02090813093980992,0.15982940698619008,73,2216.1445591984884,1910.0,3,2,False,{},{},{},{},0.0,0.0,0.0,0.0,0.0,0.0,0.0,0.0,0.0,0.0,0.0,0.0,0.0,0.0,Leave Event,0.0,"{'node_level': {}, 'link_level': {}, 'path_level': {}}","{'node_level': {}, 'link_level': {}, 'path_level': {}}","{'node_level': {}, 'link_level': {}, 'path_level': {}}",[],-inf,-inf,True,True,False,0,[],0,0.0,,
164,28,4,1680.0,5884.0,1079090.4551405674,3863362.8044047533,0.28552005438477224,0.2793137765653951,14,311,1,4152.0,8773,4636,4137,0.02090813093980992,0.15982940698619008,163,657.8353377825421,4152.0,10,24,False,"{0: 48, 1: 15, 2: 9, 3: 29}","{(1, 0): [(15, 7), (7, 16), (16, 48)], (2, 0): [(9, 4), (4, 1), (1, 3), (3, 7), (7, 16), (16, 48)], (3, 1): []}","{(0, 48): {'cpu': 11}, (1, 15): {'cpu': 18}, (2, 9): {'cpu': 11}, (3, 29): {'cpu': 12}}","{((1, 0), (15, 7)): {'bw': 4}, ((1, 0), (7, 16)): {'bw': 4}, ((1, 0), (16, 48)): {'bw': 4}, ((2, 0), (9, 4)): {'bw': 50}, ((2, 0), (4, 1)): {'bw': 50}, ((2, 0), (1, 3)): {'bw': 50}, ((2, 0), (3, 7)): {'bw': 50}, ((2, 0), (7, 16)): {'bw': 50}, ((2, 0), (16, 48)): {'bw': 50}}",0.0,0.0,228.0,114.0,623.0,0.0,0.0,0.0,0.0,0.0,0.0,0.0,0.0,0.0,Route Failure,100.0,"{'node_level': {'cpu': -81}, 'link_level': {'bw': 100.0}, 'path_level': {}}","{'node_level': {0: {'cpu': -80}, 1: {'cpu': -76}, 2: {'cpu': -80}, 3: {'cpu': -81}}, 'link_level': {(1, 0): {'bw': -78}, (2, 0): {'bw': -11}, (3, 1): {'bw': 100.0}}, 'path_level': {(1, 0): {}, (2, 0): {}, (3, 1): {}}}","{'node_level': {0: {'cpu': 0}, 1: {'cpu': 0}, 2: {'cpu': 0}, 3: {'cpu': 0}}, 'link_level': {(1, 0): {'bw': 0}, (2, 0): {'bw': 0}, (3, 1): {'bw': 100.0}}, 'path_level': {(1, 0): {}, (2, 0): {}, (3, 1): {}}}",[],100.0,100.0,True,False,False,0,[],0,0.0,4.0,3.0
165,28,4,1680.0,5884.0,1079090.4551405674,3863362.8044047533,0.28552005438477224,0.2793137765653951,14,312,1,4179.0,8773,4636,4137,0.02090813093980992,0.15982940698619008,164,400.1798115176719,4179.0,9,21,False,"{0: 32, 1: 53, 2: 38, 3: 15, 4: 28}","{(1, 0): [(53, 21), (21, 10), (10, 4), (4, 1), (1, 3), (3, 7), (7, 16), (16, 32)], (3, 0): [(15, 7), (7, 16), (16, 32)], (3, 2): [(15, 7), (7, 3), (3, 1), (1, 4), (4, 10), (10, 22), (22, 38)], (4, 1): [(28, 13), (13, 6), (6, 2), (2, 0), (0, 1), (1, 4), (4, 10), (10, 21), (21, 53)], (4, 2): []}","{(0, 32): {'cpu': 14}, (1, 53): {'cpu': 3}, (2, 38): {'cpu': 0}, (3, 15): {'cpu': 19}, (4, 28): {'cpu': 0}}","{((1, 0), (53, 21)): {'bw': 12}, ((1, 0), (21, 10)): {'bw': 12}, ((1, 0), (10, 4)): {'bw': 12}, ((1, 0), (4, 1)): {'bw': 12}, ((1, 0), (1, 3)): {'bw': 12}, ((1, 0), (3, 7)): {'bw': 12}, ((1, 0), (7, 16)): {'bw': 12}, ((1, 0), (16, 32)): {'bw': 12}, ((3, 0), (15, 7)): {'bw': 25}, ((3, 0), (7, 16)): {'bw': 25}, ((3, 0), (16, 32)): {'bw': 25}, ((3, 2), (15, 7)): {'bw': 18}, ((3, 2), (7, 3)): {'bw': 18}, ((3, 2), (3, 1)): {'bw': 18}, ((3, 2), (1, 4)): {'bw': 18}, ((3, 2), (4, 10)): {'bw': 18}, ((3, 2), (10, 22)): {'bw': 18}, ((3, 2), (22, 38)): {'bw': 18}, ((4, 1), (28, 13)): {'bw': 9}, ((4, 1), (13, 6)): {'bw': 9}, ((4, 1), (6, 2)): {'bw': 9}, ((4, 1), (2, 0)): {'bw': 9}, ((4, 1), (0, 1)): {'bw': 9}, ((4, 1), (1, 4)): {'bw': 9}, ((4, 1), (4, 10)): {'bw': 9}, ((4, 1), (10, 21)): {'bw': 9}, ((4, 1), (21, 53)): {'bw': 9}}",0.0,0.0,190.0,95.0,481.0,0.0,0.0,0.0,0.0,0.0,0.0,0.0,0.0,0.0,Route Failure,100.0,"{'node_level': {'cpu': -90}, 'link_level': {'bw': 100.0}, 'path_level': {}}","{'node_level': {0: {'cpu': -78}, 1: {'cpu': -87}, 2: {'cpu': -81}, 3: {'cpu': -75}, 4: {'cpu': -90}}, 'link_level': {(1, 0): {'bw': -13}, (3, 0): {'bw': -42}, (3, 2): {'bw': -3}, (4, 1): {'bw': -4}, (4, 2): {'bw': 100.0}}, 'path_level': {(1, 0): {}, (3, 0): {}, (3, 2): {}, (4, 1): {}, (4, 2): {}}}","{'node_level': {0: {'cpu': 0}, 1: {'cpu': 0}, 2: {'cpu': 0}, 3: {'cpu': 0}, 4: {'cpu': 0}}, 'link_level': {(1, 0): {'bw': 0}, (3, 0): {'bw': 0}, (3, 2): {'bw': 0}, (4, 1): {'bw': 0}, (4, 2): {'bw': 100.0}}, 'path_level': {(1, 0): {}, (3, 0): {}, (3, 2): {}, (4, 1): {}, (4, 2): {}}}",[],100.0,100.0,True,False,False,0,[],0,0.0,5.0,5.0
165,28,4,1680.0,5884.0,1079090.4551405674,3863362.8044047533,0.28552005438477224,0.2793137765653951,14,313,0,4197.326897331139,8773,4636,4137,0.02090813093980992,0.15982940698619008,149,402.32689733113864,3795.0,9,18,False,{},{},{},{},0.0,0.0,0.0,0.0,0.0,0.0,0.0,0.0,0.0,0.0,0.0,0.0,0.0,0.0,Leave Event,0.0,"{'node_level': {}, 'link_level': {}, 'path_level': {}}","{'node_level': {}, 'link_level': {}, 'path_level': {}}","{'node_level': {}, 'link_level': {}, 'path_level': {}}",[],-inf,-inf,True,True,False,0,[],0,0.0,,
165,28,4,1680.0,5884.0,1079090.4551405674,3863362.8044047533,0.28552005438477224,0.2793137765653951,14,314,0,4201.35570971909,8773,4636,4137,0.02090813093980992,0.15982940698619008,158,180.3557097190893,4021.0,4,4,False,{},{},{},{},0.0,0.0,0.0,0.0,0.0,0.0,0.0,0.0,0.0,0.0,0.0,0.0,0.0,0.0,Leave Event,0.0,"{'node_level': {}, 'link_level': {}, 'path_level': {}}","{'node_level': {}, 'link_level': {}, 'path_level': {}}","{'node_level': {}, 'link_level': {}, 'path_level': {}}",[],-inf,-inf,True,True,False,0,[],0,0.0,,
166,28,4,1680.0,5884.0,1079090.4551405674,3863362.8044047533,0.28552005438477224,0.2793137765653951,14,315,1,4204.0,8773,4636,4137,0.02090813093980992,0.15982940698619008,165,1401.7588926315352,4204.0,3,2,False,"{0: 29, 1: 15, 2: 0}","{(1, 0): [(15, 7), (7, 3), (3, 1), (1, 0), (0, 2), (2, 6), (6, 14), (14, 29)], (2, 0): []}","{(0, 29): {'cpu': 10}, (1, 15): {'cpu': 19}, (2, 0): {'cpu': 4}}","{((1, 0), (15, 7)): {'bw': 1}, ((1, 0), (7, 3)): {'bw': 1}, ((1, 0), (3, 1)): {'bw': 1}, ((1, 0), (1, 0)): {'bw': 1}, ((1, 0), (0, 2)): {'bw': 1}, ((1, 0), (2, 6)): {'bw': 1}, ((1, 0), (6, 14)): {'bw': 1}, ((1, 0), (14, 29)): {'bw': 1}}",0.0,0.0,66.0,33.0,48.0,0.0,0.0,0.0,0.0,0.0,0.0,0.0,0.0,0.0,Route Failure,100.0,"{'node_level': {'cpu': -73}, 'link_level': {'bw': 100.0}, 'path_level': {}}","{'node_level': {0: {'cpu': -83}, 1: {'cpu': -75}, 2: {'cpu': -73}}, 'link_level': {(1, 0): {'bw': -15}, (2, 0): {'bw': 100.0}}, 'path_level': {(1, 0): {}, (2, 0): {}}}","{'node_level': {0: {'cpu': 0}, 1: {'cpu': 0}, 2: {'cpu': 0}}, 'link_level': {(1, 0): {'bw': 0}, (2, 0): {'bw': 100.0}}, 'path_level': {(1, 0): {}, (2, 0): {}}}",[],100.0,100.0,True,False,False,0,[],0,0.0,3.0,2.0
167,28,4,1680.0,5884.0,1079090.4551405674,3863362.8044047533,0.28552005438477224,0.2793137765653951,14,316,1,4234.0,8773,4636,4137,0.02090813093980992,0.15982940698619008,166,212.63117042815426,4234.0,4,4,False,"{0: 32, 1: 35, 2: 15}","{(1, 0): [(35, 19), (19, 9), (9, 4), (4, 1), (1, 3), (3, 7), (7, 16), (16, 32)], (2, 0): []}","{(0, 32): {'cpu': 3}, (1, 35): {'cpu': 5}, (2, 15): {'cpu': 14}}","{((1, 0), (35, 19)): {'bw': 41}, ((1, 0), (19, 9)): {'bw': 41}, ((1, 0), (9, 4)): {'bw': 41}, ((1, 0), (4, 1)): {'bw': 41}, ((1, 0), (1, 3)): {'bw': 41}, ((1, 0), (3, 7)): {'bw': 41}, ((1, 0), (7, 16)): {'bw': 41}, ((1, 0), (16, 32)): {'bw': 41}}",0.0,0.0,56.0,28.0,151.0,0.0,0.0,0.0,0.0,0.0,0.0,0.0,0.0,0.0,Route Failure,100.0,"{'node_level': {'cpu': -80}, 'link_level': {'bw': 100.0}, 'path_level': {}}","{'node_level': {0: {'cpu': -89}, 1: {'cpu': -88}, 2: {'cpu': -80}}, 'link_level': {(1, 0): {'bw': -20}, (2, 0): {'bw': 100.0}}, 'path_level': {(1, 0): {}, (2, 0): {}}}","{'node_level': {0: {'cpu': 0}, 1: {'cpu': 0}, 2: {'cpu': 0}}, 'link_level': {(1, 0): {'bw': 0}, (2, 0): {'bw': 100.0}}, 'path_level': {(1, 0): {}, (2, 0): {}}}",[],100.0,100.0,True,False,False,0,[],0,0.0,3.0,2.0
168,28,4,1680.0,5884.0,1079090.4551405674,3863362.8044047533,0.28552005438477224,0.2793137765653951,14,317,1,4261.0,8773,4636,4137,0.02090813093980992,0.15982940698619008,167,427.2092795057113,4261.0,7,14,False,"{0: 35, 1: 29}","{(1, 0): []}","{(0, 35): {'cpu': 14}, (1, 29): {'cpu': 19}}",{},0.0,0.0,148.0,74.0,300.0,0.0,0.0,0.0,0.0,0.0,0.0,0.0,0.0,0.0,Route Failure,100.0,"{'node_level': {'cpu': -74}, 'link_level': {'bw': 100.0}, 'path_level': {}}","{'node_level': {0: {'cpu': -79}, 1: {'cpu': -74}}, 'link_level': {(1, 0): {'bw': 100.0}}, 'path_level': {(1, 0): {}}}","{'node_level': {0: {'cpu': 0}, 1: {'cpu': 0}}, 'link_level': {(1, 0): {'bw': 100.0}}, 'path_level': {(1, 0): {}}}",[],100.0,100.0,True,False,False,0,[],0,0.0,2.0,1.0
169,28,4,1680.0,5884.0,1079090.4551405674,3863362.8044047533,0.28552005438477224,0.2793137765653951,14,318,1,4289.0,8773,4636,4137,0.02090813093980992,0.15982940698619008,168,26.057331073211866,4289.0,4,5,False,"{0: 15, 1: 35, 2: 29, 3: 32}","{(1, 0): [(35, 19), (19, 9), (9, 4), (4, 1), (1, 3), (3, 7), (7, 15)], (2, 0): [(29, 14), (14, 6), (6, 2), (2, 0), (0, 1), (1, 3), (3, 7), (7, 15)], (3, 0): [(32, 16), (16, 7), (7, 15)], (3, 1): []}","{(0, 15): {'cpu': 20}, (1, 35): {'cpu': 9}, (2, 29): {'cpu': 1}, (3, 32): {'cpu': 1}}","{((1, 0), (35, 19)): {'bw': 32}, ((1, 0), (19, 9)): {'bw': 32}, ((1, 0), (9, 4)): {'bw': 32}, ((1, 0), (4, 1)): {'bw': 32}, ((1, 0), (1, 3)): {'bw': 32}, ((1, 0), (3, 7)): {'bw': 32}, ((1, 0), (7, 15)): {'bw': 32}, ((2, 0), (29, 14)): {'bw': 7}, ((2, 0), (14, 6)): {'bw': 7}, ((2, 0), (6, 2)): {'bw': 7}, ((2, 0), (2, 0)): {'bw': 7}, ((2, 0), (0, 1)): {'bw': 7}, ((2, 0), (1, 3)): {'bw': 7}, ((2, 0), (3, 7)): {'bw': 7}, ((2, 0), (7, 15)): {'bw': 7}, ((3, 0), (32, 16)): {'bw': 23}, ((3, 0), (16, 7)): {'bw': 23}, ((3, 0), (7, 15)): {'bw': 23}}",0.0,0.0,62.0,31.0,156.0,0.0,0.0,0.0,0.0,0.0,0.0,0.0,0.0,0.0,Route Failure,100.0,"{'node_level': {'cpu': -91}, 'link_level': {'bw': 100.0}, 'path_level': {}}","{'node_level': {0: {'cpu': -74}, 1: {'cpu': -84}, 2: {'cpu': -92}, 3: {'cpu': -91}}, 'link_level': {(1, 0): {'bw': -29}, (2, 0): {'bw': -9}, (3, 0): {'bw': -37}, (3, 1): {'bw': 100.0}}, 'path_level': {(1, 0): {}, (2, 0): {}, (3, 0): {}, (3, 1): {}}}","{'node_level': {0: {'cpu': 0}, 1: {'cpu': 0}, 2: {'cpu': 0}, 3: {'cpu': 0}}, 'link_level': {(1, 0): {'bw': 0}, (2, 0): {'bw': 0}, (3, 0): {'bw': 0}, (3, 1): {'bw': 100.0}}, 'path_level': {(1, 0): {}, (2, 0): {}, (3, 0): {}, (3, 1): {}}}",[],100.0,100.0,True,False,False,0,[],0,0.0,4.0,4.0
169,28,4,1680.0,5884.0,1079090.4551405674,3863362.8044047533,0.28552005438477224,0.2793137765653951,14,319,0,4308.850523174494,8773,4636,4137,0.02090813093980992,0.15982940698619008,150,488.8505231744937,3820.0,10,27,False,{},{},{},{},0.0,0.0,0.0,0.0,0.0,0.0,0.0,0.0,0.0,0.0,0.0,0.0,0.0,0.0,Leave Event,0.0,"{'node_level': {}, 'link_level': {}, 'path_level': {}}","{'node_level': {}, 'link_level': {}, 'path_level': {}}","{'node_level': {}, 'link_level': {}, 'path_level': {}}",[],-inf,-inf,True,True,False,0,[],0,0.0,,
169,28,4,1680.0,5884.0,1079090.4551405674,3863362.8044047533,0.28552005438477224,0.2793137765653951,14,320,0,4315.057331073212,8773,4636,4137,0.02090813093980992,0.15982940698619008,168,26.057331073211866,4289.0,4,5,False,{},{},{},{},0.0,0.0,0.0,0.0,0.0,0.0,0.0,0.0,0.0,0.0,0.0,0.0,0.0,0.0,Leave Event,0.0,"{'node_level': {}, 'link_level': {}, 'path_level': {}}","{'node_level': {}, 'link_level': {}, 'path_level': {}}","{'node_level': {}, 'link_level': {}, 'path_level': {}}",[],-inf,-inf,True,True,False,0,[],0,0.0,,
170,28,4,1680.0,5884.0,1079090.4551405674,3863362.8044047533,0.28552005438477224,0.2793137765653951,14,321,1,4319.0,8773,4636,4137,0.02090813093980992,0.15982940698619008,169,403.08273127640075,4319.0,9,15,False,"{0: 15, 1: 28}","{(1, 0): []}","{(0, 15): {'cpu': 11}, (1, 28): {'cpu': 1}}",{},0.0,0.0,120.0,60.0,422.0,0.0,0.0,0.0,0.0,0.0,0.0,0.0,0.0,0.0,Route Failure,100.0,"{'node_level': {'cpu': -89}, 'link_level': {'bw': 100.0}, 'path_level': {}}","{'node_level': {0: {'cpu': -83}, 1: {'cpu': -89}}, 'link_level': {(1, 0): {'bw': 100.0}}, 'path_level': {(1, 0): {}}}","{'node_level': {0: {'cpu': 0}, 1: {'cpu': 0}}, 'link_level': {(1, 0): {'bw': 100.0}}, 'path_level': {(1, 0): {}}}",[],100.0,100.0,True,False,False,0,[],0,0.0,2.0,1.0
170,28,4,1680.0,5884.0,1079090.4551405674,3863362.8044047533,0.28552005438477224,0.2793137765653951,14,322,0,4326.483414637183,8773,4636,4137,0.02090813093980992,0.15982940698619008,155,385.4834146371833,3941.0,7,12,False,{},{},{},{},0.0,0.0,0.0,0.0,0.0,0.0,0.0,0.0,0.0,0.0,0.0,0.0,0.0,0.0,Leave Event,0.0,"{'node_level': {}, 'link_level': {}, 'path_level': {}}","{'node_level': {}, 'link_level': {}, 'path_level': {}}","{'node_level': {}, 'link_level': {}, 'path_level': {}}",[],-inf,-inf,True,True,False,0,[],0,0.0,,
171,28,4,1680.0,5884.0,1079090.4551405674,3863362.8044047533,0.28552005438477224,0.2793137765653951,14,323,1,4341.0,8773,4636,4137,0.02090813093980992,0.15982940698619008,170,271.8405369569273,4341.0,8,19,False,"{0: 28, 1: 32, 2: 35}","{(1, 0): [(32, 16), (16, 7), (7, 3), (3, 1), (1, 0), (0, 2), (2, 6), (6, 13), (13, 28)], (2, 0): []}","{(0, 28): {'cpu': 1}, (1, 32): {'cpu': 4}, (2, 35): {'cpu': 14}}","{((1, 0), (32, 16)): {'bw': 12}, ((1, 0), (16, 7)): {'bw': 12}, ((1, 0), (7, 3)): {'bw': 12}, ((1, 0), (3, 1)): {'bw': 12}, ((1, 0), (1, 0)): {'bw': 12}, ((1, 0), (0, 2)): {'bw': 12}, ((1, 0), (2, 6)): {'bw': 12}, ((1, 0), (6, 13)): {'bw': 12}, ((1, 0), (13, 28)): {'bw': 12}}",0.0,0.0,138.0,69.0,432.0,0.0,0.0,0.0,0.0,0.0,0.0,0.0,0.0,0.0,Route Failure,100.0,"{'node_level': {'cpu': -79}, 'link_level': {'bw': 100.0}, 'path_level': {}}","{'node_level': {0: {'cpu': -89}, 1: {'cpu': -88}, 2: {'cpu': -79}}, 'link_level': {(1, 0): {'bw': -4}, (2, 0): {'bw': 100.0}}, 'path_level': {(1, 0): {}, (2, 0): {}}}","{'node_level': {0: {'cpu': 0}, 1: {'cpu': 0}, 2: {'cpu': 0}}, 'link_level': {(1, 0): {'bw': 0}, (2, 0): {'bw': 100.0}}, 'path_level': {(1, 0): {}, (2, 0): {}}}",[],100.0,100.0,True,False,False,0,[],0,0.0,3.0,2.0
171,28,3,1680.0,5884.0,1079090.4551405674,3863362.8044047533,0.28552005438477224,0.2793137765653951,14,324,0,4361.581989320236,8968,4649,4319,0.018162618796198515,0.12286758732737613,131,1014.581989320236,3347.0,2,1,False,{},{},{},{},0.0,0.0,0.0,0.0,0.0,0.0,0.0,0.0,0.0,0.0,0.0,0.0,0.0,0.0,Leave Event,0.0,"{'node_level': {}, 'link_level': {}, 'path_level': {}}","{'node_level': {}, 'link_level': {}, 'path_level': {}}","{'node_level': {}, 'link_level': {}, 'path_level': {}}",[],-inf,-inf,True,True,False,0,[],0,0.0,,
172,28,3,1680.0,5884.0,1079090.4551405674,3863362.8044047533,0.28552005438477224,0.2793137765653951,14,325,1,4369.0,8968,4649,4319,0.018162618796198515,0.12286758732737613,171,2042.052219558653,4369.0,9,20,False,"{0: 42, 1: 48, 2: 32}","{(1, 0): [(48, 16), (16, 7), (7, 3), (3, 1), (1, 0), (0, 2), (2, 5), (5, 12), (12, 26), (26, 42)], (2, 0): []}","{(0, 42): {'cpu': 19}, (1, 48): {'cpu': 7}, (2, 32): {'cpu': 11}}","{((1, 0), (48, 16)): {'bw': 18}, ((1, 0), (16, 7)): {'bw': 18}, ((1, 0), (7, 3)): {'bw': 18}, ((1, 0), (3, 1)): {'bw': 18}, ((1, 0), (1, 0)): {'bw': 18}, ((1, 0), (0, 2)): {'bw': 18}, ((1, 0), (2, 5)): {'bw': 18}, ((1, 0), (5, 12)): {'bw': 18}, ((1, 0), (12, 26)): {'bw': 18}, ((1, 0), (26, 42)): {'bw': 18}}",0.0,0.0,170.0,85.0,510.0,0.0,0.0,0.0,0.0,0.0,0.0,0.0,0.0,0.0,Route Failure,100.0,"{'node_level': {'cpu': -81}, 'link_level': {'bw': 100.0}, 'path_level': {}}","{'node_level': {0: {'cpu': -80}, 1: {'cpu': -84}, 2: {'cpu': -81}}, 'link_level': {(1, 0): {'bw': -5}, (2, 0): {'bw': 100.0}}, 'path_level': {(1, 0): {}, (2, 0): {}}}","{'node_level': {0: {'cpu': 0}, 1: {'cpu': 0}, 2: {'cpu': 0}}, 'link_level': {(1, 0): {'bw': 0}, (2, 0): {'bw': 100.0}}, 'path_level': {(1, 0): {}, (2, 0): {}}}",[],100.0,100.0,True,False,False,0,[],0,0.0,3.0,2.0
173,28,3,1680.0,5884.0,1079090.4551405674,3863362.8044047533,0.28552005438477224,0.2793137765653951,14,326,1,4391.0,8968,4649,4319,0.018162618796198515,0.12286758732737613,172,1455.7628358084437,4391.0,3,3,False,"{0: 42, 1: 29, 2: 15}","{(1, 0): [(29, 14), (14, 6), (6, 2), (2, 5), (5, 12), (12, 26), (26, 42)], (2, 0): [(15, 7), (7, 3), (3, 1), (1, 0), (0, 2), (2, 5), (5, 12), (12, 26), (26, 42)], (2, 1): []}","{(0, 42): {'cpu': 11}, (1, 29): {'cpu': 9}, (2, 15): {'cpu': 0}}","{((1, 0), (29, 14)): {'bw': 25}, ((1, 0), (14, 6)): {'bw': 25}, ((1, 0), (6, 2)): {'bw': 25}, ((1, 0), (2, 5)): {'bw': 25}, ((1, 0), (5, 12)): {'bw': 25}, ((1, 0), (12, 26)): {'bw': 25}, ((1, 0), (26, 42)): {'bw': 25}, ((2, 0), (15, 7)): {'bw': 2}, ((2, 0), (7, 3)): {'bw': 2}, ((2, 0), (3, 1)): {'bw': 2}, ((2, 0), (1, 0)): {'bw': 2}, ((2, 0), (0, 2)): {'bw': 2}, ((2, 0), (2, 5)): {'bw': 2}, ((2, 0), (5, 12)): {'bw': 2}, ((2, 0), (12, 26)): {'bw': 2}, ((2, 0), (26, 42)): {'bw': 2}}",0.0,0.0,40.0,20.0,54.0,0.0,0.0,0.0,0.0,0.0,0.0,0.0,0.0,0.0,Route Failure,100.0,"{'node_level': {'cpu': -94}, 'link_level': {'bw': 100.0}, 'path_level': {}}","{'node_level': {0: {'cpu': -88}, 1: {'cpu': -87}, 2: {'cpu': -94}}, 'link_level': {(1, 0): {'bw': -6}, (2, 0): {'bw': -4}, (2, 1): {'bw': 100.0}}, 'path_level': {(1, 0): {}, (2, 0): {}, (2, 1): {}}}","{'node_level': {0: {'cpu': 0}, 1: {'cpu': 0}, 2: {'cpu': 0}}, 'link_level': {(1, 0): {'bw': 0}, (2, 0): {'bw': 0}, (2, 1): {'bw': 100.0}}, 'path_level': {(1, 0): {}, (2, 0): {}, (2, 1): {}}}",[],100.0,100.0,True,False,False,0,[],0,0.0,3.0,3.0
174,28,3,1680.0,5884.0,1079090.4551405674,3863362.8044047533,0.28552005438477224,0.2793137765653951,14,327,1,4413.0,8968,4649,4319,0.018162618796198515,0.12286758732737613,173,74.41210401633118,4413.0,7,11,False,"{0: 9, 1: 48, 2: 32, 3: 29}","{(1, 0): [(48, 16), (16, 7), (7, 3), (3, 1), (1, 4), (4, 9)], (2, 1): [(32, 16), (16, 48)], (3, 1): []}","{(0, 9): {'cpu': 4}, (1, 48): {'cpu': 3}, (2, 32): {'cpu': 7}, (3, 29): {'cpu': 14}}","{((1, 0), (48, 16)): {'bw': 24}, ((1, 0), (16, 7)): {'bw': 24}, ((1, 0), (7, 3)): {'bw': 24}, ((1, 0), (3, 1)): {'bw': 24}, ((1, 0), (1, 4)): {'bw': 24}, ((1, 0), (4, 9)): {'bw': 24}, ((2, 1), (32, 16)): {'bw': 45}, ((2, 1), (16, 48)): {'bw': 45}}",0.0,0.0,118.0,59.0,237.0,0.0,0.0,0.0,0.0,0.0,0.0,0.0,0.0,0.0,Route Failure,100.0,"{'node_level': {'cpu': -82}, 'link_level': {'bw': 100.0}, 'path_level': {}}","{'node_level': {0: {'cpu': -87}, 1: {'cpu': -88}, 2: {'cpu': -85}, 3: {'cpu': -82}}, 'link_level': {(1, 0): {'bw': -37}, (2, 1): {'bw': -13}, (3, 1): {'bw': 100.0}}, 'path_level': {(1, 0): {}, (2, 1): {}, (3, 1): {}}}","{'node_level': {0: {'cpu': 0}, 1: {'cpu': 0}, 2: {'cpu': 0}, 3: {'cpu': 0}}, 'link_level': {(1, 0): {'bw': 0}, (2, 1): {'bw': 0}, (3, 1): {'bw': 100.0}}, 'path_level': {(1, 0): {}, (2, 1): {}, (3, 1): {}}}",[],100.0,100.0,True,False,False,0,[],0,0.0,4.0,3.0
174,28,3,1680.0,5884.0,1079090.4551405674,3863362.8044047533,0.28552005438477224,0.2793137765653951,14,328,0,4446.631170428154,8968,4649,4319,0.018162618796198515,0.12286758732737613,166,212.63117042815426,4234.0,4,4,False,{},{},{},{},0.0,0.0,0.0,0.0,0.0,0.0,0.0,0.0,0.0,0.0,0.0,0.0,0.0,0.0,Leave Event,0.0,"{'node_level': {}, 'link_level': {}, 'path_level': {}}","{'node_level': {}, 'link_level': {}, 'path_level': {}}","{'node_level': {}, 'link_level': {}, 'path_level': {}}",[],-inf,-inf,True,True,False,0,[],0,0.0,,
175,28,3,1680.0,5884.0,1079090.4551405674,3863362.8044047533,0.28552005438477224,0.2793137765653951,14,329,1,4453.0,8968,4649,4319,0.018162618796198515,0.12286758732737613,174,21.253186108160808,4453.0,9,18,False,"{0: 32, 1: 35, 2: 53}","{(1, 0): [(35, 19), (19, 9), (9, 4), (4, 1), (1, 3), (3, 7), (7, 16), (16, 32)], (2, 0): [(53, 21), (21, 10), (10, 4), (4, 1), (1, 3), (3, 7), (7, 16), (16, 32)], (2, 1): []}","{(0, 32): {'cpu': 3}, (1, 35): {'cpu': 5}, (2, 53): {'cpu': 2}}","{((1, 0), (35, 19)): {'bw': 8}, ((1, 0), (19, 9)): {'bw': 8}, ((1, 0), (9, 4)): {'bw': 8}, ((1, 0), (4, 1)): {'bw': 8}, ((1, 0), (1, 3)): {'bw': 8}, ((1, 0), (3, 7)): {'bw': 8}, ((1, 0), (7, 16)): {'bw': 8}, ((1, 0), (16, 32)): {'bw': 8}, ((2, 0), (53, 21)): {'bw': 25}, ((2, 0), (21, 10)): {'bw': 25}, ((2, 0), (10, 4)): {'bw': 25}, ((2, 0), (4, 1)): {'bw': 25}, ((2, 0), (1, 3)): {'bw': 25}, ((2, 0), (3, 7)): {'bw': 25}, ((2, 0), (7, 16)): {'bw': 25}, ((2, 0), (16, 32)): {'bw': 25}}",0.0,0.0,114.0,57.0,440.0,0.0,0.0,0.0,0.0,0.0,0.0,0.0,0.0,0.0,Route Failure,100.0,"{'node_level': {'cpu': -88}, 'link_level': {'bw': 100.0}, 'path_level': {}}","{'node_level': {0: {'cpu': -89}, 1: {'cpu': -88}, 2: {'cpu': -88}}, 'link_level': {(1, 0): {'bw': -53}, (2, 0): {'bw': 0}, (2, 1): {'bw': 100.0}}, 'path_level': {(1, 0): {}, (2, 0): {}, (2, 1): {}}}","{'node_level': {0: {'cpu': 0}, 1: {'cpu': 0}, 2: {'cpu': 0}}, 'link_level': {(1, 0): {'bw': 0}, (2, 0): {'bw': 0}, (2, 1): {'bw': 100.0}}, 'path_level': {(1, 0): {}, (2, 0): {}, (2, 1): {}}}",[],100.0,100.0,True,False,False,0,[],0,0.0,3.0,3.0
175,28,3,1680.0,5884.0,1079090.4551405674,3863362.8044047533,0.28552005438477224,0.2793137765653951,14,330,0,4453.484578304575,8968,4649,4319,0.018162618796198515,0.12286758732737613,148,682.4845783045753,3771.0,6,11,False,{},{},{},{},0.0,0.0,0.0,0.0,0.0,0.0,0.0,0.0,0.0,0.0,0.0,0.0,0.0,0.0,Leave Event,0.0,"{'node_level': {}, 'link_level': {}, 'path_level': {}}","{'node_level': {}, 'link_level': {}, 'path_level': {}}","{'node_level': {}, 'link_level': {}, 'path_level': {}}",[],-inf,-inf,True,True,False,0,[],0,0.0,,
175,28,3,1680.0,5884.0,1079090.4551405674,3863362.8044047533,0.28552005438477224,0.2793137765653951,14,331,0,4474.253186108161,8968,4649,4319,0.018162618796198515,0.12286758732737613,174,21.253186108160808,4453.0,9,18,False,{},{},{},{},0.0,0.0,0.0,0.0,0.0,0.0,0.0,0.0,0.0,0.0,0.0,0.0,0.0,0.0,Leave Event,0.0,"{'node_level': {}, 'link_level': {}, 'path_level': {}}","{'node_level': {}, 'link_level': {}, 'path_level': {}}","{'node_level': {}, 'link_level': {}, 'path_level': {}}",[],-inf,-inf,True,True,False,0,[],0,0.0,,
176,28,3,1680.0,5884.0,1079090.4551405674,3863362.8044047533,0.28552005438477224,0.2793137765653951,14,332,1,4481.0,8968,4649,4319,0.018162618796198515,0.12286758732737613,175,64.3003937837447,4481.0,7,12,False,"{0: 29, 1: 48, 2: 42, 3: 15}","{(2, 0): [(42, 26), (26, 12), (12, 5), (5, 2), (2, 6), (6, 14), (14, 29)], (3, 0): []}","{(0, 29): {'cpu': 11}, (1, 48): {'cpu': 2}, (2, 42): {'cpu': 19}, (3, 15): {'cpu': 11}}","{((2, 0), (42, 26)): {'bw': 13}, ((2, 0), (26, 12)): {'bw': 13}, ((2, 0), (12, 5)): {'bw': 13}, ((2, 0), (5, 2)): {'bw': 13}, ((2, 0), (2, 6)): {'bw': 13}, ((2, 0), (6, 14)): {'bw': 13}, ((2, 0), (14, 29)): {'bw': 13}}",0.0,0.0,130.0,65.0,305.0,0.0,0.0,0.0,0.0,0.0,0.0,0.0,0.0,0.0,Route Failure,100.0,"{'node_level': {'cpu': -83}, 'link_level': {'bw': 100.0}, 'path_level': {}}","{'node_level': {0: {'cpu': -85}, 1: {'cpu': -89}, 2: {'cpu': -80}, 3: {'cpu': -83}}, 'link_level': {(2, 0): {'bw': -18}, (3, 0): {'bw': 100.0}}, 'path_level': {(2, 0): {}, (3, 0): {}}}","{'node_level': {0: {'cpu': 0}, 1: {'cpu': 0}, 2: {'cpu': 0}, 3: {'cpu': 0}}, 'link_level': {(2, 0): {'bw': 0}, (3, 0): {'bw': 100.0}}, 'path_level': {(2, 0): {}, (3, 0): {}}}",[],100.0,100.0,True,False,False,0,[],0,0.0,4.0,2.0
176,28,3,1680.0,5884.0,1079090.4551405674,3863362.8044047533,0.28552005438477224,0.2793137765653951,14,333,0,4487.412104016331,8968,4649,4319,0.018162618796198515,0.12286758732737613,173,74.41210401633118,4413.0,7,11,False,{},{},{},{},0.0,0.0,0.0,0.0,0.0,0.0,0.0,0.0,0.0,0.0,0.0,0.0,0.0,0.0,Leave Event,0.0,"{'node_level': {}, 'link_level': {}, 'path_level': {}}","{'node_level': {}, 'link_level': {}, 'path_level': {}}","{'node_level': {}, 'link_level': {}, 'path_level': {}}",[],-inf,-inf,True,True,False,0,[],0,0.0,,
177,28,3,1680.0,5884.0,1079090.4551405674,3863362.8044047533,0.28552005438477224,0.2793137765653951,14,334,1,4504.0,8968,4649,4319,0.018162618796198515,0.12286758732737613,176,107.05905652106503,4504.0,9,15,False,"{0: 48, 1: 42, 2: 29, 3: 35}","{(1, 0): [(42, 26), (26, 12), (12, 5), (5, 2), (2, 0), (0, 1), (1, 3), (3, 7), (7, 16), (16, 48)], (2, 0): [(29, 14), (14, 6), (6, 2), (2, 0), (0, 1), (1, 3), (3, 7), (7, 16), (16, 48)], (3, 0): [(35, 19), (19, 9), (9, 4), (4, 1), (1, 3), (3, 7), (7, 16), (16, 48)], (3, 2): []}","{(0, 48): {'cpu': 8}, (1, 42): {'cpu': 16}, (2, 29): {'cpu': 13}, (3, 35): {'cpu': 13}}","{((1, 0), (42, 26)): {'bw': 4}, ((1, 0), (26, 12)): {'bw': 4}, ((1, 0), (12, 5)): {'bw': 4}, ((1, 0), (5, 2)): {'bw': 4}, ((1, 0), (2, 0)): {'bw': 4}, ((1, 0), (0, 1)): {'bw': 4}, ((1, 0), (1, 3)): {'bw': 4}, ((1, 0), (3, 7)): {'bw': 4}, ((1, 0), (7, 16)): {'bw': 4}, ((1, 0), (16, 48)): {'bw': 4}, ((2, 0), (29, 14)): {'bw': 8}, ((2, 0), (14, 6)): {'bw': 8}, ((2, 0), (6, 2)): {'bw': 8}, ((2, 0), (2, 0)): {'bw': 8}, ((2, 0), (0, 1)): {'bw': 8}, ((2, 0), (1, 3)): {'bw': 8}, ((2, 0), (3, 7)): {'bw': 8}, ((2, 0), (7, 16)): {'bw': 8}, ((2, 0), (16, 48)): {'bw': 8}, ((3, 0), (35, 19)): {'bw': 43}, ((3, 0), (19, 9)): {'bw': 43}, ((3, 0), (9, 4)): {'bw': 43}, ((3, 0), (4, 1)): {'bw': 43}, ((3, 0), (1, 3)): {'bw': 43}, ((3, 0), (3, 7)): {'bw': 43}, ((3, 0), (7, 16)): {'bw': 43}, ((3, 0), (16, 48)): {'bw': 43}}",0.0,0.0,186.0,93.0,438.0,0.0,0.0,0.0,0.0,0.0,0.0,0.0,0.0,0.0,Route Failure,100.0,"{'node_level': {'cpu': -80}, 'link_level': {'bw': 100.0}, 'path_level': {}}","{'node_level': {0: {'cpu': -83}, 1: {'cpu': -83}, 2: {'cpu': -83}, 3: {'cpu': -80}}, 'link_level': {(1, 0): {'bw': -19}, (2, 0): {'bw': -11}, (3, 0): {'bw': -6}, (3, 2): {'bw': 100.0}}, 'path_level': {(1, 0): {}, (2, 0): {}, (3, 0): {}, (3, 2): {}}}","{'node_level': {0: {'cpu': 0}, 1: {'cpu': 0}, 2: {'cpu': 0}, 3: {'cpu': 0}}, 'link_level': {(1, 0): {'bw': 0}, (2, 0): {'bw': 0}, (3, 0): {'bw': 0}, (3, 2): {'bw': 100.0}}, 'path_level': {(1, 0): {}, (2, 0): {}, (3, 0): {}, (3, 2): {}}}",[],100.0,100.0,True,False,False,0,[],0,0.0,4.0,4.0
178,28,3,1680.0,5884.0,1079090.4551405674,3863362.8044047533,0.28552005438477224,0.2793137765653951,14,335,1,4519.0,8968,4649,4319,0.018162618796198515,0.12286758732737613,177,647.6202392747227,4519.0,4,5,False,"{0: 29, 1: 35}","{(1, 0): []}","{(0, 29): {'cpu': 12}, (1, 35): {'cpu': 7}}",{},0.0,0.0,90.0,45.0,76.0,0.0,0.0,0.0,0.0,0.0,0.0,0.0,0.0,0.0,Route Failure,100.0,"{'node_level': {'cpu': -86}, 'link_level': {'bw': 100.0}, 'path_level': {}}","{'node_level': {0: {'cpu': -84}, 1: {'cpu': -86}}, 'link_level': {(1, 0): {'bw': 100.0}}, 'path_level': {(1, 0): {}}}","{'node_level': {0: {'cpu': 0}, 1: {'cpu': 0}}, 'link_level': {(1, 0): {'bw': 100.0}}, 'path_level': {(1, 0): {}}}",[],100.0,100.0,True,False,False,0,[],0,0.0,2.0,1.0
179,28,3,1680.0,5884.0,1079090.4551405674,3863362.8044047533,0.28552005438477224,0.2793137765653951,14,336,1,4544.0,8968,4649,4319,0.018162618796198515,0.12286758732737613,178,392.6070615668273,4544.0,8,20,False,"{0: 48, 1: 35, 2: 42, 3: 29}","{(2, 0): [(42, 26), (26, 12), (12, 5), (5, 2), (2, 0), (0, 1), (1, 3), (3, 7), (7, 16), (16, 48)], (2, 1): [(42, 26), (26, 12), (12, 5), (5, 2), (2, 0), (0, 1), (1, 4), (4, 9), (9, 19), (19, 35)], (3, 0): [(29, 14), (14, 6), (6, 2), (2, 0), (0, 1), (1, 3), (3, 7), (7, 16), (16, 48)], (3, 1): []}","{(0, 48): {'cpu': 3}, (1, 35): {'cpu': 11}, (2, 42): {'cpu': 20}, (3, 29): {'cpu': 19}}","{((2, 0), (42, 26)): {'bw': 7}, ((2, 0), (26, 12)): {'bw': 7}, ((2, 0), (12, 5)): {'bw': 7}, ((2, 0), (5, 2)): {'bw': 7}, ((2, 0), (2, 0)): {'bw': 7}, ((2, 0), (0, 1)): {'bw': 7}, ((2, 0), (1, 3)): {'bw': 7}, ((2, 0), (3, 7)): {'bw': 7}, ((2, 0), (7, 16)): {'bw': 7}, ((2, 0), (16, 48)): {'bw': 7}, ((2, 1), (42, 26)): {'bw': 7}, ((2, 1), (26, 12)): {'bw': 7}, ((2, 1), (12, 5)): {'bw': 7}, ((2, 1), (5, 2)): {'bw': 7}, ((2, 1), (2, 0)): {'bw': 7}, ((2, 1), (0, 1)): {'bw': 7}, ((2, 1), (1, 4)): {'bw': 7}, ((2, 1), (4, 9)): {'bw': 7}, ((2, 1), (9, 19)): {'bw': 7}, ((2, 1), (19, 35)): {'bw': 7}, ((3, 0), (29, 14)): {'bw': 7}, ((3, 0), (14, 6)): {'bw': 7}, ((3, 0), (6, 2)): {'bw': 7}, ((3, 0), (2, 0)): {'bw': 7}, ((3, 0), (0, 1)): {'bw': 7}, ((3, 0), (1, 3)): {'bw': 7}, ((3, 0), (3, 7)): {'bw': 7}, ((3, 0), (7, 16)): {'bw': 7}, ((3, 0), (16, 48)): {'bw': 7}}",0.0,0.0,182.0,91.0,404.0,0.0,0.0,0.0,0.0,0.0,0.0,0.0,0.0,0.0,Route Failure,100.0,"{'node_level': {'cpu': -77}, 'link_level': {'bw': 100.0}, 'path_level': {}}","{'node_level': {0: {'cpu': -88}, 1: {'cpu': -82}, 2: {'cpu': -79}, 3: {'cpu': -77}}, 'link_level': {(2, 0): {'bw': -16}, (2, 1): {'bw': -9}, (3, 0): {'bw': -2}, (3, 1): {'bw': 100.0}}, 'path_level': {(2, 0): {}, (2, 1): {}, (3, 0): {}, (3, 1): {}}}","{'node_level': {0: {'cpu': 0}, 1: {'cpu': 0}, 2: {'cpu': 0}, 3: {'cpu': 0}}, 'link_level': {(2, 0): {'bw': 0}, (2, 1): {'bw': 0}, (3, 0): {'bw': 0}, (3, 1): {'bw': 100.0}}, 'path_level': {(2, 0): {}, (2, 1): {}, (3, 0): {}, (3, 1): {}}}",[],100.0,100.0,True,False,False,0,[],0,0.0,4.0,4.0
179,28,3,1680.0,5884.0,1079090.4551405674,3863362.8044047533,0.28552005438477224,0.2793137765653951,14,337,0,4545.300393783745,8968,4649,4319,0.018162618796198515,0.12286758732737613,175,64.3003937837447,4481.0,7,12,False,{},{},{},{},0.0,0.0,0.0,0.0,0.0,0.0,0.0,0.0,0.0,0.0,0.0,0.0,0.0,0.0,Leave Event,0.0,"{'node_level': {}, 'link_level': {}, 'path_level': {}}","{'node_level': {}, 'link_level': {}, 'path_level': {}}","{'node_level': {}, 'link_level': {}, 'path_level': {}}",[],-inf,-inf,True,True,False,0,[],0,0.0,,
179,28,2,1680.0,5884.0,1079090.4551405674,3863362.8044047533,0.28552005438477224,0.2793137765653951,14,338,0,4546.979178472597,9155,4672,4483,0.013305174234424455,0.08956133225020313,162,425.97917847259674,4121.0,2,1,False,{},{},{},{},0.0,0.0,0.0,0.0,0.0,0.0,0.0,0.0,0.0,0.0,0.0,0.0,0.0,0.0,Leave Event,0.0,"{'node_level': {}, 'link_level': {}, 'path_level': {}}","{'node_level': {}, 'link_level': {}, 'path_level': {}}","{'node_level': {}, 'link_level': {}, 'path_level': {}}",[],-inf,-inf,True,True,False,0,[],0,0.0,,
179,28,2,1680.0,5884.0,1079090.4551405674,3863362.8044047533,0.28552005438477224,0.2793137765653951,14,339,0,4552.52537147124,9155,4672,4483,0.013305174234424455,0.08956133225020313,144,868.5253714712403,3684.0,9,19,False,{},{},{},{},0.0,0.0,0.0,0.0,0.0,0.0,0.0,0.0,0.0,0.0,0.0,0.0,0.0,0.0,Leave Event,0.0,"{'node_level': {}, 'link_level': {}, 'path_level': {}}","{'node_level': {}, 'link_level': {}, 'path_level': {}}","{'node_level': {}, 'link_level': {}, 'path_level': {}}",[],-inf,-inf,True,True,False,0,[],0,0.0,,
180,28,2,1680.0,5884.0,1079090.4551405674,3863362.8044047533,0.28552005438477224,0.2793137765653951,14,340,1,4566.0,9155,4672,4483,0.013305174234424455,0.08956133225020313,179,382.77865769651936,4566.0,6,8,False,"{0: 15, 1: 35, 2: 29, 3: 38}","{(1, 0): [(35, 19), (19, 9), (9, 4), (4, 1), (1, 3), (3, 7), (7, 15)], (3, 1): []}","{(0, 15): {'cpu': 16}, (1, 35): {'cpu': 3}, (2, 29): {'cpu': 19}, (3, 38): {'cpu': 16}}","{((1, 0), (35, 19)): {'bw': 50}, ((1, 0), (19, 9)): {'bw': 50}, ((1, 0), (9, 4)): {'bw': 50}, ((1, 0), (4, 1)): {'bw': 50}, ((1, 0), (1, 3)): {'bw': 50}, ((1, 0), (3, 7)): {'bw': 50}, ((1, 0), (7, 15)): {'bw': 50}}",0.0,0.0,156.0,78.0,248.0,0.0,0.0,0.0,0.0,0.0,0.0,0.0,0.0,0.0,Route Failure,100.0,"{'node_level': {'cpu': -82}, 'link_level': {'bw': 100.0}, 'path_level': {}}","{'node_level': {0: {'cpu': -78}, 1: {'cpu': -90}, 2: {'cpu': -77}, 3: {'cpu': -82}}, 'link_level': {(1, 0): {'bw': -11}, (3, 1): {'bw': 100.0}}, 'path_level': {(1, 0): {}, (3, 1): {}}}","{'node_level': {0: {'cpu': 0}, 1: {'cpu': 0}, 2: {'cpu': 0}, 3: {'cpu': 0}}, 'link_level': {(1, 0): {'bw': 0}, (3, 1): {'bw': 100.0}}, 'path_level': {(1, 0): {}, (3, 1): {}}}",[],100.0,100.0,True,False,False,0,[],0,0.0,4.0,2.0
180,28,2,1680.0,5884.0,1079090.4551405674,3863362.8044047533,0.28552005438477224,0.2793137765653951,14,341,0,4579.179811517672,9155,4672,4483,0.013305174234424455,0.08956133225020313,164,400.1798115176719,4179.0,9,21,False,{},{},{},{},0.0,0.0,0.0,0.0,0.0,0.0,0.0,0.0,0.0,0.0,0.0,0.0,0.0,0.0,Leave Event,0.0,"{'node_level': {}, 'link_level': {}, 'path_level': {}}","{'node_level': {}, 'link_level': {}, 'path_level': {}}","{'node_level': {}, 'link_level': {}, 'path_level': {}}",[],-inf,-inf,True,True,False,0,[],0,0.0,,
181,28,2,1680.0,5884.0,1079090.4551405674,3863362.8044047533,0.28552005438477224,0.2793137765653951,14,342,1,4598.0,9155,4672,4483,0.013305174234424455,0.08956133225020313,180,312.31172371562775,4598.0,10,16,False,"{0: 15, 1: 32, 2: 35, 3: 48, 4: 53, 5: 0, 6: 38}","{(5, 0): [(0, 1), (1, 3), (3, 7), (7, 15)], (5, 1): [(0, 1), (1, 3), (3, 7), (7, 16), (16, 32)], (6, 3): []}","{(0, 15): {'cpu': 12}, (1, 32): {'cpu': 8}, (2, 35): {'cpu': 11}, (3, 48): {'cpu': 9}, (4, 53): {'cpu': 17}, (5, 0): {'cpu': 12}, (6, 38): {'cpu': 15}}","{((5, 0), (0, 1)): {'bw': 17}, ((5, 0), (1, 3)): {'bw': 17}, ((5, 0), (3, 7)): {'bw': 17}, ((5, 0), (7, 15)): {'bw': 17}, ((5, 1), (0, 1)): {'bw': 42}, ((5, 1), (1, 3)): {'bw': 42}, ((5, 1), (3, 7)): {'bw': 42}, ((5, 1), (7, 16)): {'bw': 42}, ((5, 1), (16, 32)): {'bw': 42}}",0.0,0.0,210.0,105.0,451.0,0.0,0.0,0.0,0.0,0.0,0.0,0.0,0.0,0.0,Route Failure,100.0,"{'node_level': {'cpu': -83}, 'link_level': {'bw': 100.0}, 'path_level': {}}","{'node_level': {0: {'cpu': -82}, 1: {'cpu': -84}, 2: {'cpu': -82}, 3: {'cpu': -82}, 4: {'cpu': -79}, 5: {'cpu': -65}, 6: {'cpu': -83}}, 'link_level': {(5, 0): {'bw': -43}, (5, 1): {'bw': -1}, (6, 3): {'bw': 100.0}}, 'path_level': {(5, 0): {}, (5, 1): {}, (6, 3): {}}}","{'node_level': {0: {'cpu': 0}, 1: {'cpu': 0}, 2: {'cpu': 0}, 3: {'cpu': 0}, 4: {'cpu': 0}, 5: {'cpu': 0}, 6: {'cpu': 0}}, 'link_level': {(5, 0): {'bw': 0}, (5, 1): {'bw': 0}, (6, 3): {'bw': 100.0}}, 'path_level': {(5, 0): {}, (5, 1): {}, (6, 3): {}}}",[],100.0,100.0,True,False,False,0,[],0,0.0,7.0,3.0
181,28,2,1680.0,5884.0,1079090.4551405674,3863362.8044047533,0.28552005438477224,0.2793137765653951,14,343,0,4611.059056521065,9155,4672,4483,0.013305174234424455,0.08956133225020313,176,107.05905652106503,4504.0,9,15,False,{},{},{},{},0.0,0.0,0.0,0.0,0.0,0.0,0.0,0.0,0.0,0.0,0.0,0.0,0.0,0.0,Leave Event,0.0,"{'node_level': {}, 'link_level': {}, 'path_level': {}}","{'node_level': {}, 'link_level': {}, 'path_level': {}}","{'node_level': {}, 'link_level': {}, 'path_level': {}}",[],-inf,-inf,True,True,False,0,[],0,0.0,,
181,28,2,1680.0,5884.0,1079090.4551405674,3863362.8044047533,0.28552005438477224,0.2793137765653951,14,344,0,4612.840536956927,9155,4672,4483,0.013305174234424455,0.08956133225020313,170,271.8405369569273,4341.0,8,19,False,{},{},{},{},0.0,0.0,0.0,0.0,0.0,0.0,0.0,0.0,0.0,0.0,0.0,0.0,0.0,0.0,Leave Event,0.0,"{'node_level': {}, 'link_level': {}, 'path_level': {}}","{'node_level': {}, 'link_level': {}, 'path_level': {}}","{'node_level': {}, 'link_level': {}, 'path_level': {}}",[],-inf,-inf,True,True,False,0,[],0,0.0,,
182,28,2,1680.0,5884.0,1079090.4551405674,3863362.8044047533,0.28552005438477224,0.2793137765653951,14,345,1,4621.0,9155,4672,4483,0.013305174234424455,0.08956133225020313,181,3.3583625805757333,4621.0,6,10,False,"{0: 42, 1: 38}","{(1, 0): []}","{(0, 42): {'cpu': 18}, (1, 38): {'cpu': 18}}",{},0.0,0.0,150.0,75.0,198.0,0.0,0.0,0.0,0.0,0.0,0.0,0.0,0.0,0.0,Route Failure,100.0,"{'node_level': {'cpu': -80}, 'link_level': {'bw': 100.0}, 'path_level': {}}","{'node_level': {0: {'cpu': -81}, 1: {'cpu': -80}}, 'link_level': {(1, 0): {'bw': 100.0}}, 'path_level': {(1, 0): {}}}","{'node_level': {0: {'cpu': 0}, 1: {'cpu': 0}}, 'link_level': {(1, 0): {'bw': 100.0}}, 'path_level': {(1, 0): {}}}",[],100.0,100.0,True,False,False,0,[],0,0.0,2.0,1.0
182,28,2,1680.0,5884.0,1079090.4551405674,3863362.8044047533,0.28552005438477224,0.2793137765653951,14,346,0,4624.358362580576,9155,4672,4483,0.013305174234424455,0.08956133225020313,181,3.3583625805757333,4621.0,6,10,False,{},{},{},{},0.0,0.0,0.0,0.0,0.0,0.0,0.0,0.0,0.0,0.0,0.0,0.0,0.0,0.0,Leave Event,0.0,"{'node_level': {}, 'link_level': {}, 'path_level': {}}","{'node_level': {}, 'link_level': {}, 'path_level': {}}","{'node_level': {}, 'link_level': {}, 'path_level': {}}",[],-inf,-inf,True,True,False,0,[],0,0.0,,
182,28,2,1680.0,5884.0,1079090.4551405674,3863362.8044047533,0.28552005438477224,0.2793137765653951,14,347,0,4630.087929107596,9155,4672,4483,0.013305174234424455,0.08956133225020313,153,734.0879291075967,3896.0,9,22,False,{},{},{},{},0.0,0.0,0.0,0.0,0.0,0.0,0.0,0.0,0.0,0.0,0.0,0.0,0.0,0.0,Leave Event,0.0,"{'node_level': {}, 'link_level': {}, 'path_level': {}}","{'node_level': {}, 'link_level': {}, 'path_level': {}}","{'node_level': {}, 'link_level': {}, 'path_level': {}}",[],-inf,-inf,True,True,False,0,[],0,0.0,,
183,28,2,1680.0,5884.0,1079090.4551405674,3863362.8044047533,0.28552005438477224,0.2793137765653951,14,348,1,4646.0,9155,4672,4483,0.013305174234424455,0.08956133225020313,182,249.17843599376206,4646.0,5,6,False,"{0: 29, 1: 38}","{(1, 0): []}","{(0, 29): {'cpu': 14}, (1, 38): {'cpu': 18}}",{},0.0,0.0,152.0,76.0,144.0,0.0,0.0,0.0,0.0,0.0,0.0,0.0,0.0,0.0,Route Failure,100.0,"{'node_level': {'cpu': -80}, 'link_level': {'bw': 100.0}, 'path_level': {}}","{'node_level': {0: {'cpu': -82}, 1: {'cpu': -80}}, 'link_level': {(1, 0): {'bw': 100.0}}, 'path_level': {(1, 0): {}}}","{'node_level': {0: {'cpu': 0}, 1: {'cpu': 0}}, 'link_level': {(1, 0): {'bw': 100.0}}, 'path_level': {(1, 0): {}}}",[],100.0,100.0,True,False,False,0,[],0,0.0,2.0,1.0
184,28,2,1680.0,5884.0,1079090.4551405674,3863362.8044047533,0.28552005438477224,0.2793137765653951,14,349,1,4675.0,9155,4672,4483,0.013305174234424455,0.08956133225020313,183,3424.008470637874,4675.0,10,17,False,"{0: 32, 1: 48, 2: 42}","{(1, 0): [(48, 16), (16, 32)], (2, 0): []}","{(0, 32): {'cpu': 7}, (1, 48): {'cpu': 4}, (2, 42): {'cpu': 20}}","{((1, 0), (48, 16)): {'bw': 23}, ((1, 0), (16, 32)): {'bw': 23}}",0.0,0.0,218.0,109.0,466.0,0.0,0.0,0.0,0.0,0.0,0.0,0.0,0.0,0.0,Route Failure,100.0,"{'node_level': {'cpu': -79}, 'link_level': {'bw': 100.0}, 'path_level': {}}","{'node_level': {0: {'cpu': -85}, 1: {'cpu': -87}, 2: {'cpu': -79}}, 'link_level': {(1, 0): {'bw': -56}, (2, 0): {'bw': 100.0}}, 'path_level': {(1, 0): {}, (2, 0): {}}}","{'node_level': {0: {'cpu': 0}, 1: {'cpu': 0}, 2: {'cpu': 0}}, 'link_level': {(1, 0): {'bw': 0}, (2, 0): {'bw': 100.0}}, 'path_level': {(1, 0): {}, (2, 0): {}}}",[],100.0,100.0,True,False,False,0,[],0,0.0,3.0,2.0
184,28,2,1680.0,5884.0,1079090.4551405674,3863362.8044047533,0.28552005438477224,0.2793137765653951,14,350,0,4688.2092795057115,9155,4672,4483,0.013305174234424455,0.08956133225020313,167,427.2092795057113,4261.0,7,14,False,{},{},{},{},0.0,0.0,0.0,0.0,0.0,0.0,0.0,0.0,0.0,0.0,0.0,0.0,0.0,0.0,Leave Event,0.0,"{'node_level': {}, 'link_level': {}, 'path_level': {}}","{'node_level': {}, 'link_level': {}, 'path_level': {}}","{'node_level': {}, 'link_level': {}, 'path_level': {}}",[],-inf,-inf,True,True,False,0,[],0,0.0,,
185,28,2,1680.0,5884.0,1079090.4551405674,3863362.8044047533,0.28552005438477224,0.2793137765653951,14,351,1,4703.0,9155,4672,4483,0.013305174234424455,0.08956133225020313,184,858.2087730001672,4703.0,7,13,False,"{0: 53, 1: 38, 2: 29}","{(2, 0): []}","{(0, 53): {'cpu': 10}, (1, 38): {'cpu': 19}, (2, 29): {'cpu': 13}}",{},0.0,0.0,154.0,77.0,409.0,0.0,0.0,0.0,0.0,0.0,0.0,0.0,0.0,0.0,Route Failure,100.0,"{'node_level': {'cpu': -83}, 'link_level': {'bw': 100.0}, 'path_level': {}}","{'node_level': {0: {'cpu': -86}, 1: {'cpu': -79}, 2: {'cpu': -83}}, 'link_level': {(2, 0): {'bw': 100.0}}, 'path_level': {(2, 0): {}}}","{'node_level': {0: {'cpu': 0}, 1: {'cpu': 0}, 2: {'cpu': 0}}, 'link_level': {(2, 0): {'bw': 100.0}}, 'path_level': {(2, 0): {}}}",[],100.0,100.0,True,False,False,0,[],0,0.0,3.0,1.0
185,28,2,1680.0,5884.0,1079090.4551405674,3863362.8044047533,0.28552005438477224,0.2793137765653951,14,352,0,4722.0827312764,9155,4672,4483,0.013305174234424455,0.08956133225020313,169,403.08273127640075,4319.0,9,15,False,{},{},{},{},0.0,0.0,0.0,0.0,0.0,0.0,0.0,0.0,0.0,0.0,0.0,0.0,0.0,0.0,Leave Event,0.0,"{'node_level': {}, 'link_level': {}, 'path_level': {}}","{'node_level': {}, 'link_level': {}, 'path_level': {}}","{'node_level': {}, 'link_level': {}, 'path_level': {}}",[],-inf,-inf,True,True,False,0,[],0,0.0,,
185,28,2,1680.0,5884.0,1079090.4551405674,3863362.8044047533,0.28552005438477224,0.2793137765653951,14,353,0,4722.103451420744,9155,4672,4483,0.013305174234424455,0.08956133225020313,159,675.1034514207436,4047.0,10,20,False,{},{},{},{},0.0,0.0,0.0,0.0,0.0,0.0,0.0,0.0,0.0,0.0,0.0,0.0,0.0,0.0,Leave Event,0.0,"{'node_level': {}, 'link_level': {}, 'path_level': {}}","{'node_level': {}, 'link_level': {}, 'path_level': {}}","{'node_level': {}, 'link_level': {}, 'path_level': {}}",[],-inf,-inf,True,True,False,0,[],0,0.0,,
186,28,2,1680.0,5884.0,1079090.4551405674,3863362.8044047533,0.28552005438477224,0.2793137765653951,14,354,1,4730.0,9155,4672,4483,0.013305174234424455,0.08956133225020313,185,425.32255752907787,4730.0,8,12,False,"{0: 29, 1: 15, 2: 35, 3: 9, 4: 53, 5: 32, 6: 0}","{(2, 1): [(35, 19), (19, 9), (9, 4), (4, 1), (1, 3), (3, 7), (7, 15)], (3, 0): [(9, 4), (4, 1), (1, 0), (0, 2), (2, 6), (6, 14), (14, 29)], (3, 1): [(9, 4), (4, 1), (1, 3), (3, 7), (7, 15)], (3, 2): [(9, 19), (19, 35)], (4, 2): [(53, 21), (21, 10), (10, 4), (4, 9), (9, 19), (19, 35)], (5, 1): [(32, 16), (16, 7), (7, 15)], (6, 2): []}","{(0, 29): {'cpu': 19}, (1, 15): {'cpu': 17}, (2, 35): {'cpu': 13}, (3, 9): {'cpu': 12}, (4, 53): {'cpu': 19}, (5, 32): {'cpu': 14}, (6, 0): {'cpu': 16}}","{((2, 1), (35, 19)): {'bw': 12}, ((2, 1), (19, 9)): {'bw': 12}, ((2, 1), (9, 4)): {'bw': 12}, ((2, 1), (4, 1)): {'bw': 12}, ((2, 1), (1, 3)): {'bw': 12}, ((2, 1), (3, 7)): {'bw': 12}, ((2, 1), (7, 15)): {'bw': 12}, ((3, 0), (9, 4)): {'bw': 22}, ((3, 0), (4, 1)): {'bw': 22}, ((3, 0), (1, 0)): {'bw': 22}, ((3, 0), (0, 2)): {'bw': 22}, ((3, 0), (2, 6)): {'bw': 22}, ((3, 0), (6, 14)): {'bw': 22}, ((3, 0), (14, 29)): {'bw': 22}, ((3, 1), (9, 4)): {'bw': 8}, ((3, 1), (4, 1)): {'bw': 8}, ((3, 1), (1, 3)): {'bw': 8}, ((3, 1), (3, 7)): {'bw': 8}, ((3, 1), (7, 15)): {'bw': 8}, ((3, 2), (9, 19)): {'bw': 26}, ((3, 2), (19, 35)): {'bw': 26}, ((4, 2), (53, 21)): {'bw': 6}, ((4, 2), (21, 10)): {'bw': 6}, ((4, 2), (10, 4)): {'bw': 6}, ((4, 2), (4, 9)): {'bw': 6}, ((4, 2), (9, 19)): {'bw': 6}, ((4, 2), (19, 35)): {'bw': 6}, ((5, 1), (32, 16)): {'bw': 24}, ((5, 1), (16, 7)): {'bw': 24}, ((5, 1), (7, 15)): {'bw': 24}}",0.0,0.0,260.0,130.0,300.0,0.0,0.0,0.0,0.0,0.0,0.0,0.0,0.0,0.0,Route Failure,100.0,"{'node_level': {'cpu': -61}, 'link_level': {'bw': 100.0}, 'path_level': {}}","{'node_level': {0: {'cpu': -77}, 1: {'cpu': -77}, 2: {'cpu': -80}, 3: {'cpu': -79}, 4: {'cpu': -77}, 5: {'cpu': -78}, 6: {'cpu': -61}}, 'link_level': {(2, 1): {'bw': -49}, (3, 0): {'bw': -1}, (3, 1): {'bw': -24}, (3, 2): {'bw': -36}, (4, 2): {'bw': -30}, (5, 1): {'bw': -55}, (6, 2): {'bw': 100.0}}, 'path_level': {(2, 1): {}, (3, 0): {}, (3, 1): {}, (3, 2): {}, (4, 2): {}, (5, 1): {}, (6, 2): {}}}","{'node_level': {0: {'cpu': 0}, 1: {'cpu': 0}, 2: {'cpu': 0}, 3: {'cpu': 0}, 4: {'cpu': 0}, 5: {'cpu': 0}, 6: {'cpu': 0}}, 'link_level': {(2, 1): {'bw': 0}, (3, 0): {'bw': 0}, (3, 1): {'bw': 0}, (3, 2): {'bw': 0}, (4, 2): {'bw': 0}, (5, 1): {'bw': 0}, (6, 2): {'bw': 100.0}}, 'path_level': {(2, 1): {}, (3, 0): {}, (3, 1): {}, (3, 2): {}, (4, 2): {}, (5, 1): {}, (6, 2): {}}}",[],100.0,100.0,True,False,False,0,[],0,0.0,7.0,7.0
187,28,2,1680.0,5884.0,1079090.4551405674,3863362.8044047533,0.28552005438477224,0.2793137765653951,14,355,1,4760.0,9155,4672,4483,0.013305174234424455,0.08956133225020313,186,109.36599870624359,4760.0,5,4,False,"{0: 42, 1: 29, 2: 38}","{(2, 0): [(38, 22), (22, 10), (10, 4), (4, 1), (1, 0), (0, 2), (2, 5), (5, 12), (12, 26), (26, 42)], (2, 1): []}","{(0, 42): {'cpu': 20}, (1, 29): {'cpu': 12}, (2, 38): {'cpu': 18}}","{((2, 0), (38, 22)): {'bw': 10}, ((2, 0), (22, 10)): {'bw': 10}, ((2, 0), (10, 4)): {'bw': 10}, ((2, 0), (4, 1)): {'bw': 10}, ((2, 0), (1, 0)): {'bw': 10}, ((2, 0), (0, 2)): {'bw': 10}, ((2, 0), (2, 5)): {'bw': 10}, ((2, 0), (5, 12)): {'bw': 10}, ((2, 0), (12, 26)): {'bw': 10}, ((2, 0), (26, 42)): {'bw': 10}}",0.0,0.0,112.0,56.0,101.0,0.0,0.0,0.0,0.0,0.0,0.0,0.0,0.0,0.0,Route Failure,100.0,"{'node_level': {'cpu': -80}, 'link_level': {'bw': 100.0}, 'path_level': {}}","{'node_level': {0: {'cpu': -79}, 1: {'cpu': -84}, 2: {'cpu': -80}}, 'link_level': {(2, 0): {'bw': -13}, (2, 1): {'bw': 100.0}}, 'path_level': {(2, 0): {}, (2, 1): {}}}","{'node_level': {0: {'cpu': 0}, 1: {'cpu': 0}, 2: {'cpu': 0}}, 'link_level': {(2, 0): {'bw': 0}, (2, 1): {'bw': 100.0}}, 'path_level': {(2, 0): {}, (2, 1): {}}}",[],100.0,100.0,True,False,False,0,[],0,0.0,3.0,2.0
187,28,2,1680.0,5884.0,1079090.4551405674,3863362.8044047533,0.28552005438477224,0.2793137765653951,14,356,0,4778.5332994827495,9155,4672,4483,0.013305174234424455,0.08956133225020313,161,686.5332994827498,4092.0,7,13,False,{},{},{},{},0.0,0.0,0.0,0.0,0.0,0.0,0.0,0.0,0.0,0.0,0.0,0.0,0.0,0.0,Leave Event,0.0,"{'node_level': {}, 'link_level': {}, 'path_level': {}}","{'node_level': {}, 'link_level': {}, 'path_level': {}}","{'node_level': {}, 'link_level': {}, 'path_level': {}}",[],-inf,-inf,True,True,False,0,[],0,0.0,,
188,28,2,1680.0,5884.0,1079090.4551405674,3863362.8044047533,0.28552005438477224,0.2793137765653951,14,357,1,4798.0,9155,4672,4483,0.013305174234424455,0.08956133225020313,187,1265.8068669469217,4798.0,10,19,False,"{0: 29, 1: 15}","{(1, 0): []}","{(0, 29): {'cpu': 10}, (1, 15): {'cpu': 8}}",{},0.0,0.0,190.0,95.0,476.0,0.0,0.0,0.0,0.0,0.0,0.0,0.0,0.0,0.0,Route Failure,100.0,"{'node_level': {'cpu': -86}, 'link_level': {'bw': 100.0}, 'path_level': {}}","{'node_level': {0: {'cpu': -86}, 1: {'cpu': -86}}, 'link_level': {(1, 0): {'bw': 100.0}}, 'path_level': {(1, 0): {}}}","{'node_level': {0: {'cpu': 0}, 1: {'cpu': 0}}, 'link_level': {(1, 0): {'bw': 100.0}}, 'path_level': {(1, 0): {}}}",[],100.0,100.0,True,False,False,0,[],0,0.0,2.0,1.0
188,28,2,1680.0,5884.0,1079090.4551405674,3863362.8044047533,0.28552005438477224,0.2793137765653951,14,358,0,4809.835337782542,9155,4672,4483,0.013305174234424455,0.08956133225020313,163,657.8353377825421,4152.0,10,24,False,{},{},{},{},0.0,0.0,0.0,0.0,0.0,0.0,0.0,0.0,0.0,0.0,0.0,0.0,0.0,0.0,Leave Event,0.0,"{'node_level': {}, 'link_level': {}, 'path_level': {}}","{'node_level': {}, 'link_level': {}, 'path_level': {}}","{'node_level': {}, 'link_level': {}, 'path_level': {}}",[],-inf,-inf,True,True,False,0,[],0,0.0,,
189,28,2,1680.0,5884.0,1079090.4551405674,3863362.8044047533,0.28552005438477224,0.2793137765653951,14,359,1,4826.0,9155,4672,4483,0.013305174234424455,0.08956133225020313,188,275.95164441107164,4826.0,6,9,False,"{0: 38, 1: 35, 2: 29}","{(2, 0): []}","{(0, 38): {'cpu': 18}, (1, 35): {'cpu': 3}, (2, 29): {'cpu': 19}}",{},0.0,0.0,170.0,85.0,190.0,0.0,0.0,0.0,0.0,0.0,0.0,0.0,0.0,0.0,Route Failure,100.0,"{'node_level': {'cpu': -77}, 'link_level': {'bw': 100.0}, 'path_level': {}}","{'node_level': {0: {'cpu': -80}, 1: {'cpu': -90}, 2: {'cpu': -77}}, 'link_level': {(2, 0): {'bw': 100.0}}, 'path_level': {(2, 0): {}}}","{'node_level': {0: {'cpu': 0}, 1: {'cpu': 0}, 2: {'cpu': 0}}, 'link_level': {(2, 0): {'bw': 100.0}}, 'path_level': {(2, 0): {}}}",[],100.0,100.0,True,False,False,0,[],0,0.0,3.0,1.0
189,28,1,1680.0,5884.0,1079090.4551405674,3863362.8044047533,0.28552005438477224,0.2793137765653951,14,360,0,4839.293375203701,9199,4698,4501,0.007814149947201643,0.08590576766856217,146,1110.2933752037009,3729.0,2,1,False,{},{},{},{},0.0,0.0,0.0,0.0,0.0,0.0,0.0,0.0,0.0,0.0,0.0,0.0,0.0,0.0,Leave Event,0.0,"{'node_level': {}, 'link_level': {}, 'path_level': {}}","{'node_level': {}, 'link_level': {}, 'path_level': {}}","{'node_level': {}, 'link_level': {}, 'path_level': {}}",[],-inf,-inf,True,True,False,0,[],0,0.0,,
190,28,1,1680.0,5884.0,1079090.4551405674,3863362.8044047533,0.28552005438477224,0.2793137765653951,14,361,1,4858.0,9199,4698,4501,0.007814149947201643,0.08590576766856217,189,482.90762872728857,4858.0,4,3,False,"{0: 29, 1: 38}","{(1, 0): []}","{(0, 29): {'cpu': 6}, (1, 38): {'cpu': 15}}",{},0.0,0.0,74.0,37.0,101.0,0.0,0.0,0.0,0.0,0.0,0.0,0.0,0.0,0.0,Route Failure,100.0,"{'node_level': {'cpu': -83}, 'link_level': {'bw': 100.0}, 'path_level': {}}","{'node_level': {0: {'cpu': -90}, 1: {'cpu': -83}}, 'link_level': {(1, 0): {'bw': 100.0}}, 'path_level': {(1, 0): {}}}","{'node_level': {0: {'cpu': 0}, 1: {'cpu': 0}}, 'link_level': {(1, 0): {'bw': 100.0}}, 'path_level': {(1, 0): {}}}",[],100.0,100.0,True,False,False,0,[],0,0.0,2.0,1.0
190,28,1,1680.0,5884.0,1079090.4551405674,3863362.8044047533,0.28552005438477224,0.2793137765653951,14,362,0,4869.365998706244,9199,4698,4501,0.007814149947201643,0.08590576766856217,186,109.36599870624359,4760.0,5,4,False,{},{},{},{},0.0,0.0,0.0,0.0,0.0,0.0,0.0,0.0,0.0,0.0,0.0,0.0,0.0,0.0,Leave Event,0.0,"{'node_level': {}, 'link_level': {}, 'path_level': {}}","{'node_level': {}, 'link_level': {}, 'path_level': {}}","{'node_level': {}, 'link_level': {}, 'path_level': {}}",[],-inf,-inf,True,True,False,0,[],0,0.0,,
191,28,1,1680.0,5884.0,1079090.4551405674,3863362.8044047533,0.28552005438477224,0.2793137765653951,14,363,1,4884.0,9199,4698,4501,0.007814149947201643,0.08590576766856217,190,113.51784339133744,4884.0,9,19,False,"{0: 9, 1: 29, 2: 42}","{(1, 0): [(29, 14), (14, 6), (6, 2), (2, 0), (0, 1), (1, 4), (4, 9)], (2, 0): []}","{(0, 9): {'cpu': 3}, (1, 29): {'cpu': 11}, (2, 42): {'cpu': 19}}","{((1, 0), (29, 14)): {'bw': 13}, ((1, 0), (14, 6)): {'bw': 13}, ((1, 0), (6, 2)): {'bw': 13}, ((1, 0), (2, 0)): {'bw': 13}, ((1, 0), (0, 1)): {'bw': 13}, ((1, 0), (1, 4)): {'bw': 13}, ((1, 0), (4, 9)): {'bw': 13}}",0.0,0.0,184.0,92.0,546.0,0.0,0.0,0.0,0.0,0.0,0.0,0.0,0.0,0.0,Route Failure,100.0,"{'node_level': {'cpu': -80}, 'link_level': {'bw': 100.0}, 'path_level': {}}","{'node_level': {0: {'cpu': -88}, 1: {'cpu': -85}, 2: {'cpu': -80}}, 'link_level': {(1, 0): {'bw': -10}, (2, 0): {'bw': 100.0}}, 'path_level': {(1, 0): {}, (2, 0): {}}}","{'node_level': {0: {'cpu': 0}, 1: {'cpu': 0}, 2: {'cpu': 0}}, 'link_level': {(1, 0): {'bw': 0}, (2, 0): {'bw': 100.0}}, 'path_level': {(1, 0): {}, (2, 0): {}}}",[],100.0,100.0,True,False,False,0,[],0,0.0,3.0,2.0
191,28,1,1680.0,5884.0,1079090.4551405674,3863362.8044047533,0.28552005438477224,0.2793137765653951,14,364,0,4895.178435993762,9199,4698,4501,0.007814149947201643,0.08590576766856217,182,249.17843599376206,4646.0,5,6,False,{},{},{},{},0.0,0.0,0.0,0.0,0.0,0.0,0.0,0.0,0.0,0.0,0.0,0.0,0.0,0.0,Leave Event,0.0,"{'node_level': {}, 'link_level': {}, 'path_level': {}}","{'node_level': {}, 'link_level': {}, 'path_level': {}}","{'node_level': {}, 'link_level': {}, 'path_level': {}}",[],-inf,-inf,True,True,False,0,[],0,0.0,,
191,28,1,1680.0,5884.0,1079090.4551405674,3863362.8044047533,0.28552005438477224,0.2793137765653951,14,365,0,4910.3117237156275,9199,4698,4501,0.007814149947201643,0.08590576766856217,180,312.31172371562775,4598.0,10,16,False,{},{},{},{},0.0,0.0,0.0,0.0,0.0,0.0,0.0,0.0,0.0,0.0,0.0,0.0,0.0,0.0,Leave Event,0.0,"{'node_level': {}, 'link_level': {}, 'path_level': {}}","{'node_level': {}, 'link_level': {}, 'path_level': {}}","{'node_level': {}, 'link_level': {}, 'path_level': {}}",[],-inf,-inf,True,True,False,0,[],0,0.0,,
192,28,1,1680.0,5884.0,1079090.4551405674,3863362.8044047533,0.28552005438477224,0.2793137765653951,14,366,1,4915.0,9199,4698,4501,0.007814149947201643,0.08590576766856217,191,198.79738814190407,4915.0,9,20,False,"{0: 15, 1: 48, 2: 29, 3: 42}","{(1, 0): [(48, 16), (16, 7), (7, 15)], (2, 0): [(29, 14), (14, 6), (6, 2), (2, 0), (0, 1), (1, 3), (3, 7), (7, 15)], (3, 0): []}","{(0, 15): {'cpu': 8}, (1, 48): {'cpu': 1}, (2, 29): {'cpu': 9}, (3, 42): {'cpu': 19}}","{((1, 0), (48, 16)): {'bw': 46}, ((1, 0), (16, 7)): {'bw': 46}, ((1, 0), (7, 15)): {'bw': 46}, ((2, 0), (29, 14)): {'bw': 4}, ((2, 0), (14, 6)): {'bw': 4}, ((2, 0), (6, 2)): {'bw': 4}, ((2, 0), (2, 0)): {'bw': 4}, ((2, 0), (0, 1)): {'bw': 4}, ((2, 0), (1, 3)): {'bw': 4}, ((2, 0), (3, 7)): {'bw': 4}, ((2, 0), (7, 15)): {'bw': 4}}",0.0,0.0,172.0,86.0,440.0,0.0,0.0,0.0,0.0,0.0,0.0,0.0,0.0,0.0,Route Failure,100.0,"{'node_level': {'cpu': -80}, 'link_level': {'bw': 100.0}, 'path_level': {}}","{'node_level': {0: {'cpu': -86}, 1: {'cpu': -90}, 2: {'cpu': -87}, 3: {'cpu': -80}}, 'link_level': {(1, 0): {'bw': -36}, (2, 0): {'bw': -19}, (3, 0): {'bw': 100.0}}, 'path_level': {(1, 0): {}, (2, 0): {}, (3, 0): {}}}","{'node_level': {0: {'cpu': 0}, 1: {'cpu': 0}, 2: {'cpu': 0}, 3: {'cpu': 0}}, 'link_level': {(1, 0): {'bw': 0}, (2, 0): {'bw': 0}, (3, 0): {'bw': 100.0}}, 'path_level': {(1, 0): {}, (2, 0): {}, (3, 0): {}}}",[],100.0,100.0,True,False,False,0,[],0,0.0,4.0,3.0
192,28,1,1680.0,5884.0,1079090.4551405674,3863362.8044047533,0.28552005438477224,0.2793137765653951,14,367,0,4936.607061566828,9199,4698,4501,0.007814149947201643,0.08590576766856217,178,392.6070615668273,4544.0,8,20,False,{},{},{},{},0.0,0.0,0.0,0.0,0.0,0.0,0.0,0.0,0.0,0.0,0.0,0.0,0.0,0.0,Leave Event,0.0,"{'node_level': {}, 'link_level': {}, 'path_level': {}}","{'node_level': {}, 'link_level': {}, 'path_level': {}}","{'node_level': {}, 'link_level': {}, 'path_level': {}}",[],-inf,-inf,True,True,False,0,[],0,0.0,,
193,28,1,1680.0,5884.0,1079090.4551405674,3863362.8044047533,0.28552005438477224,0.2793137765653951,14,368,1,4940.0,9199,4698,4501,0.007814149947201643,0.08590576766856217,192,211.52449845796346,4940.0,4,4,False,"{0: 42, 1: 38, 2: 53}","{(2, 0): []}","{(0, 42): {'cpu': 18}, (1, 38): {'cpu': 12}, (2, 53): {'cpu': 2}}",{},0.0,0.0,88.0,44.0,63.0,0.0,0.0,0.0,0.0,0.0,0.0,0.0,0.0,0.0,Route Failure,100.0,"{'node_level': {'cpu': -94}, 'link_level': {'bw': 100.0}, 'path_level': {}}","{'node_level': {0: {'cpu': -81}, 1: {'cpu': -86}, 2: {'cpu': -94}}, 'link_level': {(2, 0): {'bw': 100.0}}, 'path_level': {(2, 0): {}}}","{'node_level': {0: {'cpu': 0}, 1: {'cpu': 0}, 2: {'cpu': 0}}, 'link_level': {(2, 0): {'bw': 100.0}}, 'path_level': {(2, 0): {}}}",[],100.0,100.0,True,False,False,0,[],0,0.0,3.0,1.0
193,28,1,1680.0,5884.0,1079090.4551405674,3863362.8044047533,0.28552005438477224,0.2793137765653951,14,369,0,4948.778657696519,9199,4698,4501,0.007814149947201643,0.08590576766856217,179,382.77865769651936,4566.0,6,8,False,{},{},{},{},0.0,0.0,0.0,0.0,0.0,0.0,0.0,0.0,0.0,0.0,0.0,0.0,0.0,0.0,Leave Event,0.0,"{'node_level': {}, 'link_level': {}, 'path_level': {}}","{'node_level': {}, 'link_level': {}, 'path_level': {}}","{'node_level': {}, 'link_level': {}, 'path_level': {}}",[],-inf,-inf,True,True,False,0,[],0,0.0,,
194,28,1,1680.0,5884.0,1079090.4551405674,3863362.8044047533,0.28552005438477224,0.2793137765653951,14,370,1,4974.0,9199,4698,4501,0.007814149947201643,0.08590576766856217,193,251.05838673262554,4974.0,4,4,False,"{0: 29, 1: 42}","{(1, 0): []}","{(0, 29): {'cpu': 10}, (1, 42): {'cpu': 17}}",{},0.0,0.0,102.0,51.0,130.0,0.0,0.0,0.0,0.0,0.0,0.0,0.0,0.0,0.0,Route Failure,100.0,"{'node_level': {'cpu': -82}, 'link_level': {'bw': 100.0}, 'path_level': {}}","{'node_level': {0: {'cpu': -86}, 1: {'cpu': -82}}, 'link_level': {(1, 0): {'bw': 100.0}}, 'path_level': {(1, 0): {}}}","{'node_level': {0: {'cpu': 0}, 1: {'cpu': 0}}, 'link_level': {(1, 0): {'bw': 100.0}}, 'path_level': {(1, 0): {}}}",[],100.0,100.0,True,False,False,0,[],0,0.0,2.0,1.0
195,28,1,1680.0,5884.0,1079090.4551405674,3863362.8044047533,0.28552005438477224,0.2793137765653951,14,371,1,4991.0,9199,4698,4501,0.007814149947201643,0.08590576766856217,194,11.241369939923967,4991.0,2,1,False,"{0: 38, 1: 42}","{(1, 0): []}","{(0, 38): {'cpu': 2}, (1, 42): {'cpu': 3}}",{},0.0,0.0,10.0,5.0,36.0,0.0,0.0,0.0,0.0,0.0,0.0,0.0,0.0,0.0,Route Failure,100.0,"{'node_level': {'cpu': -96}, 'link_level': {'bw': 100.0}, 'path_level': {}}","{'node_level': {0: {'cpu': -96}, 1: {'cpu': -96}}, 'link_level': {(1, 0): {'bw': 100.0}}, 'path_level': {(1, 0): {}}}","{'node_level': {0: {'cpu': 0}, 1: {'cpu': 0}}, 'link_level': {(1, 0): {'bw': 100.0}}, 'path_level': {(1, 0): {}}}",[],100.0,100.0,True,False,False,0,[],0,0.0,2.0,1.0
195,28,1,1680.0,5884.0,1079090.4551405674,3863362.8044047533,0.28552005438477224,0.2793137765653951,14,372,0,4997.517843391337,9199,4698,4501,0.007814149947201643,0.08590576766856217,190,113.51784339133744,4884.0,9,19,False,{},{},{},{},0.0,0.0,0.0,0.0,0.0,0.0,0.0,0.0,0.0,0.0,0.0,0.0,0.0,0.0,Leave Event,0.0,"{'node_level': {}, 'link_level': {}, 'path_level': {}}","{'node_level': {}, 'link_level': {}, 'path_level': {}}","{'node_level': {}, 'link_level': {}, 'path_level': {}}",[],-inf,-inf,True,True,False,0,[],0,0.0,,
195,28,1,1680.0,5884.0,1079090.4551405674,3863362.8044047533,0.28552005438477224,0.2793137765653951,14,373,0,5002.241369939924,9199,4698,4501,0.007814149947201643,0.08590576766856217,194,11.241369939923967,4991.0,2,1,False,{},{},{},{},0.0,0.0,0.0,0.0,0.0,0.0,0.0,0.0,0.0,0.0,0.0,0.0,0.0,0.0,Leave Event,0.0,"{'node_level': {}, 'link_level': {}, 'path_level': {}}","{'node_level': {}, 'link_level': {}, 'path_level': {}}","{'node_level': {}, 'link_level': {}, 'path_level': {}}",[],-inf,-inf,True,True,False,0,[],0,0.0,,
196,28,1,1680.0,5884.0,1079090.4551405674,3863362.8044047533,0.28552005438477224,0.2793137765653951,14,374,1,5020.0,9199,4698,4501,0.007814149947201643,0.08590576766856217,195,539.9154622170771,5020.0,9,20,False,"{0: 15, 1: 35, 2: 29, 3: 53}","{(1, 0): [(35, 19), (19, 9), (9, 4), (4, 1), (1, 3), (3, 7), (7, 15)], (3, 0): [(53, 21), (21, 10), (10, 4), (4, 1), (1, 3), (3, 7), (7, 15)], (3, 2): []}","{(0, 15): {'cpu': 14}, (1, 35): {'cpu': 4}, (2, 29): {'cpu': 13}, (3, 53): {'cpu': 15}}","{((1, 0), (35, 19)): {'bw': 37}, ((1, 0), (19, 9)): {'bw': 37}, ((1, 0), (9, 4)): {'bw': 37}, ((1, 0), (4, 1)): {'bw': 37}, ((1, 0), (1, 3)): {'bw': 37}, ((1, 0), (3, 7)): {'bw': 37}, ((1, 0), (7, 15)): {'bw': 37}, ((3, 0), (53, 21)): {'bw': 21}, ((3, 0), (21, 10)): {'bw': 21}, ((3, 0), (10, 4)): {'bw': 21}, ((3, 0), (4, 1)): {'bw': 21}, ((3, 0), (1, 3)): {'bw': 21}, ((3, 0), (3, 7)): {'bw': 21}, ((3, 0), (7, 15)): {'bw': 21}}",0.0,0.0,214.0,107.0,452.0,0.0,0.0,0.0,0.0,0.0,0.0,0.0,0.0,0.0,Route Failure,100.0,"{'node_level': {'cpu': -81}, 'link_level': {'bw': 100.0}, 'path_level': {}}","{'node_level': {0: {'cpu': -80}, 1: {'cpu': -89}, 2: {'cpu': -83}, 3: {'cpu': -81}}, 'link_level': {(1, 0): {'bw': -24}, (3, 0): {'bw': -3}, (3, 2): {'bw': 100.0}}, 'path_level': {(1, 0): {}, (3, 0): {}, (3, 2): {}}}","{'node_level': {0: {'cpu': 0}, 1: {'cpu': 0}, 2: {'cpu': 0}, 3: {'cpu': 0}}, 'link_level': {(1, 0): {'bw': 0}, (3, 0): {'bw': 0}, (3, 2): {'bw': 100.0}}, 'path_level': {(1, 0): {}, (3, 0): {}, (3, 2): {}}}",[],100.0,100.0,True,False,False,0,[],0,0.0,4.0,3.0
197,28,1,1680.0,5884.0,1079090.4551405674,3863362.8044047533,0.28552005438477224,0.2793137765653951,14,375,1,5046.0,9199,4698,4501,0.007814149947201643,0.08590576766856217,196,93.1587758775829,5046.0,7,12,False,"{0: 38, 1: 8, 2: 15, 3: 53}","{(1, 0): [(8, 3), (3, 1), (1, 4), (4, 10), (10, 22), (22, 38)], (2, 1): [(15, 7), (7, 3), (3, 8)], (3, 2): []}","{(0, 38): {'cpu': 18}, (1, 8): {'cpu': 1}, (2, 15): {'cpu': 10}, (3, 53): {'cpu': 17}}","{((1, 0), (8, 3)): {'bw': 45}, ((1, 0), (3, 1)): {'bw': 45}, ((1, 0), (1, 4)): {'bw': 45}, ((1, 0), (4, 10)): {'bw': 45}, ((1, 0), (10, 22)): {'bw': 45}, ((1, 0), (22, 38)): {'bw': 45}, ((2, 1), (15, 7)): {'bw': 36}, ((2, 1), (7, 3)): {'bw': 36}, ((2, 1), (3, 8)): {'bw': 36}}",0.0,0.0,160.0,80.0,273.0,0.0,0.0,0.0,0.0,0.0,0.0,0.0,0.0,0.0,Route Failure,100.0,"{'node_level': {'cpu': -79}, 'link_level': {'bw': 100.0}, 'path_level': {}}","{'node_level': {0: {'cpu': -80}, 1: {'cpu': -92}, 2: {'cpu': -84}, 3: {'cpu': -79}}, 'link_level': {(1, 0): {'bw': -17}, (2, 1): {'bw': -1}, (3, 2): {'bw': 100.0}}, 'path_level': {(1, 0): {}, (2, 1): {}, (3, 2): {}}}","{'node_level': {0: {'cpu': 0}, 1: {'cpu': 0}, 2: {'cpu': 0}, 3: {'cpu': 0}}, 'link_level': {(1, 0): {'bw': 0}, (2, 1): {'bw': 0}, (3, 2): {'bw': 100.0}}, 'path_level': {(1, 0): {}, (2, 1): {}, (3, 2): {}}}",[],100.0,100.0,True,False,False,0,[],0,0.0,4.0,3.0
198,29,2,1715.0,6036.0,1095270.528404293,3933630.5511500766,0.28412856196156394,0.2784375691011624,14,376,1,5069.0,9047,4676,4371,0.012460401267159416,0.11230706742485785,197,462.2878075350213,5069.0,2,1,True,"{0: 38, 1: 42}","{(1, 0): [(42, 26), (26, 12), (12, 5), (5, 2), (2, 0), (0, 1), (1, 4), (4, 10), (10, 22), (22, 38)]}","{(0, 38): {'cpu': 6}, (1, 42): {'cpu': 16}}","{((1, 0), (42, 26)): {'bw': 13}, ((1, 0), (26, 12)): {'bw': 13}, ((1, 0), (12, 5)): {'bw': 13}, ((1, 0), (5, 2)): {'bw': 13}, ((1, 0), (2, 0)): {'bw': 13}, ((1, 0), (0, 1)): {'bw': 13}, ((1, 0), (1, 4)): {'bw': 13}, ((1, 0), (4, 10)): {'bw': 13}, ((1, 0), (10, 22)): {'bw': 13}, ((1, 0), (22, 38)): {'bw': 13}}",152.0,35.0,44.0,22.0,13.0,22.0,13.0,22.0,130.0,117.0,0.23026315789473684,70267.74674532324,16180.073263725744,106.44785041924831,Success,0.0,"{'node_level': {'cpu': -83}, 'link_level': {'bw': -10}, 'path_level': {}}","{'node_level': {0: {'cpu': -92}, 1: {'cpu': -83}}, 'link_level': {(1, 0): {'bw': -10}}, 'path_level': {(1, 0): {}}}","{'node_level': {0: {'cpu': 0}, 1: {'cpu': 0}}, 'link_level': {(1, 0): {'bw': 0}}, 'path_level': {(1, 0): {}}}",[],-10.0,0.0,True,True,False,0,[],0,0.0,2.0,1.0
199,29,2,1715.0,6036.0,1095270.528404293,3933630.5511500766,0.28412856196156394,0.2784375691011624,14,377,1,5093.0,9047,4676,4371,0.012460401267159416,0.11230706742485785,198,483.2401421923727,5093.0,5,6,False,"{0: 15, 1: 29}","{(1, 0): []}","{(0, 15): {'cpu': 12}, (1, 29): {'cpu': 13}}",{},0.0,0.0,92.0,46.0,132.0,0.0,0.0,0.0,0.0,0.0,0.0,0.0,0.0,0.0,Route Failure,100.0,"{'node_level': {'cpu': -83}, 'link_level': {'bw': 100.0}, 'path_level': {}}","{'node_level': {0: {'cpu': -82}, 1: {'cpu': -83}}, 'link_level': {(1, 0): {'bw': 100.0}}, 'path_level': {(1, 0): {}}}","{'node_level': {0: {'cpu': 0}, 1: {'cpu': 0}}, 'link_level': {(1, 0): {'bw': 100.0}}, 'path_level': {(1, 0): {}}}",[],100.0,100.0,True,False,False,0,[],0,0.0,2.0,1.0
199,29,2,1715.0,6036.0,1095270.528404293,3933630.5511500766,0.28412856196156394,0.2784375691011624,14,378,0,5101.951644411071,9047,4676,4371,0.012460401267159416,0.11230706742485785,188,275.95164441107164,4826.0,6,9,False,{},{},{},{},0.0,0.0,0.0,0.0,0.0,0.0,0.0,0.0,0.0,0.0,0.0,0.0,0.0,0.0,Leave Event,0.0,"{'node_level': {}, 'link_level': {}, 'path_level': {}}","{'node_level': {}, 'link_level': {}, 'path_level': {}}","{'node_level': {}, 'link_level': {}, 'path_level': {}}",[],-inf,-inf,True,True,False,0,[],0,0.0,,
199,29,2,1715.0,6036.0,1095270.528404293,3933630.5511500766,0.28412856196156394,0.2784375691011624,14,379,0,5113.797388141904,9047,4676,4371,0.012460401267159416,0.11230706742485785,191,198.79738814190407,4915.0,9,20,False,{},{},{},{},0.0,0.0,0.0,0.0,0.0,0.0,0.0,0.0,0.0,0.0,0.0,0.0,0.0,0.0,Leave Event,0.0,"{'node_level': {}, 'link_level': {}, 'path_level': {}}","{'node_level': {}, 'link_level': {}, 'path_level': {}}","{'node_level': {}, 'link_level': {}, 'path_level': {}}",[],-inf,-inf,True,True,False,0,[],0,0.0,,
200,29,2,1715.0,6036.0,1095270.528404293,3933630.5511500766,0.28412856196156394,0.2784375691011624,14,380,1,5118.0,9047,4676,4371,0.012460401267159416,0.11230706742485785,199,598.5064510869279,5118.0,5,5,False,"{0: 35, 1: 53, 2: 15, 3: 29}","{(3, 1): [(29, 14), (14, 6), (6, 2), (2, 0), (0, 1), (1, 4), (4, 10), (10, 21), (21, 53)], (3, 2): []}","{(0, 35): {'cpu': 8}, (1, 53): {'cpu': 11}, (2, 15): {'cpu': 8}, (3, 29): {'cpu': 20}}","{((3, 1), (29, 14)): {'bw': 3}, ((3, 1), (14, 6)): {'bw': 3}, ((3, 1), (6, 2)): {'bw': 3}, ((3, 1), (2, 0)): {'bw': 3}, ((3, 1), (0, 1)): {'bw': 3}, ((3, 1), (1, 4)): {'bw': 3}, ((3, 1), (4, 10)): {'bw': 3}, ((3, 1), (10, 21)): {'bw': 3}, ((3, 1), (21, 53)): {'bw': 3}}",0.0,0.0,106.0,53.0,114.0,0.0,0.0,0.0,0.0,0.0,0.0,0.0,0.0,0.0,Route Failure,100.0,"{'node_level': {'cpu': -76}, 'link_level': {'bw': 100.0}, 'path_level': {}}","{'node_level': {0: {'cpu': -85}, 1: {'cpu': -85}, 2: {'cpu': -86}, 3: {'cpu': -76}}, 'link_level': {(3, 1): {'bw': -7}, (3, 2): {'bw': 100.0}}, 'path_level': {(3, 1): {}, (3, 2): {}}}","{'node_level': {0: {'cpu': 0}, 1: {'cpu': 0}, 2: {'cpu': 0}, 3: {'cpu': 0}}, 'link_level': {(3, 1): {'bw': 0}, (3, 2): {'bw': 100.0}}, 'path_level': {(3, 1): {}, (3, 2): {}}}",[],100.0,100.0,True,False,False,0,[],0,0.0,4.0,2.0
200,29,2,1715.0,6036.0,1095270.528404293,3933630.5511500766,0.28412856196156394,0.2784375691011624,14,381,0,5139.158775877583,9047,4676,4371,0.012460401267159416,0.11230706742485785,196,93.1587758775829,5046.0,7,12,False,{},{},{},{},0.0,0.0,0.0,0.0,0.0,0.0,0.0,0.0,0.0,0.0,0.0,0.0,0.0,0.0,Leave Event,0.0,"{'node_level': {}, 'link_level': {}, 'path_level': {}}","{'node_level': {}, 'link_level': {}, 'path_level': {}}","{'node_level': {}, 'link_level': {}, 'path_level': {}}",[],-inf,-inf,True,True,False,0,[],0,0.0,,
200,29,2,1715.0,6036.0,1095270.528404293,3933630.5511500766,0.28412856196156394,0.2784375691011624,14,382,0,5151.524498457963,9047,4676,4371,0.012460401267159416,0.11230706742485785,192,211.52449845796346,4940.0,4,4,False,{},{},{},{},0.0,0.0,0.0,0.0,0.0,0.0,0.0,0.0,0.0,0.0,0.0,0.0,0.0,0.0,Leave Event,0.0,"{'node_level': {}, 'link_level': {}, 'path_level': {}}","{'node_level': {}, 'link_level': {}, 'path_level': {}}","{'node_level': {}, 'link_level': {}, 'path_level': {}}",[],-inf,-inf,True,True,False,0,[],0,0.0,,
200,29,2,1715.0,6036.0,1095270.528404293,3933630.5511500766,0.28412856196156394,0.2784375691011624,14,383,0,5155.322557529078,9047,4676,4371,0.012460401267159416,0.11230706742485785,185,425.32255752907787,4730.0,8,12,False,{},{},{},{},0.0,0.0,0.0,0.0,0.0,0.0,0.0,0.0,0.0,0.0,0.0,0.0,0.0,0.0,Leave Event,0.0,"{'node_level': {}, 'link_level': {}, 'path_level': {}}","{'node_level': {}, 'link_level': {}, 'path_level': {}}","{'node_level': {}, 'link_level': {}, 'path_level': {}}",[],-inf,-inf,True,True,False,0,[],0,0.0,,
200,29,2,1715.0,6036.0,1095270.528404293,3933630.5511500766,0.28412856196156394,0.2784375691011624,14,384,0,5166.620239274723,9047,4676,4371,0.012460401267159416,0.11230706742485785,177,647.6202392747227,4519.0,4,5,False,{},{},{},{},0.0,0.0,0.0,0.0,0.0,0.0,0.0,0.0,0.0,0.0,0.0,0.0,0.0,0.0,Leave Event,0.0,"{'node_level': {}, 'link_level': {}, 'path_level': {}}","{'node_level': {}, 'link_level': {}, 'path_level': {}}","{'node_level': {}, 'link_level': {}, 'path_level': {}}",[],-inf,-inf,True,True,False,0,[],0,0.0,,
200,29,2,1715.0,6036.0,1095270.528404293,3933630.5511500766,0.28412856196156394,0.2784375691011624,14,385,0,5205.163035114915,9047,4676,4371,0.012460401267159416,0.11230706742485785,124,2028.1630351149151,3177.0,9,20,False,{},{},{},{},0.0,0.0,0.0,0.0,0.0,0.0,0.0,0.0,0.0,0.0,0.0,0.0,0.0,0.0,Leave Event,0.0,"{'node_level': {}, 'link_level': {}, 'path_level': {}}","{'node_level': {}, 'link_level': {}, 'path_level': {}}","{'node_level': {}, 'link_level': {}, 'path_level': {}}",[],-inf,-inf,True,True,False,0,[],0,0.0,,
200,29,2,1715.0,6036.0,1095270.528404293,3933630.5511500766,0.28412856196156394,0.2784375691011624,14,386,0,5225.058386732626,9047,4676,4371,0.012460401267159416,0.11230706742485785,193,251.05838673262554,4974.0,4,4,False,{},{},{},{},0.0,0.0,0.0,0.0,0.0,0.0,0.0,0.0,0.0,0.0,0.0,0.0,0.0,0.0,Leave Event,0.0,"{'node_level': {}, 'link_level': {}, 'path_level': {}}","{'node_level': {}, 'link_level': {}, 'path_level': {}}","{'node_level': {}, 'link_level': {}, 'path_level': {}}",[],-inf,-inf,True,True,False,0,[],0,0.0,,
200,29,2,1715.0,6036.0,1095270.528404293,3933630.5511500766,0.28412856196156394,0.2784375691011624,14,387,0,5262.055002920871,9047,4676,4371,0.012460401267159416,0.11230706742485785,152,1387.0550029208707,3875.0,8,13,False,{},{},{},{},0.0,0.0,0.0,0.0,0.0,0.0,0.0,0.0,0.0,0.0,0.0,0.0,0.0,0.0,Leave Event,0.0,"{'node_level': {}, 'link_level': {}, 'path_level': {}}","{'node_level': {}, 'link_level': {}, 'path_level': {}}","{'node_level': {}, 'link_level': {}, 'path_level': {}}",[],-inf,-inf,True,True,False,0,[],0,0.0,,
200,29,2,1715.0,6036.0,1095270.528404293,3933630.5511500766,0.28412856196156394,0.2784375691011624,14,388,0,5340.907628727288,9047,4676,4371,0.012460401267159416,0.11230706742485785,189,482.90762872728857,4858.0,4,3,False,{},{},{},{},0.0,0.0,0.0,0.0,0.0,0.0,0.0,0.0,0.0,0.0,0.0,0.0,0.0,0.0,Leave Event,0.0,"{'node_level': {}, 'link_level': {}, 'path_level': {}}","{'node_level': {}, 'link_level': {}, 'path_level': {}}","{'node_level': {}, 'link_level': {}, 'path_level': {}}",[],-inf,-inf,True,True,False,0,[],0,0.0,,
200,29,1,1715.0,6036.0,1095270.528404293,3933630.5511500766,0.28412856196156394,0.2784375691011624,14,389,0,5531.287807535021,9199,4698,4501,0.007814149947201643,0.08590576766856217,197,462.2878075350213,5069.0,2,1,False,{},{},{},{},0.0,0.0,0.0,0.0,0.0,0.0,0.0,0.0,0.0,0.0,0.0,0.0,0.0,0.0,Leave Event,0.0,"{'node_level': {}, 'link_level': {}, 'path_level': {}}","{'node_level': {}, 'link_level': {}, 'path_level': {}}","{'node_level': {}, 'link_level': {}, 'path_level': {}}",[],-inf,-inf,True,True,False,0,[],0,0.0,,
200,29,1,1715.0,6036.0,1095270.528404293,3933630.5511500766,0.28412856196156394,0.2784375691011624,14,390,0,5559.915462217077,9199,4698,4501,0.007814149947201643,0.08590576766856217,195,539.9154622170771,5020.0,9,20,False,{},{},{},{},0.0,0.0,0.0,0.0,0.0,0.0,0.0,0.0,0.0,0.0,0.0,0.0,0.0,0.0,Leave Event,0.0,"{'node_level': {}, 'link_level': {}, 'path_level': {}}","{'node_level': {}, 'link_level': {}, 'path_level': {}}","{'node_level': {}, 'link_level': {}, 'path_level': {}}",[],-inf,-inf,True,True,False,0,[],0,0.0,,
200,29,1,1715.0,6036.0,1095270.528404293,3933630.5511500766,0.28412856196156394,0.2784375691011624,14,391,0,5561.208773000168,9199,4698,4501,0.007814149947201643,0.08590576766856217,184,858.2087730001672,4703.0,7,13,False,{},{},{},{},0.0,0.0,0.0,0.0,0.0,0.0,0.0,0.0,0.0,0.0,0.0,0.0,0.0,0.0,Leave Event,0.0,"{'node_level': {}, 'link_level': {}, 'path_level': {}}","{'node_level': {}, 'link_level': {}, 'path_level': {}}","{'node_level': {}, 'link_level': {}, 'path_level': {}}",[],-inf,-inf,True,True,False,0,[],0,0.0,,
200,29,1,1715.0,6036.0,1095270.528404293,3933630.5511500766,0.28412856196156394,0.2784375691011624,14,392,0,5576.240142192372,9199,4698,4501,0.007814149947201643,0.08590576766856217,198,483.2401421923727,5093.0,5,6,False,{},{},{},{},0.0,0.0,0.0,0.0,0.0,0.0,0.0,0.0,0.0,0.0,0.0,0.0,0.0,0.0,Leave Event,0.0,"{'node_level': {}, 'link_level': {}, 'path_level': {}}","{'node_level': {}, 'link_level': {}, 'path_level': {}}","{'node_level': {}, 'link_level': {}, 'path_level': {}}",[],-inf,-inf,True,True,False,0,[],0,0.0,,
200,29,1,1715.0,6036.0,1095270.528404293,3933630.5511500766,0.28412856196156394,0.2784375691011624,14,393,0,5605.758892631535,9199,4698,4501,0.007814149947201643,0.08590576766856217,165,1401.7588926315352,4204.0,3,2,False,{},{},{},{},0.0,0.0,0.0,0.0,0.0,0.0,0.0,0.0,0.0,0.0,0.0,0.0,0.0,0.0,Leave Event,0.0,"{'node_level': {}, 'link_level': {}, 'path_level': {}}","{'node_level': {}, 'link_level': {}, 'path_level': {}}","{'node_level': {}, 'link_level': {}, 'path_level': {}}",[],-inf,-inf,True,True,False,0,[],0,0.0,,
200,29,1,1715.0,6036.0,1095270.528404293,3933630.5511500766,0.28412856196156394,0.2784375691011624,14,394,0,5716.506451086928,9199,4698,4501,0.007814149947201643,0.08590576766856217,199,598.5064510869279,5118.0,5,5,False,{},{},{},{},0.0,0.0,0.0,0.0,0.0,0.0,0.0,0.0,0.0,0.0,0.0,0.0,0.0,0.0,Leave Event,0.0,"{'node_level': {}, 'link_level': {}, 'path_level': {}}","{'node_level': {}, 'link_level': {}, 'path_level': {}}","{'node_level': {}, 'link_level': {}, 'path_level': {}}",[],-inf,-inf,True,True,False,0,[],0,0.0,,
200,29,1,1715.0,6036.0,1095270.528404293,3933630.5511500766,0.28412856196156394,0.2784375691011624,14,395,0,5846.762835808444,9199,4698,4501,0.007814149947201643,0.08590576766856217,172,1455.7628358084437,4391.0,3,3,False,{},{},{},{},0.0,0.0,0.0,0.0,0.0,0.0,0.0,0.0,0.0,0.0,0.0,0.0,0.0,0.0,Leave Event,0.0,"{'node_level': {}, 'link_level': {}, 'path_level': {}}","{'node_level': {}, 'link_level': {}, 'path_level': {}}","{'node_level': {}, 'link_level': {}, 'path_level': {}}",[],-inf,-inf,True,True,False,0,[],0,0.0,,
200,29,1,1715.0,6036.0,1095270.528404293,3933630.5511500766,0.28412856196156394,0.2784375691011624,14,396,0,6063.806866946921,9199,4698,4501,0.007814149947201643,0.08590576766856217,187,1265.8068669469217,4798.0,10,19,False,{},{},{},{},0.0,0.0,0.0,0.0,0.0,0.0,0.0,0.0,0.0,0.0,0.0,0.0,0.0,0.0,Leave Event,0.0,"{'node_level': {}, 'link_level': {}, 'path_level': {}}","{'node_level': {}, 'link_level': {}, 'path_level': {}}","{'node_level': {}, 'link_level': {}, 'path_level': {}}",[],-inf,-inf,True,True,False,0,[],0,0.0,,
200,29,1,1715.0,6036.0,1095270.528404293,3933630.5511500766,0.28412856196156394,0.2784375691011624,14,397,0,6411.052219558653,9199,4698,4501,0.007814149947201643,0.08590576766856217,171,2042.052219558653,4369.0,9,20,False,{},{},{},{},0.0,0.0,0.0,0.0,0.0,0.0,0.0,0.0,0.0,0.0,0.0,0.0,0.0,0.0,Leave Event,0.0,"{'node_level': {}, 'link_level': {}, 'path_level': {}}","{'node_level': {}, 'link_level': {}, 'path_level': {}}","{'node_level': {}, 'link_level': {}, 'path_level': {}}",[],-inf,-inf,True,True,False,0,[],0,0.0,,
200,29,0,1715.0,6036.0,1095270.528404293,3933630.5511500766,0.28412856196156394,0.2784375691011624,14,398,0,6700.707737930094,9659,4735,4924,0.0,0.0,156,2734.707737930094,3966.0,3,2,False,{},{},{},{},0.0,0.0,0.0,0.0,0.0,0.0,0.0,0.0,0.0,0.0,0.0,0.0,0.0,0.0,Leave Event,0.0,"{'node_level': {}, 'link_level': {}, 'path_level': {}}","{'node_level': {}, 'link_level': {}, 'path_level': {}}","{'node_level': {}, 'link_level': {}, 'path_level': {}}",[],-inf,-inf,True,True,False,0,[],0,0.0,,
200,29,0,1715.0,6036.0,1095270.528404293,3933630.5511500766,0.28412856196156394,0.2784375691011624,14,399,0,8099.008470637874,9659,4735,4924,0.0,0.0,183,3424.008470637874,4675.0,10,17,False,{},{},{},{},0.0,0.0,0.0,0.0,0.0,0.0,0.0,0.0,0.0,0.0,0.0,0.0,0.0,0.0,Leave Event,0.0,"{'node_level': {}, 'link_level': {}, 'path_level': {}}","{'node_level': {}, 'link_level': {}, 'path_level': {}}","{'node_level': {}, 'link_level': {}, 'path_level': {}}",[],-inf,-inf,True,True,False,0,[],0,0.0,,
