v_net_count,success_count,inservice_count,total_revenue,total_cost,total_time_revenue,total_time_cost,long_term_r2c_ratio,long_term_time_r2c_ratio,num_running_p_net_nodes,event_id,event_type,event_time,p_net_available_resource,p_net_node_available_resource,p_net_link_available_resource,p_net_node_resource_utilization,p_net_link_resource_utilization,v_net_id,v_net_lifetime,v_net_arrival_time,v_net_num_nodes,v_net_num_egdes,result,node_slots,link_paths,node_slots_info,link_paths_info,v_net_cost,v_net_revenue,v_net_demand,v_net_node_demand,v_net_link_demand,v_net_node_revenue,v_net_link_revenue,v_net_node_cost,v_net_link_cost,v_net_path_cost,v_net_r2c_ratio,v_net_time_cost,v_net_time_revenue,v_net_time_rc_ratio,description,v_net_total_hard_constraint_violation,v_net_single_step_constraint_offset,v_net_constraint_offsets,v_net_constraint_violations,v_net_single_step_violation_list,v_net_single_step_hard_constraint_offset,v_net_max_single_step_hard_constraint_violation,place_result,route_result,early_rejection,revoke_times,selected_actions,num_interactions,v_net_reward,num_placed_nodes,num_routed_links
1,0,0,0.0,0.0,0.0,0.0,0.0,0.0,0,0,1,15.0,9504,4874,4630,0.0,0.0,0,751.6116744769311,15.0,10,19,False,"{0: np.int64(34), 1: np.int64(39), 2: np.int64(60), 3: np.int64(59), 4: np.int64(21), 5: np.int64(30), 6: np.int64(48), 7: np.int64(25), 8: np.int64(47), 9: np.int64(6)}","{(0, 3): [(np.int64(34), 18), (18, 8), (8, 3), (3, 1), (1, 0), (0, 2), (2, 6), (6, 13), (13, 27), (27, 59)], (0, 4): []}","{(0, np.int64(34)): {'cpu': 0}, (1, np.int64(39)): {'cpu': 20}, (2, np.int64(60)): {'cpu': 6}, (3, np.int64(59)): {'cpu': 2}, (4, np.int64(21)): {'cpu': 13}, (5, np.int64(30)): {'cpu': 1}, (6, np.int64(48)): {'cpu': 12}, (7, np.int64(25)): {'cpu': 10}, (8, np.int64(47)): {'cpu': 3}, (9, np.int64(6)): {'cpu': 3}}","{((0, 3), (np.int64(34), 18)): {'bw': 43}, ((0, 3), (18, 8)): {'bw': 43}, ((0, 3), (8, 3)): {'bw': 43}, ((0, 3), (3, 1)): {'bw': 43}, ((0, 3), (1, 0)): {'bw': 43}, ((0, 3), (0, 2)): {'bw': 43}, ((0, 3), (2, 6)): {'bw': 43}, ((0, 3), (6, 13)): {'bw': 43}, ((0, 3), (13, 27)): {'bw': 43}, ((0, 3), (27, 59)): {'bw': 43}}",0.0,0.0,140.0,70.0,607.0,0.0,0.0,0.0,0.0,0.0,0.0,0.0,0.0,0.0,Route Failure,100.0,"{'node_level': {}, 'link_level': {}, 'path_level': {}}","{'node_level': {0: {'cpu': -96}, 1: {'cpu': -32}, 2: {'cpu': -85}, 3: {'cpu': -57}, 4: {'cpu': -40}, 5: {'cpu': -52}, 6: {'cpu': -77}, 7: {'cpu': -83}, 8: {'cpu': -96}, 9: {'cpu': -65}}, 'link_level': {(0, 3): {'bw': -19}, (0, 4): {'bw': 100.0}}, 'path_level': {(0, 3): {}, (0, 4): {}}}","{'node_level': {0: {'cpu': 0}, 1: {'cpu': 0}, 2: {'cpu': 0}, 3: {'cpu': 0}, 4: {'cpu': 0}, 5: {'cpu': 0}, 6: {'cpu': 0}, 7: {'cpu': 0}, 8: {'cpu': 0}, 9: {'cpu': 0}}, 'link_level': {(0, 3): {'bw': 0}, (0, 4): {'bw': 100.0}}, 'path_level': {(0, 3): {}, (0, 4): {}}}",[],-inf,-inf,True,False,False,0,[],0,0.0,10.0,2.0
2,0,0,0.0,0.0,0.0,0.0,0.0,0.0,0,1,1,43.0,9504,4874,4630,0.0,0.0,1,750.5227476258572,43.0,10,17,False,"{0: np.int64(0), 1: np.int64(54), 2: np.int64(22), 3: np.int64(4), 4: np.int64(42), 5: np.int64(20), 6: np.int64(58), 7: np.int64(7), 8: np.int64(25), 9: np.int64(19)}","{(0, 1): [(np.int64(0), 1), (1, 4), (4, 10), (10, 22), (22, 54)], (0, 4): [(np.int64(0), 2), (2, 5), (5, 12), (12, 26), (26, 42)], (0, 6): []}","{(0, np.int64(0)): {'cpu': 11}, (1, np.int64(54)): {'cpu': 10}, (2, np.int64(22)): {'cpu': 14}, (3, np.int64(4)): {'cpu': 17}, (4, np.int64(42)): {'cpu': 20}, (5, np.int64(20)): {'cpu': 5}, (6, np.int64(58)): {'cpu': 8}, (7, np.int64(7)): {'cpu': 14}, (8, np.int64(25)): {'cpu': 20}, (9, np.int64(19)): {'cpu': 3}}","{((0, 1), (np.int64(0), 1)): {'bw': 10}, ((0, 1), (1, 4)): {'bw': 10}, ((0, 1), (4, 10)): {'bw': 10}, ((0, 1), (10, 22)): {'bw': 10}, ((0, 1), (22, 54)): {'bw': 10}, ((0, 4), (np.int64(0), 2)): {'bw': 32}, ((0, 4), (2, 5)): {'bw': 32}, ((0, 4), (5, 12)): {'bw': 32}, ((0, 4), (12, 26)): {'bw': 32}, ((0, 4), (26, 42)): {'bw': 32}}",0.0,0.0,244.0,122.0,452.0,0.0,0.0,0.0,0.0,0.0,0.0,0.0,0.0,0.0,Route Failure,100.0,"{'node_level': {}, 'link_level': {}, 'path_level': {}}","{'node_level': {0: {'cpu': -79}, 1: {'cpu': -81}, 2: {'cpu': -74}, 3: {'cpu': -55}, 4: {'cpu': -42}, 5: {'cpu': -84}, 6: {'cpu': -64}, 7: {'cpu': -47}, 8: {'cpu': -73}, 9: {'cpu': -84}}, 'link_level': {(0, 1): {'bw': -50}, (0, 4): {'bw': -27}, (0, 6): {'bw': 100.0}}, 'path_level': {(0, 1): {}, (0, 4): {}, (0, 6): {}}}","{'node_level': {0: {'cpu': 0}, 1: {'cpu': 0}, 2: {'cpu': 0}, 3: {'cpu': 0}, 4: {'cpu': 0}, 5: {'cpu': 0}, 6: {'cpu': 0}, 7: {'cpu': 0}, 8: {'cpu': 0}, 9: {'cpu': 0}}, 'link_level': {(0, 1): {'bw': 0}, (0, 4): {'bw': 0}, (0, 6): {'bw': 100.0}}, 'path_level': {(0, 1): {}, (0, 4): {}, (0, 6): {}}}",[],-inf,-inf,True,False,False,0,[],0,0.0,10.0,3.0
3,0,0,0.0,0.0,0.0,0.0,0.0,0.0,0,2,1,65.0,9504,4874,4630,0.0,0.0,2,349.3600929825318,65.0,8,17,False,"{0: np.int64(43), 1: np.int64(5), 2: np.int64(20), 3: np.int64(47), 4: np.int64(32), 5: np.int64(31), 6: np.int64(22), 7: np.int64(44)}","{(0, 1): [(np.int64(43), 27), (27, 13), (13, 6), (6, 2), (2, 5)], (0, 3): [(np.int64(43), 27), (27, 13), (13, 6), (6, 2), (2, 0), (0, 1), (1, 3), (3, 7), (7, 15), (15, 47)], (0, 6): []}","{(0, np.int64(43)): {'cpu': 20}, (1, np.int64(5)): {'cpu': 20}, (2, np.int64(20)): {'cpu': 9}, (3, np.int64(47)): {'cpu': 1}, (4, np.int64(32)): {'cpu': 6}, (5, np.int64(31)): {'cpu': 15}, (6, np.int64(22)): {'cpu': 6}, (7, np.int64(44)): {'cpu': 15}}","{((0, 1), (np.int64(43), 27)): {'bw': 50}, ((0, 1), (27, 13)): {'bw': 50}, ((0, 1), (13, 6)): {'bw': 50}, ((0, 1), (6, 2)): {'bw': 50}, ((0, 1), (2, 5)): {'bw': 50}, ((0, 3), (np.int64(43), 27)): {'bw': 15}, ((0, 3), (27, 13)): {'bw': 15}, ((0, 3), (13, 6)): {'bw': 15}, ((0, 3), (6, 2)): {'bw': 15}, ((0, 3), (2, 0)): {'bw': 15}, ((0, 3), (0, 1)): {'bw': 15}, ((0, 3), (1, 3)): {'bw': 15}, ((0, 3), (3, 7)): {'bw': 15}, ((0, 3), (7, 15)): {'bw': 15}, ((0, 3), (15, 47)): {'bw': 15}}",0.0,0.0,184.0,92.0,411.0,0.0,0.0,0.0,0.0,0.0,0.0,0.0,0.0,0.0,Route Failure,100.0,"{'node_level': {}, 'link_level': {}, 'path_level': {}}","{'node_level': {0: {'cpu': -80}, 1: {'cpu': -73}, 2: {'cpu': -80}, 3: {'cpu': -98}, 4: {'cpu': -68}, 5: {'cpu': -40}, 6: {'cpu': -82}, 7: {'cpu': -39}}, 'link_level': {(0, 1): {'bw': -20}, (0, 3): {'bw': -5}, (0, 6): {'bw': 100.0}}, 'path_level': {(0, 1): {}, (0, 3): {}, (0, 6): {}}}","{'node_level': {0: {'cpu': 0}, 1: {'cpu': 0}, 2: {'cpu': 0}, 3: {'cpu': 0}, 4: {'cpu': 0}, 5: {'cpu': 0}, 6: {'cpu': 0}, 7: {'cpu': 0}}, 'link_level': {(0, 1): {'bw': 0}, (0, 3): {'bw': 0}, (0, 6): {'bw': 100.0}}, 'path_level': {(0, 1): {}, (0, 3): {}, (0, 6): {}}}",[],-inf,-inf,True,False,False,0,[],0,0.0,8.0,3.0
4,1,1,60.0,70.0,94221.072032317,109924.58403770317,0.8571428571428571,0.8571428571428571,4,3,1,82.0,9434,4839,4595,0.0071809601969634596,0.0075593952483801186,3,1570.3512005386167,82.0,4,4,True,"{0: np.int64(2), 1: np.int64(4), 2: np.int64(28), 3: np.int64(9)}","{(0, 1): [(np.int64(2), 0), (0, 1), (1, 4)], (0, 2): [(np.int64(2), 6), (6, 13), (13, 28)], (1, 3): [(np.int64(4), 9)], (2, 3): [(np.int64(28), 13), (13, 6), (6, 2), (2, 0), (0, 1), (1, 4), (4, 9)]}","{(0, np.int64(2)): {'cpu': 14}, (1, np.int64(4)): {'cpu': 18}, (2, np.int64(28)): {'cpu': 2}, (3, np.int64(9)): {'cpu': 1}}","{((0, 1), (np.int64(2), 0)): {'bw': 2}, ((0, 1), (0, 1)): {'bw': 2}, ((0, 1), (1, 4)): {'bw': 2}, ((0, 2), (np.int64(2), 6)): {'bw': 3}, ((0, 2), (6, 13)): {'bw': 3}, ((0, 2), (13, 28)): {'bw': 3}, ((1, 3), (np.int64(4), 9)): {'bw': 20}, ((2, 3), (np.int64(28), 13)): {'bw': 0}, ((2, 3), (13, 6)): {'bw': 0}, ((2, 3), (6, 2)): {'bw': 0}, ((2, 3), (2, 0)): {'bw': 0}, ((2, 3), (0, 1)): {'bw': 0}, ((2, 3), (1, 4)): {'bw': 0}, ((2, 3), (4, 9)): {'bw': 0}}",70.0,60.0,70.0,35.0,25.0,35.0,25.0,35.0,35.0,10.0,0.8571428571428571,109924.58403770317,94221.072032317,1346.0153147473857,Success,0.0,"{'node_level': {}, 'link_level': {}, 'path_level': {}}","{'node_level': {0: {'cpu': -81}, 1: {'cpu': -54}, 2: {'cpu': -90}, 3: {'cpu': -56}}, 'link_level': {(0, 1): {'bw': -67}, (0, 2): {'bw': -73}, (1, 3): {'bw': -40}, (2, 3): {'bw': -40}}, 'path_level': {(0, 1): {}, (0, 2): {}, (1, 3): {}, (2, 3): {}}}","{'node_level': {0: {'cpu': 0}, 1: {'cpu': 0}, 2: {'cpu': 0}, 3: {'cpu': 0}}, 'link_level': {(0, 1): {'bw': 0}, (0, 2): {'bw': 0}, (1, 3): {'bw': 0}, (2, 3): {'bw': 0}}, 'path_level': {(0, 1): {}, (0, 2): {}, (1, 3): {}, (2, 3): {}}}",[],-inf,-inf,True,True,False,0,[],0,0.0,4.0,4.0
5,1,1,60.0,70.0,94221.072032317,109924.58403770317,0.8571428571428571,0.8571428571428571,4,4,1,110.0,9434,4839,4595,0.0071809601969634596,0.0075593952483801186,4,201.63903511487771,110.0,10,23,False,"{0: np.int64(49), 1: np.int64(40), 2: np.int64(21), 3: np.int64(15), 4: np.int64(23), 5: np.int64(13), 6: np.int64(11), 7: np.int64(2), 8: np.int64(17), 9: np.int64(25)}","{(0, 1): [(np.int64(49), 17), (17, 8), (8, 3), (3, 1), (1, 0), (0, 2), (2, 5), (5, 11), (11, 24), (24, 40)], (0, 2): []}","{(0, np.int64(49)): {'cpu': 9}, (1, np.int64(40)): {'cpu': 20}, (2, np.int64(21)): {'cpu': 10}, (3, np.int64(15)): {'cpu': 6}, (4, np.int64(23)): {'cpu': 0}, (5, np.int64(13)): {'cpu': 17}, (6, np.int64(11)): {'cpu': 5}, (7, np.int64(2)): {'cpu': 12}, (8, np.int64(17)): {'cpu': 9}, (9, np.int64(25)): {'cpu': 10}}","{((0, 1), (np.int64(49), 17)): {'bw': 33}, ((0, 1), (17, 8)): {'bw': 33}, ((0, 1), (8, 3)): {'bw': 33}, ((0, 1), (3, 1)): {'bw': 33}, ((0, 1), (1, 0)): {'bw': 33}, ((0, 1), (0, 2)): {'bw': 33}, ((0, 1), (2, 5)): {'bw': 33}, ((0, 1), (5, 11)): {'bw': 33}, ((0, 1), (11, 24)): {'bw': 33}, ((0, 1), (24, 40)): {'bw': 33}}",0.0,0.0,196.0,98.0,587.0,0.0,0.0,0.0,0.0,0.0,0.0,0.0,0.0,0.0,Route Failure,100.0,"{'node_level': {}, 'link_level': {}, 'path_level': {}}","{'node_level': {0: {'cpu': -87}, 1: {'cpu': -46}, 2: {'cpu': -43}, 3: {'cpu': -91}, 4: {'cpu': -54}, 5: {'cpu': -44}, 6: {'cpu': -94}, 7: {'cpu': -69}, 8: {'cpu': -67}, 9: {'cpu': -83}}, 'link_level': {(0, 1): {'bw': -29}, (0, 2): {'bw': 100.0}}, 'path_level': {(0, 1): {}, (0, 2): {}}}","{'node_level': {0: {'cpu': 0}, 1: {'cpu': 0}, 2: {'cpu': 0}, 3: {'cpu': 0}, 4: {'cpu': 0}, 5: {'cpu': 0}, 6: {'cpu': 0}, 7: {'cpu': 0}, 8: {'cpu': 0}, 9: {'cpu': 0}}, 'link_level': {(0, 1): {'bw': 0}, (0, 2): {'bw': 100.0}}, 'path_level': {(0, 1): {}, (0, 2): {}}}",[],-inf,-inf,True,False,False,0,[],0,0.0,10.0,2.0
6,1,1,60.0,70.0,94221.072032317,109924.58403770317,0.8571428571428571,0.8571428571428571,4,5,1,131.0,9434,4839,4595,0.0071809601969634596,0.0075593952483801186,5,328.3672823909719,131.0,9,21,False,"{0: np.int64(56), 1: np.int64(2), 2: np.int64(8), 3: np.int64(38), 4: np.int64(49), 5: np.int64(25), 6: np.int64(47), 7: np.int64(40), 8: np.int64(62)}","{(0, 2): [(np.int64(56), 24), (24, 11), (11, 5), (5, 2), (2, 0), (0, 1), (1, 3), (3, 8)], (0, 3): []}","{(0, np.int64(56)): {'cpu': 1}, (1, np.int64(2)): {'cpu': 20}, (2, np.int64(8)): {'cpu': 11}, (3, np.int64(38)): {'cpu': 12}, (4, np.int64(49)): {'cpu': 1}, (5, np.int64(25)): {'cpu': 16}, (6, np.int64(47)): {'cpu': 19}, (7, np.int64(40)): {'cpu': 11}, (8, np.int64(62)): {'cpu': 19}}","{((0, 2), (np.int64(56), 24)): {'bw': 24}, ((0, 2), (24, 11)): {'bw': 24}, ((0, 2), (11, 5)): {'bw': 24}, ((0, 2), (5, 2)): {'bw': 24}, ((0, 2), (2, 0)): {'bw': 24}, ((0, 2), (0, 1)): {'bw': 24}, ((0, 2), (1, 3)): {'bw': 24}, ((0, 2), (3, 8)): {'bw': 24}}",0.0,0.0,220.0,110.0,540.0,0.0,0.0,0.0,0.0,0.0,0.0,0.0,0.0,0.0,Route Failure,100.0,"{'node_level': {}, 'link_level': {}, 'path_level': {}}","{'node_level': {0: {'cpu': -57}, 1: {'cpu': -61}, 2: {'cpu': -79}, 3: {'cpu': -69}, 4: {'cpu': -95}, 5: {'cpu': -77}, 6: {'cpu': -80}, 7: {'cpu': -55}, 8: {'cpu': -57}}, 'link_level': {(0, 2): {'bw': -38}, (0, 3): {'bw': 100.0}}, 'path_level': {(0, 2): {}, (0, 3): {}}}","{'node_level': {0: {'cpu': 0}, 1: {'cpu': 0}, 2: {'cpu': 0}, 3: {'cpu': 0}, 4: {'cpu': 0}, 5: {'cpu': 0}, 6: {'cpu': 0}, 7: {'cpu': 0}, 8: {'cpu': 0}}, 'link_level': {(0, 2): {'bw': 0}, (0, 3): {'bw': 100.0}}, 'path_level': {(0, 2): {}, (0, 3): {}}}",[],-inf,-inf,True,False,False,0,[],0,0.0,9.0,2.0
7,1,1,60.0,70.0,94221.072032317,109924.58403770317,0.8571428571428571,0.8571428571428571,4,6,1,153.0,9434,4839,4595,0.0071809601969634596,0.0075593952483801186,6,689.905709121674,153.0,4,5,False,"{0: np.int64(29), 1: np.int64(12), 2: np.int64(57), 3: np.int64(43)}","{(0, 1): [(np.int64(29), 14), (14, 6), (6, 2), (2, 5), (5, 12)], (0, 2): []}","{(0, np.int64(29)): {'cpu': 6}, (1, np.int64(12)): {'cpu': 11}, (2, np.int64(57)): {'cpu': 15}, (3, np.int64(43)): {'cpu': 16}}","{((0, 1), (np.int64(29), 14)): {'bw': 30}, ((0, 1), (14, 6)): {'bw': 30}, ((0, 1), (6, 2)): {'bw': 30}, ((0, 1), (2, 5)): {'bw': 30}, ((0, 1), (5, 12)): {'bw': 30}}",0.0,0.0,96.0,48.0,127.0,0.0,0.0,0.0,0.0,0.0,0.0,0.0,0.0,0.0,Route Failure,100.0,"{'node_level': {}, 'link_level': {}, 'path_level': {}}","{'node_level': {0: {'cpu': -77}, 1: {'cpu': -70}, 2: {'cpu': -52}, 3: {'cpu': -84}}, 'link_level': {(0, 1): {'bw': -26}, (0, 2): {'bw': 100.0}}, 'path_level': {(0, 1): {}, (0, 2): {}}}","{'node_level': {0: {'cpu': 0}, 1: {'cpu': 0}, 2: {'cpu': 0}, 3: {'cpu': 0}}, 'link_level': {(0, 1): {'bw': 0}, (0, 2): {'bw': 100.0}}, 'path_level': {(0, 1): {}, (0, 2): {}}}",[],-inf,-inf,True,False,False,0,[],0,0.0,4.0,2.0
8,2,2,145.0,251.0,177130.01710902722,286471.86708340375,0.5776892430278885,0.6183155746231004,6,7,1,179.0,9253,4836,4417,0.0077964710709889085,0.04600431965442764,7,975.3993538436497,179.0,3,2,True,"{0: np.int64(2), 1: np.int64(61), 2: np.int64(5)}","{(0, 1): [(np.int64(2), 6), (6, 14), (14, 29), (29, 61)], (0, 2): [(np.int64(2), 5)]}","{(0, np.int64(2)): {'cpu': 0}, (1, np.int64(61)): {'cpu': 3}, (2, np.int64(5)): {'cpu': 0}}","{((0, 1), (np.int64(2), 6)): {'bw': 32}, ((0, 1), (6, 14)): {'bw': 32}, ((0, 1), (14, 29)): {'bw': 32}, ((0, 1), (29, 61)): {'bw': 32}, ((0, 2), (np.int64(2), 5)): {'bw': 50}}",181.0,85.0,6.0,3.0,82.0,3.0,82.0,3.0,178.0,96.0,0.4696132596685083,176547.2830457006,82908.94507671022,458.06047003707306,Success,0.0,"{'node_level': {}, 'link_level': {}, 'path_level': {}}","{'node_level': {0: {'cpu': -81}, 1: {'cpu': -93}, 2: {'cpu': -93}}, 'link_level': {(0, 1): {'bw': -24}, (0, 2): {'bw': -26}}, 'path_level': {(0, 1): {}, (0, 2): {}}}","{'node_level': {0: {'cpu': 0}, 1: {'cpu': 0}, 2: {'cpu': 0}}, 'link_level': {(0, 1): {'bw': 0}, (0, 2): {'bw': 0}}, 'path_level': {(0, 1): {}, (0, 2): {}}}",[],-inf,-inf,True,True,False,0,[],0,0.0,3.0,2.0
9,2,2,145.0,251.0,177130.01710902722,286471.86708340375,0.5776892430278885,0.6183155746231004,6,8,1,200.0,9253,4836,4417,0.0077964710709889085,0.04600431965442764,8,267.6104373790477,200.0,7,10,False,"{0: np.int64(41), 1: np.int64(13), 2: np.int64(12), 3: np.int64(27), 4: np.int64(1), 5: np.int64(30), 6: np.int64(2)}","{(0, 1): [(np.int64(41), 25), (25, 12), (12, 5), (5, 2), (2, 6), (6, 13)], (0, 3): []}","{(0, np.int64(41)): {'cpu': 9}, (1, np.int64(13)): {'cpu': 2}, (2, np.int64(12)): {'cpu': 4}, (3, np.int64(27)): {'cpu': 16}, (4, np.int64(1)): {'cpu': 18}, (5, np.int64(30)): {'cpu': 20}, (6, np.int64(2)): {'cpu': 7}}","{((0, 1), (np.int64(41), 25)): {'bw': 21}, ((0, 1), (25, 12)): {'bw': 21}, ((0, 1), (12, 5)): {'bw': 21}, ((0, 1), (5, 2)): {'bw': 21}, ((0, 1), (2, 6)): {'bw': 21}, ((0, 1), (6, 13)): {'bw': 21}}",0.0,0.0,152.0,76.0,269.0,0.0,0.0,0.0,0.0,0.0,0.0,0.0,0.0,0.0,Route Failure,100.0,"{'node_level': {}, 'link_level': {}, 'path_level': {}}","{'node_level': {0: {'cpu': -87}, 1: {'cpu': -59}, 2: {'cpu': -77}, 3: {'cpu': -72}, 4: {'cpu': -47}, 5: {'cpu': -33}, 6: {'cpu': -74}}, 'link_level': {(0, 1): {'bw': -5}, (0, 3): {'bw': 100.0}}, 'path_level': {(0, 1): {}, (0, 3): {}}}","{'node_level': {0: {'cpu': 0}, 1: {'cpu': 0}, 2: {'cpu': 0}, 3: {'cpu': 0}, 4: {'cpu': 0}, 5: {'cpu': 0}, 6: {'cpu': 0}}, 'link_level': {(0, 1): {'bw': 0}, (0, 3): {'bw': 100.0}}, 'path_level': {(0, 1): {}, (0, 3): {}}}",[],-inf,-inf,True,False,False,0,[],0,0.0,7.0,2.0
10,2,2,145.0,251.0,177130.01710902722,286471.86708340375,0.5776892430278885,0.6183155746231004,6,9,1,232.0,9253,4836,4417,0.0077964710709889085,0.04600431965442764,9,944.1941561255088,232.0,6,9,False,"{0: np.int64(14), 1: np.int64(56), 2: np.int64(11), 3: np.int64(49), 4: np.int64(0), 5: np.int64(4)}","{(0, 1): [(np.int64(14), 6), (6, 2), (2, 5), (5, 11), (11, 24), (24, 56)], (0, 2): []}","{(0, np.int64(14)): {'cpu': 5}, (1, np.int64(56)): {'cpu': 8}, (2, np.int64(11)): {'cpu': 3}, (3, np.int64(49)): {'cpu': 19}, (4, np.int64(0)): {'cpu': 2}, (5, np.int64(4)): {'cpu': 4}}","{((0, 1), (np.int64(14), 6)): {'bw': 6}, ((0, 1), (6, 2)): {'bw': 6}, ((0, 1), (2, 5)): {'bw': 6}, ((0, 1), (5, 11)): {'bw': 6}, ((0, 1), (11, 24)): {'bw': 6}, ((0, 1), (24, 56)): {'bw': 6}}",0.0,0.0,82.0,41.0,262.0,0.0,0.0,0.0,0.0,0.0,0.0,0.0,0.0,0.0,Route Failure,100.0,"{'node_level': {}, 'link_level': {}, 'path_level': {}}","{'node_level': {0: {'cpu': -66}, 1: {'cpu': -50}, 2: {'cpu': -96}, 3: {'cpu': -77}, 4: {'cpu': -88}, 5: {'cpu': -50}}, 'link_level': {(0, 1): {'bw': -18}, (0, 2): {'bw': 100.0}}, 'path_level': {(0, 1): {}, (0, 2): {}}}","{'node_level': {0: {'cpu': 0}, 1: {'cpu': 0}, 2: {'cpu': 0}, 3: {'cpu': 0}, 4: {'cpu': 0}, 5: {'cpu': 0}}, 'link_level': {(0, 1): {'bw': 0}, (0, 2): {'bw': 100.0}}, 'path_level': {(0, 1): {}, (0, 2): {}}}",[],-inf,-inf,True,False,False,0,[],0,0.0,6.0,2.0
11,2,2,145.0,251.0,177130.01710902722,286471.86708340375,0.5776892430278885,0.6183155746231004,6,10,1,249.0,9253,4836,4417,0.0077964710709889085,0.04600431965442764,10,294.00719298993613,249.0,6,5,False,"{0: np.int64(58), 1: np.int64(17), 2: np.int64(8), 3: np.int64(9), 4: np.int64(56), 5: np.int64(4)}","{(0, 4): [(np.int64(58), 26), (26, 12), (12, 5), (5, 11), (11, 24), (24, 56)], (1, 3): [(np.int64(17), 8), (8, 3), (3, 1), (1, 4), (4, 9)], (1, 5): [(np.int64(17), 8), (8, 3), (3, 1), (1, 4)], (2, 4): []}","{(0, np.int64(58)): {'cpu': 12}, (1, np.int64(17)): {'cpu': 15}, (2, np.int64(8)): {'cpu': 2}, (3, np.int64(9)): {'cpu': 11}, (4, np.int64(56)): {'cpu': 17}, (5, np.int64(4)): {'cpu': 10}}","{((0, 4), (np.int64(58), 26)): {'bw': 49}, ((0, 4), (26, 12)): {'bw': 49}, ((0, 4), (12, 5)): {'bw': 49}, ((0, 4), (5, 11)): {'bw': 49}, ((0, 4), (11, 24)): {'bw': 49}, ((0, 4), (24, 56)): {'bw': 49}, ((1, 3), (np.int64(17), 8)): {'bw': 15}, ((1, 3), (8, 3)): {'bw': 15}, ((1, 3), (3, 1)): {'bw': 15}, ((1, 3), (1, 4)): {'bw': 15}, ((1, 3), (4, 9)): {'bw': 15}, ((1, 5), (np.int64(17), 8)): {'bw': 42}, ((1, 5), (8, 3)): {'bw': 42}, ((1, 5), (3, 1)): {'bw': 42}, ((1, 5), (1, 4)): {'bw': 42}}",0.0,0.0,134.0,67.0,135.0,0.0,0.0,0.0,0.0,0.0,0.0,0.0,0.0,0.0,Route Failure,100.0,"{'node_level': {}, 'link_level': {}, 'path_level': {}}","{'node_level': {0: {'cpu': -60}, 1: {'cpu': -61}, 2: {'cpu': -88}, 3: {'cpu': -45}, 4: {'cpu': -41}, 5: {'cpu': -44}}, 'link_level': {(0, 4): {'bw': -10}, (1, 3): {'bw': -25}, (1, 5): {'bw': -5}, (2, 4): {'bw': 100.0}}, 'path_level': {(0, 4): {}, (1, 3): {}, (1, 5): {}, (2, 4): {}}}","{'node_level': {0: {'cpu': 0}, 1: {'cpu': 0}, 2: {'cpu': 0}, 3: {'cpu': 0}, 4: {'cpu': 0}, 5: {'cpu': 0}}, 'link_level': {(0, 4): {'bw': 0}, (1, 3): {'bw': 0}, (1, 5): {'bw': 0}, (2, 4): {'bw': 100.0}}, 'path_level': {(0, 4): {}, (1, 3): {}, (1, 5): {}, (2, 4): {}}}",[],-inf,-inf,True,False,False,0,[],0,0.0,6.0,4.0
12,2,2,145.0,251.0,177130.01710902722,286471.86708340375,0.5776892430278885,0.6183155746231004,6,11,1,269.0,9253,4836,4417,0.0077964710709889085,0.04600431965442764,11,628.9454444181525,269.0,7,9,False,"{0: np.int64(4), 1: np.int64(46), 2: np.int64(24), 3: np.int64(47), 4: np.int64(36), 5: np.int64(52), 6: np.int64(30)}","{(0, 1): [(np.int64(4), 1), (1, 0), (0, 2), (2, 6), (6, 14), (14, 30), (30, 46)], (0, 2): []}","{(0, np.int64(4)): {'cpu': 2}, (1, np.int64(46)): {'cpu': 2}, (2, np.int64(24)): {'cpu': 9}, (3, np.int64(47)): {'cpu': 3}, (4, np.int64(36)): {'cpu': 19}, (5, np.int64(52)): {'cpu': 6}, (6, np.int64(30)): {'cpu': 12}}","{((0, 1), (np.int64(4), 1)): {'bw': 6}, ((0, 1), (1, 0)): {'bw': 6}, ((0, 1), (0, 2)): {'bw': 6}, ((0, 1), (2, 6)): {'bw': 6}, ((0, 1), (6, 14)): {'bw': 6}, ((0, 1), (14, 30)): {'bw': 6}, ((0, 1), (30, 46)): {'bw': 6}}",0.0,0.0,106.0,53.0,163.0,0.0,0.0,0.0,0.0,0.0,0.0,0.0,0.0,0.0,Route Failure,100.0,"{'node_level': {}, 'link_level': {}, 'path_level': {}}","{'node_level': {0: {'cpu': -52}, 1: {'cpu': -63}, 2: {'cpu': -83}, 3: {'cpu': -96}, 4: {'cpu': -62}, 5: {'cpu': -89}, 6: {'cpu': -41}}, 'link_level': {(0, 1): {'bw': -18}, (0, 2): {'bw': 100.0}}, 'path_level': {(0, 1): {}, (0, 2): {}}}","{'node_level': {0: {'cpu': 0}, 1: {'cpu': 0}, 2: {'cpu': 0}, 3: {'cpu': 0}, 4: {'cpu': 0}, 5: {'cpu': 0}, 6: {'cpu': 0}}, 'link_level': {(0, 1): {'bw': 0}, (0, 2): {'bw': 100.0}}, 'path_level': {(0, 1): {}, (0, 2): {}}}",[],-inf,-inf,True,False,False,0,[],0,0.0,7.0,2.0
13,2,2,145.0,251.0,177130.01710902722,286471.86708340375,0.5776892430278885,0.6183155746231004,6,12,1,295.0,9253,4836,4417,0.0077964710709889085,0.04600431965442764,12,4.242126642440242,295.0,9,14,False,"{0: np.int64(20), 1: np.int64(39), 2: np.int64(43), 3: np.int64(52), 4: np.int64(27), 5: np.int64(17), 6: np.int64(60), 7: np.int64(56), 8: np.int64(40)}","{(0, 4): [(np.int64(20), 9), (9, 4), (4, 1), (1, 0), (0, 2), (2, 6), (6, 13), (13, 27)], (0, 5): [(np.int64(20), 9), (9, 4), (4, 1), (1, 3), (3, 8), (8, 17)], (1, 3): []}","{(0, np.int64(20)): {'cpu': 11}, (1, np.int64(39)): {'cpu': 6}, (2, np.int64(43)): {'cpu': 8}, (3, np.int64(52)): {'cpu': 7}, (4, np.int64(27)): {'cpu': 2}, (5, np.int64(17)): {'cpu': 10}, (6, np.int64(60)): {'cpu': 19}, (7, np.int64(56)): {'cpu': 15}, (8, np.int64(40)): {'cpu': 15}}","{((0, 4), (np.int64(20), 9)): {'bw': 2}, ((0, 4), (9, 4)): {'bw': 2}, ((0, 4), (4, 1)): {'bw': 2}, ((0, 4), (1, 0)): {'bw': 2}, ((0, 4), (0, 2)): {'bw': 2}, ((0, 4), (2, 6)): {'bw': 2}, ((0, 4), (6, 13)): {'bw': 2}, ((0, 4), (13, 27)): {'bw': 2}, ((0, 5), (np.int64(20), 9)): {'bw': 6}, ((0, 5), (9, 4)): {'bw': 6}, ((0, 5), (4, 1)): {'bw': 6}, ((0, 5), (1, 3)): {'bw': 6}, ((0, 5), (3, 8)): {'bw': 6}, ((0, 5), (8, 17)): {'bw': 6}}",0.0,0.0,186.0,93.0,334.0,0.0,0.0,0.0,0.0,0.0,0.0,0.0,0.0,0.0,Route Failure,100.0,"{'node_level': {}, 'link_level': {}, 'path_level': {}}","{'node_level': {0: {'cpu': -78}, 1: {'cpu': -46}, 2: {'cpu': -92}, 3: {'cpu': -88}, 4: {'cpu': -86}, 5: {'cpu': -66}, 6: {'cpu': -72}, 7: {'cpu': -43}, 8: {'cpu': -51}}, 'link_level': {(0, 4): {'bw': -38}, (0, 5): {'bw': -32}, (1, 3): {'bw': 100.0}}, 'path_level': {(0, 4): {}, (0, 5): {}, (1, 3): {}}}","{'node_level': {0: {'cpu': 0}, 1: {'cpu': 0}, 2: {'cpu': 0}, 3: {'cpu': 0}, 4: {'cpu': 0}, 5: {'cpu': 0}, 6: {'cpu': 0}, 7: {'cpu': 0}, 8: {'cpu': 0}}, 'link_level': {(0, 4): {'bw': 0}, (0, 5): {'bw': 0}, (1, 3): {'bw': 100.0}}, 'path_level': {(0, 4): {}, (0, 5): {}, (1, 3): {}}}",[],-inf,-inf,True,False,False,0,[],0,0.0,9.0,3.0
13,2,2,145.0,251.0,177130.01710902722,286471.86708340375,0.5776892430278885,0.6183155746231004,6,13,0,299.24212664244027,9253,4836,4417,0.0077964710709889085,0.04600431965442764,12,4.242126642440242,295.0,9,14,False,{},{},{},{},0.0,0.0,0.0,0.0,0.0,0.0,0.0,0.0,0.0,0.0,0.0,0.0,0.0,0.0,Leave Event,0.0,"{'node_level': {}, 'link_level': {}, 'path_level': {}}","{'node_level': {}, 'link_level': {}, 'path_level': {}}","{'node_level': {}, 'link_level': {}, 'path_level': {}}",[],-inf,-inf,True,True,False,0,[],0,0.0,,
13,2,2,145.0,251.0,177130.01710902722,286471.86708340375,0.5776892430278885,0.6183155746231004,6,14,0,311.63903511487774,9253,4836,4417,0.0077964710709889085,0.04600431965442764,4,201.63903511487771,110.0,10,23,False,{},{},{},{},0.0,0.0,0.0,0.0,0.0,0.0,0.0,0.0,0.0,0.0,0.0,0.0,0.0,0.0,Leave Event,0.0,"{'node_level': {}, 'link_level': {}, 'path_level': {}}","{'node_level': {}, 'link_level': {}, 'path_level': {}}","{'node_level': {}, 'link_level': {}, 'path_level': {}}",[],-inf,-inf,True,True,False,0,[],0,0.0,,
14,2,2,145.0,251.0,177130.01710902722,286471.86708340375,0.5776892430278885,0.6183155746231004,6,15,1,317.0,9253,4836,4417,0.0077964710709889085,0.04600431965442764,13,12.762208853432039,317.0,5,6,False,"{0: np.int64(40), 1: np.int64(2), 2: np.int64(22), 3: np.int64(24), 4: np.int64(23)}","{(0, 2): []}","{(0, np.int64(40)): {'cpu': 14}, (1, np.int64(2)): {'cpu': 6}, (2, np.int64(22)): {'cpu': 1}, (3, np.int64(24)): {'cpu': 3}, (4, np.int64(23)): {'cpu': 2}}",{},0.0,0.0,52.0,26.0,228.0,0.0,0.0,0.0,0.0,0.0,0.0,0.0,0.0,0.0,Route Failure,100.0,"{'node_level': {}, 'link_level': {}, 'path_level': {}}","{'node_level': {0: {'cpu': -52}, 1: {'cpu': -75}, 2: {'cpu': -87}, 3: {'cpu': -89}, 4: {'cpu': -52}}, 'link_level': {(0, 2): {'bw': 100.0}}, 'path_level': {(0, 2): {}}}","{'node_level': {0: {'cpu': 0}, 1: {'cpu': 0}, 2: {'cpu': 0}, 3: {'cpu': 0}, 4: {'cpu': 0}}, 'link_level': {(0, 2): {'bw': 100.0}}, 'path_level': {(0, 2): {}}}",[],-inf,-inf,True,False,False,0,[],0,0.0,5.0,1.0
14,2,2,145.0,251.0,177130.01710902722,286471.86708340375,0.5776892430278885,0.6183155746231004,6,16,0,329.762208853432,9253,4836,4417,0.0077964710709889085,0.04600431965442764,13,12.762208853432039,317.0,5,6,False,{},{},{},{},0.0,0.0,0.0,0.0,0.0,0.0,0.0,0.0,0.0,0.0,0.0,0.0,0.0,0.0,Leave Event,0.0,"{'node_level': {}, 'link_level': {}, 'path_level': {}}","{'node_level': {}, 'link_level': {}, 'path_level': {}}","{'node_level': {}, 'link_level': {}, 'path_level': {}}",[],-inf,-inf,True,True,False,0,[],0,0.0,,
15,2,2,145.0,251.0,177130.01710902722,286471.86708340375,0.5776892430278885,0.6183155746231004,6,17,1,342.0,9253,4836,4417,0.0077964710709889085,0.04600431965442764,14,1410.4736355378006,342.0,8,14,False,"{0: np.int64(35), 1: np.int64(24), 2: np.int64(4), 3: np.int64(33), 4: np.int64(22), 5: np.int64(62), 6: np.int64(20), 7: np.int64(54)}","{(0, 3): [(np.int64(35), 19), (19, 9), (9, 4), (4, 1), (1, 3), (3, 8), (8, 17), (17, 33)], (0, 7): []}","{(0, np.int64(35)): {'cpu': 14}, (1, np.int64(24)): {'cpu': 19}, (2, np.int64(4)): {'cpu': 9}, (3, np.int64(33)): {'cpu': 3}, (4, np.int64(22)): {'cpu': 4}, (5, np.int64(62)): {'cpu': 19}, (6, np.int64(20)): {'cpu': 11}, (7, np.int64(54)): {'cpu': 7}}","{((0, 3), (np.int64(35), 19)): {'bw': 39}, ((0, 3), (19, 9)): {'bw': 39}, ((0, 3), (9, 4)): {'bw': 39}, ((0, 3), (4, 1)): {'bw': 39}, ((0, 3), (1, 3)): {'bw': 39}, ((0, 3), (3, 8)): {'bw': 39}, ((0, 3), (8, 17)): {'bw': 39}, ((0, 3), (17, 33)): {'bw': 39}}",0.0,0.0,172.0,86.0,425.0,0.0,0.0,0.0,0.0,0.0,0.0,0.0,0.0,0.0,Route Failure,100.0,"{'node_level': {}, 'link_level': {}, 'path_level': {}}","{'node_level': {0: {'cpu': -42}, 1: {'cpu': -73}, 2: {'cpu': -45}, 3: {'cpu': -51}, 4: {'cpu': -84}, 5: {'cpu': -57}, 6: {'cpu': -78}, 7: {'cpu': -84}}, 'link_level': {(0, 3): {'bw': -1}, (0, 7): {'bw': 100.0}}, 'path_level': {(0, 3): {}, (0, 7): {}}}","{'node_level': {0: {'cpu': 0}, 1: {'cpu': 0}, 2: {'cpu': 0}, 3: {'cpu': 0}, 4: {'cpu': 0}, 5: {'cpu': 0}, 6: {'cpu': 0}, 7: {'cpu': 0}}, 'link_level': {(0, 3): {'bw': 0}, (0, 7): {'bw': 100.0}}, 'path_level': {(0, 3): {}, (0, 7): {}}}",[],-inf,-inf,True,False,False,0,[],0,0.0,8.0,2.0
16,2,2,145.0,251.0,177130.01710902722,286471.86708340375,0.5776892430278885,0.6183155746231004,6,18,1,353.0,9253,4836,4417,0.0077964710709889085,0.04600431965442764,15,53.86941983211133,353.0,6,7,False,"{0: np.int64(5), 1: np.int64(48), 2: np.int64(44), 3: np.int64(52), 4: np.int64(43), 5: np.int64(49)}","{(0, 3): [(np.int64(5), 2), (2, 0), (0, 1), (1, 4), (4, 9), (9, 20), (20, 52)], (0, 5): []}","{(0, np.int64(5)): {'cpu': 18}, (1, np.int64(48)): {'cpu': 14}, (2, np.int64(44)): {'cpu': 18}, (3, np.int64(52)): {'cpu': 6}, (4, np.int64(43)): {'cpu': 18}, (5, np.int64(49)): {'cpu': 11}}","{((0, 3), (np.int64(5), 2)): {'bw': 18}, ((0, 3), (2, 0)): {'bw': 18}, ((0, 3), (0, 1)): {'bw': 18}, ((0, 3), (1, 4)): {'bw': 18}, ((0, 3), (4, 9)): {'bw': 18}, ((0, 3), (9, 20)): {'bw': 18}, ((0, 3), (20, 52)): {'bw': 18}}",0.0,0.0,170.0,85.0,178.0,0.0,0.0,0.0,0.0,0.0,0.0,0.0,0.0,0.0,Route Failure,100.0,"{'node_level': {}, 'link_level': {}, 'path_level': {}}","{'node_level': {0: {'cpu': -75}, 1: {'cpu': -75}, 2: {'cpu': -36}, 3: {'cpu': -89}, 4: {'cpu': -82}, 5: {'cpu': -85}}, 'link_level': {(0, 3): {'bw': -8}, (0, 5): {'bw': 100.0}}, 'path_level': {(0, 3): {}, (0, 5): {}}}","{'node_level': {0: {'cpu': 0}, 1: {'cpu': 0}, 2: {'cpu': 0}, 3: {'cpu': 0}, 4: {'cpu': 0}, 5: {'cpu': 0}}, 'link_level': {(0, 3): {'bw': 0}, (0, 5): {'bw': 100.0}}, 'path_level': {(0, 3): {}, (0, 5): {}}}",[],-inf,-inf,True,False,False,0,[],0,0.0,6.0,2.0
17,2,2,145.0,251.0,177130.01710902722,286471.86708340375,0.5776892430278885,0.6183155746231004,6,19,1,382.0,9253,4836,4417,0.0077964710709889085,0.04600431965442764,16,542.3070467411391,382.0,5,8,False,"{0: np.int64(29), 1: np.int64(13), 2: np.int64(52), 3: np.int64(10), 4: np.int64(8)}","{(0, 1): [(np.int64(29), 14), (14, 6), (6, 13)], (0, 3): []}","{(0, np.int64(29)): {'cpu': 12}, (1, np.int64(13)): {'cpu': 14}, (2, np.int64(52)): {'cpu': 2}, (3, np.int64(10)): {'cpu': 5}, (4, np.int64(8)): {'cpu': 9}}","{((0, 1), (np.int64(29), 14)): {'bw': 13}, ((0, 1), (14, 6)): {'bw': 13}, ((0, 1), (6, 13)): {'bw': 13}}",0.0,0.0,84.0,42.0,97.0,0.0,0.0,0.0,0.0,0.0,0.0,0.0,0.0,0.0,Route Failure,100.0,"{'node_level': {}, 'link_level': {}, 'path_level': {}}","{'node_level': {0: {'cpu': -71}, 1: {'cpu': -47}, 2: {'cpu': -93}, 3: {'cpu': -79}, 4: {'cpu': -81}}, 'link_level': {(0, 1): {'bw': -11}, (0, 3): {'bw': 100.0}}, 'path_level': {(0, 1): {}, (0, 3): {}}}","{'node_level': {0: {'cpu': 0}, 1: {'cpu': 0}, 2: {'cpu': 0}, 3: {'cpu': 0}, 4: {'cpu': 0}}, 'link_level': {(0, 1): {'bw': 0}, (0, 3): {'bw': 100.0}}, 'path_level': {(0, 1): {}, (0, 3): {}}}",[],-inf,-inf,True,False,False,0,[],0,0.0,5.0,2.0
18,2,2,145.0,251.0,177130.01710902722,286471.86708340375,0.5776892430278885,0.6183155746231004,6,20,1,404.0,9253,4836,4417,0.0077964710709889085,0.04600431965442764,17,166.52018677759213,404.0,9,14,False,"{0: np.int64(62), 1: np.int64(14), 2: np.int64(37), 3: np.int64(8), 4: np.int64(60), 5: np.int64(4), 6: np.int64(53), 7: np.int64(32), 8: np.int64(6)}","{(0, 1): [(np.int64(62), 30), (30, 14)], (0, 2): []}","{(0, np.int64(62)): {'cpu': 5}, (1, np.int64(14)): {'cpu': 19}, (2, np.int64(37)): {'cpu': 8}, (3, np.int64(8)): {'cpu': 1}, (4, np.int64(60)): {'cpu': 10}, (5, np.int64(4)): {'cpu': 8}, (6, np.int64(53)): {'cpu': 20}, (7, np.int64(32)): {'cpu': 5}, (8, np.int64(6)): {'cpu': 6}}","{((0, 1), (np.int64(62), 30)): {'bw': 0}, ((0, 1), (30, 14)): {'bw': 0}}",0.0,0.0,164.0,82.0,359.0,0.0,0.0,0.0,0.0,0.0,0.0,0.0,0.0,0.0,Route Failure,100.0,"{'node_level': {}, 'link_level': {}, 'path_level': {}}","{'node_level': {0: {'cpu': -71}, 1: {'cpu': -52}, 2: {'cpu': -61}, 3: {'cpu': -89}, 4: {'cpu': -81}, 5: {'cpu': -46}, 6: {'cpu': -45}, 7: {'cpu': -69}, 8: {'cpu': -62}}, 'link_level': {(0, 1): {'bw': -72}, (0, 2): {'bw': 100.0}}, 'path_level': {(0, 1): {}, (0, 2): {}}}","{'node_level': {0: {'cpu': 0}, 1: {'cpu': 0}, 2: {'cpu': 0}, 3: {'cpu': 0}, 4: {'cpu': 0}, 5: {'cpu': 0}, 6: {'cpu': 0}, 7: {'cpu': 0}, 8: {'cpu': 0}}, 'link_level': {(0, 1): {'bw': 0}, (0, 2): {'bw': 100.0}}, 'path_level': {(0, 1): {}, (0, 2): {}}}",[],-inf,-inf,True,False,False,0,[],0,0.0,9.0,2.0
18,2,2,145.0,251.0,177130.01710902722,286471.86708340375,0.5776892430278885,0.6183155746231004,6,21,0,406.86941983211136,9253,4836,4417,0.0077964710709889085,0.04600431965442764,15,53.86941983211133,353.0,6,7,False,{},{},{},{},0.0,0.0,0.0,0.0,0.0,0.0,0.0,0.0,0.0,0.0,0.0,0.0,0.0,0.0,Leave Event,0.0,"{'node_level': {}, 'link_level': {}, 'path_level': {}}","{'node_level': {}, 'link_level': {}, 'path_level': {}}","{'node_level': {}, 'link_level': {}, 'path_level': {}}",[],-inf,-inf,True,True,False,0,[],0,0.0,,
18,2,2,145.0,251.0,177130.01710902722,286471.86708340375,0.5776892430278885,0.6183155746231004,6,22,0,414.3600929825318,9253,4836,4417,0.0077964710709889085,0.04600431965442764,2,349.3600929825318,65.0,8,17,False,{},{},{},{},0.0,0.0,0.0,0.0,0.0,0.0,0.0,0.0,0.0,0.0,0.0,0.0,0.0,0.0,Leave Event,0.0,"{'node_level': {}, 'link_level': {}, 'path_level': {}}","{'node_level': {}, 'link_level': {}, 'path_level': {}}","{'node_level': {}, 'link_level': {}, 'path_level': {}}",[],-inf,-inf,True,True,False,0,[],0,0.0,,
19,2,2,145.0,251.0,177130.01710902722,286471.86708340375,0.5776892430278885,0.6183155746231004,6,23,1,427.0,9253,4836,4417,0.0077964710709889085,0.04600431965442764,18,112.0985178767175,427.0,8,18,False,"{0: np.int64(23), 1: np.int64(15), 2: np.int64(35), 3: np.int64(9), 4: np.int64(2), 5: np.int64(59), 6: np.int64(50), 7: np.int64(27)}","{(0, 1): [(np.int64(23), 11), (11, 5), (5, 2), (2, 0), (0, 1), (1, 3), (3, 7), (7, 15)], (0, 2): [(np.int64(23), 11), (11, 5), (5, 2), (2, 0), (0, 1), (1, 4), (4, 9), (9, 19), (19, 35)], (0, 4): []}","{(0, np.int64(23)): {'cpu': 11}, (1, np.int64(15)): {'cpu': 3}, (2, np.int64(35)): {'cpu': 20}, (3, np.int64(9)): {'cpu': 16}, (4, np.int64(2)): {'cpu': 2}, (5, np.int64(59)): {'cpu': 14}, (6, np.int64(50)): {'cpu': 15}, (7, np.int64(27)): {'cpu': 1}}","{((0, 1), (np.int64(23), 11)): {'bw': 9}, ((0, 1), (11, 5)): {'bw': 9}, ((0, 1), (5, 2)): {'bw': 9}, ((0, 1), (2, 0)): {'bw': 9}, ((0, 1), (0, 1)): {'bw': 9}, ((0, 1), (1, 3)): {'bw': 9}, ((0, 1), (3, 7)): {'bw': 9}, ((0, 1), (7, 15)): {'bw': 9}, ((0, 2), (np.int64(23), 11)): {'bw': 16}, ((0, 2), (11, 5)): {'bw': 16}, ((0, 2), (5, 2)): {'bw': 16}, ((0, 2), (2, 0)): {'bw': 16}, ((0, 2), (0, 1)): {'bw': 16}, ((0, 2), (1, 4)): {'bw': 16}, ((0, 2), (4, 9)): {'bw': 16}, ((0, 2), (9, 19)): {'bw': 16}, ((0, 2), (19, 35)): {'bw': 16}}",0.0,0.0,164.0,82.0,409.0,0.0,0.0,0.0,0.0,0.0,0.0,0.0,0.0,0.0,Route Failure,100.0,"{'node_level': {}, 'link_level': {}, 'path_level': {}}","{'node_level': {0: {'cpu': -43}, 1: {'cpu': -94}, 2: {'cpu': -36}, 3: {'cpu': -40}, 4: {'cpu': -79}, 5: {'cpu': -45}, 6: {'cpu': -43}, 7: {'cpu': -87}}, 'link_level': {(0, 1): {'bw': -17}, (0, 2): {'bw': -1}, (0, 4): {'bw': 100.0}}, 'path_level': {(0, 1): {}, (0, 2): {}, (0, 4): {}}}","{'node_level': {0: {'cpu': 0}, 1: {'cpu': 0}, 2: {'cpu': 0}, 3: {'cpu': 0}, 4: {'cpu': 0}, 5: {'cpu': 0}, 6: {'cpu': 0}, 7: {'cpu': 0}}, 'link_level': {(0, 1): {'bw': 0}, (0, 2): {'bw': 0}, (0, 4): {'bw': 100.0}}, 'path_level': {(0, 1): {}, (0, 2): {}, (0, 4): {}}}",[],-inf,-inf,True,False,False,0,[],0,0.0,8.0,3.0
20,2,2,145.0,251.0,177130.01710902722,286471.86708340375,0.5776892430278885,0.6183155746231004,6,24,1,450.0,9253,4836,4417,0.0077964710709889085,0.04600431965442764,19,245.784597408048,450.0,3,3,False,"{0: np.int64(17), 1: np.int64(47), 2: np.int64(4)}","{(0, 1): [(np.int64(17), 8), (8, 3), (3, 7), (7, 15), (15, 47)], (0, 2): []}","{(0, np.int64(17)): {'cpu': 3}, (1, np.int64(47)): {'cpu': 8}, (2, np.int64(4)): {'cpu': 14}}","{((0, 1), (np.int64(17), 8)): {'bw': 43}, ((0, 1), (8, 3)): {'bw': 43}, ((0, 1), (3, 7)): {'bw': 43}, ((0, 1), (7, 15)): {'bw': 43}, ((0, 1), (15, 47)): {'bw': 43}}",0.0,0.0,50.0,25.0,94.0,0.0,0.0,0.0,0.0,0.0,0.0,0.0,0.0,0.0,Route Failure,100.0,"{'node_level': {}, 'link_level': {}, 'path_level': {}}","{'node_level': {0: {'cpu': -73}, 1: {'cpu': -91}, 2: {'cpu': -40}}, 'link_level': {(0, 1): {'bw': -15}, (0, 2): {'bw': 100.0}}, 'path_level': {(0, 1): {}, (0, 2): {}}}","{'node_level': {0: {'cpu': 0}, 1: {'cpu': 0}, 2: {'cpu': 0}}, 'link_level': {(0, 1): {'bw': 0}, (0, 2): {'bw': 100.0}}, 'path_level': {(0, 1): {}, (0, 2): {}}}",[],-inf,-inf,True,False,False,0,[],0,0.0,3.0,2.0
20,2,2,145.0,251.0,177130.01710902722,286471.86708340375,0.5776892430278885,0.6183155746231004,6,25,0,459.3672823909719,9253,4836,4417,0.0077964710709889085,0.04600431965442764,5,328.3672823909719,131.0,9,21,False,{},{},{},{},0.0,0.0,0.0,0.0,0.0,0.0,0.0,0.0,0.0,0.0,0.0,0.0,0.0,0.0,Leave Event,0.0,"{'node_level': {}, 'link_level': {}, 'path_level': {}}","{'node_level': {}, 'link_level': {}, 'path_level': {}}","{'node_level': {}, 'link_level': {}, 'path_level': {}}",[],-inf,-inf,True,True,False,0,[],0,0.0,,
20,2,2,145.0,251.0,177130.01710902722,286471.86708340375,0.5776892430278885,0.6183155746231004,6,26,0,467.6104373790477,9253,4836,4417,0.0077964710709889085,0.04600431965442764,8,267.6104373790477,200.0,7,10,False,{},{},{},{},0.0,0.0,0.0,0.0,0.0,0.0,0.0,0.0,0.0,0.0,0.0,0.0,0.0,0.0,Leave Event,0.0,"{'node_level': {}, 'link_level': {}, 'path_level': {}}","{'node_level': {}, 'link_level': {}, 'path_level': {}}","{'node_level': {}, 'link_level': {}, 'path_level': {}}",[],-inf,-inf,True,True,False,0,[],0,0.0,,
21,2,2,145.0,251.0,177130.01710902722,286471.86708340375,0.5776892430278885,0.6183155746231004,6,27,1,476.0,9253,4836,4417,0.0077964710709889085,0.04600431965442764,20,1301.1806461180379,476.0,5,7,False,"{0: np.int64(38), 1: np.int64(49), 2: np.int64(14), 3: np.int64(42), 4: np.int64(52)}","{(0, 1): [(np.int64(38), 22), (22, 10), (10, 4), (4, 1), (1, 3), (3, 8), (8, 17), (17, 49)], (0, 2): []}","{(0, np.int64(38)): {'cpu': 3}, (1, np.int64(49)): {'cpu': 3}, (2, np.int64(14)): {'cpu': 18}, (3, np.int64(42)): {'cpu': 2}, (4, np.int64(52)): {'cpu': 9}}","{((0, 1), (np.int64(38), 22)): {'bw': 2}, ((0, 1), (22, 10)): {'bw': 2}, ((0, 1), (10, 4)): {'bw': 2}, ((0, 1), (4, 1)): {'bw': 2}, ((0, 1), (1, 3)): {'bw': 2}, ((0, 1), (3, 8)): {'bw': 2}, ((0, 1), (8, 17)): {'bw': 2}, ((0, 1), (17, 49)): {'bw': 2}}",0.0,0.0,70.0,35.0,157.0,0.0,0.0,0.0,0.0,0.0,0.0,0.0,0.0,0.0,Route Failure,100.0,"{'node_level': {}, 'link_level': {}, 'path_level': {}}","{'node_level': {0: {'cpu': -78}, 1: {'cpu': -93}, 2: {'cpu': -53}, 3: {'cpu': -60}, 4: {'cpu': -86}}, 'link_level': {(0, 1): {'bw': -54}, (0, 2): {'bw': 100.0}}, 'path_level': {(0, 1): {}, (0, 2): {}}}","{'node_level': {0: {'cpu': 0}, 1: {'cpu': 0}, 2: {'cpu': 0}, 3: {'cpu': 0}, 4: {'cpu': 0}}, 'link_level': {(0, 1): {'bw': 0}, (0, 2): {'bw': 100.0}}, 'path_level': {(0, 1): {}, (0, 2): {}}}",[],-inf,-inf,True,False,False,0,[],0,0.0,5.0,2.0
22,2,2,145.0,251.0,177130.01710902722,286471.86708340375,0.5776892430278885,0.6183155746231004,6,28,1,502.0,9253,4836,4417,0.0077964710709889085,0.04600431965442764,21,422.3039854022498,502.0,7,7,False,"{0: np.int64(50), 1: np.int64(29), 2: np.int64(27), 3: np.int64(36), 4: np.int64(43), 5: np.int64(47), 6: np.int64(37)}","{(0, 1): [(np.int64(50), 18), (18, 8), (8, 3), (3, 1), (1, 0), (0, 2), (2, 6), (6, 14), (14, 29)], (0, 3): [(np.int64(50), 18), (18, 8), (8, 3), (3, 1), (1, 4), (4, 9), (9, 20), (20, 36)], (0, 6): [(np.int64(50), 18), (18, 8), (8, 3), (3, 1), (1, 4), (4, 10), (10, 21), (21, 37)], (1, 4): []}","{(0, np.int64(50)): {'cpu': 2}, (1, np.int64(29)): {'cpu': 15}, (2, np.int64(27)): {'cpu': 20}, (3, np.int64(36)): {'cpu': 14}, (4, np.int64(43)): {'cpu': 6}, (5, np.int64(47)): {'cpu': 16}, (6, np.int64(37)): {'cpu': 6}}","{((0, 1), (np.int64(50), 18)): {'bw': 23}, ((0, 1), (18, 8)): {'bw': 23}, ((0, 1), (8, 3)): {'bw': 23}, ((0, 1), (3, 1)): {'bw': 23}, ((0, 1), (1, 0)): {'bw': 23}, ((0, 1), (0, 2)): {'bw': 23}, ((0, 1), (2, 6)): {'bw': 23}, ((0, 1), (6, 14)): {'bw': 23}, ((0, 1), (14, 29)): {'bw': 23}, ((0, 3), (np.int64(50), 18)): {'bw': 12}, ((0, 3), (18, 8)): {'bw': 12}, ((0, 3), (8, 3)): {'bw': 12}, ((0, 3), (3, 1)): {'bw': 12}, ((0, 3), (1, 4)): {'bw': 12}, ((0, 3), (4, 9)): {'bw': 12}, ((0, 3), (9, 20)): {'bw': 12}, ((0, 3), (20, 36)): {'bw': 12}, ((0, 6), (np.int64(50), 18)): {'bw': 16}, ((0, 6), (18, 8)): {'bw': 16}, ((0, 6), (8, 3)): {'bw': 16}, ((0, 6), (3, 1)): {'bw': 16}, ((0, 6), (1, 4)): {'bw': 16}, ((0, 6), (4, 10)): {'bw': 16}, ((0, 6), (10, 21)): {'bw': 16}, ((0, 6), (21, 37)): {'bw': 16}}",0.0,0.0,158.0,79.0,149.0,0.0,0.0,0.0,0.0,0.0,0.0,0.0,0.0,0.0,Route Failure,100.0,"{'node_level': {}, 'link_level': {}, 'path_level': {}}","{'node_level': {0: {'cpu': -56}, 1: {'cpu': -68}, 2: {'cpu': -68}, 3: {'cpu': -67}, 4: {'cpu': -94}, 5: {'cpu': -83}, 6: {'cpu': -63}}, 'link_level': {(0, 1): {'bw': -1}, (0, 3): {'bw': -27}, (0, 6): {'bw': -11}, (1, 4): {'bw': 100.0}}, 'path_level': {(0, 1): {}, (0, 3): {}, (0, 6): {}, (1, 4): {}}}","{'node_level': {0: {'cpu': 0}, 1: {'cpu': 0}, 2: {'cpu': 0}, 3: {'cpu': 0}, 4: {'cpu': 0}, 5: {'cpu': 0}, 6: {'cpu': 0}}, 'link_level': {(0, 1): {'bw': 0}, (0, 3): {'bw': 0}, (0, 6): {'bw': 0}, (1, 4): {'bw': 100.0}}, 'path_level': {(0, 1): {}, (0, 3): {}, (0, 6): {}, (1, 4): {}}}",[],-inf,-inf,True,False,False,0,[],0,0.0,7.0,4.0
23,2,2,145.0,251.0,177130.01710902722,286471.86708340375,0.5776892430278885,0.6183155746231004,6,29,1,528.0,9253,4836,4417,0.0077964710709889085,0.04600431965442764,22,1242.741079428085,528.0,10,28,False,"{0: np.int64(9), 1: np.int64(42), 2: np.int64(6), 3: np.int64(56), 4: np.int64(33), 5: np.int64(31), 6: np.int64(37), 7: np.int64(10), 8: np.int64(59), 9: np.int64(27)}","{(0, 1): []}","{(0, np.int64(9)): {'cpu': 6}, (1, np.int64(42)): {'cpu': 16}, (2, np.int64(6)): {'cpu': 14}, (3, np.int64(56)): {'cpu': 14}, (4, np.int64(33)): {'cpu': 13}, (5, np.int64(31)): {'cpu': 8}, (6, np.int64(37)): {'cpu': 17}, (7, np.int64(10)): {'cpu': 0}, (8, np.int64(59)): {'cpu': 15}, (9, np.int64(27)): {'cpu': 19}}",{},0.0,0.0,244.0,122.0,710.0,0.0,0.0,0.0,0.0,0.0,0.0,0.0,0.0,0.0,Route Failure,100.0,"{'node_level': {}, 'link_level': {}, 'path_level': {}}","{'node_level': {0: {'cpu': -50}, 1: {'cpu': -46}, 2: {'cpu': -54}, 3: {'cpu': -44}, 4: {'cpu': -41}, 5: {'cpu': -47}, 6: {'cpu': -52}, 7: {'cpu': -84}, 8: {'cpu': -44}, 9: {'cpu': -69}}, 'link_level': {(0, 1): {'bw': 100.0}}, 'path_level': {(0, 1): {}}}","{'node_level': {0: {'cpu': 0}, 1: {'cpu': 0}, 2: {'cpu': 0}, 3: {'cpu': 0}, 4: {'cpu': 0}, 5: {'cpu': 0}, 6: {'cpu': 0}, 7: {'cpu': 0}, 8: {'cpu': 0}, 9: {'cpu': 0}}, 'link_level': {(0, 1): {'bw': 100.0}}, 'path_level': {(0, 1): {}}}",[],-inf,-inf,True,False,False,0,[],0,0.0,10.0,1.0
23,2,2,145.0,251.0,177130.01710902722,286471.86708340375,0.5776892430278885,0.6183155746231004,6,30,0,539.0985178767176,9253,4836,4417,0.0077964710709889085,0.04600431965442764,18,112.0985178767175,427.0,8,18,False,{},{},{},{},0.0,0.0,0.0,0.0,0.0,0.0,0.0,0.0,0.0,0.0,0.0,0.0,0.0,0.0,Leave Event,0.0,"{'node_level': {}, 'link_level': {}, 'path_level': {}}","{'node_level': {}, 'link_level': {}, 'path_level': {}}","{'node_level': {}, 'link_level': {}, 'path_level': {}}",[],-inf,-inf,True,True,False,0,[],0,0.0,,
23,2,2,145.0,251.0,177130.01710902722,286471.86708340375,0.5776892430278885,0.6183155746231004,6,31,0,543.0071929899361,9253,4836,4417,0.0077964710709889085,0.04600431965442764,10,294.00719298993613,249.0,6,5,False,{},{},{},{},0.0,0.0,0.0,0.0,0.0,0.0,0.0,0.0,0.0,0.0,0.0,0.0,0.0,0.0,Leave Event,0.0,"{'node_level': {}, 'link_level': {}, 'path_level': {}}","{'node_level': {}, 'link_level': {}, 'path_level': {}}","{'node_level': {}, 'link_level': {}, 'path_level': {}}",[],-inf,-inf,True,True,False,0,[],0,0.0,,
24,2,2,145.0,251.0,177130.01710902722,286471.86708340375,0.5776892430278885,0.6183155746231004,6,32,1,555.0,9253,4836,4417,0.0077964710709889085,0.04600431965442764,23,605.7744500002178,555.0,6,6,False,"{0: np.int64(13), 1: np.int64(26), 2: np.int64(35), 3: np.int64(56), 4: np.int64(0), 5: np.int64(58)}","{(0, 1): []}","{(0, np.int64(13)): {'cpu': 16}, (1, np.int64(26)): {'cpu': 10}, (2, np.int64(35)): {'cpu': 9}, (3, np.int64(56)): {'cpu': 2}, (4, np.int64(0)): {'cpu': 5}, (5, np.int64(58)): {'cpu': 20}}",{},0.0,0.0,124.0,62.0,189.0,0.0,0.0,0.0,0.0,0.0,0.0,0.0,0.0,0.0,Route Failure,100.0,"{'node_level': {}, 'link_level': {}, 'path_level': {}}","{'node_level': {0: {'cpu': -45}, 1: {'cpu': -79}, 2: {'cpu': -47}, 3: {'cpu': -56}, 4: {'cpu': -85}, 5: {'cpu': -52}}, 'link_level': {(0, 1): {'bw': 100.0}}, 'path_level': {(0, 1): {}}}","{'node_level': {0: {'cpu': 0}, 1: {'cpu': 0}, 2: {'cpu': 0}, 3: {'cpu': 0}, 4: {'cpu': 0}, 5: {'cpu': 0}}, 'link_level': {(0, 1): {'bw': 100.0}}, 'path_level': {(0, 1): {}}}",[],-inf,-inf,True,False,False,0,[],0,0.0,6.0,1.0
24,2,2,145.0,251.0,177130.01710902722,286471.86708340375,0.5776892430278885,0.6183155746231004,6,33,0,570.5201867775921,9253,4836,4417,0.0077964710709889085,0.04600431965442764,17,166.52018677759213,404.0,9,14,False,{},{},{},{},0.0,0.0,0.0,0.0,0.0,0.0,0.0,0.0,0.0,0.0,0.0,0.0,0.0,0.0,Leave Event,0.0,"{'node_level': {}, 'link_level': {}, 'path_level': {}}","{'node_level': {}, 'link_level': {}, 'path_level': {}}","{'node_level': {}, 'link_level': {}, 'path_level': {}}",[],-inf,-inf,True,True,False,0,[],0,0.0,,
25,2,2,145.0,251.0,177130.01710902722,286471.86708340375,0.5776892430278885,0.6183155746231004,6,34,1,593.0,9253,4836,4417,0.0077964710709889085,0.04600431965442764,24,347.7915241262213,593.0,8,11,False,"{0: np.int64(32), 1: np.int64(0), 2: np.int64(43), 3: np.int64(29), 4: np.int64(20), 5: np.int64(26), 6: np.int64(3), 7: np.int64(51)}","{(0, 1): [(np.int64(32), 16), (16, 7), (7, 3), (3, 1), (1, 0)], (0, 7): [(np.int64(32), 16), (16, 7), (7, 3), (3, 1), (1, 4), (4, 9), (9, 19), (19, 51)], (1, 2): [(np.int64(0), 2), (2, 6), (6, 13), (13, 27), (27, 43)], (1, 7): []}","{(0, np.int64(32)): {'cpu': 0}, (1, np.int64(0)): {'cpu': 17}, (2, np.int64(43)): {'cpu': 2}, (3, np.int64(29)): {'cpu': 15}, (4, np.int64(20)): {'cpu': 2}, (5, np.int64(26)): {'cpu': 13}, (6, np.int64(3)): {'cpu': 10}, (7, np.int64(51)): {'cpu': 19}}","{((0, 1), (np.int64(32), 16)): {'bw': 27}, ((0, 1), (16, 7)): {'bw': 27}, ((0, 1), (7, 3)): {'bw': 27}, ((0, 1), (3, 1)): {'bw': 27}, ((0, 1), (1, 0)): {'bw': 27}, ((0, 7), (np.int64(32), 16)): {'bw': 16}, ((0, 7), (16, 7)): {'bw': 16}, ((0, 7), (7, 3)): {'bw': 16}, ((0, 7), (3, 1)): {'bw': 16}, ((0, 7), (1, 4)): {'bw': 16}, ((0, 7), (4, 9)): {'bw': 16}, ((0, 7), (9, 19)): {'bw': 16}, ((0, 7), (19, 51)): {'bw': 16}, ((1, 2), (np.int64(0), 2)): {'bw': 23}, ((1, 2), (2, 6)): {'bw': 23}, ((1, 2), (6, 13)): {'bw': 23}, ((1, 2), (13, 27)): {'bw': 23}, ((1, 2), (27, 43)): {'bw': 23}}",0.0,0.0,156.0,78.0,268.0,0.0,0.0,0.0,0.0,0.0,0.0,0.0,0.0,0.0,Route Failure,100.0,"{'node_level': {}, 'link_level': {}, 'path_level': {}}","{'node_level': {0: {'cpu': -74}, 1: {'cpu': -73}, 2: {'cpu': -98}, 3: {'cpu': -68}, 4: {'cpu': -87}, 5: {'cpu': -76}, 6: {'cpu': -48}, 7: {'cpu': -81}}, 'link_level': {(0, 1): {'bw': -29}, (0, 7): {'bw': -13}, (1, 2): {'bw': -42}, (1, 7): {'bw': 100.0}}, 'path_level': {(0, 1): {}, (0, 7): {}, (1, 2): {}, (1, 7): {}}}","{'node_level': {0: {'cpu': 0}, 1: {'cpu': 0}, 2: {'cpu': 0}, 3: {'cpu': 0}, 4: {'cpu': 0}, 5: {'cpu': 0}, 6: {'cpu': 0}, 7: {'cpu': 0}}, 'link_level': {(0, 1): {'bw': 0}, (0, 7): {'bw': 0}, (1, 2): {'bw': 0}, (1, 7): {'bw': 100.0}}, 'path_level': {(0, 1): {}, (0, 7): {}, (1, 2): {}, (1, 7): {}}}",[],-inf,-inf,True,False,False,0,[],0,0.0,8.0,4.0
26,2,2,145.0,251.0,177130.01710902722,286471.86708340375,0.5776892430278885,0.6183155746231004,6,35,1,618.0,9253,4836,4417,0.0077964710709889085,0.04600431965442764,25,352.69777679303024,618.0,5,5,False,"{0: np.int64(46), 1: np.int64(49), 2: np.int64(24), 3: np.int64(43), 4: np.int64(27)}","{(0, 2): [(np.int64(46), 30), (30, 14), (14, 6), (6, 2), (2, 5), (5, 11), (11, 24)], (0, 3): []}","{(0, np.int64(46)): {'cpu': 6}, (1, np.int64(49)): {'cpu': 13}, (2, np.int64(24)): {'cpu': 2}, (3, np.int64(43)): {'cpu': 7}, (4, np.int64(27)): {'cpu': 9}}","{((0, 2), (np.int64(46), 30)): {'bw': 22}, ((0, 2), (30, 14)): {'bw': 22}, ((0, 2), (14, 6)): {'bw': 22}, ((0, 2), (6, 2)): {'bw': 22}, ((0, 2), (2, 5)): {'bw': 22}, ((0, 2), (5, 11)): {'bw': 22}, ((0, 2), (11, 24)): {'bw': 22}}",0.0,0.0,74.0,37.0,156.0,0.0,0.0,0.0,0.0,0.0,0.0,0.0,0.0,0.0,Route Failure,100.0,"{'node_level': {}, 'link_level': {}, 'path_level': {}}","{'node_level': {0: {'cpu': -59}, 1: {'cpu': -83}, 2: {'cpu': -90}, 3: {'cpu': -93}, 4: {'cpu': -79}}, 'link_level': {(0, 2): {'bw': -2}, (0, 3): {'bw': 100.0}}, 'path_level': {(0, 2): {}, (0, 3): {}}}","{'node_level': {0: {'cpu': 0}, 1: {'cpu': 0}, 2: {'cpu': 0}, 3: {'cpu': 0}, 4: {'cpu': 0}}, 'link_level': {(0, 2): {'bw': 0}, (0, 3): {'bw': 100.0}}, 'path_level': {(0, 2): {}, (0, 3): {}}}",[],-inf,-inf,True,False,False,0,[],0,0.0,5.0,2.0
27,3,3,229.0,369.0,187501.9460276291,301041.957707154,0.6205962059620597,0.622843232404256,9,36,1,644.0,9135,4812,4323,0.0127205580631925,0.06630669546436285,26,123.47534426906996,644.0,4,3,True,"{0: np.int64(4), 1: np.int64(1), 2: np.int64(3), 3: np.int64(48)}","{(0, 1): [(np.int64(4), 1)], (1, 3): [(np.int64(1), 3), (3, 7), (7, 16), (16, 48)], (2, 3): [(np.int64(3), 7), (7, 16), (16, 48)]}","{(0, np.int64(4)): {'cpu': 4}, (1, np.int64(1)): {'cpu': 9}, (2, np.int64(3)): {'cpu': 2}, (3, np.int64(48)): {'cpu': 9}}","{((0, 1), (np.int64(4), 1)): {'bw': 44}, ((1, 3), (np.int64(1), 3)): {'bw': 2}, ((1, 3), (3, 7)): {'bw': 2}, ((1, 3), (7, 16)): {'bw': 2}, ((1, 3), (16, 48)): {'bw': 2}, ((2, 3), (np.int64(3), 7)): {'bw': 14}, ((2, 3), (7, 16)): {'bw': 14}, ((2, 3), (16, 48)): {'bw': 14}}",118.0,84.0,48.0,24.0,60.0,24.0,60.0,24.0,94.0,34.0,0.711864406779661,14570.090623750255,10371.928918601878,87.89770270001591,Success,0.0,"{'node_level': {}, 'link_level': {}, 'path_level': {}}","{'node_level': {0: {'cpu': -50}, 1: {'cpu': -56}, 2: {'cpu': -56}, 3: {'cpu': -80}}, 'link_level': {(0, 1): {'bw': -36}, (1, 3): {'bw': -54}, (2, 3): {'bw': -40}}, 'path_level': {(0, 1): {}, (1, 3): {}, (2, 3): {}}}","{'node_level': {0: {'cpu': 0}, 1: {'cpu': 0}, 2: {'cpu': 0}, 3: {'cpu': 0}}, 'link_level': {(0, 1): {'bw': 0}, (1, 3): {'bw': 0}, (2, 3): {'bw': 0}}, 'path_level': {(0, 1): {}, (1, 3): {}, (2, 3): {}}}",[],-inf,-inf,True,True,False,0,[],0,0.0,4.0,3.0
28,4,4,239.0,391.0,187525.31818204917,301093.37644687813,0.6112531969309463,0.6228144916204567,10,37,1,667.0,9113,4806,4307,0.013951579811243286,0.0697624190064795,27,2.337215442006562,667.0,2,1,True,"{0: np.int64(53), 1: np.int64(1)}","{(0, 1): [(np.int64(53), 21), (21, 10), (10, 4), (4, 1)]}","{(0, np.int64(53)): {'cpu': 5}, (1, np.int64(1)): {'cpu': 1}}","{((0, 1), (np.int64(53), 21)): {'bw': 4}, ((0, 1), (21, 10)): {'bw': 4}, ((0, 1), (10, 4)): {'bw': 4}, ((0, 1), (4, 1)): {'bw': 4}}",22.0,10.0,12.0,6.0,4.0,6.0,4.0,6.0,16.0,12.0,0.45454545454545453,51.418739724144366,23.37215442006562,1.062370655457528,Success,0.0,"{'node_level': {}, 'link_level': {}, 'path_level': {}}","{'node_level': {0: {'cpu': -60}, 1: {'cpu': -55}}, 'link_level': {(0, 1): {'bw': -32}}, 'path_level': {(0, 1): {}}}","{'node_level': {0: {'cpu': 0}, 1: {'cpu': 0}}, 'link_level': {(0, 1): {'bw': 0}}, 'path_level': {(0, 1): {}}}",[],-inf,-inf,True,True,False,0,[],0,0.0,2.0,1.0
28,4,3,239.0,391.0,187525.31818204917,301093.37644687813,0.6112531969309463,0.6228144916204567,10,38,0,669.3372154420066,9135,4812,4323,0.0127205580631925,0.06630669546436285,27,2.337215442006562,667.0,2,1,False,{},{},{},{},0.0,0.0,0.0,0.0,0.0,0.0,0.0,0.0,0.0,0.0,0.0,0.0,0.0,0.0,Leave Event,0.0,"{'node_level': {}, 'link_level': {}, 'path_level': {}}","{'node_level': {}, 'link_level': {}, 'path_level': {}}","{'node_level': {}, 'link_level': {}, 'path_level': {}}",[],-inf,-inf,True,True,False,0,[],0,0.0,,
29,4,3,239.0,391.0,187525.31818204917,301093.37644687813,0.6112531969309463,0.6228144916204567,10,39,1,693.0,9135,4812,4323,0.0127205580631925,0.06630669546436285,28,270.50175156711845,693.0,6,9,False,"{0: np.int64(12), 1: np.int64(2), 2: np.int64(61), 3: np.int64(21), 4: np.int64(53), 5: np.int64(19)}","{(0, 1): []}","{(0, np.int64(12)): {'cpu': 13}, (1, np.int64(2)): {'cpu': 11}, (2, np.int64(61)): {'cpu': 17}, (3, np.int64(21)): {'cpu': 11}, (4, np.int64(53)): {'cpu': 8}, (5, np.int64(19)): {'cpu': 1}}",{},0.0,0.0,122.0,61.0,277.0,0.0,0.0,0.0,0.0,0.0,0.0,0.0,0.0,0.0,Route Failure,100.0,"{'node_level': {}, 'link_level': {}, 'path_level': {}}","{'node_level': {0: {'cpu': -68}, 1: {'cpu': -70}, 2: {'cpu': -76}, 3: {'cpu': -42}, 4: {'cpu': -57}, 5: {'cpu': -86}}, 'link_level': {(0, 1): {'bw': 100.0}}, 'path_level': {(0, 1): {}}}","{'node_level': {0: {'cpu': 0}, 1: {'cpu': 0}, 2: {'cpu': 0}, 3: {'cpu': 0}, 4: {'cpu': 0}, 5: {'cpu': 0}}, 'link_level': {(0, 1): {'bw': 100.0}}, 'path_level': {(0, 1): {}}}",[],-inf,-inf,True,False,False,0,[],0,0.0,6.0,1.0
29,4,3,239.0,391.0,187525.31818204917,301093.37644687813,0.6112531969309463,0.6228144916204567,10,40,0,695.7845974080481,9135,4812,4323,0.0127205580631925,0.06630669546436285,19,245.784597408048,450.0,3,3,False,{},{},{},{},0.0,0.0,0.0,0.0,0.0,0.0,0.0,0.0,0.0,0.0,0.0,0.0,0.0,0.0,Leave Event,0.0,"{'node_level': {}, 'link_level': {}, 'path_level': {}}","{'node_level': {}, 'link_level': {}, 'path_level': {}}","{'node_level': {}, 'link_level': {}, 'path_level': {}}",[],-inf,-inf,True,True,False,0,[],0,0.0,,
30,4,3,239.0,391.0,187525.31818204917,301093.37644687813,0.6112531969309463,0.6228144916204567,10,41,1,719.0,9135,4812,4323,0.0127205580631925,0.06630669546436285,29,414.3415594310883,719.0,4,4,False,"{0: np.int64(38), 1: np.int64(54), 2: np.int64(61), 3: np.int64(57)}","{(0, 2): []}","{(0, np.int64(38)): {'cpu': 0}, (1, np.int64(54)): {'cpu': 0}, (2, np.int64(61)): {'cpu': 2}, (3, np.int64(57)): {'cpu': 20}}",{},0.0,0.0,44.0,22.0,106.0,0.0,0.0,0.0,0.0,0.0,0.0,0.0,0.0,0.0,Route Failure,100.0,"{'node_level': {}, 'link_level': {}, 'path_level': {}}","{'node_level': {0: {'cpu': -81}, 1: {'cpu': -91}, 2: {'cpu': -91}, 3: {'cpu': -47}}, 'link_level': {(0, 2): {'bw': 100.0}}, 'path_level': {(0, 2): {}}}","{'node_level': {0: {'cpu': 0}, 1: {'cpu': 0}, 2: {'cpu': 0}, 3: {'cpu': 0}}, 'link_level': {(0, 2): {'bw': 100.0}}, 'path_level': {(0, 2): {}}}",[],-inf,-inf,True,False,False,0,[],0,0.0,4.0,1.0
31,4,3,239.0,391.0,187525.31818204917,301093.37644687813,0.6112531969309463,0.6228144916204567,10,42,1,741.0,9135,4812,4323,0.0127205580631925,0.06630669546436285,30,1046.0076036646353,741.0,6,10,False,"{0: np.int64(45), 1: np.int64(14), 2: np.int64(22), 3: np.int64(59), 4: np.int64(28), 5: np.int64(19)}","{(0, 2): []}","{(0, np.int64(45)): {'cpu': 12}, (1, np.int64(14)): {'cpu': 18}, (2, np.int64(22)): {'cpu': 3}, (3, np.int64(59)): {'cpu': 19}, (4, np.int64(28)): {'cpu': 15}, (5, np.int64(19)): {'cpu': 17}}",{},0.0,0.0,168.0,84.0,244.0,0.0,0.0,0.0,0.0,0.0,0.0,0.0,0.0,0.0,Route Failure,100.0,"{'node_level': {}, 'link_level': {}, 'path_level': {}}","{'node_level': {0: {'cpu': -64}, 1: {'cpu': -53}, 2: {'cpu': -85}, 3: {'cpu': -40}, 4: {'cpu': -75}, 5: {'cpu': -70}}, 'link_level': {(0, 2): {'bw': 100.0}}, 'path_level': {(0, 2): {}}}","{'node_level': {0: {'cpu': 0}, 1: {'cpu': 0}, 2: {'cpu': 0}, 3: {'cpu': 0}, 4: {'cpu': 0}, 5: {'cpu': 0}}, 'link_level': {(0, 2): {'bw': 100.0}}, 'path_level': {(0, 2): {}}}",[],-inf,-inf,True,False,False,0,[],0,0.0,6.0,1.0
32,5,4,317.0,639.0,231670.01284740178,441450.8671777429,0.49608763693270735,0.5247922930325193,13,43,1,756.0,8887,4789,4098,0.017439474764054164,0.11490280777537798,31,565.9576239147773,756.0,3,2,True,"{0: np.int64(60), 1: np.int64(43), 2: np.int64(30)}","{(0, 1): [(np.int64(60), 28), (28, 13), (13, 27), (27, 43)], (0, 2): [(np.int64(60), 28), (28, 13), (13, 6), (6, 14), (14, 30)]}","{(0, np.int64(60)): {'cpu': 1}, (1, np.int64(43)): {'cpu': 5}, (2, np.int64(30)): {'cpu': 17}}","{((0, 1), (np.int64(60), 28)): {'bw': 50}, ((0, 1), (28, 13)): {'bw': 50}, ((0, 1), (13, 27)): {'bw': 50}, ((0, 1), (27, 43)): {'bw': 50}, ((0, 2), (np.int64(60), 28)): {'bw': 5}, ((0, 2), (28, 13)): {'bw': 5}, ((0, 2), (13, 6)): {'bw': 5}, ((0, 2), (6, 14)): {'bw': 5}, ((0, 2), (14, 30)): {'bw': 5}}",248.0,78.0,46.0,23.0,55.0,23.0,55.0,23.0,225.0,170.0,0.31451612903225806,140357.49073086475,44144.694665352625,178.00280106997027,Success,0.0,"{'node_level': {}, 'link_level': {}, 'path_level': {}}","{'node_level': {0: {'cpu': -90}, 1: {'cpu': -95}, 2: {'cpu': -36}}, 'link_level': {(0, 1): {'bw': -20}, (0, 2): {'bw': -18}}, 'path_level': {(0, 1): {}, (0, 2): {}}}","{'node_level': {0: {'cpu': 0}, 1: {'cpu': 0}, 2: {'cpu': 0}}, 'link_level': {(0, 1): {'bw': 0}, (0, 2): {'bw': 0}}, 'path_level': {(0, 1): {}, (0, 2): {}}}",[],-inf,-inf,True,True,False,0,[],0,0.0,3.0,2.0
32,5,4,317.0,639.0,231670.01284740178,441450.8671777429,0.49608763693270735,0.5247922930325193,13,44,0,766.6116744769311,8887,4789,4098,0.017439474764054164,0.11490280777537798,0,751.6116744769311,15.0,10,19,False,{},{},{},{},0.0,0.0,0.0,0.0,0.0,0.0,0.0,0.0,0.0,0.0,0.0,0.0,0.0,0.0,Leave Event,0.0,"{'node_level': {}, 'link_level': {}, 'path_level': {}}","{'node_level': {}, 'link_level': {}, 'path_level': {}}","{'node_level': {}, 'link_level': {}, 'path_level': {}}",[],-inf,-inf,True,True,False,0,[],0,0.0,,
32,5,3,317.0,639.0,231670.01284740178,441450.8671777429,0.49608763693270735,0.5247922930325193,13,45,0,767.47534426907,9005,4813,4192,0.012515387771850683,0.09460043196544277,26,123.47534426906996,644.0,4,3,False,{},{},{},{},0.0,0.0,0.0,0.0,0.0,0.0,0.0,0.0,0.0,0.0,0.0,0.0,0.0,0.0,Leave Event,0.0,"{'node_level': {}, 'link_level': {}, 'path_level': {}}","{'node_level': {}, 'link_level': {}, 'path_level': {}}","{'node_level': {}, 'link_level': {}, 'path_level': {}}",[],-inf,-inf,True,True,False,0,[],0,0.0,,
33,5,3,317.0,639.0,231670.01284740178,441450.8671777429,0.49608763693270735,0.5247922930325193,13,46,1,784.0,9005,4813,4192,0.012515387771850683,0.09460043196544277,32,923.6351787030455,784.0,9,17,False,"{0: np.int64(23), 1: np.int64(13), 2: np.int64(4), 3: np.int64(30), 4: np.int64(14), 5: np.int64(46), 6: np.int64(58), 7: np.int64(45), 8: np.int64(52)}","{(0, 3): []}","{(0, np.int64(23)): {'cpu': 2}, (1, np.int64(13)): {'cpu': 5}, (2, np.int64(4)): {'cpu': 16}, (3, np.int64(30)): {'cpu': 11}, (4, np.int64(14)): {'cpu': 19}, (5, np.int64(46)): {'cpu': 6}, (6, np.int64(58)): {'cpu': 2}, (7, np.int64(45)): {'cpu': 16}, (8, np.int64(52)): {'cpu': 2}}",{},0.0,0.0,158.0,79.0,453.0,0.0,0.0,0.0,0.0,0.0,0.0,0.0,0.0,0.0,Route Failure,100.0,"{'node_level': {}, 'link_level': {}, 'path_level': {}}","{'node_level': {0: {'cpu': -52}, 1: {'cpu': -56}, 2: {'cpu': -38}, 3: {'cpu': -25}, 4: {'cpu': -52}, 5: {'cpu': -59}, 6: {'cpu': -70}, 7: {'cpu': -60}, 8: {'cpu': -93}}, 'link_level': {(0, 3): {'bw': 100.0}}, 'path_level': {(0, 3): {}}}","{'node_level': {0: {'cpu': 0}, 1: {'cpu': 0}, 2: {'cpu': 0}, 3: {'cpu': 0}, 4: {'cpu': 0}, 5: {'cpu': 0}, 6: {'cpu': 0}, 7: {'cpu': 0}, 8: {'cpu': 0}}, 'link_level': {(0, 3): {'bw': 100.0}}, 'path_level': {(0, 3): {}}}",[],-inf,-inf,True,False,False,0,[],0,0.0,9.0,1.0
33,5,3,317.0,639.0,231670.01284740178,441450.8671777429,0.49608763693270735,0.5247922930325193,13,47,0,793.5227476258572,9005,4813,4192,0.012515387771850683,0.09460043196544277,1,750.5227476258572,43.0,10,17,False,{},{},{},{},0.0,0.0,0.0,0.0,0.0,0.0,0.0,0.0,0.0,0.0,0.0,0.0,0.0,0.0,Leave Event,0.0,"{'node_level': {}, 'link_level': {}, 'path_level': {}}","{'node_level': {}, 'link_level': {}, 'path_level': {}}","{'node_level': {}, 'link_level': {}, 'path_level': {}}",[],-inf,-inf,True,True,False,0,[],0,0.0,,
34,5,3,317.0,639.0,231670.01284740178,441450.8671777429,0.49608763693270735,0.5247922930325193,13,48,1,803.0,9005,4813,4192,0.012515387771850683,0.09460043196544277,33,1302.936058750045,803.0,10,20,False,"{0: np.int64(11), 1: np.int64(35), 2: np.int64(56), 3: np.int64(3), 4: np.int64(19), 5: np.int64(21), 6: np.int64(7), 7: np.int64(6), 8: np.int64(5), 9: np.int64(48)}","{(0, 1): []}","{(0, np.int64(11)): {'cpu': 20}, (1, np.int64(35)): {'cpu': 9}, (2, np.int64(56)): {'cpu': 12}, (3, np.int64(3)): {'cpu': 4}, (4, np.int64(19)): {'cpu': 18}, (5, np.int64(21)): {'cpu': 16}, (6, np.int64(7)): {'cpu': 2}, (7, np.int64(6)): {'cpu': 15}, (8, np.int64(5)): {'cpu': 19}, (9, np.int64(48)): {'cpu': 2}}",{},0.0,0.0,234.0,117.0,413.0,0.0,0.0,0.0,0.0,0.0,0.0,0.0,0.0,0.0,Route Failure,100.0,"{'node_level': {}, 'link_level': {}, 'path_level': {}}","{'node_level': {0: {'cpu': -79}, 1: {'cpu': -47}, 2: {'cpu': -46}, 3: {'cpu': -54}, 4: {'cpu': -69}, 5: {'cpu': -37}, 6: {'cpu': -59}, 7: {'cpu': -53}, 8: {'cpu': -74}, 9: {'cpu': -87}}, 'link_level': {(0, 1): {'bw': 100.0}}, 'path_level': {(0, 1): {}}}","{'node_level': {0: {'cpu': 0}, 1: {'cpu': 0}, 2: {'cpu': 0}, 3: {'cpu': 0}, 4: {'cpu': 0}, 5: {'cpu': 0}, 6: {'cpu': 0}, 7: {'cpu': 0}, 8: {'cpu': 0}, 9: {'cpu': 0}}, 'link_level': {(0, 1): {'bw': 100.0}}, 'path_level': {(0, 1): {}}}",[],-inf,-inf,True,False,False,0,[],0,0.0,10.0,1.0
35,5,3,317.0,639.0,231670.01284740178,441450.8671777429,0.49608763693270735,0.5247922930325193,13,49,1,826.0,9005,4813,4192,0.012515387771850683,0.09460043196544277,34,1416.0918630331812,826.0,4,3,False,"{0: np.int64(23), 1: np.int64(38), 2: np.int64(52), 3: np.int64(58)}","{(0, 3): [(np.int64(23), 11), (11, 5), (5, 12), (12, 26), (26, 58)], (1, 2): []}","{(0, np.int64(23)): {'cpu': 18}, (1, np.int64(38)): {'cpu': 2}, (2, np.int64(52)): {'cpu': 1}, (3, np.int64(58)): {'cpu': 2}}","{((0, 3), (np.int64(23), 11)): {'bw': 46}, ((0, 3), (11, 5)): {'bw': 46}, ((0, 3), (5, 12)): {'bw': 46}, ((0, 3), (12, 26)): {'bw': 46}, ((0, 3), (26, 58)): {'bw': 46}}",0.0,0.0,46.0,23.0,122.0,0.0,0.0,0.0,0.0,0.0,0.0,0.0,0.0,0.0,Route Failure,100.0,"{'node_level': {}, 'link_level': {}, 'path_level': {}}","{'node_level': {0: {'cpu': -36}, 1: {'cpu': -79}, 2: {'cpu': -94}, 3: {'cpu': -70}}, 'link_level': {(0, 3): {'bw': -10}, (1, 2): {'bw': 100.0}}, 'path_level': {(0, 3): {}, (1, 2): {}}}","{'node_level': {0: {'cpu': 0}, 1: {'cpu': 0}, 2: {'cpu': 0}, 3: {'cpu': 0}}, 'link_level': {(0, 3): {'bw': 0}, (1, 2): {'bw': 100.0}}, 'path_level': {(0, 3): {}, (1, 2): {}}}",[],-inf,-inf,True,False,False,0,[],0,0.0,4.0,2.0
35,5,3,317.0,639.0,231670.01284740178,441450.8671777429,0.49608763693270735,0.5247922930325193,13,50,0,842.905709121674,9005,4813,4192,0.012515387771850683,0.09460043196544277,6,689.905709121674,153.0,4,5,False,{},{},{},{},0.0,0.0,0.0,0.0,0.0,0.0,0.0,0.0,0.0,0.0,0.0,0.0,0.0,0.0,Leave Event,0.0,"{'node_level': {}, 'link_level': {}, 'path_level': {}}","{'node_level': {}, 'link_level': {}, 'path_level': {}}","{'node_level': {}, 'link_level': {}, 'path_level': {}}",[],-inf,-inf,True,True,False,0,[],0,0.0,,
36,5,3,317.0,639.0,231670.01284740178,441450.8671777429,0.49608763693270735,0.5247922930325193,13,51,1,850.0,9005,4813,4192,0.012515387771850683,0.09460043196544277,35,846.4618066680757,850.0,10,24,False,"{0: np.int64(47), 1: np.int64(54), 2: np.int64(38), 3: np.int64(25), 4: np.int64(13), 5: np.int64(9), 6: np.int64(58), 7: np.int64(57), 8: np.int64(53), 9: np.int64(22)}","{(0, 1): [(np.int64(47), 15), (15, 7), (7, 3), (3, 1), (1, 4), (4, 10), (10, 22), (22, 54)], (0, 6): [(np.int64(47), 15), (15, 7), (7, 3), (3, 1), (1, 0), (0, 2), (2, 5), (5, 12), (12, 26), (26, 58)], (0, 8): [(np.int64(47), 15), (15, 7), (7, 3), (3, 1), (1, 4), (4, 10), (10, 21), (21, 53)], (0, 9): []}","{(0, np.int64(47)): {'cpu': 13}, (1, np.int64(54)): {'cpu': 9}, (2, np.int64(38)): {'cpu': 0}, (3, np.int64(25)): {'cpu': 16}, (4, np.int64(13)): {'cpu': 16}, (5, np.int64(9)): {'cpu': 7}, (6, np.int64(58)): {'cpu': 13}, (7, np.int64(57)): {'cpu': 8}, (8, np.int64(53)): {'cpu': 18}, (9, np.int64(22)): {'cpu': 2}}","{((0, 1), (np.int64(47), 15)): {'bw': 2}, ((0, 1), (15, 7)): {'bw': 2}, ((0, 1), (7, 3)): {'bw': 2}, ((0, 1), (3, 1)): {'bw': 2}, ((0, 1), (1, 4)): {'bw': 2}, ((0, 1), (4, 10)): {'bw': 2}, ((0, 1), (10, 22)): {'bw': 2}, ((0, 1), (22, 54)): {'bw': 2}, ((0, 6), (np.int64(47), 15)): {'bw': 11}, ((0, 6), (15, 7)): {'bw': 11}, ((0, 6), (7, 3)): {'bw': 11}, ((0, 6), (3, 1)): {'bw': 11}, ((0, 6), (1, 0)): {'bw': 11}, ((0, 6), (0, 2)): {'bw': 11}, ((0, 6), (2, 5)): {'bw': 11}, ((0, 6), (5, 12)): {'bw': 11}, ((0, 6), (12, 26)): {'bw': 11}, ((0, 6), (26, 58)): {'bw': 11}, ((0, 8), (np.int64(47), 15)): {'bw': 41}, ((0, 8), (15, 7)): {'bw': 41}, ((0, 8), (7, 3)): {'bw': 41}, ((0, 8), (3, 1)): {'bw': 41}, ((0, 8), (1, 4)): {'bw': 41}, ((0, 8), (4, 10)): {'bw': 41}, ((0, 8), (10, 21)): {'bw': 41}, ((0, 8), (21, 53)): {'bw': 41}}",0.0,0.0,204.0,102.0,618.0,0.0,0.0,0.0,0.0,0.0,0.0,0.0,0.0,0.0,Route Failure,100.0,"{'node_level': {}, 'link_level': {}, 'path_level': {}}","{'node_level': {0: {'cpu': -86}, 1: {'cpu': -82}, 2: {'cpu': -81}, 3: {'cpu': -77}, 4: {'cpu': -45}, 5: {'cpu': -49}, 6: {'cpu': -59}, 7: {'cpu': -59}, 8: {'cpu': -47}, 9: {'cpu': -86}}, 'link_level': {(0, 1): {'bw': -56}, (0, 6): {'bw': -15}, (0, 8): {'bw': -4}, (0, 9): {'bw': 100.0}}, 'path_level': {(0, 1): {}, (0, 6): {}, (0, 8): {}, (0, 9): {}}}","{'node_level': {0: {'cpu': 0}, 1: {'cpu': 0}, 2: {'cpu': 0}, 3: {'cpu': 0}, 4: {'cpu': 0}, 5: {'cpu': 0}, 6: {'cpu': 0}, 7: {'cpu': 0}, 8: {'cpu': 0}, 9: {'cpu': 0}}, 'link_level': {(0, 1): {'bw': 0}, (0, 6): {'bw': 0}, (0, 8): {'bw': 0}, (0, 9): {'bw': 100.0}}, 'path_level': {(0, 1): {}, (0, 6): {}, (0, 8): {}, (0, 9): {}}}",[],-inf,-inf,True,False,False,0,[],0,0.0,10.0,4.0
37,5,3,317.0,639.0,231670.01284740178,441450.8671777429,0.49608763693270735,0.5247922930325193,13,52,1,877.0,9005,4813,4192,0.012515387771850683,0.09460043196544277,36,70.43317415415201,877.0,9,13,False,"{0: np.int64(24), 1: np.int64(7), 2: np.int64(33), 3: np.int64(12), 4: np.int64(18), 5: np.int64(39), 6: np.int64(2), 7: np.int64(38), 8: np.int64(46)}","{(0, 5): [(np.int64(24), 11), (11, 23), (23, 39)], (0, 6): [(np.int64(24), 11), (11, 5), (5, 2)], (0, 7): [(np.int64(24), 11), (11, 5), (5, 2), (2, 0), (0, 1), (1, 4), (4, 10), (10, 22), (22, 38)], (0, 8): []}","{(0, np.int64(24)): {'cpu': 1}, (1, np.int64(7)): {'cpu': 4}, (2, np.int64(33)): {'cpu': 15}, (3, np.int64(12)): {'cpu': 11}, (4, np.int64(18)): {'cpu': 3}, (5, np.int64(39)): {'cpu': 16}, (6, np.int64(2)): {'cpu': 11}, (7, np.int64(38)): {'cpu': 20}, (8, np.int64(46)): {'cpu': 19}}","{((0, 5), (np.int64(24), 11)): {'bw': 49}, ((0, 5), (11, 23)): {'bw': 49}, ((0, 5), (23, 39)): {'bw': 49}, ((0, 6), (np.int64(24), 11)): {'bw': 25}, ((0, 6), (11, 5)): {'bw': 25}, ((0, 6), (5, 2)): {'bw': 25}, ((0, 7), (np.int64(24), 11)): {'bw': 0}, ((0, 7), (11, 5)): {'bw': 0}, ((0, 7), (5, 2)): {'bw': 0}, ((0, 7), (2, 0)): {'bw': 0}, ((0, 7), (0, 1)): {'bw': 0}, ((0, 7), (1, 4)): {'bw': 0}, ((0, 7), (4, 10)): {'bw': 0}, ((0, 7), (10, 22)): {'bw': 0}, ((0, 7), (22, 38)): {'bw': 0}}",0.0,0.0,200.0,100.0,340.0,0.0,0.0,0.0,0.0,0.0,0.0,0.0,0.0,0.0,Route Failure,100.0,"{'node_level': {}, 'link_level': {}, 'path_level': {}}","{'node_level': {0: {'cpu': -91}, 1: {'cpu': -57}, 2: {'cpu': -39}, 3: {'cpu': -70}, 4: {'cpu': -67}, 5: {'cpu': -36}, 6: {'cpu': -70}, 7: {'cpu': -61}, 8: {'cpu': -46}}, 'link_level': {(0, 5): {'bw': -7}, (0, 6): {'bw': -1}, (0, 7): {'bw': -1}, (0, 8): {'bw': 100.0}}, 'path_level': {(0, 5): {}, (0, 6): {}, (0, 7): {}, (0, 8): {}}}","{'node_level': {0: {'cpu': 0}, 1: {'cpu': 0}, 2: {'cpu': 0}, 3: {'cpu': 0}, 4: {'cpu': 0}, 5: {'cpu': 0}, 6: {'cpu': 0}, 7: {'cpu': 0}, 8: {'cpu': 0}}, 'link_level': {(0, 5): {'bw': 0}, (0, 6): {'bw': 0}, (0, 7): {'bw': 0}, (0, 8): {'bw': 100.0}}, 'path_level': {(0, 5): {}, (0, 6): {}, (0, 7): {}, (0, 8): {}}}",[],-inf,-inf,True,False,False,0,[],0,0.0,9.0,4.0
37,5,3,317.0,639.0,231670.01284740178,441450.8671777429,0.49608763693270735,0.5247922930325193,13,53,0,897.9454444181525,9005,4813,4192,0.012515387771850683,0.09460043196544277,11,628.9454444181525,269.0,7,9,False,{},{},{},{},0.0,0.0,0.0,0.0,0.0,0.0,0.0,0.0,0.0,0.0,0.0,0.0,0.0,0.0,Leave Event,0.0,"{'node_level': {}, 'link_level': {}, 'path_level': {}}","{'node_level': {}, 'link_level': {}, 'path_level': {}}","{'node_level': {}, 'link_level': {}, 'path_level': {}}",[],-inf,-inf,True,True,False,0,[],0,0.0,,
38,6,4,393.0,729.0,247843.25811219294,460603.3944649956,0.5390946502057613,0.5380838723519834,16,54,1,913.0,8915,4766,4149,0.022158391464915828,0.10388768898488121,37,212.80585874725213,913.0,3,2,True,"{0: np.int64(26), 1: np.int64(42), 2: np.int64(12)}","{(0, 1): [(np.int64(26), 42)], (1, 2): [(np.int64(42), 26), (26, 12)]}","{(0, np.int64(26)): {'cpu': 19}, (1, np.int64(42)): {'cpu': 11}, (2, np.int64(12)): {'cpu': 17}}","{((0, 1), (np.int64(26), 42)): {'bw': 15}, ((1, 2), (np.int64(42), 26)): {'bw': 14}, ((1, 2), (26, 12)): {'bw': 14}}",90.0,76.0,94.0,47.0,29.0,47.0,29.0,47.0,43.0,14.0,0.8444444444444444,19152.52728725269,16173.245264791161,179.70272516434625,Success,0.0,"{'node_level': {}, 'link_level': {}, 'path_level': {}}","{'node_level': {0: {'cpu': -70}, 1: {'cpu': -51}, 2: {'cpu': -64}}, 'link_level': {(0, 1): {'bw': -74}, (1, 2): {'bw': -54}}, 'path_level': {(0, 1): {}, (1, 2): {}}}","{'node_level': {0: {'cpu': 0}, 1: {'cpu': 0}, 2: {'cpu': 0}}, 'link_level': {(0, 1): {'bw': 0}, (1, 2): {'bw': 0}}, 'path_level': {(0, 1): {}, (1, 2): {}}}",[],-inf,-inf,True,True,False,0,[],0,0.0,3.0,2.0
38,6,4,393.0,729.0,247843.25811219294,460603.3944649956,0.5390946502057613,0.5380838723519834,16,55,0,924.3039854022497,8915,4766,4149,0.022158391464915828,0.10388768898488121,21,422.3039854022498,502.0,7,7,False,{},{},{},{},0.0,0.0,0.0,0.0,0.0,0.0,0.0,0.0,0.0,0.0,0.0,0.0,0.0,0.0,Leave Event,0.0,"{'node_level': {}, 'link_level': {}, 'path_level': {}}","{'node_level': {}, 'link_level': {}, 'path_level': {}}","{'node_level': {}, 'link_level': {}, 'path_level': {}}",[],-inf,-inf,True,True,False,0,[],0,0.0,,
38,6,4,393.0,729.0,247843.25811219294,460603.3944649956,0.5390946502057613,0.5380838723519834,16,56,0,924.3070467411391,8915,4766,4149,0.022158391464915828,0.10388768898488121,16,542.3070467411391,382.0,5,8,False,{},{},{},{},0.0,0.0,0.0,0.0,0.0,0.0,0.0,0.0,0.0,0.0,0.0,0.0,0.0,0.0,Leave Event,0.0,"{'node_level': {}, 'link_level': {}, 'path_level': {}}","{'node_level': {}, 'link_level': {}, 'path_level': {}}","{'node_level': {}, 'link_level': {}, 'path_level': {}}",[],-inf,-inf,True,True,False,0,[],0,0.0,,
39,6,4,393.0,729.0,247843.25811219294,460603.3944649956,0.5390946502057613,0.5380838723519834,16,57,1,928.0,8915,4766,4149,0.022158391464915828,0.10388768898488121,38,116.91427565457393,928.0,8,13,False,"{0: np.int64(36), 1: np.int64(7), 2: np.int64(61), 3: np.int64(41), 4: np.int64(16), 5: np.int64(18), 6: np.int64(12), 7: np.int64(62)}","{(0, 1): [(np.int64(36), 20), (20, 9), (9, 4), (4, 1), (1, 3), (3, 7)], (0, 4): []}","{(0, np.int64(36)): {'cpu': 18}, (1, np.int64(7)): {'cpu': 12}, (2, np.int64(61)): {'cpu': 8}, (3, np.int64(41)): {'cpu': 11}, (4, np.int64(16)): {'cpu': 3}, (5, np.int64(18)): {'cpu': 20}, (6, np.int64(12)): {'cpu': 4}, (7, np.int64(62)): {'cpu': 16}}","{((0, 1), (np.int64(36), 20)): {'bw': 35}, ((0, 1), (20, 9)): {'bw': 35}, ((0, 1), (9, 4)): {'bw': 35}, ((0, 1), (4, 1)): {'bw': 35}, ((0, 1), (1, 3)): {'bw': 35}, ((0, 1), (3, 7)): {'bw': 35}}",0.0,0.0,184.0,92.0,380.0,0.0,0.0,0.0,0.0,0.0,0.0,0.0,0.0,0.0,Route Failure,100.0,"{'node_level': {}, 'link_level': {}, 'path_level': {}}","{'node_level': {0: {'cpu': -63}, 1: {'cpu': -49}, 2: {'cpu': -85}, 3: {'cpu': -85}, 4: {'cpu': -78}, 5: {'cpu': -50}, 6: {'cpu': -60}, 7: {'cpu': -60}}, 'link_level': {(0, 1): {'bw': -5}, (0, 4): {'bw': 100.0}}, 'path_level': {(0, 1): {}, (0, 4): {}}}","{'node_level': {0: {'cpu': 0}, 1: {'cpu': 0}, 2: {'cpu': 0}, 3: {'cpu': 0}, 4: {'cpu': 0}, 5: {'cpu': 0}, 6: {'cpu': 0}, 7: {'cpu': 0}}, 'link_level': {(0, 1): {'bw': 0}, (0, 4): {'bw': 100.0}}, 'path_level': {(0, 1): {}, (0, 4): {}}}",[],-inf,-inf,True,False,False,0,[],0,0.0,8.0,2.0
39,6,4,393.0,729.0,247843.25811219294,460603.3944649956,0.5390946502057613,0.5380838723519834,16,58,0,940.7915241262212,8915,4766,4149,0.022158391464915828,0.10388768898488121,24,347.7915241262213,593.0,8,11,False,{},{},{},{},0.0,0.0,0.0,0.0,0.0,0.0,0.0,0.0,0.0,0.0,0.0,0.0,0.0,0.0,Leave Event,0.0,"{'node_level': {}, 'link_level': {}, 'path_level': {}}","{'node_level': {}, 'link_level': {}, 'path_level': {}}","{'node_level': {}, 'link_level': {}, 'path_level': {}}",[],-inf,-inf,True,True,False,0,[],0,0.0,,
39,6,4,393.0,729.0,247843.25811219294,460603.3944649956,0.5390946502057613,0.5380838723519834,16,59,0,947.433174154152,8915,4766,4149,0.022158391464915828,0.10388768898488121,36,70.43317415415201,877.0,9,13,False,{},{},{},{},0.0,0.0,0.0,0.0,0.0,0.0,0.0,0.0,0.0,0.0,0.0,0.0,0.0,0.0,Leave Event,0.0,"{'node_level': {}, 'link_level': {}, 'path_level': {}}","{'node_level': {}, 'link_level': {}, 'path_level': {}}","{'node_level': {}, 'link_level': {}, 'path_level': {}}",[],-inf,-inf,True,True,False,0,[],0,0.0,,
40,6,4,393.0,729.0,247843.25811219294,460603.3944649956,0.5390946502057613,0.5380838723519834,16,60,1,954.0,8915,4766,4149,0.022158391464915828,0.10388768898488121,39,1010.139486896337,954.0,10,23,False,"{0: np.int64(29), 1: np.int64(13), 2: np.int64(28), 3: np.int64(50), 4: np.int64(43), 5: np.int64(17), 6: np.int64(37), 7: np.int64(49), 8: np.int64(26), 9: np.int64(7)}","{(0, 2): []}","{(0, np.int64(29)): {'cpu': 12}, (1, np.int64(13)): {'cpu': 9}, (2, np.int64(28)): {'cpu': 5}, (3, np.int64(50)): {'cpu': 2}, (4, np.int64(43)): {'cpu': 5}, (5, np.int64(17)): {'cpu': 3}, (6, np.int64(37)): {'cpu': 0}, (7, np.int64(49)): {'cpu': 13}, (8, np.int64(26)): {'cpu': 3}, (9, np.int64(7)): {'cpu': 14}}",{},0.0,0.0,132.0,66.0,665.0,0.0,0.0,0.0,0.0,0.0,0.0,0.0,0.0,0.0,Route Failure,100.0,"{'node_level': {}, 'link_level': {}, 'path_level': {}}","{'node_level': {0: {'cpu': -71}, 1: {'cpu': -52}, 2: {'cpu': -85}, 3: {'cpu': -56}, 4: {'cpu': -90}, 5: {'cpu': -73}, 6: {'cpu': -69}, 7: {'cpu': -83}, 8: {'cpu': -67}, 9: {'cpu': -47}}, 'link_level': {(0, 2): {'bw': 100.0}}, 'path_level': {(0, 2): {}}}","{'node_level': {0: {'cpu': 0}, 1: {'cpu': 0}, 2: {'cpu': 0}, 3: {'cpu': 0}, 4: {'cpu': 0}, 5: {'cpu': 0}, 6: {'cpu': 0}, 7: {'cpu': 0}, 8: {'cpu': 0}, 9: {'cpu': 0}}, 'link_level': {(0, 2): {'bw': 100.0}}, 'path_level': {(0, 2): {}}}",[],-inf,-inf,True,False,False,0,[],0,0.0,10.0,1.0
40,6,4,393.0,729.0,247843.25811219294,460603.3944649956,0.5390946502057613,0.5380838723519834,16,61,0,963.5017515671184,8915,4766,4149,0.022158391464915828,0.10388768898488121,28,270.50175156711845,693.0,6,9,False,{},{},{},{},0.0,0.0,0.0,0.0,0.0,0.0,0.0,0.0,0.0,0.0,0.0,0.0,0.0,0.0,Leave Event,0.0,"{'node_level': {}, 'link_level': {}, 'path_level': {}}","{'node_level': {}, 'link_level': {}, 'path_level': {}}","{'node_level': {}, 'link_level': {}, 'path_level': {}}",[],-inf,-inf,True,True,False,0,[],0,0.0,,
40,6,4,393.0,729.0,247843.25811219294,460603.3944649956,0.5390946502057613,0.5380838723519834,16,62,0,970.6977767930302,8915,4766,4149,0.022158391464915828,0.10388768898488121,25,352.69777679303024,618.0,5,5,False,{},{},{},{},0.0,0.0,0.0,0.0,0.0,0.0,0.0,0.0,0.0,0.0,0.0,0.0,0.0,0.0,Leave Event,0.0,"{'node_level': {}, 'link_level': {}, 'path_level': {}}","{'node_level': {}, 'link_level': {}, 'path_level': {}}","{'node_level': {}, 'link_level': {}, 'path_level': {}}",[],-inf,-inf,True,True,False,0,[],0,0.0,,
41,6,4,393.0,729.0,247843.25811219294,460603.3944649956,0.5390946502057613,0.5380838723519834,16,63,1,978.0,8915,4766,4149,0.022158391464915828,0.10388768898488121,40,785.9030268301261,978.0,7,11,False,"{0: np.int64(54), 1: np.int64(32), 2: np.int64(46), 3: np.int64(35), 4: np.int64(50), 5: np.int64(52), 6: np.int64(9)}","{(0, 1): [(np.int64(54), 22), (22, 10), (10, 4), (4, 1), (1, 3), (3, 7), (7, 16), (16, 32)], (0, 2): []}","{(0, np.int64(54)): {'cpu': 10}, (1, np.int64(32)): {'cpu': 20}, (2, np.int64(46)): {'cpu': 3}, (3, np.int64(35)): {'cpu': 17}, (4, np.int64(50)): {'cpu': 10}, (5, np.int64(52)): {'cpu': 9}, (6, np.int64(9)): {'cpu': 15}}","{((0, 1), (np.int64(54), 22)): {'bw': 44}, ((0, 1), (22, 10)): {'bw': 44}, ((0, 1), (10, 4)): {'bw': 44}, ((0, 1), (4, 1)): {'bw': 44}, ((0, 1), (1, 3)): {'bw': 44}, ((0, 1), (3, 7)): {'bw': 44}, ((0, 1), (7, 16)): {'bw': 44}, ((0, 1), (16, 32)): {'bw': 44}}",0.0,0.0,168.0,84.0,331.0,0.0,0.0,0.0,0.0,0.0,0.0,0.0,0.0,0.0,Route Failure,100.0,"{'node_level': {}, 'link_level': {}, 'path_level': {}}","{'node_level': {0: {'cpu': -81}, 1: {'cpu': -54}, 2: {'cpu': -62}, 3: {'cpu': -39}, 4: {'cpu': -48}, 5: {'cpu': -86}, 6: {'cpu': -41}}, 'link_level': {(0, 1): {'bw': -12}, (0, 2): {'bw': 100.0}}, 'path_level': {(0, 1): {}, (0, 2): {}}}","{'node_level': {0: {'cpu': 0}, 1: {'cpu': 0}, 2: {'cpu': 0}, 3: {'cpu': 0}, 4: {'cpu': 0}, 5: {'cpu': 0}, 6: {'cpu': 0}}, 'link_level': {(0, 1): {'bw': 0}, (0, 2): {'bw': 100.0}}, 'path_level': {(0, 1): {}, (0, 2): {}}}",[],-inf,-inf,True,False,False,0,[],0,0.0,7.0,2.0
42,6,4,393.0,729.0,247843.25811219294,460603.3944649956,0.5390946502057613,0.5380838723519834,16,64,1,1004.0,8915,4766,4149,0.022158391464915828,0.10388768898488121,41,214.6240785142239,1004.0,5,6,False,"{0: np.int64(56), 1: np.int64(3), 2: np.int64(40), 3: np.int64(7), 4: np.int64(52)}","{(0, 1): []}","{(0, np.int64(56)): {'cpu': 7}, (1, np.int64(3)): {'cpu': 15}, (2, np.int64(40)): {'cpu': 2}, (3, np.int64(7)): {'cpu': 8}, (4, np.int64(52)): {'cpu': 15}}",{},0.0,0.0,94.0,47.0,188.0,0.0,0.0,0.0,0.0,0.0,0.0,0.0,0.0,0.0,Route Failure,100.0,"{'node_level': {}, 'link_level': {}, 'path_level': {}}","{'node_level': {0: {'cpu': -51}, 1: {'cpu': -43}, 2: {'cpu': -64}, 3: {'cpu': -53}, 4: {'cpu': -80}}, 'link_level': {(0, 1): {'bw': 100.0}}, 'path_level': {(0, 1): {}}}","{'node_level': {0: {'cpu': 0}, 1: {'cpu': 0}, 2: {'cpu': 0}, 3: {'cpu': 0}, 4: {'cpu': 0}}, 'link_level': {(0, 1): {'bw': 100.0}}, 'path_level': {(0, 1): {}}}",[],-inf,-inf,True,False,False,0,[],0,0.0,5.0,1.0
43,7,5,450.0,870.0,271839.4972334876,519962.5122913561,0.5172413793103449,0.5228059539053171,17,65,1,1028.0,8774,4737,4037,0.0281083299138285,0.12807775377969766,42,420.9866512507837,1028.0,2,1,True,"{0: np.int64(37), 1: np.int64(1)}","{(0, 1): [(np.int64(37), 21), (21, 10), (10, 4), (4, 1)]}","{(0, np.int64(37)): {'cpu': 11}, (1, np.int64(1)): {'cpu': 18}}","{((0, 1), (np.int64(37), 21)): {'bw': 28}, ((0, 1), (21, 10)): {'bw': 28}, ((0, 1), (10, 4)): {'bw': 28}, ((0, 1), (4, 1)): {'bw': 28}}",141.0,57.0,58.0,29.0,28.0,29.0,28.0,29.0,112.0,84.0,0.40425531914893614,59359.1178263605,23996.23912129467,170.18609305882745,Success,0.0,"{'node_level': {}, 'link_level': {}, 'path_level': {}}","{'node_level': {0: {'cpu': -58}, 1: {'cpu': -47}}, 'link_level': {(0, 1): {'bw': -38}}, 'path_level': {(0, 1): {}}}","{'node_level': {0: {'cpu': 0}, 1: {'cpu': 0}}, 'link_level': {(0, 1): {'bw': 0}}, 'path_level': {(0, 1): {}}}",[],-inf,-inf,True,True,False,0,[],0,0.0,2.0,1.0
43,7,5,450.0,870.0,271839.4972334876,519962.5122913561,0.5172413793103449,0.5228059539053171,17,66,0,1044.9142756545739,8774,4737,4037,0.0281083299138285,0.12807775377969766,38,116.91427565457393,928.0,8,13,False,{},{},{},{},0.0,0.0,0.0,0.0,0.0,0.0,0.0,0.0,0.0,0.0,0.0,0.0,0.0,0.0,Leave Event,0.0,"{'node_level': {}, 'link_level': {}, 'path_level': {}}","{'node_level': {}, 'link_level': {}, 'path_level': {}}","{'node_level': {}, 'link_level': {}, 'path_level': {}}",[],-inf,-inf,True,True,False,0,[],0,0.0,,
44,8,6,505.0,1153.0,316813.8363534688,751375.9299450776,0.43798785776235905,0.4216449099941577,19,67,1,1055.0,8491,4720,3771,0.031596224866639266,0.18552915766738665,43,817.7152567269313,1055.0,2,1,True,"{0: np.int64(13), 1: np.int64(17)}","{(0, 1): [(np.int64(13), 6), (6, 2), (2, 0), (0, 1), (1, 3), (3, 8), (8, 17)]}","{(0, np.int64(13)): {'cpu': 5}, (1, np.int64(17)): {'cpu': 12}}","{((0, 1), (np.int64(13), 6)): {'bw': 38}, ((0, 1), (6, 2)): {'bw': 38}, ((0, 1), (2, 0)): {'bw': 38}, ((0, 1), (0, 1)): {'bw': 38}, ((0, 1), (1, 3)): {'bw': 38}, ((0, 1), (3, 8)): {'bw': 38}, ((0, 1), (8, 17)): {'bw': 38}}",283.0,55.0,34.0,17.0,38.0,17.0,38.0,17.0,266.0,228.0,0.19434628975265017,231413.41765372155,44974.339119981225,158.9199262190149,Success,0.0,"{'node_level': {}, 'link_level': {}, 'path_level': {}}","{'node_level': {0: {'cpu': -56}, 1: {'cpu': -64}}, 'link_level': {(0, 1): {'bw': -24}}, 'path_level': {(0, 1): {}}}","{'node_level': {0: {'cpu': 0}, 1: {'cpu': 0}}, 'link_level': {(0, 1): {'bw': 0}}, 'path_level': {(0, 1): {}}}",[],-inf,-inf,True,True,False,0,[],0,0.0,2.0,1.0
45,8,6,505.0,1153.0,316813.8363534688,751375.9299450776,0.43798785776235905,0.4216449099941577,19,68,1,1081.0,8491,4720,3771,0.031596224866639266,0.18552915766738665,44,895.363735163005,1081.0,4,5,False,"{0: np.int64(62), 1: np.int64(48), 2: np.int64(23), 3: np.int64(54)}","{(0, 1): [(np.int64(62), 30), (30, 14), (14, 6), (6, 2), (2, 0), (0, 1), (1, 3), (3, 7), (7, 16), (16, 48)], (0, 2): [(np.int64(62), 30), (30, 14), (14, 6), (6, 2), (2, 5), (5, 11), (11, 23)], (0, 3): []}","{(0, np.int64(62)): {'cpu': 12}, (1, np.int64(48)): {'cpu': 1}, (2, np.int64(23)): {'cpu': 11}, (3, np.int64(54)): {'cpu': 19}}","{((0, 1), (np.int64(62), 30)): {'bw': 0}, ((0, 1), (30, 14)): {'bw': 0}, ((0, 1), (14, 6)): {'bw': 0}, ((0, 1), (6, 2)): {'bw': 0}, ((0, 1), (2, 0)): {'bw': 0}, ((0, 1), (0, 1)): {'bw': 0}, ((0, 1), (1, 3)): {'bw': 0}, ((0, 1), (3, 7)): {'bw': 0}, ((0, 1), (7, 16)): {'bw': 0}, ((0, 1), (16, 48)): {'bw': 0}, ((0, 2), (np.int64(62), 30)): {'bw': 19}, ((0, 2), (30, 14)): {'bw': 19}, ((0, 2), (14, 6)): {'bw': 19}, ((0, 2), (6, 2)): {'bw': 19}, ((0, 2), (2, 5)): {'bw': 19}, ((0, 2), (5, 11)): {'bw': 19}, ((0, 2), (11, 23)): {'bw': 19}}",0.0,0.0,86.0,43.0,107.0,0.0,0.0,0.0,0.0,0.0,0.0,0.0,0.0,0.0,Route Failure,100.0,"{'node_level': {}, 'link_level': {}, 'path_level': {}}","{'node_level': {0: {'cpu': -64}, 1: {'cpu': -88}, 2: {'cpu': -43}, 3: {'cpu': -72}}, 'link_level': {(0, 1): {'bw': -19}, (0, 2): {'bw': 0}, (0, 3): {'bw': 100.0}}, 'path_level': {(0, 1): {}, (0, 2): {}, (0, 3): {}}}","{'node_level': {0: {'cpu': 0}, 1: {'cpu': 0}, 2: {'cpu': 0}, 3: {'cpu': 0}}, 'link_level': {(0, 1): {'bw': 0}, (0, 2): {'bw': 0}, (0, 3): {'bw': 100.0}}, 'path_level': {(0, 1): {}, (0, 2): {}, (0, 3): {}}}",[],-inf,-inf,True,False,False,0,[],0,0.0,4.0,3.0
46,8,6,505.0,1153.0,316813.8363534688,751375.9299450776,0.43798785776235905,0.4216449099941577,19,69,1,1107.0,8491,4720,3771,0.031596224866639266,0.18552915766738665,45,115.20599939157536,1107.0,10,18,False,"{0: np.int64(54), 1: np.int64(14), 2: np.int64(51), 3: np.int64(11), 4: np.int64(49), 5: np.int64(15), 6: np.int64(12), 7: np.int64(30), 8: np.int64(2), 9: np.int64(17)}","{(0, 1): []}","{(0, np.int64(54)): {'cpu': 19}, (1, np.int64(14)): {'cpu': 5}, (2, np.int64(51)): {'cpu': 12}, (3, np.int64(11)): {'cpu': 0}, (4, np.int64(49)): {'cpu': 1}, (5, np.int64(15)): {'cpu': 1}, (6, np.int64(12)): {'cpu': 18}, (7, np.int64(30)): {'cpu': 15}, (8, np.int64(2)): {'cpu': 13}, (9, np.int64(17)): {'cpu': 12}}",{},0.0,0.0,192.0,96.0,480.0,0.0,0.0,0.0,0.0,0.0,0.0,0.0,0.0,0.0,Route Failure,100.0,"{'node_level': {}, 'link_level': {}, 'path_level': {}}","{'node_level': {0: {'cpu': -72}, 1: {'cpu': -66}, 2: {'cpu': -88}, 3: {'cpu': -99}, 4: {'cpu': -95}, 5: {'cpu': -96}, 6: {'cpu': -46}, 7: {'cpu': -21}, 8: {'cpu': -68}, 9: {'cpu': -52}}, 'link_level': {(0, 1): {'bw': 100.0}}, 'path_level': {(0, 1): {}}}","{'node_level': {0: {'cpu': 0}, 1: {'cpu': 0}, 2: {'cpu': 0}, 3: {'cpu': 0}, 4: {'cpu': 0}, 5: {'cpu': 0}, 6: {'cpu': 0}, 7: {'cpu': 0}, 8: {'cpu': 0}, 9: {'cpu': 0}}, 'link_level': {(0, 1): {'bw': 100.0}}, 'path_level': {(0, 1): {}}}",[],-inf,-inf,True,False,False,0,[],0,0.0,10.0,1.0
46,8,5,505.0,1153.0,316813.8363534688,751375.9299450776,0.43798785776235905,0.4216449099941577,19,70,0,1125.8058587472522,8581,4767,3814,0.02195322117357401,0.1762419006479482,37,212.80585874725213,913.0,3,2,False,{},{},{},{},0.0,0.0,0.0,0.0,0.0,0.0,0.0,0.0,0.0,0.0,0.0,0.0,0.0,0.0,Leave Event,0.0,"{'node_level': {}, 'link_level': {}, 'path_level': {}}","{'node_level': {}, 'link_level': {}, 'path_level': {}}","{'node_level': {}, 'link_level': {}, 'path_level': {}}",[],-inf,-inf,True,True,False,0,[],0,0.0,,
47,8,5,505.0,1153.0,316813.8363534688,751375.9299450776,0.43798785776235905,0.4216449099941577,19,71,1,1133.0,8581,4767,3814,0.02195322117357401,0.1762419006479482,46,655.9278799349253,1133.0,10,21,False,"{0: np.int64(50), 1: np.int64(39), 2: np.int64(60), 3: np.int64(38), 4: np.int64(5), 5: np.int64(1), 6: np.int64(62), 7: np.int64(56), 8: np.int64(10), 9: np.int64(9)}","{(0, 2): []}","{(0, np.int64(50)): {'cpu': 13}, (1, np.int64(39)): {'cpu': 8}, (2, np.int64(60)): {'cpu': 0}, (3, np.int64(38)): {'cpu': 5}, (4, np.int64(5)): {'cpu': 18}, (5, np.int64(1)): {'cpu': 4}, (6, np.int64(62)): {'cpu': 13}, (7, np.int64(56)): {'cpu': 20}, (8, np.int64(10)): {'cpu': 0}, (9, np.int64(9)): {'cpu': 7}}",{},0.0,0.0,176.0,88.0,395.0,0.0,0.0,0.0,0.0,0.0,0.0,0.0,0.0,0.0,Route Failure,100.0,"{'node_level': {}, 'link_level': {}, 'path_level': {}}","{'node_level': {0: {'cpu': -45}, 1: {'cpu': -44}, 2: {'cpu': -90}, 3: {'cpu': -76}, 4: {'cpu': -75}, 5: {'cpu': -43}, 6: {'cpu': -63}, 7: {'cpu': -38}, 8: {'cpu': -84}, 9: {'cpu': -49}}, 'link_level': {(0, 2): {'bw': 100.0}}, 'path_level': {(0, 2): {}}}","{'node_level': {0: {'cpu': 0}, 1: {'cpu': 0}, 2: {'cpu': 0}, 3: {'cpu': 0}, 4: {'cpu': 0}, 5: {'cpu': 0}, 6: {'cpu': 0}, 7: {'cpu': 0}, 8: {'cpu': 0}, 9: {'cpu': 0}}, 'link_level': {(0, 2): {'bw': 100.0}}, 'path_level': {(0, 2): {}}}",[],-inf,-inf,True,False,False,0,[],0,0.0,10.0,1.0
47,8,5,505.0,1153.0,316813.8363534688,751375.9299450776,0.43798785776235905,0.4216449099941577,19,72,0,1133.3415594310882,8581,4767,3814,0.02195322117357401,0.1762419006479482,29,414.3415594310883,719.0,4,4,False,{},{},{},{},0.0,0.0,0.0,0.0,0.0,0.0,0.0,0.0,0.0,0.0,0.0,0.0,0.0,0.0,Leave Event,0.0,"{'node_level': {}, 'link_level': {}, 'path_level': {}}","{'node_level': {}, 'link_level': {}, 'path_level': {}}","{'node_level': {}, 'link_level': {}, 'path_level': {}}",[],-inf,-inf,True,True,False,0,[],0,0.0,,
47,8,4,505.0,1153.0,316813.8363534688,751375.9299450776,0.43798785776235905,0.4216449099941577,19,73,0,1154.3993538436498,8762,4770,3992,0.021337710299548673,0.13779697624190068,7,975.3993538436497,179.0,3,2,False,{},{},{},{},0.0,0.0,0.0,0.0,0.0,0.0,0.0,0.0,0.0,0.0,0.0,0.0,0.0,0.0,Leave Event,0.0,"{'node_level': {}, 'link_level': {}, 'path_level': {}}","{'node_level': {}, 'link_level': {}, 'path_level': {}}","{'node_level': {}, 'link_level': {}, 'path_level': {}}",[],-inf,-inf,True,True,False,0,[],0,0.0,,
47,8,4,505.0,1153.0,316813.8363534688,751375.9299450776,0.43798785776235905,0.4216449099941577,19,74,0,1160.7744500002177,8762,4770,3992,0.021337710299548673,0.13779697624190068,23,605.7744500002178,555.0,6,6,False,{},{},{},{},0.0,0.0,0.0,0.0,0.0,0.0,0.0,0.0,0.0,0.0,0.0,0.0,0.0,0.0,Leave Event,0.0,"{'node_level': {}, 'link_level': {}, 'path_level': {}}","{'node_level': {}, 'link_level': {}, 'path_level': {}}","{'node_level': {}, 'link_level': {}, 'path_level': {}}",[],-inf,-inf,True,True,False,0,[],0,0.0,,
48,8,4,505.0,1153.0,316813.8363534688,751375.9299450776,0.43798785776235905,0.4216449099941577,19,75,1,1162.0,8762,4770,3992,0.021337710299548673,0.13779697624190068,47,813.3280597182231,1162.0,4,6,False,"{0: np.int64(34), 1: np.int64(57), 2: np.int64(26), 3: np.int64(46)}","{(0, 1): []}","{(0, np.int64(34)): {'cpu': 19}, (1, np.int64(57)): {'cpu': 9}, (2, np.int64(26)): {'cpu': 5}, (3, np.int64(46)): {'cpu': 9}}",{},0.0,0.0,84.0,42.0,149.0,0.0,0.0,0.0,0.0,0.0,0.0,0.0,0.0,0.0,Route Failure,100.0,"{'node_level': {}, 'link_level': {}, 'path_level': {}}","{'node_level': {0: {'cpu': -77}, 1: {'cpu': -58}, 2: {'cpu': -84}, 3: {'cpu': -56}}, 'link_level': {(0, 1): {'bw': 100.0}}, 'path_level': {(0, 1): {}}}","{'node_level': {0: {'cpu': 0}, 1: {'cpu': 0}, 2: {'cpu': 0}, 3: {'cpu': 0}}, 'link_level': {(0, 1): {'bw': 100.0}}, 'path_level': {(0, 1): {}}}",[],-inf,-inf,True,False,False,0,[],0,0.0,4.0,1.0
48,8,4,505.0,1153.0,316813.8363534688,751375.9299450776,0.43798785776235905,0.4216449099941577,19,76,0,1176.194156125509,8762,4770,3992,0.021337710299548673,0.13779697624190068,9,944.1941561255088,232.0,6,9,False,{},{},{},{},0.0,0.0,0.0,0.0,0.0,0.0,0.0,0.0,0.0,0.0,0.0,0.0,0.0,0.0,Leave Event,0.0,"{'node_level': {}, 'link_level': {}, 'path_level': {}}","{'node_level': {}, 'link_level': {}, 'path_level': {}}","{'node_level': {}, 'link_level': {}, 'path_level': {}}",[],-inf,-inf,True,True,False,0,[],0,0.0,,
49,8,4,505.0,1153.0,316813.8363534688,751375.9299450776,0.43798785776235905,0.4216449099941577,19,77,1,1195.0,8762,4770,3992,0.021337710299548673,0.13779697624190068,48,22.043365422586767,1195.0,8,19,False,"{0: np.int64(24), 1: np.int64(12), 2: np.int64(43), 3: np.int64(22), 4: np.int64(19), 5: np.int64(31), 6: np.int64(39), 7: np.int64(46)}","{(0, 3): []}","{(0, np.int64(24)): {'cpu': 9}, (1, np.int64(12)): {'cpu': 19}, (2, np.int64(43)): {'cpu': 17}, (3, np.int64(22)): {'cpu': 17}, (4, np.int64(19)): {'cpu': 2}, (5, np.int64(31)): {'cpu': 20}, (6, np.int64(39)): {'cpu': 12}, (7, np.int64(46)): {'cpu': 17}}",{},0.0,0.0,226.0,113.0,334.0,0.0,0.0,0.0,0.0,0.0,0.0,0.0,0.0,0.0,Route Failure,100.0,"{'node_level': {}, 'link_level': {}, 'path_level': {}}","{'node_level': {0: {'cpu': -83}, 1: {'cpu': -62}, 2: {'cpu': -78}, 3: {'cpu': -71}, 4: {'cpu': -85}, 5: {'cpu': -35}, 6: {'cpu': -40}, 7: {'cpu': -48}}, 'link_level': {(0, 3): {'bw': 100.0}}, 'path_level': {(0, 3): {}}}","{'node_level': {0: {'cpu': 0}, 1: {'cpu': 0}, 2: {'cpu': 0}, 3: {'cpu': 0}, 4: {'cpu': 0}, 5: {'cpu': 0}, 6: {'cpu': 0}, 7: {'cpu': 0}}, 'link_level': {(0, 3): {'bw': 100.0}}, 'path_level': {(0, 3): {}}}",[],-inf,-inf,True,False,False,0,[],0,0.0,8.0,1.0
49,8,4,505.0,1153.0,316813.8363534688,751375.9299450776,0.43798785776235905,0.4216449099941577,19,78,0,1217.0433654225867,8762,4770,3992,0.021337710299548673,0.13779697624190068,48,22.043365422586767,1195.0,8,19,False,{},{},{},{},0.0,0.0,0.0,0.0,0.0,0.0,0.0,0.0,0.0,0.0,0.0,0.0,0.0,0.0,Leave Event,0.0,"{'node_level': {}, 'link_level': {}, 'path_level': {}}","{'node_level': {}, 'link_level': {}, 'path_level': {}}","{'node_level': {}, 'link_level': {}, 'path_level': {}}",[],-inf,-inf,True,True,False,0,[],0,0.0,,
49,8,4,505.0,1153.0,316813.8363534688,751375.9299450776,0.43798785776235905,0.4216449099941577,19,79,0,1218.6240785142238,8762,4770,3992,0.021337710299548673,0.13779697624190068,41,214.6240785142239,1004.0,5,6,False,{},{},{},{},0.0,0.0,0.0,0.0,0.0,0.0,0.0,0.0,0.0,0.0,0.0,0.0,0.0,0.0,Leave Event,0.0,"{'node_level': {}, 'link_level': {}, 'path_level': {}}","{'node_level': {}, 'link_level': {}, 'path_level': {}}","{'node_level': {}, 'link_level': {}, 'path_level': {}}",[],-inf,-inf,True,True,False,0,[],0,0.0,,
49,8,4,505.0,1153.0,316813.8363534688,751375.9299450776,0.43798785776235905,0.4216449099941577,19,80,0,1222.2059993915755,8762,4770,3992,0.021337710299548673,0.13779697624190068,45,115.20599939157536,1107.0,10,18,False,{},{},{},{},0.0,0.0,0.0,0.0,0.0,0.0,0.0,0.0,0.0,0.0,0.0,0.0,0.0,0.0,Leave Event,0.0,"{'node_level': {}, 'link_level': {}, 'path_level': {}}","{'node_level': {}, 'link_level': {}, 'path_level': {}}","{'node_level': {}, 'link_level': {}, 'path_level': {}}",[],-inf,-inf,True,True,False,0,[],0,0.0,,
50,8,4,505.0,1153.0,316813.8363534688,751375.9299450776,0.43798785776235905,0.4216449099941577,19,81,1,1223.0,8762,4770,3992,0.021337710299548673,0.13779697624190068,49,56.6892896455284,1223.0,7,10,False,"{0: np.int64(23), 1: np.int64(1), 2: np.int64(27), 3: np.int64(19), 4: np.int64(28), 5: np.int64(35), 6: np.int64(49)}","{(0, 1): [(np.int64(23), 11), (11, 5), (5, 2), (2, 0), (0, 1)], (0, 4): []}","{(0, np.int64(23)): {'cpu': 19}, (1, np.int64(1)): {'cpu': 12}, (2, np.int64(27)): {'cpu': 19}, (3, np.int64(19)): {'cpu': 19}, (4, np.int64(28)): {'cpu': 19}, (5, np.int64(35)): {'cpu': 19}, (6, np.int64(49)): {'cpu': 6}}","{((0, 1), (np.int64(23), 11)): {'bw': 18}, ((0, 1), (11, 5)): {'bw': 18}, ((0, 1), (5, 2)): {'bw': 18}, ((0, 1), (2, 0)): {'bw': 18}, ((0, 1), (0, 1)): {'bw': 18}}",0.0,0.0,226.0,113.0,290.0,0.0,0.0,0.0,0.0,0.0,0.0,0.0,0.0,0.0,Route Failure,100.0,"{'node_level': {}, 'link_level': {}, 'path_level': {}}","{'node_level': {0: {'cpu': -35}, 1: {'cpu': -35}, 2: {'cpu': -69}, 3: {'cpu': -68}, 4: {'cpu': -71}, 5: {'cpu': -37}, 6: {'cpu': -90}}, 'link_level': {(0, 1): {'bw': -11}, (0, 4): {'bw': 100.0}}, 'path_level': {(0, 1): {}, (0, 4): {}}}","{'node_level': {0: {'cpu': 0}, 1: {'cpu': 0}, 2: {'cpu': 0}, 3: {'cpu': 0}, 4: {'cpu': 0}, 5: {'cpu': 0}, 6: {'cpu': 0}}, 'link_level': {(0, 1): {'bw': 0}, (0, 4): {'bw': 100.0}}, 'path_level': {(0, 1): {}, (0, 4): {}}}",[],-inf,-inf,True,False,False,0,[],0,0.0,7.0,2.0
51,8,4,505.0,1153.0,316813.8363534688,751375.9299450776,0.43798785776235905,0.4216449099941577,19,82,1,1246.0,8762,4770,3992,0.021337710299548673,0.13779697624190068,50,285.53880582204164,1246.0,8,10,False,"{0: np.int64(50), 1: np.int64(44), 2: np.int64(33), 3: np.int64(20), 4: np.int64(51), 5: np.int64(2), 6: np.int64(61), 7: np.int64(25)}","{(0, 1): [(np.int64(50), 18), (18, 8), (8, 3), (3, 1), (1, 0), (0, 2), (2, 6), (6, 13), (13, 28), (28, 44)], (0, 4): []}","{(0, np.int64(50)): {'cpu': 15}, (1, np.int64(44)): {'cpu': 18}, (2, np.int64(33)): {'cpu': 8}, (3, np.int64(20)): {'cpu': 15}, (4, np.int64(51)): {'cpu': 4}, (5, np.int64(2)): {'cpu': 1}, (6, np.int64(61)): {'cpu': 0}, (7, np.int64(25)): {'cpu': 18}}","{((0, 1), (np.int64(50), 18)): {'bw': 13}, ((0, 1), (18, 8)): {'bw': 13}, ((0, 1), (8, 3)): {'bw': 13}, ((0, 1), (3, 1)): {'bw': 13}, ((0, 1), (1, 0)): {'bw': 13}, ((0, 1), (0, 2)): {'bw': 13}, ((0, 1), (2, 6)): {'bw': 13}, ((0, 1), (6, 13)): {'bw': 13}, ((0, 1), (13, 28)): {'bw': 13}, ((0, 1), (28, 44)): {'bw': 13}}",0.0,0.0,158.0,79.0,207.0,0.0,0.0,0.0,0.0,0.0,0.0,0.0,0.0,0.0,Route Failure,100.0,"{'node_level': {}, 'link_level': {}, 'path_level': {}}","{'node_level': {0: {'cpu': -43}, 1: {'cpu': -36}, 2: {'cpu': -46}, 3: {'cpu': -74}, 4: {'cpu': -96}, 5: {'cpu': -80}, 6: {'cpu': -96}, 7: {'cpu': -75}}, 'link_level': {(0, 1): {'bw': -5}, (0, 4): {'bw': 100.0}}, 'path_level': {(0, 1): {}, (0, 4): {}}}","{'node_level': {0: {'cpu': 0}, 1: {'cpu': 0}, 2: {'cpu': 0}, 3: {'cpu': 0}, 4: {'cpu': 0}, 5: {'cpu': 0}, 6: {'cpu': 0}, 7: {'cpu': 0}}, 'link_level': {(0, 1): {'bw': 0}, (0, 4): {'bw': 100.0}}, 'path_level': {(0, 1): {}, (0, 4): {}}}",[],-inf,-inf,True,False,False,0,[],0,0.0,8.0,2.0
52,8,4,505.0,1153.0,316813.8363534688,751375.9299450776,0.43798785776235905,0.4216449099941577,19,83,1,1267.0,8762,4770,3992,0.021337710299548673,0.13779697624190068,51,124.79588479393625,1267.0,8,14,False,"{0: np.int64(48), 1: np.int64(50), 2: np.int64(21), 3: np.int64(51), 4: np.int64(60), 5: np.int64(56), 6: np.int64(57), 7: np.int64(61)}","{(0, 1): [(np.int64(48), 16), (16, 7), (7, 3), (3, 8), (8, 18), (18, 50)], (1, 4): []}","{(0, np.int64(48)): {'cpu': 6}, (1, np.int64(50)): {'cpu': 14}, (2, np.int64(21)): {'cpu': 18}, (3, np.int64(51)): {'cpu': 18}, (4, np.int64(60)): {'cpu': 0}, (5, np.int64(56)): {'cpu': 10}, (6, np.int64(57)): {'cpu': 15}, (7, np.int64(61)): {'cpu': 11}}","{((0, 1), (np.int64(48), 16)): {'bw': 20}, ((0, 1), (16, 7)): {'bw': 20}, ((0, 1), (7, 3)): {'bw': 20}, ((0, 1), (3, 8)): {'bw': 20}, ((0, 1), (8, 18)): {'bw': 20}, ((0, 1), (18, 50)): {'bw': 20}}",0.0,0.0,184.0,92.0,323.0,0.0,0.0,0.0,0.0,0.0,0.0,0.0,0.0,0.0,Route Failure,100.0,"{'node_level': {}, 'link_level': {}, 'path_level': {}}","{'node_level': {0: {'cpu': -83}, 1: {'cpu': -44}, 2: {'cpu': -35}, 3: {'cpu': -82}, 4: {'cpu': -90}, 5: {'cpu': -48}, 6: {'cpu': -52}, 7: {'cpu': -85}}, 'link_level': {(0, 1): {'bw': -4}, (1, 4): {'bw': 100.0}}, 'path_level': {(0, 1): {}, (1, 4): {}}}","{'node_level': {0: {'cpu': 0}, 1: {'cpu': 0}, 2: {'cpu': 0}, 3: {'cpu': 0}, 4: {'cpu': 0}, 5: {'cpu': 0}, 6: {'cpu': 0}, 7: {'cpu': 0}}, 'link_level': {(0, 1): {'bw': 0}, (1, 4): {'bw': 100.0}}, 'path_level': {(0, 1): {}, (1, 4): {}}}",[],-inf,-inf,True,False,False,0,[],0,0.0,8.0,2.0
52,8,4,505.0,1153.0,316813.8363534688,751375.9299450776,0.43798785776235905,0.4216449099941577,19,84,0,1279.6892896455283,8762,4770,3992,0.021337710299548673,0.13779697624190068,49,56.6892896455284,1223.0,7,10,False,{},{},{},{},0.0,0.0,0.0,0.0,0.0,0.0,0.0,0.0,0.0,0.0,0.0,0.0,0.0,0.0,Leave Event,0.0,"{'node_level': {}, 'link_level': {}, 'path_level': {}}","{'node_level': {}, 'link_level': {}, 'path_level': {}}","{'node_level': {}, 'link_level': {}, 'path_level': {}}",[],-inf,-inf,True,True,False,0,[],0,0.0,,
53,8,4,505.0,1153.0,316813.8363534688,751375.9299450776,0.43798785776235905,0.4216449099941577,19,85,1,1289.0,8762,4770,3992,0.021337710299548673,0.13779697624190068,52,1062.7304519303366,1289.0,8,13,False,"{0: np.int64(29), 1: np.int64(60), 2: np.int64(58), 3: np.int64(6), 4: np.int64(37), 5: np.int64(39), 6: np.int64(52), 7: np.int64(41)}","{(0, 1): []}","{(0, np.int64(29)): {'cpu': 4}, (1, np.int64(60)): {'cpu': 2}, (2, np.int64(58)): {'cpu': 14}, (3, np.int64(6)): {'cpu': 8}, (4, np.int64(37)): {'cpu': 13}, (5, np.int64(39)): {'cpu': 15}, (6, np.int64(52)): {'cpu': 6}, (7, np.int64(41)): {'cpu': 8}}",{},0.0,0.0,140.0,70.0,256.0,0.0,0.0,0.0,0.0,0.0,0.0,0.0,0.0,0.0,Route Failure,100.0,"{'node_level': {}, 'link_level': {}, 'path_level': {}}","{'node_level': {0: {'cpu': -79}, 1: {'cpu': -88}, 2: {'cpu': -58}, 3: {'cpu': -60}, 4: {'cpu': -45}, 5: {'cpu': -37}, 6: {'cpu': -89}, 7: {'cpu': -88}}, 'link_level': {(0, 1): {'bw': 100.0}}, 'path_level': {(0, 1): {}}}","{'node_level': {0: {'cpu': 0}, 1: {'cpu': 0}, 2: {'cpu': 0}, 3: {'cpu': 0}, 4: {'cpu': 0}, 5: {'cpu': 0}, 6: {'cpu': 0}, 7: {'cpu': 0}}, 'link_level': {(0, 1): {'bw': 100.0}}, 'path_level': {(0, 1): {}}}",[],-inf,-inf,True,False,False,0,[],0,0.0,8.0,1.0
54,8,4,505.0,1153.0,316813.8363534688,751375.9299450776,0.43798785776235905,0.4216449099941577,19,86,1,1313.0,8762,4770,3992,0.021337710299548673,0.13779697624190068,53,635.9251806544353,1313.0,5,4,False,"{0: np.int64(36), 1: np.int64(51), 2: np.int64(2), 3: np.int64(46), 4: np.int64(37)}","{(0, 1): [(np.int64(36), 20), (20, 9), (9, 19), (19, 51)], (0, 2): []}","{(0, np.int64(36)): {'cpu': 2}, (1, np.int64(51)): {'cpu': 19}, (2, np.int64(2)): {'cpu': 19}, (3, np.int64(46)): {'cpu': 8}, (4, np.int64(37)): {'cpu': 16}}","{((0, 1), (np.int64(36), 20)): {'bw': 13}, ((0, 1), (20, 9)): {'bw': 13}, ((0, 1), (9, 19)): {'bw': 13}, ((0, 1), (19, 51)): {'bw': 13}}",0.0,0.0,128.0,64.0,134.0,0.0,0.0,0.0,0.0,0.0,0.0,0.0,0.0,0.0,Route Failure,100.0,"{'node_level': {}, 'link_level': {}, 'path_level': {}}","{'node_level': {0: {'cpu': -79}, 1: {'cpu': -81}, 2: {'cpu': -62}, 3: {'cpu': -57}, 4: {'cpu': -42}}, 'link_level': {(0, 1): {'bw': -38}, (0, 2): {'bw': 100.0}}, 'path_level': {(0, 1): {}, (0, 2): {}}}","{'node_level': {0: {'cpu': 0}, 1: {'cpu': 0}, 2: {'cpu': 0}, 3: {'cpu': 0}, 4: {'cpu': 0}}, 'link_level': {(0, 1): {'bw': 0}, (0, 2): {'bw': 100.0}}, 'path_level': {(0, 1): {}, (0, 2): {}}}",[],-inf,-inf,True,False,False,0,[],0,0.0,5.0,2.0
54,8,3,505.0,1153.0,316813.8363534688,751375.9299450776,0.43798785776235905,0.4216449099941577,19,87,0,1321.9576239147773,9010,4793,4217,0.0166187935986869,0.08920086393088555,31,565.9576239147773,756.0,3,2,False,{},{},{},{},0.0,0.0,0.0,0.0,0.0,0.0,0.0,0.0,0.0,0.0,0.0,0.0,0.0,0.0,Leave Event,0.0,"{'node_level': {}, 'link_level': {}, 'path_level': {}}","{'node_level': {}, 'link_level': {}, 'path_level': {}}","{'node_level': {}, 'link_level': {}, 'path_level': {}}",[],-inf,-inf,True,True,False,0,[],0,0.0,,
55,8,3,505.0,1153.0,316813.8363534688,751375.9299450776,0.43798785776235905,0.4216449099941577,19,88,1,1332.0,9010,4793,4217,0.0166187935986869,0.08920086393088555,54,624.1492383005581,1332.0,10,24,False,"{0: np.int64(20), 1: np.int64(39), 2: np.int64(58), 3: np.int64(11), 4: np.int64(26), 5: np.int64(46), 6: np.int64(36), 7: np.int64(42), 8: np.int64(55), 9: np.int64(32)}","{(0, 1): []}","{(0, np.int64(20)): {'cpu': 4}, (1, np.int64(39)): {'cpu': 16}, (2, np.int64(58)): {'cpu': 14}, (3, np.int64(11)): {'cpu': 3}, (4, np.int64(26)): {'cpu': 12}, (5, np.int64(46)): {'cpu': 17}, (6, np.int64(36)): {'cpu': 5}, (7, np.int64(42)): {'cpu': 4}, (8, np.int64(55)): {'cpu': 14}, (9, np.int64(32)): {'cpu': 2}}",{},0.0,0.0,182.0,91.0,743.0,0.0,0.0,0.0,0.0,0.0,0.0,0.0,0.0,0.0,Route Failure,100.0,"{'node_level': {}, 'link_level': {}, 'path_level': {}}","{'node_level': {0: {'cpu': -85}, 1: {'cpu': -36}, 2: {'cpu': -58}, 3: {'cpu': -96}, 4: {'cpu': -77}, 5: {'cpu': -48}, 6: {'cpu': -76}, 7: {'cpu': -58}, 8: {'cpu': -81}, 9: {'cpu': -72}}, 'link_level': {(0, 1): {'bw': 100.0}}, 'path_level': {(0, 1): {}}}","{'node_level': {0: {'cpu': 0}, 1: {'cpu': 0}, 2: {'cpu': 0}, 3: {'cpu': 0}, 4: {'cpu': 0}, 5: {'cpu': 0}, 6: {'cpu': 0}, 7: {'cpu': 0}, 8: {'cpu': 0}, 9: {'cpu': 0}}, 'link_level': {(0, 1): {'bw': 100.0}}, 'path_level': {(0, 1): {}}}",[],-inf,-inf,True,False,False,0,[],0,0.0,10.0,1.0
56,8,3,505.0,1153.0,316813.8363534688,751375.9299450776,0.43798785776235905,0.4216449099941577,19,89,1,1356.0,9010,4793,4217,0.0166187935986869,0.08920086393088555,55,734.5329845795372,1356.0,4,3,False,"{0: np.int64(22), 1: np.int64(32), 2: np.int64(38), 3: np.int64(9)}","{(0, 3): [(np.int64(22), 10), (10, 4), (4, 9)], (1, 3): [(np.int64(32), 16), (16, 7), (7, 3), (3, 1), (1, 4), (4, 9)], (2, 3): []}","{(0, np.int64(22)): {'cpu': 2}, (1, np.int64(32)): {'cpu': 11}, (2, np.int64(38)): {'cpu': 4}, (3, np.int64(9)): {'cpu': 9}}","{((0, 3), (np.int64(22), 10)): {'bw': 21}, ((0, 3), (10, 4)): {'bw': 21}, ((0, 3), (4, 9)): {'bw': 21}, ((1, 3), (np.int64(32), 16)): {'bw': 2}, ((1, 3), (16, 7)): {'bw': 2}, ((1, 3), (7, 3)): {'bw': 2}, ((1, 3), (3, 1)): {'bw': 2}, ((1, 3), (1, 4)): {'bw': 2}, ((1, 3), (4, 9)): {'bw': 2}}",0.0,0.0,52.0,26.0,62.0,0.0,0.0,0.0,0.0,0.0,0.0,0.0,0.0,0.0,Route Failure,100.0,"{'node_level': {}, 'link_level': {}, 'path_level': {}}","{'node_level': {0: {'cpu': -86}, 1: {'cpu': -63}, 2: {'cpu': -77}, 3: {'cpu': -47}}, 'link_level': {(0, 3): {'bw': -19}, (1, 3): {'bw': -17}, (2, 3): {'bw': 100.0}}, 'path_level': {(0, 3): {}, (1, 3): {}, (2, 3): {}}}","{'node_level': {0: {'cpu': 0}, 1: {'cpu': 0}, 2: {'cpu': 0}, 3: {'cpu': 0}}, 'link_level': {(0, 3): {'bw': 0}, (1, 3): {'bw': 0}, (2, 3): {'bw': 100.0}}, 'path_level': {(0, 3): {}, (1, 3): {}, (2, 3): {}}}",[],-inf,-inf,True,False,False,0,[],0,0.0,4.0,3.0
57,9,4,567.0,1268.0,329263.22409846284,774467.5362462762,0.4471608832807571,0.42514787087700345,21,90,1,1376.0,8895,4764,4131,0.02256873204759946,0.10777537796976244,56,200.79657653216137,1376.0,3,2,True,"{0: np.int64(56), 1: np.int64(13), 2: np.int64(11)}","{(0, 2): [(np.int64(56), 24), (24, 11)], (1, 2): [(np.int64(13), 6), (6, 2), (2, 5), (5, 11)]}","{(0, np.int64(56)): {'cpu': 11}, (1, np.int64(13)): {'cpu': 14}, (2, np.int64(11)): {'cpu': 4}}","{((0, 2), (np.int64(56), 24)): {'bw': 23}, ((0, 2), (24, 11)): {'bw': 23}, ((1, 2), (np.int64(13), 6)): {'bw': 10}, ((1, 2), (6, 2)): {'bw': 10}, ((1, 2), (2, 5)): {'bw': 10}, ((1, 2), (5, 11)): {'bw': 10}}",115.0,62.0,58.0,29.0,33.0,29.0,33.0,29.0,86.0,53.0,0.5391304347826087,23091.606301198557,12449.387744994005,108.25554560864352,Success,0.0,"{'node_level': {}, 'link_level': {}, 'path_level': {}}","{'node_level': {0: {'cpu': -47}, 1: {'cpu': -42}, 2: {'cpu': -95}}, 'link_level': {(0, 2): {'bw': -57}, (1, 2): {'bw': -36}}, 'path_level': {(0, 2): {}, (1, 2): {}}}","{'node_level': {0: {'cpu': 0}, 1: {'cpu': 0}, 2: {'cpu': 0}}, 'link_level': {(0, 2): {'bw': 0}, (1, 2): {'bw': 0}}, 'path_level': {(0, 2): {}, (1, 2): {}}}",[],-inf,-inf,True,True,False,0,[],0,0.0,3.0,2.0
57,9,4,567.0,1268.0,329263.22409846284,774467.5362462762,0.4471608832807571,0.42514787087700345,21,91,0,1391.7958847939362,8895,4764,4131,0.02256873204759946,0.10777537796976244,51,124.79588479393625,1267.0,8,14,False,{},{},{},{},0.0,0.0,0.0,0.0,0.0,0.0,0.0,0.0,0.0,0.0,0.0,0.0,0.0,0.0,Leave Event,0.0,"{'node_level': {}, 'link_level': {}, 'path_level': {}}","{'node_level': {}, 'link_level': {}, 'path_level': {}}","{'node_level': {}, 'link_level': {}, 'path_level': {}}",[],-inf,-inf,True,True,False,0,[],0,0.0,,
58,9,4,567.0,1268.0,329263.22409846284,774467.5362462762,0.4471608832807571,0.42514787087700345,21,92,1,1400.0,8895,4764,4131,0.02256873204759946,0.10777537796976244,57,129.78076160090816,1400.0,6,12,False,"{0: np.int64(44), 1: np.int64(10), 2: np.int64(43), 3: np.int64(0), 4: np.int64(47), 5: np.int64(59)}","{(0, 1): [(np.int64(44), 28), (28, 13), (13, 6), (6, 2), (2, 0), (0, 1), (1, 4), (4, 10)], (0, 2): [(np.int64(44), 28), (28, 13), (13, 27), (27, 43)], (0, 4): [(np.int64(44), 28), (28, 13), (13, 6), (6, 2), (2, 0), (0, 1), (1, 3), (3, 7), (7, 15), (15, 47)], (0, 5): [(np.int64(44), 28), (28, 13), (13, 27), (27, 59)], (1, 2): []}","{(0, np.int64(44)): {'cpu': 14}, (1, np.int64(10)): {'cpu': 4}, (2, np.int64(43)): {'cpu': 14}, (3, np.int64(0)): {'cpu': 14}, (4, np.int64(47)): {'cpu': 16}, (5, np.int64(59)): {'cpu': 1}}","{((0, 1), (np.int64(44), 28)): {'bw': 11}, ((0, 1), (28, 13)): {'bw': 11}, ((0, 1), (13, 6)): {'bw': 11}, ((0, 1), (6, 2)): {'bw': 11}, ((0, 1), (2, 0)): {'bw': 11}, ((0, 1), (0, 1)): {'bw': 11}, ((0, 1), (1, 4)): {'bw': 11}, ((0, 1), (4, 10)): {'bw': 11}, ((0, 2), (np.int64(44), 28)): {'bw': 31}, ((0, 2), (28, 13)): {'bw': 31}, ((0, 2), (13, 27)): {'bw': 31}, ((0, 2), (27, 43)): {'bw': 31}, ((0, 4), (np.int64(44), 28)): {'bw': 2}, ((0, 4), (28, 13)): {'bw': 2}, ((0, 4), (13, 6)): {'bw': 2}, ((0, 4), (6, 2)): {'bw': 2}, ((0, 4), (2, 0)): {'bw': 2}, ((0, 4), (0, 1)): {'bw': 2}, ((0, 4), (1, 3)): {'bw': 2}, ((0, 4), (3, 7)): {'bw': 2}, ((0, 4), (7, 15)): {'bw': 2}, ((0, 4), (15, 47)): {'bw': 2}, ((0, 5), (np.int64(44), 28)): {'bw': 13}, ((0, 5), (28, 13)): {'bw': 13}, ((0, 5), (13, 27)): {'bw': 13}, ((0, 5), (27, 59)): {'bw': 13}}",0.0,0.0,126.0,63.0,211.0,0.0,0.0,0.0,0.0,0.0,0.0,0.0,0.0,0.0,Route Failure,100.0,"{'node_level': {}, 'link_level': {}, 'path_level': {}}","{'node_level': {0: {'cpu': -40}, 1: {'cpu': -80}, 2: {'cpu': -86}, 3: {'cpu': -76}, 4: {'cpu': -83}, 5: {'cpu': -58}}, 'link_level': {(0, 1): {'bw': -18}, (0, 2): {'bw': -30}, (0, 4): {'bw': -16}, (0, 5): {'bw': -15}, (1, 2): {'bw': 100.0}}, 'path_level': {(0, 1): {}, (0, 2): {}, (0, 4): {}, (0, 5): {}, (1, 2): {}}}","{'node_level': {0: {'cpu': 0}, 1: {'cpu': 0}, 2: {'cpu': 0}, 3: {'cpu': 0}, 4: {'cpu': 0}, 5: {'cpu': 0}}, 'link_level': {(0, 1): {'bw': 0}, (0, 2): {'bw': 0}, (0, 4): {'bw': 0}, (0, 5): {'bw': 0}, (1, 2): {'bw': 100.0}}, 'path_level': {(0, 1): {}, (0, 2): {}, (0, 4): {}, (0, 5): {}, (1, 2): {}}}",[],-inf,-inf,True,False,False,0,[],0,0.0,6.0,5.0
59,9,4,567.0,1268.0,329263.22409846284,774467.5362462762,0.4471608832807571,0.42514787087700345,21,93,1,1422.0,8895,4764,4131,0.02256873204759946,0.10777537796976244,58,492.2097908690325,1422.0,10,16,False,"{0: np.int64(5), 1: np.int64(56), 2: np.int64(50), 3: np.int64(36), 4: np.int64(19), 5: np.int64(28), 6: np.int64(3), 7: np.int64(20), 8: np.int64(42), 9: np.int64(45)}","{(0, 1): [(np.int64(5), 11), (11, 24), (24, 56)], (0, 5): []}","{(0, np.int64(5)): {'cpu': 11}, (1, np.int64(56)): {'cpu': 10}, (2, np.int64(50)): {'cpu': 13}, (3, np.int64(36)): {'cpu': 6}, (4, np.int64(19)): {'cpu': 5}, (5, np.int64(28)): {'cpu': 20}, (6, np.int64(3)): {'cpu': 19}, (7, np.int64(20)): {'cpu': 16}, (8, np.int64(42)): {'cpu': 8}, (9, np.int64(45)): {'cpu': 19}}","{((0, 1), (np.int64(5), 11)): {'bw': 20}, ((0, 1), (11, 24)): {'bw': 20}, ((0, 1), (24, 56)): {'bw': 20}}",0.0,0.0,254.0,127.0,435.0,0.0,0.0,0.0,0.0,0.0,0.0,0.0,0.0,0.0,Route Failure,100.0,"{'node_level': {}, 'link_level': {}, 'path_level': {}}","{'node_level': {0: {'cpu': -82}, 1: {'cpu': -37}, 2: {'cpu': -45}, 3: {'cpu': -75}, 4: {'cpu': -82}, 5: {'cpu': -70}, 6: {'cpu': -39}, 7: {'cpu': -73}, 8: {'cpu': -54}, 9: {'cpu': -57}}, 'link_level': {(0, 1): {'bw': -37}, (0, 5): {'bw': 100.0}}, 'path_level': {(0, 1): {}, (0, 5): {}}}","{'node_level': {0: {'cpu': 0}, 1: {'cpu': 0}, 2: {'cpu': 0}, 3: {'cpu': 0}, 4: {'cpu': 0}, 5: {'cpu': 0}, 6: {'cpu': 0}, 7: {'cpu': 0}, 8: {'cpu': 0}, 9: {'cpu': 0}}, 'link_level': {(0, 1): {'bw': 0}, (0, 5): {'bw': 100.0}}, 'path_level': {(0, 1): {}, (0, 5): {}}}",[],-inf,-inf,True,False,False,0,[],0,0.0,10.0,2.0
60,9,4,567.0,1268.0,329263.22409846284,774467.5362462762,0.4471608832807571,0.42514787087700345,21,94,1,1446.0,8895,4764,4131,0.02256873204759946,0.10777537796976244,59,267.62682798335686,1446.0,3,3,False,"{0: np.int64(24), 1: np.int64(50), 2: np.int64(21)}","{(0, 1): [(np.int64(24), 11), (11, 5), (5, 2), (2, 0), (0, 1), (1, 3), (3, 8), (8, 18), (18, 50)], (0, 2): []}","{(0, np.int64(24)): {'cpu': 11}, (1, np.int64(50)): {'cpu': 7}, (2, np.int64(21)): {'cpu': 14}}","{((0, 1), (np.int64(24), 11)): {'bw': 7}, ((0, 1), (11, 5)): {'bw': 7}, ((0, 1), (5, 2)): {'bw': 7}, ((0, 1), (2, 0)): {'bw': 7}, ((0, 1), (0, 1)): {'bw': 7}, ((0, 1), (1, 3)): {'bw': 7}, ((0, 1), (3, 8)): {'bw': 7}, ((0, 1), (8, 18)): {'bw': 7}, ((0, 1), (18, 50)): {'bw': 7}}",0.0,0.0,64.0,32.0,81.0,0.0,0.0,0.0,0.0,0.0,0.0,0.0,0.0,0.0,Route Failure,100.0,"{'node_level': {}, 'link_level': {}, 'path_level': {}}","{'node_level': {0: {'cpu': -81}, 1: {'cpu': -51}, 2: {'cpu': -39}}, 'link_level': {(0, 1): {'bw': -17}, (0, 2): {'bw': 100.0}}, 'path_level': {(0, 1): {}, (0, 2): {}}}","{'node_level': {0: {'cpu': 0}, 1: {'cpu': 0}, 2: {'cpu': 0}}, 'link_level': {(0, 1): {'bw': 0}, (0, 2): {'bw': 100.0}}, 'path_level': {(0, 1): {}, (0, 2): {}}}",[],-inf,-inf,True,False,False,0,[],0,0.0,3.0,2.0
60,9,3,567.0,1268.0,329263.22409846284,774467.5362462762,0.4471608832807571,0.42514787087700345,21,95,0,1448.9866512507838,9036,4793,4243,0.0166187935986869,0.083585313174946,42,420.9866512507837,1028.0,2,1,False,{},{},{},{},0.0,0.0,0.0,0.0,0.0,0.0,0.0,0.0,0.0,0.0,0.0,0.0,0.0,0.0,Leave Event,0.0,"{'node_level': {}, 'link_level': {}, 'path_level': {}}","{'node_level': {}, 'link_level': {}, 'path_level': {}}","{'node_level': {}, 'link_level': {}, 'path_level': {}}",[],-inf,-inf,True,True,False,0,[],0,0.0,,
61,9,3,567.0,1268.0,329263.22409846284,774467.5362462762,0.4471608832807571,0.42514787087700345,21,96,1,1467.0,9036,4793,4243,0.0166187935986869,0.083585313174946,60,1380.5757663510403,1467.0,8,10,False,"{0: np.int64(50), 1: np.int64(19), 2: np.int64(15), 3: np.int64(27), 4: np.int64(2), 5: np.int64(0), 6: np.int64(45), 7: np.int64(5)}","{(0, 4): []}","{(0, np.int64(50)): {'cpu': 1}, (1, np.int64(19)): {'cpu': 4}, (2, np.int64(15)): {'cpu': 8}, (3, np.int64(27)): {'cpu': 4}, (4, np.int64(2)): {'cpu': 9}, (5, np.int64(0)): {'cpu': 5}, (6, np.int64(45)): {'cpu': 7}, (7, np.int64(5)): {'cpu': 0}}",{},0.0,0.0,76.0,38.0,287.0,0.0,0.0,0.0,0.0,0.0,0.0,0.0,0.0,0.0,Route Failure,100.0,"{'node_level': {}, 'link_level': {}, 'path_level': {}}","{'node_level': {0: {'cpu': -57}, 1: {'cpu': -83}, 2: {'cpu': -89}, 3: {'cpu': -84}, 4: {'cpu': -72}, 5: {'cpu': -85}, 6: {'cpu': -69}, 7: {'cpu': -93}}, 'link_level': {(0, 4): {'bw': 100.0}}, 'path_level': {(0, 4): {}}}","{'node_level': {0: {'cpu': 0}, 1: {'cpu': 0}, 2: {'cpu': 0}, 3: {'cpu': 0}, 4: {'cpu': 0}, 5: {'cpu': 0}, 6: {'cpu': 0}, 7: {'cpu': 0}}, 'link_level': {(0, 4): {'bw': 100.0}}, 'path_level': {(0, 4): {}}}",[],-inf,-inf,True,False,False,0,[],0,0.0,8.0,1.0
62,9,3,567.0,1268.0,329263.22409846284,774467.5362462762,0.4471608832807571,0.42514787087700345,21,97,1,1494.0,9036,4793,4243,0.0166187935986869,0.083585313174946,61,514.2434158630444,1494.0,7,8,False,"{0: np.int64(8), 1: np.int64(41), 2: np.int64(50), 3: np.int64(25), 4: np.int64(6), 5: np.int64(3), 6: np.int64(2)}","{(0, 1): [(np.int64(8), 3), (3, 1), (1, 0), (0, 2), (2, 5), (5, 12), (12, 25), (25, 41)], (0, 2): [(np.int64(8), 18), (18, 50)], (0, 3): []}","{(0, np.int64(8)): {'cpu': 4}, (1, np.int64(41)): {'cpu': 5}, (2, np.int64(50)): {'cpu': 13}, (3, np.int64(25)): {'cpu': 4}, (4, np.int64(6)): {'cpu': 7}, (5, np.int64(3)): {'cpu': 7}, (6, np.int64(2)): {'cpu': 19}}","{((0, 1), (np.int64(8), 3)): {'bw': 20}, ((0, 1), (3, 1)): {'bw': 20}, ((0, 1), (1, 0)): {'bw': 20}, ((0, 1), (0, 2)): {'bw': 20}, ((0, 1), (2, 5)): {'bw': 20}, ((0, 1), (5, 12)): {'bw': 20}, ((0, 1), (12, 25)): {'bw': 20}, ((0, 1), (25, 41)): {'bw': 20}, ((0, 2), (np.int64(8), 18)): {'bw': 7}, ((0, 2), (18, 50)): {'bw': 7}}",0.0,0.0,118.0,59.0,266.0,0.0,0.0,0.0,0.0,0.0,0.0,0.0,0.0,0.0,Route Failure,100.0,"{'node_level': {}, 'link_level': {}, 'path_level': {}}","{'node_level': {0: {'cpu': -86}, 1: {'cpu': -91}, 2: {'cpu': -45}, 3: {'cpu': -89}, 4: {'cpu': -61}, 5: {'cpu': -51}, 6: {'cpu': -62}}, 'link_level': {(0, 1): {'bw': -4}, (0, 2): {'bw': -61}, (0, 3): {'bw': 100.0}}, 'path_level': {(0, 1): {}, (0, 2): {}, (0, 3): {}}}","{'node_level': {0: {'cpu': 0}, 1: {'cpu': 0}, 2: {'cpu': 0}, 3: {'cpu': 0}, 4: {'cpu': 0}, 5: {'cpu': 0}, 6: {'cpu': 0}}, 'link_level': {(0, 1): {'bw': 0}, (0, 2): {'bw': 0}, (0, 3): {'bw': 100.0}}, 'path_level': {(0, 1): {}, (0, 2): {}, (0, 3): {}}}",[],-inf,-inf,True,False,False,0,[],0,0.0,7.0,3.0
63,10,4,648.0,1658.0,349076.94933773734,869866.9540650053,0.390832328106152,0.40129924203517997,23,98,1,1524.0,8646,4766,3880,0.022158391464915828,0.16198704103671702,62,244.613891842895,1524.0,3,2,True,"{0: np.int64(32), 1: np.int64(53), 2: np.int64(0)}","{(0, 1): [(np.int64(32), 16), (16, 7), (7, 3), (3, 1), (1, 4), (4, 10), (10, 21), (21, 53)], (0, 2): [(np.int64(32), 16), (16, 7), (7, 3), (3, 1), (1, 0)]}","{(0, np.int64(32)): {'cpu': 16}, (1, np.int64(53)): {'cpu': 11}, (2, np.int64(0)): {'cpu': 0}}","{((0, 1), (np.int64(32), 16)): {'bw': 31}, ((0, 1), (16, 7)): {'bw': 31}, ((0, 1), (7, 3)): {'bw': 31}, ((0, 1), (3, 1)): {'bw': 31}, ((0, 1), (1, 4)): {'bw': 31}, ((0, 1), (4, 10)): {'bw': 31}, ((0, 1), (10, 21)): {'bw': 31}, ((0, 1), (21, 53)): {'bw': 31}, ((0, 2), (np.int64(32), 16)): {'bw': 23}, ((0, 2), (16, 7)): {'bw': 23}, ((0, 2), (7, 3)): {'bw': 23}, ((0, 2), (3, 1)): {'bw': 23}, ((0, 2), (1, 0)): {'bw': 23}}",390.0,81.0,54.0,27.0,54.0,27.0,54.0,27.0,363.0,309.0,0.2076923076923077,95399.41781872904,19813.725239274492,50.80442369044742,Success,0.0,"{'node_level': {}, 'link_level': {}, 'path_level': {}}","{'node_level': {0: {'cpu': -58}, 1: {'cpu': -54}, 2: {'cpu': -90}}, 'link_level': {(0, 1): {'bw': -24}, (0, 2): {'bw': -1}}, 'path_level': {(0, 1): {}, (0, 2): {}}}","{'node_level': {0: {'cpu': 0}, 1: {'cpu': 0}, 2: {'cpu': 0}}, 'link_level': {(0, 1): {'bw': 0}, (0, 2): {'bw': 0}}, 'path_level': {(0, 1): {}, (0, 2): {}}}",[],-inf,-inf,True,True,False,0,[],0,0.0,3.0,2.0
63,10,4,648.0,1658.0,349076.94933773734,869866.9540650053,0.390832328106152,0.40129924203517997,23,99,0,1529.7807616009081,8646,4766,3880,0.022158391464915828,0.16198704103671702,57,129.78076160090816,1400.0,6,12,False,{},{},{},{},0.0,0.0,0.0,0.0,0.0,0.0,0.0,0.0,0.0,0.0,0.0,0.0,0.0,0.0,Leave Event,0.0,"{'node_level': {}, 'link_level': {}, 'path_level': {}}","{'node_level': {}, 'link_level': {}, 'path_level': {}}","{'node_level': {}, 'link_level': {}, 'path_level': {}}",[],-inf,-inf,True,True,False,0,[],0,0.0,,
63,10,4,648.0,1658.0,349076.94933773734,869866.9540650053,0.390832328106152,0.40129924203517997,23,100,0,1531.5388058220417,8646,4766,3880,0.022158391464915828,0.16198704103671702,50,285.53880582204164,1246.0,8,10,False,{},{},{},{},0.0,0.0,0.0,0.0,0.0,0.0,0.0,0.0,0.0,0.0,0.0,0.0,0.0,0.0,Leave Event,0.0,"{'node_level': {}, 'link_level': {}, 'path_level': {}}","{'node_level': {}, 'link_level': {}, 'path_level': {}}","{'node_level': {}, 'link_level': {}, 'path_level': {}}",[],-inf,-inf,True,True,False,0,[],0,0.0,,
64,10,4,648.0,1658.0,349076.94933773734,869866.9540650053,0.390832328106152,0.40129924203517997,23,101,1,1545.0,8646,4766,3880,0.022158391464915828,0.16198704103671702,63,965.9235620953574,1545.0,4,4,False,"{0: np.int64(4), 1: np.int64(40), 2: np.int64(1), 3: np.int64(43)}","{(0, 2): [(np.int64(4), 1)], (1, 2): []}","{(0, np.int64(4)): {'cpu': 18}, (1, np.int64(40)): {'cpu': 16}, (2, np.int64(1)): {'cpu': 19}, (3, np.int64(43)): {'cpu': 13}}","{((0, 2), (np.int64(4), 1)): {'bw': 14}}",0.0,0.0,132.0,66.0,86.0,0.0,0.0,0.0,0.0,0.0,0.0,0.0,0.0,0.0,Route Failure,100.0,"{'node_level': {}, 'link_level': {}, 'path_level': {}}","{'node_level': {0: {'cpu': -36}, 1: {'cpu': -50}, 2: {'cpu': -46}, 3: {'cpu': -87}}, 'link_level': {(0, 2): {'bw': -35}, (1, 2): {'bw': 100.0}}, 'path_level': {(0, 2): {}, (1, 2): {}}}","{'node_level': {0: {'cpu': 0}, 1: {'cpu': 0}, 2: {'cpu': 0}, 3: {'cpu': 0}}, 'link_level': {(0, 2): {'bw': 0}, (1, 2): {'bw': 100.0}}, 'path_level': {(0, 2): {}, (1, 2): {}}}",[],-inf,-inf,True,False,False,0,[],0,0.0,4.0,2.0
65,10,4,648.0,1658.0,349076.94933773734,869866.9540650053,0.390832328106152,0.40129924203517997,23,102,1,1570.0,8646,4766,3880,0.022158391464915828,0.16198704103671702,64,239.65748978791973,1570.0,6,10,False,"{0: np.int64(43), 1: np.int64(50), 2: np.int64(20), 3: np.int64(14), 4: np.int64(13), 5: np.int64(29)}","{(0, 1): []}","{(0, np.int64(43)): {'cpu': 6}, (1, np.int64(50)): {'cpu': 13}, (2, np.int64(20)): {'cpu': 12}, (3, np.int64(14)): {'cpu': 7}, (4, np.int64(13)): {'cpu': 19}, (5, np.int64(29)): {'cpu': 20}}",{},0.0,0.0,154.0,77.0,296.0,0.0,0.0,0.0,0.0,0.0,0.0,0.0,0.0,0.0,Route Failure,100.0,"{'node_level': {}, 'link_level': {}, 'path_level': {}}","{'node_level': {0: {'cpu': -94}, 1: {'cpu': -45}, 2: {'cpu': -77}, 3: {'cpu': -64}, 4: {'cpu': -23}, 5: {'cpu': -63}}, 'link_level': {(0, 1): {'bw': 100.0}}, 'path_level': {(0, 1): {}}}","{'node_level': {0: {'cpu': 0}, 1: {'cpu': 0}, 2: {'cpu': 0}, 3: {'cpu': 0}, 4: {'cpu': 0}, 5: {'cpu': 0}}, 'link_level': {(0, 1): {'bw': 100.0}}, 'path_level': {(0, 1): {}}}",[],-inf,-inf,True,False,False,0,[],0,0.0,6.0,1.0
65,10,3,648.0,1658.0,349076.94933773734,869866.9540650053,0.390832328106152,0.40129924203517997,23,103,0,1576.7965765321615,8761,4795,3966,0.016208453016003266,0.14341252699784013,56,200.79657653216137,1376.0,3,2,False,{},{},{},{},0.0,0.0,0.0,0.0,0.0,0.0,0.0,0.0,0.0,0.0,0.0,0.0,0.0,0.0,Leave Event,0.0,"{'node_level': {}, 'link_level': {}, 'path_level': {}}","{'node_level': {}, 'link_level': {}, 'path_level': {}}","{'node_level': {}, 'link_level': {}, 'path_level': {}}",[],-inf,-inf,True,True,False,0,[],0,0.0,,
66,10,3,648.0,1658.0,349076.94933773734,869866.9540650053,0.390832328106152,0.40129924203517997,23,104,1,1604.0,8761,4795,3966,0.016208453016003266,0.14341252699784013,65,98.19593720777934,1604.0,9,15,False,"{0: np.int64(8), 1: np.int64(45), 2: np.int64(53), 3: np.int64(14), 4: np.int64(10), 5: np.int64(22), 6: np.int64(37), 7: np.int64(17), 8: np.int64(32)}","{(0, 3): []}","{(0, np.int64(8)): {'cpu': 10}, (1, np.int64(45)): {'cpu': 6}, (2, np.int64(53)): {'cpu': 20}, (3, np.int64(14)): {'cpu': 12}, (4, np.int64(10)): {'cpu': 10}, (5, np.int64(22)): {'cpu': 3}, (6, np.int64(37)): {'cpu': 14}, (7, np.int64(17)): {'cpu': 2}, (8, np.int64(32)): {'cpu': 4}}",{},0.0,0.0,162.0,81.0,464.0,0.0,0.0,0.0,0.0,0.0,0.0,0.0,0.0,0.0,Route Failure,100.0,"{'node_level': {}, 'link_level': {}, 'path_level': {}}","{'node_level': {0: {'cpu': -80}, 1: {'cpu': -70}, 2: {'cpu': -34}, 3: {'cpu': -59}, 4: {'cpu': -74}, 5: {'cpu': -85}, 6: {'cpu': -55}, 7: {'cpu': -62}, 8: {'cpu': -54}}, 'link_level': {(0, 3): {'bw': 100.0}}, 'path_level': {(0, 3): {}}}","{'node_level': {0: {'cpu': 0}, 1: {'cpu': 0}, 2: {'cpu': 0}, 3: {'cpu': 0}, 4: {'cpu': 0}, 5: {'cpu': 0}, 6: {'cpu': 0}, 7: {'cpu': 0}, 8: {'cpu': 0}}, 'link_level': {(0, 3): {'bw': 100.0}}, 'path_level': {(0, 3): {}}}",[],-inf,-inf,True,False,False,0,[],0,0.0,9.0,1.0
67,10,3,648.0,1658.0,349076.94933773734,869866.9540650053,0.390832328106152,0.40129924203517997,23,105,1,1621.0,8761,4795,3966,0.016208453016003266,0.14341252699784013,66,760.8495838383803,1621.0,8,13,False,"{0: np.int64(56), 1: np.int64(23), 2: np.int64(32), 3: np.int64(33), 4: np.int64(47), 5: np.int64(29), 6: np.int64(55), 7: np.int64(60)}","{(0, 1): [(np.int64(56), 24), (24, 11), (11, 23)], (0, 2): []}","{(0, np.int64(56)): {'cpu': 14}, (1, np.int64(23)): {'cpu': 10}, (2, np.int64(32)): {'cpu': 14}, (3, np.int64(33)): {'cpu': 14}, (4, np.int64(47)): {'cpu': 4}, (5, np.int64(29)): {'cpu': 8}, (6, np.int64(55)): {'cpu': 12}, (7, np.int64(60)): {'cpu': 13}}","{((0, 1), (np.int64(56), 24)): {'bw': 32}, ((0, 1), (24, 11)): {'bw': 32}, ((0, 1), (11, 23)): {'bw': 32}}",0.0,0.0,178.0,89.0,320.0,0.0,0.0,0.0,0.0,0.0,0.0,0.0,0.0,0.0,Route Failure,100.0,"{'node_level': {}, 'link_level': {}, 'path_level': {}}","{'node_level': {0: {'cpu': -44}, 1: {'cpu': -44}, 2: {'cpu': -44}, 3: {'cpu': -40}, 4: {'cpu': -95}, 5: {'cpu': -75}, 6: {'cpu': -83}, 7: {'cpu': -78}}, 'link_level': {(0, 1): {'bw': -24}, (0, 2): {'bw': 100.0}}, 'path_level': {(0, 1): {}, (0, 2): {}}}","{'node_level': {0: {'cpu': 0}, 1: {'cpu': 0}, 2: {'cpu': 0}, 3: {'cpu': 0}, 4: {'cpu': 0}, 5: {'cpu': 0}, 6: {'cpu': 0}, 7: {'cpu': 0}}, 'link_level': {(0, 1): {'bw': 0}, (0, 2): {'bw': 100.0}}, 'path_level': {(0, 1): {}, (0, 2): {}}}",[],-inf,-inf,True,False,False,0,[],0,0.0,8.0,2.0
68,10,3,648.0,1658.0,349076.94933773734,869866.9540650053,0.390832328106152,0.40129924203517997,23,106,1,1643.0,8761,4795,3966,0.016208453016003266,0.14341252699784013,67,319.5270626266553,1643.0,6,9,False,"{0: np.int64(35), 1: np.int64(8), 2: np.int64(32), 3: np.int64(5), 4: np.int64(15), 5: np.int64(38)}","{(0, 1): []}","{(0, np.int64(35)): {'cpu': 15}, (1, np.int64(8)): {'cpu': 9}, (2, np.int64(32)): {'cpu': 7}, (3, np.int64(5)): {'cpu': 14}, (4, np.int64(15)): {'cpu': 14}, (5, np.int64(38)): {'cpu': 9}}",{},0.0,0.0,136.0,68.0,242.0,0.0,0.0,0.0,0.0,0.0,0.0,0.0,0.0,0.0,Route Failure,100.0,"{'node_level': {}, 'link_level': {}, 'path_level': {}}","{'node_level': {0: {'cpu': -41}, 1: {'cpu': -81}, 2: {'cpu': -51}, 3: {'cpu': -79}, 4: {'cpu': -83}, 5: {'cpu': -72}}, 'link_level': {(0, 1): {'bw': 100.0}}, 'path_level': {(0, 1): {}}}","{'node_level': {0: {'cpu': 0}, 1: {'cpu': 0}, 2: {'cpu': 0}, 3: {'cpu': 0}, 4: {'cpu': 0}, 5: {'cpu': 0}}, 'link_level': {(0, 1): {'bw': 100.0}}, 'path_level': {(0, 1): {}}}",[],-inf,-inf,True,False,False,0,[],0,0.0,6.0,1.0
68,10,2,648.0,1658.0,349076.94933773734,869866.9540650053,0.390832328106152,0.40129924203517997,23,107,0,1652.3512005386167,8831,4830,4001,0.009027492819039806,0.13585313174946,3,1570.3512005386167,82.0,4,4,False,{},{},{},{},0.0,0.0,0.0,0.0,0.0,0.0,0.0,0.0,0.0,0.0,0.0,0.0,0.0,0.0,Leave Event,0.0,"{'node_level': {}, 'link_level': {}, 'path_level': {}}","{'node_level': {}, 'link_level': {}, 'path_level': {}}","{'node_level': {}, 'link_level': {}, 'path_level': {}}",[],-inf,-inf,True,True,False,0,[],0,0.0,,
69,10,2,648.0,1658.0,349076.94933773734,869866.9540650053,0.390832328106152,0.40129924203517997,23,108,1,1666.0,8831,4830,4001,0.009027492819039806,0.13585313174946,68,150.2015914849124,1666.0,7,9,False,"{0: np.int64(16), 1: np.int64(8), 2: np.int64(55), 3: np.int64(21), 4: np.int64(27), 5: np.int64(60), 6: np.int64(45)}","{(0, 2): []}","{(0, np.int64(16)): {'cpu': 4}, (1, np.int64(8)): {'cpu': 5}, (2, np.int64(55)): {'cpu': 1}, (3, np.int64(21)): {'cpu': 0}, (4, np.int64(27)): {'cpu': 7}, (5, np.int64(60)): {'cpu': 16}, (6, np.int64(45)): {'cpu': 4}}",{},0.0,0.0,74.0,37.0,215.0,0.0,0.0,0.0,0.0,0.0,0.0,0.0,0.0,0.0,Route Failure,100.0,"{'node_level': {}, 'link_level': {}, 'path_level': {}}","{'node_level': {0: {'cpu': -77}, 1: {'cpu': -85}, 2: {'cpu': -94}, 3: {'cpu': -53}, 4: {'cpu': -81}, 5: {'cpu': -75}, 6: {'cpu': -72}}, 'link_level': {(0, 2): {'bw': 100.0}}, 'path_level': {(0, 2): {}}}","{'node_level': {0: {'cpu': 0}, 1: {'cpu': 0}, 2: {'cpu': 0}, 3: {'cpu': 0}, 4: {'cpu': 0}, 5: {'cpu': 0}, 6: {'cpu': 0}}, 'link_level': {(0, 2): {'bw': 100.0}}, 'path_level': {(0, 2): {}}}",[],-inf,-inf,True,False,False,0,[],0,0.0,7.0,1.0
70,10,2,648.0,1658.0,349076.94933773734,869866.9540650053,0.390832328106152,0.40129924203517997,23,109,1,1691.0,8831,4830,4001,0.009027492819039806,0.13585313174946,69,589.4762948660839,1691.0,10,23,False,"{0: np.int64(41), 1: np.int64(24), 2: np.int64(42), 3: np.int64(35), 4: np.int64(9), 5: np.int64(56), 6: np.int64(51), 7: np.int64(23), 8: np.int64(17), 9: np.int64(0)}","{(0, 2): [(np.int64(41), 25), (25, 12), (12, 26), (26, 42)], (0, 3): [(np.int64(41), 25), (25, 12), (12, 5), (5, 2), (2, 0), (0, 1), (1, 4), (4, 9), (9, 19), (19, 35)], (0, 4): []}","{(0, np.int64(41)): {'cpu': 14}, (1, np.int64(24)): {'cpu': 17}, (2, np.int64(42)): {'cpu': 13}, (3, np.int64(35)): {'cpu': 16}, (4, np.int64(9)): {'cpu': 13}, (5, np.int64(56)): {'cpu': 3}, (6, np.int64(51)): {'cpu': 1}, (7, np.int64(23)): {'cpu': 17}, (8, np.int64(17)): {'cpu': 9}, (9, np.int64(0)): {'cpu': 5}}","{((0, 2), (np.int64(41), 25)): {'bw': 22}, ((0, 2), (25, 12)): {'bw': 22}, ((0, 2), (12, 26)): {'bw': 22}, ((0, 2), (26, 42)): {'bw': 22}, ((0, 3), (np.int64(41), 25)): {'bw': 4}, ((0, 3), (25, 12)): {'bw': 4}, ((0, 3), (12, 5)): {'bw': 4}, ((0, 3), (5, 2)): {'bw': 4}, ((0, 3), (2, 0)): {'bw': 4}, ((0, 3), (0, 1)): {'bw': 4}, ((0, 3), (1, 4)): {'bw': 4}, ((0, 3), (4, 9)): {'bw': 4}, ((0, 3), (9, 19)): {'bw': 4}, ((0, 3), (19, 35)): {'bw': 4}}",0.0,0.0,216.0,108.0,621.0,0.0,0.0,0.0,0.0,0.0,0.0,0.0,0.0,0.0,Route Failure,100.0,"{'node_level': {}, 'link_level': {}, 'path_level': {}}","{'node_level': {0: {'cpu': -82}, 1: {'cpu': -75}, 2: {'cpu': -49}, 3: {'cpu': -40}, 4: {'cpu': -44}, 5: {'cpu': -55}, 6: {'cpu': -99}, 7: {'cpu': -37}, 8: {'cpu': -55}, 9: {'cpu': -85}}, 'link_level': {(0, 2): {'bw': -41}, (0, 3): {'bw': -4}, (0, 4): {'bw': 100.0}}, 'path_level': {(0, 2): {}, (0, 3): {}, (0, 4): {}}}","{'node_level': {0: {'cpu': 0}, 1: {'cpu': 0}, 2: {'cpu': 0}, 3: {'cpu': 0}, 4: {'cpu': 0}, 5: {'cpu': 0}, 6: {'cpu': 0}, 7: {'cpu': 0}, 8: {'cpu': 0}, 9: {'cpu': 0}}, 'link_level': {(0, 2): {'bw': 0}, (0, 3): {'bw': 0}, (0, 4): {'bw': 100.0}}, 'path_level': {(0, 2): {}, (0, 3): {}, (0, 4): {}}}",[],-inf,-inf,True,False,False,0,[],0,0.0,10.0,3.0
70,10,2,648.0,1658.0,349076.94933773734,869866.9540650053,0.390832328106152,0.40129924203517997,23,110,0,1696.4618066680757,8831,4830,4001,0.009027492819039806,0.13585313174946,35,846.4618066680757,850.0,10,24,False,{},{},{},{},0.0,0.0,0.0,0.0,0.0,0.0,0.0,0.0,0.0,0.0,0.0,0.0,0.0,0.0,Leave Event,0.0,"{'node_level': {}, 'link_level': {}, 'path_level': {}}","{'node_level': {}, 'link_level': {}, 'path_level': {}}","{'node_level': {}, 'link_level': {}, 'path_level': {}}",[],-inf,-inf,True,True,False,0,[],0,0.0,,
70,10,2,648.0,1658.0,349076.94933773734,869866.9540650053,0.390832328106152,0.40129924203517997,23,111,0,1702.1959372077793,8831,4830,4001,0.009027492819039806,0.13585313174946,65,98.19593720777934,1604.0,9,15,False,{},{},{},{},0.0,0.0,0.0,0.0,0.0,0.0,0.0,0.0,0.0,0.0,0.0,0.0,0.0,0.0,Leave Event,0.0,"{'node_level': {}, 'link_level': {}, 'path_level': {}}","{'node_level': {}, 'link_level': {}, 'path_level': {}}","{'node_level': {}, 'link_level': {}, 'path_level': {}}",[],-inf,-inf,True,True,False,0,[],0,0.0,,
70,10,2,648.0,1658.0,349076.94933773734,869866.9540650053,0.390832328106152,0.40129924203517997,23,112,0,1707.6351787030455,8831,4830,4001,0.009027492819039806,0.13585313174946,32,923.6351787030455,784.0,9,17,False,{},{},{},{},0.0,0.0,0.0,0.0,0.0,0.0,0.0,0.0,0.0,0.0,0.0,0.0,0.0,0.0,Leave Event,0.0,"{'node_level': {}, 'link_level': {}, 'path_level': {}}","{'node_level': {}, 'link_level': {}, 'path_level': {}}","{'node_level': {}, 'link_level': {}, 'path_level': {}}",[],-inf,-inf,True,True,False,0,[],0,0.0,,
70,10,2,648.0,1658.0,349076.94933773734,869866.9540650053,0.390832328106152,0.40129924203517997,23,113,0,1713.6268279833569,8831,4830,4001,0.009027492819039806,0.13585313174946,59,267.62682798335686,1446.0,3,3,False,{},{},{},{},0.0,0.0,0.0,0.0,0.0,0.0,0.0,0.0,0.0,0.0,0.0,0.0,0.0,0.0,Leave Event,0.0,"{'node_level': {}, 'link_level': {}, 'path_level': {}}","{'node_level': {}, 'link_level': {}, 'path_level': {}}","{'node_level': {}, 'link_level': {}, 'path_level': {}}",[],-inf,-inf,True,True,False,0,[],0,0.0,,
71,10,2,648.0,1658.0,349076.94933773734,869866.9540650053,0.390832328106152,0.40129924203517997,23,114,1,1721.0,8831,4830,4001,0.009027492819039806,0.13585313174946,70,1968.2879632316167,1721.0,5,7,False,"{0: np.int64(22), 1: np.int64(30), 2: np.int64(31), 3: np.int64(4), 4: np.int64(53)}","{(0, 1): []}","{(0, np.int64(22)): {'cpu': 17}, (1, np.int64(30)): {'cpu': 17}, (2, np.int64(31)): {'cpu': 1}, (3, np.int64(4)): {'cpu': 7}, (4, np.int64(53)): {'cpu': 6}}",{},0.0,0.0,96.0,48.0,154.0,0.0,0.0,0.0,0.0,0.0,0.0,0.0,0.0,0.0,Route Failure,100.0,"{'node_level': {}, 'link_level': {}, 'path_level': {}}","{'node_level': {0: {'cpu': -71}, 1: {'cpu': -36}, 2: {'cpu': -54}, 3: {'cpu': -65}, 4: {'cpu': -48}}, 'link_level': {(0, 1): {'bw': 100.0}}, 'path_level': {(0, 1): {}}}","{'node_level': {0: {'cpu': 0}, 1: {'cpu': 0}, 2: {'cpu': 0}, 3: {'cpu': 0}, 4: {'cpu': 0}}, 'link_level': {(0, 1): {'bw': 100.0}}, 'path_level': {(0, 1): {}}}",[],-inf,-inf,True,False,False,0,[],0,0.0,5.0,1.0
72,11,3,685.0,1749.0,354306.88624778576,882729.7718708001,0.39165237278444825,0.4013763866793467,24,115,1,1749.0,8740,4820,3920,0.01107919573245797,0.1533477321814255,71,141.34964621752465,1749.0,2,1,True,"{0: np.int64(12), 1: np.int64(24)}","{(0, 1): [(np.int64(12), 5), (5, 11), (11, 24)]}","{(0, np.int64(12)): {'cpu': 7}, (1, np.int64(24)): {'cpu': 3}}","{((0, 1), (np.int64(12), 5)): {'bw': 27}, ((0, 1), (5, 11)): {'bw': 27}, ((0, 1), (11, 24)): {'bw': 27}}",91.0,37.0,20.0,10.0,27.0,10.0,27.0,10.0,81.0,54.0,0.4065934065934066,12862.817805794743,5229.936910048412,57.471834176356175,Success,0.0,"{'node_level': {}, 'link_level': {}, 'path_level': {}}","{'node_level': {0: {'cpu': -74}, 1: {'cpu': -89}}, 'link_level': {(0, 1): {'bw': -32}}, 'path_level': {(0, 1): {}}}","{'node_level': {0: {'cpu': 0}, 1: {'cpu': 0}}, 'link_level': {(0, 1): {'bw': 0}}, 'path_level': {(0, 1): {}}}",[],-inf,-inf,True,True,False,0,[],0,0.0,2.0,1.0
72,11,3,685.0,1749.0,354306.88624778576,882729.7718708001,0.39165237278444825,0.4013763866793467,24,116,0,1752.4736355378006,8740,4820,3920,0.01107919573245797,0.1533477321814255,14,1410.4736355378006,342.0,8,14,False,{},{},{},{},0.0,0.0,0.0,0.0,0.0,0.0,0.0,0.0,0.0,0.0,0.0,0.0,0.0,0.0,Leave Event,0.0,"{'node_level': {}, 'link_level': {}, 'path_level': {}}","{'node_level': {}, 'link_level': {}, 'path_level': {}}","{'node_level': {}, 'link_level': {}, 'path_level': {}}",[],-inf,-inf,True,True,False,0,[],0,0.0,,
72,11,3,685.0,1749.0,354306.88624778576,882729.7718708001,0.39165237278444825,0.4013763866793467,24,117,0,1763.9030268301262,8740,4820,3920,0.01107919573245797,0.1533477321814255,40,785.9030268301261,978.0,7,11,False,{},{},{},{},0.0,0.0,0.0,0.0,0.0,0.0,0.0,0.0,0.0,0.0,0.0,0.0,0.0,0.0,Leave Event,0.0,"{'node_level': {}, 'link_level': {}, 'path_level': {}}","{'node_level': {}, 'link_level': {}, 'path_level': {}}","{'node_level': {}, 'link_level': {}, 'path_level': {}}",[],-inf,-inf,True,True,False,0,[],0,0.0,,
72,11,2,685.0,1749.0,354306.88624778576,882729.7718708001,0.39165237278444825,0.4013763866793467,24,118,0,1768.613891842895,9130,4847,4283,0.005539597866228929,0.07494600431965448,62,244.613891842895,1524.0,3,2,False,{},{},{},{},0.0,0.0,0.0,0.0,0.0,0.0,0.0,0.0,0.0,0.0,0.0,0.0,0.0,0.0,Leave Event,0.0,"{'node_level': {}, 'link_level': {}, 'path_level': {}}","{'node_level': {}, 'link_level': {}, 'path_level': {}}","{'node_level': {}, 'link_level': {}, 'path_level': {}}",[],-inf,-inf,True,True,False,0,[],0,0.0,,
72,11,2,685.0,1749.0,354306.88624778576,882729.7718708001,0.39165237278444825,0.4013763866793467,24,119,0,1770.741079428085,9130,4847,4283,0.005539597866228929,0.07494600431965448,22,1242.741079428085,528.0,10,28,False,{},{},{},{},0.0,0.0,0.0,0.0,0.0,0.0,0.0,0.0,0.0,0.0,0.0,0.0,0.0,0.0,Leave Event,0.0,"{'node_level': {}, 'link_level': {}, 'path_level': {}}","{'node_level': {}, 'link_level': {}, 'path_level': {}}","{'node_level': {}, 'link_level': {}, 'path_level': {}}",[],-inf,-inf,True,True,False,0,[],0,0.0,,
73,12,3,732.0,1809.0,391009.4068526217,929584.0534939949,0.4046434494195688,0.42062835026369955,25,120,1,1772.0,9070,4813,4257,0.012515387771850683,0.08056155507559393,72,780.904693719913,1772.0,2,1,True,"{0: np.int64(6), 1: np.int64(30)}","{(0, 1): [(np.int64(6), 14), (14, 30)]}","{(0, np.int64(6)): {'cpu': 16}, (1, np.int64(30)): {'cpu': 18}}","{((0, 1), (np.int64(6), 14)): {'bw': 13}, ((0, 1), (14, 30)): {'bw': 13}}",60.0,47.0,68.0,34.0,13.0,34.0,13.0,34.0,26.0,13.0,0.7833333333333333,46854.28162319478,36702.52060483591,611.7086767472651,Success,0.0,"{'node_level': {}, 'link_level': {}, 'path_level': {}}","{'node_level': {0: {'cpu': -52}, 1: {'cpu': -35}}, 'link_level': {(0, 1): {'bw': -43}}, 'path_level': {(0, 1): {}}}","{'node_level': {0: {'cpu': 0}, 1: {'cpu': 0}}, 'link_level': {(0, 1): {'bw': 0}}, 'path_level': {(0, 1): {}}}",[],-inf,-inf,True,True,False,0,[],0,0.0,2.0,1.0
73,12,3,732.0,1809.0,391009.4068526217,929584.0534939949,0.4046434494195688,0.42062835026369955,25,121,0,1777.1806461180379,9070,4813,4257,0.012515387771850683,0.08056155507559393,20,1301.1806461180379,476.0,5,7,False,{},{},{},{},0.0,0.0,0.0,0.0,0.0,0.0,0.0,0.0,0.0,0.0,0.0,0.0,0.0,0.0,Leave Event,0.0,"{'node_level': {}, 'link_level': {}, 'path_level': {}}","{'node_level': {}, 'link_level': {}, 'path_level': {}}","{'node_level': {}, 'link_level': {}, 'path_level': {}}",[],-inf,-inf,True,True,False,0,[],0,0.0,,
73,12,3,732.0,1809.0,391009.4068526217,929584.0534939949,0.4046434494195688,0.42062835026369955,25,122,0,1787.0076036646353,9070,4813,4257,0.012515387771850683,0.08056155507559393,30,1046.0076036646353,741.0,6,10,False,{},{},{},{},0.0,0.0,0.0,0.0,0.0,0.0,0.0,0.0,0.0,0.0,0.0,0.0,0.0,0.0,Leave Event,0.0,"{'node_level': {}, 'link_level': {}, 'path_level': {}}","{'node_level': {}, 'link_level': {}, 'path_level': {}}","{'node_level': {}, 'link_level': {}, 'path_level': {}}",[],-inf,-inf,True,True,False,0,[],0,0.0,,
73,12,3,732.0,1809.0,391009.4068526217,929584.0534939949,0.4046434494195688,0.42062835026369955,25,123,0,1788.9278799349254,9070,4813,4257,0.012515387771850683,0.08056155507559393,46,655.9278799349253,1133.0,10,21,False,{},{},{},{},0.0,0.0,0.0,0.0,0.0,0.0,0.0,0.0,0.0,0.0,0.0,0.0,0.0,0.0,Leave Event,0.0,"{'node_level': {}, 'link_level': {}, 'path_level': {}}","{'node_level': {}, 'link_level': {}, 'path_level': {}}","{'node_level': {}, 'link_level': {}, 'path_level': {}}",[],-inf,-inf,True,True,False,0,[],0,0.0,,
74,12,3,732.0,1809.0,391009.4068526217,929584.0534939949,0.4046434494195688,0.42062835026369955,25,124,1,1791.0,9070,4813,4257,0.012515387771850683,0.08056155507559393,73,718.4470937408524,1791.0,7,13,False,"{0: np.int64(21), 1: np.int64(55), 2: np.int64(39), 3: np.int64(49), 4: np.int64(18), 5: np.int64(5), 6: np.int64(11)}","{(0, 1): [(np.int64(21), 10), (10, 4), (4, 1), (1, 0), (0, 2), (2, 5), (5, 11), (11, 23), (23, 55)], (0, 3): [(np.int64(21), 10), (10, 4), (4, 1), (1, 3), (3, 8), (8, 17), (17, 49)], (0, 4): []}","{(0, np.int64(21)): {'cpu': 15}, (1, np.int64(55)): {'cpu': 6}, (2, np.int64(39)): {'cpu': 6}, (3, np.int64(49)): {'cpu': 18}, (4, np.int64(18)): {'cpu': 11}, (5, np.int64(5)): {'cpu': 4}, (6, np.int64(11)): {'cpu': 3}}","{((0, 1), (np.int64(21), 10)): {'bw': 28}, ((0, 1), (10, 4)): {'bw': 28}, ((0, 1), (4, 1)): {'bw': 28}, ((0, 1), (1, 0)): {'bw': 28}, ((0, 1), (0, 2)): {'bw': 28}, ((0, 1), (2, 5)): {'bw': 28}, ((0, 1), (5, 11)): {'bw': 28}, ((0, 1), (11, 23)): {'bw': 28}, ((0, 1), (23, 55)): {'bw': 28}, ((0, 3), (np.int64(21), 10)): {'bw': 14}, ((0, 3), (10, 4)): {'bw': 14}, ((0, 3), (4, 1)): {'bw': 14}, ((0, 3), (1, 3)): {'bw': 14}, ((0, 3), (3, 8)): {'bw': 14}, ((0, 3), (8, 17)): {'bw': 14}, ((0, 3), (17, 49)): {'bw': 14}}",0.0,0.0,126.0,63.0,314.0,0.0,0.0,0.0,0.0,0.0,0.0,0.0,0.0,0.0,Route Failure,100.0,"{'node_level': {}, 'link_level': {}, 'path_level': {}}","{'node_level': {0: {'cpu': -38}, 1: {'cpu': -89}, 2: {'cpu': -46}, 3: {'cpu': -78}, 4: {'cpu': -59}, 5: {'cpu': -89}, 6: {'cpu': -96}}, 'link_level': {(0, 1): {'bw': -3}, (0, 3): {'bw': -10}, (0, 4): {'bw': 100.0}}, 'path_level': {(0, 1): {}, (0, 3): {}, (0, 4): {}}}","{'node_level': {0: {'cpu': 0}, 1: {'cpu': 0}, 2: {'cpu': 0}, 3: {'cpu': 0}, 4: {'cpu': 0}, 5: {'cpu': 0}, 6: {'cpu': 0}}, 'link_level': {(0, 1): {'bw': 0}, (0, 3): {'bw': 0}, (0, 4): {'bw': 100.0}}, 'path_level': {(0, 1): {}, (0, 3): {}, (0, 4): {}}}",[],-inf,-inf,True,False,False,0,[],0,0.0,7.0,3.0
75,12,3,732.0,1809.0,391009.4068526217,929584.0534939949,0.4046434494195688,0.42062835026369955,25,125,1,1808.0,9070,4813,4257,0.012515387771850683,0.08056155507559393,74,63.93929545784591,1808.0,9,16,False,"{0: np.int64(17), 1: np.int64(61), 2: np.int64(44), 3: np.int64(23), 4: np.int64(27), 5: np.int64(37), 6: np.int64(58), 7: np.int64(8), 8: np.int64(38)}","{(0, 1): []}","{(0, np.int64(17)): {'cpu': 7}, (1, np.int64(61)): {'cpu': 14}, (2, np.int64(44)): {'cpu': 19}, (3, np.int64(23)): {'cpu': 6}, (4, np.int64(27)): {'cpu': 5}, (5, np.int64(37)): {'cpu': 17}, (6, np.int64(58)): {'cpu': 15}, (7, np.int64(8)): {'cpu': 1}, (8, np.int64(38)): {'cpu': 12}}",{},0.0,0.0,192.0,96.0,378.0,0.0,0.0,0.0,0.0,0.0,0.0,0.0,0.0,0.0,Route Failure,100.0,"{'node_level': {}, 'link_level': {}, 'path_level': {}}","{'node_level': {0: {'cpu': -57}, 1: {'cpu': -82}, 2: {'cpu': -35}, 3: {'cpu': -48}, 4: {'cpu': -83}, 5: {'cpu': -52}, 6: {'cpu': -57}, 7: {'cpu': -89}, 8: {'cpu': -69}}, 'link_level': {(0, 1): {'bw': 100.0}}, 'path_level': {(0, 1): {}}}","{'node_level': {0: {'cpu': 0}, 1: {'cpu': 0}, 2: {'cpu': 0}, 3: {'cpu': 0}, 4: {'cpu': 0}, 5: {'cpu': 0}, 6: {'cpu': 0}, 7: {'cpu': 0}, 8: {'cpu': 0}}, 'link_level': {(0, 1): {'bw': 100.0}}, 'path_level': {(0, 1): {}}}",[],-inf,-inf,True,False,False,0,[],0,0.0,9.0,1.0
75,12,3,732.0,1809.0,391009.4068526217,929584.0534939949,0.4046434494195688,0.42062835026369955,25,126,0,1809.6574897879198,9070,4813,4257,0.012515387771850683,0.08056155507559393,64,239.65748978791973,1570.0,6,10,False,{},{},{},{},0.0,0.0,0.0,0.0,0.0,0.0,0.0,0.0,0.0,0.0,0.0,0.0,0.0,0.0,Leave Event,0.0,"{'node_level': {}, 'link_level': {}, 'path_level': {}}","{'node_level': {}, 'link_level': {}, 'path_level': {}}","{'node_level': {}, 'link_level': {}, 'path_level': {}}",[],-inf,-inf,True,True,False,0,[],0,0.0,,
75,12,3,732.0,1809.0,391009.4068526217,929584.0534939949,0.4046434494195688,0.42062835026369955,25,127,0,1816.2015914849123,9070,4813,4257,0.012515387771850683,0.08056155507559393,68,150.2015914849124,1666.0,7,9,False,{},{},{},{},0.0,0.0,0.0,0.0,0.0,0.0,0.0,0.0,0.0,0.0,0.0,0.0,0.0,0.0,Leave Event,0.0,"{'node_level': {}, 'link_level': {}, 'path_level': {}}","{'node_level': {}, 'link_level': {}, 'path_level': {}}","{'node_level': {}, 'link_level': {}, 'path_level': {}}",[],-inf,-inf,True,True,False,0,[],0,0.0,,
76,12,3,732.0,1809.0,391009.4068526217,929584.0534939949,0.4046434494195688,0.42062835026369955,25,128,1,1839.0,9070,4813,4257,0.012515387771850683,0.08056155507559393,75,912.873047099461,1839.0,7,8,False,"{0: np.int64(48), 1: np.int64(39), 2: np.int64(0), 3: np.int64(56), 4: np.int64(36), 5: np.int64(15), 6: np.int64(33)}","{(0, 3): []}","{(0, np.int64(48)): {'cpu': 20}, (1, np.int64(39)): {'cpu': 2}, (2, np.int64(0)): {'cpu': 19}, (3, np.int64(56)): {'cpu': 1}, (4, np.int64(36)): {'cpu': 8}, (5, np.int64(15)): {'cpu': 7}, (6, np.int64(33)): {'cpu': 20}}",{},0.0,0.0,154.0,77.0,184.0,0.0,0.0,0.0,0.0,0.0,0.0,0.0,0.0,0.0,Route Failure,100.0,"{'node_level': {}, 'link_level': {}, 'path_level': {}}","{'node_level': {0: {'cpu': -69}, 1: {'cpu': -50}, 2: {'cpu': -71}, 3: {'cpu': -57}, 4: {'cpu': -73}, 5: {'cpu': -90}, 6: {'cpu': -34}}, 'link_level': {(0, 3): {'bw': 100.0}}, 'path_level': {(0, 3): {}}}","{'node_level': {0: {'cpu': 0}, 1: {'cpu': 0}, 2: {'cpu': 0}, 3: {'cpu': 0}, 4: {'cpu': 0}, 5: {'cpu': 0}, 6: {'cpu': 0}}, 'link_level': {(0, 3): {'bw': 100.0}}, 'path_level': {(0, 3): {}}}",[],-inf,-inf,True,False,False,0,[],0,0.0,7.0,1.0
77,13,4,753.0,1834.0,397513.22791131947,937326.6976114921,0.4105779716466739,0.4240925057658848,25,129,1,1864.0,9045,4794,4251,0.016413623307345082,0.08185745140388767,76,309.70576469989254,1864.0,2,1,True,"{0: np.int64(5), 1: np.int64(1)}","{(0, 1): [(np.int64(5), 2), (2, 0), (0, 1)]}","{(0, np.int64(5)): {'cpu': 6}, (1, np.int64(1)): {'cpu': 13}}","{((0, 1), (np.int64(5), 2)): {'bw': 2}, ((0, 1), (2, 0)): {'bw': 2}, ((0, 1), (0, 1)): {'bw': 2}}",25.0,21.0,38.0,19.0,2.0,19.0,2.0,19.0,6.0,4.0,0.84,7742.644117497313,6503.821058697743,260.1528423479097,Success,0.0,"{'node_level': {}, 'link_level': {}, 'path_level': {}}","{'node_level': {0: {'cpu': -87}, 1: {'cpu': -52}}, 'link_level': {(0, 1): {'bw': -29}}, 'path_level': {(0, 1): {}}}","{'node_level': {0: {'cpu': 0}, 1: {'cpu': 0}}, 'link_level': {(0, 1): {'bw': 0}}, 'path_level': {(0, 1): {}}}",[],-inf,-inf,True,True,False,0,[],0,0.0,2.0,1.0
77,13,4,753.0,1834.0,397513.22791131947,937326.6976114921,0.4105779716466739,0.4240925057658848,25,130,0,1871.939295457846,9045,4794,4251,0.016413623307345082,0.08185745140388767,74,63.93929545784591,1808.0,9,16,False,{},{},{},{},0.0,0.0,0.0,0.0,0.0,0.0,0.0,0.0,0.0,0.0,0.0,0.0,0.0,0.0,Leave Event,0.0,"{'node_level': {}, 'link_level': {}, 'path_level': {}}","{'node_level': {}, 'link_level': {}, 'path_level': {}}","{'node_level': {}, 'link_level': {}, 'path_level': {}}",[],-inf,-inf,True,True,False,0,[],0,0.0,,
77,13,3,753.0,1834.0,397513.22791131947,937326.6976114921,0.4105779716466739,0.4240925057658848,25,131,0,1872.7152567269313,9328,4811,4517,0.012925728354534316,0.02440604751619868,43,817.7152567269313,1055.0,2,1,False,{},{},{},{},0.0,0.0,0.0,0.0,0.0,0.0,0.0,0.0,0.0,0.0,0.0,0.0,0.0,0.0,Leave Event,0.0,"{'node_level': {}, 'link_level': {}, 'path_level': {}}","{'node_level': {}, 'link_level': {}, 'path_level': {}}","{'node_level': {}, 'link_level': {}, 'path_level': {}}",[],-inf,-inf,True,True,False,0,[],0,0.0,,
77,13,2,753.0,1834.0,397513.22791131947,937326.6976114921,0.4105779716466739,0.4240925057658848,25,132,0,1890.3496462175247,9419,4821,4598,0.010874025441116153,0.006911447084233302,71,141.34964621752465,1749.0,2,1,False,{},{},{},{},0.0,0.0,0.0,0.0,0.0,0.0,0.0,0.0,0.0,0.0,0.0,0.0,0.0,0.0,Leave Event,0.0,"{'node_level': {}, 'link_level': {}, 'path_level': {}}","{'node_level': {}, 'link_level': {}, 'path_level': {}}","{'node_level': {}, 'link_level': {}, 'path_level': {}}",[],-inf,-inf,True,True,False,0,[],0,0.0,,
78,13,2,753.0,1834.0,397513.22791131947,937326.6976114921,0.4105779716466739,0.4240925057658848,25,133,1,1899.0,9419,4821,4598,0.010874025441116153,0.006911447084233302,77,67.2124001131856,1899.0,10,23,False,"{0: np.int64(62), 1: np.int64(40), 2: np.int64(25), 3: np.int64(28), 4: np.int64(15), 5: np.int64(23), 6: np.int64(52), 7: np.int64(4), 8: np.int64(27), 9: np.int64(33)}","{(0, 4): [(np.int64(62), 30), (30, 14), (14, 6), (6, 2), (2, 0), (0, 1), (1, 3), (3, 7), (7, 15)], (0, 9): []}","{(0, np.int64(62)): {'cpu': 17}, (1, np.int64(40)): {'cpu': 4}, (2, np.int64(25)): {'cpu': 19}, (3, np.int64(28)): {'cpu': 11}, (4, np.int64(15)): {'cpu': 10}, (5, np.int64(23)): {'cpu': 3}, (6, np.int64(52)): {'cpu': 4}, (7, np.int64(4)): {'cpu': 16}, (8, np.int64(27)): {'cpu': 9}, (9, np.int64(33)): {'cpu': 7}}","{((0, 4), (np.int64(62), 30)): {'bw': 32}, ((0, 4), (30, 14)): {'bw': 32}, ((0, 4), (14, 6)): {'bw': 32}, ((0, 4), (6, 2)): {'bw': 32}, ((0, 4), (2, 0)): {'bw': 32}, ((0, 4), (0, 1)): {'bw': 32}, ((0, 4), (1, 3)): {'bw': 32}, ((0, 4), (3, 7)): {'bw': 32}, ((0, 4), (7, 15)): {'bw': 32}}",0.0,0.0,200.0,100.0,683.0,0.0,0.0,0.0,0.0,0.0,0.0,0.0,0.0,0.0,Route Failure,100.0,"{'node_level': {}, 'link_level': {}, 'path_level': {}}","{'node_level': {0: {'cpu': -59}, 1: {'cpu': -62}, 2: {'cpu': -74}, 3: {'cpu': -81}, 4: {'cpu': -87}, 5: {'cpu': -51}, 6: {'cpu': -91}, 7: {'cpu': -56}, 8: {'cpu': -79}, 9: {'cpu': -47}}, 'link_level': {(0, 4): {'bw': -11}, (0, 9): {'bw': 100.0}}, 'path_level': {(0, 4): {}, (0, 9): {}}}","{'node_level': {0: {'cpu': 0}, 1: {'cpu': 0}, 2: {'cpu': 0}, 3: {'cpu': 0}, 4: {'cpu': 0}, 5: {'cpu': 0}, 6: {'cpu': 0}, 7: {'cpu': 0}, 8: {'cpu': 0}, 9: {'cpu': 0}}, 'link_level': {(0, 4): {'bw': 0}, (0, 9): {'bw': 100.0}}, 'path_level': {(0, 4): {}, (0, 9): {}}}",[],-inf,-inf,True,False,False,0,[],0,0.0,10.0,2.0
78,13,2,753.0,1834.0,397513.22791131947,937326.6976114921,0.4105779716466739,0.4240925057658848,25,134,0,1914.2097908690325,9419,4821,4598,0.010874025441116153,0.006911447084233302,58,492.2097908690325,1422.0,10,16,False,{},{},{},{},0.0,0.0,0.0,0.0,0.0,0.0,0.0,0.0,0.0,0.0,0.0,0.0,0.0,0.0,Leave Event,0.0,"{'node_level': {}, 'link_level': {}, 'path_level': {}}","{'node_level': {}, 'link_level': {}, 'path_level': {}}","{'node_level': {}, 'link_level': {}, 'path_level': {}}",[],-inf,-inf,True,True,False,0,[],0,0.0,,
79,13,2,753.0,1834.0,397513.22791131947,937326.6976114921,0.4105779716466739,0.4240925057658848,25,135,1,1919.0,9419,4821,4598,0.010874025441116153,0.006911447084233302,78,384.3056223065453,1919.0,8,16,False,"{0: np.int64(6), 1: np.int64(3), 2: np.int64(60), 3: np.int64(55), 4: np.int64(23), 5: np.int64(14), 6: np.int64(28), 7: np.int64(22)}","{(0, 1): [(np.int64(6), 2), (2, 0), (0, 1), (1, 3)], (0, 3): [(np.int64(6), 2), (2, 5), (5, 11), (11, 23), (23, 55)], (0, 4): []}","{(0, np.int64(6)): {'cpu': 11}, (1, np.int64(3)): {'cpu': 2}, (2, np.int64(60)): {'cpu': 17}, (3, np.int64(55)): {'cpu': 7}, (4, np.int64(23)): {'cpu': 13}, (5, np.int64(14)): {'cpu': 17}, (6, np.int64(28)): {'cpu': 0}, (7, np.int64(22)): {'cpu': 15}}","{((0, 1), (np.int64(6), 2)): {'bw': 30}, ((0, 1), (2, 0)): {'bw': 30}, ((0, 1), (0, 1)): {'bw': 30}, ((0, 1), (1, 3)): {'bw': 30}, ((0, 3), (np.int64(6), 2)): {'bw': 48}, ((0, 3), (2, 5)): {'bw': 48}, ((0, 3), (5, 11)): {'bw': 48}, ((0, 3), (11, 23)): {'bw': 48}, ((0, 3), (23, 55)): {'bw': 48}}",0.0,0.0,164.0,82.0,404.0,0.0,0.0,0.0,0.0,0.0,0.0,0.0,0.0,0.0,Route Failure,100.0,"{'node_level': {}, 'link_level': {}, 'path_level': {}}","{'node_level': {0: {'cpu': -41}, 1: {'cpu': -56}, 2: {'cpu': -74}, 3: {'cpu': -88}, 4: {'cpu': -41}, 5: {'cpu': -54}, 6: {'cpu': -92}, 7: {'cpu': -73}}, 'link_level': {(0, 1): {'bw': -37}, (0, 3): {'bw': -8}, (0, 4): {'bw': 100.0}}, 'path_level': {(0, 1): {}, (0, 3): {}, (0, 4): {}}}","{'node_level': {0: {'cpu': 0}, 1: {'cpu': 0}, 2: {'cpu': 0}, 3: {'cpu': 0}, 4: {'cpu': 0}, 5: {'cpu': 0}, 6: {'cpu': 0}, 7: {'cpu': 0}}, 'link_level': {(0, 1): {'bw': 0}, (0, 3): {'bw': 0}, (0, 4): {'bw': 100.0}}, 'path_level': {(0, 1): {}, (0, 3): {}, (0, 4): {}}}",[],-inf,-inf,True,False,False,0,[],0,0.0,8.0,3.0
80,13,2,753.0,1834.0,397513.22791131947,937326.6976114921,0.4105779716466739,0.4240925057658848,25,136,1,1941.0,9419,4821,4598,0.010874025441116153,0.006911447084233302,79,175.85276369443173,1941.0,7,16,False,"{0: np.int64(36), 1: np.int64(17), 2: np.int64(1), 3: np.int64(60), 4: np.int64(14), 5: np.int64(19), 6: np.int64(48)}","{(0, 1): [(np.int64(36), 20), (20, 9), (9, 4), (4, 1), (1, 3), (3, 8), (8, 17)], (0, 2): []}","{(0, np.int64(36)): {'cpu': 12}, (1, np.int64(17)): {'cpu': 18}, (2, np.int64(1)): {'cpu': 20}, (3, np.int64(60)): {'cpu': 3}, (4, np.int64(14)): {'cpu': 8}, (5, np.int64(19)): {'cpu': 1}, (6, np.int64(48)): {'cpu': 2}}","{((0, 1), (np.int64(36), 20)): {'bw': 47}, ((0, 1), (20, 9)): {'bw': 47}, ((0, 1), (9, 4)): {'bw': 47}, ((0, 1), (4, 1)): {'bw': 47}, ((0, 1), (1, 3)): {'bw': 47}, ((0, 1), (3, 8)): {'bw': 47}, ((0, 1), (8, 17)): {'bw': 47}}",0.0,0.0,128.0,64.0,475.0,0.0,0.0,0.0,0.0,0.0,0.0,0.0,0.0,0.0,Route Failure,100.0,"{'node_level': {}, 'link_level': {}, 'path_level': {}}","{'node_level': {0: {'cpu': -69}, 1: {'cpu': -58}, 2: {'cpu': -32}, 3: {'cpu': -88}, 4: {'cpu': -63}, 5: {'cpu': -86}, 6: {'cpu': -87}}, 'link_level': {(0, 1): {'bw': -7}, (0, 2): {'bw': 100.0}}, 'path_level': {(0, 1): {}, (0, 2): {}}}","{'node_level': {0: {'cpu': 0}, 1: {'cpu': 0}, 2: {'cpu': 0}, 3: {'cpu': 0}, 4: {'cpu': 0}, 5: {'cpu': 0}, 6: {'cpu': 0}}, 'link_level': {(0, 1): {'bw': 0}, (0, 2): {'bw': 100.0}}, 'path_level': {(0, 1): {}, (0, 2): {}}}",[],-inf,-inf,True,False,False,0,[],0,0.0,7.0,2.0
80,13,2,753.0,1834.0,397513.22791131947,937326.6976114921,0.4105779716466739,0.4240925057658848,25,137,0,1948.9251806544353,9419,4821,4598,0.010874025441116153,0.006911447084233302,53,635.9251806544353,1313.0,5,4,False,{},{},{},{},0.0,0.0,0.0,0.0,0.0,0.0,0.0,0.0,0.0,0.0,0.0,0.0,0.0,0.0,Leave Event,0.0,"{'node_level': {}, 'link_level': {}, 'path_level': {}}","{'node_level': {}, 'link_level': {}, 'path_level': {}}","{'node_level': {}, 'link_level': {}, 'path_level': {}}",[],-inf,-inf,True,True,False,0,[],0,0.0,,
80,13,2,753.0,1834.0,397513.22791131947,937326.6976114921,0.4105779716466739,0.4240925057658848,25,138,0,1956.149238300558,9419,4821,4598,0.010874025441116153,0.006911447084233302,54,624.1492383005581,1332.0,10,24,False,{},{},{},{},0.0,0.0,0.0,0.0,0.0,0.0,0.0,0.0,0.0,0.0,0.0,0.0,0.0,0.0,Leave Event,0.0,"{'node_level': {}, 'link_level': {}, 'path_level': {}}","{'node_level': {}, 'link_level': {}, 'path_level': {}}","{'node_level': {}, 'link_level': {}, 'path_level': {}}",[],-inf,-inf,True,True,False,0,[],0,0.0,,
81,14,3,785.0,1896.0,400605.2293218224,943317.4503443416,0.4140295358649789,0.42467700473004977,27,139,1,1960.0,9357,4804,4553,0.014361920393926919,0.016630669546436327,80,96.62504407821689,1960.0,3,2,True,"{0: np.int64(0), 1: np.int64(14), 2: np.int64(27)}","{(0, 1): [(np.int64(0), 2), (2, 6), (6, 14)], (1, 2): [(np.int64(14), 6), (6, 13), (13, 27)]}","{(0, np.int64(0)): {'cpu': 3}, (1, np.int64(14)): {'cpu': 8}, (2, np.int64(27)): {'cpu': 6}}","{((0, 1), (np.int64(0), 2)): {'bw': 11}, ((0, 1), (2, 6)): {'bw': 11}, ((0, 1), (6, 14)): {'bw': 11}, ((1, 2), (np.int64(14), 6)): {'bw': 4}, ((1, 2), (6, 13)): {'bw': 4}, ((1, 2), (13, 27)): {'bw': 4}}",62.0,32.0,34.0,17.0,15.0,17.0,15.0,17.0,45.0,30.0,0.5161290322580645,5990.752732849447,3092.0014105029404,49.87099049198291,Success,0.0,"{'node_level': {}, 'link_level': {}, 'path_level': {}}","{'node_level': {0: {'cpu': -87}, 1: {'cpu': -63}, 2: {'cpu': -82}}, 'link_level': {(0, 1): {'bw': -32}, (1, 2): {'bw': -28}}, 'path_level': {(0, 1): {}, (1, 2): {}}}","{'node_level': {0: {'cpu': 0}, 1: {'cpu': 0}, 2: {'cpu': 0}}, 'link_level': {(0, 1): {'bw': 0}, (1, 2): {'bw': 0}}, 'path_level': {(0, 1): {}, (1, 2): {}}}",[],-inf,-inf,True,True,False,0,[],0,0.0,3.0,2.0
81,14,3,785.0,1896.0,400605.2293218224,943317.4503443416,0.4140295358649789,0.42467700473004977,27,140,0,1962.5270626266554,9357,4804,4553,0.014361920393926919,0.016630669546436327,67,319.5270626266553,1643.0,6,9,False,{},{},{},{},0.0,0.0,0.0,0.0,0.0,0.0,0.0,0.0,0.0,0.0,0.0,0.0,0.0,0.0,Leave Event,0.0,"{'node_level': {}, 'link_level': {}, 'path_level': {}}","{'node_level': {}, 'link_level': {}, 'path_level': {}}","{'node_level': {}, 'link_level': {}, 'path_level': {}}",[],-inf,-inf,True,True,False,0,[],0,0.0,,
81,14,3,785.0,1896.0,400605.2293218224,943317.4503443416,0.4140295358649789,0.42467700473004977,27,141,0,1964.139486896337,9357,4804,4553,0.014361920393926919,0.016630669546436327,39,1010.139486896337,954.0,10,23,False,{},{},{},{},0.0,0.0,0.0,0.0,0.0,0.0,0.0,0.0,0.0,0.0,0.0,0.0,0.0,0.0,Leave Event,0.0,"{'node_level': {}, 'link_level': {}, 'path_level': {}}","{'node_level': {}, 'link_level': {}, 'path_level': {}}","{'node_level': {}, 'link_level': {}, 'path_level': {}}",[],-inf,-inf,True,True,False,0,[],0,0.0,,
81,14,3,785.0,1896.0,400605.2293218224,943317.4503443416,0.4140295358649789,0.42467700473004977,27,142,0,1966.2124001131856,9357,4804,4553,0.014361920393926919,0.016630669546436327,77,67.2124001131856,1899.0,10,23,False,{},{},{},{},0.0,0.0,0.0,0.0,0.0,0.0,0.0,0.0,0.0,0.0,0.0,0.0,0.0,0.0,Leave Event,0.0,"{'node_level': {}, 'link_level': {}, 'path_level': {}}","{'node_level': {}, 'link_level': {}, 'path_level': {}}","{'node_level': {}, 'link_level': {}, 'path_level': {}}",[],-inf,-inf,True,True,False,0,[],0,0.0,,
81,14,3,785.0,1896.0,400605.2293218224,943317.4503443416,0.4140295358649789,0.42467700473004977,27,143,0,1975.3280597182231,9357,4804,4553,0.014361920393926919,0.016630669546436327,47,813.3280597182231,1162.0,4,6,False,{},{},{},{},0.0,0.0,0.0,0.0,0.0,0.0,0.0,0.0,0.0,0.0,0.0,0.0,0.0,0.0,Leave Event,0.0,"{'node_level': {}, 'link_level': {}, 'path_level': {}}","{'node_level': {}, 'link_level': {}, 'path_level': {}}","{'node_level': {}, 'link_level': {}, 'path_level': {}}",[],-inf,-inf,True,True,False,0,[],0,0.0,,
81,14,3,785.0,1896.0,400605.2293218224,943317.4503443416,0.4140295358649789,0.42467700473004977,27,144,0,1976.363735163005,9357,4804,4553,0.014361920393926919,0.016630669546436327,44,895.363735163005,1081.0,4,5,False,{},{},{},{},0.0,0.0,0.0,0.0,0.0,0.0,0.0,0.0,0.0,0.0,0.0,0.0,0.0,0.0,Leave Event,0.0,"{'node_level': {}, 'link_level': {}, 'path_level': {}}","{'node_level': {}, 'link_level': {}, 'path_level': {}}","{'node_level': {}, 'link_level': {}, 'path_level': {}}",[],-inf,-inf,True,True,False,0,[],0,0.0,,
82,14,3,785.0,1896.0,400605.2293218224,943317.4503443416,0.4140295358649789,0.42467700473004977,27,145,1,1981.0,9357,4804,4553,0.014361920393926919,0.016630669546436327,81,41.276938139525015,1981.0,9,18,False,"{0: np.int64(61), 1: np.int64(38), 2: np.int64(20), 3: np.int64(50), 4: np.int64(37), 5: np.int64(11), 6: np.int64(52), 7: np.int64(14), 8: np.int64(15)}","{(0, 3): [(np.int64(61), 29), (29, 14), (14, 6), (6, 2), (2, 0), (0, 1), (1, 3), (3, 8), (8, 18), (18, 50)], (0, 5): []}","{(0, np.int64(61)): {'cpu': 6}, (1, np.int64(38)): {'cpu': 12}, (2, np.int64(20)): {'cpu': 2}, (3, np.int64(50)): {'cpu': 5}, (4, np.int64(37)): {'cpu': 12}, (5, np.int64(11)): {'cpu': 6}, (6, np.int64(52)): {'cpu': 12}, (7, np.int64(14)): {'cpu': 1}, (8, np.int64(15)): {'cpu': 2}}","{((0, 3), (np.int64(61), 29)): {'bw': 11}, ((0, 3), (29, 14)): {'bw': 11}, ((0, 3), (14, 6)): {'bw': 11}, ((0, 3), (6, 2)): {'bw': 11}, ((0, 3), (2, 0)): {'bw': 11}, ((0, 3), (0, 1)): {'bw': 11}, ((0, 3), (1, 3)): {'bw': 11}, ((0, 3), (3, 8)): {'bw': 11}, ((0, 3), (8, 18)): {'bw': 11}, ((0, 3), (18, 50)): {'bw': 11}}",0.0,0.0,116.0,58.0,444.0,0.0,0.0,0.0,0.0,0.0,0.0,0.0,0.0,0.0,Route Failure,100.0,"{'node_level': {}, 'link_level': {}, 'path_level': {}}","{'node_level': {0: {'cpu': -90}, 1: {'cpu': -69}, 2: {'cpu': -87}, 3: {'cpu': -53}, 4: {'cpu': -57}, 5: {'cpu': -93}, 6: {'cpu': -83}, 7: {'cpu': -62}, 8: {'cpu': -95}}, 'link_level': {(0, 3): {'bw': -17}, (0, 5): {'bw': 100.0}}, 'path_level': {(0, 3): {}, (0, 5): {}}}","{'node_level': {0: {'cpu': 0}, 1: {'cpu': 0}, 2: {'cpu': 0}, 3: {'cpu': 0}, 4: {'cpu': 0}, 5: {'cpu': 0}, 6: {'cpu': 0}, 7: {'cpu': 0}, 8: {'cpu': 0}}, 'link_level': {(0, 3): {'bw': 0}, (0, 5): {'bw': 100.0}}, 'path_level': {(0, 3): {}, (0, 5): {}}}",[],-inf,-inf,True,False,False,0,[],0,0.0,9.0,2.0
83,14,3,785.0,1896.0,400605.2293218224,943317.4503443416,0.4140295358649789,0.42467700473004977,27,146,1,2003.0,9357,4804,4553,0.014361920393926919,0.016630669546436327,82,110.8841810536786,2003.0,6,10,False,"{0: np.int64(44), 1: np.int64(31), 2: np.int64(14), 3: np.int64(33), 4: np.int64(46), 5: np.int64(59)}","{(0, 1): [(np.int64(44), 28), (28, 13), (13, 6), (6, 2), (2, 0), (0, 1), (1, 3), (3, 7), (7, 15), (15, 31)], (0, 2): [(np.int64(44), 28), (28, 13), (13, 6), (6, 14)], (0, 3): []}","{(0, np.int64(44)): {'cpu': 6}, (1, np.int64(31)): {'cpu': 3}, (2, np.int64(14)): {'cpu': 18}, (3, np.int64(33)): {'cpu': 17}, (4, np.int64(46)): {'cpu': 7}, (5, np.int64(59)): {'cpu': 13}}","{((0, 1), (np.int64(44), 28)): {'bw': 35}, ((0, 1), (28, 13)): {'bw': 35}, ((0, 1), (13, 6)): {'bw': 35}, ((0, 1), (6, 2)): {'bw': 35}, ((0, 1), (2, 0)): {'bw': 35}, ((0, 1), (0, 1)): {'bw': 35}, ((0, 1), (1, 3)): {'bw': 35}, ((0, 1), (3, 7)): {'bw': 35}, ((0, 1), (7, 15)): {'bw': 35}, ((0, 1), (15, 31)): {'bw': 35}, ((0, 2), (np.int64(44), 28)): {'bw': 10}, ((0, 2), (28, 13)): {'bw': 10}, ((0, 2), (13, 6)): {'bw': 10}, ((0, 2), (6, 14)): {'bw': 10}}",0.0,0.0,128.0,64.0,218.0,0.0,0.0,0.0,0.0,0.0,0.0,0.0,0.0,0.0,Route Failure,100.0,"{'node_level': {}, 'link_level': {}, 'path_level': {}}","{'node_level': {0: {'cpu': -48}, 1: {'cpu': -52}, 2: {'cpu': -45}, 3: {'cpu': -37}, 4: {'cpu': -58}, 5: {'cpu': -46}}, 'link_level': {(0, 1): {'bw': -23}, (0, 2): {'bw': -18}, (0, 3): {'bw': 100.0}}, 'path_level': {(0, 1): {}, (0, 2): {}, (0, 3): {}}}","{'node_level': {0: {'cpu': 0}, 1: {'cpu': 0}, 2: {'cpu': 0}, 3: {'cpu': 0}, 4: {'cpu': 0}, 5: {'cpu': 0}}, 'link_level': {(0, 1): {'bw': 0}, (0, 2): {'bw': 0}, (0, 3): {'bw': 100.0}}, 'path_level': {(0, 1): {}, (0, 2): {}, (0, 3): {}}}",[],-inf,-inf,True,False,False,0,[],0,0.0,6.0,3.0
83,14,3,785.0,1896.0,400605.2293218224,943317.4503443416,0.4140295358649789,0.42467700473004977,27,147,0,2008.2434158630444,9357,4804,4553,0.014361920393926919,0.016630669546436327,61,514.2434158630444,1494.0,7,8,False,{},{},{},{},0.0,0.0,0.0,0.0,0.0,0.0,0.0,0.0,0.0,0.0,0.0,0.0,0.0,0.0,Leave Event,0.0,"{'node_level': {}, 'link_level': {}, 'path_level': {}}","{'node_level': {}, 'link_level': {}, 'path_level': {}}","{'node_level': {}, 'link_level': {}, 'path_level': {}}",[],-inf,-inf,True,True,False,0,[],0,0.0,,
83,14,3,785.0,1896.0,400605.2293218224,943317.4503443416,0.4140295358649789,0.42467700473004977,27,148,0,2022.276938139525,9357,4804,4553,0.014361920393926919,0.016630669546436327,81,41.276938139525015,1981.0,9,18,False,{},{},{},{},0.0,0.0,0.0,0.0,0.0,0.0,0.0,0.0,0.0,0.0,0.0,0.0,0.0,0.0,Leave Event,0.0,"{'node_level': {}, 'link_level': {}, 'path_level': {}}","{'node_level': {}, 'link_level': {}, 'path_level': {}}","{'node_level': {}, 'link_level': {}, 'path_level': {}}",[],-inf,-inf,True,True,False,0,[],0,0.0,,
84,14,3,785.0,1896.0,400605.2293218224,943317.4503443416,0.4140295358649789,0.42467700473004977,27,149,1,2027.0,9357,4804,4553,0.014361920393926919,0.016630669546436327,83,280.6987287576031,2027.0,5,7,False,"{0: np.int64(27), 1: np.int64(19), 2: np.int64(5), 3: np.int64(53), 4: np.int64(42)}","{(0, 1): [(np.int64(27), 13), (13, 6), (6, 2), (2, 0), (0, 1), (1, 4), (4, 9), (9, 19)], (0, 2): []}","{(0, np.int64(27)): {'cpu': 8}, (1, np.int64(19)): {'cpu': 14}, (2, np.int64(5)): {'cpu': 2}, (3, np.int64(53)): {'cpu': 2}, (4, np.int64(42)): {'cpu': 17}}","{((0, 1), (np.int64(27), 13)): {'bw': 28}, ((0, 1), (13, 6)): {'bw': 28}, ((0, 1), (6, 2)): {'bw': 28}, ((0, 1), (2, 0)): {'bw': 28}, ((0, 1), (0, 1)): {'bw': 28}, ((0, 1), (1, 4)): {'bw': 28}, ((0, 1), (4, 9)): {'bw': 28}, ((0, 1), (9, 19)): {'bw': 28}}",0.0,0.0,86.0,43.0,185.0,0.0,0.0,0.0,0.0,0.0,0.0,0.0,0.0,0.0,Route Failure,100.0,"{'node_level': {}, 'link_level': {}, 'path_level': {}}","{'node_level': {0: {'cpu': -74}, 1: {'cpu': -73}, 2: {'cpu': -85}, 3: {'cpu': -63}, 4: {'cpu': -45}}, 'link_level': {(0, 1): {'bw': -23}, (0, 2): {'bw': 100.0}}, 'path_level': {(0, 1): {}, (0, 2): {}}}","{'node_level': {0: {'cpu': 0}, 1: {'cpu': 0}, 2: {'cpu': 0}, 3: {'cpu': 0}, 4: {'cpu': 0}}, 'link_level': {(0, 1): {'bw': 0}, (0, 2): {'bw': 100.0}}, 'path_level': {(0, 1): {}, (0, 2): {}}}",[],-inf,-inf,True,False,False,0,[],0,0.0,5.0,2.0
85,14,3,785.0,1896.0,400605.2293218224,943317.4503443416,0.4140295358649789,0.42467700473004977,27,150,1,2049.0,9357,4804,4553,0.014361920393926919,0.016630669546436327,84,513.3483154231568,2049.0,8,13,False,"{0: np.int64(42), 1: np.int64(35), 2: np.int64(48), 3: np.int64(26), 4: np.int64(34), 5: np.int64(55), 6: np.int64(44), 7: np.int64(2)}","{(0, 1): [(np.int64(42), 26), (26, 12), (12, 5), (5, 2), (2, 0), (0, 1), (1, 4), (4, 9), (9, 19), (19, 35)], (0, 2): [(np.int64(42), 26), (26, 12), (12, 5), (5, 2), (2, 0), (0, 1), (1, 3), (3, 7), (7, 16), (16, 48)], (0, 3): []}","{(0, np.int64(42)): {'cpu': 7}, (1, np.int64(35)): {'cpu': 10}, (2, np.int64(48)): {'cpu': 19}, (3, np.int64(26)): {'cpu': 0}, (4, np.int64(34)): {'cpu': 18}, (5, np.int64(55)): {'cpu': 0}, (6, np.int64(44)): {'cpu': 13}, (7, np.int64(2)): {'cpu': 10}}","{((0, 1), (np.int64(42), 26)): {'bw': 29}, ((0, 1), (26, 12)): {'bw': 29}, ((0, 1), (12, 5)): {'bw': 29}, ((0, 1), (5, 2)): {'bw': 29}, ((0, 1), (2, 0)): {'bw': 29}, ((0, 1), (0, 1)): {'bw': 29}, ((0, 1), (1, 4)): {'bw': 29}, ((0, 1), (4, 9)): {'bw': 29}, ((0, 1), (9, 19)): {'bw': 29}, ((0, 1), (19, 35)): {'bw': 29}, ((0, 2), (np.int64(42), 26)): {'bw': 29}, ((0, 2), (26, 12)): {'bw': 29}, ((0, 2), (12, 5)): {'bw': 29}, ((0, 2), (5, 2)): {'bw': 29}, ((0, 2), (2, 0)): {'bw': 29}, ((0, 2), (0, 1)): {'bw': 29}, ((0, 2), (1, 3)): {'bw': 29}, ((0, 2), (3, 7)): {'bw': 29}, ((0, 2), (7, 16)): {'bw': 29}, ((0, 2), (16, 48)): {'bw': 29}}",0.0,0.0,154.0,77.0,294.0,0.0,0.0,0.0,0.0,0.0,0.0,0.0,0.0,0.0,Route Failure,100.0,"{'node_level': {}, 'link_level': {}, 'path_level': {}}","{'node_level': {0: {'cpu': -55}, 1: {'cpu': -46}, 2: {'cpu': -70}, 3: {'cpu': -89}, 4: {'cpu': -78}, 5: {'cpu': -95}, 6: {'cpu': -41}, 7: {'cpu': -85}}, 'link_level': {(0, 1): {'bw': -22}, (0, 2): {'bw': -1}, (0, 3): {'bw': 100.0}}, 'path_level': {(0, 1): {}, (0, 2): {}, (0, 3): {}}}","{'node_level': {0: {'cpu': 0}, 1: {'cpu': 0}, 2: {'cpu': 0}, 3: {'cpu': 0}, 4: {'cpu': 0}, 5: {'cpu': 0}, 6: {'cpu': 0}, 7: {'cpu': 0}}, 'link_level': {(0, 1): {'bw': 0}, (0, 2): {'bw': 0}, (0, 3): {'bw': 100.0}}, 'path_level': {(0, 1): {}, (0, 2): {}, (0, 3): {}}}",[],-inf,-inf,True,False,False,0,[],0,0.0,8.0,3.0
85,14,2,785.0,1896.0,400605.2293218224,943317.4503443416,0.4140295358649789,0.42467700473004977,27,151,0,2056.625044078217,9419,4821,4598,0.010874025441116153,0.006911447084233302,80,96.62504407821689,1960.0,3,2,False,{},{},{},{},0.0,0.0,0.0,0.0,0.0,0.0,0.0,0.0,0.0,0.0,0.0,0.0,0.0,0.0,Leave Event,0.0,"{'node_level': {}, 'link_level': {}, 'path_level': {}}","{'node_level': {}, 'link_level': {}, 'path_level': {}}","{'node_level': {}, 'link_level': {}, 'path_level': {}}",[],-inf,-inf,True,True,False,0,[],0,0.0,,
86,15,3,847.0,1958.0,403439.70798185107,946151.9290043702,0.43258426966292135,0.4264005553594211,28,152,1,2078.0,9357,4788,4569,0.01764464505539598,0.013174946004319676,85,45.71739774239766,2078.0,3,2,True,"{0: np.int64(1), 1: np.int64(4), 2: np.int64(36)}","{(0, 1): [(np.int64(1), 4)], (1, 2): [(np.int64(4), 9), (9, 20), (20, 36)]}","{(0, np.int64(1)): {'cpu': 3}, (1, np.int64(4)): {'cpu': 20}, (2, np.int64(36)): {'cpu': 10}}","{((0, 1), (np.int64(1), 4)): {'bw': 29}, ((1, 2), (np.int64(4), 9)): {'bw': 0}, ((1, 2), (9, 20)): {'bw': 0}, ((1, 2), (20, 36)): {'bw': 0}}",62.0,62.0,66.0,33.0,29.0,33.0,29.0,33.0,29.0,0.0,1.0,2834.4786600286548,2834.4786600286548,45.71739774239766,Success,0.0,"{'node_level': {}, 'link_level': {}, 'path_level': {}}","{'node_level': {0: {'cpu': -49}, 1: {'cpu': -52}, 2: {'cpu': -71}}, 'link_level': {(0, 1): {'bw': -53}, (1, 2): {'bw': -54}}, 'path_level': {(0, 1): {}, (1, 2): {}}}","{'node_level': {0: {'cpu': 0}, 1: {'cpu': 0}, 2: {'cpu': 0}}, 'link_level': {(0, 1): {'bw': 0}, (1, 2): {'bw': 0}}, 'path_level': {(0, 1): {}, (1, 2): {}}}",[],-inf,-inf,True,True,False,0,[],0,0.0,3.0,2.0
86,15,3,847.0,1958.0,403439.70798185107,946151.9290043702,0.43258426966292135,0.4264005553594211,28,153,0,2090.5329845795372,9357,4788,4569,0.01764464505539598,0.013174946004319676,55,734.5329845795372,1356.0,4,3,False,{},{},{},{},0.0,0.0,0.0,0.0,0.0,0.0,0.0,0.0,0.0,0.0,0.0,0.0,0.0,0.0,Leave Event,0.0,"{'node_level': {}, 'link_level': {}, 'path_level': {}}","{'node_level': {}, 'link_level': {}, 'path_level': {}}","{'node_level': {}, 'link_level': {}, 'path_level': {}}",[],-inf,-inf,True,True,False,0,[],0,0.0,,
87,15,3,847.0,1958.0,403439.70798185107,946151.9290043702,0.43258426966292135,0.4264005553594211,28,154,1,2105.0,9357,4788,4569,0.01764464505539598,0.013174946004319676,86,628.9164279405528,2105.0,6,9,False,"{0: np.int64(5), 1: np.int64(24), 2: np.int64(30), 3: np.int64(49), 4: np.int64(44), 5: np.int64(17)}","{(0, 2): []}","{(0, np.int64(5)): {'cpu': 16}, (1, np.int64(24)): {'cpu': 7}, (2, np.int64(30)): {'cpu': 13}, (3, np.int64(49)): {'cpu': 18}, (4, np.int64(44)): {'cpu': 7}, (5, np.int64(17)): {'cpu': 9}}",{},0.0,0.0,140.0,70.0,243.0,0.0,0.0,0.0,0.0,0.0,0.0,0.0,0.0,0.0,Route Failure,100.0,"{'node_level': {}, 'link_level': {}, 'path_level': {}}","{'node_level': {0: {'cpu': -71}, 1: {'cpu': -85}, 2: {'cpu': -22}, 3: {'cpu': -78}, 4: {'cpu': -47}, 5: {'cpu': -67}}, 'link_level': {(0, 2): {'bw': 100.0}}, 'path_level': {(0, 2): {}}}","{'node_level': {0: {'cpu': 0}, 1: {'cpu': 0}, 2: {'cpu': 0}, 3: {'cpu': 0}, 4: {'cpu': 0}, 5: {'cpu': 0}}, 'link_level': {(0, 2): {'bw': 100.0}}, 'path_level': {(0, 2): {}}}",[],-inf,-inf,True,False,False,0,[],0,0.0,6.0,1.0
87,15,3,847.0,1958.0,403439.70798185107,946151.9290043702,0.43258426966292135,0.4264005553594211,28,155,0,2105.936058750045,9357,4788,4569,0.01764464505539598,0.013174946004319676,33,1302.936058750045,803.0,10,20,False,{},{},{},{},0.0,0.0,0.0,0.0,0.0,0.0,0.0,0.0,0.0,0.0,0.0,0.0,0.0,0.0,Leave Event,0.0,"{'node_level': {}, 'link_level': {}, 'path_level': {}}","{'node_level': {}, 'link_level': {}, 'path_level': {}}","{'node_level': {}, 'link_level': {}, 'path_level': {}}",[],-inf,-inf,True,True,False,0,[],0,0.0,,
87,15,3,847.0,1958.0,403439.70798185107,946151.9290043702,0.43258426966292135,0.4264005553594211,28,156,0,2113.8841810536787,9357,4788,4569,0.01764464505539598,0.013174946004319676,82,110.8841810536786,2003.0,6,10,False,{},{},{},{},0.0,0.0,0.0,0.0,0.0,0.0,0.0,0.0,0.0,0.0,0.0,0.0,0.0,0.0,Leave Event,0.0,"{'node_level': {}, 'link_level': {}, 'path_level': {}}","{'node_level': {}, 'link_level': {}, 'path_level': {}}","{'node_level': {}, 'link_level': {}, 'path_level': {}}",[],-inf,-inf,True,True,False,0,[],0,0.0,,
87,15,3,847.0,1958.0,403439.70798185107,946151.9290043702,0.43258426966292135,0.4264005553594211,28,157,0,2116.852763694432,9357,4788,4569,0.01764464505539598,0.013174946004319676,79,175.85276369443173,1941.0,7,16,False,{},{},{},{},0.0,0.0,0.0,0.0,0.0,0.0,0.0,0.0,0.0,0.0,0.0,0.0,0.0,0.0,Leave Event,0.0,"{'node_level': {}, 'link_level': {}, 'path_level': {}}","{'node_level': {}, 'link_level': {}, 'path_level': {}}","{'node_level': {}, 'link_level': {}, 'path_level': {}}",[],-inf,-inf,True,True,False,0,[],0,0.0,,
88,16,4,870.0,2029.0,404673.67035787774,949961.1172086264,0.4287826515524889,0.4259897200287252,29,158,1,2121.0,9286,4777,4509,0.01990151826015596,0.026133909287257007,87,53.65053808811481,2121.0,2,1,True,"{0: np.int64(10), 1: np.int64(5)}","{(0, 1): [(np.int64(10), 4), (4, 1), (1, 0), (0, 2), (2, 5)]}","{(0, np.int64(10)): {'cpu': 5}, (1, np.int64(5)): {'cpu': 6}}","{((0, 1), (np.int64(10), 4)): {'bw': 12}, ((0, 1), (4, 1)): {'bw': 12}, ((0, 1), (1, 0)): {'bw': 12}, ((0, 1), (0, 2)): {'bw': 12}, ((0, 1), (2, 5)): {'bw': 12}}",71.0,23.0,22.0,11.0,12.0,11.0,12.0,11.0,60.0,48.0,0.323943661971831,3809.1882042561515,1233.9623760266406,17.379751775023106,Success,0.0,"{'node_level': {}, 'link_level': {}, 'path_level': {}}","{'node_level': {0: {'cpu': -79}, 1: {'cpu': -81}}, 'link_level': {(0, 1): {'bw': -41}}, 'path_level': {(0, 1): {}}}","{'node_level': {0: {'cpu': 0}, 1: {'cpu': 0}}, 'link_level': {(0, 1): {'bw': 0}}, 'path_level': {(0, 1): {}}}",[],-inf,-inf,True,True,False,0,[],0,0.0,2.0,1.0
88,16,3,870.0,2029.0,404673.67035787774,949961.1172086264,0.4287826515524889,0.4259897200287252,29,159,0,2123.7173977423977,9348,4810,4538,0.013130898645876132,0.019870410367170632,85,45.71739774239766,2078.0,3,2,False,{},{},{},{},0.0,0.0,0.0,0.0,0.0,0.0,0.0,0.0,0.0,0.0,0.0,0.0,0.0,0.0,Leave Event,0.0,"{'node_level': {}, 'link_level': {}, 'path_level': {}}","{'node_level': {}, 'link_level': {}, 'path_level': {}}","{'node_level': {}, 'link_level': {}, 'path_level': {}}",[],-inf,-inf,True,True,False,0,[],0,0.0,,
89,16,3,870.0,2029.0,404673.67035787774,949961.1172086264,0.4287826515524889,0.4259897200287252,29,160,1,2155.0,9348,4810,4538,0.013130898645876132,0.019870410367170632,88,96.54915148785676,2155.0,10,19,False,"{0: np.int64(59), 1: np.int64(18), 2: np.int64(45), 3: np.int64(32), 4: np.int64(5), 5: np.int64(26), 6: np.int64(52), 7: np.int64(12), 8: np.int64(2), 9: np.int64(16)}","{(0, 1): [(np.int64(59), 27), (27, 13), (13, 6), (6, 2), (2, 0), (0, 1), (1, 3), (3, 8), (8, 18)], (0, 2): [(np.int64(59), 27), (27, 13), (13, 6), (6, 14), (14, 29), (29, 45)], (0, 3): [(np.int64(59), 27), (27, 13), (13, 6), (6, 2), (2, 0), (0, 1), (1, 3), (3, 7), (7, 16), (16, 32)], (0, 7): [(np.int64(59), 27), (27, 13), (13, 6), (6, 2), (2, 5), (5, 12)], (0, 8): [(np.int64(59), 27), (27, 13), (13, 6), (6, 2)], (1, 4): []}","{(0, np.int64(59)): {'cpu': 8}, (1, np.int64(18)): {'cpu': 7}, (2, np.int64(45)): {'cpu': 14}, (3, np.int64(32)): {'cpu': 13}, (4, np.int64(5)): {'cpu': 14}, (5, np.int64(26)): {'cpu': 3}, (6, np.int64(52)): {'cpu': 0}, (7, np.int64(12)): {'cpu': 2}, (8, np.int64(2)): {'cpu': 0}, (9, np.int64(16)): {'cpu': 10}}","{((0, 1), (np.int64(59), 27)): {'bw': 29}, ((0, 1), (27, 13)): {'bw': 29}, ((0, 1), (13, 6)): {'bw': 29}, ((0, 1), (6, 2)): {'bw': 29}, ((0, 1), (2, 0)): {'bw': 29}, ((0, 1), (0, 1)): {'bw': 29}, ((0, 1), (1, 3)): {'bw': 29}, ((0, 1), (3, 8)): {'bw': 29}, ((0, 1), (8, 18)): {'bw': 29}, ((0, 2), (np.int64(59), 27)): {'bw': 10}, ((0, 2), (27, 13)): {'bw': 10}, ((0, 2), (13, 6)): {'bw': 10}, ((0, 2), (6, 14)): {'bw': 10}, ((0, 2), (14, 29)): {'bw': 10}, ((0, 2), (29, 45)): {'bw': 10}, ((0, 3), (np.int64(59), 27)): {'bw': 5}, ((0, 3), (27, 13)): {'bw': 5}, ((0, 3), (13, 6)): {'bw': 5}, ((0, 3), (6, 2)): {'bw': 5}, ((0, 3), (2, 0)): {'bw': 5}, ((0, 3), (0, 1)): {'bw': 5}, ((0, 3), (1, 3)): {'bw': 5}, ((0, 3), (3, 7)): {'bw': 5}, ((0, 3), (7, 16)): {'bw': 5}, ((0, 3), (16, 32)): {'bw': 5}, ((0, 7), (np.int64(59), 27)): {'bw': 3}, ((0, 7), (27, 13)): {'bw': 3}, ((0, 7), (13, 6)): {'bw': 3}, ((0, 7), (6, 2)): {'bw': 3}, ((0, 7), (2, 5)): {'bw': 3}, ((0, 7), (5, 12)): {'bw': 3}, ((0, 8), (np.int64(59), 27)): {'bw': 1}, ((0, 8), (27, 13)): {'bw': 1}, ((0, 8), (13, 6)): {'bw': 1}, ((0, 8), (6, 2)): {'bw': 1}}",0.0,0.0,142.0,71.0,390.0,0.0,0.0,0.0,0.0,0.0,0.0,0.0,0.0,0.0,Route Failure,100.0,"{'node_level': {}, 'link_level': {}, 'path_level': {}}","{'node_level': {0: {'cpu': -51}, 1: {'cpu': -63}, 2: {'cpu': -62}, 3: {'cpu': -61}, 4: {'cpu': -67}, 5: {'cpu': -86}, 6: {'cpu': -95}, 7: {'cpu': -79}, 8: {'cpu': -95}, 9: {'cpu': -71}}, 'link_level': {(0, 1): {'bw': -26}, (0, 2): {'bw': -31}, (0, 3): {'bw': -21}, (0, 7): {'bw': -23}, (0, 8): {'bw': -22}, (1, 4): {'bw': 100.0}}, 'path_level': {(0, 1): {}, (0, 2): {}, (0, 3): {}, (0, 7): {}, (0, 8): {}, (1, 4): {}}}","{'node_level': {0: {'cpu': 0}, 1: {'cpu': 0}, 2: {'cpu': 0}, 3: {'cpu': 0}, 4: {'cpu': 0}, 5: {'cpu': 0}, 6: {'cpu': 0}, 7: {'cpu': 0}, 8: {'cpu': 0}, 9: {'cpu': 0}}, 'link_level': {(0, 1): {'bw': 0}, (0, 2): {'bw': 0}, (0, 3): {'bw': 0}, (0, 7): {'bw': 0}, (0, 8): {'bw': 0}, (1, 4): {'bw': 100.0}}, 'path_level': {(0, 1): {}, (0, 2): {}, (0, 3): {}, (0, 7): {}, (0, 8): {}, (1, 4): {}}}",[],-inf,-inf,True,False,False,0,[],0,0.0,10.0,6.0
89,16,2,870.0,2029.0,404673.67035787774,949961.1172086264,0.4287826515524889,0.4259897200287252,29,161,0,2173.7057646998924,9373,4829,4544,0.009232663110381623,0.018574514038876888,76,309.70576469989254,1864.0,2,1,False,{},{},{},{},0.0,0.0,0.0,0.0,0.0,0.0,0.0,0.0,0.0,0.0,0.0,0.0,0.0,0.0,Leave Event,0.0,"{'node_level': {}, 'link_level': {}, 'path_level': {}}","{'node_level': {}, 'link_level': {}, 'path_level': {}}","{'node_level': {}, 'link_level': {}, 'path_level': {}}",[],-inf,-inf,True,True,False,0,[],0,0.0,,
89,16,1,870.0,2029.0,404673.67035787774,949961.1172086264,0.4287826515524889,0.4259897200287252,29,162,0,2174.650538088115,9444,4840,4604,0.006975789905621643,0.005615550755939558,87,53.65053808811481,2121.0,2,1,False,{},{},{},{},0.0,0.0,0.0,0.0,0.0,0.0,0.0,0.0,0.0,0.0,0.0,0.0,0.0,0.0,Leave Event,0.0,"{'node_level': {}, 'link_level': {}, 'path_level': {}}","{'node_level': {}, 'link_level': {}, 'path_level': {}}","{'node_level': {}, 'link_level': {}, 'path_level': {}}",[],-inf,-inf,True,True,False,0,[],0,0.0,,
90,16,1,870.0,2029.0,404673.67035787774,949961.1172086264,0.4287826515524889,0.4259897200287252,29,163,1,2179.0,9444,4840,4604,0.006975789905621643,0.005615550755939558,89,624.6970585020666,2179.0,7,8,False,"{0: np.int64(6), 1: np.int64(28), 2: np.int64(9), 3: np.int64(31), 4: np.int64(62), 5: np.int64(57), 6: np.int64(59)}","{(0, 5): [(np.int64(6), 2), (2, 5), (5, 12), (12, 25), (25, 57)], (1, 4): [(np.int64(28), 13), (13, 6), (6, 14), (14, 30), (30, 62)], (1, 6): [(np.int64(28), 13), (13, 27), (27, 59)], (2, 3): [(np.int64(9), 4), (4, 1), (1, 3), (3, 7), (7, 15), (15, 31)], (2, 4): [(np.int64(9), 4), (4, 1), (1, 0), (0, 2), (2, 6), (6, 14), (14, 30), (30, 62)], (2, 5): [(np.int64(9), 4), (4, 1), (1, 0), (0, 2), (2, 5), (5, 12), (12, 25), (25, 57)], (3, 5): []}","{(0, np.int64(6)): {'cpu': 18}, (1, np.int64(28)): {'cpu': 4}, (2, np.int64(9)): {'cpu': 13}, (3, np.int64(31)): {'cpu': 6}, (4, np.int64(62)): {'cpu': 1}, (5, np.int64(57)): {'cpu': 18}, (6, np.int64(59)): {'cpu': 20}}","{((0, 5), (np.int64(6), 2)): {'bw': 43}, ((0, 5), (2, 5)): {'bw': 43}, ((0, 5), (5, 12)): {'bw': 43}, ((0, 5), (12, 25)): {'bw': 43}, ((0, 5), (25, 57)): {'bw': 43}, ((1, 4), (np.int64(28), 13)): {'bw': 35}, ((1, 4), (13, 6)): {'bw': 35}, ((1, 4), (6, 14)): {'bw': 35}, ((1, 4), (14, 30)): {'bw': 35}, ((1, 4), (30, 62)): {'bw': 35}, ((1, 6), (np.int64(28), 13)): {'bw': 4}, ((1, 6), (13, 27)): {'bw': 4}, ((1, 6), (27, 59)): {'bw': 4}, ((2, 3), (np.int64(9), 4)): {'bw': 2}, ((2, 3), (4, 1)): {'bw': 2}, ((2, 3), (1, 3)): {'bw': 2}, ((2, 3), (3, 7)): {'bw': 2}, ((2, 3), (7, 15)): {'bw': 2}, ((2, 3), (15, 31)): {'bw': 2}, ((2, 4), (np.int64(9), 4)): {'bw': 4}, ((2, 4), (4, 1)): {'bw': 4}, ((2, 4), (1, 0)): {'bw': 4}, ((2, 4), (0, 2)): {'bw': 4}, ((2, 4), (2, 6)): {'bw': 4}, ((2, 4), (6, 14)): {'bw': 4}, ((2, 4), (14, 30)): {'bw': 4}, ((2, 4), (30, 62)): {'bw': 4}, ((2, 5), (np.int64(9), 4)): {'bw': 13}, ((2, 5), (4, 1)): {'bw': 13}, ((2, 5), (1, 0)): {'bw': 13}, ((2, 5), (0, 2)): {'bw': 13}, ((2, 5), (2, 5)): {'bw': 13}, ((2, 5), (5, 12)): {'bw': 13}, ((2, 5), (12, 25)): {'bw': 13}, ((2, 5), (25, 57)): {'bw': 13}}",0.0,0.0,160.0,80.0,192.0,0.0,0.0,0.0,0.0,0.0,0.0,0.0,0.0,0.0,Route Failure,100.0,"{'node_level': {}, 'link_level': {}, 'path_level': {}}","{'node_level': {0: {'cpu': -34}, 1: {'cpu': -88}, 2: {'cpu': -44}, 3: {'cpu': -49}, 4: {'cpu': -75}, 5: {'cpu': -49}, 6: {'cpu': -39}}, 'link_level': {(0, 5): {'bw': -16}, (1, 4): {'bw': -8}, (1, 6): {'bw': -37}, (2, 3): {'bw': -56}, (2, 4): {'bw': -4}, (2, 5): {'bw': -3}, (3, 5): {'bw': 100.0}}, 'path_level': {(0, 5): {}, (1, 4): {}, (1, 6): {}, (2, 3): {}, (2, 4): {}, (2, 5): {}, (3, 5): {}}}","{'node_level': {0: {'cpu': 0}, 1: {'cpu': 0}, 2: {'cpu': 0}, 3: {'cpu': 0}, 4: {'cpu': 0}, 5: {'cpu': 0}, 6: {'cpu': 0}}, 'link_level': {(0, 5): {'bw': 0}, (1, 4): {'bw': 0}, (1, 6): {'bw': 0}, (2, 3): {'bw': 0}, (2, 4): {'bw': 0}, (2, 5): {'bw': 0}, (3, 5): {'bw': 100.0}}, 'path_level': {(0, 5): {}, (1, 4): {}, (1, 6): {}, (2, 3): {}, (2, 4): {}, (2, 5): {}, (3, 5): {}}}",[],-inf,-inf,True,False,False,0,[],0,0.0,7.0,7.0
91,16,1,870.0,2029.0,404673.67035787774,949961.1172086264,0.4287826515524889,0.4259897200287252,29,164,1,2201.0,9444,4840,4604,0.006975789905621643,0.005615550755939558,90,1082.5593020591855,2201.0,6,7,False,"{0: np.int64(24), 1: np.int64(18), 2: np.int64(13), 3: np.int64(15), 4: np.int64(2), 5: np.int64(4)}","{(0, 2): [(np.int64(24), 11), (11, 5), (5, 2), (2, 6), (6, 13)], (0, 3): [(np.int64(24), 11), (11, 5), (5, 2), (2, 0), (0, 1), (1, 3), (3, 7), (7, 15)], (0, 5): []}","{(0, np.int64(24)): {'cpu': 13}, (1, np.int64(18)): {'cpu': 12}, (2, np.int64(13)): {'cpu': 10}, (3, np.int64(15)): {'cpu': 8}, (4, np.int64(2)): {'cpu': 10}, (5, np.int64(4)): {'cpu': 0}}","{((0, 2), (np.int64(24), 11)): {'bw': 22}, ((0, 2), (11, 5)): {'bw': 22}, ((0, 2), (5, 2)): {'bw': 22}, ((0, 2), (2, 6)): {'bw': 22}, ((0, 2), (6, 13)): {'bw': 22}, ((0, 3), (np.int64(24), 11)): {'bw': 31}, ((0, 3), (11, 5)): {'bw': 31}, ((0, 3), (5, 2)): {'bw': 31}, ((0, 3), (2, 0)): {'bw': 31}, ((0, 3), (0, 1)): {'bw': 31}, ((0, 3), (1, 3)): {'bw': 31}, ((0, 3), (3, 7)): {'bw': 31}, ((0, 3), (7, 15)): {'bw': 31}}",0.0,0.0,106.0,53.0,149.0,0.0,0.0,0.0,0.0,0.0,0.0,0.0,0.0,0.0,Route Failure,100.0,"{'node_level': {}, 'link_level': {}, 'path_level': {}}","{'node_level': {0: {'cpu': -79}, 1: {'cpu': -58}, 2: {'cpu': -51}, 3: {'cpu': -89}, 4: {'cpu': -85}, 5: {'cpu': -72}}, 'link_level': {(0, 2): {'bw': -54}, (0, 3): {'bw': -23}, (0, 5): {'bw': 100.0}}, 'path_level': {(0, 2): {}, (0, 3): {}, (0, 5): {}}}","{'node_level': {0: {'cpu': 0}, 1: {'cpu': 0}, 2: {'cpu': 0}, 3: {'cpu': 0}, 4: {'cpu': 0}, 5: {'cpu': 0}}, 'link_level': {(0, 2): {'bw': 0}, (0, 3): {'bw': 0}, (0, 5): {'bw': 100.0}}, 'path_level': {(0, 2): {}, (0, 3): {}, (0, 5): {}}}",[],-inf,-inf,True,False,False,0,[],0,0.0,6.0,3.0
92,17,2,985.0,2426.0,639429.7323355488,1760379.8702967607,0.4060181368507832,0.36323394917470586,32,165,1,2229.0,9047,4819,4228,0.011284366023799786,0.0868250539956803,91,2041.3570606754013,2229.0,4,3,True,"{0: np.int64(47), 1: np.int64(52), 2: np.int64(20), 3: np.int64(3)}","{(0, 1): [(np.int64(47), 15), (15, 7), (7, 3), (3, 1), (1, 4), (4, 9), (9, 20), (20, 52)], (0, 3): [(np.int64(47), 15), (15, 7), (7, 3)], (1, 2): [(np.int64(52), 20)]}","{(0, np.int64(47)): {'cpu': 1}, (1, np.int64(52)): {'cpu': 5}, (2, np.int64(20)): {'cpu': 4}, (3, np.int64(3)): {'cpu': 11}}","{((0, 1), (np.int64(47), 15)): {'bw': 34}, ((0, 1), (15, 7)): {'bw': 34}, ((0, 1), (7, 3)): {'bw': 34}, ((0, 1), (3, 1)): {'bw': 34}, ((0, 1), (1, 4)): {'bw': 34}, ((0, 1), (4, 9)): {'bw': 34}, ((0, 1), (9, 20)): {'bw': 34}, ((0, 1), (20, 52)): {'bw': 34}, ((0, 3), (np.int64(47), 15)): {'bw': 22}, ((0, 3), (15, 7)): {'bw': 22}, ((0, 3), (7, 3)): {'bw': 22}, ((1, 2), (np.int64(52), 20)): {'bw': 38}}",397.0,115.0,42.0,21.0,94.0,21.0,94.0,21.0,376.0,282.0,0.28967254408060455,810418.7530881343,234756.06197767114,591.3250931427485,Success,0.0,"{'node_level': {}, 'link_level': {}, 'path_level': {}}","{'node_level': {0: {'cpu': -98}, 1: {'cpu': -90}, 2: {'cpu': -85}, 3: {'cpu': -47}}, 'link_level': {(0, 1): {'bw': -20}, (0, 3): {'bw': -2}, (1, 2): {'bw': -7}}, 'path_level': {(0, 1): {}, (0, 3): {}, (1, 2): {}}}","{'node_level': {0: {'cpu': 0}, 1: {'cpu': 0}, 2: {'cpu': 0}, 3: {'cpu': 0}}, 'link_level': {(0, 1): {'bw': 0}, (0, 3): {'bw': 0}, (1, 2): {'bw': 0}}, 'path_level': {(0, 1): {}, (0, 3): {}, (1, 2): {}}}",[],-inf,-inf,True,True,False,0,[],0,0.0,4.0,3.0
92,17,2,985.0,2426.0,639429.7323355488,1760379.8702967607,0.4060181368507832,0.36323394917470586,32,166,0,2242.091863033181,9047,4819,4228,0.011284366023799786,0.0868250539956803,34,1416.0918630331812,826.0,4,3,False,{},{},{},{},0.0,0.0,0.0,0.0,0.0,0.0,0.0,0.0,0.0,0.0,0.0,0.0,0.0,0.0,Leave Event,0.0,"{'node_level': {}, 'link_level': {}, 'path_level': {}}","{'node_level': {}, 'link_level': {}, 'path_level': {}}","{'node_level': {}, 'link_level': {}, 'path_level': {}}",[],-inf,-inf,True,True,False,0,[],0,0.0,,
92,17,2,985.0,2426.0,639429.7323355488,1760379.8702967607,0.4060181368507832,0.36323394917470586,32,167,0,2251.5491514878568,9047,4819,4228,0.011284366023799786,0.0868250539956803,88,96.54915148785676,2155.0,10,19,False,{},{},{},{},0.0,0.0,0.0,0.0,0.0,0.0,0.0,0.0,0.0,0.0,0.0,0.0,0.0,0.0,Leave Event,0.0,"{'node_level': {}, 'link_level': {}, 'path_level': {}}","{'node_level': {}, 'link_level': {}, 'path_level': {}}","{'node_level': {}, 'link_level': {}, 'path_level': {}}",[],-inf,-inf,True,True,False,0,[],0,0.0,,
93,17,2,985.0,2426.0,639429.7323355488,1760379.8702967607,0.4060181368507832,0.36323394917470586,32,168,1,2255.0,9047,4819,4228,0.011284366023799786,0.0868250539956803,92,529.0811906916113,2255.0,9,14,False,"{0: np.int64(20), 1: np.int64(39), 2: np.int64(51), 3: np.int64(1), 4: np.int64(31), 5: np.int64(12), 6: np.int64(52), 7: np.int64(24), 8: np.int64(55)}","{(0, 3): []}","{(0, np.int64(20)): {'cpu': 1}, (1, np.int64(39)): {'cpu': 4}, (2, np.int64(51)): {'cpu': 12}, (3, np.int64(1)): {'cpu': 5}, (4, np.int64(31)): {'cpu': 1}, (5, np.int64(12)): {'cpu': 5}, (6, np.int64(52)): {'cpu': 11}, (7, np.int64(24)): {'cpu': 12}, (8, np.int64(55)): {'cpu': 17}}",{},0.0,0.0,136.0,68.0,413.0,0.0,0.0,0.0,0.0,0.0,0.0,0.0,0.0,0.0,Route Failure,100.0,"{'node_level': {}, 'link_level': {}, 'path_level': {}}","{'node_level': {0: {'cpu': -84}, 1: {'cpu': -48}, 2: {'cpu': -88}, 3: {'cpu': -60}, 4: {'cpu': -54}, 5: {'cpu': -76}, 6: {'cpu': -79}, 7: {'cpu': -80}, 8: {'cpu': -78}}, 'link_level': {(0, 3): {'bw': 100.0}}, 'path_level': {(0, 3): {}}}","{'node_level': {0: {'cpu': 0}, 1: {'cpu': 0}, 2: {'cpu': 0}, 3: {'cpu': 0}, 4: {'cpu': 0}, 5: {'cpu': 0}, 6: {'cpu': 0}, 7: {'cpu': 0}, 8: {'cpu': 0}}, 'link_level': {(0, 3): {'bw': 100.0}}, 'path_level': {(0, 3): {}}}",[],-inf,-inf,True,False,False,0,[],0,0.0,9.0,1.0
94,17,2,985.0,2426.0,639429.7323355488,1760379.8702967607,0.4060181368507832,0.36323394917470586,32,169,1,2277.0,9047,4819,4228,0.011284366023799786,0.0868250539956803,93,324.791373867923,2277.0,3,3,False,"{0: np.int64(50), 1: np.int64(37), 2: np.int64(39)}","{(0, 1): [(np.int64(50), 18), (18, 8), (8, 3), (3, 1), (1, 4), (4, 10), (10, 21), (21, 37)], (0, 2): []}","{(0, np.int64(50)): {'cpu': 8}, (1, np.int64(37)): {'cpu': 16}, (2, np.int64(39)): {'cpu': 1}}","{((0, 1), (np.int64(50), 18)): {'bw': 45}, ((0, 1), (18, 8)): {'bw': 45}, ((0, 1), (8, 3)): {'bw': 45}, ((0, 1), (3, 1)): {'bw': 45}, ((0, 1), (1, 4)): {'bw': 45}, ((0, 1), (4, 10)): {'bw': 45}, ((0, 1), (10, 21)): {'bw': 45}, ((0, 1), (21, 37)): {'bw': 45}}",0.0,0.0,50.0,25.0,107.0,0.0,0.0,0.0,0.0,0.0,0.0,0.0,0.0,0.0,Route Failure,100.0,"{'node_level': {}, 'link_level': {}, 'path_level': {}}","{'node_level': {0: {'cpu': -50}, 1: {'cpu': -53}, 2: {'cpu': -51}}, 'link_level': {(0, 1): {'bw': -3}, (0, 2): {'bw': 100.0}}, 'path_level': {(0, 1): {}, (0, 2): {}}}","{'node_level': {0: {'cpu': 0}, 1: {'cpu': 0}, 2: {'cpu': 0}}, 'link_level': {(0, 1): {'bw': 0}, (0, 2): {'bw': 100.0}}, 'path_level': {(0, 1): {}, (0, 2): {}}}",[],-inf,-inf,True,False,False,0,[],0,0.0,3.0,2.0
94,17,2,985.0,2426.0,639429.7323355488,1760379.8702967607,0.4060181368507832,0.36323394917470586,32,170,0,2280.4762948660837,9047,4819,4228,0.011284366023799786,0.0868250539956803,69,589.4762948660839,1691.0,10,23,False,{},{},{},{},0.0,0.0,0.0,0.0,0.0,0.0,0.0,0.0,0.0,0.0,0.0,0.0,0.0,0.0,Leave Event,0.0,"{'node_level': {}, 'link_level': {}, 'path_level': {}}","{'node_level': {}, 'link_level': {}, 'path_level': {}}","{'node_level': {}, 'link_level': {}, 'path_level': {}}",[],-inf,-inf,True,True,False,0,[],0,0.0,,
94,17,2,985.0,2426.0,639429.7323355488,1760379.8702967607,0.4060181368507832,0.36323394917470586,32,171,0,2303.305622306545,9047,4819,4228,0.011284366023799786,0.0868250539956803,78,384.3056223065453,1919.0,8,16,False,{},{},{},{},0.0,0.0,0.0,0.0,0.0,0.0,0.0,0.0,0.0,0.0,0.0,0.0,0.0,0.0,Leave Event,0.0,"{'node_level': {}, 'link_level': {}, 'path_level': {}}","{'node_level': {}, 'link_level': {}, 'path_level': {}}","{'node_level': {}, 'link_level': {}, 'path_level': {}}",[],-inf,-inf,True,True,False,0,[],0,0.0,,
95,18,3,1082.0,2732.0,643886.027369306,1774437.8731867576,0.39604685212298685,0.362867608440376,32,172,1,2304.0,8741,4759,3982,0.02359458350430854,0.1399568034557236,94,45.94118591502219,2304.0,4,3,True,"{0: np.int64(37), 1: np.int64(36), 2: np.int64(10), 3: np.int64(6)}","{(0, 1): [(np.int64(37), 21), (21, 10), (10, 4), (4, 9), (9, 20), (20, 36)], (0, 3): [(np.int64(37), 21), (21, 10), (10, 4), (4, 1), (1, 0), (0, 2), (2, 6)], (2, 3): [(np.int64(10), 4), (4, 1), (1, 0), (0, 2), (2, 6)]}","{(0, np.int64(37)): {'cpu': 19}, (1, np.int64(36)): {'cpu': 3}, (2, np.int64(10)): {'cpu': 20}, (3, np.int64(6)): {'cpu': 18}}","{((0, 1), (np.int64(37), 21)): {'bw': 7}, ((0, 1), (21, 10)): {'bw': 7}, ((0, 1), (10, 4)): {'bw': 7}, ((0, 1), (4, 9)): {'bw': 7}, ((0, 1), (9, 20)): {'bw': 7}, ((0, 1), (20, 36)): {'bw': 7}, ((0, 3), (np.int64(37), 21)): {'bw': 27}, ((0, 3), (21, 10)): {'bw': 27}, ((0, 3), (10, 4)): {'bw': 27}, ((0, 3), (4, 1)): {'bw': 27}, ((0, 3), (1, 0)): {'bw': 27}, ((0, 3), (0, 2)): {'bw': 27}, ((0, 3), (2, 6)): {'bw': 27}, ((2, 3), (np.int64(10), 4)): {'bw': 3}, ((2, 3), (4, 1)): {'bw': 3}, ((2, 3), (1, 0)): {'bw': 3}, ((2, 3), (0, 2)): {'bw': 3}, ((2, 3), (2, 6)): {'bw': 3}}",306.0,97.0,120.0,60.0,37.0,60.0,37.0,60.0,246.0,209.0,0.31699346405228757,14058.00288999679,4456.295033757152,14.563055665873046,Success,0.0,"{'node_level': {}, 'link_level': {}, 'path_level': {}}","{'node_level': {0: {'cpu': -50}, 1: {'cpu': -78}, 2: {'cpu': -64}, 3: {'cpu': -34}}, 'link_level': {(0, 1): {'bw': -13}, (0, 3): {'bw': -21}, (2, 3): {'bw': -18}}, 'path_level': {(0, 1): {}, (0, 3): {}, (2, 3): {}}}","{'node_level': {0: {'cpu': 0}, 1: {'cpu': 0}, 2: {'cpu': 0}, 3: {'cpu': 0}}, 'link_level': {(0, 1): {'bw': 0}, (0, 3): {'bw': 0}, (2, 3): {'bw': 0}}, 'path_level': {(0, 1): {}, (0, 3): {}, (2, 3): {}}}",[],-inf,-inf,True,True,False,0,[],0,0.0,4.0,3.0
95,18,3,1082.0,2732.0,643886.027369306,1774437.8731867576,0.39604685212298685,0.362867608440376,32,173,0,2307.698728757603,8741,4759,3982,0.02359458350430854,0.1399568034557236,83,280.6987287576031,2027.0,5,7,False,{},{},{},{},0.0,0.0,0.0,0.0,0.0,0.0,0.0,0.0,0.0,0.0,0.0,0.0,0.0,0.0,Leave Event,0.0,"{'node_level': {}, 'link_level': {}, 'path_level': {}}","{'node_level': {}, 'link_level': {}, 'path_level': {}}","{'node_level': {}, 'link_level': {}, 'path_level': {}}",[],-inf,-inf,True,True,False,0,[],0,0.0,,
96,19,4,1157.0,2949.0,674583.483610906,1863255.8465791205,0.3923363852153272,0.3620455477702755,34,174,1,2328.0,8524,4726,3798,0.03036520311858848,0.17969762419006474,95,409.2994165546682,2328.0,3,2,True,"{0: np.int64(57), 1: np.int64(27), 2: np.int64(41)}","{(0, 2): [(np.int64(57), 25), (25, 41)], (1, 2): [(np.int64(27), 13), (13, 6), (6, 2), (2, 5), (5, 12), (12, 25), (25, 41)]}","{(0, np.int64(57)): {'cpu': 15}, (1, np.int64(27)): {'cpu': 15}, (2, np.int64(41)): {'cpu': 3}}","{((0, 2), (np.int64(57), 25)): {'bw': 22}, ((0, 2), (25, 41)): {'bw': 22}, ((1, 2), (np.int64(27), 13)): {'bw': 20}, ((1, 2), (13, 6)): {'bw': 20}, ((1, 2), (6, 2)): {'bw': 20}, ((1, 2), (2, 5)): {'bw': 20}, ((1, 2), (5, 12)): {'bw': 20}, ((1, 2), (12, 25)): {'bw': 20}, ((1, 2), (25, 41)): {'bw': 20}}",217.0,75.0,66.0,33.0,42.0,33.0,42.0,33.0,184.0,142.0,0.3456221198156682,88817.973392363,30697.456241600114,141.46293198894062,Success,0.0,"{'node_level': {}, 'link_level': {}, 'path_level': {}}","{'node_level': {0: {'cpu': -52}, 1: {'cpu': -73}, 2: {'cpu': -93}}, 'link_level': {(0, 2): {'bw': -41}, (1, 2): {'bw': -21}}, 'path_level': {(0, 2): {}, (1, 2): {}}}","{'node_level': {0: {'cpu': 0}, 1: {'cpu': 0}, 2: {'cpu': 0}}, 'link_level': {(0, 2): {'bw': 0}, (1, 2): {'bw': 0}}, 'path_level': {(0, 2): {}, (1, 2): {}}}",[],-inf,-inf,True,True,False,0,[],0,0.0,3.0,2.0
96,19,3,1157.0,2949.0,674583.483610906,1863255.8465791205,0.3923363852153272,0.3620455477702755,34,175,0,2349.9411859150223,8830,4786,4044,0.018054985638079613,0.12656587473002157,94,45.94118591502219,2304.0,4,3,False,{},{},{},{},0.0,0.0,0.0,0.0,0.0,0.0,0.0,0.0,0.0,0.0,0.0,0.0,0.0,0.0,Leave Event,0.0,"{'node_level': {}, 'link_level': {}, 'path_level': {}}","{'node_level': {}, 'link_level': {}, 'path_level': {}}","{'node_level': {}, 'link_level': {}, 'path_level': {}}",[],-inf,-inf,True,True,False,0,[],0,0.0,,
96,19,3,1157.0,2949.0,674583.483610906,1863255.8465791205,0.3923363852153272,0.3620455477702755,34,176,0,2351.7304519303366,8830,4786,4044,0.018054985638079613,0.12656587473002157,52,1062.7304519303366,1289.0,8,13,False,{},{},{},{},0.0,0.0,0.0,0.0,0.0,0.0,0.0,0.0,0.0,0.0,0.0,0.0,0.0,0.0,Leave Event,0.0,"{'node_level': {}, 'link_level': {}, 'path_level': {}}","{'node_level': {}, 'link_level': {}, 'path_level': {}}","{'node_level': {}, 'link_level': {}, 'path_level': {}}",[],-inf,-inf,True,True,False,0,[],0,0.0,,
97,20,4,1205.0,3047.0,679379.9950248065,1873048.724049167,0.39547095503774204,0.3627134661804841,35,177,1,2356.0,8732,4763,3969,0.022773902338941276,0.1427645788336933,96,99.92732112292434,2356.0,2,1,True,"{0: np.int64(13), 1: np.int64(29)}","{(0, 1): [(np.int64(13), 6), (6, 14), (14, 29)]}","{(0, np.int64(13)): {'cpu': 3}, (1, np.int64(29)): {'cpu': 20}}","{((0, 1), (np.int64(13), 6)): {'bw': 25}, ((0, 1), (6, 14)): {'bw': 25}, ((0, 1), (14, 29)): {'bw': 25}}",98.0,48.0,46.0,23.0,25.0,23.0,25.0,23.0,75.0,50.0,0.4897959183673469,9792.877470046586,4796.511413900368,48.94399401939151,Success,0.0,"{'node_level': {}, 'link_level': {}, 'path_level': {}}","{'node_level': {0: {'cpu': -58}, 1: {'cpu': -63}}, 'link_level': {(0, 1): {'bw': -18}}, 'path_level': {(0, 1): {}}}","{'node_level': {0: {'cpu': 0}, 1: {'cpu': 0}}, 'link_level': {(0, 1): {'bw': 0}}, 'path_level': {(0, 1): {}}}",[],-inf,-inf,True,True,False,0,[],0,0.0,2.0,1.0
97,20,4,1205.0,3047.0,679379.9950248065,1873048.724049167,0.39547095503774204,0.3627134661804841,35,178,0,2381.8495838383806,8732,4763,3969,0.022773902338941276,0.1427645788336933,66,760.8495838383803,1621.0,8,13,False,{},{},{},{},0.0,0.0,0.0,0.0,0.0,0.0,0.0,0.0,0.0,0.0,0.0,0.0,0.0,0.0,Leave Event,0.0,"{'node_level': {}, 'link_level': {}, 'path_level': {}}","{'node_level': {}, 'link_level': {}, 'path_level': {}}","{'node_level': {}, 'link_level': {}, 'path_level': {}}",[],-inf,-inf,True,True,False,0,[],0,0.0,,
98,20,4,1205.0,3047.0,679379.9950248065,1873048.724049167,0.39547095503774204,0.3627134661804841,35,179,1,2389.0,8732,4763,3969,0.022773902338941276,0.1427645788336933,97,361.1871411954342,2389.0,9,14,False,"{0: np.int64(37), 1: np.int64(34), 2: np.int64(3), 3: np.int64(27), 4: np.int64(44), 5: np.int64(36), 6: np.int64(42), 7: np.int64(15), 8: np.int64(9)}","{(0, 5): [(np.int64(37), 21), (21, 10), (10, 4), (4, 9), (9, 20), (20, 36)], (0, 8): [(np.int64(37), 21), (21, 10), (10, 4), (4, 9)], (1, 2): [(np.int64(34), 18), (18, 8), (8, 3)], (1, 5): []}","{(0, np.int64(37)): {'cpu': 7}, (1, np.int64(34)): {'cpu': 19}, (2, np.int64(3)): {'cpu': 1}, (3, np.int64(27)): {'cpu': 2}, (4, np.int64(44)): {'cpu': 17}, (5, np.int64(36)): {'cpu': 15}, (6, np.int64(42)): {'cpu': 6}, (7, np.int64(15)): {'cpu': 12}, (8, np.int64(9)): {'cpu': 12}}","{((0, 5), (np.int64(37), 21)): {'bw': 9}, ((0, 5), (21, 10)): {'bw': 9}, ((0, 5), (10, 4)): {'bw': 9}, ((0, 5), (4, 9)): {'bw': 9}, ((0, 5), (9, 20)): {'bw': 9}, ((0, 5), (20, 36)): {'bw': 9}, ((0, 8), (np.int64(37), 21)): {'bw': 6}, ((0, 8), (21, 10)): {'bw': 6}, ((0, 8), (10, 4)): {'bw': 6}, ((0, 8), (4, 9)): {'bw': 6}, ((1, 2), (np.int64(34), 18)): {'bw': 33}, ((1, 2), (18, 8)): {'bw': 33}, ((1, 2), (8, 3)): {'bw': 33}}",0.0,0.0,182.0,91.0,314.0,0.0,0.0,0.0,0.0,0.0,0.0,0.0,0.0,0.0,Route Failure,100.0,"{'node_level': {}, 'link_level': {}, 'path_level': {}}","{'node_level': {0: {'cpu': -62}, 1: {'cpu': -77}, 2: {'cpu': -46}, 3: {'cpu': -71}, 4: {'cpu': -37}, 5: {'cpu': -66}, 6: {'cpu': -56}, 7: {'cpu': -85}, 8: {'cpu': -45}}, 'link_level': {(0, 5): {'bw': -11}, (0, 8): {'bw': -11}, (1, 2): {'bw': -29}, (1, 5): {'bw': 100.0}}, 'path_level': {(0, 5): {}, (0, 8): {}, (1, 2): {}, (1, 5): {}}}","{'node_level': {0: {'cpu': 0}, 1: {'cpu': 0}, 2: {'cpu': 0}, 3: {'cpu': 0}, 4: {'cpu': 0}, 5: {'cpu': 0}, 6: {'cpu': 0}, 7: {'cpu': 0}, 8: {'cpu': 0}}, 'link_level': {(0, 5): {'bw': 0}, (0, 8): {'bw': 0}, (1, 2): {'bw': 0}, (1, 5): {'bw': 100.0}}, 'path_level': {(0, 5): {}, (0, 8): {}, (1, 2): {}, (1, 5): {}}}",[],-inf,-inf,True,False,False,0,[],0,0.0,9.0,4.0
99,21,5,1307.0,3287.0,727262.3184988155,1985713.014576247,0.39762701551566776,0.3662474452049729,36,180,1,2407.0,8492,4725,3767,0.030570373409930296,0.1863930885529158,98,469.4345438628334,2407.0,3,2,True,"{0: np.int64(1), 1: np.int64(2), 2: np.int64(38)}","{(0, 1): [(np.int64(1), 0), (0, 2)], (0, 2): [(np.int64(1), 4), (4, 10), (10, 22), (22, 38)]}","{(0, np.int64(1)): {'cpu': 7}, (1, np.int64(2)): {'cpu': 19}, (2, np.int64(38)): {'cpu': 12}}","{((0, 1), (np.int64(1), 0)): {'bw': 27}, ((0, 1), (0, 2)): {'bw': 27}, ((0, 2), (np.int64(1), 4)): {'bw': 37}, ((0, 2), (4, 10)): {'bw': 37}, ((0, 2), (10, 22)): {'bw': 37}, ((0, 2), (22, 38)): {'bw': 37}}",240.0,102.0,76.0,38.0,64.0,38.0,64.0,38.0,202.0,138.0,0.425,112664.29052708001,47882.323474009005,199.5096811417042,Success,0.0,"{'node_level': {}, 'link_level': {}, 'path_level': {}}","{'node_level': {0: {'cpu': -58}, 1: {'cpu': -76}, 2: {'cpu': -69}}, 'link_level': {(0, 1): {'bw': -42}, (0, 2): {'bw': -11}}, 'path_level': {(0, 1): {}, (0, 2): {}}}","{'node_level': {0: {'cpu': 0}, 1: {'cpu': 0}, 2: {'cpu': 0}}, 'link_level': {(0, 1): {'bw': 0}, (0, 2): {'bw': 0}}, 'path_level': {(0, 1): {}, (0, 2): {}}}",[],-inf,-inf,True,True,False,0,[],0,0.0,3.0,2.0
100,21,5,1307.0,3287.0,727262.3184988155,1985713.014576247,0.39762701551566776,0.3662474452049729,36,181,1,2436.0,8492,4725,3767,0.030570373409930296,0.1863930885529158,99,895.5173363460804,2436.0,10,21,False,"{0: np.int64(35), 1: np.int64(56), 2: np.int64(40), 3: np.int64(49), 4: np.int64(18), 5: np.int64(50), 6: np.int64(11), 7: np.int64(15), 8: np.int64(58), 9: np.int64(45)}","{(0, 3): [(np.int64(35), 19), (19, 9), (9, 4), (4, 1), (1, 3), (3, 8), (8, 17), (17, 49)], (0, 4): []}","{(0, np.int64(35)): {'cpu': 1}, (1, np.int64(56)): {'cpu': 7}, (2, np.int64(40)): {'cpu': 13}, (3, np.int64(49)): {'cpu': 17}, (4, np.int64(18)): {'cpu': 13}, (5, np.int64(50)): {'cpu': 20}, (6, np.int64(11)): {'cpu': 6}, (7, np.int64(15)): {'cpu': 19}, (8, np.int64(58)): {'cpu': 4}, (9, np.int64(45)): {'cpu': 1}}","{((0, 3), (np.int64(35), 19)): {'bw': 10}, ((0, 3), (19, 9)): {'bw': 10}, ((0, 3), (9, 4)): {'bw': 10}, ((0, 3), (4, 1)): {'bw': 10}, ((0, 3), (1, 3)): {'bw': 10}, ((0, 3), (3, 8)): {'bw': 10}, ((0, 3), (8, 17)): {'bw': 10}, ((0, 3), (17, 49)): {'bw': 10}}",0.0,0.0,202.0,101.0,400.0,0.0,0.0,0.0,0.0,0.0,0.0,0.0,0.0,0.0,Route Failure,100.0,"{'node_level': {}, 'link_level': {}, 'path_level': {}}","{'node_level': {0: {'cpu': -55}, 1: {'cpu': -51}, 2: {'cpu': -53}, 3: {'cpu': -79}, 4: {'cpu': -57}, 5: {'cpu': -38}, 6: {'cpu': -93}, 7: {'cpu': -78}, 8: {'cpu': -68}, 9: {'cpu': -75}}, 'link_level': {(0, 3): {'bw': -1}, (0, 4): {'bw': 100.0}}, 'path_level': {(0, 3): {}, (0, 4): {}}}","{'node_level': {0: {'cpu': 0}, 1: {'cpu': 0}, 2: {'cpu': 0}, 3: {'cpu': 0}, 4: {'cpu': 0}, 5: {'cpu': 0}, 6: {'cpu': 0}, 7: {'cpu': 0}, 8: {'cpu': 0}, 9: {'cpu': 0}}, 'link_level': {(0, 3): {'bw': 0}, (0, 4): {'bw': 100.0}}, 'path_level': {(0, 3): {}, (0, 4): {}}}",[],-inf,-inf,True,False,False,0,[],0,0.0,10.0,2.0
100,21,4,1307.0,3287.0,727262.3184988155,1985713.014576247,0.39762701551566776,0.3662474452049729,36,182,0,2455.9273211229242,8590,4748,3842,0.02585145670906852,0.17019438444924406,96,99.92732112292434,2356.0,2,1,False,{},{},{},{},0.0,0.0,0.0,0.0,0.0,0.0,0.0,0.0,0.0,0.0,0.0,0.0,0.0,0.0,Leave Event,0.0,"{'node_level': {}, 'link_level': {}, 'path_level': {}}","{'node_level': {}, 'link_level': {}, 'path_level': {}}","{'node_level': {}, 'link_level': {}, 'path_level': {}}",[],-inf,-inf,True,True,False,0,[],0,0.0,,
101,22,5,1345.0,3329.0,734694.9913855676,1993928.0740826572,0.40402523280264346,0.3684661452613216,38,183,1,2456.0,8548,4714,3834,0.032827246614690164,0.1719222462203024,100,195.59665491452856,2456.0,2,1,True,"{0: np.int64(49), 1: np.int64(33)}","{(0, 1): [(np.int64(49), 17), (17, 33)]}","{(0, np.int64(49)): {'cpu': 15}, (1, np.int64(33)): {'cpu': 19}}","{((0, 1), (np.int64(49), 17)): {'bw': 4}, ((0, 1), (17, 33)): {'bw': 4}}",42.0,38.0,68.0,34.0,4.0,34.0,4.0,34.0,8.0,4.0,0.9047619047619048,8215.0595064102,7432.672886752085,176.96840206552585,Success,0.0,"{'node_level': {}, 'link_level': {}, 'path_level': {}}","{'node_level': {0: {'cpu': -81}, 1: {'cpu': -35}}, 'link_level': {(0, 1): {'bw': -72}}, 'path_level': {(0, 1): {}}}","{'node_level': {0: {'cpu': 0}, 1: {'cpu': 0}}, 'link_level': {(0, 1): {'bw': 0}}, 'path_level': {(0, 1): {}}}",[],-inf,-inf,True,True,False,0,[],0,0.0,2.0,1.0
102,22,5,1345.0,3329.0,734694.9913855676,1993928.0740826572,0.40402523280264346,0.3684661452613216,38,184,1,2481.0,8548,4714,3834,0.032827246614690164,0.1719222462203024,101,2248.700486173692,2481.0,9,22,False,"{0: np.int64(44), 1: np.int64(11), 2: np.int64(62), 3: np.int64(21), 4: np.int64(23), 5: np.int64(32), 6: np.int64(33), 7: np.int64(20), 8: np.int64(45)}","{(0, 1): [(np.int64(44), 28), (28, 13), (13, 6), (6, 2), (2, 5), (5, 11)], (0, 4): [(np.int64(44), 28), (28, 13), (13, 6), (6, 2), (2, 5), (5, 11), (11, 23)], (0, 6): [(np.int64(44), 28), (28, 13), (13, 6), (6, 2), (2, 0), (0, 1), (1, 3), (3, 8), (8, 17), (17, 33)], (0, 7): []}","{(0, np.int64(44)): {'cpu': 1}, (1, np.int64(11)): {'cpu': 19}, (2, np.int64(62)): {'cpu': 6}, (3, np.int64(21)): {'cpu': 16}, (4, np.int64(23)): {'cpu': 15}, (5, np.int64(32)): {'cpu': 19}, (6, np.int64(33)): {'cpu': 13}, (7, np.int64(20)): {'cpu': 0}, (8, np.int64(45)): {'cpu': 20}}","{((0, 1), (np.int64(44), 28)): {'bw': 41}, ((0, 1), (28, 13)): {'bw': 41}, ((0, 1), (13, 6)): {'bw': 41}, ((0, 1), (6, 2)): {'bw': 41}, ((0, 1), (2, 5)): {'bw': 41}, ((0, 1), (5, 11)): {'bw': 41}, ((0, 4), (np.int64(44), 28)): {'bw': 10}, ((0, 4), (28, 13)): {'bw': 10}, ((0, 4), (13, 6)): {'bw': 10}, ((0, 4), (6, 2)): {'bw': 10}, ((0, 4), (2, 5)): {'bw': 10}, ((0, 4), (5, 11)): {'bw': 10}, ((0, 4), (11, 23)): {'bw': 10}, ((0, 6), (np.int64(44), 28)): {'bw': 15}, ((0, 6), (28, 13)): {'bw': 15}, ((0, 6), (13, 6)): {'bw': 15}, ((0, 6), (6, 2)): {'bw': 15}, ((0, 6), (2, 0)): {'bw': 15}, ((0, 6), (0, 1)): {'bw': 15}, ((0, 6), (1, 3)): {'bw': 15}, ((0, 6), (3, 8)): {'bw': 15}, ((0, 6), (8, 17)): {'bw': 15}, ((0, 6), (17, 33)): {'bw': 15}}",0.0,0.0,218.0,109.0,647.0,0.0,0.0,0.0,0.0,0.0,0.0,0.0,0.0,0.0,Route Failure,100.0,"{'node_level': {}, 'link_level': {}, 'path_level': {}}","{'node_level': {0: {'cpu': -53}, 1: {'cpu': -80}, 2: {'cpu': -70}, 3: {'cpu': -37}, 4: {'cpu': -39}, 5: {'cpu': -55}, 6: {'cpu': -22}, 7: {'cpu': -85}, 8: {'cpu': -56}}, 'link_level': {(0, 1): {'bw': -15}, (0, 4): {'bw': -5}, (0, 6): {'bw': -1}, (0, 7): {'bw': 100.0}}, 'path_level': {(0, 1): {}, (0, 4): {}, (0, 6): {}, (0, 7): {}}}","{'node_level': {0: {'cpu': 0}, 1: {'cpu': 0}, 2: {'cpu': 0}, 3: {'cpu': 0}, 4: {'cpu': 0}, 5: {'cpu': 0}, 6: {'cpu': 0}, 7: {'cpu': 0}, 8: {'cpu': 0}}, 'link_level': {(0, 1): {'bw': 0}, (0, 4): {'bw': 0}, (0, 6): {'bw': 0}, (0, 7): {'bw': 100.0}}, 'path_level': {(0, 1): {}, (0, 4): {}, (0, 6): {}, (0, 7): {}}}",[],-inf,-inf,True,False,False,0,[],0,0.0,9.0,4.0
103,23,6,1394.0,3494.0,864261.2450224439,2430222.6016354044,0.3989696622781912,0.3556304860471811,38,185,1,2495.0,8383,4694,3689,0.03693065244152649,0.20323974082073437,102,2644.2092578954366,2495.0,2,1,True,"{0: np.int64(1), 1: np.int64(27)}","{(0, 1): [(np.int64(1), 0), (0, 2), (2, 6), (6, 13), (13, 27)]}","{(0, np.int64(1)): {'cpu': 13}, (1, np.int64(27)): {'cpu': 7}}","{((0, 1), (np.int64(1), 0)): {'bw': 29}, ((0, 1), (0, 2)): {'bw': 29}, ((0, 1), (2, 6)): {'bw': 29}, ((0, 1), (6, 13)): {'bw': 29}, ((0, 1), (13, 27)): {'bw': 29}}",165.0,49.0,40.0,20.0,29.0,20.0,29.0,20.0,145.0,116.0,0.296969696969697,436294.52755274705,129566.2536368764,785.2500220416752,Success,0.0,"{'node_level': {}, 'link_level': {}, 'path_level': {}}","{'node_level': {0: {'cpu': -45}, 1: {'cpu': -66}}, 'link_level': {(0, 1): {'bw': -13}}, 'path_level': {(0, 1): {}}}","{'node_level': {0: {'cpu': 0}, 1: {'cpu': 0}}, 'link_level': {(0, 1): {'bw': 0}}, 'path_level': {(0, 1): {}}}",[],-inf,-inf,True,True,False,0,[],0,0.0,2.0,1.0
103,23,6,1394.0,3494.0,864261.2450224439,2430222.6016354044,0.3989696622781912,0.3556304860471811,38,186,0,2509.4470937408523,8383,4694,3689,0.03693065244152649,0.20323974082073437,73,718.4470937408524,1791.0,7,13,False,{},{},{},{},0.0,0.0,0.0,0.0,0.0,0.0,0.0,0.0,0.0,0.0,0.0,0.0,0.0,0.0,Leave Event,0.0,"{'node_level': {}, 'link_level': {}, 'path_level': {}}","{'node_level': {}, 'link_level': {}, 'path_level': {}}","{'node_level': {}, 'link_level': {}, 'path_level': {}}",[],-inf,-inf,True,True,False,0,[],0,0.0,,
103,23,6,1394.0,3494.0,864261.2450224439,2430222.6016354044,0.3989696622781912,0.3556304860471811,38,187,0,2510.9235620953573,8383,4694,3689,0.03693065244152649,0.20323974082073437,63,965.9235620953574,1545.0,4,4,False,{},{},{},{},0.0,0.0,0.0,0.0,0.0,0.0,0.0,0.0,0.0,0.0,0.0,0.0,0.0,0.0,Leave Event,0.0,"{'node_level': {}, 'link_level': {}, 'path_level': {}}","{'node_level': {}, 'link_level': {}, 'path_level': {}}","{'node_level': {}, 'link_level': {}, 'path_level': {}}",[],-inf,-inf,True,True,False,0,[],0,0.0,,
104,23,6,1394.0,3494.0,864261.2450224439,2430222.6016354044,0.3989696622781912,0.3556304860471811,38,188,1,2519.0,8383,4694,3689,0.03693065244152649,0.20323974082073437,103,874.7835670134227,2519.0,7,15,False,"{0: np.int64(5), 1: np.int64(59), 2: np.int64(15), 3: np.int64(43), 4: np.int64(21), 5: np.int64(61), 6: np.int64(49)}","{(0, 1): []}","{(0, np.int64(5)): {'cpu': 8}, (1, np.int64(59)): {'cpu': 10}, (2, np.int64(15)): {'cpu': 17}, (3, np.int64(43)): {'cpu': 13}, (4, np.int64(21)): {'cpu': 0}, (5, np.int64(61)): {'cpu': 8}, (6, np.int64(49)): {'cpu': 3}}",{},0.0,0.0,118.0,59.0,416.0,0.0,0.0,0.0,0.0,0.0,0.0,0.0,0.0,0.0,Route Failure,100.0,"{'node_level': {}, 'link_level': {}, 'path_level': {}}","{'node_level': {0: {'cpu': -85}, 1: {'cpu': -49}, 2: {'cpu': -80}, 3: {'cpu': -87}, 4: {'cpu': -53}, 5: {'cpu': -88}, 6: {'cpu': -78}}, 'link_level': {(0, 1): {'bw': 100.0}}, 'path_level': {(0, 1): {}}}","{'node_level': {0: {'cpu': 0}, 1: {'cpu': 0}, 2: {'cpu': 0}, 3: {'cpu': 0}, 4: {'cpu': 0}, 5: {'cpu': 0}, 6: {'cpu': 0}}, 'link_level': {(0, 1): {'bw': 100.0}}, 'path_level': {(0, 1): {}}}",[],-inf,-inf,True,False,False,0,[],0,0.0,7.0,1.0
105,23,6,1394.0,3494.0,864261.2450224439,2430222.6016354044,0.3989696622781912,0.3556304860471811,38,189,1,2546.0,8383,4694,3689,0.03693065244152649,0.20323974082073437,104,592.3344078953928,2546.0,4,4,False,"{0: np.int64(43), 1: np.int64(30), 2: np.int64(18), 3: np.int64(9)}","{(0, 1): []}","{(0, np.int64(43)): {'cpu': 2}, (1, np.int64(30)): {'cpu': 3}, (2, np.int64(18)): {'cpu': 13}, (3, np.int64(9)): {'cpu': 2}}",{},0.0,0.0,40.0,20.0,125.0,0.0,0.0,0.0,0.0,0.0,0.0,0.0,0.0,0.0,Route Failure,100.0,"{'node_level': {}, 'link_level': {}, 'path_level': {}}","{'node_level': {0: {'cpu': -98}, 1: {'cpu': -32}, 2: {'cpu': -57}, 3: {'cpu': -55}}, 'link_level': {(0, 1): {'bw': 100.0}}, 'path_level': {(0, 1): {}}}","{'node_level': {0: {'cpu': 0}, 1: {'cpu': 0}, 2: {'cpu': 0}, 3: {'cpu': 0}}, 'link_level': {(0, 1): {'bw': 100.0}}, 'path_level': {(0, 1): {}}}",[],-inf,-inf,True,False,False,0,[],0,0.0,4.0,1.0
105,23,5,1394.0,3494.0,864261.2450224439,2430222.6016354044,0.3989696622781912,0.3556304860471811,38,190,0,2552.9046937199128,8443,4728,3715,0.029954862535904847,0.1976241900647948,72,780.904693719913,1772.0,2,1,False,{},{},{},{},0.0,0.0,0.0,0.0,0.0,0.0,0.0,0.0,0.0,0.0,0.0,0.0,0.0,0.0,Leave Event,0.0,"{'node_level': {}, 'link_level': {}, 'path_level': {}}","{'node_level': {}, 'link_level': {}, 'path_level': {}}","{'node_level': {}, 'link_level': {}, 'path_level': {}}",[],-inf,-inf,True,True,False,0,[],0,0.0,,
105,23,5,1394.0,3494.0,864261.2450224439,2430222.6016354044,0.3989696622781912,0.3556304860471811,38,191,0,2562.3483154231567,8443,4728,3715,0.029954862535904847,0.1976241900647948,84,513.3483154231568,2049.0,8,13,False,{},{},{},{},0.0,0.0,0.0,0.0,0.0,0.0,0.0,0.0,0.0,0.0,0.0,0.0,0.0,0.0,Leave Event,0.0,"{'node_level': {}, 'link_level': {}, 'path_level': {}}","{'node_level': {}, 'link_level': {}, 'path_level': {}}","{'node_level': {}, 'link_level': {}, 'path_level': {}}",[],-inf,-inf,True,True,False,0,[],0,0.0,,
106,23,5,1394.0,3494.0,864261.2450224439,2430222.6016354044,0.3989696622781912,0.3556304860471811,38,192,1,2575.0,8443,4728,3715,0.029954862535904847,0.1976241900647948,105,661.509189756853,2575.0,7,8,False,"{0: np.int64(28), 1: np.int64(57), 2: np.int64(23), 3: np.int64(44), 4: np.int64(61), 5: np.int64(24), 6: np.int64(39)}","{(0, 2): [(np.int64(28), 13), (13, 6), (6, 2), (2, 5), (5, 11), (11, 23)], (0, 5): []}","{(0, np.int64(28)): {'cpu': 7}, (1, np.int64(57)): {'cpu': 5}, (2, np.int64(23)): {'cpu': 5}, (3, np.int64(44)): {'cpu': 5}, (4, np.int64(61)): {'cpu': 3}, (5, np.int64(24)): {'cpu': 14}, (6, np.int64(39)): {'cpu': 4}}","{((0, 2), (np.int64(28), 13)): {'bw': 16}, ((0, 2), (13, 6)): {'bw': 16}, ((0, 2), (6, 2)): {'bw': 16}, ((0, 2), (2, 5)): {'bw': 16}, ((0, 2), (5, 11)): {'bw': 16}, ((0, 2), (11, 23)): {'bw': 16}}",0.0,0.0,86.0,43.0,141.0,0.0,0.0,0.0,0.0,0.0,0.0,0.0,0.0,0.0,Route Failure,100.0,"{'node_level': {}, 'link_level': {}, 'path_level': {}}","{'node_level': {0: {'cpu': -85}, 1: {'cpu': -47}, 2: {'cpu': -49}, 3: {'cpu': -49}, 4: {'cpu': -93}, 5: {'cpu': -78}, 6: {'cpu': -48}}, 'link_level': {(0, 2): {'bw': -22}, (0, 5): {'bw': 100.0}}, 'path_level': {(0, 2): {}, (0, 5): {}}}","{'node_level': {0: {'cpu': 0}, 1: {'cpu': 0}, 2: {'cpu': 0}, 3: {'cpu': 0}, 4: {'cpu': 0}, 5: {'cpu': 0}, 6: {'cpu': 0}}, 'link_level': {(0, 2): {'bw': 0}, (0, 5): {'bw': 100.0}}, 'path_level': {(0, 2): {}, (0, 5): {}}}",[],-inf,-inf,True,False,False,0,[],0,0.0,7.0,2.0
107,23,5,1394.0,3494.0,864261.2450224439,2430222.6016354044,0.3989696622781912,0.3556304860471811,38,193,1,2597.0,8443,4728,3715,0.029954862535904847,0.1976241900647948,106,1040.7971678581255,2597.0,3,2,False,"{0: np.int64(55), 1: np.int64(46), 2: np.int64(51)}","{(0, 2): []}","{(0, np.int64(55)): {'cpu': 2}, (1, np.int64(46)): {'cpu': 17}, (2, np.int64(51)): {'cpu': 8}}",{},0.0,0.0,54.0,27.0,79.0,0.0,0.0,0.0,0.0,0.0,0.0,0.0,0.0,0.0,Route Failure,100.0,"{'node_level': {}, 'link_level': {}, 'path_level': {}}","{'node_level': {0: {'cpu': -93}, 1: {'cpu': -48}, 2: {'cpu': -92}}, 'link_level': {(0, 2): {'bw': 100.0}}, 'path_level': {(0, 2): {}}}","{'node_level': {0: {'cpu': 0}, 1: {'cpu': 0}, 2: {'cpu': 0}}, 'link_level': {(0, 2): {'bw': 100.0}}, 'path_level': {(0, 2): {}}}",[],-inf,-inf,True,False,False,0,[],0,0.0,3.0,1.0
107,23,5,1394.0,3494.0,864261.2450224439,2430222.6016354044,0.3989696622781912,0.3556304860471811,38,194,0,2601.791373867923,8443,4728,3715,0.029954862535904847,0.1976241900647948,93,324.791373867923,2277.0,3,3,False,{},{},{},{},0.0,0.0,0.0,0.0,0.0,0.0,0.0,0.0,0.0,0.0,0.0,0.0,0.0,0.0,Leave Event,0.0,"{'node_level': {}, 'link_level': {}, 'path_level': {}}","{'node_level': {}, 'link_level': {}, 'path_level': {}}","{'node_level': {}, 'link_level': {}, 'path_level': {}}",[],-inf,-inf,True,True,False,0,[],0,0.0,,
108,23,5,1394.0,3494.0,864261.2450224439,2430222.6016354044,0.3989696622781912,0.3556304860471811,38,195,1,2615.0,8443,4728,3715,0.029954862535904847,0.1976241900647948,107,1513.200373587617,2615.0,5,7,False,"{0: np.int64(41), 1: np.int64(42), 2: np.int64(12), 3: np.int64(44), 4: np.int64(56)}","{(0, 1): [(np.int64(41), 25), (25, 12), (12, 26), (26, 42)], (0, 2): []}","{(0, np.int64(41)): {'cpu': 5}, (1, np.int64(42)): {'cpu': 1}, (2, np.int64(12)): {'cpu': 8}, (3, np.int64(44)): {'cpu': 19}, (4, np.int64(56)): {'cpu': 11}}","{((0, 1), (np.int64(41), 25)): {'bw': 14}, ((0, 1), (25, 12)): {'bw': 14}, ((0, 1), (12, 26)): {'bw': 14}, ((0, 1), (26, 42)): {'bw': 14}}",0.0,0.0,88.0,44.0,124.0,0.0,0.0,0.0,0.0,0.0,0.0,0.0,0.0,0.0,Route Failure,100.0,"{'node_level': {}, 'link_level': {}, 'path_level': {}}","{'node_level': {0: {'cpu': -88}, 1: {'cpu': -61}, 2: {'cpu': -73}, 3: {'cpu': -35}, 4: {'cpu': -47}}, 'link_level': {(0, 1): {'bw': -7}, (0, 2): {'bw': 100.0}}, 'path_level': {(0, 1): {}, (0, 2): {}}}","{'node_level': {0: {'cpu': 0}, 1: {'cpu': 0}, 2: {'cpu': 0}, 3: {'cpu': 0}, 4: {'cpu': 0}}, 'link_level': {(0, 1): {'bw': 0}, (0, 2): {'bw': 100.0}}, 'path_level': {(0, 1): {}, (0, 2): {}}}",[],-inf,-inf,True,False,False,0,[],0,0.0,5.0,2.0
109,23,5,1394.0,3494.0,864261.2450224439,2430222.6016354044,0.3989696622781912,0.3556304860471811,38,196,1,2640.0,8443,4728,3715,0.029954862535904847,0.1976241900647948,108,956.1605580926552,2640.0,5,4,False,"{0: np.int64(16), 1: np.int64(33), 2: np.int64(32), 3: np.int64(23), 4: np.int64(12)}","{(0, 3): []}","{(0, np.int64(16)): {'cpu': 13}, (1, np.int64(33)): {'cpu': 3}, (2, np.int64(32)): {'cpu': 8}, (3, np.int64(23)): {'cpu': 11}, (4, np.int64(12)): {'cpu': 12}}",{},0.0,0.0,94.0,47.0,93.0,0.0,0.0,0.0,0.0,0.0,0.0,0.0,0.0,0.0,Route Failure,100.0,"{'node_level': {}, 'link_level': {}, 'path_level': {}}","{'node_level': {0: {'cpu': -68}, 1: {'cpu': -32}, 2: {'cpu': -66}, 3: {'cpu': -43}, 4: {'cpu': -69}}, 'link_level': {(0, 3): {'bw': 100.0}}, 'path_level': {(0, 3): {}}}","{'node_level': {0: {'cpu': 0}, 1: {'cpu': 0}, 2: {'cpu': 0}, 3: {'cpu': 0}, 4: {'cpu': 0}}, 'link_level': {(0, 3): {'bw': 100.0}}, 'path_level': {(0, 3): {}}}",[],-inf,-inf,True,False,False,0,[],0,0.0,5.0,1.0
109,23,4,1394.0,3494.0,864261.2450224439,2430222.6016354044,0.3989696622781912,0.3556304860471811,38,197,0,2651.5966549145287,8485,4762,3723,0.022979072630283093,0.1958963282937365,100,195.59665491452856,2456.0,2,1,False,{},{},{},{},0.0,0.0,0.0,0.0,0.0,0.0,0.0,0.0,0.0,0.0,0.0,0.0,0.0,0.0,Leave Event,0.0,"{'node_level': {}, 'link_level': {}, 'path_level': {}}","{'node_level': {}, 'link_level': {}, 'path_level': {}}","{'node_level': {}, 'link_level': {}, 'path_level': {}}",[],-inf,-inf,True,True,False,0,[],0,0.0,,
110,24,5,1433.0,3566.0,884234.3537350716,2467096.033104871,0.4018508132361189,0.35841099895177236,40,198,1,2664.0,8413,4730,3683,0.029544521953221214,0.20453563714902812,109,512.1309926314782,2664.0,3,2,True,"{0: np.int64(45), 1: np.int64(52), 2: np.int64(22)}","{(0, 1): [(np.int64(45), 29), (29, 14), (14, 6), (6, 2), (2, 0), (0, 1), (1, 4), (4, 9), (9, 20), (20, 52)], (1, 2): [(np.int64(52), 20), (20, 9), (9, 4), (4, 10), (10, 22)]}","{(0, np.int64(45)): {'cpu': 3}, (1, np.int64(52)): {'cpu': 9}, (2, np.int64(22)): {'cpu': 20}}","{((0, 1), (np.int64(45), 29)): {'bw': 1}, ((0, 1), (29, 14)): {'bw': 1}, ((0, 1), (14, 6)): {'bw': 1}, ((0, 1), (6, 2)): {'bw': 1}, ((0, 1), (2, 0)): {'bw': 1}, ((0, 1), (0, 1)): {'bw': 1}, ((0, 1), (1, 4)): {'bw': 1}, ((0, 1), (4, 9)): {'bw': 1}, ((0, 1), (9, 20)): {'bw': 1}, ((0, 1), (20, 52)): {'bw': 1}, ((1, 2), (np.int64(52), 20)): {'bw': 6}, ((1, 2), (20, 9)): {'bw': 6}, ((1, 2), (9, 4)): {'bw': 6}, ((1, 2), (4, 10)): {'bw': 6}, ((1, 2), (10, 22)): {'bw': 6}}",72.0,39.0,64.0,32.0,7.0,32.0,7.0,32.0,40.0,33.0,0.5416666666666666,36873.43146946643,19973.10871262765,277.404287675384,Success,0.0,"{'node_level': {}, 'link_level': {}, 'path_level': {}}","{'node_level': {0: {'cpu': -73}, 1: {'cpu': -81}, 2: {'cpu': -68}}, 'link_level': {(0, 1): {'bw': -6}, (1, 2): {'bw': 0}}, 'path_level': {(0, 1): {}, (1, 2): {}}}","{'node_level': {0: {'cpu': 0}, 1: {'cpu': 0}, 2: {'cpu': 0}}, 'link_level': {(0, 1): {'bw': 0}, (1, 2): {'bw': 0}}, 'path_level': {(0, 1): {}, (1, 2): {}}}",[],-inf,-inf,True,True,False,0,[],0,0.0,3.0,2.0
111,24,5,1433.0,3566.0,884234.3537350716,2467096.033104871,0.4018508132361189,0.35841099895177236,40,199,1,2686.0,8413,4730,3683,0.029544521953221214,0.20453563714902812,110,38.169744915379454,2686.0,10,19,False,"{0: np.int64(9), 1: np.int64(40), 2: np.int64(32), 3: np.int64(56), 4: np.int64(42), 5: np.int64(10), 6: np.int64(33), 7: np.int64(58), 8: np.int64(25), 9: np.int64(16)}","{(0, 2): []}","{(0, np.int64(9)): {'cpu': 3}, (1, np.int64(40)): {'cpu': 0}, (2, np.int64(32)): {'cpu': 4}, (3, np.int64(56)): {'cpu': 6}, (4, np.int64(42)): {'cpu': 13}, (5, np.int64(10)): {'cpu': 14}, (6, np.int64(33)): {'cpu': 17}, (7, np.int64(58)): {'cpu': 10}, (8, np.int64(25)): {'cpu': 19}, (9, np.int64(16)): {'cpu': 2}}",{},0.0,0.0,176.0,88.0,543.0,0.0,0.0,0.0,0.0,0.0,0.0,0.0,0.0,0.0,Route Failure,100.0,"{'node_level': {}, 'link_level': {}, 'path_level': {}}","{'node_level': {0: {'cpu': -54}, 1: {'cpu': -66}, 2: {'cpu': -70}, 3: {'cpu': -52}, 4: {'cpu': -49}, 5: {'cpu': -70}, 6: {'cpu': -37}, 7: {'cpu': -62}, 8: {'cpu': -74}, 9: {'cpu': -79}}, 'link_level': {(0, 2): {'bw': 100.0}}, 'path_level': {(0, 2): {}}}","{'node_level': {0: {'cpu': 0}, 1: {'cpu': 0}, 2: {'cpu': 0}, 3: {'cpu': 0}, 4: {'cpu': 0}, 5: {'cpu': 0}, 6: {'cpu': 0}, 7: {'cpu': 0}, 8: {'cpu': 0}, 9: {'cpu': 0}}, 'link_level': {(0, 2): {'bw': 100.0}}, 'path_level': {(0, 2): {}}}",[],-inf,-inf,True,False,False,0,[],0,0.0,10.0,1.0
112,24,5,1433.0,3566.0,884234.3537350716,2467096.033104871,0.4018508132361189,0.35841099895177236,40,200,1,2720.0,8413,4730,3683,0.029544521953221214,0.20453563714902812,111,488.2655374417354,2720.0,8,13,False,"{0: np.int64(32), 1: np.int64(5), 2: np.int64(9), 3: np.int64(56), 4: np.int64(58), 5: np.int64(45), 6: np.int64(10), 7: np.int64(39)}","{(0, 5): []}","{(0, np.int64(32)): {'cpu': 12}, (1, np.int64(5)): {'cpu': 18}, (2, np.int64(9)): {'cpu': 3}, (3, np.int64(56)): {'cpu': 4}, (4, np.int64(58)): {'cpu': 19}, (5, np.int64(45)): {'cpu': 17}, (6, np.int64(10)): {'cpu': 16}, (7, np.int64(39)): {'cpu': 20}}",{},0.0,0.0,218.0,109.0,264.0,0.0,0.0,0.0,0.0,0.0,0.0,0.0,0.0,0.0,Route Failure,100.0,"{'node_level': {}, 'link_level': {}, 'path_level': {}}","{'node_level': {0: {'cpu': -62}, 1: {'cpu': -75}, 2: {'cpu': -54}, 3: {'cpu': -54}, 4: {'cpu': -53}, 5: {'cpu': -56}, 6: {'cpu': -68}, 7: {'cpu': -32}}, 'link_level': {(0, 5): {'bw': 100.0}}, 'path_level': {(0, 5): {}}}","{'node_level': {0: {'cpu': 0}, 1: {'cpu': 0}, 2: {'cpu': 0}, 3: {'cpu': 0}, 4: {'cpu': 0}, 5: {'cpu': 0}, 6: {'cpu': 0}, 7: {'cpu': 0}}, 'link_level': {(0, 5): {'bw': 100.0}}, 'path_level': {(0, 5): {}}}",[],-inf,-inf,True,False,False,0,[],0,0.0,8.0,1.0
112,24,5,1433.0,3566.0,884234.3537350716,2467096.033104871,0.4018508132361189,0.35841099895177236,40,201,0,2724.1697449153794,8413,4730,3683,0.029544521953221214,0.20453563714902812,110,38.169744915379454,2686.0,10,19,False,{},{},{},{},0.0,0.0,0.0,0.0,0.0,0.0,0.0,0.0,0.0,0.0,0.0,0.0,0.0,0.0,Leave Event,0.0,"{'node_level': {}, 'link_level': {}, 'path_level': {}}","{'node_level': {}, 'link_level': {}, 'path_level': {}}","{'node_level': {}, 'link_level': {}, 'path_level': {}}",[],-inf,-inf,True,True,False,0,[],0,0.0,,
112,24,5,1433.0,3566.0,884234.3537350716,2467096.033104871,0.4018508132361189,0.35841099895177236,40,202,0,2733.9164279405527,8413,4730,3683,0.029544521953221214,0.20453563714902812,86,628.9164279405528,2105.0,6,9,False,{},{},{},{},0.0,0.0,0.0,0.0,0.0,0.0,0.0,0.0,0.0,0.0,0.0,0.0,0.0,0.0,Leave Event,0.0,"{'node_level': {}, 'link_level': {}, 'path_level': {}}","{'node_level': {}, 'link_level': {}, 'path_level': {}}","{'node_level': {}, 'link_level': {}, 'path_level': {}}",[],-inf,-inf,True,True,False,0,[],0,0.0,,
112,24,4,1433.0,3566.0,884234.3537350716,2467096.033104871,0.4018508132361189,0.35841099895177236,40,203,0,2737.2994165546684,8630,4763,3867,0.022773902338941276,0.16479481641468685,95,409.2994165546682,2328.0,3,2,False,{},{},{},{},0.0,0.0,0.0,0.0,0.0,0.0,0.0,0.0,0.0,0.0,0.0,0.0,0.0,0.0,Leave Event,0.0,"{'node_level': {}, 'link_level': {}, 'path_level': {}}","{'node_level': {}, 'link_level': {}, 'path_level': {}}","{'node_level': {}, 'link_level': {}, 'path_level': {}}",[],-inf,-inf,True,True,False,0,[],0,0.0,,
113,24,4,1433.0,3566.0,884234.3537350716,2467096.033104871,0.4018508132361189,0.35841099895177236,40,204,1,2743.0,8630,4763,3867,0.022773902338941276,0.16479481641468685,112,217.8698146119972,2743.0,10,16,False,"{0: np.int64(40), 1: np.int64(20), 2: np.int64(10), 3: np.int64(5), 4: np.int64(12), 5: np.int64(57), 6: np.int64(16), 7: np.int64(54), 8: np.int64(14), 9: np.int64(15)}","{(0, 6): []}","{(0, np.int64(40)): {'cpu': 12}, (1, np.int64(20)): {'cpu': 9}, (2, np.int64(10)): {'cpu': 3}, (3, np.int64(5)): {'cpu': 19}, (4, np.int64(12)): {'cpu': 18}, (5, np.int64(57)): {'cpu': 0}, (6, np.int64(16)): {'cpu': 1}, (7, np.int64(54)): {'cpu': 10}, (8, np.int64(14)): {'cpu': 10}, (9, np.int64(15)): {'cpu': 0}}",{},0.0,0.0,164.0,82.0,323.0,0.0,0.0,0.0,0.0,0.0,0.0,0.0,0.0,0.0,Route Failure,100.0,"{'node_level': {}, 'link_level': {}, 'path_level': {}}","{'node_level': {0: {'cpu': -54}, 1: {'cpu': -76}, 2: {'cpu': -81}, 3: {'cpu': -74}, 4: {'cpu': -63}, 5: {'cpu': -67}, 6: {'cpu': -80}, 7: {'cpu': -81}, 8: {'cpu': -61}, 9: {'cpu': -97}}, 'link_level': {(0, 6): {'bw': 100.0}}, 'path_level': {(0, 6): {}}}","{'node_level': {0: {'cpu': 0}, 1: {'cpu': 0}, 2: {'cpu': 0}, 3: {'cpu': 0}, 4: {'cpu': 0}, 5: {'cpu': 0}, 6: {'cpu': 0}, 7: {'cpu': 0}, 8: {'cpu': 0}, 9: {'cpu': 0}}, 'link_level': {(0, 6): {'bw': 100.0}}, 'path_level': {(0, 6): {}}}",[],-inf,-inf,True,False,False,0,[],0,0.0,10.0,1.0
113,24,4,1433.0,3566.0,884234.3537350716,2467096.033104871,0.4018508132361189,0.35841099895177236,40,205,0,2750.1871411954344,8630,4763,3867,0.022773902338941276,0.16479481641468685,97,361.1871411954342,2389.0,9,14,False,{},{},{},{},0.0,0.0,0.0,0.0,0.0,0.0,0.0,0.0,0.0,0.0,0.0,0.0,0.0,0.0,Leave Event,0.0,"{'node_level': {}, 'link_level': {}, 'path_level': {}}","{'node_level': {}, 'link_level': {}, 'path_level': {}}","{'node_level': {}, 'link_level': {}, 'path_level': {}}",[],-inf,-inf,True,True,False,0,[],0,0.0,,
113,24,4,1433.0,3566.0,884234.3537350716,2467096.033104871,0.4018508132361189,0.35841099895177236,40,206,0,2751.873047099461,8630,4763,3867,0.022773902338941276,0.16479481641468685,75,912.873047099461,1839.0,7,8,False,{},{},{},{},0.0,0.0,0.0,0.0,0.0,0.0,0.0,0.0,0.0,0.0,0.0,0.0,0.0,0.0,Leave Event,0.0,"{'node_level': {}, 'link_level': {}, 'path_level': {}}","{'node_level': {}, 'link_level': {}, 'path_level': {}}","{'node_level': {}, 'link_level': {}, 'path_level': {}}",[],-inf,-inf,True,True,False,0,[],0,0.0,,
114,24,4,1433.0,3566.0,884234.3537350716,2467096.033104871,0.4018508132361189,0.35841099895177236,40,207,1,2760.0,8630,4763,3867,0.022773902338941276,0.16479481641468685,113,90.02923369140416,2760.0,3,2,False,"{0: np.int64(45), 1: np.int64(22), 2: np.int64(31)}","{(0, 1): []}","{(0, np.int64(45)): {'cpu': 10}, (1, np.int64(22)): {'cpu': 5}, (2, np.int64(31)): {'cpu': 17}}",{},0.0,0.0,64.0,32.0,50.0,0.0,0.0,0.0,0.0,0.0,0.0,0.0,0.0,0.0,Route Failure,100.0,"{'node_level': {}, 'link_level': {}, 'path_level': {}}","{'node_level': {0: {'cpu': -63}, 1: {'cpu': -63}, 2: {'cpu': -38}}, 'link_level': {(0, 1): {'bw': 100.0}}, 'path_level': {(0, 1): {}}}","{'node_level': {0: {'cpu': 0}, 1: {'cpu': 0}, 2: {'cpu': 0}}, 'link_level': {(0, 1): {'bw': 100.0}}, 'path_level': {(0, 1): {}}}",[],-inf,-inf,True,False,False,0,[],0,0.0,3.0,1.0
114,24,4,1433.0,3566.0,884234.3537350716,2467096.033104871,0.4018508132361189,0.35841099895177236,40,208,0,2784.0811906916115,8630,4763,3867,0.022773902338941276,0.16479481641468685,92,529.0811906916113,2255.0,9,14,False,{},{},{},{},0.0,0.0,0.0,0.0,0.0,0.0,0.0,0.0,0.0,0.0,0.0,0.0,0.0,0.0,Leave Event,0.0,"{'node_level': {}, 'link_level': {}, 'path_level': {}}","{'node_level': {}, 'link_level': {}, 'path_level': {}}","{'node_level': {}, 'link_level': {}, 'path_level': {}}",[],-inf,-inf,True,True,False,0,[],0,0.0,,
115,24,4,1433.0,3566.0,884234.3537350716,2467096.033104871,0.4018508132361189,0.35841099895177236,40,209,1,2789.0,8630,4763,3867,0.022773902338941276,0.16479481641468685,114,1118.2403986936947,2789.0,7,9,False,"{0: np.int64(59), 1: np.int64(44), 2: np.int64(10), 3: np.int64(34), 4: np.int64(19), 5: np.int64(37), 6: np.int64(3)}","{(0, 2): []}","{(0, np.int64(59)): {'cpu': 17}, (1, np.int64(44)): {'cpu': 16}, (2, np.int64(10)): {'cpu': 9}, (3, np.int64(34)): {'cpu': 11}, (4, np.int64(19)): {'cpu': 3}, (5, np.int64(37)): {'cpu': 20}, (6, np.int64(3)): {'cpu': 12}}",{},0.0,0.0,176.0,88.0,111.0,0.0,0.0,0.0,0.0,0.0,0.0,0.0,0.0,0.0,Route Failure,100.0,"{'node_level': {}, 'link_level': {}, 'path_level': {}}","{'node_level': {0: {'cpu': -42}, 1: {'cpu': -38}, 2: {'cpu': -75}, 3: {'cpu': -85}, 4: {'cpu': -84}, 5: {'cpu': -49}, 6: {'cpu': -35}}, 'link_level': {(0, 2): {'bw': 100.0}}, 'path_level': {(0, 2): {}}}","{'node_level': {0: {'cpu': 0}, 1: {'cpu': 0}, 2: {'cpu': 0}, 3: {'cpu': 0}, 4: {'cpu': 0}, 5: {'cpu': 0}, 6: {'cpu': 0}}, 'link_level': {(0, 2): {'bw': 100.0}}, 'path_level': {(0, 2): {}}}",[],-inf,-inf,True,False,False,0,[],0,0.0,7.0,1.0
115,24,4,1433.0,3566.0,884234.3537350716,2467096.033104871,0.4018508132361189,0.35841099895177236,40,210,0,2803.6970585020667,8630,4763,3867,0.022773902338941276,0.16479481641468685,89,624.6970585020666,2179.0,7,8,False,{},{},{},{},0.0,0.0,0.0,0.0,0.0,0.0,0.0,0.0,0.0,0.0,0.0,0.0,0.0,0.0,Leave Event,0.0,"{'node_level': {}, 'link_level': {}, 'path_level': {}}","{'node_level': {}, 'link_level': {}, 'path_level': {}}","{'node_level': {}, 'link_level': {}, 'path_level': {}}",[],-inf,-inf,True,True,False,0,[],0,0.0,,
116,24,4,1433.0,3566.0,884234.3537350716,2467096.033104871,0.4018508132361189,0.35841099895177236,40,211,1,2813.0,8630,4763,3867,0.022773902338941276,0.16479481641468685,115,871.1718395636135,2813.0,9,22,False,"{0: np.int64(60), 1: np.int64(61), 2: np.int64(11), 3: np.int64(62), 4: np.int64(55), 5: np.int64(15), 6: np.int64(40), 7: np.int64(38), 8: np.int64(42)}","{(0, 1): [(np.int64(60), 28), (28, 13), (13, 6), (6, 14), (14, 29), (29, 61)], (0, 2): []}","{(0, np.int64(60)): {'cpu': 18}, (1, np.int64(61)): {'cpu': 9}, (2, np.int64(11)): {'cpu': 1}, (3, np.int64(62)): {'cpu': 16}, (4, np.int64(55)): {'cpu': 6}, (5, np.int64(15)): {'cpu': 19}, (6, np.int64(40)): {'cpu': 16}, (7, np.int64(38)): {'cpu': 15}, (8, np.int64(42)): {'cpu': 8}}","{((0, 1), (np.int64(60), 28)): {'bw': 38}, ((0, 1), (28, 13)): {'bw': 38}, ((0, 1), (13, 6)): {'bw': 38}, ((0, 1), (6, 14)): {'bw': 38}, ((0, 1), (14, 29)): {'bw': 38}, ((0, 1), (29, 61)): {'bw': 38}}",0.0,0.0,216.0,108.0,516.0,0.0,0.0,0.0,0.0,0.0,0.0,0.0,0.0,0.0,Route Failure,100.0,"{'node_level': {}, 'link_level': {}, 'path_level': {}}","{'node_level': {0: {'cpu': -73}, 1: {'cpu': -87}, 2: {'cpu': -98}, 3: {'cpu': -60}, 4: {'cpu': -89}, 5: {'cpu': -78}, 6: {'cpu': -50}, 7: {'cpu': -54}, 8: {'cpu': -54}}, 'link_level': {(0, 1): {'bw': -17}, (0, 2): {'bw': 100.0}}, 'path_level': {(0, 1): {}, (0, 2): {}}}","{'node_level': {0: {'cpu': 0}, 1: {'cpu': 0}, 2: {'cpu': 0}, 3: {'cpu': 0}, 4: {'cpu': 0}, 5: {'cpu': 0}, 6: {'cpu': 0}, 7: {'cpu': 0}, 8: {'cpu': 0}}, 'link_level': {(0, 1): {'bw': 0}, (0, 2): {'bw': 100.0}}, 'path_level': {(0, 1): {}, (0, 2): {}}}",[],-inf,-inf,True,False,False,0,[],0,0.0,9.0,2.0
117,25,5,1507.0,3685.0,911906.4965190543,2511595.8302845187,0.408955223880597,0.3630785198491716,40,212,1,2837.0,8511,4734,3777,0.02872384078785395,0.1842332613390929,116,373.9478754592252,2837.0,2,1,True,"{0: np.int64(45), 1: np.int64(14)}","{(0, 1): [(np.int64(45), 29), (29, 14)]}","{(0, np.int64(45)): {'cpu': 17}, (1, np.int64(14)): {'cpu': 12}}","{((0, 1), (np.int64(45), 29)): {'bw': 45}, ((0, 1), (29, 14)): {'bw': 45}}",119.0,74.0,58.0,29.0,45.0,29.0,45.0,29.0,90.0,45.0,0.6218487394957983,44499.7971796478,27672.142783982665,232.53901499145098,Success,0.0,"{'node_level': {}, 'link_level': {}, 'path_level': {}}","{'node_level': {0: {'cpu': -56}, 1: {'cpu': -59}}, 'link_level': {(0, 1): {'bw': -27}}, 'path_level': {(0, 1): {}}}","{'node_level': {0: {'cpu': 0}, 1: {'cpu': 0}}, 'link_level': {(0, 1): {'bw': 0}}, 'path_level': {(0, 1): {}}}",[],-inf,-inf,True,True,False,0,[],0,0.0,2.0,1.0
117,25,5,1507.0,3685.0,911906.4965190543,2511595.8302845187,0.408955223880597,0.3630785198491716,40,213,0,2847.5757663510403,8511,4734,3777,0.02872384078785395,0.1842332613390929,60,1380.5757663510403,1467.0,8,10,False,{},{},{},{},0.0,0.0,0.0,0.0,0.0,0.0,0.0,0.0,0.0,0.0,0.0,0.0,0.0,0.0,Leave Event,0.0,"{'node_level': {}, 'link_level': {}, 'path_level': {}}","{'node_level': {}, 'link_level': {}, 'path_level': {}}","{'node_level': {}, 'link_level': {}, 'path_level': {}}",[],-inf,-inf,True,True,False,0,[],0,0.0,,
117,25,5,1507.0,3685.0,911906.4965190543,2511595.8302845187,0.408955223880597,0.3630785198491716,40,214,0,2850.029233691404,8511,4734,3777,0.02872384078785395,0.1842332613390929,113,90.02923369140416,2760.0,3,2,False,{},{},{},{},0.0,0.0,0.0,0.0,0.0,0.0,0.0,0.0,0.0,0.0,0.0,0.0,0.0,0.0,Leave Event,0.0,"{'node_level': {}, 'link_level': {}, 'path_level': {}}","{'node_level': {}, 'link_level': {}, 'path_level': {}}","{'node_level': {}, 'link_level': {}, 'path_level': {}}",[],-inf,-inf,True,True,False,0,[],0,0.0,,
118,26,6,1594.0,3935.0,938989.3415333355,2589420.0975669357,0.4050825921219822,0.36262533932428587,40,215,1,2857.0,8261,4688,3573,0.03816167418957739,0.22829373650107987,117,311.2970691296686,2857.0,3,2,True,"{0: np.int64(43), 1: np.int64(17), 2: np.int64(60)}","{(0, 2): [(np.int64(43), 27), (27, 13), (13, 28), (28, 60)], (1, 2): [(np.int64(17), 8), (8, 3), (3, 1), (1, 0), (0, 2), (2, 6), (6, 13), (13, 28), (28, 60)]}","{(0, np.int64(43)): {'cpu': 18}, (1, np.int64(17)): {'cpu': 16}, (2, np.int64(60)): {'cpu': 12}}","{((0, 2), (np.int64(43), 27)): {'bw': 33}, ((0, 2), (27, 13)): {'bw': 33}, ((0, 2), (13, 28)): {'bw': 33}, ((0, 2), (28, 60)): {'bw': 33}, ((1, 2), (np.int64(17), 8)): {'bw': 8}, ((1, 2), (8, 3)): {'bw': 8}, ((1, 2), (3, 1)): {'bw': 8}, ((1, 2), (1, 0)): {'bw': 8}, ((1, 2), (0, 2)): {'bw': 8}, ((1, 2), (2, 6)): {'bw': 8}, ((1, 2), (6, 13)): {'bw': 8}, ((1, 2), (13, 28)): {'bw': 8}, ((1, 2), (28, 60)): {'bw': 8}}",250.0,87.0,92.0,46.0,41.0,46.0,41.0,46.0,204.0,163.0,0.348,77824.26728241716,27082.84501428117,108.33138005712468,Success,0.0,"{'node_level': {}, 'link_level': {}, 'path_level': {}}","{'node_level': {0: {'cpu': -82}, 1: {'cpu': -60}, 2: {'cpu': -79}}, 'link_level': {(0, 2): {'bw': -8}, (1, 2): {'bw': -4}}, 'path_level': {(0, 2): {}, (1, 2): {}}}","{'node_level': {0: {'cpu': 0}, 1: {'cpu': 0}, 2: {'cpu': 0}}, 'link_level': {(0, 2): {'bw': 0}, (1, 2): {'bw': 0}}, 'path_level': {(0, 2): {}, (1, 2): {}}}",[],-inf,-inf,True,True,False,0,[],0,0.0,3.0,2.0
119,26,6,1594.0,3935.0,938989.3415333355,2589420.0975669357,0.4050825921219822,0.36262533932428587,40,216,1,2875.0,8261,4688,3573,0.03816167418957739,0.22829373650107987,118,335.9877338046161,2875.0,7,12,False,"{0: np.int64(3), 1: np.int64(28), 2: np.int64(34), 3: np.int64(35), 4: np.int64(61), 5: np.int64(22), 6: np.int64(58)}","{(0, 1): []}","{(0, np.int64(3)): {'cpu': 1}, (1, np.int64(28)): {'cpu': 1}, (2, np.int64(34)): {'cpu': 20}, (3, np.int64(35)): {'cpu': 19}, (4, np.int64(61)): {'cpu': 14}, (5, np.int64(22)): {'cpu': 1}, (6, np.int64(58)): {'cpu': 14}}",{},0.0,0.0,140.0,70.0,332.0,0.0,0.0,0.0,0.0,0.0,0.0,0.0,0.0,0.0,Route Failure,100.0,"{'node_level': {}, 'link_level': {}, 'path_level': {}}","{'node_level': {0: {'cpu': -46}, 1: {'cpu': -91}, 2: {'cpu': -76}, 3: {'cpu': -37}, 4: {'cpu': -82}, 5: {'cpu': -67}, 6: {'cpu': -58}}, 'link_level': {(0, 1): {'bw': 100.0}}, 'path_level': {(0, 1): {}}}","{'node_level': {0: {'cpu': 0}, 1: {'cpu': 0}, 2: {'cpu': 0}, 3: {'cpu': 0}, 4: {'cpu': 0}, 5: {'cpu': 0}, 6: {'cpu': 0}}, 'link_level': {(0, 1): {'bw': 100.0}}, 'path_level': {(0, 1): {}}}",[],-inf,-inf,True,False,False,0,[],0,0.0,7.0,1.0
119,26,5,1594.0,3935.0,938989.3415333355,2589420.0975669357,0.4050825921219822,0.36262533932428587,40,217,0,2876.4345438628334,8501,4726,3775,0.03036520311858848,0.18466522678185748,98,469.4345438628334,2407.0,3,2,False,{},{},{},{},0.0,0.0,0.0,0.0,0.0,0.0,0.0,0.0,0.0,0.0,0.0,0.0,0.0,0.0,Leave Event,0.0,"{'node_level': {}, 'link_level': {}, 'path_level': {}}","{'node_level': {}, 'link_level': {}, 'path_level': {}}","{'node_level': {}, 'link_level': {}, 'path_level': {}}",[],-inf,-inf,True,True,False,0,[],0,0.0,,
120,27,6,1710.0,4398.0,956509.8983657559,2659351.285613579,0.3888130968622101,0.3596779047357277,42,218,1,2897.0,8038,4671,3367,0.041649569142388154,0.27278617710583153,119,151.03928303810676,2897.0,4,4,True,"{0: np.int64(19), 1: np.int64(46), 2: np.int64(57), 3: np.int64(0)}","{(0, 2): [(np.int64(19), 9), (9, 4), (4, 1), (1, 0), (0, 2), (2, 5), (5, 12), (12, 25), (25, 57)], (1, 2): [(np.int64(46), 30), (30, 14), (14, 6), (6, 2), (2, 5), (5, 12), (12, 25), (25, 57)], (1, 3): [(np.int64(46), 30), (30, 14), (14, 6), (6, 2), (2, 0)], (2, 3): [(np.int64(57), 25), (25, 12), (12, 5), (5, 2), (2, 0)]}","{(0, np.int64(19)): {'cpu': 10}, (1, np.int64(46)): {'cpu': 11}, (2, np.int64(57)): {'cpu': 17}, (3, np.int64(0)): {'cpu': 17}}","{((0, 2), (np.int64(19), 9)): {'bw': 1}, ((0, 2), (9, 4)): {'bw': 1}, ((0, 2), (4, 1)): {'bw': 1}, ((0, 2), (1, 0)): {'bw': 1}, ((0, 2), (0, 2)): {'bw': 1}, ((0, 2), (2, 5)): {'bw': 1}, ((0, 2), (5, 12)): {'bw': 1}, ((0, 2), (12, 25)): {'bw': 1}, ((0, 2), (25, 57)): {'bw': 1}, ((1, 2), (np.int64(46), 30)): {'bw': 33}, ((1, 2), (30, 14)): {'bw': 33}, ((1, 2), (14, 6)): {'bw': 33}, ((1, 2), (6, 2)): {'bw': 33}, ((1, 2), (2, 5)): {'bw': 33}, ((1, 2), (5, 12)): {'bw': 33}, ((1, 2), (12, 25)): {'bw': 33}, ((1, 2), (25, 57)): {'bw': 33}, ((1, 3), (np.int64(46), 30)): {'bw': 12}, ((1, 3), (30, 14)): {'bw': 12}, ((1, 3), (14, 6)): {'bw': 12}, ((1, 3), (6, 2)): {'bw': 12}, ((1, 3), (2, 0)): {'bw': 12}, ((2, 3), (np.int64(57), 25)): {'bw': 15}, ((2, 3), (25, 12)): {'bw': 15}, ((2, 3), (12, 5)): {'bw': 15}, ((2, 3), (5, 2)): {'bw': 15}, ((2, 3), (2, 0)): {'bw': 15}}",463.0,116.0,110.0,55.0,61.0,55.0,61.0,55.0,408.0,347.0,0.2505399568034557,69931.18804664342,17520.556832420385,37.841375447992185,Success,0.0,"{'node_level': {}, 'link_level': {}, 'path_level': {}}","{'node_level': {0: {'cpu': -77}, 1: {'cpu': -54}, 2: {'cpu': -50}, 3: {'cpu': -73}}, 'link_level': {(0, 2): {'bw': -18}, (1, 2): {'bw': -17}, (1, 3): {'bw': -5}, (2, 3): {'bw': -10}}, 'path_level': {(0, 2): {}, (1, 2): {}, (1, 3): {}, (2, 3): {}}}","{'node_level': {0: {'cpu': 0}, 1: {'cpu': 0}, 2: {'cpu': 0}, 3: {'cpu': 0}}, 'link_level': {(0, 2): {'bw': 0}, (1, 2): {'bw': 0}, (1, 3): {'bw': 0}, (2, 3): {'bw': 0}}, 'path_level': {(0, 2): {}, (1, 2): {}, (1, 3): {}, (2, 3): {}}}",[],-inf,-inf,True,True,False,0,[],0,0.0,4.0,4.0
121,27,6,1710.0,4398.0,956509.8983657559,2659351.285613579,0.3888130968622101,0.3596779047357277,42,219,1,2928.0,8038,4671,3367,0.041649569142388154,0.27278617710583153,120,257.6159277591568,2928.0,2,1,False,"{0: np.int64(36), 1: np.int64(49)}","{(0, 1): []}","{(0, np.int64(36)): {'cpu': 19}, (1, np.int64(49)): {'cpu': 19}}",{},0.0,0.0,76.0,38.0,34.0,0.0,0.0,0.0,0.0,0.0,0.0,0.0,0.0,0.0,Route Failure,100.0,"{'node_level': {}, 'link_level': {}, 'path_level': {}}","{'node_level': {0: {'cpu': -62}, 1: {'cpu': -77}}, 'link_level': {(0, 1): {'bw': 100.0}}, 'path_level': {(0, 1): {}}}","{'node_level': {0: {'cpu': 0}, 1: {'cpu': 0}}, 'link_level': {(0, 1): {'bw': 100.0}}, 'path_level': {(0, 1): {}}}",[],-inf,-inf,True,False,False,0,[],0,0.0,2.0,1.0
122,27,6,1710.0,4398.0,956509.8983657559,2659351.285613579,0.3888130968622101,0.3596779047357277,42,220,1,2952.0,8038,4671,3367,0.041649569142388154,0.27278617710583153,121,286.9447317034216,2952.0,2,1,False,"{0: np.int64(9), 1: np.int64(18)}","{(0, 1): []}","{(0, np.int64(9)): {'cpu': 4}, (1, np.int64(18)): {'cpu': 18}}",{},0.0,0.0,44.0,22.0,26.0,0.0,0.0,0.0,0.0,0.0,0.0,0.0,0.0,0.0,Route Failure,100.0,"{'node_level': {}, 'link_level': {}, 'path_level': {}}","{'node_level': {0: {'cpu': -53}, 1: {'cpu': -52}}, 'link_level': {(0, 1): {'bw': 100.0}}, 'path_level': {(0, 1): {}}}","{'node_level': {0: {'cpu': 0}, 1: {'cpu': 0}}, 'link_level': {(0, 1): {'bw': 100.0}}, 'path_level': {(0, 1): {}}}",[],-inf,-inf,True,False,False,0,[],0,0.0,2.0,1.0
122,27,6,1710.0,4398.0,956509.8983657559,2659351.285613579,0.3888130968622101,0.3596779047357277,42,221,0,2960.8698146119973,8038,4671,3367,0.041649569142388154,0.27278617710583153,112,217.8698146119972,2743.0,10,16,False,{},{},{},{},0.0,0.0,0.0,0.0,0.0,0.0,0.0,0.0,0.0,0.0,0.0,0.0,0.0,0.0,Leave Event,0.0,"{'node_level': {}, 'link_level': {}, 'path_level': {}}","{'node_level': {}, 'link_level': {}, 'path_level': {}}","{'node_level': {}, 'link_level': {}, 'path_level': {}}",[],-inf,-inf,True,True,False,0,[],0,0.0,,
123,27,6,1710.0,4398.0,956509.8983657559,2659351.285613579,0.3888130968622101,0.3596779047357277,42,222,1,2973.0,8038,4671,3367,0.041649569142388154,0.27278617710583153,122,7.585314259313696,2973.0,6,7,False,"{0: np.int64(14), 1: np.int64(40), 2: np.int64(18), 3: np.int64(41), 4: np.int64(26), 5: np.int64(45)}","{(0, 2): []}","{(0, np.int64(14)): {'cpu': 13}, (1, np.int64(40)): {'cpu': 12}, (2, np.int64(18)): {'cpu': 2}, (3, np.int64(41)): {'cpu': 3}, (4, np.int64(26)): {'cpu': 1}, (5, np.int64(45)): {'cpu': 9}}",{},0.0,0.0,80.0,40.0,193.0,0.0,0.0,0.0,0.0,0.0,0.0,0.0,0.0,0.0,Route Failure,100.0,"{'node_level': {}, 'link_level': {}, 'path_level': {}}","{'node_level': {0: {'cpu': -46}, 1: {'cpu': -54}, 2: {'cpu': -68}, 3: {'cpu': -93}, 4: {'cpu': -88}, 5: {'cpu': -47}}, 'link_level': {(0, 2): {'bw': 100.0}}, 'path_level': {(0, 2): {}}}","{'node_level': {0: {'cpu': 0}, 1: {'cpu': 0}, 2: {'cpu': 0}, 3: {'cpu': 0}, 4: {'cpu': 0}, 5: {'cpu': 0}}, 'link_level': {(0, 2): {'bw': 100.0}}, 'path_level': {(0, 2): {}}}",[],-inf,-inf,True,False,False,0,[],0,0.0,6.0,1.0
123,27,6,1710.0,4398.0,956509.8983657559,2659351.285613579,0.3888130968622101,0.3596779047357277,42,223,0,2980.5853142593137,8038,4671,3367,0.041649569142388154,0.27278617710583153,122,7.585314259313696,2973.0,6,7,False,{},{},{},{},0.0,0.0,0.0,0.0,0.0,0.0,0.0,0.0,0.0,0.0,0.0,0.0,0.0,0.0,Leave Event,0.0,"{'node_level': {}, 'link_level': {}, 'path_level': {}}","{'node_level': {}, 'link_level': {}, 'path_level': {}}","{'node_level': {}, 'link_level': {}, 'path_level': {}}",[],-inf,-inf,True,True,False,0,[],0,0.0,,
124,27,6,1710.0,4398.0,956509.8983657559,2659351.285613579,0.3888130968622101,0.3596779047357277,42,224,1,2998.0,8038,4671,3367,0.041649569142388154,0.27278617710583153,123,1117.023616872072,2998.0,8,15,False,"{0: np.int64(59), 1: np.int64(38), 2: np.int64(18), 3: np.int64(16), 4: np.int64(53), 5: np.int64(57), 6: np.int64(35), 7: np.int64(60)}","{(0, 1): []}","{(0, np.int64(59)): {'cpu': 16}, (1, np.int64(38)): {'cpu': 11}, (2, np.int64(18)): {'cpu': 12}, (3, np.int64(16)): {'cpu': 5}, (4, np.int64(53)): {'cpu': 13}, (5, np.int64(57)): {'cpu': 13}, (6, np.int64(35)): {'cpu': 16}, (7, np.int64(60)): {'cpu': 7}}",{},0.0,0.0,186.0,93.0,442.0,0.0,0.0,0.0,0.0,0.0,0.0,0.0,0.0,0.0,Route Failure,100.0,"{'node_level': {}, 'link_level': {}, 'path_level': {}}","{'node_level': {0: {'cpu': -43}, 1: {'cpu': -70}, 2: {'cpu': -58}, 3: {'cpu': -76}, 4: {'cpu': -52}, 5: {'cpu': -37}, 6: {'cpu': -40}, 7: {'cpu': -72}}, 'link_level': {(0, 1): {'bw': 100.0}}, 'path_level': {(0, 1): {}}}","{'node_level': {0: {'cpu': 0}, 1: {'cpu': 0}, 2: {'cpu': 0}, 3: {'cpu': 0}, 4: {'cpu': 0}, 5: {'cpu': 0}, 6: {'cpu': 0}, 7: {'cpu': 0}}, 'link_level': {(0, 1): {'bw': 100.0}}, 'path_level': {(0, 1): {}}}",[],-inf,-inf,True,False,False,0,[],0,0.0,8.0,1.0
125,27,6,1710.0,4398.0,956509.8983657559,2659351.285613579,0.3888130968622101,0.3596779047357277,42,225,1,3021.0,8038,4671,3367,0.041649569142388154,0.27278617710583153,124,14.79129995382185,3021.0,5,4,False,"{0: np.int64(36), 1: np.int64(43), 2: np.int64(12), 3: np.int64(6), 4: np.int64(21)}","{(0, 3): [(np.int64(36), 20), (20, 9), (9, 4), (4, 1), (1, 0), (0, 2), (2, 6)], (1, 2): []}","{(0, np.int64(36)): {'cpu': 13}, (1, np.int64(43)): {'cpu': 14}, (2, np.int64(12)): {'cpu': 0}, (3, np.int64(6)): {'cpu': 17}, (4, np.int64(21)): {'cpu': 20}}","{((0, 3), (np.int64(36), 20)): {'bw': 13}, ((0, 3), (20, 9)): {'bw': 13}, ((0, 3), (9, 4)): {'bw': 13}, ((0, 3), (4, 1)): {'bw': 13}, ((0, 3), (1, 0)): {'bw': 13}, ((0, 3), (0, 2)): {'bw': 13}, ((0, 3), (2, 6)): {'bw': 13}}",0.0,0.0,128.0,64.0,101.0,0.0,0.0,0.0,0.0,0.0,0.0,0.0,0.0,0.0,Route Failure,100.0,"{'node_level': {}, 'link_level': {}, 'path_level': {}}","{'node_level': {0: {'cpu': -68}, 1: {'cpu': -68}, 2: {'cpu': -81}, 3: {'cpu': -51}, 4: {'cpu': -33}}, 'link_level': {(0, 3): {'bw': 0}, (1, 2): {'bw': 100.0}}, 'path_level': {(0, 3): {}, (1, 2): {}}}","{'node_level': {0: {'cpu': 0}, 1: {'cpu': 0}, 2: {'cpu': 0}, 3: {'cpu': 0}, 4: {'cpu': 0}}, 'link_level': {(0, 3): {'bw': 0}, (1, 2): {'bw': 100.0}}, 'path_level': {(0, 3): {}, (1, 2): {}}}",[],-inf,-inf,True,False,False,0,[],0,0.0,5.0,2.0
125,27,6,1710.0,4398.0,956509.8983657559,2659351.285613579,0.3888130968622101,0.3596779047357277,42,226,0,3035.7912999538216,8038,4671,3367,0.041649569142388154,0.27278617710583153,124,14.79129995382185,3021.0,5,4,False,{},{},{},{},0.0,0.0,0.0,0.0,0.0,0.0,0.0,0.0,0.0,0.0,0.0,0.0,0.0,0.0,Leave Event,0.0,"{'node_level': {}, 'link_level': {}, 'path_level': {}}","{'node_level': {}, 'link_level': {}, 'path_level': {}}","{'node_level': {}, 'link_level': {}, 'path_level': {}}",[],-inf,-inf,True,True,False,0,[],0,0.0,,
125,27,5,1710.0,4398.0,956509.8983657559,2659351.285613579,0.3888130968622101,0.3596779047357277,42,227,0,3048.039283038107,8501,4726,3775,0.03036520311858848,0.18466522678185748,119,151.03928303810676,2897.0,4,4,False,{},{},{},{},0.0,0.0,0.0,0.0,0.0,0.0,0.0,0.0,0.0,0.0,0.0,0.0,0.0,0.0,Leave Event,0.0,"{'node_level': {}, 'link_level': {}, 'path_level': {}}","{'node_level': {}, 'link_level': {}, 'path_level': {}}","{'node_level': {}, 'link_level': {}, 'path_level': {}}",[],-inf,-inf,True,True,False,0,[],0,0.0,,
126,27,5,1710.0,4398.0,956509.8983657559,2659351.285613579,0.3888130968622101,0.3596779047357277,42,228,1,3054.0,8501,4726,3775,0.03036520311858848,0.18466522678185748,125,233.31895702187518,3054.0,3,2,False,"{0: np.int64(22), 1: np.int64(39), 2: np.int64(13)}","{(0, 2): []}","{(0, np.int64(22)): {'cpu': 1}, (1, np.int64(39)): {'cpu': 1}, (2, np.int64(13)): {'cpu': 10}}",{},0.0,0.0,24.0,12.0,96.0,0.0,0.0,0.0,0.0,0.0,0.0,0.0,0.0,0.0,Route Failure,100.0,"{'node_level': {}, 'link_level': {}, 'path_level': {}}","{'node_level': {0: {'cpu': -67}, 1: {'cpu': -51}, 2: {'cpu': -51}}, 'link_level': {(0, 2): {'bw': 100.0}}, 'path_level': {(0, 2): {}}}","{'node_level': {0: {'cpu': 0}, 1: {'cpu': 0}, 2: {'cpu': 0}}, 'link_level': {(0, 2): {'bw': 100.0}}, 'path_level': {(0, 2): {}}}",[],-inf,-inf,True,False,False,0,[],0,0.0,3.0,1.0
127,27,5,1710.0,4398.0,956509.8983657559,2659351.285613579,0.3888130968622101,0.3596779047357277,42,229,1,3082.0,8501,4726,3775,0.03036520311858848,0.18466522678185748,126,50.39289489713439,3082.0,10,28,False,"{0: np.int64(28), 1: np.int64(56), 2: np.int64(5), 3: np.int64(20), 4: np.int64(60), 5: np.int64(61), 6: np.int64(6), 7: np.int64(39), 8: np.int64(3), 9: np.int64(32)}","{(0, 5): [(np.int64(28), 13), (13, 6), (6, 14), (14, 29), (29, 61)], (0, 6): []}","{(0, np.int64(28)): {'cpu': 16}, (1, np.int64(56)): {'cpu': 13}, (2, np.int64(5)): {'cpu': 4}, (3, np.int64(20)): {'cpu': 14}, (4, np.int64(60)): {'cpu': 0}, (5, np.int64(61)): {'cpu': 14}, (6, np.int64(6)): {'cpu': 19}, (7, np.int64(39)): {'cpu': 15}, (8, np.int64(3)): {'cpu': 1}, (9, np.int64(32)): {'cpu': 13}}","{((0, 5), (np.int64(28), 13)): {'bw': 11}, ((0, 5), (13, 6)): {'bw': 11}, ((0, 5), (6, 14)): {'bw': 11}, ((0, 5), (14, 29)): {'bw': 11}, ((0, 5), (29, 61)): {'bw': 11}}",0.0,0.0,218.0,109.0,636.0,0.0,0.0,0.0,0.0,0.0,0.0,0.0,0.0,0.0,Route Failure,100.0,"{'node_level': {}, 'link_level': {}, 'path_level': {}}","{'node_level': {0: {'cpu': -76}, 1: {'cpu': -45}, 2: {'cpu': -89}, 3: {'cpu': -71}, 4: {'cpu': -79}, 5: {'cpu': -82}, 6: {'cpu': -49}, 7: {'cpu': -37}, 8: {'cpu': -46}, 9: {'cpu': -61}}, 'link_level': {(0, 5): {'bw': -16}, (0, 6): {'bw': 100.0}}, 'path_level': {(0, 5): {}, (0, 6): {}}}","{'node_level': {0: {'cpu': 0}, 1: {'cpu': 0}, 2: {'cpu': 0}, 3: {'cpu': 0}, 4: {'cpu': 0}, 5: {'cpu': 0}, 6: {'cpu': 0}, 7: {'cpu': 0}, 8: {'cpu': 0}, 9: {'cpu': 0}}, 'link_level': {(0, 5): {'bw': 0}, (0, 6): {'bw': 100.0}}, 'path_level': {(0, 5): {}, (0, 6): {}}}",[],-inf,-inf,True,False,False,0,[],0,0.0,10.0,2.0
128,27,5,1710.0,4398.0,956509.8983657559,2659351.285613579,0.3888130968622101,0.3596779047357277,42,230,1,3104.0,8501,4726,3775,0.03036520311858848,0.18466522678185748,127,109.67806654177916,3104.0,7,9,False,"{0: np.int64(49), 1: np.int64(50), 2: np.int64(40), 3: np.int64(55), 4: np.int64(28), 5: np.int64(6), 6: np.int64(19)}","{(0, 2): [(np.int64(49), 17), (17, 8), (8, 3), (3, 1), (1, 0), (0, 2), (2, 5), (5, 11), (11, 24), (24, 40)], (0, 3): []}","{(0, np.int64(49)): {'cpu': 18}, (1, np.int64(50)): {'cpu': 2}, (2, np.int64(40)): {'cpu': 16}, (3, np.int64(55)): {'cpu': 19}, (4, np.int64(28)): {'cpu': 5}, (5, np.int64(6)): {'cpu': 10}, (6, np.int64(19)): {'cpu': 15}}","{((0, 2), (np.int64(49), 17)): {'bw': 5}, ((0, 2), (17, 8)): {'bw': 5}, ((0, 2), (8, 3)): {'bw': 5}, ((0, 2), (3, 1)): {'bw': 5}, ((0, 2), (1, 0)): {'bw': 5}, ((0, 2), (0, 2)): {'bw': 5}, ((0, 2), (2, 5)): {'bw': 5}, ((0, 2), (5, 11)): {'bw': 5}, ((0, 2), (11, 24)): {'bw': 5}, ((0, 2), (24, 40)): {'bw': 5}}",0.0,0.0,170.0,85.0,238.0,0.0,0.0,0.0,0.0,0.0,0.0,0.0,0.0,0.0,Route Failure,100.0,"{'node_level': {}, 'link_level': {}, 'path_level': {}}","{'node_level': {0: {'cpu': -78}, 1: {'cpu': -56}, 2: {'cpu': -50}, 3: {'cpu': -76}, 4: {'cpu': -87}, 5: {'cpu': -58}, 6: {'cpu': -72}}, 'link_level': {(0, 2): {'bw': -26}, (0, 3): {'bw': 100.0}}, 'path_level': {(0, 2): {}, (0, 3): {}}}","{'node_level': {0: {'cpu': 0}, 1: {'cpu': 0}, 2: {'cpu': 0}, 3: {'cpu': 0}, 4: {'cpu': 0}, 5: {'cpu': 0}, 6: {'cpu': 0}}, 'link_level': {(0, 2): {'bw': 0}, (0, 3): {'bw': 100.0}}, 'path_level': {(0, 2): {}, (0, 3): {}}}",[],-inf,-inf,True,False,False,0,[],0,0.0,7.0,2.0
128,27,5,1710.0,4398.0,956509.8983657559,2659351.285613579,0.3888130968622101,0.3596779047357277,42,231,0,3132.3928948971343,8501,4726,3775,0.03036520311858848,0.18466522678185748,126,50.39289489713439,3082.0,10,28,False,{},{},{},{},0.0,0.0,0.0,0.0,0.0,0.0,0.0,0.0,0.0,0.0,0.0,0.0,0.0,0.0,Leave Event,0.0,"{'node_level': {}, 'link_level': {}, 'path_level': {}}","{'node_level': {}, 'link_level': {}, 'path_level': {}}","{'node_level': {}, 'link_level': {}, 'path_level': {}}",[],-inf,-inf,True,True,False,0,[],0,0.0,,
128,27,5,1710.0,4398.0,956509.8983657559,2659351.285613579,0.3888130968622101,0.3596779047357277,42,232,0,3138.334407895393,8501,4726,3775,0.03036520311858848,0.18466522678185748,104,592.3344078953928,2546.0,4,4,False,{},{},{},{},0.0,0.0,0.0,0.0,0.0,0.0,0.0,0.0,0.0,0.0,0.0,0.0,0.0,0.0,Leave Event,0.0,"{'node_level': {}, 'link_level': {}, 'path_level': {}}","{'node_level': {}, 'link_level': {}, 'path_level': {}}","{'node_level': {}, 'link_level': {}, 'path_level': {}}",[],-inf,-inf,True,True,False,0,[],0,0.0,,
129,27,5,1710.0,4398.0,956509.8983657559,2659351.285613579,0.3888130968622101,0.3596779047357277,42,233,1,3139.0,8501,4726,3775,0.03036520311858848,0.18466522678185748,128,1427.2953147212122,3139.0,7,10,False,"{0: np.int64(16), 1: np.int64(1), 2: np.int64(18), 3: np.int64(59), 4: np.int64(7), 5: np.int64(13), 6: np.int64(35)}","{(0, 3): []}","{(0, np.int64(16)): {'cpu': 0}, (1, np.int64(1)): {'cpu': 5}, (2, np.int64(18)): {'cpu': 8}, (3, np.int64(59)): {'cpu': 18}, (4, np.int64(7)): {'cpu': 1}, (5, np.int64(13)): {'cpu': 8}, (6, np.int64(35)): {'cpu': 4}}",{},0.0,0.0,88.0,44.0,197.0,0.0,0.0,0.0,0.0,0.0,0.0,0.0,0.0,0.0,Route Failure,100.0,"{'node_level': {}, 'link_level': {}, 'path_level': {}}","{'node_level': {0: {'cpu': -81}, 1: {'cpu': -47}, 2: {'cpu': -62}, 3: {'cpu': -41}, 4: {'cpu': -60}, 5: {'cpu': -53}, 6: {'cpu': -52}}, 'link_level': {(0, 3): {'bw': 100.0}}, 'path_level': {(0, 3): {}}}","{'node_level': {0: {'cpu': 0}, 1: {'cpu': 0}, 2: {'cpu': 0}, 3: {'cpu': 0}, 4: {'cpu': 0}, 5: {'cpu': 0}, 6: {'cpu': 0}}, 'link_level': {(0, 3): {'bw': 100.0}}, 'path_level': {(0, 3): {}}}",[],-inf,-inf,True,False,False,0,[],0,0.0,7.0,1.0
130,27,5,1710.0,4398.0,956509.8983657559,2659351.285613579,0.3888130968622101,0.3596779047357277,42,234,1,3162.0,8501,4726,3775,0.03036520311858848,0.18466522678185748,129,232.02761538398053,3162.0,6,11,False,"{0: np.int64(39), 1: np.int64(28), 2: np.int64(55), 3: np.int64(59), 4: np.int64(44), 5: np.int64(24)}","{(0, 1): [(np.int64(39), 23), (23, 11), (11, 5), (5, 2), (2, 6), (6, 13), (13, 28)], (0, 2): [(np.int64(39), 23), (23, 55)], (0, 5): [(np.int64(39), 23), (23, 11), (11, 24)], (1, 2): [(np.int64(28), 13), (13, 6), (6, 2), (2, 5), (5, 11), (11, 23), (23, 55)], (1, 3): [(np.int64(28), 13), (13, 27), (27, 59)], (1, 4): [(np.int64(28), 44)], (2, 3): [(np.int64(55), 23), (23, 11), (11, 5), (5, 2), (2, 6), (6, 13), (13, 27), (27, 59)], (2, 4): []}","{(0, np.int64(39)): {'cpu': 3}, (1, np.int64(28)): {'cpu': 6}, (2, np.int64(55)): {'cpu': 17}, (3, np.int64(59)): {'cpu': 10}, (4, np.int64(44)): {'cpu': 16}, (5, np.int64(24)): {'cpu': 13}}","{((0, 1), (np.int64(39), 23)): {'bw': 4}, ((0, 1), (23, 11)): {'bw': 4}, ((0, 1), (11, 5)): {'bw': 4}, ((0, 1), (5, 2)): {'bw': 4}, ((0, 1), (2, 6)): {'bw': 4}, ((0, 1), (6, 13)): {'bw': 4}, ((0, 1), (13, 28)): {'bw': 4}, ((0, 2), (np.int64(39), 23)): {'bw': 26}, ((0, 2), (23, 55)): {'bw': 26}, ((0, 5), (np.int64(39), 23)): {'bw': 27}, ((0, 5), (23, 11)): {'bw': 27}, ((0, 5), (11, 24)): {'bw': 27}, ((1, 2), (np.int64(28), 13)): {'bw': 13}, ((1, 2), (13, 6)): {'bw': 13}, ((1, 2), (6, 2)): {'bw': 13}, ((1, 2), (2, 5)): {'bw': 13}, ((1, 2), (5, 11)): {'bw': 13}, ((1, 2), (11, 23)): {'bw': 13}, ((1, 2), (23, 55)): {'bw': 13}, ((1, 3), (np.int64(28), 13)): {'bw': 7}, ((1, 3), (13, 27)): {'bw': 7}, ((1, 3), (27, 59)): {'bw': 7}, ((1, 4), (np.int64(28), 44)): {'bw': 24}, ((2, 3), (np.int64(55), 23)): {'bw': 1}, ((2, 3), (23, 11)): {'bw': 1}, ((2, 3), (11, 5)): {'bw': 1}, ((2, 3), (5, 2)): {'bw': 1}, ((2, 3), (2, 6)): {'bw': 1}, ((2, 3), (6, 13)): {'bw': 1}, ((2, 3), (13, 27)): {'bw': 1}, ((2, 3), (27, 59)): {'bw': 1}}",0.0,0.0,130.0,65.0,225.0,0.0,0.0,0.0,0.0,0.0,0.0,0.0,0.0,0.0,Route Failure,100.0,"{'node_level': {}, 'link_level': {}, 'path_level': {}}","{'node_level': {0: {'cpu': -49}, 1: {'cpu': -86}, 2: {'cpu': -78}, 3: {'cpu': -49}, 4: {'cpu': -38}, 5: {'cpu': -79}}, 'link_level': {(0, 1): {'bw': -31}, (0, 2): {'bw': -41}, (0, 5): {'bw': -25}, (1, 2): {'bw': -12}, (1, 3): {'bw': -1}, (1, 4): {'bw': -48}, (2, 3): {'bw': 0}, (2, 4): {'bw': 100.0}}, 'path_level': {(0, 1): {}, (0, 2): {}, (0, 5): {}, (1, 2): {}, (1, 3): {}, (1, 4): {}, (2, 3): {}, (2, 4): {}}}","{'node_level': {0: {'cpu': 0}, 1: {'cpu': 0}, 2: {'cpu': 0}, 3: {'cpu': 0}, 4: {'cpu': 0}, 5: {'cpu': 0}}, 'link_level': {(0, 1): {'bw': 0}, (0, 2): {'bw': 0}, (0, 5): {'bw': 0}, (1, 2): {'bw': 0}, (1, 3): {'bw': 0}, (1, 4): {'bw': 0}, (2, 3): {'bw': 0}, (2, 4): {'bw': 100.0}}, 'path_level': {(0, 1): {}, (0, 2): {}, (0, 5): {}, (1, 2): {}, (1, 3): {}, (1, 4): {}, (2, 3): {}, (2, 4): {}}}",[],-inf,-inf,True,False,False,0,[],0,0.0,6.0,8.0
130,27,4,1710.0,4398.0,956509.8983657559,2659351.285613579,0.3888130968622101,0.3596779047357277,42,235,0,3168.2970691296687,8751,4772,3979,0.02092736971686504,0.1406047516198704,117,311.2970691296686,2857.0,3,2,False,{},{},{},{},0.0,0.0,0.0,0.0,0.0,0.0,0.0,0.0,0.0,0.0,0.0,0.0,0.0,0.0,Leave Event,0.0,"{'node_level': {}, 'link_level': {}, 'path_level': {}}","{'node_level': {}, 'link_level': {}, 'path_level': {}}","{'node_level': {}, 'link_level': {}, 'path_level': {}}",[],-inf,-inf,True,True,False,0,[],0,0.0,,
130,27,3,1710.0,4398.0,956509.8983657559,2659351.285613579,0.3888130968622101,0.3596779047357277,42,236,0,3176.130992631478,8823,4804,4019,0.014361920393926919,0.1319654427645789,109,512.1309926314782,2664.0,3,2,False,{},{},{},{},0.0,0.0,0.0,0.0,0.0,0.0,0.0,0.0,0.0,0.0,0.0,0.0,0.0,0.0,Leave Event,0.0,"{'node_level': {}, 'link_level': {}, 'path_level': {}}","{'node_level': {}, 'link_level': {}, 'path_level': {}}","{'node_level': {}, 'link_level': {}, 'path_level': {}}",[],-inf,-inf,True,True,False,0,[],0,0.0,,
130,27,3,1710.0,4398.0,956509.8983657559,2659351.285613579,0.3888130968622101,0.3596779047357277,42,237,0,3185.615927759157,8823,4804,4019,0.014361920393926919,0.1319654427645789,120,257.6159277591568,2928.0,2,1,False,{},{},{},{},0.0,0.0,0.0,0.0,0.0,0.0,0.0,0.0,0.0,0.0,0.0,0.0,0.0,0.0,Leave Event,0.0,"{'node_level': {}, 'link_level': {}, 'path_level': {}}","{'node_level': {}, 'link_level': {}, 'path_level': {}}","{'node_level': {}, 'link_level': {}, 'path_level': {}}",[],-inf,-inf,True,True,False,0,[],0,0.0,,
131,27,3,1710.0,4398.0,956509.8983657559,2659351.285613579,0.3888130968622101,0.3596779047357277,42,238,1,3190.0,8823,4804,4019,0.014361920393926919,0.1319654427645789,130,652.8197084288254,3190.0,4,4,False,"{0: np.int64(15), 1: np.int64(8), 2: np.int64(60), 3: np.int64(5)}","{(0, 1): []}","{(0, np.int64(15)): {'cpu': 14}, (1, np.int64(8)): {'cpu': 17}, (2, np.int64(60)): {'cpu': 10}, (3, np.int64(5)): {'cpu': 12}}",{},0.0,0.0,106.0,53.0,101.0,0.0,0.0,0.0,0.0,0.0,0.0,0.0,0.0,0.0,Route Failure,100.0,"{'node_level': {}, 'link_level': {}, 'path_level': {}}","{'node_level': {0: {'cpu': -83}, 1: {'cpu': -73}, 2: {'cpu': -81}, 3: {'cpu': -81}}, 'link_level': {(0, 1): {'bw': 100.0}}, 'path_level': {(0, 1): {}}}","{'node_level': {0: {'cpu': 0}, 1: {'cpu': 0}, 2: {'cpu': 0}, 3: {'cpu': 0}}, 'link_level': {(0, 1): {'bw': 100.0}}, 'path_level': {(0, 1): {}}}",[],-inf,-inf,True,False,False,0,[],0,0.0,4.0,1.0
131,27,3,1710.0,4398.0,956509.8983657559,2659351.285613579,0.3888130968622101,0.3596779047357277,42,239,0,3208.2655374417354,8823,4804,4019,0.014361920393926919,0.1319654427645789,111,488.2655374417354,2720.0,8,13,False,{},{},{},{},0.0,0.0,0.0,0.0,0.0,0.0,0.0,0.0,0.0,0.0,0.0,0.0,0.0,0.0,Leave Event,0.0,"{'node_level': {}, 'link_level': {}, 'path_level': {}}","{'node_level': {}, 'link_level': {}, 'path_level': {}}","{'node_level': {}, 'link_level': {}, 'path_level': {}}",[],-inf,-inf,True,True,False,0,[],0,0.0,,
131,27,2,1710.0,4398.0,956509.8983657559,2659351.285613579,0.3888130968622101,0.3596779047357277,42,240,0,3210.947875459225,8942,4833,4109,0.008411981945014357,0.11252699784017284,116,373.9478754592252,2837.0,2,1,False,{},{},{},{},0.0,0.0,0.0,0.0,0.0,0.0,0.0,0.0,0.0,0.0,0.0,0.0,0.0,0.0,Leave Event,0.0,"{'node_level': {}, 'link_level': {}, 'path_level': {}}","{'node_level': {}, 'link_level': {}, 'path_level': {}}","{'node_level': {}, 'link_level': {}, 'path_level': {}}",[],-inf,-inf,True,True,False,0,[],0,0.0,,
131,27,2,1710.0,4398.0,956509.8983657559,2659351.285613579,0.3888130968622101,0.3596779047357277,42,241,0,3210.9877338046163,8942,4833,4109,0.008411981945014357,0.11252699784017284,118,335.9877338046161,2875.0,7,12,False,{},{},{},{},0.0,0.0,0.0,0.0,0.0,0.0,0.0,0.0,0.0,0.0,0.0,0.0,0.0,0.0,Leave Event,0.0,"{'node_level': {}, 'link_level': {}, 'path_level': {}}","{'node_level': {}, 'link_level': {}, 'path_level': {}}","{'node_level': {}, 'link_level': {}, 'path_level': {}}",[],-inf,-inf,True,True,False,0,[],0,0.0,,
132,27,2,1710.0,4398.0,956509.8983657559,2659351.285613579,0.3888130968622101,0.3596779047357277,42,242,1,3211.0,8942,4833,4109,0.008411981945014357,0.11252699784017284,131,67.42905537955637,3211.0,9,17,False,"{0: np.int64(32), 1: np.int64(5), 2: np.int64(41), 3: np.int64(31), 4: np.int64(52), 5: np.int64(45), 6: np.int64(3), 7: np.int64(46), 8: np.int64(6)}","{(0, 3): [(np.int64(32), 16), (16, 7), (7, 15), (15, 31)], (0, 4): []}","{(0, np.int64(32)): {'cpu': 18}, (1, np.int64(5)): {'cpu': 2}, (2, np.int64(41)): {'cpu': 1}, (3, np.int64(31)): {'cpu': 5}, (4, np.int64(52)): {'cpu': 18}, (5, np.int64(45)): {'cpu': 18}, (6, np.int64(3)): {'cpu': 11}, (7, np.int64(46)): {'cpu': 20}, (8, np.int64(6)): {'cpu': 7}}","{((0, 3), (np.int64(32), 16)): {'bw': 14}, ((0, 3), (16, 7)): {'bw': 14}, ((0, 3), (7, 15)): {'bw': 14}, ((0, 3), (15, 31)): {'bw': 14}}",0.0,0.0,200.0,100.0,432.0,0.0,0.0,0.0,0.0,0.0,0.0,0.0,0.0,0.0,Route Failure,100.0,"{'node_level': {}, 'link_level': {}, 'path_level': {}}","{'node_level': {0: {'cpu': -56}, 1: {'cpu': -91}, 2: {'cpu': -95}, 3: {'cpu': -50}, 4: {'cpu': -72}, 5: {'cpu': -58}, 6: {'cpu': -36}, 7: {'cpu': -45}, 8: {'cpu': -61}}, 'link_level': {(0, 3): {'bw': -2}, (0, 4): {'bw': 100.0}}, 'path_level': {(0, 3): {}, (0, 4): {}}}","{'node_level': {0: {'cpu': 0}, 1: {'cpu': 0}, 2: {'cpu': 0}, 3: {'cpu': 0}, 4: {'cpu': 0}, 5: {'cpu': 0}, 6: {'cpu': 0}, 7: {'cpu': 0}, 8: {'cpu': 0}}, 'link_level': {(0, 3): {'bw': 0}, (0, 4): {'bw': 100.0}}, 'path_level': {(0, 3): {}, (0, 4): {}}}",[],-inf,-inf,True,False,False,0,[],0,0.0,9.0,2.0
132,27,2,1710.0,4398.0,956509.8983657559,2659351.285613579,0.3888130968622101,0.3596779047357277,42,243,0,3213.678066541779,8942,4833,4109,0.008411981945014357,0.11252699784017284,127,109.67806654177916,3104.0,7,9,False,{},{},{},{},0.0,0.0,0.0,0.0,0.0,0.0,0.0,0.0,0.0,0.0,0.0,0.0,0.0,0.0,Leave Event,0.0,"{'node_level': {}, 'link_level': {}, 'path_level': {}}","{'node_level': {}, 'link_level': {}, 'path_level': {}}","{'node_level': {}, 'link_level': {}, 'path_level': {}}",[],-inf,-inf,True,True,False,0,[],0,0.0,,
133,27,2,1710.0,4398.0,956509.8983657559,2659351.285613579,0.3888130968622101,0.3596779047357277,42,244,1,3233.0,8942,4833,4109,0.008411981945014357,0.11252699784017284,132,144.6970497051178,3233.0,10,20,False,"{0: np.int64(14), 1: np.int64(28), 2: np.int64(53), 3: np.int64(54), 4: np.int64(51), 5: np.int64(4), 6: np.int64(15), 7: np.int64(1), 8: np.int64(50), 9: np.int64(17)}","{(0, 1): [(np.int64(14), 6), (6, 13), (13, 28)], (0, 2): [(np.int64(14), 6), (6, 2), (2, 0), (0, 1), (1, 4), (4, 10), (10, 21), (21, 53)], (0, 3): []}","{(0, np.int64(14)): {'cpu': 17}, (1, np.int64(28)): {'cpu': 3}, (2, np.int64(53)): {'cpu': 16}, (3, np.int64(54)): {'cpu': 13}, (4, np.int64(51)): {'cpu': 14}, (5, np.int64(4)): {'cpu': 15}, (6, np.int64(15)): {'cpu': 11}, (7, np.int64(1)): {'cpu': 18}, (8, np.int64(50)): {'cpu': 0}, (9, np.int64(17)): {'cpu': 1}}","{((0, 1), (np.int64(14), 6)): {'bw': 22}, ((0, 1), (6, 13)): {'bw': 22}, ((0, 1), (13, 28)): {'bw': 22}, ((0, 2), (np.int64(14), 6)): {'bw': 23}, ((0, 2), (6, 2)): {'bw': 23}, ((0, 2), (2, 0)): {'bw': 23}, ((0, 2), (0, 1)): {'bw': 23}, ((0, 2), (1, 4)): {'bw': 23}, ((0, 2), (4, 10)): {'bw': 23}, ((0, 2), (10, 21)): {'bw': 23}, ((0, 2), (21, 53)): {'bw': 23}}",0.0,0.0,216.0,108.0,510.0,0.0,0.0,0.0,0.0,0.0,0.0,0.0,0.0,0.0,Route Failure,100.0,"{'node_level': {}, 'link_level': {}, 'path_level': {}}","{'node_level': {0: {'cpu': -54}, 1: {'cpu': -89}, 2: {'cpu': -49}, 3: {'cpu': -78}, 4: {'cpu': -86}, 5: {'cpu': -57}, 6: {'cpu': -86}, 7: {'cpu': -34}, 8: {'cpu': -58}, 9: {'cpu': -75}}, 'link_level': {(0, 1): {'bw': -34}, (0, 2): {'bw': -11}, (0, 3): {'bw': 100.0}}, 'path_level': {(0, 1): {}, (0, 2): {}, (0, 3): {}}}","{'node_level': {0: {'cpu': 0}, 1: {'cpu': 0}, 2: {'cpu': 0}, 3: {'cpu': 0}, 4: {'cpu': 0}, 5: {'cpu': 0}, 6: {'cpu': 0}, 7: {'cpu': 0}, 8: {'cpu': 0}, 9: {'cpu': 0}}, 'link_level': {(0, 1): {'bw': 0}, (0, 2): {'bw': 0}, (0, 3): {'bw': 100.0}}, 'path_level': {(0, 1): {}, (0, 2): {}, (0, 3): {}}}",[],-inf,-inf,True,False,False,0,[],0,0.0,10.0,3.0
133,27,2,1710.0,4398.0,956509.8983657559,2659351.285613579,0.3888130968622101,0.3596779047357277,42,245,0,3236.5091897568527,8942,4833,4109,0.008411981945014357,0.11252699784017284,105,661.509189756853,2575.0,7,8,False,{},{},{},{},0.0,0.0,0.0,0.0,0.0,0.0,0.0,0.0,0.0,0.0,0.0,0.0,0.0,0.0,Leave Event,0.0,"{'node_level': {}, 'link_level': {}, 'path_level': {}}","{'node_level': {}, 'link_level': {}, 'path_level': {}}","{'node_level': {}, 'link_level': {}, 'path_level': {}}",[],-inf,-inf,True,True,False,0,[],0,0.0,,
133,27,2,1710.0,4398.0,956509.8983657559,2659351.285613579,0.3888130968622101,0.3596779047357277,42,246,0,3238.9447317034214,8942,4833,4109,0.008411981945014357,0.11252699784017284,121,286.9447317034216,2952.0,2,1,False,{},{},{},{},0.0,0.0,0.0,0.0,0.0,0.0,0.0,0.0,0.0,0.0,0.0,0.0,0.0,0.0,Leave Event,0.0,"{'node_level': {}, 'link_level': {}, 'path_level': {}}","{'node_level': {}, 'link_level': {}, 'path_level': {}}","{'node_level': {}, 'link_level': {}, 'path_level': {}}",[],-inf,-inf,True,True,False,0,[],0,0.0,,
134,27,2,1710.0,4398.0,956509.8983657559,2659351.285613579,0.3888130968622101,0.3596779047357277,42,247,1,3255.0,8942,4833,4109,0.008411981945014357,0.11252699784017284,133,1065.3055150078635,3255.0,9,28,False,"{0: np.int64(6), 1: np.int64(11), 2: np.int64(40), 3: np.int64(16), 4: np.int64(5), 5: np.int64(27), 6: np.int64(15), 7: np.int64(0), 8: np.int64(51)}","{(0, 2): [(np.int64(6), 2), (2, 5), (5, 11), (11, 24), (24, 40)], (0, 5): [(np.int64(6), 13), (13, 27)], (0, 6): [(np.int64(6), 2), (2, 0), (0, 1), (1, 3), (3, 7), (7, 15)], (0, 7): [(np.int64(6), 2), (2, 0)], (0, 8): [(np.int64(6), 2), (2, 0), (0, 1), (1, 4), (4, 9), (9, 19), (19, 51)], (1, 2): []}","{(0, np.int64(6)): {'cpu': 1}, (1, np.int64(11)): {'cpu': 6}, (2, np.int64(40)): {'cpu': 14}, (3, np.int64(16)): {'cpu': 16}, (4, np.int64(5)): {'cpu': 18}, (5, np.int64(27)): {'cpu': 11}, (6, np.int64(15)): {'cpu': 6}, (7, np.int64(0)): {'cpu': 10}, (8, np.int64(51)): {'cpu': 20}}","{((0, 2), (np.int64(6), 2)): {'bw': 21}, ((0, 2), (2, 5)): {'bw': 21}, ((0, 2), (5, 11)): {'bw': 21}, ((0, 2), (11, 24)): {'bw': 21}, ((0, 2), (24, 40)): {'bw': 21}, ((0, 5), (np.int64(6), 13)): {'bw': 10}, ((0, 5), (13, 27)): {'bw': 10}, ((0, 6), (np.int64(6), 2)): {'bw': 1}, ((0, 6), (2, 0)): {'bw': 1}, ((0, 6), (0, 1)): {'bw': 1}, ((0, 6), (1, 3)): {'bw': 1}, ((0, 6), (3, 7)): {'bw': 1}, ((0, 6), (7, 15)): {'bw': 1}, ((0, 7), (np.int64(6), 2)): {'bw': 10}, ((0, 7), (2, 0)): {'bw': 10}, ((0, 8), (np.int64(6), 2)): {'bw': 26}, ((0, 8), (2, 0)): {'bw': 26}, ((0, 8), (0, 1)): {'bw': 26}, ((0, 8), (1, 4)): {'bw': 26}, ((0, 8), (4, 9)): {'bw': 26}, ((0, 8), (9, 19)): {'bw': 26}, ((0, 8), (19, 51)): {'bw': 26}}",0.0,0.0,204.0,102.0,762.0,0.0,0.0,0.0,0.0,0.0,0.0,0.0,0.0,0.0,Route Failure,100.0,"{'node_level': {}, 'link_level': {}, 'path_level': {}}","{'node_level': {0: {'cpu': -67}, 1: {'cpu': -93}, 2: {'cpu': -52}, 3: {'cpu': -65}, 4: {'cpu': -75}, 5: {'cpu': -70}, 6: {'cpu': -91}, 7: {'cpu': -80}, 8: {'cpu': -80}}, 'link_level': {(0, 2): {'bw': -44}, (0, 5): {'bw': -31}, (0, 6): {'bw': -1}, (0, 7): {'bw': -39}, (0, 8): {'bw': 0}, (1, 2): {'bw': 100.0}}, 'path_level': {(0, 2): {}, (0, 5): {}, (0, 6): {}, (0, 7): {}, (0, 8): {}, (1, 2): {}}}","{'node_level': {0: {'cpu': 0}, 1: {'cpu': 0}, 2: {'cpu': 0}, 3: {'cpu': 0}, 4: {'cpu': 0}, 5: {'cpu': 0}, 6: {'cpu': 0}, 7: {'cpu': 0}, 8: {'cpu': 0}}, 'link_level': {(0, 2): {'bw': 0}, (0, 5): {'bw': 0}, (0, 6): {'bw': 0}, (0, 7): {'bw': 0}, (0, 8): {'bw': 0}, (1, 2): {'bw': 100.0}}, 'path_level': {(0, 2): {}, (0, 5): {}, (0, 6): {}, (0, 7): {}, (0, 8): {}, (1, 2): {}}}",[],-inf,-inf,True,False,False,0,[],0,0.0,9.0,6.0
134,27,2,1710.0,4398.0,956509.8983657559,2659351.285613579,0.3888130968622101,0.3596779047357277,42,248,0,3278.4290553795563,8942,4833,4109,0.008411981945014357,0.11252699784017284,131,67.42905537955637,3211.0,9,17,False,{},{},{},{},0.0,0.0,0.0,0.0,0.0,0.0,0.0,0.0,0.0,0.0,0.0,0.0,0.0,0.0,Leave Event,0.0,"{'node_level': {}, 'link_level': {}, 'path_level': {}}","{'node_level': {}, 'link_level': {}, 'path_level': {}}","{'node_level': {}, 'link_level': {}, 'path_level': {}}",[],-inf,-inf,True,True,False,0,[],0,0.0,,
135,27,2,1710.0,4398.0,956509.8983657559,2659351.285613579,0.3888130968622101,0.3596779047357277,42,249,1,3283.0,8942,4833,4109,0.008411981945014357,0.11252699784017284,134,1168.051034257492,3283.0,5,6,False,"{0: np.int64(4), 1: np.int64(28), 2: np.int64(31), 3: np.int64(56), 4: np.int64(42)}","{(0, 1): [(np.int64(4), 1), (1, 0), (0, 2), (2, 6), (6, 13), (13, 28)], (0, 2): []}","{(0, np.int64(4)): {'cpu': 13}, (1, np.int64(28)): {'cpu': 17}, (2, np.int64(31)): {'cpu': 8}, (3, np.int64(56)): {'cpu': 12}, (4, np.int64(42)): {'cpu': 7}}","{((0, 1), (np.int64(4), 1)): {'bw': 19}, ((0, 1), (1, 0)): {'bw': 19}, ((0, 1), (0, 2)): {'bw': 19}, ((0, 1), (2, 6)): {'bw': 19}, ((0, 1), (6, 13)): {'bw': 19}, ((0, 1), (13, 28)): {'bw': 19}}",0.0,0.0,114.0,57.0,132.0,0.0,0.0,0.0,0.0,0.0,0.0,0.0,0.0,0.0,Route Failure,100.0,"{'node_level': {}, 'link_level': {}, 'path_level': {}}","{'node_level': {0: {'cpu': -59}, 1: {'cpu': -75}, 2: {'cpu': -47}, 3: {'cpu': -46}, 4: {'cpu': -55}}, 'link_level': {(0, 1): {'bw': -21}, (0, 2): {'bw': 100.0}}, 'path_level': {(0, 1): {}, (0, 2): {}}}","{'node_level': {0: {'cpu': 0}, 1: {'cpu': 0}, 2: {'cpu': 0}, 3: {'cpu': 0}, 4: {'cpu': 0}}, 'link_level': {(0, 1): {'bw': 0}, (0, 2): {'bw': 100.0}}, 'path_level': {(0, 1): {}, (0, 2): {}}}",[],-inf,-inf,True,False,False,0,[],0,0.0,5.0,2.0
135,27,2,1710.0,4398.0,956509.8983657559,2659351.285613579,0.3888130968622101,0.3596779047357277,42,250,0,3283.5593020591855,8942,4833,4109,0.008411981945014357,0.11252699784017284,90,1082.5593020591855,2201.0,6,7,False,{},{},{},{},0.0,0.0,0.0,0.0,0.0,0.0,0.0,0.0,0.0,0.0,0.0,0.0,0.0,0.0,Leave Event,0.0,"{'node_level': {}, 'link_level': {}, 'path_level': {}}","{'node_level': {}, 'link_level': {}, 'path_level': {}}","{'node_level': {}, 'link_level': {}, 'path_level': {}}",[],-inf,-inf,True,True,False,0,[],0,0.0,,
135,27,2,1710.0,4398.0,956509.8983657559,2659351.285613579,0.3888130968622101,0.3596779047357277,42,251,0,3287.318957021875,8942,4833,4109,0.008411981945014357,0.11252699784017284,125,233.31895702187518,3054.0,3,2,False,{},{},{},{},0.0,0.0,0.0,0.0,0.0,0.0,0.0,0.0,0.0,0.0,0.0,0.0,0.0,0.0,Leave Event,0.0,"{'node_level': {}, 'link_level': {}, 'path_level': {}}","{'node_level': {}, 'link_level': {}, 'path_level': {}}","{'node_level': {}, 'link_level': {}, 'path_level': {}}",[],-inf,-inf,True,True,False,0,[],0,0.0,,
136,27,2,1710.0,4398.0,956509.8983657559,2659351.285613579,0.3888130968622101,0.3596779047357277,42,252,1,3303.0,8942,4833,4109,0.008411981945014357,0.11252699784017284,135,169.5826104764788,3303.0,6,11,False,"{0: np.int64(37), 1: np.int64(53), 2: np.int64(4), 3: np.int64(17), 4: np.int64(25), 5: np.int64(56)}","{(0, 1): [(np.int64(37), 21), (21, 53)], (0, 2): [(np.int64(37), 21), (21, 10), (10, 4)], (0, 3): []}","{(0, np.int64(37)): {'cpu': 2}, (1, np.int64(53)): {'cpu': 0}, (2, np.int64(4)): {'cpu': 12}, (3, np.int64(17)): {'cpu': 1}, (4, np.int64(25)): {'cpu': 5}, (5, np.int64(56)): {'cpu': 12}}","{((0, 1), (np.int64(37), 21)): {'bw': 39}, ((0, 1), (21, 53)): {'bw': 39}, ((0, 2), (np.int64(37), 21)): {'bw': 17}, ((0, 2), (21, 10)): {'bw': 17}, ((0, 2), (10, 4)): {'bw': 17}}",0.0,0.0,64.0,32.0,229.0,0.0,0.0,0.0,0.0,0.0,0.0,0.0,0.0,0.0,Route Failure,100.0,"{'node_level': {}, 'link_level': {}, 'path_level': {}}","{'node_level': {0: {'cpu': -67}, 1: {'cpu': -65}, 2: {'cpu': -60}, 3: {'cpu': -75}, 4: {'cpu': -88}, 5: {'cpu': -46}}, 'link_level': {(0, 1): {'bw': -27}, (0, 2): {'bw': -10}, (0, 3): {'bw': 100.0}}, 'path_level': {(0, 1): {}, (0, 2): {}, (0, 3): {}}}","{'node_level': {0: {'cpu': 0}, 1: {'cpu': 0}, 2: {'cpu': 0}, 3: {'cpu': 0}, 4: {'cpu': 0}, 5: {'cpu': 0}}, 'link_level': {(0, 1): {'bw': 0}, (0, 2): {'bw': 0}, (0, 3): {'bw': 100.0}}, 'path_level': {(0, 1): {}, (0, 2): {}, (0, 3): {}}}",[],-inf,-inf,True,False,False,0,[],0,0.0,6.0,3.0
137,27,2,1710.0,4398.0,956509.8983657559,2659351.285613579,0.3888130968622101,0.3596779047357277,42,253,1,3321.0,8942,4833,4109,0.008411981945014357,0.11252699784017284,136,1707.3409174991905,3321.0,10,20,False,"{0: np.int64(10), 1: np.int64(50), 2: np.int64(8), 3: np.int64(23), 4: np.int64(22), 5: np.int64(26), 6: np.int64(9), 7: np.int64(49), 8: np.int64(56), 9: np.int64(47)}","{(0, 6): [(np.int64(10), 4), (4, 9)], (0, 7): [(np.int64(10), 4), (4, 1), (1, 3), (3, 8), (8, 17), (17, 49)], (1, 2): [(np.int64(50), 18), (18, 8)], (1, 4): [(np.int64(50), 18), (18, 8), (8, 3), (3, 1), (1, 4), (4, 10), (10, 22)], (1, 5): [(np.int64(50), 18), (18, 8), (8, 3), (3, 1), (1, 0), (0, 2), (2, 5), (5, 12), (12, 26)], (1, 6): []}","{(0, np.int64(10)): {'cpu': 4}, (1, np.int64(50)): {'cpu': 19}, (2, np.int64(8)): {'cpu': 6}, (3, np.int64(23)): {'cpu': 13}, (4, np.int64(22)): {'cpu': 12}, (5, np.int64(26)): {'cpu': 13}, (6, np.int64(9)): {'cpu': 6}, (7, np.int64(49)): {'cpu': 20}, (8, np.int64(56)): {'cpu': 0}, (9, np.int64(47)): {'cpu': 15}}","{((0, 6), (np.int64(10), 4)): {'bw': 13}, ((0, 6), (4, 9)): {'bw': 13}, ((0, 7), (np.int64(10), 4)): {'bw': 21}, ((0, 7), (4, 1)): {'bw': 21}, ((0, 7), (1, 3)): {'bw': 21}, ((0, 7), (3, 8)): {'bw': 21}, ((0, 7), (8, 17)): {'bw': 21}, ((0, 7), (17, 49)): {'bw': 21}, ((1, 2), (np.int64(50), 18)): {'bw': 20}, ((1, 2), (18, 8)): {'bw': 20}, ((1, 4), (np.int64(50), 18)): {'bw': 7}, ((1, 4), (18, 8)): {'bw': 7}, ((1, 4), (8, 3)): {'bw': 7}, ((1, 4), (3, 1)): {'bw': 7}, ((1, 4), (1, 4)): {'bw': 7}, ((1, 4), (4, 10)): {'bw': 7}, ((1, 4), (10, 22)): {'bw': 7}, ((1, 5), (np.int64(50), 18)): {'bw': 28}, ((1, 5), (18, 8)): {'bw': 28}, ((1, 5), (8, 3)): {'bw': 28}, ((1, 5), (3, 1)): {'bw': 28}, ((1, 5), (1, 0)): {'bw': 28}, ((1, 5), (0, 2)): {'bw': 28}, ((1, 5), (2, 5)): {'bw': 28}, ((1, 5), (5, 12)): {'bw': 28}, ((1, 5), (12, 26)): {'bw': 28}}",0.0,0.0,216.0,108.0,325.0,0.0,0.0,0.0,0.0,0.0,0.0,0.0,0.0,0.0,Route Failure,100.0,"{'node_level': {}, 'link_level': {}, 'path_level': {}}","{'node_level': {0: {'cpu': -80}, 1: {'cpu': -39}, 2: {'cpu': -84}, 3: {'cpu': -41}, 4: {'cpu': -76}, 5: {'cpu': -76}, 6: {'cpu': -51}, 7: {'cpu': -76}, 8: {'cpu': -58}, 9: {'cpu': -83}}, 'link_level': {(0, 6): {'bw': -13}, (0, 7): {'bw': -27}, (1, 2): {'bw': -48}, (1, 4): {'bw': -20}, (1, 5): {'bw': -3}, (1, 6): {'bw': 100.0}}, 'path_level': {(0, 6): {}, (0, 7): {}, (1, 2): {}, (1, 4): {}, (1, 5): {}, (1, 6): {}}}","{'node_level': {0: {'cpu': 0}, 1: {'cpu': 0}, 2: {'cpu': 0}, 3: {'cpu': 0}, 4: {'cpu': 0}, 5: {'cpu': 0}, 6: {'cpu': 0}, 7: {'cpu': 0}, 8: {'cpu': 0}, 9: {'cpu': 0}}, 'link_level': {(0, 6): {'bw': 0}, (0, 7): {'bw': 0}, (1, 2): {'bw': 0}, (1, 4): {'bw': 0}, (1, 5): {'bw': 0}, (1, 6): {'bw': 100.0}}, 'path_level': {(0, 6): {}, (0, 7): {}, (1, 2): {}, (1, 4): {}, (1, 5): {}, (1, 6): {}}}",[],-inf,-inf,True,False,False,0,[],0,0.0,10.0,6.0
137,27,2,1710.0,4398.0,956509.8983657559,2659351.285613579,0.3888130968622101,0.3596779047357277,42,254,0,3331.5173363460804,8942,4833,4109,0.008411981945014357,0.11252699784017284,99,895.5173363460804,2436.0,10,21,False,{},{},{},{},0.0,0.0,0.0,0.0,0.0,0.0,0.0,0.0,0.0,0.0,0.0,0.0,0.0,0.0,Leave Event,0.0,"{'node_level': {}, 'link_level': {}, 'path_level': {}}","{'node_level': {}, 'link_level': {}, 'path_level': {}}","{'node_level': {}, 'link_level': {}, 'path_level': {}}",[],-inf,-inf,True,True,False,0,[],0,0.0,,
138,27,2,1710.0,4398.0,956509.8983657559,2659351.285613579,0.3888130968622101,0.3596779047357277,42,255,1,3346.0,8942,4833,4109,0.008411981945014357,0.11252699784017284,137,551.4597792631687,3346.0,8,15,False,"{0: np.int64(0), 1: np.int64(21), 2: np.int64(37), 3: np.int64(34), 4: np.int64(38), 5: np.int64(58), 6: np.int64(40), 7: np.int64(1)}","{(0, 3): []}","{(0, np.int64(0)): {'cpu': 14}, (1, np.int64(21)): {'cpu': 3}, (2, np.int64(37)): {'cpu': 19}, (3, np.int64(34)): {'cpu': 1}, (4, np.int64(38)): {'cpu': 18}, (5, np.int64(58)): {'cpu': 17}, (6, np.int64(40)): {'cpu': 15}, (7, np.int64(1)): {'cpu': 5}}",{},0.0,0.0,184.0,92.0,445.0,0.0,0.0,0.0,0.0,0.0,0.0,0.0,0.0,0.0,Route Failure,100.0,"{'node_level': {}, 'link_level': {}, 'path_level': {}}","{'node_level': {0: {'cpu': -76}, 1: {'cpu': -50}, 2: {'cpu': -50}, 3: {'cpu': -95}, 4: {'cpu': -63}, 5: {'cpu': -55}, 6: {'cpu': -51}, 7: {'cpu': -47}}, 'link_level': {(0, 3): {'bw': 100.0}}, 'path_level': {(0, 3): {}}}","{'node_level': {0: {'cpu': 0}, 1: {'cpu': 0}, 2: {'cpu': 0}, 3: {'cpu': 0}, 4: {'cpu': 0}, 5: {'cpu': 0}, 6: {'cpu': 0}, 7: {'cpu': 0}}, 'link_level': {(0, 3): {'bw': 100.0}}, 'path_level': {(0, 3): {}}}",[],-inf,-inf,True,False,False,0,[],0,0.0,8.0,1.0
139,27,2,1710.0,4398.0,956509.8983657559,2659351.285613579,0.3888130968622101,0.3596779047357277,42,256,1,3362.0,8942,4833,4109,0.008411981945014357,0.11252699784017284,138,349.5894409100426,3362.0,5,7,False,"{0: np.int64(26), 1: np.int64(36), 2: np.int64(4), 3: np.int64(2), 4: np.int64(0)}","{(0, 1): [(np.int64(26), 12), (12, 5), (5, 2), (2, 0), (0, 1), (1, 4), (4, 9), (9, 20), (20, 36)], (0, 2): [(np.int64(26), 12), (12, 5), (5, 2), (2, 0), (0, 1), (1, 4)], (0, 4): []}","{(0, np.int64(26)): {'cpu': 1}, (1, np.int64(36)): {'cpu': 16}, (2, np.int64(4)): {'cpu': 5}, (3, np.int64(2)): {'cpu': 16}, (4, np.int64(0)): {'cpu': 20}}","{((0, 1), (np.int64(26), 12)): {'bw': 1}, ((0, 1), (12, 5)): {'bw': 1}, ((0, 1), (5, 2)): {'bw': 1}, ((0, 1), (2, 0)): {'bw': 1}, ((0, 1), (0, 1)): {'bw': 1}, ((0, 1), (1, 4)): {'bw': 1}, ((0, 1), (4, 9)): {'bw': 1}, ((0, 1), (9, 20)): {'bw': 1}, ((0, 1), (20, 36)): {'bw': 1}, ((0, 2), (np.int64(26), 12)): {'bw': 34}, ((0, 2), (12, 5)): {'bw': 34}, ((0, 2), (5, 2)): {'bw': 34}, ((0, 2), (2, 0)): {'bw': 34}, ((0, 2), (0, 1)): {'bw': 34}, ((0, 2), (1, 4)): {'bw': 34}}",0.0,0.0,116.0,58.0,152.0,0.0,0.0,0.0,0.0,0.0,0.0,0.0,0.0,0.0,Route Failure,100.0,"{'node_level': {}, 'link_level': {}, 'path_level': {}}","{'node_level': {0: {'cpu': -88}, 1: {'cpu': -65}, 2: {'cpu': -67}, 3: {'cpu': -79}, 4: {'cpu': -70}}, 'link_level': {(0, 1): {'bw': -19}, (0, 2): {'bw': -5}, (0, 4): {'bw': 100.0}}, 'path_level': {(0, 1): {}, (0, 2): {}, (0, 4): {}}}","{'node_level': {0: {'cpu': 0}, 1: {'cpu': 0}, 2: {'cpu': 0}, 3: {'cpu': 0}, 4: {'cpu': 0}}, 'link_level': {(0, 1): {'bw': 0}, (0, 2): {'bw': 0}, (0, 4): {'bw': 100.0}}, 'path_level': {(0, 1): {}, (0, 2): {}, (0, 4): {}}}",[],-inf,-inf,True,False,False,0,[],0,0.0,5.0,3.0
139,27,2,1710.0,4398.0,956509.8983657559,2659351.285613579,0.3888130968622101,0.3596779047357277,42,257,0,3377.697049705118,8942,4833,4109,0.008411981945014357,0.11252699784017284,132,144.6970497051178,3233.0,10,20,False,{},{},{},{},0.0,0.0,0.0,0.0,0.0,0.0,0.0,0.0,0.0,0.0,0.0,0.0,0.0,0.0,Leave Event,0.0,"{'node_level': {}, 'link_level': {}, 'path_level': {}}","{'node_level': {}, 'link_level': {}, 'path_level': {}}","{'node_level': {}, 'link_level': {}, 'path_level': {}}",[],-inf,-inf,True,True,False,0,[],0,0.0,,
139,27,2,1710.0,4398.0,956509.8983657559,2659351.285613579,0.3888130968622101,0.3596779047357277,42,258,0,3393.7835670134227,8942,4833,4109,0.008411981945014357,0.11252699784017284,103,874.7835670134227,2519.0,7,15,False,{},{},{},{},0.0,0.0,0.0,0.0,0.0,0.0,0.0,0.0,0.0,0.0,0.0,0.0,0.0,0.0,Leave Event,0.0,"{'node_level': {}, 'link_level': {}, 'path_level': {}}","{'node_level': {}, 'link_level': {}, 'path_level': {}}","{'node_level': {}, 'link_level': {}, 'path_level': {}}",[],-inf,-inf,True,True,False,0,[],0,0.0,,
139,27,2,1710.0,4398.0,956509.8983657559,2659351.285613579,0.3888130968622101,0.3596779047357277,42,259,0,3394.0276153839804,8942,4833,4109,0.008411981945014357,0.11252699784017284,129,232.02761538398053,3162.0,6,11,False,{},{},{},{},0.0,0.0,0.0,0.0,0.0,0.0,0.0,0.0,0.0,0.0,0.0,0.0,0.0,0.0,Leave Event,0.0,"{'node_level': {}, 'link_level': {}, 'path_level': {}}","{'node_level': {}, 'link_level': {}, 'path_level': {}}","{'node_level': {}, 'link_level': {}, 'path_level': {}}",[],-inf,-inf,True,True,False,0,[],0,0.0,,
140,27,2,1710.0,4398.0,956509.8983657559,2659351.285613579,0.3888130968622101,0.3596779047357277,42,260,1,3395.0,8942,4833,4109,0.008411981945014357,0.11252699784017284,139,237.4095293378929,3395.0,10,18,False,"{0: np.int64(41), 1: np.int64(44), 2: np.int64(22), 3: np.int64(62), 4: np.int64(12), 5: np.int64(37), 6: np.int64(29), 7: np.int64(3), 8: np.int64(31), 9: np.int64(6)}","{(0, 5): [(np.int64(41), 25), (25, 12), (12, 5), (5, 2), (2, 0), (0, 1), (1, 4), (4, 10), (10, 21), (21, 37)], (0, 8): []}","{(0, np.int64(41)): {'cpu': 16}, (1, np.int64(44)): {'cpu': 6}, (2, np.int64(22)): {'cpu': 9}, (3, np.int64(62)): {'cpu': 12}, (4, np.int64(12)): {'cpu': 11}, (5, np.int64(37)): {'cpu': 16}, (6, np.int64(29)): {'cpu': 1}, (7, np.int64(3)): {'cpu': 12}, (8, np.int64(31)): {'cpu': 2}, (9, np.int64(6)): {'cpu': 16}}","{((0, 5), (np.int64(41), 25)): {'bw': 31}, ((0, 5), (25, 12)): {'bw': 31}, ((0, 5), (12, 5)): {'bw': 31}, ((0, 5), (5, 2)): {'bw': 31}, ((0, 5), (2, 0)): {'bw': 31}, ((0, 5), (0, 1)): {'bw': 31}, ((0, 5), (1, 4)): {'bw': 31}, ((0, 5), (4, 10)): {'bw': 31}, ((0, 5), (10, 21)): {'bw': 31}, ((0, 5), (21, 37)): {'bw': 31}}",0.0,0.0,202.0,101.0,417.0,0.0,0.0,0.0,0.0,0.0,0.0,0.0,0.0,0.0,Route Failure,100.0,"{'node_level': {}, 'link_level': {}, 'path_level': {}}","{'node_level': {0: {'cpu': -80}, 1: {'cpu': -48}, 2: {'cpu': -79}, 3: {'cpu': -64}, 4: {'cpu': -70}, 5: {'cpu': -53}, 6: {'cpu': -82}, 7: {'cpu': -35}, 8: {'cpu': -53}, 9: {'cpu': -52}}, 'link_level': {(0, 5): {'bw': -9}, (0, 8): {'bw': 100.0}}, 'path_level': {(0, 5): {}, (0, 8): {}}}","{'node_level': {0: {'cpu': 0}, 1: {'cpu': 0}, 2: {'cpu': 0}, 3: {'cpu': 0}, 4: {'cpu': 0}, 5: {'cpu': 0}, 6: {'cpu': 0}, 7: {'cpu': 0}, 8: {'cpu': 0}, 9: {'cpu': 0}}, 'link_level': {(0, 5): {'bw': 0}, (0, 8): {'bw': 100.0}}, 'path_level': {(0, 5): {}, (0, 8): {}}}",[],-inf,-inf,True,False,False,0,[],0,0.0,10.0,2.0
141,27,2,1710.0,4398.0,956509.8983657559,2659351.285613579,0.3888130968622101,0.3596779047357277,42,261,1,3416.0,8942,4833,4109,0.008411981945014357,0.11252699784017284,140,205.7679699090613,3416.0,10,23,False,"{0: np.int64(58), 1: np.int64(29), 2: np.int64(61), 3: np.int64(46), 4: np.int64(19), 5: np.int64(57), 6: np.int64(31), 7: np.int64(34), 8: np.int64(2), 9: np.int64(43)}","{(0, 1): [(np.int64(58), 26), (26, 12), (12, 5), (5, 2), (2, 6), (6, 14), (14, 29)], (0, 2): []}","{(0, np.int64(58)): {'cpu': 19}, (1, np.int64(29)): {'cpu': 0}, (2, np.int64(61)): {'cpu': 13}, (3, np.int64(46)): {'cpu': 17}, (4, np.int64(19)): {'cpu': 19}, (5, np.int64(57)): {'cpu': 6}, (6, np.int64(31)): {'cpu': 8}, (7, np.int64(34)): {'cpu': 18}, (8, np.int64(2)): {'cpu': 11}, (9, np.int64(43)): {'cpu': 16}}","{((0, 1), (np.int64(58), 26)): {'bw': 28}, ((0, 1), (26, 12)): {'bw': 28}, ((0, 1), (12, 5)): {'bw': 28}, ((0, 1), (5, 2)): {'bw': 28}, ((0, 1), (2, 6)): {'bw': 28}, ((0, 1), (6, 14)): {'bw': 28}, ((0, 1), (14, 29)): {'bw': 28}}",0.0,0.0,254.0,127.0,601.0,0.0,0.0,0.0,0.0,0.0,0.0,0.0,0.0,0.0,Route Failure,100.0,"{'node_level': {}, 'link_level': {}, 'path_level': {}}","{'node_level': {0: {'cpu': -53}, 1: {'cpu': -83}, 2: {'cpu': -83}, 3: {'cpu': -48}, 4: {'cpu': -68}, 5: {'cpu': -61}, 6: {'cpu': -47}, 7: {'cpu': -78}, 8: {'cpu': -84}, 9: {'cpu': -84}}, 'link_level': {(0, 1): {'bw': -28}, (0, 2): {'bw': 100.0}}, 'path_level': {(0, 1): {}, (0, 2): {}}}","{'node_level': {0: {'cpu': 0}, 1: {'cpu': 0}, 2: {'cpu': 0}, 3: {'cpu': 0}, 4: {'cpu': 0}, 5: {'cpu': 0}, 6: {'cpu': 0}, 7: {'cpu': 0}, 8: {'cpu': 0}, 9: {'cpu': 0}}, 'link_level': {(0, 1): {'bw': 0}, (0, 2): {'bw': 100.0}}, 'path_level': {(0, 1): {}, (0, 2): {}}}",[],-inf,-inf,True,False,False,0,[],0,0.0,10.0,2.0
142,27,2,1710.0,4398.0,956509.8983657559,2659351.285613579,0.3888130968622101,0.3596779047357277,42,262,1,3443.0,8942,4833,4109,0.008411981945014357,0.11252699784017284,141,1518.3886577549997,3443.0,7,10,False,"{0: np.int64(61), 1: np.int64(43), 2: np.int64(2), 3: np.int64(38), 4: np.int64(28), 5: np.int64(46), 6: np.int64(36)}","{(0, 3): [(np.int64(61), 29), (29, 14), (14, 6), (6, 2), (2, 0), (0, 1), (1, 4), (4, 10), (10, 22), (22, 38)], (0, 6): []}","{(0, np.int64(61)): {'cpu': 17}, (1, np.int64(43)): {'cpu': 16}, (2, np.int64(2)): {'cpu': 0}, (3, np.int64(38)): {'cpu': 20}, (4, np.int64(28)): {'cpu': 5}, (5, np.int64(46)): {'cpu': 7}, (6, np.int64(36)): {'cpu': 4}}","{((0, 3), (np.int64(61), 29)): {'bw': 8}, ((0, 3), (29, 14)): {'bw': 8}, ((0, 3), (14, 6)): {'bw': 8}, ((0, 3), (6, 2)): {'bw': 8}, ((0, 3), (2, 0)): {'bw': 8}, ((0, 3), (0, 1)): {'bw': 8}, ((0, 3), (1, 4)): {'bw': 8}, ((0, 3), (4, 10)): {'bw': 8}, ((0, 3), (10, 22)): {'bw': 8}, ((0, 3), (22, 38)): {'bw': 8}}",0.0,0.0,138.0,69.0,332.0,0.0,0.0,0.0,0.0,0.0,0.0,0.0,0.0,0.0,Route Failure,100.0,"{'node_level': {}, 'link_level': {}, 'path_level': {}}","{'node_level': {0: {'cpu': -79}, 1: {'cpu': -84}, 2: {'cpu': -95}, 3: {'cpu': -61}, 4: {'cpu': -87}, 5: {'cpu': -58}, 6: {'cpu': -77}}, 'link_level': {(0, 3): {'bw': -32}, (0, 6): {'bw': 100.0}}, 'path_level': {(0, 3): {}, (0, 6): {}}}","{'node_level': {0: {'cpu': 0}, 1: {'cpu': 0}, 2: {'cpu': 0}, 3: {'cpu': 0}, 4: {'cpu': 0}, 5: {'cpu': 0}, 6: {'cpu': 0}}, 'link_level': {(0, 3): {'bw': 0}, (0, 6): {'bw': 100.0}}, 'path_level': {(0, 3): {}, (0, 6): {}}}",[],-inf,-inf,True,False,False,0,[],0,0.0,7.0,2.0
142,27,2,1710.0,4398.0,956509.8983657559,2659351.285613579,0.3888130968622101,0.3596779047357277,42,263,0,3472.5826104764787,8942,4833,4109,0.008411981945014357,0.11252699784017284,135,169.5826104764788,3303.0,6,11,False,{},{},{},{},0.0,0.0,0.0,0.0,0.0,0.0,0.0,0.0,0.0,0.0,0.0,0.0,0.0,0.0,Leave Event,0.0,"{'node_level': {}, 'link_level': {}, 'path_level': {}}","{'node_level': {}, 'link_level': {}, 'path_level': {}}","{'node_level': {}, 'link_level': {}, 'path_level': {}}",[],-inf,-inf,True,True,False,0,[],0,0.0,,
143,28,3,1798.0,4615.0,1008517.700918982,2787597.798727785,0.38959913326110507,0.3617873788604846,43,264,1,3476.0,8725,4804,3921,0.014361920393926919,0.15313174946004315,142,590.997756286661,3476.0,3,3,True,"{0: np.int64(57), 1: np.int64(43), 2: np.int64(25)}","{(0, 1): [(np.int64(57), 25), (25, 12), (12, 5), (5, 2), (2, 6), (6, 13), (13, 27), (27, 43)], (0, 2): [(np.int64(57), 25)], (1, 2): [(np.int64(43), 27), (27, 13), (13, 6), (6, 2), (2, 5), (5, 12), (12, 25)]}","{(0, np.int64(57)): {'cpu': 9}, (1, np.int64(43)): {'cpu': 17}, (2, np.int64(25)): {'cpu': 3}}","{((0, 1), (np.int64(57), 25)): {'bw': 15}, ((0, 1), (25, 12)): {'bw': 15}, ((0, 1), (12, 5)): {'bw': 15}, ((0, 1), (5, 2)): {'bw': 15}, ((0, 1), (2, 6)): {'bw': 15}, ((0, 1), (6, 13)): {'bw': 15}, ((0, 1), (13, 27)): {'bw': 15}, ((0, 1), (27, 43)): {'bw': 15}, ((0, 2), (np.int64(57), 25)): {'bw': 40}, ((1, 2), (np.int64(43), 27)): {'bw': 4}, ((1, 2), (27, 13)): {'bw': 4}, ((1, 2), (13, 6)): {'bw': 4}, ((1, 2), (6, 2)): {'bw': 4}, ((1, 2), (2, 5)): {'bw': 4}, ((1, 2), (5, 12)): {'bw': 4}, ((1, 2), (12, 25)): {'bw': 4}}",217.0,88.0,58.0,29.0,59.0,29.0,59.0,29.0,188.0,129.0,0.4055299539170507,128246.51311420543,52007.80255322617,239.66729287201,Success,0.0,"{'node_level': {}, 'link_level': {}, 'path_level': {}}","{'node_level': {0: {'cpu': -58}, 1: {'cpu': -83}, 2: {'cpu': -90}}, 'link_level': {(0, 1): {'bw': -26}, (0, 2): {'bw': -21}, (1, 2): {'bw': -22}}, 'path_level': {(0, 1): {}, (0, 2): {}, (1, 2): {}}}","{'node_level': {0: {'cpu': 0}, 1: {'cpu': 0}, 2: {'cpu': 0}}, 'link_level': {(0, 1): {'bw': 0}, (0, 2): {'bw': 0}, (1, 2): {'bw': 0}}, 'path_level': {(0, 1): {}, (0, 2): {}, (1, 2): {}}}",[],-inf,-inf,True,True,False,0,[],0,0.0,3.0,3.0
144,28,3,1798.0,4615.0,1008517.700918982,2787597.798727785,0.38959913326110507,0.3617873788604846,43,265,1,3505.0,8725,4804,3921,0.014361920393926919,0.15313174946004315,143,381.89395458756917,3505.0,5,7,False,"{0: np.int64(35), 1: np.int64(15), 2: np.int64(7), 3: np.int64(28), 4: np.int64(58)}","{(0, 1): []}","{(0, np.int64(35)): {'cpu': 20}, (1, np.int64(15)): {'cpu': 14}, (2, np.int64(7)): {'cpu': 7}, (3, np.int64(28)): {'cpu': 17}, (4, np.int64(58)): {'cpu': 20}}",{},0.0,0.0,156.0,78.0,130.0,0.0,0.0,0.0,0.0,0.0,0.0,0.0,0.0,0.0,Route Failure,100.0,"{'node_level': {}, 'link_level': {}, 'path_level': {}}","{'node_level': {0: {'cpu': -36}, 1: {'cpu': -83}, 2: {'cpu': -54}, 3: {'cpu': -75}, 4: {'cpu': -52}}, 'link_level': {(0, 1): {'bw': 100.0}}, 'path_level': {(0, 1): {}}}","{'node_level': {0: {'cpu': 0}, 1: {'cpu': 0}, 2: {'cpu': 0}, 3: {'cpu': 0}, 4: {'cpu': 0}}, 'link_level': {(0, 1): {'bw': 100.0}}, 'path_level': {(0, 1): {}}}",[],-inf,-inf,True,False,False,0,[],0,0.0,5.0,1.0
145,28,3,1798.0,4615.0,1008517.700918982,2787597.798727785,0.38959913326110507,0.3617873788604846,43,266,1,3524.0,8725,4804,3921,0.014361920393926919,0.15313174946004315,144,22.231859787849746,3524.0,5,6,False,"{0: np.int64(39), 1: np.int64(41), 2: np.int64(18), 3: np.int64(55), 4: np.int64(10)}","{(0, 1): [(np.int64(39), 23), (23, 11), (11, 5), (5, 12), (12, 25), (25, 41)], (0, 2): []}","{(0, np.int64(39)): {'cpu': 15}, (1, np.int64(41)): {'cpu': 20}, (2, np.int64(18)): {'cpu': 12}, (3, np.int64(55)): {'cpu': 2}, (4, np.int64(10)): {'cpu': 14}}","{((0, 1), (np.int64(39), 23)): {'bw': 24}, ((0, 1), (23, 11)): {'bw': 24}, ((0, 1), (11, 5)): {'bw': 24}, ((0, 1), (5, 12)): {'bw': 24}, ((0, 1), (12, 25)): {'bw': 24}, ((0, 1), (25, 41)): {'bw': 24}}",0.0,0.0,126.0,63.0,147.0,0.0,0.0,0.0,0.0,0.0,0.0,0.0,0.0,0.0,Route Failure,100.0,"{'node_level': {}, 'link_level': {}, 'path_level': {}}","{'node_level': {0: {'cpu': -37}, 1: {'cpu': -76}, 2: {'cpu': -58}, 3: {'cpu': -93}, 4: {'cpu': -70}}, 'link_level': {(0, 1): {'bw': -16}, (0, 2): {'bw': 100.0}}, 'path_level': {(0, 1): {}, (0, 2): {}}}","{'node_level': {0: {'cpu': 0}, 1: {'cpu': 0}, 2: {'cpu': 0}, 3: {'cpu': 0}, 4: {'cpu': 0}}, 'link_level': {(0, 1): {'bw': 0}, (0, 2): {'bw': 100.0}}, 'path_level': {(0, 1): {}, (0, 2): {}}}",[],-inf,-inf,True,False,False,0,[],0,0.0,5.0,2.0
145,28,3,1798.0,4615.0,1008517.700918982,2787597.798727785,0.38959913326110507,0.3617873788604846,43,267,0,3546.2318597878498,8725,4804,3921,0.014361920393926919,0.15313174946004315,144,22.231859787849746,3524.0,5,6,False,{},{},{},{},0.0,0.0,0.0,0.0,0.0,0.0,0.0,0.0,0.0,0.0,0.0,0.0,0.0,0.0,Leave Event,0.0,"{'node_level': {}, 'link_level': {}, 'path_level': {}}","{'node_level': {}, 'link_level': {}, 'path_level': {}}","{'node_level': {}, 'link_level': {}, 'path_level': {}}",[],-inf,-inf,True,True,False,0,[],0,0.0,,
146,28,3,1798.0,4615.0,1008517.700918982,2787597.798727785,0.38959913326110507,0.3617873788604846,43,268,1,3549.0,8725,4804,3921,0.014361920393926919,0.15313174946004315,145,142.21094672270127,3549.0,5,6,False,"{0: np.int64(30), 1: np.int64(2), 2: np.int64(25), 3: np.int64(17), 4: np.int64(15)}","{(0, 2): [(np.int64(30), 14), (14, 6), (6, 2), (2, 5), (5, 12), (12, 25)], (0, 3): [(np.int64(30), 14), (14, 6), (6, 2), (2, 0), (0, 1), (1, 3), (3, 8), (8, 17)], (0, 4): []}","{(0, np.int64(30)): {'cpu': 8}, (1, np.int64(2)): {'cpu': 20}, (2, np.int64(25)): {'cpu': 9}, (3, np.int64(17)): {'cpu': 1}, (4, np.int64(15)): {'cpu': 9}}","{((0, 2), (np.int64(30), 14)): {'bw': 22}, ((0, 2), (14, 6)): {'bw': 22}, ((0, 2), (6, 2)): {'bw': 22}, ((0, 2), (2, 5)): {'bw': 22}, ((0, 2), (5, 12)): {'bw': 22}, ((0, 2), (12, 25)): {'bw': 22}, ((0, 3), (np.int64(30), 14)): {'bw': 30}, ((0, 3), (14, 6)): {'bw': 30}, ((0, 3), (6, 2)): {'bw': 30}, ((0, 3), (2, 0)): {'bw': 30}, ((0, 3), (0, 1)): {'bw': 30}, ((0, 3), (1, 3)): {'bw': 30}, ((0, 3), (3, 8)): {'bw': 30}, ((0, 3), (8, 17)): {'bw': 30}}",0.0,0.0,94.0,47.0,90.0,0.0,0.0,0.0,0.0,0.0,0.0,0.0,0.0,0.0,Route Failure,100.0,"{'node_level': {}, 'link_level': {}, 'path_level': {}}","{'node_level': {0: {'cpu': -45}, 1: {'cpu': -75}, 2: {'cpu': -81}, 3: {'cpu': -75}, 4: {'cpu': -88}}, 'link_level': {(0, 2): {'bw': -18}, (0, 3): {'bw': 0}, (0, 4): {'bw': 100.0}}, 'path_level': {(0, 2): {}, (0, 3): {}, (0, 4): {}}}","{'node_level': {0: {'cpu': 0}, 1: {'cpu': 0}, 2: {'cpu': 0}, 3: {'cpu': 0}, 4: {'cpu': 0}}, 'link_level': {(0, 2): {'bw': 0}, (0, 3): {'bw': 0}, (0, 4): {'bw': 100.0}}, 'path_level': {(0, 2): {}, (0, 3): {}, (0, 4): {}}}",[],-inf,-inf,True,False,False,0,[],0,0.0,5.0,3.0
147,28,3,1798.0,4615.0,1008517.700918982,2787597.798727785,0.38959913326110507,0.3617873788604846,43,269,1,3574.0,8725,4804,3921,0.014361920393926919,0.15313174946004315,146,1433.8518200259173,3574.0,4,4,False,"{0: np.int64(1), 1: np.int64(51), 2: np.int64(52), 3: np.int64(58)}","{(0, 1): [(np.int64(1), 4), (4, 9), (9, 19), (19, 51)], (0, 2): []}","{(0, np.int64(1)): {'cpu': 2}, (1, np.int64(51)): {'cpu': 7}, (2, np.int64(52)): {'cpu': 2}, (3, np.int64(58)): {'cpu': 4}}","{((0, 1), (np.int64(1), 4)): {'bw': 16}, ((0, 1), (4, 9)): {'bw': 16}, ((0, 1), (9, 19)): {'bw': 16}, ((0, 1), (19, 51)): {'bw': 16}}",0.0,0.0,30.0,15.0,73.0,0.0,0.0,0.0,0.0,0.0,0.0,0.0,0.0,0.0,Route Failure,100.0,"{'node_level': {}, 'link_level': {}, 'path_level': {}}","{'node_level': {0: {'cpu': -50}, 1: {'cpu': -93}, 2: {'cpu': -88}, 3: {'cpu': -68}}, 'link_level': {(0, 1): {'bw': -10}, (0, 2): {'bw': 100.0}}, 'path_level': {(0, 1): {}, (0, 2): {}}}","{'node_level': {0: {'cpu': 0}, 1: {'cpu': 0}, 2: {'cpu': 0}, 3: {'cpu': 0}}, 'link_level': {(0, 1): {'bw': 0}, (0, 2): {'bw': 100.0}}, 'path_level': {(0, 1): {}, (0, 2): {}}}",[],-inf,-inf,True,False,False,0,[],0,0.0,4.0,2.0
147,28,3,1798.0,4615.0,1008517.700918982,2787597.798727785,0.38959913326110507,0.3617873788604846,43,270,0,3596.1605580926553,8725,4804,3921,0.014361920393926919,0.15313174946004315,108,956.1605580926552,2640.0,5,4,False,{},{},{},{},0.0,0.0,0.0,0.0,0.0,0.0,0.0,0.0,0.0,0.0,0.0,0.0,0.0,0.0,Leave Event,0.0,"{'node_level': {}, 'link_level': {}, 'path_level': {}}","{'node_level': {}, 'link_level': {}, 'path_level': {}}","{'node_level': {}, 'link_level': {}, 'path_level': {}}",[],-inf,-inf,True,True,False,0,[],0,0.0,,
148,28,3,1798.0,4615.0,1008517.700918982,2787597.798727785,0.38959913326110507,0.3617873788604846,43,271,1,3607.0,8725,4804,3921,0.014361920393926919,0.15313174946004315,147,406.9349534617289,3607.0,8,12,False,"{0: np.int64(40), 1: np.int64(31), 2: np.int64(47), 3: np.int64(23), 4: np.int64(8), 5: np.int64(36), 6: np.int64(2), 7: np.int64(27)}","{(0, 1): []}","{(0, np.int64(40)): {'cpu': 4}, (1, np.int64(31)): {'cpu': 2}, (2, np.int64(47)): {'cpu': 2}, (3, np.int64(23)): {'cpu': 1}, (4, np.int64(8)): {'cpu': 17}, (5, np.int64(36)): {'cpu': 0}, (6, np.int64(2)): {'cpu': 8}, (7, np.int64(27)): {'cpu': 9}}",{},0.0,0.0,86.0,43.0,218.0,0.0,0.0,0.0,0.0,0.0,0.0,0.0,0.0,0.0,Route Failure,100.0,"{'node_level': {}, 'link_level': {}, 'path_level': {}}","{'node_level': {0: {'cpu': -62}, 1: {'cpu': -53}, 2: {'cpu': -96}, 3: {'cpu': -53}, 4: {'cpu': -73}, 5: {'cpu': -81}, 6: {'cpu': -87}, 7: {'cpu': -72}}, 'link_level': {(0, 1): {'bw': 100.0}}, 'path_level': {(0, 1): {}}}","{'node_level': {0: {'cpu': 0}, 1: {'cpu': 0}, 2: {'cpu': 0}, 3: {'cpu': 0}, 4: {'cpu': 0}, 5: {'cpu': 0}, 6: {'cpu': 0}, 7: {'cpu': 0}}, 'link_level': {(0, 1): {'bw': 100.0}}, 'path_level': {(0, 1): {}}}",[],-inf,-inf,True,False,False,0,[],0,0.0,8.0,1.0
148,28,3,1798.0,4615.0,1008517.700918982,2787597.798727785,0.38959913326110507,0.3617873788604846,43,272,0,3621.7679699090613,8725,4804,3921,0.014361920393926919,0.15313174946004315,140,205.7679699090613,3416.0,10,23,False,{},{},{},{},0.0,0.0,0.0,0.0,0.0,0.0,0.0,0.0,0.0,0.0,0.0,0.0,0.0,0.0,Leave Event,0.0,"{'node_level': {}, 'link_level': {}, 'path_level': {}}","{'node_level': {}, 'link_level': {}, 'path_level': {}}","{'node_level': {}, 'link_level': {}, 'path_level': {}}",[],-inf,-inf,True,True,False,0,[],0,0.0,,
148,28,3,1798.0,4615.0,1008517.700918982,2787597.798727785,0.38959913326110507,0.3617873788604846,43,273,0,3632.4095293378928,8725,4804,3921,0.014361920393926919,0.15313174946004315,139,237.4095293378929,3395.0,10,18,False,{},{},{},{},0.0,0.0,0.0,0.0,0.0,0.0,0.0,0.0,0.0,0.0,0.0,0.0,0.0,0.0,Leave Event,0.0,"{'node_level': {}, 'link_level': {}, 'path_level': {}}","{'node_level': {}, 'link_level': {}, 'path_level': {}}","{'node_level': {}, 'link_level': {}, 'path_level': {}}",[],-inf,-inf,True,True,False,0,[],0,0.0,,
149,28,3,1798.0,4615.0,1008517.700918982,2787597.798727785,0.38959913326110507,0.3617873788604846,43,274,1,3637.0,8725,4804,3921,0.014361920393926919,0.15313174946004315,148,221.2084199109948,3637.0,7,9,False,"{0: np.int64(24), 1: np.int64(15), 2: np.int64(56), 3: np.int64(47), 4: np.int64(22), 5: np.int64(54), 6: np.int64(2)}","{(0, 2): [(np.int64(24), 56)], (0, 5): []}","{(0, np.int64(24)): {'cpu': 20}, (1, np.int64(15)): {'cpu': 17}, (2, np.int64(56)): {'cpu': 16}, (3, np.int64(47)): {'cpu': 13}, (4, np.int64(22)): {'cpu': 3}, (5, np.int64(54)): {'cpu': 8}, (6, np.int64(2)): {'cpu': 15}}","{((0, 2), (np.int64(24), 56)): {'bw': 6}}",0.0,0.0,184.0,92.0,164.0,0.0,0.0,0.0,0.0,0.0,0.0,0.0,0.0,0.0,Route Failure,100.0,"{'node_level': {}, 'link_level': {}, 'path_level': {}}","{'node_level': {0: {'cpu': -72}, 1: {'cpu': -80}, 2: {'cpu': -42}, 3: {'cpu': -85}, 4: {'cpu': -85}, 5: {'cpu': -83}, 6: {'cpu': -80}}, 'link_level': {(0, 2): {'bw': -74}, (0, 5): {'bw': 100.0}}, 'path_level': {(0, 2): {}, (0, 5): {}}}","{'node_level': {0: {'cpu': 0}, 1: {'cpu': 0}, 2: {'cpu': 0}, 3: {'cpu': 0}, 4: {'cpu': 0}, 5: {'cpu': 0}, 6: {'cpu': 0}}, 'link_level': {(0, 2): {'bw': 0}, (0, 5): {'bw': 100.0}}, 'path_level': {(0, 2): {}, (0, 5): {}}}",[],-inf,-inf,True,False,False,0,[],0,0.0,7.0,2.0
149,28,3,1798.0,4615.0,1008517.700918982,2787597.798727785,0.38959913326110507,0.3617873788604846,43,275,0,3637.7971678581252,8725,4804,3921,0.014361920393926919,0.15313174946004315,106,1040.7971678581255,2597.0,3,2,False,{},{},{},{},0.0,0.0,0.0,0.0,0.0,0.0,0.0,0.0,0.0,0.0,0.0,0.0,0.0,0.0,Leave Event,0.0,"{'node_level': {}, 'link_level': {}, 'path_level': {}}","{'node_level': {}, 'link_level': {}, 'path_level': {}}","{'node_level': {}, 'link_level': {}, 'path_level': {}}",[],-inf,-inf,True,True,False,0,[],0,0.0,,
150,28,3,1798.0,4615.0,1008517.700918982,2787597.798727785,0.38959913326110507,0.3617873788604846,43,276,1,3670.0,8725,4804,3921,0.014361920393926919,0.15313174946004315,149,4.747656134552694,3670.0,7,10,False,"{0: np.int64(54), 1: np.int64(3), 2: np.int64(62), 3: np.int64(16), 4: np.int64(51), 5: np.int64(25), 6: np.int64(27)}","{(0, 1): [(np.int64(54), 22), (22, 10), (10, 4), (4, 1), (1, 3)], (0, 3): []}","{(0, np.int64(54)): {'cpu': 20}, (1, np.int64(3)): {'cpu': 17}, (2, np.int64(62)): {'cpu': 20}, (3, np.int64(16)): {'cpu': 5}, (4, np.int64(51)): {'cpu': 10}, (5, np.int64(25)): {'cpu': 14}, (6, np.int64(27)): {'cpu': 13}}","{((0, 1), (np.int64(54), 22)): {'bw': 29}, ((0, 1), (22, 10)): {'bw': 29}, ((0, 1), (10, 4)): {'bw': 29}, ((0, 1), (4, 1)): {'bw': 29}, ((0, 1), (1, 3)): {'bw': 29}}",0.0,0.0,198.0,99.0,231.0,0.0,0.0,0.0,0.0,0.0,0.0,0.0,0.0,0.0,Route Failure,100.0,"{'node_level': {}, 'link_level': {}, 'path_level': {}}","{'node_level': {0: {'cpu': -71}, 1: {'cpu': -30}, 2: {'cpu': -56}, 3: {'cpu': -76}, 4: {'cpu': -90}, 5: {'cpu': -76}, 6: {'cpu': -68}}, 'link_level': {(0, 1): {'bw': -19}, (0, 3): {'bw': 100.0}}, 'path_level': {(0, 1): {}, (0, 3): {}}}","{'node_level': {0: {'cpu': 0}, 1: {'cpu': 0}, 2: {'cpu': 0}, 3: {'cpu': 0}, 4: {'cpu': 0}, 5: {'cpu': 0}, 6: {'cpu': 0}}, 'link_level': {(0, 1): {'bw': 0}, (0, 3): {'bw': 100.0}}, 'path_level': {(0, 1): {}, (0, 3): {}}}",[],-inf,-inf,True,False,False,0,[],0,0.0,7.0,2.0
150,28,3,1798.0,4615.0,1008517.700918982,2787597.798727785,0.38959913326110507,0.3617873788604846,43,277,0,3674.7476561345525,8725,4804,3921,0.014361920393926919,0.15313174946004315,149,4.747656134552694,3670.0,7,10,False,{},{},{},{},0.0,0.0,0.0,0.0,0.0,0.0,0.0,0.0,0.0,0.0,0.0,0.0,0.0,0.0,Leave Event,0.0,"{'node_level': {}, 'link_level': {}, 'path_level': {}}","{'node_level': {}, 'link_level': {}, 'path_level': {}}","{'node_level': {}, 'link_level': {}, 'path_level': {}}",[],-inf,-inf,True,True,False,0,[],0,0.0,,
150,28,3,1798.0,4615.0,1008517.700918982,2787597.798727785,0.38959913326110507,0.3617873788604846,43,278,0,3684.1718395636135,8725,4804,3921,0.014361920393926919,0.15313174946004315,115,871.1718395636135,2813.0,9,22,False,{},{},{},{},0.0,0.0,0.0,0.0,0.0,0.0,0.0,0.0,0.0,0.0,0.0,0.0,0.0,0.0,Leave Event,0.0,"{'node_level': {}, 'link_level': {}, 'path_level': {}}","{'node_level': {}, 'link_level': {}, 'path_level': {}}","{'node_level': {}, 'link_level': {}, 'path_level': {}}",[],-inf,-inf,True,True,False,0,[],0,0.0,,
150,28,3,1798.0,4615.0,1008517.700918982,2787597.798727785,0.38959913326110507,0.3617873788604846,43,279,0,3689.2879632316167,8725,4804,3921,0.014361920393926919,0.15313174946004315,70,1968.2879632316167,1721.0,5,7,False,{},{},{},{},0.0,0.0,0.0,0.0,0.0,0.0,0.0,0.0,0.0,0.0,0.0,0.0,0.0,0.0,Leave Event,0.0,"{'node_level': {}, 'link_level': {}, 'path_level': {}}","{'node_level': {}, 'link_level': {}, 'path_level': {}}","{'node_level': {}, 'link_level': {}, 'path_level': {}}",[],-inf,-inf,True,True,False,0,[],0,0.0,,
150,28,3,1798.0,4615.0,1008517.700918982,2787597.798727785,0.38959913326110507,0.3617873788604846,43,280,0,3691.2109467227015,8725,4804,3921,0.014361920393926919,0.15313174946004315,145,142.21094672270127,3549.0,5,6,False,{},{},{},{},0.0,0.0,0.0,0.0,0.0,0.0,0.0,0.0,0.0,0.0,0.0,0.0,0.0,0.0,Leave Event,0.0,"{'node_level': {}, 'link_level': {}, 'path_level': {}}","{'node_level': {}, 'link_level': {}, 'path_level': {}}","{'node_level': {}, 'link_level': {}, 'path_level': {}}",[],-inf,-inf,True,True,False,0,[],0,0.0,,
151,29,4,1875.0,4779.0,1019776.0373210147,2811576.593142504,0.3923414940364093,0.3627061200496086,44,281,1,3692.0,8561,4761,3800,0.02318424292162491,0.17926565874730016,150,146.21216106535908,3692.0,4,3,True,"{0: np.int64(13), 1: np.int64(17), 2: np.int64(61), 3: np.int64(34)}","{(0, 2): [(np.int64(13), 6), (6, 14), (14, 29), (29, 61)], (0, 3): [(np.int64(13), 6), (6, 2), (2, 0), (0, 1), (1, 3), (3, 8), (8, 18), (18, 34)], (1, 3): [(np.int64(17), 8), (8, 18), (18, 34)]}","{(0, np.int64(13)): {'cpu': 7}, (1, np.int64(17)): {'cpu': 12}, (2, np.int64(61)): {'cpu': 12}, (3, np.int64(34)): {'cpu': 12}}","{((0, 2), (np.int64(13), 6)): {'bw': 14}, ((0, 2), (6, 14)): {'bw': 14}, ((0, 2), (14, 29)): {'bw': 14}, ((0, 2), (29, 61)): {'bw': 14}, ((0, 3), (np.int64(13), 6)): {'bw': 1}, ((0, 3), (6, 2)): {'bw': 1}, ((0, 3), (2, 0)): {'bw': 1}, ((0, 3), (0, 1)): {'bw': 1}, ((0, 3), (1, 3)): {'bw': 1}, ((0, 3), (3, 8)): {'bw': 1}, ((0, 3), (8, 18)): {'bw': 1}, ((0, 3), (18, 34)): {'bw': 1}, ((1, 3), (np.int64(17), 8)): {'bw': 19}, ((1, 3), (8, 18)): {'bw': 19}, ((1, 3), (18, 34)): {'bw': 19}}",164.0,77.0,86.0,43.0,34.0,43.0,34.0,43.0,121.0,87.0,0.4695121951219512,23978.79441471889,11258.33640203265,68.64839269532104,Success,0.0,"{'node_level': {}, 'link_level': {}, 'path_level': {}}","{'node_level': {0: {'cpu': -54}, 1: {'cpu': -64}, 2: {'cpu': -84}, 3: {'cpu': -84}}, 'link_level': {(0, 2): {'bw': -25}, (0, 3): {'bw': -24}, (1, 3): {'bw': -48}}, 'path_level': {(0, 2): {}, (0, 3): {}, (1, 3): {}}}","{'node_level': {0: {'cpu': 0}, 1: {'cpu': 0}, 2: {'cpu': 0}, 3: {'cpu': 0}}, 'link_level': {(0, 2): {'bw': 0}, (0, 3): {'bw': 0}, (1, 3): {'bw': 0}}, 'path_level': {(0, 2): {}, (0, 3): {}, (1, 3): {}}}",[],-inf,-inf,True,True,False,0,[],0,0.0,4.0,3.0
151,29,4,1875.0,4779.0,1019776.0373210147,2811576.593142504,0.3923414940364093,0.3627061200496086,44,282,0,3711.5894409100424,8561,4761,3800,0.02318424292162491,0.17926565874730016,138,349.5894409100426,3362.0,5,7,False,{},{},{},{},0.0,0.0,0.0,0.0,0.0,0.0,0.0,0.0,0.0,0.0,0.0,0.0,0.0,0.0,Leave Event,0.0,"{'node_level': {}, 'link_level': {}, 'path_level': {}}","{'node_level': {}, 'link_level': {}, 'path_level': {}}","{'node_level': {}, 'link_level': {}, 'path_level': {}}",[],-inf,-inf,True,True,False,0,[],0,0.0,,
152,29,4,1875.0,4779.0,1019776.0373210147,2811576.593142504,0.3923414940364093,0.3627061200496086,44,283,1,3712.0,8561,4761,3800,0.02318424292162491,0.17926565874730016,151,146.66679957696257,3712.0,7,14,False,"{0: np.int64(25), 1: np.int64(53), 2: np.int64(62), 3: np.int64(9), 4: np.int64(8), 5: np.int64(41), 6: np.int64(43)}","{(0, 1): [(np.int64(25), 12), (12, 5), (5, 2), (2, 0), (0, 1), (1, 4), (4, 10), (10, 21), (21, 53)], (0, 3): []}","{(0, np.int64(25)): {'cpu': 13}, (1, np.int64(53)): {'cpu': 20}, (2, np.int64(62)): {'cpu': 12}, (3, np.int64(9)): {'cpu': 17}, (4, np.int64(8)): {'cpu': 0}, (5, np.int64(41)): {'cpu': 13}, (6, np.int64(43)): {'cpu': 16}}","{((0, 1), (np.int64(25), 12)): {'bw': 22}, ((0, 1), (12, 5)): {'bw': 22}, ((0, 1), (5, 2)): {'bw': 22}, ((0, 1), (2, 0)): {'bw': 22}, ((0, 1), (0, 1)): {'bw': 22}, ((0, 1), (1, 4)): {'bw': 22}, ((0, 1), (4, 10)): {'bw': 22}, ((0, 1), (10, 21)): {'bw': 22}, ((0, 1), (21, 53)): {'bw': 22}}",0.0,0.0,182.0,91.0,333.0,0.0,0.0,0.0,0.0,0.0,0.0,0.0,0.0,0.0,Route Failure,100.0,"{'node_level': {}, 'link_level': {}, 'path_level': {}}","{'node_level': {0: {'cpu': -77}, 1: {'cpu': -45}, 2: {'cpu': -64}, 3: {'cpu': -40}, 4: {'cpu': -90}, 5: {'cpu': -83}, 6: {'cpu': -67}}, 'link_level': {(0, 1): {'bw': -17}, (0, 3): {'bw': 100.0}}, 'path_level': {(0, 1): {}, (0, 3): {}}}","{'node_level': {0: {'cpu': 0}, 1: {'cpu': 0}, 2: {'cpu': 0}, 3: {'cpu': 0}, 4: {'cpu': 0}, 5: {'cpu': 0}, 6: {'cpu': 0}}, 'link_level': {(0, 1): {'bw': 0}, (0, 3): {'bw': 100.0}}, 'path_level': {(0, 1): {}, (0, 3): {}}}",[],-inf,-inf,True,False,False,0,[],0,0.0,7.0,2.0
153,29,4,1875.0,4779.0,1019776.0373210147,2811576.593142504,0.3923414940364093,0.3627061200496086,44,284,1,3734.0,8561,4761,3800,0.02318424292162491,0.17926565874730016,152,93.57792722223468,3734.0,8,15,False,"{0: np.int64(1), 1: np.int64(51), 2: np.int64(59), 3: np.int64(47), 4: np.int64(31), 5: np.int64(58), 6: np.int64(21), 7: np.int64(10)}","{(0, 2): [(np.int64(1), 0), (0, 2), (2, 6), (6, 13), (13, 27), (27, 59)], (0, 4): []}","{(0, np.int64(1)): {'cpu': 14}, (1, np.int64(51)): {'cpu': 19}, (2, np.int64(59)): {'cpu': 20}, (3, np.int64(47)): {'cpu': 7}, (4, np.int64(31)): {'cpu': 13}, (5, np.int64(58)): {'cpu': 0}, (6, np.int64(21)): {'cpu': 2}, (7, np.int64(10)): {'cpu': 7}}","{((0, 2), (np.int64(1), 0)): {'bw': 1}, ((0, 2), (0, 2)): {'bw': 1}, ((0, 2), (2, 6)): {'bw': 1}, ((0, 2), (6, 13)): {'bw': 1}, ((0, 2), (13, 27)): {'bw': 1}, ((0, 2), (27, 59)): {'bw': 1}}",0.0,0.0,164.0,82.0,471.0,0.0,0.0,0.0,0.0,0.0,0.0,0.0,0.0,0.0,Route Failure,100.0,"{'node_level': {}, 'link_level': {}, 'path_level': {}}","{'node_level': {0: {'cpu': -38}, 1: {'cpu': -81}, 2: {'cpu': -39}, 3: {'cpu': -91}, 4: {'cpu': -42}, 5: {'cpu': -72}, 6: {'cpu': -51}, 7: {'cpu': -77}}, 'link_level': {(0, 2): {'bw': -21}, (0, 4): {'bw': 100.0}}, 'path_level': {(0, 2): {}, (0, 4): {}}}","{'node_level': {0: {'cpu': 0}, 1: {'cpu': 0}, 2: {'cpu': 0}, 3: {'cpu': 0}, 4: {'cpu': 0}, 5: {'cpu': 0}, 6: {'cpu': 0}, 7: {'cpu': 0}}, 'link_level': {(0, 2): {'bw': 0}, (0, 4): {'bw': 100.0}}, 'path_level': {(0, 2): {}, (0, 4): {}}}",[],-inf,-inf,True,False,False,0,[],0,0.0,8.0,2.0
154,30,5,1923.0,4912.0,1029930.1840706685,2839712.041428003,0.3914902280130293,0.36268824762694907,44,285,1,3758.0,8428,4734,3694,0.02872384078785395,0.20215982721382286,153,211.54472395112268,3758.0,3,2,True,"{0: np.int64(27), 1: np.int64(13), 2: np.int64(25)}","{(0, 1): [(np.int64(27), 13)], (0, 2): [(np.int64(27), 13), (13, 6), (6, 2), (2, 5), (5, 12), (12, 25)]}","{(0, np.int64(27)): {'cpu': 9}, (1, np.int64(13)): {'cpu': 11}, (2, np.int64(25)): {'cpu': 7}}","{((0, 1), (np.int64(27), 13)): {'bw': 4}, ((0, 2), (np.int64(27), 13)): {'bw': 17}, ((0, 2), (13, 6)): {'bw': 17}, ((0, 2), (6, 2)): {'bw': 17}, ((0, 2), (2, 5)): {'bw': 17}, ((0, 2), (5, 12)): {'bw': 17}, ((0, 2), (12, 25)): {'bw': 17}}",133.0,48.0,54.0,27.0,21.0,27.0,21.0,27.0,106.0,85.0,0.3609022556390977,28135.448285499315,10154.146749653888,76.34696804251044,Success,0.0,"{'node_level': {}, 'link_level': {}, 'path_level': {}}","{'node_level': {0: {'cpu': -72}, 1: {'cpu': -43}, 2: {'cpu': -83}}, 'link_level': {(0, 1): {'bw': -18}, (0, 2): {'bw': -1}}, 'path_level': {(0, 1): {}, (0, 2): {}}}","{'node_level': {0: {'cpu': 0}, 1: {'cpu': 0}, 2: {'cpu': 0}}, 'link_level': {(0, 1): {'bw': 0}, (0, 2): {'bw': 0}}, 'path_level': {(0, 1): {}, (0, 2): {}}}",[],-inf,-inf,True,True,False,0,[],0,0.0,3.0,2.0
155,30,5,1923.0,4912.0,1029930.1840706685,2839712.041428003,0.3914902280130293,0.36268824762694907,44,286,1,3779.0,8428,4734,3694,0.02872384078785395,0.20215982721382286,154,113.23018001622512,3779.0,7,10,False,"{0: np.int64(28), 1: np.int64(29), 2: np.int64(25), 3: np.int64(51), 4: np.int64(14), 5: np.int64(16), 6: np.int64(42)}","{(0, 1): []}","{(0, np.int64(28)): {'cpu': 20}, (1, np.int64(29)): {'cpu': 18}, (2, np.int64(25)): {'cpu': 11}, (3, np.int64(51)): {'cpu': 16}, (4, np.int64(14)): {'cpu': 19}, (5, np.int64(16)): {'cpu': 18}, (6, np.int64(42)): {'cpu': 6}}",{},0.0,0.0,216.0,108.0,257.0,0.0,0.0,0.0,0.0,0.0,0.0,0.0,0.0,0.0,Route Failure,100.0,"{'node_level': {}, 'link_level': {}, 'path_level': {}}","{'node_level': {0: {'cpu': -72}, 1: {'cpu': -65}, 2: {'cpu': -72}, 3: {'cpu': -84}, 4: {'cpu': -52}, 5: {'cpu': -63}, 6: {'cpu': -56}}, 'link_level': {(0, 1): {'bw': 100.0}}, 'path_level': {(0, 1): {}}}","{'node_level': {0: {'cpu': 0}, 1: {'cpu': 0}, 2: {'cpu': 0}, 3: {'cpu': 0}, 4: {'cpu': 0}, 5: {'cpu': 0}, 6: {'cpu': 0}}, 'link_level': {(0, 1): {'bw': 100.0}}, 'path_level': {(0, 1): {}}}",[],-inf,-inf,True,False,False,0,[],0,0.0,7.0,1.0
156,30,5,1923.0,4912.0,1029930.1840706685,2839712.041428003,0.3914902280130293,0.36268824762694907,44,287,1,3803.0,8428,4734,3694,0.02872384078785395,0.20215982721382286,155,32.48346120726308,3803.0,2,1,False,"{0: np.int64(31), 1: np.int64(34)}","{(0, 1): []}","{(0, np.int64(31)): {'cpu': 7}, (1, np.int64(34)): {'cpu': 12}}",{},0.0,0.0,38.0,19.0,4.0,0.0,0.0,0.0,0.0,0.0,0.0,0.0,0.0,0.0,Route Failure,100.0,"{'node_level': {}, 'link_level': {}, 'path_level': {}}","{'node_level': {0: {'cpu': -48}, 1: {'cpu': -72}}, 'link_level': {(0, 1): {'bw': 100.0}}, 'path_level': {(0, 1): {}}}","{'node_level': {0: {'cpu': 0}, 1: {'cpu': 0}}, 'link_level': {(0, 1): {'bw': 100.0}}, 'path_level': {(0, 1): {}}}",[],-inf,-inf,True,False,False,0,[],0,0.0,2.0,1.0
156,30,5,1923.0,4912.0,1029930.1840706685,2839712.041428003,0.3914902280130293,0.36268824762694907,44,288,0,3827.577927222235,8428,4734,3694,0.02872384078785395,0.20215982721382286,152,93.57792722223468,3734.0,8,15,False,{},{},{},{},0.0,0.0,0.0,0.0,0.0,0.0,0.0,0.0,0.0,0.0,0.0,0.0,0.0,0.0,Leave Event,0.0,"{'node_level': {}, 'link_level': {}, 'path_level': {}}","{'node_level': {}, 'link_level': {}, 'path_level': {}}","{'node_level': {}, 'link_level': {}, 'path_level': {}}",[],-inf,-inf,True,True,False,0,[],0,0.0,,
156,30,5,1923.0,4912.0,1029930.1840706685,2839712.041428003,0.3914902280130293,0.36268824762694907,44,289,0,3835.483461207263,8428,4734,3694,0.02872384078785395,0.20215982721382286,155,32.48346120726308,3803.0,2,1,False,{},{},{},{},0.0,0.0,0.0,0.0,0.0,0.0,0.0,0.0,0.0,0.0,0.0,0.0,0.0,0.0,Leave Event,0.0,"{'node_level': {}, 'link_level': {}, 'path_level': {}}","{'node_level': {}, 'link_level': {}, 'path_level': {}}","{'node_level': {}, 'link_level': {}, 'path_level': {}}",[],-inf,-inf,True,True,False,0,[],0,0.0,,
157,30,5,1923.0,4912.0,1029930.1840706685,2839712.041428003,0.3914902280130293,0.36268824762694907,44,290,1,3838.0,8428,4734,3694,0.02872384078785395,0.20215982721382286,156,51.54842644184209,3838.0,7,12,False,"{0: np.int64(5), 1: np.int64(61), 2: np.int64(22), 3: np.int64(26), 4: np.int64(32), 5: np.int64(14), 6: np.int64(47)}","{(0, 2): [(np.int64(5), 2), (2, 0), (0, 1), (1, 4), (4, 10), (10, 22)], (0, 3): [(np.int64(5), 12), (12, 26)], (0, 4): []}","{(0, np.int64(5)): {'cpu': 19}, (1, np.int64(61)): {'cpu': 18}, (2, np.int64(22)): {'cpu': 17}, (3, np.int64(26)): {'cpu': 6}, (4, np.int64(32)): {'cpu': 4}, (5, np.int64(14)): {'cpu': 5}, (6, np.int64(47)): {'cpu': 4}}","{((0, 2), (np.int64(5), 2)): {'bw': 20}, ((0, 2), (2, 0)): {'bw': 20}, ((0, 2), (0, 1)): {'bw': 20}, ((0, 2), (1, 4)): {'bw': 20}, ((0, 2), (4, 10)): {'bw': 20}, ((0, 2), (10, 22)): {'bw': 20}, ((0, 3), (np.int64(5), 12)): {'bw': 15}, ((0, 3), (12, 26)): {'bw': 15}}",0.0,0.0,146.0,73.0,321.0,0.0,0.0,0.0,0.0,0.0,0.0,0.0,0.0,0.0,Route Failure,100.0,"{'node_level': {}, 'link_level': {}, 'path_level': {}}","{'node_level': {0: {'cpu': -74}, 1: {'cpu': -66}, 2: {'cpu': -71}, 3: {'cpu': -83}, 4: {'cpu': -70}, 5: {'cpu': -66}, 6: {'cpu': -94}}, 'link_level': {(0, 2): {'bw': -19}, (0, 3): {'bw': -8}, (0, 4): {'bw': 100.0}}, 'path_level': {(0, 2): {}, (0, 3): {}, (0, 4): {}}}","{'node_level': {0: {'cpu': 0}, 1: {'cpu': 0}, 2: {'cpu': 0}, 3: {'cpu': 0}, 4: {'cpu': 0}, 5: {'cpu': 0}, 6: {'cpu': 0}}, 'link_level': {(0, 2): {'bw': 0}, (0, 3): {'bw': 0}, (0, 4): {'bw': 100.0}}, 'path_level': {(0, 2): {}, (0, 3): {}, (0, 4): {}}}",[],-inf,-inf,True,False,False,0,[],0,0.0,7.0,3.0
157,30,4,1923.0,4912.0,1029930.1840706685,2839712.041428003,0.3914902280130293,0.36268824762694907,44,291,0,3838.212161065359,8592,4777,3815,0.01990151826015596,0.17602591792656586,150,146.21216106535908,3692.0,4,3,False,{},{},{},{},0.0,0.0,0.0,0.0,0.0,0.0,0.0,0.0,0.0,0.0,0.0,0.0,0.0,0.0,Leave Event,0.0,"{'node_level': {}, 'link_level': {}, 'path_level': {}}","{'node_level': {}, 'link_level': {}, 'path_level': {}}","{'node_level': {}, 'link_level': {}, 'path_level': {}}",[],-inf,-inf,True,True,False,0,[],0,0.0,,
157,30,4,1923.0,4912.0,1029930.1840706685,2839712.041428003,0.3914902280130293,0.36268824762694907,44,292,0,3842.8197084288254,8592,4777,3815,0.01990151826015596,0.17602591792656586,130,652.8197084288254,3190.0,4,4,False,{},{},{},{},0.0,0.0,0.0,0.0,0.0,0.0,0.0,0.0,0.0,0.0,0.0,0.0,0.0,0.0,Leave Event,0.0,"{'node_level': {}, 'link_level': {}, 'path_level': {}}","{'node_level': {}, 'link_level': {}, 'path_level': {}}","{'node_level': {}, 'link_level': {}, 'path_level': {}}",[],-inf,-inf,True,True,False,0,[],0,0.0,,
157,30,4,1923.0,4912.0,1029930.1840706685,2839712.041428003,0.3914902280130293,0.36268824762694907,44,293,0,3858.208419910995,8592,4777,3815,0.01990151826015596,0.17602591792656586,148,221.2084199109948,3637.0,7,9,False,{},{},{},{},0.0,0.0,0.0,0.0,0.0,0.0,0.0,0.0,0.0,0.0,0.0,0.0,0.0,0.0,Leave Event,0.0,"{'node_level': {}, 'link_level': {}, 'path_level': {}}","{'node_level': {}, 'link_level': {}, 'path_level': {}}","{'node_level': {}, 'link_level': {}, 'path_level': {}}",[],-inf,-inf,True,True,False,0,[],0,0.0,,
157,30,4,1923.0,4912.0,1029930.1840706685,2839712.041428003,0.3914902280130293,0.36268824762694907,44,294,0,3858.6667995769626,8592,4777,3815,0.01990151826015596,0.17602591792656586,151,146.66679957696257,3712.0,7,14,False,{},{},{},{},0.0,0.0,0.0,0.0,0.0,0.0,0.0,0.0,0.0,0.0,0.0,0.0,0.0,0.0,Leave Event,0.0,"{'node_level': {}, 'link_level': {}, 'path_level': {}}","{'node_level': {}, 'link_level': {}, 'path_level': {}}","{'node_level': {}, 'link_level': {}, 'path_level': {}}",[],-inf,-inf,True,True,False,0,[],0,0.0,,
158,30,4,1923.0,4912.0,1029930.1840706685,2839712.041428003,0.3914902280130293,0.36268824762694907,44,295,1,3862.0,8592,4777,3815,0.01990151826015596,0.17602591792656586,157,343.3117553354174,3862.0,6,8,False,"{0: np.int64(23), 1: np.int64(43), 2: np.int64(8), 3: np.int64(14), 4: np.int64(37), 5: np.int64(24)}","{(0, 4): [(np.int64(23), 11), (11, 5), (5, 2), (2, 0), (0, 1), (1, 4), (4, 10), (10, 21), (21, 37)], (0, 5): [(np.int64(23), 11), (11, 24)], (1, 4): []}","{(0, np.int64(23)): {'cpu': 9}, (1, np.int64(43)): {'cpu': 11}, (2, np.int64(8)): {'cpu': 20}, (3, np.int64(14)): {'cpu': 15}, (4, np.int64(37)): {'cpu': 17}, (5, np.int64(24)): {'cpu': 1}}","{((0, 4), (np.int64(23), 11)): {'bw': 12}, ((0, 4), (11, 5)): {'bw': 12}, ((0, 4), (5, 2)): {'bw': 12}, ((0, 4), (2, 0)): {'bw': 12}, ((0, 4), (0, 1)): {'bw': 12}, ((0, 4), (1, 4)): {'bw': 12}, ((0, 4), (4, 10)): {'bw': 12}, ((0, 4), (10, 21)): {'bw': 12}, ((0, 4), (21, 37)): {'bw': 12}, ((0, 5), (np.int64(23), 11)): {'bw': 29}, ((0, 5), (11, 24)): {'bw': 29}}",0.0,0.0,146.0,73.0,248.0,0.0,0.0,0.0,0.0,0.0,0.0,0.0,0.0,0.0,Route Failure,100.0,"{'node_level': {}, 'link_level': {}, 'path_level': {}}","{'node_level': {0: {'cpu': -45}, 1: {'cpu': -72}, 2: {'cpu': -70}, 3: {'cpu': -56}, 4: {'cpu': -52}, 5: {'cpu': -91}}, 'link_level': {(0, 4): {'bw': -28}, (0, 5): {'bw': -15}, (1, 4): {'bw': 100.0}}, 'path_level': {(0, 4): {}, (0, 5): {}, (1, 4): {}}}","{'node_level': {0: {'cpu': 0}, 1: {'cpu': 0}, 2: {'cpu': 0}, 3: {'cpu': 0}, 4: {'cpu': 0}, 5: {'cpu': 0}}, 'link_level': {(0, 4): {'bw': 0}, (0, 5): {'bw': 0}, (1, 4): {'bw': 100.0}}, 'path_level': {(0, 4): {}, (0, 5): {}, (1, 4): {}}}",[],-inf,-inf,True,False,False,0,[],0,0.0,6.0,3.0
158,30,4,1923.0,4912.0,1029930.1840706685,2839712.041428003,0.3914902280130293,0.36268824762694907,44,296,0,3886.893954587569,8592,4777,3815,0.01990151826015596,0.17602591792656586,143,381.89395458756917,3505.0,5,7,False,{},{},{},{},0.0,0.0,0.0,0.0,0.0,0.0,0.0,0.0,0.0,0.0,0.0,0.0,0.0,0.0,Leave Event,0.0,"{'node_level': {}, 'link_level': {}, 'path_level': {}}","{'node_level': {}, 'link_level': {}, 'path_level': {}}","{'node_level': {}, 'link_level': {}, 'path_level': {}}",[],-inf,-inf,True,True,False,0,[],0,0.0,,
159,30,4,1923.0,4912.0,1029930.1840706685,2839712.041428003,0.3914902280130293,0.36268824762694907,44,297,1,3887.0,8592,4777,3815,0.01990151826015596,0.17602591792656586,158,36.10290143475958,3887.0,10,25,False,"{0: np.int64(53), 1: np.int64(40), 2: np.int64(32), 3: np.int64(13), 4: np.int64(47), 5: np.int64(6), 6: np.int64(18), 7: np.int64(21), 8: np.int64(7), 9: np.int64(51)}","{(0, 1): [(np.int64(53), 21), (21, 10), (10, 4), (4, 1), (1, 0), (0, 2), (2, 5), (5, 11), (11, 24), (24, 40)], (0, 2): []}","{(0, np.int64(53)): {'cpu': 1}, (1, np.int64(40)): {'cpu': 10}, (2, np.int64(32)): {'cpu': 7}, (3, np.int64(13)): {'cpu': 14}, (4, np.int64(47)): {'cpu': 2}, (5, np.int64(6)): {'cpu': 12}, (6, np.int64(18)): {'cpu': 9}, (7, np.int64(21)): {'cpu': 13}, (8, np.int64(7)): {'cpu': 6}, (9, np.int64(51)): {'cpu': 15}}","{((0, 1), (np.int64(53), 21)): {'bw': 17}, ((0, 1), (21, 10)): {'bw': 17}, ((0, 1), (10, 4)): {'bw': 17}, ((0, 1), (4, 1)): {'bw': 17}, ((0, 1), (1, 0)): {'bw': 17}, ((0, 1), (0, 2)): {'bw': 17}, ((0, 1), (2, 5)): {'bw': 17}, ((0, 1), (5, 11)): {'bw': 17}, ((0, 1), (11, 24)): {'bw': 17}, ((0, 1), (24, 40)): {'bw': 17}}",0.0,0.0,178.0,89.0,573.0,0.0,0.0,0.0,0.0,0.0,0.0,0.0,0.0,0.0,Route Failure,100.0,"{'node_level': {}, 'link_level': {}, 'path_level': {}}","{'node_level': {0: {'cpu': -64}, 1: {'cpu': -56}, 2: {'cpu': -67}, 3: {'cpu': -36}, 4: {'cpu': -96}, 5: {'cpu': -56}, 6: {'cpu': -61}, 7: {'cpu': -40}, 8: {'cpu': -55}, 9: {'cpu': -85}}, 'link_level': {(0, 1): {'bw': -23}, (0, 2): {'bw': 100.0}}, 'path_level': {(0, 1): {}, (0, 2): {}}}","{'node_level': {0: {'cpu': 0}, 1: {'cpu': 0}, 2: {'cpu': 0}, 3: {'cpu': 0}, 4: {'cpu': 0}, 5: {'cpu': 0}, 6: {'cpu': 0}, 7: {'cpu': 0}, 8: {'cpu': 0}, 9: {'cpu': 0}}, 'link_level': {(0, 1): {'bw': 0}, (0, 2): {'bw': 100.0}}, 'path_level': {(0, 1): {}, (0, 2): {}}}",[],-inf,-inf,True,False,False,0,[],0,0.0,10.0,2.0
159,30,4,1923.0,4912.0,1029930.1840706685,2839712.041428003,0.3914902280130293,0.36268824762694907,44,298,0,3889.548426441842,8592,4777,3815,0.01990151826015596,0.17602591792656586,156,51.54842644184209,3838.0,7,12,False,{},{},{},{},0.0,0.0,0.0,0.0,0.0,0.0,0.0,0.0,0.0,0.0,0.0,0.0,0.0,0.0,Leave Event,0.0,"{'node_level': {}, 'link_level': {}, 'path_level': {}}","{'node_level': {}, 'link_level': {}, 'path_level': {}}","{'node_level': {}, 'link_level': {}, 'path_level': {}}",[],-inf,-inf,True,True,False,0,[],0,0.0,,
159,30,4,1923.0,4912.0,1029930.1840706685,2839712.041428003,0.3914902280130293,0.36268824762694907,44,299,0,3892.230180016225,8592,4777,3815,0.01990151826015596,0.17602591792656586,154,113.23018001622512,3779.0,7,10,False,{},{},{},{},0.0,0.0,0.0,0.0,0.0,0.0,0.0,0.0,0.0,0.0,0.0,0.0,0.0,0.0,Leave Event,0.0,"{'node_level': {}, 'link_level': {}, 'path_level': {}}","{'node_level': {}, 'link_level': {}, 'path_level': {}}","{'node_level': {}, 'link_level': {}, 'path_level': {}}",[],-inf,-inf,True,True,False,0,[],0,0.0,,
159,30,4,1923.0,4912.0,1029930.1840706685,2839712.041428003,0.3914902280130293,0.36268824762694907,44,300,0,3897.4597792631685,8592,4777,3815,0.01990151826015596,0.17602591792656586,137,551.4597792631687,3346.0,8,15,False,{},{},{},{},0.0,0.0,0.0,0.0,0.0,0.0,0.0,0.0,0.0,0.0,0.0,0.0,0.0,0.0,Leave Event,0.0,"{'node_level': {}, 'link_level': {}, 'path_level': {}}","{'node_level': {}, 'link_level': {}, 'path_level': {}}","{'node_level': {}, 'link_level': {}, 'path_level': {}}",[],-inf,-inf,True,True,False,0,[],0,0.0,,
159,30,4,1923.0,4912.0,1029930.1840706685,2839712.041428003,0.3914902280130293,0.36268824762694907,44,301,0,3907.2403986936947,8592,4777,3815,0.01990151826015596,0.17602591792656586,114,1118.2403986936947,2789.0,7,9,False,{},{},{},{},0.0,0.0,0.0,0.0,0.0,0.0,0.0,0.0,0.0,0.0,0.0,0.0,0.0,0.0,Leave Event,0.0,"{'node_level': {}, 'link_level': {}, 'path_level': {}}","{'node_level': {}, 'link_level': {}, 'path_level': {}}","{'node_level': {}, 'link_level': {}, 'path_level': {}}",[],-inf,-inf,True,True,False,0,[],0,0.0,,
160,30,4,1923.0,4912.0,1029930.1840706685,2839712.041428003,0.3914902280130293,0.36268824762694907,44,302,1,3922.0,8592,4777,3815,0.01990151826015596,0.17602591792656586,159,1367.8666586618137,3922.0,5,6,False,"{0: np.int64(37), 1: np.int64(20), 2: np.int64(24), 3: np.int64(7), 4: np.int64(5)}","{(0, 1): []}","{(0, np.int64(37)): {'cpu': 5}, (1, np.int64(20)): {'cpu': 12}, (2, np.int64(24)): {'cpu': 9}, (3, np.int64(7)): {'cpu': 8}, (4, np.int64(5)): {'cpu': 3}}",{},0.0,0.0,74.0,37.0,116.0,0.0,0.0,0.0,0.0,0.0,0.0,0.0,0.0,0.0,Route Failure,100.0,"{'node_level': {}, 'link_level': {}, 'path_level': {}}","{'node_level': {0: {'cpu': -64}, 1: {'cpu': -73}, 2: {'cpu': -83}, 3: {'cpu': -53}, 4: {'cpu': -90}}, 'link_level': {(0, 1): {'bw': 100.0}}, 'path_level': {(0, 1): {}}}","{'node_level': {0: {'cpu': 0}, 1: {'cpu': 0}, 2: {'cpu': 0}, 3: {'cpu': 0}, 4: {'cpu': 0}}, 'link_level': {(0, 1): {'bw': 100.0}}, 'path_level': {(0, 1): {}}}",[],-inf,-inf,True,False,False,0,[],0,0.0,5.0,1.0
160,30,4,1923.0,4912.0,1029930.1840706685,2839712.041428003,0.3914902280130293,0.36268824762694907,44,303,0,3923.1029014347596,8592,4777,3815,0.01990151826015596,0.17602591792656586,158,36.10290143475958,3887.0,10,25,False,{},{},{},{},0.0,0.0,0.0,0.0,0.0,0.0,0.0,0.0,0.0,0.0,0.0,0.0,0.0,0.0,Leave Event,0.0,"{'node_level': {}, 'link_level': {}, 'path_level': {}}","{'node_level': {}, 'link_level': {}, 'path_level': {}}","{'node_level': {}, 'link_level': {}, 'path_level': {}}",[],-inf,-inf,True,True,False,0,[],0,0.0,,
161,30,4,1923.0,4912.0,1029930.1840706685,2839712.041428003,0.3914902280130293,0.36268824762694907,44,304,1,3945.0,8592,4777,3815,0.01990151826015596,0.17602591792656586,160,115.39739575288432,3945.0,9,20,False,"{0: np.int64(0), 1: np.int64(39), 2: np.int64(59), 3: np.int64(4), 4: np.int64(37), 5: np.int64(44), 6: np.int64(12), 7: np.int64(62), 8: np.int64(19)}","{(0, 1): [(np.int64(0), 2), (2, 5), (5, 11), (11, 23), (23, 39)], (0, 4): [(np.int64(0), 1), (1, 4), (4, 10), (10, 21), (21, 37)], (0, 6): []}","{(0, np.int64(0)): {'cpu': 9}, (1, np.int64(39)): {'cpu': 16}, (2, np.int64(59)): {'cpu': 5}, (3, np.int64(4)): {'cpu': 9}, (4, np.int64(37)): {'cpu': 8}, (5, np.int64(44)): {'cpu': 14}, (6, np.int64(12)): {'cpu': 17}, (7, np.int64(62)): {'cpu': 11}, (8, np.int64(19)): {'cpu': 9}}","{((0, 1), (np.int64(0), 2)): {'bw': 12}, ((0, 1), (2, 5)): {'bw': 12}, ((0, 1), (5, 11)): {'bw': 12}, ((0, 1), (11, 23)): {'bw': 12}, ((0, 1), (23, 39)): {'bw': 12}, ((0, 4), (np.int64(0), 1)): {'bw': 18}, ((0, 4), (1, 4)): {'bw': 18}, ((0, 4), (4, 10)): {'bw': 18}, ((0, 4), (10, 21)): {'bw': 18}, ((0, 4), (21, 37)): {'bw': 18}}",0.0,0.0,196.0,98.0,501.0,0.0,0.0,0.0,0.0,0.0,0.0,0.0,0.0,0.0,Route Failure,100.0,"{'node_level': {}, 'link_level': {}, 'path_level': {}}","{'node_level': {0: {'cpu': -81}, 1: {'cpu': -36}, 2: {'cpu': -54}, 3: {'cpu': -63}, 4: {'cpu': -61}, 5: {'cpu': -40}, 6: {'cpu': -64}, 7: {'cpu': -65}, 8: {'cpu': -78}}, 'link_level': {(0, 1): {'bw': -28}, (0, 4): {'bw': -22}, (0, 6): {'bw': 100.0}}, 'path_level': {(0, 1): {}, (0, 4): {}, (0, 6): {}}}","{'node_level': {0: {'cpu': 0}, 1: {'cpu': 0}, 2: {'cpu': 0}, 3: {'cpu': 0}, 4: {'cpu': 0}, 5: {'cpu': 0}, 6: {'cpu': 0}, 7: {'cpu': 0}, 8: {'cpu': 0}}, 'link_level': {(0, 1): {'bw': 0}, (0, 4): {'bw': 0}, (0, 6): {'bw': 100.0}}, 'path_level': {(0, 1): {}, (0, 4): {}, (0, 6): {}}}",[],-inf,-inf,True,False,False,0,[],0,0.0,9.0,3.0
162,30,4,1923.0,4912.0,1029930.1840706685,2839712.041428003,0.3914902280130293,0.36268824762694907,44,305,1,3962.0,8592,4777,3815,0.01990151826015596,0.17602591792656586,161,312.008685853115,3962.0,7,11,False,"{0: np.int64(28), 1: np.int64(41), 2: np.int64(6), 3: np.int64(2), 4: np.int64(44), 5: np.int64(1), 6: np.int64(21)}","{(0, 1): [(np.int64(28), 13), (13, 6), (6, 2), (2, 5), (5, 12), (12, 25), (25, 41)], (0, 2): []}","{(0, np.int64(28)): {'cpu': 17}, (1, np.int64(41)): {'cpu': 9}, (2, np.int64(6)): {'cpu': 8}, (3, np.int64(2)): {'cpu': 19}, (4, np.int64(44)): {'cpu': 8}, (5, np.int64(1)): {'cpu': 12}, (6, np.int64(21)): {'cpu': 2}}","{((0, 1), (np.int64(28), 13)): {'bw': 6}, ((0, 1), (13, 6)): {'bw': 6}, ((0, 1), (6, 2)): {'bw': 6}, ((0, 1), (2, 5)): {'bw': 6}, ((0, 1), (5, 12)): {'bw': 6}, ((0, 1), (12, 25)): {'bw': 6}, ((0, 1), (25, 41)): {'bw': 6}}",0.0,0.0,150.0,75.0,222.0,0.0,0.0,0.0,0.0,0.0,0.0,0.0,0.0,0.0,Route Failure,100.0,"{'node_level': {}, 'link_level': {}, 'path_level': {}}","{'node_level': {0: {'cpu': -75}, 1: {'cpu': -87}, 2: {'cpu': -60}, 3: {'cpu': -76}, 4: {'cpu': -46}, 5: {'cpu': -40}, 6: {'cpu': -51}}, 'link_level': {(0, 1): {'bw': -16}, (0, 2): {'bw': 100.0}}, 'path_level': {(0, 1): {}, (0, 2): {}}}","{'node_level': {0: {'cpu': 0}, 1: {'cpu': 0}, 2: {'cpu': 0}, 3: {'cpu': 0}, 4: {'cpu': 0}, 5: {'cpu': 0}, 6: {'cpu': 0}}, 'link_level': {(0, 1): {'bw': 0}, (0, 2): {'bw': 100.0}}, 'path_level': {(0, 1): {}, (0, 2): {}}}",[],-inf,-inf,True,False,False,0,[],0,0.0,7.0,2.0
162,30,3,1923.0,4912.0,1029930.1840706685,2839712.041428003,0.3914902280130293,0.36268824762694907,44,306,0,3969.5447239511227,8725,4804,3921,0.014361920393926919,0.15313174946004315,153,211.54472395112268,3758.0,3,2,False,{},{},{},{},0.0,0.0,0.0,0.0,0.0,0.0,0.0,0.0,0.0,0.0,0.0,0.0,0.0,0.0,Leave Event,0.0,"{'node_level': {}, 'link_level': {}, 'path_level': {}}","{'node_level': {}, 'link_level': {}, 'path_level': {}}","{'node_level': {}, 'link_level': {}, 'path_level': {}}",[],-inf,-inf,True,True,False,0,[],0,0.0,,
163,30,3,1923.0,4912.0,1029930.1840706685,2839712.041428003,0.3914902280130293,0.36268824762694907,44,307,1,3997.0,8725,4804,3921,0.014361920393926919,0.15313174946004315,162,267.7882553057225,3997.0,6,7,False,"{0: np.int64(29), 1: np.int64(52), 2: np.int64(34), 3: np.int64(19), 4: np.int64(56), 5: np.int64(36)}","{(0, 3): []}","{(0, np.int64(29)): {'cpu': 14}, (1, np.int64(52)): {'cpu': 16}, (2, np.int64(34)): {'cpu': 10}, (3, np.int64(19)): {'cpu': 1}, (4, np.int64(56)): {'cpu': 19}, (5, np.int64(36)): {'cpu': 13}}",{},0.0,0.0,146.0,73.0,160.0,0.0,0.0,0.0,0.0,0.0,0.0,0.0,0.0,0.0,Route Failure,100.0,"{'node_level': {}, 'link_level': {}, 'path_level': {}}","{'node_level': {0: {'cpu': -69}, 1: {'cpu': -74}, 2: {'cpu': -86}, 3: {'cpu': -86}, 4: {'cpu': -39}, 5: {'cpu': -68}}, 'link_level': {(0, 3): {'bw': 100.0}}, 'path_level': {(0, 3): {}}}","{'node_level': {0: {'cpu': 0}, 1: {'cpu': 0}, 2: {'cpu': 0}, 3: {'cpu': 0}, 4: {'cpu': 0}, 5: {'cpu': 0}}, 'link_level': {(0, 3): {'bw': 100.0}}, 'path_level': {(0, 3): {}}}",[],-inf,-inf,True,False,False,0,[],0,0.0,6.0,1.0
163,30,3,1923.0,4912.0,1029930.1840706685,2839712.041428003,0.3914902280130293,0.36268824762694907,44,308,0,4013.934953461729,8725,4804,3921,0.014361920393926919,0.15313174946004315,147,406.9349534617289,3607.0,8,12,False,{},{},{},{},0.0,0.0,0.0,0.0,0.0,0.0,0.0,0.0,0.0,0.0,0.0,0.0,0.0,0.0,Leave Event,0.0,"{'node_level': {}, 'link_level': {}, 'path_level': {}}","{'node_level': {}, 'link_level': {}, 'path_level': {}}","{'node_level': {}, 'link_level': {}, 'path_level': {}}",[],-inf,-inf,True,True,False,0,[],0,0.0,,
164,30,3,1923.0,4912.0,1029930.1840706685,2839712.041428003,0.3914902280130293,0.36268824762694907,44,309,1,4021.0,8725,4804,3921,0.014361920393926919,0.15313174946004315,163,172.1880982922502,4021.0,7,12,False,"{0: np.int64(44), 1: np.int64(5), 2: np.int64(18), 3: np.int64(11), 4: np.int64(36), 5: np.int64(41), 6: np.int64(48)}","{(0, 1): [(np.int64(44), 28), (28, 13), (13, 6), (6, 2), (2, 5)], (0, 4): [(np.int64(44), 28), (28, 13), (13, 6), (6, 2), (2, 0), (0, 1), (1, 4), (4, 9), (9, 20), (20, 36)], (0, 5): []}","{(0, np.int64(44)): {'cpu': 5}, (1, np.int64(5)): {'cpu': 1}, (2, np.int64(18)): {'cpu': 7}, (3, np.int64(11)): {'cpu': 14}, (4, np.int64(36)): {'cpu': 10}, (5, np.int64(41)): {'cpu': 7}, (6, np.int64(48)): {'cpu': 16}}","{((0, 1), (np.int64(44), 28)): {'bw': 17}, ((0, 1), (28, 13)): {'bw': 17}, ((0, 1), (13, 6)): {'bw': 17}, ((0, 1), (6, 2)): {'bw': 17}, ((0, 1), (2, 5)): {'bw': 17}, ((0, 4), (np.int64(44), 28)): {'bw': 2}, ((0, 4), (28, 13)): {'bw': 2}, ((0, 4), (13, 6)): {'bw': 2}, ((0, 4), (6, 2)): {'bw': 2}, ((0, 4), (2, 0)): {'bw': 2}, ((0, 4), (0, 1)): {'bw': 2}, ((0, 4), (1, 4)): {'bw': 2}, ((0, 4), (4, 9)): {'bw': 2}, ((0, 4), (9, 20)): {'bw': 2}, ((0, 4), (20, 36)): {'bw': 2}}",0.0,0.0,120.0,60.0,251.0,0.0,0.0,0.0,0.0,0.0,0.0,0.0,0.0,0.0,Route Failure,100.0,"{'node_level': {}, 'link_level': {}, 'path_level': {}}","{'node_level': {0: {'cpu': -49}, 1: {'cpu': -92}, 2: {'cpu': -63}, 3: {'cpu': -85}, 4: {'cpu': -71}, 5: {'cpu': -89}, 6: {'cpu': -73}}, 'link_level': {(0, 1): {'bw': -22}, (0, 4): {'bw': -18}, (0, 5): {'bw': 100.0}}, 'path_level': {(0, 1): {}, (0, 4): {}, (0, 5): {}}}","{'node_level': {0: {'cpu': 0}, 1: {'cpu': 0}, 2: {'cpu': 0}, 3: {'cpu': 0}, 4: {'cpu': 0}, 5: {'cpu': 0}, 6: {'cpu': 0}}, 'link_level': {(0, 1): {'bw': 0}, (0, 4): {'bw': 0}, (0, 5): {'bw': 100.0}}, 'path_level': {(0, 1): {}, (0, 4): {}, (0, 5): {}}}",[],-inf,-inf,True,False,False,0,[],0,0.0,7.0,3.0
165,30,3,1923.0,4912.0,1029930.1840706685,2839712.041428003,0.3914902280130293,0.36268824762694907,44,310,1,4047.0,8725,4804,3921,0.014361920393926919,0.15313174946004315,164,195.4324913848476,4047.0,4,5,False,"{0: np.int64(16), 1: np.int64(7), 2: np.int64(26), 3: np.int64(41)}","{(0, 1): [(np.int64(16), 7)], (0, 2): []}","{(0, np.int64(16)): {'cpu': 18}, (1, np.int64(7)): {'cpu': 12}, (2, np.int64(26)): {'cpu': 11}, (3, np.int64(41)): {'cpu': 4}}","{((0, 1), (np.int64(16), 7)): {'bw': 37}}",0.0,0.0,90.0,45.0,148.0,0.0,0.0,0.0,0.0,0.0,0.0,0.0,0.0,0.0,Route Failure,100.0,"{'node_level': {}, 'link_level': {}, 'path_level': {}}","{'node_level': {0: {'cpu': -63}, 1: {'cpu': -49}, 2: {'cpu': -78}, 3: {'cpu': -92}}, 'link_level': {(0, 1): {'bw': -19}, (0, 2): {'bw': 100.0}}, 'path_level': {(0, 1): {}, (0, 2): {}}}","{'node_level': {0: {'cpu': 0}, 1: {'cpu': 0}, 2: {'cpu': 0}, 3: {'cpu': 0}}, 'link_level': {(0, 1): {'bw': 0}, (0, 2): {'bw': 100.0}}, 'path_level': {(0, 1): {}, (0, 2): {}}}",[],-inf,-inf,True,False,False,0,[],0,0.0,4.0,2.0
165,30,3,1923.0,4912.0,1029930.1840706685,2839712.041428003,0.3914902280130293,0.36268824762694907,44,311,0,4060.397395752884,8725,4804,3921,0.014361920393926919,0.15313174946004315,160,115.39739575288432,3945.0,9,20,False,{},{},{},{},0.0,0.0,0.0,0.0,0.0,0.0,0.0,0.0,0.0,0.0,0.0,0.0,0.0,0.0,Leave Event,0.0,"{'node_level': {}, 'link_level': {}, 'path_level': {}}","{'node_level': {}, 'link_level': {}, 'path_level': {}}","{'node_level': {}, 'link_level': {}, 'path_level': {}}",[],-inf,-inf,True,True,False,0,[],0,0.0,,
165,30,2,1923.0,4912.0,1029930.1840706685,2839712.041428003,0.3914902280130293,0.36268824762694907,44,312,0,4066.997756286661,8942,4833,4109,0.008411981945014357,0.11252699784017284,142,590.997756286661,3476.0,3,3,False,{},{},{},{},0.0,0.0,0.0,0.0,0.0,0.0,0.0,0.0,0.0,0.0,0.0,0.0,0.0,0.0,Leave Event,0.0,"{'node_level': {}, 'link_level': {}, 'path_level': {}}","{'node_level': {}, 'link_level': {}, 'path_level': {}}","{'node_level': {}, 'link_level': {}, 'path_level': {}}",[],-inf,-inf,True,True,False,0,[],0,0.0,,
166,30,2,1923.0,4912.0,1029930.1840706685,2839712.041428003,0.3914902280130293,0.36268824762694907,44,313,1,4070.0,8942,4833,4109,0.008411981945014357,0.11252699784017284,165,118.87331926670439,4070.0,8,12,False,"{0: np.int64(42), 1: np.int64(6), 2: np.int64(9), 3: np.int64(16), 4: np.int64(19), 5: np.int64(47), 6: np.int64(58), 7: np.int64(37)}","{(0, 1): [(np.int64(42), 26), (26, 12), (12, 5), (5, 2), (2, 6)], (0, 2): []}","{(0, np.int64(42)): {'cpu': 5}, (1, np.int64(6)): {'cpu': 7}, (2, np.int64(9)): {'cpu': 3}, (3, np.int64(16)): {'cpu': 2}, (4, np.int64(19)): {'cpu': 13}, (5, np.int64(47)): {'cpu': 3}, (6, np.int64(58)): {'cpu': 16}, (7, np.int64(37)): {'cpu': 5}}","{((0, 1), (np.int64(42), 26)): {'bw': 19}, ((0, 1), (26, 12)): {'bw': 19}, ((0, 1), (12, 5)): {'bw': 19}, ((0, 1), (5, 2)): {'bw': 19}, ((0, 1), (2, 6)): {'bw': 19}}",0.0,0.0,108.0,54.0,254.0,0.0,0.0,0.0,0.0,0.0,0.0,0.0,0.0,0.0,Route Failure,100.0,"{'node_level': {}, 'link_level': {}, 'path_level': {}}","{'node_level': {0: {'cpu': -57}, 1: {'cpu': -61}, 2: {'cpu': -54}, 3: {'cpu': -79}, 4: {'cpu': -74}, 5: {'cpu': -95}, 6: {'cpu': -56}, 7: {'cpu': -64}}, 'link_level': {(0, 1): {'bw': -40}, (0, 2): {'bw': 100.0}}, 'path_level': {(0, 1): {}, (0, 2): {}}}","{'node_level': {0: {'cpu': 0}, 1: {'cpu': 0}, 2: {'cpu': 0}, 3: {'cpu': 0}, 4: {'cpu': 0}, 5: {'cpu': 0}, 6: {'cpu': 0}, 7: {'cpu': 0}}, 'link_level': {(0, 1): {'bw': 0}, (0, 2): {'bw': 100.0}}, 'path_level': {(0, 1): {}, (0, 2): {}}}",[],-inf,-inf,True,False,False,0,[],0,0.0,8.0,2.0
167,31,3,1962.0,4961.0,1036343.2808578282,2847769.522006742,0.3954847812940939,0.36391402915484067,45,314,1,4104.0,8893,4804,4089,0.014361920393926919,0.11684665226781854,166,164.43837915794091,4104.0,2,1,True,"{0: np.int64(1), 1: np.int64(8)}","{(0, 1): [(np.int64(1), 3), (3, 8)]}","{(0, np.int64(1)): {'cpu': 12}, (1, np.int64(8)): {'cpu': 17}}","{((0, 1), (np.int64(1), 3)): {'bw': 10}, ((0, 1), (3, 8)): {'bw': 10}}",49.0,39.0,58.0,29.0,10.0,29.0,10.0,29.0,20.0,10.0,0.7959183673469388,8057.480578739105,6413.096787159696,130.87952626856523,Success,0.0,"{'node_level': {}, 'link_level': {}, 'path_level': {}}","{'node_level': {0: {'cpu': -40}, 1: {'cpu': -73}}, 'link_level': {(0, 1): {'bw': -49}}, 'path_level': {(0, 1): {}}}","{'node_level': {0: {'cpu': 0}, 1: {'cpu': 0}}, 'link_level': {(0, 1): {'bw': 0}}, 'path_level': {(0, 1): {}}}",[],-inf,-inf,True,True,False,0,[],0,0.0,2.0,1.0
167,31,3,1962.0,4961.0,1036343.2808578282,2847769.522006742,0.3954847812940939,0.36391402915484067,45,315,0,4115.023616872072,8893,4804,4089,0.014361920393926919,0.11684665226781854,123,1117.023616872072,2998.0,8,15,False,{},{},{},{},0.0,0.0,0.0,0.0,0.0,0.0,0.0,0.0,0.0,0.0,0.0,0.0,0.0,0.0,Leave Event,0.0,"{'node_level': {}, 'link_level': {}, 'path_level': {}}","{'node_level': {}, 'link_level': {}, 'path_level': {}}","{'node_level': {}, 'link_level': {}, 'path_level': {}}",[],-inf,-inf,True,True,False,0,[],0,0.0,,
167,31,3,1962.0,4961.0,1036343.2808578282,2847769.522006742,0.3954847812940939,0.36391402915484067,45,316,0,4128.200373587617,8893,4804,4089,0.014361920393926919,0.11684665226781854,107,1513.200373587617,2615.0,5,7,False,{},{},{},{},0.0,0.0,0.0,0.0,0.0,0.0,0.0,0.0,0.0,0.0,0.0,0.0,0.0,0.0,Leave Event,0.0,"{'node_level': {}, 'link_level': {}, 'path_level': {}}","{'node_level': {}, 'link_level': {}, 'path_level': {}}","{'node_level': {}, 'link_level': {}, 'path_level': {}}",[],-inf,-inf,True,True,False,0,[],0,0.0,,
168,31,3,1962.0,4961.0,1036343.2808578282,2847769.522006742,0.3954847812940939,0.36391402915484067,45,317,1,4132.0,8893,4804,4089,0.014361920393926919,0.11684665226781854,167,62.27451933872182,4132.0,7,11,False,"{0: np.int64(5), 1: np.int64(6), 2: np.int64(21), 3: np.int64(32), 4: np.int64(53), 5: np.int64(30), 6: np.int64(17)}","{(0, 1): [(np.int64(5), 2), (2, 6)], (0, 4): []}","{(0, np.int64(5)): {'cpu': 5}, (1, np.int64(6)): {'cpu': 20}, (2, np.int64(21)): {'cpu': 12}, (3, np.int64(32)): {'cpu': 4}, (4, np.int64(53)): {'cpu': 5}, (5, np.int64(30)): {'cpu': 0}, (6, np.int64(17)): {'cpu': 7}}","{((0, 1), (np.int64(5), 2)): {'bw': 47}, ((0, 1), (2, 6)): {'bw': 47}}",0.0,0.0,106.0,53.0,304.0,0.0,0.0,0.0,0.0,0.0,0.0,0.0,0.0,0.0,Route Failure,100.0,"{'node_level': {}, 'link_level': {}, 'path_level': {}}","{'node_level': {0: {'cpu': -88}, 1: {'cpu': -48}, 2: {'cpu': -41}, 3: {'cpu': -70}, 4: {'cpu': -60}, 5: {'cpu': -53}, 6: {'cpu': -69}}, 'link_level': {(0, 1): {'bw': -24}, (0, 4): {'bw': 100.0}}, 'path_level': {(0, 1): {}, (0, 4): {}}}","{'node_level': {0: {'cpu': 0}, 1: {'cpu': 0}, 2: {'cpu': 0}, 3: {'cpu': 0}, 4: {'cpu': 0}, 5: {'cpu': 0}, 6: {'cpu': 0}}, 'link_level': {(0, 1): {'bw': 0}, (0, 4): {'bw': 100.0}}, 'path_level': {(0, 1): {}, (0, 4): {}}}",[],-inf,-inf,True,False,False,0,[],0,0.0,7.0,2.0
169,31,3,1962.0,4961.0,1036343.2808578282,2847769.522006742,0.3954847812940939,0.36391402915484067,45,318,1,4155.0,8893,4804,4089,0.014361920393926919,0.11684665226781854,168,584.3862908414336,4155.0,9,13,False,"{0: np.int64(1), 1: np.int64(19), 2: np.int64(56), 3: np.int64(36), 4: np.int64(21), 5: np.int64(20), 6: np.int64(5), 7: np.int64(31), 8: np.int64(27)}","{(0, 7): []}","{(0, np.int64(1)): {'cpu': 10}, (1, np.int64(19)): {'cpu': 19}, (2, np.int64(56)): {'cpu': 3}, (3, np.int64(36)): {'cpu': 8}, (4, np.int64(21)): {'cpu': 13}, (5, np.int64(20)): {'cpu': 12}, (6, np.int64(5)): {'cpu': 0}, (7, np.int64(31)): {'cpu': 1}, (8, np.int64(27)): {'cpu': 17}}",{},0.0,0.0,166.0,83.0,440.0,0.0,0.0,0.0,0.0,0.0,0.0,0.0,0.0,0.0,Route Failure,100.0,"{'node_level': {}, 'link_level': {}, 'path_level': {}}","{'node_level': {0: {'cpu': -30}, 1: {'cpu': -68}, 2: {'cpu': -55}, 3: {'cpu': -73}, 4: {'cpu': -40}, 5: {'cpu': -73}, 6: {'cpu': -93}, 7: {'cpu': -54}, 8: {'cpu': -64}}, 'link_level': {(0, 7): {'bw': 100.0}}, 'path_level': {(0, 7): {}}}","{'node_level': {0: {'cpu': 0}, 1: {'cpu': 0}, 2: {'cpu': 0}, 3: {'cpu': 0}, 4: {'cpu': 0}, 5: {'cpu': 0}, 6: {'cpu': 0}, 7: {'cpu': 0}, 8: {'cpu': 0}}, 'link_level': {(0, 7): {'bw': 100.0}}, 'path_level': {(0, 7): {}}}",[],-inf,-inf,True,False,False,0,[],0,0.0,9.0,1.0
170,31,3,1962.0,4961.0,1036343.2808578282,2847769.522006742,0.3954847812940939,0.36391402915484067,45,319,1,4176.0,8893,4804,4089,0.014361920393926919,0.11684665226781854,169,517.1518507895037,4176.0,3,2,False,"{0: np.int64(1), 1: np.int64(48), 2: np.int64(57)}","{(0, 2): [(np.int64(1), 0), (0, 2), (2, 5), (5, 12), (12, 25), (25, 57)], (1, 2): []}","{(0, np.int64(1)): {'cpu': 16}, (1, np.int64(48)): {'cpu': 12}, (2, np.int64(57)): {'cpu': 8}}","{((0, 2), (np.int64(1), 0)): {'bw': 27}, ((0, 2), (0, 2)): {'bw': 27}, ((0, 2), (2, 5)): {'bw': 27}, ((0, 2), (5, 12)): {'bw': 27}, ((0, 2), (12, 25)): {'bw': 27}, ((0, 2), (25, 57)): {'bw': 27}}",0.0,0.0,72.0,36.0,70.0,0.0,0.0,0.0,0.0,0.0,0.0,0.0,0.0,0.0,Route Failure,100.0,"{'node_level': {}, 'link_level': {}, 'path_level': {}}","{'node_level': {0: {'cpu': -24}, 1: {'cpu': -77}, 2: {'cpu': -59}}, 'link_level': {(0, 2): {'bw': -13}, (1, 2): {'bw': 100.0}}, 'path_level': {(0, 2): {}, (1, 2): {}}}","{'node_level': {0: {'cpu': 0}, 1: {'cpu': 0}, 2: {'cpu': 0}}, 'link_level': {(0, 2): {'bw': 0}, (1, 2): {'bw': 100.0}}, 'path_level': {(0, 2): {}, (1, 2): {}}}",[],-inf,-inf,True,False,False,0,[],0,0.0,3.0,2.0
170,31,3,1962.0,4961.0,1036343.2808578282,2847769.522006742,0.3954847812940939,0.36391402915484067,45,320,0,4188.873319266704,8893,4804,4089,0.014361920393926919,0.11684665226781854,165,118.87331926670439,4070.0,8,12,False,{},{},{},{},0.0,0.0,0.0,0.0,0.0,0.0,0.0,0.0,0.0,0.0,0.0,0.0,0.0,0.0,Leave Event,0.0,"{'node_level': {}, 'link_level': {}, 'path_level': {}}","{'node_level': {}, 'link_level': {}, 'path_level': {}}","{'node_level': {}, 'link_level': {}, 'path_level': {}}",[],-inf,-inf,True,True,False,0,[],0,0.0,,
170,31,3,1962.0,4961.0,1036343.2808578282,2847769.522006742,0.3954847812940939,0.36391402915484067,45,321,0,4193.18809829225,8893,4804,4089,0.014361920393926919,0.11684665226781854,163,172.1880982922502,4021.0,7,12,False,{},{},{},{},0.0,0.0,0.0,0.0,0.0,0.0,0.0,0.0,0.0,0.0,0.0,0.0,0.0,0.0,Leave Event,0.0,"{'node_level': {}, 'link_level': {}, 'path_level': {}}","{'node_level': {}, 'link_level': {}, 'path_level': {}}","{'node_level': {}, 'link_level': {}, 'path_level': {}}",[],-inf,-inf,True,True,False,0,[],0,0.0,,
170,31,3,1962.0,4961.0,1036343.2808578282,2847769.522006742,0.3954847812940939,0.36391402915484067,45,322,0,4194.274519338722,8893,4804,4089,0.014361920393926919,0.11684665226781854,167,62.27451933872182,4132.0,7,11,False,{},{},{},{},0.0,0.0,0.0,0.0,0.0,0.0,0.0,0.0,0.0,0.0,0.0,0.0,0.0,0.0,Leave Event,0.0,"{'node_level': {}, 'link_level': {}, 'path_level': {}}","{'node_level': {}, 'link_level': {}, 'path_level': {}}","{'node_level': {}, 'link_level': {}, 'path_level': {}}",[],-inf,-inf,True,True,False,0,[],0,0.0,,
171,31,3,1962.0,4961.0,1036343.2808578282,2847769.522006742,0.3954847812940939,0.36391402915484067,45,323,1,4197.0,8893,4804,4089,0.014361920393926919,0.11684665226781854,170,186.641334052943,4197.0,8,14,False,"{0: np.int64(60), 1: np.int64(13), 2: np.int64(29), 3: np.int64(3), 4: np.int64(43), 5: np.int64(17), 6: np.int64(2), 7: np.int64(57)}","{(0, 1): [(np.int64(60), 28), (28, 13)], (0, 2): [(np.int64(60), 28), (28, 13), (13, 6), (6, 14), (14, 29)], (0, 4): [(np.int64(60), 28), (28, 13), (13, 27), (27, 43)], (1, 2): [(np.int64(13), 6), (6, 14), (14, 29)], (1, 3): [(np.int64(13), 6), (6, 2), (2, 0), (0, 1), (1, 3)], (1, 4): [(np.int64(13), 27), (27, 43)], (1, 6): []}","{(0, np.int64(60)): {'cpu': 3}, (1, np.int64(13)): {'cpu': 4}, (2, np.int64(29)): {'cpu': 3}, (3, np.int64(3)): {'cpu': 12}, (4, np.int64(43)): {'cpu': 18}, (5, np.int64(17)): {'cpu': 3}, (6, np.int64(2)): {'cpu': 1}, (7, np.int64(57)): {'cpu': 20}}","{((0, 1), (np.int64(60), 28)): {'bw': 0}, ((0, 1), (28, 13)): {'bw': 0}, ((0, 2), (np.int64(60), 28)): {'bw': 13}, ((0, 2), (28, 13)): {'bw': 13}, ((0, 2), (13, 6)): {'bw': 13}, ((0, 2), (6, 14)): {'bw': 13}, ((0, 2), (14, 29)): {'bw': 13}, ((0, 4), (np.int64(60), 28)): {'bw': 18}, ((0, 4), (28, 13)): {'bw': 18}, ((0, 4), (13, 27)): {'bw': 18}, ((0, 4), (27, 43)): {'bw': 18}, ((1, 2), (np.int64(13), 6)): {'bw': 18}, ((1, 2), (6, 14)): {'bw': 18}, ((1, 2), (14, 29)): {'bw': 18}, ((1, 3), (np.int64(13), 6)): {'bw': 17}, ((1, 3), (6, 2)): {'bw': 17}, ((1, 3), (2, 0)): {'bw': 17}, ((1, 3), (0, 1)): {'bw': 17}, ((1, 3), (1, 3)): {'bw': 17}, ((1, 4), (np.int64(13), 27)): {'bw': 5}, ((1, 4), (27, 43)): {'bw': 5}}",0.0,0.0,128.0,64.0,337.0,0.0,0.0,0.0,0.0,0.0,0.0,0.0,0.0,0.0,Route Failure,100.0,"{'node_level': {}, 'link_level': {}, 'path_level': {}}","{'node_level': {0: {'cpu': -88}, 1: {'cpu': -57}, 2: {'cpu': -80}, 3: {'cpu': -35}, 4: {'cpu': -82}, 5: {'cpu': -73}, 6: {'cpu': -94}, 7: {'cpu': -47}}, 'link_level': {(0, 1): {'bw': -76}, (0, 2): {'bw': -43}, (0, 4): {'bw': -23}, (1, 2): {'bw': -25}, (1, 3): {'bw': -10}, (1, 4): {'bw': -18}, (1, 6): {'bw': 100.0}}, 'path_level': {(0, 1): {}, (0, 2): {}, (0, 4): {}, (1, 2): {}, (1, 3): {}, (1, 4): {}, (1, 6): {}}}","{'node_level': {0: {'cpu': 0}, 1: {'cpu': 0}, 2: {'cpu': 0}, 3: {'cpu': 0}, 4: {'cpu': 0}, 5: {'cpu': 0}, 6: {'cpu': 0}, 7: {'cpu': 0}}, 'link_level': {(0, 1): {'bw': 0}, (0, 2): {'bw': 0}, (0, 4): {'bw': 0}, (1, 2): {'bw': 0}, (1, 3): {'bw': 0}, (1, 4): {'bw': 0}, (1, 6): {'bw': 100.0}}, 'path_level': {(0, 1): {}, (0, 2): {}, (0, 4): {}, (1, 2): {}, (1, 3): {}, (1, 4): {}, (1, 6): {}}}",[],-inf,-inf,True,False,False,0,[],0,0.0,8.0,7.0
171,31,3,1962.0,4961.0,1036343.2808578282,2847769.522006742,0.3954847812940939,0.36391402915484067,45,324,0,4205.311755335418,8893,4804,4089,0.014361920393926919,0.11684665226781854,157,343.3117553354174,3862.0,6,8,False,{},{},{},{},0.0,0.0,0.0,0.0,0.0,0.0,0.0,0.0,0.0,0.0,0.0,0.0,0.0,0.0,Leave Event,0.0,"{'node_level': {}, 'link_level': {}, 'path_level': {}}","{'node_level': {}, 'link_level': {}, 'path_level': {}}","{'node_level': {}, 'link_level': {}, 'path_level': {}}",[],-inf,-inf,True,True,False,0,[],0,0.0,,
172,31,3,1962.0,4961.0,1036343.2808578282,2847769.522006742,0.3954847812940939,0.36391402915484067,45,325,1,4220.0,8893,4804,4089,0.014361920393926919,0.11684665226781854,171,1061.378972983742,4220.0,9,20,False,"{0: np.int64(14), 1: np.int64(50), 2: np.int64(38), 3: np.int64(13), 4: np.int64(26), 5: np.int64(24), 6: np.int64(23), 7: np.int64(18), 8: np.int64(39)}","{(0, 4): [(np.int64(14), 6), (6, 2), (2, 5), (5, 12), (12, 26)], (0, 6): []}","{(0, np.int64(14)): {'cpu': 5}, (1, np.int64(50)): {'cpu': 14}, (2, np.int64(38)): {'cpu': 15}, (3, np.int64(13)): {'cpu': 15}, (4, np.int64(26)): {'cpu': 5}, (5, np.int64(24)): {'cpu': 2}, (6, np.int64(23)): {'cpu': 8}, (7, np.int64(18)): {'cpu': 7}, (8, np.int64(39)): {'cpu': 15}}","{((0, 4), (np.int64(14), 6)): {'bw': 26}, ((0, 4), (6, 2)): {'bw': 26}, ((0, 4), (2, 5)): {'bw': 26}, ((0, 4), (5, 12)): {'bw': 26}, ((0, 4), (12, 26)): {'bw': 26}}",0.0,0.0,172.0,86.0,481.0,0.0,0.0,0.0,0.0,0.0,0.0,0.0,0.0,0.0,Route Failure,100.0,"{'node_level': {}, 'link_level': {}, 'path_level': {}}","{'node_level': {0: {'cpu': -66}, 1: {'cpu': -44}, 2: {'cpu': -66}, 3: {'cpu': -46}, 4: {'cpu': -84}, 5: {'cpu': -90}, 6: {'cpu': -46}, 7: {'cpu': -63}, 8: {'cpu': -37}}, 'link_level': {(0, 4): {'bw': -30}, (0, 6): {'bw': 100.0}}, 'path_level': {(0, 4): {}, (0, 6): {}}}","{'node_level': {0: {'cpu': 0}, 1: {'cpu': 0}, 2: {'cpu': 0}, 3: {'cpu': 0}, 4: {'cpu': 0}, 5: {'cpu': 0}, 6: {'cpu': 0}, 7: {'cpu': 0}, 8: {'cpu': 0}}, 'link_level': {(0, 4): {'bw': 0}, (0, 6): {'bw': 100.0}}, 'path_level': {(0, 4): {}, (0, 6): {}}}",[],-inf,-inf,True,False,False,0,[],0,0.0,9.0,2.0
172,31,3,1962.0,4961.0,1036343.2808578282,2847769.522006742,0.3954847812940939,0.36391402915484067,45,326,0,4242.432491384848,8893,4804,4089,0.014361920393926919,0.11684665226781854,164,195.4324913848476,4047.0,4,5,False,{},{},{},{},0.0,0.0,0.0,0.0,0.0,0.0,0.0,0.0,0.0,0.0,0.0,0.0,0.0,0.0,Leave Event,0.0,"{'node_level': {}, 'link_level': {}, 'path_level': {}}","{'node_level': {}, 'link_level': {}, 'path_level': {}}","{'node_level': {}, 'link_level': {}, 'path_level': {}}",[],-inf,-inf,True,True,False,0,[],0,0.0,,
173,32,4,1990.0,4995.0,1043180.4954134973,2856071.8539671977,0.3983983983983984,0.3652500877961029,45,327,1,4243.0,8859,4779,4080,0.019491177677472327,0.11879049676025921,172,244.18623413104092,4243.0,2,1,True,"{0: np.int64(11), 1: np.int64(26)}","{(0, 1): [(np.int64(11), 5), (5, 12), (12, 26)]}","{(0, np.int64(11)): {'cpu': 8}, (1, np.int64(26)): {'cpu': 17}}","{((0, 1), (np.int64(11), 5)): {'bw': 3}, ((0, 1), (5, 12)): {'bw': 3}, ((0, 1), (12, 26)): {'bw': 3}}",34.0,28.0,50.0,25.0,3.0,25.0,3.0,25.0,9.0,6.0,0.8235294117647058,8302.33196045539,6837.214555669146,201.09454575497486,Success,0.0,"{'node_level': {}, 'link_level': {}, 'path_level': {}}","{'node_level': {0: {'cpu': -91}, 1: {'cpu': -72}}, 'link_level': {(0, 1): {'bw': -56}}, 'path_level': {(0, 1): {}}}","{'node_level': {0: {'cpu': 0}, 1: {'cpu': 0}}, 'link_level': {(0, 1): {'bw': 0}}, 'path_level': {(0, 1): {}}}",[],-inf,-inf,True,True,False,0,[],0,0.0,2.0,1.0
173,32,4,1990.0,4995.0,1043180.4954134973,2856071.8539671977,0.3983983983983984,0.3652500877961029,45,328,0,4264.7882553057225,8859,4779,4080,0.019491177677472327,0.11879049676025921,162,267.7882553057225,3997.0,6,7,False,{},{},{},{},0.0,0.0,0.0,0.0,0.0,0.0,0.0,0.0,0.0,0.0,0.0,0.0,0.0,0.0,Leave Event,0.0,"{'node_level': {}, 'link_level': {}, 'path_level': {}}","{'node_level': {}, 'link_level': {}, 'path_level': {}}","{'node_level': {}, 'link_level': {}, 'path_level': {}}",[],-inf,-inf,True,True,False,0,[],0,0.0,,
174,32,4,1990.0,4995.0,1043180.4954134973,2856071.8539671977,0.3983983983983984,0.3652500877961029,45,329,1,4265.0,8859,4779,4080,0.019491177677472327,0.11879049676025921,173,472.2027627596061,4265.0,3,3,False,"{0: np.int64(31), 1: np.int64(54), 2: np.int64(41)}","{(0, 1): []}","{(0, np.int64(31)): {'cpu': 6}, (1, np.int64(54)): {'cpu': 14}, (2, np.int64(41)): {'cpu': 2}}",{},0.0,0.0,44.0,22.0,123.0,0.0,0.0,0.0,0.0,0.0,0.0,0.0,0.0,0.0,Route Failure,100.0,"{'node_level': {}, 'link_level': {}, 'path_level': {}}","{'node_level': {0: {'cpu': -49}, 1: {'cpu': -77}, 2: {'cpu': -94}}, 'link_level': {(0, 1): {'bw': 100.0}}, 'path_level': {(0, 1): {}}}","{'node_level': {0: {'cpu': 0}, 1: {'cpu': 0}, 2: {'cpu': 0}}, 'link_level': {(0, 1): {'bw': 100.0}}, 'path_level': {(0, 1): {}}}",[],-inf,-inf,True,False,False,0,[],0,0.0,3.0,1.0
174,32,3,1990.0,4995.0,1043180.4954134973,2856071.8539671977,0.3983983983983984,0.3652500877961029,45,330,0,4268.438379157941,8908,4808,4100,0.013541239228559654,0.1144708423326134,166,164.43837915794091,4104.0,2,1,False,{},{},{},{},0.0,0.0,0.0,0.0,0.0,0.0,0.0,0.0,0.0,0.0,0.0,0.0,0.0,0.0,Leave Event,0.0,"{'node_level': {}, 'link_level': {}, 'path_level': {}}","{'node_level': {}, 'link_level': {}, 'path_level': {}}","{'node_level': {}, 'link_level': {}, 'path_level': {}}",[],-inf,-inf,True,True,False,0,[],0,0.0,,
174,32,2,1990.0,4995.0,1043180.4954134973,2856071.8539671977,0.3983983983983984,0.3652500877961029,45,331,0,4270.357060675401,9305,4829,4476,0.009232663110381623,0.033261339092872544,91,2041.3570606754013,2229.0,4,3,False,{},{},{},{},0.0,0.0,0.0,0.0,0.0,0.0,0.0,0.0,0.0,0.0,0.0,0.0,0.0,0.0,Leave Event,0.0,"{'node_level': {}, 'link_level': {}, 'path_level': {}}","{'node_level': {}, 'link_level': {}, 'path_level': {}}","{'node_level': {}, 'link_level': {}, 'path_level': {}}",[],-inf,-inf,True,True,False,0,[],0,0.0,,
174,32,2,1990.0,4995.0,1043180.4954134973,2856071.8539671977,0.3983983983983984,0.3652500877961029,45,332,0,4274.008685853115,9305,4829,4476,0.009232663110381623,0.033261339092872544,161,312.008685853115,3962.0,7,11,False,{},{},{},{},0.0,0.0,0.0,0.0,0.0,0.0,0.0,0.0,0.0,0.0,0.0,0.0,0.0,0.0,Leave Event,0.0,"{'node_level': {}, 'link_level': {}, 'path_level': {}}","{'node_level': {}, 'link_level': {}, 'path_level': {}}","{'node_level': {}, 'link_level': {}, 'path_level': {}}",[],-inf,-inf,True,True,False,0,[],0,0.0,,
175,32,2,1990.0,4995.0,1043180.4954134973,2856071.8539671977,0.3983983983983984,0.3652500877961029,45,333,1,4293.0,9305,4829,4476,0.009232663110381623,0.033261339092872544,174,370.2969163070019,4293.0,4,4,False,"{0: np.int64(39), 1: np.int64(43), 2: np.int64(41), 3: np.int64(60)}","{(0, 1): [(np.int64(39), 23), (23, 11), (11, 5), (5, 2), (2, 6), (6, 13), (13, 27), (27, 43)], (0, 2): []}","{(0, np.int64(39)): {'cpu': 8}, (1, np.int64(43)): {'cpu': 5}, (2, np.int64(41)): {'cpu': 10}, (3, np.int64(60)): {'cpu': 19}}","{((0, 1), (np.int64(39), 23)): {'bw': 39}, ((0, 1), (23, 11)): {'bw': 39}, ((0, 1), (11, 5)): {'bw': 39}, ((0, 1), (5, 2)): {'bw': 39}, ((0, 1), (2, 6)): {'bw': 39}, ((0, 1), (6, 13)): {'bw': 39}, ((0, 1), (13, 27)): {'bw': 39}, ((0, 1), (27, 43)): {'bw': 39}}",0.0,0.0,84.0,42.0,115.0,0.0,0.0,0.0,0.0,0.0,0.0,0.0,0.0,0.0,Route Failure,100.0,"{'node_level': {}, 'link_level': {}, 'path_level': {}}","{'node_level': {0: {'cpu': -44}, 1: {'cpu': -95}, 2: {'cpu': -86}, 3: {'cpu': -72}}, 'link_level': {(0, 1): {'bw': -2}, (0, 2): {'bw': 100.0}}, 'path_level': {(0, 1): {}, (0, 2): {}}}","{'node_level': {0: {'cpu': 0}, 1: {'cpu': 0}, 2: {'cpu': 0}, 3: {'cpu': 0}}, 'link_level': {(0, 1): {'bw': 0}, (0, 2): {'bw': 100.0}}, 'path_level': {(0, 1): {}, (0, 2): {}}}",[],-inf,-inf,True,False,False,0,[],0,0.0,4.0,2.0
176,32,2,1990.0,4995.0,1043180.4954134973,2856071.8539671977,0.3983983983983984,0.3652500877961029,45,334,1,4317.0,9305,4829,4476,0.009232663110381623,0.033261339092872544,175,196.56337257360008,4317.0,6,9,False,"{0: np.int64(42), 1: np.int64(27), 2: np.int64(33), 3: np.int64(17), 4: np.int64(26), 5: np.int64(56)}","{(0, 1): [(np.int64(42), 26), (26, 12), (12, 5), (5, 2), (2, 6), (6, 13), (13, 27)], (0, 2): [(np.int64(42), 26), (26, 12), (12, 5), (5, 2), (2, 0), (0, 1), (1, 3), (3, 8), (8, 17), (17, 33)], (0, 3): []}","{(0, np.int64(42)): {'cpu': 6}, (1, np.int64(27)): {'cpu': 20}, (2, np.int64(33)): {'cpu': 17}, (3, np.int64(17)): {'cpu': 4}, (4, np.int64(26)): {'cpu': 7}, (5, np.int64(56)): {'cpu': 15}}","{((0, 1), (np.int64(42), 26)): {'bw': 25}, ((0, 1), (26, 12)): {'bw': 25}, ((0, 1), (12, 5)): {'bw': 25}, ((0, 1), (5, 2)): {'bw': 25}, ((0, 1), (2, 6)): {'bw': 25}, ((0, 1), (6, 13)): {'bw': 25}, ((0, 1), (13, 27)): {'bw': 25}, ((0, 2), (np.int64(42), 26)): {'bw': 17}, ((0, 2), (26, 12)): {'bw': 17}, ((0, 2), (12, 5)): {'bw': 17}, ((0, 2), (5, 2)): {'bw': 17}, ((0, 2), (2, 0)): {'bw': 17}, ((0, 2), (0, 1)): {'bw': 17}, ((0, 2), (1, 3)): {'bw': 17}, ((0, 2), (3, 8)): {'bw': 17}, ((0, 2), (8, 17)): {'bw': 17}, ((0, 2), (17, 33)): {'bw': 17}}",0.0,0.0,138.0,69.0,222.0,0.0,0.0,0.0,0.0,0.0,0.0,0.0,0.0,0.0,Route Failure,100.0,"{'node_level': {}, 'link_level': {}, 'path_level': {}}","{'node_level': {0: {'cpu': -56}, 1: {'cpu': -61}, 2: {'cpu': -37}, 3: {'cpu': -72}, 4: {'cpu': -65}, 5: {'cpu': -43}}, 'link_level': {(0, 1): {'bw': -16}, (0, 2): {'bw': -14}, (0, 3): {'bw': 100.0}}, 'path_level': {(0, 1): {}, (0, 2): {}, (0, 3): {}}}","{'node_level': {0: {'cpu': 0}, 1: {'cpu': 0}, 2: {'cpu': 0}, 3: {'cpu': 0}, 4: {'cpu': 0}, 5: {'cpu': 0}}, 'link_level': {(0, 1): {'bw': 0}, (0, 2): {'bw': 0}, (0, 3): {'bw': 100.0}}, 'path_level': {(0, 1): {}, (0, 2): {}, (0, 3): {}}}",[],-inf,-inf,True,False,False,0,[],0,0.0,6.0,3.0
176,32,2,1990.0,4995.0,1043180.4954134973,2856071.8539671977,0.3983983983983984,0.3652500877961029,45,335,0,4320.3055150078635,9305,4829,4476,0.009232663110381623,0.033261339092872544,133,1065.3055150078635,3255.0,9,28,False,{},{},{},{},0.0,0.0,0.0,0.0,0.0,0.0,0.0,0.0,0.0,0.0,0.0,0.0,0.0,0.0,Leave Event,0.0,"{'node_level': {}, 'link_level': {}, 'path_level': {}}","{'node_level': {}, 'link_level': {}, 'path_level': {}}","{'node_level': {}, 'link_level': {}, 'path_level': {}}",[],-inf,-inf,True,True,False,0,[],0,0.0,,
177,33,3,2052.0,5201.0,1125524.8825776405,3129667.720996448,0.3945395116323784,0.35963079244057483,45,336,1,4345.0,9099,4815,4284,0.01210504718916705,0.07473002159827213,176,1328.13527684102,4345.0,2,1,True,"{0: np.int64(6), 1: np.int64(24)}","{(0, 1): [(np.int64(6), 2), (2, 5), (5, 11), (11, 24)]}","{(0, np.int64(6)): {'cpu': 6}, (1, np.int64(24)): {'cpu': 8}}","{((0, 1), (np.int64(6), 2)): {'bw': 48}, ((0, 1), (2, 5)): {'bw': 48}, ((0, 1), (5, 11)): {'bw': 48}, ((0, 1), (11, 24)): {'bw': 48}}",206.0,62.0,28.0,14.0,48.0,14.0,48.0,14.0,192.0,144.0,0.30097087378640774,273595.86702925013,82344.38716414323,399.73003477739434,Success,0.0,"{'node_level': {}, 'link_level': {}, 'path_level': {}}","{'node_level': {0: {'cpu': -62}, 1: {'cpu': -84}}, 'link_level': {(0, 1): {'bw': -23}}, 'path_level': {(0, 1): {}}}","{'node_level': {0: {'cpu': 0}, 1: {'cpu': 0}}, 'link_level': {(0, 1): {'bw': 0}}, 'path_level': {(0, 1): {}}}",[],-inf,-inf,True,True,False,0,[],0,0.0,2.0,1.0
178,33,3,2052.0,5201.0,1125524.8825776405,3129667.720996448,0.3945395116323784,0.35963079244057483,45,337,1,4372.0,9099,4815,4284,0.01210504718916705,0.07473002159827213,177,942.6003479946348,4372.0,8,16,False,"{0: np.int64(26), 1: np.int64(38), 2: np.int64(50), 3: np.int64(61), 4: np.int64(34), 5: np.int64(54), 6: np.int64(25), 7: np.int64(45)}","{(0, 2): [(np.int64(26), 12), (12, 5), (5, 2), (2, 0), (0, 1), (1, 3), (3, 8), (8, 18), (18, 50)], (0, 5): []}","{(0, np.int64(26)): {'cpu': 3}, (1, np.int64(38)): {'cpu': 18}, (2, np.int64(50)): {'cpu': 10}, (3, np.int64(61)): {'cpu': 11}, (4, np.int64(34)): {'cpu': 11}, (5, np.int64(54)): {'cpu': 8}, (6, np.int64(25)): {'cpu': 3}, (7, np.int64(45)): {'cpu': 16}}","{((0, 2), (np.int64(26), 12)): {'bw': 27}, ((0, 2), (12, 5)): {'bw': 27}, ((0, 2), (5, 2)): {'bw': 27}, ((0, 2), (2, 0)): {'bw': 27}, ((0, 2), (0, 1)): {'bw': 27}, ((0, 2), (1, 3)): {'bw': 27}, ((0, 2), (3, 8)): {'bw': 27}, ((0, 2), (8, 18)): {'bw': 27}, ((0, 2), (18, 50)): {'bw': 27}}",0.0,0.0,160.0,80.0,334.0,0.0,0.0,0.0,0.0,0.0,0.0,0.0,0.0,0.0,Route Failure,100.0,"{'node_level': {}, 'link_level': {}, 'path_level': {}}","{'node_level': {0: {'cpu': -69}, 1: {'cpu': -63}, 2: {'cpu': -48}, 3: {'cpu': -85}, 4: {'cpu': -85}, 5: {'cpu': -83}, 6: {'cpu': -90}, 7: {'cpu': -60}}, 'link_level': {(0, 2): {'bw': -1}, (0, 5): {'bw': 100.0}}, 'path_level': {(0, 2): {}, (0, 5): {}}}","{'node_level': {0: {'cpu': 0}, 1: {'cpu': 0}, 2: {'cpu': 0}, 3: {'cpu': 0}, 4: {'cpu': 0}, 5: {'cpu': 0}, 6: {'cpu': 0}, 7: {'cpu': 0}}, 'link_level': {(0, 2): {'bw': 0}, (0, 5): {'bw': 100.0}}, 'path_level': {(0, 2): {}, (0, 5): {}}}",[],-inf,-inf,True,False,False,0,[],0,0.0,8.0,2.0
178,33,3,2052.0,5201.0,1125524.8825776405,3129667.720996448,0.3945395116323784,0.35963079244057483,45,338,0,4383.641334052943,9099,4815,4284,0.01210504718916705,0.07473002159827213,170,186.641334052943,4197.0,8,14,False,{},{},{},{},0.0,0.0,0.0,0.0,0.0,0.0,0.0,0.0,0.0,0.0,0.0,0.0,0.0,0.0,Leave Event,0.0,"{'node_level': {}, 'link_level': {}, 'path_level': {}}","{'node_level': {}, 'link_level': {}, 'path_level': {}}","{'node_level': {}, 'link_level': {}, 'path_level': {}}",[],-inf,-inf,True,True,False,0,[],0,0.0,,
179,33,3,2052.0,5201.0,1125524.8825776405,3129667.720996448,0.3945395116323784,0.35963079244057483,45,339,1,4401.0,9099,4815,4284,0.01210504718916705,0.07473002159827213,178,919.812316933456,4401.0,8,18,False,"{0: np.int64(55), 1: np.int64(32), 2: np.int64(8), 3: np.int64(3), 4: np.int64(35), 5: np.int64(21), 6: np.int64(49), 7: np.int64(20)}","{(0, 1): []}","{(0, np.int64(55)): {'cpu': 13}, (1, np.int64(32)): {'cpu': 3}, (2, np.int64(8)): {'cpu': 12}, (3, np.int64(3)): {'cpu': 5}, (4, np.int64(35)): {'cpu': 20}, (5, np.int64(21)): {'cpu': 2}, (6, np.int64(49)): {'cpu': 2}, (7, np.int64(20)): {'cpu': 13}}",{},0.0,0.0,140.0,70.0,486.0,0.0,0.0,0.0,0.0,0.0,0.0,0.0,0.0,0.0,Route Failure,100.0,"{'node_level': {}, 'link_level': {}, 'path_level': {}}","{'node_level': {0: {'cpu': -82}, 1: {'cpu': -71}, 2: {'cpu': -78}, 3: {'cpu': -53}, 4: {'cpu': -36}, 5: {'cpu': -51}, 6: {'cpu': -94}, 7: {'cpu': -76}}, 'link_level': {(0, 1): {'bw': 100.0}}, 'path_level': {(0, 1): {}}}","{'node_level': {0: {'cpu': 0}, 1: {'cpu': 0}, 2: {'cpu': 0}, 3: {'cpu': 0}, 4: {'cpu': 0}, 5: {'cpu': 0}, 6: {'cpu': 0}, 7: {'cpu': 0}}, 'link_level': {(0, 1): {'bw': 100.0}}, 'path_level': {(0, 1): {}}}",[],-inf,-inf,True,False,False,0,[],0,0.0,8.0,1.0
180,33,3,2052.0,5201.0,1125524.8825776405,3129667.720996448,0.3945395116323784,0.35963079244057483,45,340,1,4425.0,9099,4815,4284,0.01210504718916705,0.07473002159827213,179,1542.7041794783074,4425.0,10,22,False,"{0: np.int64(13), 1: np.int64(57), 2: np.int64(28), 3: np.int64(36), 4: np.int64(20), 5: np.int64(59), 6: np.int64(38), 7: np.int64(6), 8: np.int64(30), 9: np.int64(18)}","{(0, 1): [(np.int64(13), 6), (6, 2), (2, 5), (5, 12), (12, 25), (25, 57)], (0, 4): [(np.int64(13), 6), (6, 2), (2, 0), (0, 1), (1, 4), (4, 9), (9, 20)], (0, 5): []}","{(0, np.int64(13)): {'cpu': 13}, (1, np.int64(57)): {'cpu': 2}, (2, np.int64(28)): {'cpu': 11}, (3, np.int64(36)): {'cpu': 12}, (4, np.int64(20)): {'cpu': 12}, (5, np.int64(59)): {'cpu': 2}, (6, np.int64(38)): {'cpu': 12}, (7, np.int64(6)): {'cpu': 16}, (8, np.int64(30)): {'cpu': 19}, (9, np.int64(18)): {'cpu': 8}}","{((0, 1), (np.int64(13), 6)): {'bw': 6}, ((0, 1), (6, 2)): {'bw': 6}, ((0, 1), (2, 5)): {'bw': 6}, ((0, 1), (5, 12)): {'bw': 6}, ((0, 1), (12, 25)): {'bw': 6}, ((0, 1), (25, 57)): {'bw': 6}, ((0, 4), (np.int64(13), 6)): {'bw': 11}, ((0, 4), (6, 2)): {'bw': 11}, ((0, 4), (2, 0)): {'bw': 11}, ((0, 4), (0, 1)): {'bw': 11}, ((0, 4), (1, 4)): {'bw': 11}, ((0, 4), (4, 9)): {'bw': 11}, ((0, 4), (9, 20)): {'bw': 11}}",0.0,0.0,214.0,107.0,511.0,0.0,0.0,0.0,0.0,0.0,0.0,0.0,0.0,0.0,Route Failure,100.0,"{'node_level': {}, 'link_level': {}, 'path_level': {}}","{'node_level': {0: {'cpu': -48}, 1: {'cpu': -65}, 2: {'cpu': -81}, 3: {'cpu': -69}, 4: {'cpu': -77}, 5: {'cpu': -57}, 6: {'cpu': -69}, 7: {'cpu': -46}, 8: {'cpu': -34}, 9: {'cpu': -62}}, 'link_level': {(0, 1): {'bw': -17}, (0, 4): {'bw': -6}, (0, 5): {'bw': 100.0}}, 'path_level': {(0, 1): {}, (0, 4): {}, (0, 5): {}}}","{'node_level': {0: {'cpu': 0}, 1: {'cpu': 0}, 2: {'cpu': 0}, 3: {'cpu': 0}, 4: {'cpu': 0}, 5: {'cpu': 0}, 6: {'cpu': 0}, 7: {'cpu': 0}, 8: {'cpu': 0}, 9: {'cpu': 0}}, 'link_level': {(0, 1): {'bw': 0}, (0, 4): {'bw': 0}, (0, 5): {'bw': 100.0}}, 'path_level': {(0, 1): {}, (0, 4): {}, (0, 5): {}}}",[],-inf,-inf,True,False,False,0,[],0,0.0,10.0,3.0
181,33,3,2052.0,5201.0,1125524.8825776405,3129667.720996448,0.3945395116323784,0.35963079244057483,45,341,1,4445.0,9099,4815,4284,0.01210504718916705,0.07473002159827213,180,1.2427562984826699,4445.0,8,18,False,"{0: np.int64(10), 1: np.int64(7), 2: np.int64(18), 3: np.int64(26), 4: np.int64(3), 5: np.int64(1), 6: np.int64(16), 7: np.int64(59)}","{(0, 2): [(np.int64(10), 4), (4, 1), (1, 3), (3, 8), (8, 18)], (0, 4): [(np.int64(10), 4), (4, 1), (1, 3)], (0, 7): []}","{(0, np.int64(10)): {'cpu': 8}, (1, np.int64(7)): {'cpu': 2}, (2, np.int64(18)): {'cpu': 17}, (3, np.int64(26)): {'cpu': 19}, (4, np.int64(3)): {'cpu': 2}, (5, np.int64(1)): {'cpu': 5}, (6, np.int64(16)): {'cpu': 3}, (7, np.int64(59)): {'cpu': 17}}","{((0, 2), (np.int64(10), 4)): {'bw': 43}, ((0, 2), (4, 1)): {'bw': 43}, ((0, 2), (1, 3)): {'bw': 43}, ((0, 2), (3, 8)): {'bw': 43}, ((0, 2), (8, 18)): {'bw': 43}, ((0, 4), (np.int64(10), 4)): {'bw': 24}, ((0, 4), (4, 1)): {'bw': 24}, ((0, 4), (1, 3)): {'bw': 24}}",0.0,0.0,146.0,73.0,575.0,0.0,0.0,0.0,0.0,0.0,0.0,0.0,0.0,0.0,Route Failure,100.0,"{'node_level': {}, 'link_level': {}, 'path_level': {}}","{'node_level': {0: {'cpu': -76}, 1: {'cpu': -59}, 2: {'cpu': -53}, 3: {'cpu': -53}, 4: {'cpu': -56}, 5: {'cpu': -47}, 6: {'cpu': -78}, 7: {'cpu': -42}}, 'link_level': {(0, 2): {'bw': -19}, (0, 4): {'bw': -15}, (0, 7): {'bw': 100.0}}, 'path_level': {(0, 2): {}, (0, 4): {}, (0, 7): {}}}","{'node_level': {0: {'cpu': 0}, 1: {'cpu': 0}, 2: {'cpu': 0}, 3: {'cpu': 0}, 4: {'cpu': 0}, 5: {'cpu': 0}, 6: {'cpu': 0}, 7: {'cpu': 0}}, 'link_level': {(0, 2): {'bw': 0}, (0, 4): {'bw': 0}, (0, 7): {'bw': 100.0}}, 'path_level': {(0, 2): {}, (0, 4): {}, (0, 7): {}}}",[],-inf,-inf,True,False,False,0,[],0,0.0,8.0,3.0
181,33,3,2052.0,5201.0,1125524.8825776405,3129667.720996448,0.3945395116323784,0.35963079244057483,45,342,0,4446.242756298483,9099,4815,4284,0.01210504718916705,0.07473002159827213,180,1.2427562984826699,4445.0,8,18,False,{},{},{},{},0.0,0.0,0.0,0.0,0.0,0.0,0.0,0.0,0.0,0.0,0.0,0.0,0.0,0.0,Leave Event,0.0,"{'node_level': {}, 'link_level': {}, 'path_level': {}}","{'node_level': {}, 'link_level': {}, 'path_level': {}}","{'node_level': {}, 'link_level': {}, 'path_level': {}}",[],-inf,-inf,True,True,False,0,[],0,0.0,,
181,33,3,2052.0,5201.0,1125524.8825776405,3129667.720996448,0.3945395116323784,0.35963079244057483,45,343,0,4451.051034257492,9099,4815,4284,0.01210504718916705,0.07473002159827213,134,1168.051034257492,3283.0,5,6,False,{},{},{},{},0.0,0.0,0.0,0.0,0.0,0.0,0.0,0.0,0.0,0.0,0.0,0.0,0.0,0.0,Leave Event,0.0,"{'node_level': {}, 'link_level': {}, 'path_level': {}}","{'node_level': {}, 'link_level': {}, 'path_level': {}}","{'node_level': {}, 'link_level': {}, 'path_level': {}}",[],-inf,-inf,True,True,False,0,[],0,0.0,,
182,33,3,2052.0,5201.0,1125524.8825776405,3129667.720996448,0.3945395116323784,0.35963079244057483,45,344,1,4473.0,9099,4815,4284,0.01210504718916705,0.07473002159827213,181,338.75415408203503,4473.0,7,12,False,"{0: np.int64(24), 1: np.int64(61), 2: np.int64(19), 3: np.int64(9), 4: np.int64(32), 5: np.int64(4), 6: np.int64(5)}","{(0, 3): []}","{(0, np.int64(24)): {'cpu': 15}, (1, np.int64(61)): {'cpu': 13}, (2, np.int64(19)): {'cpu': 6}, (3, np.int64(9)): {'cpu': 6}, (4, np.int64(32)): {'cpu': 9}, (5, np.int64(4)): {'cpu': 5}, (6, np.int64(5)): {'cpu': 18}}",{},0.0,0.0,144.0,72.0,303.0,0.0,0.0,0.0,0.0,0.0,0.0,0.0,0.0,0.0,Route Failure,100.0,"{'node_level': {}, 'link_level': {}, 'path_level': {}}","{'node_level': {0: {'cpu': -69}, 1: {'cpu': -83}, 2: {'cpu': -81}, 3: {'cpu': -51}, 4: {'cpu': -65}, 5: {'cpu': -67}, 6: {'cpu': -75}}, 'link_level': {(0, 3): {'bw': 100.0}}, 'path_level': {(0, 3): {}}}","{'node_level': {0: {'cpu': 0}, 1: {'cpu': 0}, 2: {'cpu': 0}, 3: {'cpu': 0}, 4: {'cpu': 0}, 5: {'cpu': 0}, 6: {'cpu': 0}}, 'link_level': {(0, 3): {'bw': 100.0}}, 'path_level': {(0, 3): {}}}",[],-inf,-inf,True,False,False,0,[],0,0.0,7.0,1.0
182,33,2,2052.0,5201.0,1125524.8825776405,3129667.720996448,0.3945395116323784,0.35963079244057483,45,345,0,4487.186234131041,9133,4840,4293,0.006975789905621643,0.07278617710583157,172,244.18623413104092,4243.0,2,1,False,{},{},{},{},0.0,0.0,0.0,0.0,0.0,0.0,0.0,0.0,0.0,0.0,0.0,0.0,0.0,0.0,Leave Event,0.0,"{'node_level': {}, 'link_level': {}, 'path_level': {}}","{'node_level': {}, 'link_level': {}, 'path_level': {}}","{'node_level': {}, 'link_level': {}, 'path_level': {}}",[],-inf,-inf,True,True,False,0,[],0,0.0,,
183,34,3,2138.0,5410.0,1245031.3670635428,3420096.270502885,0.3951940850277264,0.3640340120836644,47,346,1,4497.0,8924,4802,4122,0.014772260976610552,0.109719222462203,182,1389.6102847197944,4497.0,3,3,True,"{0: np.int64(24), 1: np.int64(62), 2: np.int64(40)}","{(0, 1): [(np.int64(24), 11), (11, 5), (5, 2), (2, 6), (6, 14), (14, 30), (30, 62)], (0, 2): [(np.int64(24), 40)], (1, 2): [(np.int64(62), 30), (30, 14), (14, 6), (6, 2), (2, 5), (5, 11), (11, 24), (24, 40)]}","{(0, np.int64(24)): {'cpu': 5}, (1, np.int64(62)): {'cpu': 15}, (2, np.int64(40)): {'cpu': 18}}","{((0, 1), (np.int64(24), 11)): {'bw': 3}, ((0, 1), (11, 5)): {'bw': 3}, ((0, 1), (5, 2)): {'bw': 3}, ((0, 1), (2, 6)): {'bw': 3}, ((0, 1), (6, 14)): {'bw': 3}, ((0, 1), (14, 30)): {'bw': 3}, ((0, 1), (30, 62)): {'bw': 3}, ((0, 2), (np.int64(24), 40)): {'bw': 30}, ((1, 2), (np.int64(62), 30)): {'bw': 15}, ((1, 2), (30, 14)): {'bw': 15}, ((1, 2), (14, 6)): {'bw': 15}, ((1, 2), (6, 2)): {'bw': 15}, ((1, 2), (2, 5)): {'bw': 15}, ((1, 2), (5, 11)): {'bw': 15}, ((1, 2), (11, 24)): {'bw': 15}, ((1, 2), (24, 40)): {'bw': 15}}",209.0,86.0,76.0,38.0,48.0,38.0,48.0,38.0,171.0,123.0,0.41148325358851673,290428.54950643703,119506.48448590233,571.8013611765662,Success,0.0,"{'node_level': {}, 'link_level': {}, 'path_level': {}}","{'node_level': {0: {'cpu': -79}, 1: {'cpu': -61}, 2: {'cpu': -48}}, 'link_level': {(0, 1): {'bw': -20}, (0, 2): {'bw': -35}, (1, 2): {'bw': -5}}, 'path_level': {(0, 1): {}, (0, 2): {}, (1, 2): {}}}","{'node_level': {0: {'cpu': 0}, 1: {'cpu': 0}, 2: {'cpu': 0}}, 'link_level': {(0, 1): {'bw': 0}, (0, 2): {'bw': 0}, (1, 2): {'bw': 0}}, 'path_level': {(0, 1): {}, (0, 2): {}, (1, 2): {}}}",[],-inf,-inf,True,True,False,0,[],0,0.0,3.0,3.0
183,34,3,2138.0,5410.0,1245031.3670635428,3420096.270502885,0.3951940850277264,0.3640340120836644,47,347,0,4513.5633725736,8924,4802,4122,0.014772260976610552,0.109719222462203,175,196.56337257360008,4317.0,6,9,False,{},{},{},{},0.0,0.0,0.0,0.0,0.0,0.0,0.0,0.0,0.0,0.0,0.0,0.0,0.0,0.0,Leave Event,0.0,"{'node_level': {}, 'link_level': {}, 'path_level': {}}","{'node_level': {}, 'link_level': {}, 'path_level': {}}","{'node_level': {}, 'link_level': {}, 'path_level': {}}",[],-inf,-inf,True,True,False,0,[],0,0.0,,
184,34,3,2138.0,5410.0,1245031.3670635428,3420096.270502885,0.3951940850277264,0.3640340120836644,47,348,1,4529.0,8924,4802,4122,0.014772260976610552,0.109719222462203,183,72.18164306787149,4529.0,7,14,False,"{0: np.int64(53), 1: np.int64(46), 2: np.int64(10), 3: np.int64(33), 4: np.int64(56), 5: np.int64(9), 6: np.int64(8)}","{(0, 2): [(np.int64(53), 21), (21, 10)], (0, 4): []}","{(0, np.int64(53)): {'cpu': 10}, (1, np.int64(46)): {'cpu': 6}, (2, np.int64(10)): {'cpu': 20}, (3, np.int64(33)): {'cpu': 7}, (4, np.int64(56)): {'cpu': 18}, (5, np.int64(9)): {'cpu': 19}, (6, np.int64(8)): {'cpu': 19}}","{((0, 2), (np.int64(53), 21)): {'bw': 8}, ((0, 2), (21, 10)): {'bw': 8}}",0.0,0.0,198.0,99.0,263.0,0.0,0.0,0.0,0.0,0.0,0.0,0.0,0.0,0.0,Route Failure,100.0,"{'node_level': {}, 'link_level': {}, 'path_level': {}}","{'node_level': {0: {'cpu': -55}, 1: {'cpu': -59}, 2: {'cpu': -64}, 3: {'cpu': -47}, 4: {'cpu': -40}, 5: {'cpu': -38}, 6: {'cpu': -71}}, 'link_level': {(0, 2): {'bw': -82}, (0, 4): {'bw': 100.0}}, 'path_level': {(0, 2): {}, (0, 4): {}}}","{'node_level': {0: {'cpu': 0}, 1: {'cpu': 0}, 2: {'cpu': 0}, 3: {'cpu': 0}, 4: {'cpu': 0}, 5: {'cpu': 0}, 6: {'cpu': 0}}, 'link_level': {(0, 2): {'bw': 0}, (0, 4): {'bw': 100.0}}, 'path_level': {(0, 2): {}, (0, 4): {}}}",[],-inf,-inf,True,False,False,0,[],0,0.0,7.0,2.0
185,34,3,2138.0,5410.0,1245031.3670635428,3420096.270502885,0.3951940850277264,0.3640340120836644,47,349,1,4548.0,8924,4802,4122,0.014772260976610552,0.109719222462203,184,140.5148830367041,4548.0,6,6,False,"{0: np.int64(52), 1: np.int64(37), 2: np.int64(6), 3: np.int64(17), 4: np.int64(25), 5: np.int64(34)}","{(0, 1): [(np.int64(52), 20), (20, 9), (9, 4), (4, 10), (10, 21), (21, 37)], (0, 5): [(np.int64(52), 20), (20, 9), (9, 4), (4, 1), (1, 3), (3, 8), (8, 18), (18, 34)], (1, 2): []}","{(0, np.int64(52)): {'cpu': 5}, (1, np.int64(37)): {'cpu': 0}, (2, np.int64(6)): {'cpu': 3}, (3, np.int64(17)): {'cpu': 14}, (4, np.int64(25)): {'cpu': 9}, (5, np.int64(34)): {'cpu': 8}}","{((0, 1), (np.int64(52), 20)): {'bw': 9}, ((0, 1), (20, 9)): {'bw': 9}, ((0, 1), (9, 4)): {'bw': 9}, ((0, 1), (4, 10)): {'bw': 9}, ((0, 1), (10, 21)): {'bw': 9}, ((0, 1), (21, 37)): {'bw': 9}, ((0, 5), (np.int64(52), 20)): {'bw': 6}, ((0, 5), (20, 9)): {'bw': 6}, ((0, 5), (9, 4)): {'bw': 6}, ((0, 5), (4, 1)): {'bw': 6}, ((0, 5), (1, 3)): {'bw': 6}, ((0, 5), (3, 8)): {'bw': 6}, ((0, 5), (8, 18)): {'bw': 6}, ((0, 5), (18, 34)): {'bw': 6}}",0.0,0.0,78.0,39.0,95.0,0.0,0.0,0.0,0.0,0.0,0.0,0.0,0.0,0.0,Route Failure,100.0,"{'node_level': {}, 'link_level': {}, 'path_level': {}}","{'node_level': {0: {'cpu': -90}, 1: {'cpu': -69}, 2: {'cpu': -59}, 3: {'cpu': -62}, 4: {'cpu': -84}, 5: {'cpu': -88}}, 'link_level': {(0, 1): {'bw': -45}, (0, 5): {'bw': -39}, (1, 2): {'bw': 100.0}}, 'path_level': {(0, 1): {}, (0, 5): {}, (1, 2): {}}}","{'node_level': {0: {'cpu': 0}, 1: {'cpu': 0}, 2: {'cpu': 0}, 3: {'cpu': 0}, 4: {'cpu': 0}, 5: {'cpu': 0}}, 'link_level': {(0, 1): {'bw': 0}, (0, 5): {'bw': 0}, (1, 2): {'bw': 100.0}}, 'path_level': {(0, 1): {}, (0, 5): {}, (1, 2): {}}}",[],-inf,-inf,True,False,False,0,[],0,0.0,6.0,3.0
185,34,3,2138.0,5410.0,1245031.3670635428,3420096.270502885,0.3951940850277264,0.3640340120836644,47,350,0,4566.295314721212,8924,4802,4122,0.014772260976610552,0.109719222462203,128,1427.2953147212122,3139.0,7,10,False,{},{},{},{},0.0,0.0,0.0,0.0,0.0,0.0,0.0,0.0,0.0,0.0,0.0,0.0,0.0,0.0,Leave Event,0.0,"{'node_level': {}, 'link_level': {}, 'path_level': {}}","{'node_level': {}, 'link_level': {}, 'path_level': {}}","{'node_level': {}, 'link_level': {}, 'path_level': {}}",[],-inf,-inf,True,True,False,0,[],0,0.0,,
186,34,3,2138.0,5410.0,1245031.3670635428,3420096.270502885,0.3951940850277264,0.3640340120836644,47,351,1,4572.0,8924,4802,4122,0.014772260976610552,0.109719222462203,185,351.66130815657266,4572.0,10,23,False,"{0: np.int64(0), 1: np.int64(3), 2: np.int64(46), 3: np.int64(52), 4: np.int64(56), 5: np.int64(51), 6: np.int64(41), 7: np.int64(48), 8: np.int64(55), 9: np.int64(11)}","{(0, 2): []}","{(0, np.int64(0)): {'cpu': 1}, (1, np.int64(3)): {'cpu': 17}, (2, np.int64(46)): {'cpu': 10}, (3, np.int64(52)): {'cpu': 18}, (4, np.int64(56)): {'cpu': 2}, (5, np.int64(51)): {'cpu': 8}, (6, np.int64(41)): {'cpu': 6}, (7, np.int64(48)): {'cpu': 1}, (8, np.int64(55)): {'cpu': 20}, (9, np.int64(11)): {'cpu': 9}}",{},0.0,0.0,184.0,92.0,494.0,0.0,0.0,0.0,0.0,0.0,0.0,0.0,0.0,0.0,Route Failure,100.0,"{'node_level': {}, 'link_level': {}, 'path_level': {}}","{'node_level': {0: {'cpu': -89}, 1: {'cpu': -41}, 2: {'cpu': -55}, 3: {'cpu': -77}, 4: {'cpu': -56}, 5: {'cpu': -92}, 6: {'cpu': -90}, 7: {'cpu': -88}, 8: {'cpu': -75}, 9: {'cpu': -90}}, 'link_level': {(0, 2): {'bw': 100.0}}, 'path_level': {(0, 2): {}}}","{'node_level': {0: {'cpu': 0}, 1: {'cpu': 0}, 2: {'cpu': 0}, 3: {'cpu': 0}, 4: {'cpu': 0}, 5: {'cpu': 0}, 6: {'cpu': 0}, 7: {'cpu': 0}, 8: {'cpu': 0}, 9: {'cpu': 0}}, 'link_level': {(0, 2): {'bw': 100.0}}, 'path_level': {(0, 2): {}}}",[],-inf,-inf,True,False,False,0,[],0,0.0,10.0,1.0
187,35,4,2225.0,5607.0,1294382.7098679994,3531845.8628302175,0.3968253968253968,0.36648901456609884,49,352,1,4600.0,8727,4764,3963,0.02256873204759946,0.14406047516198706,186,567.2568138443279,4600.0,5,5,True,"{0: np.int64(31), 1: np.int64(47), 2: np.int64(3), 3: np.int64(20), 4: np.int64(18)}","{(0, 1): [(np.int64(31), 15), (15, 47)], (1, 2): [(np.int64(47), 15), (15, 7), (7, 3)], (1, 3): [(np.int64(47), 15), (15, 7), (7, 3), (3, 1), (1, 4), (4, 9), (9, 20)], (1, 4): [(np.int64(47), 15), (15, 7), (7, 3), (3, 8), (8, 18)], (3, 4): [(np.int64(20), 9), (9, 4), (4, 1), (1, 3), (3, 8), (8, 18)]}","{(0, np.int64(31)): {'cpu': 5}, (1, np.int64(47)): {'cpu': 9}, (2, np.int64(3)): {'cpu': 18}, (3, np.int64(20)): {'cpu': 6}, (4, np.int64(18)): {'cpu': 0}}","{((0, 1), (np.int64(31), 15)): {'bw': 4}, ((0, 1), (15, 47)): {'bw': 4}, ((1, 2), (np.int64(47), 15)): {'bw': 39}, ((1, 2), (15, 7)): {'bw': 39}, ((1, 2), (7, 3)): {'bw': 39}, ((1, 3), (np.int64(47), 15)): {'bw': 2}, ((1, 3), (15, 7)): {'bw': 2}, ((1, 3), (7, 3)): {'bw': 2}, ((1, 3), (3, 1)): {'bw': 2}, ((1, 3), (1, 4)): {'bw': 2}, ((1, 3), (4, 9)): {'bw': 2}, ((1, 3), (9, 20)): {'bw': 2}, ((1, 4), (np.int64(47), 15)): {'bw': 4}, ((1, 4), (15, 7)): {'bw': 4}, ((1, 4), (7, 3)): {'bw': 4}, ((1, 4), (3, 8)): {'bw': 4}, ((1, 4), (8, 18)): {'bw': 4}, ((3, 4), (np.int64(20), 9)): {'bw': 0}, ((3, 4), (9, 4)): {'bw': 0}, ((3, 4), (4, 1)): {'bw': 0}, ((3, 4), (1, 3)): {'bw': 0}, ((3, 4), (3, 8)): {'bw': 0}, ((3, 4), (8, 18)): {'bw': 0}}",197.0,87.0,76.0,38.0,49.0,38.0,49.0,38.0,159.0,110.0,0.4416243654822335,111749.59232733259,49351.34280445653,250.51443047947475,Success,0.0,"{'node_level': {}, 'link_level': {}, 'path_level': {}}","{'node_level': {0: {'cpu': -50}, 1: {'cpu': -90}, 2: {'cpu': -40}, 3: {'cpu': -83}, 4: {'cpu': -70}}, 'link_level': {(0, 1): {'bw': -83}, (1, 2): {'bw': -19}, (1, 3): {'bw': -17}, (1, 4): {'bw': -13}, (3, 4): {'bw': -52}}, 'path_level': {(0, 1): {}, (1, 2): {}, (1, 3): {}, (1, 4): {}, (3, 4): {}}}","{'node_level': {0: {'cpu': 0}, 1: {'cpu': 0}, 2: {'cpu': 0}, 3: {'cpu': 0}, 4: {'cpu': 0}}, 'link_level': {(0, 1): {'bw': 0}, (1, 2): {'bw': 0}, (1, 3): {'bw': 0}, (1, 4): {'bw': 0}, (3, 4): {'bw': 0}}, 'path_level': {(0, 1): {}, (1, 2): {}, (1, 3): {}, (1, 4): {}, (3, 4): {}}}",[],-inf,-inf,True,True,False,0,[],0,0.0,5.0,5.0
187,35,4,2225.0,5607.0,1294382.7098679994,3531845.8628302175,0.3968253968253968,0.36648901456609884,49,353,0,4601.181643067872,8727,4764,3963,0.02256873204759946,0.14406047516198706,183,72.18164306787149,4529.0,7,14,False,{},{},{},{},0.0,0.0,0.0,0.0,0.0,0.0,0.0,0.0,0.0,0.0,0.0,0.0,0.0,0.0,Leave Event,0.0,"{'node_level': {}, 'link_level': {}, 'path_level': {}}","{'node_level': {}, 'link_level': {}, 'path_level': {}}","{'node_level': {}, 'link_level': {}, 'path_level': {}}",[],-inf,-inf,True,True,False,0,[],0,0.0,,
188,35,4,2225.0,5607.0,1294382.7098679994,3531845.8628302175,0.3968253968253968,0.36648901456609884,49,354,1,4626.0,8727,4764,3963,0.02256873204759946,0.14406047516198706,187,202.3027070881677,4626.0,6,8,False,"{0: np.int64(49), 1: np.int64(24), 2: np.int64(34), 3: np.int64(22), 4: np.int64(31), 5: np.int64(9)}","{(0, 1): [(np.int64(49), 17), (17, 8), (8, 3), (3, 1), (1, 0), (0, 2), (2, 5), (5, 11), (11, 24)], (0, 5): [(np.int64(49), 17), (17, 8), (8, 3), (3, 1), (1, 4), (4, 9)], (1, 4): []}","{(0, np.int64(49)): {'cpu': 8}, (1, np.int64(24)): {'cpu': 1}, (2, np.int64(34)): {'cpu': 7}, (3, np.int64(22)): {'cpu': 11}, (4, np.int64(31)): {'cpu': 3}, (5, np.int64(9)): {'cpu': 10}}","{((0, 1), (np.int64(49), 17)): {'bw': 1}, ((0, 1), (17, 8)): {'bw': 1}, ((0, 1), (8, 3)): {'bw': 1}, ((0, 1), (3, 1)): {'bw': 1}, ((0, 1), (1, 0)): {'bw': 1}, ((0, 1), (0, 2)): {'bw': 1}, ((0, 1), (2, 5)): {'bw': 1}, ((0, 1), (5, 11)): {'bw': 1}, ((0, 1), (11, 24)): {'bw': 1}, ((0, 5), (np.int64(49), 17)): {'bw': 2}, ((0, 5), (17, 8)): {'bw': 2}, ((0, 5), (8, 3)): {'bw': 2}, ((0, 5), (3, 1)): {'bw': 2}, ((0, 5), (1, 4)): {'bw': 2}, ((0, 5), (4, 9)): {'bw': 2}}",0.0,0.0,80.0,40.0,141.0,0.0,0.0,0.0,0.0,0.0,0.0,0.0,0.0,0.0,Route Failure,100.0,"{'node_level': {}, 'link_level': {}, 'path_level': {}}","{'node_level': {0: {'cpu': -88}, 1: {'cpu': -78}, 2: {'cpu': -89}, 3: {'cpu': -77}, 4: {'cpu': -47}, 5: {'cpu': -47}}, 'link_level': {(0, 1): {'bw': -9}, (0, 5): {'bw': -55}, (1, 4): {'bw': 100.0}}, 'path_level': {(0, 1): {}, (0, 5): {}, (1, 4): {}}}","{'node_level': {0: {'cpu': 0}, 1: {'cpu': 0}, 2: {'cpu': 0}, 3: {'cpu': 0}, 4: {'cpu': 0}, 5: {'cpu': 0}}, 'link_level': {(0, 1): {'bw': 0}, (0, 5): {'bw': 0}, (1, 4): {'bw': 100.0}}, 'path_level': {(0, 1): {}, (0, 5): {}, (1, 4): {}}}",[],-inf,-inf,True,False,False,0,[],0,0.0,6.0,3.0
189,35,4,2225.0,5607.0,1294382.7098679994,3531845.8628302175,0.3968253968253968,0.36648901456609884,49,355,1,4656.0,8727,4764,3963,0.02256873204759946,0.14406047516198706,188,182.90445998288826,4656.0,8,14,False,"{0: np.int64(13), 1: np.int64(58), 2: np.int64(24), 3: np.int64(28), 4: np.int64(56), 5: np.int64(52), 6: np.int64(29), 7: np.int64(41)}","{(0, 3): [(np.int64(13), 28)], (0, 4): []}","{(0, np.int64(13)): {'cpu': 11}, (1, np.int64(58)): {'cpu': 4}, (2, np.int64(24)): {'cpu': 20}, (3, np.int64(28)): {'cpu': 6}, (4, np.int64(56)): {'cpu': 8}, (5, np.int64(52)): {'cpu': 2}, (6, np.int64(29)): {'cpu': 15}, (7, np.int64(41)): {'cpu': 6}}","{((0, 3), (np.int64(13), 28)): {'bw': 27}}",0.0,0.0,144.0,72.0,304.0,0.0,0.0,0.0,0.0,0.0,0.0,0.0,0.0,0.0,Route Failure,100.0,"{'node_level': {}, 'link_level': {}, 'path_level': {}}","{'node_level': {0: {'cpu': -50}, 1: {'cpu': -68}, 2: {'cpu': -59}, 3: {'cpu': -86}, 4: {'cpu': -50}, 5: {'cpu': -93}, 6: {'cpu': -68}, 7: {'cpu': -90}}, 'link_level': {(0, 3): {'bw': -49}, (0, 4): {'bw': 100.0}}, 'path_level': {(0, 3): {}, (0, 4): {}}}","{'node_level': {0: {'cpu': 0}, 1: {'cpu': 0}, 2: {'cpu': 0}, 3: {'cpu': 0}, 4: {'cpu': 0}, 5: {'cpu': 0}, 6: {'cpu': 0}, 7: {'cpu': 0}}, 'link_level': {(0, 3): {'bw': 0}, (0, 4): {'bw': 100.0}}, 'path_level': {(0, 3): {}, (0, 4): {}}}",[],-inf,-inf,True,False,False,0,[],0,0.0,8.0,2.0
189,35,4,2225.0,5607.0,1294382.7098679994,3531845.8628302175,0.3968253968253968,0.36648901456609884,49,356,0,4663.296916307002,8727,4764,3963,0.02256873204759946,0.14406047516198706,174,370.2969163070019,4293.0,4,4,False,{},{},{},{},0.0,0.0,0.0,0.0,0.0,0.0,0.0,0.0,0.0,0.0,0.0,0.0,0.0,0.0,Leave Event,0.0,"{'node_level': {}, 'link_level': {}, 'path_level': {}}","{'node_level': {}, 'link_level': {}, 'path_level': {}}","{'node_level': {}, 'link_level': {}, 'path_level': {}}",[],-inf,-inf,True,True,False,0,[],0,0.0,,
190,36,5,2353.0,6139.0,1390075.986783331,3929571.0450095646,0.3832871803225281,0.353747513624594,49,357,1,4672.0,8195,4716,3479,0.03241690603200653,0.24859611231101508,189,747.6037259010285,4672.0,4,3,True,"{0: np.int64(33), 1: np.int64(1), 2: np.int64(53), 3: np.int64(19)}","{(0, 2): [(np.int64(33), 17), (17, 8), (8, 3), (3, 1), (1, 4), (4, 10), (10, 21), (21, 53)], (1, 2): [(np.int64(1), 4), (4, 10), (10, 21), (21, 53)], (1, 3): [(np.int64(1), 4), (4, 9), (9, 19)]}","{(0, np.int64(33)): {'cpu': 8}, (1, np.int64(1)): {'cpu': 20}, (2, np.int64(53)): {'cpu': 3}, (3, np.int64(19)): {'cpu': 17}}","{((0, 2), (np.int64(33), 17)): {'bw': 47}, ((0, 2), (17, 8)): {'bw': 47}, ((0, 2), (8, 3)): {'bw': 47}, ((0, 2), (3, 1)): {'bw': 47}, ((0, 2), (1, 4)): {'bw': 47}, ((0, 2), (4, 10)): {'bw': 47}, ((0, 2), (10, 21)): {'bw': 47}, ((0, 2), (21, 53)): {'bw': 47}, ((1, 2), (np.int64(1), 4)): {'bw': 9}, ((1, 2), (4, 10)): {'bw': 9}, ((1, 2), (10, 21)): {'bw': 9}, ((1, 2), (21, 53)): {'bw': 9}, ((1, 3), (np.int64(1), 4)): {'bw': 24}, ((1, 3), (4, 9)): {'bw': 24}, ((1, 3), (9, 19)): {'bw': 24}}",532.0,128.0,96.0,48.0,80.0,48.0,80.0,48.0,484.0,404.0,0.24060150375939848,397725.18217934715,95693.27691533165,179.87458066791663,Success,0.0,"{'node_level': {}, 'link_level': {}, 'path_level': {}}","{'node_level': {0: {'cpu': -46}, 1: {'cpu': -32}, 2: {'cpu': -62}, 3: {'cpu': -70}}, 'link_level': {(0, 2): {'bw': -11}, (1, 2): {'bw': -24}, (1, 3): {'bw': 0}}, 'path_level': {(0, 2): {}, (1, 2): {}, (1, 3): {}}}","{'node_level': {0: {'cpu': 0}, 1: {'cpu': 0}, 2: {'cpu': 0}, 3: {'cpu': 0}}, 'link_level': {(0, 2): {'bw': 0}, (1, 2): {'bw': 0}, (1, 3): {'bw': 0}}, 'path_level': {(0, 2): {}, (1, 2): {}, (1, 3): {}}}",[],-inf,-inf,True,True,False,0,[],0,0.0,4.0,3.0
190,36,5,2353.0,6139.0,1390075.986783331,3929571.0450095646,0.3832871803225281,0.353747513624594,49,358,0,4688.514883036704,8195,4716,3479,0.03241690603200653,0.24859611231101508,184,140.5148830367041,4548.0,6,6,False,{},{},{},{},0.0,0.0,0.0,0.0,0.0,0.0,0.0,0.0,0.0,0.0,0.0,0.0,0.0,0.0,Leave Event,0.0,"{'node_level': {}, 'link_level': {}, 'path_level': {}}","{'node_level': {}, 'link_level': {}, 'path_level': {}}","{'node_level': {}, 'link_level': {}, 'path_level': {}}",[],-inf,-inf,True,True,False,0,[],0,0.0,,
191,36,5,2353.0,6139.0,1390075.986783331,3929571.0450095646,0.3832871803225281,0.353747513624594,49,359,1,4693.0,8195,4716,3479,0.03241690603200653,0.24859611231101508,190,16.702874317876375,4693.0,6,7,False,"{0: np.int64(58), 1: np.int64(52), 2: np.int64(22), 3: np.int64(16), 4: np.int64(57), 5: np.int64(41)}","{(0, 1): []}","{(0, np.int64(58)): {'cpu': 0}, (1, np.int64(52)): {'cpu': 6}, (2, np.int64(22)): {'cpu': 13}, (3, np.int64(16)): {'cpu': 8}, (4, np.int64(57)): {'cpu': 18}, (5, np.int64(41)): {'cpu': 13}}",{},0.0,0.0,116.0,58.0,275.0,0.0,0.0,0.0,0.0,0.0,0.0,0.0,0.0,0.0,Route Failure,100.0,"{'node_level': {}, 'link_level': {}, 'path_level': {}}","{'node_level': {0: {'cpu': -72}, 1: {'cpu': -89}, 2: {'cpu': -75}, 3: {'cpu': -73}, 4: {'cpu': -49}, 5: {'cpu': -83}}, 'link_level': {(0, 1): {'bw': 100.0}}, 'path_level': {(0, 1): {}}}","{'node_level': {0: {'cpu': 0}, 1: {'cpu': 0}, 2: {'cpu': 0}, 3: {'cpu': 0}, 4: {'cpu': 0}, 5: {'cpu': 0}}, 'link_level': {(0, 1): {'bw': 100.0}}, 'path_level': {(0, 1): {}}}",[],-inf,-inf,True,False,False,0,[],0,0.0,6.0,1.0
191,36,5,2353.0,6139.0,1390075.986783331,3929571.0450095646,0.3832871803225281,0.353747513624594,49,360,0,4693.151850789503,8195,4716,3479,0.03241690603200653,0.24859611231101508,169,517.1518507895037,4176.0,3,2,False,{},{},{},{},0.0,0.0,0.0,0.0,0.0,0.0,0.0,0.0,0.0,0.0,0.0,0.0,0.0,0.0,Leave Event,0.0,"{'node_level': {}, 'link_level': {}, 'path_level': {}}","{'node_level': {}, 'link_level': {}, 'path_level': {}}","{'node_level': {}, 'link_level': {}, 'path_level': {}}",[],-inf,-inf,True,True,False,0,[],0,0.0,,
191,36,5,2353.0,6139.0,1390075.986783331,3929571.0450095646,0.3832871803225281,0.353747513624594,49,361,0,4709.702874317876,8195,4716,3479,0.03241690603200653,0.24859611231101508,190,16.702874317876375,4693.0,6,7,False,{},{},{},{},0.0,0.0,0.0,0.0,0.0,0.0,0.0,0.0,0.0,0.0,0.0,0.0,0.0,0.0,Leave Event,0.0,"{'node_level': {}, 'link_level': {}, 'path_level': {}}","{'node_level': {}, 'link_level': {}, 'path_level': {}}","{'node_level': {}, 'link_level': {}, 'path_level': {}}",[],-inf,-inf,True,True,False,0,[],0,0.0,,
192,36,5,2353.0,6139.0,1390075.986783331,3929571.0450095646,0.3832871803225281,0.353747513624594,49,362,1,4719.0,8195,4716,3479,0.03241690603200653,0.24859611231101508,191,770.4175710640617,4719.0,9,19,False,"{0: np.int64(59), 1: np.int64(32), 2: np.int64(19), 3: np.int64(38), 4: np.int64(14), 5: np.int64(9), 6: np.int64(61), 7: np.int64(28), 8: np.int64(47)}","{(0, 3): []}","{(0, np.int64(59)): {'cpu': 17}, (1, np.int64(32)): {'cpu': 11}, (2, np.int64(19)): {'cpu': 10}, (3, np.int64(38)): {'cpu': 3}, (4, np.int64(14)): {'cpu': 6}, (5, np.int64(9)): {'cpu': 1}, (6, np.int64(61)): {'cpu': 1}, (7, np.int64(28)): {'cpu': 9}, (8, np.int64(47)): {'cpu': 4}}",{},0.0,0.0,124.0,62.0,540.0,0.0,0.0,0.0,0.0,0.0,0.0,0.0,0.0,0.0,Route Failure,100.0,"{'node_level': {}, 'link_level': {}, 'path_level': {}}","{'node_level': {0: {'cpu': -42}, 1: {'cpu': -63}, 2: {'cpu': -60}, 3: {'cpu': -78}, 4: {'cpu': -65}, 5: {'cpu': -56}, 6: {'cpu': -95}, 7: {'cpu': -83}, 8: {'cpu': -86}}, 'link_level': {(0, 3): {'bw': 100.0}}, 'path_level': {(0, 3): {}}}","{'node_level': {0: {'cpu': 0}, 1: {'cpu': 0}, 2: {'cpu': 0}, 3: {'cpu': 0}, 4: {'cpu': 0}, 5: {'cpu': 0}, 6: {'cpu': 0}, 7: {'cpu': 0}, 8: {'cpu': 0}}, 'link_level': {(0, 3): {'bw': 100.0}}, 'path_level': {(0, 3): {}}}",[],-inf,-inf,True,False,False,0,[],0,0.0,9.0,1.0
192,36,5,2353.0,6139.0,1390075.986783331,3929571.0450095646,0.3832871803225281,0.353747513624594,49,363,0,4729.700486173691,8195,4716,3479,0.03241690603200653,0.24859611231101508,101,2248.700486173692,2481.0,9,22,False,{},{},{},{},0.0,0.0,0.0,0.0,0.0,0.0,0.0,0.0,0.0,0.0,0.0,0.0,0.0,0.0,Leave Event,0.0,"{'node_level': {}, 'link_level': {}, 'path_level': {}}","{'node_level': {}, 'link_level': {}, 'path_level': {}}","{'node_level': {}, 'link_level': {}, 'path_level': {}}",[],-inf,-inf,True,True,False,0,[],0,0.0,,
192,36,5,2353.0,6139.0,1390075.986783331,3929571.0450095646,0.3832871803225281,0.353747513624594,49,364,0,4737.202762759606,8195,4716,3479,0.03241690603200653,0.24859611231101508,173,472.2027627596061,4265.0,3,3,False,{},{},{},{},0.0,0.0,0.0,0.0,0.0,0.0,0.0,0.0,0.0,0.0,0.0,0.0,0.0,0.0,Leave Event,0.0,"{'node_level': {}, 'link_level': {}, 'path_level': {}}","{'node_level': {}, 'link_level': {}, 'path_level': {}}","{'node_level': {}, 'link_level': {}, 'path_level': {}}",[],-inf,-inf,True,True,False,0,[],0,0.0,,
192,36,5,2353.0,6139.0,1390075.986783331,3929571.0450095646,0.3832871803225281,0.353747513624594,49,365,0,4739.386290841434,8195,4716,3479,0.03241690603200653,0.24859611231101508,168,584.3862908414336,4155.0,9,13,False,{},{},{},{},0.0,0.0,0.0,0.0,0.0,0.0,0.0,0.0,0.0,0.0,0.0,0.0,0.0,0.0,Leave Event,0.0,"{'node_level': {}, 'link_level': {}, 'path_level': {}}","{'node_level': {}, 'link_level': {}, 'path_level': {}}","{'node_level': {}, 'link_level': {}, 'path_level': {}}",[],-inf,-inf,True,True,False,0,[],0,0.0,,
193,36,5,2353.0,6139.0,1390075.986783331,3929571.0450095646,0.3832871803225281,0.353747513624594,49,366,1,4747.0,8195,4716,3479,0.03241690603200653,0.24859611231101508,192,279.78064098813286,4747.0,7,11,False,"{0: np.int64(25), 1: np.int64(41), 2: np.int64(22), 3: np.int64(19), 4: np.int64(54), 5: np.int64(18), 6: np.int64(36)}","{(0, 1): [(np.int64(25), 41)], (0, 2): []}","{(0, np.int64(25)): {'cpu': 2}, (1, np.int64(41)): {'cpu': 9}, (2, np.int64(22)): {'cpu': 6}, (3, np.int64(19)): {'cpu': 18}, (4, np.int64(54)): {'cpu': 3}, (5, np.int64(18)): {'cpu': 11}, (6, np.int64(36)): {'cpu': 17}}","{((0, 1), (np.int64(25), 41)): {'bw': 28}}",0.0,0.0,132.0,66.0,283.0,0.0,0.0,0.0,0.0,0.0,0.0,0.0,0.0,0.0,Route Failure,100.0,"{'node_level': {}, 'link_level': {}, 'path_level': {}}","{'node_level': {0: {'cpu': -91}, 1: {'cpu': -87}, 2: {'cpu': -82}, 3: {'cpu': -52}, 4: {'cpu': -88}, 5: {'cpu': -59}, 6: {'cpu': -64}}, 'link_level': {(0, 1): {'bw': -35}, (0, 2): {'bw': 100.0}}, 'path_level': {(0, 1): {}, (0, 2): {}}}","{'node_level': {0: {'cpu': 0}, 1: {'cpu': 0}, 2: {'cpu': 0}, 3: {'cpu': 0}, 4: {'cpu': 0}, 5: {'cpu': 0}, 6: {'cpu': 0}}, 'link_level': {(0, 1): {'bw': 0}, (0, 2): {'bw': 100.0}}, 'path_level': {(0, 1): {}, (0, 2): {}}}",[],-inf,-inf,True,False,False,0,[],0,0.0,7.0,2.0
194,36,5,2353.0,6139.0,1390075.986783331,3929571.0450095646,0.3832871803225281,0.353747513624594,49,367,1,4770.0,8195,4716,3479,0.03241690603200653,0.24859611231101508,193,495.78935385999097,4770.0,3,3,False,"{0: np.int64(12), 1: np.int64(27), 2: np.int64(50)}","{(0, 1): []}","{(0, np.int64(12)): {'cpu': 15}, (1, np.int64(27)): {'cpu': 0}, (2, np.int64(50)): {'cpu': 16}}",{},0.0,0.0,62.0,31.0,31.0,0.0,0.0,0.0,0.0,0.0,0.0,0.0,0.0,0.0,Route Failure,100.0,"{'node_level': {}, 'link_level': {}, 'path_level': {}}","{'node_level': {0: {'cpu': -66}, 1: {'cpu': -81}, 2: {'cpu': -42}}, 'link_level': {(0, 1): {'bw': 100.0}}, 'path_level': {(0, 1): {}}}","{'node_level': {0: {'cpu': 0}, 1: {'cpu': 0}, 2: {'cpu': 0}}, 'link_level': {(0, 1): {'bw': 100.0}}, 'path_level': {(0, 1): {}}}",[],-inf,-inf,True,False,False,0,[],0,0.0,3.0,1.0
195,36,5,2353.0,6139.0,1390075.986783331,3929571.0450095646,0.3832871803225281,0.353747513624594,49,368,1,4796.0,8195,4716,3479,0.03241690603200653,0.24859611231101508,194,611.2432736368179,4796.0,5,5,False,"{0: np.int64(34), 1: np.int64(53), 2: np.int64(45), 3: np.int64(39), 4: np.int64(14)}","{(0, 1): []}","{(0, np.int64(34)): {'cpu': 1}, (1, np.int64(53)): {'cpu': 19}, (2, np.int64(45)): {'cpu': 4}, (3, np.int64(39)): {'cpu': 0}, (4, np.int64(14)): {'cpu': 4}}",{},0.0,0.0,56.0,28.0,123.0,0.0,0.0,0.0,0.0,0.0,0.0,0.0,0.0,0.0,Route Failure,100.0,"{'node_level': {}, 'link_level': {}, 'path_level': {}}","{'node_level': {0: {'cpu': -95}, 1: {'cpu': -43}, 2: {'cpu': -72}, 3: {'cpu': -52}, 4: {'cpu': -67}}, 'link_level': {(0, 1): {'bw': 100.0}}, 'path_level': {(0, 1): {}}}","{'node_level': {0: {'cpu': 0}, 1: {'cpu': 0}, 2: {'cpu': 0}, 3: {'cpu': 0}, 4: {'cpu': 0}}, 'link_level': {(0, 1): {'bw': 100.0}}, 'path_level': {(0, 1): {}}}",[],-inf,-inf,True,False,False,0,[],0,0.0,5.0,1.0
195,36,5,2353.0,6139.0,1390075.986783331,3929571.0450095646,0.3832871803225281,0.353747513624594,49,369,0,4811.754154082035,8195,4716,3479,0.03241690603200653,0.24859611231101508,181,338.75415408203503,4473.0,7,12,False,{},{},{},{},0.0,0.0,0.0,0.0,0.0,0.0,0.0,0.0,0.0,0.0,0.0,0.0,0.0,0.0,Leave Event,0.0,"{'node_level': {}, 'link_level': {}, 'path_level': {}}","{'node_level': {}, 'link_level': {}, 'path_level': {}}","{'node_level': {}, 'link_level': {}, 'path_level': {}}",[],-inf,-inf,True,True,False,0,[],0,0.0,,
196,36,5,2353.0,6139.0,1390075.986783331,3929571.0450095646,0.3832871803225281,0.353747513624594,49,370,1,4823.0,8195,4716,3479,0.03241690603200653,0.24859611231101508,195,51.830219371393,4823.0,9,19,False,"{0: np.int64(14), 1: np.int64(8), 2: np.int64(28), 3: np.int64(47), 4: np.int64(39), 5: np.int64(23), 6: np.int64(32), 7: np.int64(50), 8: np.int64(42)}","{(0, 3): []}","{(0, np.int64(14)): {'cpu': 1}, (1, np.int64(8)): {'cpu': 0}, (2, np.int64(28)): {'cpu': 5}, (3, np.int64(47)): {'cpu': 4}, (4, np.int64(39)): {'cpu': 0}, (5, np.int64(23)): {'cpu': 4}, (6, np.int64(32)): {'cpu': 15}, (7, np.int64(50)): {'cpu': 4}, (8, np.int64(42)): {'cpu': 8}}",{},0.0,0.0,82.0,41.0,560.0,0.0,0.0,0.0,0.0,0.0,0.0,0.0,0.0,0.0,Route Failure,100.0,"{'node_level': {}, 'link_level': {}, 'path_level': {}}","{'node_level': {0: {'cpu': -70}, 1: {'cpu': -90}, 2: {'cpu': -87}, 3: {'cpu': -86}, 4: {'cpu': -52}, 5: {'cpu': -50}, 6: {'cpu': -59}, 7: {'cpu': -54}, 8: {'cpu': -54}}, 'link_level': {(0, 3): {'bw': 100.0}}, 'path_level': {(0, 3): {}}}","{'node_level': {0: {'cpu': 0}, 1: {'cpu': 0}, 2: {'cpu': 0}, 3: {'cpu': 0}, 4: {'cpu': 0}, 5: {'cpu': 0}, 6: {'cpu': 0}, 7: {'cpu': 0}, 8: {'cpu': 0}}, 'link_level': {(0, 3): {'bw': 100.0}}, 'path_level': {(0, 3): {}}}",[],-inf,-inf,True,False,False,0,[],0,0.0,9.0,1.0
196,36,5,2353.0,6139.0,1390075.986783331,3929571.0450095646,0.3832871803225281,0.353747513624594,49,371,0,4828.302707088168,8195,4716,3479,0.03241690603200653,0.24859611231101508,187,202.3027070881677,4626.0,6,8,False,{},{},{},{},0.0,0.0,0.0,0.0,0.0,0.0,0.0,0.0,0.0,0.0,0.0,0.0,0.0,0.0,Leave Event,0.0,"{'node_level': {}, 'link_level': {}, 'path_level': {}}","{'node_level': {}, 'link_level': {}, 'path_level': {}}","{'node_level': {}, 'link_level': {}, 'path_level': {}}",[],-inf,-inf,True,True,False,0,[],0,0.0,,
196,36,5,2353.0,6139.0,1390075.986783331,3929571.0450095646,0.3832871803225281,0.353747513624594,49,372,0,4838.9044599828885,8195,4716,3479,0.03241690603200653,0.24859611231101508,188,182.90445998288826,4656.0,8,14,False,{},{},{},{},0.0,0.0,0.0,0.0,0.0,0.0,0.0,0.0,0.0,0.0,0.0,0.0,0.0,0.0,Leave Event,0.0,"{'node_level': {}, 'link_level': {}, 'path_level': {}}","{'node_level': {}, 'link_level': {}, 'path_level': {}}","{'node_level': {}, 'link_level': {}, 'path_level': {}}",[],-inf,-inf,True,True,False,0,[],0,0.0,,
197,36,5,2353.0,6139.0,1390075.986783331,3929571.0450095646,0.3832871803225281,0.353747513624594,49,373,1,4847.0,8195,4716,3479,0.03241690603200653,0.24859611231101508,196,1170.902960423077,4847.0,6,7,False,"{0: np.int64(23), 1: np.int64(3), 2: np.int64(25), 3: np.int64(22), 4: np.int64(59), 5: np.int64(21)}","{(0, 2): [(np.int64(23), 11), (11, 5), (5, 12), (12, 25)], (1, 2): []}","{(0, np.int64(23)): {'cpu': 16}, (1, np.int64(3)): {'cpu': 19}, (2, np.int64(25)): {'cpu': 18}, (3, np.int64(22)): {'cpu': 6}, (4, np.int64(59)): {'cpu': 19}, (5, np.int64(21)): {'cpu': 5}}","{((0, 2), (np.int64(23), 11)): {'bw': 14}, ((0, 2), (11, 5)): {'bw': 14}, ((0, 2), (5, 12)): {'bw': 14}, ((0, 2), (12, 25)): {'bw': 14}}",0.0,0.0,166.0,83.0,164.0,0.0,0.0,0.0,0.0,0.0,0.0,0.0,0.0,0.0,Route Failure,100.0,"{'node_level': {}, 'link_level': {}, 'path_level': {}}","{'node_level': {0: {'cpu': -38}, 1: {'cpu': -21}, 2: {'cpu': -75}, 3: {'cpu': -82}, 4: {'cpu': -40}, 5: {'cpu': -48}}, 'link_level': {(0, 2): {'bw': -4}, (1, 2): {'bw': 100.0}}, 'path_level': {(0, 2): {}, (1, 2): {}}}","{'node_level': {0: {'cpu': 0}, 1: {'cpu': 0}, 2: {'cpu': 0}, 3: {'cpu': 0}, 4: {'cpu': 0}, 5: {'cpu': 0}}, 'link_level': {(0, 2): {'bw': 0}, (1, 2): {'bw': 100.0}}, 'path_level': {(0, 2): {}, (1, 2): {}}}",[],-inf,-inf,True,False,False,0,[],0,0.0,6.0,2.0
198,36,5,2353.0,6139.0,1390075.986783331,3929571.0450095646,0.3832871803225281,0.353747513624594,49,374,1,4869.0,8195,4716,3479,0.03241690603200653,0.24859611231101508,197,863.8643564780338,4869.0,7,9,False,"{0: np.int64(41), 1: np.int64(23), 2: np.int64(48), 3: np.int64(2), 4: np.int64(45), 5: np.int64(37), 6: np.int64(55)}","{(0, 4): []}","{(0, np.int64(41)): {'cpu': 6}, (1, np.int64(23)): {'cpu': 16}, (2, np.int64(48)): {'cpu': 3}, (3, np.int64(2)): {'cpu': 0}, (4, np.int64(45)): {'cpu': 8}, (5, np.int64(37)): {'cpu': 15}, (6, np.int64(55)): {'cpu': 3}}",{},0.0,0.0,102.0,51.0,182.0,0.0,0.0,0.0,0.0,0.0,0.0,0.0,0.0,0.0,Route Failure,100.0,"{'node_level': {}, 'link_level': {}, 'path_level': {}}","{'node_level': {0: {'cpu': -90}, 1: {'cpu': -38}, 2: {'cpu': -86}, 3: {'cpu': -95}, 4: {'cpu': -68}, 5: {'cpu': -54}, 6: {'cpu': -92}}, 'link_level': {(0, 4): {'bw': 100.0}}, 'path_level': {(0, 4): {}}}","{'node_level': {0: {'cpu': 0}, 1: {'cpu': 0}, 2: {'cpu': 0}, 3: {'cpu': 0}, 4: {'cpu': 0}, 5: {'cpu': 0}, 6: {'cpu': 0}}, 'link_level': {(0, 4): {'bw': 100.0}}, 'path_level': {(0, 4): {}}}",[],-inf,-inf,True,False,False,0,[],0,0.0,7.0,1.0
198,36,5,2353.0,6139.0,1390075.986783331,3929571.0450095646,0.3832871803225281,0.353747513624594,49,375,0,4874.830219371393,8195,4716,3479,0.03241690603200653,0.24859611231101508,195,51.830219371393,4823.0,9,19,False,{},{},{},{},0.0,0.0,0.0,0.0,0.0,0.0,0.0,0.0,0.0,0.0,0.0,0.0,0.0,0.0,Leave Event,0.0,"{'node_level': {}, 'link_level': {}, 'path_level': {}}","{'node_level': {}, 'link_level': {}, 'path_level': {}}","{'node_level': {}, 'link_level': {}, 'path_level': {}}",[],-inf,-inf,True,True,False,0,[],0,0.0,,
199,36,5,2353.0,6139.0,1390075.986783331,3929571.0450095646,0.3832871803225281,0.353747513624594,49,376,1,4895.0,8195,4716,3479,0.03241690603200653,0.24859611231101508,198,235.3070575801732,4895.0,3,2,False,"{0: np.int64(21), 1: np.int64(62), 2: np.int64(44)}","{(0, 1): []}","{(0, np.int64(21)): {'cpu': 16}, (1, np.int64(62)): {'cpu': 9}, (2, np.int64(44)): {'cpu': 9}}",{},0.0,0.0,68.0,34.0,50.0,0.0,0.0,0.0,0.0,0.0,0.0,0.0,0.0,0.0,Route Failure,100.0,"{'node_level': {}, 'link_level': {}, 'path_level': {}}","{'node_level': {0: {'cpu': -37}, 1: {'cpu': -52}, 2: {'cpu': -45}}, 'link_level': {(0, 1): {'bw': 100.0}}, 'path_level': {(0, 1): {}}}","{'node_level': {0: {'cpu': 0}, 1: {'cpu': 0}, 2: {'cpu': 0}}, 'link_level': {(0, 1): {'bw': 100.0}}, 'path_level': {(0, 1): {}}}",[],-inf,-inf,True,False,False,0,[],0,0.0,3.0,1.0
199,36,5,2353.0,6139.0,1390075.986783331,3929571.0450095646,0.3832871803225281,0.353747513624594,49,377,0,4923.661308156573,8195,4716,3479,0.03241690603200653,0.24859611231101508,185,351.66130815657266,4572.0,10,23,False,{},{},{},{},0.0,0.0,0.0,0.0,0.0,0.0,0.0,0.0,0.0,0.0,0.0,0.0,0.0,0.0,Leave Event,0.0,"{'node_level': {}, 'link_level': {}, 'path_level': {}}","{'node_level': {}, 'link_level': {}, 'path_level': {}}","{'node_level': {}, 'link_level': {}, 'path_level': {}}",[],-inf,-inf,True,True,False,0,[],0,0.0,,
200,36,5,2353.0,6139.0,1390075.986783331,3929571.0450095646,0.3832871803225281,0.353747513624594,49,378,1,4926.0,8195,4716,3479,0.03241690603200653,0.24859611231101508,199,108.32877082225491,4926.0,4,3,False,"{0: np.int64(51), 1: np.int64(18), 2: np.int64(33), 3: np.int64(38)}","{(0, 1): []}","{(0, np.int64(51)): {'cpu': 4}, (1, np.int64(18)): {'cpu': 9}, (2, np.int64(33)): {'cpu': 18}, (3, np.int64(38)): {'cpu': 13}}",{},0.0,0.0,88.0,44.0,99.0,0.0,0.0,0.0,0.0,0.0,0.0,0.0,0.0,0.0,Route Failure,100.0,"{'node_level': {}, 'link_level': {}, 'path_level': {}}","{'node_level': {0: {'cpu': -96}, 1: {'cpu': -61}, 2: {'cpu': -28}, 3: {'cpu': -68}}, 'link_level': {(0, 1): {'bw': 100.0}}, 'path_level': {(0, 1): {}}}","{'node_level': {0: {'cpu': 0}, 1: {'cpu': 0}, 2: {'cpu': 0}, 3: {'cpu': 0}}, 'link_level': {(0, 1): {'bw': 100.0}}, 'path_level': {(0, 1): {}}}",[],-inf,-inf,True,False,False,0,[],0,0.0,4.0,1.0
200,36,5,2353.0,6139.0,1390075.986783331,3929571.0450095646,0.3832871803225281,0.353747513624594,49,379,0,4961.388657755,8195,4716,3479,0.03241690603200653,0.24859611231101508,141,1518.3886577549997,3443.0,7,10,False,{},{},{},{},0.0,0.0,0.0,0.0,0.0,0.0,0.0,0.0,0.0,0.0,0.0,0.0,0.0,0.0,Leave Event,0.0,"{'node_level': {}, 'link_level': {}, 'path_level': {}}","{'node_level': {}, 'link_level': {}, 'path_level': {}}","{'node_level': {}, 'link_level': {}, 'path_level': {}}",[],-inf,-inf,True,True,False,0,[],0,0.0,,
200,36,5,2353.0,6139.0,1390075.986783331,3929571.0450095646,0.3832871803225281,0.353747513624594,49,380,0,5007.851820025917,8195,4716,3479,0.03241690603200653,0.24859611231101508,146,1433.8518200259173,3574.0,4,4,False,{},{},{},{},0.0,0.0,0.0,0.0,0.0,0.0,0.0,0.0,0.0,0.0,0.0,0.0,0.0,0.0,Leave Event,0.0,"{'node_level': {}, 'link_level': {}, 'path_level': {}}","{'node_level': {}, 'link_level': {}, 'path_level': {}}","{'node_level': {}, 'link_level': {}, 'path_level': {}}",[],-inf,-inf,True,True,False,0,[],0,0.0,,
200,36,5,2353.0,6139.0,1390075.986783331,3929571.0450095646,0.3832871803225281,0.353747513624594,49,381,0,5026.780640988133,8195,4716,3479,0.03241690603200653,0.24859611231101508,192,279.78064098813286,4747.0,7,11,False,{},{},{},{},0.0,0.0,0.0,0.0,0.0,0.0,0.0,0.0,0.0,0.0,0.0,0.0,0.0,0.0,Leave Event,0.0,"{'node_level': {}, 'link_level': {}, 'path_level': {}}","{'node_level': {}, 'link_level': {}, 'path_level': {}}","{'node_level': {}, 'link_level': {}, 'path_level': {}}",[],-inf,-inf,True,True,False,0,[],0,0.0,,
200,36,5,2353.0,6139.0,1390075.986783331,3929571.0450095646,0.3832871803225281,0.353747513624594,49,382,0,5028.34091749919,8195,4716,3479,0.03241690603200653,0.24859611231101508,136,1707.3409174991905,3321.0,10,20,False,{},{},{},{},0.0,0.0,0.0,0.0,0.0,0.0,0.0,0.0,0.0,0.0,0.0,0.0,0.0,0.0,Leave Event,0.0,"{'node_level': {}, 'link_level': {}, 'path_level': {}}","{'node_level': {}, 'link_level': {}, 'path_level': {}}","{'node_level': {}, 'link_level': {}, 'path_level': {}}",[],-inf,-inf,True,True,False,0,[],0,0.0,,
200,36,5,2353.0,6139.0,1390075.986783331,3929571.0450095646,0.3832871803225281,0.353747513624594,49,383,0,5034.328770822255,8195,4716,3479,0.03241690603200653,0.24859611231101508,199,108.32877082225491,4926.0,4,3,False,{},{},{},{},0.0,0.0,0.0,0.0,0.0,0.0,0.0,0.0,0.0,0.0,0.0,0.0,0.0,0.0,Leave Event,0.0,"{'node_level': {}, 'link_level': {}, 'path_level': {}}","{'node_level': {}, 'link_level': {}, 'path_level': {}}","{'node_level': {}, 'link_level': {}, 'path_level': {}}",[],-inf,-inf,True,True,False,0,[],0,0.0,,
200,36,5,2353.0,6139.0,1390075.986783331,3929571.0450095646,0.3832871803225281,0.353747513624594,49,384,0,5130.307057580173,8195,4716,3479,0.03241690603200653,0.24859611231101508,198,235.3070575801732,4895.0,3,2,False,{},{},{},{},0.0,0.0,0.0,0.0,0.0,0.0,0.0,0.0,0.0,0.0,0.0,0.0,0.0,0.0,Leave Event,0.0,"{'node_level': {}, 'link_level': {}, 'path_level': {}}","{'node_level': {}, 'link_level': {}, 'path_level': {}}","{'node_level': {}, 'link_level': {}, 'path_level': {}}",[],-inf,-inf,True,True,False,0,[],0,0.0,,
200,36,4,2353.0,6139.0,1390075.986783331,3929571.0450095646,0.3832871803225281,0.353747513624594,49,385,0,5139.209257895436,8360,4736,3624,0.028313500205170317,0.2172786177105831,102,2644.2092578954366,2495.0,2,1,False,{},{},{},{},0.0,0.0,0.0,0.0,0.0,0.0,0.0,0.0,0.0,0.0,0.0,0.0,0.0,0.0,Leave Event,0.0,"{'node_level': {}, 'link_level': {}, 'path_level': {}}","{'node_level': {}, 'link_level': {}, 'path_level': {}}","{'node_level': {}, 'link_level': {}, 'path_level': {}}",[],-inf,-inf,True,True,False,0,[],0,0.0,,
200,36,3,2353.0,6139.0,1390075.986783331,3929571.0450095646,0.3832871803225281,0.353747513624594,49,386,0,5167.256813844328,8557,4774,3783,0.020517029134181408,0.18293736501079916,186,567.2568138443279,4600.0,5,5,False,{},{},{},{},0.0,0.0,0.0,0.0,0.0,0.0,0.0,0.0,0.0,0.0,0.0,0.0,0.0,0.0,Leave Event,0.0,"{'node_level': {}, 'link_level': {}, 'path_level': {}}","{'node_level': {}, 'link_level': {}, 'path_level': {}}","{'node_level': {}, 'link_level': {}, 'path_level': {}}",[],-inf,-inf,True,True,False,0,[],0,0.0,,
200,36,3,2353.0,6139.0,1390075.986783331,3929571.0450095646,0.3832871803225281,0.353747513624594,49,387,0,5265.789353859991,8557,4774,3783,0.020517029134181408,0.18293736501079916,193,495.78935385999097,4770.0,3,3,False,{},{},{},{},0.0,0.0,0.0,0.0,0.0,0.0,0.0,0.0,0.0,0.0,0.0,0.0,0.0,0.0,Leave Event,0.0,"{'node_level': {}, 'link_level': {}, 'path_level': {}}","{'node_level': {}, 'link_level': {}, 'path_level': {}}","{'node_level': {}, 'link_level': {}, 'path_level': {}}",[],-inf,-inf,True,True,False,0,[],0,0.0,,
200,36,3,2353.0,6139.0,1390075.986783331,3929571.0450095646,0.3832871803225281,0.353747513624594,49,388,0,5281.378972983742,8557,4774,3783,0.020517029134181408,0.18293736501079916,171,1061.378972983742,4220.0,9,20,False,{},{},{},{},0.0,0.0,0.0,0.0,0.0,0.0,0.0,0.0,0.0,0.0,0.0,0.0,0.0,0.0,Leave Event,0.0,"{'node_level': {}, 'link_level': {}, 'path_level': {}}","{'node_level': {}, 'link_level': {}, 'path_level': {}}","{'node_level': {}, 'link_level': {}, 'path_level': {}}",[],-inf,-inf,True,True,False,0,[],0,0.0,,
200,36,3,2353.0,6139.0,1390075.986783331,3929571.0450095646,0.3832871803225281,0.353747513624594,49,389,0,5289.866658661814,8557,4774,3783,0.020517029134181408,0.18293736501079916,159,1367.8666586618137,3922.0,5,6,False,{},{},{},{},0.0,0.0,0.0,0.0,0.0,0.0,0.0,0.0,0.0,0.0,0.0,0.0,0.0,0.0,Leave Event,0.0,"{'node_level': {}, 'link_level': {}, 'path_level': {}}","{'node_level': {}, 'link_level': {}, 'path_level': {}}","{'node_level': {}, 'link_level': {}, 'path_level': {}}",[],-inf,-inf,True,True,False,0,[],0,0.0,,
200,36,3,2353.0,6139.0,1390075.986783331,3929571.0450095646,0.3832871803225281,0.353747513624594,49,390,0,5314.600347994635,8557,4774,3783,0.020517029134181408,0.18293736501079916,177,942.6003479946348,4372.0,8,16,False,{},{},{},{},0.0,0.0,0.0,0.0,0.0,0.0,0.0,0.0,0.0,0.0,0.0,0.0,0.0,0.0,Leave Event,0.0,"{'node_level': {}, 'link_level': {}, 'path_level': {}}","{'node_level': {}, 'link_level': {}, 'path_level': {}}","{'node_level': {}, 'link_level': {}, 'path_level': {}}",[],-inf,-inf,True,True,False,0,[],0,0.0,,
200,36,3,2353.0,6139.0,1390075.986783331,3929571.0450095646,0.3832871803225281,0.353747513624594,49,391,0,5320.812316933456,8557,4774,3783,0.020517029134181408,0.18293736501079916,178,919.812316933456,4401.0,8,18,False,{},{},{},{},0.0,0.0,0.0,0.0,0.0,0.0,0.0,0.0,0.0,0.0,0.0,0.0,0.0,0.0,Leave Event,0.0,"{'node_level': {}, 'link_level': {}, 'path_level': {}}","{'node_level': {}, 'link_level': {}, 'path_level': {}}","{'node_level': {}, 'link_level': {}, 'path_level': {}}",[],-inf,-inf,True,True,False,0,[],0,0.0,,
200,36,3,2353.0,6139.0,1390075.986783331,3929571.0450095646,0.3832871803225281,0.353747513624594,49,392,0,5407.243273636818,8557,4774,3783,0.020517029134181408,0.18293736501079916,194,611.2432736368179,4796.0,5,5,False,{},{},{},{},0.0,0.0,0.0,0.0,0.0,0.0,0.0,0.0,0.0,0.0,0.0,0.0,0.0,0.0,Leave Event,0.0,"{'node_level': {}, 'link_level': {}, 'path_level': {}}","{'node_level': {}, 'link_level': {}, 'path_level': {}}","{'node_level': {}, 'link_level': {}, 'path_level': {}}",[],-inf,-inf,True,True,False,0,[],0,0.0,,
200,36,2,2353.0,6139.0,1390075.986783331,3929571.0450095646,0.3832871803225281,0.353747513624594,49,393,0,5419.603725901028,9089,4822,4267,0.010668855149774337,0.07840172786177102,189,747.6037259010285,4672.0,4,3,False,{},{},{},{},0.0,0.0,0.0,0.0,0.0,0.0,0.0,0.0,0.0,0.0,0.0,0.0,0.0,0.0,Leave Event,0.0,"{'node_level': {}, 'link_level': {}, 'path_level': {}}","{'node_level': {}, 'link_level': {}, 'path_level': {}}","{'node_level': {}, 'link_level': {}, 'path_level': {}}",[],-inf,-inf,True,True,False,0,[],0,0.0,,
200,36,2,2353.0,6139.0,1390075.986783331,3929571.0450095646,0.3832871803225281,0.353747513624594,49,394,0,5489.417571064062,9089,4822,4267,0.010668855149774337,0.07840172786177102,191,770.4175710640617,4719.0,9,19,False,{},{},{},{},0.0,0.0,0.0,0.0,0.0,0.0,0.0,0.0,0.0,0.0,0.0,0.0,0.0,0.0,Leave Event,0.0,"{'node_level': {}, 'link_level': {}, 'path_level': {}}","{'node_level': {}, 'link_level': {}, 'path_level': {}}","{'node_level': {}, 'link_level': {}, 'path_level': {}}",[],-inf,-inf,True,True,False,0,[],0,0.0,,
200,36,1,2353.0,6139.0,1390075.986783331,3929571.0450095646,0.3832871803225281,0.353747513624594,49,395,0,5673.13527684102,9295,4836,4459,0.0077964710709889085,0.03693304535637154,176,1328.13527684102,4345.0,2,1,False,{},{},{},{},0.0,0.0,0.0,0.0,0.0,0.0,0.0,0.0,0.0,0.0,0.0,0.0,0.0,0.0,Leave Event,0.0,"{'node_level': {}, 'link_level': {}, 'path_level': {}}","{'node_level': {}, 'link_level': {}, 'path_level': {}}","{'node_level': {}, 'link_level': {}, 'path_level': {}}",[],-inf,-inf,True,True,False,0,[],0,0.0,,
200,36,1,2353.0,6139.0,1390075.986783331,3929571.0450095646,0.3832871803225281,0.353747513624594,49,396,0,5732.864356478034,9295,4836,4459,0.0077964710709889085,0.03693304535637154,197,863.8643564780338,4869.0,7,9,False,{},{},{},{},0.0,0.0,0.0,0.0,0.0,0.0,0.0,0.0,0.0,0.0,0.0,0.0,0.0,0.0,Leave Event,0.0,"{'node_level': {}, 'link_level': {}, 'path_level': {}}","{'node_level': {}, 'link_level': {}, 'path_level': {}}","{'node_level': {}, 'link_level': {}, 'path_level': {}}",[],-inf,-inf,True,True,False,0,[],0,0.0,,
200,36,0,2353.0,6139.0,1390075.986783331,3929571.0450095646,0.3832871803225281,0.353747513624594,49,397,0,5886.610284719794,9504,4874,4630,0.0,0.0,182,1389.6102847197944,4497.0,3,3,False,{},{},{},{},0.0,0.0,0.0,0.0,0.0,0.0,0.0,0.0,0.0,0.0,0.0,0.0,0.0,0.0,Leave Event,0.0,"{'node_level': {}, 'link_level': {}, 'path_level': {}}","{'node_level': {}, 'link_level': {}, 'path_level': {}}","{'node_level': {}, 'link_level': {}, 'path_level': {}}",[],-inf,-inf,True,True,False,0,[],0,0.0,,
200,36,0,2353.0,6139.0,1390075.986783331,3929571.0450095646,0.3832871803225281,0.353747513624594,49,398,0,5967.704179478307,9504,4874,4630,0.0,0.0,179,1542.7041794783074,4425.0,10,22,False,{},{},{},{},0.0,0.0,0.0,0.0,0.0,0.0,0.0,0.0,0.0,0.0,0.0,0.0,0.0,0.0,Leave Event,0.0,"{'node_level': {}, 'link_level': {}, 'path_level': {}}","{'node_level': {}, 'link_level': {}, 'path_level': {}}","{'node_level': {}, 'link_level': {}, 'path_level': {}}",[],-inf,-inf,True,True,False,0,[],0,0.0,,
200,36,0,2353.0,6139.0,1390075.986783331,3929571.0450095646,0.3832871803225281,0.353747513624594,49,399,0,6017.902960423077,9504,4874,4630,0.0,0.0,196,1170.902960423077,4847.0,6,7,False,{},{},{},{},0.0,0.0,0.0,0.0,0.0,0.0,0.0,0.0,0.0,0.0,0.0,0.0,0.0,0.0,Leave Event,0.0,"{'node_level': {}, 'link_level': {}, 'path_level': {}}","{'node_level': {}, 'link_level': {}, 'path_level': {}}","{'node_level': {}, 'link_level': {}, 'path_level': {}}",[],-inf,-inf,True,True,False,0,[],0,0.0,,
