v_net_count,success_count,inservice_count,total_revenue,total_cost,total_time_revenue,total_time_cost,long_term_r2c_ratio,long_term_time_r2c_ratio,num_running_p_net_nodes,event_id,event_type,event_time,p_net_available_resource,p_net_node_available_resource,p_net_link_available_resource,p_net_node_resource_utilization,p_net_link_resource_utilization,v_net_id,v_net_lifetime,v_net_arrival_time,v_net_num_nodes,v_net_num_egdes,result,node_slots,link_paths,node_slots_info,link_paths_info,v_net_cost,v_net_revenue,v_net_demand,v_net_node_demand,v_net_link_demand,v_net_node_revenue,v_net_link_revenue,v_net_node_cost,v_net_link_cost,v_net_path_cost,v_net_r2c_ratio,v_net_time_cost,v_net_time_revenue,v_net_time_rc_ratio,description,v_net_total_hard_constraint_violation,v_net_single_step_constraint_offset,v_net_constraint_offsets,v_net_constraint_violations,v_net_single_step_violation_list,v_net_single_step_hard_constraint_offset,v_net_max_single_step_hard_constraint_violation,place_result,route_result,early_rejection,revoke_times,selected_actions,num_interactions,v_net_reward,num_placed_nodes,num_routed_links
1,0,0,0.0,0.0,0.0,0.0,0.0,0.0,0,0,1,32.0,8909,4490,4419,0.0,0.0,0,379.4581106632087,32.0,7,12,False,"{0: np.int64(15), 1: np.int64(17), 2: np.int64(14), 3: np.int64(2), 4: np.int64(5), 5: np.int64(34), 6: np.int64(19)}","{(0, 1): [(np.int64(15), 7), (7, 3), (3, 8), (8, 17)], (0, 4): [(np.int64(15), 7), (7, 3), (3, 1), (1, 0), (0, 2), (2, 5)], (0, 5): [(np.int64(15), 7), (7, 3), (3, 8), (8, 18), (18, 34)], (0, 6): [(np.int64(15), 7), (7, 3), (3, 1), (1, 4), (4, 9), (9, 19)], (1, 4): [(np.int64(17), 8), (8, 3), (3, 1), (1, 0), (0, 2), (2, 5)], (1, 5): [(np.int64(17), 8), (8, 18), (18, 34)], (2, 3): [(np.int64(14), 6), (6, 2)], (2, 5): []}","{(0, np.int64(15)): {'cpu': 14}, (1, np.int64(17)): {'cpu': 17}, (2, np.int64(14)): {'cpu': 20}, (3, np.int64(2)): {'cpu': 15}, (4, np.int64(5)): {'cpu': 3}, (5, np.int64(34)): {'cpu': 9}, (6, np.int64(19)): {'cpu': 14}}","{((0, 1), (np.int64(15), 7)): {'bw': 20}, ((0, 1), (7, 3)): {'bw': 20}, ((0, 1), (3, 8)): {'bw': 20}, ((0, 1), (8, 17)): {'bw': 20}, ((0, 4), (np.int64(15), 7)): {'bw': 2}, ((0, 4), (7, 3)): {'bw': 2}, ((0, 4), (3, 1)): {'bw': 2}, ((0, 4), (1, 0)): {'bw': 2}, ((0, 4), (0, 2)): {'bw': 2}, ((0, 4), (2, 5)): {'bw': 2}, ((0, 5), (np.int64(15), 7)): {'bw': 30}, ((0, 5), (7, 3)): {'bw': 30}, ((0, 5), (3, 8)): {'bw': 30}, ((0, 5), (8, 18)): {'bw': 30}, ((0, 5), (18, 34)): {'bw': 30}, ((0, 6), (np.int64(15), 7)): {'bw': 12}, ((0, 6), (7, 3)): {'bw': 12}, ((0, 6), (3, 1)): {'bw': 12}, ((0, 6), (1, 4)): {'bw': 12}, ((0, 6), (4, 9)): {'bw': 12}, ((0, 6), (9, 19)): {'bw': 12}, ((1, 4), (np.int64(17), 8)): {'bw': 25}, ((1, 4), (8, 3)): {'bw': 25}, ((1, 4), (3, 1)): {'bw': 25}, ((1, 4), (1, 0)): {'bw': 25}, ((1, 4), (0, 2)): {'bw': 25}, ((1, 4), (2, 5)): {'bw': 25}, ((1, 5), (np.int64(17), 8)): {'bw': 0}, ((1, 5), (8, 18)): {'bw': 0}, ((1, 5), (18, 34)): {'bw': 0}, ((2, 3), (np.int64(14), 6)): {'bw': 33}, ((2, 3), (6, 2)): {'bw': 33}}",0.0,0.0,184.0,92.0,230.0,0.0,0.0,0.0,0.0,0.0,0.0,0.0,0.0,0.0,Route Failure,100.0,"{'node_level': {}, 'link_level': {}, 'path_level': {}}","{'node_level': {0: {'cpu': -61}, 1: {'cpu': -53}, 2: {'cpu': -36}, 3: {'cpu': -47}, 4: {'cpu': -58}, 5: {'cpu': -63}, 6: {'cpu': -54}}, 'link_level': {(0, 1): {'bw': -33}, (0, 4): {'bw': -48}, (0, 5): {'bw': -20}, (0, 6): {'bw': -8}, (1, 4): {'bw': -8}, (1, 5): {'bw': -8}, (2, 3): {'bw': -21}, (2, 5): {'bw': 100.0}}, 'path_level': {(0, 1): {}, (0, 4): {}, (0, 5): {}, (0, 6): {}, (1, 4): {}, (1, 5): {}, (2, 3): {}, (2, 5): {}}}","{'node_level': {0: {'cpu': 0}, 1: {'cpu': 0}, 2: {'cpu': 0}, 3: {'cpu': 0}, 4: {'cpu': 0}, 5: {'cpu': 0}, 6: {'cpu': 0}}, 'link_level': {(0, 1): {'bw': 0}, (0, 4): {'bw': 0}, (0, 5): {'bw': 0}, (0, 6): {'bw': 0}, (1, 4): {'bw': 0}, (1, 5): {'bw': 0}, (2, 3): {'bw': 0}, (2, 5): {'bw': 100.0}}, 'path_level': {(0, 1): {}, (0, 4): {}, (0, 5): {}, (0, 6): {}, (1, 4): {}, (1, 5): {}, (2, 3): {}, (2, 5): {}}}",[],-inf,-inf,True,False,False,0,[],0,0.0,7.0,8.0
2,0,0,0.0,0.0,0.0,0.0,0.0,0.0,0,1,1,58.0,8909,4490,4419,0.0,0.0,1,57.894051446014565,58.0,10,24,False,"{0: np.int64(39), 1: np.int64(32), 2: np.int64(30), 3: np.int64(41), 4: np.int64(7), 5: np.int64(24), 6: np.int64(22), 7: np.int64(25), 8: np.int64(37), 9: np.int64(57)}","{(0, 3): [(np.int64(39), 23), (23, 11), (11, 5), (5, 12), (12, 25), (25, 41)], (0, 4): []}","{(0, np.int64(39)): {'cpu': 19}, (1, np.int64(32)): {'cpu': 11}, (2, np.int64(30)): {'cpu': 9}, (3, np.int64(41)): {'cpu': 15}, (4, np.int64(7)): {'cpu': 13}, (5, np.int64(24)): {'cpu': 8}, (6, np.int64(22)): {'cpu': 6}, (7, np.int64(25)): {'cpu': 15}, (8, np.int64(37)): {'cpu': 9}, (9, np.int64(57)): {'cpu': 14}}","{((0, 3), (np.int64(39), 23)): {'bw': 50}, ((0, 3), (23, 11)): {'bw': 50}, ((0, 3), (11, 5)): {'bw': 50}, ((0, 3), (5, 12)): {'bw': 50}, ((0, 3), (12, 25)): {'bw': 50}, ((0, 3), (25, 41)): {'bw': 50}}",0.0,0.0,238.0,119.0,585.0,0.0,0.0,0.0,0.0,0.0,0.0,0.0,0.0,0.0,Route Failure,100.0,"{'node_level': {}, 'link_level': {}, 'path_level': {}}","{'node_level': {0: {'cpu': -53}, 1: {'cpu': -69}, 2: {'cpu': -82}, 3: {'cpu': -35}, 4: {'cpu': -52}, 5: {'cpu': -71}, 6: {'cpu': -86}, 7: {'cpu': -49}, 8: {'cpu': -50}, 9: {'cpu': -60}}, 'link_level': {(0, 3): {'bw': -6}, (0, 4): {'bw': 100.0}}, 'path_level': {(0, 3): {}, (0, 4): {}}}","{'node_level': {0: {'cpu': 0}, 1: {'cpu': 0}, 2: {'cpu': 0}, 3: {'cpu': 0}, 4: {'cpu': 0}, 5: {'cpu': 0}, 6: {'cpu': 0}, 7: {'cpu': 0}, 8: {'cpu': 0}, 9: {'cpu': 0}}, 'link_level': {(0, 3): {'bw': 0}, (0, 4): {'bw': 100.0}}, 'path_level': {(0, 3): {}, (0, 4): {}}}",[],-inf,-inf,True,False,False,0,[],0,0.0,10.0,2.0
3,0,0,0.0,0.0,0.0,0.0,0.0,0.0,0,2,1,80.0,8909,4490,4419,0.0,0.0,2,78.93121508861901,80.0,7,7,False,"{0: np.int64(58), 1: np.int64(53), 2: np.int64(3), 3: np.int64(41), 4: np.int64(34), 5: np.int64(55), 6: np.int64(15)}","{(0, 4): [(np.int64(58), 26), (26, 12), (12, 5), (5, 2), (2, 0), (0, 1), (1, 3), (3, 8), (8, 18), (18, 34)], (0, 5): [(np.int64(58), 26), (26, 12), (12, 5), (5, 11), (11, 23), (23, 55)], (0, 6): [(np.int64(58), 26), (26, 12), (12, 5), (5, 2), (2, 0), (0, 1), (1, 3), (3, 7), (7, 15)], (1, 2): [(np.int64(53), 21), (21, 10), (10, 4), (4, 1), (1, 3)], (1, 6): [(np.int64(53), 21), (21, 10), (10, 4), (4, 1), (1, 3), (3, 7), (7, 15)], (2, 3): []}","{(0, np.int64(58)): {'cpu': 19}, (1, np.int64(53)): {'cpu': 9}, (2, np.int64(3)): {'cpu': 19}, (3, np.int64(41)): {'cpu': 18}, (4, np.int64(34)): {'cpu': 20}, (5, np.int64(55)): {'cpu': 14}, (6, np.int64(15)): {'cpu': 6}}","{((0, 4), (np.int64(58), 26)): {'bw': 27}, ((0, 4), (26, 12)): {'bw': 27}, ((0, 4), (12, 5)): {'bw': 27}, ((0, 4), (5, 2)): {'bw': 27}, ((0, 4), (2, 0)): {'bw': 27}, ((0, 4), (0, 1)): {'bw': 27}, ((0, 4), (1, 3)): {'bw': 27}, ((0, 4), (3, 8)): {'bw': 27}, ((0, 4), (8, 18)): {'bw': 27}, ((0, 4), (18, 34)): {'bw': 27}, ((0, 5), (np.int64(58), 26)): {'bw': 23}, ((0, 5), (26, 12)): {'bw': 23}, ((0, 5), (12, 5)): {'bw': 23}, ((0, 5), (5, 11)): {'bw': 23}, ((0, 5), (11, 23)): {'bw': 23}, ((0, 5), (23, 55)): {'bw': 23}, ((0, 6), (np.int64(58), 26)): {'bw': 5}, ((0, 6), (26, 12)): {'bw': 5}, ((0, 6), (12, 5)): {'bw': 5}, ((0, 6), (5, 2)): {'bw': 5}, ((0, 6), (2, 0)): {'bw': 5}, ((0, 6), (0, 1)): {'bw': 5}, ((0, 6), (1, 3)): {'bw': 5}, ((0, 6), (3, 7)): {'bw': 5}, ((0, 6), (7, 15)): {'bw': 5}, ((1, 2), (np.int64(53), 21)): {'bw': 4}, ((1, 2), (21, 10)): {'bw': 4}, ((1, 2), (10, 4)): {'bw': 4}, ((1, 2), (4, 1)): {'bw': 4}, ((1, 2), (1, 3)): {'bw': 4}, ((1, 6), (np.int64(53), 21)): {'bw': 23}, ((1, 6), (21, 10)): {'bw': 23}, ((1, 6), (10, 4)): {'bw': 23}, ((1, 6), (4, 1)): {'bw': 23}, ((1, 6), (1, 3)): {'bw': 23}, ((1, 6), (3, 7)): {'bw': 23}, ((1, 6), (7, 15)): {'bw': 23}}",0.0,0.0,210.0,105.0,167.0,0.0,0.0,0.0,0.0,0.0,0.0,0.0,0.0,0.0,Route Failure,100.0,"{'node_level': {}, 'link_level': {}, 'path_level': {}}","{'node_level': {0: {'cpu': -80}, 1: {'cpu': -62}, 2: {'cpu': -39}, 3: {'cpu': -32}, 4: {'cpu': -52}, 5: {'cpu': -39}, 6: {'cpu': -69}}, 'link_level': {(0, 4): {'bw': -23}, (0, 5): {'bw': -11}, (0, 6): {'bw': -6}, (1, 2): {'bw': -32}, (1, 6): {'bw': -9}, (2, 3): {'bw': 100.0}}, 'path_level': {(0, 4): {}, (0, 5): {}, (0, 6): {}, (1, 2): {}, (1, 6): {}, (2, 3): {}}}","{'node_level': {0: {'cpu': 0}, 1: {'cpu': 0}, 2: {'cpu': 0}, 3: {'cpu': 0}, 4: {'cpu': 0}, 5: {'cpu': 0}, 6: {'cpu': 0}}, 'link_level': {(0, 4): {'bw': 0}, (0, 5): {'bw': 0}, (0, 6): {'bw': 0}, (1, 2): {'bw': 0}, (1, 6): {'bw': 0}, (2, 3): {'bw': 100.0}}, 'path_level': {(0, 4): {}, (0, 5): {}, (0, 6): {}, (1, 2): {}, (1, 6): {}, (2, 3): {}}}",[],-inf,-inf,True,False,False,0,[],0,0.0,7.0,6.0
4,1,1,57.0,141.0,20260.107829513832,50117.108841428955,0.40425531914893614,0.40425531914893614,2,3,1,110.0,8768,4475,4293,0.0033407572383074013,0.02851323828920571,3,355.44048823708476,110.0,2,1,True,"{0: np.int64(2), 1: np.int64(23)}","{(0, 1): [(np.int64(2), 5), (5, 11), (11, 23)]}","{(0, np.int64(2)): {'cpu': 2}, (1, np.int64(23)): {'cpu': 13}}","{((0, 1), (np.int64(2), 5)): {'bw': 42}, ((0, 1), (5, 11)): {'bw': 42}, ((0, 1), (11, 23)): {'bw': 42}}",141.0,57.0,30.0,15.0,42.0,15.0,42.0,15.0,126.0,84.0,0.40425531914893614,50117.108841428955,20260.107829513832,143.68870801073638,Success,0.0,"{'node_level': {}, 'link_level': {}, 'path_level': {}}","{'node_level': {0: {'cpu': -60}, 1: {'cpu': -65}}, 'link_level': {(0, 1): {'bw': -8}}, 'path_level': {(0, 1): {}}}","{'node_level': {0: {'cpu': 0}, 1: {'cpu': 0}}, 'link_level': {(0, 1): {'bw': 0}}, 'path_level': {(0, 1): {}}}",[],-inf,-inf,True,True,False,0,[],0,0.0,2.0,1.0
4,1,1,57.0,141.0,20260.107829513832,50117.108841428955,0.40425531914893614,0.40425531914893614,2,4,0,115.89405144601457,8768,4475,4293,0.0033407572383074013,0.02851323828920571,1,57.894051446014565,58.0,10,24,False,{},{},{},{},0.0,0.0,0.0,0.0,0.0,0.0,0.0,0.0,0.0,0.0,0.0,0.0,0.0,0.0,Leave Event,0.0,"{'node_level': {}, 'link_level': {}, 'path_level': {}}","{'node_level': {}, 'link_level': {}, 'path_level': {}}","{'node_level': {}, 'link_level': {}, 'path_level': {}}",[],-inf,-inf,True,True,False,0,[],0,0.0,,
5,2,2,120.0,249.0,27911.46689566891,63233.724383409084,0.4819277108433735,0.4414015965030231,4,5,1,135.0,8660,4457,4203,0.007349665924276216,0.048879837067209775,4,121.45014390722343,135.0,2,1,True,"{0: np.int64(32), 1: np.int64(48)}","{(0, 1): [(np.int64(32), 16), (16, 48)]}","{(0, np.int64(32)): {'cpu': 17}, (1, np.int64(48)): {'cpu': 1}}","{((0, 1), (np.int64(32), 16)): {'bw': 45}, ((0, 1), (16, 48)): {'bw': 45}}",108.0,63.0,36.0,18.0,45.0,18.0,45.0,18.0,90.0,45.0,0.5833333333333334,13116.61554198013,7651.359066155076,70.84591727921368,Success,0.0,"{'node_level': {}, 'link_level': {}, 'path_level': {}}","{'node_level': {0: {'cpu': -63}, 1: {'cpu': -57}}, 'link_level': {(0, 1): {'bw': -12}}, 'path_level': {(0, 1): {}}}","{'node_level': {0: {'cpu': 0}, 1: {'cpu': 0}}, 'link_level': {(0, 1): {'bw': 0}}, 'path_level': {(0, 1): {}}}",[],-inf,-inf,True,True,False,0,[],0,0.0,2.0,1.0
5,2,2,120.0,249.0,27911.46689566891,63233.724383409084,0.4819277108433735,0.4414015965030231,4,6,0,158.931215088619,8660,4457,4203,0.007349665924276216,0.048879837067209775,2,78.93121508861901,80.0,7,7,False,{},{},{},{},0.0,0.0,0.0,0.0,0.0,0.0,0.0,0.0,0.0,0.0,0.0,0.0,0.0,0.0,Leave Event,0.0,"{'node_level': {}, 'link_level': {}, 'path_level': {}}","{'node_level': {}, 'link_level': {}, 'path_level': {}}","{'node_level': {}, 'link_level': {}, 'path_level': {}}",[],-inf,-inf,True,True,False,0,[],0,0.0,,
6,3,3,207.0,606.0,135888.67459988734,506312.61116968474,0.3415841584158416,0.2683888799174031,7,7,1,161.0,8303,4424,3879,0.014699331848552322,0.12219959266802449,5,1241.1173299335453,161.0,3,2,True,"{0: np.int64(35), 1: np.int64(53), 2: np.int64(7)}","{(0, 2): [(np.int64(35), 19), (19, 9), (9, 4), (4, 1), (1, 3), (3, 7)], (1, 2): [(np.int64(53), 21), (21, 10), (10, 4), (4, 1), (1, 3), (3, 7)]}","{(0, np.int64(35)): {'cpu': 15}, (1, np.int64(53)): {'cpu': 17}, (2, np.int64(7)): {'cpu': 1}}","{((0, 2), (np.int64(35), 19)): {'bw': 43}, ((0, 2), (19, 9)): {'bw': 43}, ((0, 2), (9, 4)): {'bw': 43}, ((0, 2), (4, 1)): {'bw': 43}, ((0, 2), (1, 3)): {'bw': 43}, ((0, 2), (3, 7)): {'bw': 43}, ((1, 2), (np.int64(53), 21)): {'bw': 11}, ((1, 2), (21, 10)): {'bw': 11}, ((1, 2), (10, 4)): {'bw': 11}, ((1, 2), (4, 1)): {'bw': 11}, ((1, 2), (1, 3)): {'bw': 11}, ((1, 2), (3, 7)): {'bw': 11}}",357.0,87.0,66.0,33.0,54.0,33.0,54.0,33.0,324.0,270.0,0.24369747899159663,443078.88678627566,107977.20770421844,302.45716443758664,Success,0.0,"{'node_level': {}, 'link_level': {}, 'path_level': {}}","{'node_level': {0: {'cpu': -48}, 1: {'cpu': -54}, 2: {'cpu': -64}}, 'link_level': {(0, 2): {'bw': -22}, (1, 2): {'bw': -11}}, 'path_level': {(0, 2): {}, (1, 2): {}}}","{'node_level': {0: {'cpu': 0}, 1: {'cpu': 0}, 2: {'cpu': 0}}, 'link_level': {(0, 2): {'bw': 0}, (1, 2): {'bw': 0}}, 'path_level': {(0, 2): {}, (1, 2): {}}}",[],-inf,-inf,True,True,False,0,[],0,0.0,3.0,2.0
7,3,3,207.0,606.0,135888.67459988734,506312.61116968474,0.3415841584158416,0.2683888799174031,7,8,1,186.0,8303,4424,3879,0.014699331848552322,0.12219959266802449,6,310.0901200761372,186.0,9,19,False,"{0: np.int64(32), 1: np.int64(35), 2: np.int64(52), 3: np.int64(31), 4: np.int64(61), 5: np.int64(21), 6: np.int64(28), 7: np.int64(58), 8: np.int64(42)}","{(0, 3): [(np.int64(32), 16), (16, 7), (7, 15), (15, 31)], (0, 5): []}","{(0, np.int64(32)): {'cpu': 2}, (1, np.int64(35)): {'cpu': 2}, (2, np.int64(52)): {'cpu': 0}, (3, np.int64(31)): {'cpu': 19}, (4, np.int64(61)): {'cpu': 19}, (5, np.int64(21)): {'cpu': 20}, (6, np.int64(28)): {'cpu': 7}, (7, np.int64(58)): {'cpu': 3}, (8, np.int64(42)): {'cpu': 15}}","{((0, 3), (np.int64(32), 16)): {'bw': 28}, ((0, 3), (16, 7)): {'bw': 28}, ((0, 3), (7, 15)): {'bw': 28}, ((0, 3), (15, 31)): {'bw': 28}}",0.0,0.0,174.0,87.0,379.0,0.0,0.0,0.0,0.0,0.0,0.0,0.0,0.0,0.0,Route Failure,100.0,"{'node_level': {}, 'link_level': {}, 'path_level': {}}","{'node_level': {0: {'cpu': -61}, 1: {'cpu': -46}, 2: {'cpu': -56}, 3: {'cpu': -80}, 4: {'cpu': -57}, 5: {'cpu': -41}, 6: {'cpu': -66}, 7: {'cpu': -96}, 8: {'cpu': -52}}, 'link_level': {(0, 3): {'bw': -2}, (0, 5): {'bw': 100.0}}, 'path_level': {(0, 3): {}, (0, 5): {}}}","{'node_level': {0: {'cpu': 0}, 1: {'cpu': 0}, 2: {'cpu': 0}, 3: {'cpu': 0}, 4: {'cpu': 0}, 5: {'cpu': 0}, 6: {'cpu': 0}, 7: {'cpu': 0}, 8: {'cpu': 0}}, 'link_level': {(0, 3): {'bw': 0}, (0, 5): {'bw': 100.0}}, 'path_level': {(0, 3): {}, (0, 5): {}}}",[],-inf,-inf,True,False,False,0,[],0,0.0,9.0,2.0
8,3,3,207.0,606.0,135888.67459988734,506312.61116968474,0.3415841584158416,0.2683888799174031,7,9,1,207.0,8303,4424,3879,0.014699331848552322,0.12219959266802449,7,70.93576580993681,207.0,8,16,False,"{0: np.int64(2), 1: np.int64(46), 2: np.int64(34), 3: np.int64(56), 4: np.int64(27), 5: np.int64(23), 6: np.int64(52), 7: np.int64(53)}","{(0, 1): [(np.int64(2), 6), (6, 14), (14, 30), (30, 46)], (0, 2): []}","{(0, np.int64(2)): {'cpu': 18}, (1, np.int64(46)): {'cpu': 13}, (2, np.int64(34)): {'cpu': 1}, (3, np.int64(56)): {'cpu': 20}, (4, np.int64(27)): {'cpu': 6}, (5, np.int64(23)): {'cpu': 20}, (6, np.int64(52)): {'cpu': 1}, (7, np.int64(53)): {'cpu': 19}}","{((0, 1), (np.int64(2), 6)): {'bw': 46}, ((0, 1), (6, 14)): {'bw': 46}, ((0, 1), (14, 30)): {'bw': 46}, ((0, 1), (30, 46)): {'bw': 46}}",0.0,0.0,196.0,98.0,436.0,0.0,0.0,0.0,0.0,0.0,0.0,0.0,0.0,0.0,Route Failure,100.0,"{'node_level': {}, 'link_level': {}, 'path_level': {}}","{'node_level': {0: {'cpu': -42}, 1: {'cpu': -84}, 2: {'cpu': -71}, 3: {'cpu': -34}, 4: {'cpu': -48}, 5: {'cpu': -45}, 6: {'cpu': -55}, 7: {'cpu': -35}}, 'link_level': {(0, 1): {'bw': -8}, (0, 2): {'bw': 100.0}}, 'path_level': {(0, 1): {}, (0, 2): {}}}","{'node_level': {0: {'cpu': 0}, 1: {'cpu': 0}, 2: {'cpu': 0}, 3: {'cpu': 0}, 4: {'cpu': 0}, 5: {'cpu': 0}, 6: {'cpu': 0}, 7: {'cpu': 0}}, 'link_level': {(0, 1): {'bw': 0}, (0, 2): {'bw': 100.0}}, 'path_level': {(0, 1): {}, (0, 2): {}}}",[],-inf,-inf,True,False,False,0,[],0,0.0,8.0,2.0
9,4,4,279.0,683.0,187906.79411365703,561943.1000941328,0.4084919472913616,0.33438758138000124,11,10,1,241.0,8226,4399,3827,0.020267260579064583,0.13396696085087123,8,722.4738821356901,241.0,4,3,True,"{0: np.int64(25), 1: np.int64(33), 2: np.int64(41), 3: np.int64(8)}","{(0, 2): [(np.int64(25), 41)], (1, 2): [(np.int64(33), 17), (17, 8), (8, 3), (3, 1), (1, 0), (0, 2), (2, 5), (5, 12), (12, 25), (25, 41)], (1, 3): [(np.int64(33), 17), (17, 8)]}","{(0, np.int64(25)): {'cpu': 14}, (1, np.int64(33)): {'cpu': 7}, (2, np.int64(41)): {'cpu': 3}, (3, np.int64(8)): {'cpu': 1}}","{((0, 2), (np.int64(25), 41)): {'bw': 42}, ((1, 2), (np.int64(33), 17)): {'bw': 0}, ((1, 2), (17, 8)): {'bw': 0}, ((1, 2), (8, 3)): {'bw': 0}, ((1, 2), (3, 1)): {'bw': 0}, ((1, 2), (1, 0)): {'bw': 0}, ((1, 2), (0, 2)): {'bw': 0}, ((1, 2), (2, 5)): {'bw': 0}, ((1, 2), (5, 12)): {'bw': 0}, ((1, 2), (12, 25)): {'bw': 0}, ((1, 2), (25, 41)): {'bw': 0}, ((1, 3), (np.int64(33), 17)): {'bw': 5}, ((1, 3), (17, 8)): {'bw': 5}}",77.0,72.0,50.0,25.0,47.0,25.0,47.0,25.0,52.0,5.0,0.935064935064935,55630.48892444814,52018.11951376969,675.5599936853206,Success,0.0,"{'node_level': {}, 'link_level': {}, 'path_level': {}}","{'node_level': {0: {'cpu': -50}, 1: {'cpu': -75}, 2: {'cpu': -47}, 3: {'cpu': -49}}, 'link_level': {(0, 2): {'bw': -20}, (1, 2): {'bw': -8}, (1, 3): {'bw': -48}}, 'path_level': {(0, 2): {}, (1, 2): {}, (1, 3): {}}}","{'node_level': {0: {'cpu': 0}, 1: {'cpu': 0}, 2: {'cpu': 0}, 3: {'cpu': 0}}, 'link_level': {(0, 2): {'bw': 0}, (1, 2): {'bw': 0}, (1, 3): {'bw': 0}}, 'path_level': {(0, 2): {}, (1, 2): {}, (1, 3): {}}}",[],-inf,-inf,True,True,False,0,[],0,0.0,4.0,3.0
9,4,3,279.0,683.0,187906.79411365703,561943.1000941328,0.4084919472913616,0.33438758138000124,11,11,0,256.45014390722343,8334,4417,3917,0.016258351893095768,0.11360036207286717,4,121.45014390722343,135.0,2,1,False,{},{},{},{},0.0,0.0,0.0,0.0,0.0,0.0,0.0,0.0,0.0,0.0,0.0,0.0,0.0,0.0,Leave Event,0.0,"{'node_level': {}, 'link_level': {}, 'path_level': {}}","{'node_level': {}, 'link_level': {}, 'path_level': {}}","{'node_level': {}, 'link_level': {}, 'path_level': {}}",[],-inf,-inf,True,True,False,0,[],0,0.0,,
10,4,3,279.0,683.0,187906.79411365703,561943.1000941328,0.4084919472913616,0.33438758138000124,11,12,1,273.0,8334,4417,3917,0.016258351893095768,0.11360036207286717,9,119.59435591614479,273.0,6,7,False,"{0: np.int64(58), 1: np.int64(48), 2: np.int64(12), 3: np.int64(62), 4: np.int64(3), 5: np.int64(45)}","{(0, 2): [(np.int64(58), 26), (26, 12)], (0, 4): []}","{(0, np.int64(58)): {'cpu': 12}, (1, np.int64(48)): {'cpu': 17}, (2, np.int64(12)): {'cpu': 10}, (3, np.int64(62)): {'cpu': 20}, (4, np.int64(3)): {'cpu': 14}, (5, np.int64(45)): {'cpu': 4}}","{((0, 2), (np.int64(58), 26)): {'bw': 18}, ((0, 2), (26, 12)): {'bw': 18}}",0.0,0.0,154.0,77.0,153.0,0.0,0.0,0.0,0.0,0.0,0.0,0.0,0.0,0.0,Route Failure,100.0,"{'node_level': {}, 'link_level': {}, 'path_level': {}}","{'node_level': {0: {'cpu': -87}, 1: {'cpu': -41}, 2: {'cpu': -47}, 3: {'cpu': -46}, 4: {'cpu': -44}, 5: {'cpu': -59}}, 'link_level': {(0, 2): {'bw': -43}, (0, 4): {'bw': 100.0}}, 'path_level': {(0, 2): {}, (0, 4): {}}}","{'node_level': {0: {'cpu': 0}, 1: {'cpu': 0}, 2: {'cpu': 0}, 3: {'cpu': 0}, 4: {'cpu': 0}, 5: {'cpu': 0}}, 'link_level': {(0, 2): {'bw': 0}, (0, 4): {'bw': 100.0}}, 'path_level': {(0, 2): {}, (0, 4): {}}}",[],-inf,-inf,True,False,False,0,[],0,0.0,6.0,2.0
10,4,3,279.0,683.0,187906.79411365703,561943.1000941328,0.4084919472913616,0.33438758138000124,11,13,0,277.9357658099368,8334,4417,3917,0.016258351893095768,0.11360036207286717,7,70.93576580993681,207.0,8,16,False,{},{},{},{},0.0,0.0,0.0,0.0,0.0,0.0,0.0,0.0,0.0,0.0,0.0,0.0,0.0,0.0,Leave Event,0.0,"{'node_level': {}, 'link_level': {}, 'path_level': {}}","{'node_level': {}, 'link_level': {}, 'path_level': {}}","{'node_level': {}, 'link_level': {}, 'path_level': {}}",[],-inf,-inf,True,True,False,0,[],0,0.0,,
11,4,3,279.0,683.0,187906.79411365703,561943.1000941328,0.4084919472913616,0.33438758138000124,11,14,1,301.0,8334,4417,3917,0.016258351893095768,0.11360036207286717,10,38.58008449379743,301.0,7,12,False,"{0: np.int64(9), 1: np.int64(41), 2: np.int64(24), 3: np.int64(55), 4: np.int64(53), 5: np.int64(20), 6: np.int64(0)}","{(0, 5): [(np.int64(9), 20)], (0, 6): []}","{(0, np.int64(9)): {'cpu': 7}, (1, np.int64(41)): {'cpu': 0}, (2, np.int64(24)): {'cpu': 2}, (3, np.int64(55)): {'cpu': 19}, (4, np.int64(53)): {'cpu': 4}, (5, np.int64(20)): {'cpu': 16}, (6, np.int64(0)): {'cpu': 13}}","{((0, 5), (np.int64(9), 20)): {'bw': 4}}",0.0,0.0,122.0,61.0,402.0,0.0,0.0,0.0,0.0,0.0,0.0,0.0,0.0,0.0,Route Failure,100.0,"{'node_level': {}, 'link_level': {}, 'path_level': {}}","{'node_level': {0: {'cpu': -59}, 1: {'cpu': -47}, 2: {'cpu': -77}, 3: {'cpu': -34}, 4: {'cpu': -50}, 5: {'cpu': -54}, 6: {'cpu': -74}}, 'link_level': {(0, 5): {'bw': -82}, (0, 6): {'bw': 100.0}}, 'path_level': {(0, 5): {}, (0, 6): {}}}","{'node_level': {0: {'cpu': 0}, 1: {'cpu': 0}, 2: {'cpu': 0}, 3: {'cpu': 0}, 4: {'cpu': 0}, 5: {'cpu': 0}, 6: {'cpu': 0}}, 'link_level': {(0, 5): {'bw': 0}, (0, 6): {'bw': 100.0}}, 'path_level': {(0, 5): {}, (0, 6): {}}}",[],-inf,-inf,True,False,False,0,[],0,0.0,7.0,2.0
12,4,3,279.0,683.0,187906.79411365703,561943.1000941328,0.4084919472913616,0.33438758138000124,11,15,1,326.0,8334,4417,3917,0.016258351893095768,0.11360036207286717,11,50.14185036304853,326.0,4,3,False,"{0: np.int64(27), 1: np.int64(54), 2: np.int64(49), 3: np.int64(8)}","{(0, 1): [(np.int64(27), 13), (13, 6), (6, 2), (2, 0), (0, 1), (1, 4), (4, 10), (10, 22), (22, 54)], (1, 2): []}","{(0, np.int64(27)): {'cpu': 19}, (1, np.int64(54)): {'cpu': 5}, (2, np.int64(49)): {'cpu': 1}, (3, np.int64(8)): {'cpu': 0}}","{((0, 1), (np.int64(27), 13)): {'bw': 9}, ((0, 1), (13, 6)): {'bw': 9}, ((0, 1), (6, 2)): {'bw': 9}, ((0, 1), (2, 0)): {'bw': 9}, ((0, 1), (0, 1)): {'bw': 9}, ((0, 1), (1, 4)): {'bw': 9}, ((0, 1), (4, 10)): {'bw': 9}, ((0, 1), (10, 22)): {'bw': 9}, ((0, 1), (22, 54)): {'bw': 9}}",0.0,0.0,50.0,25.0,75.0,0.0,0.0,0.0,0.0,0.0,0.0,0.0,0.0,0.0,Route Failure,100.0,"{'node_level': {}, 'link_level': {}, 'path_level': {}}","{'node_level': {0: {'cpu': -35}, 1: {'cpu': -94}, 2: {'cpu': -79}, 3: {'cpu': -49}}, 'link_level': {(0, 1): {'bw': -2}, (1, 2): {'bw': 100.0}}, 'path_level': {(0, 1): {}, (1, 2): {}}}","{'node_level': {0: {'cpu': 0}, 1: {'cpu': 0}, 2: {'cpu': 0}, 3: {'cpu': 0}}, 'link_level': {(0, 1): {'bw': 0}, (1, 2): {'bw': 100.0}}, 'path_level': {(0, 1): {}, (1, 2): {}}}",[],-inf,-inf,True,False,False,0,[],0,0.0,4.0,2.0
12,4,3,279.0,683.0,187906.79411365703,561943.1000941328,0.4084919472913616,0.33438758138000124,11,16,0,339.5800844937974,8334,4417,3917,0.016258351893095768,0.11360036207286717,10,38.58008449379743,301.0,7,12,False,{},{},{},{},0.0,0.0,0.0,0.0,0.0,0.0,0.0,0.0,0.0,0.0,0.0,0.0,0.0,0.0,Leave Event,0.0,"{'node_level': {}, 'link_level': {}, 'path_level': {}}","{'node_level': {}, 'link_level': {}, 'path_level': {}}","{'node_level': {}, 'link_level': {}, 'path_level': {}}",[],-inf,-inf,True,True,False,0,[],0,0.0,,
13,4,3,279.0,683.0,187906.79411365703,561943.1000941328,0.4084919472913616,0.33438758138000124,11,17,1,343.0,8334,4417,3917,0.016258351893095768,0.11360036207286717,12,88.49122382095761,343.0,6,6,False,"{0: np.int64(44), 1: np.int64(27), 2: np.int64(57), 3: np.int64(42), 4: np.int64(62), 5: np.int64(53)}","{(0, 2): []}","{(0, np.int64(44)): {'cpu': 6}, (1, np.int64(27)): {'cpu': 11}, (2, np.int64(57)): {'cpu': 12}, (3, np.int64(42)): {'cpu': 11}, (4, np.int64(62)): {'cpu': 7}, (5, np.int64(53)): {'cpu': 16}}",{},0.0,0.0,126.0,63.0,178.0,0.0,0.0,0.0,0.0,0.0,0.0,0.0,0.0,0.0,Route Failure,100.0,"{'node_level': {}, 'link_level': {}, 'path_level': {}}","{'node_level': {0: {'cpu': -68}, 1: {'cpu': -43}, 2: {'cpu': -62}, 3: {'cpu': -56}, 4: {'cpu': -59}, 5: {'cpu': -38}}, 'link_level': {(0, 2): {'bw': 100.0}}, 'path_level': {(0, 2): {}}}","{'node_level': {0: {'cpu': 0}, 1: {'cpu': 0}, 2: {'cpu': 0}, 3: {'cpu': 0}, 4: {'cpu': 0}, 5: {'cpu': 0}}, 'link_level': {(0, 2): {'bw': 100.0}}, 'path_level': {(0, 2): {}}}",[],-inf,-inf,True,False,False,0,[],0,0.0,6.0,1.0
14,4,3,279.0,683.0,187906.79411365703,561943.1000941328,0.4084919472913616,0.33438758138000124,11,18,1,368.0,8334,4417,3917,0.016258351893095768,0.11360036207286717,13,220.3884061948887,368.0,4,4,False,"{0: np.int64(58), 1: np.int64(33), 2: np.int64(39), 3: np.int64(25)}","{(0, 1): [(np.int64(58), 26), (26, 12), (12, 5), (5, 2), (2, 0), (0, 1), (1, 3), (3, 8), (8, 17), (17, 33)], (0, 3): [(np.int64(58), 26), (26, 12), (12, 25)], (1, 2): []}","{(0, np.int64(58)): {'cpu': 17}, (1, np.int64(33)): {'cpu': 18}, (2, np.int64(39)): {'cpu': 10}, (3, np.int64(25)): {'cpu': 7}}","{((0, 1), (np.int64(58), 26)): {'bw': 6}, ((0, 1), (26, 12)): {'bw': 6}, ((0, 1), (12, 5)): {'bw': 6}, ((0, 1), (5, 2)): {'bw': 6}, ((0, 1), (2, 0)): {'bw': 6}, ((0, 1), (0, 1)): {'bw': 6}, ((0, 1), (1, 3)): {'bw': 6}, ((0, 1), (3, 8)): {'bw': 6}, ((0, 1), (8, 17)): {'bw': 6}, ((0, 1), (17, 33)): {'bw': 6}, ((0, 3), (np.int64(58), 26)): {'bw': 7}, ((0, 3), (26, 12)): {'bw': 7}, ((0, 3), (12, 25)): {'bw': 7}}",0.0,0.0,104.0,52.0,40.0,0.0,0.0,0.0,0.0,0.0,0.0,0.0,0.0,0.0,Route Failure,100.0,"{'node_level': {}, 'link_level': {}, 'path_level': {}}","{'node_level': {0: {'cpu': -82}, 1: {'cpu': -57}, 2: {'cpu': -62}, 3: {'cpu': -43}}, 'link_level': {(0, 1): {'bw': -2}, (0, 3): {'bw': -48}, (1, 2): {'bw': 100.0}}, 'path_level': {(0, 1): {}, (0, 3): {}, (1, 2): {}}}","{'node_level': {0: {'cpu': 0}, 1: {'cpu': 0}, 2: {'cpu': 0}, 3: {'cpu': 0}}, 'link_level': {(0, 1): {'bw': 0}, (0, 3): {'bw': 0}, (1, 2): {'bw': 100.0}}, 'path_level': {(0, 1): {}, (0, 3): {}, (1, 2): {}}}",[],-inf,-inf,True,False,False,0,[],0,0.0,4.0,3.0
14,4,3,279.0,683.0,187906.79411365703,561943.1000941328,0.4084919472913616,0.33438758138000124,11,19,0,376.14185036304855,8334,4417,3917,0.016258351893095768,0.11360036207286717,11,50.14185036304853,326.0,4,3,False,{},{},{},{},0.0,0.0,0.0,0.0,0.0,0.0,0.0,0.0,0.0,0.0,0.0,0.0,0.0,0.0,Leave Event,0.0,"{'node_level': {}, 'link_level': {}, 'path_level': {}}","{'node_level': {}, 'link_level': {}, 'path_level': {}}","{'node_level': {}, 'link_level': {}, 'path_level': {}}",[],-inf,-inf,True,True,False,0,[],0,0.0,,
14,4,3,279.0,683.0,187906.79411365703,561943.1000941328,0.4084919472913616,0.33438758138000124,11,20,0,392.59435591614476,8334,4417,3917,0.016258351893095768,0.11360036207286717,9,119.59435591614479,273.0,6,7,False,{},{},{},{},0.0,0.0,0.0,0.0,0.0,0.0,0.0,0.0,0.0,0.0,0.0,0.0,0.0,0.0,Leave Event,0.0,"{'node_level': {}, 'link_level': {}, 'path_level': {}}","{'node_level': {}, 'link_level': {}, 'path_level': {}}","{'node_level': {}, 'link_level': {}, 'path_level': {}}",[],-inf,-inf,True,True,False,0,[],0,0.0,,
15,4,3,279.0,683.0,187906.79411365703,561943.1000941328,0.4084919472913616,0.33438758138000124,11,21,1,401.0,8334,4417,3917,0.016258351893095768,0.11360036207286717,14,50.0802576955217,401.0,6,7,False,"{0: np.int64(38), 1: np.int64(56), 2: np.int64(1), 3: np.int64(34), 4: np.int64(40), 5: np.int64(53)}","{(0, 3): []}","{(0, np.int64(38)): {'cpu': 19}, (1, np.int64(56)): {'cpu': 0}, (2, np.int64(1)): {'cpu': 3}, (3, np.int64(34)): {'cpu': 19}, (4, np.int64(40)): {'cpu': 15}, (5, np.int64(53)): {'cpu': 3}}",{},0.0,0.0,118.0,59.0,120.0,0.0,0.0,0.0,0.0,0.0,0.0,0.0,0.0,0.0,Route Failure,100.0,"{'node_level': {}, 'link_level': {}, 'path_level': {}}","{'node_level': {0: {'cpu': -38}, 1: {'cpu': -54}, 2: {'cpu': -90}, 3: {'cpu': -53}, 4: {'cpu': -36}, 5: {'cpu': -51}}, 'link_level': {(0, 3): {'bw': 100.0}}, 'path_level': {(0, 3): {}}}","{'node_level': {0: {'cpu': 0}, 1: {'cpu': 0}, 2: {'cpu': 0}, 3: {'cpu': 0}, 4: {'cpu': 0}, 5: {'cpu': 0}}, 'link_level': {(0, 3): {'bw': 100.0}}, 'path_level': {(0, 3): {}}}",[],-inf,-inf,True,False,False,0,[],0,0.0,6.0,1.0
15,4,3,279.0,683.0,187906.79411365703,561943.1000941328,0.4084919472913616,0.33438758138000124,11,22,0,411.4581106632087,8334,4417,3917,0.016258351893095768,0.11360036207286717,0,379.4581106632087,32.0,7,12,False,{},{},{},{},0.0,0.0,0.0,0.0,0.0,0.0,0.0,0.0,0.0,0.0,0.0,0.0,0.0,0.0,Leave Event,0.0,"{'node_level': {}, 'link_level': {}, 'path_level': {}}","{'node_level': {}, 'link_level': {}, 'path_level': {}}","{'node_level': {}, 'link_level': {}, 'path_level': {}}",[],-inf,-inf,True,True,False,0,[],0,0.0,,
16,4,3,279.0,683.0,187906.79411365703,561943.1000941328,0.4084919472913616,0.33438758138000124,11,23,1,430.0,8334,4417,3917,0.016258351893095768,0.11360036207286717,15,77.31214957774891,430.0,9,21,False,"{0: np.int64(11), 1: np.int64(39), 2: np.int64(45), 3: np.int64(46), 4: np.int64(19), 5: np.int64(40), 6: np.int64(27), 7: np.int64(34), 8: np.int64(13)}","{(0, 3): []}","{(0, np.int64(11)): {'cpu': 0}, (1, np.int64(39)): {'cpu': 20}, (2, np.int64(45)): {'cpu': 1}, (3, np.int64(46)): {'cpu': 13}, (4, np.int64(19)): {'cpu': 20}, (5, np.int64(40)): {'cpu': 10}, (6, np.int64(27)): {'cpu': 12}, (7, np.int64(34)): {'cpu': 14}, (8, np.int64(13)): {'cpu': 14}}",{},0.0,0.0,208.0,104.0,614.0,0.0,0.0,0.0,0.0,0.0,0.0,0.0,0.0,0.0,Route Failure,100.0,"{'node_level': {}, 'link_level': {}, 'path_level': {}}","{'node_level': {0: {'cpu': -62}, 1: {'cpu': -52}, 2: {'cpu': -62}, 3: {'cpu': -84}, 4: {'cpu': -48}, 5: {'cpu': -41}, 6: {'cpu': -42}, 7: {'cpu': -58}, 8: {'cpu': -81}}, 'link_level': {(0, 3): {'bw': 100.0}}, 'path_level': {(0, 3): {}}}","{'node_level': {0: {'cpu': 0}, 1: {'cpu': 0}, 2: {'cpu': 0}, 3: {'cpu': 0}, 4: {'cpu': 0}, 5: {'cpu': 0}, 6: {'cpu': 0}, 7: {'cpu': 0}, 8: {'cpu': 0}}, 'link_level': {(0, 3): {'bw': 100.0}}, 'path_level': {(0, 3): {}}}",[],-inf,-inf,True,False,False,0,[],0,0.0,9.0,1.0
16,4,3,279.0,683.0,187906.79411365703,561943.1000941328,0.4084919472913616,0.33438758138000124,11,24,0,431.4912238209576,8334,4417,3917,0.016258351893095768,0.11360036207286717,12,88.49122382095761,343.0,6,6,False,{},{},{},{},0.0,0.0,0.0,0.0,0.0,0.0,0.0,0.0,0.0,0.0,0.0,0.0,0.0,0.0,Leave Event,0.0,"{'node_level': {}, 'link_level': {}, 'path_level': {}}","{'node_level': {}, 'link_level': {}, 'path_level': {}}","{'node_level': {}, 'link_level': {}, 'path_level': {}}",[],-inf,-inf,True,True,False,0,[],0,0.0,,
16,4,3,279.0,683.0,187906.79411365703,561943.1000941328,0.4084919472913616,0.33438758138000124,11,25,0,451.0802576955217,8334,4417,3917,0.016258351893095768,0.11360036207286717,14,50.0802576955217,401.0,6,7,False,{},{},{},{},0.0,0.0,0.0,0.0,0.0,0.0,0.0,0.0,0.0,0.0,0.0,0.0,0.0,0.0,Leave Event,0.0,"{'node_level': {}, 'link_level': {}, 'path_level': {}}","{'node_level': {}, 'link_level': {}, 'path_level': {}}","{'node_level': {}, 'link_level': {}, 'path_level': {}}",[],-inf,-inf,True,True,False,0,[],0,0.0,,
17,4,3,279.0,683.0,187906.79411365703,561943.1000941328,0.4084919472913616,0.33438758138000124,11,26,1,456.0,8334,4417,3917,0.016258351893095768,0.11360036207286717,16,1336.9181151813561,456.0,9,20,False,"{0: np.int64(16), 1: np.int64(36), 2: np.int64(62), 3: np.int64(25), 4: np.int64(4), 5: np.int64(53), 6: np.int64(45), 7: np.int64(55), 8: np.int64(31)}","{(0, 1): [(np.int64(16), 7), (7, 3), (3, 1), (1, 4), (4, 9), (9, 20), (20, 36)], (0, 2): [(np.int64(16), 7), (7, 3), (3, 1), (1, 0), (0, 2), (2, 6), (6, 14), (14, 30), (30, 62)], (0, 8): [(np.int64(16), 7), (7, 15), (15, 31)], (1, 3): []}","{(0, np.int64(16)): {'cpu': 9}, (1, np.int64(36)): {'cpu': 3}, (2, np.int64(62)): {'cpu': 19}, (3, np.int64(25)): {'cpu': 2}, (4, np.int64(4)): {'cpu': 1}, (5, np.int64(53)): {'cpu': 3}, (6, np.int64(45)): {'cpu': 14}, (7, np.int64(55)): {'cpu': 7}, (8, np.int64(31)): {'cpu': 0}}","{((0, 1), (np.int64(16), 7)): {'bw': 3}, ((0, 1), (7, 3)): {'bw': 3}, ((0, 1), (3, 1)): {'bw': 3}, ((0, 1), (1, 4)): {'bw': 3}, ((0, 1), (4, 9)): {'bw': 3}, ((0, 1), (9, 20)): {'bw': 3}, ((0, 1), (20, 36)): {'bw': 3}, ((0, 2), (np.int64(16), 7)): {'bw': 3}, ((0, 2), (7, 3)): {'bw': 3}, ((0, 2), (3, 1)): {'bw': 3}, ((0, 2), (1, 0)): {'bw': 3}, ((0, 2), (0, 2)): {'bw': 3}, ((0, 2), (2, 6)): {'bw': 3}, ((0, 2), (6, 14)): {'bw': 3}, ((0, 2), (14, 30)): {'bw': 3}, ((0, 2), (30, 62)): {'bw': 3}, ((0, 8), (np.int64(16), 7)): {'bw': 31}, ((0, 8), (7, 15)): {'bw': 31}, ((0, 8), (15, 31)): {'bw': 31}}",0.0,0.0,116.0,58.0,511.0,0.0,0.0,0.0,0.0,0.0,0.0,0.0,0.0,0.0,Route Failure,100.0,"{'node_level': {}, 'link_level': {}, 'path_level': {}}","{'node_level': {0: {'cpu': -91}, 1: {'cpu': -88}, 2: {'cpu': -47}, 3: {'cpu': -48}, 4: {'cpu': -58}, 5: {'cpu': -51}, 6: {'cpu': -49}, 7: {'cpu': -46}, 8: {'cpu': -99}}, 'link_level': {(0, 1): {'bw': -8}, (0, 2): {'bw': -8}, (0, 8): {'bw': -22}, (1, 3): {'bw': 100.0}}, 'path_level': {(0, 1): {}, (0, 2): {}, (0, 8): {}, (1, 3): {}}}","{'node_level': {0: {'cpu': 0}, 1: {'cpu': 0}, 2: {'cpu': 0}, 3: {'cpu': 0}, 4: {'cpu': 0}, 5: {'cpu': 0}, 6: {'cpu': 0}, 7: {'cpu': 0}, 8: {'cpu': 0}}, 'link_level': {(0, 1): {'bw': 0}, (0, 2): {'bw': 0}, (0, 8): {'bw': 0}, (1, 3): {'bw': 100.0}}, 'path_level': {(0, 1): {}, (0, 2): {}, (0, 8): {}, (1, 3): {}}}",[],-inf,-inf,True,False,False,0,[],0,0.0,9.0,4.0
17,4,2,279.0,683.0,187906.79411365703,561943.1000941328,0.4084919472913616,0.33438758138000124,11,27,0,465.44048823708476,8475,4432,4043,0.012917594654788367,0.08508712378366146,3,355.44048823708476,110.0,2,1,False,{},{},{},{},0.0,0.0,0.0,0.0,0.0,0.0,0.0,0.0,0.0,0.0,0.0,0.0,0.0,0.0,Leave Event,0.0,"{'node_level': {}, 'link_level': {}, 'path_level': {}}","{'node_level': {}, 'link_level': {}, 'path_level': {}}","{'node_level': {}, 'link_level': {}, 'path_level': {}}",[],-inf,-inf,True,True,False,0,[],0,0.0,,
18,4,2,279.0,683.0,187906.79411365703,561943.1000941328,0.4084919472913616,0.33438758138000124,11,28,1,479.0,8475,4432,4043,0.012917594654788367,0.08508712378366146,17,429.7003213656026,479.0,3,2,False,"{0: np.int64(18), 1: np.int64(54), 2: np.int64(25)}","{(0, 1): []}","{(0, np.int64(18)): {'cpu': 14}, (1, np.int64(54)): {'cpu': 19}, (2, np.int64(25)): {'cpu': 18}}",{},0.0,0.0,102.0,51.0,24.0,0.0,0.0,0.0,0.0,0.0,0.0,0.0,0.0,0.0,Route Failure,100.0,"{'node_level': {}, 'link_level': {}, 'path_level': {}}","{'node_level': {0: {'cpu': -73}, 1: {'cpu': -80}, 2: {'cpu': -32}}, 'link_level': {(0, 1): {'bw': 100.0}}, 'path_level': {(0, 1): {}}}","{'node_level': {0: {'cpu': 0}, 1: {'cpu': 0}, 2: {'cpu': 0}}, 'link_level': {(0, 1): {'bw': 100.0}}, 'path_level': {(0, 1): {}}}",[],-inf,-inf,True,False,False,0,[],0,0.0,3.0,1.0
18,4,2,279.0,683.0,187906.79411365703,561943.1000941328,0.4084919472913616,0.33438758138000124,11,29,0,496.0901200761372,8475,4432,4043,0.012917594654788367,0.08508712378366146,6,310.0901200761372,186.0,9,19,False,{},{},{},{},0.0,0.0,0.0,0.0,0.0,0.0,0.0,0.0,0.0,0.0,0.0,0.0,0.0,0.0,Leave Event,0.0,"{'node_level': {}, 'link_level': {}, 'path_level': {}}","{'node_level': {}, 'link_level': {}, 'path_level': {}}","{'node_level': {}, 'link_level': {}, 'path_level': {}}",[],-inf,-inf,True,True,False,0,[],0,0.0,,
19,4,2,279.0,683.0,187906.79411365703,561943.1000941328,0.4084919472913616,0.33438758138000124,11,30,1,504.0,8475,4432,4043,0.012917594654788367,0.08508712378366146,18,915.1832524739899,504.0,9,13,False,"{0: np.int64(33), 1: np.int64(56), 2: np.int64(27), 3: np.int64(6), 4: np.int64(4), 5: np.int64(12), 6: np.int64(49), 7: np.int64(44), 8: np.int64(37)}","{(0, 3): [(np.int64(33), 17), (17, 8), (8, 3), (3, 1), (1, 0), (0, 2), (2, 6)], (0, 5): []}","{(0, np.int64(33)): {'cpu': 3}, (1, np.int64(56)): {'cpu': 17}, (2, np.int64(27)): {'cpu': 15}, (3, np.int64(6)): {'cpu': 4}, (4, np.int64(4)): {'cpu': 5}, (5, np.int64(12)): {'cpu': 9}, (6, np.int64(49)): {'cpu': 4}, (7, np.int64(44)): {'cpu': 8}, (8, np.int64(37)): {'cpu': 16}}","{((0, 3), (np.int64(33), 17)): {'bw': 8}, ((0, 3), (17, 8)): {'bw': 8}, ((0, 3), (8, 3)): {'bw': 8}, ((0, 3), (3, 1)): {'bw': 8}, ((0, 3), (1, 0)): {'bw': 8}, ((0, 3), (0, 2)): {'bw': 8}, ((0, 3), (2, 6)): {'bw': 8}}",0.0,0.0,162.0,81.0,319.0,0.0,0.0,0.0,0.0,0.0,0.0,0.0,0.0,0.0,Route Failure,100.0,"{'node_level': {}, 'link_level': {}, 'path_level': {}}","{'node_level': {0: {'cpu': -72}, 1: {'cpu': -37}, 2: {'cpu': -39}, 3: {'cpu': -51}, 4: {'cpu': -54}, 5: {'cpu': -48}, 6: {'cpu': -76}, 7: {'cpu': -66}, 8: {'cpu': -43}}, 'link_level': {(0, 3): {'bw': -6}, (0, 5): {'bw': 100.0}}, 'path_level': {(0, 3): {}, (0, 5): {}}}","{'node_level': {0: {'cpu': 0}, 1: {'cpu': 0}, 2: {'cpu': 0}, 3: {'cpu': 0}, 4: {'cpu': 0}, 5: {'cpu': 0}, 6: {'cpu': 0}, 7: {'cpu': 0}, 8: {'cpu': 0}}, 'link_level': {(0, 3): {'bw': 0}, (0, 5): {'bw': 100.0}}, 'path_level': {(0, 3): {}, (0, 5): {}}}",[],-inf,-inf,True,False,False,0,[],0,0.0,9.0,2.0
19,4,2,279.0,683.0,187906.79411365703,561943.1000941328,0.4084919472913616,0.33438758138000124,11,31,0,507.3121495777489,8475,4432,4043,0.012917594654788367,0.08508712378366146,15,77.31214957774891,430.0,9,21,False,{},{},{},{},0.0,0.0,0.0,0.0,0.0,0.0,0.0,0.0,0.0,0.0,0.0,0.0,0.0,0.0,Leave Event,0.0,"{'node_level': {}, 'link_level': {}, 'path_level': {}}","{'node_level': {}, 'link_level': {}, 'path_level': {}}","{'node_level': {}, 'link_level': {}, 'path_level': {}}",[],-inf,-inf,True,True,False,0,[],0,0.0,,
20,5,3,363.0,917.0,228910.7736453787,676168.4716467861,0.39585605234460197,0.33854103414179315,13,32,1,528.0,8241,4398,3843,0.02048997772828509,0.13034623217922603,19,488.1426134728772,528.0,2,1,True,"{0: np.int64(13), 1: np.int64(46)}","{(0, 1): [(np.int64(13), 6), (6, 14), (14, 30), (30, 46)]}","{(0, np.int64(13)): {'cpu': 18}, (1, np.int64(46)): {'cpu': 16}}","{((0, 1), (np.int64(13), 6)): {'bw': 50}, ((0, 1), (6, 14)): {'bw': 50}, ((0, 1), (14, 30)): {'bw': 50}, ((0, 1), (30, 46)): {'bw': 50}}",234.0,84.0,68.0,34.0,50.0,34.0,50.0,34.0,200.0,150.0,0.358974358974359,114225.37155265326,41003.979531721685,175.2306817594944,Success,0.0,"{'node_level': {}, 'link_level': {}, 'path_level': {}}","{'node_level': {0: {'cpu': -77}, 1: {'cpu': -81}}, 'link_level': {(0, 1): {'bw': -15}}, 'path_level': {(0, 1): {}}}","{'node_level': {0: {'cpu': 0}, 1: {'cpu': 0}}, 'link_level': {(0, 1): {'bw': 0}}, 'path_level': {(0, 1): {}}}",[],-inf,-inf,True,True,False,0,[],0,0.0,2.0,1.0
21,5,3,363.0,917.0,228910.7736453787,676168.4716467861,0.39585605234460197,0.33854103414179315,13,33,1,558.0,8241,4398,3843,0.02048997772828509,0.13034623217922603,20,196.16401167786873,558.0,8,19,False,"{0: np.int64(33), 1: np.int64(35), 2: np.int64(42), 3: np.int64(1), 4: np.int64(50), 5: np.int64(52), 6: np.int64(24), 7: np.int64(37)}","{(0, 1): []}","{(0, np.int64(33)): {'cpu': 3}, (1, np.int64(35)): {'cpu': 6}, (2, np.int64(42)): {'cpu': 8}, (3, np.int64(1)): {'cpu': 15}, (4, np.int64(50)): {'cpu': 7}, (5, np.int64(52)): {'cpu': 2}, (6, np.int64(24)): {'cpu': 17}, (7, np.int64(37)): {'cpu': 3}}",{},0.0,0.0,122.0,61.0,464.0,0.0,0.0,0.0,0.0,0.0,0.0,0.0,0.0,0.0,Route Failure,100.0,"{'node_level': {}, 'link_level': {}, 'path_level': {}}","{'node_level': {0: {'cpu': -72}, 1: {'cpu': -42}, 2: {'cpu': -59}, 3: {'cpu': -78}, 4: {'cpu': -50}, 5: {'cpu': -54}, 6: {'cpu': -62}, 7: {'cpu': -56}}, 'link_level': {(0, 1): {'bw': 100.0}}, 'path_level': {(0, 1): {}}}","{'node_level': {0: {'cpu': 0}, 1: {'cpu': 0}, 2: {'cpu': 0}, 3: {'cpu': 0}, 4: {'cpu': 0}, 5: {'cpu': 0}, 6: {'cpu': 0}, 7: {'cpu': 0}}, 'link_level': {(0, 1): {'bw': 100.0}}, 'path_level': {(0, 1): {}}}",[],-inf,-inf,True,False,False,0,[],0,0.0,8.0,1.0
22,5,3,363.0,917.0,228910.7736453787,676168.4716467861,0.39585605234460197,0.33854103414179315,13,34,1,581.0,8241,4398,3843,0.02048997772828509,0.13034623217922603,21,650.9980101150999,581.0,9,13,False,"{0: np.int64(3), 1: np.int64(8), 2: np.int64(9), 3: np.int64(52), 4: np.int64(56), 5: np.int64(60), 6: np.int64(57), 7: np.int64(53), 8: np.int64(30)}","{(0, 1): [(np.int64(3), 8)], (0, 5): [(np.int64(3), 1), (1, 0), (0, 2), (2, 6), (6, 13), (13, 28), (28, 60)], (0, 7): []}","{(0, np.int64(3)): {'cpu': 20}, (1, np.int64(8)): {'cpu': 14}, (2, np.int64(9)): {'cpu': 18}, (3, np.int64(52)): {'cpu': 15}, (4, np.int64(56)): {'cpu': 19}, (5, np.int64(60)): {'cpu': 0}, (6, np.int64(57)): {'cpu': 5}, (7, np.int64(53)): {'cpu': 8}, (8, np.int64(30)): {'cpu': 18}}","{((0, 1), (np.int64(3), 8)): {'bw': 9}, ((0, 5), (np.int64(3), 1)): {'bw': 4}, ((0, 5), (1, 0)): {'bw': 4}, ((0, 5), (0, 2)): {'bw': 4}, ((0, 5), (2, 6)): {'bw': 4}, ((0, 5), (6, 13)): {'bw': 4}, ((0, 5), (13, 28)): {'bw': 4}, ((0, 5), (28, 60)): {'bw': 4}}",0.0,0.0,234.0,117.0,233.0,0.0,0.0,0.0,0.0,0.0,0.0,0.0,0.0,0.0,Route Failure,100.0,"{'node_level': {}, 'link_level': {}, 'path_level': {}}","{'node_level': {0: {'cpu': -38}, 1: {'cpu': -35}, 2: {'cpu': -48}, 3: {'cpu': -41}, 4: {'cpu': -35}, 5: {'cpu': -62}, 6: {'cpu': -69}, 7: {'cpu': -46}, 8: {'cpu': -73}}, 'link_level': {(0, 1): {'bw': -88}, (0, 5): {'bw': -10}, (0, 7): {'bw': 100.0}}, 'path_level': {(0, 1): {}, (0, 5): {}, (0, 7): {}}}","{'node_level': {0: {'cpu': 0}, 1: {'cpu': 0}, 2: {'cpu': 0}, 3: {'cpu': 0}, 4: {'cpu': 0}, 5: {'cpu': 0}, 6: {'cpu': 0}, 7: {'cpu': 0}, 8: {'cpu': 0}}, 'link_level': {(0, 1): {'bw': 0}, (0, 5): {'bw': 0}, (0, 7): {'bw': 100.0}}, 'path_level': {(0, 1): {}, (0, 5): {}, (0, 7): {}}}",[],-inf,-inf,True,False,False,0,[],0,0.0,9.0,3.0
22,5,3,363.0,917.0,228910.7736453787,676168.4716467861,0.39585605234460197,0.33854103414179315,13,35,0,588.3884061948887,8241,4398,3843,0.02048997772828509,0.13034623217922603,13,220.3884061948887,368.0,4,4,False,{},{},{},{},0.0,0.0,0.0,0.0,0.0,0.0,0.0,0.0,0.0,0.0,0.0,0.0,0.0,0.0,Leave Event,0.0,"{'node_level': {}, 'link_level': {}, 'path_level': {}}","{'node_level': {}, 'link_level': {}, 'path_level': {}}","{'node_level': {}, 'link_level': {}, 'path_level': {}}",[],-inf,-inf,True,True,False,0,[],0,0.0,,
23,5,3,363.0,917.0,228910.7736453787,676168.4716467861,0.39585605234460197,0.33854103414179315,13,36,1,602.0,8241,4398,3843,0.02048997772828509,0.13034623217922603,22,369.84340066976046,602.0,8,13,False,"{0: np.int64(39), 1: np.int64(55), 2: np.int64(38), 3: np.int64(13), 4: np.int64(60), 5: np.int64(40), 6: np.int64(41), 7: np.int64(23)}","{(0, 1): [(np.int64(39), 23), (23, 55)], (0, 5): [(np.int64(39), 23), (23, 11), (11, 24), (24, 40)], (1, 2): []}","{(0, np.int64(39)): {'cpu': 18}, (1, np.int64(55)): {'cpu': 16}, (2, np.int64(38)): {'cpu': 1}, (3, np.int64(13)): {'cpu': 9}, (4, np.int64(60)): {'cpu': 0}, (5, np.int64(40)): {'cpu': 12}, (6, np.int64(41)): {'cpu': 0}, (7, np.int64(23)): {'cpu': 8}}","{((0, 1), (np.int64(39), 23)): {'bw': 17}, ((0, 1), (23, 55)): {'bw': 17}, ((0, 5), (np.int64(39), 23)): {'bw': 19}, ((0, 5), (23, 11)): {'bw': 19}, ((0, 5), (11, 24)): {'bw': 19}, ((0, 5), (24, 40)): {'bw': 19}}",0.0,0.0,128.0,64.0,324.0,0.0,0.0,0.0,0.0,0.0,0.0,0.0,0.0,0.0,Route Failure,100.0,"{'node_level': {}, 'link_level': {}, 'path_level': {}}","{'node_level': {0: {'cpu': -54}, 1: {'cpu': -37}, 2: {'cpu': -56}, 3: {'cpu': -68}, 4: {'cpu': -62}, 5: {'cpu': -39}, 6: {'cpu': -47}, 7: {'cpu': -70}}, 'link_level': {(0, 1): {'bw': -39}, (0, 5): {'bw': -20}, (1, 2): {'bw': 100.0}}, 'path_level': {(0, 1): {}, (0, 5): {}, (1, 2): {}}}","{'node_level': {0: {'cpu': 0}, 1: {'cpu': 0}, 2: {'cpu': 0}, 3: {'cpu': 0}, 4: {'cpu': 0}, 5: {'cpu': 0}, 6: {'cpu': 0}, 7: {'cpu': 0}}, 'link_level': {(0, 1): {'bw': 0}, (0, 5): {'bw': 0}, (1, 2): {'bw': 100.0}}, 'path_level': {(0, 1): {}, (0, 5): {}, (1, 2): {}}}",[],-inf,-inf,True,False,False,0,[],0,0.0,8.0,3.0
24,5,3,363.0,917.0,228910.7736453787,676168.4716467861,0.39585605234460197,0.33854103414179315,13,37,1,629.0,8241,4398,3843,0.02048997772828509,0.13034623217922603,23,667.4423218285383,629.0,3,2,False,"{0: np.int64(36), 1: np.int64(29), 2: np.int64(62)}","{(0, 1): []}","{(0, np.int64(36)): {'cpu': 5}, (1, np.int64(29)): {'cpu': 1}, (2, np.int64(62)): {'cpu': 12}}",{},0.0,0.0,36.0,18.0,52.0,0.0,0.0,0.0,0.0,0.0,0.0,0.0,0.0,0.0,Route Failure,100.0,"{'node_level': {}, 'link_level': {}, 'path_level': {}}","{'node_level': {0: {'cpu': -86}, 1: {'cpu': -72}, 2: {'cpu': -54}}, 'link_level': {(0, 1): {'bw': 100.0}}, 'path_level': {(0, 1): {}}}","{'node_level': {0: {'cpu': 0}, 1: {'cpu': 0}, 2: {'cpu': 0}}, 'link_level': {(0, 1): {'bw': 100.0}}, 'path_level': {(0, 1): {}}}",[],-inf,-inf,True,False,False,0,[],0,0.0,3.0,1.0
25,6,4,385.0,969.0,230899.68405821404,680869.5326225787,0.3973168214654283,0.3391247118502025,15,38,1,658.0,8189,4391,3798,0.022048997772828538,0.14052953156822812,24,90.40501876524239,658.0,2,1,True,"{0: np.int64(28), 1: np.int64(59)}","{(0, 1): [(np.int64(28), 13), (13, 27), (27, 59)]}","{(0, np.int64(28)): {'cpu': 1}, (1, np.int64(59)): {'cpu': 6}}","{((0, 1), (np.int64(28), 13)): {'bw': 15}, ((0, 1), (13, 27)): {'bw': 15}, ((0, 1), (27, 59)): {'bw': 15}}",52.0,22.0,14.0,7.0,15.0,7.0,15.0,7.0,45.0,30.0,0.4230769230769231,4701.060975792604,1988.9104128353326,38.24827716991024,Success,0.0,"{'node_level': {}, 'link_level': {}, 'path_level': {}}","{'node_level': {0: {'cpu': -72}, 1: {'cpu': -87}}, 'link_level': {(0, 1): {'bw': -45}}, 'path_level': {(0, 1): {}}}","{'node_level': {0: {'cpu': 0}, 1: {'cpu': 0}}, 'link_level': {(0, 1): {'bw': 0}}, 'path_level': {(0, 1): {}}}",[],-inf,-inf,True,True,False,0,[],0,0.0,2.0,1.0
26,6,4,385.0,969.0,230899.68405821404,680869.5326225787,0.3973168214654283,0.3391247118502025,15,39,1,686.0,8189,4391,3798,0.022048997772828538,0.14052953156822812,25,580.8691717961678,686.0,3,2,False,"{0: np.int64(33), 1: np.int64(9), 2: np.int64(61)}","{(0, 1): []}","{(0, np.int64(33)): {'cpu': 3}, (1, np.int64(9)): {'cpu': 0}, (2, np.int64(61)): {'cpu': 12}}",{},0.0,0.0,30.0,15.0,75.0,0.0,0.0,0.0,0.0,0.0,0.0,0.0,0.0,0.0,Route Failure,100.0,"{'node_level': {}, 'link_level': {}, 'path_level': {}}","{'node_level': {0: {'cpu': -72}, 1: {'cpu': -66}, 2: {'cpu': -64}}, 'link_level': {(0, 1): {'bw': 100.0}}, 'path_level': {(0, 1): {}}}","{'node_level': {0: {'cpu': 0}, 1: {'cpu': 0}, 2: {'cpu': 0}}, 'link_level': {(0, 1): {'bw': 100.0}}, 'path_level': {(0, 1): {}}}",[],-inf,-inf,True,False,False,0,[],0,0.0,3.0,1.0
27,6,4,385.0,969.0,230899.68405821404,680869.5326225787,0.3973168214654283,0.3391247118502025,15,40,1,712.0,8189,4391,3798,0.022048997772828538,0.14052953156822812,26,278.26974731547614,712.0,10,20,False,"{0: np.int64(46), 1: np.int64(3), 2: np.int64(26), 3: np.int64(50), 4: np.int64(22), 5: np.int64(11), 6: np.int64(60), 7: np.int64(47), 8: np.int64(32), 9: np.int64(44)}","{(0, 3): []}","{(0, np.int64(46)): {'cpu': 3}, (1, np.int64(3)): {'cpu': 2}, (2, np.int64(26)): {'cpu': 20}, (3, np.int64(50)): {'cpu': 11}, (4, np.int64(22)): {'cpu': 20}, (5, np.int64(11)): {'cpu': 20}, (6, np.int64(60)): {'cpu': 9}, (7, np.int64(47)): {'cpu': 20}, (8, np.int64(32)): {'cpu': 14}, (9, np.int64(44)): {'cpu': 17}}",{},0.0,0.0,272.0,136.0,485.0,0.0,0.0,0.0,0.0,0.0,0.0,0.0,0.0,0.0,Route Failure,100.0,"{'node_level': {}, 'link_level': {}, 'path_level': {}}","{'node_level': {0: {'cpu': -78}, 1: {'cpu': -56}, 2: {'cpu': -80}, 3: {'cpu': -46}, 4: {'cpu': -72}, 5: {'cpu': -42}, 6: {'cpu': -53}, 7: {'cpu': -72}, 8: {'cpu': -66}, 9: {'cpu': -57}}, 'link_level': {(0, 3): {'bw': 100.0}}, 'path_level': {(0, 3): {}}}","{'node_level': {0: {'cpu': 0}, 1: {'cpu': 0}, 2: {'cpu': 0}, 3: {'cpu': 0}, 4: {'cpu': 0}, 5: {'cpu': 0}, 6: {'cpu': 0}, 7: {'cpu': 0}, 8: {'cpu': 0}, 9: {'cpu': 0}}, 'link_level': {(0, 3): {'bw': 100.0}}, 'path_level': {(0, 3): {}}}",[],-inf,-inf,True,False,False,0,[],0,0.0,10.0,1.0
28,6,4,385.0,969.0,230899.68405821404,680869.5326225787,0.3973168214654283,0.3391247118502025,15,41,1,735.0,8189,4391,3798,0.022048997772828538,0.14052953156822812,27,652.0022854914001,735.0,10,20,False,"{0: np.int64(7), 1: np.int64(36), 2: np.int64(50), 3: np.int64(56), 4: np.int64(6), 5: np.int64(52), 6: np.int64(14), 7: np.int64(31), 8: np.int64(16), 9: np.int64(13)}","{(0, 1): []}","{(0, np.int64(7)): {'cpu': 20}, (1, np.int64(36)): {'cpu': 17}, (2, np.int64(50)): {'cpu': 9}, (3, np.int64(56)): {'cpu': 7}, (4, np.int64(6)): {'cpu': 1}, (5, np.int64(52)): {'cpu': 3}, (6, np.int64(14)): {'cpu': 20}, (7, np.int64(31)): {'cpu': 11}, (8, np.int64(16)): {'cpu': 7}, (9, np.int64(13)): {'cpu': 18}}",{},0.0,0.0,226.0,113.0,394.0,0.0,0.0,0.0,0.0,0.0,0.0,0.0,0.0,0.0,Route Failure,100.0,"{'node_level': {}, 'link_level': {}, 'path_level': {}}","{'node_level': {0: {'cpu': -44}, 1: {'cpu': -74}, 2: {'cpu': -48}, 3: {'cpu': -47}, 4: {'cpu': -54}, 5: {'cpu': -53}, 6: {'cpu': -36}, 7: {'cpu': -88}, 8: {'cpu': -93}, 9: {'cpu': -59}}, 'link_level': {(0, 1): {'bw': 100.0}}, 'path_level': {(0, 1): {}}}","{'node_level': {0: {'cpu': 0}, 1: {'cpu': 0}, 2: {'cpu': 0}, 3: {'cpu': 0}, 4: {'cpu': 0}, 5: {'cpu': 0}, 6: {'cpu': 0}, 7: {'cpu': 0}, 8: {'cpu': 0}, 9: {'cpu': 0}}, 'link_level': {(0, 1): {'bw': 100.0}}, 'path_level': {(0, 1): {}}}",[],-inf,-inf,True,False,False,0,[],0,0.0,10.0,1.0
28,6,3,385.0,969.0,230899.68405821404,680869.5326225787,0.3973168214654283,0.3391247118502025,15,42,0,748.4050187652424,8241,4398,3843,0.02048997772828509,0.13034623217922603,24,90.40501876524239,658.0,2,1,False,{},{},{},{},0.0,0.0,0.0,0.0,0.0,0.0,0.0,0.0,0.0,0.0,0.0,0.0,0.0,0.0,Leave Event,0.0,"{'node_level': {}, 'link_level': {}, 'path_level': {}}","{'node_level': {}, 'link_level': {}, 'path_level': {}}","{'node_level': {}, 'link_level': {}, 'path_level': {}}",[],-inf,-inf,True,True,False,0,[],0,0.0,,
28,6,3,385.0,969.0,230899.68405821404,680869.5326225787,0.3973168214654283,0.3391247118502025,15,43,0,754.1640116778688,8241,4398,3843,0.02048997772828509,0.13034623217922603,20,196.16401167786873,558.0,8,19,False,{},{},{},{},0.0,0.0,0.0,0.0,0.0,0.0,0.0,0.0,0.0,0.0,0.0,0.0,0.0,0.0,Leave Event,0.0,"{'node_level': {}, 'link_level': {}, 'path_level': {}}","{'node_level': {}, 'link_level': {}, 'path_level': {}}","{'node_level': {}, 'link_level': {}, 'path_level': {}}",[],-inf,-inf,True,True,False,0,[],0,0.0,,
29,6,3,385.0,969.0,230899.68405821404,680869.5326225787,0.3973168214654283,0.3391247118502025,15,44,1,763.0,8241,4398,3843,0.02048997772828509,0.13034623217922603,28,705.9812787583966,763.0,5,5,False,"{0: np.int64(24), 1: np.int64(39), 2: np.int64(28), 3: np.int64(29), 4: np.int64(15)}","{(0, 2): [(np.int64(24), 11), (11, 5), (5, 2), (2, 6), (6, 13), (13, 28)], (0, 3): [(np.int64(24), 11), (11, 5), (5, 2), (2, 6), (6, 14), (14, 29)], (1, 3): [(np.int64(39), 23), (23, 11), (11, 5), (5, 2), (2, 6), (6, 14), (14, 29)], (2, 3): []}","{(0, np.int64(24)): {'cpu': 0}, (1, np.int64(39)): {'cpu': 20}, (2, np.int64(28)): {'cpu': 3}, (3, np.int64(29)): {'cpu': 17}, (4, np.int64(15)): {'cpu': 5}}","{((0, 2), (np.int64(24), 11)): {'bw': 11}, ((0, 2), (11, 5)): {'bw': 11}, ((0, 2), (5, 2)): {'bw': 11}, ((0, 2), (2, 6)): {'bw': 11}, ((0, 2), (6, 13)): {'bw': 11}, ((0, 2), (13, 28)): {'bw': 11}, ((0, 3), (np.int64(24), 11)): {'bw': 5}, ((0, 3), (11, 5)): {'bw': 5}, ((0, 3), (5, 2)): {'bw': 5}, ((0, 3), (2, 6)): {'bw': 5}, ((0, 3), (6, 14)): {'bw': 5}, ((0, 3), (14, 29)): {'bw': 5}, ((1, 3), (np.int64(39), 23)): {'bw': 9}, ((1, 3), (23, 11)): {'bw': 9}, ((1, 3), (11, 5)): {'bw': 9}, ((1, 3), (5, 2)): {'bw': 9}, ((1, 3), (2, 6)): {'bw': 9}, ((1, 3), (6, 14)): {'bw': 9}, ((1, 3), (14, 29)): {'bw': 9}}",0.0,0.0,90.0,45.0,81.0,0.0,0.0,0.0,0.0,0.0,0.0,0.0,0.0,0.0,Route Failure,100.0,"{'node_level': {}, 'link_level': {}, 'path_level': {}}","{'node_level': {0: {'cpu': -79}, 1: {'cpu': -52}, 2: {'cpu': -70}, 3: {'cpu': -56}, 4: {'cpu': -70}}, 'link_level': {(0, 2): {'bw': -14}, (0, 3): {'bw': -34}, (1, 3): {'bw': -25}, (2, 3): {'bw': 100.0}}, 'path_level': {(0, 2): {}, (0, 3): {}, (1, 3): {}, (2, 3): {}}}","{'node_level': {0: {'cpu': 0}, 1: {'cpu': 0}, 2: {'cpu': 0}, 3: {'cpu': 0}, 4: {'cpu': 0}}, 'link_level': {(0, 2): {'bw': 0}, (0, 3): {'bw': 0}, (1, 3): {'bw': 0}, (2, 3): {'bw': 100.0}}, 'path_level': {(0, 2): {}, (0, 3): {}, (1, 3): {}, (2, 3): {}}}",[],-inf,-inf,True,False,False,0,[],0,0.0,5.0,4.0
30,6,3,385.0,969.0,230899.68405821404,680869.5326225787,0.3973168214654283,0.3391247118502025,15,45,1,791.0,8241,4398,3843,0.02048997772828509,0.13034623217922603,29,253.426165873313,791.0,10,25,False,"{0: np.int64(12), 1: np.int64(62), 2: np.int64(51), 3: np.int64(41), 4: np.int64(34), 5: np.int64(45), 6: np.int64(30), 7: np.int64(6), 8: np.int64(5), 9: np.int64(19)}","{(0, 4): []}","{(0, np.int64(12)): {'cpu': 0}, (1, np.int64(62)): {'cpu': 6}, (2, np.int64(51)): {'cpu': 10}, (3, np.int64(41)): {'cpu': 8}, (4, np.int64(34)): {'cpu': 18}, (5, np.int64(45)): {'cpu': 8}, (6, np.int64(30)): {'cpu': 5}, (7, np.int64(6)): {'cpu': 16}, (8, np.int64(5)): {'cpu': 15}, (9, np.int64(19)): {'cpu': 8}}",{},0.0,0.0,188.0,94.0,623.0,0.0,0.0,0.0,0.0,0.0,0.0,0.0,0.0,0.0,Route Failure,100.0,"{'node_level': {}, 'link_level': {}, 'path_level': {}}","{'node_level': {0: {'cpu': -57}, 1: {'cpu': -60}, 2: {'cpu': -43}, 3: {'cpu': -39}, 4: {'cpu': -54}, 5: {'cpu': -55}, 6: {'cpu': -86}, 7: {'cpu': -39}, 8: {'cpu': -46}, 9: {'cpu': -60}}, 'link_level': {(0, 4): {'bw': 100.0}}, 'path_level': {(0, 4): {}}}","{'node_level': {0: {'cpu': 0}, 1: {'cpu': 0}, 2: {'cpu': 0}, 3: {'cpu': 0}, 4: {'cpu': 0}, 5: {'cpu': 0}, 6: {'cpu': 0}, 7: {'cpu': 0}, 8: {'cpu': 0}, 9: {'cpu': 0}}, 'link_level': {(0, 4): {'bw': 100.0}}, 'path_level': {(0, 4): {}}}",[],-inf,-inf,True,False,False,0,[],0,0.0,10.0,1.0
31,6,3,385.0,969.0,230899.68405821404,680869.5326225787,0.3973168214654283,0.3391247118502025,15,46,1,809.0,8241,4398,3843,0.02048997772828509,0.13034623217922603,30,1296.4694246807228,809.0,9,18,False,"{0: np.int64(37), 1: np.int64(55), 2: np.int64(48), 3: np.int64(21), 4: np.int64(52), 5: np.int64(11), 6: np.int64(19), 7: np.int64(61), 8: np.int64(12)}","{(0, 3): [(np.int64(37), 21)], (0, 6): [(np.int64(37), 21), (21, 10), (10, 4), (4, 9), (9, 19)], (0, 7): []}","{(0, np.int64(37)): {'cpu': 2}, (1, np.int64(55)): {'cpu': 9}, (2, np.int64(48)): {'cpu': 3}, (3, np.int64(21)): {'cpu': 18}, (4, np.int64(52)): {'cpu': 13}, (5, np.int64(11)): {'cpu': 11}, (6, np.int64(19)): {'cpu': 20}, (7, np.int64(61)): {'cpu': 13}, (8, np.int64(12)): {'cpu': 2}}","{((0, 3), (np.int64(37), 21)): {'bw': 21}, ((0, 6), (np.int64(37), 21)): {'bw': 17}, ((0, 6), (21, 10)): {'bw': 17}, ((0, 6), (10, 4)): {'bw': 17}, ((0, 6), (4, 9)): {'bw': 17}, ((0, 6), (9, 19)): {'bw': 17}}",0.0,0.0,182.0,91.0,430.0,0.0,0.0,0.0,0.0,0.0,0.0,0.0,0.0,0.0,Route Failure,100.0,"{'node_level': {}, 'link_level': {}, 'path_level': {}}","{'node_level': {0: {'cpu': -57}, 1: {'cpu': -44}, 2: {'cpu': -55}, 3: {'cpu': -43}, 4: {'cpu': -43}, 5: {'cpu': -51}, 6: {'cpu': -48}, 7: {'cpu': -63}, 8: {'cpu': -55}}, 'link_level': {(0, 3): {'bw': -42}, (0, 6): {'bw': -13}, (0, 7): {'bw': 100.0}}, 'path_level': {(0, 3): {}, (0, 6): {}, (0, 7): {}}}","{'node_level': {0: {'cpu': 0}, 1: {'cpu': 0}, 2: {'cpu': 0}, 3: {'cpu': 0}, 4: {'cpu': 0}, 5: {'cpu': 0}, 6: {'cpu': 0}, 7: {'cpu': 0}, 8: {'cpu': 0}}, 'link_level': {(0, 3): {'bw': 0}, (0, 6): {'bw': 0}, (0, 7): {'bw': 100.0}}, 'path_level': {(0, 3): {}, (0, 6): {}, (0, 7): {}}}",[],-inf,-inf,True,False,False,0,[],0,0.0,9.0,3.0
32,6,3,385.0,969.0,230899.68405821404,680869.5326225787,0.3973168214654283,0.3391247118502025,15,47,1,834.0,8241,4398,3843,0.02048997772828509,0.13034623217922603,31,113.77055385859072,834.0,5,4,False,"{0: np.int64(23), 1: np.int64(1), 2: np.int64(38), 3: np.int64(54), 4: np.int64(0)}","{(0, 1): [(np.int64(23), 11), (11, 5), (5, 2), (2, 0), (0, 1)], (1, 2): [(np.int64(1), 4), (4, 10), (10, 22), (22, 38)], (1, 3): []}","{(0, np.int64(23)): {'cpu': 14}, (1, np.int64(1)): {'cpu': 3}, (2, np.int64(38)): {'cpu': 20}, (3, np.int64(54)): {'cpu': 8}, (4, np.int64(0)): {'cpu': 11}}","{((0, 1), (np.int64(23), 11)): {'bw': 35}, ((0, 1), (11, 5)): {'bw': 35}, ((0, 1), (5, 2)): {'bw': 35}, ((0, 1), (2, 0)): {'bw': 35}, ((0, 1), (0, 1)): {'bw': 35}, ((1, 2), (np.int64(1), 4)): {'bw': 8}, ((1, 2), (4, 10)): {'bw': 8}, ((1, 2), (10, 22)): {'bw': 8}, ((1, 2), (22, 38)): {'bw': 8}}",0.0,0.0,112.0,56.0,106.0,0.0,0.0,0.0,0.0,0.0,0.0,0.0,0.0,0.0,Route Failure,100.0,"{'node_level': {}, 'link_level': {}, 'path_level': {}}","{'node_level': {0: {'cpu': -64}, 1: {'cpu': -90}, 2: {'cpu': -37}, 3: {'cpu': -91}, 4: {'cpu': -76}}, 'link_level': {(0, 1): {'bw': -15}, (1, 2): {'bw': -3}, (1, 3): {'bw': 100.0}}, 'path_level': {(0, 1): {}, (1, 2): {}, (1, 3): {}}}","{'node_level': {0: {'cpu': 0}, 1: {'cpu': 0}, 2: {'cpu': 0}, 3: {'cpu': 0}, 4: {'cpu': 0}}, 'link_level': {(0, 1): {'bw': 0}, (1, 2): {'bw': 0}, (1, 3): {'bw': 100.0}}, 'path_level': {(0, 1): {}, (1, 2): {}, (1, 3): {}}}",[],-inf,-inf,True,False,False,0,[],0,0.0,5.0,3.0
33,6,3,385.0,969.0,230899.68405821404,680869.5326225787,0.3973168214654283,0.3391247118502025,15,48,1,850.0,8241,4398,3843,0.02048997772828509,0.13034623217922603,32,4.01745210659736,850.0,8,13,False,"{0: np.int64(58), 1: np.int64(31), 2: np.int64(13), 3: np.int64(3), 4: np.int64(21), 5: np.int64(47), 6: np.int64(42), 7: np.int64(24)}","{(0, 3): []}","{(0, np.int64(58)): {'cpu': 20}, (1, np.int64(31)): {'cpu': 0}, (2, np.int64(13)): {'cpu': 2}, (3, np.int64(3)): {'cpu': 19}, (4, np.int64(21)): {'cpu': 20}, (5, np.int64(47)): {'cpu': 18}, (6, np.int64(42)): {'cpu': 16}, (7, np.int64(24)): {'cpu': 10}}",{},0.0,0.0,210.0,105.0,335.0,0.0,0.0,0.0,0.0,0.0,0.0,0.0,0.0,0.0,Route Failure,100.0,"{'node_level': {}, 'link_level': {}, 'path_level': {}}","{'node_level': {0: {'cpu': -79}, 1: {'cpu': -99}, 2: {'cpu': -75}, 3: {'cpu': -39}, 4: {'cpu': -41}, 5: {'cpu': -74}, 6: {'cpu': -51}, 7: {'cpu': -69}}, 'link_level': {(0, 3): {'bw': 100.0}}, 'path_level': {(0, 3): {}}}","{'node_level': {0: {'cpu': 0}, 1: {'cpu': 0}, 2: {'cpu': 0}, 3: {'cpu': 0}, 4: {'cpu': 0}, 5: {'cpu': 0}, 6: {'cpu': 0}, 7: {'cpu': 0}}, 'link_level': {(0, 3): {'bw': 100.0}}, 'path_level': {(0, 3): {}}}",[],-inf,-inf,True,False,False,0,[],0,0.0,8.0,1.0
33,6,3,385.0,969.0,230899.68405821404,680869.5326225787,0.3973168214654283,0.3391247118502025,15,49,0,854.0174521065974,8241,4398,3843,0.02048997772828509,0.13034623217922603,32,4.01745210659736,850.0,8,13,False,{},{},{},{},0.0,0.0,0.0,0.0,0.0,0.0,0.0,0.0,0.0,0.0,0.0,0.0,0.0,0.0,Leave Event,0.0,"{'node_level': {}, 'link_level': {}, 'path_level': {}}","{'node_level': {}, 'link_level': {}, 'path_level': {}}","{'node_level': {}, 'link_level': {}, 'path_level': {}}",[],-inf,-inf,True,True,False,0,[],0,0.0,,
34,6,3,385.0,969.0,230899.68405821404,680869.5326225787,0.3973168214654283,0.3391247118502025,15,50,1,881.0,8241,4398,3843,0.02048997772828509,0.13034623217922603,33,1304.220376148036,881.0,7,12,False,"{0: np.int64(4), 1: np.int64(40), 2: np.int64(49), 3: np.int64(11), 4: np.int64(8), 5: np.int64(32), 6: np.int64(29)}","{(0, 1): []}","{(0, np.int64(4)): {'cpu': 18}, (1, np.int64(40)): {'cpu': 4}, (2, np.int64(49)): {'cpu': 16}, (3, np.int64(11)): {'cpu': 14}, (4, np.int64(8)): {'cpu': 12}, (5, np.int64(32)): {'cpu': 3}, (6, np.int64(29)): {'cpu': 7}}",{},0.0,0.0,148.0,74.0,270.0,0.0,0.0,0.0,0.0,0.0,0.0,0.0,0.0,0.0,Route Failure,100.0,"{'node_level': {}, 'link_level': {}, 'path_level': {}}","{'node_level': {0: {'cpu': -41}, 1: {'cpu': -47}, 2: {'cpu': -64}, 3: {'cpu': -48}, 4: {'cpu': -37}, 5: {'cpu': -77}, 6: {'cpu': -66}}, 'link_level': {(0, 1): {'bw': 100.0}}, 'path_level': {(0, 1): {}}}","{'node_level': {0: {'cpu': 0}, 1: {'cpu': 0}, 2: {'cpu': 0}, 3: {'cpu': 0}, 4: {'cpu': 0}, 5: {'cpu': 0}, 6: {'cpu': 0}}, 'link_level': {(0, 1): {'bw': 100.0}}, 'path_level': {(0, 1): {}}}",[],-inf,-inf,True,False,False,0,[],0,0.0,7.0,1.0
35,6,3,385.0,969.0,230899.68405821404,680869.5326225787,0.3973168214654283,0.3391247118502025,15,51,1,907.0,8241,4398,3843,0.02048997772828509,0.13034623217922603,34,174.4324362965031,907.0,3,2,False,"{0: np.int64(21), 1: np.int64(56), 2: np.int64(54)}","{(0, 1): []}","{(0, np.int64(21)): {'cpu': 2}, (1, np.int64(56)): {'cpu': 8}, (2, np.int64(54)): {'cpu': 15}}",{},0.0,0.0,50.0,25.0,52.0,0.0,0.0,0.0,0.0,0.0,0.0,0.0,0.0,0.0,Route Failure,100.0,"{'node_level': {}, 'link_level': {}, 'path_level': {}}","{'node_level': {0: {'cpu': -59}, 1: {'cpu': -46}, 2: {'cpu': -84}}, 'link_level': {(0, 1): {'bw': 100.0}}, 'path_level': {(0, 1): {}}}","{'node_level': {0: {'cpu': 0}, 1: {'cpu': 0}, 2: {'cpu': 0}}, 'link_level': {(0, 1): {'bw': 100.0}}, 'path_level': {(0, 1): {}}}",[],-inf,-inf,True,False,False,0,[],0,0.0,3.0,1.0
35,6,3,385.0,969.0,230899.68405821404,680869.5326225787,0.3973168214654283,0.3391247118502025,15,52,0,908.7003213656026,8241,4398,3843,0.02048997772828509,0.13034623217922603,17,429.7003213656026,479.0,3,2,False,{},{},{},{},0.0,0.0,0.0,0.0,0.0,0.0,0.0,0.0,0.0,0.0,0.0,0.0,0.0,0.0,Leave Event,0.0,"{'node_level': {}, 'link_level': {}, 'path_level': {}}","{'node_level': {}, 'link_level': {}, 'path_level': {}}","{'node_level': {}, 'link_level': {}, 'path_level': {}}",[],-inf,-inf,True,True,False,0,[],0,0.0,,
36,6,3,385.0,969.0,230899.68405821404,680869.5326225787,0.3973168214654283,0.3391247118502025,15,53,1,936.0,8241,4398,3843,0.02048997772828509,0.13034623217922603,35,91.33176390296302,936.0,5,6,False,"{0: np.int64(10), 1: np.int64(56), 2: np.int64(54), 3: np.int64(25), 4: np.int64(13)}","{(0, 3): []}","{(0, np.int64(10)): {'cpu': 13}, (1, np.int64(56)): {'cpu': 10}, (2, np.int64(54)): {'cpu': 16}, (3, np.int64(25)): {'cpu': 15}, (4, np.int64(13)): {'cpu': 10}}",{},0.0,0.0,128.0,64.0,95.0,0.0,0.0,0.0,0.0,0.0,0.0,0.0,0.0,0.0,Route Failure,100.0,"{'node_level': {}, 'link_level': {}, 'path_level': {}}","{'node_level': {0: {'cpu': -38}, 1: {'cpu': -44}, 2: {'cpu': -83}, 3: {'cpu': -35}, 4: {'cpu': -67}}, 'link_level': {(0, 3): {'bw': 100.0}}, 'path_level': {(0, 3): {}}}","{'node_level': {0: {'cpu': 0}, 1: {'cpu': 0}, 2: {'cpu': 0}, 3: {'cpu': 0}, 4: {'cpu': 0}}, 'link_level': {(0, 3): {'bw': 100.0}}, 'path_level': {(0, 3): {}}}",[],-inf,-inf,True,False,False,0,[],0,0.0,5.0,1.0
36,6,3,385.0,969.0,230899.68405821404,680869.5326225787,0.3973168214654283,0.3391247118502025,15,54,0,947.7705538585907,8241,4398,3843,0.02048997772828509,0.13034623217922603,31,113.77055385859072,834.0,5,4,False,{},{},{},{},0.0,0.0,0.0,0.0,0.0,0.0,0.0,0.0,0.0,0.0,0.0,0.0,0.0,0.0,Leave Event,0.0,"{'node_level': {}, 'link_level': {}, 'path_level': {}}","{'node_level': {}, 'link_level': {}, 'path_level': {}}","{'node_level': {}, 'link_level': {}, 'path_level': {}}",[],-inf,-inf,True,True,False,0,[],0,0.0,,
37,6,3,385.0,969.0,230899.68405821404,680869.5326225787,0.3973168214654283,0.3391247118502025,15,55,1,963.0,8241,4398,3843,0.02048997772828509,0.13034623217922603,36,12.198411749912498,963.0,6,8,False,"{0: np.int64(44), 1: np.int64(61), 2: np.int64(5), 3: np.int64(25), 4: np.int64(21), 5: np.int64(32)}","{(0, 3): []}","{(0, np.int64(44)): {'cpu': 0}, (1, np.int64(61)): {'cpu': 6}, (2, np.int64(5)): {'cpu': 3}, (3, np.int64(25)): {'cpu': 10}, (4, np.int64(21)): {'cpu': 5}, (5, np.int64(32)): {'cpu': 1}}",{},0.0,0.0,50.0,25.0,223.0,0.0,0.0,0.0,0.0,0.0,0.0,0.0,0.0,0.0,Route Failure,100.0,"{'node_level': {}, 'link_level': {}, 'path_level': {}}","{'node_level': {0: {'cpu': -74}, 1: {'cpu': -70}, 2: {'cpu': -58}, 3: {'cpu': -40}, 4: {'cpu': -56}, 5: {'cpu': -79}}, 'link_level': {(0, 3): {'bw': 100.0}}, 'path_level': {(0, 3): {}}}","{'node_level': {0: {'cpu': 0}, 1: {'cpu': 0}, 2: {'cpu': 0}, 3: {'cpu': 0}, 4: {'cpu': 0}, 5: {'cpu': 0}}, 'link_level': {(0, 3): {'bw': 100.0}}, 'path_level': {(0, 3): {}}}",[],-inf,-inf,True,False,False,0,[],0,0.0,6.0,1.0
37,6,2,385.0,969.0,230899.68405821404,680869.5326225787,0.3973168214654283,0.3391247118502025,15,56,0,963.4738821356901,8318,4423,3895,0.01492204899777283,0.11857886399637929,8,722.4738821356901,241.0,4,3,False,{},{},{},{},0.0,0.0,0.0,0.0,0.0,0.0,0.0,0.0,0.0,0.0,0.0,0.0,0.0,0.0,Leave Event,0.0,"{'node_level': {}, 'link_level': {}, 'path_level': {}}","{'node_level': {}, 'link_level': {}, 'path_level': {}}","{'node_level': {}, 'link_level': {}, 'path_level': {}}",[],-inf,-inf,True,True,False,0,[],0,0.0,,
37,6,2,385.0,969.0,230899.68405821404,680869.5326225787,0.3973168214654283,0.3391247118502025,15,57,0,971.8434006697605,8318,4423,3895,0.01492204899777283,0.11857886399637929,22,369.84340066976046,602.0,8,13,False,{},{},{},{},0.0,0.0,0.0,0.0,0.0,0.0,0.0,0.0,0.0,0.0,0.0,0.0,0.0,0.0,Leave Event,0.0,"{'node_level': {}, 'link_level': {}, 'path_level': {}}","{'node_level': {}, 'link_level': {}, 'path_level': {}}","{'node_level': {}, 'link_level': {}, 'path_level': {}}",[],-inf,-inf,True,True,False,0,[],0,0.0,,
37,6,2,385.0,969.0,230899.68405821404,680869.5326225787,0.3973168214654283,0.3391247118502025,15,58,0,975.1984117499125,8318,4423,3895,0.01492204899777283,0.11857886399637929,36,12.198411749912498,963.0,6,8,False,{},{},{},{},0.0,0.0,0.0,0.0,0.0,0.0,0.0,0.0,0.0,0.0,0.0,0.0,0.0,0.0,Leave Event,0.0,"{'node_level': {}, 'link_level': {}, 'path_level': {}}","{'node_level': {}, 'link_level': {}, 'path_level': {}}","{'node_level': {}, 'link_level': {}, 'path_level': {}}",[],-inf,-inf,True,True,False,0,[],0,0.0,,
37,6,2,385.0,969.0,230899.68405821404,680869.5326225787,0.3973168214654283,0.3391247118502025,15,59,0,990.2697473154761,8318,4423,3895,0.01492204899777283,0.11857886399637929,26,278.26974731547614,712.0,10,20,False,{},{},{},{},0.0,0.0,0.0,0.0,0.0,0.0,0.0,0.0,0.0,0.0,0.0,0.0,0.0,0.0,Leave Event,0.0,"{'node_level': {}, 'link_level': {}, 'path_level': {}}","{'node_level': {}, 'link_level': {}, 'path_level': {}}","{'node_level': {}, 'link_level': {}, 'path_level': {}}",[],-inf,-inf,True,True,False,0,[],0,0.0,,
38,6,2,385.0,969.0,230899.68405821404,680869.5326225787,0.3973168214654283,0.3391247118502025,15,60,1,994.0,8318,4423,3895,0.01492204899777283,0.11857886399637929,37,300.7414634993102,994.0,10,18,False,"{0: np.int64(29), 1: np.int64(25), 2: np.int64(26), 3: np.int64(16), 4: np.int64(22), 5: np.int64(51), 6: np.int64(52), 7: np.int64(14), 8: np.int64(9), 9: np.int64(34)}","{(0, 1): []}","{(0, np.int64(29)): {'cpu': 10}, (1, np.int64(25)): {'cpu': 20}, (2, np.int64(26)): {'cpu': 3}, (3, np.int64(16)): {'cpu': 7}, (4, np.int64(22)): {'cpu': 13}, (5, np.int64(51)): {'cpu': 5}, (6, np.int64(52)): {'cpu': 16}, (7, np.int64(14)): {'cpu': 11}, (8, np.int64(9)): {'cpu': 14}, (9, np.int64(34)): {'cpu': 7}}",{},0.0,0.0,212.0,106.0,346.0,0.0,0.0,0.0,0.0,0.0,0.0,0.0,0.0,0.0,Route Failure,100.0,"{'node_level': {}, 'link_level': {}, 'path_level': {}}","{'node_level': {0: {'cpu': -63}, 1: {'cpu': -44}, 2: {'cpu': -97}, 3: {'cpu': -93}, 4: {'cpu': -79}, 5: {'cpu': -48}, 6: {'cpu': -40}, 7: {'cpu': -45}, 8: {'cpu': -52}, 9: {'cpu': -65}}, 'link_level': {(0, 1): {'bw': 100.0}}, 'path_level': {(0, 1): {}}}","{'node_level': {0: {'cpu': 0}, 1: {'cpu': 0}, 2: {'cpu': 0}, 3: {'cpu': 0}, 4: {'cpu': 0}, 5: {'cpu': 0}, 6: {'cpu': 0}, 7: {'cpu': 0}, 8: {'cpu': 0}, 9: {'cpu': 0}}, 'link_level': {(0, 1): {'bw': 100.0}}, 'path_level': {(0, 1): {}}}",[],-inf,-inf,True,False,False,0,[],0,0.0,10.0,1.0
38,6,1,385.0,969.0,230899.68405821404,680869.5326225787,0.3973168214654283,0.3391247118502025,15,61,0,1016.1426134728772,8552,4457,4095,0.007349665924276216,0.07331975560081472,19,488.1426134728772,528.0,2,1,False,{},{},{},{},0.0,0.0,0.0,0.0,0.0,0.0,0.0,0.0,0.0,0.0,0.0,0.0,0.0,0.0,Leave Event,0.0,"{'node_level': {}, 'link_level': {}, 'path_level': {}}","{'node_level': {}, 'link_level': {}, 'path_level': {}}","{'node_level': {}, 'link_level': {}, 'path_level': {}}",[],-inf,-inf,True,True,False,0,[],0,0.0,,
39,6,1,385.0,969.0,230899.68405821404,680869.5326225787,0.3973168214654283,0.3391247118502025,15,62,1,1020.0,8552,4457,4095,0.007349665924276216,0.07331975560081472,38,826.0128831640912,1020.0,3,2,False,"{0: np.int64(40), 1: np.int64(33), 2: np.int64(53)}","{(0, 2): []}","{(0, np.int64(40)): {'cpu': 18}, (1, np.int64(33)): {'cpu': 19}, (2, np.int64(53)): {'cpu': 15}}",{},0.0,0.0,104.0,52.0,54.0,0.0,0.0,0.0,0.0,0.0,0.0,0.0,0.0,0.0,Route Failure,100.0,"{'node_level': {}, 'link_level': {}, 'path_level': {}}","{'node_level': {0: {'cpu': -33}, 1: {'cpu': -63}, 2: {'cpu': -39}}, 'link_level': {(0, 2): {'bw': 100.0}}, 'path_level': {(0, 2): {}}}","{'node_level': {0: {'cpu': 0}, 1: {'cpu': 0}, 2: {'cpu': 0}}, 'link_level': {(0, 2): {'bw': 100.0}}, 'path_level': {(0, 2): {}}}",[],-inf,-inf,True,False,False,0,[],0,0.0,3.0,1.0
39,6,1,385.0,969.0,230899.68405821404,680869.5326225787,0.3973168214654283,0.3391247118502025,15,63,0,1027.331763902963,8552,4457,4095,0.007349665924276216,0.07331975560081472,35,91.33176390296302,936.0,5,6,False,{},{},{},{},0.0,0.0,0.0,0.0,0.0,0.0,0.0,0.0,0.0,0.0,0.0,0.0,0.0,0.0,Leave Event,0.0,"{'node_level': {}, 'link_level': {}, 'path_level': {}}","{'node_level': {}, 'link_level': {}, 'path_level': {}}","{'node_level': {}, 'link_level': {}, 'path_level': {}}",[],-inf,-inf,True,True,False,0,[],0,0.0,,
39,6,1,385.0,969.0,230899.68405821404,680869.5326225787,0.3973168214654283,0.3391247118502025,15,64,0,1044.426165873313,8552,4457,4095,0.007349665924276216,0.07331975560081472,29,253.426165873313,791.0,10,25,False,{},{},{},{},0.0,0.0,0.0,0.0,0.0,0.0,0.0,0.0,0.0,0.0,0.0,0.0,0.0,0.0,Leave Event,0.0,"{'node_level': {}, 'link_level': {}, 'path_level': {}}","{'node_level': {}, 'link_level': {}, 'path_level': {}}","{'node_level': {}, 'link_level': {}, 'path_level': {}}",[],-inf,-inf,True,True,False,0,[],0,0.0,,
40,6,1,385.0,969.0,230899.68405821404,680869.5326225787,0.3973168214654283,0.3391247118502025,15,65,1,1045.0,8552,4457,4095,0.007349665924276216,0.07331975560081472,39,229.73117534909056,1045.0,6,7,False,"{0: np.int64(26), 1: np.int64(31), 2: np.int64(29), 3: np.int64(22), 4: np.int64(57), 5: np.int64(7)}","{(0, 4): [(np.int64(26), 12), (12, 25), (25, 57)], (0, 5): []}","{(0, np.int64(26)): {'cpu': 13}, (1, np.int64(31)): {'cpu': 12}, (2, np.int64(29)): {'cpu': 5}, (3, np.int64(22)): {'cpu': 11}, (4, np.int64(57)): {'cpu': 15}, (5, np.int64(7)): {'cpu': 14}}","{((0, 4), (np.int64(26), 12)): {'bw': 49}, ((0, 4), (12, 25)): {'bw': 49}, ((0, 4), (25, 57)): {'bw': 49}}",0.0,0.0,140.0,70.0,200.0,0.0,0.0,0.0,0.0,0.0,0.0,0.0,0.0,0.0,Route Failure,100.0,"{'node_level': {}, 'link_level': {}, 'path_level': {}}","{'node_level': {0: {'cpu': -87}, 1: {'cpu': -87}, 2: {'cpu': -68}, 3: {'cpu': -81}, 4: {'cpu': -59}, 5: {'cpu': -50}}, 'link_level': {(0, 4): {'bw': -9}, (0, 5): {'bw': 100.0}}, 'path_level': {(0, 4): {}, (0, 5): {}}}","{'node_level': {0: {'cpu': 0}, 1: {'cpu': 0}, 2: {'cpu': 0}, 3: {'cpu': 0}, 4: {'cpu': 0}, 5: {'cpu': 0}}, 'link_level': {(0, 4): {'bw': 0}, (0, 5): {'bw': 100.0}}, 'path_level': {(0, 4): {}, (0, 5): {}}}",[],-inf,-inf,True,False,False,0,[],0,0.0,6.0,2.0
41,7,2,411.0,1003.0,243114.18821908493,696842.3457560252,0.4097706879361914,0.3488797569489309,16,66,1,1058.0,8518,4439,4079,0.011358574610245031,0.07694048427245981,40,469.78862157195687,1058.0,2,1,True,"{0: np.int64(43), 1: np.int64(59)}","{(0, 1): [(np.int64(43), 27), (27, 59)]}","{(0, np.int64(43)): {'cpu': 12}, (1, np.int64(59)): {'cpu': 6}}","{((0, 1), (np.int64(43), 27)): {'bw': 8}, ((0, 1), (27, 59)): {'bw': 8}}",34.0,26.0,36.0,18.0,8.0,18.0,8.0,18.0,16.0,8.0,0.7647058823529411,15972.813133446534,12214.504160870878,359.2501223785552,Success,0.0,"{'node_level': {}, 'link_level': {}, 'path_level': {}}","{'node_level': {0: {'cpu': -46}, 1: {'cpu': -87}}, 'link_level': {(0, 1): {'bw': -49}}, 'path_level': {(0, 1): {}}}","{'node_level': {0: {'cpu': 0}, 1: {'cpu': 0}}, 'link_level': {(0, 1): {'bw': 0}}, 'path_level': {(0, 1): {}}}",[],-inf,-inf,True,True,False,0,[],0,0.0,2.0,1.0
41,7,2,411.0,1003.0,243114.18821908493,696842.3457560252,0.4097706879361914,0.3488797569489309,16,67,0,1081.432436296503,8518,4439,4079,0.011358574610245031,0.07694048427245981,34,174.4324362965031,907.0,3,2,False,{},{},{},{},0.0,0.0,0.0,0.0,0.0,0.0,0.0,0.0,0.0,0.0,0.0,0.0,0.0,0.0,Leave Event,0.0,"{'node_level': {}, 'link_level': {}, 'path_level': {}}","{'node_level': {}, 'link_level': {}, 'path_level': {}}","{'node_level': {}, 'link_level': {}, 'path_level': {}}",[],-inf,-inf,True,True,False,0,[],0,0.0,,
42,7,2,411.0,1003.0,243114.18821908493,696842.3457560252,0.4097706879361914,0.3488797569489309,16,68,1,1089.0,8518,4439,4079,0.011358574610245031,0.07694048427245981,41,17.734694918457674,1089.0,5,4,False,"{0: np.int64(2), 1: np.int64(24), 2: np.int64(33), 3: np.int64(53), 4: np.int64(21)}","{(0, 2): []}","{(0, np.int64(2)): {'cpu': 12}, (1, np.int64(24)): {'cpu': 14}, (2, np.int64(33)): {'cpu': 14}, (3, np.int64(53)): {'cpu': 18}, (4, np.int64(21)): {'cpu': 7}}",{},0.0,0.0,130.0,65.0,102.0,0.0,0.0,0.0,0.0,0.0,0.0,0.0,0.0,0.0,Route Failure,100.0,"{'node_level': {}, 'link_level': {}, 'path_level': {}}","{'node_level': {0: {'cpu': -50}, 1: {'cpu': -65}, 2: {'cpu': -68}, 3: {'cpu': -36}, 4: {'cpu': -54}}, 'link_level': {(0, 2): {'bw': 100.0}}, 'path_level': {(0, 2): {}}}","{'node_level': {0: {'cpu': 0}, 1: {'cpu': 0}, 2: {'cpu': 0}, 3: {'cpu': 0}, 4: {'cpu': 0}}, 'link_level': {(0, 2): {'bw': 100.0}}, 'path_level': {(0, 2): {}}}",[],-inf,-inf,True,False,False,0,[],0,0.0,5.0,1.0
42,7,2,411.0,1003.0,243114.18821908493,696842.3457560252,0.4097706879361914,0.3488797569489309,16,69,0,1106.7346949184578,8518,4439,4079,0.011358574610245031,0.07694048427245981,41,17.734694918457674,1089.0,5,4,False,{},{},{},{},0.0,0.0,0.0,0.0,0.0,0.0,0.0,0.0,0.0,0.0,0.0,0.0,0.0,0.0,Leave Event,0.0,"{'node_level': {}, 'link_level': {}, 'path_level': {}}","{'node_level': {}, 'link_level': {}, 'path_level': {}}","{'node_level': {}, 'link_level': {}, 'path_level': {}}",[],-inf,-inf,True,True,False,0,[],0,0.0,,
43,7,2,411.0,1003.0,243114.18821908493,696842.3457560252,0.4097706879361914,0.3488797569489309,16,70,1,1114.0,8518,4439,4079,0.011358574610245031,0.07694048427245981,42,218.92485928071403,1114.0,4,4,False,"{0: np.int64(1), 1: np.int64(35), 2: np.int64(2), 3: np.int64(30)}","{(0, 1): []}","{(0, np.int64(1)): {'cpu': 20}, (1, np.int64(35)): {'cpu': 1}, (2, np.int64(2)): {'cpu': 15}, (3, np.int64(30)): {'cpu': 9}}",{},0.0,0.0,90.0,45.0,116.0,0.0,0.0,0.0,0.0,0.0,0.0,0.0,0.0,0.0,Route Failure,100.0,"{'node_level': {}, 'link_level': {}, 'path_level': {}}","{'node_level': {0: {'cpu': -73}, 1: {'cpu': -47}, 2: {'cpu': -47}, 3: {'cpu': -82}}, 'link_level': {(0, 1): {'bw': 100.0}}, 'path_level': {(0, 1): {}}}","{'node_level': {0: {'cpu': 0}, 1: {'cpu': 0}, 2: {'cpu': 0}, 3: {'cpu': 0}}, 'link_level': {(0, 1): {'bw': 100.0}}, 'path_level': {(0, 1): {}}}",[],-inf,-inf,True,False,False,0,[],0,0.0,4.0,1.0
44,8,3,429.0,1033.0,243850.15571754813,698068.9582534638,0.41529525653436594,0.34932101310972186,17,71,1,1133.0,8488,4427,4061,0.014031180400890908,0.08101380402806069,43,40.887083247955786,1133.0,2,1,True,"{0: np.int64(29), 1: np.int64(13)}","{(0, 1): [(np.int64(29), 14), (14, 6), (6, 13)]}","{(0, np.int64(29)): {'cpu': 7}, (1, np.int64(13)): {'cpu': 5}}","{((0, 1), (np.int64(29), 14)): {'bw': 6}, ((0, 1), (14, 6)): {'bw': 6}, ((0, 1), (6, 13)): {'bw': 6}}",30.0,18.0,24.0,12.0,6.0,12.0,6.0,12.0,18.0,12.0,0.6,1226.6124974386735,735.9674984632042,24.532249948773472,Success,0.0,"{'node_level': {}, 'link_level': {}, 'path_level': {}}","{'node_level': {0: {'cpu': -66}, 1: {'cpu': -90}}, 'link_level': {(0, 1): {'bw': -67}}, 'path_level': {(0, 1): {}}}","{'node_level': {0: {'cpu': 0}, 1: {'cpu': 0}}, 'link_level': {(0, 1): {'bw': 0}}, 'path_level': {(0, 1): {}}}",[],-inf,-inf,True,True,False,0,[],0,0.0,2.0,1.0
45,8,3,429.0,1033.0,243850.15571754813,698068.9582534638,0.41529525653436594,0.34932101310972186,17,72,1,1158.0,8488,4427,4061,0.014031180400890908,0.08101380402806069,44,590.7554839024208,1158.0,6,9,False,"{0: np.int64(18), 1: np.int64(36), 2: np.int64(26), 3: np.int64(41), 4: np.int64(59), 5: np.int64(0)}","{(0, 1): []}","{(0, np.int64(18)): {'cpu': 11}, (1, np.int64(36)): {'cpu': 1}, (2, np.int64(26)): {'cpu': 19}, (3, np.int64(41)): {'cpu': 16}, (4, np.int64(59)): {'cpu': 13}, (5, np.int64(0)): {'cpu': 8}}",{},0.0,0.0,136.0,68.0,117.0,0.0,0.0,0.0,0.0,0.0,0.0,0.0,0.0,0.0,Route Failure,100.0,"{'node_level': {}, 'link_level': {}, 'path_level': {}}","{'node_level': {0: {'cpu': -76}, 1: {'cpu': -90}, 2: {'cpu': -81}, 3: {'cpu': -34}, 4: {'cpu': -74}, 5: {'cpu': -79}}, 'link_level': {(0, 1): {'bw': 100.0}}, 'path_level': {(0, 1): {}}}","{'node_level': {0: {'cpu': 0}, 1: {'cpu': 0}, 2: {'cpu': 0}, 3: {'cpu': 0}, 4: {'cpu': 0}, 5: {'cpu': 0}}, 'link_level': {(0, 1): {'bw': 100.0}}, 'path_level': {(0, 1): {}}}",[],-inf,-inf,True,False,False,0,[],0,0.0,6.0,1.0
45,8,2,429.0,1033.0,243850.15571754813,698068.9582534638,0.41529525653436594,0.34932101310972186,17,73,0,1173.8870832479558,8518,4439,4079,0.011358574610245031,0.07694048427245981,43,40.887083247955786,1133.0,2,1,False,{},{},{},{},0.0,0.0,0.0,0.0,0.0,0.0,0.0,0.0,0.0,0.0,0.0,0.0,0.0,0.0,Leave Event,0.0,"{'node_level': {}, 'link_level': {}, 'path_level': {}}","{'node_level': {}, 'link_level': {}, 'path_level': {}}","{'node_level': {}, 'link_level': {}, 'path_level': {}}",[],-inf,-inf,True,True,False,0,[],0,0.0,,
46,8,2,429.0,1033.0,243850.15571754813,698068.9582534638,0.41529525653436594,0.34932101310972186,17,74,1,1190.0,8518,4439,4079,0.011358574610245031,0.07694048427245981,45,6.39708121245709,1190.0,4,4,False,"{0: np.int64(11), 1: np.int64(56), 2: np.int64(30), 3: np.int64(19)}","{(0, 2): [(np.int64(11), 5), (5, 2), (2, 6), (6, 14), (14, 30)], (0, 3): []}","{(0, np.int64(11)): {'cpu': 8}, (1, np.int64(56)): {'cpu': 0}, (2, np.int64(30)): {'cpu': 6}, (3, np.int64(19)): {'cpu': 0}}","{((0, 2), (np.int64(11), 5)): {'bw': 7}, ((0, 2), (5, 2)): {'bw': 7}, ((0, 2), (2, 6)): {'bw': 7}, ((0, 2), (6, 14)): {'bw': 7}, ((0, 2), (14, 30)): {'bw': 7}}",0.0,0.0,28.0,14.0,91.0,0.0,0.0,0.0,0.0,0.0,0.0,0.0,0.0,0.0,Route Failure,100.0,"{'node_level': {}, 'link_level': {}, 'path_level': {}}","{'node_level': {0: {'cpu': -54}, 1: {'cpu': -54}, 2: {'cpu': -85}, 3: {'cpu': -68}}, 'link_level': {(0, 2): {'bw': -43}, (0, 3): {'bw': 100.0}}, 'path_level': {(0, 2): {}, (0, 3): {}}}","{'node_level': {0: {'cpu': 0}, 1: {'cpu': 0}, 2: {'cpu': 0}, 3: {'cpu': 0}}, 'link_level': {(0, 2): {'bw': 0}, (0, 3): {'bw': 100.0}}, 'path_level': {(0, 2): {}, (0, 3): {}}}",[],-inf,-inf,True,False,False,0,[],0,0.0,4.0,2.0
46,8,2,429.0,1033.0,243850.15571754813,698068.9582534638,0.41529525653436594,0.34932101310972186,17,75,0,1196.3970812124571,8518,4439,4079,0.011358574610245031,0.07694048427245981,45,6.39708121245709,1190.0,4,4,False,{},{},{},{},0.0,0.0,0.0,0.0,0.0,0.0,0.0,0.0,0.0,0.0,0.0,0.0,0.0,0.0,Leave Event,0.0,"{'node_level': {}, 'link_level': {}, 'path_level': {}}","{'node_level': {}, 'link_level': {}, 'path_level': {}}","{'node_level': {}, 'link_level': {}, 'path_level': {}}",[],-inf,-inf,True,True,False,0,[],0,0.0,,
47,8,2,429.0,1033.0,243850.15571754813,698068.9582534638,0.41529525653436594,0.34932101310972186,17,76,1,1212.0,8518,4439,4079,0.011358574610245031,0.07694048427245981,46,307.67221366106486,1212.0,9,17,False,"{0: np.int64(19), 1: np.int64(0), 2: np.int64(2), 3: np.int64(41), 4: np.int64(23), 5: np.int64(27), 6: np.int64(24), 7: np.int64(25), 8: np.int64(16)}","{(0, 1): []}","{(0, np.int64(19)): {'cpu': 18}, (1, np.int64(0)): {'cpu': 6}, (2, np.int64(2)): {'cpu': 3}, (3, np.int64(41)): {'cpu': 10}, (4, np.int64(23)): {'cpu': 18}, (5, np.int64(27)): {'cpu': 16}, (6, np.int64(24)): {'cpu': 17}, (7, np.int64(25)): {'cpu': 11}, (8, np.int64(16)): {'cpu': 14}}",{},0.0,0.0,226.0,113.0,445.0,0.0,0.0,0.0,0.0,0.0,0.0,0.0,0.0,0.0,Route Failure,100.0,"{'node_level': {}, 'link_level': {}, 'path_level': {}}","{'node_level': {0: {'cpu': -50}, 1: {'cpu': -81}, 2: {'cpu': -59}, 3: {'cpu': -40}, 4: {'cpu': -60}, 5: {'cpu': -38}, 6: {'cpu': -62}, 7: {'cpu': -53}, 8: {'cpu': -86}}, 'link_level': {(0, 1): {'bw': 100.0}}, 'path_level': {(0, 1): {}}}","{'node_level': {0: {'cpu': 0}, 1: {'cpu': 0}, 2: {'cpu': 0}, 3: {'cpu': 0}, 4: {'cpu': 0}, 5: {'cpu': 0}, 6: {'cpu': 0}, 7: {'cpu': 0}, 8: {'cpu': 0}}, 'link_level': {(0, 1): {'bw': 100.0}}, 'path_level': {(0, 1): {}}}",[],-inf,-inf,True,False,False,0,[],0,0.0,9.0,1.0
47,8,2,429.0,1033.0,243850.15571754813,698068.9582534638,0.41529525653436594,0.34932101310972186,17,77,0,1231.9980101151,8518,4439,4079,0.011358574610245031,0.07694048427245981,21,650.9980101150999,581.0,9,13,False,{},{},{},{},0.0,0.0,0.0,0.0,0.0,0.0,0.0,0.0,0.0,0.0,0.0,0.0,0.0,0.0,Leave Event,0.0,"{'node_level': {}, 'link_level': {}, 'path_level': {}}","{'node_level': {}, 'link_level': {}, 'path_level': {}}","{'node_level': {}, 'link_level': {}, 'path_level': {}}",[],-inf,-inf,True,True,False,0,[],0,0.0,,
48,8,2,429.0,1033.0,243850.15571754813,698068.9582534638,0.41529525653436594,0.34932101310972186,17,78,1,1232.0,8518,4439,4079,0.011358574610245031,0.07694048427245981,47,1626.1809157858913,1232.0,9,21,False,"{0: np.int64(23), 1: np.int64(61), 2: np.int64(60), 3: np.int64(47), 4: np.int64(6), 5: np.int64(57), 6: np.int64(48), 7: np.int64(31), 8: np.int64(37)}","{(0, 1): [(np.int64(23), 11), (11, 5), (5, 2), (2, 6), (6, 14), (14, 29), (29, 61)], (0, 2): [(np.int64(23), 11), (11, 5), (5, 2), (2, 6), (6, 13), (13, 28), (28, 60)], (0, 4): []}","{(0, np.int64(23)): {'cpu': 0}, (1, np.int64(61)): {'cpu': 5}, (2, np.int64(60)): {'cpu': 7}, (3, np.int64(47)): {'cpu': 5}, (4, np.int64(6)): {'cpu': 16}, (5, np.int64(57)): {'cpu': 4}, (6, np.int64(48)): {'cpu': 0}, (7, np.int64(31)): {'cpu': 13}, (8, np.int64(37)): {'cpu': 6}}","{((0, 1), (np.int64(23), 11)): {'bw': 32}, ((0, 1), (11, 5)): {'bw': 32}, ((0, 1), (5, 2)): {'bw': 32}, ((0, 1), (2, 6)): {'bw': 32}, ((0, 1), (6, 14)): {'bw': 32}, ((0, 1), (14, 29)): {'bw': 32}, ((0, 1), (29, 61)): {'bw': 32}, ((0, 2), (np.int64(23), 11)): {'bw': 5}, ((0, 2), (11, 5)): {'bw': 5}, ((0, 2), (5, 2)): {'bw': 5}, ((0, 2), (2, 6)): {'bw': 5}, ((0, 2), (6, 13)): {'bw': 5}, ((0, 2), (13, 28)): {'bw': 5}, ((0, 2), (28, 60)): {'bw': 5}}",0.0,0.0,112.0,56.0,382.0,0.0,0.0,0.0,0.0,0.0,0.0,0.0,0.0,0.0,Route Failure,100.0,"{'node_level': {}, 'link_level': {}, 'path_level': {}}","{'node_level': {0: {'cpu': -78}, 1: {'cpu': -71}, 2: {'cpu': -55}, 3: {'cpu': -87}, 4: {'cpu': -39}, 5: {'cpu': -70}, 6: {'cpu': -58}, 7: {'cpu': -86}, 8: {'cpu': -53}}, 'link_level': {(0, 1): {'bw': -18}, (0, 2): {'bw': -13}, (0, 4): {'bw': 100.0}}, 'path_level': {(0, 1): {}, (0, 2): {}, (0, 4): {}}}","{'node_level': {0: {'cpu': 0}, 1: {'cpu': 0}, 2: {'cpu': 0}, 3: {'cpu': 0}, 4: {'cpu': 0}, 5: {'cpu': 0}, 6: {'cpu': 0}, 7: {'cpu': 0}, 8: {'cpu': 0}}, 'link_level': {(0, 1): {'bw': 0}, (0, 2): {'bw': 0}, (0, 4): {'bw': 100.0}}, 'path_level': {(0, 1): {}, (0, 2): {}, (0, 4): {}}}",[],-inf,-inf,True,False,False,0,[],0,0.0,9.0,3.0
49,8,2,429.0,1033.0,243850.15571754813,698068.9582534638,0.41529525653436594,0.34932101310972186,17,79,1,1263.0,8518,4439,4079,0.011358574610245031,0.07694048427245981,48,203.37187792472858,1263.0,10,23,False,"{0: np.int64(52), 1: np.int64(56), 2: np.int64(23), 3: np.int64(3), 4: np.int64(25), 5: np.int64(10), 6: np.int64(45), 7: np.int64(44), 8: np.int64(2), 9: np.int64(28)}","{(0, 1): []}","{(0, np.int64(52)): {'cpu': 7}, (1, np.int64(56)): {'cpu': 6}, (2, np.int64(23)): {'cpu': 18}, (3, np.int64(3)): {'cpu': 0}, (4, np.int64(25)): {'cpu': 10}, (5, np.int64(10)): {'cpu': 12}, (6, np.int64(45)): {'cpu': 5}, (7, np.int64(44)): {'cpu': 20}, (8, np.int64(2)): {'cpu': 11}, (9, np.int64(28)): {'cpu': 15}}",{},0.0,0.0,208.0,104.0,670.0,0.0,0.0,0.0,0.0,0.0,0.0,0.0,0.0,0.0,Route Failure,100.0,"{'node_level': {}, 'link_level': {}, 'path_level': {}}","{'node_level': {0: {'cpu': -49}, 1: {'cpu': -48}, 2: {'cpu': -60}, 3: {'cpu': -58}, 4: {'cpu': -54}, 5: {'cpu': -39}, 6: {'cpu': -58}, 7: {'cpu': -54}, 8: {'cpu': -51}, 9: {'cpu': -58}}, 'link_level': {(0, 1): {'bw': 100.0}}, 'path_level': {(0, 1): {}}}","{'node_level': {0: {'cpu': 0}, 1: {'cpu': 0}, 2: {'cpu': 0}, 3: {'cpu': 0}, 4: {'cpu': 0}, 5: {'cpu': 0}, 6: {'cpu': 0}, 7: {'cpu': 0}, 8: {'cpu': 0}, 9: {'cpu': 0}}, 'link_level': {(0, 1): {'bw': 100.0}}, 'path_level': {(0, 1): {}}}",[],-inf,-inf,True,False,False,0,[],0,0.0,10.0,1.0
49,8,2,429.0,1033.0,243850.15571754813,698068.9582534638,0.41529525653436594,0.34932101310972186,17,80,0,1266.8691717961678,8518,4439,4079,0.011358574610245031,0.07694048427245981,25,580.8691717961678,686.0,3,2,False,{},{},{},{},0.0,0.0,0.0,0.0,0.0,0.0,0.0,0.0,0.0,0.0,0.0,0.0,0.0,0.0,Leave Event,0.0,"{'node_level': {}, 'link_level': {}, 'path_level': {}}","{'node_level': {}, 'link_level': {}, 'path_level': {}}","{'node_level': {}, 'link_level': {}, 'path_level': {}}",[],-inf,-inf,True,True,False,0,[],0,0.0,,
49,8,2,429.0,1033.0,243850.15571754813,698068.9582534638,0.41529525653436594,0.34932101310972186,17,81,0,1274.7311753490906,8518,4439,4079,0.011358574610245031,0.07694048427245981,39,229.73117534909056,1045.0,6,7,False,{},{},{},{},0.0,0.0,0.0,0.0,0.0,0.0,0.0,0.0,0.0,0.0,0.0,0.0,0.0,0.0,Leave Event,0.0,"{'node_level': {}, 'link_level': {}, 'path_level': {}}","{'node_level': {}, 'link_level': {}, 'path_level': {}}","{'node_level': {}, 'link_level': {}, 'path_level': {}}",[],-inf,-inf,True,True,False,0,[],0,0.0,,
50,8,2,429.0,1033.0,243850.15571754813,698068.9582534638,0.41529525653436594,0.34932101310972186,17,82,1,1289.0,8518,4439,4079,0.011358574610245031,0.07694048427245981,49,319.4085009190427,1289.0,8,14,False,"{0: np.int64(7), 1: np.int64(56), 2: np.int64(53), 3: np.int64(16), 4: np.int64(22), 5: np.int64(61), 6: np.int64(46), 7: np.int64(34)}","{(0, 2): []}","{(0, np.int64(7)): {'cpu': 19}, (1, np.int64(56)): {'cpu': 6}, (2, np.int64(53)): {'cpu': 13}, (3, np.int64(16)): {'cpu': 16}, (4, np.int64(22)): {'cpu': 2}, (5, np.int64(61)): {'cpu': 15}, (6, np.int64(46)): {'cpu': 2}, (7, np.int64(34)): {'cpu': 7}}",{},0.0,0.0,160.0,80.0,341.0,0.0,0.0,0.0,0.0,0.0,0.0,0.0,0.0,0.0,Route Failure,100.0,"{'node_level': {}, 'link_level': {}, 'path_level': {}}","{'node_level': {0: {'cpu': -45}, 1: {'cpu': -48}, 2: {'cpu': -41}, 3: {'cpu': -84}, 4: {'cpu': -90}, 5: {'cpu': -61}, 6: {'cpu': -95}, 7: {'cpu': -65}}, 'link_level': {(0, 2): {'bw': 100.0}}, 'path_level': {(0, 2): {}}}","{'node_level': {0: {'cpu': 0}, 1: {'cpu': 0}, 2: {'cpu': 0}, 3: {'cpu': 0}, 4: {'cpu': 0}, 5: {'cpu': 0}, 6: {'cpu': 0}, 7: {'cpu': 0}}, 'link_level': {(0, 2): {'bw': 100.0}}, 'path_level': {(0, 2): {}}}",[],-inf,-inf,True,False,False,0,[],0,0.0,8.0,1.0
50,8,2,429.0,1033.0,243850.15571754813,698068.9582534638,0.41529525653436594,0.34932101310972186,17,83,0,1294.7414634993102,8518,4439,4079,0.011358574610245031,0.07694048427245981,37,300.7414634993102,994.0,10,18,False,{},{},{},{},0.0,0.0,0.0,0.0,0.0,0.0,0.0,0.0,0.0,0.0,0.0,0.0,0.0,0.0,Leave Event,0.0,"{'node_level': {}, 'link_level': {}, 'path_level': {}}","{'node_level': {}, 'link_level': {}, 'path_level': {}}","{'node_level': {}, 'link_level': {}, 'path_level': {}}",[],-inf,-inf,True,True,False,0,[],0,0.0,,
50,8,2,429.0,1033.0,243850.15571754813,698068.9582534638,0.41529525653436594,0.34932101310972186,17,84,0,1296.4423218285383,8518,4439,4079,0.011358574610245031,0.07694048427245981,23,667.4423218285383,629.0,3,2,False,{},{},{},{},0.0,0.0,0.0,0.0,0.0,0.0,0.0,0.0,0.0,0.0,0.0,0.0,0.0,0.0,Leave Event,0.0,"{'node_level': {}, 'link_level': {}, 'path_level': {}}","{'node_level': {}, 'link_level': {}, 'path_level': {}}","{'node_level': {}, 'link_level': {}, 'path_level': {}}",[],-inf,-inf,True,True,False,0,[],0,0.0,,
51,8,2,429.0,1033.0,243850.15571754813,698068.9582534638,0.41529525653436594,0.34932101310972186,17,85,1,1316.0,8518,4439,4079,0.011358574610245031,0.07694048427245981,50,55.684404419524625,1316.0,5,5,False,"{0: np.int64(37), 1: np.int64(41), 2: np.int64(17), 3: np.int64(58), 4: np.int64(34)}","{(0, 1): []}","{(0, np.int64(37)): {'cpu': 1}, (1, np.int64(41)): {'cpu': 11}, (2, np.int64(17)): {'cpu': 2}, (3, np.int64(58)): {'cpu': 8}, (4, np.int64(34)): {'cpu': 12}}",{},0.0,0.0,68.0,34.0,130.0,0.0,0.0,0.0,0.0,0.0,0.0,0.0,0.0,0.0,Route Failure,100.0,"{'node_level': {}, 'link_level': {}, 'path_level': {}}","{'node_level': {0: {'cpu': -58}, 1: {'cpu': -39}, 2: {'cpu': -68}, 3: {'cpu': -91}, 4: {'cpu': -60}}, 'link_level': {(0, 1): {'bw': 100.0}}, 'path_level': {(0, 1): {}}}","{'node_level': {0: {'cpu': 0}, 1: {'cpu': 0}, 2: {'cpu': 0}, 3: {'cpu': 0}, 4: {'cpu': 0}}, 'link_level': {(0, 1): {'bw': 100.0}}, 'path_level': {(0, 1): {}}}",[],-inf,-inf,True,False,False,0,[],0,0.0,5.0,1.0
51,8,2,429.0,1033.0,243850.15571754813,698068.9582534638,0.41529525653436594,0.34932101310972186,17,86,0,1332.924859280714,8518,4439,4079,0.011358574610245031,0.07694048427245981,42,218.92485928071403,1114.0,4,4,False,{},{},{},{},0.0,0.0,0.0,0.0,0.0,0.0,0.0,0.0,0.0,0.0,0.0,0.0,0.0,0.0,Leave Event,0.0,"{'node_level': {}, 'link_level': {}, 'path_level': {}}","{'node_level': {}, 'link_level': {}, 'path_level': {}}","{'node_level': {}, 'link_level': {}, 'path_level': {}}",[],-inf,-inf,True,True,False,0,[],0,0.0,,
52,8,2,429.0,1033.0,243850.15571754813,698068.9582534638,0.41529525653436594,0.34932101310972186,17,87,1,1340.0,8518,4439,4079,0.011358574610245031,0.07694048427245981,51,349.65899658090865,1340.0,9,17,False,"{0: np.int64(59), 1: np.int64(8), 2: np.int64(12), 3: np.int64(55), 4: np.int64(16), 5: np.int64(18), 6: np.int64(0), 7: np.int64(37), 8: np.int64(29)}","{(0, 3): [(np.int64(59), 27), (27, 13), (13, 6), (6, 2), (2, 5), (5, 11), (11, 23), (23, 55)], (0, 6): [(np.int64(59), 27), (27, 13), (13, 6), (6, 2), (2, 0)], (1, 2): []}","{(0, np.int64(59)): {'cpu': 18}, (1, np.int64(8)): {'cpu': 9}, (2, np.int64(12)): {'cpu': 2}, (3, np.int64(55)): {'cpu': 15}, (4, np.int64(16)): {'cpu': 2}, (5, np.int64(18)): {'cpu': 16}, (6, np.int64(0)): {'cpu': 17}, (7, np.int64(37)): {'cpu': 1}, (8, np.int64(29)): {'cpu': 11}}","{((0, 3), (np.int64(59), 27)): {'bw': 1}, ((0, 3), (27, 13)): {'bw': 1}, ((0, 3), (13, 6)): {'bw': 1}, ((0, 3), (6, 2)): {'bw': 1}, ((0, 3), (2, 5)): {'bw': 1}, ((0, 3), (5, 11)): {'bw': 1}, ((0, 3), (11, 23)): {'bw': 1}, ((0, 3), (23, 55)): {'bw': 1}, ((0, 6), (np.int64(59), 27)): {'bw': 28}, ((0, 6), (27, 13)): {'bw': 28}, ((0, 6), (13, 6)): {'bw': 28}, ((0, 6), (6, 2)): {'bw': 28}, ((0, 6), (2, 0)): {'bw': 28}}",0.0,0.0,182.0,91.0,411.0,0.0,0.0,0.0,0.0,0.0,0.0,0.0,0.0,0.0,Route Failure,100.0,"{'node_level': {}, 'link_level': {}, 'path_level': {}}","{'node_level': {0: {'cpu': -69}, 1: {'cpu': -41}, 2: {'cpu': -55}, 3: {'cpu': -38}, 4: {'cpu': -98}, 5: {'cpu': -71}, 6: {'cpu': -70}, 7: {'cpu': -58}, 8: {'cpu': -62}}, 'link_level': {(0, 3): {'bw': -49}, (0, 6): {'bw': -25}, (1, 2): {'bw': 100.0}}, 'path_level': {(0, 3): {}, (0, 6): {}, (1, 2): {}}}","{'node_level': {0: {'cpu': 0}, 1: {'cpu': 0}, 2: {'cpu': 0}, 3: {'cpu': 0}, 4: {'cpu': 0}, 5: {'cpu': 0}, 6: {'cpu': 0}, 7: {'cpu': 0}, 8: {'cpu': 0}}, 'link_level': {(0, 3): {'bw': 0}, (0, 6): {'bw': 0}, (1, 2): {'bw': 100.0}}, 'path_level': {(0, 3): {}, (0, 6): {}, (1, 2): {}}}",[],-inf,-inf,True,False,False,0,[],0,0.0,9.0,3.0
53,8,2,429.0,1033.0,243850.15571754813,698068.9582534638,0.41529525653436594,0.34932101310972186,17,88,1,1359.0,8518,4439,4079,0.011358574610245031,0.07694048427245981,52,1084.420001959268,1359.0,9,17,False,"{0: np.int64(27), 1: np.int64(10), 2: np.int64(25), 3: np.int64(17), 4: np.int64(3), 5: np.int64(33), 6: np.int64(28), 7: np.int64(15), 8: np.int64(0)}","{(0, 1): [(np.int64(27), 13), (13, 6), (6, 2), (2, 0), (0, 1), (1, 4), (4, 10)], (0, 3): []}","{(0, np.int64(27)): {'cpu': 0}, (1, np.int64(10)): {'cpu': 14}, (2, np.int64(25)): {'cpu': 16}, (3, np.int64(17)): {'cpu': 5}, (4, np.int64(3)): {'cpu': 16}, (5, np.int64(33)): {'cpu': 20}, (6, np.int64(28)): {'cpu': 4}, (7, np.int64(15)): {'cpu': 6}, (8, np.int64(0)): {'cpu': 7}}","{((0, 1), (np.int64(27), 13)): {'bw': 9}, ((0, 1), (13, 6)): {'bw': 9}, ((0, 1), (6, 2)): {'bw': 9}, ((0, 1), (2, 0)): {'bw': 9}, ((0, 1), (0, 1)): {'bw': 9}, ((0, 1), (1, 4)): {'bw': 9}, ((0, 1), (4, 10)): {'bw': 9}}",0.0,0.0,176.0,88.0,306.0,0.0,0.0,0.0,0.0,0.0,0.0,0.0,0.0,0.0,Route Failure,100.0,"{'node_level': {}, 'link_level': {}, 'path_level': {}}","{'node_level': {0: {'cpu': -54}, 1: {'cpu': -37}, 2: {'cpu': -48}, 3: {'cpu': -65}, 4: {'cpu': -42}, 5: {'cpu': -62}, 6: {'cpu': -69}, 7: {'cpu': -69}, 8: {'cpu': -80}}, 'link_level': {(0, 1): {'bw': -2}, (0, 3): {'bw': 100.0}}, 'path_level': {(0, 1): {}, (0, 3): {}}}","{'node_level': {0: {'cpu': 0}, 1: {'cpu': 0}, 2: {'cpu': 0}, 3: {'cpu': 0}, 4: {'cpu': 0}, 5: {'cpu': 0}, 6: {'cpu': 0}, 7: {'cpu': 0}, 8: {'cpu': 0}}, 'link_level': {(0, 1): {'bw': 0}, (0, 3): {'bw': 100.0}}, 'path_level': {(0, 1): {}, (0, 3): {}}}",[],-inf,-inf,True,False,False,0,[],0,0.0,9.0,2.0
53,8,2,429.0,1033.0,243850.15571754813,698068.9582534638,0.41529525653436594,0.34932101310972186,17,89,0,1371.6844044195245,8518,4439,4079,0.011358574610245031,0.07694048427245981,50,55.684404419524625,1316.0,5,5,False,{},{},{},{},0.0,0.0,0.0,0.0,0.0,0.0,0.0,0.0,0.0,0.0,0.0,0.0,0.0,0.0,Leave Event,0.0,"{'node_level': {}, 'link_level': {}, 'path_level': {}}","{'node_level': {}, 'link_level': {}, 'path_level': {}}","{'node_level': {}, 'link_level': {}, 'path_level': {}}",[],-inf,-inf,True,True,False,0,[],0,0.0,,
54,8,2,429.0,1033.0,243850.15571754813,698068.9582534638,0.41529525653436594,0.34932101310972186,17,90,1,1378.0,8518,4439,4079,0.011358574610245031,0.07694048427245981,53,382.1898566840906,1378.0,6,9,False,"{0: np.int64(25), 1: np.int64(62), 2: np.int64(3), 3: np.int64(29), 4: np.int64(50), 5: np.int64(54)}","{(0, 1): [(np.int64(25), 12), (12, 5), (5, 2), (2, 6), (6, 14), (14, 30), (30, 62)], (0, 2): []}","{(0, np.int64(25)): {'cpu': 5}, (1, np.int64(62)): {'cpu': 0}, (2, np.int64(3)): {'cpu': 9}, (3, np.int64(29)): {'cpu': 1}, (4, np.int64(50)): {'cpu': 17}, (5, np.int64(54)): {'cpu': 13}}","{((0, 1), (np.int64(25), 12)): {'bw': 35}, ((0, 1), (12, 5)): {'bw': 35}, ((0, 1), (5, 2)): {'bw': 35}, ((0, 1), (2, 6)): {'bw': 35}, ((0, 1), (6, 14)): {'bw': 35}, ((0, 1), (14, 30)): {'bw': 35}, ((0, 1), (30, 62)): {'bw': 35}}",0.0,0.0,90.0,45.0,201.0,0.0,0.0,0.0,0.0,0.0,0.0,0.0,0.0,0.0,Route Failure,100.0,"{'node_level': {}, 'link_level': {}, 'path_level': {}}","{'node_level': {0: {'cpu': -59}, 1: {'cpu': -66}, 2: {'cpu': -49}, 3: {'cpu': -72}, 4: {'cpu': -40}, 5: {'cpu': -86}}, 'link_level': {(0, 1): {'bw': -15}, (0, 2): {'bw': 100.0}}, 'path_level': {(0, 1): {}, (0, 2): {}}}","{'node_level': {0: {'cpu': 0}, 1: {'cpu': 0}, 2: {'cpu': 0}, 3: {'cpu': 0}, 4: {'cpu': 0}, 5: {'cpu': 0}}, 'link_level': {(0, 1): {'bw': 0}, (0, 2): {'bw': 100.0}}, 'path_level': {(0, 1): {}, (0, 2): {}}}",[],-inf,-inf,True,False,False,0,[],0,0.0,6.0,2.0
54,8,2,429.0,1033.0,243850.15571754813,698068.9582534638,0.41529525653436594,0.34932101310972186,17,91,0,1387.0022854914,8518,4439,4079,0.011358574610245031,0.07694048427245981,27,652.0022854914001,735.0,10,20,False,{},{},{},{},0.0,0.0,0.0,0.0,0.0,0.0,0.0,0.0,0.0,0.0,0.0,0.0,0.0,0.0,Leave Event,0.0,"{'node_level': {}, 'link_level': {}, 'path_level': {}}","{'node_level': {}, 'link_level': {}, 'path_level': {}}","{'node_level': {}, 'link_level': {}, 'path_level': {}}",[],-inf,-inf,True,True,False,0,[],0,0.0,,
54,8,1,429.0,1033.0,243850.15571754813,698068.9582534638,0.41529525653436594,0.34932101310972186,17,92,0,1402.1173299335453,8875,4472,4403,0.004008908685968815,0.0036207286716452014,5,1241.1173299335453,161.0,3,2,False,{},{},{},{},0.0,0.0,0.0,0.0,0.0,0.0,0.0,0.0,0.0,0.0,0.0,0.0,0.0,0.0,Leave Event,0.0,"{'node_level': {}, 'link_level': {}, 'path_level': {}}","{'node_level': {}, 'link_level': {}, 'path_level': {}}","{'node_level': {}, 'link_level': {}, 'path_level': {}}",[],-inf,-inf,True,True,False,0,[],0,0.0,,
55,8,1,429.0,1033.0,243850.15571754813,698068.9582534638,0.41529525653436594,0.34932101310972186,17,93,1,1403.0,8875,4472,4403,0.004008908685968815,0.0036207286716452014,54,165.2786181862825,1403.0,7,7,False,"{0: np.int64(48), 1: np.int64(57), 2: np.int64(12), 3: np.int64(42), 4: np.int64(19), 5: np.int64(6), 6: np.int64(29)}","{(0, 1): [(np.int64(48), 16), (16, 7), (7, 3), (3, 1), (1, 0), (0, 2), (2, 5), (5, 12), (12, 25), (25, 57)], (0, 2): []}","{(0, np.int64(48)): {'cpu': 9}, (1, np.int64(57)): {'cpu': 6}, (2, np.int64(12)): {'cpu': 13}, (3, np.int64(42)): {'cpu': 14}, (4, np.int64(19)): {'cpu': 7}, (5, np.int64(6)): {'cpu': 7}, (6, np.int64(29)): {'cpu': 2}}","{((0, 1), (np.int64(48), 16)): {'bw': 25}, ((0, 1), (16, 7)): {'bw': 25}, ((0, 1), (7, 3)): {'bw': 25}, ((0, 1), (3, 1)): {'bw': 25}, ((0, 1), (1, 0)): {'bw': 25}, ((0, 1), (0, 2)): {'bw': 25}, ((0, 1), (2, 5)): {'bw': 25}, ((0, 1), (5, 12)): {'bw': 25}, ((0, 1), (12, 25)): {'bw': 25}, ((0, 1), (25, 57)): {'bw': 25}}",0.0,0.0,116.0,58.0,214.0,0.0,0.0,0.0,0.0,0.0,0.0,0.0,0.0,0.0,Route Failure,100.0,"{'node_level': {}, 'link_level': {}, 'path_level': {}}","{'node_level': {0: {'cpu': -49}, 1: {'cpu': -68}, 2: {'cpu': -44}, 3: {'cpu': -53}, 4: {'cpu': -61}, 5: {'cpu': -48}, 6: {'cpu': -71}}, 'link_level': {(0, 1): {'bw': -25}, (0, 2): {'bw': 100.0}}, 'path_level': {(0, 1): {}, (0, 2): {}}}","{'node_level': {0: {'cpu': 0}, 1: {'cpu': 0}, 2: {'cpu': 0}, 3: {'cpu': 0}, 4: {'cpu': 0}, 5: {'cpu': 0}, 6: {'cpu': 0}}, 'link_level': {(0, 1): {'bw': 0}, (0, 2): {'bw': 100.0}}, 'path_level': {(0, 1): {}, (0, 2): {}}}",[],-inf,-inf,True,False,False,0,[],0,0.0,7.0,2.0
55,8,1,429.0,1033.0,243850.15571754813,698068.9582534638,0.41529525653436594,0.34932101310972186,17,94,0,1419.1832524739898,8875,4472,4403,0.004008908685968815,0.0036207286716452014,18,915.1832524739899,504.0,9,13,False,{},{},{},{},0.0,0.0,0.0,0.0,0.0,0.0,0.0,0.0,0.0,0.0,0.0,0.0,0.0,0.0,Leave Event,0.0,"{'node_level': {}, 'link_level': {}, 'path_level': {}}","{'node_level': {}, 'link_level': {}, 'path_level': {}}","{'node_level': {}, 'link_level': {}, 'path_level': {}}",[],-inf,-inf,True,True,False,0,[],0,0.0,,
56,8,1,429.0,1033.0,243850.15571754813,698068.9582534638,0.41529525653436594,0.34932101310972186,17,95,1,1424.0,8875,4472,4403,0.004008908685968815,0.0036207286716452014,55,218.93063957679414,1424.0,5,6,False,"{0: np.int64(24), 1: np.int64(18), 2: np.int64(21), 3: np.int64(33), 4: np.int64(57)}","{(0, 3): [(np.int64(24), 11), (11, 5), (5, 2), (2, 0), (0, 1), (1, 3), (3, 8), (8, 17), (17, 33)], (1, 2): [(np.int64(18), 8), (8, 3), (3, 1), (1, 4), (4, 10), (10, 21)], (1, 3): [(np.int64(18), 8), (8, 17), (17, 33)], (2, 3): []}","{(0, np.int64(24)): {'cpu': 17}, (1, np.int64(18)): {'cpu': 9}, (2, np.int64(21)): {'cpu': 10}, (3, np.int64(33)): {'cpu': 6}, (4, np.int64(57)): {'cpu': 2}}","{((0, 3), (np.int64(24), 11)): {'bw': 30}, ((0, 3), (11, 5)): {'bw': 30}, ((0, 3), (5, 2)): {'bw': 30}, ((0, 3), (2, 0)): {'bw': 30}, ((0, 3), (0, 1)): {'bw': 30}, ((0, 3), (1, 3)): {'bw': 30}, ((0, 3), (3, 8)): {'bw': 30}, ((0, 3), (8, 17)): {'bw': 30}, ((0, 3), (17, 33)): {'bw': 30}, ((1, 2), (np.int64(18), 8)): {'bw': 13}, ((1, 2), (8, 3)): {'bw': 13}, ((1, 2), (3, 1)): {'bw': 13}, ((1, 2), (1, 4)): {'bw': 13}, ((1, 2), (4, 10)): {'bw': 13}, ((1, 2), (10, 21)): {'bw': 13}, ((1, 3), (np.int64(18), 8)): {'bw': 14}, ((1, 3), (8, 17)): {'bw': 14}, ((1, 3), (17, 33)): {'bw': 14}}",0.0,0.0,88.0,44.0,158.0,0.0,0.0,0.0,0.0,0.0,0.0,0.0,0.0,0.0,Route Failure,100.0,"{'node_level': {}, 'link_level': {}, 'path_level': {}}","{'node_level': {0: {'cpu': -62}, 1: {'cpu': -78}, 2: {'cpu': -51}, 3: {'cpu': -76}, 4: {'cpu': -72}}, 'link_level': {(0, 3): {'bw': -20}, (1, 2): {'bw': -25}, (1, 3): {'bw': -9}, (2, 3): {'bw': 100.0}}, 'path_level': {(0, 3): {}, (1, 2): {}, (1, 3): {}, (2, 3): {}}}","{'node_level': {0: {'cpu': 0}, 1: {'cpu': 0}, 2: {'cpu': 0}, 3: {'cpu': 0}, 4: {'cpu': 0}}, 'link_level': {(0, 3): {'bw': 0}, (1, 2): {'bw': 0}, (1, 3): {'bw': 0}, (2, 3): {'bw': 100.0}}, 'path_level': {(0, 3): {}, (1, 2): {}, (1, 3): {}, (2, 3): {}}}",[],-inf,-inf,True,False,False,0,[],0,0.0,5.0,4.0
57,8,1,429.0,1033.0,243850.15571754813,698068.9582534638,0.41529525653436594,0.34932101310972186,17,96,1,1443.0,8875,4472,4403,0.004008908685968815,0.0036207286716452014,56,1133.0313669311772,1443.0,8,17,False,"{0: np.int64(1), 1: np.int64(39), 2: np.int64(31), 3: np.int64(12), 4: np.int64(16), 5: np.int64(34), 6: np.int64(61), 7: np.int64(48)}","{(0, 4): [(np.int64(1), 3), (3, 7), (7, 16)], (0, 6): [(np.int64(1), 0), (0, 2), (2, 6), (6, 14), (14, 29), (29, 61)], (1, 2): [(np.int64(39), 23), (23, 11), (11, 5), (5, 2), (2, 0), (0, 1), (1, 3), (3, 7), (7, 15), (15, 31)], (1, 3): []}","{(0, np.int64(1)): {'cpu': 18}, (1, np.int64(39)): {'cpu': 19}, (2, np.int64(31)): {'cpu': 10}, (3, np.int64(12)): {'cpu': 4}, (4, np.int64(16)): {'cpu': 11}, (5, np.int64(34)): {'cpu': 18}, (6, np.int64(61)): {'cpu': 20}, (7, np.int64(48)): {'cpu': 6}}","{((0, 4), (np.int64(1), 3)): {'bw': 4}, ((0, 4), (3, 7)): {'bw': 4}, ((0, 4), (7, 16)): {'bw': 4}, ((0, 6), (np.int64(1), 0)): {'bw': 15}, ((0, 6), (0, 2)): {'bw': 15}, ((0, 6), (2, 6)): {'bw': 15}, ((0, 6), (6, 14)): {'bw': 15}, ((0, 6), (14, 29)): {'bw': 15}, ((0, 6), (29, 61)): {'bw': 15}, ((1, 2), (np.int64(39), 23)): {'bw': 28}, ((1, 2), (23, 11)): {'bw': 28}, ((1, 2), (11, 5)): {'bw': 28}, ((1, 2), (5, 2)): {'bw': 28}, ((1, 2), (2, 0)): {'bw': 28}, ((1, 2), (0, 1)): {'bw': 28}, ((1, 2), (1, 3)): {'bw': 28}, ((1, 2), (3, 7)): {'bw': 28}, ((1, 2), (7, 15)): {'bw': 28}, ((1, 2), (15, 31)): {'bw': 28}}",0.0,0.0,212.0,106.0,499.0,0.0,0.0,0.0,0.0,0.0,0.0,0.0,0.0,0.0,Route Failure,100.0,"{'node_level': {}, 'link_level': {}, 'path_level': {}}","{'node_level': {0: {'cpu': -75}, 1: {'cpu': -53}, 2: {'cpu': -89}, 3: {'cpu': -53}, 4: {'cpu': -89}, 5: {'cpu': -54}, 6: {'cpu': -56}, 7: {'cpu': -52}}, 'link_level': {(0, 4): {'bw': -55}, (0, 6): {'bw': -39}, (1, 2): {'bw': -22}, (1, 3): {'bw': 100.0}}, 'path_level': {(0, 4): {}, (0, 6): {}, (1, 2): {}, (1, 3): {}}}","{'node_level': {0: {'cpu': 0}, 1: {'cpu': 0}, 2: {'cpu': 0}, 3: {'cpu': 0}, 4: {'cpu': 0}, 5: {'cpu': 0}, 6: {'cpu': 0}, 7: {'cpu': 0}}, 'link_level': {(0, 4): {'bw': 0}, (0, 6): {'bw': 0}, (1, 2): {'bw': 0}, (1, 3): {'bw': 100.0}}, 'path_level': {(0, 4): {}, (0, 6): {}, (1, 2): {}, (1, 3): {}}}",[],-inf,-inf,True,False,False,0,[],0,0.0,8.0,4.0
58,8,1,429.0,1033.0,243850.15571754813,698068.9582534638,0.41529525653436594,0.34932101310972186,17,97,1,1463.0,8875,4472,4403,0.004008908685968815,0.0036207286716452014,57,138.19908195597117,1463.0,10,23,False,"{0: np.int64(56), 1: np.int64(28), 2: np.int64(42), 3: np.int64(12), 4: np.int64(46), 5: np.int64(31), 6: np.int64(16), 7: np.int64(61), 8: np.int64(7), 9: np.int64(6)}","{(0, 1): [(np.int64(56), 24), (24, 11), (11, 5), (5, 2), (2, 6), (6, 13), (13, 28)], (0, 2): []}","{(0, np.int64(56)): {'cpu': 19}, (1, np.int64(28)): {'cpu': 12}, (2, np.int64(42)): {'cpu': 10}, (3, np.int64(12)): {'cpu': 8}, (4, np.int64(46)): {'cpu': 11}, (5, np.int64(31)): {'cpu': 8}, (6, np.int64(16)): {'cpu': 15}, (7, np.int64(61)): {'cpu': 20}, (8, np.int64(7)): {'cpu': 5}, (9, np.int64(6)): {'cpu': 5}}","{((0, 1), (np.int64(56), 24)): {'bw': 48}, ((0, 1), (24, 11)): {'bw': 48}, ((0, 1), (11, 5)): {'bw': 48}, ((0, 1), (5, 2)): {'bw': 48}, ((0, 1), (2, 6)): {'bw': 48}, ((0, 1), (6, 13)): {'bw': 48}, ((0, 1), (13, 28)): {'bw': 48}}",0.0,0.0,226.0,113.0,644.0,0.0,0.0,0.0,0.0,0.0,0.0,0.0,0.0,0.0,Route Failure,100.0,"{'node_level': {}, 'link_level': {}, 'path_level': {}}","{'node_level': {0: {'cpu': -35}, 1: {'cpu': -61}, 2: {'cpu': -57}, 3: {'cpu': -49}, 4: {'cpu': -86}, 5: {'cpu': -91}, 6: {'cpu': -85}, 7: {'cpu': -56}, 8: {'cpu': -60}, 9: {'cpu': -50}}, 'link_level': {(0, 1): {'bw': -2}, (0, 2): {'bw': 100.0}}, 'path_level': {(0, 1): {}, (0, 2): {}}}","{'node_level': {0: {'cpu': 0}, 1: {'cpu': 0}, 2: {'cpu': 0}, 3: {'cpu': 0}, 4: {'cpu': 0}, 5: {'cpu': 0}, 6: {'cpu': 0}, 7: {'cpu': 0}, 8: {'cpu': 0}, 9: {'cpu': 0}}, 'link_level': {(0, 1): {'bw': 0}, (0, 2): {'bw': 100.0}}, 'path_level': {(0, 1): {}, (0, 2): {}}}",[],-inf,-inf,True,False,False,0,[],0,0.0,10.0,2.0
58,8,1,429.0,1033.0,243850.15571754813,698068.9582534638,0.41529525653436594,0.34932101310972186,17,98,0,1466.3718779247286,8875,4472,4403,0.004008908685968815,0.0036207286716452014,48,203.37187792472858,1263.0,10,23,False,{},{},{},{},0.0,0.0,0.0,0.0,0.0,0.0,0.0,0.0,0.0,0.0,0.0,0.0,0.0,0.0,Leave Event,0.0,"{'node_level': {}, 'link_level': {}, 'path_level': {}}","{'node_level': {}, 'link_level': {}, 'path_level': {}}","{'node_level': {}, 'link_level': {}, 'path_level': {}}",[],-inf,-inf,True,True,False,0,[],0,0.0,,
58,8,1,429.0,1033.0,243850.15571754813,698068.9582534638,0.41529525653436594,0.34932101310972186,17,99,0,1468.9812787583965,8875,4472,4403,0.004008908685968815,0.0036207286716452014,28,705.9812787583966,763.0,5,5,False,{},{},{},{},0.0,0.0,0.0,0.0,0.0,0.0,0.0,0.0,0.0,0.0,0.0,0.0,0.0,0.0,Leave Event,0.0,"{'node_level': {}, 'link_level': {}, 'path_level': {}}","{'node_level': {}, 'link_level': {}, 'path_level': {}}","{'node_level': {}, 'link_level': {}, 'path_level': {}}",[],-inf,-inf,True,True,False,0,[],0,0.0,,
59,9,2,474.0,1078.0,244394.0694582796,698612.8719941954,0.4397031539888683,0.3498276073280113,19,100,1,1497.0,8830,4457,4373,0.007349665924276216,0.010409594930979815,58,12.086972016255492,1497.0,2,1,True,"{0: np.int64(12), 1: np.int64(26)}","{(0, 1): [(np.int64(12), 26)]}","{(0, np.int64(12)): {'cpu': 10}, (1, np.int64(26)): {'cpu': 5}}","{((0, 1), (np.int64(12), 26)): {'bw': 30}}",45.0,45.0,30.0,15.0,30.0,15.0,30.0,15.0,30.0,0.0,1.0,543.9137407314971,543.9137407314971,12.086972016255492,Success,0.0,"{'node_level': {}, 'link_level': {}, 'path_level': {}}","{'node_level': {0: {'cpu': -47}, 1: {'cpu': -95}}, 'link_level': {(0, 1): {'bw': -52}}, 'path_level': {(0, 1): {}}}","{'node_level': {0: {'cpu': 0}, 1: {'cpu': 0}}, 'link_level': {(0, 1): {'bw': 0}}, 'path_level': {(0, 1): {}}}",[],-inf,-inf,True,True,False,0,[],0,0.0,2.0,1.0
59,9,1,474.0,1078.0,244394.0694582796,698612.8719941954,0.4397031539888683,0.3498276073280113,19,101,0,1509.0869720162555,8875,4472,4403,0.004008908685968815,0.0036207286716452014,58,12.086972016255492,1497.0,2,1,False,{},{},{},{},0.0,0.0,0.0,0.0,0.0,0.0,0.0,0.0,0.0,0.0,0.0,0.0,0.0,0.0,Leave Event,0.0,"{'node_level': {}, 'link_level': {}, 'path_level': {}}","{'node_level': {}, 'link_level': {}, 'path_level': {}}","{'node_level': {}, 'link_level': {}, 'path_level': {}}",[],-inf,-inf,True,True,False,0,[],0,0.0,,
59,9,1,474.0,1078.0,244394.0694582796,698612.8719941954,0.4397031539888683,0.3498276073280113,19,102,0,1519.672213661065,8875,4472,4403,0.004008908685968815,0.0036207286716452014,46,307.67221366106486,1212.0,9,17,False,{},{},{},{},0.0,0.0,0.0,0.0,0.0,0.0,0.0,0.0,0.0,0.0,0.0,0.0,0.0,0.0,Leave Event,0.0,"{'node_level': {}, 'link_level': {}, 'path_level': {}}","{'node_level': {}, 'link_level': {}, 'path_level': {}}","{'node_level': {}, 'link_level': {}, 'path_level': {}}",[],-inf,-inf,True,True,False,0,[],0,0.0,,
60,10,2,561.0,1289.0,391136.60749339365,1054505.694125334,0.4352211016291699,0.3709193887452872,22,103,1,1521.0,8664,4427,4237,0.014031180400890908,0.041185788639963805,59,1686.6958394840692,1521.0,4,3,True,"{0: np.int64(49), 1: np.int64(22), 2: np.int64(28), 3: np.int64(60)}","{(0, 2): [(np.int64(49), 17), (17, 8), (8, 3), (3, 1), (1, 0), (0, 2), (2, 6), (6, 13), (13, 28)], (1, 2): [(np.int64(22), 10), (10, 4), (4, 1), (1, 0), (0, 2), (2, 6), (6, 13), (13, 28)], (2, 3): [(np.int64(28), 60)]}","{(0, np.int64(49)): {'cpu': 7}, (1, np.int64(22)): {'cpu': 14}, (2, np.int64(28)): {'cpu': 10}, (3, np.int64(60)): {'cpu': 14}}","{((0, 2), (np.int64(49), 17)): {'bw': 5}, ((0, 2), (17, 8)): {'bw': 5}, ((0, 2), (8, 3)): {'bw': 5}, ((0, 2), (3, 1)): {'bw': 5}, ((0, 2), (1, 0)): {'bw': 5}, ((0, 2), (0, 2)): {'bw': 5}, ((0, 2), (2, 6)): {'bw': 5}, ((0, 2), (6, 13)): {'bw': 5}, ((0, 2), (13, 28)): {'bw': 5}, ((1, 2), (np.int64(22), 10)): {'bw': 12}, ((1, 2), (10, 4)): {'bw': 12}, ((1, 2), (4, 1)): {'bw': 12}, ((1, 2), (1, 0)): {'bw': 12}, ((1, 2), (0, 2)): {'bw': 12}, ((1, 2), (2, 6)): {'bw': 12}, ((1, 2), (6, 13)): {'bw': 12}, ((1, 2), (13, 28)): {'bw': 12}, ((2, 3), (np.int64(28), 60)): {'bw': 25}}",211.0,87.0,90.0,45.0,42.0,45.0,42.0,45.0,166.0,124.0,0.41232227488151657,355892.8221311386,146742.53803511403,695.4622655692607,Success,0.0,"{'node_level': {}, 'link_level': {}, 'path_level': {}}","{'node_level': {0: {'cpu': -73}, 1: {'cpu': -78}, 2: {'cpu': -63}, 3: {'cpu': -48}}, 'link_level': {(0, 2): {'bw': -48}, (1, 2): {'bw': -37}, (2, 3): {'bw': -36}}, 'path_level': {(0, 2): {}, (1, 2): {}, (2, 3): {}}}","{'node_level': {0: {'cpu': 0}, 1: {'cpu': 0}, 2: {'cpu': 0}, 3: {'cpu': 0}}, 'link_level': {(0, 2): {'bw': 0}, (1, 2): {'bw': 0}, (2, 3): {'bw': 0}}, 'path_level': {(0, 2): {}, (1, 2): {}, (2, 3): {}}}",[],-inf,-inf,True,True,False,0,[],0,0.0,4.0,3.0
60,10,1,561.0,1289.0,391136.60749339365,1054505.694125334,0.4352211016291699,0.3709193887452872,22,104,0,1527.7886215719568,8698,4445,4253,0.010022271714922093,0.037565059968318604,40,469.78862157195687,1058.0,2,1,False,{},{},{},{},0.0,0.0,0.0,0.0,0.0,0.0,0.0,0.0,0.0,0.0,0.0,0.0,0.0,0.0,Leave Event,0.0,"{'node_level': {}, 'link_level': {}, 'path_level': {}}","{'node_level': {}, 'link_level': {}, 'path_level': {}}","{'node_level': {}, 'link_level': {}, 'path_level': {}}",[],-inf,-inf,True,True,False,0,[],0,0.0,,
61,10,1,561.0,1289.0,391136.60749339365,1054505.694125334,0.4352211016291699,0.3709193887452872,22,105,1,1543.0,8698,4445,4253,0.010022271714922093,0.037565059968318604,60,281.03130129138816,1543.0,9,18,False,"{0: np.int64(48), 1: np.int64(40), 2: np.int64(13), 3: np.int64(24), 4: np.int64(32), 5: np.int64(21), 6: np.int64(57), 7: np.int64(44), 8: np.int64(29)}","{(0, 1): [(np.int64(48), 16), (16, 7), (7, 3), (3, 1), (1, 0), (0, 2), (2, 5), (5, 11), (11, 24), (24, 40)], (0, 2): [(np.int64(48), 16), (16, 7), (7, 3), (3, 1), (1, 0), (0, 2), (2, 6), (6, 13)], (0, 3): []}","{(0, np.int64(48)): {'cpu': 15}, (1, np.int64(40)): {'cpu': 5}, (2, np.int64(13)): {'cpu': 12}, (3, np.int64(24)): {'cpu': 15}, (4, np.int64(32)): {'cpu': 9}, (5, np.int64(21)): {'cpu': 7}, (6, np.int64(57)): {'cpu': 2}, (7, np.int64(44)): {'cpu': 14}, (8, np.int64(29)): {'cpu': 11}}","{((0, 1), (np.int64(48), 16)): {'bw': 2}, ((0, 1), (16, 7)): {'bw': 2}, ((0, 1), (7, 3)): {'bw': 2}, ((0, 1), (3, 1)): {'bw': 2}, ((0, 1), (1, 0)): {'bw': 2}, ((0, 1), (0, 2)): {'bw': 2}, ((0, 1), (2, 5)): {'bw': 2}, ((0, 1), (5, 11)): {'bw': 2}, ((0, 1), (11, 24)): {'bw': 2}, ((0, 1), (24, 40)): {'bw': 2}, ((0, 2), (np.int64(48), 16)): {'bw': 25}, ((0, 2), (16, 7)): {'bw': 25}, ((0, 2), (7, 3)): {'bw': 25}, ((0, 2), (3, 1)): {'bw': 25}, ((0, 2), (1, 0)): {'bw': 25}, ((0, 2), (0, 2)): {'bw': 25}, ((0, 2), (2, 6)): {'bw': 25}, ((0, 2), (6, 13)): {'bw': 25}}",0.0,0.0,180.0,90.0,427.0,0.0,0.0,0.0,0.0,0.0,0.0,0.0,0.0,0.0,Route Failure,100.0,"{'node_level': {}, 'link_level': {}, 'path_level': {}}","{'node_level': {0: {'cpu': -43}, 1: {'cpu': -46}, 2: {'cpu': -83}, 3: {'cpu': -64}, 4: {'cpu': -71}, 5: {'cpu': -54}, 6: {'cpu': -72}, 7: {'cpu': -60}, 8: {'cpu': -62}}, 'link_level': {(0, 1): {'bw': -48}, (0, 2): {'bw': -12}, (0, 3): {'bw': 100.0}}, 'path_level': {(0, 1): {}, (0, 2): {}, (0, 3): {}}}","{'node_level': {0: {'cpu': 0}, 1: {'cpu': 0}, 2: {'cpu': 0}, 3: {'cpu': 0}, 4: {'cpu': 0}, 5: {'cpu': 0}, 6: {'cpu': 0}, 7: {'cpu': 0}, 8: {'cpu': 0}}, 'link_level': {(0, 1): {'bw': 0}, (0, 2): {'bw': 0}, (0, 3): {'bw': 100.0}}, 'path_level': {(0, 1): {}, (0, 2): {}, (0, 3): {}}}",[],-inf,-inf,True,False,False,0,[],0,0.0,9.0,3.0
61,10,1,561.0,1289.0,391136.60749339365,1054505.694125334,0.4352211016291699,0.3709193887452872,22,106,0,1568.2786181862825,8698,4445,4253,0.010022271714922093,0.037565059968318604,54,165.2786181862825,1403.0,7,7,False,{},{},{},{},0.0,0.0,0.0,0.0,0.0,0.0,0.0,0.0,0.0,0.0,0.0,0.0,0.0,0.0,Leave Event,0.0,"{'node_level': {}, 'link_level': {}, 'path_level': {}}","{'node_level': {}, 'link_level': {}, 'path_level': {}}","{'node_level': {}, 'link_level': {}, 'path_level': {}}",[],-inf,-inf,True,True,False,0,[],0,0.0,,
62,10,1,561.0,1289.0,391136.60749339365,1054505.694125334,0.4352211016291699,0.3709193887452872,22,107,1,1570.0,8698,4445,4253,0.010022271714922093,0.037565059968318604,61,212.54459012012285,1570.0,9,15,False,"{0: np.int64(47), 1: np.int64(3), 2: np.int64(4), 3: np.int64(17), 4: np.int64(60), 5: np.int64(61), 6: np.int64(45), 7: np.int64(1), 8: np.int64(6)}","{(0, 3): [(np.int64(47), 15), (15, 7), (7, 3), (3, 8), (8, 17)], (0, 4): []}","{(0, np.int64(47)): {'cpu': 18}, (1, np.int64(3)): {'cpu': 4}, (2, np.int64(4)): {'cpu': 14}, (3, np.int64(17)): {'cpu': 18}, (4, np.int64(60)): {'cpu': 10}, (5, np.int64(61)): {'cpu': 6}, (6, np.int64(45)): {'cpu': 1}, (7, np.int64(1)): {'cpu': 0}, (8, np.int64(6)): {'cpu': 0}}","{((0, 3), (np.int64(47), 15)): {'bw': 12}, ((0, 3), (15, 7)): {'bw': 12}, ((0, 3), (7, 3)): {'bw': 12}, ((0, 3), (3, 8)): {'bw': 12}, ((0, 3), (8, 17)): {'bw': 12}}",0.0,0.0,142.0,71.0,312.0,0.0,0.0,0.0,0.0,0.0,0.0,0.0,0.0,0.0,Route Failure,100.0,"{'node_level': {}, 'link_level': {}, 'path_level': {}}","{'node_level': {0: {'cpu': -74}, 1: {'cpu': -54}, 2: {'cpu': -45}, 3: {'cpu': -52}, 4: {'cpu': -38}, 5: {'cpu': -70}, 6: {'cpu': -62}, 7: {'cpu': -93}, 8: {'cpu': -55}}, 'link_level': {(0, 3): {'bw': -36}, (0, 4): {'bw': 100.0}}, 'path_level': {(0, 3): {}, (0, 4): {}}}","{'node_level': {0: {'cpu': 0}, 1: {'cpu': 0}, 2: {'cpu': 0}, 3: {'cpu': 0}, 4: {'cpu': 0}, 5: {'cpu': 0}, 6: {'cpu': 0}, 7: {'cpu': 0}, 8: {'cpu': 0}}, 'link_level': {(0, 3): {'bw': 0}, (0, 4): {'bw': 100.0}}, 'path_level': {(0, 3): {}, (0, 4): {}}}",[],-inf,-inf,True,False,False,0,[],0,0.0,9.0,2.0
63,10,1,561.0,1289.0,391136.60749339365,1054505.694125334,0.4352211016291699,0.3709193887452872,22,108,1,1590.0,8698,4445,4253,0.010022271714922093,0.037565059968318604,62,430.2714980042148,1590.0,9,15,False,"{0: np.int64(50), 1: np.int64(31), 2: np.int64(9), 3: np.int64(15), 4: np.int64(45), 5: np.int64(1), 6: np.int64(25), 7: np.int64(2), 8: np.int64(14)}","{(0, 2): [(np.int64(50), 18), (18, 8), (8, 3), (3, 1), (1, 4), (4, 9)], (0, 6): []}","{(0, np.int64(50)): {'cpu': 2}, (1, np.int64(31)): {'cpu': 19}, (2, np.int64(9)): {'cpu': 13}, (3, np.int64(15)): {'cpu': 14}, (4, np.int64(45)): {'cpu': 13}, (5, np.int64(1)): {'cpu': 16}, (6, np.int64(25)): {'cpu': 0}, (7, np.int64(2)): {'cpu': 8}, (8, np.int64(14)): {'cpu': 17}}","{((0, 2), (np.int64(50), 18)): {'bw': 41}, ((0, 2), (18, 8)): {'bw': 41}, ((0, 2), (8, 3)): {'bw': 41}, ((0, 2), (3, 1)): {'bw': 41}, ((0, 2), (1, 4)): {'bw': 41}, ((0, 2), (4, 9)): {'bw': 41}}",0.0,0.0,204.0,102.0,397.0,0.0,0.0,0.0,0.0,0.0,0.0,0.0,0.0,0.0,Route Failure,100.0,"{'node_level': {}, 'link_level': {}, 'path_level': {}}","{'node_level': {0: {'cpu': -55}, 1: {'cpu': -80}, 2: {'cpu': -53}, 3: {'cpu': -61}, 4: {'cpu': -50}, 5: {'cpu': -77}, 6: {'cpu': -64}, 7: {'cpu': -54}, 8: {'cpu': -39}}, 'link_level': {(0, 2): {'bw': -12}, (0, 6): {'bw': 100.0}}, 'path_level': {(0, 2): {}, (0, 6): {}}}","{'node_level': {0: {'cpu': 0}, 1: {'cpu': 0}, 2: {'cpu': 0}, 3: {'cpu': 0}, 4: {'cpu': 0}, 5: {'cpu': 0}, 6: {'cpu': 0}, 7: {'cpu': 0}, 8: {'cpu': 0}}, 'link_level': {(0, 2): {'bw': 0}, (0, 6): {'bw': 100.0}}, 'path_level': {(0, 2): {}, (0, 6): {}}}",[],-inf,-inf,True,False,False,0,[],0,0.0,9.0,2.0
63,10,1,561.0,1289.0,391136.60749339365,1054505.694125334,0.4352211016291699,0.3709193887452872,22,109,0,1601.1990819559712,8698,4445,4253,0.010022271714922093,0.037565059968318604,57,138.19908195597117,1463.0,10,23,False,{},{},{},{},0.0,0.0,0.0,0.0,0.0,0.0,0.0,0.0,0.0,0.0,0.0,0.0,0.0,0.0,Leave Event,0.0,"{'node_level': {}, 'link_level': {}, 'path_level': {}}","{'node_level': {}, 'link_level': {}, 'path_level': {}}","{'node_level': {}, 'link_level': {}, 'path_level': {}}",[],-inf,-inf,True,True,False,0,[],0,0.0,,
63,10,1,561.0,1289.0,391136.60749339365,1054505.694125334,0.4352211016291699,0.3709193887452872,22,110,0,1608.4085009190426,8698,4445,4253,0.010022271714922093,0.037565059968318604,49,319.4085009190427,1289.0,8,14,False,{},{},{},{},0.0,0.0,0.0,0.0,0.0,0.0,0.0,0.0,0.0,0.0,0.0,0.0,0.0,0.0,Leave Event,0.0,"{'node_level': {}, 'link_level': {}, 'path_level': {}}","{'node_level': {}, 'link_level': {}, 'path_level': {}}","{'node_level': {}, 'link_level': {}, 'path_level': {}}",[],-inf,-inf,True,True,False,0,[],0,0.0,,
64,10,1,561.0,1289.0,391136.60749339365,1054505.694125334,0.4352211016291699,0.3709193887452872,22,111,1,1622.0,8698,4445,4253,0.010022271714922093,0.037565059968318604,63,67.63854815683851,1622.0,5,8,False,"{0: np.int64(28), 1: np.int64(3), 2: np.int64(13), 3: np.int64(20), 4: np.int64(44)}","{(0, 1): [(np.int64(28), 13), (13, 6), (6, 2), (2, 0), (0, 1), (1, 3)], (0, 2): []}","{(0, np.int64(28)): {'cpu': 5}, (1, np.int64(3)): {'cpu': 14}, (2, np.int64(13)): {'cpu': 2}, (3, np.int64(20)): {'cpu': 16}, (4, np.int64(44)): {'cpu': 6}}","{((0, 1), (np.int64(28), 13)): {'bw': 30}, ((0, 1), (13, 6)): {'bw': 30}, ((0, 1), (6, 2)): {'bw': 30}, ((0, 1), (2, 0)): {'bw': 30}, ((0, 1), (0, 1)): {'bw': 30}, ((0, 1), (1, 3)): {'bw': 30}}",0.0,0.0,86.0,43.0,239.0,0.0,0.0,0.0,0.0,0.0,0.0,0.0,0.0,0.0,Route Failure,100.0,"{'node_level': {}, 'link_level': {}, 'path_level': {}}","{'node_level': {0: {'cpu': -58}, 1: {'cpu': -44}, 2: {'cpu': -93}, 3: {'cpu': -54}, 4: {'cpu': -68}}, 'link_level': {(0, 1): {'bw': -7}, (0, 2): {'bw': 100.0}}, 'path_level': {(0, 1): {}, (0, 2): {}}}","{'node_level': {0: {'cpu': 0}, 1: {'cpu': 0}, 2: {'cpu': 0}, 3: {'cpu': 0}, 4: {'cpu': 0}}, 'link_level': {(0, 1): {'bw': 0}, (0, 2): {'bw': 100.0}}, 'path_level': {(0, 1): {}, (0, 2): {}}}",[],-inf,-inf,True,False,False,0,[],0,0.0,5.0,2.0
64,10,1,561.0,1289.0,391136.60749339365,1054505.694125334,0.4352211016291699,0.3709193887452872,22,112,0,1642.9306395767942,8698,4445,4253,0.010022271714922093,0.037565059968318604,55,218.93063957679414,1424.0,5,6,False,{},{},{},{},0.0,0.0,0.0,0.0,0.0,0.0,0.0,0.0,0.0,0.0,0.0,0.0,0.0,0.0,Leave Event,0.0,"{'node_level': {}, 'link_level': {}, 'path_level': {}}","{'node_level': {}, 'link_level': {}, 'path_level': {}}","{'node_level': {}, 'link_level': {}, 'path_level': {}}",[],-inf,-inf,True,True,False,0,[],0,0.0,,
65,11,2,576.0,1304.0,413611.09889309417,1076980.1855250346,0.44171779141104295,0.3840470831795816,23,113,1,1646.0,8683,4439,4244,0.011358574610245031,0.03960171984611904,64,1498.2994266466997,1646.0,2,1,True,"{0: np.int64(46), 1: np.int64(30)}","{(0, 1): [(np.int64(46), 30)]}","{(0, np.int64(46)): {'cpu': 4}, (1, np.int64(30)): {'cpu': 2}}","{((0, 1), (np.int64(46), 30)): {'bw': 9}}",15.0,15.0,12.0,6.0,9.0,6.0,9.0,6.0,9.0,0.0,1.0,22474.491399700495,22474.491399700495,1498.2994266466997,Success,0.0,"{'node_level': {}, 'link_level': {}, 'path_level': {}}","{'node_level': {0: {'cpu': -93}, 1: {'cpu': -89}}, 'link_level': {(0, 1): {'bw': -61}}, 'path_level': {(0, 1): {}}}","{'node_level': {0: {'cpu': 0}, 1: {'cpu': 0}}, 'link_level': {(0, 1): {'bw': 0}}, 'path_level': {(0, 1): {}}}",[],-inf,-inf,True,True,False,0,[],0,0.0,2.0,1.0
66,11,2,576.0,1304.0,413611.09889309417,1076980.1855250346,0.44171779141104295,0.3840470831795816,23,114,1,1665.0,8683,4439,4244,0.011358574610245031,0.03960171984611904,65,188.1552541091021,1665.0,10,24,False,"{0: np.int64(42), 1: np.int64(7), 2: np.int64(23), 3: np.int64(10), 4: np.int64(12), 5: np.int64(58), 6: np.int64(47), 7: np.int64(60), 8: np.int64(4), 9: np.int64(54)}","{(0, 2): [(np.int64(42), 26), (26, 12), (12, 5), (5, 11), (11, 23)], (0, 6): [(np.int64(42), 26), (26, 12), (12, 5), (5, 2), (2, 0), (0, 1), (1, 3), (3, 7), (7, 15), (15, 47)], (0, 7): []}","{(0, np.int64(42)): {'cpu': 11}, (1, np.int64(7)): {'cpu': 3}, (2, np.int64(23)): {'cpu': 10}, (3, np.int64(10)): {'cpu': 7}, (4, np.int64(12)): {'cpu': 20}, (5, np.int64(58)): {'cpu': 19}, (6, np.int64(47)): {'cpu': 20}, (7, np.int64(60)): {'cpu': 20}, (8, np.int64(4)): {'cpu': 9}, (9, np.int64(54)): {'cpu': 7}}","{((0, 2), (np.int64(42), 26)): {'bw': 46}, ((0, 2), (26, 12)): {'bw': 46}, ((0, 2), (12, 5)): {'bw': 46}, ((0, 2), (5, 11)): {'bw': 46}, ((0, 2), (11, 23)): {'bw': 46}, ((0, 6), (np.int64(42), 26)): {'bw': 5}, ((0, 6), (26, 12)): {'bw': 5}, ((0, 6), (12, 5)): {'bw': 5}, ((0, 6), (5, 2)): {'bw': 5}, ((0, 6), (2, 0)): {'bw': 5}, ((0, 6), (0, 1)): {'bw': 5}, ((0, 6), (1, 3)): {'bw': 5}, ((0, 6), (3, 7)): {'bw': 5}, ((0, 6), (7, 15)): {'bw': 5}, ((0, 6), (15, 47)): {'bw': 5}}",0.0,0.0,252.0,126.0,546.0,0.0,0.0,0.0,0.0,0.0,0.0,0.0,0.0,0.0,Route Failure,100.0,"{'node_level': {}, 'link_level': {}, 'path_level': {}}","{'node_level': {0: {'cpu': -56}, 1: {'cpu': -62}, 2: {'cpu': -68}, 3: {'cpu': -44}, 4: {'cpu': -37}, 5: {'cpu': -80}, 6: {'cpu': -72}, 7: {'cpu': -28}, 8: {'cpu': -50}, 9: {'cpu': -92}}, 'link_level': {(0, 2): {'bw': -11}, (0, 6): {'bw': -20}, (0, 7): {'bw': 100.0}}, 'path_level': {(0, 2): {}, (0, 6): {}, (0, 7): {}}}","{'node_level': {0: {'cpu': 0}, 1: {'cpu': 0}, 2: {'cpu': 0}, 3: {'cpu': 0}, 4: {'cpu': 0}, 5: {'cpu': 0}, 6: {'cpu': 0}, 7: {'cpu': 0}, 8: {'cpu': 0}, 9: {'cpu': 0}}, 'link_level': {(0, 2): {'bw': 0}, (0, 6): {'bw': 0}, (0, 7): {'bw': 100.0}}, 'path_level': {(0, 2): {}, (0, 6): {}, (0, 7): {}}}",[],-inf,-inf,True,False,False,0,[],0,0.0,10.0,3.0
67,11,2,576.0,1304.0,413611.09889309417,1076980.1855250346,0.44171779141104295,0.3840470831795816,23,115,1,1680.0,8683,4439,4244,0.011358574610245031,0.03960171984611904,66,1527.0105023768108,1680.0,9,19,False,"{0: np.int64(55), 1: np.int64(32), 2: np.int64(8), 3: np.int64(23), 4: np.int64(22), 5: np.int64(51), 6: np.int64(20), 7: np.int64(24), 8: np.int64(54)}","{(0, 2): [(np.int64(55), 23), (23, 11), (11, 5), (5, 2), (2, 0), (0, 1), (1, 3), (3, 8)], (0, 4): [(np.int64(55), 23), (23, 11), (11, 5), (5, 2), (2, 0), (0, 1), (1, 4), (4, 10), (10, 22)], (0, 5): []}","{(0, np.int64(55)): {'cpu': 8}, (1, np.int64(32)): {'cpu': 6}, (2, np.int64(8)): {'cpu': 11}, (3, np.int64(23)): {'cpu': 13}, (4, np.int64(22)): {'cpu': 6}, (5, np.int64(51)): {'cpu': 11}, (6, np.int64(20)): {'cpu': 15}, (7, np.int64(24)): {'cpu': 4}, (8, np.int64(54)): {'cpu': 18}}","{((0, 2), (np.int64(55), 23)): {'bw': 4}, ((0, 2), (23, 11)): {'bw': 4}, ((0, 2), (11, 5)): {'bw': 4}, ((0, 2), (5, 2)): {'bw': 4}, ((0, 2), (2, 0)): {'bw': 4}, ((0, 2), (0, 1)): {'bw': 4}, ((0, 2), (1, 3)): {'bw': 4}, ((0, 2), (3, 8)): {'bw': 4}, ((0, 4), (np.int64(55), 23)): {'bw': 11}, ((0, 4), (23, 11)): {'bw': 11}, ((0, 4), (11, 5)): {'bw': 11}, ((0, 4), (5, 2)): {'bw': 11}, ((0, 4), (2, 0)): {'bw': 11}, ((0, 4), (0, 1)): {'bw': 11}, ((0, 4), (1, 4)): {'bw': 11}, ((0, 4), (4, 10)): {'bw': 11}, ((0, 4), (10, 22)): {'bw': 11}}",0.0,0.0,184.0,92.0,375.0,0.0,0.0,0.0,0.0,0.0,0.0,0.0,0.0,0.0,Route Failure,100.0,"{'node_level': {}, 'link_level': {}, 'path_level': {}}","{'node_level': {0: {'cpu': -45}, 1: {'cpu': -74}, 2: {'cpu': -39}, 3: {'cpu': -65}, 4: {'cpu': -72}, 5: {'cpu': -42}, 6: {'cpu': -55}, 7: {'cpu': -75}, 8: {'cpu': -81}}, 'link_level': {(0, 2): {'bw': -46}, (0, 4): {'bw': -35}, (0, 5): {'bw': 100.0}}, 'path_level': {(0, 2): {}, (0, 4): {}, (0, 5): {}}}","{'node_level': {0: {'cpu': 0}, 1: {'cpu': 0}, 2: {'cpu': 0}, 3: {'cpu': 0}, 4: {'cpu': 0}, 5: {'cpu': 0}, 6: {'cpu': 0}, 7: {'cpu': 0}, 8: {'cpu': 0}}, 'link_level': {(0, 2): {'bw': 0}, (0, 4): {'bw': 0}, (0, 5): {'bw': 100.0}}, 'path_level': {(0, 2): {}, (0, 4): {}, (0, 5): {}}}",[],-inf,-inf,True,False,False,0,[],0,0.0,9.0,3.0
67,11,2,576.0,1304.0,413611.09889309417,1076980.1855250346,0.44171779141104295,0.3840470831795816,23,116,0,1689.6385481568386,8683,4439,4244,0.011358574610245031,0.03960171984611904,63,67.63854815683851,1622.0,5,8,False,{},{},{},{},0.0,0.0,0.0,0.0,0.0,0.0,0.0,0.0,0.0,0.0,0.0,0.0,0.0,0.0,Leave Event,0.0,"{'node_level': {}, 'link_level': {}, 'path_level': {}}","{'node_level': {}, 'link_level': {}, 'path_level': {}}","{'node_level': {}, 'link_level': {}, 'path_level': {}}",[],-inf,-inf,True,True,False,0,[],0,0.0,,
67,11,2,576.0,1304.0,413611.09889309417,1076980.1855250346,0.44171779141104295,0.3840470831795816,23,117,0,1689.6589965809087,8683,4439,4244,0.011358574610245031,0.03960171984611904,51,349.65899658090865,1340.0,9,17,False,{},{},{},{},0.0,0.0,0.0,0.0,0.0,0.0,0.0,0.0,0.0,0.0,0.0,0.0,0.0,0.0,Leave Event,0.0,"{'node_level': {}, 'link_level': {}, 'path_level': {}}","{'node_level': {}, 'link_level': {}, 'path_level': {}}","{'node_level': {}, 'link_level': {}, 'path_level': {}}",[],-inf,-inf,True,True,False,0,[],0,0.0,,
68,11,2,576.0,1304.0,413611.09889309417,1076980.1855250346,0.44171779141104295,0.3840470831795816,23,118,1,1700.0,8683,4439,4244,0.011358574610245031,0.03960171984611904,67,123.20175967985122,1700.0,9,15,False,"{0: np.int64(30), 1: np.int64(45), 2: np.int64(51), 3: np.int64(55), 4: np.int64(54), 5: np.int64(60), 6: np.int64(10), 7: np.int64(36), 8: np.int64(19)}","{(0, 3): [(np.int64(30), 14), (14, 6), (6, 2), (2, 5), (5, 11), (11, 23), (23, 55)], (0, 4): [(np.int64(30), 14), (14, 6), (6, 2), (2, 0), (0, 1), (1, 4), (4, 10), (10, 22), (22, 54)], (1, 4): [(np.int64(45), 29), (29, 14), (14, 6), (6, 2), (2, 0), (0, 1), (1, 4), (4, 10), (10, 22), (22, 54)], (1, 5): [(np.int64(45), 29), (29, 14), (14, 6), (6, 13), (13, 28), (28, 60)], (1, 7): [(np.int64(45), 29), (29, 14), (14, 6), (6, 2), (2, 0), (0, 1), (1, 4), (4, 9), (9, 20), (20, 36)], (1, 8): []}","{(0, np.int64(30)): {'cpu': 7}, (1, np.int64(45)): {'cpu': 14}, (2, np.int64(51)): {'cpu': 11}, (3, np.int64(55)): {'cpu': 12}, (4, np.int64(54)): {'cpu': 9}, (5, np.int64(60)): {'cpu': 20}, (6, np.int64(10)): {'cpu': 5}, (7, np.int64(36)): {'cpu': 2}, (8, np.int64(19)): {'cpu': 1}}","{((0, 3), (np.int64(30), 14)): {'bw': 10}, ((0, 3), (14, 6)): {'bw': 10}, ((0, 3), (6, 2)): {'bw': 10}, ((0, 3), (2, 5)): {'bw': 10}, ((0, 3), (5, 11)): {'bw': 10}, ((0, 3), (11, 23)): {'bw': 10}, ((0, 3), (23, 55)): {'bw': 10}, ((0, 4), (np.int64(30), 14)): {'bw': 8}, ((0, 4), (14, 6)): {'bw': 8}, ((0, 4), (6, 2)): {'bw': 8}, ((0, 4), (2, 0)): {'bw': 8}, ((0, 4), (0, 1)): {'bw': 8}, ((0, 4), (1, 4)): {'bw': 8}, ((0, 4), (4, 10)): {'bw': 8}, ((0, 4), (10, 22)): {'bw': 8}, ((0, 4), (22, 54)): {'bw': 8}, ((1, 4), (np.int64(45), 29)): {'bw': 5}, ((1, 4), (29, 14)): {'bw': 5}, ((1, 4), (14, 6)): {'bw': 5}, ((1, 4), (6, 2)): {'bw': 5}, ((1, 4), (2, 0)): {'bw': 5}, ((1, 4), (0, 1)): {'bw': 5}, ((1, 4), (1, 4)): {'bw': 5}, ((1, 4), (4, 10)): {'bw': 5}, ((1, 4), (10, 22)): {'bw': 5}, ((1, 4), (22, 54)): {'bw': 5}, ((1, 5), (np.int64(45), 29)): {'bw': 0}, ((1, 5), (29, 14)): {'bw': 0}, ((1, 5), (14, 6)): {'bw': 0}, ((1, 5), (6, 13)): {'bw': 0}, ((1, 5), (13, 28)): {'bw': 0}, ((1, 5), (28, 60)): {'bw': 0}, ((1, 7), (np.int64(45), 29)): {'bw': 2}, ((1, 7), (29, 14)): {'bw': 2}, ((1, 7), (14, 6)): {'bw': 2}, ((1, 7), (6, 2)): {'bw': 2}, ((1, 7), (2, 0)): {'bw': 2}, ((1, 7), (0, 1)): {'bw': 2}, ((1, 7), (1, 4)): {'bw': 2}, ((1, 7), (4, 9)): {'bw': 2}, ((1, 7), (9, 20)): {'bw': 2}, ((1, 7), (20, 36)): {'bw': 2}}",0.0,0.0,162.0,81.0,255.0,0.0,0.0,0.0,0.0,0.0,0.0,0.0,0.0,0.0,Route Failure,100.0,"{'node_level': {}, 'link_level': {}, 'path_level': {}}","{'node_level': {0: {'cpu': -82}, 1: {'cpu': -49}, 2: {'cpu': -42}, 3: {'cpu': -41}, 4: {'cpu': -90}, 5: {'cpu': -28}, 6: {'cpu': -46}, 7: {'cpu': -89}, 8: {'cpu': -67}}, 'link_level': {(0, 3): {'bw': -27}, (0, 4): {'bw': -19}, (1, 4): {'bw': -14}, (1, 5): {'bw': -36}, (1, 7): {'bw': -12}, (1, 8): {'bw': 100.0}}, 'path_level': {(0, 3): {}, (0, 4): {}, (1, 4): {}, (1, 5): {}, (1, 7): {}, (1, 8): {}}}","{'node_level': {0: {'cpu': 0}, 1: {'cpu': 0}, 2: {'cpu': 0}, 3: {'cpu': 0}, 4: {'cpu': 0}, 5: {'cpu': 0}, 6: {'cpu': 0}, 7: {'cpu': 0}, 8: {'cpu': 0}}, 'link_level': {(0, 3): {'bw': 0}, (0, 4): {'bw': 0}, (1, 4): {'bw': 0}, (1, 5): {'bw': 0}, (1, 7): {'bw': 0}, (1, 8): {'bw': 100.0}}, 'path_level': {(0, 3): {}, (0, 4): {}, (1, 4): {}, (1, 5): {}, (1, 7): {}, (1, 8): {}}}",[],-inf,-inf,True,False,False,0,[],0,0.0,9.0,6.0
69,11,2,576.0,1304.0,413611.09889309417,1076980.1855250346,0.44171779141104295,0.3840470831795816,23,119,1,1724.0,8683,4439,4244,0.011358574610245031,0.03960171984611904,68,142.97525295680117,1724.0,3,3,False,"{0: np.int64(34), 1: np.int64(20), 2: np.int64(58)}","{(0, 1): [(np.int64(34), 18), (18, 8), (8, 3), (3, 1), (1, 4), (4, 9), (9, 20)], (0, 2): []}","{(0, np.int64(34)): {'cpu': 14}, (1, np.int64(20)): {'cpu': 2}, (2, np.int64(58)): {'cpu': 20}}","{((0, 1), (np.int64(34), 18)): {'bw': 49}, ((0, 1), (18, 8)): {'bw': 49}, ((0, 1), (8, 3)): {'bw': 49}, ((0, 1), (3, 1)): {'bw': 49}, ((0, 1), (1, 4)): {'bw': 49}, ((0, 1), (4, 9)): {'bw': 49}, ((0, 1), (9, 20)): {'bw': 49}}",0.0,0.0,72.0,36.0,96.0,0.0,0.0,0.0,0.0,0.0,0.0,0.0,0.0,0.0,Route Failure,100.0,"{'node_level': {}, 'link_level': {}, 'path_level': {}}","{'node_level': {0: {'cpu': -58}, 1: {'cpu': -68}, 2: {'cpu': -79}}, 'link_level': {(0, 1): {'bw': -4}, (0, 2): {'bw': 100.0}}, 'path_level': {(0, 1): {}, (0, 2): {}}}","{'node_level': {0: {'cpu': 0}, 1: {'cpu': 0}, 2: {'cpu': 0}}, 'link_level': {(0, 1): {'bw': 0}, (0, 2): {'bw': 100.0}}, 'path_level': {(0, 1): {}, (0, 2): {}}}",[],-inf,-inf,True,False,False,0,[],0,0.0,3.0,2.0
70,12,3,644.0,1611.0,481394.9969894844,1383004.5489896198,0.39975170701427687,0.3480791132185188,25,120,1,1746.0,8376,4435,3941,0.012249443207126953,0.10816926906539936,69,996.8220308292682,1746.0,3,2,True,"{0: np.int64(24), 1: np.int64(2), 2: np.int64(42)}","{(0, 2): [(np.int64(24), 11), (11, 5), (5, 12), (12, 26), (26, 42)], (1, 2): [(np.int64(2), 5), (5, 12), (12, 26), (26, 42)]}","{(0, np.int64(24)): {'cpu': 0}, (1, np.int64(2)): {'cpu': 1}, (2, np.int64(42)): {'cpu': 3}}","{((0, 2), (np.int64(24), 11)): {'bw': 47}, ((0, 2), (11, 5)): {'bw': 47}, ((0, 2), (5, 12)): {'bw': 47}, ((0, 2), (12, 26)): {'bw': 47}, ((0, 2), (26, 42)): {'bw': 47}, ((1, 2), (np.int64(2), 5)): {'bw': 17}, ((1, 2), (5, 12)): {'bw': 17}, ((1, 2), (12, 26)): {'bw': 17}, ((1, 2), (26, 42)): {'bw': 17}}",307.0,68.0,8.0,4.0,64.0,4.0,64.0,4.0,303.0,239.0,0.22149837133550487,306024.36346458533,67783.89809639024,220.79445634003335,Success,0.0,"{'node_level': {}, 'link_level': {}, 'path_level': {}}","{'node_level': {0: {'cpu': -79}, 1: {'cpu': -61}, 2: {'cpu': -64}}, 'link_level': {(0, 2): {'bw': -10}, (1, 2): {'bw': -7}}, 'path_level': {(0, 2): {}, (1, 2): {}}}","{'node_level': {0: {'cpu': 0}, 1: {'cpu': 0}, 2: {'cpu': 0}}, 'link_level': {(0, 2): {'bw': 0}, (1, 2): {'bw': 0}}, 'path_level': {(0, 2): {}, (1, 2): {}}}",[],-inf,-inf,True,True,False,0,[],0,0.0,3.0,2.0
70,12,3,644.0,1611.0,481394.9969894844,1383004.5489896198,0.39975170701427687,0.3480791132185188,25,121,0,1748.7554839024208,8376,4435,3941,0.012249443207126953,0.10816926906539936,44,590.7554839024208,1158.0,6,9,False,{},{},{},{},0.0,0.0,0.0,0.0,0.0,0.0,0.0,0.0,0.0,0.0,0.0,0.0,0.0,0.0,Leave Event,0.0,"{'node_level': {}, 'link_level': {}, 'path_level': {}}","{'node_level': {}, 'link_level': {}, 'path_level': {}}","{'node_level': {}, 'link_level': {}, 'path_level': {}}",[],-inf,-inf,True,True,False,0,[],0,0.0,,
70,12,3,644.0,1611.0,481394.9969894844,1383004.5489896198,0.39975170701427687,0.3480791132185188,25,122,0,1760.1898566840905,8376,4435,3941,0.012249443207126953,0.10816926906539936,53,382.1898566840906,1378.0,6,9,False,{},{},{},{},0.0,0.0,0.0,0.0,0.0,0.0,0.0,0.0,0.0,0.0,0.0,0.0,0.0,0.0,Leave Event,0.0,"{'node_level': {}, 'link_level': {}, 'path_level': {}}","{'node_level': {}, 'link_level': {}, 'path_level': {}}","{'node_level': {}, 'link_level': {}, 'path_level': {}}",[],-inf,-inf,True,True,False,0,[],0,0.0,,
71,12,3,644.0,1611.0,481394.9969894844,1383004.5489896198,0.39975170701427687,0.3480791132185188,25,123,1,1765.0,8376,4435,3941,0.012249443207126953,0.10816926906539936,70,134.1151332555991,1765.0,5,6,False,"{0: np.int64(41), 1: np.int64(6), 2: np.int64(11), 3: np.int64(13), 4: np.int64(9)}","{(0, 1): [(np.int64(41), 25), (25, 12), (12, 5), (5, 2), (2, 6)], (0, 2): []}","{(0, np.int64(41)): {'cpu': 9}, (1, np.int64(6)): {'cpu': 19}, (2, np.int64(11)): {'cpu': 12}, (3, np.int64(13)): {'cpu': 17}, (4, np.int64(9)): {'cpu': 1}}","{((0, 1), (np.int64(41), 25)): {'bw': 6}, ((0, 1), (25, 12)): {'bw': 6}, ((0, 1), (12, 5)): {'bw': 6}, ((0, 1), (5, 2)): {'bw': 6}, ((0, 1), (2, 6)): {'bw': 6}}",0.0,0.0,116.0,58.0,182.0,0.0,0.0,0.0,0.0,0.0,0.0,0.0,0.0,0.0,Route Failure,100.0,"{'node_level': {}, 'link_level': {}, 'path_level': {}}","{'node_level': {0: {'cpu': -41}, 1: {'cpu': -36}, 2: {'cpu': -50}, 3: {'cpu': -78}, 4: {'cpu': -65}}, 'link_level': {(0, 1): {'bw': -6}, (0, 2): {'bw': 100.0}}, 'path_level': {(0, 1): {}, (0, 2): {}}}","{'node_level': {0: {'cpu': 0}, 1: {'cpu': 0}, 2: {'cpu': 0}, 3: {'cpu': 0}, 4: {'cpu': 0}}, 'link_level': {(0, 1): {'bw': 0}, (0, 2): {'bw': 100.0}}, 'path_level': {(0, 1): {}, (0, 2): {}}}",[],-inf,-inf,True,False,False,0,[],0,0.0,5.0,2.0
71,12,3,644.0,1611.0,481394.9969894844,1383004.5489896198,0.39975170701427687,0.3480791132185188,25,124,0,1782.5445901201228,8376,4435,3941,0.012249443207126953,0.10816926906539936,61,212.54459012012285,1570.0,9,15,False,{},{},{},{},0.0,0.0,0.0,0.0,0.0,0.0,0.0,0.0,0.0,0.0,0.0,0.0,0.0,0.0,Leave Event,0.0,"{'node_level': {}, 'link_level': {}, 'path_level': {}}","{'node_level': {}, 'link_level': {}, 'path_level': {}}","{'node_level': {}, 'link_level': {}, 'path_level': {}}",[],-inf,-inf,True,True,False,0,[],0,0.0,,
72,13,4,712.0,1883.0,538784.9720243152,1612564.4491289428,0.37812002124269783,0.3341168610751341,26,125,1,1792.0,8104,4401,3703,0.019821826280623567,0.16202760805612126,71,843.9702211004522,1792.0,2,1,True,"{0: np.int64(34), 1: np.int64(22)}","{(0, 1): [(np.int64(34), 18), (18, 8), (8, 3), (3, 1), (1, 4), (4, 10), (10, 22)]}","{(0, np.int64(34)): {'cpu': 18}, (1, np.int64(22)): {'cpu': 16}}","{((0, 1), (np.int64(34), 18)): {'bw': 34}, ((0, 1), (18, 8)): {'bw': 34}, ((0, 1), (8, 3)): {'bw': 34}, ((0, 1), (3, 1)): {'bw': 34}, ((0, 1), (1, 4)): {'bw': 34}, ((0, 1), (4, 10)): {'bw': 34}, ((0, 1), (10, 22)): {'bw': 34}}",272.0,68.0,68.0,34.0,34.0,34.0,34.0,34.0,238.0,204.0,0.25,229559.900139323,57389.97503483075,210.99255527511306,Success,0.0,"{'node_level': {}, 'link_level': {}, 'path_level': {}}","{'node_level': {0: {'cpu': -54}, 1: {'cpu': -62}}, 'link_level': {(0, 1): {'bw': -19}}, 'path_level': {(0, 1): {}}}","{'node_level': {0: {'cpu': 0}, 1: {'cpu': 0}}, 'link_level': {(0, 1): {'bw': 0}}, 'path_level': {(0, 1): {}}}",[],-inf,-inf,True,True,False,0,[],0,0.0,2.0,1.0
72,13,4,712.0,1883.0,538784.9720243152,1612564.4491289428,0.37812002124269783,0.3341168610751341,26,126,0,1792.9181151813561,8104,4401,3703,0.019821826280623567,0.16202760805612126,16,1336.9181151813561,456.0,9,20,False,{},{},{},{},0.0,0.0,0.0,0.0,0.0,0.0,0.0,0.0,0.0,0.0,0.0,0.0,0.0,0.0,Leave Event,0.0,"{'node_level': {}, 'link_level': {}, 'path_level': {}}","{'node_level': {}, 'link_level': {}, 'path_level': {}}","{'node_level': {}, 'link_level': {}, 'path_level': {}}",[],-inf,-inf,True,True,False,0,[],0,0.0,,
73,13,4,712.0,1883.0,538784.9720243152,1612564.4491289428,0.37812002124269783,0.3341168610751341,26,127,1,1813.0,8104,4401,3703,0.019821826280623567,0.16202760805612126,72,392.5185668087049,1813.0,10,25,False,"{0: np.int64(46), 1: np.int64(60), 2: np.int64(54), 3: np.int64(10), 4: np.int64(1), 5: np.int64(48), 6: np.int64(18), 7: np.int64(61), 8: np.int64(56), 9: np.int64(25)}","{(0, 2): []}","{(0, np.int64(46)): {'cpu': 18}, (1, np.int64(60)): {'cpu': 8}, (2, np.int64(54)): {'cpu': 6}, (3, np.int64(10)): {'cpu': 10}, (4, np.int64(1)): {'cpu': 1}, (5, np.int64(48)): {'cpu': 13}, (6, np.int64(18)): {'cpu': 9}, (7, np.int64(61)): {'cpu': 2}, (8, np.int64(56)): {'cpu': 18}, (9, np.int64(25)): {'cpu': 19}}",{},0.0,0.0,208.0,104.0,716.0,0.0,0.0,0.0,0.0,0.0,0.0,0.0,0.0,0.0,Route Failure,100.0,"{'node_level': {}, 'link_level': {}, 'path_level': {}}","{'node_level': {0: {'cpu': -75}, 1: {'cpu': -40}, 2: {'cpu': -93}, 3: {'cpu': -41}, 4: {'cpu': -92}, 5: {'cpu': -45}, 6: {'cpu': -78}, 7: {'cpu': -74}, 8: {'cpu': -36}, 9: {'cpu': -45}}, 'link_level': {(0, 2): {'bw': 100.0}}, 'path_level': {(0, 2): {}}}","{'node_level': {0: {'cpu': 0}, 1: {'cpu': 0}, 2: {'cpu': 0}, 3: {'cpu': 0}, 4: {'cpu': 0}, 5: {'cpu': 0}, 6: {'cpu': 0}, 7: {'cpu': 0}, 8: {'cpu': 0}, 9: {'cpu': 0}}, 'link_level': {(0, 2): {'bw': 100.0}}, 'path_level': {(0, 2): {}}}",[],-inf,-inf,True,False,False,0,[],0,0.0,10.0,1.0
73,13,4,712.0,1883.0,538784.9720243152,1612564.4491289428,0.37812002124269783,0.3341168610751341,26,128,0,1823.2017596798512,8104,4401,3703,0.019821826280623567,0.16202760805612126,67,123.20175967985122,1700.0,9,15,False,{},{},{},{},0.0,0.0,0.0,0.0,0.0,0.0,0.0,0.0,0.0,0.0,0.0,0.0,0.0,0.0,Leave Event,0.0,"{'node_level': {}, 'link_level': {}, 'path_level': {}}","{'node_level': {}, 'link_level': {}, 'path_level': {}}","{'node_level': {}, 'link_level': {}, 'path_level': {}}",[],-inf,-inf,True,True,False,0,[],0,0.0,,
73,13,4,712.0,1883.0,538784.9720243152,1612564.4491289428,0.37812002124269783,0.3341168610751341,26,129,0,1824.0313012913882,8104,4401,3703,0.019821826280623567,0.16202760805612126,60,281.03130129138816,1543.0,9,18,False,{},{},{},{},0.0,0.0,0.0,0.0,0.0,0.0,0.0,0.0,0.0,0.0,0.0,0.0,0.0,0.0,Leave Event,0.0,"{'node_level': {}, 'link_level': {}, 'path_level': {}}","{'node_level': {}, 'link_level': {}, 'path_level': {}}","{'node_level': {}, 'link_level': {}, 'path_level': {}}",[],-inf,-inf,True,True,False,0,[],0,0.0,,
74,13,4,712.0,1883.0,538784.9720243152,1612564.4491289428,0.37812002124269783,0.3341168610751341,26,130,1,1832.0,8104,4401,3703,0.019821826280623567,0.16202760805612126,73,106.13906543019759,1832.0,8,18,False,"{0: np.int64(14), 1: np.int64(56), 2: np.int64(20), 3: np.int64(59), 4: np.int64(23), 5: np.int64(51), 6: np.int64(11), 7: np.int64(5)}","{(0, 1): []}","{(0, np.int64(14)): {'cpu': 20}, (1, np.int64(56)): {'cpu': 11}, (2, np.int64(20)): {'cpu': 9}, (3, np.int64(59)): {'cpu': 19}, (4, np.int64(23)): {'cpu': 14}, (5, np.int64(51)): {'cpu': 5}, (6, np.int64(11)): {'cpu': 13}, (7, np.int64(5)): {'cpu': 11}}",{},0.0,0.0,204.0,102.0,504.0,0.0,0.0,0.0,0.0,0.0,0.0,0.0,0.0,0.0,Route Failure,100.0,"{'node_level': {}, 'link_level': {}, 'path_level': {}}","{'node_level': {0: {'cpu': -36}, 1: {'cpu': -43}, 2: {'cpu': -61}, 3: {'cpu': -74}, 4: {'cpu': -64}, 5: {'cpu': -48}, 6: {'cpu': -49}, 7: {'cpu': -50}}, 'link_level': {(0, 1): {'bw': 100.0}}, 'path_level': {(0, 1): {}}}","{'node_level': {0: {'cpu': 0}, 1: {'cpu': 0}, 2: {'cpu': 0}, 3: {'cpu': 0}, 4: {'cpu': 0}, 5: {'cpu': 0}, 6: {'cpu': 0}, 7: {'cpu': 0}}, 'link_level': {(0, 1): {'bw': 100.0}}, 'path_level': {(0, 1): {}}}",[],-inf,-inf,True,False,False,0,[],0,0.0,8.0,1.0
74,13,4,712.0,1883.0,538784.9720243152,1612564.4491289428,0.37812002124269783,0.3341168610751341,26,131,0,1846.0128831640914,8104,4401,3703,0.019821826280623567,0.16202760805612126,38,826.0128831640912,1020.0,3,2,False,{},{},{},{},0.0,0.0,0.0,0.0,0.0,0.0,0.0,0.0,0.0,0.0,0.0,0.0,0.0,0.0,Leave Event,0.0,"{'node_level': {}, 'link_level': {}, 'path_level': {}}","{'node_level': {}, 'link_level': {}, 'path_level': {}}","{'node_level': {}, 'link_level': {}, 'path_level': {}}",[],-inf,-inf,True,True,False,0,[],0,0.0,,
74,13,4,712.0,1883.0,538784.9720243152,1612564.4491289428,0.37812002124269783,0.3341168610751341,26,132,0,1853.155254109102,8104,4401,3703,0.019821826280623567,0.16202760805612126,65,188.1552541091021,1665.0,10,24,False,{},{},{},{},0.0,0.0,0.0,0.0,0.0,0.0,0.0,0.0,0.0,0.0,0.0,0.0,0.0,0.0,Leave Event,0.0,"{'node_level': {}, 'link_level': {}, 'path_level': {}}","{'node_level': {}, 'link_level': {}, 'path_level': {}}","{'node_level': {}, 'link_level': {}, 'path_level': {}}",[],-inf,-inf,True,True,False,0,[],0,0.0,,
75,13,4,712.0,1883.0,538784.9720243152,1612564.4491289428,0.37812002124269783,0.3341168610751341,26,133,1,1855.0,8104,4401,3703,0.019821826280623567,0.16202760805612126,74,444.3863473230381,1855.0,6,11,False,"{0: np.int64(12), 1: np.int64(33), 2: np.int64(60), 3: np.int64(5), 4: np.int64(46), 5: np.int64(18)}","{(0, 2): [(np.int64(12), 5), (5, 2), (2, 6), (6, 13), (13, 28), (28, 60)], (0, 3): [(np.int64(12), 5)], (0, 5): []}","{(0, np.int64(12)): {'cpu': 14}, (1, np.int64(33)): {'cpu': 13}, (2, np.int64(60)): {'cpu': 14}, (3, np.int64(5)): {'cpu': 4}, (4, np.int64(46)): {'cpu': 3}, (5, np.int64(18)): {'cpu': 12}}","{((0, 2), (np.int64(12), 5)): {'bw': 2}, ((0, 2), (5, 2)): {'bw': 2}, ((0, 2), (2, 6)): {'bw': 2}, ((0, 2), (6, 13)): {'bw': 2}, ((0, 2), (13, 28)): {'bw': 2}, ((0, 2), (28, 60)): {'bw': 2}, ((0, 3), (np.int64(12), 5)): {'bw': 8}}",0.0,0.0,120.0,60.0,297.0,0.0,0.0,0.0,0.0,0.0,0.0,0.0,0.0,0.0,Route Failure,100.0,"{'node_level': {}, 'link_level': {}, 'path_level': {}}","{'node_level': {0: {'cpu': -43}, 1: {'cpu': -69}, 2: {'cpu': -34}, 3: {'cpu': -57}, 4: {'cpu': -90}, 5: {'cpu': -75}}, 'link_level': {(0, 2): {'bw': -10}, (0, 3): {'bw': -2}, (0, 5): {'bw': 100.0}}, 'path_level': {(0, 2): {}, (0, 3): {}, (0, 5): {}}}","{'node_level': {0: {'cpu': 0}, 1: {'cpu': 0}, 2: {'cpu': 0}, 3: {'cpu': 0}, 4: {'cpu': 0}, 5: {'cpu': 0}}, 'link_level': {(0, 2): {'bw': 0}, (0, 3): {'bw': 0}, (0, 5): {'bw': 100.0}}, 'path_level': {(0, 2): {}, (0, 3): {}, (0, 5): {}}}",[],-inf,-inf,True,False,False,0,[],0,0.0,6.0,3.0
75,13,4,712.0,1883.0,538784.9720243152,1612564.4491289428,0.37812002124269783,0.3341168610751341,26,134,0,1866.9752529568011,8104,4401,3703,0.019821826280623567,0.16202760805612126,68,142.97525295680117,1724.0,3,3,False,{},{},{},{},0.0,0.0,0.0,0.0,0.0,0.0,0.0,0.0,0.0,0.0,0.0,0.0,0.0,0.0,Leave Event,0.0,"{'node_level': {}, 'link_level': {}, 'path_level': {}}","{'node_level': {}, 'link_level': {}, 'path_level': {}}","{'node_level': {}, 'link_level': {}, 'path_level': {}}",[],-inf,-inf,True,True,False,0,[],0,0.0,,
76,13,4,712.0,1883.0,538784.9720243152,1612564.4491289428,0.37812002124269783,0.3341168610751341,26,135,1,1883.0,8104,4401,3703,0.019821826280623567,0.16202760805612126,75,24.666972572045246,1883.0,7,7,False,"{0: np.int64(53), 1: np.int64(12), 2: np.int64(14), 3: np.int64(2), 4: np.int64(4), 5: np.int64(58), 6: np.int64(11)}","{(0, 1): []}","{(0, np.int64(53)): {'cpu': 16}, (1, np.int64(12)): {'cpu': 18}, (2, np.int64(14)): {'cpu': 8}, (3, np.int64(2)): {'cpu': 4}, (4, np.int64(4)): {'cpu': 7}, (5, np.int64(58)): {'cpu': 9}, (6, np.int64(11)): {'cpu': 13}}",{},0.0,0.0,150.0,75.0,155.0,0.0,0.0,0.0,0.0,0.0,0.0,0.0,0.0,0.0,Route Failure,100.0,"{'node_level': {}, 'link_level': {}, 'path_level': {}}","{'node_level': {0: {'cpu': -55}, 1: {'cpu': -39}, 2: {'cpu': -48}, 3: {'cpu': -57}, 4: {'cpu': -52}, 5: {'cpu': -90}, 6: {'cpu': -49}}, 'link_level': {(0, 1): {'bw': 100.0}}, 'path_level': {(0, 1): {}}}","{'node_level': {0: {'cpu': 0}, 1: {'cpu': 0}, 2: {'cpu': 0}, 3: {'cpu': 0}, 4: {'cpu': 0}, 5: {'cpu': 0}, 6: {'cpu': 0}}, 'link_level': {(0, 1): {'bw': 100.0}}, 'path_level': {(0, 1): {}}}",[],-inf,-inf,True,False,False,0,[],0,0.0,7.0,1.0
76,13,4,712.0,1883.0,538784.9720243152,1612564.4491289428,0.37812002124269783,0.3341168610751341,26,136,0,1899.1151332555992,8104,4401,3703,0.019821826280623567,0.16202760805612126,70,134.1151332555991,1765.0,5,6,False,{},{},{},{},0.0,0.0,0.0,0.0,0.0,0.0,0.0,0.0,0.0,0.0,0.0,0.0,0.0,0.0,Leave Event,0.0,"{'node_level': {}, 'link_level': {}, 'path_level': {}}","{'node_level': {}, 'link_level': {}, 'path_level': {}}","{'node_level': {}, 'link_level': {}, 'path_level': {}}",[],-inf,-inf,True,True,False,0,[],0,0.0,,
76,13,4,712.0,1883.0,538784.9720243152,1612564.4491289428,0.37812002124269783,0.3341168610751341,26,137,0,1907.6669725720453,8104,4401,3703,0.019821826280623567,0.16202760805612126,75,24.666972572045246,1883.0,7,7,False,{},{},{},{},0.0,0.0,0.0,0.0,0.0,0.0,0.0,0.0,0.0,0.0,0.0,0.0,0.0,0.0,Leave Event,0.0,"{'node_level': {}, 'link_level': {}, 'path_level': {}}","{'node_level': {}, 'link_level': {}, 'path_level': {}}","{'node_level': {}, 'link_level': {}, 'path_level': {}}",[],-inf,-inf,True,True,False,0,[],0,0.0,,
77,13,4,712.0,1883.0,538784.9720243152,1612564.4491289428,0.37812002124269783,0.3341168610751341,26,138,1,1909.0,8104,4401,3703,0.019821826280623567,0.16202760805612126,76,8.00015285625102,1909.0,8,16,False,"{0: np.int64(19), 1: np.int64(30), 2: np.int64(49), 3: np.int64(13), 4: np.int64(9), 5: np.int64(38), 6: np.int64(52), 7: np.int64(15)}","{(0, 1): [(np.int64(19), 9), (9, 4), (4, 1), (1, 0), (0, 2), (2, 6), (6, 14), (14, 30)], (0, 2): []}","{(0, np.int64(19)): {'cpu': 1}, (1, np.int64(30)): {'cpu': 18}, (2, np.int64(49)): {'cpu': 14}, (3, np.int64(13)): {'cpu': 14}, (4, np.int64(9)): {'cpu': 14}, (5, np.int64(38)): {'cpu': 7}, (6, np.int64(52)): {'cpu': 3}, (7, np.int64(15)): {'cpu': 13}}","{((0, 1), (np.int64(19), 9)): {'bw': 8}, ((0, 1), (9, 4)): {'bw': 8}, ((0, 1), (4, 1)): {'bw': 8}, ((0, 1), (1, 0)): {'bw': 8}, ((0, 1), (0, 2)): {'bw': 8}, ((0, 1), (2, 6)): {'bw': 8}, ((0, 1), (6, 14)): {'bw': 8}, ((0, 1), (14, 30)): {'bw': 8}}",0.0,0.0,168.0,84.0,503.0,0.0,0.0,0.0,0.0,0.0,0.0,0.0,0.0,0.0,Route Failure,100.0,"{'node_level': {}, 'link_level': {}, 'path_level': {}}","{'node_level': {0: {'cpu': -67}, 1: {'cpu': -71}, 2: {'cpu': -59}, 3: {'cpu': -81}, 4: {'cpu': -52}, 5: {'cpu': -50}, 6: {'cpu': -53}, 7: {'cpu': -62}}, 'link_level': {(0, 1): {'bw': -11}, (0, 2): {'bw': 100.0}}, 'path_level': {(0, 1): {}, (0, 2): {}}}","{'node_level': {0: {'cpu': 0}, 1: {'cpu': 0}, 2: {'cpu': 0}, 3: {'cpu': 0}, 4: {'cpu': 0}, 5: {'cpu': 0}, 6: {'cpu': 0}, 7: {'cpu': 0}}, 'link_level': {(0, 1): {'bw': 0}, (0, 2): {'bw': 100.0}}, 'path_level': {(0, 1): {}, (0, 2): {}}}",[],-inf,-inf,True,False,False,0,[],0,0.0,8.0,2.0
77,13,4,712.0,1883.0,538784.9720243152,1612564.4491289428,0.37812002124269783,0.3341168610751341,26,139,0,1917.0001528562511,8104,4401,3703,0.019821826280623567,0.16202760805612126,76,8.00015285625102,1909.0,8,16,False,{},{},{},{},0.0,0.0,0.0,0.0,0.0,0.0,0.0,0.0,0.0,0.0,0.0,0.0,0.0,0.0,Leave Event,0.0,"{'node_level': {}, 'link_level': {}, 'path_level': {}}","{'node_level': {}, 'link_level': {}, 'path_level': {}}","{'node_level': {}, 'link_level': {}, 'path_level': {}}",[],-inf,-inf,True,True,False,0,[],0,0.0,,
77,13,4,712.0,1883.0,538784.9720243152,1612564.4491289428,0.37812002124269783,0.3341168610751341,26,140,0,1938.1390654301977,8104,4401,3703,0.019821826280623567,0.16202760805612126,73,106.13906543019759,1832.0,8,18,False,{},{},{},{},0.0,0.0,0.0,0.0,0.0,0.0,0.0,0.0,0.0,0.0,0.0,0.0,0.0,0.0,Leave Event,0.0,"{'node_level': {}, 'link_level': {}, 'path_level': {}}","{'node_level': {}, 'link_level': {}, 'path_level': {}}","{'node_level': {}, 'link_level': {}, 'path_level': {}}",[],-inf,-inf,True,True,False,0,[],0,0.0,,
78,13,4,712.0,1883.0,538784.9720243152,1612564.4491289428,0.37812002124269783,0.3341168610751341,26,141,1,1939.0,8104,4401,3703,0.019821826280623567,0.16202760805612126,77,25.494573695948763,1939.0,4,3,False,"{0: np.int64(25), 1: np.int64(15), 2: np.int64(50), 3: np.int64(36)}","{(0, 1): []}","{(0, np.int64(25)): {'cpu': 13}, (1, np.int64(15)): {'cpu': 17}, (2, np.int64(50)): {'cpu': 0}, (3, np.int64(36)): {'cpu': 14}}",{},0.0,0.0,88.0,44.0,87.0,0.0,0.0,0.0,0.0,0.0,0.0,0.0,0.0,0.0,Route Failure,100.0,"{'node_level': {}, 'link_level': {}, 'path_level': {}}","{'node_level': {0: {'cpu': -51}, 1: {'cpu': -58}, 2: {'cpu': -57}, 3: {'cpu': -77}}, 'link_level': {(0, 1): {'bw': 100.0}}, 'path_level': {(0, 1): {}}}","{'node_level': {0: {'cpu': 0}, 1: {'cpu': 0}, 2: {'cpu': 0}, 3: {'cpu': 0}}, 'link_level': {(0, 1): {'bw': 100.0}}, 'path_level': {(0, 1): {}}}",[],-inf,-inf,True,False,False,0,[],0,0.0,4.0,1.0
79,13,4,712.0,1883.0,538784.9720243152,1612564.4491289428,0.37812002124269783,0.3341168610751341,26,142,1,1961.0,8104,4401,3703,0.019821826280623567,0.16202760805612126,78,254.9257918479843,1961.0,7,10,False,"{0: np.int64(5), 1: np.int64(31), 2: np.int64(37), 3: np.int64(13), 4: np.int64(45), 5: np.int64(24), 6: np.int64(16)}","{(0, 1): []}","{(0, np.int64(5)): {'cpu': 7}, (1, np.int64(31)): {'cpu': 11}, (2, np.int64(37)): {'cpu': 7}, (3, np.int64(13)): {'cpu': 6}, (4, np.int64(45)): {'cpu': 10}, (5, np.int64(24)): {'cpu': 4}, (6, np.int64(16)): {'cpu': 16}}",{},0.0,0.0,122.0,61.0,229.0,0.0,0.0,0.0,0.0,0.0,0.0,0.0,0.0,0.0,Route Failure,100.0,"{'node_level': {}, 'link_level': {}, 'path_level': {}}","{'node_level': {0: {'cpu': -54}, 1: {'cpu': -88}, 2: {'cpu': -52}, 3: {'cpu': -89}, 4: {'cpu': -53}, 5: {'cpu': -75}, 6: {'cpu': -84}}, 'link_level': {(0, 1): {'bw': 100.0}}, 'path_level': {(0, 1): {}}}","{'node_level': {0: {'cpu': 0}, 1: {'cpu': 0}, 2: {'cpu': 0}, 3: {'cpu': 0}, 4: {'cpu': 0}, 5: {'cpu': 0}, 6: {'cpu': 0}}, 'link_level': {(0, 1): {'bw': 100.0}}, 'path_level': {(0, 1): {}}}",[],-inf,-inf,True,False,False,0,[],0,0.0,7.0,1.0
79,13,4,712.0,1883.0,538784.9720243152,1612564.4491289428,0.37812002124269783,0.3341168610751341,26,143,0,1964.4945736959487,8104,4401,3703,0.019821826280623567,0.16202760805612126,77,25.494573695948763,1939.0,4,3,False,{},{},{},{},0.0,0.0,0.0,0.0,0.0,0.0,0.0,0.0,0.0,0.0,0.0,0.0,0.0,0.0,Leave Event,0.0,"{'node_level': {}, 'link_level': {}, 'path_level': {}}","{'node_level': {}, 'link_level': {}, 'path_level': {}}","{'node_level': {}, 'link_level': {}, 'path_level': {}}",[],-inf,-inf,True,True,False,0,[],0,0.0,,
80,13,4,712.0,1883.0,538784.9720243152,1612564.4491289428,0.37812002124269783,0.3341168610751341,26,144,1,1988.0,8104,4401,3703,0.019821826280623567,0.16202760805612126,79,430.0780422877307,1988.0,9,21,False,"{0: np.int64(2), 1: np.int64(47), 2: np.int64(30), 3: np.int64(22), 4: np.int64(0), 5: np.int64(28), 6: np.int64(6), 7: np.int64(35), 8: np.int64(7)}","{(0, 1): [(np.int64(2), 0), (0, 1), (1, 3), (3, 7), (7, 15), (15, 47)], (0, 4): [(np.int64(2), 0)], (0, 5): [(np.int64(2), 6), (6, 13), (13, 28)], (0, 6): []}","{(0, np.int64(2)): {'cpu': 1}, (1, np.int64(47)): {'cpu': 7}, (2, np.int64(30)): {'cpu': 2}, (3, np.int64(22)): {'cpu': 4}, (4, np.int64(0)): {'cpu': 0}, (5, np.int64(28)): {'cpu': 20}, (6, np.int64(6)): {'cpu': 3}, (7, np.int64(35)): {'cpu': 3}, (8, np.int64(7)): {'cpu': 17}}","{((0, 1), (np.int64(2), 0)): {'bw': 17}, ((0, 1), (0, 1)): {'bw': 17}, ((0, 1), (1, 3)): {'bw': 17}, ((0, 1), (3, 7)): {'bw': 17}, ((0, 1), (7, 15)): {'bw': 17}, ((0, 1), (15, 47)): {'bw': 17}, ((0, 4), (np.int64(2), 0)): {'bw': 43}, ((0, 5), (np.int64(2), 6)): {'bw': 31}, ((0, 5), (6, 13)): {'bw': 31}, ((0, 5), (13, 28)): {'bw': 31}}",0.0,0.0,114.0,57.0,494.0,0.0,0.0,0.0,0.0,0.0,0.0,0.0,0.0,0.0,Route Failure,100.0,"{'node_level': {}, 'link_level': {}, 'path_level': {}}","{'node_level': {0: {'cpu': -60}, 1: {'cpu': -85}, 2: {'cpu': -87}, 3: {'cpu': -58}, 4: {'cpu': -87}, 5: {'cpu': -43}, 6: {'cpu': -52}, 7: {'cpu': -60}, 8: {'cpu': -48}}, 'link_level': {(0, 1): {'bw': -12}, (0, 4): {'bw': -14}, (0, 5): {'bw': -6}, (0, 6): {'bw': 100.0}}, 'path_level': {(0, 1): {}, (0, 4): {}, (0, 5): {}, (0, 6): {}}}","{'node_level': {0: {'cpu': 0}, 1: {'cpu': 0}, 2: {'cpu': 0}, 3: {'cpu': 0}, 4: {'cpu': 0}, 5: {'cpu': 0}, 6: {'cpu': 0}, 7: {'cpu': 0}, 8: {'cpu': 0}}, 'link_level': {(0, 1): {'bw': 0}, (0, 4): {'bw': 0}, (0, 5): {'bw': 0}, (0, 6): {'bw': 100.0}}, 'path_level': {(0, 1): {}, (0, 4): {}, (0, 5): {}, (0, 6): {}}}",[],-inf,-inf,True,False,False,0,[],0,0.0,9.0,4.0
81,13,4,712.0,1883.0,538784.9720243152,1612564.4491289428,0.37812002124269783,0.3341168610751341,26,145,1,2018.0,8104,4401,3703,0.019821826280623567,0.16202760805612126,80,1010.6521937181047,2018.0,10,27,False,"{0: np.int64(17), 1: np.int64(14), 2: np.int64(36), 3: np.int64(20), 4: np.int64(24), 5: np.int64(58), 6: np.int64(30), 7: np.int64(32), 8: np.int64(37), 9: np.int64(9)}","{(0, 2): []}","{(0, np.int64(17)): {'cpu': 17}, (1, np.int64(14)): {'cpu': 3}, (2, np.int64(36)): {'cpu': 0}, (3, np.int64(20)): {'cpu': 8}, (4, np.int64(24)): {'cpu': 14}, (5, np.int64(58)): {'cpu': 20}, (6, np.int64(30)): {'cpu': 16}, (7, np.int64(32)): {'cpu': 15}, (8, np.int64(37)): {'cpu': 19}, (9, np.int64(9)): {'cpu': 4}}",{},0.0,0.0,232.0,116.0,556.0,0.0,0.0,0.0,0.0,0.0,0.0,0.0,0.0,0.0,Route Failure,100.0,"{'node_level': {}, 'link_level': {}, 'path_level': {}}","{'node_level': {0: {'cpu': -53}, 1: {'cpu': -53}, 2: {'cpu': -91}, 3: {'cpu': -62}, 4: {'cpu': -65}, 5: {'cpu': -79}, 6: {'cpu': -73}, 7: {'cpu': -65}, 8: {'cpu': -40}, 9: {'cpu': -62}}, 'link_level': {(0, 2): {'bw': 100.0}}, 'path_level': {(0, 2): {}}}","{'node_level': {0: {'cpu': 0}, 1: {'cpu': 0}, 2: {'cpu': 0}, 3: {'cpu': 0}, 4: {'cpu': 0}, 5: {'cpu': 0}, 6: {'cpu': 0}, 7: {'cpu': 0}, 8: {'cpu': 0}, 9: {'cpu': 0}}, 'link_level': {(0, 2): {'bw': 100.0}}, 'path_level': {(0, 2): {}}}",[],-inf,-inf,True,False,False,0,[],0,0.0,10.0,1.0
81,13,4,712.0,1883.0,538784.9720243152,1612564.4491289428,0.37812002124269783,0.3341168610751341,26,146,0,2020.2714980042147,8104,4401,3703,0.019821826280623567,0.16202760805612126,62,430.2714980042148,1590.0,9,15,False,{},{},{},{},0.0,0.0,0.0,0.0,0.0,0.0,0.0,0.0,0.0,0.0,0.0,0.0,0.0,0.0,Leave Event,0.0,"{'node_level': {}, 'link_level': {}, 'path_level': {}}","{'node_level': {}, 'link_level': {}, 'path_level': {}}","{'node_level': {}, 'link_level': {}, 'path_level': {}}",[],-inf,-inf,True,True,False,0,[],0,0.0,,
82,13,4,712.0,1883.0,538784.9720243152,1612564.4491289428,0.37812002124269783,0.3341168610751341,26,147,1,2042.0,8104,4401,3703,0.019821826280623567,0.16202760805612126,81,771.2688356656797,2042.0,6,5,False,"{0: np.int64(33), 1: np.int64(49), 2: np.int64(30), 3: np.int64(44), 4: np.int64(62), 5: np.int64(3)}","{(0, 1): [(np.int64(33), 17), (17, 49)], (0, 3): [(np.int64(33), 17), (17, 8), (8, 3), (3, 1), (1, 0), (0, 2), (2, 6), (6, 13), (13, 28), (28, 44)], (0, 5): []}","{(0, np.int64(33)): {'cpu': 19}, (1, np.int64(49)): {'cpu': 14}, (2, np.int64(30)): {'cpu': 13}, (3, np.int64(44)): {'cpu': 1}, (4, np.int64(62)): {'cpu': 18}, (5, np.int64(3)): {'cpu': 17}}","{((0, 1), (np.int64(33), 17)): {'bw': 11}, ((0, 1), (17, 49)): {'bw': 11}, ((0, 3), (np.int64(33), 17)): {'bw': 28}, ((0, 3), (17, 8)): {'bw': 28}, ((0, 3), (8, 3)): {'bw': 28}, ((0, 3), (3, 1)): {'bw': 28}, ((0, 3), (1, 0)): {'bw': 28}, ((0, 3), (0, 2)): {'bw': 28}, ((0, 3), (2, 6)): {'bw': 28}, ((0, 3), (6, 13)): {'bw': 28}, ((0, 3), (13, 28)): {'bw': 28}, ((0, 3), (28, 44)): {'bw': 28}}",0.0,0.0,164.0,82.0,129.0,0.0,0.0,0.0,0.0,0.0,0.0,0.0,0.0,0.0,Route Failure,100.0,"{'node_level': {}, 'link_level': {}, 'path_level': {}}","{'node_level': {0: {'cpu': -63}, 1: {'cpu': -59}, 2: {'cpu': -76}, 3: {'cpu': -73}, 4: {'cpu': -48}, 5: {'cpu': -41}}, 'link_level': {(0, 1): {'bw': -44}, (0, 3): {'bw': -1}, (0, 5): {'bw': 100.0}}, 'path_level': {(0, 1): {}, (0, 3): {}, (0, 5): {}}}","{'node_level': {0: {'cpu': 0}, 1: {'cpu': 0}, 2: {'cpu': 0}, 3: {'cpu': 0}, 4: {'cpu': 0}, 5: {'cpu': 0}}, 'link_level': {(0, 1): {'bw': 0}, (0, 3): {'bw': 0}, (0, 5): {'bw': 100.0}}, 'path_level': {(0, 1): {}, (0, 3): {}, (0, 5): {}}}",[],-inf,-inf,True,False,False,0,[],0,0.0,6.0,3.0
83,13,4,712.0,1883.0,538784.9720243152,1612564.4491289428,0.37812002124269783,0.3341168610751341,26,148,1,2068.0,8104,4401,3703,0.019821826280623567,0.16202760805612126,82,146.986076211591,2068.0,6,8,False,"{0: np.int64(44), 1: np.int64(43), 2: np.int64(33), 3: np.int64(2), 4: np.int64(13), 5: np.int64(1)}","{(0, 2): [(np.int64(44), 28), (28, 13), (13, 6), (6, 2), (2, 0), (0, 1), (1, 3), (3, 8), (8, 17), (17, 33)], (0, 4): []}","{(0, np.int64(44)): {'cpu': 3}, (1, np.int64(43)): {'cpu': 10}, (2, np.int64(33)): {'cpu': 12}, (3, np.int64(2)): {'cpu': 0}, (4, np.int64(13)): {'cpu': 6}, (5, np.int64(1)): {'cpu': 18}}","{((0, 2), (np.int64(44), 28)): {'bw': 29}, ((0, 2), (28, 13)): {'bw': 29}, ((0, 2), (13, 6)): {'bw': 29}, ((0, 2), (6, 2)): {'bw': 29}, ((0, 2), (2, 0)): {'bw': 29}, ((0, 2), (0, 1)): {'bw': 29}, ((0, 2), (1, 3)): {'bw': 29}, ((0, 2), (3, 8)): {'bw': 29}, ((0, 2), (8, 17)): {'bw': 29}, ((0, 2), (17, 33)): {'bw': 29}}",0.0,0.0,98.0,49.0,266.0,0.0,0.0,0.0,0.0,0.0,0.0,0.0,0.0,0.0,Route Failure,100.0,"{'node_level': {}, 'link_level': {}, 'path_level': {}}","{'node_level': {0: {'cpu': -71}, 1: {'cpu': -48}, 2: {'cpu': -70}, 3: {'cpu': -61}, 4: {'cpu': -89}, 5: {'cpu': -75}}, 'link_level': {(0, 2): {'bw': 0}, (0, 4): {'bw': 100.0}}, 'path_level': {(0, 2): {}, (0, 4): {}}}","{'node_level': {0: {'cpu': 0}, 1: {'cpu': 0}, 2: {'cpu': 0}, 3: {'cpu': 0}, 4: {'cpu': 0}, 5: {'cpu': 0}}, 'link_level': {(0, 2): {'bw': 0}, (0, 4): {'bw': 100.0}}, 'path_level': {(0, 2): {}, (0, 4): {}}}",[],-inf,-inf,True,False,False,0,[],0,0.0,6.0,2.0
84,13,4,712.0,1883.0,538784.9720243152,1612564.4491289428,0.37812002124269783,0.3341168610751341,26,149,1,2089.0,8104,4401,3703,0.019821826280623567,0.16202760805612126,83,42.917801169367394,2089.0,9,17,False,"{0: np.int64(50), 1: np.int64(61), 2: np.int64(60), 3: np.int64(41), 4: np.int64(12), 5: np.int64(17), 6: np.int64(36), 7: np.int64(52), 8: np.int64(47)}","{(0, 5): [(np.int64(50), 18), (18, 8), (8, 17)], (0, 6): []}","{(0, np.int64(50)): {'cpu': 16}, (1, np.int64(61)): {'cpu': 13}, (2, np.int64(60)): {'cpu': 16}, (3, np.int64(41)): {'cpu': 0}, (4, np.int64(12)): {'cpu': 6}, (5, np.int64(17)): {'cpu': 7}, (6, np.int64(36)): {'cpu': 5}, (7, np.int64(52)): {'cpu': 15}, (8, np.int64(47)): {'cpu': 13}}","{((0, 5), (np.int64(50), 18)): {'bw': 16}, ((0, 5), (18, 8)): {'bw': 16}, ((0, 5), (8, 17)): {'bw': 16}}",0.0,0.0,182.0,91.0,497.0,0.0,0.0,0.0,0.0,0.0,0.0,0.0,0.0,0.0,Route Failure,100.0,"{'node_level': {}, 'link_level': {}, 'path_level': {}}","{'node_level': {0: {'cpu': -41}, 1: {'cpu': -63}, 2: {'cpu': -32}, 3: {'cpu': -50}, 4: {'cpu': -51}, 5: {'cpu': -63}, 6: {'cpu': -86}, 7: {'cpu': -41}, 8: {'cpu': -79}}, 'link_level': {(0, 5): {'bw': -32}, (0, 6): {'bw': 100.0}}, 'path_level': {(0, 5): {}, (0, 6): {}}}","{'node_level': {0: {'cpu': 0}, 1: {'cpu': 0}, 2: {'cpu': 0}, 3: {'cpu': 0}, 4: {'cpu': 0}, 5: {'cpu': 0}, 6: {'cpu': 0}, 7: {'cpu': 0}, 8: {'cpu': 0}}, 'link_level': {(0, 5): {'bw': 0}, (0, 6): {'bw': 100.0}}, 'path_level': {(0, 5): {}, (0, 6): {}}}",[],-inf,-inf,True,False,False,0,[],0,0.0,9.0,2.0
84,13,4,712.0,1883.0,538784.9720243152,1612564.4491289428,0.37812002124269783,0.3341168610751341,26,150,0,2105.469424680723,8104,4401,3703,0.019821826280623567,0.16202760805612126,30,1296.4694246807228,809.0,9,18,False,{},{},{},{},0.0,0.0,0.0,0.0,0.0,0.0,0.0,0.0,0.0,0.0,0.0,0.0,0.0,0.0,Leave Event,0.0,"{'node_level': {}, 'link_level': {}, 'path_level': {}}","{'node_level': {}, 'link_level': {}, 'path_level': {}}","{'node_level': {}, 'link_level': {}, 'path_level': {}}",[],-inf,-inf,True,True,False,0,[],0,0.0,,
85,13,4,712.0,1883.0,538784.9720243152,1612564.4491289428,0.37812002124269783,0.3341168610751341,26,151,1,2110.0,8104,4401,3703,0.019821826280623567,0.16202760805612126,84,85.84275994072463,2110.0,9,19,False,"{0: np.int64(3), 1: np.int64(2), 2: np.int64(51), 3: np.int64(40), 4: np.int64(19), 5: np.int64(59), 6: np.int64(12), 7: np.int64(49), 8: np.int64(38)}","{(0, 1): [(np.int64(3), 1), (1, 0), (0, 2)], (0, 5): [(np.int64(3), 1), (1, 0), (0, 2), (2, 6), (6, 13), (13, 27), (27, 59)], (0, 7): [(np.int64(3), 8), (8, 17), (17, 49)], (1, 2): []}","{(0, np.int64(3)): {'cpu': 1}, (1, np.int64(2)): {'cpu': 0}, (2, np.int64(51)): {'cpu': 10}, (3, np.int64(40)): {'cpu': 18}, (4, np.int64(19)): {'cpu': 2}, (5, np.int64(59)): {'cpu': 15}, (6, np.int64(12)): {'cpu': 6}, (7, np.int64(49)): {'cpu': 11}, (8, np.int64(38)): {'cpu': 7}}","{((0, 1), (np.int64(3), 1)): {'bw': 20}, ((0, 1), (1, 0)): {'bw': 20}, ((0, 1), (0, 2)): {'bw': 20}, ((0, 5), (np.int64(3), 1)): {'bw': 1}, ((0, 5), (1, 0)): {'bw': 1}, ((0, 5), (0, 2)): {'bw': 1}, ((0, 5), (2, 6)): {'bw': 1}, ((0, 5), (6, 13)): {'bw': 1}, ((0, 5), (13, 27)): {'bw': 1}, ((0, 5), (27, 59)): {'bw': 1}, ((0, 7), (np.int64(3), 8)): {'bw': 0}, ((0, 7), (8, 17)): {'bw': 0}, ((0, 7), (17, 49)): {'bw': 0}}",0.0,0.0,140.0,70.0,364.0,0.0,0.0,0.0,0.0,0.0,0.0,0.0,0.0,0.0,Route Failure,100.0,"{'node_level': {}, 'link_level': {}, 'path_level': {}}","{'node_level': {0: {'cpu': -57}, 1: {'cpu': -61}, 2: {'cpu': -43}, 3: {'cpu': -33}, 4: {'cpu': -66}, 5: {'cpu': -78}, 6: {'cpu': -51}, 7: {'cpu': -62}, 8: {'cpu': -50}}, 'link_level': {(0, 1): {'bw': -9}, (0, 5): {'bw': -8}, (0, 7): {'bw': -48}, (1, 2): {'bw': 100.0}}, 'path_level': {(0, 1): {}, (0, 5): {}, (0, 7): {}, (1, 2): {}}}","{'node_level': {0: {'cpu': 0}, 1: {'cpu': 0}, 2: {'cpu': 0}, 3: {'cpu': 0}, 4: {'cpu': 0}, 5: {'cpu': 0}, 6: {'cpu': 0}, 7: {'cpu': 0}, 8: {'cpu': 0}}, 'link_level': {(0, 1): {'bw': 0}, (0, 5): {'bw': 0}, (0, 7): {'bw': 0}, (1, 2): {'bw': 100.0}}, 'path_level': {(0, 1): {}, (0, 5): {}, (0, 7): {}, (1, 2): {}}}",[],-inf,-inf,True,False,False,0,[],0,0.0,9.0,4.0
85,13,4,712.0,1883.0,538784.9720243152,1612564.4491289428,0.37812002124269783,0.3341168610751341,26,152,0,2131.9178011693675,8104,4401,3703,0.019821826280623567,0.16202760805612126,83,42.917801169367394,2089.0,9,17,False,{},{},{},{},0.0,0.0,0.0,0.0,0.0,0.0,0.0,0.0,0.0,0.0,0.0,0.0,0.0,0.0,Leave Event,0.0,"{'node_level': {}, 'link_level': {}, 'path_level': {}}","{'node_level': {}, 'link_level': {}, 'path_level': {}}","{'node_level': {}, 'link_level': {}, 'path_level': {}}",[],-inf,-inf,True,True,False,0,[],0,0.0,,
86,13,4,712.0,1883.0,538784.9720243152,1612564.4491289428,0.37812002124269783,0.3341168610751341,26,153,1,2133.0,8104,4401,3703,0.019821826280623567,0.16202760805612126,85,117.54030859813712,2133.0,6,8,False,"{0: np.int64(21), 1: np.int64(35), 2: np.int64(47), 3: np.int64(36), 4: np.int64(17), 5: np.int64(40)}","{(0, 1): []}","{(0, np.int64(21)): {'cpu': 11}, (1, np.int64(35)): {'cpu': 12}, (2, np.int64(47)): {'cpu': 8}, (3, np.int64(36)): {'cpu': 4}, (4, np.int64(17)): {'cpu': 17}, (5, np.int64(40)): {'cpu': 20}}",{},0.0,0.0,144.0,72.0,199.0,0.0,0.0,0.0,0.0,0.0,0.0,0.0,0.0,0.0,Route Failure,100.0,"{'node_level': {}, 'link_level': {}, 'path_level': {}}","{'node_level': {0: {'cpu': -50}, 1: {'cpu': -51}, 2: {'cpu': -84}, 3: {'cpu': -87}, 4: {'cpu': -53}, 5: {'cpu': -31}}, 'link_level': {(0, 1): {'bw': 100.0}}, 'path_level': {(0, 1): {}}}","{'node_level': {0: {'cpu': 0}, 1: {'cpu': 0}, 2: {'cpu': 0}, 3: {'cpu': 0}, 4: {'cpu': 0}, 5: {'cpu': 0}}, 'link_level': {(0, 1): {'bw': 100.0}}, 'path_level': {(0, 1): {}}}",[],-inf,-inf,True,False,False,0,[],0,0.0,6.0,1.0
87,14,5,740.0,1965.0,546348.1207047309,1634713.6702644457,0.37659033078880405,0.3342164017117131,28,154,1,2164.0,8022,4391,3631,0.022048997772828538,0.17832088707852456,86,270.11245287198767,2164.0,2,1,True,"{0: np.int64(54), 1: np.int64(37)}","{(0, 1): [(np.int64(54), 22), (22, 10), (10, 21), (21, 37)]}","{(0, np.int64(54)): {'cpu': 8}, (1, np.int64(37)): {'cpu': 2}}","{((0, 1), (np.int64(54), 22)): {'bw': 18}, ((0, 1), (22, 10)): {'bw': 18}, ((0, 1), (10, 21)): {'bw': 18}, ((0, 1), (21, 37)): {'bw': 18}}",82.0,28.0,20.0,10.0,18.0,10.0,18.0,10.0,72.0,54.0,0.34146341463414637,22149.22113550299,7563.148680415655,92.23352049287385,Success,0.0,"{'node_level': {}, 'link_level': {}, 'path_level': {}}","{'node_level': {0: {'cpu': -91}, 1: {'cpu': -57}}, 'link_level': {(0, 1): {'bw': -23}}, 'path_level': {(0, 1): {}}}","{'node_level': {0: {'cpu': 0}, 1: {'cpu': 0}}, 'link_level': {(0, 1): {'bw': 0}}, 'path_level': {(0, 1): {}}}",[],-inf,-inf,True,True,False,0,[],0,0.0,2.0,1.0
87,14,5,740.0,1965.0,546348.1207047309,1634713.6702644457,0.37659033078880405,0.3342164017117131,28,155,0,2185.220376148036,8022,4391,3631,0.022048997772828538,0.17832088707852456,33,1304.220376148036,881.0,7,12,False,{},{},{},{},0.0,0.0,0.0,0.0,0.0,0.0,0.0,0.0,0.0,0.0,0.0,0.0,0.0,0.0,Leave Event,0.0,"{'node_level': {}, 'link_level': {}, 'path_level': {}}","{'node_level': {}, 'link_level': {}, 'path_level': {}}","{'node_level': {}, 'link_level': {}, 'path_level': {}}",[],-inf,-inf,True,True,False,0,[],0,0.0,,
87,14,5,740.0,1965.0,546348.1207047309,1634713.6702644457,0.37659033078880405,0.3342164017117131,28,156,0,2195.8427599407246,8022,4391,3631,0.022048997772828538,0.17832088707852456,84,85.84275994072463,2110.0,9,19,False,{},{},{},{},0.0,0.0,0.0,0.0,0.0,0.0,0.0,0.0,0.0,0.0,0.0,0.0,0.0,0.0,Leave Event,0.0,"{'node_level': {}, 'link_level': {}, 'path_level': {}}","{'node_level': {}, 'link_level': {}, 'path_level': {}}","{'node_level': {}, 'link_level': {}, 'path_level': {}}",[],-inf,-inf,True,True,False,0,[],0,0.0,,
87,14,5,740.0,1965.0,546348.1207047309,1634713.6702644457,0.37659033078880405,0.3342164017117131,28,157,0,2205.518566808705,8022,4391,3631,0.022048997772828538,0.17832088707852456,72,392.5185668087049,1813.0,10,25,False,{},{},{},{},0.0,0.0,0.0,0.0,0.0,0.0,0.0,0.0,0.0,0.0,0.0,0.0,0.0,0.0,Leave Event,0.0,"{'node_level': {}, 'link_level': {}, 'path_level': {}}","{'node_level': {}, 'link_level': {}, 'path_level': {}}","{'node_level': {}, 'link_level': {}, 'path_level': {}}",[],-inf,-inf,True,True,False,0,[],0,0.0,,
88,15,6,849.0,2293.0,569632.4498829825,1704780.2754980838,0.37025730484081987,0.33413833915725805,29,158,1,2207.0,7694,4351,3343,0.03095768374164809,0.24349400316813763,87,213.61769888304292,2207.0,4,4,True,"{0: np.int64(34), 1: np.int64(14), 2: np.int64(49), 3: np.int64(13)}","{(0, 2): [(np.int64(34), 18), (18, 8), (8, 17), (17, 49)], (0, 3): [(np.int64(34), 18), (18, 8), (8, 3), (3, 1), (1, 0), (0, 2), (2, 6), (6, 13)], (1, 3): [(np.int64(14), 6), (6, 13)], (2, 3): [(np.int64(49), 17), (17, 8), (8, 3), (3, 1), (1, 0), (0, 2), (2, 6), (6, 13)]}","{(0, np.int64(34)): {'cpu': 3}, (1, np.int64(14)): {'cpu': 5}, (2, np.int64(49)): {'cpu': 18}, (3, np.int64(13)): {'cpu': 14}}","{((0, 2), (np.int64(34), 18)): {'bw': 15}, ((0, 2), (18, 8)): {'bw': 15}, ((0, 2), (8, 17)): {'bw': 15}, ((0, 2), (17, 49)): {'bw': 15}, ((0, 3), (np.int64(34), 18)): {'bw': 3}, ((0, 3), (18, 8)): {'bw': 3}, ((0, 3), (8, 3)): {'bw': 3}, ((0, 3), (3, 1)): {'bw': 3}, ((0, 3), (1, 0)): {'bw': 3}, ((0, 3), (0, 2)): {'bw': 3}, ((0, 3), (2, 6)): {'bw': 3}, ((0, 3), (6, 13)): {'bw': 3}, ((1, 3), (np.int64(14), 6)): {'bw': 34}, ((1, 3), (6, 13)): {'bw': 34}, ((2, 3), (np.int64(49), 17)): {'bw': 17}, ((2, 3), (17, 8)): {'bw': 17}, ((2, 3), (8, 3)): {'bw': 17}, ((2, 3), (3, 1)): {'bw': 17}, ((2, 3), (1, 0)): {'bw': 17}, ((2, 3), (0, 2)): {'bw': 17}, ((2, 3), (2, 6)): {'bw': 17}, ((2, 3), (6, 13)): {'bw': 17}}",328.0,109.0,80.0,40.0,69.0,40.0,69.0,40.0,288.0,219.0,0.3323170731707317,70066.60523363808,23284.32917825168,70.98880847027951,Success,0.0,"{'node_level': {}, 'link_level': {}, 'path_level': {}}","{'node_level': {0: {'cpu': -51}, 1: {'cpu': -51}, 2: {'cpu': -55}, 3: {'cpu': -81}}, 'link_level': {(0, 2): {'bw': -33}, (0, 3): {'bw': -26}, (1, 3): {'bw': -21}, (2, 3): {'bw': -4}}, 'path_level': {(0, 2): {}, (0, 3): {}, (1, 3): {}, (2, 3): {}}}","{'node_level': {0: {'cpu': 0}, 1: {'cpu': 0}, 2: {'cpu': 0}, 3: {'cpu': 0}}, 'link_level': {(0, 2): {'bw': 0}, (0, 3): {'bw': 0}, (1, 3): {'bw': 0}, (2, 3): {'bw': 0}}, 'path_level': {(0, 2): {}, (0, 3): {}, (1, 3): {}, (2, 3): {}}}",[],-inf,-inf,True,True,False,0,[],0,0.0,4.0,4.0
88,15,6,849.0,2293.0,569632.4498829825,1704780.2754980838,0.37025730484081987,0.33413833915725805,29,159,0,2214.986076211591,7694,4351,3343,0.03095768374164809,0.24349400316813763,82,146.986076211591,2068.0,6,8,False,{},{},{},{},0.0,0.0,0.0,0.0,0.0,0.0,0.0,0.0,0.0,0.0,0.0,0.0,0.0,0.0,Leave Event,0.0,"{'node_level': {}, 'link_level': {}, 'path_level': {}}","{'node_level': {}, 'link_level': {}, 'path_level': {}}","{'node_level': {}, 'link_level': {}, 'path_level': {}}",[],-inf,-inf,True,True,False,0,[],0,0.0,,
88,15,6,849.0,2293.0,569632.4498829825,1704780.2754980838,0.37025730484081987,0.33413833915725805,29,160,0,2215.9257918479843,7694,4351,3343,0.03095768374164809,0.24349400316813763,78,254.9257918479843,1961.0,7,10,False,{},{},{},{},0.0,0.0,0.0,0.0,0.0,0.0,0.0,0.0,0.0,0.0,0.0,0.0,0.0,0.0,Leave Event,0.0,"{'node_level': {}, 'link_level': {}, 'path_level': {}}","{'node_level': {}, 'link_level': {}, 'path_level': {}}","{'node_level': {}, 'link_level': {}, 'path_level': {}}",[],-inf,-inf,True,True,False,0,[],0,0.0,,
89,15,6,849.0,2293.0,569632.4498829825,1704780.2754980838,0.37025730484081987,0.33413833915725805,29,161,1,2226.0,7694,4351,3343,0.03095768374164809,0.24349400316813763,88,601.7931588689326,2226.0,2,1,False,"{0: np.int64(21), 1: np.int64(5)}","{(0, 1): []}","{(0, np.int64(21)): {'cpu': 0}, (1, np.int64(5)): {'cpu': 10}}",{},0.0,0.0,20.0,10.0,44.0,0.0,0.0,0.0,0.0,0.0,0.0,0.0,0.0,0.0,Route Failure,100.0,"{'node_level': {}, 'link_level': {}, 'path_level': {}}","{'node_level': {0: {'cpu': -61}, 1: {'cpu': -51}}, 'link_level': {(0, 1): {'bw': 100.0}}, 'path_level': {(0, 1): {}}}","{'node_level': {0: {'cpu': 0}, 1: {'cpu': 0}}, 'link_level': {(0, 1): {'bw': 100.0}}, 'path_level': {(0, 1): {}}}",[],-inf,-inf,True,False,False,0,[],0,0.0,2.0,1.0
89,15,6,849.0,2293.0,569632.4498829825,1704780.2754980838,0.37025730484081987,0.33413833915725805,29,162,0,2250.540308598137,7694,4351,3343,0.03095768374164809,0.24349400316813763,85,117.54030859813712,2133.0,6,8,False,{},{},{},{},0.0,0.0,0.0,0.0,0.0,0.0,0.0,0.0,0.0,0.0,0.0,0.0,0.0,0.0,Leave Event,0.0,"{'node_level': {}, 'link_level': {}, 'path_level': {}}","{'node_level': {}, 'link_level': {}, 'path_level': {}}","{'node_level': {}, 'link_level': {}, 'path_level': {}}",[],-inf,-inf,True,True,False,0,[],0,0.0,,
90,15,6,849.0,2293.0,569632.4498829825,1704780.2754980838,0.37025730484081987,0.33413833915725805,29,163,1,2252.0,7694,4351,3343,0.03095768374164809,0.24349400316813763,89,597.8526961120702,2252.0,9,22,False,"{0: np.int64(20), 1: np.int64(2), 2: np.int64(49), 3: np.int64(23), 4: np.int64(3), 5: np.int64(13), 6: np.int64(59), 7: np.int64(60), 8: np.int64(37)}","{(0, 1): []}","{(0, np.int64(20)): {'cpu': 10}, (1, np.int64(2)): {'cpu': 2}, (2, np.int64(49)): {'cpu': 14}, (3, np.int64(23)): {'cpu': 11}, (4, np.int64(3)): {'cpu': 12}, (5, np.int64(13)): {'cpu': 3}, (6, np.int64(59)): {'cpu': 10}, (7, np.int64(60)): {'cpu': 9}, (8, np.int64(37)): {'cpu': 4}}",{},0.0,0.0,150.0,75.0,567.0,0.0,0.0,0.0,0.0,0.0,0.0,0.0,0.0,0.0,Route Failure,100.0,"{'node_level': {}, 'link_level': {}, 'path_level': {}}","{'node_level': {0: {'cpu': -60}, 1: {'cpu': -59}, 2: {'cpu': -41}, 3: {'cpu': -67}, 4: {'cpu': -46}, 5: {'cpu': -78}, 6: {'cpu': -83}, 7: {'cpu': -39}, 8: {'cpu': -53}}, 'link_level': {(0, 1): {'bw': 100.0}}, 'path_level': {(0, 1): {}}}","{'node_level': {0: {'cpu': 0}, 1: {'cpu': 0}, 2: {'cpu': 0}, 3: {'cpu': 0}, 4: {'cpu': 0}, 5: {'cpu': 0}, 6: {'cpu': 0}, 7: {'cpu': 0}, 8: {'cpu': 0}}, 'link_level': {(0, 1): {'bw': 100.0}}, 'path_level': {(0, 1): {}}}",[],-inf,-inf,True,False,False,0,[],0,0.0,9.0,1.0
91,16,7,897.0,2447.0,571496.3642276315,1710760.3340204991,0.36657131181038005,0.3340598638294027,32,164,1,2277.0,7540,4337,3203,0.03407572383073498,0.27517537904503286,90,38.831548846852414,2277.0,3,2,True,"{0: np.int64(36), 1: np.int64(38), 2: np.int64(21)}","{(0, 2): [(np.int64(36), 20), (20, 9), (9, 4), (4, 10), (10, 21)], (1, 2): [(np.int64(38), 22), (22, 10), (10, 21)]}","{(0, np.int64(36)): {'cpu': 1}, (1, np.int64(38)): {'cpu': 6}, (2, np.int64(21)): {'cpu': 7}}","{((0, 2), (np.int64(36), 20)): {'bw': 19}, ((0, 2), (20, 9)): {'bw': 19}, ((0, 2), (9, 4)): {'bw': 19}, ((0, 2), (4, 10)): {'bw': 19}, ((0, 2), (10, 21)): {'bw': 19}, ((1, 2), (np.int64(38), 22)): {'bw': 15}, ((1, 2), (22, 10)): {'bw': 15}, ((1, 2), (10, 21)): {'bw': 15}}",154.0,48.0,28.0,14.0,34.0,14.0,34.0,14.0,140.0,106.0,0.3116883116883117,5980.058522415272,1863.9143446489159,12.103339900317636,Success,0.0,"{'node_level': {}, 'link_level': {}, 'path_level': {}}","{'node_level': {0: {'cpu': -90}, 1: {'cpu': -51}, 2: {'cpu': -54}}, 'link_level': {(0, 2): {'bw': -8}, (1, 2): {'bw': -8}}, 'path_level': {(0, 2): {}, (1, 2): {}}}","{'node_level': {0: {'cpu': 0}, 1: {'cpu': 0}, 2: {'cpu': 0}}, 'link_level': {(0, 2): {'bw': 0}, (1, 2): {'bw': 0}}, 'path_level': {(0, 2): {}, (1, 2): {}}}",[],-inf,-inf,True,True,False,0,[],0,0.0,3.0,2.0
91,16,7,897.0,2447.0,571496.3642276315,1710760.3340204991,0.36657131181038005,0.3340598638294027,32,165,0,2299.386347323038,7540,4337,3203,0.03407572383073498,0.27517537904503286,74,444.3863473230381,1855.0,6,11,False,{},{},{},{},0.0,0.0,0.0,0.0,0.0,0.0,0.0,0.0,0.0,0.0,0.0,0.0,0.0,0.0,Leave Event,0.0,"{'node_level': {}, 'link_level': {}, 'path_level': {}}","{'node_level': {}, 'link_level': {}, 'path_level': {}}","{'node_level': {}, 'link_level': {}, 'path_level': {}}",[],-inf,-inf,True,True,False,0,[],0,0.0,,
92,16,7,897.0,2447.0,571496.3642276315,1710760.3340204991,0.36657131181038005,0.3340598638294027,32,166,1,2304.0,7540,4337,3203,0.03407572383073498,0.27517537904503286,91,18.575673744648583,2304.0,9,16,False,"{0: np.int64(60), 1: np.int64(49), 2: np.int64(46), 3: np.int64(56), 4: np.int64(53), 5: np.int64(14), 6: np.int64(36), 7: np.int64(18), 8: np.int64(32)}","{(0, 3): []}","{(0, np.int64(60)): {'cpu': 17}, (1, np.int64(49)): {'cpu': 1}, (2, np.int64(46)): {'cpu': 15}, (3, np.int64(56)): {'cpu': 7}, (4, np.int64(53)): {'cpu': 2}, (5, np.int64(14)): {'cpu': 5}, (6, np.int64(36)): {'cpu': 20}, (7, np.int64(18)): {'cpu': 3}, (8, np.int64(32)): {'cpu': 6}}",{},0.0,0.0,152.0,76.0,428.0,0.0,0.0,0.0,0.0,0.0,0.0,0.0,0.0,0.0,Route Failure,100.0,"{'node_level': {}, 'link_level': {}, 'path_level': {}}","{'node_level': {0: {'cpu': -31}, 1: {'cpu': -54}, 2: {'cpu': -78}, 3: {'cpu': -47}, 4: {'cpu': -69}, 5: {'cpu': -46}, 6: {'cpu': -70}, 7: {'cpu': -84}, 8: {'cpu': -74}}, 'link_level': {(0, 3): {'bw': 100.0}}, 'path_level': {(0, 3): {}}}","{'node_level': {0: {'cpu': 0}, 1: {'cpu': 0}, 2: {'cpu': 0}, 3: {'cpu': 0}, 4: {'cpu': 0}, 5: {'cpu': 0}, 6: {'cpu': 0}, 7: {'cpu': 0}, 8: {'cpu': 0}}, 'link_level': {(0, 3): {'bw': 100.0}}, 'path_level': {(0, 3): {}}}",[],-inf,-inf,True,False,False,0,[],0,0.0,9.0,1.0
92,16,6,897.0,2447.0,571496.3642276315,1710760.3340204991,0.36657131181038005,0.3340598638294027,32,167,0,2315.8315488468525,7694,4351,3343,0.03095768374164809,0.24349400316813763,90,38.831548846852414,2277.0,3,2,False,{},{},{},{},0.0,0.0,0.0,0.0,0.0,0.0,0.0,0.0,0.0,0.0,0.0,0.0,0.0,0.0,Leave Event,0.0,"{'node_level': {}, 'link_level': {}, 'path_level': {}}","{'node_level': {}, 'link_level': {}, 'path_level': {}}","{'node_level': {}, 'link_level': {}, 'path_level': {}}",[],-inf,-inf,True,True,False,0,[],0,0.0,,
92,16,6,897.0,2447.0,571496.3642276315,1710760.3340204991,0.36657131181038005,0.3340598638294027,32,168,0,2322.5756737446486,7694,4351,3343,0.03095768374164809,0.24349400316813763,91,18.575673744648583,2304.0,9,16,False,{},{},{},{},0.0,0.0,0.0,0.0,0.0,0.0,0.0,0.0,0.0,0.0,0.0,0.0,0.0,0.0,Leave Event,0.0,"{'node_level': {}, 'link_level': {}, 'path_level': {}}","{'node_level': {}, 'link_level': {}, 'path_level': {}}","{'node_level': {}, 'link_level': {}, 'path_level': {}}",[],-inf,-inf,True,True,False,0,[],0,0.0,,
93,16,6,897.0,2447.0,571496.3642276315,1710760.3340204991,0.36657131181038005,0.3340598638294027,32,169,1,2323.0,7694,4351,3343,0.03095768374164809,0.24349400316813763,92,778.8969719741689,2323.0,10,25,False,"{0: np.int64(60), 1: np.int64(57), 2: np.int64(58), 3: np.int64(10), 4: np.int64(51), 5: np.int64(19), 6: np.int64(55), 7: np.int64(35), 8: np.int64(18), 9: np.int64(48)}","{(0, 4): []}","{(0, np.int64(60)): {'cpu': 3}, (1, np.int64(57)): {'cpu': 13}, (2, np.int64(58)): {'cpu': 8}, (3, np.int64(10)): {'cpu': 9}, (4, np.int64(51)): {'cpu': 10}, (5, np.int64(19)): {'cpu': 14}, (6, np.int64(55)): {'cpu': 11}, (7, np.int64(35)): {'cpu': 8}, (8, np.int64(18)): {'cpu': 10}, (9, np.int64(48)): {'cpu': 5}}",{},0.0,0.0,182.0,91.0,635.0,0.0,0.0,0.0,0.0,0.0,0.0,0.0,0.0,0.0,Route Failure,100.0,"{'node_level': {}, 'link_level': {}, 'path_level': {}}","{'node_level': {0: {'cpu': -45}, 1: {'cpu': -61}, 2: {'cpu': -91}, 3: {'cpu': -42}, 4: {'cpu': -43}, 5: {'cpu': -54}, 6: {'cpu': -42}, 7: {'cpu': -55}, 8: {'cpu': -77}, 9: {'cpu': -53}}, 'link_level': {(0, 4): {'bw': 100.0}}, 'path_level': {(0, 4): {}}}","{'node_level': {0: {'cpu': 0}, 1: {'cpu': 0}, 2: {'cpu': 0}, 3: {'cpu': 0}, 4: {'cpu': 0}, 5: {'cpu': 0}, 6: {'cpu': 0}, 7: {'cpu': 0}, 8: {'cpu': 0}, 9: {'cpu': 0}}, 'link_level': {(0, 4): {'bw': 100.0}}, 'path_level': {(0, 4): {}}}",[],-inf,-inf,True,False,False,0,[],0,0.0,10.0,1.0
94,16,6,897.0,2447.0,571496.3642276315,1710760.3340204991,0.36657131181038005,0.3340598638294027,32,170,1,2349.0,7694,4351,3343,0.03095768374164809,0.24349400316813763,93,1153.9423010009161,2349.0,6,8,False,"{0: np.int64(1), 1: np.int64(2), 2: np.int64(48), 3: np.int64(26), 4: np.int64(32), 5: np.int64(37)}","{(0, 2): [(np.int64(1), 3), (3, 7), (7, 16), (16, 48)], (0, 3): []}","{(0, np.int64(1)): {'cpu': 0}, (1, np.int64(2)): {'cpu': 5}, (2, np.int64(48)): {'cpu': 2}, (3, np.int64(26)): {'cpu': 8}, (4, np.int64(32)): {'cpu': 10}, (5, np.int64(37)): {'cpu': 18}}","{((0, 2), (np.int64(1), 3)): {'bw': 0}, ((0, 2), (3, 7)): {'bw': 0}, ((0, 2), (7, 16)): {'bw': 0}, ((0, 2), (16, 48)): {'bw': 0}}",0.0,0.0,86.0,43.0,187.0,0.0,0.0,0.0,0.0,0.0,0.0,0.0,0.0,0.0,Route Failure,100.0,"{'node_level': {}, 'link_level': {}, 'path_level': {}}","{'node_level': {0: {'cpu': -93}, 1: {'cpu': -56}, 2: {'cpu': -56}, 3: {'cpu': -92}, 4: {'cpu': -70}, 5: {'cpu': -39}}, 'link_level': {(0, 2): {'bw': -9}, (0, 3): {'bw': 100.0}}, 'path_level': {(0, 2): {}, (0, 3): {}}}","{'node_level': {0: {'cpu': 0}, 1: {'cpu': 0}, 2: {'cpu': 0}, 3: {'cpu': 0}, 4: {'cpu': 0}, 5: {'cpu': 0}}, 'link_level': {(0, 2): {'bw': 0}, (0, 3): {'bw': 100.0}}, 'path_level': {(0, 2): {}, (0, 3): {}}}",[],-inf,-inf,True,False,False,0,[],0,0.0,6.0,2.0
95,17,7,947.0,2577.0,571613.2197405597,1711064.1583541126,0.3674815677143966,0.3340688406975922,34,171,1,2374.0,7564,4341,3223,0.03318485523385306,0.2706494682054763,94,2.337110258564652,2374.0,2,1,True,"{0: np.int64(4), 1: np.int64(51)}","{(0, 1): [(np.int64(4), 9), (9, 19), (19, 51)]}","{(0, np.int64(4)): {'cpu': 0}, (1, np.int64(51)): {'cpu': 10}}","{((0, 1), (np.int64(4), 9)): {'bw': 40}, ((0, 1), (9, 19)): {'bw': 40}, ((0, 1), (19, 51)): {'bw': 40}}",130.0,50.0,20.0,10.0,40.0,10.0,40.0,10.0,120.0,80.0,0.38461538461538464,303.82433361340475,116.8555129282326,0.8988885609864047,Success,0.0,"{'node_level': {}, 'link_level': {}, 'path_level': {}}","{'node_level': {0: {'cpu': -59}, 1: {'cpu': -43}}, 'link_level': {(0, 1): {'bw': -33}}, 'path_level': {(0, 1): {}}}","{'node_level': {0: {'cpu': 0}, 1: {'cpu': 0}}, 'link_level': {(0, 1): {'bw': 0}}, 'path_level': {(0, 1): {}}}",[],-inf,-inf,True,True,False,0,[],0,0.0,2.0,1.0
95,17,6,947.0,2577.0,571613.2197405597,1711064.1583541126,0.3674815677143966,0.3340688406975922,34,172,0,2376.3371102585647,7694,4351,3343,0.03095768374164809,0.24349400316813763,94,2.337110258564652,2374.0,2,1,False,{},{},{},{},0.0,0.0,0.0,0.0,0.0,0.0,0.0,0.0,0.0,0.0,0.0,0.0,0.0,0.0,Leave Event,0.0,"{'node_level': {}, 'link_level': {}, 'path_level': {}}","{'node_level': {}, 'link_level': {}, 'path_level': {}}","{'node_level': {}, 'link_level': {}, 'path_level': {}}",[],-inf,-inf,True,True,False,0,[],0,0.0,,
96,18,7,1003.0,2693.0,580203.6598228532,1728858.6413817205,0.3724470850352766,0.3355992479287658,36,173,1,2399.0,7578,4331,3247,0.03541202672605792,0.2652183751980086,95,153.40071575524007,2399.0,3,2,True,"{0: np.int64(34), 1: np.int64(50), 2: np.int64(15)}","{(0, 1): [(np.int64(34), 18), (18, 50)], (0, 2): [(np.int64(34), 18), (18, 8), (8, 3), (3, 7), (7, 15)]}","{(0, np.int64(34)): {'cpu': 5}, (1, np.int64(50)): {'cpu': 7}, (2, np.int64(15)): {'cpu': 8}}","{((0, 1), (np.int64(34), 18)): {'bw': 28}, ((0, 1), (18, 50)): {'bw': 28}, ((0, 2), (np.int64(34), 18)): {'bw': 8}, ((0, 2), (18, 8)): {'bw': 8}, ((0, 2), (8, 3)): {'bw': 8}, ((0, 2), (3, 7)): {'bw': 8}, ((0, 2), (7, 15)): {'bw': 8}}",116.0,56.0,40.0,20.0,36.0,20.0,36.0,20.0,96.0,60.0,0.4827586206896552,17794.48302760785,8590.440082293444,74.05551795080555,Success,0.0,"{'node_level': {}, 'link_level': {}, 'path_level': {}}","{'node_level': {0: {'cpu': -46}, 1: {'cpu': -50}, 2: {'cpu': -67}}, 'link_level': {(0, 1): {'bw': -16}, (0, 2): {'bw': -8}}, 'path_level': {(0, 1): {}, (0, 2): {}}}","{'node_level': {0: {'cpu': 0}, 1: {'cpu': 0}, 2: {'cpu': 0}}, 'link_level': {(0, 1): {'bw': 0}, (0, 2): {'bw': 0}}, 'path_level': {(0, 1): {}, (0, 2): {}}}",[],-inf,-inf,True,True,False,0,[],0,0.0,3.0,2.0
96,18,7,1003.0,2693.0,580203.6598228532,1728858.6413817205,0.3724470850352766,0.3355992479287658,36,174,0,2418.0780422877306,7578,4331,3247,0.03541202672605792,0.2652183751980086,79,430.0780422877307,1988.0,9,21,False,{},{},{},{},0.0,0.0,0.0,0.0,0.0,0.0,0.0,0.0,0.0,0.0,0.0,0.0,0.0,0.0,Leave Event,0.0,"{'node_level': {}, 'link_level': {}, 'path_level': {}}","{'node_level': {}, 'link_level': {}, 'path_level': {}}","{'node_level': {}, 'link_level': {}, 'path_level': {}}",[],-inf,-inf,True,True,False,0,[],0,0.0,,
96,18,6,1003.0,2693.0,580203.6598228532,1728858.6413817205,0.3724470850352766,0.3355992479287658,36,175,0,2420.617698883043,7906,4371,3535,0.02650334075723826,0.20004525910839555,87,213.61769888304292,2207.0,4,4,False,{},{},{},{},0.0,0.0,0.0,0.0,0.0,0.0,0.0,0.0,0.0,0.0,0.0,0.0,0.0,0.0,Leave Event,0.0,"{'node_level': {}, 'link_level': {}, 'path_level': {}}","{'node_level': {}, 'link_level': {}, 'path_level': {}}","{'node_level': {}, 'link_level': {}, 'path_level': {}}",[],-inf,-inf,True,True,False,0,[],0,0.0,,
97,18,6,1003.0,2693.0,580203.6598228532,1728858.6413817205,0.3724470850352766,0.3355992479287658,36,176,1,2426.0,7906,4371,3535,0.02650334075723826,0.20004525910839555,96,314.9709935852405,2426.0,10,24,False,"{0: np.int64(19), 1: np.int64(35), 2: np.int64(17), 3: np.int64(52), 4: np.int64(14), 5: np.int64(44), 6: np.int64(7), 7: np.int64(34), 8: np.int64(21), 9: np.int64(56)}","{(0, 3): [(np.int64(19), 9), (9, 20), (20, 52)], (0, 5): []}","{(0, np.int64(19)): {'cpu': 4}, (1, np.int64(35)): {'cpu': 3}, (2, np.int64(17)): {'cpu': 3}, (3, np.int64(52)): {'cpu': 16}, (4, np.int64(14)): {'cpu': 15}, (5, np.int64(44)): {'cpu': 0}, (6, np.int64(7)): {'cpu': 19}, (7, np.int64(34)): {'cpu': 15}, (8, np.int64(21)): {'cpu': 7}, (9, np.int64(56)): {'cpu': 20}}","{((0, 3), (np.int64(19), 9)): {'bw': 9}, ((0, 3), (9, 20)): {'bw': 9}, ((0, 3), (20, 52)): {'bw': 9}}",0.0,0.0,204.0,102.0,529.0,0.0,0.0,0.0,0.0,0.0,0.0,0.0,0.0,0.0,Route Failure,100.0,"{'node_level': {}, 'link_level': {}, 'path_level': {}}","{'node_level': {0: {'cpu': -64}, 1: {'cpu': -60}, 2: {'cpu': -67}, 3: {'cpu': -40}, 4: {'cpu': -41}, 5: {'cpu': -74}, 6: {'cpu': -46}, 7: {'cpu': -34}, 8: {'cpu': -54}, 9: {'cpu': -34}}, 'link_level': {(0, 3): {'bw': -64}, (0, 5): {'bw': 100.0}}, 'path_level': {(0, 3): {}, (0, 5): {}}}","{'node_level': {0: {'cpu': 0}, 1: {'cpu': 0}, 2: {'cpu': 0}, 3: {'cpu': 0}, 4: {'cpu': 0}, 5: {'cpu': 0}, 6: {'cpu': 0}, 7: {'cpu': 0}, 8: {'cpu': 0}, 9: {'cpu': 0}}, 'link_level': {(0, 3): {'bw': 0}, (0, 5): {'bw': 100.0}}, 'path_level': {(0, 3): {}, (0, 5): {}}}",[],-inf,-inf,True,False,False,0,[],0,0.0,10.0,2.0
97,18,5,1003.0,2693.0,580203.6598228532,1728858.6413817205,0.3724470850352766,0.3355992479287658,36,177,0,2434.1124528719874,7988,4381,3607,0.024276169265033398,0.18375198008599236,86,270.11245287198767,2164.0,2,1,False,{},{},{},{},0.0,0.0,0.0,0.0,0.0,0.0,0.0,0.0,0.0,0.0,0.0,0.0,0.0,0.0,Leave Event,0.0,"{'node_level': {}, 'link_level': {}, 'path_level': {}}","{'node_level': {}, 'link_level': {}, 'path_level': {}}","{'node_level': {}, 'link_level': {}, 'path_level': {}}",[],-inf,-inf,True,True,False,0,[],0,0.0,,
97,18,5,1003.0,2693.0,580203.6598228532,1728858.6413817205,0.3724470850352766,0.3355992479287658,36,178,0,2443.420001959268,7988,4381,3607,0.024276169265033398,0.18375198008599236,52,1084.420001959268,1359.0,9,17,False,{},{},{},{},0.0,0.0,0.0,0.0,0.0,0.0,0.0,0.0,0.0,0.0,0.0,0.0,0.0,0.0,Leave Event,0.0,"{'node_level': {}, 'link_level': {}, 'path_level': {}}","{'node_level': {}, 'link_level': {}, 'path_level': {}}","{'node_level': {}, 'link_level': {}, 'path_level': {}}",[],-inf,-inf,True,True,False,0,[],0,0.0,,
98,18,5,1003.0,2693.0,580203.6598228532,1728858.6413817205,0.3724470850352766,0.3355992479287658,36,179,1,2449.0,7988,4381,3607,0.024276169265033398,0.18375198008599236,97,222.99997538922514,2449.0,4,4,False,"{0: np.int64(55), 1: np.int64(19), 2: np.int64(7), 3: np.int64(30)}","{(0, 1): []}","{(0, np.int64(55)): {'cpu': 11}, (1, np.int64(19)): {'cpu': 6}, (2, np.int64(7)): {'cpu': 9}, (3, np.int64(30)): {'cpu': 16}}",{},0.0,0.0,84.0,42.0,116.0,0.0,0.0,0.0,0.0,0.0,0.0,0.0,0.0,0.0,Route Failure,100.0,"{'node_level': {}, 'link_level': {}, 'path_level': {}}","{'node_level': {0: {'cpu': -42}, 1: {'cpu': -62}, 2: {'cpu': -56}, 3: {'cpu': -73}}, 'link_level': {(0, 1): {'bw': 100.0}}, 'path_level': {(0, 1): {}}}","{'node_level': {0: {'cpu': 0}, 1: {'cpu': 0}, 2: {'cpu': 0}, 3: {'cpu': 0}}, 'link_level': {(0, 1): {'bw': 100.0}}, 'path_level': {(0, 1): {}}}",[],-inf,-inf,True,False,False,0,[],0,0.0,4.0,1.0
99,18,5,1003.0,2693.0,580203.6598228532,1728858.6413817205,0.3724470850352766,0.3355992479287658,36,180,1,2473.0,7988,4381,3607,0.024276169265033398,0.18375198008599236,98,137.36162043052295,2473.0,5,4,False,"{0: np.int64(15), 1: np.int64(43), 2: np.int64(24), 3: np.int64(40), 4: np.int64(1)}","{(0, 4): []}","{(0, np.int64(15)): {'cpu': 12}, (1, np.int64(43)): {'cpu': 16}, (2, np.int64(24)): {'cpu': 17}, (3, np.int64(40)): {'cpu': 6}, (4, np.int64(1)): {'cpu': 19}}",{},0.0,0.0,140.0,70.0,109.0,0.0,0.0,0.0,0.0,0.0,0.0,0.0,0.0,0.0,Route Failure,100.0,"{'node_level': {}, 'link_level': {}, 'path_level': {}}","{'node_level': {0: {'cpu': -55}, 1: {'cpu': -42}, 2: {'cpu': -62}, 3: {'cpu': -45}, 4: {'cpu': -74}}, 'link_level': {(0, 4): {'bw': 100.0}}, 'path_level': {(0, 4): {}}}","{'node_level': {0: {'cpu': 0}, 1: {'cpu': 0}, 2: {'cpu': 0}, 3: {'cpu': 0}, 4: {'cpu': 0}}, 'link_level': {(0, 4): {'bw': 100.0}}, 'path_level': {(0, 4): {}}}",[],-inf,-inf,True,False,False,0,[],0,0.0,5.0,1.0
100,18,5,1003.0,2693.0,580203.6598228532,1728858.6413817205,0.3724470850352766,0.3355992479287658,36,181,1,2498.0,7988,4381,3607,0.024276169265033398,0.18375198008599236,99,11.720672384020066,2498.0,3,2,False,"{0: np.int64(20), 1: np.int64(39), 2: np.int64(7)}","{(0, 2): []}","{(0, np.int64(20)): {'cpu': 2}, (1, np.int64(39)): {'cpu': 19}, (2, np.int64(7)): {'cpu': 3}}",{},0.0,0.0,48.0,24.0,58.0,0.0,0.0,0.0,0.0,0.0,0.0,0.0,0.0,0.0,Route Failure,100.0,"{'node_level': {}, 'link_level': {}, 'path_level': {}}","{'node_level': {0: {'cpu': -68}, 1: {'cpu': -53}, 2: {'cpu': -62}}, 'link_level': {(0, 2): {'bw': 100.0}}, 'path_level': {(0, 2): {}}}","{'node_level': {0: {'cpu': 0}, 1: {'cpu': 0}, 2: {'cpu': 0}}, 'link_level': {(0, 2): {'bw': 100.0}}, 'path_level': {(0, 2): {}}}",[],-inf,-inf,True,False,False,0,[],0,0.0,3.0,1.0
100,18,5,1003.0,2693.0,580203.6598228532,1728858.6413817205,0.3724470850352766,0.3355992479287658,36,182,0,2509.72067238402,7988,4381,3607,0.024276169265033398,0.18375198008599236,99,11.720672384020066,2498.0,3,2,False,{},{},{},{},0.0,0.0,0.0,0.0,0.0,0.0,0.0,0.0,0.0,0.0,0.0,0.0,0.0,0.0,Leave Event,0.0,"{'node_level': {}, 'link_level': {}, 'path_level': {}}","{'node_level': {}, 'link_level': {}, 'path_level': {}}","{'node_level': {}, 'link_level': {}, 'path_level': {}}",[],-inf,-inf,True,True,False,0,[],0,0.0,,
101,18,5,1003.0,2693.0,580203.6598228532,1728858.6413817205,0.3724470850352766,0.3355992479287658,36,183,1,2520.0,7988,4381,3607,0.024276169265033398,0.18375198008599236,100,379.28903023472253,2520.0,4,3,False,"{0: np.int64(12), 1: np.int64(55), 2: np.int64(49), 3: np.int64(45)}","{(0, 1): []}","{(0, np.int64(12)): {'cpu': 2}, (1, np.int64(55)): {'cpu': 0}, (2, np.int64(49)): {'cpu': 7}, (3, np.int64(45)): {'cpu': 6}}",{},0.0,0.0,30.0,15.0,72.0,0.0,0.0,0.0,0.0,0.0,0.0,0.0,0.0,0.0,Route Failure,100.0,"{'node_level': {}, 'link_level': {}, 'path_level': {}}","{'node_level': {0: {'cpu': -55}, 1: {'cpu': -53}, 2: {'cpu': -66}, 3: {'cpu': -57}}, 'link_level': {(0, 1): {'bw': 100.0}}, 'path_level': {(0, 1): {}}}","{'node_level': {0: {'cpu': 0}, 1: {'cpu': 0}, 2: {'cpu': 0}, 3: {'cpu': 0}}, 'link_level': {(0, 1): {'bw': 100.0}}, 'path_level': {(0, 1): {}}}",[],-inf,-inf,True,False,False,0,[],0,0.0,4.0,1.0
102,18,5,1003.0,2693.0,580203.6598228532,1728858.6413817205,0.3724470850352766,0.3355992479287658,36,184,1,2542.0,7988,4381,3607,0.024276169265033398,0.18375198008599236,101,69.74295469166917,2542.0,9,18,False,"{0: np.int64(33), 1: np.int64(54), 2: np.int64(16), 3: np.int64(53), 4: np.int64(18), 5: np.int64(52), 6: np.int64(40), 7: np.int64(44), 8: np.int64(31)}","{(0, 6): []}","{(0, np.int64(33)): {'cpu': 4}, (1, np.int64(54)): {'cpu': 16}, (2, np.int64(16)): {'cpu': 3}, (3, np.int64(53)): {'cpu': 19}, (4, np.int64(18)): {'cpu': 19}, (5, np.int64(52)): {'cpu': 4}, (6, np.int64(40)): {'cpu': 19}, (7, np.int64(44)): {'cpu': 16}, (8, np.int64(31)): {'cpu': 3}}",{},0.0,0.0,206.0,103.0,457.0,0.0,0.0,0.0,0.0,0.0,0.0,0.0,0.0,0.0,Route Failure,100.0,"{'node_level': {}, 'link_level': {}, 'path_level': {}}","{'node_level': {0: {'cpu': -78}, 1: {'cpu': -83}, 2: {'cpu': -97}, 3: {'cpu': -52}, 4: {'cpu': -68}, 5: {'cpu': -52}, 6: {'cpu': -32}, 7: {'cpu': -58}, 8: {'cpu': -96}}, 'link_level': {(0, 6): {'bw': 100.0}}, 'path_level': {(0, 6): {}}}","{'node_level': {0: {'cpu': 0}, 1: {'cpu': 0}, 2: {'cpu': 0}, 3: {'cpu': 0}, 4: {'cpu': 0}, 5: {'cpu': 0}, 6: {'cpu': 0}, 7: {'cpu': 0}, 8: {'cpu': 0}}, 'link_level': {(0, 6): {'bw': 100.0}}, 'path_level': {(0, 6): {}}}",[],-inf,-inf,True,False,False,0,[],0,0.0,9.0,1.0
102,18,4,1003.0,2693.0,580203.6598228532,1728858.6413817205,0.3724470850352766,0.3355992479287658,36,185,0,2552.40071575524,8104,4401,3703,0.019821826280623567,0.16202760805612126,95,153.40071575524007,2399.0,3,2,False,{},{},{},{},0.0,0.0,0.0,0.0,0.0,0.0,0.0,0.0,0.0,0.0,0.0,0.0,0.0,0.0,Leave Event,0.0,"{'node_level': {}, 'link_level': {}, 'path_level': {}}","{'node_level': {}, 'link_level': {}, 'path_level': {}}","{'node_level': {}, 'link_level': {}, 'path_level': {}}",[],-inf,-inf,True,True,False,0,[],0,0.0,,
103,18,4,1003.0,2693.0,580203.6598228532,1728858.6413817205,0.3724470850352766,0.3355992479287658,36,186,1,2555.0,8104,4401,3703,0.019821826280623567,0.16202760805612126,102,412.1509352397844,2555.0,4,3,False,"{0: np.int64(31), 1: np.int64(4), 2: np.int64(55), 3: np.int64(12)}","{(0, 1): []}","{(0, np.int64(31)): {'cpu': 14}, (1, np.int64(4)): {'cpu': 8}, (2, np.int64(55)): {'cpu': 17}, (3, np.int64(12)): {'cpu': 14}}",{},0.0,0.0,106.0,53.0,101.0,0.0,0.0,0.0,0.0,0.0,0.0,0.0,0.0,0.0,Route Failure,100.0,"{'node_level': {}, 'link_level': {}, 'path_level': {}}","{'node_level': {0: {'cpu': -85}, 1: {'cpu': -51}, 2: {'cpu': -36}, 3: {'cpu': -43}}, 'link_level': {(0, 1): {'bw': 100.0}}, 'path_level': {(0, 1): {}}}","{'node_level': {0: {'cpu': 0}, 1: {'cpu': 0}, 2: {'cpu': 0}, 3: {'cpu': 0}}, 'link_level': {(0, 1): {'bw': 100.0}}, 'path_level': {(0, 1): {}}}",[],-inf,-inf,True,False,False,0,[],0,0.0,4.0,1.0
103,18,4,1003.0,2693.0,580203.6598228532,1728858.6413817205,0.3724470850352766,0.3355992479287658,36,187,0,2576.031366931177,8104,4401,3703,0.019821826280623567,0.16202760805612126,56,1133.0313669311772,1443.0,8,17,False,{},{},{},{},0.0,0.0,0.0,0.0,0.0,0.0,0.0,0.0,0.0,0.0,0.0,0.0,0.0,0.0,Leave Event,0.0,"{'node_level': {}, 'link_level': {}, 'path_level': {}}","{'node_level': {}, 'link_level': {}, 'path_level': {}}","{'node_level': {}, 'link_level': {}, 'path_level': {}}",[],-inf,-inf,True,True,False,0,[],0,0.0,,
104,18,4,1003.0,2693.0,580203.6598228532,1728858.6413817205,0.3724470850352766,0.3355992479287658,36,188,1,2577.0,8104,4401,3703,0.019821826280623567,0.16202760805612126,103,91.85974811109456,2577.0,8,13,False,"{0: np.int64(7), 1: np.int64(38), 2: np.int64(33), 3: np.int64(12), 4: np.int64(3), 5: np.int64(40), 6: np.int64(16), 7: np.int64(55)}","{(0, 1): []}","{(0, np.int64(7)): {'cpu': 16}, (1, np.int64(38)): {'cpu': 0}, (2, np.int64(33)): {'cpu': 0}, (3, np.int64(12)): {'cpu': 20}, (4, np.int64(3)): {'cpu': 6}, (5, np.int64(40)): {'cpu': 11}, (6, np.int64(16)): {'cpu': 11}, (7, np.int64(55)): {'cpu': 10}}",{},0.0,0.0,148.0,74.0,311.0,0.0,0.0,0.0,0.0,0.0,0.0,0.0,0.0,0.0,Route Failure,100.0,"{'node_level': {}, 'link_level': {}, 'path_level': {}}","{'node_level': {0: {'cpu': -49}, 1: {'cpu': -57}, 2: {'cpu': -82}, 3: {'cpu': -37}, 4: {'cpu': -52}, 5: {'cpu': -40}, 6: {'cpu': -89}, 7: {'cpu': -43}}, 'link_level': {(0, 1): {'bw': 100.0}}, 'path_level': {(0, 1): {}}}","{'node_level': {0: {'cpu': 0}, 1: {'cpu': 0}, 2: {'cpu': 0}, 3: {'cpu': 0}, 4: {'cpu': 0}, 5: {'cpu': 0}, 6: {'cpu': 0}, 7: {'cpu': 0}}, 'link_level': {(0, 1): {'bw': 100.0}}, 'path_level': {(0, 1): {}}}",[],-inf,-inf,True,False,False,0,[],0,0.0,8.0,1.0
105,19,5,1019.0,2711.0,584576.3152616468,1733777.8787503634,0.37587606049428257,0.337169093242201,37,189,1,2606.0,8086,4386,3700,0.023162583518930968,0.16270649468205478,104,273.29096492460206,2606.0,2,1,True,"{0: np.int64(18), 1: np.int64(7)}","{(0, 1): [(np.int64(18), 8), (8, 3), (3, 7)]}","{(0, np.int64(18)): {'cpu': 15}, (1, np.int64(7)): {'cpu': 0}}","{((0, 1), (np.int64(18), 8)): {'bw': 1}, ((0, 1), (8, 3)): {'bw': 1}, ((0, 1), (3, 7)): {'bw': 1}}",18.0,16.0,30.0,15.0,1.0,15.0,1.0,15.0,3.0,2.0,0.8888888888888888,4919.237368642837,4372.655438793633,242.92530215520182,Success,0.0,"{'node_level': {}, 'link_level': {}, 'path_level': {}}","{'node_level': {0: {'cpu': -72}, 1: {'cpu': -65}}, 'link_level': {(0, 1): {'bw': -54}}, 'path_level': {(0, 1): {}}}","{'node_level': {0: {'cpu': 0}, 1: {'cpu': 0}}, 'link_level': {(0, 1): {'bw': 0}}, 'path_level': {(0, 1): {}}}",[],-inf,-inf,True,True,False,0,[],0,0.0,2.0,1.0
105,19,5,1019.0,2711.0,584576.3152616468,1733777.8787503634,0.37587606049428257,0.337169093242201,37,190,0,2610.361620430523,8086,4386,3700,0.023162583518930968,0.16270649468205478,98,137.36162043052295,2473.0,5,4,False,{},{},{},{},0.0,0.0,0.0,0.0,0.0,0.0,0.0,0.0,0.0,0.0,0.0,0.0,0.0,0.0,Leave Event,0.0,"{'node_level': {}, 'link_level': {}, 'path_level': {}}","{'node_level': {}, 'link_level': {}, 'path_level': {}}","{'node_level': {}, 'link_level': {}, 'path_level': {}}",[],-inf,-inf,True,True,False,0,[],0,0.0,,
105,19,5,1019.0,2711.0,584576.3152616468,1733777.8787503634,0.37587606049428257,0.337169093242201,37,191,0,2611.742954691669,8086,4386,3700,0.023162583518930968,0.16270649468205478,101,69.74295469166917,2542.0,9,18,False,{},{},{},{},0.0,0.0,0.0,0.0,0.0,0.0,0.0,0.0,0.0,0.0,0.0,0.0,0.0,0.0,Leave Event,0.0,"{'node_level': {}, 'link_level': {}, 'path_level': {}}","{'node_level': {}, 'link_level': {}, 'path_level': {}}","{'node_level': {}, 'link_level': {}, 'path_level': {}}",[],-inf,-inf,True,True,False,0,[],0,0.0,,
106,19,5,1019.0,2711.0,584576.3152616468,1733777.8787503634,0.37587606049428257,0.337169093242201,37,192,1,2622.0,8086,4386,3700,0.023162583518930968,0.16270649468205478,105,577.0961788050674,2622.0,4,3,False,"{0: np.int64(14), 1: np.int64(3), 2: np.int64(45), 3: np.int64(58)}","{(0, 1): []}","{(0, np.int64(14)): {'cpu': 7}, (1, np.int64(3)): {'cpu': 12}, (2, np.int64(45)): {'cpu': 2}, (3, np.int64(58)): {'cpu': 8}}",{},0.0,0.0,58.0,29.0,94.0,0.0,0.0,0.0,0.0,0.0,0.0,0.0,0.0,0.0,Route Failure,100.0,"{'node_level': {}, 'link_level': {}, 'path_level': {}}","{'node_level': {0: {'cpu': -49}, 1: {'cpu': -46}, 2: {'cpu': -61}, 3: {'cpu': -91}}, 'link_level': {(0, 1): {'bw': 100.0}}, 'path_level': {(0, 1): {}}}","{'node_level': {0: {'cpu': 0}, 1: {'cpu': 0}, 2: {'cpu': 0}, 3: {'cpu': 0}}, 'link_level': {(0, 1): {'bw': 100.0}}, 'path_level': {(0, 1): {}}}",[],-inf,-inf,True,False,False,0,[],0,0.0,4.0,1.0
106,19,4,1019.0,2711.0,584576.3152616468,1733777.8787503634,0.37587606049428257,0.337169093242201,37,193,0,2635.9702211004524,8358,4420,3938,0.015590200445434244,0.10884815569133288,71,843.9702211004522,1792.0,2,1,False,{},{},{},{},0.0,0.0,0.0,0.0,0.0,0.0,0.0,0.0,0.0,0.0,0.0,0.0,0.0,0.0,Leave Event,0.0,"{'node_level': {}, 'link_level': {}, 'path_level': {}}","{'node_level': {}, 'link_level': {}, 'path_level': {}}","{'node_level': {}, 'link_level': {}, 'path_level': {}}",[],-inf,-inf,True,True,False,0,[],0,0.0,,
107,19,4,1019.0,2711.0,584576.3152616468,1733777.8787503634,0.37587606049428257,0.337169093242201,37,194,1,2650.0,8358,4420,3938,0.015590200445434244,0.10884815569133288,106,160.03399064402475,2650.0,8,13,False,"{0: np.int64(25), 1: np.int64(29), 2: np.int64(41), 3: np.int64(56), 4: np.int64(49), 5: np.int64(19), 6: np.int64(0), 7: np.int64(31)}","{(0, 2): [(np.int64(25), 41)], (0, 3): []}","{(0, np.int64(25)): {'cpu': 19}, (1, np.int64(29)): {'cpu': 2}, (2, np.int64(41)): {'cpu': 14}, (3, np.int64(56)): {'cpu': 10}, (4, np.int64(49)): {'cpu': 18}, (5, np.int64(19)): {'cpu': 5}, (6, np.int64(0)): {'cpu': 13}, (7, np.int64(31)): {'cpu': 13}}","{((0, 2), (np.int64(25), 41)): {'bw': 15}}",0.0,0.0,188.0,94.0,393.0,0.0,0.0,0.0,0.0,0.0,0.0,0.0,0.0,0.0,Route Failure,100.0,"{'node_level': {}, 'link_level': {}, 'path_level': {}}","{'node_level': {0: {'cpu': -45}, 1: {'cpu': -71}, 2: {'cpu': -36}, 3: {'cpu': -44}, 4: {'cpu': -55}, 5: {'cpu': -63}, 6: {'cpu': -74}, 7: {'cpu': -86}}, 'link_level': {(0, 2): {'bw': -47}, (0, 3): {'bw': 100.0}}, 'path_level': {(0, 2): {}, (0, 3): {}}}","{'node_level': {0: {'cpu': 0}, 1: {'cpu': 0}, 2: {'cpu': 0}, 3: {'cpu': 0}, 4: {'cpu': 0}, 5: {'cpu': 0}, 6: {'cpu': 0}, 7: {'cpu': 0}}, 'link_level': {(0, 2): {'bw': 0}, (0, 3): {'bw': 100.0}}, 'path_level': {(0, 2): {}, (0, 3): {}}}",[],-inf,-inf,True,False,False,0,[],0,0.0,8.0,2.0
107,19,4,1019.0,2711.0,584576.3152616468,1733777.8787503634,0.37587606049428257,0.337169093242201,37,195,0,2668.8597481110946,8358,4420,3938,0.015590200445434244,0.10884815569133288,103,91.85974811109456,2577.0,8,13,False,{},{},{},{},0.0,0.0,0.0,0.0,0.0,0.0,0.0,0.0,0.0,0.0,0.0,0.0,0.0,0.0,Leave Event,0.0,"{'node_level': {}, 'link_level': {}, 'path_level': {}}","{'node_level': {}, 'link_level': {}, 'path_level': {}}","{'node_level': {}, 'link_level': {}, 'path_level': {}}",[],-inf,-inf,True,True,False,0,[],0,0.0,,
107,19,4,1019.0,2711.0,584576.3152616468,1733777.8787503634,0.37587606049428257,0.337169093242201,37,196,0,2671.9999753892253,8358,4420,3938,0.015590200445434244,0.10884815569133288,97,222.99997538922514,2449.0,4,4,False,{},{},{},{},0.0,0.0,0.0,0.0,0.0,0.0,0.0,0.0,0.0,0.0,0.0,0.0,0.0,0.0,Leave Event,0.0,"{'node_level': {}, 'link_level': {}, 'path_level': {}}","{'node_level': {}, 'link_level': {}, 'path_level': {}}","{'node_level': {}, 'link_level': {}, 'path_level': {}}",[],-inf,-inf,True,True,False,0,[],0,0.0,,
108,19,4,1019.0,2711.0,584576.3152616468,1733777.8787503634,0.37587606049428257,0.337169093242201,37,197,1,2676.0,8358,4420,3938,0.015590200445434244,0.10884815569133288,107,5.025028937115578,2676.0,8,17,False,"{0: np.int64(22), 1: np.int64(39), 2: np.int64(47), 3: np.int64(7), 4: np.int64(56), 5: np.int64(21), 6: np.int64(5), 7: np.int64(44)}","{(0, 1): []}","{(0, np.int64(22)): {'cpu': 0}, (1, np.int64(39)): {'cpu': 13}, (2, np.int64(47)): {'cpu': 15}, (3, np.int64(7)): {'cpu': 20}, (4, np.int64(56)): {'cpu': 7}, (5, np.int64(21)): {'cpu': 2}, (6, np.int64(5)): {'cpu': 3}, (7, np.int64(44)): {'cpu': 0}}",{},0.0,0.0,120.0,60.0,404.0,0.0,0.0,0.0,0.0,0.0,0.0,0.0,0.0,0.0,Route Failure,100.0,"{'node_level': {}, 'link_level': {}, 'path_level': {}}","{'node_level': {0: {'cpu': -78}, 1: {'cpu': -59}, 2: {'cpu': -77}, 3: {'cpu': -45}, 4: {'cpu': -47}, 5: {'cpu': -59}, 6: {'cpu': -58}, 7: {'cpu': -74}}, 'link_level': {(0, 1): {'bw': 100.0}}, 'path_level': {(0, 1): {}}}","{'node_level': {0: {'cpu': 0}, 1: {'cpu': 0}, 2: {'cpu': 0}, 3: {'cpu': 0}, 4: {'cpu': 0}, 5: {'cpu': 0}, 6: {'cpu': 0}, 7: {'cpu': 0}}, 'link_level': {(0, 1): {'bw': 100.0}}, 'path_level': {(0, 1): {}}}",[],-inf,-inf,True,False,False,0,[],0,0.0,8.0,1.0
108,19,4,1019.0,2711.0,584576.3152616468,1733777.8787503634,0.37587606049428257,0.337169093242201,37,198,0,2681.0250289371156,8358,4420,3938,0.015590200445434244,0.10884815569133288,107,5.025028937115578,2676.0,8,17,False,{},{},{},{},0.0,0.0,0.0,0.0,0.0,0.0,0.0,0.0,0.0,0.0,0.0,0.0,0.0,0.0,Leave Event,0.0,"{'node_level': {}, 'link_level': {}, 'path_level': {}}","{'node_level': {}, 'link_level': {}, 'path_level': {}}","{'node_level': {}, 'link_level': {}, 'path_level': {}}",[],-inf,-inf,True,True,False,0,[],0,0.0,,
109,19,4,1019.0,2711.0,584576.3152616468,1733777.8787503634,0.37587606049428257,0.337169093242201,37,199,1,2704.0,8358,4420,3938,0.015590200445434244,0.10884815569133288,108,124.14498448177181,2704.0,4,4,False,"{0: np.int64(16), 1: np.int64(1), 2: np.int64(55), 3: np.int64(7)}","{(0, 1): [(np.int64(16), 7), (7, 3), (3, 1)], (0, 3): [(np.int64(16), 7)], (1, 2): []}","{(0, np.int64(16)): {'cpu': 5}, (1, np.int64(1)): {'cpu': 12}, (2, np.int64(55)): {'cpu': 20}, (3, np.int64(7)): {'cpu': 1}}","{((0, 1), (np.int64(16), 7)): {'bw': 10}, ((0, 1), (7, 3)): {'bw': 10}, ((0, 1), (3, 1)): {'bw': 10}, ((0, 3), (np.int64(16), 7)): {'bw': 47}}",0.0,0.0,76.0,38.0,93.0,0.0,0.0,0.0,0.0,0.0,0.0,0.0,0.0,0.0,Route Failure,100.0,"{'node_level': {}, 'link_level': {}, 'path_level': {}}","{'node_level': {0: {'cpu': -95}, 1: {'cpu': -81}, 2: {'cpu': -33}, 3: {'cpu': -64}}, 'link_level': {(0, 1): {'bw': -49}, (0, 3): {'bw': -2}, (1, 2): {'bw': 100.0}}, 'path_level': {(0, 1): {}, (0, 3): {}, (1, 2): {}}}","{'node_level': {0: {'cpu': 0}, 1: {'cpu': 0}, 2: {'cpu': 0}, 3: {'cpu': 0}}, 'link_level': {(0, 1): {'bw': 0}, (0, 3): {'bw': 0}, (1, 2): {'bw': 100.0}}, 'path_level': {(0, 1): {}, (0, 3): {}, (1, 2): {}}}",[],-inf,-inf,True,False,False,0,[],0,0.0,4.0,3.0
110,19,4,1019.0,2711.0,584576.3152616468,1733777.8787503634,0.37587606049428257,0.337169093242201,37,200,1,2730.0,8358,4420,3938,0.015590200445434244,0.10884815569133288,109,16.238985175775657,2730.0,9,23,False,"{0: np.int64(34), 1: np.int64(1), 2: np.int64(3), 3: np.int64(23), 4: np.int64(52), 5: np.int64(26), 6: np.int64(33), 7: np.int64(10), 8: np.int64(53)}","{(0, 2): [(np.int64(34), 18), (18, 8), (8, 3)], (0, 3): []}","{(0, np.int64(34)): {'cpu': 15}, (1, np.int64(1)): {'cpu': 16}, (2, np.int64(3)): {'cpu': 10}, (3, np.int64(23)): {'cpu': 8}, (4, np.int64(52)): {'cpu': 5}, (5, np.int64(26)): {'cpu': 8}, (6, np.int64(33)): {'cpu': 17}, (7, np.int64(10)): {'cpu': 19}, (8, np.int64(53)): {'cpu': 3}}","{((0, 2), (np.int64(34), 18)): {'bw': 28}, ((0, 2), (18, 8)): {'bw': 28}, ((0, 2), (8, 3)): {'bw': 28}}",0.0,0.0,202.0,101.0,531.0,0.0,0.0,0.0,0.0,0.0,0.0,0.0,0.0,0.0,Route Failure,100.0,"{'node_level': {}, 'link_level': {}, 'path_level': {}}","{'node_level': {0: {'cpu': -57}, 1: {'cpu': -77}, 2: {'cpu': -48}, 3: {'cpu': -70}, 4: {'cpu': -51}, 5: {'cpu': -92}, 6: {'cpu': -65}, 7: {'cpu': -32}, 8: {'cpu': -68}}, 'link_level': {(0, 2): {'bw': -60}, (0, 3): {'bw': 100.0}}, 'path_level': {(0, 2): {}, (0, 3): {}}}","{'node_level': {0: {'cpu': 0}, 1: {'cpu': 0}, 2: {'cpu': 0}, 3: {'cpu': 0}, 4: {'cpu': 0}, 5: {'cpu': 0}, 6: {'cpu': 0}, 7: {'cpu': 0}, 8: {'cpu': 0}}, 'link_level': {(0, 2): {'bw': 0}, (0, 3): {'bw': 100.0}}, 'path_level': {(0, 2): {}, (0, 3): {}}}",[],-inf,-inf,True,False,False,0,[],0,0.0,9.0,2.0
110,19,4,1019.0,2711.0,584576.3152616468,1733777.8787503634,0.37587606049428257,0.337169093242201,37,201,0,2740.9709935852406,8358,4420,3938,0.015590200445434244,0.10884815569133288,96,314.9709935852405,2426.0,10,24,False,{},{},{},{},0.0,0.0,0.0,0.0,0.0,0.0,0.0,0.0,0.0,0.0,0.0,0.0,0.0,0.0,Leave Event,0.0,"{'node_level': {}, 'link_level': {}, 'path_level': {}}","{'node_level': {}, 'link_level': {}, 'path_level': {}}","{'node_level': {}, 'link_level': {}, 'path_level': {}}",[],-inf,-inf,True,True,False,0,[],0,0.0,,
110,19,3,1019.0,2711.0,584576.3152616468,1733777.8787503634,0.37587606049428257,0.337169093242201,37,202,0,2742.8220308292684,8665,4424,4241,0.014699331848552322,0.04028060647205245,69,996.8220308292682,1746.0,3,2,False,{},{},{},{},0.0,0.0,0.0,0.0,0.0,0.0,0.0,0.0,0.0,0.0,0.0,0.0,0.0,0.0,Leave Event,0.0,"{'node_level': {}, 'link_level': {}, 'path_level': {}}","{'node_level': {}, 'link_level': {}, 'path_level': {}}","{'node_level': {}, 'link_level': {}, 'path_level': {}}",[],-inf,-inf,True,True,False,0,[],0,0.0,,
110,19,3,1019.0,2711.0,584576.3152616468,1733777.8787503634,0.37587606049428257,0.337169093242201,37,203,0,2746.2389851757757,8665,4424,4241,0.014699331848552322,0.04028060647205245,109,16.238985175775657,2730.0,9,23,False,{},{},{},{},0.0,0.0,0.0,0.0,0.0,0.0,0.0,0.0,0.0,0.0,0.0,0.0,0.0,0.0,Leave Event,0.0,"{'node_level': {}, 'link_level': {}, 'path_level': {}}","{'node_level': {}, 'link_level': {}, 'path_level': {}}","{'node_level': {}, 'link_level': {}, 'path_level': {}}",[],-inf,-inf,True,True,False,0,[],0,0.0,,
111,19,3,1019.0,2711.0,584576.3152616468,1733777.8787503634,0.37587606049428257,0.337169093242201,37,204,1,2756.0,8665,4424,4241,0.014699331848552322,0.04028060647205245,110,1365.7019070656943,2756.0,9,21,False,"{0: np.int64(38), 1: np.int64(46), 2: np.int64(15), 3: np.int64(19), 4: np.int64(17), 5: np.int64(14), 6: np.int64(36), 7: np.int64(50), 8: np.int64(8)}","{(0, 1): [(np.int64(38), 22), (22, 10), (10, 4), (4, 1), (1, 0), (0, 2), (2, 6), (6, 14), (14, 30), (30, 46)], (0, 2): [(np.int64(38), 22), (22, 10), (10, 4), (4, 1), (1, 3), (3, 7), (7, 15)], (0, 7): [(np.int64(38), 22), (22, 10), (10, 4), (4, 1), (1, 3), (3, 8), (8, 18), (18, 50)], (0, 8): []}","{(0, np.int64(38)): {'cpu': 10}, (1, np.int64(46)): {'cpu': 2}, (2, np.int64(15)): {'cpu': 11}, (3, np.int64(19)): {'cpu': 4}, (4, np.int64(17)): {'cpu': 6}, (5, np.int64(14)): {'cpu': 6}, (6, np.int64(36)): {'cpu': 2}, (7, np.int64(50)): {'cpu': 12}, (8, np.int64(8)): {'cpu': 4}}","{((0, 1), (np.int64(38), 22)): {'bw': 0}, ((0, 1), (22, 10)): {'bw': 0}, ((0, 1), (10, 4)): {'bw': 0}, ((0, 1), (4, 1)): {'bw': 0}, ((0, 1), (1, 0)): {'bw': 0}, ((0, 1), (0, 2)): {'bw': 0}, ((0, 1), (2, 6)): {'bw': 0}, ((0, 1), (6, 14)): {'bw': 0}, ((0, 1), (14, 30)): {'bw': 0}, ((0, 1), (30, 46)): {'bw': 0}, ((0, 2), (np.int64(38), 22)): {'bw': 34}, ((0, 2), (22, 10)): {'bw': 34}, ((0, 2), (10, 4)): {'bw': 34}, ((0, 2), (4, 1)): {'bw': 34}, ((0, 2), (1, 3)): {'bw': 34}, ((0, 2), (3, 7)): {'bw': 34}, ((0, 2), (7, 15)): {'bw': 34}, ((0, 7), (np.int64(38), 22)): {'bw': 12}, ((0, 7), (22, 10)): {'bw': 12}, ((0, 7), (10, 4)): {'bw': 12}, ((0, 7), (4, 1)): {'bw': 12}, ((0, 7), (1, 3)): {'bw': 12}, ((0, 7), (3, 8)): {'bw': 12}, ((0, 7), (8, 18)): {'bw': 12}, ((0, 7), (18, 50)): {'bw': 12}}",0.0,0.0,114.0,57.0,512.0,0.0,0.0,0.0,0.0,0.0,0.0,0.0,0.0,0.0,Route Failure,100.0,"{'node_level': {}, 'link_level': {}, 'path_level': {}}","{'node_level': {0: {'cpu': -47}, 1: {'cpu': -91}, 2: {'cpu': -64}, 3: {'cpu': -64}, 4: {'cpu': -64}, 5: {'cpu': -50}, 6: {'cpu': -89}, 7: {'cpu': -45}, 8: {'cpu': -46}}, 'link_level': {(0, 1): {'bw': -37}, (0, 2): {'bw': -16}, (0, 7): {'bw': -4}, (0, 8): {'bw': 100.0}}, 'path_level': {(0, 1): {}, (0, 2): {}, (0, 7): {}, (0, 8): {}}}","{'node_level': {0: {'cpu': 0}, 1: {'cpu': 0}, 2: {'cpu': 0}, 3: {'cpu': 0}, 4: {'cpu': 0}, 5: {'cpu': 0}, 6: {'cpu': 0}, 7: {'cpu': 0}, 8: {'cpu': 0}}, 'link_level': {(0, 1): {'bw': 0}, (0, 2): {'bw': 0}, (0, 7): {'bw': 0}, (0, 8): {'bw': 100.0}}, 'path_level': {(0, 1): {}, (0, 2): {}, (0, 7): {}, (0, 8): {}}}",[],-inf,-inf,True,False,False,0,[],0,0.0,9.0,4.0
112,20,4,1050.0,2742.0,608193.3925155688,1757394.9560042855,0.38293216630196936,0.3460766690137727,39,205,1,2772.0,8634,4404,4230,0.019153674832962153,0.04276985743380857,111,761.8412017394207,2772.0,2,1,True,"{0: np.int64(1), 1: np.int64(3)}","{(0, 1): [(np.int64(1), 3)]}","{(0, np.int64(1)): {'cpu': 15}, (1, np.int64(3)): {'cpu': 5}}","{((0, 1), (np.int64(1), 3)): {'bw': 11}}",31.0,31.0,40.0,20.0,11.0,20.0,11.0,20.0,11.0,0.0,1.0,23617.07725392204,23617.07725392204,761.8412017394207,Success,0.0,"{'node_level': {}, 'link_level': {}, 'path_level': {}}","{'node_level': {0: {'cpu': -78}, 1: {'cpu': -53}}, 'link_level': {(0, 1): {'bw': -52}}, 'path_level': {(0, 1): {}}}","{'node_level': {0: {'cpu': 0}, 1: {'cpu': 0}}, 'link_level': {(0, 1): {'bw': 0}}, 'path_level': {(0, 1): {}}}",[],-inf,-inf,True,True,False,0,[],0,0.0,2.0,1.0
113,20,4,1050.0,2742.0,608193.3925155688,1757394.9560042855,0.38293216630196936,0.3460766690137727,39,206,1,2798.0,8634,4404,4230,0.019153674832962153,0.04276985743380857,112,364.48458682681286,2798.0,8,12,False,"{0: np.int64(42), 1: np.int64(29), 2: np.int64(16), 3: np.int64(23), 4: np.int64(12), 5: np.int64(25), 6: np.int64(20), 7: np.int64(32)}","{(0, 1): [(np.int64(42), 26), (26, 12), (12, 5), (5, 2), (2, 6), (6, 14), (14, 29)], (0, 2): [(np.int64(42), 26), (26, 12), (12, 5), (5, 2), (2, 0), (0, 1), (1, 3), (3, 7), (7, 16)], (0, 3): []}","{(0, np.int64(42)): {'cpu': 11}, (1, np.int64(29)): {'cpu': 3}, (2, np.int64(16)): {'cpu': 19}, (3, np.int64(23)): {'cpu': 20}, (4, np.int64(12)): {'cpu': 9}, (5, np.int64(25)): {'cpu': 12}, (6, np.int64(20)): {'cpu': 3}, (7, np.int64(32)): {'cpu': 16}}","{((0, 1), (np.int64(42), 26)): {'bw': 9}, ((0, 1), (26, 12)): {'bw': 9}, ((0, 1), (12, 5)): {'bw': 9}, ((0, 1), (5, 2)): {'bw': 9}, ((0, 1), (2, 6)): {'bw': 9}, ((0, 1), (6, 14)): {'bw': 9}, ((0, 1), (14, 29)): {'bw': 9}, ((0, 2), (np.int64(42), 26)): {'bw': 20}, ((0, 2), (26, 12)): {'bw': 20}, ((0, 2), (12, 5)): {'bw': 20}, ((0, 2), (5, 2)): {'bw': 20}, ((0, 2), (2, 0)): {'bw': 20}, ((0, 2), (0, 1)): {'bw': 20}, ((0, 2), (1, 3)): {'bw': 20}, ((0, 2), (3, 7)): {'bw': 20}, ((0, 2), (7, 16)): {'bw': 20}}",0.0,0.0,186.0,93.0,324.0,0.0,0.0,0.0,0.0,0.0,0.0,0.0,0.0,0.0,Route Failure,100.0,"{'node_level': {}, 'link_level': {}, 'path_level': {}}","{'node_level': {0: {'cpu': -56}, 1: {'cpu': -70}, 2: {'cpu': -81}, 3: {'cpu': -58}, 4: {'cpu': -48}, 5: {'cpu': -52}, 6: {'cpu': -67}, 7: {'cpu': -64}}, 'link_level': {(0, 1): {'bw': -28}, (0, 2): {'bw': -21}, (0, 3): {'bw': 100.0}}, 'path_level': {(0, 1): {}, (0, 2): {}, (0, 3): {}}}","{'node_level': {0: {'cpu': 0}, 1: {'cpu': 0}, 2: {'cpu': 0}, 3: {'cpu': 0}, 4: {'cpu': 0}, 5: {'cpu': 0}, 6: {'cpu': 0}, 7: {'cpu': 0}}, 'link_level': {(0, 1): {'bw': 0}, (0, 2): {'bw': 0}, (0, 3): {'bw': 100.0}}, 'path_level': {(0, 1): {}, (0, 2): {}, (0, 3): {}}}",[],-inf,-inf,True,False,False,0,[],0,0.0,8.0,3.0
113,20,4,1050.0,2742.0,608193.3925155688,1757394.9560042855,0.38293216630196936,0.3460766690137727,39,207,0,2810.033990644025,8634,4404,4230,0.019153674832962153,0.04276985743380857,106,160.03399064402475,2650.0,8,13,False,{},{},{},{},0.0,0.0,0.0,0.0,0.0,0.0,0.0,0.0,0.0,0.0,0.0,0.0,0.0,0.0,Leave Event,0.0,"{'node_level': {}, 'link_level': {}, 'path_level': {}}","{'node_level': {}, 'link_level': {}, 'path_level': {}}","{'node_level': {}, 'link_level': {}, 'path_level': {}}",[],-inf,-inf,True,True,False,0,[],0,0.0,,
113,20,4,1050.0,2742.0,608193.3925155688,1757394.9560042855,0.38293216630196936,0.3460766690137727,39,208,0,2813.26883566568,8634,4404,4230,0.019153674832962153,0.04276985743380857,81,771.2688356656797,2042.0,6,5,False,{},{},{},{},0.0,0.0,0.0,0.0,0.0,0.0,0.0,0.0,0.0,0.0,0.0,0.0,0.0,0.0,Leave Event,0.0,"{'node_level': {}, 'link_level': {}, 'path_level': {}}","{'node_level': {}, 'link_level': {}, 'path_level': {}}","{'node_level': {}, 'link_level': {}, 'path_level': {}}",[],-inf,-inf,True,True,False,0,[],0,0.0,,
114,20,4,1050.0,2742.0,608193.3925155688,1757394.9560042855,0.38293216630196936,0.3460766690137727,39,209,1,2819.0,8634,4404,4230,0.019153674832962153,0.04276985743380857,113,8.29988858300858,2819.0,7,7,False,"{0: np.int64(32), 1: np.int64(1), 2: np.int64(39), 3: np.int64(59), 4: np.int64(29), 5: np.int64(54), 6: np.int64(36)}","{(0, 2): [(np.int64(32), 16), (16, 7), (7, 3), (3, 1), (1, 0), (0, 2), (2, 5), (5, 11), (11, 23), (23, 39)], (0, 5): []}","{(0, np.int64(32)): {'cpu': 15}, (1, np.int64(1)): {'cpu': 15}, (2, np.int64(39)): {'cpu': 12}, (3, np.int64(59)): {'cpu': 11}, (4, np.int64(29)): {'cpu': 7}, (5, np.int64(54)): {'cpu': 16}, (6, np.int64(36)): {'cpu': 18}}","{((0, 2), (np.int64(32), 16)): {'bw': 18}, ((0, 2), (16, 7)): {'bw': 18}, ((0, 2), (7, 3)): {'bw': 18}, ((0, 2), (3, 1)): {'bw': 18}, ((0, 2), (1, 0)): {'bw': 18}, ((0, 2), (0, 2)): {'bw': 18}, ((0, 2), (2, 5)): {'bw': 18}, ((0, 2), (5, 11)): {'bw': 18}, ((0, 2), (11, 23)): {'bw': 18}, ((0, 2), (23, 39)): {'bw': 18}}",0.0,0.0,188.0,94.0,213.0,0.0,0.0,0.0,0.0,0.0,0.0,0.0,0.0,0.0,Route Failure,100.0,"{'node_level': {}, 'link_level': {}, 'path_level': {}}","{'node_level': {0: {'cpu': -65}, 1: {'cpu': -63}, 2: {'cpu': -60}, 3: {'cpu': -82}, 4: {'cpu': -66}, 5: {'cpu': -83}, 6: {'cpu': -73}}, 'link_level': {(0, 2): {'bw': -32}, (0, 5): {'bw': 100.0}}, 'path_level': {(0, 2): {}, (0, 5): {}}}","{'node_level': {0: {'cpu': 0}, 1: {'cpu': 0}, 2: {'cpu': 0}, 3: {'cpu': 0}, 4: {'cpu': 0}, 5: {'cpu': 0}, 6: {'cpu': 0}}, 'link_level': {(0, 2): {'bw': 0}, (0, 5): {'bw': 100.0}}, 'path_level': {(0, 2): {}, (0, 5): {}}}",[],-inf,-inf,True,False,False,0,[],0,0.0,7.0,2.0
114,20,4,1050.0,2742.0,608193.3925155688,1757394.9560042855,0.38293216630196936,0.3460766690137727,39,210,0,2827.2998885830084,8634,4404,4230,0.019153674832962153,0.04276985743380857,113,8.29988858300858,2819.0,7,7,False,{},{},{},{},0.0,0.0,0.0,0.0,0.0,0.0,0.0,0.0,0.0,0.0,0.0,0.0,0.0,0.0,Leave Event,0.0,"{'node_level': {}, 'link_level': {}, 'path_level': {}}","{'node_level': {}, 'link_level': {}, 'path_level': {}}","{'node_level': {}, 'link_level': {}, 'path_level': {}}",[],-inf,-inf,True,True,False,0,[],0,0.0,,
114,20,4,1050.0,2742.0,608193.3925155688,1757394.9560042855,0.38293216630196936,0.3460766690137727,39,211,0,2827.7931588689326,8634,4404,4230,0.019153674832962153,0.04276985743380857,88,601.7931588689326,2226.0,2,1,False,{},{},{},{},0.0,0.0,0.0,0.0,0.0,0.0,0.0,0.0,0.0,0.0,0.0,0.0,0.0,0.0,Leave Event,0.0,"{'node_level': {}, 'link_level': {}, 'path_level': {}}","{'node_level': {}, 'link_level': {}, 'path_level': {}}","{'node_level': {}, 'link_level': {}, 'path_level': {}}",[],-inf,-inf,True,True,False,0,[],0,0.0,,
114,20,4,1050.0,2742.0,608193.3925155688,1757394.9560042855,0.38293216630196936,0.3460766690137727,39,212,0,2828.1449844817716,8634,4404,4230,0.019153674832962153,0.04276985743380857,108,124.14498448177181,2704.0,4,4,False,{},{},{},{},0.0,0.0,0.0,0.0,0.0,0.0,0.0,0.0,0.0,0.0,0.0,0.0,0.0,0.0,Leave Event,0.0,"{'node_level': {}, 'link_level': {}, 'path_level': {}}","{'node_level': {}, 'link_level': {}, 'path_level': {}}","{'node_level': {}, 'link_level': {}, 'path_level': {}}",[],-inf,-inf,True,True,False,0,[],0,0.0,,
115,20,4,1050.0,2742.0,608193.3925155688,1757394.9560042855,0.38293216630196936,0.3460766690137727,39,213,1,2845.0,8634,4404,4230,0.019153674832962153,0.04276985743380857,114,177.48122621994455,2845.0,3,2,False,"{0: np.int64(36), 1: np.int64(29), 2: np.int64(21)}","{(0, 1): []}","{(0, np.int64(36)): {'cpu': 8}, (1, np.int64(29)): {'cpu': 15}, (2, np.int64(21)): {'cpu': 1}}",{},0.0,0.0,48.0,24.0,84.0,0.0,0.0,0.0,0.0,0.0,0.0,0.0,0.0,0.0,Route Failure,100.0,"{'node_level': {}, 'link_level': {}, 'path_level': {}}","{'node_level': {0: {'cpu': -83}, 1: {'cpu': -58}, 2: {'cpu': -60}}, 'link_level': {(0, 1): {'bw': 100.0}}, 'path_level': {(0, 1): {}}}","{'node_level': {0: {'cpu': 0}, 1: {'cpu': 0}, 2: {'cpu': 0}}, 'link_level': {(0, 1): {'bw': 100.0}}, 'path_level': {(0, 1): {}}}",[],-inf,-inf,True,False,False,0,[],0,0.0,3.0,1.0
115,20,4,1050.0,2742.0,608193.3925155688,1757394.9560042855,0.38293216630196936,0.3460766690137727,39,214,0,2849.85269611207,8634,4404,4230,0.019153674832962153,0.04276985743380857,89,597.8526961120702,2252.0,9,22,False,{},{},{},{},0.0,0.0,0.0,0.0,0.0,0.0,0.0,0.0,0.0,0.0,0.0,0.0,0.0,0.0,Leave Event,0.0,"{'node_level': {}, 'link_level': {}, 'path_level': {}}","{'node_level': {}, 'link_level': {}, 'path_level': {}}","{'node_level': {}, 'link_level': {}, 'path_level': {}}",[],-inf,-inf,True,True,False,0,[],0,0.0,,
115,20,4,1050.0,2742.0,608193.3925155688,1757394.9560042855,0.38293216630196936,0.3460766690137727,39,215,0,2858.1809157858916,8634,4404,4230,0.019153674832962153,0.04276985743380857,47,1626.1809157858913,1232.0,9,21,False,{},{},{},{},0.0,0.0,0.0,0.0,0.0,0.0,0.0,0.0,0.0,0.0,0.0,0.0,0.0,0.0,Leave Event,0.0,"{'node_level': {}, 'link_level': {}, 'path_level': {}}","{'node_level': {}, 'link_level': {}, 'path_level': {}}","{'node_level': {}, 'link_level': {}, 'path_level': {}}",[],-inf,-inf,True,True,False,0,[],0,0.0,,
116,20,4,1050.0,2742.0,608193.3925155688,1757394.9560042855,0.38293216630196936,0.3460766690137727,39,216,1,2875.0,8634,4404,4230,0.019153674832962153,0.04276985743380857,115,389.0471188901165,2875.0,6,9,False,"{0: np.int64(10), 1: np.int64(25), 2: np.int64(56), 3: np.int64(29), 4: np.int64(52), 5: np.int64(58)}","{(0, 3): []}","{(0, np.int64(10)): {'cpu': 9}, (1, np.int64(25)): {'cpu': 15}, (2, np.int64(56)): {'cpu': 12}, (3, np.int64(29)): {'cpu': 4}, (4, np.int64(52)): {'cpu': 15}, (5, np.int64(58)): {'cpu': 18}}",{},0.0,0.0,146.0,73.0,222.0,0.0,0.0,0.0,0.0,0.0,0.0,0.0,0.0,0.0,Route Failure,100.0,"{'node_level': {}, 'link_level': {}, 'path_level': {}}","{'node_level': {0: {'cpu': -42}, 1: {'cpu': -49}, 2: {'cpu': -42}, 3: {'cpu': -69}, 4: {'cpu': -41}, 5: {'cpu': -81}}, 'link_level': {(0, 3): {'bw': 100.0}}, 'path_level': {(0, 3): {}}}","{'node_level': {0: {'cpu': 0}, 1: {'cpu': 0}, 2: {'cpu': 0}, 3: {'cpu': 0}, 4: {'cpu': 0}, 5: {'cpu': 0}}, 'link_level': {(0, 3): {'bw': 100.0}}, 'path_level': {(0, 3): {}}}",[],-inf,-inf,True,False,False,0,[],0,0.0,6.0,1.0
116,20,3,1050.0,2742.0,608193.3925155688,1757394.9560042855,0.38293216630196936,0.3460766690137727,39,217,0,2879.290964924602,8652,4419,4233,0.015812917594654752,0.04209097080787505,104,273.29096492460206,2606.0,2,1,False,{},{},{},{},0.0,0.0,0.0,0.0,0.0,0.0,0.0,0.0,0.0,0.0,0.0,0.0,0.0,0.0,Leave Event,0.0,"{'node_level': {}, 'link_level': {}, 'path_level': {}}","{'node_level': {}, 'link_level': {}, 'path_level': {}}","{'node_level': {}, 'link_level': {}, 'path_level': {}}",[],-inf,-inf,True,True,False,0,[],0,0.0,,
117,20,3,1050.0,2742.0,608193.3925155688,1757394.9560042855,0.38293216630196936,0.3460766690137727,39,218,1,2897.0,8652,4419,4233,0.015812917594654752,0.04209097080787505,116,982.6407979739491,2897.0,8,11,False,"{0: np.int64(52), 1: np.int64(29), 2: np.int64(54), 3: np.int64(42), 4: np.int64(39), 5: np.int64(5), 6: np.int64(27), 7: np.int64(30)}","{(0, 3): [(np.int64(52), 20), (20, 9), (9, 4), (4, 1), (1, 0), (0, 2), (2, 5), (5, 12), (12, 26), (26, 42)], (0, 5): [(np.int64(52), 20), (20, 9), (9, 4), (4, 1), (1, 0), (0, 2), (2, 5)], (1, 5): [(np.int64(29), 14), (14, 6), (6, 2), (2, 5)], (1, 6): [(np.int64(29), 14), (14, 6), (6, 13), (13, 27)], (1, 7): []}","{(0, np.int64(52)): {'cpu': 15}, (1, np.int64(29)): {'cpu': 10}, (2, np.int64(54)): {'cpu': 12}, (3, np.int64(42)): {'cpu': 8}, (4, np.int64(39)): {'cpu': 10}, (5, np.int64(5)): {'cpu': 12}, (6, np.int64(27)): {'cpu': 20}, (7, np.int64(30)): {'cpu': 16}}","{((0, 3), (np.int64(52), 20)): {'bw': 2}, ((0, 3), (20, 9)): {'bw': 2}, ((0, 3), (9, 4)): {'bw': 2}, ((0, 3), (4, 1)): {'bw': 2}, ((0, 3), (1, 0)): {'bw': 2}, ((0, 3), (0, 2)): {'bw': 2}, ((0, 3), (2, 5)): {'bw': 2}, ((0, 3), (5, 12)): {'bw': 2}, ((0, 3), (12, 26)): {'bw': 2}, ((0, 3), (26, 42)): {'bw': 2}, ((0, 5), (np.int64(52), 20)): {'bw': 0}, ((0, 5), (20, 9)): {'bw': 0}, ((0, 5), (9, 4)): {'bw': 0}, ((0, 5), (4, 1)): {'bw': 0}, ((0, 5), (1, 0)): {'bw': 0}, ((0, 5), (0, 2)): {'bw': 0}, ((0, 5), (2, 5)): {'bw': 0}, ((1, 5), (np.int64(29), 14)): {'bw': 9}, ((1, 5), (14, 6)): {'bw': 9}, ((1, 5), (6, 2)): {'bw': 9}, ((1, 5), (2, 5)): {'bw': 9}, ((1, 6), (np.int64(29), 14)): {'bw': 37}, ((1, 6), (14, 6)): {'bw': 37}, ((1, 6), (6, 13)): {'bw': 37}, ((1, 6), (13, 27)): {'bw': 37}}",0.0,0.0,206.0,103.0,284.0,0.0,0.0,0.0,0.0,0.0,0.0,0.0,0.0,0.0,Route Failure,100.0,"{'node_level': {}, 'link_level': {}, 'path_level': {}}","{'node_level': {0: {'cpu': -41}, 1: {'cpu': -63}, 2: {'cpu': -87}, 3: {'cpu': -59}, 4: {'cpu': -62}, 5: {'cpu': -49}, 6: {'cpu': -34}, 7: {'cpu': -73}}, 'link_level': {(0, 3): {'bw': -48}, (0, 5): {'bw': -48}, (1, 5): {'bw': -28}, (1, 6): {'bw': -21}, (1, 7): {'bw': 100.0}}, 'path_level': {(0, 3): {}, (0, 5): {}, (1, 5): {}, (1, 6): {}, (1, 7): {}}}","{'node_level': {0: {'cpu': 0}, 1: {'cpu': 0}, 2: {'cpu': 0}, 3: {'cpu': 0}, 4: {'cpu': 0}, 5: {'cpu': 0}, 6: {'cpu': 0}, 7: {'cpu': 0}}, 'link_level': {(0, 3): {'bw': 0}, (0, 5): {'bw': 0}, (1, 5): {'bw': 0}, (1, 6): {'bw': 0}, (1, 7): {'bw': 100.0}}, 'path_level': {(0, 3): {}, (0, 5): {}, (1, 5): {}, (1, 6): {}, (1, 7): {}}}",[],-inf,-inf,True,False,False,0,[],0,0.0,8.0,5.0
117,20,3,1050.0,2742.0,608193.3925155688,1757394.9560042855,0.38293216630196936,0.3460766690137727,39,219,0,2899.2890302347223,8652,4419,4233,0.015812917594654752,0.04209097080787505,100,379.28903023472253,2520.0,4,3,False,{},{},{},{},0.0,0.0,0.0,0.0,0.0,0.0,0.0,0.0,0.0,0.0,0.0,0.0,0.0,0.0,Leave Event,0.0,"{'node_level': {}, 'link_level': {}, 'path_level': {}}","{'node_level': {}, 'link_level': {}, 'path_level': {}}","{'node_level': {}, 'link_level': {}, 'path_level': {}}",[],-inf,-inf,True,True,False,0,[],0,0.0,,
118,21,4,1102.0,2899.0,613515.7856525731,1773464.4891294716,0.3801310796826492,0.34594196242053055,41,220,1,2924.0,8495,4402,4093,0.01959910913140317,0.07377234668477028,117,102.3537141731596,2924.0,2,1,True,"{0: np.int64(20), 1: np.int64(0)}","{(0, 1): [(np.int64(20), 9), (9, 4), (4, 1), (1, 0)]}","{(0, np.int64(20)): {'cpu': 2}, (1, np.int64(0)): {'cpu': 15}}","{((0, 1), (np.int64(20), 9)): {'bw': 35}, ((0, 1), (9, 4)): {'bw': 35}, ((0, 1), (4, 1)): {'bw': 35}, ((0, 1), (1, 0)): {'bw': 35}}",157.0,52.0,34.0,17.0,35.0,17.0,35.0,17.0,140.0,105.0,0.33121019108280253,16069.533125186057,5322.393137004299,33.900593229326745,Success,0.0,"{'node_level': {}, 'link_level': {}, 'path_level': {}}","{'node_level': {0: {'cpu': -68}, 1: {'cpu': -72}}, 'link_level': {(0, 1): {'bw': -18}}, 'path_level': {(0, 1): {}}}","{'node_level': {0: {'cpu': 0}, 1: {'cpu': 0}}, 'link_level': {(0, 1): {'bw': 0}}, 'path_level': {(0, 1): {}}}",[],-inf,-inf,True,True,False,0,[],0,0.0,2.0,1.0
119,21,4,1102.0,2899.0,613515.7856525731,1773464.4891294716,0.3801310796826492,0.34594196242053055,41,221,1,2948.0,8495,4402,4093,0.01959910913140317,0.07377234668477028,118,43.62189068465407,2948.0,8,12,False,"{0: np.int64(8), 1: np.int64(39), 2: np.int64(24), 3: np.int64(62), 4: np.int64(50), 5: np.int64(28), 6: np.int64(15), 7: np.int64(20)}","{(0, 1): [(np.int64(8), 3), (3, 1), (1, 0), (0, 2), (2, 5), (5, 11), (11, 23), (23, 39)], (0, 2): []}","{(0, np.int64(8)): {'cpu': 19}, (1, np.int64(39)): {'cpu': 18}, (2, np.int64(24)): {'cpu': 0}, (3, np.int64(62)): {'cpu': 0}, (4, np.int64(50)): {'cpu': 9}, (5, np.int64(28)): {'cpu': 10}, (6, np.int64(15)): {'cpu': 16}, (7, np.int64(20)): {'cpu': 19}}","{((0, 1), (np.int64(8), 3)): {'bw': 28}, ((0, 1), (3, 1)): {'bw': 28}, ((0, 1), (1, 0)): {'bw': 28}, ((0, 1), (0, 2)): {'bw': 28}, ((0, 1), (2, 5)): {'bw': 28}, ((0, 1), (5, 11)): {'bw': 28}, ((0, 1), (11, 23)): {'bw': 28}, ((0, 1), (23, 39)): {'bw': 28}}",0.0,0.0,182.0,91.0,308.0,0.0,0.0,0.0,0.0,0.0,0.0,0.0,0.0,0.0,Route Failure,100.0,"{'node_level': {}, 'link_level': {}, 'path_level': {}}","{'node_level': {0: {'cpu': -31}, 1: {'cpu': -54}, 2: {'cpu': -79}, 3: {'cpu': -66}, 4: {'cpu': -48}, 5: {'cpu': -53}, 6: {'cpu': -59}, 7: {'cpu': -49}}, 'link_level': {(0, 1): {'bw': -15}, (0, 2): {'bw': 100.0}}, 'path_level': {(0, 1): {}, (0, 2): {}}}","{'node_level': {0: {'cpu': 0}, 1: {'cpu': 0}, 2: {'cpu': 0}, 3: {'cpu': 0}, 4: {'cpu': 0}, 5: {'cpu': 0}, 6: {'cpu': 0}, 7: {'cpu': 0}}, 'link_level': {(0, 1): {'bw': 0}, (0, 2): {'bw': 100.0}}, 'path_level': {(0, 1): {}, (0, 2): {}}}",[],-inf,-inf,True,False,False,0,[],0,0.0,8.0,2.0
119,21,4,1102.0,2899.0,613515.7856525731,1773464.4891294716,0.3801310796826492,0.34594196242053055,41,222,0,2967.1509352397843,8495,4402,4093,0.01959910913140317,0.07377234668477028,102,412.1509352397844,2555.0,4,3,False,{},{},{},{},0.0,0.0,0.0,0.0,0.0,0.0,0.0,0.0,0.0,0.0,0.0,0.0,0.0,0.0,Leave Event,0.0,"{'node_level': {}, 'link_level': {}, 'path_level': {}}","{'node_level': {}, 'link_level': {}, 'path_level': {}}","{'node_level': {}, 'link_level': {}, 'path_level': {}}",[],-inf,-inf,True,True,False,0,[],0,0.0,,
120,21,4,1102.0,2899.0,613515.7856525731,1773464.4891294716,0.3801310796826492,0.34594196242053055,41,223,1,2969.0,8495,4402,4093,0.01959910913140317,0.07377234668477028,119,22.641119568361198,2969.0,7,9,False,"{0: np.int64(28), 1: np.int64(31), 2: np.int64(15), 3: np.int64(0), 4: np.int64(18), 5: np.int64(13), 6: np.int64(38)}","{(0, 2): []}","{(0, np.int64(28)): {'cpu': 19}, (1, np.int64(31)): {'cpu': 2}, (2, np.int64(15)): {'cpu': 6}, (3, np.int64(0)): {'cpu': 4}, (4, np.int64(18)): {'cpu': 15}, (5, np.int64(13)): {'cpu': 15}, (6, np.int64(38)): {'cpu': 9}}",{},0.0,0.0,140.0,70.0,293.0,0.0,0.0,0.0,0.0,0.0,0.0,0.0,0.0,0.0,Route Failure,100.0,"{'node_level': {}, 'link_level': {}, 'path_level': {}}","{'node_level': {0: {'cpu': -44}, 1: {'cpu': -97}, 2: {'cpu': -69}, 3: {'cpu': -68}, 4: {'cpu': -72}, 5: {'cpu': -80}, 6: {'cpu': -48}}, 'link_level': {(0, 2): {'bw': 100.0}}, 'path_level': {(0, 2): {}}}","{'node_level': {0: {'cpu': 0}, 1: {'cpu': 0}, 2: {'cpu': 0}, 3: {'cpu': 0}, 4: {'cpu': 0}, 5: {'cpu': 0}, 6: {'cpu': 0}}, 'link_level': {(0, 2): {'bw': 100.0}}, 'path_level': {(0, 2): {}}}",[],-inf,-inf,True,False,False,0,[],0,0.0,7.0,1.0
120,21,4,1102.0,2899.0,613515.7856525731,1773464.4891294716,0.3801310796826492,0.34594196242053055,41,224,0,2991.621890684654,8495,4402,4093,0.01959910913140317,0.07377234668477028,118,43.62189068465407,2948.0,8,12,False,{},{},{},{},0.0,0.0,0.0,0.0,0.0,0.0,0.0,0.0,0.0,0.0,0.0,0.0,0.0,0.0,Leave Event,0.0,"{'node_level': {}, 'link_level': {}, 'path_level': {}}","{'node_level': {}, 'link_level': {}, 'path_level': {}}","{'node_level': {}, 'link_level': {}, 'path_level': {}}",[],-inf,-inf,True,True,False,0,[],0,0.0,,
120,21,4,1102.0,2899.0,613515.7856525731,1773464.4891294716,0.3801310796826492,0.34594196242053055,41,225,0,2991.6411195683613,8495,4402,4093,0.01959910913140317,0.07377234668477028,119,22.641119568361198,2969.0,7,9,False,{},{},{},{},0.0,0.0,0.0,0.0,0.0,0.0,0.0,0.0,0.0,0.0,0.0,0.0,0.0,0.0,Leave Event,0.0,"{'node_level': {}, 'link_level': {}, 'path_level': {}}","{'node_level': {}, 'link_level': {}, 'path_level': {}}","{'node_level': {}, 'link_level': {}, 'path_level': {}}",[],-inf,-inf,True,True,False,0,[],0,0.0,,
121,22,5,1163.0,3049.0,631408.3574537681,1817462.6165094594,0.381436536569367,0.34741201921744275,42,226,1,3000.0,8345,4376,3969,0.02538975501113583,0.10183299389002032,120,293.3208491999194,3000.0,3,2,True,"{0: np.int64(3), 1: np.int64(0), 2: np.int64(16)}","{(0, 2): [(np.int64(3), 7), (7, 16)], (1, 2): [(np.int64(0), 1), (1, 3), (3, 7), (7, 16)]}","{(0, np.int64(3)): {'cpu': 13}, (1, np.int64(0)): {'cpu': 9}, (2, np.int64(16)): {'cpu': 4}}","{((0, 2), (np.int64(3), 7)): {'bw': 8}, ((0, 2), (7, 16)): {'bw': 8}, ((1, 2), (np.int64(0), 1)): {'bw': 27}, ((1, 2), (1, 3)): {'bw': 27}, ((1, 2), (3, 7)): {'bw': 27}, ((1, 2), (7, 16)): {'bw': 27}}",150.0,61.0,52.0,26.0,35.0,26.0,35.0,26.0,124.0,89.0,0.4066666666666667,43998.12737998791,17892.57180119508,119.28381200796723,Success,0.0,"{'node_level': {}, 'link_level': {}, 'path_level': {}}","{'node_level': {0: {'cpu': -40}, 1: {'cpu': -63}, 2: {'cpu': -96}}, 'link_level': {(0, 2): {'bw': -51}, (1, 2): {'bw': -16}}, 'path_level': {(0, 2): {}, (1, 2): {}}}","{'node_level': {0: {'cpu': 0}, 1: {'cpu': 0}, 2: {'cpu': 0}}, 'link_level': {(0, 2): {'bw': 0}, (1, 2): {'bw': 0}}, 'path_level': {(0, 2): {}, (1, 2): {}}}",[],-inf,-inf,True,True,False,0,[],0,0.0,3.0,2.0
121,22,5,1163.0,3049.0,631408.3574537681,1817462.6165094594,0.381436536569367,0.34741201921744275,42,227,0,3022.4812262199443,8345,4376,3969,0.02538975501113583,0.10183299389002032,114,177.48122621994455,2845.0,3,2,False,{},{},{},{},0.0,0.0,0.0,0.0,0.0,0.0,0.0,0.0,0.0,0.0,0.0,0.0,0.0,0.0,Leave Event,0.0,"{'node_level': {}, 'link_level': {}, 'path_level': {}}","{'node_level': {}, 'link_level': {}, 'path_level': {}}","{'node_level': {}, 'link_level': {}, 'path_level': {}}",[],-inf,-inf,True,True,False,0,[],0,0.0,,
122,22,5,1163.0,3049.0,631408.3574537681,1817462.6165094594,0.381436536569367,0.34741201921744275,42,228,1,3024.0,8345,4376,3969,0.02538975501113583,0.10183299389002032,121,9.753897258871314,3024.0,4,5,False,"{0: np.int64(22), 1: np.int64(58), 2: np.int64(51), 3: np.int64(4)}","{(0, 2): [(np.int64(22), 10), (10, 4), (4, 9), (9, 19), (19, 51)], (0, 3): []}","{(0, np.int64(22)): {'cpu': 14}, (1, np.int64(58)): {'cpu': 15}, (2, np.int64(51)): {'cpu': 8}, (3, np.int64(4)): {'cpu': 5}}","{((0, 2), (np.int64(22), 10)): {'bw': 41}, ((0, 2), (10, 4)): {'bw': 41}, ((0, 2), (4, 9)): {'bw': 41}, ((0, 2), (9, 19)): {'bw': 41}, ((0, 2), (19, 51)): {'bw': 41}}",0.0,0.0,84.0,42.0,184.0,0.0,0.0,0.0,0.0,0.0,0.0,0.0,0.0,0.0,Route Failure,100.0,"{'node_level': {}, 'link_level': {}, 'path_level': {}}","{'node_level': {0: {'cpu': -64}, 1: {'cpu': -84}, 2: {'cpu': -45}, 3: {'cpu': -54}}, 'link_level': {(0, 2): {'bw': -8}, (0, 3): {'bw': 100.0}}, 'path_level': {(0, 2): {}, (0, 3): {}}}","{'node_level': {0: {'cpu': 0}, 1: {'cpu': 0}, 2: {'cpu': 0}, 3: {'cpu': 0}}, 'link_level': {(0, 2): {'bw': 0}, (0, 3): {'bw': 100.0}}, 'path_level': {(0, 2): {}, (0, 3): {}}}",[],-inf,-inf,True,False,False,0,[],0,0.0,4.0,2.0
122,22,4,1163.0,3049.0,631408.3574537681,1817462.6165094594,0.381436536569367,0.34741201921744275,42,229,0,3026.3537141731595,8502,4393,4109,0.02160356347438752,0.0701516180131252,117,102.3537141731596,2924.0,2,1,False,{},{},{},{},0.0,0.0,0.0,0.0,0.0,0.0,0.0,0.0,0.0,0.0,0.0,0.0,0.0,0.0,Leave Event,0.0,"{'node_level': {}, 'link_level': {}, 'path_level': {}}","{'node_level': {}, 'link_level': {}, 'path_level': {}}","{'node_level': {}, 'link_level': {}, 'path_level': {}}",[],-inf,-inf,True,True,False,0,[],0,0.0,,
122,22,4,1163.0,3049.0,631408.3574537681,1817462.6165094594,0.381436536569367,0.34741201921744275,42,230,0,3028.6521937181046,8502,4393,4109,0.02160356347438752,0.0701516180131252,80,1010.6521937181047,2018.0,10,27,False,{},{},{},{},0.0,0.0,0.0,0.0,0.0,0.0,0.0,0.0,0.0,0.0,0.0,0.0,0.0,0.0,Leave Event,0.0,"{'node_level': {}, 'link_level': {}, 'path_level': {}}","{'node_level': {}, 'link_level': {}, 'path_level': {}}","{'node_level': {}, 'link_level': {}, 'path_level': {}}",[],-inf,-inf,True,True,False,0,[],0,0.0,,
122,22,4,1163.0,3049.0,631408.3574537681,1817462.6165094594,0.381436536569367,0.34741201921744275,42,231,0,3033.7538972588713,8502,4393,4109,0.02160356347438752,0.0701516180131252,121,9.753897258871314,3024.0,4,5,False,{},{},{},{},0.0,0.0,0.0,0.0,0.0,0.0,0.0,0.0,0.0,0.0,0.0,0.0,0.0,0.0,Leave Event,0.0,"{'node_level': {}, 'link_level': {}, 'path_level': {}}","{'node_level': {}, 'link_level': {}, 'path_level': {}}","{'node_level': {}, 'link_level': {}, 'path_level': {}}",[],-inf,-inf,True,True,False,0,[],0,0.0,,
123,22,4,1163.0,3049.0,631408.3574537681,1817462.6165094594,0.381436536569367,0.34741201921744275,42,232,1,3052.0,8502,4393,4109,0.02160356347438752,0.0701516180131252,122,34.69221518550247,3052.0,3,3,False,"{0: np.int64(32), 1: np.int64(53), 2: np.int64(44)}","{(0, 1): [(np.int64(32), 16), (16, 7), (7, 3), (3, 1), (1, 4), (4, 10), (10, 21), (21, 53)], (0, 2): []}","{(0, np.int64(32)): {'cpu': 5}, (1, np.int64(53)): {'cpu': 1}, (2, np.int64(44)): {'cpu': 10}}","{((0, 1), (np.int64(32), 16)): {'bw': 19}, ((0, 1), (16, 7)): {'bw': 19}, ((0, 1), (7, 3)): {'bw': 19}, ((0, 1), (3, 1)): {'bw': 19}, ((0, 1), (1, 4)): {'bw': 19}, ((0, 1), (4, 10)): {'bw': 19}, ((0, 1), (10, 21)): {'bw': 19}, ((0, 1), (21, 53)): {'bw': 19}}",0.0,0.0,32.0,16.0,93.0,0.0,0.0,0.0,0.0,0.0,0.0,0.0,0.0,0.0,Route Failure,100.0,"{'node_level': {}, 'link_level': {}, 'path_level': {}}","{'node_level': {0: {'cpu': -75}, 1: {'cpu': -70}, 2: {'cpu': -64}}, 'link_level': {(0, 1): {'bw': -5}, (0, 2): {'bw': 100.0}}, 'path_level': {(0, 1): {}, (0, 2): {}}}","{'node_level': {0: {'cpu': 0}, 1: {'cpu': 0}, 2: {'cpu': 0}}, 'link_level': {(0, 1): {'bw': 0}, (0, 2): {'bw': 100.0}}, 'path_level': {(0, 1): {}, (0, 2): {}}}",[],-inf,-inf,True,False,False,0,[],0,0.0,3.0,2.0
124,22,4,1163.0,3049.0,631408.3574537681,1817462.6165094594,0.381436536569367,0.34741201921744275,42,233,1,3073.0,8502,4393,4109,0.02160356347438752,0.0701516180131252,123,835.049353068204,3073.0,7,11,False,"{0: np.int64(4), 1: np.int64(45), 2: np.int64(51), 3: np.int64(49), 4: np.int64(56), 5: np.int64(18), 6: np.int64(15)}","{(0, 2): [(np.int64(4), 9), (9, 19), (19, 51)], (0, 4): [(np.int64(4), 1), (1, 0), (0, 2), (2, 5), (5, 11), (11, 24), (24, 56)], (1, 3): []}","{(0, np.int64(4)): {'cpu': 5}, (1, np.int64(45)): {'cpu': 8}, (2, np.int64(51)): {'cpu': 15}, (3, np.int64(49)): {'cpu': 12}, (4, np.int64(56)): {'cpu': 10}, (5, np.int64(18)): {'cpu': 1}, (6, np.int64(15)): {'cpu': 0}}","{((0, 2), (np.int64(4), 9)): {'bw': 0}, ((0, 2), (9, 19)): {'bw': 0}, ((0, 2), (19, 51)): {'bw': 0}, ((0, 4), (np.int64(4), 1)): {'bw': 49}, ((0, 4), (1, 0)): {'bw': 49}, ((0, 4), (0, 2)): {'bw': 49}, ((0, 4), (2, 5)): {'bw': 49}, ((0, 4), (5, 11)): {'bw': 49}, ((0, 4), (11, 24)): {'bw': 49}, ((0, 4), (24, 56)): {'bw': 49}}",0.0,0.0,102.0,51.0,290.0,0.0,0.0,0.0,0.0,0.0,0.0,0.0,0.0,0.0,Route Failure,100.0,"{'node_level': {}, 'link_level': {}, 'path_level': {}}","{'node_level': {0: {'cpu': -54}, 1: {'cpu': -55}, 2: {'cpu': -38}, 3: {'cpu': -61}, 4: {'cpu': -44}, 5: {'cpu': -86}, 6: {'cpu': -75}}, 'link_level': {(0, 2): {'bw': -73}, (0, 4): {'bw': -1}, (1, 3): {'bw': 100.0}}, 'path_level': {(0, 2): {}, (0, 4): {}, (1, 3): {}}}","{'node_level': {0: {'cpu': 0}, 1: {'cpu': 0}, 2: {'cpu': 0}, 3: {'cpu': 0}, 4: {'cpu': 0}, 5: {'cpu': 0}, 6: {'cpu': 0}}, 'link_level': {(0, 2): {'bw': 0}, (0, 4): {'bw': 0}, (1, 3): {'bw': 100.0}}, 'path_level': {(0, 2): {}, (0, 4): {}, (1, 3): {}}}",[],-inf,-inf,True,False,False,0,[],0,0.0,7.0,3.0
124,22,4,1163.0,3049.0,631408.3574537681,1817462.6165094594,0.381436536569367,0.34741201921744275,42,234,0,3086.6922151855024,8502,4393,4109,0.02160356347438752,0.0701516180131252,122,34.69221518550247,3052.0,3,3,False,{},{},{},{},0.0,0.0,0.0,0.0,0.0,0.0,0.0,0.0,0.0,0.0,0.0,0.0,0.0,0.0,Leave Event,0.0,"{'node_level': {}, 'link_level': {}, 'path_level': {}}","{'node_level': {}, 'link_level': {}, 'path_level': {}}","{'node_level': {}, 'link_level': {}, 'path_level': {}}",[],-inf,-inf,True,True,False,0,[],0,0.0,,
125,22,4,1163.0,3049.0,631408.3574537681,1817462.6165094594,0.381436536569367,0.34741201921744275,42,235,1,3101.0,8502,4393,4109,0.02160356347438752,0.0701516180131252,124,505.7000551442834,3101.0,6,10,False,"{0: np.int64(60), 1: np.int64(55), 2: np.int64(54), 3: np.int64(51), 4: np.int64(15), 5: np.int64(58)}","{(0, 2): []}","{(0, np.int64(60)): {'cpu': 2}, (1, np.int64(55)): {'cpu': 11}, (2, np.int64(54)): {'cpu': 10}, (3, np.int64(51)): {'cpu': 5}, (4, np.int64(15)): {'cpu': 1}, (5, np.int64(58)): {'cpu': 17}}",{},0.0,0.0,92.0,46.0,329.0,0.0,0.0,0.0,0.0,0.0,0.0,0.0,0.0,0.0,Route Failure,100.0,"{'node_level': {}, 'link_level': {}, 'path_level': {}}","{'node_level': {0: {'cpu': -46}, 1: {'cpu': -42}, 2: {'cpu': -89}, 3: {'cpu': -48}, 4: {'cpu': -74}, 5: {'cpu': -82}}, 'link_level': {(0, 2): {'bw': 100.0}}, 'path_level': {(0, 2): {}}}","{'node_level': {0: {'cpu': 0}, 1: {'cpu': 0}, 2: {'cpu': 0}, 3: {'cpu': 0}, 4: {'cpu': 0}, 5: {'cpu': 0}}, 'link_level': {(0, 2): {'bw': 100.0}}, 'path_level': {(0, 2): {}}}",[],-inf,-inf,True,False,False,0,[],0,0.0,6.0,1.0
125,22,4,1163.0,3049.0,631408.3574537681,1817462.6165094594,0.381436536569367,0.34741201921744275,42,236,0,3101.896971974169,8502,4393,4109,0.02160356347438752,0.0701516180131252,92,778.8969719741689,2323.0,10,25,False,{},{},{},{},0.0,0.0,0.0,0.0,0.0,0.0,0.0,0.0,0.0,0.0,0.0,0.0,0.0,0.0,Leave Event,0.0,"{'node_level': {}, 'link_level': {}, 'path_level': {}}","{'node_level': {}, 'link_level': {}, 'path_level': {}}","{'node_level': {}, 'link_level': {}, 'path_level': {}}",[],-inf,-inf,True,True,False,0,[],0,0.0,,
126,23,5,1208.0,3284.0,664756.6551889537,1991614.8380154285,0.36784409257003653,0.3337777177093938,42,237,1,3129.0,8267,4386,3881,0.023162583518930968,0.12174700158406881,125,741.0732830041238,3129.0,2,1,True,"{0: np.int64(54), 1: np.int64(2)}","{(0, 1): [(np.int64(54), 22), (22, 10), (10, 4), (4, 1), (1, 0), (0, 2)]}","{(0, np.int64(54)): {'cpu': 7}, (1, np.int64(2)): {'cpu': 0}}","{((0, 1), (np.int64(54), 22)): {'bw': 38}, ((0, 1), (22, 10)): {'bw': 38}, ((0, 1), (10, 4)): {'bw': 38}, ((0, 1), (4, 1)): {'bw': 38}, ((0, 1), (1, 0)): {'bw': 38}, ((0, 1), (0, 2)): {'bw': 38}}",235.0,45.0,14.0,7.0,38.0,7.0,38.0,7.0,228.0,190.0,0.19148936170212766,174152.2215059691,33348.29773518557,141.90764993695987,Success,0.0,"{'node_level': {}, 'link_level': {}, 'path_level': {}}","{'node_level': {0: {'cpu': -92}, 1: {'cpu': -62}}, 'link_level': {(0, 1): {'bw': -13}}, 'path_level': {(0, 1): {}}}","{'node_level': {0: {'cpu': 0}, 1: {'cpu': 0}}, 'link_level': {(0, 1): {'bw': 0}}, 'path_level': {(0, 1): {}}}",[],-inf,-inf,True,True,False,0,[],0,0.0,2.0,1.0
126,23,4,1208.0,3284.0,664756.6551889537,1991614.8380154285,0.36784409257003653,0.3337777177093938,42,238,0,3144.2994266466994,8282,4392,3890,0.02182628062360803,0.11971034170626838,64,1498.2994266466997,1646.0,2,1,False,{},{},{},{},0.0,0.0,0.0,0.0,0.0,0.0,0.0,0.0,0.0,0.0,0.0,0.0,0.0,0.0,Leave Event,0.0,"{'node_level': {}, 'link_level': {}, 'path_level': {}}","{'node_level': {}, 'link_level': {}, 'path_level': {}}","{'node_level': {}, 'link_level': {}, 'path_level': {}}",[],-inf,-inf,True,True,False,0,[],0,0.0,,
127,23,4,1208.0,3284.0,664756.6551889537,1991614.8380154285,0.36784409257003653,0.3337777177093938,42,239,1,3146.0,8282,4392,3890,0.02182628062360803,0.11971034170626838,126,611.5474640184489,3146.0,9,17,False,"{0: np.int64(62), 1: np.int64(11), 2: np.int64(9), 3: np.int64(7), 4: np.int64(53), 5: np.int64(31), 6: np.int64(18), 7: np.int64(17), 8: np.int64(33)}","{(0, 5): []}","{(0, np.int64(62)): {'cpu': 6}, (1, np.int64(11)): {'cpu': 9}, (2, np.int64(9)): {'cpu': 15}, (3, np.int64(7)): {'cpu': 0}, (4, np.int64(53)): {'cpu': 17}, (5, np.int64(31)): {'cpu': 6}, (6, np.int64(18)): {'cpu': 0}, (7, np.int64(17)): {'cpu': 9}, (8, np.int64(33)): {'cpu': 14}}",{},0.0,0.0,152.0,76.0,467.0,0.0,0.0,0.0,0.0,0.0,0.0,0.0,0.0,0.0,Route Failure,100.0,"{'node_level': {}, 'link_level': {}, 'path_level': {}}","{'node_level': {0: {'cpu': -60}, 1: {'cpu': -53}, 2: {'cpu': -51}, 3: {'cpu': -65}, 4: {'cpu': -54}, 5: {'cpu': -93}, 6: {'cpu': -87}, 7: {'cpu': -61}, 8: {'cpu': -68}}, 'link_level': {(0, 5): {'bw': 100.0}}, 'path_level': {(0, 5): {}}}","{'node_level': {0: {'cpu': 0}, 1: {'cpu': 0}, 2: {'cpu': 0}, 3: {'cpu': 0}, 4: {'cpu': 0}, 5: {'cpu': 0}, 6: {'cpu': 0}, 7: {'cpu': 0}, 8: {'cpu': 0}}, 'link_level': {(0, 5): {'bw': 100.0}}, 'path_level': {(0, 5): {}}}",[],-inf,-inf,True,False,False,0,[],0,0.0,9.0,1.0
127,23,4,1208.0,3284.0,664756.6551889537,1991614.8380154285,0.36784409257003653,0.3337777177093938,42,240,0,3162.484586826813,8282,4392,3890,0.02182628062360803,0.11971034170626838,112,364.48458682681286,2798.0,8,12,False,{},{},{},{},0.0,0.0,0.0,0.0,0.0,0.0,0.0,0.0,0.0,0.0,0.0,0.0,0.0,0.0,Leave Event,0.0,"{'node_level': {}, 'link_level': {}, 'path_level': {}}","{'node_level': {}, 'link_level': {}, 'path_level': {}}","{'node_level': {}, 'link_level': {}, 'path_level': {}}",[],-inf,-inf,True,True,False,0,[],0,0.0,,
128,23,4,1208.0,3284.0,664756.6551889537,1991614.8380154285,0.36784409257003653,0.3337777177093938,42,241,1,3179.0,8282,4392,3890,0.02182628062360803,0.11971034170626838,127,136.04277738700898,3179.0,10,14,False,"{0: np.int64(8), 1: np.int64(12), 2: np.int64(15), 3: np.int64(59), 4: np.int64(48), 5: np.int64(14), 6: np.int64(37), 7: np.int64(41), 8: np.int64(10), 9: np.int64(0)}","{(0, 4): []}","{(0, np.int64(8)): {'cpu': 19}, (1, np.int64(12)): {'cpu': 10}, (2, np.int64(15)): {'cpu': 15}, (3, np.int64(59)): {'cpu': 12}, (4, np.int64(48)): {'cpu': 2}, (5, np.int64(14)): {'cpu': 19}, (6, np.int64(37)): {'cpu': 12}, (7, np.int64(41)): {'cpu': 13}, (8, np.int64(10)): {'cpu': 17}, (9, np.int64(0)): {'cpu': 14}}",{},0.0,0.0,266.0,133.0,372.0,0.0,0.0,0.0,0.0,0.0,0.0,0.0,0.0,0.0,Route Failure,100.0,"{'node_level': {}, 'link_level': {}, 'path_level': {}}","{'node_level': {0: {'cpu': -31}, 1: {'cpu': -47}, 2: {'cpu': -60}, 3: {'cpu': -81}, 4: {'cpu': -56}, 5: {'cpu': -37}, 6: {'cpu': -47}, 7: {'cpu': -37}, 8: {'cpu': -34}, 9: {'cpu': -64}}, 'link_level': {(0, 4): {'bw': 100.0}}, 'path_level': {(0, 4): {}}}","{'node_level': {0: {'cpu': 0}, 1: {'cpu': 0}, 2: {'cpu': 0}, 3: {'cpu': 0}, 4: {'cpu': 0}, 5: {'cpu': 0}, 6: {'cpu': 0}, 7: {'cpu': 0}, 8: {'cpu': 0}, 9: {'cpu': 0}}, 'link_level': {(0, 4): {'bw': 100.0}}, 'path_level': {(0, 4): {}}}",[],-inf,-inf,True,False,False,0,[],0,0.0,10.0,1.0
129,23,4,1208.0,3284.0,664756.6551889537,1991614.8380154285,0.36784409257003653,0.3337777177093938,42,242,1,3199.0,8282,4392,3890,0.02182628062360803,0.11971034170626838,128,22.717319376017116,3199.0,7,11,False,"{0: np.int64(46), 1: np.int64(58), 2: np.int64(47), 3: np.int64(33), 4: np.int64(16), 5: np.int64(11), 6: np.int64(25)}","{(0, 3): []}","{(0, np.int64(46)): {'cpu': 3}, (1, np.int64(58)): {'cpu': 9}, (2, np.int64(47)): {'cpu': 1}, (3, np.int64(33)): {'cpu': 6}, (4, np.int64(16)): {'cpu': 12}, (5, np.int64(11)): {'cpu': 15}, (6, np.int64(25)): {'cpu': 3}}",{},0.0,0.0,98.0,49.0,235.0,0.0,0.0,0.0,0.0,0.0,0.0,0.0,0.0,0.0,Route Failure,100.0,"{'node_level': {}, 'link_level': {}, 'path_level': {}}","{'node_level': {0: {'cpu': -94}, 1: {'cpu': -90}, 2: {'cpu': -91}, 3: {'cpu': -76}, 4: {'cpu': -84}, 5: {'cpu': -47}, 6: {'cpu': -61}}, 'link_level': {(0, 3): {'bw': 100.0}}, 'path_level': {(0, 3): {}}}","{'node_level': {0: {'cpu': 0}, 1: {'cpu': 0}, 2: {'cpu': 0}, 3: {'cpu': 0}, 4: {'cpu': 0}, 5: {'cpu': 0}, 6: {'cpu': 0}}, 'link_level': {(0, 3): {'bw': 100.0}}, 'path_level': {(0, 3): {}}}",[],-inf,-inf,True,False,False,0,[],0,0.0,7.0,1.0
129,23,4,1208.0,3284.0,664756.6551889537,1991614.8380154285,0.36784409257003653,0.3337777177093938,42,243,0,3199.096178805067,8282,4392,3890,0.02182628062360803,0.11971034170626838,105,577.0961788050674,2622.0,4,3,False,{},{},{},{},0.0,0.0,0.0,0.0,0.0,0.0,0.0,0.0,0.0,0.0,0.0,0.0,0.0,0.0,Leave Event,0.0,"{'node_level': {}, 'link_level': {}, 'path_level': {}}","{'node_level': {}, 'link_level': {}, 'path_level': {}}","{'node_level': {}, 'link_level': {}, 'path_level': {}}",[],-inf,-inf,True,True,False,0,[],0,0.0,,
129,23,4,1208.0,3284.0,664756.6551889537,1991614.8380154285,0.36784409257003653,0.3337777177093938,42,244,0,3207.010502376811,8282,4392,3890,0.02182628062360803,0.11971034170626838,66,1527.0105023768108,1680.0,9,19,False,{},{},{},{},0.0,0.0,0.0,0.0,0.0,0.0,0.0,0.0,0.0,0.0,0.0,0.0,0.0,0.0,Leave Event,0.0,"{'node_level': {}, 'link_level': {}, 'path_level': {}}","{'node_level': {}, 'link_level': {}, 'path_level': {}}","{'node_level': {}, 'link_level': {}, 'path_level': {}}",[],-inf,-inf,True,True,False,0,[],0,0.0,,
129,23,3,1208.0,3284.0,664756.6551889537,1991614.8380154285,0.36784409257003653,0.3337777177093938,42,245,0,3207.6958394840694,8493,4437,4056,0.011804008908685937,0.08214528173794977,59,1686.6958394840692,1521.0,4,3,False,{},{},{},{},0.0,0.0,0.0,0.0,0.0,0.0,0.0,0.0,0.0,0.0,0.0,0.0,0.0,0.0,Leave Event,0.0,"{'node_level': {}, 'link_level': {}, 'path_level': {}}","{'node_level': {}, 'link_level': {}, 'path_level': {}}","{'node_level': {}, 'link_level': {}, 'path_level': {}}",[],-inf,-inf,True,True,False,0,[],0,0.0,,
130,23,3,1208.0,3284.0,664756.6551889537,1991614.8380154285,0.36784409257003653,0.3337777177093938,42,246,1,3217.0,8493,4437,4056,0.011804008908685937,0.08214528173794977,129,165.09781486553914,3217.0,9,16,False,"{0: np.int64(21), 1: np.int64(31), 2: np.int64(43), 3: np.int64(26), 4: np.int64(29), 5: np.int64(37), 6: np.int64(19), 7: np.int64(48), 8: np.int64(36)}","{(0, 1): []}","{(0, np.int64(21)): {'cpu': 15}, (1, np.int64(31)): {'cpu': 11}, (2, np.int64(43)): {'cpu': 4}, (3, np.int64(26)): {'cpu': 12}, (4, np.int64(29)): {'cpu': 7}, (5, np.int64(37)): {'cpu': 16}, (6, np.int64(19)): {'cpu': 5}, (7, np.int64(48)): {'cpu': 17}, (8, np.int64(36)): {'cpu': 17}}",{},0.0,0.0,208.0,104.0,359.0,0.0,0.0,0.0,0.0,0.0,0.0,0.0,0.0,0.0,Route Failure,100.0,"{'node_level': {}, 'link_level': {}, 'path_level': {}}","{'node_level': {0: {'cpu': -46}, 1: {'cpu': -88}, 2: {'cpu': -54}, 3: {'cpu': -88}, 4: {'cpu': -66}, 5: {'cpu': -43}, 6: {'cpu': -63}, 7: {'cpu': -41}, 8: {'cpu': -74}}, 'link_level': {(0, 1): {'bw': 100.0}}, 'path_level': {(0, 1): {}}}","{'node_level': {0: {'cpu': 0}, 1: {'cpu': 0}, 2: {'cpu': 0}, 3: {'cpu': 0}, 4: {'cpu': 0}, 5: {'cpu': 0}, 6: {'cpu': 0}, 7: {'cpu': 0}, 8: {'cpu': 0}}, 'link_level': {(0, 1): {'bw': 100.0}}, 'path_level': {(0, 1): {}}}",[],-inf,-inf,True,False,False,0,[],0,0.0,9.0,1.0
130,23,3,1208.0,3284.0,664756.6551889537,1991614.8380154285,0.36784409257003653,0.3337777177093938,42,247,0,3221.7173193760173,8493,4437,4056,0.011804008908685937,0.08214528173794977,128,22.717319376017116,3199.0,7,11,False,{},{},{},{},0.0,0.0,0.0,0.0,0.0,0.0,0.0,0.0,0.0,0.0,0.0,0.0,0.0,0.0,Leave Event,0.0,"{'node_level': {}, 'link_level': {}, 'path_level': {}}","{'node_level': {}, 'link_level': {}, 'path_level': {}}","{'node_level': {}, 'link_level': {}, 'path_level': {}}",[],-inf,-inf,True,True,False,0,[],0,0.0,,
131,24,4,1263.0,3386.0,719843.1348333592,2093775.2184468713,0.3730064973419965,0.34380153537557256,43,248,1,3253.0,8391,4429,3962,0.013585746102449892,0.10341706268386508,130,1001.5723571710075,3253.0,2,1,True,"{0: np.int64(10), 1: np.int64(53)}","{(0, 1): [(np.int64(10), 21), (21, 53)]}","{(0, np.int64(10)): {'cpu': 6}, (1, np.int64(53)): {'cpu': 2}}","{((0, 1), (np.int64(10), 21)): {'bw': 47}, ((0, 1), (21, 53)): {'bw': 47}}",102.0,55.0,16.0,8.0,47.0,8.0,47.0,8.0,94.0,47.0,0.5392156862745098,102160.38043144277,55086.479644405415,540.0635259255432,Success,0.0,"{'node_level': {}, 'link_level': {}, 'path_level': {}}","{'node_level': {0: {'cpu': -45}, 1: {'cpu': -69}}, 'link_level': {(0, 1): {'bw': -6}}, 'path_level': {(0, 1): {}}}","{'node_level': {0: {'cpu': 0}, 1: {'cpu': 0}}, 'link_level': {(0, 1): {'bw': 0}}, 'path_level': {(0, 1): {}}}",[],-inf,-inf,True,True,False,0,[],0,0.0,2.0,1.0
131,24,4,1263.0,3386.0,719843.1348333592,2093775.2184468713,0.3730064973419965,0.34380153537557256,43,249,0,3264.0471188901165,8391,4429,3962,0.013585746102449892,0.10341706268386508,115,389.0471188901165,2875.0,6,9,False,{},{},{},{},0.0,0.0,0.0,0.0,0.0,0.0,0.0,0.0,0.0,0.0,0.0,0.0,0.0,0.0,Leave Event,0.0,"{'node_level': {}, 'link_level': {}, 'path_level': {}}","{'node_level': {}, 'link_level': {}, 'path_level': {}}","{'node_level': {}, 'link_level': {}, 'path_level': {}}",[],-inf,-inf,True,True,False,0,[],0,0.0,,
132,24,4,1263.0,3386.0,719843.1348333592,2093775.2184468713,0.3730064973419965,0.34380153537557256,43,250,1,3277.0,8391,4429,3962,0.013585746102449892,0.10341706268386508,131,37.9673720087531,3277.0,5,5,False,"{0: np.int64(27), 1: np.int64(0), 2: np.int64(3), 3: np.int64(35), 4: np.int64(4)}","{(0, 3): [(np.int64(27), 13), (13, 6), (6, 2), (2, 0), (0, 1), (1, 4), (4, 9), (9, 19), (19, 35)], (1, 2): []}","{(0, np.int64(27)): {'cpu': 13}, (1, np.int64(0)): {'cpu': 10}, (2, np.int64(3)): {'cpu': 3}, (3, np.int64(35)): {'cpu': 10}, (4, np.int64(4)): {'cpu': 19}}","{((0, 3), (np.int64(27), 13)): {'bw': 11}, ((0, 3), (13, 6)): {'bw': 11}, ((0, 3), (6, 2)): {'bw': 11}, ((0, 3), (2, 0)): {'bw': 11}, ((0, 3), (0, 1)): {'bw': 11}, ((0, 3), (1, 4)): {'bw': 11}, ((0, 3), (4, 9)): {'bw': 11}, ((0, 3), (9, 19)): {'bw': 11}, ((0, 3), (19, 35)): {'bw': 11}}",0.0,0.0,110.0,55.0,72.0,0.0,0.0,0.0,0.0,0.0,0.0,0.0,0.0,0.0,Route Failure,100.0,"{'node_level': {}, 'link_level': {}, 'path_level': {}}","{'node_level': {0: {'cpu': -41}, 1: {'cpu': -68}, 2: {'cpu': -37}, 3: {'cpu': -53}, 4: {'cpu': -40}}, 'link_level': {(0, 3): {'bw': -16}, (1, 2): {'bw': 100.0}}, 'path_level': {(0, 3): {}, (1, 2): {}}}","{'node_level': {0: {'cpu': 0}, 1: {'cpu': 0}, 2: {'cpu': 0}, 3: {'cpu': 0}, 4: {'cpu': 0}}, 'link_level': {(0, 3): {'bw': 0}, (1, 2): {'bw': 100.0}}, 'path_level': {(0, 3): {}, (1, 2): {}}}",[],-inf,-inf,True,False,False,0,[],0,0.0,5.0,2.0
132,24,3,1263.0,3386.0,719843.1348333592,2093775.2184468713,0.3730064973419965,0.34380153537557256,43,251,0,3293.3208491999194,8541,4455,4086,0.007795100222717122,0.07535641547861505,120,293.3208491999194,3000.0,3,2,False,{},{},{},{},0.0,0.0,0.0,0.0,0.0,0.0,0.0,0.0,0.0,0.0,0.0,0.0,0.0,0.0,Leave Event,0.0,"{'node_level': {}, 'link_level': {}, 'path_level': {}}","{'node_level': {}, 'link_level': {}, 'path_level': {}}","{'node_level': {}, 'link_level': {}, 'path_level': {}}",[],-inf,-inf,True,True,False,0,[],0,0.0,,
133,24,3,1263.0,3386.0,719843.1348333592,2093775.2184468713,0.3730064973419965,0.34380153537557256,43,252,1,3303.0,8541,4455,4086,0.007795100222717122,0.07535641547861505,132,539.8931488130315,3303.0,3,2,False,"{0: np.int64(10), 1: np.int64(42), 2: np.int64(7)}","{(0, 1): []}","{(0, np.int64(10)): {'cpu': 13}, (1, np.int64(42)): {'cpu': 20}, (2, np.int64(7)): {'cpu': 17}}",{},0.0,0.0,100.0,50.0,67.0,0.0,0.0,0.0,0.0,0.0,0.0,0.0,0.0,0.0,Route Failure,100.0,"{'node_level': {}, 'link_level': {}, 'path_level': {}}","{'node_level': {0: {'cpu': -32}, 1: {'cpu': -47}, 2: {'cpu': -48}}, 'link_level': {(0, 1): {'bw': 100.0}}, 'path_level': {(0, 1): {}}}","{'node_level': {0: {'cpu': 0}, 1: {'cpu': 0}, 2: {'cpu': 0}}, 'link_level': {(0, 1): {'bw': 100.0}}, 'path_level': {(0, 1): {}}}",[],-inf,-inf,True,False,False,0,[],0,0.0,3.0,1.0
133,24,3,1263.0,3386.0,719843.1348333592,2093775.2184468713,0.3730064973419965,0.34380153537557256,43,253,0,3314.967372008753,8541,4455,4086,0.007795100222717122,0.07535641547861505,131,37.9673720087531,3277.0,5,5,False,{},{},{},{},0.0,0.0,0.0,0.0,0.0,0.0,0.0,0.0,0.0,0.0,0.0,0.0,0.0,0.0,Leave Event,0.0,"{'node_level': {}, 'link_level': {}, 'path_level': {}}","{'node_level': {}, 'link_level': {}, 'path_level': {}}","{'node_level': {}, 'link_level': {}, 'path_level': {}}",[],-inf,-inf,True,True,False,0,[],0,0.0,,
133,24,3,1263.0,3386.0,719843.1348333592,2093775.2184468713,0.3730064973419965,0.34380153537557256,43,254,0,3315.0427773870088,8541,4455,4086,0.007795100222717122,0.07535641547861505,127,136.04277738700898,3179.0,10,14,False,{},{},{},{},0.0,0.0,0.0,0.0,0.0,0.0,0.0,0.0,0.0,0.0,0.0,0.0,0.0,0.0,Leave Event,0.0,"{'node_level': {}, 'link_level': {}, 'path_level': {}}","{'node_level': {}, 'link_level': {}, 'path_level': {}}","{'node_level': {}, 'link_level': {}, 'path_level': {}}",[],-inf,-inf,True,True,False,0,[],0,0.0,,
134,24,3,1263.0,3386.0,719843.1348333592,2093775.2184468713,0.3730064973419965,0.34380153537557256,43,255,1,3326.0,8541,4455,4086,0.007795100222717122,0.07535641547861505,133,103.74496741009307,3326.0,6,10,False,"{0: np.int64(35), 1: np.int64(9), 2: np.int64(52), 3: np.int64(60), 4: np.int64(12), 5: np.int64(14)}","{(0, 1): [(np.int64(35), 19), (19, 9)], (0, 3): [(np.int64(35), 19), (19, 9), (9, 4), (4, 1), (1, 0), (0, 2), (2, 6), (6, 13), (13, 28), (28, 60)], (0, 5): []}","{(0, np.int64(35)): {'cpu': 15}, (1, np.int64(9)): {'cpu': 5}, (2, np.int64(52)): {'cpu': 2}, (3, np.int64(60)): {'cpu': 12}, (4, np.int64(12)): {'cpu': 0}, (5, np.int64(14)): {'cpu': 15}}","{((0, 1), (np.int64(35), 19)): {'bw': 18}, ((0, 1), (19, 9)): {'bw': 18}, ((0, 3), (np.int64(35), 19)): {'bw': 27}, ((0, 3), (19, 9)): {'bw': 27}, ((0, 3), (9, 4)): {'bw': 27}, ((0, 3), (4, 1)): {'bw': 27}, ((0, 3), (1, 0)): {'bw': 27}, ((0, 3), (0, 2)): {'bw': 27}, ((0, 3), (2, 6)): {'bw': 27}, ((0, 3), (6, 13)): {'bw': 27}, ((0, 3), (13, 28)): {'bw': 27}, ((0, 3), (28, 60)): {'bw': 27}}",0.0,0.0,98.0,49.0,199.0,0.0,0.0,0.0,0.0,0.0,0.0,0.0,0.0,0.0,Route Failure,100.0,"{'node_level': {}, 'link_level': {}, 'path_level': {}}","{'node_level': {0: {'cpu': -48}, 1: {'cpu': -61}, 2: {'cpu': -54}, 3: {'cpu': -50}, 4: {'cpu': -57}, 5: {'cpu': -41}}, 'link_level': {(0, 1): {'bw': -55}, (0, 3): {'bw': 0}, (0, 5): {'bw': 100.0}}, 'path_level': {(0, 1): {}, (0, 3): {}, (0, 5): {}}}","{'node_level': {0: {'cpu': 0}, 1: {'cpu': 0}, 2: {'cpu': 0}, 3: {'cpu': 0}, 4: {'cpu': 0}, 5: {'cpu': 0}}, 'link_level': {(0, 1): {'bw': 0}, (0, 3): {'bw': 0}, (0, 5): {'bw': 100.0}}, 'path_level': {(0, 1): {}, (0, 3): {}, (0, 5): {}}}",[],-inf,-inf,True,False,False,0,[],0,0.0,6.0,3.0
135,24,3,1263.0,3386.0,719843.1348333592,2093775.2184468713,0.3730064973419965,0.34380153537557256,43,256,1,3348.0,8541,4455,4086,0.007795100222717122,0.07535641547861505,134,369.37212002901754,3348.0,6,8,False,"{0: np.int64(59), 1: np.int64(28), 2: np.int64(16), 3: np.int64(33), 4: np.int64(9), 5: np.int64(61)}","{(0, 2): [(np.int64(59), 27), (27, 13), (13, 6), (6, 2), (2, 0), (0, 1), (1, 3), (3, 7), (7, 16)], (0, 3): [(np.int64(59), 27), (27, 13), (13, 6), (6, 2), (2, 0), (0, 1), (1, 3), (3, 8), (8, 17), (17, 33)], (1, 3): []}","{(0, np.int64(59)): {'cpu': 2}, (1, np.int64(28)): {'cpu': 16}, (2, np.int64(16)): {'cpu': 2}, (3, np.int64(33)): {'cpu': 14}, (4, np.int64(9)): {'cpu': 7}, (5, np.int64(61)): {'cpu': 13}}","{((0, 2), (np.int64(59), 27)): {'bw': 14}, ((0, 2), (27, 13)): {'bw': 14}, ((0, 2), (13, 6)): {'bw': 14}, ((0, 2), (6, 2)): {'bw': 14}, ((0, 2), (2, 0)): {'bw': 14}, ((0, 2), (0, 1)): {'bw': 14}, ((0, 2), (1, 3)): {'bw': 14}, ((0, 2), (3, 7)): {'bw': 14}, ((0, 2), (7, 16)): {'bw': 14}, ((0, 3), (np.int64(59), 27)): {'bw': 36}, ((0, 3), (27, 13)): {'bw': 36}, ((0, 3), (13, 6)): {'bw': 36}, ((0, 3), (6, 2)): {'bw': 36}, ((0, 3), (2, 0)): {'bw': 36}, ((0, 3), (0, 1)): {'bw': 36}, ((0, 3), (1, 3)): {'bw': 36}, ((0, 3), (3, 8)): {'bw': 36}, ((0, 3), (8, 17)): {'bw': 36}, ((0, 3), (17, 33)): {'bw': 36}}",0.0,0.0,108.0,54.0,246.0,0.0,0.0,0.0,0.0,0.0,0.0,0.0,0.0,0.0,Route Failure,100.0,"{'node_level': {}, 'link_level': {}, 'path_level': {}}","{'node_level': {0: {'cpu': -91}, 1: {'cpu': -57}, 2: {'cpu': -98}, 3: {'cpu': -68}, 4: {'cpu': -59}, 5: {'cpu': -63}}, 'link_level': {(0, 2): {'bw': -39}, (0, 3): {'bw': -3}, (1, 3): {'bw': 100.0}}, 'path_level': {(0, 2): {}, (0, 3): {}, (1, 3): {}}}","{'node_level': {0: {'cpu': 0}, 1: {'cpu': 0}, 2: {'cpu': 0}, 3: {'cpu': 0}, 4: {'cpu': 0}, 5: {'cpu': 0}}, 'link_level': {(0, 2): {'bw': 0}, (0, 3): {'bw': 0}, (1, 3): {'bw': 100.0}}, 'path_level': {(0, 2): {}, (0, 3): {}, (1, 3): {}}}",[],-inf,-inf,True,False,False,0,[],0,0.0,6.0,3.0
136,24,3,1263.0,3386.0,719843.1348333592,2093775.2184468713,0.3730064973419965,0.34380153537557256,43,257,1,3372.0,8541,4455,4086,0.007795100222717122,0.07535641547861505,135,1171.0751111350844,3372.0,8,13,False,"{0: np.int64(58), 1: np.int64(44), 2: np.int64(45), 3: np.int64(46), 4: np.int64(34), 5: np.int64(31), 6: np.int64(7), 7: np.int64(38)}","{(0, 2): [(np.int64(58), 26), (26, 12), (12, 5), (5, 2), (2, 6), (6, 14), (14, 29), (29, 45)], (0, 3): [(np.int64(58), 26), (26, 12), (12, 5), (5, 2), (2, 6), (6, 14), (14, 30), (30, 46)], (0, 5): []}","{(0, np.int64(58)): {'cpu': 20}, (1, np.int64(44)): {'cpu': 20}, (2, np.int64(45)): {'cpu': 3}, (3, np.int64(46)): {'cpu': 13}, (4, np.int64(34)): {'cpu': 9}, (5, np.int64(31)): {'cpu': 18}, (6, np.int64(7)): {'cpu': 9}, (7, np.int64(38)): {'cpu': 15}}","{((0, 2), (np.int64(58), 26)): {'bw': 0}, ((0, 2), (26, 12)): {'bw': 0}, ((0, 2), (12, 5)): {'bw': 0}, ((0, 2), (5, 2)): {'bw': 0}, ((0, 2), (2, 6)): {'bw': 0}, ((0, 2), (6, 14)): {'bw': 0}, ((0, 2), (14, 29)): {'bw': 0}, ((0, 2), (29, 45)): {'bw': 0}, ((0, 3), (np.int64(58), 26)): {'bw': 24}, ((0, 3), (26, 12)): {'bw': 24}, ((0, 3), (12, 5)): {'bw': 24}, ((0, 3), (5, 2)): {'bw': 24}, ((0, 3), (2, 6)): {'bw': 24}, ((0, 3), (6, 14)): {'bw': 24}, ((0, 3), (14, 30)): {'bw': 24}, ((0, 3), (30, 46)): {'bw': 24}}",0.0,0.0,214.0,107.0,285.0,0.0,0.0,0.0,0.0,0.0,0.0,0.0,0.0,0.0,Route Failure,100.0,"{'node_level': {}, 'link_level': {}, 'path_level': {}}","{'node_level': {0: {'cpu': -79}, 1: {'cpu': -54}, 2: {'cpu': -60}, 3: {'cpu': -84}, 4: {'cpu': -63}, 5: {'cpu': -81}, 6: {'cpu': -56}, 7: {'cpu': -42}}, 'link_level': {(0, 2): {'bw': -50}, (0, 3): {'bw': -26}, (0, 5): {'bw': 100.0}}, 'path_level': {(0, 2): {}, (0, 3): {}, (0, 5): {}}}","{'node_level': {0: {'cpu': 0}, 1: {'cpu': 0}, 2: {'cpu': 0}, 3: {'cpu': 0}, 4: {'cpu': 0}, 5: {'cpu': 0}, 6: {'cpu': 0}, 7: {'cpu': 0}}, 'link_level': {(0, 2): {'bw': 0}, (0, 3): {'bw': 0}, (0, 5): {'bw': 100.0}}, 'path_level': {(0, 2): {}, (0, 3): {}, (0, 5): {}}}",[],-inf,-inf,True,False,False,0,[],0,0.0,8.0,3.0
136,24,3,1263.0,3386.0,719843.1348333592,2093775.2184468713,0.3730064973419965,0.34380153537557256,43,258,0,3382.097814865539,8541,4455,4086,0.007795100222717122,0.07535641547861505,129,165.09781486553914,3217.0,9,16,False,{},{},{},{},0.0,0.0,0.0,0.0,0.0,0.0,0.0,0.0,0.0,0.0,0.0,0.0,0.0,0.0,Leave Event,0.0,"{'node_level': {}, 'link_level': {}, 'path_level': {}}","{'node_level': {}, 'link_level': {}, 'path_level': {}}","{'node_level': {}, 'link_level': {}, 'path_level': {}}",[],-inf,-inf,True,True,False,0,[],0,0.0,,
137,24,3,1263.0,3386.0,719843.1348333592,2093775.2184468713,0.3730064973419965,0.34380153537557256,43,259,1,3398.0,8541,4455,4086,0.007795100222717122,0.07535641547861505,136,322.3239889944868,3398.0,10,26,False,"{0: np.int64(29), 1: np.int64(17), 2: np.int64(50), 3: np.int64(27), 4: np.int64(44), 5: np.int64(21), 6: np.int64(35), 7: np.int64(10), 8: np.int64(3), 9: np.int64(53)}","{(0, 1): [(np.int64(29), 14), (14, 6), (6, 2), (2, 0), (0, 1), (1, 3), (3, 8), (8, 17)], (0, 2): []}","{(0, np.int64(29)): {'cpu': 14}, (1, np.int64(17)): {'cpu': 2}, (2, np.int64(50)): {'cpu': 18}, (3, np.int64(27)): {'cpu': 9}, (4, np.int64(44)): {'cpu': 20}, (5, np.int64(21)): {'cpu': 12}, (6, np.int64(35)): {'cpu': 8}, (7, np.int64(10)): {'cpu': 15}, (8, np.int64(3)): {'cpu': 18}, (9, np.int64(53)): {'cpu': 9}}","{((0, 1), (np.int64(29), 14)): {'bw': 47}, ((0, 1), (14, 6)): {'bw': 47}, ((0, 1), (6, 2)): {'bw': 47}, ((0, 1), (2, 0)): {'bw': 47}, ((0, 1), (0, 1)): {'bw': 47}, ((0, 1), (1, 3)): {'bw': 47}, ((0, 1), (3, 8)): {'bw': 47}, ((0, 1), (8, 17)): {'bw': 47}}",0.0,0.0,250.0,125.0,604.0,0.0,0.0,0.0,0.0,0.0,0.0,0.0,0.0,0.0,Route Failure,100.0,"{'node_level': {}, 'link_level': {}, 'path_level': {}}","{'node_level': {0: {'cpu': -59}, 1: {'cpu': -68}, 2: {'cpu': -39}, 3: {'cpu': -45}, 4: {'cpu': -54}, 5: {'cpu': -49}, 6: {'cpu': -55}, 7: {'cpu': -30}, 8: {'cpu': -35}, 9: {'cpu': -60}}, 'link_level': {(0, 1): {'bw': -6}, (0, 2): {'bw': 100.0}}, 'path_level': {(0, 1): {}, (0, 2): {}}}","{'node_level': {0: {'cpu': 0}, 1: {'cpu': 0}, 2: {'cpu': 0}, 3: {'cpu': 0}, 4: {'cpu': 0}, 5: {'cpu': 0}, 6: {'cpu': 0}, 7: {'cpu': 0}, 8: {'cpu': 0}, 9: {'cpu': 0}}, 'link_level': {(0, 1): {'bw': 0}, (0, 2): {'bw': 100.0}}, 'path_level': {(0, 1): {}, (0, 2): {}}}",[],-inf,-inf,True,False,False,0,[],0,0.0,10.0,2.0
138,24,3,1263.0,3386.0,719843.1348333592,2093775.2184468713,0.3730064973419965,0.34380153537557256,43,260,1,3422.0,8541,4455,4086,0.007795100222717122,0.07535641547861505,137,938.731509300069,3422.0,10,25,False,"{0: np.int64(18), 1: np.int64(43), 2: np.int64(10), 3: np.int64(27), 4: np.int64(5), 5: np.int64(15), 6: np.int64(0), 7: np.int64(17), 8: np.int64(28), 9: np.int64(11)}","{(0, 2): [(np.int64(18), 8), (8, 3), (3, 1), (1, 4), (4, 10)], (0, 3): [(np.int64(18), 8), (8, 3), (3, 1), (1, 0), (0, 2), (2, 6), (6, 13), (13, 27)], (0, 4): []}","{(0, np.int64(18)): {'cpu': 15}, (1, np.int64(43)): {'cpu': 15}, (2, np.int64(10)): {'cpu': 17}, (3, np.int64(27)): {'cpu': 12}, (4, np.int64(5)): {'cpu': 17}, (5, np.int64(15)): {'cpu': 0}, (6, np.int64(0)): {'cpu': 11}, (7, np.int64(17)): {'cpu': 2}, (8, np.int64(28)): {'cpu': 20}, (9, np.int64(11)): {'cpu': 13}}","{((0, 2), (np.int64(18), 8)): {'bw': 5}, ((0, 2), (8, 3)): {'bw': 5}, ((0, 2), (3, 1)): {'bw': 5}, ((0, 2), (1, 4)): {'bw': 5}, ((0, 2), (4, 10)): {'bw': 5}, ((0, 3), (np.int64(18), 8)): {'bw': 46}, ((0, 3), (8, 3)): {'bw': 46}, ((0, 3), (3, 1)): {'bw': 46}, ((0, 3), (1, 0)): {'bw': 46}, ((0, 3), (0, 2)): {'bw': 46}, ((0, 3), (2, 6)): {'bw': 46}, ((0, 3), (6, 13)): {'bw': 46}, ((0, 3), (13, 27)): {'bw': 46}}",0.0,0.0,244.0,122.0,565.0,0.0,0.0,0.0,0.0,0.0,0.0,0.0,0.0,0.0,Route Failure,100.0,"{'node_level': {}, 'link_level': {}, 'path_level': {}}","{'node_level': {0: {'cpu': -72}, 1: {'cpu': -43}, 2: {'cpu': -28}, 3: {'cpu': -42}, 4: {'cpu': -44}, 5: {'cpu': -75}, 6: {'cpu': -76}, 7: {'cpu': -68}, 8: {'cpu': -53}, 9: {'cpu': -49}}, 'link_level': {(0, 2): {'bw': -22}, (0, 3): {'bw': -6}, (0, 4): {'bw': 100.0}}, 'path_level': {(0, 2): {}, (0, 3): {}, (0, 4): {}}}","{'node_level': {0: {'cpu': 0}, 1: {'cpu': 0}, 2: {'cpu': 0}, 3: {'cpu': 0}, 4: {'cpu': 0}, 5: {'cpu': 0}, 6: {'cpu': 0}, 7: {'cpu': 0}, 8: {'cpu': 0}, 9: {'cpu': 0}}, 'link_level': {(0, 2): {'bw': 0}, (0, 3): {'bw': 0}, (0, 4): {'bw': 100.0}}, 'path_level': {(0, 2): {}, (0, 3): {}, (0, 4): {}}}",[],-inf,-inf,True,False,False,0,[],0,0.0,10.0,3.0
138,24,3,1263.0,3386.0,719843.1348333592,2093775.2184468713,0.3730064973419965,0.34380153537557256,43,261,0,3429.744967410093,8541,4455,4086,0.007795100222717122,0.07535641547861505,133,103.74496741009307,3326.0,6,10,False,{},{},{},{},0.0,0.0,0.0,0.0,0.0,0.0,0.0,0.0,0.0,0.0,0.0,0.0,0.0,0.0,Leave Event,0.0,"{'node_level': {}, 'link_level': {}, 'path_level': {}}","{'node_level': {}, 'link_level': {}, 'path_level': {}}","{'node_level': {}, 'link_level': {}, 'path_level': {}}",[],-inf,-inf,True,True,False,0,[],0,0.0,,
139,24,3,1263.0,3386.0,719843.1348333592,2093775.2184468713,0.3730064973419965,0.34380153537557256,43,262,1,3458.0,8541,4455,4086,0.007795100222717122,0.07535641547861505,138,912.4908547315861,3458.0,4,4,False,"{0: np.int64(14), 1: np.int64(56), 2: np.int64(6), 3: np.int64(10)}","{(0, 1): [(np.int64(14), 6), (6, 2), (2, 5), (5, 11), (11, 24), (24, 56)], (0, 3): [(np.int64(14), 6), (6, 2), (2, 0), (0, 1), (1, 4), (4, 10)], (1, 2): [(np.int64(56), 24), (24, 11), (11, 5), (5, 2), (2, 6)], (1, 3): []}","{(0, np.int64(14)): {'cpu': 7}, (1, np.int64(56)): {'cpu': 9}, (2, np.int64(6)): {'cpu': 10}, (3, np.int64(10)): {'cpu': 18}}","{((0, 1), (np.int64(14), 6)): {'bw': 11}, ((0, 1), (6, 2)): {'bw': 11}, ((0, 1), (2, 5)): {'bw': 11}, ((0, 1), (5, 11)): {'bw': 11}, ((0, 1), (11, 24)): {'bw': 11}, ((0, 1), (24, 56)): {'bw': 11}, ((0, 3), (np.int64(14), 6)): {'bw': 12}, ((0, 3), (6, 2)): {'bw': 12}, ((0, 3), (2, 0)): {'bw': 12}, ((0, 3), (0, 1)): {'bw': 12}, ((0, 3), (1, 4)): {'bw': 12}, ((0, 3), (4, 10)): {'bw': 12}, ((1, 2), (np.int64(56), 24)): {'bw': 28}, ((1, 2), (24, 11)): {'bw': 28}, ((1, 2), (11, 5)): {'bw': 28}, ((1, 2), (5, 2)): {'bw': 28}, ((1, 2), (2, 6)): {'bw': 28}}",0.0,0.0,88.0,44.0,88.0,0.0,0.0,0.0,0.0,0.0,0.0,0.0,0.0,0.0,Route Failure,100.0,"{'node_level': {}, 'link_level': {}, 'path_level': {}}","{'node_level': {0: {'cpu': -49}, 1: {'cpu': -45}, 2: {'cpu': -45}, 3: {'cpu': -27}}, 'link_level': {(0, 1): {'bw': -39}, (0, 3): {'bw': -15}, (1, 2): {'bw': -3}, (1, 3): {'bw': 100.0}}, 'path_level': {(0, 1): {}, (0, 3): {}, (1, 2): {}, (1, 3): {}}}","{'node_level': {0: {'cpu': 0}, 1: {'cpu': 0}, 2: {'cpu': 0}, 3: {'cpu': 0}}, 'link_level': {(0, 1): {'bw': 0}, (0, 3): {'bw': 0}, (1, 2): {'bw': 0}, (1, 3): {'bw': 100.0}}, 'path_level': {(0, 1): {}, (0, 3): {}, (1, 2): {}, (1, 3): {}}}",[],-inf,-inf,True,False,False,0,[],0,0.0,4.0,4.0
140,24,3,1263.0,3386.0,719843.1348333592,2093775.2184468713,0.3730064973419965,0.34380153537557256,43,263,1,3476.0,8541,4455,4086,0.007795100222717122,0.07535641547861505,139,74.99304460827679,3476.0,9,23,False,"{0: np.int64(43), 1: np.int64(16), 2: np.int64(42), 3: np.int64(59), 4: np.int64(51), 5: np.int64(7), 6: np.int64(47), 7: np.int64(17), 8: np.int64(39)}","{(0, 3): [(np.int64(43), 27), (27, 59)], (0, 4): [(np.int64(43), 27), (27, 13), (13, 6), (6, 2), (2, 0), (0, 1), (1, 4), (4, 9), (9, 19), (19, 51)], (0, 5): []}","{(0, np.int64(43)): {'cpu': 13}, (1, np.int64(16)): {'cpu': 17}, (2, np.int64(42)): {'cpu': 12}, (3, np.int64(59)): {'cpu': 6}, (4, np.int64(51)): {'cpu': 11}, (5, np.int64(7)): {'cpu': 19}, (6, np.int64(47)): {'cpu': 12}, (7, np.int64(17)): {'cpu': 18}, (8, np.int64(39)): {'cpu': 10}}","{((0, 3), (np.int64(43), 27)): {'bw': 27}, ((0, 3), (27, 59)): {'bw': 27}, ((0, 4), (np.int64(43), 27)): {'bw': 26}, ((0, 4), (27, 13)): {'bw': 26}, ((0, 4), (13, 6)): {'bw': 26}, ((0, 4), (6, 2)): {'bw': 26}, ((0, 4), (2, 0)): {'bw': 26}, ((0, 4), (0, 1)): {'bw': 26}, ((0, 4), (1, 4)): {'bw': 26}, ((0, 4), (4, 9)): {'bw': 26}, ((0, 4), (9, 19)): {'bw': 26}, ((0, 4), (19, 51)): {'bw': 26}}",0.0,0.0,236.0,118.0,519.0,0.0,0.0,0.0,0.0,0.0,0.0,0.0,0.0,0.0,Route Failure,100.0,"{'node_level': {}, 'link_level': {}, 'path_level': {}}","{'node_level': {0: {'cpu': -45}, 1: {'cpu': -83}, 2: {'cpu': -55}, 3: {'cpu': -87}, 4: {'cpu': -42}, 5: {'cpu': -46}, 6: {'cpu': -80}, 7: {'cpu': -52}, 8: {'cpu': -62}}, 'link_level': {(0, 3): {'bw': -30}, (0, 4): {'bw': -1}, (0, 5): {'bw': 100.0}}, 'path_level': {(0, 3): {}, (0, 4): {}, (0, 5): {}}}","{'node_level': {0: {'cpu': 0}, 1: {'cpu': 0}, 2: {'cpu': 0}, 3: {'cpu': 0}, 4: {'cpu': 0}, 5: {'cpu': 0}, 6: {'cpu': 0}, 7: {'cpu': 0}, 8: {'cpu': 0}}, 'link_level': {(0, 3): {'bw': 0}, (0, 4): {'bw': 0}, (0, 5): {'bw': 100.0}}, 'path_level': {(0, 3): {}, (0, 4): {}, (0, 5): {}}}",[],-inf,-inf,True,False,False,0,[],0,0.0,9.0,3.0
140,24,3,1263.0,3386.0,719843.1348333592,2093775.2184468713,0.3730064973419965,0.34380153537557256,43,264,0,3502.942301000916,8541,4455,4086,0.007795100222717122,0.07535641547861505,93,1153.9423010009161,2349.0,6,8,False,{},{},{},{},0.0,0.0,0.0,0.0,0.0,0.0,0.0,0.0,0.0,0.0,0.0,0.0,0.0,0.0,Leave Event,0.0,"{'node_level': {}, 'link_level': {}, 'path_level': {}}","{'node_level': {}, 'link_level': {}, 'path_level': {}}","{'node_level': {}, 'link_level': {}, 'path_level': {}}",[],-inf,-inf,True,True,False,0,[],0,0.0,,
141,24,3,1263.0,3386.0,719843.1348333592,2093775.2184468713,0.3730064973419965,0.34380153537557256,43,265,1,3511.0,8541,4455,4086,0.007795100222717122,0.07535641547861505,140,388.5955514186216,3511.0,7,10,False,"{0: np.int64(29), 1: np.int64(31), 2: np.int64(61), 3: np.int64(60), 4: np.int64(3), 5: np.int64(21), 6: np.int64(50)}","{(0, 1): [(np.int64(29), 14), (14, 6), (6, 2), (2, 0), (0, 1), (1, 3), (3, 7), (7, 15), (15, 31)], (0, 2): [(np.int64(29), 61)], (0, 6): [(np.int64(29), 14), (14, 6), (6, 2), (2, 0), (0, 1), (1, 3), (3, 8), (8, 18), (18, 50)], (1, 4): [(np.int64(31), 15), (15, 7), (7, 3)], (1, 5): []}","{(0, np.int64(29)): {'cpu': 6}, (1, np.int64(31)): {'cpu': 18}, (2, np.int64(61)): {'cpu': 7}, (3, np.int64(60)): {'cpu': 15}, (4, np.int64(3)): {'cpu': 12}, (5, np.int64(21)): {'cpu': 20}, (6, np.int64(50)): {'cpu': 14}}","{((0, 1), (np.int64(29), 14)): {'bw': 33}, ((0, 1), (14, 6)): {'bw': 33}, ((0, 1), (6, 2)): {'bw': 33}, ((0, 1), (2, 0)): {'bw': 33}, ((0, 1), (0, 1)): {'bw': 33}, ((0, 1), (1, 3)): {'bw': 33}, ((0, 1), (3, 7)): {'bw': 33}, ((0, 1), (7, 15)): {'bw': 33}, ((0, 1), (15, 31)): {'bw': 33}, ((0, 2), (np.int64(29), 61)): {'bw': 50}, ((0, 6), (np.int64(29), 14)): {'bw': 10}, ((0, 6), (14, 6)): {'bw': 10}, ((0, 6), (6, 2)): {'bw': 10}, ((0, 6), (2, 0)): {'bw': 10}, ((0, 6), (0, 1)): {'bw': 10}, ((0, 6), (1, 3)): {'bw': 10}, ((0, 6), (3, 8)): {'bw': 10}, ((0, 6), (8, 18)): {'bw': 10}, ((0, 6), (18, 50)): {'bw': 10}, ((1, 4), (np.int64(31), 15)): {'bw': 3}, ((1, 4), (15, 7)): {'bw': 3}, ((1, 4), (7, 3)): {'bw': 3}}",0.0,0.0,184.0,92.0,252.0,0.0,0.0,0.0,0.0,0.0,0.0,0.0,0.0,0.0,Route Failure,100.0,"{'node_level': {}, 'link_level': {}, 'path_level': {}}","{'node_level': {0: {'cpu': -67}, 1: {'cpu': -81}, 2: {'cpu': -69}, 3: {'cpu': -47}, 4: {'cpu': -41}, 5: {'cpu': -41}, 6: {'cpu': -43}}, 'link_level': {(0, 1): {'bw': -20}, (0, 2): {'bw': -43}, (0, 6): {'bw': -10}, (1, 4): {'bw': -36}, (1, 5): {'bw': 100.0}}, 'path_level': {(0, 1): {}, (0, 2): {}, (0, 6): {}, (1, 4): {}, (1, 5): {}}}","{'node_level': {0: {'cpu': 0}, 1: {'cpu': 0}, 2: {'cpu': 0}, 3: {'cpu': 0}, 4: {'cpu': 0}, 5: {'cpu': 0}, 6: {'cpu': 0}}, 'link_level': {(0, 1): {'bw': 0}, (0, 2): {'bw': 0}, (0, 6): {'bw': 0}, (1, 4): {'bw': 0}, (1, 5): {'bw': 100.0}}, 'path_level': {(0, 1): {}, (0, 2): {}, (0, 6): {}, (1, 4): {}, (1, 5): {}}}",[],-inf,-inf,True,False,False,0,[],0,0.0,7.0,5.0
141,24,2,1263.0,3386.0,719843.1348333592,2093775.2184468713,0.3730064973419965,0.34380153537557256,43,266,0,3533.8412017394207,8572,4475,4097,0.0033407572383074013,0.07286716451685904,111,761.8412017394207,2772.0,2,1,False,{},{},{},{},0.0,0.0,0.0,0.0,0.0,0.0,0.0,0.0,0.0,0.0,0.0,0.0,0.0,0.0,Leave Event,0.0,"{'node_level': {}, 'link_level': {}, 'path_level': {}}","{'node_level': {}, 'link_level': {}, 'path_level': {}}","{'node_level': {}, 'link_level': {}, 'path_level': {}}",[],-inf,-inf,True,True,False,0,[],0,0.0,,
142,24,2,1263.0,3386.0,719843.1348333592,2093775.2184468713,0.3730064973419965,0.34380153537557256,43,267,1,3536.0,8572,4475,4097,0.0033407572383074013,0.07286716451685904,141,314.69696312152104,3536.0,7,11,False,"{0: np.int64(44), 1: np.int64(46), 2: np.int64(11), 3: np.int64(36), 4: np.int64(5), 5: np.int64(7), 6: np.int64(62)}","{(0, 1): [(np.int64(44), 28), (28, 13), (13, 6), (6, 14), (14, 30), (30, 46)], (0, 2): []}","{(0, np.int64(44)): {'cpu': 6}, (1, np.int64(46)): {'cpu': 18}, (2, np.int64(11)): {'cpu': 2}, (3, np.int64(36)): {'cpu': 0}, (4, np.int64(5)): {'cpu': 8}, (5, np.int64(7)): {'cpu': 16}, (6, np.int64(62)): {'cpu': 2}}","{((0, 1), (np.int64(44), 28)): {'bw': 43}, ((0, 1), (28, 13)): {'bw': 43}, ((0, 1), (13, 6)): {'bw': 43}, ((0, 1), (6, 14)): {'bw': 43}, ((0, 1), (14, 30)): {'bw': 43}, ((0, 1), (30, 46)): {'bw': 43}}",0.0,0.0,104.0,52.0,242.0,0.0,0.0,0.0,0.0,0.0,0.0,0.0,0.0,0.0,Route Failure,100.0,"{'node_level': {}, 'link_level': {}, 'path_level': {}}","{'node_level': {0: {'cpu': -68}, 1: {'cpu': -79}, 2: {'cpu': -60}, 3: {'cpu': -91}, 4: {'cpu': -53}, 5: {'cpu': -49}, 6: {'cpu': -64}}, 'link_level': {(0, 1): {'bw': -15}, (0, 2): {'bw': 100.0}}, 'path_level': {(0, 1): {}, (0, 2): {}}}","{'node_level': {0: {'cpu': 0}, 1: {'cpu': 0}, 2: {'cpu': 0}, 3: {'cpu': 0}, 4: {'cpu': 0}, 5: {'cpu': 0}, 6: {'cpu': 0}}, 'link_level': {(0, 1): {'bw': 0}, (0, 2): {'bw': 100.0}}, 'path_level': {(0, 1): {}, (0, 2): {}}}",[],-inf,-inf,True,False,False,0,[],0,0.0,7.0,2.0
142,24,2,1263.0,3386.0,719843.1348333592,2093775.2184468713,0.3730064973419965,0.34380153537557256,43,268,0,3550.9930446082767,8572,4475,4097,0.0033407572383074013,0.07286716451685904,139,74.99304460827679,3476.0,9,23,False,{},{},{},{},0.0,0.0,0.0,0.0,0.0,0.0,0.0,0.0,0.0,0.0,0.0,0.0,0.0,0.0,Leave Event,0.0,"{'node_level': {}, 'link_level': {}, 'path_level': {}}","{'node_level': {}, 'link_level': {}, 'path_level': {}}","{'node_level': {}, 'link_level': {}, 'path_level': {}}",[],-inf,-inf,True,True,False,0,[],0,0.0,,
143,24,2,1263.0,3386.0,719843.1348333592,2093775.2184468713,0.3730064973419965,0.34380153537557256,43,269,1,3553.0,8572,4475,4097,0.0033407572383074013,0.07286716451685904,142,123.38709738409827,3553.0,6,9,False,"{0: np.int64(13), 1: np.int64(4), 2: np.int64(27), 3: np.int64(56), 4: np.int64(23), 5: np.int64(0)}","{(0, 2): [(np.int64(13), 27)], (0, 3): [(np.int64(13), 6), (6, 2), (2, 5), (5, 11), (11, 24), (24, 56)], (0, 5): [(np.int64(13), 6), (6, 2), (2, 0)], (1, 2): []}","{(0, np.int64(13)): {'cpu': 20}, (1, np.int64(4)): {'cpu': 8}, (2, np.int64(27)): {'cpu': 12}, (3, np.int64(56)): {'cpu': 12}, (4, np.int64(23)): {'cpu': 10}, (5, np.int64(0)): {'cpu': 6}}","{((0, 2), (np.int64(13), 27)): {'bw': 47}, ((0, 3), (np.int64(13), 6)): {'bw': 14}, ((0, 3), (6, 2)): {'bw': 14}, ((0, 3), (2, 5)): {'bw': 14}, ((0, 3), (5, 11)): {'bw': 14}, ((0, 3), (11, 24)): {'bw': 14}, ((0, 3), (24, 56)): {'bw': 14}, ((0, 5), (np.int64(13), 6)): {'bw': 31}, ((0, 5), (6, 2)): {'bw': 31}, ((0, 5), (2, 0)): {'bw': 31}}",0.0,0.0,136.0,68.0,284.0,0.0,0.0,0.0,0.0,0.0,0.0,0.0,0.0,0.0,Route Failure,100.0,"{'node_level': {}, 'link_level': {}, 'path_level': {}}","{'node_level': {0: {'cpu': -75}, 1: {'cpu': -51}, 2: {'cpu': -42}, 3: {'cpu': -42}, 4: {'cpu': -68}, 5: {'cpu': -81}}, 'link_level': {(0, 2): {'bw': -37}, (0, 3): {'bw': -36}, (0, 5): {'bw': -9}, (1, 2): {'bw': 100.0}}, 'path_level': {(0, 2): {}, (0, 3): {}, (0, 5): {}, (1, 2): {}}}","{'node_level': {0: {'cpu': 0}, 1: {'cpu': 0}, 2: {'cpu': 0}, 3: {'cpu': 0}, 4: {'cpu': 0}, 5: {'cpu': 0}}, 'link_level': {(0, 2): {'bw': 0}, (0, 3): {'bw': 0}, (0, 5): {'bw': 0}, (1, 2): {'bw': 100.0}}, 'path_level': {(0, 2): {}, (0, 3): {}, (0, 5): {}, (1, 2): {}}}",[],-inf,-inf,True,False,False,0,[],0,0.0,6.0,4.0
144,24,2,1263.0,3386.0,719843.1348333592,2093775.2184468713,0.3730064973419965,0.34380153537557256,43,270,1,3584.0,8572,4475,4097,0.0033407572383074013,0.07286716451685904,143,290.64936419254104,3584.0,7,9,False,"{0: np.int64(59), 1: np.int64(5), 2: np.int64(50), 3: np.int64(46), 4: np.int64(60), 5: np.int64(34), 6: np.int64(28)}","{(0, 4): [(np.int64(59), 27), (27, 13), (13, 28), (28, 60)], (0, 5): []}","{(0, np.int64(59)): {'cpu': 14}, (1, np.int64(5)): {'cpu': 5}, (2, np.int64(50)): {'cpu': 4}, (3, np.int64(46)): {'cpu': 10}, (4, np.int64(60)): {'cpu': 7}, (5, np.int64(34)): {'cpu': 18}, (6, np.int64(28)): {'cpu': 13}}","{((0, 4), (np.int64(59), 27)): {'bw': 19}, ((0, 4), (27, 13)): {'bw': 19}, ((0, 4), (13, 28)): {'bw': 19}, ((0, 4), (28, 60)): {'bw': 19}}",0.0,0.0,142.0,71.0,236.0,0.0,0.0,0.0,0.0,0.0,0.0,0.0,0.0,0.0,Route Failure,100.0,"{'node_level': {}, 'link_level': {}, 'path_level': {}}","{'node_level': {0: {'cpu': -79}, 1: {'cpu': -56}, 2: {'cpu': -53}, 3: {'cpu': -87}, 4: {'cpu': -55}, 5: {'cpu': -54}, 6: {'cpu': -60}}, 'link_level': {(0, 4): {'bw': -41}, (0, 5): {'bw': 100.0}}, 'path_level': {(0, 4): {}, (0, 5): {}}}","{'node_level': {0: {'cpu': 0}, 1: {'cpu': 0}, 2: {'cpu': 0}, 3: {'cpu': 0}, 4: {'cpu': 0}, 5: {'cpu': 0}, 6: {'cpu': 0}}, 'link_level': {(0, 4): {'bw': 0}, (0, 5): {'bw': 100.0}}, 'path_level': {(0, 4): {}, (0, 5): {}}}",[],-inf,-inf,True,False,False,0,[],0,0.0,7.0,2.0
145,24,2,1263.0,3386.0,719843.1348333592,2093775.2184468713,0.3730064973419965,0.34380153537557256,43,271,1,3604.0,8572,4475,4097,0.0033407572383074013,0.07286716451685904,144,327.2307887105584,3604.0,10,24,False,"{0: np.int64(40), 1: np.int64(58), 2: np.int64(6), 3: np.int64(38), 4: np.int64(26), 5: np.int64(16), 6: np.int64(43), 7: np.int64(53), 8: np.int64(47), 9: np.int64(62)}","{(0, 1): [(np.int64(40), 24), (24, 11), (11, 5), (5, 12), (12, 26), (26, 58)], (0, 2): [(np.int64(40), 24), (24, 11), (11, 5), (5, 2), (2, 6)], (0, 4): []}","{(0, np.int64(40)): {'cpu': 3}, (1, np.int64(58)): {'cpu': 14}, (2, np.int64(6)): {'cpu': 6}, (3, np.int64(38)): {'cpu': 3}, (4, np.int64(26)): {'cpu': 8}, (5, np.int64(16)): {'cpu': 4}, (6, np.int64(43)): {'cpu': 20}, (7, np.int64(53)): {'cpu': 16}, (8, np.int64(47)): {'cpu': 10}, (9, np.int64(62)): {'cpu': 17}}","{((0, 1), (np.int64(40), 24)): {'bw': 14}, ((0, 1), (24, 11)): {'bw': 14}, ((0, 1), (11, 5)): {'bw': 14}, ((0, 1), (5, 12)): {'bw': 14}, ((0, 1), (12, 26)): {'bw': 14}, ((0, 1), (26, 58)): {'bw': 14}, ((0, 2), (np.int64(40), 24)): {'bw': 15}, ((0, 2), (24, 11)): {'bw': 15}, ((0, 2), (11, 5)): {'bw': 15}, ((0, 2), (5, 2)): {'bw': 15}, ((0, 2), (2, 6)): {'bw': 15}}",0.0,0.0,202.0,101.0,686.0,0.0,0.0,0.0,0.0,0.0,0.0,0.0,0.0,0.0,Route Failure,100.0,"{'node_level': {}, 'link_level': {}, 'path_level': {}}","{'node_level': {0: {'cpu': -48}, 1: {'cpu': -85}, 2: {'cpu': -49}, 3: {'cpu': -54}, 4: {'cpu': -92}, 5: {'cpu': -96}, 6: {'cpu': -38}, 7: {'cpu': -53}, 8: {'cpu': -82}, 9: {'cpu': -49}}, 'link_level': {(0, 1): {'bw': -42}, (0, 2): {'bw': -27}, (0, 4): {'bw': 100.0}}, 'path_level': {(0, 1): {}, (0, 2): {}, (0, 4): {}}}","{'node_level': {0: {'cpu': 0}, 1: {'cpu': 0}, 2: {'cpu': 0}, 3: {'cpu': 0}, 4: {'cpu': 0}, 5: {'cpu': 0}, 6: {'cpu': 0}, 7: {'cpu': 0}, 8: {'cpu': 0}, 9: {'cpu': 0}}, 'link_level': {(0, 1): {'bw': 0}, (0, 2): {'bw': 0}, (0, 4): {'bw': 100.0}}, 'path_level': {(0, 1): {}, (0, 2): {}, (0, 4): {}}}",[],-inf,-inf,True,False,False,0,[],0,0.0,10.0,3.0
145,24,2,1263.0,3386.0,719843.1348333592,2093775.2184468713,0.3730064973419965,0.34380153537557256,43,272,0,3606.7000551442834,8572,4475,4097,0.0033407572383074013,0.07286716451685904,124,505.7000551442834,3101.0,6,10,False,{},{},{},{},0.0,0.0,0.0,0.0,0.0,0.0,0.0,0.0,0.0,0.0,0.0,0.0,0.0,0.0,Leave Event,0.0,"{'node_level': {}, 'link_level': {}, 'path_level': {}}","{'node_level': {}, 'link_level': {}, 'path_level': {}}","{'node_level': {}, 'link_level': {}, 'path_level': {}}",[],-inf,-inf,True,True,False,0,[],0,0.0,,
146,24,2,1263.0,3386.0,719843.1348333592,2093775.2184468713,0.3730064973419965,0.34380153537557256,43,273,1,3630.0,8572,4475,4097,0.0033407572383074013,0.07286716451685904,145,202.69578713667508,3630.0,7,6,False,"{0: np.int64(44), 1: np.int64(6), 2: np.int64(30), 3: np.int64(13), 4: np.int64(17), 5: np.int64(48), 6: np.int64(20)}","{(0, 1): [(np.int64(44), 28), (28, 13), (13, 6)], (1, 4): [(np.int64(6), 2), (2, 0), (0, 1), (1, 3), (3, 8), (8, 17)], (1, 5): []}","{(0, np.int64(44)): {'cpu': 0}, (1, np.int64(6)): {'cpu': 11}, (2, np.int64(30)): {'cpu': 20}, (3, np.int64(13)): {'cpu': 11}, (4, np.int64(17)): {'cpu': 2}, (5, np.int64(48)): {'cpu': 4}, (6, np.int64(20)): {'cpu': 14}}","{((0, 1), (np.int64(44), 28)): {'bw': 37}, ((0, 1), (28, 13)): {'bw': 37}, ((0, 1), (13, 6)): {'bw': 37}, ((1, 4), (np.int64(6), 2)): {'bw': 24}, ((1, 4), (2, 0)): {'bw': 24}, ((1, 4), (0, 1)): {'bw': 24}, ((1, 4), (1, 3)): {'bw': 24}, ((1, 4), (3, 8)): {'bw': 24}, ((1, 4), (8, 17)): {'bw': 24}}",0.0,0.0,124.0,62.0,181.0,0.0,0.0,0.0,0.0,0.0,0.0,0.0,0.0,0.0,Route Failure,100.0,"{'node_level': {}, 'link_level': {}, 'path_level': {}}","{'node_level': {0: {'cpu': -74}, 1: {'cpu': -44}, 2: {'cpu': -71}, 3: {'cpu': -84}, 4: {'cpu': -68}, 5: {'cpu': -54}, 6: {'cpu': -56}}, 'link_level': {(0, 1): {'bw': -21}, (1, 4): {'bw': -29}, (1, 5): {'bw': 100.0}}, 'path_level': {(0, 1): {}, (1, 4): {}, (1, 5): {}}}","{'node_level': {0: {'cpu': 0}, 1: {'cpu': 0}, 2: {'cpu': 0}, 3: {'cpu': 0}, 4: {'cpu': 0}, 5: {'cpu': 0}, 6: {'cpu': 0}}, 'link_level': {(0, 1): {'bw': 0}, (1, 4): {'bw': 0}, (1, 5): {'bw': 100.0}}, 'path_level': {(0, 1): {}, (1, 4): {}, (1, 5): {}}}",[],-inf,-inf,True,False,False,0,[],0,0.0,7.0,3.0
147,24,2,1263.0,3386.0,719843.1348333592,2093775.2184468713,0.3730064973419965,0.34380153537557256,43,274,1,3654.0,8572,4475,4097,0.0033407572383074013,0.07286716451685904,146,4.4763160601501735,3654.0,10,28,False,"{0: np.int64(29), 1: np.int64(25), 2: np.int64(10), 3: np.int64(36), 4: np.int64(46), 5: np.int64(62), 6: np.int64(31), 7: np.int64(44), 8: np.int64(28), 9: np.int64(4)}","{(0, 2): [(np.int64(29), 14), (14, 6), (6, 2), (2, 0), (0, 1), (1, 4), (4, 10)], (0, 3): []}","{(0, np.int64(29)): {'cpu': 1}, (1, np.int64(25)): {'cpu': 1}, (2, np.int64(10)): {'cpu': 14}, (3, np.int64(36)): {'cpu': 0}, (4, np.int64(46)): {'cpu': 14}, (5, np.int64(62)): {'cpu': 13}, (6, np.int64(31)): {'cpu': 8}, (7, np.int64(44)): {'cpu': 3}, (8, np.int64(28)): {'cpu': 15}, (9, np.int64(4)): {'cpu': 6}}","{((0, 2), (np.int64(29), 14)): {'bw': 3}, ((0, 2), (14, 6)): {'bw': 3}, ((0, 2), (6, 2)): {'bw': 3}, ((0, 2), (2, 0)): {'bw': 3}, ((0, 2), (0, 1)): {'bw': 3}, ((0, 2), (1, 4)): {'bw': 3}, ((0, 2), (4, 10)): {'bw': 3}}",0.0,0.0,150.0,75.0,612.0,0.0,0.0,0.0,0.0,0.0,0.0,0.0,0.0,0.0,Route Failure,100.0,"{'node_level': {}, 'link_level': {}, 'path_level': {}}","{'node_level': {0: {'cpu': -72}, 1: {'cpu': -63}, 2: {'cpu': -31}, 3: {'cpu': -91}, 4: {'cpu': -83}, 5: {'cpu': -53}, 6: {'cpu': -91}, 7: {'cpu': -71}, 8: {'cpu': -58}, 9: {'cpu': -53}}, 'link_level': {(0, 2): {'bw': -24}, (0, 3): {'bw': 100.0}}, 'path_level': {(0, 2): {}, (0, 3): {}}}","{'node_level': {0: {'cpu': 0}, 1: {'cpu': 0}, 2: {'cpu': 0}, 3: {'cpu': 0}, 4: {'cpu': 0}, 5: {'cpu': 0}, 6: {'cpu': 0}, 7: {'cpu': 0}, 8: {'cpu': 0}, 9: {'cpu': 0}}, 'link_level': {(0, 2): {'bw': 0}, (0, 3): {'bw': 100.0}}, 'path_level': {(0, 2): {}, (0, 3): {}}}",[],-inf,-inf,True,False,False,0,[],0,0.0,10.0,2.0
147,24,2,1263.0,3386.0,719843.1348333592,2093775.2184468713,0.3730064973419965,0.34380153537557256,43,275,0,3658.47631606015,8572,4475,4097,0.0033407572383074013,0.07286716451685904,146,4.4763160601501735,3654.0,10,28,False,{},{},{},{},0.0,0.0,0.0,0.0,0.0,0.0,0.0,0.0,0.0,0.0,0.0,0.0,0.0,0.0,Leave Event,0.0,"{'node_level': {}, 'link_level': {}, 'path_level': {}}","{'node_level': {}, 'link_level': {}, 'path_level': {}}","{'node_level': {}, 'link_level': {}, 'path_level': {}}",[],-inf,-inf,True,True,False,0,[],0,0.0,,
147,24,2,1263.0,3386.0,719843.1348333592,2093775.2184468713,0.3730064973419965,0.34380153537557256,43,276,0,3676.387097384098,8572,4475,4097,0.0033407572383074013,0.07286716451685904,142,123.38709738409827,3553.0,6,9,False,{},{},{},{},0.0,0.0,0.0,0.0,0.0,0.0,0.0,0.0,0.0,0.0,0.0,0.0,0.0,0.0,Leave Event,0.0,"{'node_level': {}, 'link_level': {}, 'path_level': {}}","{'node_level': {}, 'link_level': {}, 'path_level': {}}","{'node_level': {}, 'link_level': {}, 'path_level': {}}",[],-inf,-inf,True,True,False,0,[],0,0.0,,
148,25,3,1393.0,3856.0,765611.9220451864,2259246.9875973235,0.3612551867219917,0.33887924881528936,44,277,1,3678.0,8102,4440,3662,0.011135857461024523,0.171305725277212,147,352.06759393713253,3678.0,3,2,True,"{0: np.int64(1), 1: np.int64(39), 2: np.int64(15)}","{(0, 1): [(np.int64(1), 0), (0, 2), (2, 5), (5, 11), (11, 23), (23, 39)], (0, 2): [(np.int64(1), 3), (3, 7), (7, 15)]}","{(0, np.int64(1)): {'cpu': 13}, (1, np.int64(39)): {'cpu': 6}, (2, np.int64(15)): {'cpu': 16}}","{((0, 1), (np.int64(1), 0)): {'bw': 50}, ((0, 1), (0, 2)): {'bw': 50}, ((0, 1), (2, 5)): {'bw': 50}, ((0, 1), (5, 11)): {'bw': 50}, ((0, 1), (11, 23)): {'bw': 50}, ((0, 1), (23, 39)): {'bw': 50}, ((0, 2), (np.int64(1), 3)): {'bw': 45}, ((0, 2), (3, 7)): {'bw': 45}, ((0, 2), (7, 15)): {'bw': 45}}",470.0,130.0,70.0,35.0,95.0,35.0,95.0,35.0,435.0,340.0,0.2765957446808511,165471.76915045228,45768.78721182723,97.38039832303666,Success,0.0,"{'node_level': {}, 'link_level': {}, 'path_level': {}}","{'node_level': {0: {'cpu': -80}, 1: {'cpu': -66}, 2: {'cpu': -59}}, 'link_level': {(0, 1): {'bw': 0}, (0, 2): {'bw': -23}}, 'path_level': {(0, 1): {}, (0, 2): {}}}","{'node_level': {0: {'cpu': 0}, 1: {'cpu': 0}, 2: {'cpu': 0}}, 'link_level': {(0, 1): {'bw': 0}, (0, 2): {'bw': 0}}, 'path_level': {(0, 1): {}, (0, 2): {}}}",[],-inf,-inf,True,True,False,0,[],0,0.0,3.0,2.0
149,25,3,1393.0,3856.0,765611.9220451864,2259246.9875973235,0.3612551867219917,0.33887924881528936,44,278,1,3709.0,8102,4440,3662,0.011135857461024523,0.171305725277212,148,559.1228072039964,3709.0,3,2,False,"{0: np.int64(14), 1: np.int64(31), 2: np.int64(3)}","{(0, 1): []}","{(0, np.int64(14)): {'cpu': 19}, (1, np.int64(31)): {'cpu': 6}, (2, np.int64(3)): {'cpu': 8}}",{},0.0,0.0,66.0,33.0,57.0,0.0,0.0,0.0,0.0,0.0,0.0,0.0,0.0,0.0,Route Failure,100.0,"{'node_level': {}, 'link_level': {}, 'path_level': {}}","{'node_level': {0: {'cpu': -37}, 1: {'cpu': -93}, 2: {'cpu': -50}}, 'link_level': {(0, 1): {'bw': 100.0}}, 'path_level': {(0, 1): {}}}","{'node_level': {0: {'cpu': 0}, 1: {'cpu': 0}, 2: {'cpu': 0}}, 'link_level': {(0, 1): {'bw': 100.0}}, 'path_level': {(0, 1): {}}}",[],-inf,-inf,True,False,False,0,[],0,0.0,3.0,1.0
149,25,3,1393.0,3856.0,765611.9220451864,2259246.9875973235,0.3612551867219917,0.33887924881528936,44,279,0,3717.3721200290174,8102,4440,3662,0.011135857461024523,0.171305725277212,134,369.37212002901754,3348.0,6,8,False,{},{},{},{},0.0,0.0,0.0,0.0,0.0,0.0,0.0,0.0,0.0,0.0,0.0,0.0,0.0,0.0,Leave Event,0.0,"{'node_level': {}, 'link_level': {}, 'path_level': {}}","{'node_level': {}, 'link_level': {}, 'path_level': {}}","{'node_level': {}, 'link_level': {}, 'path_level': {}}",[],-inf,-inf,True,True,False,0,[],0,0.0,,
149,25,3,1393.0,3856.0,765611.9220451864,2259246.9875973235,0.3612551867219917,0.33887924881528936,44,280,0,3720.3239889944866,8102,4440,3662,0.011135857461024523,0.171305725277212,136,322.3239889944868,3398.0,10,26,False,{},{},{},{},0.0,0.0,0.0,0.0,0.0,0.0,0.0,0.0,0.0,0.0,0.0,0.0,0.0,0.0,Leave Event,0.0,"{'node_level': {}, 'link_level': {}, 'path_level': {}}","{'node_level': {}, 'link_level': {}, 'path_level': {}}","{'node_level': {}, 'link_level': {}, 'path_level': {}}",[],-inf,-inf,True,True,False,0,[],0,0.0,,
150,25,3,1393.0,3856.0,765611.9220451864,2259246.9875973235,0.3612551867219917,0.33887924881528936,44,281,1,3734.0,8102,4440,3662,0.011135857461024523,0.171305725277212,149,28.528263208947568,3734.0,10,18,False,"{0: np.int64(47), 1: np.int64(51), 2: np.int64(29), 3: np.int64(34), 4: np.int64(22), 5: np.int64(61), 6: np.int64(48), 7: np.int64(28), 8: np.int64(14), 9: np.int64(49)}","{(0, 2): []}","{(0, np.int64(47)): {'cpu': 18}, (1, np.int64(51)): {'cpu': 4}, (2, np.int64(29)): {'cpu': 4}, (3, np.int64(34)): {'cpu': 3}, (4, np.int64(22)): {'cpu': 7}, (5, np.int64(61)): {'cpu': 18}, (6, np.int64(48)): {'cpu': 19}, (7, np.int64(28)): {'cpu': 8}, (8, np.int64(14)): {'cpu': 2}, (9, np.int64(49)): {'cpu': 18}}",{},0.0,0.0,202.0,101.0,417.0,0.0,0.0,0.0,0.0,0.0,0.0,0.0,0.0,0.0,Route Failure,100.0,"{'node_level': {}, 'link_level': {}, 'path_level': {}}","{'node_level': {0: {'cpu': -74}, 1: {'cpu': -49}, 2: {'cpu': -69}, 3: {'cpu': -69}, 4: {'cpu': -85}, 5: {'cpu': -58}, 6: {'cpu': -39}, 7: {'cpu': -65}, 8: {'cpu': -54}, 9: {'cpu': -62}}, 'link_level': {(0, 2): {'bw': 100.0}}, 'path_level': {(0, 2): {}}}","{'node_level': {0: {'cpu': 0}, 1: {'cpu': 0}, 2: {'cpu': 0}, 3: {'cpu': 0}, 4: {'cpu': 0}, 5: {'cpu': 0}, 6: {'cpu': 0}, 7: {'cpu': 0}, 8: {'cpu': 0}, 9: {'cpu': 0}}, 'link_level': {(0, 2): {'bw': 100.0}}, 'path_level': {(0, 2): {}}}",[],-inf,-inf,True,False,False,0,[],0,0.0,10.0,1.0
150,25,3,1393.0,3856.0,765611.9220451864,2259246.9875973235,0.3612551867219917,0.33887924881528936,44,282,0,3757.547464018449,8102,4440,3662,0.011135857461024523,0.171305725277212,126,611.5474640184489,3146.0,9,17,False,{},{},{},{},0.0,0.0,0.0,0.0,0.0,0.0,0.0,0.0,0.0,0.0,0.0,0.0,0.0,0.0,Leave Event,0.0,"{'node_level': {}, 'link_level': {}, 'path_level': {}}","{'node_level': {}, 'link_level': {}, 'path_level': {}}","{'node_level': {}, 'link_level': {}, 'path_level': {}}",[],-inf,-inf,True,True,False,0,[],0,0.0,,
150,25,3,1393.0,3856.0,765611.9220451864,2259246.9875973235,0.3612551867219917,0.33887924881528936,44,283,0,3762.5282632089475,8102,4440,3662,0.011135857461024523,0.171305725277212,149,28.528263208947568,3734.0,10,18,False,{},{},{},{},0.0,0.0,0.0,0.0,0.0,0.0,0.0,0.0,0.0,0.0,0.0,0.0,0.0,0.0,Leave Event,0.0,"{'node_level': {}, 'link_level': {}, 'path_level': {}}","{'node_level': {}, 'link_level': {}, 'path_level': {}}","{'node_level': {}, 'link_level': {}, 'path_level': {}}",[],-inf,-inf,True,True,False,0,[],0,0.0,,
151,25,3,1393.0,3856.0,765611.9220451864,2259246.9875973235,0.3612551867219917,0.33887924881528936,44,284,1,3763.0,8102,4440,3662,0.011135857461024523,0.171305725277212,150,85.73806744048115,3763.0,9,20,False,"{0: np.int64(57), 1: np.int64(56), 2: np.int64(31), 3: np.int64(55), 4: np.int64(2), 5: np.int64(32), 6: np.int64(34), 7: np.int64(44), 8: np.int64(19)}","{(0, 1): [(np.int64(57), 25), (25, 12), (12, 5), (5, 11), (11, 24), (24, 56)], (0, 3): []}","{(0, np.int64(57)): {'cpu': 1}, (1, np.int64(56)): {'cpu': 5}, (2, np.int64(31)): {'cpu': 20}, (3, np.int64(55)): {'cpu': 13}, (4, np.int64(2)): {'cpu': 11}, (5, np.int64(32)): {'cpu': 6}, (6, np.int64(34)): {'cpu': 19}, (7, np.int64(44)): {'cpu': 17}, (8, np.int64(19)): {'cpu': 1}}","{((0, 1), (np.int64(57), 25)): {'bw': 0}, ((0, 1), (25, 12)): {'bw': 0}, ((0, 1), (12, 5)): {'bw': 0}, ((0, 1), (5, 11)): {'bw': 0}, ((0, 1), (11, 24)): {'bw': 0}, ((0, 1), (24, 56)): {'bw': 0}}",0.0,0.0,186.0,93.0,507.0,0.0,0.0,0.0,0.0,0.0,0.0,0.0,0.0,0.0,Route Failure,100.0,"{'node_level': {}, 'link_level': {}, 'path_level': {}}","{'node_level': {0: {'cpu': -73}, 1: {'cpu': -49}, 2: {'cpu': -79}, 3: {'cpu': -40}, 4: {'cpu': -51}, 5: {'cpu': -74}, 6: {'cpu': -53}, 7: {'cpu': -57}, 8: {'cpu': -67}}, 'link_level': {(0, 1): {'bw': -7}, (0, 3): {'bw': 100.0}}, 'path_level': {(0, 1): {}, (0, 3): {}}}","{'node_level': {0: {'cpu': 0}, 1: {'cpu': 0}, 2: {'cpu': 0}, 3: {'cpu': 0}, 4: {'cpu': 0}, 5: {'cpu': 0}, 6: {'cpu': 0}, 7: {'cpu': 0}, 8: {'cpu': 0}}, 'link_level': {(0, 1): {'bw': 0}, (0, 3): {'bw': 100.0}}, 'path_level': {(0, 1): {}, (0, 3): {}}}",[],-inf,-inf,True,False,False,0,[],0,0.0,9.0,2.0
152,26,4,1449.0,4012.0,791627.5872283098,2331719.1977503104,0.36116650049850446,0.3395038253285765,44,285,1,3784.0,7946,4409,3537,0.018040089086859723,0.19959266802443987,151,464.5654496986333,3784.0,2,1,True,"{0: np.int64(60), 1: np.int64(30)}","{(0, 1): [(np.int64(60), 28), (28, 13), (13, 6), (6, 14), (14, 30)]}","{(0, np.int64(60)): {'cpu': 11}, (1, np.int64(30)): {'cpu': 20}}","{((0, 1), (np.int64(60), 28)): {'bw': 25}, ((0, 1), (28, 13)): {'bw': 25}, ((0, 1), (13, 6)): {'bw': 25}, ((0, 1), (6, 14)): {'bw': 25}, ((0, 1), (14, 30)): {'bw': 25}}",156.0,56.0,62.0,31.0,25.0,31.0,25.0,31.0,125.0,100.0,0.358974358974359,72472.2101529868,26015.665183123463,166.7670845072017,Success,0.0,"{'node_level': {}, 'link_level': {}, 'path_level': {}}","{'node_level': {0: {'cpu': -51}, 1: {'cpu': -71}}, 'link_level': {(0, 1): {'bw': -35}}, 'path_level': {(0, 1): {}}}","{'node_level': {0: {'cpu': 0}, 1: {'cpu': 0}}, 'link_level': {(0, 1): {'bw': 0}}, 'path_level': {(0, 1): {}}}",[],-inf,-inf,True,True,False,0,[],0,0.0,2.0,1.0
153,26,4,1449.0,4012.0,791627.5872283098,2331719.1977503104,0.36116650049850446,0.3395038253285765,44,286,1,3811.0,7946,4409,3537,0.018040089086859723,0.19959266802443987,152,192.26082481588935,3811.0,5,7,False,"{0: np.int64(29), 1: np.int64(48), 2: np.int64(11), 3: np.int64(32), 4: np.int64(43)}","{(0, 2): []}","{(0, np.int64(29)): {'cpu': 10}, (1, np.int64(48)): {'cpu': 8}, (2, np.int64(11)): {'cpu': 10}, (3, np.int64(32)): {'cpu': 12}, (4, np.int64(43)): {'cpu': 12}}",{},0.0,0.0,104.0,52.0,161.0,0.0,0.0,0.0,0.0,0.0,0.0,0.0,0.0,0.0,Route Failure,100.0,"{'node_level': {}, 'link_level': {}, 'path_level': {}}","{'node_level': {0: {'cpu': -63}, 1: {'cpu': -50}, 2: {'cpu': -52}, 3: {'cpu': -68}, 4: {'cpu': -46}}, 'link_level': {(0, 2): {'bw': 100.0}}, 'path_level': {(0, 2): {}}}","{'node_level': {0: {'cpu': 0}, 1: {'cpu': 0}, 2: {'cpu': 0}, 3: {'cpu': 0}, 4: {'cpu': 0}}, 'link_level': {(0, 2): {'bw': 100.0}}, 'path_level': {(0, 2): {}}}",[],-inf,-inf,True,False,False,0,[],0,0.0,5.0,1.0
153,26,4,1449.0,4012.0,791627.5872283098,2331719.1977503104,0.36116650049850446,0.3395038253285765,44,287,0,3832.695787136675,7946,4409,3537,0.018040089086859723,0.19959266802443987,145,202.69578713667508,3630.0,7,6,False,{},{},{},{},0.0,0.0,0.0,0.0,0.0,0.0,0.0,0.0,0.0,0.0,0.0,0.0,0.0,0.0,Leave Event,0.0,"{'node_level': {}, 'link_level': {}, 'path_level': {}}","{'node_level': {}, 'link_level': {}, 'path_level': {}}","{'node_level': {}, 'link_level': {}, 'path_level': {}}",[],-inf,-inf,True,True,False,0,[],0,0.0,,
154,26,4,1449.0,4012.0,791627.5872283098,2331719.1977503104,0.36116650049850446,0.3395038253285765,44,288,1,3834.0,7946,4409,3537,0.018040089086859723,0.19959266802443987,153,1105.9935419165477,3834.0,6,10,False,"{0: np.int64(24), 1: np.int64(3), 2: np.int64(25), 3: np.int64(17), 4: np.int64(41), 5: np.int64(20)}","{(0, 2): []}","{(0, np.int64(24)): {'cpu': 18}, (1, np.int64(3)): {'cpu': 7}, (2, np.int64(25)): {'cpu': 16}, (3, np.int64(17)): {'cpu': 19}, (4, np.int64(41)): {'cpu': 9}, (5, np.int64(20)): {'cpu': 13}}",{},0.0,0.0,164.0,82.0,288.0,0.0,0.0,0.0,0.0,0.0,0.0,0.0,0.0,0.0,Route Failure,100.0,"{'node_level': {}, 'link_level': {}, 'path_level': {}}","{'node_level': {0: {'cpu': -61}, 1: {'cpu': -51}, 2: {'cpu': -48}, 3: {'cpu': -51}, 4: {'cpu': -41}, 5: {'cpu': -57}}, 'link_level': {(0, 2): {'bw': 100.0}}, 'path_level': {(0, 2): {}}}","{'node_level': {0: {'cpu': 0}, 1: {'cpu': 0}, 2: {'cpu': 0}, 3: {'cpu': 0}, 4: {'cpu': 0}, 5: {'cpu': 0}}, 'link_level': {(0, 2): {'bw': 100.0}}, 'path_level': {(0, 2): {}}}",[],-inf,-inf,True,False,False,0,[],0,0.0,6.0,1.0
154,26,4,1449.0,4012.0,791627.5872283098,2331719.1977503104,0.36116650049850446,0.3395038253285765,44,289,0,3842.8931488130315,7946,4409,3537,0.018040089086859723,0.19959266802443987,132,539.8931488130315,3303.0,3,2,False,{},{},{},{},0.0,0.0,0.0,0.0,0.0,0.0,0.0,0.0,0.0,0.0,0.0,0.0,0.0,0.0,Leave Event,0.0,"{'node_level': {}, 'link_level': {}, 'path_level': {}}","{'node_level': {}, 'link_level': {}, 'path_level': {}}","{'node_level': {}, 'link_level': {}, 'path_level': {}}",[],-inf,-inf,True,True,False,0,[],0,0.0,,
154,26,4,1449.0,4012.0,791627.5872283098,2331719.1977503104,0.36116650049850446,0.3395038253285765,44,290,0,3848.7380674404812,7946,4409,3537,0.018040089086859723,0.19959266802443987,150,85.73806744048115,3763.0,9,20,False,{},{},{},{},0.0,0.0,0.0,0.0,0.0,0.0,0.0,0.0,0.0,0.0,0.0,0.0,0.0,0.0,Leave Event,0.0,"{'node_level': {}, 'link_level': {}, 'path_level': {}}","{'node_level': {}, 'link_level': {}, 'path_level': {}}","{'node_level': {}, 'link_level': {}, 'path_level': {}}",[],-inf,-inf,True,True,False,0,[],0,0.0,,
154,26,4,1449.0,4012.0,791627.5872283098,2331719.1977503104,0.36116650049850446,0.3395038253285765,44,291,0,3850.696963121521,7946,4409,3537,0.018040089086859723,0.19959266802443987,141,314.69696312152104,3536.0,7,11,False,{},{},{},{},0.0,0.0,0.0,0.0,0.0,0.0,0.0,0.0,0.0,0.0,0.0,0.0,0.0,0.0,Leave Event,0.0,"{'node_level': {}, 'link_level': {}, 'path_level': {}}","{'node_level': {}, 'link_level': {}, 'path_level': {}}","{'node_level': {}, 'link_level': {}, 'path_level': {}}",[],-inf,-inf,True,True,False,0,[],0,0.0,,
155,26,4,1449.0,4012.0,791627.5872283098,2331719.1977503104,0.36116650049850446,0.3395038253285765,44,292,1,3854.0,7946,4409,3537,0.018040089086859723,0.19959266802443987,154,781.2140055629225,3854.0,4,3,False,"{0: np.int64(8), 1: np.int64(34), 2: np.int64(37), 3: np.int64(59)}","{(0, 1): [(np.int64(8), 18), (18, 34)], (0, 3): []}","{(0, np.int64(8)): {'cpu': 20}, (1, np.int64(34)): {'cpu': 8}, (2, np.int64(37)): {'cpu': 12}, (3, np.int64(59)): {'cpu': 20}}","{((0, 1), (np.int64(8), 18)): {'bw': 25}, ((0, 1), (18, 34)): {'bw': 25}}",0.0,0.0,120.0,60.0,84.0,0.0,0.0,0.0,0.0,0.0,0.0,0.0,0.0,0.0,Route Failure,100.0,"{'node_level': {}, 'link_level': {}, 'path_level': {}}","{'node_level': {0: {'cpu': -30}, 1: {'cpu': -64}, 2: {'cpu': -47}, 3: {'cpu': -73}}, 'link_level': {(0, 1): {'bw': -64}, (0, 3): {'bw': 100.0}}, 'path_level': {(0, 1): {}, (0, 3): {}}}","{'node_level': {0: {'cpu': 0}, 1: {'cpu': 0}, 2: {'cpu': 0}, 3: {'cpu': 0}}, 'link_level': {(0, 1): {'bw': 0}, (0, 3): {'bw': 100.0}}, 'path_level': {(0, 1): {}, (0, 3): {}}}",[],-inf,-inf,True,False,False,0,[],0,0.0,4.0,2.0
155,26,3,1449.0,4012.0,791627.5872283098,2331719.1977503104,0.36116650049850446,0.3395038253285765,44,293,0,3870.073283004124,8181,4416,3765,0.016481069042316276,0.14799728445349625,125,741.0732830041238,3129.0,2,1,False,{},{},{},{},0.0,0.0,0.0,0.0,0.0,0.0,0.0,0.0,0.0,0.0,0.0,0.0,0.0,0.0,Leave Event,0.0,"{'node_level': {}, 'link_level': {}, 'path_level': {}}","{'node_level': {}, 'link_level': {}, 'path_level': {}}","{'node_level': {}, 'link_level': {}, 'path_level': {}}",[],-inf,-inf,True,True,False,0,[],0,0.0,,
156,27,4,1497.0,4148.0,797513.8358631982,2348396.9022158273,0.36089681774349086,0.3395992539041015,44,294,1,3872.0,8045,4390,3655,0.022271714922049046,0.17288979407105676,155,122.63017989350627,3872.0,2,1,True,"{0: np.int64(4), 1: np.int64(50)}","{(0, 1): [(np.int64(4), 1), (1, 3), (3, 8), (8, 18), (18, 50)]}","{(0, np.int64(4)): {'cpu': 11}, (1, np.int64(50)): {'cpu': 15}}","{((0, 1), (np.int64(4), 1)): {'bw': 22}, ((0, 1), (1, 3)): {'bw': 22}, ((0, 1), (3, 8)): {'bw': 22}, ((0, 1), (8, 18)): {'bw': 22}, ((0, 1), (18, 50)): {'bw': 22}}",136.0,48.0,52.0,26.0,22.0,26.0,22.0,26.0,110.0,88.0,0.35294117647058826,16677.704465516854,5886.248634888301,43.28123996241398,Success,0.0,"{'node_level': {}, 'link_level': {}, 'path_level': {}}","{'node_level': {0: {'cpu': -48}, 1: {'cpu': -42}}, 'link_level': {(0, 1): {'bw': -1}}, 'path_level': {(0, 1): {}}}","{'node_level': {0: {'cpu': 0}, 1: {'cpu': 0}}, 'link_level': {(0, 1): {'bw': 0}}, 'path_level': {(0, 1): {}}}",[],-inf,-inf,True,True,False,0,[],0,0.0,2.0,1.0
156,27,4,1497.0,4148.0,797513.8358631982,2348396.9022158273,0.36089681774349086,0.3395992539041015,44,295,0,3874.649364192541,8045,4390,3655,0.022271714922049046,0.17288979407105676,143,290.64936419254104,3584.0,7,9,False,{},{},{},{},0.0,0.0,0.0,0.0,0.0,0.0,0.0,0.0,0.0,0.0,0.0,0.0,0.0,0.0,Leave Event,0.0,"{'node_level': {}, 'link_level': {}, 'path_level': {}}","{'node_level': {}, 'link_level': {}, 'path_level': {}}","{'node_level': {}, 'link_level': {}, 'path_level': {}}",[],-inf,-inf,True,True,False,0,[],0,0.0,,
156,27,4,1497.0,4148.0,797513.8358631982,2348396.9022158273,0.36089681774349086,0.3395992539041015,44,296,0,3879.6407979739492,8045,4390,3655,0.022271714922049046,0.17288979407105676,116,982.6407979739491,2897.0,8,11,False,{},{},{},{},0.0,0.0,0.0,0.0,0.0,0.0,0.0,0.0,0.0,0.0,0.0,0.0,0.0,0.0,Leave Event,0.0,"{'node_level': {}, 'link_level': {}, 'path_level': {}}","{'node_level': {}, 'link_level': {}, 'path_level': {}}","{'node_level': {}, 'link_level': {}, 'path_level': {}}",[],-inf,-inf,True,True,False,0,[],0,0.0,,
157,27,4,1497.0,4148.0,797513.8358631982,2348396.9022158273,0.36089681774349086,0.3395992539041015,44,297,1,3891.0,8045,4390,3655,0.022271714922049046,0.17288979407105676,156,111.70241547162553,3891.0,5,8,False,"{0: np.int64(52), 1: np.int64(12), 2: np.int64(60), 3: np.int64(19), 4: np.int64(41)}","{(0, 1): []}","{(0, np.int64(52)): {'cpu': 4}, (1, np.int64(12)): {'cpu': 13}, (2, np.int64(60)): {'cpu': 2}, (3, np.int64(19)): {'cpu': 3}, (4, np.int64(41)): {'cpu': 8}}",{},0.0,0.0,60.0,30.0,189.0,0.0,0.0,0.0,0.0,0.0,0.0,0.0,0.0,0.0,Route Failure,100.0,"{'node_level': {}, 'link_level': {}, 'path_level': {}}","{'node_level': {0: {'cpu': -52}, 1: {'cpu': -44}, 2: {'cpu': -49}, 3: {'cpu': -65}, 4: {'cpu': -42}}, 'link_level': {(0, 1): {'bw': 100.0}}, 'path_level': {(0, 1): {}}}","{'node_level': {0: {'cpu': 0}, 1: {'cpu': 0}, 2: {'cpu': 0}, 3: {'cpu': 0}, 4: {'cpu': 0}}, 'link_level': {(0, 1): {'bw': 100.0}}, 'path_level': {(0, 1): {}}}",[],-inf,-inf,True,False,False,0,[],0,0.0,5.0,1.0
157,27,4,1497.0,4148.0,797513.8358631982,2348396.9022158273,0.36089681774349086,0.3395992539041015,44,298,0,3899.5955514186217,8045,4390,3655,0.022271714922049046,0.17288979407105676,140,388.5955514186216,3511.0,7,10,False,{},{},{},{},0.0,0.0,0.0,0.0,0.0,0.0,0.0,0.0,0.0,0.0,0.0,0.0,0.0,0.0,Leave Event,0.0,"{'node_level': {}, 'link_level': {}, 'path_level': {}}","{'node_level': {}, 'link_level': {}, 'path_level': {}}","{'node_level': {}, 'link_level': {}, 'path_level': {}}",[],-inf,-inf,True,True,False,0,[],0,0.0,,
157,27,4,1497.0,4148.0,797513.8358631982,2348396.9022158273,0.36089681774349086,0.3395992539041015,44,299,0,3908.0493530682043,8045,4390,3655,0.022271714922049046,0.17288979407105676,123,835.049353068204,3073.0,7,11,False,{},{},{},{},0.0,0.0,0.0,0.0,0.0,0.0,0.0,0.0,0.0,0.0,0.0,0.0,0.0,0.0,Leave Event,0.0,"{'node_level': {}, 'link_level': {}, 'path_level': {}}","{'node_level': {}, 'link_level': {}, 'path_level': {}}","{'node_level': {}, 'link_level': {}, 'path_level': {}}",[],-inf,-inf,True,True,False,0,[],0,0.0,,
158,27,4,1497.0,4148.0,797513.8358631982,2348396.9022158273,0.36089681774349086,0.3395992539041015,44,300,1,3924.0,8045,4390,3655,0.022271714922049046,0.17288979407105676,157,570.4052161479595,3924.0,7,11,False,"{0: np.int64(18), 1: np.int64(58), 2: np.int64(33), 3: np.int64(13), 4: np.int64(56), 5: np.int64(51), 6: np.int64(9)}","{(0, 1): []}","{(0, np.int64(18)): {'cpu': 6}, (1, np.int64(58)): {'cpu': 9}, (2, np.int64(33)): {'cpu': 5}, (3, np.int64(13)): {'cpu': 2}, (4, np.int64(56)): {'cpu': 13}, (5, np.int64(51)): {'cpu': 13}, (6, np.int64(9)): {'cpu': 9}}",{},0.0,0.0,114.0,57.0,194.0,0.0,0.0,0.0,0.0,0.0,0.0,0.0,0.0,0.0,Route Failure,100.0,"{'node_level': {}, 'link_level': {}, 'path_level': {}}","{'node_level': {0: {'cpu': -81}, 1: {'cpu': -90}, 2: {'cpu': -77}, 3: {'cpu': -93}, 4: {'cpu': -41}, 5: {'cpu': -40}, 6: {'cpu': -57}}, 'link_level': {(0, 1): {'bw': 100.0}}, 'path_level': {(0, 1): {}}}","{'node_level': {0: {'cpu': 0}, 1: {'cpu': 0}, 2: {'cpu': 0}, 3: {'cpu': 0}, 4: {'cpu': 0}, 5: {'cpu': 0}, 6: {'cpu': 0}}, 'link_level': {(0, 1): {'bw': 100.0}}, 'path_level': {(0, 1): {}}}",[],-inf,-inf,True,False,False,0,[],0,0.0,7.0,1.0
158,27,4,1497.0,4148.0,797513.8358631982,2348396.9022158273,0.36089681774349086,0.3395992539041015,44,301,0,3931.2307887105585,8045,4390,3655,0.022271714922049046,0.17288979407105676,144,327.2307887105584,3604.0,10,24,False,{},{},{},{},0.0,0.0,0.0,0.0,0.0,0.0,0.0,0.0,0.0,0.0,0.0,0.0,0.0,0.0,Leave Event,0.0,"{'node_level': {}, 'link_level': {}, 'path_level': {}}","{'node_level': {}, 'link_level': {}, 'path_level': {}}","{'node_level': {}, 'link_level': {}, 'path_level': {}}",[],-inf,-inf,True,True,False,0,[],0,0.0,,
159,27,4,1497.0,4148.0,797513.8358631982,2348396.9022158273,0.36089681774349086,0.3395992539041015,44,302,1,3946.0,8045,4390,3655,0.022271714922049046,0.17288979407105676,158,84.92986538476573,3946.0,3,2,False,"{0: np.int64(59), 1: np.int64(30), 2: np.int64(16)}","{(0, 2): []}","{(0, np.int64(59)): {'cpu': 13}, (1, np.int64(30)): {'cpu': 6}, (2, np.int64(16)): {'cpu': 16}}",{},0.0,0.0,70.0,35.0,87.0,0.0,0.0,0.0,0.0,0.0,0.0,0.0,0.0,0.0,Route Failure,100.0,"{'node_level': {}, 'link_level': {}, 'path_level': {}}","{'node_level': {0: {'cpu': -80}, 1: {'cpu': -65}, 2: {'cpu': -84}}, 'link_level': {(0, 2): {'bw': 100.0}}, 'path_level': {(0, 2): {}}}","{'node_level': {0: {'cpu': 0}, 1: {'cpu': 0}, 2: {'cpu': 0}}, 'link_level': {(0, 2): {'bw': 100.0}}, 'path_level': {(0, 2): {}}}",[],-inf,-inf,True,False,False,0,[],0,0.0,3.0,1.0
160,27,4,1497.0,4148.0,797513.8358631982,2348396.9022158273,0.36089681774349086,0.3395992539041015,44,303,1,3973.0,8045,4390,3655,0.022271714922049046,0.17288979407105676,159,357.0434338445669,3973.0,4,3,False,"{0: np.int64(59), 1: np.int64(51), 2: np.int64(43), 3: np.int64(57)}","{(0, 3): []}","{(0, np.int64(59)): {'cpu': 1}, (1, np.int64(51)): {'cpu': 5}, (2, np.int64(43)): {'cpu': 10}, (3, np.int64(57)): {'cpu': 5}}",{},0.0,0.0,42.0,21.0,103.0,0.0,0.0,0.0,0.0,0.0,0.0,0.0,0.0,0.0,Route Failure,100.0,"{'node_level': {}, 'link_level': {}, 'path_level': {}}","{'node_level': {0: {'cpu': -92}, 1: {'cpu': -48}, 2: {'cpu': -48}, 3: {'cpu': -69}}, 'link_level': {(0, 3): {'bw': 100.0}}, 'path_level': {(0, 3): {}}}","{'node_level': {0: {'cpu': 0}, 1: {'cpu': 0}, 2: {'cpu': 0}, 3: {'cpu': 0}}, 'link_level': {(0, 3): {'bw': 100.0}}, 'path_level': {(0, 3): {}}}",[],-inf,-inf,True,False,False,0,[],0,0.0,4.0,1.0
160,27,3,1497.0,4148.0,797513.8358631982,2348396.9022158273,0.36089681774349086,0.3395992539041015,44,304,0,3994.6301798935065,8181,4416,3765,0.016481069042316276,0.14799728445349625,155,122.63017989350627,3872.0,2,1,False,{},{},{},{},0.0,0.0,0.0,0.0,0.0,0.0,0.0,0.0,0.0,0.0,0.0,0.0,0.0,0.0,Leave Event,0.0,"{'node_level': {}, 'link_level': {}, 'path_level': {}}","{'node_level': {}, 'link_level': {}, 'path_level': {}}","{'node_level': {}, 'link_level': {}, 'path_level': {}}",[],-inf,-inf,True,True,False,0,[],0,0.0,,
160,27,3,1497.0,4148.0,797513.8358631982,2348396.9022158273,0.36089681774349086,0.3395992539041015,44,305,0,4002.7024154716255,8181,4416,3765,0.016481069042316276,0.14799728445349625,156,111.70241547162553,3891.0,5,8,False,{},{},{},{},0.0,0.0,0.0,0.0,0.0,0.0,0.0,0.0,0.0,0.0,0.0,0.0,0.0,0.0,Leave Event,0.0,"{'node_level': {}, 'link_level': {}, 'path_level': {}}","{'node_level': {}, 'link_level': {}, 'path_level': {}}","{'node_level': {}, 'link_level': {}, 'path_level': {}}",[],-inf,-inf,True,True,False,0,[],0,0.0,,
160,27,3,1497.0,4148.0,797513.8358631982,2348396.9022158273,0.36089681774349086,0.3395992539041015,44,306,0,4003.2608248158895,8181,4416,3765,0.016481069042316276,0.14799728445349625,152,192.26082481588935,3811.0,5,7,False,{},{},{},{},0.0,0.0,0.0,0.0,0.0,0.0,0.0,0.0,0.0,0.0,0.0,0.0,0.0,0.0,Leave Event,0.0,"{'node_level': {}, 'link_level': {}, 'path_level': {}}","{'node_level': {}, 'link_level': {}, 'path_level': {}}","{'node_level': {}, 'link_level': {}, 'path_level': {}}",[],-inf,-inf,True,True,False,0,[],0,0.0,,
161,27,3,1497.0,4148.0,797513.8358631982,2348396.9022158273,0.36089681774349086,0.3395992539041015,44,307,1,4006.0,8181,4416,3765,0.016481069042316276,0.14799728445349625,160,2214.1266927444062,4006.0,6,10,False,"{0: np.int64(18), 1: np.int64(31), 2: np.int64(61), 3: np.int64(16), 4: np.int64(23), 5: np.int64(49)}","{(0, 1): [(np.int64(18), 8), (8, 3), (3, 7), (7, 15), (15, 31)], (0, 2): []}","{(0, np.int64(18)): {'cpu': 17}, (1, np.int64(31)): {'cpu': 19}, (2, np.int64(61)): {'cpu': 14}, (3, np.int64(16)): {'cpu': 7}, (4, np.int64(23)): {'cpu': 19}, (5, np.int64(49)): {'cpu': 15}}","{((0, 1), (np.int64(18), 8)): {'bw': 11}, ((0, 1), (8, 3)): {'bw': 11}, ((0, 1), (3, 7)): {'bw': 11}, ((0, 1), (7, 15)): {'bw': 11}, ((0, 1), (15, 31)): {'bw': 11}}",0.0,0.0,182.0,91.0,253.0,0.0,0.0,0.0,0.0,0.0,0.0,0.0,0.0,0.0,Route Failure,100.0,"{'node_level': {}, 'link_level': {}, 'path_level': {}}","{'node_level': {0: {'cpu': -70}, 1: {'cpu': -80}, 2: {'cpu': -62}, 3: {'cpu': -93}, 4: {'cpu': -59}, 5: {'cpu': -65}}, 'link_level': {(0, 1): {'bw': -16}, (0, 2): {'bw': 100.0}}, 'path_level': {(0, 1): {}, (0, 2): {}}}","{'node_level': {0: {'cpu': 0}, 1: {'cpu': 0}, 2: {'cpu': 0}, 3: {'cpu': 0}, 4: {'cpu': 0}, 5: {'cpu': 0}}, 'link_level': {(0, 1): {'bw': 0}, (0, 2): {'bw': 100.0}}, 'path_level': {(0, 1): {}, (0, 2): {}}}",[],-inf,-inf,True,False,False,0,[],0,0.0,6.0,2.0
161,27,2,1497.0,4148.0,797513.8358631982,2348396.9022158273,0.36089681774349086,0.3395992539041015,44,308,0,4030.0675939371326,8651,4451,4200,0.008685968819599155,0.04955872369314329,147,352.06759393713253,3678.0,3,2,False,{},{},{},{},0.0,0.0,0.0,0.0,0.0,0.0,0.0,0.0,0.0,0.0,0.0,0.0,0.0,0.0,Leave Event,0.0,"{'node_level': {}, 'link_level': {}, 'path_level': {}}","{'node_level': {}, 'link_level': {}, 'path_level': {}}","{'node_level': {}, 'link_level': {}, 'path_level': {}}",[],-inf,-inf,True,True,False,0,[],0,0.0,,
161,27,2,1497.0,4148.0,797513.8358631982,2348396.9022158273,0.36089681774349086,0.3395992539041015,44,309,0,4030.929865384766,8651,4451,4200,0.008685968819599155,0.04955872369314329,158,84.92986538476573,3946.0,3,2,False,{},{},{},{},0.0,0.0,0.0,0.0,0.0,0.0,0.0,0.0,0.0,0.0,0.0,0.0,0.0,0.0,Leave Event,0.0,"{'node_level': {}, 'link_level': {}, 'path_level': {}}","{'node_level': {}, 'link_level': {}, 'path_level': {}}","{'node_level': {}, 'link_level': {}, 'path_level': {}}",[],-inf,-inf,True,True,False,0,[],0,0.0,,
162,28,3,1654.0,4517.0,809782.8776018976,2377233.0576399043,0.36617223821120215,0.3406409291673921,45,310,1,4031.0,8282,4376,3906,0.02538975501113583,0.11608961303462317,161,78.14676266687532,4031.0,5,5,True,"{0: np.int64(20), 1: np.int64(36), 2: np.int64(19), 3: np.int64(46), 4: np.int64(1)}","{(0, 2): [(np.int64(20), 9), (9, 19)], (0, 4): [(np.int64(20), 9), (9, 4), (4, 1)], (1, 2): [(np.int64(36), 20), (20, 9), (9, 19)], (1, 3): [(np.int64(36), 20), (20, 9), (9, 4), (4, 1), (1, 0), (0, 2), (2, 6), (6, 14), (14, 30), (30, 46)], (3, 4): [(np.int64(46), 30), (30, 14), (14, 6), (6, 2), (2, 0), (0, 1)]}","{(0, np.int64(20)): {'cpu': 16}, (1, np.int64(36)): {'cpu': 11}, (2, np.int64(19)): {'cpu': 10}, (3, np.int64(46)): {'cpu': 20}, (4, np.int64(1)): {'cpu': 18}}","{((0, 2), (np.int64(20), 9)): {'bw': 32}, ((0, 2), (9, 19)): {'bw': 32}, ((0, 4), (np.int64(20), 9)): {'bw': 22}, ((0, 4), (9, 4)): {'bw': 22}, ((0, 4), (4, 1)): {'bw': 22}, ((1, 2), (np.int64(36), 20)): {'bw': 4}, ((1, 2), (20, 9)): {'bw': 4}, ((1, 2), (9, 19)): {'bw': 4}, ((1, 3), (np.int64(36), 20)): {'bw': 2}, ((1, 3), (20, 9)): {'bw': 2}, ((1, 3), (9, 4)): {'bw': 2}, ((1, 3), (4, 1)): {'bw': 2}, ((1, 3), (1, 0)): {'bw': 2}, ((1, 3), (0, 2)): {'bw': 2}, ((1, 3), (2, 6)): {'bw': 2}, ((1, 3), (6, 14)): {'bw': 2}, ((1, 3), (14, 30)): {'bw': 2}, ((1, 3), (30, 46)): {'bw': 2}, ((3, 4), (np.int64(46), 30)): {'bw': 22}, ((3, 4), (30, 14)): {'bw': 22}, ((3, 4), (14, 6)): {'bw': 22}, ((3, 4), (6, 2)): {'bw': 22}, ((3, 4), (2, 0)): {'bw': 22}, ((3, 4), (0, 1)): {'bw': 22}}",369.0,157.0,150.0,75.0,82.0,75.0,82.0,75.0,294.0,212.0,0.4254742547425474,28836.15542407699,12269.041738699425,33.2494356062315,Success,0.0,"{'node_level': {}, 'link_level': {}, 'path_level': {}}","{'node_level': {0: {'cpu': -54}, 1: {'cpu': -80}, 2: {'cpu': -58}, 3: {'cpu': -77}, 4: {'cpu': -75}}, 'link_level': {(0, 2): {'bw': -41}, (0, 4): {'bw': -32}, (1, 2): {'bw': -28}, (1, 3): {'bw': -26}, (3, 4): {'bw': -16}}, 'path_level': {(0, 2): {}, (0, 4): {}, (1, 2): {}, (1, 3): {}, (3, 4): {}}}","{'node_level': {0: {'cpu': 0}, 1: {'cpu': 0}, 2: {'cpu': 0}, 3: {'cpu': 0}, 4: {'cpu': 0}}, 'link_level': {(0, 2): {'bw': 0}, (0, 4): {'bw': 0}, (1, 2): {'bw': 0}, (1, 3): {'bw': 0}, (3, 4): {'bw': 0}}, 'path_level': {(0, 2): {}, (0, 4): {}, (1, 2): {}, (1, 3): {}, (3, 4): {}}}",[],-inf,-inf,True,True,False,0,[],0,0.0,5.0,5.0
163,29,4,1666.0,4533.0,810079.9101803624,2377629.1010778574,0.3675270240458857,0.3407091164105985,46,311,1,4050.0,8266,4365,3901,0.027839643652561197,0.11722109074451237,162,24.752714872073504,4050.0,2,1,True,"{0: np.int64(3), 1: np.int64(11)}","{(0, 1): [(np.int64(3), 1), (1, 0), (0, 2), (2, 5), (5, 11)]}","{(0, np.int64(3)): {'cpu': 2}, (1, np.int64(11)): {'cpu': 9}}","{((0, 1), (np.int64(3), 1)): {'bw': 1}, ((0, 1), (1, 0)): {'bw': 1}, ((0, 1), (0, 2)): {'bw': 1}, ((0, 1), (2, 5)): {'bw': 1}, ((0, 1), (5, 11)): {'bw': 1}}",16.0,12.0,22.0,11.0,1.0,11.0,1.0,11.0,5.0,4.0,0.75,396.04343795317607,297.032578464882,18.564536154055126,Success,0.0,"{'node_level': {}, 'link_level': {}, 'path_level': {}}","{'node_level': {0: {'cpu': -56}, 1: {'cpu': -53}}, 'link_level': {(0, 1): {'bw': -49}}, 'path_level': {(0, 1): {}}}","{'node_level': {0: {'cpu': 0}, 1: {'cpu': 0}}, 'link_level': {(0, 1): {'bw': 0}}, 'path_level': {(0, 1): {}}}",[],-inf,-inf,True,True,False,0,[],0,0.0,2.0,1.0
163,29,3,1666.0,4533.0,810079.9101803624,2377629.1010778574,0.3675270240458857,0.3407091164105985,46,312,0,4074.7527148720733,8282,4376,3906,0.02538975501113583,0.11608961303462317,162,24.752714872073504,4050.0,2,1,False,{},{},{},{},0.0,0.0,0.0,0.0,0.0,0.0,0.0,0.0,0.0,0.0,0.0,0.0,0.0,0.0,Leave Event,0.0,"{'node_level': {}, 'link_level': {}, 'path_level': {}}","{'node_level': {}, 'link_level': {}, 'path_level': {}}","{'node_level': {}, 'link_level': {}, 'path_level': {}}",[],-inf,-inf,True,True,False,0,[],0,0.0,,
164,29,3,1666.0,4533.0,810079.9101803624,2377629.1010778574,0.3675270240458857,0.3407091164105985,46,313,1,4075.0,8282,4376,3906,0.02538975501113583,0.11608961303462317,163,1146.634327155348,4075.0,8,16,False,"{0: np.int64(32), 1: np.int64(61), 2: np.int64(7), 3: np.int64(19), 4: np.int64(60), 5: np.int64(2), 6: np.int64(6), 7: np.int64(54)}","{(0, 1): []}","{(0, np.int64(32)): {'cpu': 1}, (1, np.int64(61)): {'cpu': 16}, (2, np.int64(7)): {'cpu': 7}, (3, np.int64(19)): {'cpu': 5}, (4, np.int64(60)): {'cpu': 5}, (5, np.int64(2)): {'cpu': 5}, (6, np.int64(6)): {'cpu': 10}, (7, np.int64(54)): {'cpu': 15}}",{},0.0,0.0,128.0,64.0,395.0,0.0,0.0,0.0,0.0,0.0,0.0,0.0,0.0,0.0,Route Failure,100.0,"{'node_level': {}, 'link_level': {}, 'path_level': {}}","{'node_level': {0: {'cpu': -79}, 1: {'cpu': -60}, 2: {'cpu': -58}, 3: {'cpu': -53}, 4: {'cpu': -46}, 5: {'cpu': -57}, 6: {'cpu': -45}, 7: {'cpu': -84}}, 'link_level': {(0, 1): {'bw': 100.0}}, 'path_level': {(0, 1): {}}}","{'node_level': {0: {'cpu': 0}, 1: {'cpu': 0}, 2: {'cpu': 0}, 3: {'cpu': 0}, 4: {'cpu': 0}, 5: {'cpu': 0}, 6: {'cpu': 0}, 7: {'cpu': 0}}, 'link_level': {(0, 1): {'bw': 100.0}}, 'path_level': {(0, 1): {}}}",[],-inf,-inf,True,False,False,0,[],0,0.0,8.0,1.0
165,29,3,1666.0,4533.0,810079.9101803624,2377629.1010778574,0.3675270240458857,0.3407091164105985,46,314,1,4096.0,8282,4376,3906,0.02538975501113583,0.11608961303462317,164,628.2115947764465,4096.0,2,1,False,"{0: np.int64(21), 1: np.int64(47)}","{(0, 1): []}","{(0, np.int64(21)): {'cpu': 5}, (1, np.int64(47)): {'cpu': 3}}",{},0.0,0.0,16.0,8.0,39.0,0.0,0.0,0.0,0.0,0.0,0.0,0.0,0.0,0.0,Route Failure,100.0,"{'node_level': {}, 'link_level': {}, 'path_level': {}}","{'node_level': {0: {'cpu': -56}, 1: {'cpu': -89}}, 'link_level': {(0, 1): {'bw': 100.0}}, 'path_level': {(0, 1): {}}}","{'node_level': {0: {'cpu': 0}, 1: {'cpu': 0}}, 'link_level': {(0, 1): {'bw': 100.0}}, 'path_level': {(0, 1): {}}}",[],-inf,-inf,True,False,False,0,[],0,0.0,2.0,1.0
165,29,2,1666.0,4533.0,810079.9101803624,2377629.1010778574,0.3675270240458857,0.3407091164105985,46,315,0,4109.1467626668755,8651,4451,4200,0.008685968819599155,0.04955872369314329,161,78.14676266687532,4031.0,5,5,False,{},{},{},{},0.0,0.0,0.0,0.0,0.0,0.0,0.0,0.0,0.0,0.0,0.0,0.0,0.0,0.0,Leave Event,0.0,"{'node_level': {}, 'link_level': {}, 'path_level': {}}","{'node_level': {}, 'link_level': {}, 'path_level': {}}","{'node_level': {}, 'link_level': {}, 'path_level': {}}",[],-inf,-inf,True,True,False,0,[],0,0.0,,
166,29,2,1666.0,4533.0,810079.9101803624,2377629.1010778574,0.3675270240458857,0.3407091164105985,46,316,1,4119.0,8651,4451,4200,0.008685968819599155,0.04955872369314329,165,185.76946077130896,4119.0,9,18,False,"{0: np.int64(35), 1: np.int64(9), 2: np.int64(13), 3: np.int64(2), 4: np.int64(21), 5: np.int64(61), 6: np.int64(60), 7: np.int64(57), 8: np.int64(33)}","{(0, 1): [(np.int64(35), 19), (19, 9)], (0, 3): [(np.int64(35), 19), (19, 9), (9, 4), (4, 1), (1, 0), (0, 2)], (0, 7): [(np.int64(35), 19), (19, 9), (9, 4), (4, 1), (1, 0), (0, 2), (2, 5), (5, 12), (12, 25), (25, 57)], (0, 8): []}","{(0, np.int64(35)): {'cpu': 11}, (1, np.int64(9)): {'cpu': 12}, (2, np.int64(13)): {'cpu': 12}, (3, np.int64(2)): {'cpu': 19}, (4, np.int64(21)): {'cpu': 12}, (5, np.int64(61)): {'cpu': 16}, (6, np.int64(60)): {'cpu': 19}, (7, np.int64(57)): {'cpu': 4}, (8, np.int64(33)): {'cpu': 5}}","{((0, 1), (np.int64(35), 19)): {'bw': 46}, ((0, 1), (19, 9)): {'bw': 46}, ((0, 3), (np.int64(35), 19)): {'bw': 11}, ((0, 3), (19, 9)): {'bw': 11}, ((0, 3), (9, 4)): {'bw': 11}, ((0, 3), (4, 1)): {'bw': 11}, ((0, 3), (1, 0)): {'bw': 11}, ((0, 3), (0, 2)): {'bw': 11}, ((0, 7), (np.int64(35), 19)): {'bw': 0}, ((0, 7), (19, 9)): {'bw': 0}, ((0, 7), (9, 4)): {'bw': 0}, ((0, 7), (4, 1)): {'bw': 0}, ((0, 7), (1, 0)): {'bw': 0}, ((0, 7), (0, 2)): {'bw': 0}, ((0, 7), (2, 5)): {'bw': 0}, ((0, 7), (5, 12)): {'bw': 0}, ((0, 7), (12, 25)): {'bw': 0}, ((0, 7), (25, 57)): {'bw': 0}}",0.0,0.0,220.0,110.0,403.0,0.0,0.0,0.0,0.0,0.0,0.0,0.0,0.0,0.0,Route Failure,100.0,"{'node_level': {}, 'link_level': {}, 'path_level': {}}","{'node_level': {0: {'cpu': -52}, 1: {'cpu': -54}, 2: {'cpu': -83}, 3: {'cpu': -43}, 4: {'cpu': -49}, 5: {'cpu': -60}, 6: {'cpu': -32}, 7: {'cpu': -70}, 8: {'cpu': -77}}, 'link_level': {(0, 1): {'bw': -27}, (0, 3): {'bw': -16}, (0, 7): {'bw': -16}, (0, 8): {'bw': 100.0}}, 'path_level': {(0, 1): {}, (0, 3): {}, (0, 7): {}, (0, 8): {}}}","{'node_level': {0: {'cpu': 0}, 1: {'cpu': 0}, 2: {'cpu': 0}, 3: {'cpu': 0}, 4: {'cpu': 0}, 5: {'cpu': 0}, 6: {'cpu': 0}, 7: {'cpu': 0}, 8: {'cpu': 0}}, 'link_level': {(0, 1): {'bw': 0}, (0, 3): {'bw': 0}, (0, 7): {'bw': 0}, (0, 8): {'bw': 100.0}}, 'path_level': {(0, 1): {}, (0, 3): {}, (0, 7): {}, (0, 8): {}}}",[],-inf,-inf,True,False,False,0,[],0,0.0,9.0,4.0
166,29,2,1666.0,4533.0,810079.9101803624,2377629.1010778574,0.3675270240458857,0.3407091164105985,46,317,0,4121.701907065694,8651,4451,4200,0.008685968819599155,0.04955872369314329,110,1365.7019070656943,2756.0,9,21,False,{},{},{},{},0.0,0.0,0.0,0.0,0.0,0.0,0.0,0.0,0.0,0.0,0.0,0.0,0.0,0.0,Leave Event,0.0,"{'node_level': {}, 'link_level': {}, 'path_level': {}}","{'node_level': {}, 'link_level': {}, 'path_level': {}}","{'node_level': {}, 'link_level': {}, 'path_level': {}}",[],-inf,-inf,True,True,False,0,[],0,0.0,,
167,29,2,1666.0,4533.0,810079.9101803624,2377629.1010778574,0.3675270240458857,0.3407091164105985,46,318,1,4129.0,8651,4451,4200,0.008685968819599155,0.04955872369314329,166,249.5640429008351,4129.0,4,3,False,"{0: np.int64(30), 1: np.int64(39), 2: np.int64(22), 3: np.int64(59)}","{(0, 3): [(np.int64(30), 14), (14, 6), (6, 13), (13, 27), (27, 59)], (1, 3): [(np.int64(39), 23), (23, 11), (11, 5), (5, 2), (2, 6), (6, 13), (13, 27), (27, 59)], (2, 3): []}","{(0, np.int64(30)): {'cpu': 14}, (1, np.int64(39)): {'cpu': 15}, (2, np.int64(22)): {'cpu': 13}, (3, np.int64(59)): {'cpu': 5}}","{((0, 3), (np.int64(30), 14)): {'bw': 26}, ((0, 3), (14, 6)): {'bw': 26}, ((0, 3), (6, 13)): {'bw': 26}, ((0, 3), (13, 27)): {'bw': 26}, ((0, 3), (27, 59)): {'bw': 26}, ((1, 3), (np.int64(39), 23)): {'bw': 24}, ((1, 3), (23, 11)): {'bw': 24}, ((1, 3), (11, 5)): {'bw': 24}, ((1, 3), (5, 2)): {'bw': 24}, ((1, 3), (2, 6)): {'bw': 24}, ((1, 3), (6, 13)): {'bw': 24}, ((1, 3), (13, 27)): {'bw': 24}, ((1, 3), (27, 59)): {'bw': 24}}",0.0,0.0,94.0,47.0,83.0,0.0,0.0,0.0,0.0,0.0,0.0,0.0,0.0,0.0,Route Failure,100.0,"{'node_level': {}, 'link_level': {}, 'path_level': {}}","{'node_level': {0: {'cpu': -57}, 1: {'cpu': -57}, 2: {'cpu': -79}, 3: {'cpu': -88}}, 'link_level': {(0, 3): {'bw': -14}, (1, 3): {'bw': 0}, (2, 3): {'bw': 100.0}}, 'path_level': {(0, 3): {}, (1, 3): {}, (2, 3): {}}}","{'node_level': {0: {'cpu': 0}, 1: {'cpu': 0}, 2: {'cpu': 0}, 3: {'cpu': 0}}, 'link_level': {(0, 3): {'bw': 0}, (1, 3): {'bw': 0}, (2, 3): {'bw': 100.0}}, 'path_level': {(0, 3): {}, (1, 3): {}, (2, 3): {}}}",[],-inf,-inf,True,False,False,0,[],0,0.0,4.0,3.0
168,29,2,1666.0,4533.0,810079.9101803624,2377629.1010778574,0.3675270240458857,0.3407091164105985,46,319,1,4150.0,8651,4451,4200,0.008685968819599155,0.04955872369314329,167,42.1169268016884,4150.0,10,19,False,"{0: np.int64(15), 1: np.int64(44), 2: np.int64(11), 3: np.int64(39), 4: np.int64(18), 5: np.int64(3), 6: np.int64(34), 7: np.int64(0), 8: np.int64(13), 9: np.int64(53)}","{(0, 5): [(np.int64(15), 7), (7, 3)], (0, 6): [(np.int64(15), 7), (7, 3), (3, 8), (8, 18), (18, 34)], (0, 7): []}","{(0, np.int64(15)): {'cpu': 2}, (1, np.int64(44)): {'cpu': 14}, (2, np.int64(11)): {'cpu': 19}, (3, np.int64(39)): {'cpu': 13}, (4, np.int64(18)): {'cpu': 19}, (5, np.int64(3)): {'cpu': 20}, (6, np.int64(34)): {'cpu': 11}, (7, np.int64(0)): {'cpu': 20}, (8, np.int64(13)): {'cpu': 5}, (9, np.int64(53)): {'cpu': 19}}","{((0, 5), (np.int64(15), 7)): {'bw': 32}, ((0, 5), (7, 3)): {'bw': 32}, ((0, 6), (np.int64(15), 7)): {'bw': 15}, ((0, 6), (7, 3)): {'bw': 15}, ((0, 6), (3, 8)): {'bw': 15}, ((0, 6), (8, 18)): {'bw': 15}, ((0, 6), (18, 34)): {'bw': 15}}",0.0,0.0,284.0,142.0,492.0,0.0,0.0,0.0,0.0,0.0,0.0,0.0,0.0,0.0,Route Failure,100.0,"{'node_level': {}, 'link_level': {}, 'path_level': {}}","{'node_level': {0: {'cpu': -73}, 1: {'cpu': -60}, 2: {'cpu': -43}, 3: {'cpu': -59}, 4: {'cpu': -68}, 5: {'cpu': -38}, 6: {'cpu': -61}, 7: {'cpu': -67}, 8: {'cpu': -90}, 9: {'cpu': -50}}, 'link_level': {(0, 5): {'bw': -40}, (0, 6): {'bw': -25}, (0, 7): {'bw': 100.0}}, 'path_level': {(0, 5): {}, (0, 6): {}, (0, 7): {}}}","{'node_level': {0: {'cpu': 0}, 1: {'cpu': 0}, 2: {'cpu': 0}, 3: {'cpu': 0}, 4: {'cpu': 0}, 5: {'cpu': 0}, 6: {'cpu': 0}, 7: {'cpu': 0}, 8: {'cpu': 0}, 9: {'cpu': 0}}, 'link_level': {(0, 5): {'bw': 0}, (0, 6): {'bw': 0}, (0, 7): {'bw': 100.0}}, 'path_level': {(0, 5): {}, (0, 6): {}, (0, 7): {}}}",[],-inf,-inf,True,False,False,0,[],0,0.0,10.0,3.0
169,29,2,1666.0,4533.0,810079.9101803624,2377629.1010778574,0.3675270240458857,0.3407091164105985,46,320,1,4167.0,8651,4451,4200,0.008685968819599155,0.04955872369314329,168,217.02590536935313,4167.0,5,7,False,"{0: np.int64(25), 1: np.int64(60), 2: np.int64(36), 3: np.int64(29), 4: np.int64(31)}","{(0, 1): [(np.int64(25), 12), (12, 5), (5, 2), (2, 6), (6, 13), (13, 28), (28, 60)], (0, 4): []}","{(0, np.int64(25)): {'cpu': 8}, (1, np.int64(60)): {'cpu': 4}, (2, np.int64(36)): {'cpu': 19}, (3, np.int64(29)): {'cpu': 19}, (4, np.int64(31)): {'cpu': 17}}","{((0, 1), (np.int64(25), 12)): {'bw': 34}, ((0, 1), (12, 5)): {'bw': 34}, ((0, 1), (5, 2)): {'bw': 34}, ((0, 1), (2, 6)): {'bw': 34}, ((0, 1), (6, 13)): {'bw': 34}, ((0, 1), (13, 28)): {'bw': 34}, ((0, 1), (28, 60)): {'bw': 34}}",0.0,0.0,134.0,67.0,178.0,0.0,0.0,0.0,0.0,0.0,0.0,0.0,0.0,0.0,Route Failure,100.0,"{'node_level': {}, 'link_level': {}, 'path_level': {}}","{'node_level': {0: {'cpu': -56}, 1: {'cpu': -47}, 2: {'cpu': -72}, 3: {'cpu': -54}, 4: {'cpu': -82}}, 'link_level': {(0, 1): {'bw': -1}, (0, 4): {'bw': 100.0}}, 'path_level': {(0, 1): {}, (0, 4): {}}}","{'node_level': {0: {'cpu': 0}, 1: {'cpu': 0}, 2: {'cpu': 0}, 3: {'cpu': 0}, 4: {'cpu': 0}}, 'link_level': {(0, 1): {'bw': 0}, (0, 4): {'bw': 100.0}}, 'path_level': {(0, 1): {}, (0, 4): {}}}",[],-inf,-inf,True,False,False,0,[],0,0.0,5.0,2.0
170,30,3,1736.0,4677.0,810115.393150215,2377702.09461584,0.37117810562326276,0.3407135801346483,47,321,1,4183.0,8507,4418,4089,0.01603563474387526,0.07467752885268164,169,0.5068995693226128,4183.0,2,1,True,"{0: np.int64(6), 1: np.int64(12)}","{(0, 1): [(np.int64(6), 2), (2, 5), (5, 12)]}","{(0, np.int64(6)): {'cpu': 16}, (1, np.int64(12)): {'cpu': 17}}","{((0, 1), (np.int64(6), 2)): {'bw': 37}, ((0, 1), (2, 5)): {'bw': 37}, ((0, 1), (5, 12)): {'bw': 37}}",144.0,70.0,66.0,33.0,37.0,33.0,37.0,33.0,111.0,74.0,0.4861111111111111,72.99353798245625,35.4829698525829,0.246409512865159,Success,0.0,"{'node_level': {}, 'link_level': {}, 'path_level': {}}","{'node_level': {0: {'cpu': -39}, 1: {'cpu': -40}}, 'link_level': {(0, 1): {'bw': -13}}, 'path_level': {(0, 1): {}}}","{'node_level': {0: {'cpu': 0}, 1: {'cpu': 0}}, 'link_level': {(0, 1): {'bw': 0}}, 'path_level': {(0, 1): {}}}",[],-inf,-inf,True,True,False,0,[],0,0.0,2.0,1.0
170,30,2,1736.0,4677.0,810115.393150215,2377702.09461584,0.37117810562326276,0.3407135801346483,47,322,0,4183.506899569323,8651,4451,4200,0.008685968819599155,0.04955872369314329,169,0.5068995693226128,4183.0,2,1,False,{},{},{},{},0.0,0.0,0.0,0.0,0.0,0.0,0.0,0.0,0.0,0.0,0.0,0.0,0.0,0.0,Leave Event,0.0,"{'node_level': {}, 'link_level': {}, 'path_level': {}}","{'node_level': {}, 'link_level': {}, 'path_level': {}}","{'node_level': {}, 'link_level': {}, 'path_level': {}}",[],-inf,-inf,True,True,False,0,[],0,0.0,,
170,30,2,1736.0,4677.0,810115.393150215,2377702.09461584,0.37117810562326276,0.3407135801346483,47,323,0,4192.116926801688,8651,4451,4200,0.008685968819599155,0.04955872369314329,167,42.1169268016884,4150.0,10,19,False,{},{},{},{},0.0,0.0,0.0,0.0,0.0,0.0,0.0,0.0,0.0,0.0,0.0,0.0,0.0,0.0,Leave Event,0.0,"{'node_level': {}, 'link_level': {}, 'path_level': {}}","{'node_level': {}, 'link_level': {}, 'path_level': {}}","{'node_level': {}, 'link_level': {}, 'path_level': {}}",[],-inf,-inf,True,True,False,0,[],0,0.0,,
171,30,2,1736.0,4677.0,810115.393150215,2377702.09461584,0.37117810562326276,0.3407135801346483,47,324,1,4204.0,8651,4451,4200,0.008685968819599155,0.04955872369314329,170,489.9221766000614,4204.0,10,21,False,"{0: np.int64(42), 1: np.int64(38), 2: np.int64(57), 3: np.int64(31), 4: np.int64(59), 5: np.int64(17), 6: np.int64(60), 7: np.int64(15), 8: np.int64(8), 9: np.int64(11)}","{(0, 2): [(np.int64(42), 26), (26, 12), (12, 25), (25, 57)], (0, 4): [(np.int64(42), 26), (26, 12), (12, 5), (5, 2), (2, 6), (6, 13), (13, 27), (27, 59)], (0, 5): []}","{(0, np.int64(42)): {'cpu': 19}, (1, np.int64(38)): {'cpu': 0}, (2, np.int64(57)): {'cpu': 18}, (3, np.int64(31)): {'cpu': 7}, (4, np.int64(59)): {'cpu': 12}, (5, np.int64(17)): {'cpu': 17}, (6, np.int64(60)): {'cpu': 12}, (7, np.int64(15)): {'cpu': 4}, (8, np.int64(8)): {'cpu': 17}, (9, np.int64(11)): {'cpu': 5}}","{((0, 2), (np.int64(42), 26)): {'bw': 43}, ((0, 2), (26, 12)): {'bw': 43}, ((0, 2), (12, 25)): {'bw': 43}, ((0, 2), (25, 57)): {'bw': 43}, ((0, 4), (np.int64(42), 26)): {'bw': 10}, ((0, 4), (26, 12)): {'bw': 10}, ((0, 4), (12, 5)): {'bw': 10}, ((0, 4), (5, 2)): {'bw': 10}, ((0, 4), (2, 6)): {'bw': 10}, ((0, 4), (6, 13)): {'bw': 10}, ((0, 4), (13, 27)): {'bw': 10}, ((0, 4), (27, 59)): {'bw': 10}}",0.0,0.0,222.0,111.0,464.0,0.0,0.0,0.0,0.0,0.0,0.0,0.0,0.0,0.0,Route Failure,100.0,"{'node_level': {}, 'link_level': {}, 'path_level': {}}","{'node_level': {0: {'cpu': -48}, 1: {'cpu': -57}, 2: {'cpu': -56}, 3: {'cpu': -92}, 4: {'cpu': -81}, 5: {'cpu': -53}, 6: {'cpu': -39}, 7: {'cpu': -71}, 8: {'cpu': -33}, 9: {'cpu': -57}}, 'link_level': {(0, 2): {'bw': -15}, (0, 4): {'bw': -18}, (0, 5): {'bw': 100.0}}, 'path_level': {(0, 2): {}, (0, 4): {}, (0, 5): {}}}","{'node_level': {0: {'cpu': 0}, 1: {'cpu': 0}, 2: {'cpu': 0}, 3: {'cpu': 0}, 4: {'cpu': 0}, 5: {'cpu': 0}, 6: {'cpu': 0}, 7: {'cpu': 0}, 8: {'cpu': 0}, 9: {'cpu': 0}}, 'link_level': {(0, 2): {'bw': 0}, (0, 4): {'bw': 0}, (0, 5): {'bw': 100.0}}, 'path_level': {(0, 2): {}, (0, 4): {}, (0, 5): {}}}",[],-inf,-inf,True,False,False,0,[],0,0.0,10.0,3.0
172,30,2,1736.0,4677.0,810115.393150215,2377702.09461584,0.37117810562326276,0.3407135801346483,47,325,1,4230.0,8651,4451,4200,0.008685968819599155,0.04955872369314329,171,111.74143658671055,4230.0,6,8,False,"{0: np.int64(3), 1: np.int64(2), 2: np.int64(45), 3: np.int64(55), 4: np.int64(11), 5: np.int64(7)}","{(0, 1): [(np.int64(3), 1), (1, 0), (0, 2)], (0, 4): []}","{(0, np.int64(3)): {'cpu': 16}, (1, np.int64(2)): {'cpu': 15}, (2, np.int64(45)): {'cpu': 9}, (3, np.int64(55)): {'cpu': 20}, (4, np.int64(11)): {'cpu': 19}, (5, np.int64(7)): {'cpu': 13}}","{((0, 1), (np.int64(3), 1)): {'bw': 47}, ((0, 1), (1, 0)): {'bw': 47}, ((0, 1), (0, 2)): {'bw': 47}}",0.0,0.0,184.0,92.0,199.0,0.0,0.0,0.0,0.0,0.0,0.0,0.0,0.0,0.0,Route Failure,100.0,"{'node_level': {}, 'link_level': {}, 'path_level': {}}","{'node_level': {0: {'cpu': -42}, 1: {'cpu': -47}, 2: {'cpu': -54}, 3: {'cpu': -33}, 4: {'cpu': -43}, 5: {'cpu': -52}}, 'link_level': {(0, 1): {'bw': -21}, (0, 4): {'bw': 100.0}}, 'path_level': {(0, 1): {}, (0, 4): {}}}","{'node_level': {0: {'cpu': 0}, 1: {'cpu': 0}, 2: {'cpu': 0}, 3: {'cpu': 0}, 4: {'cpu': 0}, 5: {'cpu': 0}}, 'link_level': {(0, 1): {'bw': 0}, (0, 4): {'bw': 100.0}}, 'path_level': {(0, 1): {}, (0, 4): {}}}",[],-inf,-inf,True,False,False,0,[],0,0.0,6.0,2.0
172,30,1,1736.0,4677.0,810115.393150215,2377702.09461584,0.37117810562326276,0.3407135801346483,47,326,0,4248.5654496986335,8807,4482,4325,0.0017817371937639548,0.02127178094591542,151,464.5654496986333,3784.0,2,1,False,{},{},{},{},0.0,0.0,0.0,0.0,0.0,0.0,0.0,0.0,0.0,0.0,0.0,0.0,0.0,0.0,Leave Event,0.0,"{'node_level': {}, 'link_level': {}, 'path_level': {}}","{'node_level': {}, 'link_level': {}, 'path_level': {}}","{'node_level': {}, 'link_level': {}, 'path_level': {}}",[],-inf,-inf,True,True,False,0,[],0,0.0,,
173,31,2,1871.0,5317.0,876341.4575855231,2691662.6963832267,0.3518901636261049,0.3255762539500431,47,327,1,4254.0,8167,4444,3723,0.01024498886414249,0.15750169721656482,172,490.56344026154153,4254.0,4,5,True,"{0: np.int64(12), 1: np.int64(1), 2: np.int64(46), 3: np.int64(35)}","{(0, 1): [(np.int64(12), 5), (5, 2), (2, 0), (0, 1)], (0, 3): [(np.int64(12), 5), (5, 2), (2, 0), (0, 1), (1, 4), (4, 9), (9, 19), (19, 35)], (1, 2): [(np.int64(1), 0), (0, 2), (2, 6), (6, 14), (14, 30), (30, 46)], (1, 3): [(np.int64(1), 4), (4, 9), (9, 19), (19, 35)], (2, 3): [(np.int64(46), 30), (30, 14), (14, 6), (6, 2), (2, 0), (0, 1), (1, 4), (4, 9), (9, 19), (19, 35)]}","{(0, np.int64(12)): {'cpu': 0}, (1, np.int64(1)): {'cpu': 19}, (2, np.int64(46)): {'cpu': 8}, (3, np.int64(35)): {'cpu': 11}}","{((0, 1), (np.int64(12), 5)): {'bw': 5}, ((0, 1), (5, 2)): {'bw': 5}, ((0, 1), (2, 0)): {'bw': 5}, ((0, 1), (0, 1)): {'bw': 5}, ((0, 3), (np.int64(12), 5)): {'bw': 6}, ((0, 3), (5, 2)): {'bw': 6}, ((0, 3), (2, 0)): {'bw': 6}, ((0, 3), (0, 1)): {'bw': 6}, ((0, 3), (1, 4)): {'bw': 6}, ((0, 3), (4, 9)): {'bw': 6}, ((0, 3), (9, 19)): {'bw': 6}, ((0, 3), (19, 35)): {'bw': 6}, ((1, 2), (np.int64(1), 0)): {'bw': 29}, ((1, 2), (0, 2)): {'bw': 29}, ((1, 2), (2, 6)): {'bw': 29}, ((1, 2), (6, 14)): {'bw': 29}, ((1, 2), (14, 30)): {'bw': 29}, ((1, 2), (30, 46)): {'bw': 29}, ((1, 3), (np.int64(1), 4)): {'bw': 35}, ((1, 3), (4, 9)): {'bw': 35}, ((1, 3), (9, 19)): {'bw': 35}, ((1, 3), (19, 35)): {'bw': 35}, ((2, 3), (np.int64(46), 30)): {'bw': 22}, ((2, 3), (30, 14)): {'bw': 22}, ((2, 3), (14, 6)): {'bw': 22}, ((2, 3), (6, 2)): {'bw': 22}, ((2, 3), (2, 0)): {'bw': 22}, ((2, 3), (0, 1)): {'bw': 22}, ((2, 3), (1, 4)): {'bw': 22}, ((2, 3), (4, 9)): {'bw': 22}, ((2, 3), (9, 19)): {'bw': 22}, ((2, 3), (19, 35)): {'bw': 22}}",640.0,135.0,76.0,38.0,97.0,38.0,97.0,38.0,602.0,505.0,0.2109375,313960.6017673866,66226.0644353081,103.47822568016892,Success,0.0,"{'node_level': {}, 'link_level': {}, 'path_level': {}}","{'node_level': {0: {'cpu': -57}, 1: {'cpu': -74}, 2: {'cpu': -89}, 3: {'cpu': -52}}, 'link_level': {(0, 1): {'bw': -45}, (0, 3): {'bw': -39}, (1, 2): {'bw': -25}, (1, 3): {'bw': -24}, (2, 3): {'bw': -2}}, 'path_level': {(0, 1): {}, (0, 3): {}, (1, 2): {}, (1, 3): {}, (2, 3): {}}}","{'node_level': {0: {'cpu': 0}, 1: {'cpu': 0}, 2: {'cpu': 0}, 3: {'cpu': 0}}, 'link_level': {(0, 1): {'bw': 0}, (0, 3): {'bw': 0}, (1, 2): {'bw': 0}, (1, 3): {'bw': 0}, (2, 3): {'bw': 0}}, 'path_level': {(0, 1): {}, (0, 3): {}, (1, 2): {}, (1, 3): {}, (2, 3): {}}}",[],-inf,-inf,True,True,False,0,[],0,0.0,4.0,5.0
173,31,1,1871.0,5317.0,876341.4575855231,2691662.6963832267,0.3518901636261049,0.3255762539500431,47,328,0,4254.572357171008,8269,4452,3817,0.008463251670378646,0.1362299162706495,130,1001.5723571710075,3253.0,2,1,False,{},{},{},{},0.0,0.0,0.0,0.0,0.0,0.0,0.0,0.0,0.0,0.0,0.0,0.0,0.0,0.0,Leave Event,0.0,"{'node_level': {}, 'link_level': {}, 'path_level': {}}","{'node_level': {}, 'link_level': {}, 'path_level': {}}","{'node_level': {}, 'link_level': {}, 'path_level': {}}",[],-inf,-inf,True,True,False,0,[],0,0.0,,
173,31,1,1871.0,5317.0,876341.4575855231,2691662.6963832267,0.3518901636261049,0.3255762539500431,47,329,0,4268.122807203997,8269,4452,3817,0.008463251670378646,0.1362299162706495,148,559.1228072039964,3709.0,3,2,False,{},{},{},{},0.0,0.0,0.0,0.0,0.0,0.0,0.0,0.0,0.0,0.0,0.0,0.0,0.0,0.0,Leave Event,0.0,"{'node_level': {}, 'link_level': {}, 'path_level': {}}","{'node_level': {}, 'link_level': {}, 'path_level': {}}","{'node_level': {}, 'link_level': {}, 'path_level': {}}",[],-inf,-inf,True,True,False,0,[],0,0.0,,
174,32,2,1898.0,5371.0,881576.7549577623,2702133.291127705,0.35337925898342953,0.32625213487890015,48,330,1,4277.0,8215,4434,3781,0.012472160356347461,0.14437655578185105,173,193.89990267552545,4277.0,2,1,True,"{0: np.int64(41), 1: np.int64(58)}","{(0, 1): [(np.int64(41), 25), (25, 12), (12, 26), (26, 58)]}","{(0, np.int64(41)): {'cpu': 17}, (1, np.int64(58)): {'cpu': 1}}","{((0, 1), (np.int64(41), 25)): {'bw': 9}, ((0, 1), (25, 12)): {'bw': 9}, ((0, 1), (12, 26)): {'bw': 9}, ((0, 1), (26, 58)): {'bw': 9}}",54.0,27.0,36.0,18.0,9.0,18.0,9.0,18.0,36.0,27.0,0.5,10470.594744478374,5235.297372239187,96.94995133776273,Success,0.0,"{'node_level': {}, 'link_level': {}, 'path_level': {}}","{'node_level': {0: {'cpu': -33}, 1: {'cpu': -98}}, 'link_level': {(0, 1): {'bw': -49}}, 'path_level': {(0, 1): {}}}","{'node_level': {0: {'cpu': 0}, 1: {'cpu': 0}}, 'link_level': {(0, 1): {'bw': 0}}, 'path_level': {(0, 1): {}}}",[],-inf,-inf,True,True,False,0,[],0,0.0,2.0,1.0
175,32,2,1898.0,5371.0,881576.7549577623,2702133.291127705,0.35337925898342953,0.32625213487890015,48,331,1,4298.0,8215,4434,3781,0.012472160356347461,0.14437655578185105,174,24.237179052614465,4298.0,5,6,False,"{0: np.int64(37), 1: np.int64(12), 2: np.int64(49), 3: np.int64(25), 4: np.int64(56)}","{(0, 1): []}","{(0, np.int64(37)): {'cpu': 18}, (1, np.int64(12)): {'cpu': 20}, (2, np.int64(49)): {'cpu': 15}, (3, np.int64(25)): {'cpu': 0}, (4, np.int64(56)): {'cpu': 11}}",{},0.0,0.0,128.0,64.0,228.0,0.0,0.0,0.0,0.0,0.0,0.0,0.0,0.0,0.0,Route Failure,100.0,"{'node_level': {}, 'link_level': {}, 'path_level': {}}","{'node_level': {0: {'cpu': -41}, 1: {'cpu': -37}, 2: {'cpu': -65}, 3: {'cpu': -64}, 4: {'cpu': -43}}, 'link_level': {(0, 1): {'bw': 100.0}}, 'path_level': {(0, 1): {}}}","{'node_level': {0: {'cpu': 0}, 1: {'cpu': 0}, 2: {'cpu': 0}, 3: {'cpu': 0}, 4: {'cpu': 0}}, 'link_level': {(0, 1): {'bw': 100.0}}, 'path_level': {(0, 1): {}}}",[],-inf,-inf,True,False,False,0,[],0,0.0,5.0,1.0
175,32,2,1898.0,5371.0,881576.7549577623,2702133.291127705,0.35337925898342953,0.32625213487890015,48,332,0,4304.769460771309,8215,4434,3781,0.012472160356347461,0.14437655578185105,165,185.76946077130896,4119.0,9,18,False,{},{},{},{},0.0,0.0,0.0,0.0,0.0,0.0,0.0,0.0,0.0,0.0,0.0,0.0,0.0,0.0,Leave Event,0.0,"{'node_level': {}, 'link_level': {}, 'path_level': {}}","{'node_level': {}, 'link_level': {}, 'path_level': {}}","{'node_level': {}, 'link_level': {}, 'path_level': {}}",[],-inf,-inf,True,True,False,0,[],0,0.0,,
176,32,2,1898.0,5371.0,881576.7549577623,2702133.291127705,0.35337925898342953,0.32625213487890015,48,333,1,4320.0,8215,4434,3781,0.012472160356347461,0.14437655578185105,175,642.5277197308332,4320.0,10,23,False,"{0: np.int64(13), 1: np.int64(28), 2: np.int64(4), 3: np.int64(8), 4: np.int64(41), 5: np.int64(0), 6: np.int64(46), 7: np.int64(56), 8: np.int64(7), 9: np.int64(14)}","{(0, 1): [(np.int64(13), 28)], (0, 3): []}","{(0, np.int64(13)): {'cpu': 1}, (1, np.int64(28)): {'cpu': 12}, (2, np.int64(4)): {'cpu': 7}, (3, np.int64(8)): {'cpu': 19}, (4, np.int64(41)): {'cpu': 18}, (5, np.int64(0)): {'cpu': 19}, (6, np.int64(46)): {'cpu': 2}, (7, np.int64(56)): {'cpu': 2}, (8, np.int64(7)): {'cpu': 1}, (9, np.int64(14)): {'cpu': 12}}","{((0, 1), (np.int64(13), 28)): {'bw': 37}}",0.0,0.0,186.0,93.0,565.0,0.0,0.0,0.0,0.0,0.0,0.0,0.0,0.0,0.0,Route Failure,100.0,"{'node_level': {}, 'link_level': {}, 'path_level': {}}","{'node_level': {0: {'cpu': -94}, 1: {'cpu': -61}, 2: {'cpu': -52}, 3: {'cpu': -31}, 4: {'cpu': -15}, 5: {'cpu': -68}, 6: {'cpu': -87}, 7: {'cpu': -52}, 8: {'cpu': -64}, 9: {'cpu': -44}}, 'link_level': {(0, 1): {'bw': -23}, (0, 3): {'bw': 100.0}}, 'path_level': {(0, 1): {}, (0, 3): {}}}","{'node_level': {0: {'cpu': 0}, 1: {'cpu': 0}, 2: {'cpu': 0}, 3: {'cpu': 0}, 4: {'cpu': 0}, 5: {'cpu': 0}, 6: {'cpu': 0}, 7: {'cpu': 0}, 8: {'cpu': 0}, 9: {'cpu': 0}}, 'link_level': {(0, 1): {'bw': 0}, (0, 3): {'bw': 100.0}}, 'path_level': {(0, 1): {}, (0, 3): {}}}",[],-inf,-inf,True,False,False,0,[],0,0.0,10.0,2.0
176,32,2,1898.0,5371.0,881576.7549577623,2702133.291127705,0.35337925898342953,0.32625213487890015,48,334,0,4322.237179052614,8215,4434,3781,0.012472160356347461,0.14437655578185105,174,24.237179052614465,4298.0,5,6,False,{},{},{},{},0.0,0.0,0.0,0.0,0.0,0.0,0.0,0.0,0.0,0.0,0.0,0.0,0.0,0.0,Leave Event,0.0,"{'node_level': {}, 'link_level': {}, 'path_level': {}}","{'node_level': {}, 'link_level': {}, 'path_level': {}}","{'node_level': {}, 'link_level': {}, 'path_level': {}}",[],-inf,-inf,True,True,False,0,[],0,0.0,,
176,32,2,1898.0,5371.0,881576.7549577623,2702133.291127705,0.35337925898342953,0.32625213487890015,48,335,0,4330.043433844567,8215,4434,3781,0.012472160356347461,0.14437655578185105,159,357.0434338445669,3973.0,4,3,False,{},{},{},{},0.0,0.0,0.0,0.0,0.0,0.0,0.0,0.0,0.0,0.0,0.0,0.0,0.0,0.0,Leave Event,0.0,"{'node_level': {}, 'link_level': {}, 'path_level': {}}","{'node_level': {}, 'link_level': {}, 'path_level': {}}","{'node_level': {}, 'link_level': {}, 'path_level': {}}",[],-inf,-inf,True,True,False,0,[],0,0.0,,
176,32,2,1898.0,5371.0,881576.7549577623,2702133.291127705,0.35337925898342953,0.32625213487890015,48,336,0,4341.741436586711,8215,4434,3781,0.012472160356347461,0.14437655578185105,171,111.74143658671055,4230.0,6,8,False,{},{},{},{},0.0,0.0,0.0,0.0,0.0,0.0,0.0,0.0,0.0,0.0,0.0,0.0,0.0,0.0,Leave Event,0.0,"{'node_level': {}, 'link_level': {}, 'path_level': {}}","{'node_level': {}, 'link_level': {}, 'path_level': {}}","{'node_level': {}, 'link_level': {}, 'path_level': {}}",[],-inf,-inf,True,True,False,0,[],0,0.0,,
177,32,2,1898.0,5371.0,881576.7549577623,2702133.291127705,0.35337925898342953,0.32625213487890015,48,337,1,4349.0,8215,4434,3781,0.012472160356347461,0.14437655578185105,176,712.00227080777,4349.0,3,3,False,"{0: np.int64(43), 1: np.int64(17), 2: np.int64(8)}","{(0, 1): []}","{(0, np.int64(43)): {'cpu': 15}, (1, np.int64(17)): {'cpu': 1}, (2, np.int64(8)): {'cpu': 6}}",{},0.0,0.0,44.0,22.0,90.0,0.0,0.0,0.0,0.0,0.0,0.0,0.0,0.0,0.0,Route Failure,100.0,"{'node_level': {}, 'link_level': {}, 'path_level': {}}","{'node_level': {0: {'cpu': -43}, 1: {'cpu': -69}, 2: {'cpu': -44}}, 'link_level': {(0, 1): {'bw': 100.0}}, 'path_level': {(0, 1): {}}}","{'node_level': {0: {'cpu': 0}, 1: {'cpu': 0}, 2: {'cpu': 0}}, 'link_level': {(0, 1): {'bw': 100.0}}, 'path_level': {(0, 1): {}}}",[],-inf,-inf,True,False,False,0,[],0,0.0,3.0,1.0
177,32,2,1898.0,5371.0,881576.7549577623,2702133.291127705,0.35337925898342953,0.32625213487890015,48,338,0,4360.731509300069,8215,4434,3781,0.012472160356347461,0.14437655578185105,137,938.731509300069,3422.0,10,25,False,{},{},{},{},0.0,0.0,0.0,0.0,0.0,0.0,0.0,0.0,0.0,0.0,0.0,0.0,0.0,0.0,Leave Event,0.0,"{'node_level': {}, 'link_level': {}, 'path_level': {}}","{'node_level': {}, 'link_level': {}, 'path_level': {}}","{'node_level': {}, 'link_level': {}, 'path_level': {}}",[],-inf,-inf,True,True,False,0,[],0,0.0,,
178,32,2,1898.0,5371.0,881576.7549577623,2702133.291127705,0.35337925898342953,0.32625213487890015,48,339,1,4368.0,8215,4434,3781,0.012472160356347461,0.14437655578185105,177,260.6941950988393,4368.0,6,7,False,"{0: np.int64(27), 1: np.int64(28), 2: np.int64(52), 3: np.int64(44), 4: np.int64(31), 5: np.int64(39)}","{(0, 4): []}","{(0, np.int64(27)): {'cpu': 12}, (1, np.int64(28)): {'cpu': 15}, (2, np.int64(52)): {'cpu': 1}, (3, np.int64(44)): {'cpu': 13}, (4, np.int64(31)): {'cpu': 7}, (5, np.int64(39)): {'cpu': 19}}",{},0.0,0.0,134.0,67.0,187.0,0.0,0.0,0.0,0.0,0.0,0.0,0.0,0.0,0.0,Route Failure,100.0,"{'node_level': {}, 'link_level': {}, 'path_level': {}}","{'node_level': {0: {'cpu': -42}, 1: {'cpu': -58}, 2: {'cpu': -55}, 3: {'cpu': -61}, 4: {'cpu': -92}, 5: {'cpu': -53}}, 'link_level': {(0, 4): {'bw': 100.0}}, 'path_level': {(0, 4): {}}}","{'node_level': {0: {'cpu': 0}, 1: {'cpu': 0}, 2: {'cpu': 0}, 3: {'cpu': 0}, 4: {'cpu': 0}, 5: {'cpu': 0}}, 'link_level': {(0, 4): {'bw': 100.0}}, 'path_level': {(0, 4): {}}}",[],-inf,-inf,True,False,False,0,[],0,0.0,6.0,1.0
178,32,2,1898.0,5371.0,881576.7549577623,2702133.291127705,0.35337925898342953,0.32625213487890015,48,340,0,4370.490854731586,8215,4434,3781,0.012472160356347461,0.14437655578185105,138,912.4908547315861,3458.0,4,4,False,{},{},{},{},0.0,0.0,0.0,0.0,0.0,0.0,0.0,0.0,0.0,0.0,0.0,0.0,0.0,0.0,Leave Event,0.0,"{'node_level': {}, 'link_level': {}, 'path_level': {}}","{'node_level': {}, 'link_level': {}, 'path_level': {}}","{'node_level': {}, 'link_level': {}, 'path_level': {}}",[],-inf,-inf,True,True,False,0,[],0,0.0,,
178,32,2,1898.0,5371.0,881576.7549577623,2702133.291127705,0.35337925898342953,0.32625213487890015,48,341,0,4378.564042900835,8215,4434,3781,0.012472160356347461,0.14437655578185105,166,249.5640429008351,4129.0,4,3,False,{},{},{},{},0.0,0.0,0.0,0.0,0.0,0.0,0.0,0.0,0.0,0.0,0.0,0.0,0.0,0.0,Leave Event,0.0,"{'node_level': {}, 'link_level': {}, 'path_level': {}}","{'node_level': {}, 'link_level': {}, 'path_level': {}}","{'node_level': {}, 'link_level': {}, 'path_level': {}}",[],-inf,-inf,True,True,False,0,[],0,0.0,,
178,32,2,1898.0,5371.0,881576.7549577623,2702133.291127705,0.35337925898342953,0.32625213487890015,48,342,0,4384.0259053693535,8215,4434,3781,0.012472160356347461,0.14437655578185105,168,217.02590536935313,4167.0,5,7,False,{},{},{},{},0.0,0.0,0.0,0.0,0.0,0.0,0.0,0.0,0.0,0.0,0.0,0.0,0.0,0.0,Leave Event,0.0,"{'node_level': {}, 'link_level': {}, 'path_level': {}}","{'node_level': {}, 'link_level': {}, 'path_level': {}}","{'node_level': {}, 'link_level': {}, 'path_level': {}}",[],-inf,-inf,True,True,False,0,[],0,0.0,,
179,32,2,1898.0,5371.0,881576.7549577623,2702133.291127705,0.35337925898342953,0.32625213487890015,48,343,1,4397.0,8215,4434,3781,0.012472160356347461,0.14437655578185105,178,609.2641563210035,4397.0,5,5,False,"{0: np.int64(34), 1: np.int64(58), 2: np.int64(0), 3: np.int64(15), 4: np.int64(32)}","{(0, 1): []}","{(0, np.int64(34)): {'cpu': 19}, (1, np.int64(58)): {'cpu': 2}, (2, np.int64(0)): {'cpu': 4}, (3, np.int64(15)): {'cpu': 2}, (4, np.int64(32)): {'cpu': 2}}",{},0.0,0.0,58.0,29.0,161.0,0.0,0.0,0.0,0.0,0.0,0.0,0.0,0.0,0.0,Route Failure,100.0,"{'node_level': {}, 'link_level': {}, 'path_level': {}}","{'node_level': {0: {'cpu': -53}, 1: {'cpu': -96}, 2: {'cpu': -83}, 3: {'cpu': -73}, 4: {'cpu': -78}}, 'link_level': {(0, 1): {'bw': 100.0}}, 'path_level': {(0, 1): {}}}","{'node_level': {0: {'cpu': 0}, 1: {'cpu': 0}, 2: {'cpu': 0}, 3: {'cpu': 0}, 4: {'cpu': 0}}, 'link_level': {(0, 1): {'bw': 100.0}}, 'path_level': {(0, 1): {}}}",[],-inf,-inf,True,False,False,0,[],0,0.0,5.0,1.0
180,32,2,1898.0,5371.0,881576.7549577623,2702133.291127705,0.35337925898342953,0.32625213487890015,48,344,1,4422.0,8215,4434,3781,0.012472160356347461,0.14437655578185105,179,440.17135477067774,4422.0,5,5,False,"{0: np.int64(34), 1: np.int64(2), 2: np.int64(58), 3: np.int64(48), 4: np.int64(22)}","{(0, 3): [(np.int64(34), 18), (18, 8), (8, 3), (3, 7), (7, 16), (16, 48)], (0, 4): []}","{(0, np.int64(34)): {'cpu': 2}, (1, np.int64(2)): {'cpu': 3}, (2, np.int64(58)): {'cpu': 10}, (3, np.int64(48)): {'cpu': 1}, (4, np.int64(22)): {'cpu': 6}}","{((0, 3), (np.int64(34), 18)): {'bw': 43}, ((0, 3), (18, 8)): {'bw': 43}, ((0, 3), (8, 3)): {'bw': 43}, ((0, 3), (3, 7)): {'bw': 43}, ((0, 3), (7, 16)): {'bw': 43}, ((0, 3), (16, 48)): {'bw': 43}}",0.0,0.0,44.0,22.0,128.0,0.0,0.0,0.0,0.0,0.0,0.0,0.0,0.0,0.0,Route Failure,100.0,"{'node_level': {}, 'link_level': {}, 'path_level': {}}","{'node_level': {0: {'cpu': -70}, 1: {'cpu': -59}, 2: {'cpu': -88}, 3: {'cpu': -57}, 4: {'cpu': -86}}, 'link_level': {(0, 3): {'bw': -14}, (0, 4): {'bw': 100.0}}, 'path_level': {(0, 3): {}, (0, 4): {}}}","{'node_level': {0: {'cpu': 0}, 1: {'cpu': 0}, 2: {'cpu': 0}, 3: {'cpu': 0}, 4: {'cpu': 0}}, 'link_level': {(0, 3): {'bw': 0}, (0, 4): {'bw': 100.0}}, 'path_level': {(0, 3): {}, (0, 4): {}}}",[],-inf,-inf,True,False,False,0,[],0,0.0,5.0,2.0
181,32,2,1898.0,5371.0,881576.7549577623,2702133.291127705,0.35337925898342953,0.32625213487890015,48,345,1,4447.0,8215,4434,3781,0.012472160356347461,0.14437655578185105,180,1746.0729647720696,4447.0,8,13,False,"{0: np.int64(59), 1: np.int64(23), 2: np.int64(30), 3: np.int64(34), 4: np.int64(24), 5: np.int64(57), 6: np.int64(37), 7: np.int64(46)}","{(0, 1): []}","{(0, np.int64(59)): {'cpu': 15}, (1, np.int64(23)): {'cpu': 13}, (2, np.int64(30)): {'cpu': 7}, (3, np.int64(34)): {'cpu': 10}, (4, np.int64(24)): {'cpu': 3}, (5, np.int64(57)): {'cpu': 12}, (6, np.int64(37)): {'cpu': 3}, (7, np.int64(46)): {'cpu': 18}}",{},0.0,0.0,162.0,81.0,351.0,0.0,0.0,0.0,0.0,0.0,0.0,0.0,0.0,0.0,Route Failure,100.0,"{'node_level': {}, 'link_level': {}, 'path_level': {}}","{'node_level': {0: {'cpu': -78}, 1: {'cpu': -65}, 2: {'cpu': -84}, 3: {'cpu': -62}, 4: {'cpu': -76}, 5: {'cpu': -62}, 6: {'cpu': -56}, 7: {'cpu': -71}}, 'link_level': {(0, 1): {'bw': 100.0}}, 'path_level': {(0, 1): {}}}","{'node_level': {0: {'cpu': 0}, 1: {'cpu': 0}, 2: {'cpu': 0}, 3: {'cpu': 0}, 4: {'cpu': 0}, 5: {'cpu': 0}, 6: {'cpu': 0}, 7: {'cpu': 0}}, 'link_level': {(0, 1): {'bw': 100.0}}, 'path_level': {(0, 1): {}}}",[],-inf,-inf,True,False,False,0,[],0,0.0,8.0,1.0
181,32,1,1898.0,5371.0,881576.7549577623,2702133.291127705,0.35337925898342953,0.32625213487890015,48,346,0,4470.8999026755255,8269,4452,3817,0.008463251670378646,0.1362299162706495,173,193.89990267552545,4277.0,2,1,False,{},{},{},{},0.0,0.0,0.0,0.0,0.0,0.0,0.0,0.0,0.0,0.0,0.0,0.0,0.0,0.0,Leave Event,0.0,"{'node_level': {}, 'link_level': {}, 'path_level': {}}","{'node_level': {}, 'link_level': {}, 'path_level': {}}","{'node_level': {}, 'link_level': {}, 'path_level': {}}",[],-inf,-inf,True,True,False,0,[],0,0.0,,
182,32,1,1898.0,5371.0,881576.7549577623,2702133.291127705,0.35337925898342953,0.32625213487890015,48,347,1,4474.0,8269,4452,3817,0.008463251670378646,0.1362299162706495,181,181.11548109328308,4474.0,9,20,False,"{0: np.int64(6), 1: np.int64(22), 2: np.int64(37), 3: np.int64(48), 4: np.int64(55), 5: np.int64(61), 6: np.int64(54), 7: np.int64(59), 8: np.int64(60)}","{(0, 1): []}","{(0, np.int64(6)): {'cpu': 3}, (1, np.int64(22)): {'cpu': 20}, (2, np.int64(37)): {'cpu': 6}, (3, np.int64(48)): {'cpu': 1}, (4, np.int64(55)): {'cpu': 1}, (5, np.int64(61)): {'cpu': 0}, (6, np.int64(54)): {'cpu': 18}, (7, np.int64(59)): {'cpu': 7}, (8, np.int64(60)): {'cpu': 16}}",{},0.0,0.0,144.0,72.0,568.0,0.0,0.0,0.0,0.0,0.0,0.0,0.0,0.0,0.0,Route Failure,100.0,"{'node_level': {}, 'link_level': {}, 'path_level': {}}","{'node_level': {0: {'cpu': -52}, 1: {'cpu': -72}, 2: {'cpu': -53}, 3: {'cpu': -57}, 4: {'cpu': -52}, 5: {'cpu': -76}, 6: {'cpu': -81}, 7: {'cpu': -86}, 8: {'cpu': -46}}, 'link_level': {(0, 1): {'bw': 100.0}}, 'path_level': {(0, 1): {}}}","{'node_level': {0: {'cpu': 0}, 1: {'cpu': 0}, 2: {'cpu': 0}, 3: {'cpu': 0}, 4: {'cpu': 0}, 5: {'cpu': 0}, 6: {'cpu': 0}, 7: {'cpu': 0}, 8: {'cpu': 0}}, 'link_level': {(0, 1): {'bw': 100.0}}, 'path_level': {(0, 1): {}}}",[],-inf,-inf,True,False,False,0,[],0,0.0,9.0,1.0
183,32,1,1898.0,5371.0,881576.7549577623,2702133.291127705,0.35337925898342953,0.32625213487890015,48,348,1,4493.0,8269,4452,3817,0.008463251670378646,0.1362299162706495,182,188.26056297974682,4493.0,5,5,False,"{0: np.int64(15), 1: np.int64(21), 2: np.int64(58), 3: np.int64(13), 4: np.int64(47)}","{(0, 3): []}","{(0, np.int64(15)): {'cpu': 18}, (1, np.int64(21)): {'cpu': 1}, (2, np.int64(58)): {'cpu': 9}, (3, np.int64(13)): {'cpu': 9}, (4, np.int64(47)): {'cpu': 8}}",{},0.0,0.0,90.0,45.0,100.0,0.0,0.0,0.0,0.0,0.0,0.0,0.0,0.0,0.0,Route Failure,100.0,"{'node_level': {}, 'link_level': {}, 'path_level': {}}","{'node_level': {0: {'cpu': -57}, 1: {'cpu': -60}, 2: {'cpu': -90}, 3: {'cpu': -86}, 4: {'cpu': -84}}, 'link_level': {(0, 3): {'bw': 100.0}}, 'path_level': {(0, 3): {}}}","{'node_level': {0: {'cpu': 0}, 1: {'cpu': 0}, 2: {'cpu': 0}, 3: {'cpu': 0}, 4: {'cpu': 0}}, 'link_level': {(0, 3): {'bw': 100.0}}, 'path_level': {(0, 3): {}}}",[],-inf,-inf,True,False,False,0,[],0,0.0,5.0,1.0
183,32,1,1898.0,5371.0,881576.7549577623,2702133.291127705,0.35337925898342953,0.32625213487890015,48,349,0,4494.405216147959,8269,4452,3817,0.008463251670378646,0.1362299162706495,157,570.4052161479595,3924.0,7,11,False,{},{},{},{},0.0,0.0,0.0,0.0,0.0,0.0,0.0,0.0,0.0,0.0,0.0,0.0,0.0,0.0,Leave Event,0.0,"{'node_level': {}, 'link_level': {}, 'path_level': {}}","{'node_level': {}, 'link_level': {}, 'path_level': {}}","{'node_level': {}, 'link_level': {}, 'path_level': {}}",[],-inf,-inf,True,True,False,0,[],0,0.0,,
184,32,1,1898.0,5371.0,881576.7549577623,2702133.291127705,0.35337925898342953,0.32625213487890015,48,350,1,4518.0,8269,4452,3817,0.008463251670378646,0.1362299162706495,183,128.38999346414113,4518.0,7,9,False,"{0: np.int64(22), 1: np.int64(41), 2: np.int64(5), 3: np.int64(27), 4: np.int64(57), 5: np.int64(62), 6: np.int64(54)}","{(0, 1): [(np.int64(22), 10), (10, 4), (4, 1), (1, 0), (0, 2), (2, 5), (5, 12), (12, 25), (25, 41)], (0, 6): [(np.int64(22), 54)], (1, 2): [(np.int64(41), 25), (25, 12), (12, 5)], (1, 3): []}","{(0, np.int64(22)): {'cpu': 11}, (1, np.int64(41)): {'cpu': 8}, (2, np.int64(5)): {'cpu': 9}, (3, np.int64(27)): {'cpu': 10}, (4, np.int64(57)): {'cpu': 3}, (5, np.int64(62)): {'cpu': 14}, (6, np.int64(54)): {'cpu': 6}}","{((0, 1), (np.int64(22), 10)): {'bw': 1}, ((0, 1), (10, 4)): {'bw': 1}, ((0, 1), (4, 1)): {'bw': 1}, ((0, 1), (1, 0)): {'bw': 1}, ((0, 1), (0, 2)): {'bw': 1}, ((0, 1), (2, 5)): {'bw': 1}, ((0, 1), (5, 12)): {'bw': 1}, ((0, 1), (12, 25)): {'bw': 1}, ((0, 1), (25, 41)): {'bw': 1}, ((0, 6), (np.int64(22), 54)): {'bw': 49}, ((1, 2), (np.int64(41), 25)): {'bw': 30}, ((1, 2), (25, 12)): {'bw': 30}, ((1, 2), (12, 5)): {'bw': 30}}",0.0,0.0,122.0,61.0,257.0,0.0,0.0,0.0,0.0,0.0,0.0,0.0,0.0,0.0,Route Failure,100.0,"{'node_level': {}, 'link_level': {}, 'path_level': {}}","{'node_level': {0: {'cpu': -81}, 1: {'cpu': -42}, 2: {'cpu': -52}, 3: {'cpu': -44}, 4: {'cpu': -71}, 5: {'cpu': -52}, 6: {'cpu': -93}}, 'link_level': {(0, 1): {'bw': -1}, (0, 6): {'bw': -14}, (1, 2): {'bw': -27}, (1, 3): {'bw': 100.0}}, 'path_level': {(0, 1): {}, (0, 6): {}, (1, 2): {}, (1, 3): {}}}","{'node_level': {0: {'cpu': 0}, 1: {'cpu': 0}, 2: {'cpu': 0}, 3: {'cpu': 0}, 4: {'cpu': 0}, 5: {'cpu': 0}, 6: {'cpu': 0}}, 'link_level': {(0, 1): {'bw': 0}, (0, 6): {'bw': 0}, (1, 2): {'bw': 0}, (1, 3): {'bw': 100.0}}, 'path_level': {(0, 1): {}, (0, 6): {}, (1, 2): {}, (1, 3): {}}}",[],-inf,-inf,True,False,False,0,[],0,0.0,7.0,4.0
184,32,1,1898.0,5371.0,881576.7549577623,2702133.291127705,0.35337925898342953,0.32625213487890015,48,351,0,4543.075111135085,8269,4452,3817,0.008463251670378646,0.1362299162706495,135,1171.0751111350844,3372.0,8,13,False,{},{},{},{},0.0,0.0,0.0,0.0,0.0,0.0,0.0,0.0,0.0,0.0,0.0,0.0,0.0,0.0,Leave Event,0.0,"{'node_level': {}, 'link_level': {}, 'path_level': {}}","{'node_level': {}, 'link_level': {}, 'path_level': {}}","{'node_level': {}, 'link_level': {}, 'path_level': {}}",[],-inf,-inf,True,True,False,0,[],0,0.0,,
185,32,1,1898.0,5371.0,881576.7549577623,2702133.291127705,0.35337925898342953,0.32625213487890015,48,352,1,4544.0,8269,4452,3817,0.008463251670378646,0.1362299162706495,184,557.8810983752966,4544.0,5,4,False,"{0: np.int64(13), 1: np.int64(36), 2: np.int64(30), 3: np.int64(17), 4: np.int64(9)}","{(0, 3): []}","{(0, np.int64(13)): {'cpu': 15}, (1, np.int64(36)): {'cpu': 19}, (2, np.int64(30)): {'cpu': 8}, (3, np.int64(17)): {'cpu': 0}, (4, np.int64(9)): {'cpu': 12}}",{},0.0,0.0,108.0,54.0,105.0,0.0,0.0,0.0,0.0,0.0,0.0,0.0,0.0,0.0,Route Failure,100.0,"{'node_level': {}, 'link_level': {}, 'path_level': {}}","{'node_level': {0: {'cpu': -80}, 1: {'cpu': -72}, 2: {'cpu': -83}, 3: {'cpu': -70}, 4: {'cpu': -54}}, 'link_level': {(0, 3): {'bw': 100.0}}, 'path_level': {(0, 3): {}}}","{'node_level': {0: {'cpu': 0}, 1: {'cpu': 0}, 2: {'cpu': 0}, 3: {'cpu': 0}, 4: {'cpu': 0}}, 'link_level': {(0, 3): {'bw': 100.0}}, 'path_level': {(0, 3): {}}}",[],-inf,-inf,True,False,False,0,[],0,0.0,5.0,1.0
186,32,1,1898.0,5371.0,881576.7549577623,2702133.291127705,0.35337925898342953,0.32625213487890015,48,353,1,4563.0,8269,4452,3817,0.008463251670378646,0.1362299162706495,185,754.6203997426504,4563.0,4,3,False,"{0: np.int64(53), 1: np.int64(5), 2: np.int64(58), 3: np.int64(23)}","{(0, 1): []}","{(0, np.int64(53)): {'cpu': 1}, (1, np.int64(5)): {'cpu': 18}, (2, np.int64(58)): {'cpu': 3}, (3, np.int64(23)): {'cpu': 14}}",{},0.0,0.0,72.0,36.0,102.0,0.0,0.0,0.0,0.0,0.0,0.0,0.0,0.0,0.0,Route Failure,100.0,"{'node_level': {}, 'link_level': {}, 'path_level': {}}","{'node_level': {0: {'cpu': -70}, 1: {'cpu': -43}, 2: {'cpu': -96}, 3: {'cpu': -64}}, 'link_level': {(0, 1): {'bw': 100.0}}, 'path_level': {(0, 1): {}}}","{'node_level': {0: {'cpu': 0}, 1: {'cpu': 0}, 2: {'cpu': 0}, 3: {'cpu': 0}}, 'link_level': {(0, 1): {'bw': 100.0}}, 'path_level': {(0, 1): {}}}",[],-inf,-inf,True,False,False,0,[],0,0.0,4.0,1.0
187,32,1,1898.0,5371.0,881576.7549577623,2702133.291127705,0.35337925898342953,0.32625213487890015,48,354,1,4585.0,8269,4452,3817,0.008463251670378646,0.1362299162706495,186,359.3983667103258,4585.0,6,11,False,"{0: np.int64(42), 1: np.int64(21), 2: np.int64(51), 3: np.int64(55), 4: np.int64(29), 5: np.int64(23)}","{(0, 1): []}","{(0, np.int64(42)): {'cpu': 10}, (1, np.int64(21)): {'cpu': 16}, (2, np.int64(51)): {'cpu': 1}, (3, np.int64(55)): {'cpu': 11}, (4, np.int64(29)): {'cpu': 19}, (5, np.int64(23)): {'cpu': 11}}",{},0.0,0.0,136.0,68.0,331.0,0.0,0.0,0.0,0.0,0.0,0.0,0.0,0.0,0.0,Route Failure,100.0,"{'node_level': {}, 'link_level': {}, 'path_level': {}}","{'node_level': {0: {'cpu': -57}, 1: {'cpu': -45}, 2: {'cpu': -52}, 3: {'cpu': -42}, 4: {'cpu': -54}, 5: {'cpu': -67}}, 'link_level': {(0, 1): {'bw': 100.0}}, 'path_level': {(0, 1): {}}}","{'node_level': {0: {'cpu': 0}, 1: {'cpu': 0}, 2: {'cpu': 0}, 3: {'cpu': 0}, 4: {'cpu': 0}, 5: {'cpu': 0}}, 'link_level': {(0, 1): {'bw': 100.0}}, 'path_level': {(0, 1): {}}}",[],-inf,-inf,True,False,False,0,[],0,0.0,6.0,1.0
188,32,1,1898.0,5371.0,881576.7549577623,2702133.291127705,0.35337925898342953,0.32625213487890015,48,355,1,4612.0,8269,4452,3817,0.008463251670378646,0.1362299162706495,187,477.6001630768216,4612.0,6,10,False,"{0: np.int64(48), 1: np.int64(26), 2: np.int64(56), 3: np.int64(36), 4: np.int64(55), 5: np.int64(24)}","{(0, 2): []}","{(0, np.int64(48)): {'cpu': 7}, (1, np.int64(26)): {'cpu': 0}, (2, np.int64(56)): {'cpu': 5}, (3, np.int64(36)): {'cpu': 14}, (4, np.int64(55)): {'cpu': 13}, (5, np.int64(24)): {'cpu': 8}}",{},0.0,0.0,94.0,47.0,221.0,0.0,0.0,0.0,0.0,0.0,0.0,0.0,0.0,0.0,Route Failure,100.0,"{'node_level': {}, 'link_level': {}, 'path_level': {}}","{'node_level': {0: {'cpu': -51}, 1: {'cpu': -100}, 2: {'cpu': -49}, 3: {'cpu': -77}, 4: {'cpu': -40}, 5: {'cpu': -71}}, 'link_level': {(0, 2): {'bw': 100.0}}, 'path_level': {(0, 2): {}}}","{'node_level': {0: {'cpu': 0}, 1: {'cpu': 0}, 2: {'cpu': 0}, 3: {'cpu': 0}, 4: {'cpu': 0}, 5: {'cpu': 0}}, 'link_level': {(0, 2): {'bw': 100.0}}, 'path_level': {(0, 2): {}}}",[],-inf,-inf,True,False,False,0,[],0,0.0,6.0,1.0
188,32,1,1898.0,5371.0,881576.7549577623,2702133.291127705,0.35337925898342953,0.32625213487890015,48,356,0,4628.694195098839,8269,4452,3817,0.008463251670378646,0.1362299162706495,177,260.6941950988393,4368.0,6,7,False,{},{},{},{},0.0,0.0,0.0,0.0,0.0,0.0,0.0,0.0,0.0,0.0,0.0,0.0,0.0,0.0,Leave Event,0.0,"{'node_level': {}, 'link_level': {}, 'path_level': {}}","{'node_level': {}, 'link_level': {}, 'path_level': {}}","{'node_level': {}, 'link_level': {}, 'path_level': {}}",[],-inf,-inf,True,True,False,0,[],0,0.0,,
188,32,1,1898.0,5371.0,881576.7549577623,2702133.291127705,0.35337925898342953,0.32625213487890015,48,357,0,4635.2140055629225,8269,4452,3817,0.008463251670378646,0.1362299162706495,154,781.2140055629225,3854.0,4,3,False,{},{},{},{},0.0,0.0,0.0,0.0,0.0,0.0,0.0,0.0,0.0,0.0,0.0,0.0,0.0,0.0,Leave Event,0.0,"{'node_level': {}, 'link_level': {}, 'path_level': {}}","{'node_level': {}, 'link_level': {}, 'path_level': {}}","{'node_level': {}, 'link_level': {}, 'path_level': {}}",[],-inf,-inf,True,True,False,0,[],0,0.0,,
189,33,2,1968.0,5531.0,883212.532693751,2705872.211667108,0.3558126920990779,0.3264058549718419,49,358,1,4643.0,8109,4427,3682,0.014031180400890908,0.16677981443765555,188,23.368253371267617,4643.0,2,1,True,"{0: np.int64(57), 1: np.int64(26)}","{(0, 1): [(np.int64(57), 25), (25, 12), (12, 26)]}","{(0, np.int64(57)): {'cpu': 15}, (1, np.int64(26)): {'cpu': 10}}","{((0, 1), (np.int64(57), 25)): {'bw': 45}, ((0, 1), (25, 12)): {'bw': 45}, ((0, 1), (12, 26)): {'bw': 45}}",160.0,70.0,50.0,25.0,45.0,25.0,45.0,25.0,135.0,90.0,0.4375,3738.9205394028186,1635.7777359887332,10.223610849929582,Success,0.0,"{'node_level': {}, 'link_level': {}, 'path_level': {}}","{'node_level': {0: {'cpu': -59}, 1: {'cpu': -90}}, 'link_level': {(0, 1): {'bw': -13}}, 'path_level': {(0, 1): {}}}","{'node_level': {0: {'cpu': 0}, 1: {'cpu': 0}}, 'link_level': {(0, 1): {'bw': 0}}, 'path_level': {(0, 1): {}}}",[],-inf,-inf,True,True,False,0,[],0,0.0,2.0,1.0
189,33,2,1968.0,5531.0,883212.532693751,2705872.211667108,0.3558126920990779,0.3264058549718419,49,359,0,4646.389993464141,8109,4427,3682,0.014031180400890908,0.16677981443765555,183,128.38999346414113,4518.0,7,9,False,{},{},{},{},0.0,0.0,0.0,0.0,0.0,0.0,0.0,0.0,0.0,0.0,0.0,0.0,0.0,0.0,Leave Event,0.0,"{'node_level': {}, 'link_level': {}, 'path_level': {}}","{'node_level': {}, 'link_level': {}, 'path_level': {}}","{'node_level': {}, 'link_level': {}, 'path_level': {}}",[],-inf,-inf,True,True,False,0,[],0,0.0,,
189,33,2,1968.0,5531.0,883212.532693751,2705872.211667108,0.3558126920990779,0.3264058549718419,49,360,0,4655.115481093283,8109,4427,3682,0.014031180400890908,0.16677981443765555,181,181.11548109328308,4474.0,9,20,False,{},{},{},{},0.0,0.0,0.0,0.0,0.0,0.0,0.0,0.0,0.0,0.0,0.0,0.0,0.0,0.0,Leave Event,0.0,"{'node_level': {}, 'link_level': {}, 'path_level': {}}","{'node_level': {}, 'link_level': {}, 'path_level': {}}","{'node_level': {}, 'link_level': {}, 'path_level': {}}",[],-inf,-inf,True,True,False,0,[],0,0.0,,
189,33,1,1968.0,5531.0,883212.532693751,2705872.211667108,0.3558126920990779,0.3264058549718419,49,361,0,4666.368253371267,8269,4452,3817,0.008463251670378646,0.1362299162706495,188,23.368253371267617,4643.0,2,1,False,{},{},{},{},0.0,0.0,0.0,0.0,0.0,0.0,0.0,0.0,0.0,0.0,0.0,0.0,0.0,0.0,Leave Event,0.0,"{'node_level': {}, 'link_level': {}, 'path_level': {}}","{'node_level': {}, 'link_level': {}, 'path_level': {}}","{'node_level': {}, 'link_level': {}, 'path_level': {}}",[],-inf,-inf,True,True,False,0,[],0,0.0,,
190,33,1,1968.0,5531.0,883212.532693751,2705872.211667108,0.3558126920990779,0.3264058549718419,49,362,1,4671.0,8269,4452,3817,0.008463251670378646,0.1362299162706495,189,295.38511200466525,4671.0,5,6,False,"{0: np.int64(34), 1: np.int64(14), 2: np.int64(31), 3: np.int64(62), 4: np.int64(15)}","{(0, 2): [(np.int64(34), 18), (18, 8), (8, 3), (3, 7), (7, 15), (15, 31)], (0, 3): []}","{(0, np.int64(34)): {'cpu': 19}, (1, np.int64(14)): {'cpu': 18}, (2, np.int64(31)): {'cpu': 2}, (3, np.int64(62)): {'cpu': 10}, (4, np.int64(15)): {'cpu': 11}}","{((0, 2), (np.int64(34), 18)): {'bw': 39}, ((0, 2), (18, 8)): {'bw': 39}, ((0, 2), (8, 3)): {'bw': 39}, ((0, 2), (3, 7)): {'bw': 39}, ((0, 2), (7, 15)): {'bw': 39}, ((0, 2), (15, 31)): {'bw': 39}}",0.0,0.0,120.0,60.0,198.0,0.0,0.0,0.0,0.0,0.0,0.0,0.0,0.0,0.0,Route Failure,100.0,"{'node_level': {}, 'link_level': {}, 'path_level': {}}","{'node_level': {0: {'cpu': -53}, 1: {'cpu': -38}, 2: {'cpu': -97}, 3: {'cpu': -56}, 4: {'cpu': -64}}, 'link_level': {(0, 2): {'bw': -33}, (0, 3): {'bw': 100.0}}, 'path_level': {(0, 2): {}, (0, 3): {}}}","{'node_level': {0: {'cpu': 0}, 1: {'cpu': 0}, 2: {'cpu': 0}, 3: {'cpu': 0}, 4: {'cpu': 0}}, 'link_level': {(0, 2): {'bw': 0}, (0, 3): {'bw': 100.0}}, 'path_level': {(0, 2): {}, (0, 3): {}}}",[],-inf,-inf,True,False,False,0,[],0,0.0,5.0,2.0
190,33,1,1968.0,5531.0,883212.532693751,2705872.211667108,0.3558126920990779,0.3264058549718419,49,363,0,4681.260562979747,8269,4452,3817,0.008463251670378646,0.1362299162706495,182,188.26056297974682,4493.0,5,5,False,{},{},{},{},0.0,0.0,0.0,0.0,0.0,0.0,0.0,0.0,0.0,0.0,0.0,0.0,0.0,0.0,Leave Event,0.0,"{'node_level': {}, 'link_level': {}, 'path_level': {}}","{'node_level': {}, 'link_level': {}, 'path_level': {}}","{'node_level': {}, 'link_level': {}, 'path_level': {}}",[],-inf,-inf,True,True,False,0,[],0,0.0,,
190,33,1,1968.0,5531.0,883212.532693751,2705872.211667108,0.3558126920990779,0.3264058549718419,49,364,0,4693.922176600061,8269,4452,3817,0.008463251670378646,0.1362299162706495,170,489.9221766000614,4204.0,10,21,False,{},{},{},{},0.0,0.0,0.0,0.0,0.0,0.0,0.0,0.0,0.0,0.0,0.0,0.0,0.0,0.0,Leave Event,0.0,"{'node_level': {}, 'link_level': {}, 'path_level': {}}","{'node_level': {}, 'link_level': {}, 'path_level': {}}","{'node_level': {}, 'link_level': {}, 'path_level': {}}",[],-inf,-inf,True,True,False,0,[],0,0.0,,
191,33,1,1968.0,5531.0,883212.532693751,2705872.211667108,0.3558126920990779,0.3264058549718419,49,365,1,4696.0,8269,4452,3817,0.008463251670378646,0.1362299162706495,190,1721.2074515198888,4696.0,5,5,False,"{0: np.int64(26), 1: np.int64(2), 2: np.int64(18), 3: np.int64(32), 4: np.int64(39)}","{(0, 3): [(np.int64(26), 12), (12, 5), (5, 2), (2, 0), (0, 1), (1, 3), (3, 7), (7, 16), (16, 32)], (0, 4): [(np.int64(26), 12), (12, 5), (5, 11), (11, 23), (23, 39)], (1, 2): []}","{(0, np.int64(26)): {'cpu': 15}, (1, np.int64(2)): {'cpu': 19}, (2, np.int64(18)): {'cpu': 9}, (3, np.int64(32)): {'cpu': 6}, (4, np.int64(39)): {'cpu': 18}}","{((0, 3), (np.int64(26), 12)): {'bw': 14}, ((0, 3), (12, 5)): {'bw': 14}, ((0, 3), (5, 2)): {'bw': 14}, ((0, 3), (2, 0)): {'bw': 14}, ((0, 3), (0, 1)): {'bw': 14}, ((0, 3), (1, 3)): {'bw': 14}, ((0, 3), (3, 7)): {'bw': 14}, ((0, 3), (7, 16)): {'bw': 14}, ((0, 3), (16, 32)): {'bw': 14}, ((0, 4), (np.int64(26), 12)): {'bw': 5}, ((0, 4), (12, 5)): {'bw': 5}, ((0, 4), (5, 11)): {'bw': 5}, ((0, 4), (11, 23)): {'bw': 5}, ((0, 4), (23, 39)): {'bw': 5}}",0.0,0.0,134.0,67.0,108.0,0.0,0.0,0.0,0.0,0.0,0.0,0.0,0.0,0.0,Route Failure,100.0,"{'node_level': {}, 'link_level': {}, 'path_level': {}}","{'node_level': {0: {'cpu': -85}, 1: {'cpu': -43}, 2: {'cpu': -78}, 3: {'cpu': -74}, 4: {'cpu': -54}}, 'link_level': {(0, 3): {'bw': -15}, (0, 4): {'bw': -46}, (1, 2): {'bw': 100.0}}, 'path_level': {(0, 3): {}, (0, 4): {}, (1, 2): {}}}","{'node_level': {0: {'cpu': 0}, 1: {'cpu': 0}, 2: {'cpu': 0}, 3: {'cpu': 0}, 4: {'cpu': 0}}, 'link_level': {(0, 3): {'bw': 0}, (0, 4): {'bw': 0}, (1, 2): {'bw': 100.0}}, 'path_level': {(0, 3): {}, (0, 4): {}, (1, 2): {}}}",[],-inf,-inf,True,False,False,0,[],0,0.0,5.0,3.0
191,33,1,1968.0,5531.0,883212.532693751,2705872.211667108,0.3558126920990779,0.3264058549718419,49,366,0,4724.211594776447,8269,4452,3817,0.008463251670378646,0.1362299162706495,164,628.2115947764465,4096.0,2,1,False,{},{},{},{},0.0,0.0,0.0,0.0,0.0,0.0,0.0,0.0,0.0,0.0,0.0,0.0,0.0,0.0,Leave Event,0.0,"{'node_level': {}, 'link_level': {}, 'path_level': {}}","{'node_level': {}, 'link_level': {}, 'path_level': {}}","{'node_level': {}, 'link_level': {}, 'path_level': {}}",[],-inf,-inf,True,True,False,0,[],0,0.0,,
192,33,1,1968.0,5531.0,883212.532693751,2705872.211667108,0.3558126920990779,0.3264058549718419,49,367,1,4727.0,8269,4452,3817,0.008463251670378646,0.1362299162706495,191,222.80016152751767,4727.0,10,21,False,"{0: np.int64(62), 1: np.int64(44), 2: np.int64(26), 3: np.int64(38), 4: np.int64(30), 5: np.int64(3), 6: np.int64(57), 7: np.int64(41), 8: np.int64(60), 9: np.int64(14)}","{(0, 4): [(np.int64(62), 30)], (0, 7): []}","{(0, np.int64(62)): {'cpu': 13}, (1, np.int64(44)): {'cpu': 16}, (2, np.int64(26)): {'cpu': 7}, (3, np.int64(38)): {'cpu': 17}, (4, np.int64(30)): {'cpu': 6}, (5, np.int64(3)): {'cpu': 13}, (6, np.int64(57)): {'cpu': 11}, (7, np.int64(41)): {'cpu': 20}, (8, np.int64(60)): {'cpu': 6}, (9, np.int64(14)): {'cpu': 1}}","{((0, 4), (np.int64(62), 30)): {'bw': 28}}",0.0,0.0,220.0,110.0,586.0,0.0,0.0,0.0,0.0,0.0,0.0,0.0,0.0,0.0,Route Failure,100.0,"{'node_level': {}, 'link_level': {}, 'path_level': {}}","{'node_level': {0: {'cpu': -53}, 1: {'cpu': -58}, 2: {'cpu': -93}, 3: {'cpu': -40}, 4: {'cpu': -85}, 5: {'cpu': -45}, 6: {'cpu': -63}, 7: {'cpu': -30}, 8: {'cpu': -56}, 9: {'cpu': -55}}, 'link_level': {(0, 4): {'bw': -52}, (0, 7): {'bw': 100.0}}, 'path_level': {(0, 4): {}, (0, 7): {}}}","{'node_level': {0: {'cpu': 0}, 1: {'cpu': 0}, 2: {'cpu': 0}, 3: {'cpu': 0}, 4: {'cpu': 0}, 5: {'cpu': 0}, 6: {'cpu': 0}, 7: {'cpu': 0}, 8: {'cpu': 0}, 9: {'cpu': 0}}, 'link_level': {(0, 4): {'bw': 0}, (0, 7): {'bw': 100.0}}, 'path_level': {(0, 4): {}, (0, 7): {}}}",[],-inf,-inf,True,False,False,0,[],0,0.0,10.0,2.0
192,33,0,1968.0,5531.0,883212.532693751,2705872.211667108,0.3558126920990779,0.3264058549718419,49,368,0,4744.5634402615415,8909,4490,4419,0.0,0.0,172,490.56344026154153,4254.0,4,5,False,{},{},{},{},0.0,0.0,0.0,0.0,0.0,0.0,0.0,0.0,0.0,0.0,0.0,0.0,0.0,0.0,Leave Event,0.0,"{'node_level': {}, 'link_level': {}, 'path_level': {}}","{'node_level': {}, 'link_level': {}, 'path_level': {}}","{'node_level': {}, 'link_level': {}, 'path_level': {}}",[],-inf,-inf,True,True,False,0,[],0,0.0,,
193,33,0,1968.0,5531.0,883212.532693751,2705872.211667108,0.3558126920990779,0.3264058549718419,49,369,1,4755.0,8909,4490,4419,0.0,0.0,192,403.7542084636836,4755.0,5,7,False,"{0: np.int64(56), 1: np.int64(19), 2: np.int64(58), 3: np.int64(55), 4: np.int64(7)}","{(0, 1): [(np.int64(56), 24), (24, 11), (11, 5), (5, 2), (2, 0), (0, 1), (1, 4), (4, 9), (9, 19)], (0, 2): []}","{(0, np.int64(56)): {'cpu': 20}, (1, np.int64(19)): {'cpu': 6}, (2, np.int64(58)): {'cpu': 14}, (3, np.int64(55)): {'cpu': 14}, (4, np.int64(7)): {'cpu': 8}}","{((0, 1), (np.int64(56), 24)): {'bw': 36}, ((0, 1), (24, 11)): {'bw': 36}, ((0, 1), (11, 5)): {'bw': 36}, ((0, 1), (5, 2)): {'bw': 36}, ((0, 1), (2, 0)): {'bw': 36}, ((0, 1), (0, 1)): {'bw': 36}, ((0, 1), (1, 4)): {'bw': 36}, ((0, 1), (4, 9)): {'bw': 36}, ((0, 1), (9, 19)): {'bw': 36}}",0.0,0.0,124.0,62.0,198.0,0.0,0.0,0.0,0.0,0.0,0.0,0.0,0.0,0.0,Route Failure,100.0,"{'node_level': {}, 'link_level': {}, 'path_level': {}}","{'node_level': {0: {'cpu': -34}, 1: {'cpu': -62}, 2: {'cpu': -85}, 3: {'cpu': -39}, 4: {'cpu': -57}}, 'link_level': {(0, 1): {'bw': -14}, (0, 2): {'bw': 100.0}}, 'path_level': {(0, 1): {}, (0, 2): {}}}","{'node_level': {0: {'cpu': 0}, 1: {'cpu': 0}, 2: {'cpu': 0}, 3: {'cpu': 0}, 4: {'cpu': 0}}, 'link_level': {(0, 1): {'bw': 0}, (0, 2): {'bw': 100.0}}, 'path_level': {(0, 1): {}, (0, 2): {}}}",[],-inf,-inf,True,False,False,0,[],0,0.0,5.0,2.0
194,33,0,1968.0,5531.0,883212.532693751,2705872.211667108,0.3558126920990779,0.3264058549718419,49,370,1,4782.0,8909,4490,4419,0.0,0.0,193,264.9654997901663,4782.0,7,15,False,"{0: np.int64(8), 1: np.int64(35), 2: np.int64(31), 3: np.int64(22), 4: np.int64(7), 5: np.int64(43), 6: np.int64(39)}","{(0, 1): [(np.int64(8), 3), (3, 1), (1, 4), (4, 9), (9, 19), (19, 35)], (0, 2): [(np.int64(8), 3), (3, 7), (7, 15), (15, 31)], (0, 4): [(np.int64(8), 3), (3, 7)], (0, 5): []}","{(0, np.int64(8)): {'cpu': 19}, (1, np.int64(35)): {'cpu': 3}, (2, np.int64(31)): {'cpu': 6}, (3, np.int64(22)): {'cpu': 0}, (4, np.int64(7)): {'cpu': 12}, (5, np.int64(43)): {'cpu': 13}, (6, np.int64(39)): {'cpu': 7}}","{((0, 1), (np.int64(8), 3)): {'bw': 24}, ((0, 1), (3, 1)): {'bw': 24}, ((0, 1), (1, 4)): {'bw': 24}, ((0, 1), (4, 9)): {'bw': 24}, ((0, 1), (9, 19)): {'bw': 24}, ((0, 1), (19, 35)): {'bw': 24}, ((0, 2), (np.int64(8), 3)): {'bw': 31}, ((0, 2), (3, 7)): {'bw': 31}, ((0, 2), (7, 15)): {'bw': 31}, ((0, 2), (15, 31)): {'bw': 31}, ((0, 4), (np.int64(8), 3)): {'bw': 19}, ((0, 4), (3, 7)): {'bw': 19}}",0.0,0.0,120.0,60.0,338.0,0.0,0.0,0.0,0.0,0.0,0.0,0.0,0.0,0.0,Route Failure,100.0,"{'node_level': {}, 'link_level': {}, 'path_level': {}}","{'node_level': {0: {'cpu': -31}, 1: {'cpu': -60}, 2: {'cpu': -93}, 3: {'cpu': -92}, 4: {'cpu': -53}, 5: {'cpu': -45}, 6: {'cpu': -65}}, 'link_level': {(0, 1): {'bw': -41}, (0, 2): {'bw': -41}, (0, 4): {'bw': -23}, (0, 5): {'bw': 100.0}}, 'path_level': {(0, 1): {}, (0, 2): {}, (0, 4): {}, (0, 5): {}}}","{'node_level': {0: {'cpu': 0}, 1: {'cpu': 0}, 2: {'cpu': 0}, 3: {'cpu': 0}, 4: {'cpu': 0}, 5: {'cpu': 0}, 6: {'cpu': 0}}, 'link_level': {(0, 1): {'bw': 0}, (0, 2): {'bw': 0}, (0, 4): {'bw': 0}, (0, 5): {'bw': 100.0}}, 'path_level': {(0, 1): {}, (0, 2): {}, (0, 4): {}, (0, 5): {}}}",[],-inf,-inf,True,False,False,0,[],0,0.0,7.0,4.0
195,33,0,1968.0,5531.0,883212.532693751,2705872.211667108,0.3558126920990779,0.3264058549718419,49,371,1,4807.0,8909,4490,4419,0.0,0.0,194,1691.3825754870552,4807.0,8,18,False,"{0: np.int64(8), 1: np.int64(4), 2: np.int64(52), 3: np.int64(32), 4: np.int64(2), 5: np.int64(9), 6: np.int64(57), 7: np.int64(46)}","{(0, 1): [(np.int64(8), 3), (3, 1), (1, 4)], (0, 2): [(np.int64(8), 3), (3, 1), (1, 4), (4, 9), (9, 20), (20, 52)], (0, 3): [(np.int64(8), 3), (3, 7), (7, 16), (16, 32)], (0, 5): []}","{(0, np.int64(8)): {'cpu': 11}, (1, np.int64(4)): {'cpu': 12}, (2, np.int64(52)): {'cpu': 5}, (3, np.int64(32)): {'cpu': 13}, (4, np.int64(2)): {'cpu': 19}, (5, np.int64(9)): {'cpu': 0}, (6, np.int64(57)): {'cpu': 2}, (7, np.int64(46)): {'cpu': 18}}","{((0, 1), (np.int64(8), 3)): {'bw': 22}, ((0, 1), (3, 1)): {'bw': 22}, ((0, 1), (1, 4)): {'bw': 22}, ((0, 2), (np.int64(8), 3)): {'bw': 27}, ((0, 2), (3, 1)): {'bw': 27}, ((0, 2), (1, 4)): {'bw': 27}, ((0, 2), (4, 9)): {'bw': 27}, ((0, 2), (9, 20)): {'bw': 27}, ((0, 2), (20, 52)): {'bw': 27}, ((0, 3), (np.int64(8), 3)): {'bw': 35}, ((0, 3), (3, 7)): {'bw': 35}, ((0, 3), (7, 16)): {'bw': 35}, ((0, 3), (16, 32)): {'bw': 35}}",0.0,0.0,160.0,80.0,549.0,0.0,0.0,0.0,0.0,0.0,0.0,0.0,0.0,0.0,Route Failure,100.0,"{'node_level': {}, 'link_level': {}, 'path_level': {}}","{'node_level': {0: {'cpu': -39}, 1: {'cpu': -47}, 2: {'cpu': -51}, 3: {'cpu': -67}, 4: {'cpu': -43}, 5: {'cpu': -66}, 6: {'cpu': -72}, 7: {'cpu': -79}}, 'link_level': {(0, 1): {'bw': -43}, (0, 2): {'bw': -16}, (0, 3): {'bw': -13}, (0, 5): {'bw': 100.0}}, 'path_level': {(0, 1): {}, (0, 2): {}, (0, 3): {}, (0, 5): {}}}","{'node_level': {0: {'cpu': 0}, 1: {'cpu': 0}, 2: {'cpu': 0}, 3: {'cpu': 0}, 4: {'cpu': 0}, 5: {'cpu': 0}, 6: {'cpu': 0}, 7: {'cpu': 0}}, 'link_level': {(0, 1): {'bw': 0}, (0, 2): {'bw': 0}, (0, 3): {'bw': 0}, (0, 5): {'bw': 100.0}}, 'path_level': {(0, 1): {}, (0, 2): {}, (0, 3): {}, (0, 5): {}}}",[],-inf,-inf,True,False,False,0,[],0,0.0,8.0,4.0
196,33,0,1968.0,5531.0,883212.532693751,2705872.211667108,0.3558126920990779,0.3264058549718419,49,372,1,4833.0,8909,4490,4419,0.0,0.0,195,113.48659242418412,4833.0,9,23,False,"{0: np.int64(38), 1: np.int64(2), 2: np.int64(13), 3: np.int64(36), 4: np.int64(23), 5: np.int64(39), 6: np.int64(21), 7: np.int64(17), 8: np.int64(52)}","{(0, 1): [(np.int64(38), 22), (22, 10), (10, 4), (4, 1), (1, 0), (0, 2)], (0, 2): []}","{(0, np.int64(38)): {'cpu': 19}, (1, np.int64(2)): {'cpu': 8}, (2, np.int64(13)): {'cpu': 5}, (3, np.int64(36)): {'cpu': 2}, (4, np.int64(23)): {'cpu': 12}, (5, np.int64(39)): {'cpu': 17}, (6, np.int64(21)): {'cpu': 2}, (7, np.int64(17)): {'cpu': 5}, (8, np.int64(52)): {'cpu': 11}}","{((0, 1), (np.int64(38), 22)): {'bw': 41}, ((0, 1), (22, 10)): {'bw': 41}, ((0, 1), (10, 4)): {'bw': 41}, ((0, 1), (4, 1)): {'bw': 41}, ((0, 1), (1, 0)): {'bw': 41}, ((0, 1), (0, 2)): {'bw': 41}}",0.0,0.0,162.0,81.0,671.0,0.0,0.0,0.0,0.0,0.0,0.0,0.0,0.0,0.0,Route Failure,100.0,"{'node_level': {}, 'link_level': {}, 'path_level': {}}","{'node_level': {0: {'cpu': -38}, 1: {'cpu': -54}, 2: {'cpu': -90}, 3: {'cpu': -89}, 4: {'cpu': -66}, 5: {'cpu': -55}, 6: {'cpu': -59}, 7: {'cpu': -65}, 8: {'cpu': -45}}, 'link_level': {(0, 1): {'bw': -9}, (0, 2): {'bw': 100.0}}, 'path_level': {(0, 1): {}, (0, 2): {}}}","{'node_level': {0: {'cpu': 0}, 1: {'cpu': 0}, 2: {'cpu': 0}, 3: {'cpu': 0}, 4: {'cpu': 0}, 5: {'cpu': 0}, 6: {'cpu': 0}, 7: {'cpu': 0}, 8: {'cpu': 0}}, 'link_level': {(0, 1): {'bw': 0}, (0, 2): {'bw': 100.0}}, 'path_level': {(0, 1): {}, (0, 2): {}}}",[],-inf,-inf,True,False,False,0,[],0,0.0,9.0,2.0
197,33,0,1968.0,5531.0,883212.532693751,2705872.211667108,0.3558126920990779,0.3264058549718419,49,373,1,4860.0,8909,4490,4419,0.0,0.0,196,2468.6856900617495,4860.0,7,11,False,"{0: np.int64(32), 1: np.int64(22), 2: np.int64(10), 3: np.int64(14), 4: np.int64(37), 5: np.int64(42), 6: np.int64(52)}","{(0, 1): [(np.int64(32), 16), (16, 7), (7, 3), (3, 1), (1, 4), (4, 10), (10, 22)], (0, 3): [(np.int64(32), 16), (16, 7), (7, 3), (3, 1), (1, 0), (0, 2), (2, 6), (6, 14)], (0, 6): []}","{(0, np.int64(32)): {'cpu': 1}, (1, np.int64(22)): {'cpu': 2}, (2, np.int64(10)): {'cpu': 8}, (3, np.int64(14)): {'cpu': 3}, (4, np.int64(37)): {'cpu': 19}, (5, np.int64(42)): {'cpu': 12}, (6, np.int64(52)): {'cpu': 4}}","{((0, 1), (np.int64(32), 16)): {'bw': 8}, ((0, 1), (16, 7)): {'bw': 8}, ((0, 1), (7, 3)): {'bw': 8}, ((0, 1), (3, 1)): {'bw': 8}, ((0, 1), (1, 4)): {'bw': 8}, ((0, 1), (4, 10)): {'bw': 8}, ((0, 1), (10, 22)): {'bw': 8}, ((0, 3), (np.int64(32), 16)): {'bw': 13}, ((0, 3), (16, 7)): {'bw': 13}, ((0, 3), (7, 3)): {'bw': 13}, ((0, 3), (3, 1)): {'bw': 13}, ((0, 3), (1, 0)): {'bw': 13}, ((0, 3), (0, 2)): {'bw': 13}, ((0, 3), (2, 6)): {'bw': 13}, ((0, 3), (6, 14)): {'bw': 13}}",0.0,0.0,98.0,49.0,246.0,0.0,0.0,0.0,0.0,0.0,0.0,0.0,0.0,0.0,Route Failure,100.0,"{'node_level': {}, 'link_level': {}, 'path_level': {}}","{'node_level': {0: {'cpu': -79}, 1: {'cpu': -90}, 2: {'cpu': -43}, 3: {'cpu': -53}, 4: {'cpu': -40}, 5: {'cpu': -55}, 6: {'cpu': -52}}, 'link_level': {(0, 1): {'bw': -51}, (0, 3): {'bw': -38}, (0, 6): {'bw': 100.0}}, 'path_level': {(0, 1): {}, (0, 3): {}, (0, 6): {}}}","{'node_level': {0: {'cpu': 0}, 1: {'cpu': 0}, 2: {'cpu': 0}, 3: {'cpu': 0}, 4: {'cpu': 0}, 5: {'cpu': 0}, 6: {'cpu': 0}}, 'link_level': {(0, 1): {'bw': 0}, (0, 3): {'bw': 0}, (0, 6): {'bw': 100.0}}, 'path_level': {(0, 1): {}, (0, 3): {}, (0, 6): {}}}",[],-inf,-inf,True,False,False,0,[],0,0.0,7.0,3.0
197,33,0,1968.0,5531.0,883212.532693751,2705872.211667108,0.3558126920990779,0.3264058549718419,49,374,0,4862.171354770678,8909,4490,4419,0.0,0.0,179,440.17135477067774,4422.0,5,5,False,{},{},{},{},0.0,0.0,0.0,0.0,0.0,0.0,0.0,0.0,0.0,0.0,0.0,0.0,0.0,0.0,Leave Event,0.0,"{'node_level': {}, 'link_level': {}, 'path_level': {}}","{'node_level': {}, 'link_level': {}, 'path_level': {}}","{'node_level': {}, 'link_level': {}, 'path_level': {}}",[],-inf,-inf,True,True,False,0,[],0,0.0,,
198,34,1,2070.0,6079.0,938111.9610594414,3000822.081710229,0.34051653232439544,0.3126183210851316,50,375,1,4882.0,8361,4466,3895,0.005345211581291753,0.11857886399637929,197,538.2296898597102,4882.0,3,2,True,"{0: np.int64(47), 1: np.int64(50), 2: np.int64(37)}","{(0, 1): [(np.int64(47), 15), (15, 7), (7, 3), (3, 8), (8, 18), (18, 50)], (1, 2): [(np.int64(50), 18), (18, 8), (8, 3), (3, 1), (1, 4), (4, 10), (10, 21), (21, 37)]}","{(0, np.int64(47)): {'cpu': 1}, (1, np.int64(50)): {'cpu': 19}, (2, np.int64(37)): {'cpu': 4}}","{((0, 1), (np.int64(47), 15)): {'bw': 50}, ((0, 1), (15, 7)): {'bw': 50}, ((0, 1), (7, 3)): {'bw': 50}, ((0, 1), (3, 8)): {'bw': 50}, ((0, 1), (8, 18)): {'bw': 50}, ((0, 1), (18, 50)): {'bw': 50}, ((1, 2), (np.int64(50), 18)): {'bw': 28}, ((1, 2), (18, 8)): {'bw': 28}, ((1, 2), (8, 3)): {'bw': 28}, ((1, 2), (3, 1)): {'bw': 28}, ((1, 2), (1, 4)): {'bw': 28}, ((1, 2), (4, 10)): {'bw': 28}, ((1, 2), (10, 21)): {'bw': 28}, ((1, 2), (21, 37)): {'bw': 28}}",548.0,102.0,48.0,24.0,78.0,24.0,78.0,24.0,524.0,446.0,0.18613138686131386,294949.8700431212,54899.428365690444,100.18143862352271,Success,0.0,"{'node_level': {}, 'link_level': {}, 'path_level': {}}","{'node_level': {0: {'cpu': -91}, 1: {'cpu': -38}, 2: {'cpu': -55}}, 'link_level': {(0, 1): {'bw': -22}, (1, 2): {'bw': -4}}, 'path_level': {(0, 1): {}, (1, 2): {}}}","{'node_level': {0: {'cpu': 0}, 1: {'cpu': 0}, 2: {'cpu': 0}}, 'link_level': {(0, 1): {'bw': 0}, (1, 2): {'bw': 0}}, 'path_level': {(0, 1): {}, (1, 2): {}}}",[],-inf,-inf,True,True,False,0,[],0,0.0,3.0,2.0
199,34,1,2070.0,6079.0,938111.9610594414,3000822.081710229,0.34051653232439544,0.3126183210851316,50,376,1,4906.0,8361,4466,3895,0.005345211581291753,0.11857886399637929,198,827.9431693378395,4906.0,9,25,False,"{0: np.int64(50), 1: np.int64(60), 2: np.int64(23), 3: np.int64(29), 4: np.int64(19), 5: np.int64(16), 6: np.int64(11), 7: np.int64(33), 8: np.int64(4)}","{(0, 2): []}","{(0, np.int64(50)): {'cpu': 9}, (1, np.int64(60)): {'cpu': 2}, (2, np.int64(23)): {'cpu': 19}, (3, np.int64(29)): {'cpu': 16}, (4, np.int64(19)): {'cpu': 9}, (5, np.int64(16)): {'cpu': 14}, (6, np.int64(11)): {'cpu': 15}, (7, np.int64(33)): {'cpu': 14}, (8, np.int64(4)): {'cpu': 12}}",{},0.0,0.0,220.0,110.0,568.0,0.0,0.0,0.0,0.0,0.0,0.0,0.0,0.0,0.0,Route Failure,100.0,"{'node_level': {}, 'link_level': {}, 'path_level': {}}","{'node_level': {0: {'cpu': -29}, 1: {'cpu': -60}, 2: {'cpu': -59}, 3: {'cpu': -57}, 4: {'cpu': -59}, 5: {'cpu': -86}, 6: {'cpu': -47}, 7: {'cpu': -68}, 8: {'cpu': -47}}, 'link_level': {(0, 2): {'bw': 100.0}}, 'path_level': {(0, 2): {}}}","{'node_level': {0: {'cpu': 0}, 1: {'cpu': 0}, 2: {'cpu': 0}, 3: {'cpu': 0}, 4: {'cpu': 0}, 5: {'cpu': 0}, 6: {'cpu': 0}, 7: {'cpu': 0}, 8: {'cpu': 0}}, 'link_level': {(0, 2): {'bw': 100.0}}, 'path_level': {(0, 2): {}}}",[],-inf,-inf,True,False,False,0,[],0,0.0,9.0,1.0
200,35,2,2109.0,6138.0,950060.9308417173,3018898.7283039284,0.34359726295210163,0.3147044721753481,50,377,1,4931.0,8302,4447,3855,0.009576837416481077,0.12763068567549218,199,306.3838405711747,4931.0,2,1,True,"{0: np.int64(58), 1: np.int64(12)}","{(0, 1): [(np.int64(58), 26), (26, 12)]}","{(0, np.int64(58)): {'cpu': 9}, (1, np.int64(12)): {'cpu': 10}}","{((0, 1), (np.int64(58), 26)): {'bw': 20}, ((0, 1), (26, 12)): {'bw': 20}}",59.0,39.0,38.0,19.0,20.0,19.0,20.0,19.0,40.0,20.0,0.6610169491525424,18076.646593699308,11948.969782275813,202.52491156399682,Success,0.0,"{'node_level': {}, 'link_level': {}, 'path_level': {}}","{'node_level': {0: {'cpu': -90}, 1: {'cpu': -47}}, 'link_level': {(0, 1): {'bw': -41}}, 'path_level': {(0, 1): {}}}","{'node_level': {0: {'cpu': 0}, 1: {'cpu': 0}}, 'link_level': {(0, 1): {'bw': 0}}, 'path_level': {(0, 1): {}}}",[],-inf,-inf,True,True,False,0,[],0,0.0,2.0,1.0
200,35,2,2109.0,6138.0,950060.9308417173,3018898.7283039284,0.34359726295210163,0.3147044721753481,50,378,0,4939.993541916548,8302,4447,3855,0.009576837416481077,0.12763068567549218,153,1105.9935419165477,3834.0,6,10,False,{},{},{},{},0.0,0.0,0.0,0.0,0.0,0.0,0.0,0.0,0.0,0.0,0.0,0.0,0.0,0.0,Leave Event,0.0,"{'node_level': {}, 'link_level': {}, 'path_level': {}}","{'node_level': {}, 'link_level': {}, 'path_level': {}}","{'node_level': {}, 'link_level': {}, 'path_level': {}}",[],-inf,-inf,True,True,False,0,[],0,0.0,,
200,35,2,2109.0,6138.0,950060.9308417173,3018898.7283039284,0.34359726295210163,0.3147044721753481,50,379,0,4944.398366710326,8302,4447,3855,0.009576837416481077,0.12763068567549218,186,359.3983667103258,4585.0,6,11,False,{},{},{},{},0.0,0.0,0.0,0.0,0.0,0.0,0.0,0.0,0.0,0.0,0.0,0.0,0.0,0.0,Leave Event,0.0,"{'node_level': {}, 'link_level': {}, 'path_level': {}}","{'node_level': {}, 'link_level': {}, 'path_level': {}}","{'node_level': {}, 'link_level': {}, 'path_level': {}}",[],-inf,-inf,True,True,False,0,[],0,0.0,,
200,35,2,2109.0,6138.0,950060.9308417173,3018898.7283039284,0.34359726295210163,0.3147044721753481,50,380,0,4946.486592424184,8302,4447,3855,0.009576837416481077,0.12763068567549218,195,113.48659242418412,4833.0,9,23,False,{},{},{},{},0.0,0.0,0.0,0.0,0.0,0.0,0.0,0.0,0.0,0.0,0.0,0.0,0.0,0.0,Leave Event,0.0,"{'node_level': {}, 'link_level': {}, 'path_level': {}}","{'node_level': {}, 'link_level': {}, 'path_level': {}}","{'node_level': {}, 'link_level': {}, 'path_level': {}}",[],-inf,-inf,True,True,False,0,[],0,0.0,,
200,35,2,2109.0,6138.0,950060.9308417173,3018898.7283039284,0.34359726295210163,0.3147044721753481,50,381,0,4949.800161527518,8302,4447,3855,0.009576837416481077,0.12763068567549218,191,222.80016152751767,4727.0,10,21,False,{},{},{},{},0.0,0.0,0.0,0.0,0.0,0.0,0.0,0.0,0.0,0.0,0.0,0.0,0.0,0.0,Leave Event,0.0,"{'node_level': {}, 'link_level': {}, 'path_level': {}}","{'node_level': {}, 'link_level': {}, 'path_level': {}}","{'node_level': {}, 'link_level': {}, 'path_level': {}}",[],-inf,-inf,True,True,False,0,[],0,0.0,,
200,35,2,2109.0,6138.0,950060.9308417173,3018898.7283039284,0.34359726295210163,0.3147044721753481,50,382,0,4962.527719730833,8302,4447,3855,0.009576837416481077,0.12763068567549218,175,642.5277197308332,4320.0,10,23,False,{},{},{},{},0.0,0.0,0.0,0.0,0.0,0.0,0.0,0.0,0.0,0.0,0.0,0.0,0.0,0.0,Leave Event,0.0,"{'node_level': {}, 'link_level': {}, 'path_level': {}}","{'node_level': {}, 'link_level': {}, 'path_level': {}}","{'node_level': {}, 'link_level': {}, 'path_level': {}}",[],-inf,-inf,True,True,False,0,[],0,0.0,,
200,35,2,2109.0,6138.0,950060.9308417173,3018898.7283039284,0.34359726295210163,0.3147044721753481,50,383,0,4966.385112004666,8302,4447,3855,0.009576837416481077,0.12763068567549218,189,295.38511200466525,4671.0,5,6,False,{},{},{},{},0.0,0.0,0.0,0.0,0.0,0.0,0.0,0.0,0.0,0.0,0.0,0.0,0.0,0.0,Leave Event,0.0,"{'node_level': {}, 'link_level': {}, 'path_level': {}}","{'node_level': {}, 'link_level': {}, 'path_level': {}}","{'node_level': {}, 'link_level': {}, 'path_level': {}}",[],-inf,-inf,True,True,False,0,[],0,0.0,,
200,35,2,2109.0,6138.0,950060.9308417173,3018898.7283039284,0.34359726295210163,0.3147044721753481,50,384,0,5006.264156321004,8302,4447,3855,0.009576837416481077,0.12763068567549218,178,609.2641563210035,4397.0,5,5,False,{},{},{},{},0.0,0.0,0.0,0.0,0.0,0.0,0.0,0.0,0.0,0.0,0.0,0.0,0.0,0.0,Leave Event,0.0,"{'node_level': {}, 'link_level': {}, 'path_level': {}}","{'node_level': {}, 'link_level': {}, 'path_level': {}}","{'node_level': {}, 'link_level': {}, 'path_level': {}}",[],-inf,-inf,True,True,False,0,[],0,0.0,,
200,35,2,2109.0,6138.0,950060.9308417173,3018898.7283039284,0.34359726295210163,0.3147044721753481,50,385,0,5046.965499790166,8302,4447,3855,0.009576837416481077,0.12763068567549218,193,264.9654997901663,4782.0,7,15,False,{},{},{},{},0.0,0.0,0.0,0.0,0.0,0.0,0.0,0.0,0.0,0.0,0.0,0.0,0.0,0.0,Leave Event,0.0,"{'node_level': {}, 'link_level': {}, 'path_level': {}}","{'node_level': {}, 'link_level': {}, 'path_level': {}}","{'node_level': {}, 'link_level': {}, 'path_level': {}}",[],-inf,-inf,True,True,False,0,[],0,0.0,,
200,35,2,2109.0,6138.0,950060.9308417173,3018898.7283039284,0.34359726295210163,0.3147044721753481,50,386,0,5061.00227080777,8302,4447,3855,0.009576837416481077,0.12763068567549218,176,712.00227080777,4349.0,3,3,False,{},{},{},{},0.0,0.0,0.0,0.0,0.0,0.0,0.0,0.0,0.0,0.0,0.0,0.0,0.0,0.0,Leave Event,0.0,"{'node_level': {}, 'link_level': {}, 'path_level': {}}","{'node_level': {}, 'link_level': {}, 'path_level': {}}","{'node_level': {}, 'link_level': {}, 'path_level': {}}",[],-inf,-inf,True,True,False,0,[],0,0.0,,
200,35,2,2109.0,6138.0,950060.9308417173,3018898.7283039284,0.34359726295210163,0.3147044721753481,50,387,0,5089.600163076821,8302,4447,3855,0.009576837416481077,0.12763068567549218,187,477.6001630768216,4612.0,6,10,False,{},{},{},{},0.0,0.0,0.0,0.0,0.0,0.0,0.0,0.0,0.0,0.0,0.0,0.0,0.0,0.0,Leave Event,0.0,"{'node_level': {}, 'link_level': {}, 'path_level': {}}","{'node_level': {}, 'link_level': {}, 'path_level': {}}","{'node_level': {}, 'link_level': {}, 'path_level': {}}",[],-inf,-inf,True,True,False,0,[],0,0.0,,
200,35,2,2109.0,6138.0,950060.9308417173,3018898.7283039284,0.34359726295210163,0.3147044721753481,50,388,0,5101.8810983752965,8302,4447,3855,0.009576837416481077,0.12763068567549218,184,557.8810983752966,4544.0,5,4,False,{},{},{},{},0.0,0.0,0.0,0.0,0.0,0.0,0.0,0.0,0.0,0.0,0.0,0.0,0.0,0.0,Leave Event,0.0,"{'node_level': {}, 'link_level': {}, 'path_level': {}}","{'node_level': {}, 'link_level': {}, 'path_level': {}}","{'node_level': {}, 'link_level': {}, 'path_level': {}}",[],-inf,-inf,True,True,False,0,[],0,0.0,,
200,35,2,2109.0,6138.0,950060.9308417173,3018898.7283039284,0.34359726295210163,0.3147044721753481,50,389,0,5158.754208463683,8302,4447,3855,0.009576837416481077,0.12763068567549218,192,403.7542084636836,4755.0,5,7,False,{},{},{},{},0.0,0.0,0.0,0.0,0.0,0.0,0.0,0.0,0.0,0.0,0.0,0.0,0.0,0.0,Leave Event,0.0,"{'node_level': {}, 'link_level': {}, 'path_level': {}}","{'node_level': {}, 'link_level': {}, 'path_level': {}}","{'node_level': {}, 'link_level': {}, 'path_level': {}}",[],-inf,-inf,True,True,False,0,[],0,0.0,,
200,35,2,2109.0,6138.0,950060.9308417173,3018898.7283039284,0.34359726295210163,0.3147044721753481,50,390,0,5221.634327155348,8302,4447,3855,0.009576837416481077,0.12763068567549218,163,1146.634327155348,4075.0,8,16,False,{},{},{},{},0.0,0.0,0.0,0.0,0.0,0.0,0.0,0.0,0.0,0.0,0.0,0.0,0.0,0.0,Leave Event,0.0,"{'node_level': {}, 'link_level': {}, 'path_level': {}}","{'node_level': {}, 'link_level': {}, 'path_level': {}}","{'node_level': {}, 'link_level': {}, 'path_level': {}}",[],-inf,-inf,True,True,False,0,[],0,0.0,,
200,35,1,2109.0,6138.0,950060.9308417173,3018898.7283039284,0.34359726295210163,0.3147044721753481,50,391,0,5237.383840571175,8361,4466,3895,0.005345211581291753,0.11857886399637929,199,306.3838405711747,4931.0,2,1,False,{},{},{},{},0.0,0.0,0.0,0.0,0.0,0.0,0.0,0.0,0.0,0.0,0.0,0.0,0.0,0.0,Leave Event,0.0,"{'node_level': {}, 'link_level': {}, 'path_level': {}}","{'node_level': {}, 'link_level': {}, 'path_level': {}}","{'node_level': {}, 'link_level': {}, 'path_level': {}}",[],-inf,-inf,True,True,False,0,[],0,0.0,,
200,35,1,2109.0,6138.0,950060.9308417173,3018898.7283039284,0.34359726295210163,0.3147044721753481,50,392,0,5317.62039974265,8361,4466,3895,0.005345211581291753,0.11857886399637929,185,754.6203997426504,4563.0,4,3,False,{},{},{},{},0.0,0.0,0.0,0.0,0.0,0.0,0.0,0.0,0.0,0.0,0.0,0.0,0.0,0.0,Leave Event,0.0,"{'node_level': {}, 'link_level': {}, 'path_level': {}}","{'node_level': {}, 'link_level': {}, 'path_level': {}}","{'node_level': {}, 'link_level': {}, 'path_level': {}}",[],-inf,-inf,True,True,False,0,[],0,0.0,,
200,35,0,2109.0,6138.0,950060.9308417173,3018898.7283039284,0.34359726295210163,0.3147044721753481,50,393,0,5420.229689859711,8909,4490,4419,0.0,0.0,197,538.2296898597102,4882.0,3,2,False,{},{},{},{},0.0,0.0,0.0,0.0,0.0,0.0,0.0,0.0,0.0,0.0,0.0,0.0,0.0,0.0,Leave Event,0.0,"{'node_level': {}, 'link_level': {}, 'path_level': {}}","{'node_level': {}, 'link_level': {}, 'path_level': {}}","{'node_level': {}, 'link_level': {}, 'path_level': {}}",[],-inf,-inf,True,True,False,0,[],0,0.0,,
200,35,0,2109.0,6138.0,950060.9308417173,3018898.7283039284,0.34359726295210163,0.3147044721753481,50,394,0,5733.943169337839,8909,4490,4419,0.0,0.0,198,827.9431693378395,4906.0,9,25,False,{},{},{},{},0.0,0.0,0.0,0.0,0.0,0.0,0.0,0.0,0.0,0.0,0.0,0.0,0.0,0.0,Leave Event,0.0,"{'node_level': {}, 'link_level': {}, 'path_level': {}}","{'node_level': {}, 'link_level': {}, 'path_level': {}}","{'node_level': {}, 'link_level': {}, 'path_level': {}}",[],-inf,-inf,True,True,False,0,[],0,0.0,,
200,35,0,2109.0,6138.0,950060.9308417173,3018898.7283039284,0.34359726295210163,0.3147044721753481,50,395,0,6193.072964772069,8909,4490,4419,0.0,0.0,180,1746.0729647720696,4447.0,8,13,False,{},{},{},{},0.0,0.0,0.0,0.0,0.0,0.0,0.0,0.0,0.0,0.0,0.0,0.0,0.0,0.0,Leave Event,0.0,"{'node_level': {}, 'link_level': {}, 'path_level': {}}","{'node_level': {}, 'link_level': {}, 'path_level': {}}","{'node_level': {}, 'link_level': {}, 'path_level': {}}",[],-inf,-inf,True,True,False,0,[],0,0.0,,
200,35,0,2109.0,6138.0,950060.9308417173,3018898.7283039284,0.34359726295210163,0.3147044721753481,50,396,0,6220.126692744407,8909,4490,4419,0.0,0.0,160,2214.1266927444062,4006.0,6,10,False,{},{},{},{},0.0,0.0,0.0,0.0,0.0,0.0,0.0,0.0,0.0,0.0,0.0,0.0,0.0,0.0,Leave Event,0.0,"{'node_level': {}, 'link_level': {}, 'path_level': {}}","{'node_level': {}, 'link_level': {}, 'path_level': {}}","{'node_level': {}, 'link_level': {}, 'path_level': {}}",[],-inf,-inf,True,True,False,0,[],0,0.0,,
200,35,0,2109.0,6138.0,950060.9308417173,3018898.7283039284,0.34359726295210163,0.3147044721753481,50,397,0,6417.207451519889,8909,4490,4419,0.0,0.0,190,1721.2074515198888,4696.0,5,5,False,{},{},{},{},0.0,0.0,0.0,0.0,0.0,0.0,0.0,0.0,0.0,0.0,0.0,0.0,0.0,0.0,Leave Event,0.0,"{'node_level': {}, 'link_level': {}, 'path_level': {}}","{'node_level': {}, 'link_level': {}, 'path_level': {}}","{'node_level': {}, 'link_level': {}, 'path_level': {}}",[],-inf,-inf,True,True,False,0,[],0,0.0,,
200,35,0,2109.0,6138.0,950060.9308417173,3018898.7283039284,0.34359726295210163,0.3147044721753481,50,398,0,6498.382575487055,8909,4490,4419,0.0,0.0,194,1691.3825754870552,4807.0,8,18,False,{},{},{},{},0.0,0.0,0.0,0.0,0.0,0.0,0.0,0.0,0.0,0.0,0.0,0.0,0.0,0.0,Leave Event,0.0,"{'node_level': {}, 'link_level': {}, 'path_level': {}}","{'node_level': {}, 'link_level': {}, 'path_level': {}}","{'node_level': {}, 'link_level': {}, 'path_level': {}}",[],-inf,-inf,True,True,False,0,[],0,0.0,,
200,35,0,2109.0,6138.0,950060.9308417173,3018898.7283039284,0.34359726295210163,0.3147044721753481,50,399,0,7328.6856900617495,8909,4490,4419,0.0,0.0,196,2468.6856900617495,4860.0,7,11,False,{},{},{},{},0.0,0.0,0.0,0.0,0.0,0.0,0.0,0.0,0.0,0.0,0.0,0.0,0.0,0.0,Leave Event,0.0,"{'node_level': {}, 'link_level': {}, 'path_level': {}}","{'node_level': {}, 'link_level': {}, 'path_level': {}}","{'node_level': {}, 'link_level': {}, 'path_level': {}}",[],-inf,-inf,True,True,False,0,[],0,0.0,,
