v_net_count,success_count,inservice_count,total_revenue,total_cost,total_time_revenue,total_time_cost,long_term_r2c_ratio,long_term_time_r2c_ratio,num_running_p_net_nodes,event_id,event_type,event_time,p_net_available_resource,p_net_node_available_resource,p_net_link_available_resource,p_net_node_resource_utilization,p_net_link_resource_utilization,v_net_id,v_net_lifetime,v_net_arrival_time,v_net_num_nodes,v_net_num_egdes,result,node_slots,link_paths,node_slots_info,link_paths_info,v_net_cost,v_net_revenue,v_net_demand,v_net_node_demand,v_net_link_demand,v_net_node_revenue,v_net_link_revenue,v_net_node_cost,v_net_link_cost,v_net_path_cost,v_net_r2c_ratio,v_net_time_cost,v_net_time_revenue,v_net_time_rc_ratio,description,v_net_total_hard_constraint_violation,v_net_single_step_constraint_offset,v_net_constraint_offsets,v_net_constraint_violations,v_net_single_step_violation_list,v_net_single_step_hard_constraint_offset,v_net_max_single_step_hard_constraint_violation,place_result,route_result,early_rejection,revoke_times,selected_actions,num_interactions,v_net_reward,num_placed_nodes,num_routed_links
1,1,1,303.0,596.0,8464.31337992964,16649.276483293943,0.5083892617449665,0.5083892617449665,7,0,1,22.0,16375,2542,13833,0.02080123266563949,0.037704347826087004,0,27.93502765653346,22.0,7,8,True,"{np.int64(0): np.int64(14), np.int64(1): np.int64(9), np.int64(2): np.int64(3), np.int64(3): np.int64(5), np.int64(4): np.int64(6), np.int64(5): np.int64(11), np.int64(6): np.int64(20)}","{(0, 3): [(np.int64(14), 13), (13, 2), (2, np.int64(5))], (0, 4): [(np.int64(14), 12), (12, 0), (0, 4), (4, np.int64(6))], (0, 6): [(np.int64(14), 12), (12, 0), (0, np.int64(20))], (1, 3): [(np.int64(9), 6), (6, 5)], (1, 4): [(np.int64(9), 6)], (2, 4): [(np.int64(3), 5), (5, np.int64(6))], (3, 4): [(np.int64(5), 6)], (5, 6): [(np.int64(11), 7), (7, 4), (4, 0), (0, np.int64(20))]}","{(np.int64(0), np.int64(14)): {'cpu': 17}, (np.int64(1), np.int64(9)): {'cpu': 3}, (np.int64(2), np.int64(3)): {'cpu': 3}, (np.int64(3), np.int64(5)): {'cpu': 1}, (np.int64(4), np.int64(6)): {'cpu': 19}, (np.int64(5), np.int64(11)): {'cpu': 4}, (np.int64(6), np.int64(20)): {'cpu': 7}}","{((0, 3), (np.int64(14), 13)): {'bw': 42}, ((0, 3), (13, 2)): {'bw': 42}, ((0, 3), (2, np.int64(5))): {'bw': 42}, ((0, 4), (np.int64(14), 12)): {'bw': 10}, ((0, 4), (12, 0)): {'bw': 10}, ((0, 4), (0, 4)): {'bw': 10}, ((0, 4), (4, np.int64(6))): {'bw': 10}, ((0, 6), (np.int64(14), 12)): {'bw': 29}, ((0, 6), (12, 0)): {'bw': 29}, ((0, 6), (0, np.int64(20))): {'bw': 29}, ((1, 3), (np.int64(9), 6)): {'bw': 49}, ((1, 3), (6, 5)): {'bw': 49}, ((1, 4), (np.int64(9), 6)): {'bw': 29}, ((2, 4), (np.int64(3), 5)): {'bw': 24}, ((2, 4), (5, np.int64(6))): {'bw': 24}, ((3, 4), (np.int64(5), 6)): {'bw': 50}, ((5, 6), (np.int64(11), 7)): {'bw': 16}, ((5, 6), (7, 4)): {'bw': 16}, ((5, 6), (4, 0)): {'bw': 16}, ((5, 6), (0, np.int64(20))): {'bw': 16}}",596.0,303.0,162.0,54.0,249.0,54.0,249.0,54.0,542.0,293.0,0.5083892617449665,16649.276483293943,8464.31337992964,14.201868087130267,Success,0.0,"{'node_level': {}, 'link_level': {}, 'path_level': {}}","{'node_level': {np.int64(0): {'cpu': -57}, np.int64(1): {'cpu': -97}, np.int64(2): {'cpu': -50}, np.int64(3): {'cpu': -88}, np.int64(4): {'cpu': -40}, np.int64(5): {'cpu': -69}, np.int64(6): {'cpu': -89}}, 'link_level': {(0, 3): {'bw': -167}, (0, 4): {'bw': -219}, (0, 6): {'bw': -190}, (1, 3): {'bw': -185}, (1, 4): {'bw': -286}, (2, 4): {'bw': -161}, (3, 4): {'bw': -111}, (5, 6): {'bw': -212}}, 'path_level': {(0, 3): {}, (0, 4): {}, (0, 6): {}, (1, 3): {}, (1, 4): {}, (2, 4): {}, (3, 4): {}, (5, 6): {}}}","{'node_level': {np.int64(0): {'cpu': 0}, np.int64(1): {'cpu': 0}, np.int64(2): {'cpu': 0}, np.int64(3): {'cpu': 0}, np.int64(4): {'cpu': 0}, np.int64(5): {'cpu': 0}, np.int64(6): {'cpu': 0}}, 'link_level': {(0, 3): {'bw': 0}, (0, 4): {'bw': 0}, (0, 6): {'bw': 0}, (1, 3): {'bw': 0}, (1, 4): {'bw': 0}, (2, 4): {'bw': 0}, (3, 4): {'bw': 0}, (5, 6): {'bw': 0}}, 'path_level': {(0, 3): {}, (0, 4): {}, (0, 6): {}, (1, 3): {}, (1, 4): {}, (2, 4): {}, (3, 4): {}, (5, 6): {}}}",[],-inf,-inf,True,True,False,0,[],0,0.0,7.0,8.0
2,2,2,341.0,634.0,12703.958321368384,20888.92142473269,0.5378548895899053,0.6081672702510514,8,1,1,49.0,16337,2538,13799,0.02234206471494604,0.040069565217391356,1,111.56960372207224,49.0,2,1,True,"{np.int64(0): np.int64(14), np.int64(1): np.int64(12)}","{(0, 1): [(np.int64(14), 12)]}","{(np.int64(0), np.int64(14)): {'cpu': 0}, (np.int64(1), np.int64(12)): {'cpu': 4}}","{((0, 1), (np.int64(14), 12)): {'bw': 34}}",38.0,38.0,12.0,4.0,34.0,4.0,34.0,4.0,34.0,0.0,1.0,4239.644941438745,4239.644941438745,111.56960372207224,Success,0.0,"{'node_level': {}, 'link_level': {}, 'path_level': {}}","{'node_level': {np.int64(0): {'cpu': -57}, np.int64(1): {'cpu': -52}}, 'link_level': {(0, 1): {'bw': -165}}, 'path_level': {(0, 1): {}}}","{'node_level': {np.int64(0): {'cpu': 0}, np.int64(1): {'cpu': 0}}, 'link_level': {(0, 1): {'bw': 0}}, 'path_level': {(0, 1): {}}}",[],-inf,-inf,True,True,False,0,[],0,0.0,2.0,1.0
2,2,1,341.0,634.0,12703.958321368384,20888.92142473269,0.5378548895899053,0.6081672702510514,8,2,0,49.935027656533464,16933,2592,14341,0.0015408320493066618,0.002365217391304353,0,27.93502765653346,22.0,7,8,False,{},{},{},{},0.0,0.0,0.0,0.0,0.0,0.0,0.0,0.0,0.0,0.0,0.0,0.0,0.0,0.0,Leave Event,0.0,"{'node_level': {}, 'link_level': {}, 'path_level': {}}","{'node_level': {}, 'link_level': {}, 'path_level': {}}","{'node_level': {}, 'link_level': {}, 'path_level': {}}",[],-inf,-inf,True,True,False,0,[],0,0.0,,
3,3,2,542.0,996.0,14582.853133758059,24272.80163411111,0.5441767068273092,0.6007898615734761,11,3,1,68.0,16571,2555,14016,0.01579352850539295,0.02497391304347829,2,9.347735385023263,68.0,5,6,True,"{np.int64(0): np.int64(4), np.int64(1): np.int64(25), np.int64(2): np.int64(14), np.int64(3): np.int64(1), np.int64(4): np.int64(20)}","{(0, 1): [(np.int64(4), 0), (0, 20), (20, 22), (22, 25)], (0, 3): [(np.int64(4), 1)], (1, 3): [(np.int64(25), 22), (22, 20), (20, 1)], (1, 4): [(np.int64(25), 22), (22, 20)], (2, 4): [(np.int64(14), 12), (12, 0), (0, 20)], (3, 4): [(np.int64(1), 20)]}","{(np.int64(0), np.int64(4)): {'cpu': 13}, (np.int64(1), np.int64(25)): {'cpu': 1}, (np.int64(2), np.int64(14)): {'cpu': 2}, (np.int64(3), np.int64(1)): {'cpu': 2}, (np.int64(4), np.int64(20)): {'cpu': 19}}","{((0, 1), (np.int64(4), 0)): {'bw': 12}, ((0, 1), (0, 20)): {'bw': 12}, ((0, 1), (20, 22)): {'bw': 12}, ((0, 1), (22, 25)): {'bw': 12}, ((0, 3), (np.int64(4), 1)): {'bw': 30}, ((1, 3), (np.int64(25), 22)): {'bw': 39}, ((1, 3), (22, 20)): {'bw': 39}, ((1, 3), (20, 1)): {'bw': 39}, ((1, 4), (np.int64(25), 22)): {'bw': 21}, ((1, 4), (22, 20)): {'bw': 21}, ((2, 4), (np.int64(14), 12)): {'bw': 13}, ((2, 4), (12, 0)): {'bw': 13}, ((2, 4), (0, 20)): {'bw': 13}, ((3, 4), (np.int64(1), 20)): {'bw': 49}}",362.0,201.0,333.0,37.0,164.0,37.0,164.0,37.0,325.0,161.0,0.5552486187845304,3383.880209378421,1878.894812389676,5.190317161297447,Success,0.0,"{'node_level': {}, 'link_level': {}, 'path_level': {}}","{'node_level': {np.int64(0): {'cpu': -40}, np.int64(1): {'cpu': -62}, np.int64(2): {'cpu': -72}, np.int64(3): {'cpu': -95}, np.int64(4): {'cpu': -77}}, 'link_level': {(0, 1): {'bw': -223}, (0, 3): {'bw': -312}, (1, 3): {'bw': -184}, (1, 4): {'bw': -163}, (2, 4): {'bw': -191}, (3, 4): {'bw': -144}}, 'path_level': {(0, 1): {}, (0, 3): {}, (1, 3): {}, (1, 4): {}, (2, 4): {}, (3, 4): {}}}","{'node_level': {np.int64(0): {'cpu': 0}, np.int64(1): {'cpu': 0}, np.int64(2): {'cpu': 0}, np.int64(3): {'cpu': 0}, np.int64(4): {'cpu': 0}}, 'link_level': {(0, 1): {'bw': 0}, (0, 3): {'bw': 0}, (1, 3): {'bw': 0}, (1, 4): {'bw': 0}, (2, 4): {'bw': 0}, (3, 4): {'bw': 0}}, 'path_level': {(0, 1): {}, (0, 3): {}, (1, 3): {}, (1, 4): {}, (2, 4): {}, (3, 4): {}}}",[],-inf,-inf,True,True,False,0,[],0,0.0,5.0,6.0
3,3,1,542.0,996.0,14582.853133758059,24272.80163411111,0.5441767068273092,0.6007898615734761,11,4,0,77.34773538502327,16933,2592,14341,0.0015408320493066618,0.002365217391304353,2,9.347735385023263,68.0,5,6,False,{},{},{},{},0.0,0.0,0.0,0.0,0.0,0.0,0.0,0.0,0.0,0.0,0.0,0.0,0.0,0.0,Leave Event,0.0,"{'node_level': {}, 'link_level': {}, 'path_level': {}}","{'node_level': {}, 'link_level': {}, 'path_level': {}}","{'node_level': {}, 'link_level': {}, 'path_level': {}}",[],-inf,-inf,True,True,False,0,[],0,0.0,,
4,4,2,739.0,1337.0,170056.50668700924,293392.1714902464,0.5527299925205684,0.5796218277509925,14,5,1,105.0,16592,2543,14049,0.020416024653312825,0.02267826086956526,3,789.206363214473,105.0,5,5,True,"{np.int64(0): np.int64(22), np.int64(1): np.int64(0), np.int64(2): np.int64(3), np.int64(3): np.int64(14), np.int64(4): np.int64(28)}","{(0, 2): [(np.int64(22), 21), (21, 3)], (0, 4): [(np.int64(22), 20), (20, 0), (0, 28)], (1, 4): [(np.int64(0), 28)], (2, 3): [(np.int64(3), 13), (13, 14)], (2, 4): [(np.int64(3), 29), (29, 30), (30, 28)]}","{(np.int64(0), np.int64(22)): {'cpu': 19}, (np.int64(1), np.int64(0)): {'cpu': 12}, (np.int64(2), np.int64(3)): {'cpu': 17}, (np.int64(3), np.int64(14)): {'cpu': 0}, (np.int64(4), np.int64(28)): {'cpu': 1}}","{((0, 2), (np.int64(22), 21)): {'bw': 36}, ((0, 2), (21, 3)): {'bw': 36}, ((0, 4), (np.int64(22), 20)): {'bw': 10}, ((0, 4), (20, 0)): {'bw': 10}, ((0, 4), (0, 28)): {'bw': 10}, ((1, 4), (np.int64(0), 28)): {'bw': 42}, ((2, 3), (np.int64(3), 13)): {'bw': 32}, ((2, 3), (13, 14)): {'bw': 32}, ((2, 4), (np.int64(3), 29)): {'bw': 28}, ((2, 4), (29, 30)): {'bw': 28}, ((2, 4), (30, 28)): {'bw': 28}}",341.0,197.0,343.0,49.0,148.0,49.0,148.0,49.0,292.0,144.0,0.5777126099706745,269119.3698561353,155473.65355325118,455.9344678980973,Success,0.0,"{'node_level': {}, 'link_level': {}, 'path_level': {}}","{'node_level': {np.int64(0): {'cpu': -48}, np.int64(1): {'cpu': -82}, np.int64(2): {'cpu': -36}, np.int64(3): {'cpu': -74}, np.int64(4): {'cpu': -69}}, 'link_level': {(0, 2): {'bw': -229}, (0, 4): {'bw': -310}, (1, 4): {'bw': -295}, (2, 3): {'bw': -247}, (2, 4): {'bw': -183}}, 'path_level': {(0, 2): {}, (0, 4): {}, (1, 4): {}, (2, 3): {}, (2, 4): {}}}","{'node_level': {np.int64(0): {'cpu': 0}, np.int64(1): {'cpu': 0}, np.int64(2): {'cpu': 0}, np.int64(3): {'cpu': 0}, np.int64(4): {'cpu': 0}}, 'link_level': {(0, 2): {'bw': 0}, (0, 4): {'bw': 0}, (1, 4): {'bw': 0}, (2, 3): {'bw': 0}, (2, 4): {'bw': 0}}, 'path_level': {(0, 2): {}, (0, 4): {}, (1, 4): {}, (2, 3): {}, (2, 4): {}}}",[],-inf,-inf,True,True,False,0,[],0,0.0,5.0,5.0
5,5,3,1037.0,2010.0,207828.85778089848,378696.8435915466,0.5159203980099503,0.5488000792661947,17,6,1,131.0,15919,2459,13460,0.05277349768875195,0.06365217391304345,4,126.75285601976255,131.0,9,10,True,"{np.int64(0): np.int64(10), np.int64(1): np.int64(14), np.int64(2): np.int64(0), np.int64(3): np.int64(22), np.int64(4): np.int64(33), np.int64(5): np.int64(6), np.int64(6): np.int64(8), np.int64(7): np.int64(9), np.int64(8): np.int64(4)}","{(0, 2): [(np.int64(10), 7), (7, 4), (4, 0)], (1, 4): [(np.int64(14), 12), (12, 0), (0, 28), (28, 30), (30, 33)], (1, 6): [(np.int64(14), 12), (12, 0), (0, 4), (4, 6), (6, 8)], (1, 8): [(np.int64(14), 12), (12, 0), (0, 4)], (2, 3): [(np.int64(0), 20), (20, 22)], (2, 4): [(np.int64(0), 28), (28, 30), (30, 33)], (2, 7): [(np.int64(0), 4), (4, 6), (6, 9)], (2, 8): [(np.int64(0), 4)], (4, 7): [(np.int64(33), 30), (30, 28), (28, 0), (0, 4), (4, 6), (6, 9)], (5, 6): [(np.int64(6), 8)]}","{(np.int64(0), np.int64(10)): {'cpu': 2}, (np.int64(1), np.int64(14)): {'cpu': 1}, (np.int64(2), np.int64(0)): {'cpu': 13}, (np.int64(3), np.int64(22)): {'cpu': 19}, (np.int64(4), np.int64(33)): {'cpu': 15}, (np.int64(5), np.int64(6)): {'cpu': 17}, (np.int64(6), np.int64(8)): {'cpu': 4}, (np.int64(7), np.int64(9)): {'cpu': 7}, (np.int64(8), np.int64(4)): {'cpu': 6}}","{((0, 2), (np.int64(10), 7)): {'bw': 9}, ((0, 2), (7, 4)): {'bw': 9}, ((0, 2), (4, 0)): {'bw': 9}, ((1, 4), (np.int64(14), 12)): {'bw': 15}, ((1, 4), (12, 0)): {'bw': 15}, ((1, 4), (0, 28)): {'bw': 15}, ((1, 4), (28, 30)): {'bw': 15}, ((1, 4), (30, 33)): {'bw': 15}, ((1, 6), (np.int64(14), 12)): {'bw': 18}, ((1, 6), (12, 0)): {'bw': 18}, ((1, 6), (0, 4)): {'bw': 18}, ((1, 6), (4, 6)): {'bw': 18}, ((1, 6), (6, 8)): {'bw': 18}, ((1, 8), (np.int64(14), 12)): {'bw': 29}, ((1, 8), (12, 0)): {'bw': 29}, ((1, 8), (0, 4)): {'bw': 29}, ((2, 3), (np.int64(0), 20)): {'bw': 42}, ((2, 3), (20, 22)): {'bw': 42}, ((2, 4), (np.int64(0), 28)): {'bw': 18}, ((2, 4), (28, 30)): {'bw': 18}, ((2, 4), (30, 33)): {'bw': 18}, ((2, 7), (np.int64(0), 4)): {'bw': 2}, ((2, 7), (4, 6)): {'bw': 2}, ((2, 7), (6, 9)): {'bw': 2}, ((2, 8), (np.int64(0), 4)): {'bw': 29}, ((4, 7), (np.int64(33), 30)): {'bw': 17}, ((4, 7), (30, 28)): {'bw': 17}, ((4, 7), (28, 0)): {'bw': 17}, ((4, 7), (0, 4)): {'bw': 17}, ((4, 7), (4, 6)): {'bw': 17}, ((4, 7), (6, 9)): {'bw': 17}, ((5, 6), (np.int64(6), 8)): {'bw': 35}}",673.0,298.0,1092.0,84.0,214.0,84.0,214.0,84.0,589.0,375.0,0.4427934621099554,85304.6721013002,37772.351093889236,56.12533594931536,Success,0.0,"{'node_level': {}, 'link_level': {}, 'path_level': {}}","{'node_level': {np.int64(0): {'cpu': -84}, np.int64(1): {'cpu': -73}, np.int64(2): {'cpu': -69}, np.int64(3): {'cpu': -29}, np.int64(4): {'cpu': -35}, np.int64(5): {'cpu': -42}, np.int64(6): {'cpu': -67}, np.int64(7): {'cpu': -93}, np.int64(8): {'cpu': -47}}, 'link_level': {(0, 2): {'bw': -219}, (1, 4): {'bw': -168}, (1, 6): {'bw': -171}, (1, 8): {'bw': -142}, (2, 3): {'bw': -268}, (2, 4): {'bw': -150}, (2, 7): {'bw': -319}, (2, 8): {'bw': -290}, (4, 7): {'bw': -133}, (5, 6): {'bw': -275}}, 'path_level': {(0, 2): {}, (1, 4): {}, (1, 6): {}, (1, 8): {}, (2, 3): {}, (2, 4): {}, (2, 7): {}, (2, 8): {}, (4, 7): {}, (5, 6): {}}}","{'node_level': {np.int64(0): {'cpu': 0}, np.int64(1): {'cpu': 0}, np.int64(2): {'cpu': 0}, np.int64(3): {'cpu': 0}, np.int64(4): {'cpu': 0}, np.int64(5): {'cpu': 0}, np.int64(6): {'cpu': 0}, np.int64(7): {'cpu': 0}, np.int64(8): {'cpu': 0}}, 'link_level': {(0, 2): {'bw': 0}, (1, 4): {'bw': 0}, (1, 6): {'bw': 0}, (1, 8): {'bw': 0}, (2, 3): {'bw': 0}, (2, 4): {'bw': 0}, (2, 7): {'bw': 0}, (2, 8): {'bw': 0}, (4, 7): {'bw': 0}, (5, 6): {'bw': 0}}, 'path_level': {(0, 2): {}, (1, 4): {}, (1, 6): {}, (1, 8): {}, (2, 3): {}, (2, 4): {}, (2, 7): {}, (2, 8): {}, (4, 7): {}, (5, 6): {}}}",[],-inf,-inf,True,True,False,0,[],0,0.0,9.0,10.0
6,6,4,1224.0,2300.0,247440.79706408316,440127.1237633303,0.5321739130434783,0.562203017501688,20,7,1,155.0,15629,2396,13233,0.07704160246533132,0.07944347826086962,5,211.82855231649557,155.0,5,6,True,"{np.int64(0): np.int64(2), np.int64(1): np.int64(3), np.int64(2): np.int64(1), np.int64(3): np.int64(31), np.int64(4): np.int64(29)}","{(0, 2): [(np.int64(2), 5), (5, 6), (6, 4), (4, np.int64(1))], (0, 4): [(np.int64(2), 29)], (1, 2): [(np.int64(3), 5), (5, 6), (6, 4), (4, np.int64(1))], (1, 4): [(np.int64(3), 29)], (2, 4): [(np.int64(1), 28), (28, 30), (30, np.int64(29))], (3, 4): [(np.int64(31), 29)]}","{(np.int64(0), np.int64(2)): {'cpu': 19}, (np.int64(1), np.int64(3)): {'cpu': 16}, (np.int64(2), np.int64(1)): {'cpu': 12}, (np.int64(3), np.int64(31)): {'cpu': 3}, (np.int64(4), np.int64(29)): {'cpu': 13}}","{((0, 2), (np.int64(2), 5)): {'bw': 2}, ((0, 2), (5, 6)): {'bw': 2}, ((0, 2), (6, 4)): {'bw': 2}, ((0, 2), (4, np.int64(1))): {'bw': 2}, ((0, 4), (np.int64(2), 29)): {'bw': 20}, ((1, 2), (np.int64(3), 5)): {'bw': 3}, ((1, 2), (5, 6)): {'bw': 3}, ((1, 2), (6, 4)): {'bw': 3}, ((1, 2), (4, np.int64(1))): {'bw': 3}, ((1, 4), (np.int64(3), 29)): {'bw': 17}, ((2, 4), (np.int64(1), 28)): {'bw': 44}, ((2, 4), (28, 30)): {'bw': 44}, ((2, 4), (30, np.int64(29))): {'bw': 44}, ((3, 4), (np.int64(31), 29)): {'bw': 38}}",290.0,187.0,189.0,63.0,124.0,63.0,124.0,63.0,227.0,103.0,0.6448275862068965,61430.280171783714,39611.93928318467,136.59289407994714,Success,0.0,"{'node_level': {}, 'link_level': {}, 'path_level': {}}","{'node_level': {np.int64(0): {'cpu': -31}, np.int64(1): {'cpu': -20}, np.int64(2): {'cpu': -85}, np.int64(3): {'cpu': -62}, np.int64(4): {'cpu': -53}}, 'link_level': {(0, 2): {'bw': -207}, (0, 4): {'bw': -212}, (1, 2): {'bw': -228}, (1, 4): {'bw': -269}, (2, 4): {'bw': -89}, (3, 4): {'bw': -253}}, 'path_level': {(0, 2): {}, (0, 4): {}, (1, 2): {}, (1, 4): {}, (2, 4): {}, (3, 4): {}}}","{'node_level': {np.int64(0): {'cpu': 0}, np.int64(1): {'cpu': 0}, np.int64(2): {'cpu': 0}, np.int64(3): {'cpu': 0}, np.int64(4): {'cpu': 0}}, 'link_level': {(0, 2): {'bw': 0}, (0, 4): {'bw': 0}, (1, 2): {'bw': 0}, (1, 4): {'bw': 0}, (2, 4): {'bw': 0}, (3, 4): {'bw': 0}}, 'path_level': {(0, 2): {}, (0, 4): {}, (1, 2): {}, (1, 4): {}, (2, 4): {}, (3, 4): {}}}",[],-inf,-inf,True,True,False,0,[],0,0.0,5.0,6.0
6,6,3,1224.0,2300.0,247440.79706408316,440127.1237633303,0.5321739130434783,0.562203017501688,20,8,0,160.56960372207226,15667,2400,13267,0.07550077041602465,0.07707826086956526,1,111.56960372207224,49.0,2,1,False,{},{},{},{},0.0,0.0,0.0,0.0,0.0,0.0,0.0,0.0,0.0,0.0,0.0,0.0,0.0,0.0,Leave Event,0.0,"{'node_level': {}, 'link_level': {}, 'path_level': {}}","{'node_level': {}, 'link_level': {}, 'path_level': {}}","{'node_level': {}, 'link_level': {}, 'path_level': {}}",[],-inf,-inf,True,True,False,0,[],0,0.0,,
7,7,4,1527.0,2857.0,646221.9564392483,1173200.0801064556,0.5344767238361918,0.550819904803118,24,9,1,181.0,15110,2338,12772,0.09938366718027736,0.11151304347826085,6,1316.109436881733,181.0,7,9,True,"{np.int64(0): np.int64(30), np.int64(1): np.int64(23), np.int64(2): np.int64(3), np.int64(3): np.int64(15), np.int64(4): np.int64(29), np.int64(5): np.int64(18), np.int64(6): np.int64(2)}","{(0, 2): [(np.int64(30), 29), (29, 3)], (1, 2): [(np.int64(23), 21), (21, 3)], (1, 6): [(np.int64(23), 21), (21, 2)], (2, 3): [(np.int64(3), 13), (13, 15)], (2, 5): [(np.int64(3), 13), (13, 15), (15, 18)], (2, 6): [(np.int64(3), 5), (5, 2)], (3, 5): [(np.int64(15), 18)], (3, 6): [(np.int64(15), 13), (13, 2)], (4, 5): [(np.int64(29), 2), (2, 13), (13, 15), (15, 18)]}","{(np.int64(0), np.int64(30)): {'cpu': 10}, (np.int64(1), np.int64(23)): {'cpu': 10}, (np.int64(2), np.int64(3)): {'cpu': 5}, (np.int64(3), np.int64(15)): {'cpu': 10}, (np.int64(4), np.int64(29)): {'cpu': 8}, (np.int64(5), np.int64(18)): {'cpu': 15}, (np.int64(6), np.int64(2)): {'cpu': 4}}","{((0, 2), (np.int64(30), 29)): {'bw': 22}, ((0, 2), (29, 3)): {'bw': 22}, ((1, 2), (np.int64(23), 21)): {'bw': 37}, ((1, 2), (21, 3)): {'bw': 37}, ((1, 6), (np.int64(23), 21)): {'bw': 35}, ((1, 6), (21, 2)): {'bw': 35}, ((2, 3), (np.int64(3), 13)): {'bw': 30}, ((2, 3), (13, 15)): {'bw': 30}, ((2, 5), (np.int64(3), 13)): {'bw': 7}, ((2, 5), (13, 15)): {'bw': 7}, ((2, 5), (15, 18)): {'bw': 7}, ((2, 6), (np.int64(3), 5)): {'bw': 24}, ((2, 6), (5, 2)): {'bw': 24}, ((3, 5), (np.int64(15), 18)): {'bw': 24}, ((3, 6), (np.int64(15), 13)): {'bw': 47}, ((3, 6), (13, 2)): {'bw': 47}, ((4, 5), (np.int64(29), 2)): {'bw': 15}, ((4, 5), (2, 13)): {'bw': 15}, ((4, 5), (13, 15)): {'bw': 15}, ((4, 5), (15, 18)): {'bw': 15}}",557.0,303.0,744.0,62.0,241.0,62.0,241.0,62.0,495.0,254.0,0.5439856373429084,733072.9563431253,398781.1593751651,715.9446308351258,Success,0.0,"{'node_level': {}, 'link_level': {}, 'path_level': {}}","{'node_level': {np.int64(0): {'cpu': -45}, np.int64(1): {'cpu': -77}, np.int64(2): {'cpu': -15}, np.int64(3): {'cpu': -52}, np.int64(4): {'cpu': -45}, np.int64(5): {'cpu': -74}, np.int64(6): {'cpu': -27}}, 'link_level': {(0, 2): {'bw': -188}, (1, 2): {'bw': -290}, (1, 6): {'bw': -292}, (2, 3): {'bw': -289}, (2, 5): {'bw': -282}, (2, 6): {'bw': -183}, (3, 5): {'bw': -355}, (3, 6): {'bw': -248}, (4, 5): {'bw': -197}}, 'path_level': {(0, 2): {}, (1, 2): {}, (1, 6): {}, (2, 3): {}, (2, 5): {}, (2, 6): {}, (3, 5): {}, (3, 6): {}, (4, 5): {}}}","{'node_level': {np.int64(0): {'cpu': 0}, np.int64(1): {'cpu': 0}, np.int64(2): {'cpu': 0}, np.int64(3): {'cpu': 0}, np.int64(4): {'cpu': 0}, np.int64(5): {'cpu': 0}, np.int64(6): {'cpu': 0}}, 'link_level': {(0, 2): {'bw': 0}, (1, 2): {'bw': 0}, (1, 6): {'bw': 0}, (2, 3): {'bw': 0}, (2, 5): {'bw': 0}, (2, 6): {'bw': 0}, (3, 5): {'bw': 0}, (3, 6): {'bw': 0}, (4, 5): {'bw': 0}}, 'path_level': {(0, 2): {}, (1, 2): {}, (1, 6): {}, (2, 3): {}, (2, 5): {}, (2, 6): {}, (3, 5): {}, (3, 6): {}, (4, 5): {}}}",[],-inf,-inf,True,True,False,0,[],0,0.0,7.0,9.0
8,8,5,1701.0,3108.0,752257.2790903159,1326159.0800226508,0.5472972972972973,0.5672451295039712,24,10,1,214.0,14859,2289,12570,0.11825885978428352,0.12556521739130433,7,609.3984060406185,214.0,4,5,True,"{np.int64(0): np.int64(3), np.int64(1): np.int64(5), np.int64(2): np.int64(14), np.int64(3): np.int64(29)}","{(0, 1): [(np.int64(3), 5)], (0, 2): [(np.int64(3), 13), (13, 14)], (0, 3): [(np.int64(3), 29)], (1, 2): [(np.int64(5), 2), (2, 13), (13, 14)], (1, 3): [(np.int64(5), 2), (2, 29)]}","{(np.int64(0), np.int64(3)): {'cpu': 10}, (np.int64(1), np.int64(5)): {'cpu': 19}, (np.int64(2), np.int64(14)): {'cpu': 13}, (np.int64(3), np.int64(29)): {'cpu': 7}}","{((0, 1), (np.int64(3), 5)): {'bw': 37}, ((0, 2), (np.int64(3), 13)): {'bw': 39}, ((0, 2), (13, 14)): {'bw': 39}, ((0, 3), (np.int64(3), 29)): {'bw': 18}, ((1, 2), (np.int64(5), 2)): {'bw': 7}, ((1, 2), (2, 13)): {'bw': 7}, ((1, 2), (13, 14)): {'bw': 7}, ((1, 3), (np.int64(5), 2)): {'bw': 24}, ((1, 3), (2, 29)): {'bw': 24}}",251.0,174.0,245.0,49.0,125.0,49.0,125.0,49.0,202.0,77.0,0.6932270916334662,152958.99991619526,106035.32265106762,422.45148466560806,Success,0.0,"{'node_level': {}, 'link_level': {}, 'path_level': {}}","{'node_level': {np.int64(0): {'cpu': -5}, np.int64(1): {'cpu': -70}, np.int64(2): {'cpu': -60}, np.int64(3): {'cpu': -38}}, 'link_level': {(0, 1): {'bw': -167}, (0, 2): {'bw': -208}, (0, 3): {'bw': -229}, (1, 2): {'bw': -176}, (1, 3): {'bw': -152}}, 'path_level': {(0, 1): {}, (0, 2): {}, (0, 3): {}, (1, 2): {}, (1, 3): {}}}","{'node_level': {np.int64(0): {'cpu': 0}, np.int64(1): {'cpu': 0}, np.int64(2): {'cpu': 0}, np.int64(3): {'cpu': 0}}, 'link_level': {(0, 1): {'bw': 0}, (0, 2): {'bw': 0}, (0, 3): {'bw': 0}, (1, 2): {'bw': 0}, (1, 3): {'bw': 0}}, 'path_level': {(0, 1): {}, (0, 2): {}, (0, 3): {}, (1, 2): {}, (1, 3): {}}}",[],-inf,-inf,True,True,False,0,[],0,0.0,4.0,5.0
9,9,6,2017.0,3630.0,757369.65513911,1334604.2075462916,0.5556473829201102,0.567486338538941,25,11,1,233.0,14337,2227,12110,0.14214175654853622,0.15756521739130436,8,16.17840521770298,233.0,6,8,True,"{np.int64(0): np.int64(15), np.int64(1): np.int64(2), np.int64(2): np.int64(12), np.int64(3): np.int64(19), np.int64(4): np.int64(14), np.int64(5): np.int64(0)}","{(0, 1): [(np.int64(15), 13), (13, 2)], (0, 2): [(np.int64(15), 12)], (0, 4): [(np.int64(15), 12), (12, 14)], (0, 5): [(np.int64(15), 12), (12, 0)], (1, 3): [(np.int64(2), 13), (13, 15), (15, 19)], (1, 4): [(np.int64(2), 13), (13, 14)], (2, 5): [(np.int64(12), 0)], (4, 5): [(np.int64(14), 12), (12, 0)]}","{(np.int64(0), np.int64(15)): {'cpu': 0}, (np.int64(1), np.int64(2)): {'cpu': 12}, (np.int64(2), np.int64(12)): {'cpu': 7}, (np.int64(3), np.int64(19)): {'cpu': 20}, (np.int64(4), np.int64(14)): {'cpu': 8}, (np.int64(5), np.int64(0)): {'cpu': 15}}","{((0, 1), (np.int64(15), 13)): {'bw': 36}, ((0, 1), (13, 2)): {'bw': 36}, ((0, 2), (np.int64(15), 12)): {'bw': 42}, ((0, 4), (np.int64(15), 12)): {'bw': 16}, ((0, 4), (12, 14)): {'bw': 16}, ((0, 5), (np.int64(15), 12)): {'bw': 26}, ((0, 5), (12, 0)): {'bw': 26}, ((1, 3), (np.int64(2), 13)): {'bw': 40}, ((1, 3), (13, 15)): {'bw': 40}, ((1, 3), (15, 19)): {'bw': 40}, ((1, 4), (np.int64(2), 13)): {'bw': 16}, ((1, 4), (13, 14)): {'bw': 16}, ((2, 5), (np.int64(12), 0)): {'bw': 46}, ((4, 5), (np.int64(14), 12)): {'bw': 32}, ((4, 5), (12, 0)): {'bw': 32}}",522.0,316.0,744.0,62.0,254.0,62.0,254.0,62.0,460.0,206.0,0.6053639846743295,8445.127523640956,5112.376048794142,9.79382384826464,Success,0.0,"{'node_level': {}, 'link_level': {}, 'path_level': {}}","{'node_level': {np.int64(0): {'cpu': -52}, np.int64(1): {'cpu': -15}, np.int64(2): {'cpu': -49}, np.int64(3): {'cpu': -53}, np.int64(4): {'cpu': -52}, np.int64(5): {'cpu': -54}}, 'link_level': {(0, 1): {'bw': -197}, (0, 2): {'bw': -175}, (0, 4): {'bw': -159}, (0, 5): {'bw': -133}, (1, 3): {'bw': -157}, (1, 4): {'bw': -185}, (2, 5): {'bw': -95}, (4, 5): {'bw': -63}}, 'path_level': {(0, 1): {}, (0, 2): {}, (0, 4): {}, (0, 5): {}, (1, 3): {}, (1, 4): {}, (2, 5): {}, (4, 5): {}}}","{'node_level': {np.int64(0): {'cpu': 0}, np.int64(1): {'cpu': 0}, np.int64(2): {'cpu': 0}, np.int64(3): {'cpu': 0}, np.int64(4): {'cpu': 0}, np.int64(5): {'cpu': 0}}, 'link_level': {(0, 1): {'bw': 0}, (0, 2): {'bw': 0}, (0, 4): {'bw': 0}, (0, 5): {'bw': 0}, (1, 3): {'bw': 0}, (1, 4): {'bw': 0}, (2, 5): {'bw': 0}, (4, 5): {'bw': 0}}, 'path_level': {(0, 1): {}, (0, 2): {}, (0, 4): {}, (0, 5): {}, (1, 3): {}, (1, 4): {}, (2, 5): {}, (4, 5): {}}}",[],-inf,-inf,True,True,False,0,[],0,0.0,6.0,8.0
9,9,5,2017.0,3630.0,757369.65513911,1334604.2075462916,0.5556473829201102,0.567486338538941,25,12,0,249.178405217703,14859,2289,12570,0.11825885978428352,0.12556521739130433,8,16.17840521770298,233.0,6,8,False,{},{},{},{},0.0,0.0,0.0,0.0,0.0,0.0,0.0,0.0,0.0,0.0,0.0,0.0,0.0,0.0,Leave Event,0.0,"{'node_level': {}, 'link_level': {}, 'path_level': {}}","{'node_level': {}, 'link_level': {}, 'path_level': {}}","{'node_level': {}, 'link_level': {}, 'path_level': {}}",[],-inf,-inf,True,True,False,0,[],0,0.0,,
10,10,6,2720.0,5400.0,820624.6606946648,1493866.454819879,0.5037037037037037,0.5493293313113524,28,13,1,256.0,13089,2176,10913,0.16178736517719572,0.24083478260869562,9,89.9786707760381,256.0,9,22,True,"{np.int64(0): np.int64(23), np.int64(1): np.int64(0), np.int64(2): np.int64(6), np.int64(3): np.int64(27), np.int64(4): np.int64(3), np.int64(5): np.int64(21), np.int64(6): np.int64(5), np.int64(7): np.int64(13), np.int64(8): np.int64(14)}","{(0, 3): [(np.int64(23), 27)], (0, 4): [(np.int64(23), 21), (21, 3)], (0, 6): [(np.int64(23), 21), (21, 2), (2, 5)], (0, 7): [(np.int64(23), 21), (21, 2), (2, 13)], (0, 8): [(np.int64(23), 20), (20, 0), (0, 12), (12, 14)], (1, 2): [(np.int64(0), 4), (4, 6)], (1, 5): [(np.int64(0), 20), (20, 22), (22, 21)], (1, 6): [(np.int64(0), 4), (4, 6), (6, 5)], (1, 8): [(np.int64(0), 12), (12, 14)], (2, 4): [(np.int64(6), 5), (5, 3)], (2, 6): [(np.int64(6), 5)], (2, 7): [(np.int64(6), 5), (5, 2), (2, 13)], (2, 8): [(np.int64(6), 4), (4, 0), (0, 12), (12, 14)], (3, 4): [(np.int64(27), 23), (23, 21), (21, 3)], (3, 6): [(np.int64(27), 23), (23, 21), (21, 2), (2, 5)], (3, 7): [(np.int64(27), 23), (23, 21), (21, 2), (2, 13)], (3, 8): [(np.int64(27), 23), (23, 20), (20, 0), (0, 12), (12, 14)], (5, 6): [(np.int64(21), 2), (2, 5)], (5, 7): [(np.int64(21), 2), (2, 13)], (6, 7): [(np.int64(5), 2), (2, 13)], (6, 8): [(np.int64(5), 2), (2, 13), (13, 14)], (7, 8): [(np.int64(13), 14)]}","{(np.int64(0), np.int64(23)): {'cpu': 20}, (np.int64(1), np.int64(0)): {'cpu': 15}, (np.int64(2), np.int64(6)): {'cpu': 12}, (np.int64(3), np.int64(27)): {'cpu': 19}, (np.int64(4), np.int64(3)): {'cpu': 2}, (np.int64(5), np.int64(21)): {'cpu': 13}, (np.int64(6), np.int64(5)): {'cpu': 2}, (np.int64(7), np.int64(13)): {'cpu': 17}, (np.int64(8), np.int64(14)): {'cpu': 13}}","{((0, 3), (np.int64(23), 27)): {'bw': 48}, ((0, 4), (np.int64(23), 21)): {'bw': 23}, ((0, 4), (21, 3)): {'bw': 23}, ((0, 6), (np.int64(23), 21)): {'bw': 30}, ((0, 6), (21, 2)): {'bw': 30}, ((0, 6), (2, 5)): {'bw': 30}, ((0, 7), (np.int64(23), 21)): {'bw': 5}, ((0, 7), (21, 2)): {'bw': 5}, ((0, 7), (2, 13)): {'bw': 5}, ((0, 8), (np.int64(23), 20)): {'bw': 39}, ((0, 8), (20, 0)): {'bw': 39}, ((0, 8), (0, 12)): {'bw': 39}, ((0, 8), (12, 14)): {'bw': 39}, ((1, 2), (np.int64(0), 4)): {'bw': 33}, ((1, 2), (4, 6)): {'bw': 33}, ((1, 5), (np.int64(0), 20)): {'bw': 49}, ((1, 5), (20, 22)): {'bw': 49}, ((1, 5), (22, 21)): {'bw': 49}, ((1, 6), (np.int64(0), 4)): {'bw': 34}, ((1, 6), (4, 6)): {'bw': 34}, ((1, 6), (6, 5)): {'bw': 34}, ((1, 8), (np.int64(0), 12)): {'bw': 28}, ((1, 8), (12, 14)): {'bw': 28}, ((2, 4), (np.int64(6), 5)): {'bw': 1}, ((2, 4), (5, 3)): {'bw': 1}, ((2, 6), (np.int64(6), 5)): {'bw': 4}, ((2, 7), (np.int64(6), 5)): {'bw': 21}, ((2, 7), (5, 2)): {'bw': 21}, ((2, 7), (2, 13)): {'bw': 21}, ((2, 8), (np.int64(6), 4)): {'bw': 8}, ((2, 8), (4, 0)): {'bw': 8}, ((2, 8), (0, 12)): {'bw': 8}, ((2, 8), (12, 14)): {'bw': 8}, ((3, 4), (np.int64(27), 23)): {'bw': 50}, ((3, 4), (23, 21)): {'bw': 50}, ((3, 4), (21, 3)): {'bw': 50}, ((3, 6), (np.int64(27), 23)): {'bw': 33}, ((3, 6), (23, 21)): {'bw': 33}, ((3, 6), (21, 2)): {'bw': 33}, ((3, 6), (2, 5)): {'bw': 33}, ((3, 7), (np.int64(27), 23)): {'bw': 35}, ((3, 7), (23, 21)): {'bw': 35}, ((3, 7), (21, 2)): {'bw': 35}, ((3, 7), (2, 13)): {'bw': 35}, ((3, 8), (np.int64(27), 23)): {'bw': 48}, ((3, 8), (23, 20)): {'bw': 48}, ((3, 8), (20, 0)): {'bw': 48}, ((3, 8), (0, 12)): {'bw': 48}, ((3, 8), (12, 14)): {'bw': 48}, ((5, 6), (np.int64(21), 2)): {'bw': 35}, ((5, 6), (2, 5)): {'bw': 35}, ((5, 7), (np.int64(21), 2)): {'bw': 25}, ((5, 7), (2, 13)): {'bw': 25}, ((6, 7), (np.int64(5), 2)): {'bw': 5}, ((6, 7), (2, 13)): {'bw': 5}, ((6, 8), (np.int64(5), 2)): {'bw': 1}, ((6, 8), (2, 13)): {'bw': 1}, ((6, 8), (13, 14)): {'bw': 1}, ((7, 8), (np.int64(13), 14)): {'bw': 35}}",1770.0,703.0,1582.0,113.0,590.0,113.0,590.0,113.0,1657.0,1067.0,0.39717514124293785,159262.24727358745,63255.00555555479,35.73729127432474,Success,0.0,"{'node_level': {}, 'link_level': {}, 'path_level': {}}","{'node_level': {np.int64(0): {'cpu': -57}, np.int64(1): {'cpu': -54}, np.int64(2): {'cpu': -30}, np.int64(3): {'cpu': -40}, np.int64(4): {'cpu': -3}, np.int64(5): {'cpu': -61}, np.int64(6): {'cpu': -68}, np.int64(7): {'cpu': -57}, np.int64(8): {'cpu': -47}}, 'link_level': {(0, 3): {'bw': -271}, (0, 4): {'bw': -267}, (0, 6): {'bw': -122}, (0, 7): {'bw': -239}, (0, 8): {'bw': -128}, (1, 2): {'bw': -240}, (1, 5): {'bw': -180}, (1, 6): {'bw': -195}, (1, 8): {'bw': -100}, (2, 4): {'bw': -166}, (2, 6): {'bw': -190}, (2, 7): {'bw': -101}, (2, 8): {'bw': -92}, (3, 4): {'bw': -189}, (3, 6): {'bw': -68}, (3, 7): {'bw': -121}, (3, 8): {'bw': -44}, (5, 6): {'bw': -33}, (5, 7): {'bw': -129}, (6, 7): {'bw': -28}, (6, 8): {'bw': -27}, (7, 8): {'bw': -165}}, 'path_level': {(0, 3): {}, (0, 4): {}, (0, 6): {}, (0, 7): {}, (0, 8): {}, (1, 2): {}, (1, 5): {}, (1, 6): {}, (1, 8): {}, (2, 4): {}, (2, 6): {}, (2, 7): {}, (2, 8): {}, (3, 4): {}, (3, 6): {}, (3, 7): {}, (3, 8): {}, (5, 6): {}, (5, 7): {}, (6, 7): {}, (6, 8): {}, (7, 8): {}}}","{'node_level': {np.int64(0): {'cpu': 0}, np.int64(1): {'cpu': 0}, np.int64(2): {'cpu': 0}, np.int64(3): {'cpu': 0}, np.int64(4): {'cpu': 0}, np.int64(5): {'cpu': 0}, np.int64(6): {'cpu': 0}, np.int64(7): {'cpu': 0}, np.int64(8): {'cpu': 0}}, 'link_level': {(0, 3): {'bw': 0}, (0, 4): {'bw': 0}, (0, 6): {'bw': 0}, (0, 7): {'bw': 0}, (0, 8): {'bw': 0}, (1, 2): {'bw': 0}, (1, 5): {'bw': 0}, (1, 6): {'bw': 0}, (1, 8): {'bw': 0}, (2, 4): {'bw': 0}, (2, 6): {'bw': 0}, (2, 7): {'bw': 0}, (2, 8): {'bw': 0}, (3, 4): {'bw': 0}, (3, 6): {'bw': 0}, (3, 7): {'bw': 0}, (3, 8): {'bw': 0}, (5, 6): {'bw': 0}, (5, 7): {'bw': 0}, (6, 7): {'bw': 0}, (6, 8): {'bw': 0}, (7, 8): {'bw': 0}}, 'path_level': {(0, 3): {}, (0, 4): {}, (0, 6): {}, (0, 7): {}, (0, 8): {}, (1, 2): {}, (1, 5): {}, (1, 6): {}, (1, 8): {}, (2, 4): {}, (2, 6): {}, (2, 7): {}, (2, 8): {}, (3, 4): {}, (3, 6): {}, (3, 7): {}, (3, 8): {}, (5, 6): {}, (5, 7): {}, (6, 7): {}, (6, 8): {}, (7, 8): {}}}",[],-inf,-inf,True,True,False,0,[],0,0.0,9.0,22.0
10,10,5,2720.0,5400.0,820624.6606946648,1493866.454819879,0.5037037037037037,0.5493293313113524,28,14,0,257.75285601976253,13762,2260,11502,0.1294298921417566,0.19986086956521742,4,126.75285601976255,131.0,9,10,False,{},{},{},{},0.0,0.0,0.0,0.0,0.0,0.0,0.0,0.0,0.0,0.0,0.0,0.0,0.0,0.0,Leave Event,0.0,"{'node_level': {}, 'link_level': {}, 'path_level': {}}","{'node_level': {}, 'link_level': {}, 'path_level': {}}","{'node_level': {}, 'link_level': {}, 'path_level': {}}",[],-inf,-inf,True,True,False,0,[],0,0.0,,
11,11,6,3198.0,6517.0,1052808.8931880705,2036439.232424762,0.49071658738683444,0.5169851751159323,28,15,1,280.0,12645,2197,10448,0.15369799691833586,0.27318260869565214,10,485.7410721619365,280.0,8,14,True,"{np.int64(0): np.int64(29), np.int64(1): np.int64(28), np.int64(2): np.int64(5), np.int64(3): np.int64(23), np.int64(4): np.int64(13), np.int64(5): np.int64(20), np.int64(6): np.int64(1), np.int64(7): np.int64(11)}","{(0, 1): [(np.int64(29), 30), (30, 28)], (0, 4): [(np.int64(29), 2), (2, 13)], (0, 6): [(np.int64(29), 30), (30, 28), (28, 1)], (0, 7): [(np.int64(29), 2), (2, 5), (5, 7), (7, 11)], (1, 3): [(np.int64(28), 0), (0, 20), (20, 23)], (1, 6): [(np.int64(28), 1)], (1, 7): [(np.int64(28), 0), (0, 4), (4, 7), (7, 11)], (2, 5): [(np.int64(5), 3), (3, 21), (21, 22), (22, 20)], (2, 7): [(np.int64(5), 7), (7, 11)], (3, 5): [(np.int64(23), 20)], (3, 6): [(np.int64(23), 21), (21, 22), (22, 20), (20, 1)], (3, 7): [(np.int64(23), 20), (20, 0), (0, 4), (4, 7), (7, 11)], (4, 5): [(np.int64(13), 2), (2, 21), (21, 22), (22, 20)], (5, 6): [(np.int64(20), 1)]}","{(np.int64(0), np.int64(29)): {'cpu': 7}, (np.int64(1), np.int64(28)): {'cpu': 1}, (np.int64(2), np.int64(5)): {'cpu': 1}, (np.int64(3), np.int64(23)): {'cpu': 7}, (np.int64(4), np.int64(13)): {'cpu': 4}, (np.int64(5), np.int64(20)): {'cpu': 13}, (np.int64(6), np.int64(1)): {'cpu': 12}, (np.int64(7), np.int64(11)): {'cpu': 18}}","{((0, 1), (np.int64(29), 30)): {'bw': 27}, ((0, 1), (30, 28)): {'bw': 27}, ((0, 4), (np.int64(29), 2)): {'bw': 32}, ((0, 4), (2, 13)): {'bw': 32}, ((0, 6), (np.int64(29), 30)): {'bw': 43}, ((0, 6), (30, 28)): {'bw': 43}, ((0, 6), (28, 1)): {'bw': 43}, ((0, 7), (np.int64(29), 2)): {'bw': 19}, ((0, 7), (2, 5)): {'bw': 19}, ((0, 7), (5, 7)): {'bw': 19}, ((0, 7), (7, 11)): {'bw': 19}, ((1, 3), (np.int64(28), 0)): {'bw': 34}, ((1, 3), (0, 20)): {'bw': 34}, ((1, 3), (20, 23)): {'bw': 34}, ((1, 6), (np.int64(28), 1)): {'bw': 45}, ((1, 7), (np.int64(28), 0)): {'bw': 36}, ((1, 7), (0, 4)): {'bw': 36}, ((1, 7), (4, 7)): {'bw': 36}, ((1, 7), (7, 11)): {'bw': 36}, ((2, 5), (np.int64(5), 3)): {'bw': 16}, ((2, 5), (3, 21)): {'bw': 16}, ((2, 5), (21, 22)): {'bw': 16}, ((2, 5), (22, 20)): {'bw': 16}, ((2, 7), (np.int64(5), 7)): {'bw': 48}, ((2, 7), (7, 11)): {'bw': 48}, ((3, 5), (np.int64(23), 20)): {'bw': 42}, ((3, 6), (np.int64(23), 21)): {'bw': 43}, ((3, 6), (21, 22)): {'bw': 43}, ((3, 6), (22, 20)): {'bw': 43}, ((3, 6), (20, 1)): {'bw': 43}, ((3, 7), (np.int64(23), 20)): {'bw': 3}, ((3, 7), (20, 0)): {'bw': 3}, ((3, 7), (0, 4)): {'bw': 3}, ((3, 7), (4, 7)): {'bw': 3}, ((3, 7), (7, 11)): {'bw': 3}, ((4, 5), (np.int64(13), 2)): {'bw': 8}, ((4, 5), (2, 21)): {'bw': 8}, ((4, 5), (21, 22)): {'bw': 8}, ((4, 5), (22, 20)): {'bw': 8}, ((5, 6), (np.int64(20), 1)): {'bw': 19}}",1117.0,478.0,567.0,63.0,415.0,63.0,415.0,63.0,1054.0,639.0,0.4279319606087735,542572.7776048831,232184.23249340564,207.8641293584652,Success,0.0,"{'node_level': {}, 'link_level': {}, 'path_level': {}}","{'node_level': {np.int64(0): {'cpu': -31}, np.int64(1): {'cpu': -68}, np.int64(2): {'cpu': -67}, np.int64(3): {'cpu': -50}, np.int64(4): {'cpu': -53}, np.int64(5): {'cpu': -83}, np.int64(6): {'cpu': -73}, np.int64(7): {'cpu': -55}}, 'link_level': {(0, 1): {'bw': -112}, (0, 4): {'bw': -141}, (0, 6): {'bw': -69}, (0, 7): {'bw': -8}, (1, 3): {'bw': -80}, (1, 6): {'bw': -261}, (1, 7): {'bw': -192}, (2, 5): {'bw': -150}, (2, 7): {'bw': -230}, (3, 5): {'bw': -38}, (3, 6): {'bw': -78}, (3, 7): {'bw': -35}, (4, 5): {'bw': -113}, (5, 6): {'bw': -170}}, 'path_level': {(0, 1): {}, (0, 4): {}, (0, 6): {}, (0, 7): {}, (1, 3): {}, (1, 6): {}, (1, 7): {}, (2, 5): {}, (2, 7): {}, (3, 5): {}, (3, 6): {}, (3, 7): {}, (4, 5): {}, (5, 6): {}}}","{'node_level': {np.int64(0): {'cpu': 0}, np.int64(1): {'cpu': 0}, np.int64(2): {'cpu': 0}, np.int64(3): {'cpu': 0}, np.int64(4): {'cpu': 0}, np.int64(5): {'cpu': 0}, np.int64(6): {'cpu': 0}, np.int64(7): {'cpu': 0}}, 'link_level': {(0, 1): {'bw': 0}, (0, 4): {'bw': 0}, (0, 6): {'bw': 0}, (0, 7): {'bw': 0}, (1, 3): {'bw': 0}, (1, 6): {'bw': 0}, (1, 7): {'bw': 0}, (2, 5): {'bw': 0}, (2, 7): {'bw': 0}, (3, 5): {'bw': 0}, (3, 6): {'bw': 0}, (3, 7): {'bw': 0}, (4, 5): {'bw': 0}, (5, 6): {'bw': 0}}, 'path_level': {(0, 1): {}, (0, 4): {}, (0, 6): {}, (0, 7): {}, (1, 3): {}, (1, 6): {}, (1, 7): {}, (2, 5): {}, (2, 7): {}, (3, 5): {}, (3, 6): {}, (3, 7): {}, (4, 5): {}, (5, 6): {}}}",[],-inf,-inf,True,True,False,0,[],0,0.0,8.0,14.0
12,11,6,3198.0,6517.0,1052808.8931880705,2036439.232424762,0.49071658738683444,0.5169851751159323,28,16,1,311.0,12645,2197,10448,0.15369799691833586,0.27318260869565214,11,430.46182229760814,311.0,10,25,False,{},{},{},{},0.0,0.0,162.0,81.0,659.0,0.0,0.0,0.0,0.0,0.0,0.0,0.0,0.0,0.0,Unknown Reason,0.0,"{'node_level': {}, 'link_level': {}, 'path_level': {}}","{'node_level': {}, 'link_level': {}, 'path_level': {}}","{'node_level': {}, 'link_level': {}, 'path_level': {}}",[],-inf,-inf,True,True,False,0,[],0,0.0,0.0,0.0
12,11,5,3198.0,6517.0,1052808.8931880705,2036439.232424762,0.49071658738683444,0.5169851751159323,28,17,0,345.9786707760381,14415,2310,12105,0.11016949152542377,0.15791304347826085,9,89.9786707760381,256.0,9,22,False,{},{},{},{},0.0,0.0,0.0,0.0,0.0,0.0,0.0,0.0,0.0,0.0,0.0,0.0,0.0,0.0,Leave Event,0.0,"{'node_level': {}, 'link_level': {}, 'path_level': {}}","{'node_level': {}, 'link_level': {}, 'path_level': {}}","{'node_level': {}, 'link_level': {}, 'path_level': {}}",[],-inf,-inf,True,True,False,0,[],0,0.0,,
13,12,6,3899.0,8222.0,1148028.554815261,2268036.26962071,0.4742155193383605,0.5061773350772952,31,18,1,348.0,12710,2178,10532,0.1610169491525424,0.26733913043478263,12,135.83403941111325,348.0,10,24,True,"{np.int64(0): np.int64(21), np.int64(1): np.int64(18), np.int64(2): np.int64(26), np.int64(3): np.int64(6), np.int64(4): np.int64(7), np.int64(5): np.int64(0), np.int64(6): np.int64(5), np.int64(7): np.int64(2), np.int64(8): np.int64(29), np.int64(9): np.int64(17)}","{(0, 2): [(np.int64(21), 23), (23, 26)], (0, 5): [(np.int64(21), 22), (22, 20), (20, 0)], (0, 6): [(np.int64(21), 2), (2, 5)], (0, 8): [(np.int64(21), 2), (2, 29)], (0, 9): [(np.int64(21), 2), (2, 13), (13, 14), (14, 17)], (1, 6): [(np.int64(18), 15), (15, 13), (13, 2), (2, 5)], (1, 9): [(np.int64(18), 15), (15, 12), (12, 14), (14, 17)], (2, 3): [(np.int64(26), 23), (23, 20), (20, 0), (0, 4), (4, 6)], (2, 5): [(np.int64(26), 23), (23, 20), (20, 0)], (2, 6): [(np.int64(26), 23), (23, 21), (21, 2), (2, 5)], (2, 7): [(np.int64(26), 23), (23, 21), (21, 2)], (2, 9): [(np.int64(26), 23), (23, 20), (20, 0), (0, 12), (12, 14), (14, 17)], (3, 4): [(np.int64(6), 4), (4, 7)], (3, 7): [(np.int64(6), 5), (5, 2)], (3, 8): [(np.int64(6), 5), (5, 2), (2, 29)], (4, 5): [(np.int64(7), 4), (4, 0)], (4, 7): [(np.int64(7), 5), (5, 2)], (4, 8): [(np.int64(7), 5), (5, 3), (3, 29)], (4, 9): [(np.int64(7), 4), (4, 0), (0, 12), (12, 14), (14, 17)], (5, 9): [(np.int64(0), 12), (12, 14), (14, 17)], (6, 8): [(np.int64(5), 3), (3, 29)], (6, 9): [(np.int64(5), 3), (3, 13), (13, 14), (14, 17)], (7, 8): [(np.int64(2), 29)], (7, 9): [(np.int64(2), 13), (13, 14), (14, 17)]}","{(np.int64(0), np.int64(21)): {'cpu': 16}, (np.int64(1), np.int64(18)): {'cpu': 17}, (np.int64(2), np.int64(26)): {'cpu': 16}, (np.int64(3), np.int64(6)): {'cpu': 5}, (np.int64(4), np.int64(7)): {'cpu': 19}, (np.int64(5), np.int64(0)): {'cpu': 10}, (np.int64(6), np.int64(5)): {'cpu': 19}, (np.int64(7), np.int64(2)): {'cpu': 17}, (np.int64(8), np.int64(29)): {'cpu': 13}, (np.int64(9), np.int64(17)): {'cpu': 0}}","{((0, 2), (np.int64(21), 23)): {'bw': 22}, ((0, 2), (23, 26)): {'bw': 22}, ((0, 5), (np.int64(21), 22)): {'bw': 33}, ((0, 5), (22, 20)): {'bw': 33}, ((0, 5), (20, 0)): {'bw': 33}, ((0, 6), (np.int64(21), 2)): {'bw': 38}, ((0, 6), (2, 5)): {'bw': 38}, ((0, 8), (np.int64(21), 2)): {'bw': 9}, ((0, 8), (2, 29)): {'bw': 9}, ((0, 9), (np.int64(21), 2)): {'bw': 5}, ((0, 9), (2, 13)): {'bw': 5}, ((0, 9), (13, 14)): {'bw': 5}, ((0, 9), (14, 17)): {'bw': 5}, ((1, 6), (np.int64(18), 15)): {'bw': 12}, ((1, 6), (15, 13)): {'bw': 12}, ((1, 6), (13, 2)): {'bw': 12}, ((1, 6), (2, 5)): {'bw': 12}, ((1, 9), (np.int64(18), 15)): {'bw': 42}, ((1, 9), (15, 12)): {'bw': 42}, ((1, 9), (12, 14)): {'bw': 42}, ((1, 9), (14, 17)): {'bw': 42}, ((2, 3), (np.int64(26), 23)): {'bw': 16}, ((2, 3), (23, 20)): {'bw': 16}, ((2, 3), (20, 0)): {'bw': 16}, ((2, 3), (0, 4)): {'bw': 16}, ((2, 3), (4, 6)): {'bw': 16}, ((2, 5), (np.int64(26), 23)): {'bw': 17}, ((2, 5), (23, 20)): {'bw': 17}, ((2, 5), (20, 0)): {'bw': 17}, ((2, 6), (np.int64(26), 23)): {'bw': 4}, ((2, 6), (23, 21)): {'bw': 4}, ((2, 6), (21, 2)): {'bw': 4}, ((2, 6), (2, 5)): {'bw': 4}, ((2, 7), (np.int64(26), 23)): {'bw': 25}, ((2, 7), (23, 21)): {'bw': 25}, ((2, 7), (21, 2)): {'bw': 25}, ((2, 9), (np.int64(26), 23)): {'bw': 14}, ((2, 9), (23, 20)): {'bw': 14}, ((2, 9), (20, 0)): {'bw': 14}, ((2, 9), (0, 12)): {'bw': 14}, ((2, 9), (12, 14)): {'bw': 14}, ((2, 9), (14, 17)): {'bw': 14}, ((3, 4), (np.int64(6), 4)): {'bw': 45}, ((3, 4), (4, 7)): {'bw': 45}, ((3, 7), (np.int64(6), 5)): {'bw': 17}, ((3, 7), (5, 2)): {'bw': 17}, ((3, 8), (np.int64(6), 5)): {'bw': 29}, ((3, 8), (5, 2)): {'bw': 29}, ((3, 8), (2, 29)): {'bw': 29}, ((4, 5), (np.int64(7), 4)): {'bw': 6}, ((4, 5), (4, 0)): {'bw': 6}, ((4, 7), (np.int64(7), 5)): {'bw': 28}, ((4, 7), (5, 2)): {'bw': 28}, ((4, 8), (np.int64(7), 5)): {'bw': 10}, ((4, 8), (5, 3)): {'bw': 10}, ((4, 8), (3, 29)): {'bw': 10}, ((4, 9), (np.int64(7), 4)): {'bw': 5}, ((4, 9), (4, 0)): {'bw': 5}, ((4, 9), (0, 12)): {'bw': 5}, ((4, 9), (12, 14)): {'bw': 5}, ((4, 9), (14, 17)): {'bw': 5}, ((5, 9), (np.int64(0), 12)): {'bw': 36}, ((5, 9), (12, 14)): {'bw': 36}, ((5, 9), (14, 17)): {'bw': 36}, ((6, 8), (np.int64(5), 3)): {'bw': 36}, ((6, 8), (3, 29)): {'bw': 36}, ((6, 9), (np.int64(5), 3)): {'bw': 20}, ((6, 9), (3, 13)): {'bw': 20}, ((6, 9), (13, 14)): {'bw': 20}, ((6, 9), (14, 17)): {'bw': 20}, ((7, 8), (np.int64(2), 29)): {'bw': 50}, ((7, 9), (np.int64(2), 13)): {'bw': 50}, ((7, 9), (13, 14)): {'bw': 50}, ((7, 9), (14, 17)): {'bw': 50}}",1705.0,701.0,1320.0,132.0,569.0,132.0,569.0,132.0,1573.0,1004.0,0.41114369501466275,231597.0371959481,95219.66162719039,55.84730887225243,Success,0.0,"{'node_level': {}, 'link_level': {}, 'path_level': {}}","{'node_level': {np.int64(0): {'cpu': -58}, np.int64(1): {'cpu': -57}, np.int64(2): {'cpu': -42}, np.int64(3): {'cpu': -54}, np.int64(4): {'cpu': -50}, np.int64(5): {'cpu': -72}, np.int64(6): {'cpu': -50}, np.int64(7): {'cpu': -10}, np.int64(8): {'cpu': -18}, np.int64(9): {'cpu': -88}}, 'link_level': {(0, 2): {'bw': -232}, (0, 5): {'bw': -129}, (0, 6): {'bw': -95}, (0, 8): {'bw': -113}, (0, 9): {'bw': -196}, (1, 6): {'bw': -83}, (1, 9): {'bw': -175}, (2, 3): {'bw': -106}, (2, 5): {'bw': -89}, (2, 6): {'bw': -79}, (2, 7): {'bw': -203}, (2, 9): {'bw': -75}, (3, 4): {'bw': -144}, (3, 7): {'bw': -62}, (3, 8): {'bw': -33}, (4, 5): {'bw': -138}, (4, 7): {'bw': -5}, (4, 8): {'bw': -141}, (4, 9): {'bw': -133}, (5, 9): {'bw': -140}, (6, 8): {'bw': -105}, (6, 9): {'bw': -85}, (7, 8): {'bw': -34}, (7, 9): {'bw': -70}}, 'path_level': {(0, 2): {}, (0, 5): {}, (0, 6): {}, (0, 8): {}, (0, 9): {}, (1, 6): {}, (1, 9): {}, (2, 3): {}, (2, 5): {}, (2, 6): {}, (2, 7): {}, (2, 9): {}, (3, 4): {}, (3, 7): {}, (3, 8): {}, (4, 5): {}, (4, 7): {}, (4, 8): {}, (4, 9): {}, (5, 9): {}, (6, 8): {}, (6, 9): {}, (7, 8): {}, (7, 9): {}}}","{'node_level': {np.int64(0): {'cpu': 0}, np.int64(1): {'cpu': 0}, np.int64(2): {'cpu': 0}, np.int64(3): {'cpu': 0}, np.int64(4): {'cpu': 0}, np.int64(5): {'cpu': 0}, np.int64(6): {'cpu': 0}, np.int64(7): {'cpu': 0}, np.int64(8): {'cpu': 0}, np.int64(9): {'cpu': 0}}, 'link_level': {(0, 2): {'bw': 0}, (0, 5): {'bw': 0}, (0, 6): {'bw': 0}, (0, 8): {'bw': 0}, (0, 9): {'bw': 0}, (1, 6): {'bw': 0}, (1, 9): {'bw': 0}, (2, 3): {'bw': 0}, (2, 5): {'bw': 0}, (2, 6): {'bw': 0}, (2, 7): {'bw': 0}, (2, 9): {'bw': 0}, (3, 4): {'bw': 0}, (3, 7): {'bw': 0}, (3, 8): {'bw': 0}, (4, 5): {'bw': 0}, (4, 7): {'bw': 0}, (4, 8): {'bw': 0}, (4, 9): {'bw': 0}, (5, 9): {'bw': 0}, (6, 8): {'bw': 0}, (6, 9): {'bw': 0}, (7, 8): {'bw': 0}, (7, 9): {'bw': 0}}, 'path_level': {(0, 2): {}, (0, 5): {}, (0, 6): {}, (0, 8): {}, (0, 9): {}, (1, 6): {}, (1, 9): {}, (2, 3): {}, (2, 5): {}, (2, 6): {}, (2, 7): {}, (2, 9): {}, (3, 4): {}, (3, 7): {}, (3, 8): {}, (4, 5): {}, (4, 7): {}, (4, 8): {}, (4, 9): {}, (5, 9): {}, (6, 8): {}, (6, 9): {}, (7, 8): {}, (7, 9): {}}}",[],-inf,-inf,True,True,False,0,[],0,0.0,10.0,24.0
13,12,5,3899.0,8222.0,1148028.554815261,2268036.26962071,0.4742155193383605,0.5061773350772952,31,19,0,366.8285523164956,13000,2241,10759,0.13674884437596302,0.25154782608695647,5,211.82855231649557,155.0,5,6,False,{},{},{},{},0.0,0.0,0.0,0.0,0.0,0.0,0.0,0.0,0.0,0.0,0.0,0.0,0.0,0.0,Leave Event,0.0,"{'node_level': {}, 'link_level': {}, 'path_level': {}}","{'node_level': {}, 'link_level': {}, 'path_level': {}}","{'node_level': {}, 'link_level': {}, 'path_level': {}}",[],-inf,-inf,True,True,False,0,[],0,0.0,,
14,13,6,4023.0,8347.0,1316752.1430727476,2438120.5319770477,0.4819695699053552,0.5400685182717387,32,20,1,371.0,12875,2206,10669,0.15023112480739598,0.2578086956521739,13,1360.6740988507,371.0,3,3,True,"{np.int64(0): np.int64(32), np.int64(1): np.int64(30), np.int64(2): np.int64(29)}","{(0, 1): [(np.int64(32), 30)], (0, 2): [(np.int64(32), 30), (30, 29)], (1, 2): [(np.int64(30), 29)]}","{(np.int64(0), np.int64(32)): {'cpu': 10}, (np.int64(1), np.int64(30)): {'cpu': 11}, (np.int64(2), np.int64(29)): {'cpu': 14}}","{((0, 1), (np.int64(32), 30)): {'bw': 48}, ((0, 2), (np.int64(32), 30)): {'bw': 1}, ((0, 2), (30, 29)): {'bw': 1}, ((1, 2), (np.int64(30), 29)): {'bw': 40}}",125.0,124.0,420.0,35.0,89.0,35.0,89.0,35.0,90.0,1.0,0.992,170084.26235633748,168723.5882574868,1349.7887060598944,Success,0.0,"{'node_level': {}, 'link_level': {}, 'path_level': {}}","{'node_level': {np.int64(0): {'cpu': -87}, np.int64(1): {'cpu': -34}, np.int64(2): {'cpu': -17}}, 'link_level': {(0, 1): {'bw': -280}, (0, 2): {'bw': -161}, (1, 2): {'bw': -121}}, 'path_level': {(0, 1): {}, (0, 2): {}, (1, 2): {}}}","{'node_level': {np.int64(0): {'cpu': 0}, np.int64(1): {'cpu': 0}, np.int64(2): {'cpu': 0}}, 'link_level': {(0, 1): {'bw': 0}, (0, 2): {'bw': 0}, (1, 2): {'bw': 0}}, 'path_level': {(0, 1): {}, (0, 2): {}, (1, 2): {}}}",[],-inf,-inf,True,True,False,0,[],0,0.0,3.0,3.0
15,14,7,4355.0,8968.0,1474755.8759996109,2733663.658927596,0.4856155218554862,0.539479636122518,32,21,1,391.0,12254,2134,10120,0.17796610169491522,0.29600000000000004,14,475.91485821344355,391.0,8,14,True,"{np.int64(0): np.int64(2), np.int64(1): np.int64(13), np.int64(2): np.int64(31), np.int64(3): np.int64(21), np.int64(4): np.int64(30), np.int64(5): np.int64(33), np.int64(6): np.int64(28), np.int64(7): np.int64(32)}","{(0, 1): [(np.int64(2), 13)], (0, 3): [(np.int64(2), 21)], (0, 6): [(np.int64(2), 29), (29, 30), (30, 28)], (0, 7): [(np.int64(2), 29), (29, 30), (30, 32)], (1, 4): [(np.int64(13), 2), (2, 29), (29, 30)], (1, 6): [(np.int64(13), 2), (2, 29), (29, 30), (30, 28)], (1, 7): [(np.int64(13), 3), (3, 29), (29, 30), (30, 32)], (2, 3): [(np.int64(31), 29), (29, 3), (3, 21)], (2, 5): [(np.int64(31), 28), (28, 30), (30, 33)], (2, 7): [(np.int64(31), 28), (28, 30), (30, 32)], (3, 4): [(np.int64(21), 3), (3, 29), (29, 30)], (4, 5): [(np.int64(30), 33)], (4, 6): [(np.int64(30), 28)], (4, 7): [(np.int64(30), 32)]}","{(np.int64(0), np.int64(2)): {'cpu': 7}, (np.int64(1), np.int64(13)): {'cpu': 5}, (np.int64(2), np.int64(31)): {'cpu': 15}, (np.int64(3), np.int64(21)): {'cpu': 9}, (np.int64(4), np.int64(30)): {'cpu': 20}, (np.int64(5), np.int64(33)): {'cpu': 0}, (np.int64(6), np.int64(28)): {'cpu': 14}, (np.int64(7), np.int64(32)): {'cpu': 2}}","{((0, 1), (np.int64(2), 13)): {'bw': 29}, ((0, 3), (np.int64(2), 21)): {'bw': 25}, ((0, 6), (np.int64(2), 29)): {'bw': 4}, ((0, 6), (29, 30)): {'bw': 4}, ((0, 6), (30, 28)): {'bw': 4}, ((0, 7), (np.int64(2), 29)): {'bw': 0}, ((0, 7), (29, 30)): {'bw': 0}, ((0, 7), (30, 32)): {'bw': 0}, ((1, 4), (np.int64(13), 2)): {'bw': 26}, ((1, 4), (2, 29)): {'bw': 26}, ((1, 4), (29, 30)): {'bw': 26}, ((1, 6), (np.int64(13), 2)): {'bw': 20}, ((1, 6), (2, 29)): {'bw': 20}, ((1, 6), (29, 30)): {'bw': 20}, ((1, 6), (30, 28)): {'bw': 20}, ((1, 7), (np.int64(13), 3)): {'bw': 5}, ((1, 7), (3, 29)): {'bw': 5}, ((1, 7), (29, 30)): {'bw': 5}, ((1, 7), (30, 32)): {'bw': 5}, ((2, 3), (np.int64(31), 29)): {'bw': 24}, ((2, 3), (29, 3)): {'bw': 24}, ((2, 3), (3, 21)): {'bw': 24}, ((2, 5), (np.int64(31), 28)): {'bw': 17}, ((2, 5), (28, 30)): {'bw': 17}, ((2, 5), (30, 33)): {'bw': 17}, ((2, 7), (np.int64(31), 28)): {'bw': 4}, ((2, 7), (28, 30)): {'bw': 4}, ((2, 7), (30, 32)): {'bw': 4}, ((3, 4), (np.int64(21), 3)): {'bw': 32}, ((3, 4), (3, 29)): {'bw': 32}, ((3, 4), (29, 30)): {'bw': 32}, ((4, 5), (np.int64(30), 33)): {'bw': 49}, ((4, 6), (np.int64(30), 28)): {'bw': 17}, ((4, 7), (np.int64(30), 32)): {'bw': 8}}",621.0,332.0,936.0,72.0,260.0,72.0,260.0,72.0,549.0,289.0,0.534621578099839,295543.12695054844,158003.73292686325,254.43435253923232,Success,0.0,"{'node_level': {}, 'link_level': {}, 'path_level': {}}","{'node_level': {np.int64(0): {'cpu': -22}, np.int64(1): {'cpu': -65}, np.int64(2): {'cpu': -50}, np.int64(3): {'cpu': -49}, np.int64(4): {'cpu': -14}, np.int64(5): {'cpu': -50}, np.int64(6): {'cpu': -54}, np.int64(7): {'cpu': -85}}, 'link_level': {(0, 1): {'bw': -180}, (0, 3): {'bw': -178}, (0, 6): {'bw': -50}, (0, 7): {'bw': -50}, (1, 4): {'bw': -24}, (1, 6): {'bw': -4}, (1, 7): {'bw': -66}, (2, 3): {'bw': -171}, (2, 5): {'bw': -72}, (2, 7): {'bw': -68}, (3, 4): {'bw': -34}, (4, 5): {'bw': -276}, (4, 6): {'bw': -51}, (4, 7): {'bw': -262}}, 'path_level': {(0, 1): {}, (0, 3): {}, (0, 6): {}, (0, 7): {}, (1, 4): {}, (1, 6): {}, (1, 7): {}, (2, 3): {}, (2, 5): {}, (2, 7): {}, (3, 4): {}, (4, 5): {}, (4, 6): {}, (4, 7): {}}}","{'node_level': {np.int64(0): {'cpu': 0}, np.int64(1): {'cpu': 0}, np.int64(2): {'cpu': 0}, np.int64(3): {'cpu': 0}, np.int64(4): {'cpu': 0}, np.int64(5): {'cpu': 0}, np.int64(6): {'cpu': 0}, np.int64(7): {'cpu': 0}}, 'link_level': {(0, 1): {'bw': 0}, (0, 3): {'bw': 0}, (0, 6): {'bw': 0}, (0, 7): {'bw': 0}, (1, 4): {'bw': 0}, (1, 6): {'bw': 0}, (1, 7): {'bw': 0}, (2, 3): {'bw': 0}, (2, 5): {'bw': 0}, (2, 7): {'bw': 0}, (3, 4): {'bw': 0}, (4, 5): {'bw': 0}, (4, 6): {'bw': 0}, (4, 7): {'bw': 0}}, 'path_level': {(0, 1): {}, (0, 3): {}, (0, 6): {}, (0, 7): {}, (1, 4): {}, (1, 6): {}, (1, 7): {}, (2, 3): {}, (2, 5): {}, (2, 7): {}, (3, 4): {}, (4, 5): {}, (4, 6): {}, (4, 7): {}}}",[],-inf,-inf,True,True,False,0,[],0,0.0,8.0,14.0
16,14,7,4355.0,8968.0,1474755.8759996109,2733663.658927596,0.4856155218554862,0.539479636122518,32,22,1,425.0,12254,2134,10120,0.17796610169491522,0.29600000000000004,15,383.53983346759213,425.0,9,12,False,{},{},{},{},0.0,0.0,134.0,67.0,326.0,0.0,0.0,0.0,0.0,0.0,0.0,0.0,0.0,0.0,Unknown Reason,0.0,"{'node_level': {}, 'link_level': {}, 'path_level': {}}","{'node_level': {}, 'link_level': {}, 'path_level': {}}","{'node_level': {}, 'link_level': {}, 'path_level': {}}",[],-inf,-inf,True,True,False,0,[],0,0.0,0.0,0.0
17,14,7,4355.0,8968.0,1474755.8759996109,2733663.658927596,0.4856155218554862,0.539479636122518,32,23,1,449.0,12254,2134,10120,0.17796610169491522,0.29600000000000004,16,445.6892867594094,449.0,9,22,False,{},{},{},{},0.0,0.0,234.0,117.0,619.0,0.0,0.0,0.0,0.0,0.0,0.0,0.0,0.0,0.0,Unknown Reason,0.0,"{'node_level': {}, 'link_level': {}, 'path_level': {}}","{'node_level': {}, 'link_level': {}, 'path_level': {}}","{'node_level': {}, 'link_level': {}, 'path_level': {}}",[],-inf,-inf,True,True,False,0,[],0,0.0,0.0,0.0
18,15,8,4926.0,10406.0,1848699.6029381044,3675399.3495362713,0.4733807418796848,0.5029928525103964,33,24,1,470.0,10816,2017,8799,0.22303543913713408,0.3878956521739131,17,654.8926916611093,470.0,10,18,True,"{np.int64(0): np.int64(28), np.int64(1): np.int64(13), np.int64(2): np.int64(33), np.int64(3): np.int64(35), np.int64(4): np.int64(17), np.int64(5): np.int64(0), np.int64(6): np.int64(5), np.int64(7): np.int64(4), np.int64(8): np.int64(14), np.int64(9): np.int64(1)}","{(0, 1): [(np.int64(28), 0), (0, 12), (12, 14), (14, 13)], (0, 3): [(np.int64(28), 31), (31, 35)], (0, 6): [(np.int64(28), 0), (0, 4), (4, 6), (6, 5)], (0, 8): [(np.int64(28), 0), (0, 12), (12, 14)], (0, 9): [(np.int64(28), 1)], (1, 5): [(np.int64(13), 14), (14, 12), (12, 0)], (2, 7): [(np.int64(33), 30), (30, 28), (28, 0), (0, 4)], (2, 9): [(np.int64(33), 30), (30, 28), (28, 1)], (3, 5): [(np.int64(35), 31), (31, 28), (28, 0)], (3, 7): [(np.int64(35), 31), (31, 28), (28, 0), (0, 4)], (3, 8): [(np.int64(35), 31), (31, 28), (28, 0), (0, 12), (12, 14)], (4, 5): [(np.int64(17), 14), (14, 12), (12, 0)], (5, 6): [(np.int64(0), 4), (4, 6), (6, 5)], (5, 7): [(np.int64(0), 4)], (6, 9): [(np.int64(5), 6), (6, 4), (4, 1)], (7, 8): [(np.int64(4), 0), (0, 12), (12, 14)], (7, 9): [(np.int64(4), 1)], (8, 9): [(np.int64(14), 13), (13, 15), (15, 12), (12, 1)]}","{(np.int64(0), np.int64(28)): {'cpu': 7}, (np.int64(1), np.int64(13)): {'cpu': 13}, (np.int64(2), np.int64(33)): {'cpu': 16}, (np.int64(3), np.int64(35)): {'cpu': 1}, (np.int64(4), np.int64(17)): {'cpu': 16}, (np.int64(5), np.int64(0)): {'cpu': 13}, (np.int64(6), np.int64(5)): {'cpu': 5}, (np.int64(7), np.int64(4)): {'cpu': 18}, (np.int64(8), np.int64(14)): {'cpu': 16}, (np.int64(9), np.int64(1)): {'cpu': 12}}","{((0, 1), (np.int64(28), 0)): {'bw': 4}, ((0, 1), (0, 12)): {'bw': 4}, ((0, 1), (12, 14)): {'bw': 4}, ((0, 1), (14, 13)): {'bw': 4}, ((0, 3), (np.int64(28), 31)): {'bw': 48}, ((0, 3), (31, 35)): {'bw': 48}, ((0, 6), (np.int64(28), 0)): {'bw': 46}, ((0, 6), (0, 4)): {'bw': 46}, ((0, 6), (4, 6)): {'bw': 46}, ((0, 6), (6, 5)): {'bw': 46}, ((0, 8), (np.int64(28), 0)): {'bw': 40}, ((0, 8), (0, 12)): {'bw': 40}, ((0, 8), (12, 14)): {'bw': 40}, ((0, 9), (np.int64(28), 1)): {'bw': 14}, ((1, 5), (np.int64(13), 14)): {'bw': 49}, ((1, 5), (14, 12)): {'bw': 49}, ((1, 5), (12, 0)): {'bw': 49}, ((2, 7), (np.int64(33), 30)): {'bw': 10}, ((2, 7), (30, 28)): {'bw': 10}, ((2, 7), (28, 0)): {'bw': 10}, ((2, 7), (0, 4)): {'bw': 10}, ((2, 9), (np.int64(33), 30)): {'bw': 27}, ((2, 9), (30, 28)): {'bw': 27}, ((2, 9), (28, 1)): {'bw': 27}, ((3, 5), (np.int64(35), 31)): {'bw': 14}, ((3, 5), (31, 28)): {'bw': 14}, ((3, 5), (28, 0)): {'bw': 14}, ((3, 7), (np.int64(35), 31)): {'bw': 38}, ((3, 7), (31, 28)): {'bw': 38}, ((3, 7), (28, 0)): {'bw': 38}, ((3, 7), (0, 4)): {'bw': 38}, ((3, 8), (np.int64(35), 31)): {'bw': 13}, ((3, 8), (31, 28)): {'bw': 13}, ((3, 8), (28, 0)): {'bw': 13}, ((3, 8), (0, 12)): {'bw': 13}, ((3, 8), (12, 14)): {'bw': 13}, ((4, 5), (np.int64(17), 14)): {'bw': 4}, ((4, 5), (14, 12)): {'bw': 4}, ((4, 5), (12, 0)): {'bw': 4}, ((5, 6), (np.int64(0), 4)): {'bw': 22}, ((5, 6), (4, 6)): {'bw': 22}, ((5, 6), (6, 5)): {'bw': 22}, ((5, 7), (np.int64(0), 4)): {'bw': 15}, ((6, 9), (np.int64(5), 6)): {'bw': 29}, ((6, 9), (6, 4)): {'bw': 29}, ((6, 9), (4, 1)): {'bw': 29}, ((7, 8), (np.int64(4), 0)): {'bw': 14}, ((7, 8), (0, 12)): {'bw': 14}, ((7, 8), (12, 14)): {'bw': 14}, ((7, 9), (np.int64(4), 1)): {'bw': 42}, ((8, 9), (np.int64(14), 13)): {'bw': 25}, ((8, 9), (13, 15)): {'bw': 25}, ((8, 9), (15, 12)): {'bw': 25}, ((8, 9), (12, 1)): {'bw': 25}}",1438.0,571.0,819.0,117.0,454.0,117.0,454.0,117.0,1321.0,867.0,0.39707927677329624,941735.6906086752,373943.72693849343,260.0443163689106,Success,0.0,"{'node_level': {}, 'link_level': {}, 'path_level': {}}","{'node_level': {np.int64(0): {'cpu': -47}, np.int64(1): {'cpu': -52}, np.int64(2): {'cpu': -34}, np.int64(3): {'cpu': -84}, np.int64(4): {'cpu': -72}, np.int64(5): {'cpu': -59}, np.int64(6): {'cpu': -45}, np.int64(7): {'cpu': -35}, np.int64(8): {'cpu': -45}, np.int64(9): {'cpu': -73}}, 'link_level': {(0, 1): {'bw': -122}, (0, 3): {'bw': -205}, (0, 6): {'bw': -142}, (0, 8): {'bw': -97}, (0, 9): {'bw': -291}, (1, 5): {'bw': -48}, (2, 7): {'bw': -41}, (2, 9): {'bw': -14}, (3, 5): {'bw': -111}, (3, 7): {'bw': -73}, (3, 8): {'bw': -35}, (4, 5): {'bw': -31}, (5, 6): {'bw': -120}, (5, 7): {'bw': -180}, (6, 9): {'bw': -91}, (7, 8): {'bw': -17}, (7, 9): {'bw': -271}, (8, 9): {'bw': -48}}, 'path_level': {(0, 1): {}, (0, 3): {}, (0, 6): {}, (0, 8): {}, (0, 9): {}, (1, 5): {}, (2, 7): {}, (2, 9): {}, (3, 5): {}, (3, 7): {}, (3, 8): {}, (4, 5): {}, (5, 6): {}, (5, 7): {}, (6, 9): {}, (7, 8): {}, (7, 9): {}, (8, 9): {}}}","{'node_level': {np.int64(0): {'cpu': 0}, np.int64(1): {'cpu': 0}, np.int64(2): {'cpu': 0}, np.int64(3): {'cpu': 0}, np.int64(4): {'cpu': 0}, np.int64(5): {'cpu': 0}, np.int64(6): {'cpu': 0}, np.int64(7): {'cpu': 0}, np.int64(8): {'cpu': 0}, np.int64(9): {'cpu': 0}}, 'link_level': {(0, 1): {'bw': 0}, (0, 3): {'bw': 0}, (0, 6): {'bw': 0}, (0, 8): {'bw': 0}, (0, 9): {'bw': 0}, (1, 5): {'bw': 0}, (2, 7): {'bw': 0}, (2, 9): {'bw': 0}, (3, 5): {'bw': 0}, (3, 7): {'bw': 0}, (3, 8): {'bw': 0}, (4, 5): {'bw': 0}, (5, 6): {'bw': 0}, (5, 7): {'bw': 0}, (6, 9): {'bw': 0}, (7, 8): {'bw': 0}, (7, 9): {'bw': 0}, (8, 9): {'bw': 0}}, 'path_level': {(0, 1): {}, (0, 3): {}, (0, 6): {}, (0, 8): {}, (0, 9): {}, (1, 5): {}, (2, 7): {}, (2, 9): {}, (3, 5): {}, (3, 7): {}, (3, 8): {}, (4, 5): {}, (5, 6): {}, (5, 7): {}, (6, 9): {}, (7, 8): {}, (7, 9): {}, (8, 9): {}}}",[],-inf,-inf,True,True,False,0,[],0,0.0,10.0,18.0
19,16,9,4984.0,10464.0,1859542.3113167014,3686242.0579148685,0.47629969418960244,0.5044547487932889,33,25,1,481.0,10758,1981,8777,0.2369029275808937,0.3894260869565217,18,186.9432479068438,481.0,3,2,True,"{np.int64(0): np.int64(15), np.int64(1): np.int64(13), np.int64(2): np.int64(19)}","{(0, 1): [(np.int64(15), 13)], (0, 2): [(np.int64(15), 19)]}","{(np.int64(0), np.int64(15)): {'cpu': 11}, (np.int64(1), np.int64(13)): {'cpu': 14}, (np.int64(2), np.int64(19)): {'cpu': 11}}","{((0, 1), (np.int64(15), 13)): {'bw': 20}, ((0, 2), (np.int64(15), 19)): {'bw': 2}}",58.0,58.0,108.0,36.0,22.0,36.0,22.0,36.0,22.0,0.0,1.0,10842.70837859694,10842.70837859694,186.9432479068438,Success,0.0,"{'node_level': {}, 'link_level': {}, 'path_level': {}}","{'node_level': {np.int64(0): {'cpu': -41}, np.int64(1): {'cpu': -38}, np.int64(2): {'cpu': -62}}, 'link_level': {(0, 1): {'bw': -176}, (0, 2): {'bw': -229}}, 'path_level': {(0, 1): {}, (0, 2): {}}}","{'node_level': {np.int64(0): {'cpu': 0}, np.int64(1): {'cpu': 0}, np.int64(2): {'cpu': 0}}, 'link_level': {(0, 1): {'bw': 0}, (0, 2): {'bw': 0}}, 'path_level': {(0, 1): {}, (0, 2): {}}}",[],-inf,-inf,True,True,False,0,[],0,0.0,3.0,2.0
19,16,8,4984.0,10464.0,1859542.3113167014,3686242.0579148685,0.47629969418960244,0.5044547487932889,33,26,0,483.8340394111133,12463,2113,10350,0.1860554699537751,0.28,12,135.83403941111325,348.0,10,24,False,{},{},{},{},0.0,0.0,0.0,0.0,0.0,0.0,0.0,0.0,0.0,0.0,0.0,0.0,0.0,0.0,Leave Event,0.0,"{'node_level': {}, 'link_level': {}, 'path_level': {}}","{'node_level': {}, 'link_level': {}, 'path_level': {}}","{'node_level': {}, 'link_level': {}, 'path_level': {}}",[],-inf,-inf,True,True,False,0,[],0,0.0,,
20,16,8,4984.0,10464.0,1859542.3113167014,3686242.0579148685,0.47629969418960244,0.5044547487932889,33,27,1,505.0,12463,2113,10350,0.1860554699537751,0.28,19,253.93255704802758,505.0,7,12,False,{},{},{},{},0.0,0.0,154.0,77.0,385.0,0.0,0.0,0.0,0.0,0.0,0.0,0.0,0.0,0.0,Unknown Reason,0.0,"{'node_level': {}, 'link_level': {}, 'path_level': {}}","{'node_level': {}, 'link_level': {}, 'path_level': {}}","{'node_level': {}, 'link_level': {}, 'path_level': {}}",[],-inf,-inf,True,True,False,0,[],0,0.0,0.0,0.0
21,17,9,5738.0,12562.0,1948335.073064664,3933307.328667157,0.456774398981054,0.495342700242261,33,28,1,526.0,10365,2021,8344,0.22149460708782742,0.4195478260869565,20,117.7622834853615,526.0,10,28,True,"{np.int64(0): np.int64(22), np.int64(1): np.int64(23), np.int64(2): np.int64(21), np.int64(3): np.int64(3), np.int64(4): np.int64(7), np.int64(5): np.int64(35), np.int64(6): np.int64(27), np.int64(7): np.int64(6), np.int64(8): np.int64(13), np.int64(9): np.int64(1)}","{(0, 2): [(np.int64(22), 21)], (0, 3): [(np.int64(22), 21), (21, 3)], (0, 4): [(np.int64(22), 20), (20, 0), (0, 4), (4, 7)], (0, 5): [(np.int64(22), 20), (20, 0), (0, 28), (28, 31), (31, 35)], (0, 8): [(np.int64(22), 21), (21, 2), (2, 13)], (0, 9): [(np.int64(22), 20), (20, 1)], (1, 2): [(np.int64(23), 21)], (1, 4): [(np.int64(23), 20), (20, 0), (0, 4), (4, 7)], (1, 6): [(np.int64(23), 27)], (1, 7): [(np.int64(23), 20), (20, 0), (0, 4), (4, 6)], (1, 8): [(np.int64(23), 21), (21, 2), (2, 13)], (2, 5): [(np.int64(21), 2), (2, 29), (29, 31), (31, 35)], (2, 7): [(np.int64(21), 2), (2, 5), (5, 6)], (2, 9): [(np.int64(21), 22), (22, 20), (20, 1)], (3, 7): [(np.int64(3), 5), (5, 6)], (3, 8): [(np.int64(3), 13)], (4, 5): [(np.int64(7), 4), (4, 0), (0, 28), (28, 31), (31, 35)], (4, 6): [(np.int64(7), 4), (4, 0), (0, 20), (20, 23), (23, 27)], (4, 7): [(np.int64(7), 4), (4, 6)], (4, 8): [(np.int64(7), 5), (5, 2), (2, 13)], (4, 9): [(np.int64(7), 4), (4, 1)], (5, 6): [(np.int64(35), 31), (31, 28), (28, 1), (1, 20), (20, 23), (23, 27)], (5, 7): [(np.int64(35), 31), (31, 28), (28, 0), (0, 4), (4, 6)], (5, 8): [(np.int64(35), 31), (31, 29), (29, 2), (2, 13)], (6, 8): [(np.int64(27), 23), (23, 21), (21, 2), (2, 13)], (6, 9): [(np.int64(27), 23), (23, 20), (20, 1)], (7, 9): [(np.int64(6), 4), (4, 1)], (8, 9): [(np.int64(13), 14), (14, 12), (12, 1)]}","{(np.int64(0), np.int64(22)): {'cpu': 10}, (np.int64(1), np.int64(23)): {'cpu': 20}, (np.int64(2), np.int64(21)): {'cpu': 17}, (np.int64(3), np.int64(3)): {'cpu': 0}, (np.int64(4), np.int64(7)): {'cpu': 7}, (np.int64(5), np.int64(35)): {'cpu': 6}, (np.int64(6), np.int64(27)): {'cpu': 2}, (np.int64(7), np.int64(6)): {'cpu': 1}, (np.int64(8), np.int64(13)): {'cpu': 16}, (np.int64(9), np.int64(1)): {'cpu': 13}}","{((0, 2), (np.int64(22), 21)): {'bw': 49}, ((0, 3), (np.int64(22), 21)): {'bw': 22}, ((0, 3), (21, 3)): {'bw': 22}, ((0, 4), (np.int64(22), 20)): {'bw': 39}, ((0, 4), (20, 0)): {'bw': 39}, ((0, 4), (0, 4)): {'bw': 39}, ((0, 4), (4, 7)): {'bw': 39}, ((0, 5), (np.int64(22), 20)): {'bw': 28}, ((0, 5), (20, 0)): {'bw': 28}, ((0, 5), (0, 28)): {'bw': 28}, ((0, 5), (28, 31)): {'bw': 28}, ((0, 5), (31, 35)): {'bw': 28}, ((0, 8), (np.int64(22), 21)): {'bw': 1}, ((0, 8), (21, 2)): {'bw': 1}, ((0, 8), (2, 13)): {'bw': 1}, ((0, 9), (np.int64(22), 20)): {'bw': 21}, ((0, 9), (20, 1)): {'bw': 21}, ((1, 2), (np.int64(23), 21)): {'bw': 2}, ((1, 4), (np.int64(23), 20)): {'bw': 32}, ((1, 4), (20, 0)): {'bw': 32}, ((1, 4), (0, 4)): {'bw': 32}, ((1, 4), (4, 7)): {'bw': 32}, ((1, 6), (np.int64(23), 27)): {'bw': 50}, ((1, 7), (np.int64(23), 20)): {'bw': 6}, ((1, 7), (20, 0)): {'bw': 6}, ((1, 7), (0, 4)): {'bw': 6}, ((1, 7), (4, 6)): {'bw': 6}, ((1, 8), (np.int64(23), 21)): {'bw': 38}, ((1, 8), (21, 2)): {'bw': 38}, ((1, 8), (2, 13)): {'bw': 38}, ((2, 5), (np.int64(21), 2)): {'bw': 35}, ((2, 5), (2, 29)): {'bw': 35}, ((2, 5), (29, 31)): {'bw': 35}, ((2, 5), (31, 35)): {'bw': 35}, ((2, 7), (np.int64(21), 2)): {'bw': 36}, ((2, 7), (2, 5)): {'bw': 36}, ((2, 7), (5, 6)): {'bw': 36}, ((2, 9), (np.int64(21), 22)): {'bw': 23}, ((2, 9), (22, 20)): {'bw': 23}, ((2, 9), (20, 1)): {'bw': 23}, ((3, 7), (np.int64(3), 5)): {'bw': 18}, ((3, 7), (5, 6)): {'bw': 18}, ((3, 8), (np.int64(3), 13)): {'bw': 38}, ((4, 5), (np.int64(7), 4)): {'bw': 25}, ((4, 5), (4, 0)): {'bw': 25}, ((4, 5), (0, 28)): {'bw': 25}, ((4, 5), (28, 31)): {'bw': 25}, ((4, 5), (31, 35)): {'bw': 25}, ((4, 6), (np.int64(7), 4)): {'bw': 46}, ((4, 6), (4, 0)): {'bw': 46}, ((4, 6), (0, 20)): {'bw': 46}, ((4, 6), (20, 23)): {'bw': 46}, ((4, 6), (23, 27)): {'bw': 46}, ((4, 7), (np.int64(7), 4)): {'bw': 15}, ((4, 7), (4, 6)): {'bw': 15}, ((4, 8), (np.int64(7), 5)): {'bw': 49}, ((4, 8), (5, 2)): {'bw': 49}, ((4, 8), (2, 13)): {'bw': 49}, ((4, 9), (np.int64(7), 4)): {'bw': 27}, ((4, 9), (4, 1)): {'bw': 27}, ((5, 6), (np.int64(35), 31)): {'bw': 21}, ((5, 6), (31, 28)): {'bw': 21}, ((5, 6), (28, 1)): {'bw': 21}, ((5, 6), (1, 20)): {'bw': 21}, ((5, 6), (20, 23)): {'bw': 21}, ((5, 6), (23, 27)): {'bw': 21}, ((5, 7), (np.int64(35), 31)): {'bw': 1}, ((5, 7), (31, 28)): {'bw': 1}, ((5, 7), (28, 0)): {'bw': 1}, ((5, 7), (0, 4)): {'bw': 1}, ((5, 7), (4, 6)): {'bw': 1}, ((5, 8), (np.int64(35), 31)): {'bw': 9}, ((5, 8), (31, 29)): {'bw': 9}, ((5, 8), (29, 2)): {'bw': 9}, ((5, 8), (2, 13)): {'bw': 9}, ((6, 8), (np.int64(27), 23)): {'bw': 17}, ((6, 8), (23, 21)): {'bw': 17}, ((6, 8), (21, 2)): {'bw': 17}, ((6, 8), (2, 13)): {'bw': 17}, ((6, 9), (np.int64(27), 23)): {'bw': 11}, ((6, 9), (23, 20)): {'bw': 11}, ((6, 9), (20, 1)): {'bw': 11}, ((7, 9), (np.int64(6), 4)): {'bw': 0}, ((7, 9), (4, 1)): {'bw': 0}, ((8, 9), (np.int64(13), 14)): {'bw': 3}, ((8, 9), (14, 12)): {'bw': 3}, ((8, 9), (12, 1)): {'bw': 3}}",2098.0,754.0,1196.0,92.0,662.0,92.0,662.0,92.0,2006.0,1344.0,0.3593898951382269,247065.2707522884,88792.76174796256,42.322574713042215,Success,0.0,"{'node_level': {}, 'link_level': {}, 'path_level': {}}","{'node_level': {np.int64(0): {'cpu': -38}, np.int64(1): {'cpu': -50}, np.int64(2): {'cpu': -48}, np.int64(3): {'cpu': -21}, np.int64(4): {'cpu': -62}, np.int64(5): {'cpu': -78}, np.int64(6): {'cpu': -57}, np.int64(7): {'cpu': -58}, np.int64(8): {'cpu': -22}, np.int64(9): {'cpu': -60}}, 'link_level': {(0, 2): {'bw': -113}, (0, 3): {'bw': -91}, (0, 4): {'bw': -150}, (0, 5): {'bw': -32}, (0, 8): {'bw': -90}, (0, 9): {'bw': -149}, (1, 2): {'bw': -252}, (1, 4): {'bw': -90}, (1, 6): {'bw': -269}, (1, 7): {'bw': -84}, (1, 8): {'bw': -162}, (2, 5): {'bw': -57}, (2, 7): {'bw': -99}, (2, 9): {'bw': -67}, (3, 7): {'bw': -83}, (3, 8): {'bw': -200}, (4, 5): {'bw': -7}, (4, 6): {'bw': -38}, (4, 7): {'bw': -32}, (4, 8): {'bw': -50}, (4, 9): {'bw': -5}, (5, 6): {'bw': -17}, (5, 7): {'bw': -6}, (5, 8): {'bw': -21}, (6, 8): {'bw': -87}, (6, 9): {'bw': -6}, (7, 9): {'bw': -244}, (8, 9): {'bw': -111}}, 'path_level': {(0, 2): {}, (0, 3): {}, (0, 4): {}, (0, 5): {}, (0, 8): {}, (0, 9): {}, (1, 2): {}, (1, 4): {}, (1, 6): {}, (1, 7): {}, (1, 8): {}, (2, 5): {}, (2, 7): {}, (2, 9): {}, (3, 7): {}, (3, 8): {}, (4, 5): {}, (4, 6): {}, (4, 7): {}, (4, 8): {}, (4, 9): {}, (5, 6): {}, (5, 7): {}, (5, 8): {}, (6, 8): {}, (6, 9): {}, (7, 9): {}, (8, 9): {}}}","{'node_level': {np.int64(0): {'cpu': 0}, np.int64(1): {'cpu': 0}, np.int64(2): {'cpu': 0}, np.int64(3): {'cpu': 0}, np.int64(4): {'cpu': 0}, np.int64(5): {'cpu': 0}, np.int64(6): {'cpu': 0}, np.int64(7): {'cpu': 0}, np.int64(8): {'cpu': 0}, np.int64(9): {'cpu': 0}}, 'link_level': {(0, 2): {'bw': 0}, (0, 3): {'bw': 0}, (0, 4): {'bw': 0}, (0, 5): {'bw': 0}, (0, 8): {'bw': 0}, (0, 9): {'bw': 0}, (1, 2): {'bw': 0}, (1, 4): {'bw': 0}, (1, 6): {'bw': 0}, (1, 7): {'bw': 0}, (1, 8): {'bw': 0}, (2, 5): {'bw': 0}, (2, 7): {'bw': 0}, (2, 9): {'bw': 0}, (3, 7): {'bw': 0}, (3, 8): {'bw': 0}, (4, 5): {'bw': 0}, (4, 6): {'bw': 0}, (4, 7): {'bw': 0}, (4, 8): {'bw': 0}, (4, 9): {'bw': 0}, (5, 6): {'bw': 0}, (5, 7): {'bw': 0}, (5, 8): {'bw': 0}, (6, 8): {'bw': 0}, (6, 9): {'bw': 0}, (7, 9): {'bw': 0}, (8, 9): {'bw': 0}}, 'path_level': {(0, 2): {}, (0, 3): {}, (0, 4): {}, (0, 5): {}, (0, 8): {}, (0, 9): {}, (1, 2): {}, (1, 4): {}, (1, 6): {}, (1, 7): {}, (1, 8): {}, (2, 5): {}, (2, 7): {}, (2, 9): {}, (3, 7): {}, (3, 8): {}, (4, 5): {}, (4, 6): {}, (4, 7): {}, (4, 8): {}, (4, 9): {}, (5, 6): {}, (5, 7): {}, (5, 8): {}, (6, 8): {}, (6, 9): {}, (7, 9): {}, (8, 9): {}}}",[],-inf,-inf,True,True,False,0,[],0,0.0,10.0,28.0
22,18,10,5968.0,12978.0,1972028.7587060158,3976161.9948706455,0.45985513946678996,0.4959628811024262,33,29,1,547.0,9949,1938,8011,0.2534668721109399,0.4427130434782609,21,103.01602452761725,547.0,6,9,True,"{np.int64(0): np.int64(1), np.int64(1): np.int64(0), np.int64(2): np.int64(31), np.int64(3): np.int64(21), np.int64(4): np.int64(20), np.int64(5): np.int64(18)}","{(0, 1): [(np.int64(1), 4), (4, 0)], (0, 3): [(np.int64(1), 20), (20, 22), (22, 21)], (0, 4): [(np.int64(1), 20)], (0, 5): [(np.int64(1), 12), (12, 15), (15, 18)], (1, 3): [(np.int64(0), 20), (20, 22), (22, 21)], (1, 4): [(np.int64(0), 20)], (1, 5): [(np.int64(0), 12), (12, 15), (15, 18)], (2, 3): [(np.int64(31), 29), (29, 2), (2, 21)], (3, 4): [(np.int64(21), 22), (22, 20)]}","{(np.int64(0), np.int64(1)): {'cpu': 4}, (np.int64(1), np.int64(0)): {'cpu': 20}, (np.int64(2), np.int64(31)): {'cpu': 19}, (np.int64(3), np.int64(21)): {'cpu': 15}, (np.int64(4), np.int64(20)): {'cpu': 5}, (np.int64(5), np.int64(18)): {'cpu': 20}}","{((0, 1), (np.int64(1), 4)): {'bw': 4}, ((0, 1), (4, 0)): {'bw': 4}, ((0, 3), (np.int64(1), 20)): {'bw': 41}, ((0, 3), (20, 22)): {'bw': 41}, ((0, 3), (22, 21)): {'bw': 41}, ((0, 4), (np.int64(1), 20)): {'bw': 16}, ((0, 5), (np.int64(1), 12)): {'bw': 16}, ((0, 5), (12, 15)): {'bw': 16}, ((0, 5), (15, 18)): {'bw': 16}, ((1, 3), (np.int64(0), 20)): {'bw': 5}, ((1, 3), (20, 22)): {'bw': 5}, ((1, 3), (22, 21)): {'bw': 5}, ((1, 4), (np.int64(0), 20)): {'bw': 32}, ((1, 5), (np.int64(0), 12)): {'bw': 22}, ((1, 5), (12, 15)): {'bw': 22}, ((1, 5), (15, 18)): {'bw': 22}, ((2, 3), (np.int64(31), 29)): {'bw': 3}, ((2, 3), (29, 2)): {'bw': 3}, ((2, 3), (2, 21)): {'bw': 3}, ((3, 4), (np.int64(21), 22)): {'bw': 8}, ((3, 4), (22, 20)): {'bw': 8}}",416.0,230.0,913.0,83.0,147.0,83.0,147.0,83.0,333.0,186.0,0.5528846153846154,42854.66620348878,23693.685641351967,56.95597509940377,Success,0.0,"{'node_level': {}, 'link_level': {}, 'path_level': {}}","{'node_level': {np.int64(0): {'cpu': -56}, np.int64(1): {'cpu': -49}, np.int64(2): {'cpu': -31}, np.int64(3): {'cpu': -33}, np.int64(4): {'cpu': -78}, np.int64(5): {'cpu': -54}}, 'link_level': {(0, 1): {'bw': -40}, (0, 3): {'bw': -26}, (0, 4): {'bw': -37}, (0, 5): {'bw': -176}, (1, 3): {'bw': -21}, (1, 4): {'bw': -112}, (1, 5): {'bw': -83}, (2, 3): {'bw': -45}, (3, 4): {'bw': -13}}, 'path_level': {(0, 1): {}, (0, 3): {}, (0, 4): {}, (0, 5): {}, (1, 3): {}, (1, 4): {}, (1, 5): {}, (2, 3): {}, (3, 4): {}}}","{'node_level': {np.int64(0): {'cpu': 0}, np.int64(1): {'cpu': 0}, np.int64(2): {'cpu': 0}, np.int64(3): {'cpu': 0}, np.int64(4): {'cpu': 0}, np.int64(5): {'cpu': 0}}, 'link_level': {(0, 1): {'bw': 0}, (0, 3): {'bw': 0}, (0, 4): {'bw': 0}, (0, 5): {'bw': 0}, (1, 3): {'bw': 0}, (1, 4): {'bw': 0}, (1, 5): {'bw': 0}, (2, 3): {'bw': 0}, (3, 4): {'bw': 0}}, 'path_level': {(0, 1): {}, (0, 3): {}, (0, 4): {}, (0, 5): {}, (1, 3): {}, (1, 4): {}, (1, 5): {}, (2, 3): {}, (3, 4): {}}}",[],-inf,-inf,True,True,False,0,[],0,0.0,6.0,9.0
23,19,11,6215.0,13405.0,2328829.597523998,4592979.63930497,0.46363297277135396,0.507041132426271,33,30,1,566.0,9522,1890,7632,0.2719568567026194,0.46907826086956517,22,1444.5378089796845,566.0,5,7,True,"{np.int64(0): np.int64(29), np.int64(1): np.int64(12), np.int64(2): np.int64(15), np.int64(3): np.int64(33), np.int64(4): np.int64(19)}","{(0, 2): [(np.int64(29), 2), (2, 13), (13, 15)], (0, 3): [(np.int64(29), 30), (30, 33)], (1, 2): [(np.int64(12), 15)], (1, 3): [(np.int64(12), 1), (1, 28), (28, 30), (30, 33)], (1, 4): [(np.int64(12), 15), (15, 19)], (2, 4): [(np.int64(15), 19)], (3, 4): [(np.int64(33), 30), (30, 28), (28, 0), (0, 12), (12, 15), (15, 19)]}","{(np.int64(0), np.int64(29)): {'cpu': 9}, (np.int64(1), np.int64(12)): {'cpu': 10}, (np.int64(2), np.int64(15)): {'cpu': 6}, (np.int64(3), np.int64(33)): {'cpu': 12}, (np.int64(4), np.int64(19)): {'cpu': 11}}","{((0, 2), (np.int64(29), 2)): {'bw': 34}, ((0, 2), (2, 13)): {'bw': 34}, ((0, 2), (13, 15)): {'bw': 34}, ((0, 3), (np.int64(29), 30)): {'bw': 27}, ((0, 3), (30, 33)): {'bw': 27}, ((1, 2), (np.int64(12), 15)): {'bw': 49}, ((1, 3), (np.int64(12), 1)): {'bw': 7}, ((1, 3), (1, 28)): {'bw': 7}, ((1, 3), (28, 30)): {'bw': 7}, ((1, 3), (30, 33)): {'bw': 7}, ((1, 4), (np.int64(12), 15)): {'bw': 39}, ((1, 4), (15, 19)): {'bw': 39}, ((2, 4), (np.int64(15), 19)): {'bw': 38}, ((3, 4), (np.int64(33), 30)): {'bw': 5}, ((3, 4), (30, 28)): {'bw': 5}, ((3, 4), (28, 0)): {'bw': 5}, ((3, 4), (0, 12)): {'bw': 5}, ((3, 4), (12, 15)): {'bw': 5}, ((3, 4), (15, 19)): {'bw': 5}}",427.0,247.0,192.0,48.0,199.0,48.0,199.0,48.0,379.0,180.0,0.5784543325526932,616817.6444343253,356800.83881798206,835.5991541404733,Success,0.0,"{'node_level': {}, 'link_level': {}, 'path_level': {}}","{'node_level': {np.int64(0): {'cpu': -21}, np.int64(1): {'cpu': -46}, np.int64(2): {'cpu': -35}, np.int64(3): {'cpu': -22}, np.int64(4): {'cpu': -51}}, 'link_level': {(0, 2): {'bw': -11}, (0, 3): {'bw': -7}, (1, 2): {'bw': -105}, (1, 3): {'bw': -7}, (1, 4): {'bw': -66}, (2, 4): {'bw': -152}, (3, 4): {'bw': -1}}, 'path_level': {(0, 2): {}, (0, 3): {}, (1, 2): {}, (1, 3): {}, (1, 4): {}, (2, 4): {}, (3, 4): {}}}","{'node_level': {np.int64(0): {'cpu': 0}, np.int64(1): {'cpu': 0}, np.int64(2): {'cpu': 0}, np.int64(3): {'cpu': 0}, np.int64(4): {'cpu': 0}}, 'link_level': {(0, 2): {'bw': 0}, (0, 3): {'bw': 0}, (1, 2): {'bw': 0}, (1, 3): {'bw': 0}, (1, 4): {'bw': 0}, (2, 4): {'bw': 0}, (3, 4): {'bw': 0}}, 'path_level': {(0, 2): {}, (0, 3): {}, (1, 2): {}, (1, 3): {}, (1, 4): {}, (2, 4): {}, (3, 4): {}}}",[],-inf,-inf,True,True,False,0,[],0,0.0,5.0,7.0
24,20,12,6276.0,13466.0,2369862.694059519,4634012.735840491,0.46606267637011733,0.5114061676461247,33,31,1,588.0,9461,1869,7592,0.28004622496147924,0.47186086956521744,23,672.6737136970636,588.0,2,1,True,"{np.int64(0): np.int64(13), np.int64(1): np.int64(15)}","{(0, 1): [(np.int64(13), 15)]}","{(np.int64(0), np.int64(13)): {'cpu': 9}, (np.int64(1), np.int64(15)): {'cpu': 12}}","{((0, 1), (np.int64(13), 15)): {'bw': 40}}",61.0,61.0,105.0,21.0,40.0,21.0,40.0,21.0,40.0,0.0,1.0,41033.096535520875,41033.096535520875,672.6737136970636,Success,0.0,"{'node_level': {}, 'link_level': {}, 'path_level': {}}","{'node_level': {np.int64(0): {'cpu': -13}, np.int64(1): {'cpu': -23}}, 'link_level': {(0, 1): {'bw': -114}}, 'path_level': {(0, 1): {}}}","{'node_level': {np.int64(0): {'cpu': 0}, np.int64(1): {'cpu': 0}}, 'link_level': {(0, 1): {'bw': 0}}, 'path_level': {(0, 1): {}}}",[],-inf,-inf,True,True,False,0,[],0,0.0,2.0,1.0
25,20,12,6276.0,13466.0,2369862.694059519,4634012.735840491,0.46606267637011733,0.5114061676461247,33,32,1,615.0,9461,1869,7592,0.28004622496147924,0.47186086956521744,24,337.12229145464494,615.0,5,5,False,{},{},{},{},0.0,0.0,94.0,47.0,84.0,0.0,0.0,0.0,0.0,0.0,0.0,0.0,0.0,0.0,Unknown Reason,0.0,"{'node_level': {}, 'link_level': {}, 'path_level': {}}","{'node_level': {}, 'link_level': {}, 'path_level': {}}","{'node_level': {}, 'link_level': {}, 'path_level': {}}",[],-inf,-inf,True,True,False,0,[],0,0.0,0.0,0.0
26,21,13,6627.0,14088.0,2415143.933854763,4714254.704936337,0.4704003407155026,0.5123066285166656,33,33,1,642.0,8839,1790,7049,0.31047765793528503,0.5096347826086957,25,129.00638118303132,642.0,7,10,True,"{np.int64(0): np.int64(22), np.int64(1): np.int64(21), np.int64(2): np.int64(27), np.int64(3): np.int64(12), np.int64(4): np.int64(13), np.int64(5): np.int64(1), np.int64(6): np.int64(0)}","{(0, 2): [(np.int64(22), 21), (21, 23), (23, 27)], (0, 5): [(np.int64(22), 20), (20, 1)], (1, 2): [(np.int64(21), 23), (23, 27)], (1, 4): [(np.int64(21), 2), (2, 13)], (1, 6): [(np.int64(21), 2), (2, 5), (5, 6), (6, 4), (4, 0)], (2, 3): [(np.int64(27), 23), (23, 21), (21, 2), (2, 13), (13, 14), (14, 12)], (2, 6): [(np.int64(27), 23), (23, 20), (20, 0)], (3, 4): [(np.int64(12), 14), (14, 13)], (3, 5): [(np.int64(12), 1)], (3, 6): [(np.int64(12), 0)]}","{(np.int64(0), np.int64(22)): {'cpu': 5}, (np.int64(1), np.int64(21)): {'cpu': 7}, (np.int64(2), np.int64(27)): {'cpu': 15}, (np.int64(3), np.int64(12)): {'cpu': 15}, (np.int64(4), np.int64(13)): {'cpu': 9}, (np.int64(5), np.int64(1)): {'cpu': 19}, (np.int64(6), np.int64(0)): {'cpu': 9}}","{((0, 2), (np.int64(22), 21)): {'bw': 11}, ((0, 2), (21, 23)): {'bw': 11}, ((0, 2), (23, 27)): {'bw': 11}, ((0, 5), (np.int64(22), 20)): {'bw': 35}, ((0, 5), (20, 1)): {'bw': 35}, ((1, 2), (np.int64(21), 23)): {'bw': 26}, ((1, 2), (23, 27)): {'bw': 26}, ((1, 4), (np.int64(21), 2)): {'bw': 39}, ((1, 4), (2, 13)): {'bw': 39}, ((1, 6), (np.int64(21), 2)): {'bw': 18}, ((1, 6), (2, 5)): {'bw': 18}, ((1, 6), (5, 6)): {'bw': 18}, ((1, 6), (6, 4)): {'bw': 18}, ((1, 6), (4, 0)): {'bw': 18}, ((2, 3), (np.int64(27), 23)): {'bw': 8}, ((2, 3), (23, 21)): {'bw': 8}, ((2, 3), (21, 2)): {'bw': 8}, ((2, 3), (2, 13)): {'bw': 8}, ((2, 3), (13, 14)): {'bw': 8}, ((2, 3), (14, 12)): {'bw': 8}, ((2, 6), (np.int64(27), 23)): {'bw': 1}, ((2, 6), (23, 20)): {'bw': 1}, ((2, 6), (20, 0)): {'bw': 1}, ((3, 4), (np.int64(12), 14)): {'bw': 35}, ((3, 4), (14, 13)): {'bw': 35}, ((3, 5), (np.int64(12), 1)): {'bw': 50}, ((3, 6), (np.int64(12), 0)): {'bw': 49}}",622.0,351.0,553.0,79.0,272.0,79.0,272.0,79.0,543.0,271.0,0.5643086816720257,80241.96909584549,45281.23979524399,72.79942089267523,Success,0.0,"{'node_level': {}, 'link_level': {}, 'path_level': {}}","{'node_level': {np.int64(0): {'cpu': -33}, np.int64(1): {'cpu': -26}, np.int64(2): {'cpu': -42}, np.int64(3): {'cpu': -31}, np.int64(4): {'cpu': -4}, np.int64(5): {'cpu': -37}, np.int64(6): {'cpu': -40}}, 'link_level': {(0, 2): {'bw': -2}, (0, 5): {'bw': -2}, (1, 2): {'bw': -137}, (1, 4): {'bw': -14}, (1, 6): {'bw': -22}, (2, 3): {'bw': -6}, (2, 6): {'bw': -5}, (3, 4): {'bw': -68}, (3, 5): {'bw': -266}, (3, 6): {'bw': -29}}, 'path_level': {(0, 2): {}, (0, 5): {}, (1, 2): {}, (1, 4): {}, (1, 6): {}, (2, 3): {}, (2, 6): {}, (3, 4): {}, (3, 5): {}, (3, 6): {}}}","{'node_level': {np.int64(0): {'cpu': 0}, np.int64(1): {'cpu': 0}, np.int64(2): {'cpu': 0}, np.int64(3): {'cpu': 0}, np.int64(4): {'cpu': 0}, np.int64(5): {'cpu': 0}, np.int64(6): {'cpu': 0}}, 'link_level': {(0, 2): {'bw': 0}, (0, 5): {'bw': 0}, (1, 2): {'bw': 0}, (1, 4): {'bw': 0}, (1, 6): {'bw': 0}, (2, 3): {'bw': 0}, (2, 6): {'bw': 0}, (3, 4): {'bw': 0}, (3, 5): {'bw': 0}, (3, 6): {'bw': 0}}, 'path_level': {(0, 2): {}, (0, 5): {}, (1, 2): {}, (1, 4): {}, (1, 6): {}, (2, 3): {}, (2, 6): {}, (3, 4): {}, (3, 5): {}, (3, 6): {}}}",[],-inf,-inf,True,True,False,0,[],0,0.0,7.0,10.0
26,21,12,6627.0,14088.0,2415143.933854763,4714254.704936337,0.4704003407155026,0.5123066285166656,33,34,0,643.7622834853615,10937,1882,9055,0.2750385208012327,0.3700869565217392,20,117.7622834853615,526.0,10,28,False,{},{},{},{},0.0,0.0,0.0,0.0,0.0,0.0,0.0,0.0,0.0,0.0,0.0,0.0,0.0,0.0,Leave Event,0.0,"{'node_level': {}, 'link_level': {}, 'path_level': {}}","{'node_level': {}, 'link_level': {}, 'path_level': {}}","{'node_level': {}, 'link_level': {}, 'path_level': {}}",[],-inf,-inf,True,True,False,0,[],0,0.0,,
26,21,11,6627.0,14088.0,2415143.933854763,4714254.704936337,0.4704003407155026,0.5123066285166656,33,35,0,650.0160245276172,11353,1965,9388,0.24306625577812013,0.3469217391304348,21,103.01602452761725,547.0,6,9,False,{},{},{},{},0.0,0.0,0.0,0.0,0.0,0.0,0.0,0.0,0.0,0.0,0.0,0.0,0.0,0.0,Leave Event,0.0,"{'node_level': {}, 'link_level': {}, 'path_level': {}}","{'node_level': {}, 'link_level': {}, 'path_level': {}}","{'node_level': {}, 'link_level': {}, 'path_level': {}}",[],-inf,-inf,True,True,False,0,[],0,0.0,,
27,22,12,6661.0,14122.0,2420133.563914789,4719244.334996363,0.4716754000849738,0.5128222639306625,33,36,1,666.0,11319,1941,9378,0.25231124807396,0.3476173913043479,26,146.75382529488408,666.0,2,1,True,"{np.int64(0): np.int64(2), np.int64(1): np.int64(5)}","{(0, 1): [(np.int64(2), 5)]}","{(np.int64(0), np.int64(2)): {'cpu': 14}, (np.int64(1), np.int64(5)): {'cpu': 10}}","{((0, 1), (np.int64(2), 5)): {'bw': 10}}",34.0,34.0,144.0,24.0,10.0,24.0,10.0,24.0,10.0,0.0,1.0,4989.630060026058,4989.630060026058,146.75382529488408,Success,0.0,"{'node_level': {}, 'link_level': {}, 'path_level': {}}","{'node_level': {np.int64(0): {'cpu': -25}, np.int64(1): {'cpu': -54}}, 'link_level': {(0, 1): {'bw': -107}}, 'path_level': {(0, 1): {}}}","{'node_level': {np.int64(0): {'cpu': 0}, np.int64(1): {'cpu': 0}}, 'link_level': {(0, 1): {'bw': 0}}, 'path_level': {(0, 1): {}}}",[],-inf,-inf,True,True,False,0,[],0,0.0,2.0,1.0
27,22,11,6661.0,14122.0,2420133.563914789,4719244.334996363,0.4716754000849738,0.5128222639306625,33,37,0,667.9432479068438,11377,1977,9400,0.23844375963020026,0.34608695652173915,18,186.9432479068438,481.0,3,2,False,{},{},{},{},0.0,0.0,0.0,0.0,0.0,0.0,0.0,0.0,0.0,0.0,0.0,0.0,0.0,0.0,Leave Event,0.0,"{'node_level': {}, 'link_level': {}, 'path_level': {}}","{'node_level': {}, 'link_level': {}, 'path_level': {}}","{'node_level': {}, 'link_level': {}, 'path_level': {}}",[],-inf,-inf,True,True,False,0,[],0,0.0,,
28,22,11,6661.0,14122.0,2420133.563914789,4719244.334996363,0.4716754000849738,0.5128222639306625,33,38,1,688.0,11377,1977,9400,0.23844375963020026,0.34608695652173915,27,29.890480321371548,688.0,4,3,False,{},{},{},{},0.0,0.0,86.0,43.0,104.0,0.0,0.0,0.0,0.0,0.0,0.0,0.0,0.0,0.0,Unknown Reason,0.0,"{'node_level': {}, 'link_level': {}, 'path_level': {}}","{'node_level': {}, 'link_level': {}, 'path_level': {}}","{'node_level': {}, 'link_level': {}, 'path_level': {}}",[],-inf,-inf,True,True,False,0,[],0,0.0,0.0,0.0
29,23,12,6821.0,14336.0,2465725.3686654237,4780223.373850337,0.47579520089285715,0.5158180226794193,33,39,1,712.0,11163,1927,9236,0.2577041602465331,0.357495652173913,28,284.9487796914676,712.0,5,5,True,"{np.int64(0): np.int64(5), np.int64(1): np.int64(8), np.int64(2): np.int64(7), np.int64(3): np.int64(3), np.int64(4): np.int64(29)}","{(0, 1): [(np.int64(5), 6), (6, 8)], (0, 2): [(np.int64(5), 7)], (0, 3): [(np.int64(5), 3)], (2, 3): [(np.int64(7), 5), (5, 3)], (3, 4): [(np.int64(3), 29)]}","{(np.int64(0), np.int64(5)): {'cpu': 17}, (np.int64(1), np.int64(8)): {'cpu': 5}, (np.int64(2), np.int64(7)): {'cpu': 6}, (np.int64(3), np.int64(3)): {'cpu': 11}, (np.int64(4), np.int64(29)): {'cpu': 11}}","{((0, 1), (np.int64(5), 6)): {'bw': 24}, ((0, 1), (6, 8)): {'bw': 24}, ((0, 2), (np.int64(5), 7)): {'bw': 17}, ((0, 3), (np.int64(5), 3)): {'bw': 21}, ((2, 3), (np.int64(7), 5)): {'bw': 30}, ((2, 3), (5, 3)): {'bw': 30}, ((3, 4), (np.int64(3), 29)): {'bw': 18}}",214.0,160.0,400.0,50.0,110.0,50.0,110.0,50.0,164.0,54.0,0.7476635514018691,60979.038853974074,45591.80475063482,213.04581659175147,Success,0.0,"{'node_level': {}, 'link_level': {}, 'path_level': {}}","{'node_level': {np.int64(0): {'cpu': -37}, np.int64(1): {'cpu': -66}, np.int64(2): {'cpu': -63}, np.int64(3): {'cpu': -10}, np.int64(4): {'cpu': -10}}, 'link_level': {(0, 1): {'bw': -95}, (0, 2): {'bw': -244}, (0, 3): {'bw': -133}, (2, 3): {'bw': -103}, (3, 4): {'bw': -167}}, 'path_level': {(0, 1): {}, (0, 2): {}, (0, 3): {}, (2, 3): {}, (3, 4): {}}}","{'node_level': {np.int64(0): {'cpu': 0}, np.int64(1): {'cpu': 0}, np.int64(2): {'cpu': 0}, np.int64(3): {'cpu': 0}, np.int64(4): {'cpu': 0}}, 'link_level': {(0, 1): {'bw': 0}, (0, 2): {'bw': 0}, (0, 3): {'bw': 0}, (2, 3): {'bw': 0}, (3, 4): {'bw': 0}}, 'path_level': {(0, 1): {}, (0, 2): {}, (0, 3): {}, (2, 3): {}, (3, 4): {}}}",[],-inf,-inf,True,True,False,0,[],0,0.0,5.0,5.0
29,23,12,6821.0,14336.0,2465725.3686654237,4780223.373850337,0.47579520089285715,0.5158180226794193,33,40,0,717.8904803213716,11163,1927,9236,0.2577041602465331,0.357495652173913,27,29.890480321371548,688.0,4,3,False,{},{},{},{},0.0,0.0,0.0,0.0,0.0,0.0,0.0,0.0,0.0,0.0,0.0,0.0,0.0,0.0,Leave Event,0.0,"{'node_level': {}, 'link_level': {}, 'path_level': {}}","{'node_level': {}, 'link_level': {}, 'path_level': {}}","{'node_level': {}, 'link_level': {}, 'path_level': {}}",[],-inf,-inf,True,True,False,0,[],0,0.0,,
30,23,12,6821.0,14336.0,2465725.3686654237,4780223.373850337,0.47579520089285715,0.5158180226794193,33,41,1,725.0,11163,1927,9236,0.2577041602465331,0.357495652173913,29,186.83490095121454,725.0,10,23,False,{},{},{},{},0.0,0.0,180.0,90.0,477.0,0.0,0.0,0.0,0.0,0.0,0.0,0.0,0.0,0.0,Unknown Reason,0.0,"{'node_level': {}, 'link_level': {}, 'path_level': {}}","{'node_level': {}, 'link_level': {}, 'path_level': {}}","{'node_level': {}, 'link_level': {}, 'path_level': {}}",[],-inf,-inf,True,True,False,0,[],0,0.0,0.0,0.0
30,23,12,6821.0,14336.0,2465725.3686654237,4780223.373850337,0.47579520089285715,0.5158180226794193,33,42,0,741.4618222976081,11163,1927,9236,0.2577041602465331,0.357495652173913,11,430.46182229760814,311.0,10,25,False,{},{},{},{},0.0,0.0,0.0,0.0,0.0,0.0,0.0,0.0,0.0,0.0,0.0,0.0,0.0,0.0,Leave Event,0.0,"{'node_level': {}, 'link_level': {}, 'path_level': {}}","{'node_level': {}, 'link_level': {}, 'path_level': {}}","{'node_level': {}, 'link_level': {}, 'path_level': {}}",[],-inf,-inf,True,True,False,0,[],0,0.0,,
31,24,13,6948.0,14482.0,2541408.358892392,4867229.016158505,0.47976798784698244,0.5221468623019955,33,43,1,748.0,11017,1891,9126,0.2715716486902927,0.3651478260869565,30,595.9290569052607,748.0,3,3,True,"{np.int64(0): np.int64(2), np.int64(1): np.int64(21), np.int64(2): np.int64(3)}","{(0, 1): [(np.int64(2), 21)], (0, 2): [(np.int64(2), 5), (5, 3)], (1, 2): [(np.int64(21), 3)]}","{(np.int64(0), np.int64(2)): {'cpu': 15}, (np.int64(1), np.int64(21)): {'cpu': 14}, (np.int64(2), np.int64(3)): {'cpu': 7}}","{((0, 1), (np.int64(2), 21)): {'bw': 30}, ((0, 2), (np.int64(2), 5)): {'bw': 19}, ((0, 2), (5, 3)): {'bw': 19}, ((1, 2), (np.int64(21), 3)): {'bw': 42}}",146.0,127.0,360.0,36.0,91.0,36.0,91.0,36.0,110.0,19.0,0.8698630136986302,87005.64230816807,75682.99022696812,518.3766453901926,Success,0.0,"{'node_level': {}, 'link_level': {}, 'path_level': {}}","{'node_level': {np.int64(0): {'cpu': -10}, np.int64(1): {'cpu': -44}, np.int64(2): {'cpu': -3}}, 'link_level': {(0, 1): {'bw': -164}, (0, 2): {'bw': -84}, (1, 2): {'bw': -176}}, 'path_level': {(0, 1): {}, (0, 2): {}, (1, 2): {}}}","{'node_level': {np.int64(0): {'cpu': 0}, np.int64(1): {'cpu': 0}, np.int64(2): {'cpu': 0}}, 'link_level': {(0, 1): {'bw': 0}, (0, 2): {'bw': 0}, (1, 2): {'bw': 0}}, 'path_level': {(0, 1): {}, (0, 2): {}, (1, 2): {}}}",[],-inf,-inf,True,True,False,0,[],0,0.0,3.0,3.0
31,24,13,6948.0,14482.0,2541408.358892392,4867229.016158505,0.47976798784698244,0.5221468623019955,33,44,0,758.9325570480275,11017,1891,9126,0.2715716486902927,0.3651478260869565,19,253.93255704802758,505.0,7,12,False,{},{},{},{},0.0,0.0,0.0,0.0,0.0,0.0,0.0,0.0,0.0,0.0,0.0,0.0,0.0,0.0,Leave Event,0.0,"{'node_level': {}, 'link_level': {}, 'path_level': {}}","{'node_level': {}, 'link_level': {}, 'path_level': {}}","{'node_level': {}, 'link_level': {}, 'path_level': {}}",[],-inf,-inf,True,True,False,0,[],0,0.0,,
31,24,12,6948.0,14482.0,2541408.358892392,4867229.016158505,0.47976798784698244,0.5221468623019955,33,45,0,765.7410721619365,12134,1954,10180,0.24730354391371345,0.2918260869565218,10,485.7410721619365,280.0,8,14,False,{},{},{},{},0.0,0.0,0.0,0.0,0.0,0.0,0.0,0.0,0.0,0.0,0.0,0.0,0.0,0.0,Leave Event,0.0,"{'node_level': {}, 'link_level': {}, 'path_level': {}}","{'node_level': {}, 'link_level': {}, 'path_level': {}}","{'node_level': {}, 'link_level': {}, 'path_level': {}}",[],-inf,-inf,True,True,False,0,[],0,0.0,,
31,24,11,6948.0,14482.0,2541408.358892392,4867229.016158505,0.47976798784698244,0.5221468623019955,33,46,0,771.0063811830313,12756,2033,10723,0.21687211093990755,0.25405217391304347,25,129.00638118303132,642.0,7,10,False,{},{},{},{},0.0,0.0,0.0,0.0,0.0,0.0,0.0,0.0,0.0,0.0,0.0,0.0,0.0,0.0,Leave Event,0.0,"{'node_level': {}, 'link_level': {}, 'path_level': {}}","{'node_level': {}, 'link_level': {}, 'path_level': {}}","{'node_level': {}, 'link_level': {}, 'path_level': {}}",[],-inf,-inf,True,True,False,0,[],0,0.0,,
32,25,12,7143.0,14788.0,2587663.9475196223,4939814.709081236,0.4830267784690289,0.5238382611320468,33,47,1,781.0,12450,1972,10478,0.24036979969183359,0.27109565217391307,31,237.20814680630926,781.0,5,5,True,"{np.int64(0): np.int64(31), np.int64(1): np.int64(13), np.int64(2): np.int64(35), np.int64(3): np.int64(21), np.int64(4): np.int64(23)}","{(0, 2): [(np.int64(31), 35)], (0, 3): [(np.int64(31), 29), (29, 2), (2, 21)], (1, 3): [(np.int64(13), 2), (2, 21)], (2, 3): [(np.int64(35), 31), (31, 29), (29, 2), (2, 21)], (3, 4): [(np.int64(21), 23)]}","{(np.int64(0), np.int64(31)): {'cpu': 13}, (np.int64(1), np.int64(13)): {'cpu': 18}, (np.int64(2), np.int64(35)): {'cpu': 1}, (np.int64(3), np.int64(21)): {'cpu': 11}, (np.int64(4), np.int64(23)): {'cpu': 18}}","{((0, 2), (np.int64(31), 35)): {'bw': 14}, ((0, 3), (np.int64(31), 29)): {'bw': 25}, ((0, 3), (29, 2)): {'bw': 25}, ((0, 3), (2, 21)): {'bw': 25}, ((1, 3), (np.int64(13), 2)): {'bw': 37}, ((1, 3), (2, 21)): {'bw': 37}, ((2, 3), (np.int64(35), 31)): {'bw': 8}, ((2, 3), (31, 29)): {'bw': 8}, ((2, 3), (29, 2)): {'bw': 8}, ((2, 3), (2, 21)): {'bw': 8}, ((3, 4), (np.int64(21), 23)): {'bw': 50}}",306.0,195.0,305.0,61.0,134.0,61.0,134.0,61.0,245.0,111.0,0.6372549019607843,72585.69292273064,46255.5886272303,151.16205433735394,Success,0.0,"{'node_level': {}, 'link_level': {}, 'path_level': {}}","{'node_level': {np.int64(0): {'cpu': -37}, np.int64(1): {'cpu': -29}, np.int64(2): {'cpu': -83}, np.int64(3): {'cpu': -40}, np.int64(4): {'cpu': -59}}, 'link_level': {(0, 2): {'bw': -126}, (0, 3): {'bw': -84}, (1, 3): {'bw': -170}, (2, 3): {'bw': -76}, (3, 4): {'bw': -247}}, 'path_level': {(0, 2): {}, (0, 3): {}, (1, 3): {}, (2, 3): {}, (3, 4): {}}}","{'node_level': {np.int64(0): {'cpu': 0}, np.int64(1): {'cpu': 0}, np.int64(2): {'cpu': 0}, np.int64(3): {'cpu': 0}, np.int64(4): {'cpu': 0}}, 'link_level': {(0, 2): {'bw': 0}, (0, 3): {'bw': 0}, (1, 3): {'bw': 0}, (2, 3): {'bw': 0}, (3, 4): {'bw': 0}}, 'path_level': {(0, 2): {}, (0, 3): {}, (1, 3): {}, (2, 3): {}, (3, 4): {}}}",[],-inf,-inf,True,True,False,0,[],0,0.0,5.0,5.0
33,26,13,7390.0,15201.0,2612112.962845984,4980695.046448796,0.4861522268271824,0.5244474794152282,33,48,1,799.0,12037,1928,10109,0.2573189522342064,0.29676521739130435,32,98.9838677180634,799.0,5,7,True,"{np.int64(0): np.int64(33), np.int64(1): np.int64(11), np.int64(2): np.int64(31), np.int64(3): np.int64(30), np.int64(4): np.int64(29)}","{(0, 2): [(np.int64(33), 30), (30, 28), (28, 31)], (0, 3): [(np.int64(33), 30)], (0, 4): [(np.int64(33), 30), (30, 29)], (1, 4): [(np.int64(11), 7), (7, 5), (5, 2), (2, 29)], (2, 3): [(np.int64(31), 28), (28, 30)], (2, 4): [(np.int64(31), 29)], (3, 4): [(np.int64(30), 29)]}","{(np.int64(0), np.int64(33)): {'cpu': 2}, (np.int64(1), np.int64(11)): {'cpu': 11}, (np.int64(2), np.int64(31)): {'cpu': 12}, (np.int64(3), np.int64(30)): {'cpu': 11}, (np.int64(4), np.int64(29)): {'cpu': 8}}","{((0, 2), (np.int64(33), 30)): {'bw': 36}, ((0, 2), (30, 28)): {'bw': 36}, ((0, 2), (28, 31)): {'bw': 36}, ((0, 3), (np.int64(33), 30)): {'bw': 49}, ((0, 4), (np.int64(33), 30)): {'bw': 12}, ((0, 4), (30, 29)): {'bw': 12}, ((1, 4), (np.int64(11), 7)): {'bw': 17}, ((1, 4), (7, 5)): {'bw': 17}, ((1, 4), (5, 2)): {'bw': 17}, ((1, 4), (2, 29)): {'bw': 17}, ((2, 3), (np.int64(31), 28)): {'bw': 31}, ((2, 3), (28, 30)): {'bw': 31}, ((2, 4), (np.int64(31), 29)): {'bw': 10}, ((3, 4), (np.int64(30), 29)): {'bw': 48}}",413.0,247.0,352.0,44.0,203.0,44.0,203.0,44.0,369.0,166.0,0.5980629539951574,40880.33736756018,24449.01532636166,59.19858432533089,Success,0.0,"{'node_level': {}, 'link_level': {}, 'path_level': {}}","{'node_level': {np.int64(0): {'cpu': -20}, np.int64(1): {'cpu': -62}, np.int64(2): {'cpu': -25}, np.int64(3): {'cpu': -3}, np.int64(4): {'cpu': -9}}, 'link_level': {(0, 2): {'bw': -36}, (0, 3): {'bw': -115}, (0, 4): {'bw': -65}, (1, 4): {'bw': -59}, (2, 3): {'bw': -5}, (2, 4): {'bw': -224}, (3, 4): {'bw': -17}}, 'path_level': {(0, 2): {}, (0, 3): {}, (0, 4): {}, (1, 4): {}, (2, 3): {}, (2, 4): {}, (3, 4): {}}}","{'node_level': {np.int64(0): {'cpu': 0}, np.int64(1): {'cpu': 0}, np.int64(2): {'cpu': 0}, np.int64(3): {'cpu': 0}, np.int64(4): {'cpu': 0}}, 'link_level': {(0, 2): {'bw': 0}, (0, 3): {'bw': 0}, (0, 4): {'bw': 0}, (1, 4): {'bw': 0}, (2, 3): {'bw': 0}, (2, 4): {'bw': 0}, (3, 4): {'bw': 0}}, 'path_level': {(0, 2): {}, (0, 3): {}, (0, 4): {}, (1, 4): {}, (2, 3): {}, (2, 4): {}, (3, 4): {}}}",[],-inf,-inf,True,True,False,0,[],0,0.0,5.0,7.0
33,26,13,7390.0,15201.0,2612112.962845984,4980695.046448796,0.4861522268271824,0.5244474794152282,33,49,0,808.5398334675922,12037,1928,10109,0.2573189522342064,0.29676521739130435,15,383.53983346759213,425.0,9,12,False,{},{},{},{},0.0,0.0,0.0,0.0,0.0,0.0,0.0,0.0,0.0,0.0,0.0,0.0,0.0,0.0,Leave Event,0.0,"{'node_level': {}, 'link_level': {}, 'path_level': {}}","{'node_level': {}, 'link_level': {}, 'path_level': {}}","{'node_level': {}, 'link_level': {}, 'path_level': {}}",[],-inf,-inf,True,True,False,0,[],0,0.0,,
33,26,12,7390.0,15201.0,2612112.962845984,4980695.046448796,0.4861522268271824,0.5244474794152282,33,50,0,812.7538252948841,12071,1952,10119,0.24807395993836667,0.29606956521739125,26,146.75382529488408,666.0,2,1,False,{},{},{},{},0.0,0.0,0.0,0.0,0.0,0.0,0.0,0.0,0.0,0.0,0.0,0.0,0.0,0.0,Leave Event,0.0,"{'node_level': {}, 'link_level': {}, 'path_level': {}}","{'node_level': {}, 'link_level': {}, 'path_level': {}}","{'node_level': {}, 'link_level': {}, 'path_level': {}}",[],-inf,-inf,True,True,False,0,[],0,0.0,,
34,26,12,7390.0,15201.0,2612112.962845984,4980695.046448796,0.4861522268271824,0.5244474794152282,33,51,1,820.0,12071,1952,10119,0.24807395993836667,0.29606956521739125,33,12.49417645917305,820.0,5,6,False,{},{},{},{},0.0,0.0,90.0,45.0,195.0,0.0,0.0,0.0,0.0,0.0,0.0,0.0,0.0,0.0,Unknown Reason,0.0,"{'node_level': {}, 'link_level': {}, 'path_level': {}}","{'node_level': {}, 'link_level': {}, 'path_level': {}}","{'node_level': {}, 'link_level': {}, 'path_level': {}}",[],-inf,-inf,True,True,False,0,[],0,0.0,0.0,0.0
34,26,11,7390.0,15201.0,2612112.962845984,4980695.046448796,0.4861522268271824,0.5244474794152282,33,52,0,823.3984060406185,12322,2001,10321,0.2291987673343605,0.2820173913043478,7,609.3984060406185,214.0,4,5,False,{},{},{},{},0.0,0.0,0.0,0.0,0.0,0.0,0.0,0.0,0.0,0.0,0.0,0.0,0.0,0.0,Leave Event,0.0,"{'node_level': {}, 'link_level': {}, 'path_level': {}}","{'node_level': {}, 'link_level': {}, 'path_level': {}}","{'node_level': {}, 'link_level': {}, 'path_level': {}}",[],-inf,-inf,True,True,False,0,[],0,0.0,,
34,26,11,7390.0,15201.0,2612112.962845984,4980695.046448796,0.4861522268271824,0.5244474794152282,33,53,0,832.4941764591731,12322,2001,10321,0.2291987673343605,0.2820173913043478,33,12.49417645917305,820.0,5,6,False,{},{},{},{},0.0,0.0,0.0,0.0,0.0,0.0,0.0,0.0,0.0,0.0,0.0,0.0,0.0,0.0,Leave Event,0.0,"{'node_level': {}, 'link_level': {}, 'path_level': {}}","{'node_level': {}, 'link_level': {}, 'path_level': {}}","{'node_level': {}, 'link_level': {}, 'path_level': {}}",[],-inf,-inf,True,True,False,0,[],0,0.0,,
35,27,12,7925.0,16305.0,2630735.690045315,5019124.001267603,0.48604722477767554,0.5241423980321885,33,54,1,835.0,11218,1896,9322,0.2696456086286595,0.35151304347826084,34,34.80883588660023,835.0,9,23,True,"{np.int64(0): np.int64(0), np.int64(1): np.int64(5), np.int64(2): np.int64(31), np.int64(3): np.int64(28), np.int64(4): np.int64(13), np.int64(5): np.int64(23), np.int64(6): np.int64(1), np.int64(7): np.int64(29), np.int64(8): np.int64(3)}","{(0, 2): [(np.int64(0), 28), (28, 31)], (0, 4): [(np.int64(0), 12), (12, 14), (14, 13)], (0, 5): [(np.int64(0), 20), (20, 23)], (0, 6): [(np.int64(0), 4), (4, 1)], (1, 2): [(np.int64(5), 2), (2, 29), (29, 31)], (1, 3): [(np.int64(5), 2), (2, 29), (29, 31), (31, 28)], (1, 4): [(np.int64(5), 2), (2, 13)], (1, 5): [(np.int64(5), 2), (2, 21), (21, 23)], (1, 6): [(np.int64(5), 6), (6, 4), (4, 1)], (1, 7): [(np.int64(5), 2), (2, 29)], (1, 8): [(np.int64(5), 3)], (2, 4): [(np.int64(31), 29), (29, 2), (2, 13)], (2, 5): [(np.int64(31), 28), (28, 0), (0, 20), (20, 23)], (2, 8): [(np.int64(31), 29), (29, 3)], (3, 5): [(np.int64(28), 0), (0, 20), (20, 23)], (3, 6): [(np.int64(28), 1)], (3, 8): [(np.int64(28), 31), (31, 29), (29, 3)], (4, 6): [(np.int64(13), 14), (14, 12), (12, 1)], (4, 7): [(np.int64(13), 2), (2, 29)], (5, 6): [(np.int64(23), 20), (20, 1)], (6, 7): [(np.int64(1), 28), (28, 31), (31, 29)], (6, 8): [(np.int64(1), 4), (4, 6), (6, 5), (5, 3)], (7, 8): [(np.int64(29), 3)]}","{(np.int64(0), np.int64(0)): {'cpu': 11}, (np.int64(1), np.int64(5)): {'cpu': 14}, (np.int64(2), np.int64(31)): {'cpu': 19}, (np.int64(3), np.int64(28)): {'cpu': 20}, (np.int64(4), np.int64(13)): {'cpu': 9}, (np.int64(5), np.int64(23)): {'cpu': 3}, (np.int64(6), np.int64(1)): {'cpu': 16}, (np.int64(7), np.int64(29)): {'cpu': 0}, (np.int64(8), np.int64(3)): {'cpu': 13}}","{((0, 2), (np.int64(0), 28)): {'bw': 38}, ((0, 2), (28, 31)): {'bw': 38}, ((0, 4), (np.int64(0), 12)): {'bw': 4}, ((0, 4), (12, 14)): {'bw': 4}, ((0, 4), (14, 13)): {'bw': 4}, ((0, 5), (np.int64(0), 20)): {'bw': 3}, ((0, 5), (20, 23)): {'bw': 3}, ((0, 6), (np.int64(0), 4)): {'bw': 19}, ((0, 6), (4, 1)): {'bw': 19}, ((1, 2), (np.int64(5), 2)): {'bw': 17}, ((1, 2), (2, 29)): {'bw': 17}, ((1, 2), (29, 31)): {'bw': 17}, ((1, 3), (np.int64(5), 2)): {'bw': 16}, ((1, 3), (2, 29)): {'bw': 16}, ((1, 3), (29, 31)): {'bw': 16}, ((1, 3), (31, 28)): {'bw': 16}, ((1, 4), (np.int64(5), 2)): {'bw': 7}, ((1, 4), (2, 13)): {'bw': 7}, ((1, 5), (np.int64(5), 2)): {'bw': 24}, ((1, 5), (2, 21)): {'bw': 24}, ((1, 5), (21, 23)): {'bw': 24}, ((1, 6), (np.int64(5), 6)): {'bw': 11}, ((1, 6), (6, 4)): {'bw': 11}, ((1, 6), (4, 1)): {'bw': 11}, ((1, 7), (np.int64(5), 2)): {'bw': 22}, ((1, 7), (2, 29)): {'bw': 22}, ((1, 8), (np.int64(5), 3)): {'bw': 27}, ((2, 4), (np.int64(31), 29)): {'bw': 2}, ((2, 4), (29, 2)): {'bw': 2}, ((2, 4), (2, 13)): {'bw': 2}, ((2, 5), (np.int64(31), 28)): {'bw': 8}, ((2, 5), (28, 0)): {'bw': 8}, ((2, 5), (0, 20)): {'bw': 8}, ((2, 5), (20, 23)): {'bw': 8}, ((2, 8), (np.int64(31), 29)): {'bw': 8}, ((2, 8), (29, 3)): {'bw': 8}, ((3, 5), (np.int64(28), 0)): {'bw': 25}, ((3, 5), (0, 20)): {'bw': 25}, ((3, 5), (20, 23)): {'bw': 25}, ((3, 6), (np.int64(28), 1)): {'bw': 38}, ((3, 8), (np.int64(28), 31)): {'bw': 33}, ((3, 8), (31, 29)): {'bw': 33}, ((3, 8), (29, 3)): {'bw': 33}, ((4, 6), (np.int64(13), 14)): {'bw': 24}, ((4, 6), (14, 12)): {'bw': 24}, ((4, 6), (12, 1)): {'bw': 24}, ((4, 7), (np.int64(13), 2)): {'bw': 21}, ((4, 7), (2, 29)): {'bw': 21}, ((5, 6), (np.int64(23), 20)): {'bw': 4}, ((5, 6), (20, 1)): {'bw': 4}, ((6, 7), (np.int64(1), 28)): {'bw': 31}, ((6, 7), (28, 31)): {'bw': 31}, ((6, 7), (31, 29)): {'bw': 31}, ((6, 8), (np.int64(1), 4)): {'bw': 11}, ((6, 8), (4, 6)): {'bw': 11}, ((6, 8), (6, 5)): {'bw': 11}, ((6, 8), (5, 3)): {'bw': 11}, ((7, 8), (np.int64(29), 3)): {'bw': 37}}",1104.0,535.0,840.0,105.0,430.0,105.0,430.0,105.0,999.0,569.0,0.4846014492753623,38428.954818806655,18622.727199331122,16.86841231823471,Success,0.0,"{'node_level': {}, 'link_level': {}, 'path_level': {}}","{'node_level': {np.int64(0): {'cpu': -58}, np.int64(1): {'cpu': -53}, np.int64(2): {'cpu': -6}, np.int64(3): {'cpu': -28}, np.int64(4): {'cpu': -20}, np.int64(5): {'cpu': -56}, np.int64(6): {'cpu': -69}, np.int64(7): {'cpu': -16}, np.int64(8): {'cpu': 0}}, 'link_level': {(0, 2): {'bw': -87}, (0, 4): {'bw': -96}, (0, 5): {'bw': -198}, (0, 6): {'bw': -213}, (1, 2): {'bw': -66}, (1, 3): {'bw': -50}, (1, 4): {'bw': -109}, (1, 5): {'bw': -85}, (1, 6): {'bw': -102}, (1, 7): {'bw': -28}, (1, 8): {'bw': -110}, (2, 4): {'bw': -26}, (2, 5): {'bw': -79}, (2, 8): {'bw': -177}, (3, 5): {'bw': -54}, (3, 6): {'bw': -307}, (3, 8): {'bw': -78}, (4, 6): {'bw': -86}, (4, 7): {'bw': -5}, (5, 6): {'bw': -161}, (6, 7): {'bw': -47}, (6, 8): {'bw': -91}, (7, 8): {'bw': -107}}, 'path_level': {(0, 2): {}, (0, 4): {}, (0, 5): {}, (0, 6): {}, (1, 2): {}, (1, 3): {}, (1, 4): {}, (1, 5): {}, (1, 6): {}, (1, 7): {}, (1, 8): {}, (2, 4): {}, (2, 5): {}, (2, 8): {}, (3, 5): {}, (3, 6): {}, (3, 8): {}, (4, 6): {}, (4, 7): {}, (5, 6): {}, (6, 7): {}, (6, 8): {}, (7, 8): {}}}","{'node_level': {np.int64(0): {'cpu': 0}, np.int64(1): {'cpu': 0}, np.int64(2): {'cpu': 0}, np.int64(3): {'cpu': 0}, np.int64(4): {'cpu': 0}, np.int64(5): {'cpu': 0}, np.int64(6): {'cpu': 0}, np.int64(7): {'cpu': 0}, np.int64(8): {'cpu': 0}}, 'link_level': {(0, 2): {'bw': 0}, (0, 4): {'bw': 0}, (0, 5): {'bw': 0}, (0, 6): {'bw': 0}, (1, 2): {'bw': 0}, (1, 3): {'bw': 0}, (1, 4): {'bw': 0}, (1, 5): {'bw': 0}, (1, 6): {'bw': 0}, (1, 7): {'bw': 0}, (1, 8): {'bw': 0}, (2, 4): {'bw': 0}, (2, 5): {'bw': 0}, (2, 8): {'bw': 0}, (3, 5): {'bw': 0}, (3, 6): {'bw': 0}, (3, 8): {'bw': 0}, (4, 6): {'bw': 0}, (4, 7): {'bw': 0}, (5, 6): {'bw': 0}, (6, 7): {'bw': 0}, (6, 8): {'bw': 0}, (7, 8): {'bw': 0}}, 'path_level': {(0, 2): {}, (0, 4): {}, (0, 5): {}, (0, 6): {}, (1, 2): {}, (1, 3): {}, (1, 4): {}, (1, 5): {}, (1, 6): {}, (1, 7): {}, (1, 8): {}, (2, 4): {}, (2, 5): {}, (2, 8): {}, (3, 5): {}, (3, 6): {}, (3, 8): {}, (4, 6): {}, (4, 7): {}, (5, 6): {}, (6, 7): {}, (6, 8): {}, (7, 8): {}}}",[],-inf,-inf,True,True,False,0,[],0,0.0,9.0,23.0
35,27,11,7925.0,16305.0,2630735.690045315,5019124.001267603,0.48604722477767554,0.5241423980321885,33,55,0,866.9148582134435,11839,1968,9871,0.24191063174114025,0.3133217391304348,14,475.91485821344355,391.0,8,14,False,{},{},{},{},0.0,0.0,0.0,0.0,0.0,0.0,0.0,0.0,0.0,0.0,0.0,0.0,0.0,0.0,Leave Event,0.0,"{'node_level': {}, 'link_level': {}, 'path_level': {}}","{'node_level': {}, 'link_level': {}, 'path_level': {}}","{'node_level': {}, 'link_level': {}, 'path_level': {}}",[],-inf,-inf,True,True,False,0,[],0,0.0,,
36,28,12,7973.0,16353.0,2658036.61400949,5046424.925231777,0.48755580015899225,0.5267167655104685,33,56,1,867.0,11791,1951,9840,0.24845916795069334,0.3154782608695652,35,568.7692492536397,867.0,2,1,True,"{np.int64(0): np.int64(31), np.int64(1): np.int64(28)}","{(0, 1): [(np.int64(31), 28)]}","{(np.int64(0), np.int64(31)): {'cpu': 7}, (np.int64(1), np.int64(28)): {'cpu': 10}}","{((0, 1), (np.int64(31), 28)): {'bw': 31}}",48.0,48.0,51.0,17.0,31.0,17.0,31.0,17.0,31.0,0.0,1.0,27300.923964174704,27300.923964174704,568.7692492536397,Success,0.0,"{'node_level': {}, 'link_level': {}, 'path_level': {}}","{'node_level': {np.int64(0): {'cpu': -14}, np.int64(1): {'cpu': -32}}, 'link_level': {(0, 1): {'bw': -37}}, 'path_level': {(0, 1): {}}}","{'node_level': {np.int64(0): {'cpu': 0}, np.int64(1): {'cpu': 0}}, 'link_level': {(0, 1): {'bw': 0}}, 'path_level': {(0, 1): {}}}",[],-inf,-inf,True,True,False,0,[],0,0.0,2.0,1.0
36,28,11,7973.0,16353.0,2658036.61400949,5046424.925231777,0.48755580015899225,0.5267167655104685,33,57,0,869.8088358866003,12895,2056,10839,0.20801232665639446,0.24598260869565214,34,34.80883588660023,835.0,9,23,False,{},{},{},{},0.0,0.0,0.0,0.0,0.0,0.0,0.0,0.0,0.0,0.0,0.0,0.0,0.0,0.0,Leave Event,0.0,"{'node_level': {}, 'link_level': {}, 'path_level': {}}","{'node_level': {}, 'link_level': {}, 'path_level': {}}","{'node_level': {}, 'link_level': {}, 'path_level': {}}",[],-inf,-inf,True,True,False,0,[],0,0.0,,
37,29,12,8080.0,16478.0,2690381.709684453,5084211.251954865,0.4903507707246025,0.5291640288648527,33,58,1,890.0,12770,2009,10761,0.2261171032357473,0.25140869565217394,36,302.2906137847028,890.0,3,3,True,"{np.int64(0): np.int64(13), np.int64(1): np.int64(18), np.int64(2): np.int64(15)}","{(0, 1): [(np.int64(13), 15), (15, 18)], (0, 2): [(np.int64(13), 15)], (1, 2): [(np.int64(18), 15)]}","{(np.int64(0), np.int64(13)): {'cpu': 9}, (np.int64(1), np.int64(18)): {'cpu': 19}, (np.int64(2), np.int64(15)): {'cpu': 19}}","{((0, 1), (np.int64(13), 15)): {'bw': 18}, ((0, 1), (15, 18)): {'bw': 18}, ((0, 2), (np.int64(13), 15)): {'bw': 23}, ((1, 2), (np.int64(18), 15)): {'bw': 19}}",125.0,107.0,235.0,47.0,60.0,47.0,60.0,47.0,78.0,18.0,0.856,37786.326723087855,32345.095674963202,258.76076539970563,Success,0.0,"{'node_level': {}, 'link_level': {}, 'path_level': {}}","{'node_level': {np.int64(0): {'cpu': -25}, np.int64(1): {'cpu': -55}, np.int64(2): {'cpu': -15}}, 'link_level': {(0, 1): {'bw': -116}, (0, 2): {'bw': -93}, (1, 2): {'bw': -303}}, 'path_level': {(0, 1): {}, (0, 2): {}, (1, 2): {}}}","{'node_level': {np.int64(0): {'cpu': 0}, np.int64(1): {'cpu': 0}, np.int64(2): {'cpu': 0}}, 'link_level': {(0, 1): {'bw': 0}, (0, 2): {'bw': 0}, (1, 2): {'bw': 0}}, 'path_level': {(0, 1): {}, (0, 2): {}, (1, 2): {}}}",[],-inf,-inf,True,True,False,0,[],0,0.0,3.0,3.0
37,29,11,8080.0,16478.0,2690381.709684453,5084211.251954865,0.4903507707246025,0.5291640288648527,33,59,0,894.206363214473,13111,2058,11053,0.20724191063174113,0.23109565217391304,3,789.206363214473,105.0,5,5,False,{},{},{},{},0.0,0.0,0.0,0.0,0.0,0.0,0.0,0.0,0.0,0.0,0.0,0.0,0.0,0.0,Leave Event,0.0,"{'node_level': {}, 'link_level': {}, 'path_level': {}}","{'node_level': {}, 'link_level': {}, 'path_level': {}}","{'node_level': {}, 'link_level': {}, 'path_level': {}}",[],-inf,-inf,True,True,False,0,[],0,0.0,,
37,29,11,8080.0,16478.0,2690381.709684453,5084211.251954865,0.4903507707246025,0.5291640288648527,33,60,0,894.6892867594095,13111,2058,11053,0.20724191063174113,0.23109565217391304,16,445.6892867594094,449.0,9,22,False,{},{},{},{},0.0,0.0,0.0,0.0,0.0,0.0,0.0,0.0,0.0,0.0,0.0,0.0,0.0,0.0,Leave Event,0.0,"{'node_level': {}, 'link_level': {}, 'path_level': {}}","{'node_level': {}, 'link_level': {}, 'path_level': {}}","{'node_level': {}, 'link_level': {}, 'path_level': {}}",[],-inf,-inf,True,True,False,0,[],0,0.0,,
37,29,10,8080.0,16478.0,2690381.709684453,5084211.251954865,0.4903507707246025,0.5291640288648527,33,61,0,897.9838677180634,13524,2102,11422,0.1902927580893683,0.20542608695652176,32,98.9838677180634,799.0,5,7,False,{},{},{},{},0.0,0.0,0.0,0.0,0.0,0.0,0.0,0.0,0.0,0.0,0.0,0.0,0.0,0.0,Leave Event,0.0,"{'node_level': {}, 'link_level': {}, 'path_level': {}}","{'node_level': {}, 'link_level': {}, 'path_level': {}}","{'node_level': {}, 'link_level': {}, 'path_level': {}}",[],-inf,-inf,True,True,False,0,[],0,0.0,,
37,29,10,8080.0,16478.0,2690381.709684453,5084211.251954865,0.4903507707246025,0.5291640288648527,33,62,0,911.8349009512145,13524,2102,11422,0.1902927580893683,0.20542608695652176,29,186.83490095121454,725.0,10,23,False,{},{},{},{},0.0,0.0,0.0,0.0,0.0,0.0,0.0,0.0,0.0,0.0,0.0,0.0,0.0,0.0,Leave Event,0.0,"{'node_level': {}, 'link_level': {}, 'path_level': {}}","{'node_level': {}, 'link_level': {}, 'path_level': {}}","{'node_level': {}, 'link_level': {}, 'path_level': {}}",[],-inf,-inf,True,True,False,0,[],0,0.0,,
38,30,11,8145.0,16543.0,2715378.1033903197,5109207.645660731,0.4923532611980898,0.5314675565586966,33,63,1,919.0,13459,2084,11375,0.19722650231124805,0.20869565217391306,37,384.5599031671791,919.0,2,1,True,"{np.int64(0): np.int64(28), np.int64(1): np.int64(31)}","{(0, 1): [(np.int64(28), 31)]}","{(np.int64(0), np.int64(28)): {'cpu': 5}, (np.int64(1), np.int64(31)): {'cpu': 13}}","{((0, 1), (np.int64(28), 31)): {'bw': 47}}",65.0,65.0,54.0,18.0,47.0,18.0,47.0,18.0,47.0,0.0,1.0,24996.39370586664,24996.39370586664,384.5599031671791,Success,0.0,"{'node_level': {}, 'link_level': {}, 'path_level': {}}","{'node_level': {np.int64(0): {'cpu': -48}, np.int64(1): {'cpu': -32}}, 'link_level': {(0, 1): {'bw': -183}}, 'path_level': {(0, 1): {}}}","{'node_level': {np.int64(0): {'cpu': 0}, np.int64(1): {'cpu': 0}}, 'link_level': {(0, 1): {'bw': 0}}, 'path_level': {(0, 1): {}}}",[],-inf,-inf,True,True,False,0,[],0,0.0,2.0,1.0
39,31,12,8431.0,17068.0,3039965.22947232,5705040.656825243,0.49396531520974923,0.5328560149410063,33,64,1,938.0,12934,2021,10913,0.22149460708782742,0.24083478260869562,38,1134.9200212657358,938.0,6,9,True,"{np.int64(0): np.int64(14), np.int64(1): np.int64(3), np.int64(2): np.int64(31), np.int64(3): np.int64(21), np.int64(4): np.int64(1), np.int64(5): np.int64(30)}","{(0, 1): [(np.int64(14), 13), (13, 3)], (0, 2): [(np.int64(14), 12), (12, 0), (0, 28), (28, 31)], (0, 3): [(np.int64(14), 13), (13, 2), (2, 21)], (1, 2): [(np.int64(3), 29), (29, 31)], (1, 3): [(np.int64(3), 21)], (1, 5): [(np.int64(3), 29), (29, 30)], (2, 4): [(np.int64(31), 28), (28, 1)], (2, 5): [(np.int64(31), 28), (28, 30)], (3, 4): [(np.int64(21), 22), (22, 20), (20, 1)]}","{(np.int64(0), np.int64(14)): {'cpu': 19}, (np.int64(1), np.int64(3)): {'cpu': 12}, (np.int64(2), np.int64(31)): {'cpu': 11}, (np.int64(3), np.int64(21)): {'cpu': 0}, (np.int64(4), np.int64(1)): {'cpu': 14}, (np.int64(5), np.int64(30)): {'cpu': 7}}","{((0, 1), (np.int64(14), 13)): {'bw': 32}, ((0, 1), (13, 3)): {'bw': 32}, ((0, 2), (np.int64(14), 12)): {'bw': 1}, ((0, 2), (12, 0)): {'bw': 1}, ((0, 2), (0, 28)): {'bw': 1}, ((0, 2), (28, 31)): {'bw': 1}, ((0, 3), (np.int64(14), 13)): {'bw': 47}, ((0, 3), (13, 2)): {'bw': 47}, ((0, 3), (2, 21)): {'bw': 47}, ((1, 2), (np.int64(3), 29)): {'bw': 45}, ((1, 2), (29, 31)): {'bw': 45}, ((1, 3), (np.int64(3), 21)): {'bw': 43}, ((1, 5), (np.int64(3), 29)): {'bw': 26}, ((1, 5), (29, 30)): {'bw': 26}, ((2, 4), (np.int64(31), 28)): {'bw': 15}, ((2, 4), (28, 1)): {'bw': 15}, ((2, 5), (np.int64(31), 28)): {'bw': 4}, ((2, 5), (28, 30)): {'bw': 4}, ((3, 4), (np.int64(21), 22)): {'bw': 10}, ((3, 4), (22, 20)): {'bw': 10}, ((3, 4), (20, 1)): {'bw': 10}}",525.0,286.0,441.0,63.0,223.0,63.0,223.0,63.0,462.0,239.0,0.5447619047619048,595833.0111645113,324587.12608200044,618.2611925371438,Success,0.0,"{'node_level': {}, 'link_level': {}, 'path_level': {}}","{'node_level': {np.int64(0): {'cpu': -39}, np.int64(1): {'cpu': -18}, np.int64(2): {'cpu': -21}, np.int64(3): {'cpu': -49}, np.int64(4): {'cpu': -71}, np.int64(5): {'cpu': -27}}, 'link_level': {(0, 1): {'bw': -169}, (0, 2): {'bw': -99}, (0, 3): {'bw': -122}, (1, 2): {'bw': -213}, (1, 3): {'bw': -241}, (1, 5): {'bw': -166}, (2, 4): {'bw': -167}, (2, 5): {'bw': -158}, (3, 4): {'bw': -222}}, 'path_level': {(0, 1): {}, (0, 2): {}, (0, 3): {}, (1, 2): {}, (1, 3): {}, (1, 5): {}, (2, 4): {}, (2, 5): {}, (3, 4): {}}}","{'node_level': {np.int64(0): {'cpu': 0}, np.int64(1): {'cpu': 0}, np.int64(2): {'cpu': 0}, np.int64(3): {'cpu': 0}, np.int64(4): {'cpu': 0}, np.int64(5): {'cpu': 0}}, 'link_level': {(0, 1): {'bw': 0}, (0, 2): {'bw': 0}, (0, 3): {'bw': 0}, (1, 2): {'bw': 0}, (1, 3): {'bw': 0}, (1, 5): {'bw': 0}, (2, 4): {'bw': 0}, (2, 5): {'bw': 0}, (3, 4): {'bw': 0}}, 'path_level': {(0, 1): {}, (0, 2): {}, (0, 3): {}, (1, 2): {}, (1, 3): {}, (1, 5): {}, (2, 4): {}, (2, 5): {}, (3, 4): {}}}",[],-inf,-inf,True,True,False,0,[],0,0.0,6.0,9.0
39,31,12,8431.0,17068.0,3039965.22947232,5705040.656825243,0.49396531520974923,0.5328560149410063,33,65,0,952.1222914546449,12934,2021,10913,0.22149460708782742,0.24083478260869562,24,337.12229145464494,615.0,5,5,False,{},{},{},{},0.0,0.0,0.0,0.0,0.0,0.0,0.0,0.0,0.0,0.0,0.0,0.0,0.0,0.0,Leave Event,0.0,"{'node_level': {}, 'link_level': {}, 'path_level': {}}","{'node_level': {}, 'link_level': {}, 'path_level': {}}","{'node_level': {}, 'link_level': {}, 'path_level': {}}",[],-inf,-inf,True,True,False,0,[],0,0.0,,
40,31,12,8431.0,17068.0,3039965.22947232,5705040.656825243,0.49396531520974923,0.5328560149410063,33,66,1,960.0,12934,2021,10913,0.22149460708782742,0.24083478260869562,39,2319.8263357747524,960.0,9,17,False,{},{},{},{},0.0,0.0,206.0,103.0,444.0,0.0,0.0,0.0,0.0,0.0,0.0,0.0,0.0,0.0,Unknown Reason,0.0,"{'node_level': {}, 'link_level': {}, 'path_level': {}}","{'node_level': {}, 'link_level': {}, 'path_level': {}}","{'node_level': {}, 'link_level': {}, 'path_level': {}}",[],-inf,-inf,True,True,False,0,[],0,0.0,0.0,0.0
41,32,13,8592.0,17298.0,3059646.7570960326,5733157.124859118,0.49670482136663197,0.5336757201070462,33,67,1,981.0,12704,1972,10732,0.24036979969183359,0.2534260869565217,40,122.24551319076085,981.0,5,7,True,"{np.int64(0): np.int64(17), np.int64(1): np.int64(27), np.int64(2): np.int64(2), np.int64(3): np.int64(14), np.int64(4): np.int64(13)}","{(0, 1): [(np.int64(17), 14), (14, 12), (12, 0), (0, 20), (20, 23), (23, np.int64(27))], (0, 2): [(np.int64(17), 14), (14, 13), (13, np.int64(2))], (0, 3): [(np.int64(17), 14)], (0, 4): [(np.int64(17), 14), (14, 13)], (1, 4): [(np.int64(27), 23), (23, 21), (21, 2), (2, np.int64(13))], (2, 4): [(np.int64(2), 13)], (3, 4): [(np.int64(14), 13)]}","{(np.int64(0), np.int64(17)): {'cpu': 2}, (np.int64(1), np.int64(27)): {'cpu': 9}, (np.int64(2), np.int64(2)): {'cpu': 14}, (np.int64(3), np.int64(14)): {'cpu': 4}, (np.int64(4), np.int64(13)): {'cpu': 20}}","{((0, 1), (np.int64(17), 14)): {'bw': 0}, ((0, 1), (14, 12)): {'bw': 0}, ((0, 1), (12, 0)): {'bw': 0}, ((0, 1), (0, 20)): {'bw': 0}, ((0, 1), (20, 23)): {'bw': 0}, ((0, 1), (23, np.int64(27))): {'bw': 0}, ((0, 2), (np.int64(17), 14)): {'bw': 10}, ((0, 2), (14, 13)): {'bw': 10}, ((0, 2), (13, np.int64(2))): {'bw': 10}, ((0, 3), (np.int64(17), 14)): {'bw': 13}, ((0, 4), (np.int64(17), 14)): {'bw': 43}, ((0, 4), (14, 13)): {'bw': 43}, ((1, 4), (np.int64(27), 23)): {'bw': 2}, ((1, 4), (23, 21)): {'bw': 2}, ((1, 4), (21, 2)): {'bw': 2}, ((1, 4), (2, np.int64(13))): {'bw': 2}, ((2, 4), (np.int64(2), 13)): {'bw': 37}, ((3, 4), (np.int64(14), 13)): {'bw': 7}}",230.0,161.0,147.0,49.0,112.0,49.0,112.0,49.0,181.0,69.0,0.7,28116.468033874993,19681.527623712496,85.57185923353259,Success,0.0,"{'node_level': {}, 'link_level': {}, 'path_level': {}}","{'node_level': {np.int64(0): {'cpu': -70}, np.int64(1): {'cpu': -50}, np.int64(2): {'cpu': -17}, np.int64(3): {'cpu': -35}, np.int64(4): {'cpu': -5}}, 'link_level': {(0, 1): {'bw': -99}, (0, 2): {'bw': -112}, (0, 3): {'bw': -215}, (0, 4): {'bw': -69}, (1, 4): {'bw': -143}, (2, 4): {'bw': -156}, (3, 4): {'bw': -62}}, 'path_level': {(0, 1): {}, (0, 2): {}, (0, 3): {}, (0, 4): {}, (1, 4): {}, (2, 4): {}, (3, 4): {}}}","{'node_level': {np.int64(0): {'cpu': 0}, np.int64(1): {'cpu': 0}, np.int64(2): {'cpu': 0}, np.int64(3): {'cpu': 0}, np.int64(4): {'cpu': 0}}, 'link_level': {(0, 1): {'bw': 0}, (0, 2): {'bw': 0}, (0, 3): {'bw': 0}, (0, 4): {'bw': 0}, (1, 4): {'bw': 0}, (2, 4): {'bw': 0}, (3, 4): {'bw': 0}}, 'path_level': {(0, 1): {}, (0, 2): {}, (0, 3): {}, (0, 4): {}, (1, 4): {}, (2, 4): {}, (3, 4): {}}}",[],-inf,-inf,True,True,False,0,[],0,0.0,5.0,7.0
41,32,12,8592.0,17298.0,3059646.7570960326,5733157.124859118,0.49670482136663197,0.5336757201070462,33,68,0,996.9487796914676,12918,2022,10896,0.22110939907550076,0.24201739130434785,28,284.9487796914676,712.0,5,5,False,{},{},{},{},0.0,0.0,0.0,0.0,0.0,0.0,0.0,0.0,0.0,0.0,0.0,0.0,0.0,0.0,Leave Event,0.0,"{'node_level': {}, 'link_level': {}, 'path_level': {}}","{'node_level': {}, 'link_level': {}, 'path_level': {}}","{'node_level': {}, 'link_level': {}, 'path_level': {}}",[],-inf,-inf,True,True,False,0,[],0,0.0,,
42,33,13,8755.0,17579.0,3148310.9683232624,5886007.697588269,0.4980374310256556,0.5348805387416076,33,69,1,1016.0,12637,1985,10652,0.23536209553158705,0.25899130434782613,41,543.9522161179746,1016.0,4,4,True,"{np.int64(0): np.int64(6), np.int64(1): np.int64(9), np.int64(2): np.int64(1), np.int64(3): np.int64(28)}","{(0, 1): [(np.int64(6), 9)], (0, 2): [(np.int64(6), 4), (4, 1)], (0, 3): [(np.int64(6), 4), (4, 0), (0, 28)], (2, 3): [(np.int64(1), 28)]}","{(np.int64(0), np.int64(6)): {'cpu': 17}, (np.int64(1), np.int64(9)): {'cpu': 3}, (np.int64(2), np.int64(1)): {'cpu': 15}, (np.int64(3), np.int64(28)): {'cpu': 2}}","{((0, 1), (np.int64(6), 9)): {'bw': 16}, ((0, 2), (np.int64(6), 4)): {'bw': 18}, ((0, 2), (4, 1)): {'bw': 18}, ((0, 3), (np.int64(6), 4)): {'bw': 50}, ((0, 3), (4, 0)): {'bw': 50}, ((0, 3), (0, 28)): {'bw': 50}, ((2, 3), (np.int64(1), 28)): {'bw': 42}}",281.0,163.0,407.0,37.0,126.0,37.0,126.0,37.0,244.0,118.0,0.5800711743772242,152850.57272915085,88664.21122722985,315.53100080864715,Success,0.0,"{'node_level': {}, 'link_level': {}, 'path_level': {}}","{'node_level': {np.int64(0): {'cpu': -42}, np.int64(1): {'cpu': -97}, np.int64(2): {'cpu': -56}, np.int64(3): {'cpu': -46}}, 'link_level': {(0, 1): {'bw': -348}, (0, 2): {'bw': -253}, (0, 3): {'bw': -126}, (2, 3): {'bw': -288}}, 'path_level': {(0, 1): {}, (0, 2): {}, (0, 3): {}, (2, 3): {}}}","{'node_level': {np.int64(0): {'cpu': 0}, np.int64(1): {'cpu': 0}, np.int64(2): {'cpu': 0}, np.int64(3): {'cpu': 0}}, 'link_level': {(0, 1): {'bw': 0}, (0, 2): {'bw': 0}, (0, 3): {'bw': 0}, (2, 3): {'bw': 0}}, 'path_level': {(0, 1): {}, (0, 2): {}, (0, 3): {}, (2, 3): {}}}",[],-inf,-inf,True,True,False,0,[],0,0.0,4.0,4.0
42,33,12,8755.0,17579.0,3148310.9683232624,5886007.697588269,0.4980374310256556,0.5348805387416076,33,70,0,1018.2081468063093,12943,2046,10897,0.211864406779661,0.24194782608695653,31,237.20814680630926,781.0,5,5,False,{},{},{},{},0.0,0.0,0.0,0.0,0.0,0.0,0.0,0.0,0.0,0.0,0.0,0.0,0.0,0.0,Leave Event,0.0,"{'node_level': {}, 'link_level': {}, 'path_level': {}}","{'node_level': {}, 'link_level': {}, 'path_level': {}}","{'node_level': {}, 'link_level': {}, 'path_level': {}}",[],-inf,-inf,True,True,False,0,[],0,0.0,,
43,34,13,9463.0,19333.0,3256495.102937977,6154023.1949247215,0.48947395644752495,0.5291652305801573,33,71,1,1045.0,11189,1942,9247,0.2519260400616333,0.3567304347826087,42,152.80245002078274,1045.0,9,22,True,"{np.int64(0): np.int64(30), np.int64(1): np.int64(21), np.int64(2): np.int64(10), np.int64(3): np.int64(2), np.int64(4): np.int64(23), np.int64(5): np.int64(14), np.int64(6): np.int64(13), np.int64(7): np.int64(4), np.int64(8): np.int64(0)}","{(0, 1): [(np.int64(30), 29), (29, 2), (2, 21)], (0, 4): [(np.int64(30), 28), (28, 0), (0, 20), (20, 23)], (0, 6): [(np.int64(30), 29), (29, 2), (2, 13)], (0, 7): [(np.int64(30), 28), (28, 0), (0, 4)], (1, 3): [(np.int64(21), 2)], (1, 4): [(np.int64(21), 23)], (1, 6): [(np.int64(21), 2), (2, 13)], (1, 7): [(np.int64(21), 2), (2, 5), (5, 6), (6, 4)], (1, 8): [(np.int64(21), 22), (22, 20), (20, 0)], (2, 4): [(np.int64(10), 7), (7, 4), (4, 0), (0, 20), (20, 23)], (2, 5): [(np.int64(10), 7), (7, 4), (4, 0), (0, 12), (12, 14)], (2, 7): [(np.int64(10), 7), (7, 4)], (3, 4): [(np.int64(2), 21), (21, 23)], (3, 5): [(np.int64(2), 13), (13, 14)], (3, 6): [(np.int64(2), 13)], (3, 7): [(np.int64(2), 5), (5, 6), (6, 4)], (3, 8): [(np.int64(2), 5), (5, 6), (6, 4), (4, 0)], (4, 7): [(np.int64(23), 20), (20, 0), (0, 4)], (4, 8): [(np.int64(23), 20), (20, 0)], (5, 6): [(np.int64(14), 12), (12, 15), (15, 13)], (6, 8): [(np.int64(13), 15), (15, 12), (12, 0)], (7, 8): [(np.int64(4), 0)]}","{(np.int64(0), np.int64(30)): {'cpu': 18}, (np.int64(1), np.int64(21)): {'cpu': 3}, (np.int64(2), np.int64(10)): {'cpu': 17}, (np.int64(3), np.int64(2)): {'cpu': 7}, (np.int64(4), np.int64(23)): {'cpu': 10}, (np.int64(5), np.int64(14)): {'cpu': 14}, (np.int64(6), np.int64(13)): {'cpu': 5}, (np.int64(7), np.int64(4)): {'cpu': 11}, (np.int64(8), np.int64(0)): {'cpu': 19}}","{((0, 1), (np.int64(30), 29)): {'bw': 10}, ((0, 1), (29, 2)): {'bw': 10}, ((0, 1), (2, 21)): {'bw': 10}, ((0, 4), (np.int64(30), 28)): {'bw': 10}, ((0, 4), (28, 0)): {'bw': 10}, ((0, 4), (0, 20)): {'bw': 10}, ((0, 4), (20, 23)): {'bw': 10}, ((0, 6), (np.int64(30), 29)): {'bw': 9}, ((0, 6), (29, 2)): {'bw': 9}, ((0, 6), (2, 13)): {'bw': 9}, ((0, 7), (np.int64(30), 28)): {'bw': 27}, ((0, 7), (28, 0)): {'bw': 27}, ((0, 7), (0, 4)): {'bw': 27}, ((1, 3), (np.int64(21), 2)): {'bw': 35}, ((1, 4), (np.int64(21), 23)): {'bw': 11}, ((1, 6), (np.int64(21), 2)): {'bw': 32}, ((1, 6), (2, 13)): {'bw': 32}, ((1, 7), (np.int64(21), 2)): {'bw': 38}, ((1, 7), (2, 5)): {'bw': 38}, ((1, 7), (5, 6)): {'bw': 38}, ((1, 7), (6, 4)): {'bw': 38}, ((1, 8), (np.int64(21), 22)): {'bw': 31}, ((1, 8), (22, 20)): {'bw': 31}, ((1, 8), (20, 0)): {'bw': 31}, ((2, 4), (np.int64(10), 7)): {'bw': 22}, ((2, 4), (7, 4)): {'bw': 22}, ((2, 4), (4, 0)): {'bw': 22}, ((2, 4), (0, 20)): {'bw': 22}, ((2, 4), (20, 23)): {'bw': 22}, ((2, 5), (np.int64(10), 7)): {'bw': 27}, ((2, 5), (7, 4)): {'bw': 27}, ((2, 5), (4, 0)): {'bw': 27}, ((2, 5), (0, 12)): {'bw': 27}, ((2, 5), (12, 14)): {'bw': 27}, ((2, 7), (np.int64(10), 7)): {'bw': 21}, ((2, 7), (7, 4)): {'bw': 21}, ((3, 4), (np.int64(2), 21)): {'bw': 33}, ((3, 4), (21, 23)): {'bw': 33}, ((3, 5), (np.int64(2), 13)): {'bw': 44}, ((3, 5), (13, 14)): {'bw': 44}, ((3, 6), (np.int64(2), 13)): {'bw': 41}, ((3, 7), (np.int64(2), 5)): {'bw': 43}, ((3, 7), (5, 6)): {'bw': 43}, ((3, 7), (6, 4)): {'bw': 43}, ((3, 8), (np.int64(2), 5)): {'bw': 35}, ((3, 8), (5, 6)): {'bw': 35}, ((3, 8), (6, 4)): {'bw': 35}, ((3, 8), (4, 0)): {'bw': 35}, ((4, 7), (np.int64(23), 20)): {'bw': 41}, ((4, 7), (20, 0)): {'bw': 41}, ((4, 7), (0, 4)): {'bw': 41}, ((4, 8), (np.int64(23), 20)): {'bw': 23}, ((4, 8), (20, 0)): {'bw': 23}, ((5, 6), (np.int64(14), 12)): {'bw': 40}, ((5, 6), (12, 15)): {'bw': 40}, ((5, 6), (15, 13)): {'bw': 40}, ((6, 8), (np.int64(13), 15)): {'bw': 23}, ((6, 8), (15, 12)): {'bw': 23}, ((6, 8), (12, 0)): {'bw': 23}, ((7, 8), (np.int64(4), 0)): {'bw': 8}}",1754.0,708.0,1352.0,104.0,604.0,104.0,604.0,104.0,1650.0,1046.0,0.40364880273660203,268015.49733645294,108184.13461471419,61.67852600610843,Success,0.0,"{'node_level': {}, 'link_level': {}, 'path_level': {}}","{'node_level': {np.int64(0): {'cpu': -9}, np.int64(1): {'cpu': -57}, np.int64(2): {'cpu': -69}, np.int64(3): {'cpu': -10}, np.int64(4): {'cpu': -67}, np.int64(5): {'cpu': -21}, np.int64(6): {'cpu': -18}, np.int64(7): {'cpu': -24}, np.int64(8): {'cpu': -62}}, 'link_level': {(0, 1): {'bw': -156}, (0, 4): {'bw': -116}, (0, 6): {'bw': -147}, (0, 7): {'bw': -89}, (1, 3): {'bw': -168}, (1, 4): {'bw': -284}, (1, 6): {'bw': -136}, (1, 7): {'bw': -98}, (1, 8): {'bw': -224}, (2, 4): {'bw': -133}, (2, 5): {'bw': -72}, (2, 7): {'bw': -158}, (3, 4): {'bw': -65}, (3, 5): {'bw': -18}, (3, 6): {'bw': -67}, (3, 7): {'bw': -56}, (3, 8): {'bw': -21}, (4, 7): {'bw': -30}, (4, 8): {'bw': -105}, (5, 6): {'bw': -46}, (6, 8): {'bw': -30}, (7, 8): {'bw': -22}}, 'path_level': {(0, 1): {}, (0, 4): {}, (0, 6): {}, (0, 7): {}, (1, 3): {}, (1, 4): {}, (1, 6): {}, (1, 7): {}, (1, 8): {}, (2, 4): {}, (2, 5): {}, (2, 7): {}, (3, 4): {}, (3, 5): {}, (3, 6): {}, (3, 7): {}, (3, 8): {}, (4, 7): {}, (4, 8): {}, (5, 6): {}, (6, 8): {}, (7, 8): {}}}","{'node_level': {np.int64(0): {'cpu': 0}, np.int64(1): {'cpu': 0}, np.int64(2): {'cpu': 0}, np.int64(3): {'cpu': 0}, np.int64(4): {'cpu': 0}, np.int64(5): {'cpu': 0}, np.int64(6): {'cpu': 0}, np.int64(7): {'cpu': 0}, np.int64(8): {'cpu': 0}}, 'link_level': {(0, 1): {'bw': 0}, (0, 4): {'bw': 0}, (0, 6): {'bw': 0}, (0, 7): {'bw': 0}, (1, 3): {'bw': 0}, (1, 4): {'bw': 0}, (1, 6): {'bw': 0}, (1, 7): {'bw': 0}, (1, 8): {'bw': 0}, (2, 4): {'bw': 0}, (2, 5): {'bw': 0}, (2, 7): {'bw': 0}, (3, 4): {'bw': 0}, (3, 5): {'bw': 0}, (3, 6): {'bw': 0}, (3, 7): {'bw': 0}, (3, 8): {'bw': 0}, (4, 7): {'bw': 0}, (4, 8): {'bw': 0}, (5, 6): {'bw': 0}, (6, 8): {'bw': 0}, (7, 8): {'bw': 0}}, 'path_level': {(0, 1): {}, (0, 4): {}, (0, 6): {}, (0, 7): {}, (1, 3): {}, (1, 4): {}, (1, 6): {}, (1, 7): {}, (1, 8): {}, (2, 4): {}, (2, 5): {}, (2, 7): {}, (3, 4): {}, (3, 5): {}, (3, 6): {}, (3, 7): {}, (3, 8): {}, (4, 7): {}, (4, 8): {}, (5, 6): {}, (6, 8): {}, (7, 8): {}}}",[],-inf,-inf,True,True,False,0,[],0,0.0,9.0,22.0
44,35,14,9619.0,19489.0,3258122.7455692757,6155650.83755602,0.4935604700087229,0.5292897260662122,33,72,1,1069.0,11033,1890,9143,0.2719568567026194,0.3639652173913044,43,10.433606610891385,1069.0,4,4,True,"{np.int64(0): np.int64(22), np.int64(1): np.int64(23), np.int64(2): np.int64(20), np.int64(3): np.int64(21)}","{(0, 2): [(np.int64(22), 20)], (0, 3): [(np.int64(22), 21)], (1, 2): [(np.int64(23), 20)], (1, 3): [(np.int64(23), 21)]}","{(np.int64(0), np.int64(22)): {'cpu': 9}, (np.int64(1), np.int64(23)): {'cpu': 13}, (np.int64(2), np.int64(20)): {'cpu': 15}, (np.int64(3), np.int64(21)): {'cpu': 15}}","{((0, 2), (np.int64(22), 20)): {'bw': 36}, ((0, 3), (np.int64(22), 21)): {'bw': 1}, ((1, 2), (np.int64(23), 20)): {'bw': 30}, ((1, 3), (np.int64(23), 21)): {'bw': 37}}",156.0,156.0,728.0,52.0,104.0,52.0,104.0,52.0,104.0,0.0,1.0,1627.6426312990561,1627.6426312990561,10.433606610891385,Success,0.0,"{'node_level': {}, 'link_level': {}, 'path_level': {}}","{'node_level': {np.int64(0): {'cpu': -58}, np.int64(1): {'cpu': -54}, np.int64(2): {'cpu': -81}, np.int64(3): {'cpu': -42}}, 'link_level': {(0, 2): {'bw': -243}, (0, 3): {'bw': -223}, (1, 2): {'bw': -75}, (1, 3): {'bw': -214}}, 'path_level': {(0, 2): {}, (0, 3): {}, (1, 2): {}, (1, 3): {}}}","{'node_level': {np.int64(0): {'cpu': 0}, np.int64(1): {'cpu': 0}, np.int64(2): {'cpu': 0}, np.int64(3): {'cpu': 0}}, 'link_level': {(0, 2): {'bw': 0}, (0, 3): {'bw': 0}, (1, 2): {'bw': 0}, (1, 3): {'bw': 0}}, 'path_level': {(0, 2): {}, (0, 3): {}, (1, 2): {}, (1, 3): {}}}",[],-inf,-inf,True,True,False,0,[],0,0.0,4.0,4.0
44,35,13,9619.0,19489.0,3258122.7455692757,6155650.83755602,0.4935604700087229,0.5292897260662122,33,73,0,1079.4336066108913,11189,1942,9247,0.2519260400616333,0.3567304347826087,43,10.433606610891385,1069.0,4,4,False,{},{},{},{},0.0,0.0,0.0,0.0,0.0,0.0,0.0,0.0,0.0,0.0,0.0,0.0,0.0,0.0,Leave Event,0.0,"{'node_level': {}, 'link_level': {}, 'path_level': {}}","{'node_level': {}, 'link_level': {}, 'path_level': {}}","{'node_level': {}, 'link_level': {}, 'path_level': {}}",[],-inf,-inf,True,True,False,0,[],0,0.0,,
45,36,14,9648.0,19518.0,3278718.3057899848,6176246.397776729,0.4943129418997848,0.5308593755213893,33,74,1,1091.0,11160,1932,9228,0.25577812018489987,0.35805217391304345,44,710.1917317485868,1091.0,2,1,True,"{np.int64(0): np.int64(15), np.int64(1): np.int64(12)}","{(0, 1): [(np.int64(15), 12)]}","{(np.int64(0), np.int64(15)): {'cpu': 10}, (np.int64(1), np.int64(12)): {'cpu': 0}}","{((0, 1), (np.int64(15), 12)): {'bw': 19}}",29.0,29.0,40.0,10.0,19.0,10.0,19.0,10.0,19.0,0.0,1.0,20595.560220709016,20595.560220709016,710.1917317485868,Success,0.0,"{'node_level': {}, 'link_level': {}, 'path_level': {}}","{'node_level': {np.int64(0): {'cpu': -5}, np.int64(1): {'cpu': -46}}, 'link_level': {(0, 1): {'bw': -17}}, 'path_level': {(0, 1): {}}}","{'node_level': {np.int64(0): {'cpu': 0}, np.int64(1): {'cpu': 0}}, 'link_level': {(0, 1): {'bw': 0}}, 'path_level': {(0, 1): {}}}",[],-inf,-inf,True,True,False,0,[],0,0.0,2.0,1.0
45,36,13,9648.0,19518.0,3278718.3057899848,6176246.397776729,0.4943129418997848,0.5308593755213893,33,75,0,1103.245513190761,11390,1981,9409,0.2369029275808937,0.3454608695652174,40,122.24551319076085,981.0,5,7,False,{},{},{},{},0.0,0.0,0.0,0.0,0.0,0.0,0.0,0.0,0.0,0.0,0.0,0.0,0.0,0.0,Leave Event,0.0,"{'node_level': {}, 'link_level': {}, 'path_level': {}}","{'node_level': {}, 'link_level': {}, 'path_level': {}}","{'node_level': {}, 'link_level': {}, 'path_level': {}}",[],-inf,-inf,True,True,False,0,[],0,0.0,,
46,37,14,9688.0,19558.0,3286432.059848541,6183960.151835285,0.49534717251252686,0.5314445725969286,33,76,1,1115.0,11350,1972,9378,0.24036979969183359,0.3476173913043479,45,192.8438514639032,1115.0,2,1,True,"{np.int64(0): np.int64(0), np.int64(1): np.int64(20)}","{(0, 1): [(np.int64(0), 20)]}","{(np.int64(0), np.int64(0)): {'cpu': 6}, (np.int64(1), np.int64(20)): {'cpu': 3}}","{((0, 1), (np.int64(0), 20)): {'bw': 31}}",40.0,40.0,27.0,9.0,31.0,9.0,31.0,9.0,31.0,0.0,1.0,7713.754058556128,7713.754058556128,192.8438514639032,Success,0.0,"{'node_level': {}, 'link_level': {}, 'path_level': {}}","{'node_level': {np.int64(0): {'cpu': -56}, np.int64(1): {'cpu': -93}}, 'link_level': {(0, 1): {'bw': -189}}, 'path_level': {(0, 1): {}}}","{'node_level': {np.int64(0): {'cpu': 0}, np.int64(1): {'cpu': 0}}, 'link_level': {(0, 1): {'bw': 0}}, 'path_level': {(0, 1): {}}}",[],-inf,-inf,True,True,False,0,[],0,0.0,2.0,1.0
46,37,13,9688.0,19558.0,3286432.059848541,6183960.151835285,0.49534717251252686,0.5314445725969286,33,77,0,1124.8926916611094,12788,2089,10699,0.19530046224961484,0.25572173913043483,17,654.8926916611093,470.0,10,18,False,{},{},{},{},0.0,0.0,0.0,0.0,0.0,0.0,0.0,0.0,0.0,0.0,0.0,0.0,0.0,0.0,Leave Event,0.0,"{'node_level': {}, 'link_level': {}, 'path_level': {}}","{'node_level': {}, 'link_level': {}, 'path_level': {}}","{'node_level': {}, 'link_level': {}, 'path_level': {}}",[],-inf,-inf,True,True,False,0,[],0,0.0,,
47,38,14,9890.0,19905.0,3335279.5374680664,6267871.412894569,0.49686008540567694,0.5321231591647793,34,78,1,1141.0,12441,2039,10402,0.21456086286594767,0.2763826086956521,46,241.81919613626596,1141.0,6,7,True,"{np.int64(0): np.int64(21), np.int64(1): np.int64(2), np.int64(2): np.int64(34), np.int64(3): np.int64(3), np.int64(4): np.int64(26), np.int64(5): np.int64(29)}","{(0, 3): [(np.int64(21), 3)], (0, 4): [(np.int64(21), 23), (23, np.int64(26))], (1, 2): [(np.int64(2), 29), (29, 31), (31, np.int64(34))], (1, 5): [(np.int64(2), 29)], (2, 3): [(np.int64(34), 31), (31, 29), (29, np.int64(3))], (3, 5): [(np.int64(3), 29)], (4, 5): [(np.int64(26), 23), (23, 21), (21, 2), (2, np.int64(29))]}","{(np.int64(0), np.int64(21)): {'cpu': 16}, (np.int64(1), np.int64(2)): {'cpu': 3}, (np.int64(2), np.int64(34)): {'cpu': 6}, (np.int64(3), np.int64(3)): {'cpu': 9}, (np.int64(4), np.int64(26)): {'cpu': 5}, (np.int64(5), np.int64(29)): {'cpu': 11}}","{((0, 3), (np.int64(21), 3)): {'bw': 17}, ((0, 4), (np.int64(21), 23)): {'bw': 43}, ((0, 4), (23, np.int64(26))): {'bw': 43}, ((1, 2), (np.int64(2), 29)): {'bw': 3}, ((1, 2), (29, 31)): {'bw': 3}, ((1, 2), (31, np.int64(34))): {'bw': 3}, ((1, 5), (np.int64(2), 29)): {'bw': 20}, ((2, 3), (np.int64(34), 31)): {'bw': 27}, ((2, 3), (31, 29)): {'bw': 27}, ((2, 3), (29, np.int64(3))): {'bw': 27}, ((3, 5), (np.int64(3), 29)): {'bw': 28}, ((4, 5), (np.int64(26), 23)): {'bw': 14}, ((4, 5), (23, 21)): {'bw': 14}, ((4, 5), (21, 2)): {'bw': 14}, ((4, 5), (2, np.int64(29))): {'bw': 14}}",347.0,202.0,150.0,50.0,152.0,50.0,152.0,50.0,297.0,145.0,0.5821325648414986,83911.26105928428,48847.47761952572,140.7708288747139,Success,0.0,"{'node_level': {}, 'link_level': {}, 'path_level': {}}","{'node_level': {np.int64(0): {'cpu': -41}, np.int64(1): {'cpu': -21}, np.int64(2): {'cpu': -62}, np.int64(3): {'cpu': -20}, np.int64(4): {'cpu': -53}, np.int64(5): {'cpu': -24}}, 'link_level': {(0, 3): {'bw': -224}, (0, 4): {'bw': -210}, (1, 2): {'bw': -161}, (1, 5): {'bw': -141}, (2, 3): {'bw': -194}, (3, 5): {'bw': -166}, (4, 5): {'bw': -53}}, 'path_level': {(0, 3): {}, (0, 4): {}, (1, 2): {}, (1, 5): {}, (2, 3): {}, (3, 5): {}, (4, 5): {}}}","{'node_level': {np.int64(0): {'cpu': 0}, np.int64(1): {'cpu': 0}, np.int64(2): {'cpu': 0}, np.int64(3): {'cpu': 0}, np.int64(4): {'cpu': 0}, np.int64(5): {'cpu': 0}}, 'link_level': {(0, 3): {'bw': 0}, (0, 4): {'bw': 0}, (1, 2): {'bw': 0}, (1, 5): {'bw': 0}, (2, 3): {'bw': 0}, (3, 5): {'bw': 0}, (4, 5): {'bw': 0}}, 'path_level': {(0, 3): {}, (0, 4): {}, (1, 2): {}, (1, 5): {}, (2, 3): {}, (3, 5): {}, (4, 5): {}}}",[],-inf,-inf,True,True,False,0,[],0,0.0,6.0,7.0
48,39,15,10290.0,20746.0,3512779.921286006,6641065.969871787,0.4959992287669912,0.5289482045837626,34,79,1,1167.0,11600,1963,9637,0.24383667180277346,0.3296,47,443.75095954484885,1167.0,7,13,True,"{np.int64(0): np.int64(2), np.int64(1): np.int64(20), np.int64(2): np.int64(22), np.int64(3): np.int64(12), np.int64(4): np.int64(31), np.int64(5): np.int64(14), np.int64(6): np.int64(1)}","{(0, 2): [(np.int64(2), 21), (21, 22)], (0, 5): [(np.int64(2), 13), (13, 14)], (1, 2): [(np.int64(20), 22)], (1, 3): [(np.int64(20), 0), (0, 12)], (1, 4): [(np.int64(20), 0), (0, 28), (28, 31)], (1, 5): [(np.int64(20), 0), (0, 12), (12, 14)], (1, 6): [(np.int64(20), 1)], (2, 3): [(np.int64(22), 20), (20, 0), (0, 12)], (2, 5): [(np.int64(22), 20), (20, 0), (0, 12), (12, 14)], (2, 6): [(np.int64(22), 20), (20, 1)], (3, 4): [(np.int64(12), 0), (0, 28), (28, 31)], (3, 5): [(np.int64(12), 14)], (3, 6): [(np.int64(12), 1)]}","{(np.int64(0), np.int64(2)): {'cpu': 14}, (np.int64(1), np.int64(20)): {'cpu': 16}, (np.int64(2), np.int64(22)): {'cpu': 3}, (np.int64(3), np.int64(12)): {'cpu': 6}, (np.int64(4), np.int64(31)): {'cpu': 11}, (np.int64(5), np.int64(14)): {'cpu': 6}, (np.int64(6), np.int64(1)): {'cpu': 20}}","{((0, 2), (np.int64(2), 21)): {'bw': 23}, ((0, 2), (21, 22)): {'bw': 23}, ((0, 5), (np.int64(2), 13)): {'bw': 34}, ((0, 5), (13, 14)): {'bw': 34}, ((1, 2), (np.int64(20), 22)): {'bw': 32}, ((1, 3), (np.int64(20), 0)): {'bw': 1}, ((1, 3), (0, 12)): {'bw': 1}, ((1, 4), (np.int64(20), 0)): {'bw': 22}, ((1, 4), (0, 28)): {'bw': 22}, ((1, 4), (28, 31)): {'bw': 22}, ((1, 5), (np.int64(20), 0)): {'bw': 21}, ((1, 5), (0, 12)): {'bw': 21}, ((1, 5), (12, 14)): {'bw': 21}, ((1, 6), (np.int64(20), 1)): {'bw': 4}, ((2, 3), (np.int64(22), 20)): {'bw': 45}, ((2, 3), (20, 0)): {'bw': 45}, ((2, 3), (0, 12)): {'bw': 45}, ((2, 5), (np.int64(22), 20)): {'bw': 40}, ((2, 5), (20, 0)): {'bw': 40}, ((2, 5), (0, 12)): {'bw': 40}, ((2, 5), (12, 14)): {'bw': 40}, ((2, 6), (np.int64(22), 20)): {'bw': 39}, ((2, 6), (20, 1)): {'bw': 39}, ((3, 4), (np.int64(12), 0)): {'bw': 24}, ((3, 4), (0, 28)): {'bw': 24}, ((3, 4), (28, 31)): {'bw': 24}, ((3, 5), (np.int64(12), 14)): {'bw': 22}, ((3, 6), (np.int64(12), 1)): {'bw': 17}}",841.0,400.0,988.0,76.0,324.0,76.0,324.0,76.0,765.0,441.0,0.4756242568370987,373194.5569772179,177500.38381793955,211.0587203542682,Success,0.0,"{'node_level': {}, 'link_level': {}, 'path_level': {}}","{'node_level': {np.int64(0): {'cpu': -7}, np.int64(1): {'cpu': -77}, np.int64(2): {'cpu': -64}, np.int64(3): {'cpu': -40}, np.int64(4): {'cpu': -23}, np.int64(5): {'cpu': -35}, np.int64(6): {'cpu': -48}}, 'link_level': {(0, 2): {'bw': -30}, (0, 5): {'bw': -82}, (1, 2): {'bw': -247}, (1, 3): {'bw': -172}, (1, 4): {'bw': -166}, (1, 5): {'bw': -145}, (1, 6): {'bw': -218}, (2, 3): {'bw': -100}, (2, 5): {'bw': -60}, (2, 6): {'bw': -123}, (3, 4): {'bw': -42}, (3, 5): {'bw': -87}, (3, 6): {'bw': -343}}, 'path_level': {(0, 2): {}, (0, 5): {}, (1, 2): {}, (1, 3): {}, (1, 4): {}, (1, 5): {}, (1, 6): {}, (2, 3): {}, (2, 5): {}, (2, 6): {}, (3, 4): {}, (3, 5): {}, (3, 6): {}}}","{'node_level': {np.int64(0): {'cpu': 0}, np.int64(1): {'cpu': 0}, np.int64(2): {'cpu': 0}, np.int64(3): {'cpu': 0}, np.int64(4): {'cpu': 0}, np.int64(5): {'cpu': 0}, np.int64(6): {'cpu': 0}}, 'link_level': {(0, 2): {'bw': 0}, (0, 5): {'bw': 0}, (1, 2): {'bw': 0}, (1, 3): {'bw': 0}, (1, 4): {'bw': 0}, (1, 5): {'bw': 0}, (1, 6): {'bw': 0}, (2, 3): {'bw': 0}, (2, 5): {'bw': 0}, (2, 6): {'bw': 0}, (3, 4): {'bw': 0}, (3, 5): {'bw': 0}, (3, 6): {'bw': 0}}, 'path_level': {(0, 2): {}, (0, 5): {}, (1, 2): {}, (1, 3): {}, (1, 4): {}, (1, 5): {}, (1, 6): {}, (2, 3): {}, (2, 5): {}, (2, 6): {}, (3, 4): {}, (3, 5): {}, (3, 6): {}}}",[],-inf,-inf,True,True,False,0,[],0,0.0,7.0,13.0
48,39,14,10290.0,20746.0,3512779.921286006,6641065.969871787,0.4959992287669912,0.5289482045837626,34,80,0,1192.2906137847028,11725,2010,9715,0.22573189522342063,0.3241739130434783,36,302.2906137847028,890.0,3,3,False,{},{},{},{},0.0,0.0,0.0,0.0,0.0,0.0,0.0,0.0,0.0,0.0,0.0,0.0,0.0,0.0,Leave Event,0.0,"{'node_level': {}, 'link_level': {}, 'path_level': {}}","{'node_level': {}, 'link_level': {}, 'path_level': {}}","{'node_level': {}, 'link_level': {}, 'path_level': {}}",[],-inf,-inf,True,True,False,0,[],0,0.0,,
49,40,15,10588.0,21419.0,3777723.2763451003,7239411.197907929,0.4943274662682665,0.5218274211909388,34,81,1,1193.0,11052,1937,9115,0.25385208012326654,0.3659130434782609,48,889.071661272128,1193.0,7,9,True,"{np.int64(0): np.int64(17), np.int64(1): np.int64(21), np.int64(2): np.int64(5), np.int64(3): np.int64(23), np.int64(4): np.int64(31), np.int64(5): np.int64(12), np.int64(6): np.int64(22)}","{(0, 3): [(np.int64(17), 14), (14, 12), (12, 0), (0, 20), (20, 23)], (0, 5): [(np.int64(17), 14), (14, 12)], (1, 2): [(np.int64(21), 2), (2, 5)], (1, 3): [(np.int64(21), 23)], (1, 4): [(np.int64(21), 3), (3, 29), (29, 31)], (1, 6): [(np.int64(21), 22)], (2, 6): [(np.int64(5), 3), (3, 21), (21, 22)], (3, 5): [(np.int64(23), 20), (20, 1), (1, 12)], (4, 5): [(np.int64(31), 28), (28, 1), (1, 12)]}","{(np.int64(0), np.int64(17)): {'cpu': 20}, (np.int64(1), np.int64(21)): {'cpu': 8}, (np.int64(2), np.int64(5)): {'cpu': 5}, (np.int64(3), np.int64(23)): {'cpu': 1}, (np.int64(4), np.int64(31)): {'cpu': 18}, (np.int64(5), np.int64(12)): {'cpu': 10}, (np.int64(6), np.int64(22)): {'cpu': 11}}","{((0, 3), (np.int64(17), 14)): {'bw': 30}, ((0, 3), (14, 12)): {'bw': 30}, ((0, 3), (12, 0)): {'bw': 30}, ((0, 3), (0, 20)): {'bw': 30}, ((0, 3), (20, 23)): {'bw': 30}, ((0, 5), (np.int64(17), 14)): {'bw': 7}, ((0, 5), (14, 12)): {'bw': 7}, ((1, 2), (np.int64(21), 2)): {'bw': 30}, ((1, 2), (2, 5)): {'bw': 30}, ((1, 3), (np.int64(21), 23)): {'bw': 42}, ((1, 4), (np.int64(21), 3)): {'bw': 21}, ((1, 4), (3, 29)): {'bw': 21}, ((1, 4), (29, 31)): {'bw': 21}, ((1, 6), (np.int64(21), 22)): {'bw': 7}, ((2, 6), (np.int64(5), 3)): {'bw': 25}, ((2, 6), (3, 21)): {'bw': 25}, ((2, 6), (21, 22)): {'bw': 25}, ((3, 5), (np.int64(23), 20)): {'bw': 44}, ((3, 5), (20, 1)): {'bw': 44}, ((3, 5), (1, 12)): {'bw': 44}, ((4, 5), (np.int64(31), 28)): {'bw': 19}, ((4, 5), (28, 1)): {'bw': 19}, ((4, 5), (1, 12)): {'bw': 19}}",673.0,298.0,876.0,73.0,225.0,73.0,225.0,73.0,600.0,375.0,0.4427934621099554,598345.2280361422,264943.35505909414,393.6751189585351,Success,0.0,"{'node_level': {}, 'link_level': {}, 'path_level': {}}","{'node_level': {np.int64(0): {'cpu': -68}, np.int64(1): {'cpu': -33}, np.int64(2): {'cpu': -84}, np.int64(3): {'cpu': -66}, np.int64(4): {'cpu': -5}, np.int64(5): {'cpu': -30}, np.int64(6): {'cpu': -53}}, 'link_level': {(0, 3): {'bw': -12}, (0, 5): {'bw': -50}, (1, 2): {'bw': 0}, (1, 3): {'bw': -154}, (1, 4): {'bw': -145}, (1, 6): {'bw': -194}, (2, 6): {'bw': -163}, (3, 5): {'bw': -31}, (4, 5): {'bw': -211}}, 'path_level': {(0, 3): {}, (0, 5): {}, (1, 2): {}, (1, 3): {}, (1, 4): {}, (1, 6): {}, (2, 6): {}, (3, 5): {}, (4, 5): {}}}","{'node_level': {np.int64(0): {'cpu': 0}, np.int64(1): {'cpu': 0}, np.int64(2): {'cpu': 0}, np.int64(3): {'cpu': 0}, np.int64(4): {'cpu': 0}, np.int64(5): {'cpu': 0}, np.int64(6): {'cpu': 0}}, 'link_level': {(0, 3): {'bw': 0}, (0, 5): {'bw': 0}, (1, 2): {'bw': 0}, (1, 3): {'bw': 0}, (1, 4): {'bw': 0}, (1, 6): {'bw': 0}, (2, 6): {'bw': 0}, (3, 5): {'bw': 0}, (4, 5): {'bw': 0}}, 'path_level': {(0, 3): {}, (0, 5): {}, (1, 2): {}, (1, 3): {}, (1, 4): {}, (1, 6): {}, (2, 6): {}, (3, 5): {}, (4, 5): {}}}",[],-inf,-inf,True,True,False,0,[],0,0.0,7.0,9.0
49,40,14,10588.0,21419.0,3777723.2763451003,7239411.197907929,0.4943274662682665,0.5218274211909388,34,82,0,1197.8024500207828,12806,2041,10765,0.21379044684129433,0.25113043478260866,42,152.80245002078274,1045.0,9,22,False,{},{},{},{},0.0,0.0,0.0,0.0,0.0,0.0,0.0,0.0,0.0,0.0,0.0,0.0,0.0,0.0,Leave Event,0.0,"{'node_level': {}, 'link_level': {}, 'path_level': {}}","{'node_level': {}, 'link_level': {}, 'path_level': {}}","{'node_level': {}, 'link_level': {}, 'path_level': {}}",[],-inf,-inf,True,True,False,0,[],0,0.0,,
50,41,15,11035.0,22128.0,3999324.4825819754,7590899.464623689,0.4986894432393348,0.5268577855918473,34,83,1,1217.0,12097,1934,10163,0.25500770416024654,0.2930086956521739,49,495.75213923238255,1217.0,8,11,True,"{np.int64(0): np.int64(20), np.int64(1): np.int64(27), np.int64(2): np.int64(28), np.int64(3): np.int64(0), np.int64(4): np.int64(3), np.int64(5): np.int64(14), np.int64(6): np.int64(13), np.int64(7): np.int64(15)}","{(0, 1): [(np.int64(20), 23), (23, 27)], (0, 3): [(np.int64(20), 0)], (1, 3): [(np.int64(27), 23), (23, 20), (20, 0)], (1, 6): [(np.int64(27), 23), (23, 21), (21, 2), (2, 13)], (2, 3): [(np.int64(28), 0)], (2, 7): [(np.int64(28), 0), (0, 12), (12, 15)], (3, 5): [(np.int64(0), 12), (12, 14)], (4, 6): [(np.int64(3), 13)], (4, 7): [(np.int64(3), 13), (13, 15)], (5, 6): [(np.int64(14), 13)], (5, 7): [(np.int64(14), 12), (12, 15)]}","{(np.int64(0), np.int64(20)): {'cpu': 13}, (np.int64(1), np.int64(27)): {'cpu': 10}, (np.int64(2), np.int64(28)): {'cpu': 3}, (np.int64(3), np.int64(0)): {'cpu': 20}, (np.int64(4), np.int64(3)): {'cpu': 20}, (np.int64(5), np.int64(14)): {'cpu': 17}, (np.int64(6), np.int64(13)): {'cpu': 19}, (np.int64(7), np.int64(15)): {'cpu': 5}}","{((0, 1), (np.int64(20), 23)): {'bw': 33}, ((0, 1), (23, 27)): {'bw': 33}, ((0, 3), (np.int64(20), 0)): {'bw': 44}, ((1, 3), (np.int64(27), 23)): {'bw': 25}, ((1, 3), (23, 20)): {'bw': 25}, ((1, 3), (20, 0)): {'bw': 25}, ((1, 6), (np.int64(27), 23)): {'bw': 7}, ((1, 6), (23, 21)): {'bw': 7}, ((1, 6), (21, 2)): {'bw': 7}, ((1, 6), (2, 13)): {'bw': 7}, ((2, 3), (np.int64(28), 0)): {'bw': 37}, ((2, 7), (np.int64(28), 0)): {'bw': 20}, ((2, 7), (0, 12)): {'bw': 20}, ((2, 7), (12, 15)): {'bw': 20}, ((3, 5), (np.int64(0), 12)): {'bw': 34}, ((3, 5), (12, 14)): {'bw': 34}, ((4, 6), (np.int64(3), 13)): {'bw': 16}, ((4, 7), (np.int64(3), 13)): {'bw': 45}, ((4, 7), (13, 15)): {'bw': 45}, ((5, 6), (np.int64(14), 13)): {'bw': 40}, ((5, 7), (np.int64(14), 12)): {'bw': 39}, ((5, 7), (12, 15)): {'bw': 39}}",709.0,447.0,1391.0,107.0,340.0,107.0,340.0,107.0,602.0,262.0,0.6304654442877292,351488.26671575924,221601.206236875,312.5545927177362,Success,0.0,"{'node_level': {}, 'link_level': {}, 'path_level': {}}","{'node_level': {np.int64(0): {'cpu': -64}, np.int64(1): {'cpu': -49}, np.int64(2): {'cpu': -50}, np.int64(3): {'cpu': -68}, np.int64(4): {'cpu': 0}, np.int64(5): {'cpu': -32}, np.int64(6): {'cpu': -46}, np.int64(7): {'cpu': -19}}, 'link_level': {(0, 1): {'bw': -94}, (0, 3): {'bw': -113}, (1, 3): {'bw': -69}, (1, 6): {'bw': -141}, (2, 3): {'bw': -208}, (2, 7): {'bw': -42}, (3, 5): {'bw': -8}, (4, 6): {'bw': -266}, (4, 7): {'bw': -114}, (5, 6): {'bw': -126}, (5, 7): {'bw': -44}}, 'path_level': {(0, 1): {}, (0, 3): {}, (1, 3): {}, (1, 6): {}, (2, 3): {}, (2, 7): {}, (3, 5): {}, (4, 6): {}, (4, 7): {}, (5, 6): {}, (5, 7): {}}}","{'node_level': {np.int64(0): {'cpu': 0}, np.int64(1): {'cpu': 0}, np.int64(2): {'cpu': 0}, np.int64(3): {'cpu': 0}, np.int64(4): {'cpu': 0}, np.int64(5): {'cpu': 0}, np.int64(6): {'cpu': 0}, np.int64(7): {'cpu': 0}}, 'link_level': {(0, 1): {'bw': 0}, (0, 3): {'bw': 0}, (1, 3): {'bw': 0}, (1, 6): {'bw': 0}, (2, 3): {'bw': 0}, (2, 7): {'bw': 0}, (3, 5): {'bw': 0}, (4, 6): {'bw': 0}, (4, 7): {'bw': 0}, (5, 6): {'bw': 0}, (5, 7): {'bw': 0}}, 'path_level': {(0, 1): {}, (0, 3): {}, (1, 3): {}, (1, 6): {}, (2, 3): {}, (2, 7): {}, (3, 5): {}, (4, 6): {}, (4, 7): {}, (5, 6): {}, (5, 7): {}}}",[],-inf,-inf,True,True,False,0,[],0,0.0,8.0,11.0
51,42,16,11450.0,23053.0,4426944.886642668,8544029.280903546,0.4966815598837461,0.5181331595547284,34,84,1,1238.0,11172,1863,9309,0.2823574730354391,0.3524173913043478,50,1030.4106121944408,1238.0,10,16,True,"{np.int64(0): np.int64(28), np.int64(1): np.int64(13), np.int64(2): np.int64(23), np.int64(3): np.int64(7), np.int64(4): np.int64(11), np.int64(5): np.int64(20), np.int64(6): np.int64(2), np.int64(7): np.int64(29), np.int64(8): np.int64(6), np.int64(9): np.int64(21)}","{(0, 2): [(np.int64(28), 0), (0, 20), (20, 23)], (0, 7): [(np.int64(28), 30), (30, 29)], (0, 9): [(np.int64(28), 0), (0, 20), (20, 22), (22, 21)], (1, 3): [(np.int64(13), 2), (2, 5), (5, 7)], (1, 4): [(np.int64(13), 2), (2, 5), (5, 7), (7, 11)], (1, 6): [(np.int64(13), 2)], (1, 7): [(np.int64(13), 2), (2, 29)], (2, 5): [(np.int64(23), 20)], (2, 6): [(np.int64(23), 21), (21, 2)], (2, 7): [(np.int64(23), 21), (21, 2), (2, 29)], (3, 8): [(np.int64(7), 4), (4, 6)], (4, 8): [(np.int64(11), 7), (7, 4), (4, 6)], (5, 8): [(np.int64(20), 0), (0, 4), (4, 6)], (6, 8): [(np.int64(2), 5), (5, 6)], (7, 9): [(np.int64(29), 2), (2, 21)], (8, 9): [(np.int64(6), 5), (5, 2), (2, 21)]}","{(np.int64(0), np.int64(28)): {'cpu': 1}, (np.int64(1), np.int64(13)): {'cpu': 1}, (np.int64(2), np.int64(23)): {'cpu': 1}, (np.int64(3), np.int64(7)): {'cpu': 9}, (np.int64(4), np.int64(11)): {'cpu': 4}, (np.int64(5), np.int64(20)): {'cpu': 6}, (np.int64(6), np.int64(2)): {'cpu': 1}, (np.int64(7), np.int64(29)): {'cpu': 18}, (np.int64(8), np.int64(6)): {'cpu': 20}, (np.int64(9), np.int64(21)): {'cpu': 10}}","{((0, 2), (np.int64(28), 0)): {'bw': 29}, ((0, 2), (0, 20)): {'bw': 29}, ((0, 2), (20, 23)): {'bw': 29}, ((0, 7), (np.int64(28), 30)): {'bw': 47}, ((0, 7), (30, 29)): {'bw': 47}, ((0, 9), (np.int64(28), 0)): {'bw': 28}, ((0, 9), (0, 20)): {'bw': 28}, ((0, 9), (20, 22)): {'bw': 28}, ((0, 9), (22, 21)): {'bw': 28}, ((1, 3), (np.int64(13), 2)): {'bw': 24}, ((1, 3), (2, 5)): {'bw': 24}, ((1, 3), (5, 7)): {'bw': 24}, ((1, 4), (np.int64(13), 2)): {'bw': 3}, ((1, 4), (2, 5)): {'bw': 3}, ((1, 4), (5, 7)): {'bw': 3}, ((1, 4), (7, 11)): {'bw': 3}, ((1, 6), (np.int64(13), 2)): {'bw': 18}, ((1, 7), (np.int64(13), 2)): {'bw': 21}, ((1, 7), (2, 29)): {'bw': 21}, ((2, 5), (np.int64(23), 20)): {'bw': 6}, ((2, 6), (np.int64(23), 21)): {'bw': 20}, ((2, 6), (21, 2)): {'bw': 20}, ((2, 7), (np.int64(23), 21)): {'bw': 21}, ((2, 7), (21, 2)): {'bw': 21}, ((2, 7), (2, 29)): {'bw': 21}, ((3, 8), (np.int64(7), 4)): {'bw': 27}, ((3, 8), (4, 6)): {'bw': 27}, ((4, 8), (np.int64(11), 7)): {'bw': 26}, ((4, 8), (7, 4)): {'bw': 26}, ((4, 8), (4, 6)): {'bw': 26}, ((5, 8), (np.int64(20), 0)): {'bw': 25}, ((5, 8), (0, 4)): {'bw': 25}, ((5, 8), (4, 6)): {'bw': 25}, ((6, 8), (np.int64(2), 5)): {'bw': 0}, ((6, 8), (5, 6)): {'bw': 0}, ((7, 9), (np.int64(29), 2)): {'bw': 46}, ((7, 9), (2, 21)): {'bw': 46}, ((8, 9), (np.int64(6), 5)): {'bw': 3}, ((8, 9), (5, 2)): {'bw': 3}, ((8, 9), (2, 21)): {'bw': 3}}",925.0,415.0,923.0,71.0,344.0,71.0,344.0,71.0,854.0,510.0,0.4486486486486487,953129.8162798578,427620.40406069293,462.2923287142626,Success,0.0,"{'node_level': {}, 'link_level': {}, 'path_level': {}}","{'node_level': {np.int64(0): {'cpu': -49}, np.int64(1): {'cpu': -45}, np.int64(2): {'cpu': -75}, np.int64(3): {'cpu': -60}, np.int64(4): {'cpu': -69}, np.int64(5): {'cpu': -58}, np.int64(6): {'cpu': -13}, np.int64(7): {'cpu': -6}, np.int64(8): {'cpu': -22}, np.int64(9): {'cpu': -26}}, 'link_level': {(0, 2): {'bw': -40}, (0, 7): {'bw': -119}, (0, 9): {'bw': -31}, (1, 3): {'bw': -112}, (1, 4): {'bw': -109}, (1, 6): {'bw': -156}, (1, 7): {'bw': -125}, (2, 5): {'bw': -34}, (2, 6): {'bw': -121}, (2, 7): {'bw': -100}, (3, 8): {'bw': -201}, (4, 8): {'bw': -175}, (5, 8): {'bw': -6}, (6, 8): {'bw': -109}, (7, 9): {'bw': -54}, (8, 9): {'bw': -51}}, 'path_level': {(0, 2): {}, (0, 7): {}, (0, 9): {}, (1, 3): {}, (1, 4): {}, (1, 6): {}, (1, 7): {}, (2, 5): {}, (2, 6): {}, (2, 7): {}, (3, 8): {}, (4, 8): {}, (5, 8): {}, (6, 8): {}, (7, 9): {}, (8, 9): {}}}","{'node_level': {np.int64(0): {'cpu': 0}, np.int64(1): {'cpu': 0}, np.int64(2): {'cpu': 0}, np.int64(3): {'cpu': 0}, np.int64(4): {'cpu': 0}, np.int64(5): {'cpu': 0}, np.int64(6): {'cpu': 0}, np.int64(7): {'cpu': 0}, np.int64(8): {'cpu': 0}, np.int64(9): {'cpu': 0}}, 'link_level': {(0, 2): {'bw': 0}, (0, 7): {'bw': 0}, (0, 9): {'bw': 0}, (1, 3): {'bw': 0}, (1, 4): {'bw': 0}, (1, 6): {'bw': 0}, (1, 7): {'bw': 0}, (2, 5): {'bw': 0}, (2, 6): {'bw': 0}, (2, 7): {'bw': 0}, (3, 8): {'bw': 0}, (4, 8): {'bw': 0}, (5, 8): {'bw': 0}, (6, 8): {'bw': 0}, (7, 9): {'bw': 0}, (8, 9): {'bw': 0}}, 'path_level': {(0, 2): {}, (0, 7): {}, (0, 9): {}, (1, 3): {}, (1, 4): {}, (1, 6): {}, (1, 7): {}, (2, 5): {}, (2, 6): {}, (2, 7): {}, (3, 8): {}, (4, 8): {}, (5, 8): {}, (6, 8): {}, (7, 9): {}, (8, 9): {}}}",[],-inf,-inf,True,True,False,0,[],0,0.0,10.0,16.0
51,42,15,11450.0,23053.0,4426944.886642668,8544029.280903546,0.4966815598837461,0.5181331595547284,34,85,0,1260.6737136970637,11233,1884,9349,0.27426810477657937,0.3496347826086956,23,672.6737136970636,588.0,2,1,False,{},{},{},{},0.0,0.0,0.0,0.0,0.0,0.0,0.0,0.0,0.0,0.0,0.0,0.0,0.0,0.0,Leave Event,0.0,"{'node_level': {}, 'link_level': {}, 'path_level': {}}","{'node_level': {}, 'link_level': {}, 'path_level': {}}","{'node_level': {}, 'link_level': {}, 'path_level': {}}",[],-inf,-inf,True,True,False,0,[],0,0.0,,
52,43,16,11673.0,23482.0,4462577.460897363,8612578.044828495,0.4971041648922579,0.5181465337869374,34,86,1,1261.0,10804,1822,8982,0.2981510015408321,0.3751652173913044,51,159.78732849638575,1261.0,6,9,True,"{np.int64(0): np.int64(35), np.int64(1): np.int64(17), np.int64(2): np.int64(33), np.int64(3): np.int64(28), np.int64(4): np.int64(0), np.int64(5): np.int64(34)}","{(0, 1): [(np.int64(35), 31), (31, 28), (28, 0), (0, 12), (12, 14), (14, 17)], (0, 2): [(np.int64(35), 31), (31, 28), (28, 30), (30, 33)], (0, 3): [(np.int64(35), 31), (31, 28)], (0, 5): [(np.int64(35), 31), (31, 34)], (1, 4): [(np.int64(17), 14), (14, 12), (12, 0)], (2, 3): [(np.int64(33), 30), (30, 28)], (2, 4): [(np.int64(33), 30), (30, 28), (28, 0)], (3, 4): [(np.int64(28), 0)], (4, 5): [(np.int64(0), 28), (28, 31), (31, 34)]}","{(np.int64(0), np.int64(35)): {'cpu': 5}, (np.int64(1), np.int64(17)): {'cpu': 7}, (np.int64(2), np.int64(33)): {'cpu': 16}, (np.int64(3), np.int64(28)): {'cpu': 11}, (np.int64(4), np.int64(0)): {'cpu': 11}, (np.int64(5), np.int64(34)): {'cpu': 12}}","{((0, 1), (np.int64(35), 31)): {'bw': 2}, ((0, 1), (31, 28)): {'bw': 2}, ((0, 1), (28, 0)): {'bw': 2}, ((0, 1), (0, 12)): {'bw': 2}, ((0, 1), (12, 14)): {'bw': 2}, ((0, 1), (14, 17)): {'bw': 2}, ((0, 2), (np.int64(35), 31)): {'bw': 5}, ((0, 2), (31, 28)): {'bw': 5}, ((0, 2), (28, 30)): {'bw': 5}, ((0, 2), (30, 33)): {'bw': 5}, ((0, 3), (np.int64(35), 31)): {'bw': 17}, ((0, 3), (31, 28)): {'bw': 17}, ((0, 5), (np.int64(35), 31)): {'bw': 14}, ((0, 5), (31, 34)): {'bw': 14}, ((1, 4), (np.int64(17), 14)): {'bw': 5}, ((1, 4), (14, 12)): {'bw': 5}, ((1, 4), (12, 0)): {'bw': 5}, ((2, 3), (np.int64(33), 30)): {'bw': 14}, ((2, 3), (30, 28)): {'bw': 14}, ((2, 4), (np.int64(33), 30)): {'bw': 17}, ((2, 4), (30, 28)): {'bw': 17}, ((2, 4), (28, 0)): {'bw': 17}, ((3, 4), (np.int64(28), 0)): {'bw': 41}, ((4, 5), (np.int64(0), 28)): {'bw': 46}, ((4, 5), (28, 31)): {'bw': 46}, ((4, 5), (31, 34)): {'bw': 46}}",429.0,223.0,868.0,62.0,161.0,62.0,161.0,62.0,367.0,206.0,0.5198135198135199,68548.76392494948,35632.574254694024,83.05961364730543,Success,0.0,"{'node_level': {}, 'link_level': {}, 'path_level': {}}","{'node_level': {np.int64(0): {'cpu': -80}, np.int64(1): {'cpu': -61}, np.int64(2): {'cpu': -22}, np.int64(3): {'cpu': -38}, np.int64(4): {'cpu': -57}, np.int64(5): {'cpu': -50}}, 'link_level': {(0, 1): {'bw': -6}, (0, 2): {'bw': -143}, (0, 3): {'bw': -187}, (0, 5): {'bw': -215}, (1, 4): {'bw': -1}, (2, 3): {'bw': -129}, (2, 4): {'bw': -112}, (3, 4): {'bw': -71}, (4, 5): {'bw': -25}}, 'path_level': {(0, 1): {}, (0, 2): {}, (0, 3): {}, (0, 5): {}, (1, 4): {}, (2, 3): {}, (2, 4): {}, (3, 4): {}, (4, 5): {}}}","{'node_level': {np.int64(0): {'cpu': 0}, np.int64(1): {'cpu': 0}, np.int64(2): {'cpu': 0}, np.int64(3): {'cpu': 0}, np.int64(4): {'cpu': 0}, np.int64(5): {'cpu': 0}}, 'link_level': {(0, 1): {'bw': 0}, (0, 2): {'bw': 0}, (0, 3): {'bw': 0}, (0, 5): {'bw': 0}, (1, 4): {'bw': 0}, (2, 3): {'bw': 0}, (2, 4): {'bw': 0}, (3, 4): {'bw': 0}, (4, 5): {'bw': 0}}, 'path_level': {(0, 1): {}, (0, 2): {}, (0, 3): {}, (0, 5): {}, (1, 4): {}, (2, 3): {}, (2, 4): {}, (3, 4): {}, (4, 5): {}}}",[],-inf,-inf,True,True,False,0,[],0,0.0,6.0,9.0
53,44,17,11719.0,23528.0,4499371.008466204,8649371.592397336,0.4980873852431146,0.5201962894531068,34,87,1,1286.0,10758,1805,8953,0.30469953775038516,0.3771826086956521,52,799.859729757419,1286.0,3,2,True,"{np.int64(0): np.int64(12), np.int64(1): np.int64(32), np.int64(2): np.int64(15)}","{(0, 1): [(np.int64(12), 0), (0, 28), (28, 30), (30, np.int64(32))], (0, 2): [(np.int64(12), 15)]}","{(np.int64(0), np.int64(12)): {'cpu': 12}, (np.int64(1), np.int64(32)): {'cpu': 2}, (np.int64(2), np.int64(15)): {'cpu': 3}}","{((0, 1), (np.int64(12), 0)): {'bw': 0}, ((0, 1), (0, 28)): {'bw': 0}, ((0, 1), (28, 30)): {'bw': 0}, ((0, 1), (30, np.int64(32))): {'bw': 0}, ((0, 2), (np.int64(12), 15)): {'bw': 29}}",46.0,46.0,51.0,17.0,29.0,17.0,29.0,17.0,29.0,0.0,1.0,36793.54756884128,36793.54756884128,799.859729757419,Success,0.0,"{'node_level': {}, 'link_level': {}, 'path_level': {}}","{'node_level': {np.int64(0): {'cpu': -18}, np.int64(1): {'cpu': -85}, np.int64(2): {'cpu': -28}}, 'link_level': {(0, 1): {'bw': -1}, (0, 2): {'bw': -17}}, 'path_level': {(0, 1): {}, (0, 2): {}}}","{'node_level': {np.int64(0): {'cpu': 0}, np.int64(1): {'cpu': 0}, np.int64(2): {'cpu': 0}}, 'link_level': {(0, 1): {'bw': 0}, (0, 2): {'bw': 0}}, 'path_level': {(0, 1): {}, (0, 2): {}}}",[],-inf,-inf,True,True,False,0,[],0,0.0,3.0,2.0
53,44,16,11719.0,23528.0,4499371.008466204,8649371.592397336,0.4980873852431146,0.5201962894531068,34,88,0,1303.559903167179,10823,1823,9000,0.2977657935285054,0.3739130434782608,37,384.5599031671791,919.0,2,1,False,{},{},{},{},0.0,0.0,0.0,0.0,0.0,0.0,0.0,0.0,0.0,0.0,0.0,0.0,0.0,0.0,Leave Event,0.0,"{'node_level': {}, 'link_level': {}, 'path_level': {}}","{'node_level': {}, 'link_level': {}, 'path_level': {}}","{'node_level': {}, 'link_level': {}, 'path_level': {}}",[],-inf,-inf,True,True,False,0,[],0,0.0,,
53,44,15,11719.0,23528.0,4499371.008466204,8649371.592397336,0.4980873852431146,0.5201962894531068,34,89,0,1307.8438514639033,10863,1832,9031,0.29429892141756553,0.37175652173913043,45,192.8438514639032,1115.0,2,1,False,{},{},{},{},0.0,0.0,0.0,0.0,0.0,0.0,0.0,0.0,0.0,0.0,0.0,0.0,0.0,0.0,Leave Event,0.0,"{'node_level': {}, 'link_level': {}, 'path_level': {}}","{'node_level': {}, 'link_level': {}, 'path_level': {}}","{'node_level': {}, 'link_level': {}, 'path_level': {}}",[],-inf,-inf,True,True,False,0,[],0,0.0,,
54,45,16,12018.0,24185.0,4530070.50009548,8716828.334873706,0.49691957825098204,0.5196925218742551,34,90,1,1309.0,10206,1760,8446,0.3220338983050848,0.41245217391304345,53,102.67388504774864,1309.0,6,7,True,"{np.int64(0): np.int64(23), np.int64(1): np.int64(2), np.int64(2): np.int64(25), np.int64(3): np.int64(26), np.int64(4): np.int64(3), np.int64(5): np.int64(20)}","{(0, 1): [(np.int64(23), 21), (21, 2)], (0, 3): [(np.int64(23), 26)], (0, 4): [(np.int64(23), 21), (21, 3)], (0, 5): [(np.int64(23), 21), (21, 22), (22, 20)], (1, 2): [(np.int64(2), 5), (5, 3), (3, 21), (21, 22), (22, 25)], (1, 4): [(np.int64(2), 5), (5, 3)], (2, 5): [(np.int64(25), 22), (22, 20)]}","{(np.int64(0), np.int64(23)): {'cpu': 12}, (np.int64(1), np.int64(2)): {'cpu': 12}, (np.int64(2), np.int64(25)): {'cpu': 12}, (np.int64(3), np.int64(26)): {'cpu': 19}, (np.int64(4), np.int64(3)): {'cpu': 0}, (np.int64(5), np.int64(20)): {'cpu': 17}}","{((0, 1), (np.int64(23), 21)): {'bw': 29}, ((0, 1), (21, 2)): {'bw': 29}, ((0, 3), (np.int64(23), 26)): {'bw': 27}, ((0, 4), (np.int64(23), 21)): {'bw': 34}, ((0, 4), (21, 3)): {'bw': 34}, ((0, 5), (np.int64(23), 21)): {'bw': 50}, ((0, 5), (21, 22)): {'bw': 50}, ((0, 5), (22, 20)): {'bw': 50}, ((1, 2), (np.int64(2), 5)): {'bw': 36}, ((1, 2), (5, 3)): {'bw': 36}, ((1, 2), (3, 21)): {'bw': 36}, ((1, 2), (21, 22)): {'bw': 36}, ((1, 2), (22, 25)): {'bw': 36}, ((1, 4), (np.int64(2), 5)): {'bw': 21}, ((1, 4), (5, 3)): {'bw': 21}, ((2, 5), (np.int64(25), 22)): {'bw': 30}, ((2, 5), (22, 20)): {'bw': 30}}",657.0,299.0,504.0,72.0,227.0,72.0,227.0,72.0,585.0,358.0,0.4550989345509893,67456.74247637086,30699.491629276843,46.72677569144116,Success,0.0,"{'node_level': {}, 'link_level': {}, 'path_level': {}}","{'node_level': {np.int64(0): {'cpu': -63}, np.int64(1): {'cpu': -1}, np.int64(2): {'cpu': -51}, np.int64(3): {'cpu': -34}, np.int64(4): {'cpu': 0}, np.int64(5): {'cpu': -44}}, 'link_level': {(0, 1): {'bw': -22}, (0, 3): {'bw': -218}, (0, 4): {'bw': -87}, (0, 5): {'bw': -37}, (1, 2): {'bw': -70}, (1, 4): {'bw': -49}, (2, 5): {'bw': -46}}, 'path_level': {(0, 1): {}, (0, 3): {}, (0, 4): {}, (0, 5): {}, (1, 2): {}, (1, 4): {}, (2, 5): {}}}","{'node_level': {np.int64(0): {'cpu': 0}, np.int64(1): {'cpu': 0}, np.int64(2): {'cpu': 0}, np.int64(3): {'cpu': 0}, np.int64(4): {'cpu': 0}, np.int64(5): {'cpu': 0}}, 'link_level': {(0, 1): {'bw': 0}, (0, 3): {'bw': 0}, (0, 4): {'bw': 0}, (0, 5): {'bw': 0}, (1, 2): {'bw': 0}, (1, 4): {'bw': 0}, (2, 5): {'bw': 0}}, 'path_level': {(0, 1): {}, (0, 3): {}, (0, 4): {}, (0, 5): {}, (1, 2): {}, (1, 4): {}, (2, 5): {}}}",[],-inf,-inf,True,True,False,0,[],0,0.0,6.0,7.0
55,45,16,12018.0,24185.0,4530070.50009548,8716828.334873706,0.49691957825098204,0.5196925218742551,34,91,1,1338.0,10206,1760,8446,0.3220338983050848,0.41245217391304345,54,1526.5923214708498,1338.0,10,23,False,{},{},{},{},0.0,0.0,220.0,110.0,534.0,0.0,0.0,0.0,0.0,0.0,0.0,0.0,0.0,0.0,Unknown Reason,0.0,"{'node_level': {}, 'link_level': {}, 'path_level': {}}","{'node_level': {}, 'link_level': {}, 'path_level': {}}","{'node_level': {}, 'link_level': {}, 'path_level': {}}",[],-inf,-inf,True,True,False,0,[],0,0.0,0.0,0.0
55,45,15,12018.0,24185.0,4530070.50009548,8716828.334873706,0.49691957825098204,0.5196925218742551,34,92,0,1343.9290569052607,10352,1796,8556,0.30816640986132515,0.40480000000000005,30,595.9290569052607,748.0,3,3,False,{},{},{},{},0.0,0.0,0.0,0.0,0.0,0.0,0.0,0.0,0.0,0.0,0.0,0.0,0.0,0.0,Leave Event,0.0,"{'node_level': {}, 'link_level': {}, 'path_level': {}}","{'node_level': {}, 'link_level': {}, 'path_level': {}}","{'node_level': {}, 'link_level': {}, 'path_level': {}}",[],-inf,-inf,True,True,False,0,[],0,0.0,,
56,46,16,12093.0,24287.0,4573687.248656119,8776147.112916175,0.4979206983159715,0.5211497927062841,34,93,1,1352.0,10250,1777,8473,0.3154853620955316,0.41057391304347823,55,581.5566474751904,1352.0,3,2,True,"{np.int64(0): np.int64(0), np.int64(1): np.int64(20), np.int64(2): np.int64(21)}","{(0, 1): [(np.int64(0), 20)], (1, 2): [(np.int64(20), 22), (22, 21)]}","{(np.int64(0), np.int64(0)): {'cpu': 5}, (np.int64(1), np.int64(20)): {'cpu': 4}, (np.int64(2), np.int64(21)): {'cpu': 10}}","{((0, 1), (np.int64(0), 20)): {'bw': 29}, ((1, 2), (np.int64(20), 22)): {'bw': 27}, ((1, 2), (22, 21)): {'bw': 27}}",102.0,75.0,190.0,19.0,56.0,19.0,56.0,19.0,83.0,27.0,0.7352941176470589,59318.77804246942,43616.74856063928,427.6151819670518,Success,0.0,"{'node_level': {}, 'link_level': {}, 'path_level': {}}","{'node_level': {np.int64(0): {'cpu': -58}, np.int64(1): {'cpu': -40}, np.int64(2): {'cpu': -30}}, 'link_level': {(0, 1): {'bw': -8}, (1, 2): {'bw': -19}}, 'path_level': {(0, 1): {}, (1, 2): {}}}","{'node_level': {np.int64(0): {'cpu': 0}, np.int64(1): {'cpu': 0}, np.int64(2): {'cpu': 0}}, 'link_level': {(0, 1): {'bw': 0}, (1, 2): {'bw': 0}}, 'path_level': {(0, 1): {}, (1, 2): {}}}",[],-inf,-inf,True,True,False,0,[],0,0.0,3.0,2.0
57,47,17,12170.0,24380.0,4583031.910630942,8787433.522833819,0.49917965545529125,0.5215438499445947,34,94,1,1376.0,10157,1732,8425,0.3328197226502311,0.41391304347826086,56,121.359246426273,1376.0,3,2,True,"{np.int64(0): np.int64(11), np.int64(1): np.int64(6), np.int64(2): np.int64(9)}","{(0, 1): [(np.int64(11), 7), (7, 4), (4, 6)], (1, 2): [(np.int64(6), 9)]}","{(np.int64(0), np.int64(11)): {'cpu': 17}, (np.int64(1), np.int64(6)): {'cpu': 11}, (np.int64(2), np.int64(9)): {'cpu': 17}}","{((0, 1), (np.int64(11), 7)): {'bw': 8}, ((0, 1), (7, 4)): {'bw': 8}, ((0, 1), (4, 6)): {'bw': 8}, ((1, 2), (np.int64(6), 9)): {'bw': 24}}",93.0,77.0,225.0,45.0,32.0,45.0,32.0,45.0,48.0,16.0,0.8279569892473119,11286.40991764339,9344.66197482302,100.48023628841959,Success,0.0,"{'node_level': {}, 'link_level': {}, 'path_level': {}}","{'node_level': {np.int64(0): {'cpu': -52}, np.int64(1): {'cpu': -11}, np.int64(2): {'cpu': -80}}, 'link_level': {(0, 1): {'bw': -167}, (1, 2): {'bw': -324}}, 'path_level': {(0, 1): {}, (1, 2): {}}}","{'node_level': {np.int64(0): {'cpu': 0}, np.int64(1): {'cpu': 0}, np.int64(2): {'cpu': 0}}, 'link_level': {(0, 1): {'bw': 0}, (1, 2): {'bw': 0}}, 'path_level': {(0, 1): {}, (1, 2): {}}}",[],-inf,-inf,True,True,False,0,[],0,0.0,3.0,2.0
57,47,16,12170.0,24380.0,4583031.910630942,8787433.522833819,0.49917965545529125,0.5215438499445947,34,95,0,1382.8191961362659,10504,1782,8722,0.31355932203389836,0.39325217391304346,46,241.81919613626596,1141.0,6,7,False,{},{},{},{},0.0,0.0,0.0,0.0,0.0,0.0,0.0,0.0,0.0,0.0,0.0,0.0,0.0,0.0,Leave Event,0.0,"{'node_level': {}, 'link_level': {}, 'path_level': {}}","{'node_level': {}, 'link_level': {}, 'path_level': {}}","{'node_level': {}, 'link_level': {}, 'path_level': {}}",[],-inf,-inf,True,True,False,0,[],0,0.0,,
58,48,17,12772.0,26279.0,5469320.450621909,11583217.472074429,0.48601544959853876,0.4721762725950455,34,96,1,1399.0,8605,1702,6903,0.3443759630200308,0.5197913043478262,57,1472.24009965277,1399.0,9,21,True,"{np.int64(0): np.int64(32), np.int64(1): np.int64(21), np.int64(2): np.int64(28), np.int64(3): np.int64(0), np.int64(4): np.int64(33), np.int64(5): np.int64(2), np.int64(6): np.int64(1), np.int64(7): np.int64(13), np.int64(8): np.int64(31)}","{(0, 1): [(np.int64(32), 30), (30, 29), (29, 2), (2, 21)], (0, 2): [(np.int64(32), 30), (30, 28)], (0, 3): [(np.int64(32), 30), (30, 28), (28, 1), (1, 4), (4, 0)], (0, 8): [(np.int64(32), 30), (30, 28), (28, 31)], (1, 2): [(np.int64(21), 2), (2, 29), (29, 30), (30, 28)], (1, 3): [(np.int64(21), 2), (2, 5), (5, 6), (6, 4), (4, 0)], (1, 5): [(np.int64(21), 3), (3, 5), (5, 2)], (1, 7): [(np.int64(21), 2), (2, 13)], (1, 8): [(np.int64(21), 3), (3, 29), (29, 31)], (2, 3): [(np.int64(28), 0)], (2, 4): [(np.int64(28), 31), (31, 29), (29, 30), (30, 33)], (2, 5): [(np.int64(28), 31), (31, 29), (29, 2)], (2, 6): [(np.int64(28), 1)], (3, 4): [(np.int64(0), 4), (4, 1), (1, 28), (28, 31), (31, 29), (29, 30), (30, 33)], (3, 6): [(np.int64(0), 4), (4, 1)], (3, 7): [(np.int64(0), 4), (4, 1), (1, 12), (12, 14), (14, 13)], (3, 8): [(np.int64(0), 4), (4, 1), (1, 28), (28, 31)], (5, 7): [(np.int64(2), 13)], (5, 8): [(np.int64(2), 29), (29, 31)], (6, 8): [(np.int64(1), 28), (28, 31)], (7, 8): [(np.int64(13), 3), (3, 29), (29, 31)]}","{(np.int64(0), np.int64(32)): {'cpu': 3}, (np.int64(1), np.int64(21)): {'cpu': 16}, (np.int64(2), np.int64(28)): {'cpu': 11}, (np.int64(3), np.int64(0)): {'cpu': 18}, (np.int64(4), np.int64(33)): {'cpu': 15}, (np.int64(5), np.int64(2)): {'cpu': 3}, (np.int64(6), np.int64(1)): {'cpu': 4}, (np.int64(7), np.int64(13)): {'cpu': 7}, (np.int64(8), np.int64(31)): {'cpu': 3}}","{((0, 1), (np.int64(32), 30)): {'bw': 11}, ((0, 1), (30, 29)): {'bw': 11}, ((0, 1), (29, 2)): {'bw': 11}, ((0, 1), (2, 21)): {'bw': 11}, ((0, 2), (np.int64(32), 30)): {'bw': 15}, ((0, 2), (30, 28)): {'bw': 15}, ((0, 3), (np.int64(32), 30)): {'bw': 45}, ((0, 3), (30, 28)): {'bw': 45}, ((0, 3), (28, 1)): {'bw': 45}, ((0, 3), (1, 4)): {'bw': 45}, ((0, 3), (4, 0)): {'bw': 45}, ((0, 8), (np.int64(32), 30)): {'bw': 26}, ((0, 8), (30, 28)): {'bw': 26}, ((0, 8), (28, 31)): {'bw': 26}, ((1, 2), (np.int64(21), 2)): {'bw': 15}, ((1, 2), (2, 29)): {'bw': 15}, ((1, 2), (29, 30)): {'bw': 15}, ((1, 2), (30, 28)): {'bw': 15}, ((1, 3), (np.int64(21), 2)): {'bw': 33}, ((1, 3), (2, 5)): {'bw': 33}, ((1, 3), (5, 6)): {'bw': 33}, ((1, 3), (6, 4)): {'bw': 33}, ((1, 3), (4, 0)): {'bw': 33}, ((1, 5), (np.int64(21), 3)): {'bw': 11}, ((1, 5), (3, 5)): {'bw': 11}, ((1, 5), (5, 2)): {'bw': 11}, ((1, 7), (np.int64(21), 2)): {'bw': 5}, ((1, 7), (2, 13)): {'bw': 5}, ((1, 8), (np.int64(21), 3)): {'bw': 30}, ((1, 8), (3, 29)): {'bw': 30}, ((1, 8), (29, 31)): {'bw': 30}, ((2, 3), (np.int64(28), 0)): {'bw': 4}, ((2, 4), (np.int64(28), 31)): {'bw': 32}, ((2, 4), (31, 29)): {'bw': 32}, ((2, 4), (29, 30)): {'bw': 32}, ((2, 4), (30, 33)): {'bw': 32}, ((2, 5), (np.int64(28), 31)): {'bw': 37}, ((2, 5), (31, 29)): {'bw': 37}, ((2, 5), (29, 2)): {'bw': 37}, ((2, 6), (np.int64(28), 1)): {'bw': 43}, ((3, 4), (np.int64(0), 4)): {'bw': 45}, ((3, 4), (4, 1)): {'bw': 45}, ((3, 4), (1, 28)): {'bw': 45}, ((3, 4), (28, 31)): {'bw': 45}, ((3, 4), (31, 29)): {'bw': 45}, ((3, 4), (29, 30)): {'bw': 45}, ((3, 4), (30, 33)): {'bw': 45}, ((3, 6), (np.int64(0), 4)): {'bw': 29}, ((3, 6), (4, 1)): {'bw': 29}, ((3, 7), (np.int64(0), 4)): {'bw': 27}, ((3, 7), (4, 1)): {'bw': 27}, ((3, 7), (1, 12)): {'bw': 27}, ((3, 7), (12, 14)): {'bw': 27}, ((3, 7), (14, 13)): {'bw': 27}, ((3, 8), (np.int64(0), 4)): {'bw': 39}, ((3, 8), (4, 1)): {'bw': 39}, ((3, 8), (1, 28)): {'bw': 39}, ((3, 8), (28, 31)): {'bw': 39}, ((5, 7), (np.int64(2), 13)): {'bw': 27}, ((5, 8), (np.int64(2), 29)): {'bw': 29}, ((5, 8), (29, 31)): {'bw': 29}, ((6, 8), (np.int64(1), 28)): {'bw': 8}, ((6, 8), (28, 31)): {'bw': 8}, ((7, 8), (np.int64(13), 3)): {'bw': 11}, ((7, 8), (3, 29)): {'bw': 11}, ((7, 8), (29, 31)): {'bw': 11}}",1899.0,602.0,800.0,80.0,522.0,80.0,522.0,80.0,1819.0,1297.0,0.31700895208004215,2795783.94924061,886288.5399909675,466.71329120114143,Success,0.0,"{'node_level': {}, 'link_level': {}, 'path_level': {}}","{'node_level': {np.int64(0): {'cpu': -82}, np.int64(1): {'cpu': -30}, np.int64(2): {'cpu': -32}, np.int64(3): {'cpu': -40}, np.int64(4): {'cpu': -7}, np.int64(5): {'cpu': -16}, np.int64(6): {'cpu': -44}, np.int64(7): {'cpu': -47}, np.int64(8): {'cpu': -15}}, 'link_level': {(0, 1): {'bw': -55}, (0, 2): {'bw': -97}, (0, 3): {'bw': -52}, (0, 8): {'bw': -26}, (1, 2): {'bw': -11}, (1, 3): {'bw': -7}, (1, 5): {'bw': -24}, (1, 7): {'bw': -2}, (1, 8): {'bw': -126}, (2, 3): {'bw': -21}, (2, 4): {'bw': -61}, (2, 5): {'bw': -32}, (2, 6): {'bw': -222}, (3, 4): {'bw': -16}, (3, 6): {'bw': -150}, (3, 7): {'bw': -10}, (3, 8): {'bw': -9}, (5, 7): {'bw': -103}, (5, 8): {'bw': -3}, (6, 8): {'bw': -1}, (7, 8): {'bw': -41}}, 'path_level': {(0, 1): {}, (0, 2): {}, (0, 3): {}, (0, 8): {}, (1, 2): {}, (1, 3): {}, (1, 5): {}, (1, 7): {}, (1, 8): {}, (2, 3): {}, (2, 4): {}, (2, 5): {}, (2, 6): {}, (3, 4): {}, (3, 6): {}, (3, 7): {}, (3, 8): {}, (5, 7): {}, (5, 8): {}, (6, 8): {}, (7, 8): {}}}","{'node_level': {np.int64(0): {'cpu': 0}, np.int64(1): {'cpu': 0}, np.int64(2): {'cpu': 0}, np.int64(3): {'cpu': 0}, np.int64(4): {'cpu': 0}, np.int64(5): {'cpu': 0}, np.int64(6): {'cpu': 0}, np.int64(7): {'cpu': 0}, np.int64(8): {'cpu': 0}}, 'link_level': {(0, 1): {'bw': 0}, (0, 2): {'bw': 0}, (0, 3): {'bw': 0}, (0, 8): {'bw': 0}, (1, 2): {'bw': 0}, (1, 3): {'bw': 0}, (1, 5): {'bw': 0}, (1, 7): {'bw': 0}, (1, 8): {'bw': 0}, (2, 3): {'bw': 0}, (2, 4): {'bw': 0}, (2, 5): {'bw': 0}, (2, 6): {'bw': 0}, (3, 4): {'bw': 0}, (3, 6): {'bw': 0}, (3, 7): {'bw': 0}, (3, 8): {'bw': 0}, (5, 7): {'bw': 0}, (5, 8): {'bw': 0}, (6, 8): {'bw': 0}, (7, 8): {'bw': 0}}, 'path_level': {(0, 1): {}, (0, 2): {}, (0, 3): {}, (0, 8): {}, (1, 2): {}, (1, 3): {}, (1, 5): {}, (1, 7): {}, (1, 8): {}, (2, 3): {}, (2, 4): {}, (2, 5): {}, (2, 6): {}, (3, 4): {}, (3, 6): {}, (3, 7): {}, (3, 8): {}, (5, 7): {}, (5, 8): {}, (6, 8): {}, (7, 8): {}}}",[],-inf,-inf,True,True,False,0,[],0,0.0,9.0,21.0
58,48,16,12772.0,26279.0,5469320.450621909,11583217.472074429,0.48601544959853876,0.4721762725950455,34,97,0,1411.6738850477486,9262,1774,7488,0.31664098613251157,0.47909565217391303,53,102.67388504774864,1309.0,6,7,False,{},{},{},{},0.0,0.0,0.0,0.0,0.0,0.0,0.0,0.0,0.0,0.0,0.0,0.0,0.0,0.0,Leave Event,0.0,"{'node_level': {}, 'link_level': {}, 'path_level': {}}","{'node_level': {}, 'link_level': {}, 'path_level': {}}","{'node_level': {}, 'link_level': {}, 'path_level': {}}",[],-inf,-inf,True,True,False,0,[],0,0.0,,
58,48,15,12772.0,26279.0,5469320.450621909,11583217.472074429,0.48601544959853876,0.4721762725950455,34,98,0,1420.7873284963857,9691,1836,7855,0.29275808936825887,0.4535652173913044,51,159.78732849638575,1261.0,6,9,False,{},{},{},{},0.0,0.0,0.0,0.0,0.0,0.0,0.0,0.0,0.0,0.0,0.0,0.0,0.0,0.0,Leave Event,0.0,"{'node_level': {}, 'link_level': {}, 'path_level': {}}","{'node_level': {}, 'link_level': {}, 'path_level': {}}","{'node_level': {}, 'link_level': {}, 'path_level': {}}",[],-inf,-inf,True,True,False,0,[],0,0.0,,
59,49,16,12997.0,26664.0,5616977.601598824,11835875.263746038,0.48743624362436244,0.4745722201723389,34,99,1,1427.0,9306,1794,7512,0.3089368258859785,0.4774260869565218,58,656.2540043418445,1427.0,5,6,True,"{np.int64(0): np.int64(6), np.int64(1): np.int64(12), np.int64(2): np.int64(7), np.int64(3): np.int64(9), np.int64(4): np.int64(8)}","{(0, 1): [(np.int64(6), 4), (4, 1), (1, 12)], (0, 2): [(np.int64(6), 4), (4, 7)], (0, 3): [(np.int64(6), 9)], (0, 4): [(np.int64(6), 8)], (1, 4): [(np.int64(12), 0), (0, 4), (4, 6), (6, 8)], (2, 3): [(np.int64(7), 4), (4, 6), (6, 9)]}","{(np.int64(0), np.int64(6)): {'cpu': 1}, (np.int64(1), np.int64(12)): {'cpu': 14}, (np.int64(2), np.int64(7)): {'cpu': 6}, (np.int64(3), np.int64(9)): {'cpu': 11}, (np.int64(4), np.int64(8)): {'cpu': 10}}","{((0, 1), (np.int64(6), 4)): {'bw': 25}, ((0, 1), (4, 1)): {'bw': 25}, ((0, 1), (1, 12)): {'bw': 25}, ((0, 2), (np.int64(6), 4)): {'bw': 32}, ((0, 2), (4, 7)): {'bw': 32}, ((0, 3), (np.int64(6), 9)): {'bw': 50}, ((0, 4), (np.int64(6), 8)): {'bw': 40}, ((1, 4), (np.int64(12), 0)): {'bw': 6}, ((1, 4), (0, 4)): {'bw': 6}, ((1, 4), (4, 6)): {'bw': 6}, ((1, 4), (6, 8)): {'bw': 6}, ((2, 3), (np.int64(7), 4)): {'bw': 30}, ((2, 3), (4, 6)): {'bw': 30}, ((2, 3), (6, 9)): {'bw': 30}}",385.0,225.0,210.0,42.0,183.0,42.0,183.0,42.0,343.0,160.0,0.5844155844155844,252657.79167161015,147657.150976915,383.5250674725065,Success,0.0,"{'node_level': {}, 'link_level': {}, 'path_level': {}}","{'node_level': {np.int64(0): {'cpu': -10}, np.int64(1): {'cpu': -4}, np.int64(2): {'cpu': -54}, np.int64(3): {'cpu': -69}, np.int64(4): {'cpu': -61}}, 'link_level': {(0, 1): {'bw': -114}, (0, 2): {'bw': -135}, (0, 3): {'bw': -274}, (0, 4): {'bw': -288}, (1, 4): {'bw': -2}, (2, 3): {'bw': -103}}, 'path_level': {(0, 1): {}, (0, 2): {}, (0, 3): {}, (0, 4): {}, (1, 4): {}, (2, 3): {}}}","{'node_level': {np.int64(0): {'cpu': 0}, np.int64(1): {'cpu': 0}, np.int64(2): {'cpu': 0}, np.int64(3): {'cpu': 0}, np.int64(4): {'cpu': 0}}, 'link_level': {(0, 1): {'bw': 0}, (0, 2): {'bw': 0}, (0, 3): {'bw': 0}, (0, 4): {'bw': 0}, (1, 4): {'bw': 0}, (2, 3): {'bw': 0}}, 'path_level': {(0, 1): {}, (0, 2): {}, (0, 3): {}, (0, 4): {}, (1, 4): {}, (2, 3): {}}}",[],-inf,-inf,True,True,False,0,[],0,0.0,5.0,6.0
59,49,15,12997.0,26664.0,5616977.601598824,11835875.263746038,0.48743624362436244,0.4745722201723389,34,100,0,1435.7692492536398,9354,1811,7543,0.3023882896764253,0.4752695652173913,35,568.7692492536397,867.0,2,1,False,{},{},{},{},0.0,0.0,0.0,0.0,0.0,0.0,0.0,0.0,0.0,0.0,0.0,0.0,0.0,0.0,Leave Event,0.0,"{'node_level': {}, 'link_level': {}, 'path_level': {}}","{'node_level': {}, 'link_level': {}, 'path_level': {}}","{'node_level': {}, 'link_level': {}, 'path_level': {}}",[],-inf,-inf,True,True,False,0,[],0,0.0,,
60,49,15,12997.0,26664.0,5616977.601598824,11835875.263746038,0.48743624362436244,0.4745722201723389,34,101,1,1455.0,9354,1811,7543,0.3023882896764253,0.4752695652173913,59,146.4757273767696,1455.0,8,15,False,{},{},{},{},0.0,0.0,188.0,94.0,422.0,0.0,0.0,0.0,0.0,0.0,0.0,0.0,0.0,0.0,Unknown Reason,0.0,"{'node_level': {}, 'link_level': {}, 'path_level': {}}","{'node_level': {}, 'link_level': {}, 'path_level': {}}","{'node_level': {}, 'link_level': {}, 'path_level': {}}",[],-inf,-inf,True,True,False,0,[],0,0.0,0.0,0.0
61,50,16,13451.0,27986.0,5671440.241225587,11994464.71217463,0.48063317372972203,0.47283812802992015,34,102,1,1478.0,8032,1755,6277,0.323959938366718,0.5633391304347826,60,119.96176129242878,1478.0,9,20,True,"{np.int64(0): np.int64(2), np.int64(1): np.int64(22), np.int64(2): np.int64(5), np.int64(3): np.int64(17), np.int64(4): np.int64(25), np.int64(5): np.int64(21), np.int64(6): np.int64(11), np.int64(7): np.int64(18), np.int64(8): np.int64(4)}","{(0, 2): [(np.int64(2), 5)], (0, 5): [(np.int64(2), 21)], (0, 6): [(np.int64(2), 5), (5, 7), (7, 11)], (0, 7): [(np.int64(2), 13), (13, 15), (15, 18)], (0, 8): [(np.int64(2), 5), (5, 6), (6, 4)], (1, 2): [(np.int64(22), 21), (21, 2), (2, 5)], (1, 3): [(np.int64(22), 20), (20, 1), (1, 12), (12, 14), (14, 17)], (1, 5): [(np.int64(22), 21)], (1, 7): [(np.int64(22), 20), (20, 1), (1, 12), (12, 15), (15, 18)], (2, 3): [(np.int64(5), 3), (3, 13), (13, 14), (14, 17)], (2, 5): [(np.int64(5), 3), (3, 21)], (2, 6): [(np.int64(5), 7), (7, 11)], (3, 4): [(np.int64(17), 14), (14, 13), (13, 2), (2, 21), (21, 22), (22, 25)], (3, 7): [(np.int64(17), 14), (14, 13), (13, 15), (15, 18)], (4, 5): [(np.int64(25), 22), (22, 21)], (5, 6): [(np.int64(21), 3), (3, 5), (5, 7), (7, 11)], (5, 7): [(np.int64(21), 3), (3, 13), (13, 15), (15, 18)], (5, 8): [(np.int64(21), 3), (3, 5), (5, 6), (6, 4)], (6, 8): [(np.int64(11), 7), (7, 4)], (7, 8): [(np.int64(18), 15), (15, 13), (13, 3), (3, 5), (5, 6), (6, 4)]}","{(np.int64(0), np.int64(2)): {'cpu': 7}, (np.int64(1), np.int64(22)): {'cpu': 3}, (np.int64(2), np.int64(5)): {'cpu': 7}, (np.int64(3), np.int64(17)): {'cpu': 8}, (np.int64(4), np.int64(25)): {'cpu': 5}, (np.int64(5), np.int64(21)): {'cpu': 5}, (np.int64(6), np.int64(11)): {'cpu': 1}, (np.int64(7), np.int64(18)): {'cpu': 14}, (np.int64(8), np.int64(4)): {'cpu': 6}}","{((0, 2), (np.int64(2), 5)): {'bw': 49}, ((0, 5), (np.int64(2), 21)): {'bw': 8}, ((0, 6), (np.int64(2), 5)): {'bw': 1}, ((0, 6), (5, 7)): {'bw': 1}, ((0, 6), (7, 11)): {'bw': 1}, ((0, 7), (np.int64(2), 13)): {'bw': 2}, ((0, 7), (13, 15)): {'bw': 2}, ((0, 7), (15, 18)): {'bw': 2}, ((0, 8), (np.int64(2), 5)): {'bw': 16}, ((0, 8), (5, 6)): {'bw': 16}, ((0, 8), (6, 4)): {'bw': 16}, ((1, 2), (np.int64(22), 21)): {'bw': 2}, ((1, 2), (21, 2)): {'bw': 2}, ((1, 2), (2, 5)): {'bw': 2}, ((1, 3), (np.int64(22), 20)): {'bw': 11}, ((1, 3), (20, 1)): {'bw': 11}, ((1, 3), (1, 12)): {'bw': 11}, ((1, 3), (12, 14)): {'bw': 11}, ((1, 3), (14, 17)): {'bw': 11}, ((1, 5), (np.int64(22), 21)): {'bw': 31}, ((1, 7), (np.int64(22), 20)): {'bw': 10}, ((1, 7), (20, 1)): {'bw': 10}, ((1, 7), (1, 12)): {'bw': 10}, ((1, 7), (12, 15)): {'bw': 10}, ((1, 7), (15, 18)): {'bw': 10}, ((2, 3), (np.int64(5), 3)): {'bw': 20}, ((2, 3), (3, 13)): {'bw': 20}, ((2, 3), (13, 14)): {'bw': 20}, ((2, 3), (14, 17)): {'bw': 20}, ((2, 5), (np.int64(5), 3)): {'bw': 36}, ((2, 5), (3, 21)): {'bw': 36}, ((2, 6), (np.int64(5), 7)): {'bw': 14}, ((2, 6), (7, 11)): {'bw': 14}, ((3, 4), (np.int64(17), 14)): {'bw': 7}, ((3, 4), (14, 13)): {'bw': 7}, ((3, 4), (13, 2)): {'bw': 7}, ((3, 4), (2, 21)): {'bw': 7}, ((3, 4), (21, 22)): {'bw': 7}, ((3, 4), (22, 25)): {'bw': 7}, ((3, 7), (np.int64(17), 14)): {'bw': 29}, ((3, 7), (14, 13)): {'bw': 29}, ((3, 7), (13, 15)): {'bw': 29}, ((3, 7), (15, 18)): {'bw': 29}, ((4, 5), (np.int64(25), 22)): {'bw': 5}, ((4, 5), (22, 21)): {'bw': 5}, ((5, 6), (np.int64(21), 3)): {'bw': 14}, ((5, 6), (3, 5)): {'bw': 14}, ((5, 6), (5, 7)): {'bw': 14}, ((5, 6), (7, 11)): {'bw': 14}, ((5, 7), (np.int64(21), 3)): {'bw': 50}, ((5, 7), (3, 13)): {'bw': 50}, ((5, 7), (13, 15)): {'bw': 50}, ((5, 7), (15, 18)): {'bw': 50}, ((5, 8), (np.int64(21), 3)): {'bw': 46}, ((5, 8), (3, 5)): {'bw': 46}, ((5, 8), (5, 6)): {'bw': 46}, ((5, 8), (6, 4)): {'bw': 46}, ((6, 8), (np.int64(11), 7)): {'bw': 15}, ((6, 8), (7, 4)): {'bw': 15}, ((7, 8), (np.int64(18), 15)): {'bw': 32}, ((7, 8), (15, 13)): {'bw': 32}, ((7, 8), (13, 3)): {'bw': 32}, ((7, 8), (3, 5)): {'bw': 32}, ((7, 8), (5, 6)): {'bw': 32}, ((7, 8), (6, 4)): {'bw': 32}}",1322.0,454.0,392.0,56.0,398.0,56.0,398.0,56.0,1266.0,868.0,0.3434190620272315,158589.44842859084,54462.63962676266,41.19715554218053,Success,0.0,"{'node_level': {}, 'link_level': {}, 'path_level': {}}","{'node_level': {np.int64(0): {'cpu': -21}, np.int64(1): {'cpu': -50}, np.int64(2): {'cpu': -77}, np.int64(3): {'cpu': -60}, np.int64(4): {'cpu': -58}, np.int64(5): {'cpu': -25}, np.int64(6): {'cpu': -51}, np.int64(7): {'cpu': -60}, np.int64(8): {'cpu': -47}}, 'link_level': {(0, 2): {'bw': -32}, (0, 5): {'bw': -23}, (0, 6): {'bw': -31}, (0, 7): {'bw': -101}, (0, 8): {'bw': -15}, (1, 2): {'bw': -13}, (1, 3): {'bw': -6}, (1, 5): {'bw': -112}, (1, 7): {'bw': -7}, (2, 3): {'bw': -79}, (2, 5): {'bw': -115}, (2, 6): {'bw': -281}, (3, 4): {'bw': -14}, (3, 7): {'bw': -43}, (4, 5): {'bw': -100}, (5, 6): {'bw': -101}, (5, 7): {'bw': -73}, (5, 8): {'bw': -41}, (6, 8): {'bw': -90}, (7, 8): {'bw': -9}}, 'path_level': {(0, 2): {}, (0, 5): {}, (0, 6): {}, (0, 7): {}, (0, 8): {}, (1, 2): {}, (1, 3): {}, (1, 5): {}, (1, 7): {}, (2, 3): {}, (2, 5): {}, (2, 6): {}, (3, 4): {}, (3, 7): {}, (4, 5): {}, (5, 6): {}, (5, 7): {}, (5, 8): {}, (6, 8): {}, (7, 8): {}}}","{'node_level': {np.int64(0): {'cpu': 0}, np.int64(1): {'cpu': 0}, np.int64(2): {'cpu': 0}, np.int64(3): {'cpu': 0}, np.int64(4): {'cpu': 0}, np.int64(5): {'cpu': 0}, np.int64(6): {'cpu': 0}, np.int64(7): {'cpu': 0}, np.int64(8): {'cpu': 0}}, 'link_level': {(0, 2): {'bw': 0}, (0, 5): {'bw': 0}, (0, 6): {'bw': 0}, (0, 7): {'bw': 0}, (0, 8): {'bw': 0}, (1, 2): {'bw': 0}, (1, 3): {'bw': 0}, (1, 5): {'bw': 0}, (1, 7): {'bw': 0}, (2, 3): {'bw': 0}, (2, 5): {'bw': 0}, (2, 6): {'bw': 0}, (3, 4): {'bw': 0}, (3, 7): {'bw': 0}, (4, 5): {'bw': 0}, (5, 6): {'bw': 0}, (5, 7): {'bw': 0}, (5, 8): {'bw': 0}, (6, 8): {'bw': 0}, (7, 8): {'bw': 0}}, 'path_level': {(0, 2): {}, (0, 5): {}, (0, 6): {}, (0, 7): {}, (0, 8): {}, (1, 2): {}, (1, 3): {}, (1, 5): {}, (1, 7): {}, (2, 3): {}, (2, 5): {}, (2, 6): {}, (3, 4): {}, (3, 7): {}, (4, 5): {}, (5, 6): {}, (5, 7): {}, (5, 8): {}, (6, 8): {}, (7, 8): {}}}",[],-inf,-inf,True,True,False,0,[],0,0.0,9.0,20.0
61,50,15,13451.0,27986.0,5671440.241225587,11994464.71217463,0.48063317372972203,0.47283812802992015,34,103,0,1497.109436881733,8589,1817,6772,0.3000770416024653,0.528904347826087,6,1316.109436881733,181.0,7,9,False,{},{},{},{},0.0,0.0,0.0,0.0,0.0,0.0,0.0,0.0,0.0,0.0,0.0,0.0,0.0,0.0,Leave Event,0.0,"{'node_level': {}, 'link_level': {}, 'path_level': {}}","{'node_level': {}, 'link_level': {}, 'path_level': {}}","{'node_level': {}, 'link_level': {}, 'path_level': {}}",[],-inf,-inf,True,True,False,0,[],0,0.0,,
61,50,14,13451.0,27986.0,5671440.241225587,11994464.71217463,0.48063317372972203,0.47283812802992015,34,104,0,1497.359246426273,8682,1862,6820,0.2827426810477658,0.5255652173913044,56,121.359246426273,1376.0,3,2,False,{},{},{},{},0.0,0.0,0.0,0.0,0.0,0.0,0.0,0.0,0.0,0.0,0.0,0.0,0.0,0.0,Leave Event,0.0,"{'node_level': {}, 'link_level': {}, 'path_level': {}}","{'node_level': {}, 'link_level': {}, 'path_level': {}}","{'node_level': {}, 'link_level': {}, 'path_level': {}}",[],-inf,-inf,True,True,False,0,[],0,0.0,,
62,51,15,13547.0,28082.0,5706491.169414448,12029515.64036349,0.4824086603518268,0.4743741427349786,35,105,1,1510.0,8586,1835,6751,0.29314329738058553,0.5303652173913043,61,365.1138353006334,1510.0,4,3,True,"{np.int64(0): np.int64(20), np.int64(1): np.int64(22), np.int64(2): np.int64(21), np.int64(3): np.int64(24)}","{(0, 1): [(np.int64(20), 22)], (1, 2): [(np.int64(22), 21)], (1, 3): [(np.int64(22), 24)]}","{(np.int64(0), np.int64(20)): {'cpu': 6}, (np.int64(1), np.int64(22)): {'cpu': 9}, (np.int64(2), np.int64(21)): {'cpu': 1}, (np.int64(3), np.int64(24)): {'cpu': 11}}","{((0, 1), (np.int64(20), 22)): {'bw': 23}, ((1, 2), (np.int64(22), 21)): {'bw': 6}, ((1, 3), (np.int64(22), 24)): {'bw': 40}}",96.0,96.0,135.0,27.0,69.0,27.0,69.0,27.0,69.0,0.0,1.0,35050.92818886081,35050.92818886081,365.1138353006334,Success,0.0,"{'node_level': {}, 'link_level': {}, 'path_level': {}}","{'node_level': {np.int64(0): {'cpu': -51}, np.int64(1): {'cpu': -41}, np.int64(2): {'cpu': -24}, np.int64(3): {'cpu': -64}}, 'link_level': {(0, 1): {'bw': -55}, (1, 2): {'bw': -94}, (1, 3): {'bw': -217}}, 'path_level': {(0, 1): {}, (1, 2): {}, (1, 3): {}}}","{'node_level': {np.int64(0): {'cpu': 0}, np.int64(1): {'cpu': 0}, np.int64(2): {'cpu': 0}, np.int64(3): {'cpu': 0}}, 'link_level': {(0, 1): {'bw': 0}, (1, 2): {'bw': 0}, (1, 3): {'bw': 0}}, 'path_level': {(0, 1): {}, (1, 2): {}, (1, 3): {}}}",[],-inf,-inf,True,True,False,0,[],0,0.0,4.0,3.0
63,52,16,13598.0,28133.0,5707154.112037346,12030178.582986388,0.483346959087193,0.4744031082056135,35,106,1,1532.0,8535,1819,6716,0.29930662557781207,0.5327999999999999,62,12.998874958791893,1532.0,2,1,True,"{np.int64(0): np.int64(4), np.int64(1): np.int64(0)}","{(0, 1): [(np.int64(4), 0)]}","{(np.int64(0), np.int64(4)): {'cpu': 4}, (np.int64(1), np.int64(0)): {'cpu': 12}}","{((0, 1), (np.int64(4), 0)): {'bw': 35}}",51.0,51.0,48.0,16.0,35.0,16.0,35.0,16.0,35.0,0.0,1.0,662.9426228983865,662.9426228983865,12.998874958791893,Success,0.0,"{'node_level': {}, 'link_level': {}, 'path_level': {}}","{'node_level': {np.int64(0): {'cpu': -43}, np.int64(1): {'cpu': -39}}, 'link_level': {(0, 1): {'bw': -43}}, 'path_level': {(0, 1): {}}}","{'node_level': {np.int64(0): {'cpu': 0}, np.int64(1): {'cpu': 0}}, 'link_level': {(0, 1): {'bw': 0}}, 'path_level': {(0, 1): {}}}",[],-inf,-inf,True,True,False,0,[],0,0.0,2.0,1.0
63,52,15,13598.0,28133.0,5707154.112037346,12030178.582986388,0.483346959087193,0.4744031082056135,35,107,0,1544.998874958792,8586,1835,6751,0.29314329738058553,0.5303652173913043,62,12.998874958791893,1532.0,2,1,False,{},{},{},{},0.0,0.0,0.0,0.0,0.0,0.0,0.0,0.0,0.0,0.0,0.0,0.0,0.0,0.0,Leave Event,0.0,"{'node_level': {}, 'link_level': {}, 'path_level': {}}","{'node_level': {}, 'link_level': {}, 'path_level': {}}","{'node_level': {}, 'link_level': {}, 'path_level': {}}",[],-inf,-inf,True,True,False,0,[],0,0.0,,
63,52,14,13598.0,28133.0,5707154.112037346,12030178.582986388,0.483346959087193,0.4744031082056135,35,108,0,1559.9522161179746,8867,1872,6995,0.27889060092449924,0.5133913043478261,41,543.9522161179746,1016.0,4,4,False,{},{},{},{},0.0,0.0,0.0,0.0,0.0,0.0,0.0,0.0,0.0,0.0,0.0,0.0,0.0,0.0,Leave Event,0.0,"{'node_level': {}, 'link_level': {}, 'path_level': {}}","{'node_level': {}, 'link_level': {}, 'path_level': {}}","{'node_level': {}, 'link_level': {}, 'path_level': {}}",[],-inf,-inf,True,True,False,0,[],0,0.0,,
64,53,15,13784.0,28527.0,5728778.938362393,12075986.01079321,0.48319136256879447,0.4743943006593545,35,109,1,1560.0,8473,1836,6637,0.29275808936825887,0.5382956521739131,63,116.26250712390987,1560.0,5,5,True,"{np.int64(0): np.int64(28), np.int64(1): np.int64(5), np.int64(2): np.int64(30), np.int64(3): np.int64(3), np.int64(4): np.int64(7)}","{(0, 1): [(np.int64(28), 0), (0, 4), (4, 6), (6, 5)], (0, 2): [(np.int64(28), 30)], (0, 3): [(np.int64(28), 30), (30, 29), (29, 3)], (0, 4): [(np.int64(28), 0), (0, 4), (4, 7)], (1, 3): [(np.int64(5), 3)]}","{(np.int64(0), np.int64(28)): {'cpu': 5}, (np.int64(1), np.int64(5)): {'cpu': 12}, (np.int64(2), np.int64(30)): {'cpu': 18}, (np.int64(3), np.int64(3)): {'cpu': 0}, (np.int64(4), np.int64(7)): {'cpu': 1}}","{((0, 1), (np.int64(28), 0)): {'bw': 20}, ((0, 1), (0, 4)): {'bw': 20}, ((0, 1), (4, 6)): {'bw': 20}, ((0, 1), (6, 5)): {'bw': 20}, ((0, 2), (np.int64(28), 30)): {'bw': 13}, ((0, 3), (np.int64(28), 30)): {'bw': 26}, ((0, 3), (30, 29)): {'bw': 26}, ((0, 3), (29, 3)): {'bw': 26}, ((0, 4), (np.int64(28), 0)): {'bw': 48}, ((0, 4), (0, 4)): {'bw': 48}, ((0, 4), (4, 7)): {'bw': 48}, ((1, 3), (np.int64(5), 3)): {'bw': 43}}",394.0,186.0,252.0,36.0,150.0,36.0,150.0,36.0,358.0,208.0,0.4720812182741117,45807.42780682049,21624.826325047237,54.88534600265796,Success,0.0,"{'node_level': {}, 'link_level': {}, 'path_level': {}}","{'node_level': {np.int64(0): {'cpu': -50}, np.int64(1): {'cpu': -65}, np.int64(2): {'cpu': -19}, np.int64(3): {'cpu': -21}, np.int64(4): {'cpu': -53}}, 'link_level': {(0, 1): {'bw': -65}, (0, 2): {'bw': -34}, (0, 3): {'bw': -8}, (0, 4): {'bw': -50}, (1, 3): {'bw': -4}}, 'path_level': {(0, 1): {}, (0, 2): {}, (0, 3): {}, (0, 4): {}, (1, 3): {}}}","{'node_level': {np.int64(0): {'cpu': 0}, np.int64(1): {'cpu': 0}, np.int64(2): {'cpu': 0}, np.int64(3): {'cpu': 0}, np.int64(4): {'cpu': 0}}, 'link_level': {(0, 1): {'bw': 0}, (0, 2): {'bw': 0}, (0, 3): {'bw': 0}, (0, 4): {'bw': 0}, (1, 3): {'bw': 0}}, 'path_level': {(0, 1): {}, (0, 2): {}, (0, 3): {}, (0, 4): {}, (1, 3): {}}}",[],-inf,-inf,True,True,False,0,[],0,0.0,5.0,5.0
65,53,15,13784.0,28527.0,5728778.938362393,12075986.01079321,0.48319136256879447,0.4743943006593545,35,110,1,1583.0,8473,1836,6637,0.29275808936825887,0.5382956521739131,64,276.4191884368743,1583.0,7,12,False,"{0: -1, 1: -1, 2: -1, 3: -1, 4: -1, 5: -1, 6: -1}",{},{},{},0.0,0.0,138.0,69.0,383.0,0.0,0.0,0.0,0.0,0.0,0.0,0.0,0.0,0.0,Unknown Reason,0.0,"{'node_level': {}, 'link_level': {}, 'path_level': {}}","{'node_level': {}, 'link_level': {}, 'path_level': {}}","{'node_level': {}, 'link_level': {}, 'path_level': {}}",[],-inf,-inf,True,True,False,0,[],0,0.0,7.0,0.0
65,53,14,13784.0,28527.0,5728778.938362393,12075986.01079321,0.48319136256879447,0.4743943006593545,35,111,0,1597.9617612924287,9795,1892,7903,0.27118644067796616,0.4502260869565218,60,119.96176129242878,1478.0,9,20,False,{},{},{},{},0.0,0.0,0.0,0.0,0.0,0.0,0.0,0.0,0.0,0.0,0.0,0.0,0.0,0.0,Leave Event,0.0,"{'node_level': {}, 'link_level': {}, 'path_level': {}}","{'node_level': {}, 'link_level': {}, 'path_level': {}}","{'node_level': {}, 'link_level': {}, 'path_level': {}}",[],-inf,-inf,True,True,False,0,[],0,0.0,,
65,53,14,13784.0,28527.0,5728778.938362393,12075986.01079321,0.48319136256879447,0.4743943006593545,35,112,0,1601.4757273767696,9795,1892,7903,0.27118644067796616,0.4502260869565218,59,146.4757273767696,1455.0,8,15,False,{},{},{},{},0.0,0.0,0.0,0.0,0.0,0.0,0.0,0.0,0.0,0.0,0.0,0.0,0.0,0.0,Leave Event,0.0,"{'node_level': {}, 'link_level': {}, 'path_level': {}}","{'node_level': {}, 'link_level': {}, 'path_level': {}}","{'node_level': {}, 'link_level': {}, 'path_level': {}}",[],-inf,-inf,True,True,False,0,[],0,0.0,,
65,53,13,13784.0,28527.0,5728778.938362393,12075986.01079321,0.48319136256879447,0.4743943006593545,35,113,0,1610.750959544849,10636,1968,8668,0.24191063174114025,0.3970086956521739,47,443.75095954484885,1167.0,7,13,False,{},{},{},{},0.0,0.0,0.0,0.0,0.0,0.0,0.0,0.0,0.0,0.0,0.0,0.0,0.0,0.0,Leave Event,0.0,"{'node_level': {}, 'link_level': {}, 'path_level': {}}","{'node_level': {}, 'link_level': {}, 'path_level': {}}","{'node_level': {}, 'link_level': {}, 'path_level': {}}",[],-inf,-inf,True,True,False,0,[],0,0.0,,
66,54,14,13957.0,28787.0,5769319.453781562,12136913.95304167,0.484836905547643,0.47535308201931303,35,114,1,1617.0,10376,1901,8475,0.26771956856702617,0.4104347826086957,65,234.3382394171621,1617.0,6,6,True,"{np.int64(0): np.int64(20), np.int64(1): np.int64(24), np.int64(2): np.int64(0), np.int64(3): np.int64(2), np.int64(4): np.int64(21), np.int64(5): np.int64(30)}","{(0, 1): [(np.int64(20), 22), (22, np.int64(24))], (0, 2): [(np.int64(20), 0)], (0, 5): [(np.int64(20), 0), (0, 28), (28, np.int64(30))], (1, 4): [(np.int64(24), 22), (22, 21)], (3, 4): [(np.int64(2), 21)], (4, 5): [(np.int64(21), 2), (2, 29), (29, np.int64(30))]}","{(np.int64(0), np.int64(20)): {'cpu': 13}, (np.int64(1), np.int64(24)): {'cpu': 7}, (np.int64(2), np.int64(0)): {'cpu': 17}, (np.int64(3), np.int64(2)): {'cpu': 4}, (np.int64(4), np.int64(21)): {'cpu': 11}, (np.int64(5), np.int64(30)): {'cpu': 15}}","{((0, 1), (np.int64(20), 22)): {'bw': 30}, ((0, 1), (22, np.int64(24))): {'bw': 30}, ((0, 2), (np.int64(20), 0)): {'bw': 28}, ((0, 5), (np.int64(20), 0)): {'bw': 8}, ((0, 5), (0, 28)): {'bw': 8}, ((0, 5), (28, np.int64(30))): {'bw': 8}, ((1, 4), (np.int64(24), 22)): {'bw': 27}, ((1, 4), (22, 21)): {'bw': 27}, ((3, 4), (np.int64(2), 21)): {'bw': 6}, ((4, 5), (np.int64(21), 2)): {'bw': 7}, ((4, 5), (2, 29)): {'bw': 7}, ((4, 5), (29, np.int64(30))): {'bw': 7}}",260.0,173.0,201.0,67.0,106.0,67.0,106.0,67.0,193.0,87.0,0.6653846153846154,60927.94224846215,40540.515419169045,155.9250593044963,Success,0.0,"{'node_level': {}, 'link_level': {}, 'path_level': {}}","{'node_level': {np.int64(0): {'cpu': -54}, np.int64(1): {'cpu': -57}, np.int64(2): {'cpu': -34}, np.int64(3): {'cpu': -42}, np.int64(4): {'cpu': -18}, np.int64(5): {'cpu': -4}}, 'link_level': {(0, 1): {'bw': -187}, (0, 2): {'bw': -109}, (0, 5): {'bw': 0}, (1, 4): {'bw': -135}, (3, 4): {'bw': -83}, (4, 5): {'bw': -5}}, 'path_level': {(0, 1): {}, (0, 2): {}, (0, 5): {}, (1, 4): {}, (3, 4): {}, (4, 5): {}}}","{'node_level': {np.int64(0): {'cpu': 0}, np.int64(1): {'cpu': 0}, np.int64(2): {'cpu': 0}, np.int64(3): {'cpu': 0}, np.int64(4): {'cpu': 0}, np.int64(5): {'cpu': 0}}, 'link_level': {(0, 1): {'bw': 0}, (0, 2): {'bw': 0}, (0, 5): {'bw': 0}, (1, 4): {'bw': 0}, (3, 4): {'bw': 0}, (4, 5): {'bw': 0}}, 'path_level': {(0, 1): {}, (0, 2): {}, (0, 5): {}, (1, 4): {}, (3, 4): {}, (4, 5): {}}}",[],-inf,-inf,True,True,False,0,[],0,0.0,6.0,6.0
67,55,15,14287.0,29486.0,5872086.290385217,12354592.797847597,0.48453503357525607,0.47529581803847437,35,115,1,1641.0,9677,1839,7838,0.29160246533127887,0.4547478260869565,66,311.4146563747142,1641.0,6,10,True,"{np.int64(0): np.int64(22), np.int64(1): np.int64(21), np.int64(2): np.int64(3), np.int64(3): np.int64(2), np.int64(4): np.int64(10), np.int64(5): np.int64(6)}","{(0, 2): [(np.int64(22), 21), (21, 3)], (0, 4): [(np.int64(22), 20), (20, 0), (0, 4), (4, 7), (7, 10)], (0, 5): [(np.int64(22), 20), (20, 0), (0, 4), (4, 6)], (1, 3): [(np.int64(21), 2)], (1, 5): [(np.int64(21), 3), (3, 5), (5, 6)], (2, 3): [(np.int64(3), 5), (5, 2)], (2, 5): [(np.int64(3), 5), (5, 6)], (3, 4): [(np.int64(2), 5), (5, 7), (7, 10)], (3, 5): [(np.int64(2), 5), (5, 6)], (4, 5): [(np.int64(10), 7), (7, 4), (4, 6)]}","{(np.int64(0), np.int64(22)): {'cpu': 11}, (np.int64(1), np.int64(21)): {'cpu': 5}, (np.int64(2), np.int64(3)): {'cpu': 17}, (np.int64(3), np.int64(2)): {'cpu': 20}, (np.int64(4), np.int64(10)): {'cpu': 9}, (np.int64(5), np.int64(6)): {'cpu': 0}}","{((0, 2), (np.int64(22), 21)): {'bw': 38}, ((0, 2), (21, 3)): {'bw': 38}, ((0, 4), (np.int64(22), 20)): {'bw': 19}, ((0, 4), (20, 0)): {'bw': 19}, ((0, 4), (0, 4)): {'bw': 19}, ((0, 4), (4, 7)): {'bw': 19}, ((0, 4), (7, 10)): {'bw': 19}, ((0, 5), (np.int64(22), 20)): {'bw': 7}, ((0, 5), (20, 0)): {'bw': 7}, ((0, 5), (0, 4)): {'bw': 7}, ((0, 5), (4, 6)): {'bw': 7}, ((1, 3), (np.int64(21), 2)): {'bw': 50}, ((1, 5), (np.int64(21), 3)): {'bw': 38}, ((1, 5), (3, 5)): {'bw': 38}, ((1, 5), (5, 6)): {'bw': 38}, ((2, 3), (np.int64(3), 5)): {'bw': 3}, ((2, 3), (5, 2)): {'bw': 3}, ((2, 5), (np.int64(3), 5)): {'bw': 30}, ((2, 5), (5, 6)): {'bw': 30}, ((3, 4), (np.int64(2), 5)): {'bw': 37}, ((3, 4), (5, 7)): {'bw': 37}, ((3, 4), (7, 10)): {'bw': 37}, ((3, 5), (np.int64(2), 5)): {'bw': 41}, ((3, 5), (5, 6)): {'bw': 41}, ((4, 5), (np.int64(10), 7)): {'bw': 5}, ((4, 5), (7, 4)): {'bw': 5}, ((4, 5), (4, 6)): {'bw': 5}}",699.0,330.0,434.0,62.0,268.0,62.0,268.0,62.0,637.0,369.0,0.4721030042918455,217678.8448059252,102766.83660365568,147.01979485501528,Success,0.0,"{'node_level': {}, 'link_level': {}, 'path_level': {}}","{'node_level': {np.int64(0): {'cpu': -36}, np.int64(1): {'cpu': -13}, np.int64(2): {'cpu': -4}, np.int64(3): {'cpu': -22}, np.int64(4): {'cpu': -77}, np.int64(5): {'cpu': -38}}, 'link_level': {(0, 2): {'bw': -97}, (0, 4): {'bw': -41}, (0, 5): {'bw': -34}, (1, 3): {'bw': -26}, (1, 5): {'bw': -114}, (2, 3): {'bw': -102}, (2, 5): {'bw': -81}, (3, 4): {'bw': -65}, (3, 5): {'bw': -24}, (4, 5): {'bw': -41}}, 'path_level': {(0, 2): {}, (0, 4): {}, (0, 5): {}, (1, 3): {}, (1, 5): {}, (2, 3): {}, (2, 5): {}, (3, 4): {}, (3, 5): {}, (4, 5): {}}}","{'node_level': {np.int64(0): {'cpu': 0}, np.int64(1): {'cpu': 0}, np.int64(2): {'cpu': 0}, np.int64(3): {'cpu': 0}, np.int64(4): {'cpu': 0}, np.int64(5): {'cpu': 0}}, 'link_level': {(0, 2): {'bw': 0}, (0, 4): {'bw': 0}, (0, 5): {'bw': 0}, (1, 3): {'bw': 0}, (1, 5): {'bw': 0}, (2, 3): {'bw': 0}, (2, 5): {'bw': 0}, (3, 4): {'bw': 0}, (3, 5): {'bw': 0}, (4, 5): {'bw': 0}}, 'path_level': {(0, 2): {}, (0, 4): {}, (0, 5): {}, (1, 3): {}, (1, 5): {}, (2, 3): {}, (2, 5): {}, (3, 4): {}, (3, 5): {}, (4, 5): {}}}",[],-inf,-inf,True,True,False,0,[],0,0.0,6.0,10.0
68,55,15,14287.0,29486.0,5872086.290385217,12354592.797847597,0.48453503357525607,0.47529581803847437,35,116,1,1664.0,9677,1839,7838,0.29160246533127887,0.4547478260869565,67,162.60800753236046,1664.0,8,9,False,{},{},{},{},0.0,0.0,210.0,105.0,232.0,0.0,0.0,0.0,0.0,0.0,0.0,0.0,0.0,0.0,Unknown Reason,0.0,"{'node_level': {}, 'link_level': {}, 'path_level': {}}","{'node_level': {}, 'link_level': {}, 'path_level': {}}","{'node_level': {}, 'link_level': {}, 'path_level': {}}",[],-inf,-inf,True,True,False,0,[],0,0.0,0.0,0.0
68,55,14,14287.0,29486.0,5872086.290385217,12354592.797847597,0.48453503357525607,0.47529581803847437,35,117,0,1676.26250712391,10071,1875,8196,0.27773497688751925,0.42984347826086955,63,116.26250712390987,1560.0,5,5,False,{},{},{},{},0.0,0.0,0.0,0.0,0.0,0.0,0.0,0.0,0.0,0.0,0.0,0.0,0.0,0.0,Leave Event,0.0,"{'node_level': {}, 'link_level': {}, 'path_level': {}}","{'node_level': {}, 'link_level': {}, 'path_level': {}}","{'node_level': {}, 'link_level': {}, 'path_level': {}}",[],-inf,-inf,True,True,False,0,[],0,0.0,,
69,56,15,14490.0,29859.0,5961790.53474951,12519418.823206617,0.48528081985331056,0.47620345791918384,35,118,1,1685.0,9698,1796,7902,0.30816640986132515,0.4502956521739131,68,441.89282938075206,1685.0,6,5,True,"{np.int64(0): np.int64(14), np.int64(1): np.int64(2), np.int64(2): np.int64(10), np.int64(3): np.int64(11), np.int64(4): np.int64(13), np.int64(5): np.int64(23)}","{(0, 4): [(np.int64(14), 13)], (1, 3): [(np.int64(2), 5), (5, 7), (7, 11)], (2, 3): [(np.int64(10), 7), (7, 11)], (2, 5): [(np.int64(10), 7), (7, 4), (4, 0), (0, 20), (20, 23)], (4, 5): [(np.int64(13), 3), (3, 21), (21, 23)]}","{(np.int64(0), np.int64(14)): {'cpu': 11}, (np.int64(1), np.int64(2)): {'cpu': 16}, (np.int64(2), np.int64(10)): {'cpu': 4}, (np.int64(3), np.int64(11)): {'cpu': 18}, (np.int64(4), np.int64(13)): {'cpu': 11}, (np.int64(5), np.int64(23)): {'cpu': 19}}","{((0, 4), (np.int64(14), 13)): {'bw': 34}, ((1, 3), (np.int64(2), 5)): {'bw': 16}, ((1, 3), (5, 7)): {'bw': 16}, ((1, 3), (7, 11)): {'bw': 16}, ((2, 3), (np.int64(10), 7)): {'bw': 28}, ((2, 3), (7, 11)): {'bw': 28}, ((2, 5), (np.int64(10), 7)): {'bw': 9}, ((2, 5), (7, 4)): {'bw': 9}, ((2, 5), (4, 0)): {'bw': 9}, ((2, 5), (0, 20)): {'bw': 9}, ((2, 5), (20, 23)): {'bw': 9}, ((4, 5), (np.int64(13), 3)): {'bw': 37}, ((4, 5), (3, 21)): {'bw': 37}, ((4, 5), (21, 23)): {'bw': 37}}",373.0,203.0,948.0,79.0,124.0,79.0,124.0,79.0,294.0,170.0,0.5442359249329759,164826.0253590205,89704.24436429267,240.4939527192833,Success,0.0,"{'node_level': {}, 'link_level': {}, 'path_level': {}}","{'node_level': {np.int64(0): {'cpu': -27}, np.int64(1): {'cpu': -6}, np.int64(2): {'cpu': -73}, np.int64(3): {'cpu': -51}, np.int64(4): {'cpu': -36}, np.int64(5): {'cpu': -66}}, 'link_level': {(0, 4): {'bw': -99}, (1, 3): {'bw': -8}, (2, 3): {'bw': -164}, (2, 5): {'bw': -25}, (4, 5): {'bw': -120}}, 'path_level': {(0, 4): {}, (1, 3): {}, (2, 3): {}, (2, 5): {}, (4, 5): {}}}","{'node_level': {np.int64(0): {'cpu': 0}, np.int64(1): {'cpu': 0}, np.int64(2): {'cpu': 0}, np.int64(3): {'cpu': 0}, np.int64(4): {'cpu': 0}, np.int64(5): {'cpu': 0}}, 'link_level': {(0, 4): {'bw': 0}, (1, 3): {'bw': 0}, (2, 3): {'bw': 0}, (2, 5): {'bw': 0}, (4, 5): {'bw': 0}}, 'path_level': {(0, 4): {}, (1, 3): {}, (2, 3): {}, (2, 5): {}, (4, 5): {}}}",[],-inf,-inf,True,True,False,0,[],0,0.0,6.0,5.0
70,57,16,14635.0,30064.0,6106358.379310257,12723807.844826983,0.48679483767961684,0.47991595391727565,35,119,1,1703.0,9493,1720,7773,0.33744221879815095,0.45926956521739126,69,997.0196176603264,1703.0,6,6,True,"{np.int64(0): np.int64(4), np.int64(1): np.int64(6), np.int64(2): np.int64(26), np.int64(3): np.int64(34), np.int64(4): np.int64(0), np.int64(5): np.int64(9)}","{(0, 1): [(np.int64(4), 6)], (0, 2): [(np.int64(4), 0), (0, 20), (20, 23), (23, 26)], (0, 4): [(np.int64(4), 0)], (0, 5): [(np.int64(4), 6), (6, 9)], (2, 3): [(np.int64(26), 23), (23, 20), (20, 0), (0, 28), (28, 31), (31, 34)], (3, 4): [(np.int64(34), 31), (31, 28), (28, 0)]}","{(np.int64(0), np.int64(4)): {'cpu': 8}, (np.int64(1), np.int64(6)): {'cpu': 17}, (np.int64(2), np.int64(26)): {'cpu': 16}, (np.int64(3), np.int64(34)): {'cpu': 12}, (np.int64(4), np.int64(0)): {'cpu': 5}, (np.int64(5), np.int64(9)): {'cpu': 18}}","{((0, 1), (np.int64(4), 6)): {'bw': 12}, ((0, 2), (np.int64(4), 0)): {'bw': 1}, ((0, 2), (0, 20)): {'bw': 1}, ((0, 2), (20, 23)): {'bw': 1}, ((0, 2), (23, 26)): {'bw': 1}, ((0, 4), (np.int64(4), 0)): {'bw': 27}, ((0, 5), (np.int64(4), 6)): {'bw': 10}, ((0, 5), (6, 9)): {'bw': 10}, ((2, 3), (np.int64(26), 23)): {'bw': 3}, ((2, 3), (23, 20)): {'bw': 3}, ((2, 3), (20, 0)): {'bw': 3}, ((2, 3), (0, 28)): {'bw': 3}, ((2, 3), (28, 31)): {'bw': 3}, ((2, 3), (31, 34)): {'bw': 3}, ((3, 4), (np.int64(34), 31)): {'bw': 16}, ((3, 4), (31, 28)): {'bw': 16}, ((3, 4), (28, 0)): {'bw': 16}}",205.0,145.0,532.0,76.0,69.0,76.0,69.0,76.0,129.0,60.0,0.7073170731707317,204389.0216203669,144567.84456074733,705.208997857304,Success,0.0,"{'node_level': {}, 'link_level': {}, 'path_level': {}}","{'node_level': {np.int64(0): {'cpu': -45}, np.int64(1): {'cpu': -21}, np.int64(2): {'cpu': -42}, np.int64(3): {'cpu': -56}, np.int64(4): {'cpu': -29}, np.int64(5): {'cpu': -71}}, 'link_level': {(0, 1): {'bw': -155}, (0, 2): {'bw': -24}, (0, 4): {'bw': -65}, (0, 5): {'bw': -145}, (2, 3): {'bw': -21}, (3, 4): {'bw': -129}}, 'path_level': {(0, 1): {}, (0, 2): {}, (0, 4): {}, (0, 5): {}, (2, 3): {}, (3, 4): {}}}","{'node_level': {np.int64(0): {'cpu': 0}, np.int64(1): {'cpu': 0}, np.int64(2): {'cpu': 0}, np.int64(3): {'cpu': 0}, np.int64(4): {'cpu': 0}, np.int64(5): {'cpu': 0}}, 'link_level': {(0, 1): {'bw': 0}, (0, 2): {'bw': 0}, (0, 4): {'bw': 0}, (0, 5): {'bw': 0}, (2, 3): {'bw': 0}, (3, 4): {'bw': 0}}, 'path_level': {(0, 1): {}, (0, 2): {}, (0, 4): {}, (0, 5): {}, (2, 3): {}, (3, 4): {}}}",[],-inf,-inf,True,True,False,0,[],0,0.0,6.0,6.0
70,57,15,14635.0,30064.0,6106358.379310257,12723807.844826983,0.48679483767961684,0.47991595391727565,35,120,0,1712.7521392323824,10202,1827,8375,0.29622496147919875,0.4173913043478261,49,495.75213923238255,1217.0,8,11,False,{},{},{},{},0.0,0.0,0.0,0.0,0.0,0.0,0.0,0.0,0.0,0.0,0.0,0.0,0.0,0.0,Leave Event,0.0,"{'node_level': {}, 'link_level': {}, 'path_level': {}}","{'node_level': {}, 'link_level': {}, 'path_level': {}}","{'node_level': {}, 'link_level': {}, 'path_level': {}}",[],-inf,-inf,True,True,False,0,[],0,0.0,,
71,58,16,14829.0,30395.0,6118486.540368917,12744500.738179646,0.4878762954433295,0.4800883664308099,35,121,1,1731.0,9871,1791,8080,0.31009244992295837,0.4379130434782609,70,62.51629411680762,1731.0,5,5,True,"{np.int64(0): np.int64(32), np.int64(1): np.int64(7), np.int64(2): np.int64(28), np.int64(3): np.int64(0), np.int64(4): np.int64(1)}","{(0, 4): [(np.int64(32), 30), (30, 28), (28, 1)], (1, 3): [(np.int64(7), 4), (4, 0)], (1, 4): [(np.int64(7), 4), (4, 1)], (2, 3): [(np.int64(28), 0)], (2, 4): [(np.int64(28), 1)]}","{(np.int64(0), np.int64(32)): {'cpu': 6}, (np.int64(1), np.int64(7)): {'cpu': 0}, (np.int64(2), np.int64(28)): {'cpu': 7}, (np.int64(3), np.int64(0)): {'cpu': 3}, (np.int64(4), np.int64(1)): {'cpu': 20}}","{((0, 4), (np.int64(32), 30)): {'bw': 36}, ((0, 4), (30, 28)): {'bw': 36}, ((0, 4), (28, 1)): {'bw': 36}, ((1, 3), (np.int64(7), 4)): {'bw': 44}, ((1, 3), (4, 0)): {'bw': 44}, ((1, 4), (np.int64(7), 4)): {'bw': 21}, ((1, 4), (4, 1)): {'bw': 21}, ((2, 3), (np.int64(28), 0)): {'bw': 49}, ((2, 4), (np.int64(28), 1)): {'bw': 8}}",331.0,194.0,432.0,36.0,158.0,36.0,158.0,36.0,295.0,137.0,0.5861027190332326,20692.893352663323,12128.161058660678,36.64096996574223,Success,0.0,"{'node_level': {}, 'link_level': {}, 'path_level': {}}","{'node_level': {np.int64(0): {'cpu': -76}, np.int64(1): {'cpu': -54}, np.int64(2): {'cpu': -51}, np.int64(3): {'cpu': -46}, np.int64(4): {'cpu': -59}}, 'link_level': {(0, 4): {'bw': -3}, (1, 3): {'bw': -21}, (1, 4): {'bw': -15}, (2, 3): {'bw': -204}, (2, 4): {'bw': -128}}, 'path_level': {(0, 4): {}, (1, 3): {}, (1, 4): {}, (2, 3): {}, (2, 4): {}}}","{'node_level': {np.int64(0): {'cpu': 0}, np.int64(1): {'cpu': 0}, np.int64(2): {'cpu': 0}, np.int64(3): {'cpu': 0}, np.int64(4): {'cpu': 0}}, 'link_level': {(0, 4): {'bw': 0}, (1, 3): {'bw': 0}, (1, 4): {'bw': 0}, (2, 3): {'bw': 0}, (2, 4): {'bw': 0}}, 'path_level': {(0, 4): {}, (1, 3): {}, (1, 4): {}, (2, 3): {}, (2, 4): {}}}",[],-inf,-inf,True,True,False,0,[],0,0.0,5.0,5.0
71,58,15,14829.0,30395.0,6118486.540368917,12744500.738179646,0.4878762954433295,0.4800883664308099,35,122,0,1731.6740988507,9996,1826,8170,0.2966101694915254,0.43165217391304345,13,1360.6740988507,371.0,3,3,False,{},{},{},{},0.0,0.0,0.0,0.0,0.0,0.0,0.0,0.0,0.0,0.0,0.0,0.0,0.0,0.0,Leave Event,0.0,"{'node_level': {}, 'link_level': {}, 'path_level': {}}","{'node_level': {}, 'link_level': {}, 'path_level': {}}","{'node_level': {}, 'link_level': {}, 'path_level': {}}",[],-inf,-inf,True,True,False,0,[],0,0.0,,
72,59,16,15019.0,30741.0,6187696.304643166,12870535.361542227,0.48856575908395955,0.48076448499044555,35,123,1,1767.0,9650,1786,7864,0.3120184899845917,0.4529391304347826,71,364.2619172328909,1767.0,6,8,True,"{np.int64(0): np.int64(13), np.int64(1): np.int64(0), np.int64(2): np.int64(28), np.int64(3): np.int64(26), np.int64(4): np.int64(22), np.int64(5): np.int64(23)}","{(0, 4): [(np.int64(13), 2), (2, 21), (21, 22)], (1, 2): [(np.int64(0), 28)], (1, 4): [(np.int64(0), 20), (20, 22)], (1, 5): [(np.int64(0), 20), (20, 23)], (2, 3): [(np.int64(28), 0), (0, 20), (20, 23), (23, 26)], (2, 5): [(np.int64(28), 0), (0, 20), (20, 23)], (3, 5): [(np.int64(26), 23)], (4, 5): [(np.int64(22), 20), (20, 23)]}","{(np.int64(0), np.int64(13)): {'cpu': 15}, (np.int64(1), np.int64(0)): {'cpu': 6}, (np.int64(2), np.int64(28)): {'cpu': 10}, (np.int64(3), np.int64(26)): {'cpu': 1}, (np.int64(4), np.int64(22)): {'cpu': 4}, (np.int64(5), np.int64(23)): {'cpu': 4}}","{((0, 4), (np.int64(13), 2)): {'bw': 27}, ((0, 4), (2, 21)): {'bw': 27}, ((0, 4), (21, 22)): {'bw': 27}, ((1, 2), (np.int64(0), 28)): {'bw': 13}, ((1, 4), (np.int64(0), 20)): {'bw': 13}, ((1, 4), (20, 22)): {'bw': 13}, ((1, 5), (np.int64(0), 20)): {'bw': 41}, ((1, 5), (20, 23)): {'bw': 41}, ((2, 3), (np.int64(28), 0)): {'bw': 8}, ((2, 3), (0, 20)): {'bw': 8}, ((2, 3), (20, 23)): {'bw': 8}, ((2, 3), (23, 26)): {'bw': 8}, ((2, 5), (np.int64(28), 0)): {'bw': 6}, ((2, 5), (0, 20)): {'bw': 6}, ((2, 5), (20, 23)): {'bw': 6}, ((3, 5), (np.int64(26), 23)): {'bw': 30}, ((4, 5), (np.int64(22), 20)): {'bw': 12}, ((4, 5), (20, 23)): {'bw': 12}}",346.0,190.0,520.0,40.0,150.0,40.0,150.0,40.0,306.0,156.0,0.5491329479768786,126034.62336258024,69209.76427424926,200.02822044580714,Success,0.0,"{'node_level': {}, 'link_level': {}, 'path_level': {}}","{'node_level': {np.int64(0): {'cpu': -40}, np.int64(1): {'cpu': -40}, np.int64(2): {'cpu': -41}, np.int64(3): {'cpu': -41}, np.int64(4): {'cpu': -32}, np.int64(5): {'cpu': -62}}, 'link_level': {(0, 4): {'bw': -6}, (1, 2): {'bw': -191}, (1, 4): {'bw': -118}, (1, 5): {'bw': -38}, (2, 3): {'bw': -30}, (2, 5): {'bw': -24}, (3, 5): {'bw': -260}, (4, 5): {'bw': -12}}, 'path_level': {(0, 4): {}, (1, 2): {}, (1, 4): {}, (1, 5): {}, (2, 3): {}, (2, 5): {}, (3, 5): {}, (4, 5): {}}}","{'node_level': {np.int64(0): {'cpu': 0}, np.int64(1): {'cpu': 0}, np.int64(2): {'cpu': 0}, np.int64(3): {'cpu': 0}, np.int64(4): {'cpu': 0}, np.int64(5): {'cpu': 0}}, 'link_level': {(0, 4): {'bw': 0}, (1, 2): {'bw': 0}, (1, 4): {'bw': 0}, (1, 5): {'bw': 0}, (2, 3): {'bw': 0}, (2, 5): {'bw': 0}, (3, 5): {'bw': 0}, (4, 5): {'bw': 0}}, 'path_level': {(0, 4): {}, (1, 2): {}, (1, 4): {}, (1, 5): {}, (2, 3): {}, (2, 5): {}, (3, 5): {}, (4, 5): {}}}",[],-inf,-inf,True,True,False,0,[],0,0.0,6.0,8.0
72,59,15,15019.0,30741.0,6187696.304643166,12870535.361542227,0.48856575908395955,0.48076448499044555,35,124,0,1793.5162941168076,9981,1822,8159,0.2981510015408321,0.43241739130434786,70,62.51629411680762,1731.0,5,5,False,{},{},{},{},0.0,0.0,0.0,0.0,0.0,0.0,0.0,0.0,0.0,0.0,0.0,0.0,0.0,0.0,Leave Event,0.0,"{'node_level': {}, 'link_level': {}, 'path_level': {}}","{'node_level': {}, 'link_level': {}, 'path_level': {}}","{'node_level': {}, 'link_level': {}, 'path_level': {}}",[],-inf,-inf,True,True,False,0,[],0,0.0,,
73,60,16,15297.0,31292.0,6207384.546942644,12909557.741063854,0.4888469896459159,0.48083634400562386,35,125,1,1794.0,9430,1780,7650,0.3143297380585516,0.4678260869565217,72,70.82101546574671,1794.0,6,9,True,"{np.int64(0): np.int64(3), np.int64(1): np.int64(0), np.int64(2): np.int64(12), np.int64(3): np.int64(11), np.int64(4): np.int64(4), np.int64(5): np.int64(21)}","{(0, 2): [(np.int64(3), 13), (13, 14), (14, 12)], (0, 5): [(np.int64(3), 21)], (1, 2): [(np.int64(0), 12)], (1, 3): [(np.int64(0), 4), (4, 7), (7, 11)], (1, 4): [(np.int64(0), 4)], (2, 4): [(np.int64(12), 1), (1, 4)], (2, 5): [(np.int64(12), 0), (0, 20), (20, 22), (22, 21)], (3, 4): [(np.int64(11), 7), (7, 4)], (3, 5): [(np.int64(11), 7), (7, 5), (5, 2), (2, 21)]}","{(np.int64(0), np.int64(3)): {'cpu': 2}, (np.int64(1), np.int64(0)): {'cpu': 3}, (np.int64(2), np.int64(12)): {'cpu': 8}, (np.int64(3), np.int64(11)): {'cpu': 16}, (np.int64(4), np.int64(4)): {'cpu': 5}, (np.int64(5), np.int64(21)): {'cpu': 8}}","{((0, 2), (np.int64(3), 13)): {'bw': 29}, ((0, 2), (13, 14)): {'bw': 29}, ((0, 2), (14, 12)): {'bw': 29}, ((0, 5), (np.int64(3), 21)): {'bw': 22}, ((1, 2), (np.int64(0), 12)): {'bw': 37}, ((1, 3), (np.int64(0), 4)): {'bw': 23}, ((1, 3), (4, 7)): {'bw': 23}, ((1, 3), (7, 11)): {'bw': 23}, ((1, 4), (np.int64(0), 4)): {'bw': 36}, ((2, 4), (np.int64(12), 1)): {'bw': 43}, ((2, 4), (1, 4)): {'bw': 43}, ((2, 5), (np.int64(12), 0)): {'bw': 34}, ((2, 5), (0, 20)): {'bw': 34}, ((2, 5), (20, 22)): {'bw': 34}, ((2, 5), (22, 21)): {'bw': 34}, ((3, 4), (np.int64(11), 7)): {'bw': 6}, ((3, 4), (7, 4)): {'bw': 6}, ((3, 5), (np.int64(11), 7)): {'bw': 6}, ((3, 5), (7, 5)): {'bw': 6}, ((3, 5), (5, 2)): {'bw': 6}, ((3, 5), (2, 21)): {'bw': 6}}",551.0,278.0,210.0,42.0,236.0,42.0,236.0,42.0,509.0,273.0,0.5045372050816697,39022.37952162644,19688.242299477584,35.73183720413355,Success,0.0,"{'node_level': {}, 'link_level': {}, 'path_level': {}}","{'node_level': {np.int64(0): {'cpu': -22}, np.int64(1): {'cpu': -40}, np.int64(2): {'cpu': -2}, np.int64(3): {'cpu': -35}, np.int64(4): {'cpu': -40}, np.int64(5): {'cpu': -5}}, 'link_level': {(0, 2): {'bw': -110}, (0, 5): {'bw': -98}, (1, 2): {'bw': -150}, (1, 3): {'bw': -42}, (1, 4): {'bw': -6}, (2, 4): {'bw': -89}, (2, 5): {'bw': -29}, (3, 4): {'bw': -51}, (3, 5): {'bw': 0}}, 'path_level': {(0, 2): {}, (0, 5): {}, (1, 2): {}, (1, 3): {}, (1, 4): {}, (2, 4): {}, (2, 5): {}, (3, 4): {}, (3, 5): {}}}","{'node_level': {np.int64(0): {'cpu': 0}, np.int64(1): {'cpu': 0}, np.int64(2): {'cpu': 0}, np.int64(3): {'cpu': 0}, np.int64(4): {'cpu': 0}, np.int64(5): {'cpu': 0}}, 'link_level': {(0, 2): {'bw': 0}, (0, 5): {'bw': 0}, (1, 2): {'bw': 0}, (1, 3): {'bw': 0}, (1, 4): {'bw': 0}, (2, 4): {'bw': 0}, (2, 5): {'bw': 0}, (3, 4): {'bw': 0}, (3, 5): {'bw': 0}}, 'path_level': {(0, 2): {}, (0, 5): {}, (1, 2): {}, (1, 3): {}, (1, 4): {}, (2, 4): {}, (2, 5): {}, (3, 4): {}, (3, 5): {}}}",[],-inf,-inf,True,True,False,0,[],0,0.0,6.0,9.0
73,60,15,15297.0,31292.0,6207384.546942644,12909557.741063854,0.4888469896459159,0.48083634400562386,35,126,0,1801.1917317485868,9459,1790,7669,0.31047765793528503,0.46650434782608696,44,710.1917317485868,1091.0,2,1,False,{},{},{},{},0.0,0.0,0.0,0.0,0.0,0.0,0.0,0.0,0.0,0.0,0.0,0.0,0.0,0.0,Leave Event,0.0,"{'node_level': {}, 'link_level': {}, 'path_level': {}}","{'node_level': {}, 'link_level': {}, 'path_level': {}}","{'node_level': {}, 'link_level': {}, 'path_level': {}}",[],-inf,-inf,True,True,False,0,[],0,0.0,,
74,60,15,15297.0,31292.0,6207384.546942644,12909557.741063854,0.4888469896459159,0.48083634400562386,35,127,1,1824.0,9459,1790,7669,0.31047765793528503,0.46650434782608696,73,630.9063390227499,1824.0,10,24,False,"{0: -1, 1: -1, 2: -1, 3: -1, 4: -1, 5: -1, 6: -1, 7: -1, 8: -1, 9: -1}",{},{},{},0.0,0.0,206.0,103.0,768.0,0.0,0.0,0.0,0.0,0.0,0.0,0.0,0.0,0.0,Unknown Reason,0.0,"{'node_level': {}, 'link_level': {}, 'path_level': {}}","{'node_level': {}, 'link_level': {}, 'path_level': {}}","{'node_level': {}, 'link_level': {}, 'path_level': {}}",[],-inf,-inf,True,True,False,0,[],0,0.0,10.0,0.0
74,60,15,15297.0,31292.0,6207384.546942644,12909557.741063854,0.4888469896459159,0.48083634400562386,35,128,0,1826.6080075323605,9459,1790,7669,0.31047765793528503,0.46650434782608696,67,162.60800753236046,1664.0,8,9,False,{},{},{},{},0.0,0.0,0.0,0.0,0.0,0.0,0.0,0.0,0.0,0.0,0.0,0.0,0.0,0.0,Leave Event,0.0,"{'node_level': {}, 'link_level': {}, 'path_level': {}}","{'node_level': {}, 'link_level': {}, 'path_level': {}}","{'node_level': {}, 'link_level': {}, 'path_level': {}}",[],-inf,-inf,True,True,False,0,[],0,0.0,,
75,60,15,15297.0,31292.0,6207384.546942644,12909557.741063854,0.4888469896459159,0.48083634400562386,35,129,1,1846.0,9459,1790,7669,0.31047765793528503,0.46650434782608696,74,252.13996582016046,1846.0,6,10,False,{},{},{},{},0.0,0.0,138.0,69.0,259.0,0.0,0.0,0.0,0.0,0.0,0.0,0.0,0.0,0.0,Unknown Reason,0.0,"{'node_level': {}, 'link_level': {}, 'path_level': {}}","{'node_level': {}, 'link_level': {}, 'path_level': {}}","{'node_level': {}, 'link_level': {}, 'path_level': {}}",[],-inf,-inf,True,True,False,0,[],0,0.0,0.0,0.0
75,60,14,15297.0,31292.0,6207384.546942644,12909557.741063854,0.4888469896459159,0.48083634400562386,35,130,0,1851.3382394171622,9719,1857,7862,0.2846687211093991,0.45307826086956526,65,234.3382394171621,1617.0,6,6,False,{},{},{},{},0.0,0.0,0.0,0.0,0.0,0.0,0.0,0.0,0.0,0.0,0.0,0.0,0.0,0.0,Leave Event,0.0,"{'node_level': {}, 'link_level': {}, 'path_level': {}}","{'node_level': {}, 'link_level': {}, 'path_level': {}}","{'node_level': {}, 'link_level': {}, 'path_level': {}}",[],-inf,-inf,True,True,False,0,[],0,0.0,,
75,60,14,15297.0,31292.0,6207384.546942644,12909557.741063854,0.4888469896459159,0.48083634400562386,35,131,0,1859.4191884368743,9719,1857,7862,0.2846687211093991,0.45307826086956526,64,276.4191884368743,1583.0,7,12,False,{},{},{},{},0.0,0.0,0.0,0.0,0.0,0.0,0.0,0.0,0.0,0.0,0.0,0.0,0.0,0.0,Leave Event,0.0,"{'node_level': {}, 'link_level': {}, 'path_level': {}}","{'node_level': {}, 'link_level': {}, 'path_level': {}}","{'node_level': {}, 'link_level': {}, 'path_level': {}}",[],-inf,-inf,True,True,False,0,[],0,0.0,,
76,60,14,15297.0,31292.0,6207384.546942644,12909557.741063854,0.4888469896459159,0.48083634400562386,35,132,1,1863.0,9719,1857,7862,0.2846687211093991,0.45307826086956526,75,416.6891251163398,1863.0,5,9,False,{},{},{},{},0.0,0.0,96.0,48.0,249.0,0.0,0.0,0.0,0.0,0.0,0.0,0.0,0.0,0.0,Unknown Reason,0.0,"{'node_level': {}, 'link_level': {}, 'path_level': {}}","{'node_level': {}, 'link_level': {}, 'path_level': {}}","{'node_level': {}, 'link_level': {}, 'path_level': {}}",[],-inf,-inf,True,True,False,0,[],0,0.0,0.0,0.0
76,60,13,15297.0,31292.0,6207384.546942644,12909557.741063854,0.4888469896459159,0.48083634400562386,35,133,0,1864.8210154657468,10270,1899,8371,0.2684899845916795,0.4176695652173913,72,70.82101546574671,1794.0,6,9,False,{},{},{},{},0.0,0.0,0.0,0.0,0.0,0.0,0.0,0.0,0.0,0.0,0.0,0.0,0.0,0.0,Leave Event,0.0,"{'node_level': {}, 'link_level': {}, 'path_level': {}}","{'node_level': {}, 'link_level': {}, 'path_level': {}}","{'node_level': {}, 'link_level': {}, 'path_level': {}}",[],-inf,-inf,True,True,False,0,[],0,0.0,,
76,60,12,15297.0,31292.0,6207384.546942644,12909557.741063854,0.4888469896459159,0.48083634400562386,35,134,0,1875.1138353006334,10366,1926,8440,0.25808936825885975,0.41286956521739127,61,365.1138353006334,1510.0,4,3,False,{},{},{},{},0.0,0.0,0.0,0.0,0.0,0.0,0.0,0.0,0.0,0.0,0.0,0.0,0.0,0.0,Leave Event,0.0,"{'node_level': {}, 'link_level': {}, 'path_level': {}}","{'node_level': {}, 'link_level': {}, 'path_level': {}}","{'node_level': {}, 'link_level': {}, 'path_level': {}}",[],-inf,-inf,True,True,False,0,[],0,0.0,,
77,60,12,15297.0,31292.0,6207384.546942644,12909557.741063854,0.4888469896459159,0.48083634400562386,35,135,1,1888.0,10366,1926,8440,0.25808936825885975,0.41286956521739127,76,101.22937979015215,1888.0,9,22,False,{},{},{},{},0.0,0.0,204.0,102.0,558.0,0.0,0.0,0.0,0.0,0.0,0.0,0.0,0.0,0.0,Unknown Reason,0.0,"{'node_level': {}, 'link_level': {}, 'path_level': {}}","{'node_level': {}, 'link_level': {}, 'path_level': {}}","{'node_level': {}, 'link_level': {}, 'path_level': {}}",[],-inf,-inf,True,True,False,0,[],0,0.0,0.0,0.0
78,61,13,15657.0,32032.0,6235550.18493938,12967453.774723811,0.48879245754245754,0.4808615703025468,35,136,1,1905.0,9626,1846,7780,0.2889060092449923,0.4587826086956521,77,78.23788332426555,1905.0,7,9,True,"{np.int64(0): np.int64(5), np.int64(1): np.int64(15), np.int64(2): np.int64(10), np.int64(3): np.int64(29), np.int64(4): np.int64(3), np.int64(5): np.int64(27), np.int64(6): np.int64(13)}","{(0, 2): [(np.int64(5), 7), (7, 10)], (0, 6): [(np.int64(5), 3), (3, 13)], (1, 6): [(np.int64(15), 13)], (2, 3): [(np.int64(10), 7), (7, 5), (5, 3), (3, 29)], (2, 4): [(np.int64(10), 7), (7, 5), (5, 3)], (3, 5): [(np.int64(29), 3), (3, 21), (21, 23), (23, 27)], (3, 6): [(np.int64(29), 3), (3, 13)], (4, 5): [(np.int64(3), 21), (21, 23), (23, 27)], (4, 6): [(np.int64(3), 13)]}","{(np.int64(0), np.int64(5)): {'cpu': 12}, (np.int64(1), np.int64(15)): {'cpu': 20}, (np.int64(2), np.int64(10)): {'cpu': 6}, (np.int64(3), np.int64(29)): {'cpu': 15}, (np.int64(4), np.int64(3)): {'cpu': 9}, (np.int64(5), np.int64(27)): {'cpu': 10}, (np.int64(6), np.int64(13)): {'cpu': 8}}","{((0, 2), (np.int64(5), 7)): {'bw': 26}, ((0, 2), (7, 10)): {'bw': 26}, ((0, 6), (np.int64(5), 3)): {'bw': 16}, ((0, 6), (3, 13)): {'bw': 16}, ((1, 6), (np.int64(15), 13)): {'bw': 31}, ((2, 3), (np.int64(10), 7)): {'bw': 30}, ((2, 3), (7, 5)): {'bw': 30}, ((2, 3), (5, 3)): {'bw': 30}, ((2, 3), (3, 29)): {'bw': 30}, ((2, 4), (np.int64(10), 7)): {'bw': 37}, ((2, 4), (7, 5)): {'bw': 37}, ((2, 4), (5, 3)): {'bw': 37}, ((3, 5), (np.int64(29), 3)): {'bw': 38}, ((3, 5), (3, 21)): {'bw': 38}, ((3, 5), (21, 23)): {'bw': 38}, ((3, 5), (23, 27)): {'bw': 38}, ((3, 6), (np.int64(29), 3)): {'bw': 48}, ((3, 6), (3, 13)): {'bw': 48}, ((4, 5), (np.int64(3), 21)): {'bw': 6}, ((4, 5), (21, 23)): {'bw': 6}, ((4, 5), (23, 27)): {'bw': 6}, ((4, 6), (np.int64(3), 13)): {'bw': 48}}",740.0,360.0,400.0,80.0,280.0,80.0,280.0,80.0,660.0,380.0,0.4864864864864865,57896.03365995651,28165.6379967356,38.06167296856162,Success,0.0,"{'node_level': {}, 'link_level': {}, 'path_level': {}}","{'node_level': {np.int64(0): {'cpu': -72}, np.int64(1): {'cpu': -33}, np.int64(2): {'cpu': -67}, np.int64(3): {'cpu': -24}, np.int64(4): {'cpu': -15}, np.int64(5): {'cpu': -49}, np.int64(6): {'cpu': -32}}, 'link_level': {(0, 2): {'bw': -129}, (0, 6): {'bw': -108}, (1, 6): {'bw': -267}, (2, 3): {'bw': -78}, (2, 4): {'bw': -41}, (3, 5): {'bw': -82}, (3, 6): {'bw': -65}, (4, 5): {'bw': -76}, (4, 6): {'bw': -159}}, 'path_level': {(0, 2): {}, (0, 6): {}, (1, 6): {}, (2, 3): {}, (2, 4): {}, (3, 5): {}, (3, 6): {}, (4, 5): {}, (4, 6): {}}}","{'node_level': {np.int64(0): {'cpu': 0}, np.int64(1): {'cpu': 0}, np.int64(2): {'cpu': 0}, np.int64(3): {'cpu': 0}, np.int64(4): {'cpu': 0}, np.int64(5): {'cpu': 0}, np.int64(6): {'cpu': 0}}, 'link_level': {(0, 2): {'bw': 0}, (0, 6): {'bw': 0}, (1, 6): {'bw': 0}, (2, 3): {'bw': 0}, (2, 4): {'bw': 0}, (3, 5): {'bw': 0}, (3, 6): {'bw': 0}, (4, 5): {'bw': 0}, (4, 6): {'bw': 0}}, 'path_level': {(0, 2): {}, (0, 6): {}, (1, 6): {}, (2, 3): {}, (2, 4): {}, (3, 5): {}, (3, 6): {}, (4, 5): {}, (4, 6): {}}}",[],-inf,-inf,True,True,False,0,[],0,0.0,7.0,9.0
79,62,14,15989.0,32853.0,6346693.92173848,13242300.18409749,0.4866831035217484,0.4792742826778798,35,137,1,1929.0,8805,1805,7000,0.30469953775038516,0.5130434782608695,78,334.770291563555,1929.0,7,9,True,"{np.int64(0): np.int64(3), np.int64(1): np.int64(2), np.int64(2): np.int64(4), np.int64(3): np.int64(6), np.int64(4): np.int64(13), np.int64(5): np.int64(18), np.int64(6): np.int64(1)}","{(0, 1): [(np.int64(3), 13), (13, np.int64(2))], (0, 5): [(np.int64(3), 13), (13, 15), (15, np.int64(18))], (1, 4): [(np.int64(2), 13)], (1, 6): [(np.int64(2), 13), (13, 14), (14, 12), (12, np.int64(1))], (2, 4): [(np.int64(4), 6), (6, 5), (5, 3), (3, np.int64(13))], (2, 5): [(np.int64(4), 0), (0, 12), (12, 15), (15, np.int64(18))], (2, 6): [(np.int64(4), 1)], (3, 6): [(np.int64(6), 4), (4, np.int64(1))], (4, 5): [(np.int64(13), 15), (15, np.int64(18))]}","{(np.int64(0), np.int64(3)): {'cpu': 6}, (np.int64(1), np.int64(2)): {'cpu': 1}, (np.int64(2), np.int64(4)): {'cpu': 15}, (np.int64(3), np.int64(6)): {'cpu': 1}, (np.int64(4), np.int64(13)): {'cpu': 14}, (np.int64(5), np.int64(18)): {'cpu': 0}, (np.int64(6), np.int64(1)): {'cpu': 4}}","{((0, 1), (np.int64(3), 13)): {'bw': 26}, ((0, 1), (13, np.int64(2))): {'bw': 26}, ((0, 5), (np.int64(3), 13)): {'bw': 20}, ((0, 5), (13, 15)): {'bw': 20}, ((0, 5), (15, np.int64(18))): {'bw': 20}, ((1, 4), (np.int64(2), 13)): {'bw': 20}, ((1, 6), (np.int64(2), 13)): {'bw': 39}, ((1, 6), (13, 14)): {'bw': 39}, ((1, 6), (14, 12)): {'bw': 39}, ((1, 6), (12, np.int64(1))): {'bw': 39}, ((2, 4), (np.int64(4), 6)): {'bw': 34}, ((2, 4), (6, 5)): {'bw': 34}, ((2, 4), (5, 3)): {'bw': 34}, ((2, 4), (3, np.int64(13))): {'bw': 34}, ((2, 5), (np.int64(4), 0)): {'bw': 49}, ((2, 5), (0, 12)): {'bw': 49}, ((2, 5), (12, 15)): {'bw': 49}, ((2, 5), (15, np.int64(18))): {'bw': 49}, ((2, 6), (np.int64(4), 1)): {'bw': 46}, ((3, 6), (np.int64(6), 4)): {'bw': 30}, ((3, 6), (4, np.int64(1))): {'bw': 30}, ((4, 5), (np.int64(13), 15)): {'bw': 27}, ((4, 5), (15, np.int64(18))): {'bw': 27}}",821.0,332.0,123.0,41.0,291.0,41.0,291.0,41.0,780.0,489.0,0.4043848964677223,274846.4093736787,111143.73679910027,135.3760496943974,Success,0.0,"{'node_level': {}, 'link_level': {}, 'path_level': {}}","{'node_level': {np.int64(0): {'cpu': -9}, np.int64(1): {'cpu': -9}, np.int64(2): {'cpu': -30}, np.int64(3): {'cpu': -20}, np.int64(4): {'cpu': -18}, np.int64(5): {'cpu': -89}, np.int64(6): {'cpu': -75}}, 'link_level': {(0, 1): {'bw': -133}, (0, 5): {'bw': -113}, (1, 4): {'bw': -133}, (1, 6): {'bw': -94}, (2, 4): {'bw': -7}, (2, 5): {'bw': -16}, (2, 6): {'bw': -86}, (3, 6): {'bw': -56}, (4, 5): {'bw': -220}}, 'path_level': {(0, 1): {}, (0, 5): {}, (1, 4): {}, (1, 6): {}, (2, 4): {}, (2, 5): {}, (2, 6): {}, (3, 6): {}, (4, 5): {}}}","{'node_level': {np.int64(0): {'cpu': 0}, np.int64(1): {'cpu': 0}, np.int64(2): {'cpu': 0}, np.int64(3): {'cpu': 0}, np.int64(4): {'cpu': 0}, np.int64(5): {'cpu': 0}, np.int64(6): {'cpu': 0}}, 'link_level': {(0, 1): {'bw': 0}, (0, 5): {'bw': 0}, (1, 4): {'bw': 0}, (1, 6): {'bw': 0}, (2, 4): {'bw': 0}, (2, 5): {'bw': 0}, (2, 6): {'bw': 0}, (3, 6): {'bw': 0}, (4, 5): {'bw': 0}}, 'path_level': {(0, 1): {}, (0, 5): {}, (1, 4): {}, (1, 6): {}, (2, 4): {}, (2, 5): {}, (2, 6): {}, (3, 6): {}, (4, 5): {}}}",[],-inf,-inf,True,True,False,0,[],0,0.0,7.0,9.0
79,62,13,15989.0,32853.0,6346693.92173848,13242300.18409749,0.4866831035217484,0.4792742826778798,35,138,0,1933.5566474751904,8907,1824,7083,0.29738058551617874,0.5072695652173913,55,581.5566474751904,1352.0,3,2,False,{},{},{},{},0.0,0.0,0.0,0.0,0.0,0.0,0.0,0.0,0.0,0.0,0.0,0.0,0.0,0.0,Leave Event,0.0,"{'node_level': {}, 'link_level': {}, 'path_level': {}}","{'node_level': {}, 'link_level': {}, 'path_level': {}}","{'node_level': {}, 'link_level': {}, 'path_level': {}}",[],-inf,-inf,True,True,False,0,[],0,0.0,,
79,62,12,15989.0,32853.0,6346693.92173848,13242300.18409749,0.4866831035217484,0.4792742826778798,35,139,0,1952.4146563747142,9606,1886,7720,0.27349768875192604,0.4629565217391305,66,311.4146563747142,1641.0,6,10,False,{},{},{},{},0.0,0.0,0.0,0.0,0.0,0.0,0.0,0.0,0.0,0.0,0.0,0.0,0.0,0.0,Leave Event,0.0,"{'node_level': {}, 'link_level': {}, 'path_level': {}}","{'node_level': {}, 'link_level': {}, 'path_level': {}}","{'node_level': {}, 'link_level': {}, 'path_level': {}}",[],-inf,-inf,True,True,False,0,[],0,0.0,,
80,63,13,16010.0,32874.0,6351308.203384586,13246914.465743594,0.48701101174180206,0.4794556664353056,35,140,1,1961.0,9585,1873,7712,0.2785053929121726,0.46351304347826083,79,219.72769743358484,1961.0,2,1,True,"{np.int64(0): np.int64(28), np.int64(1): np.int64(31)}","{(0, 1): [(np.int64(28), 31)]}","{(np.int64(0), np.int64(28)): {'cpu': 4}, (np.int64(1), np.int64(31)): {'cpu': 9}}","{((0, 1), (np.int64(28), 31)): {'bw': 8}}",21.0,21.0,156.0,13.0,8.0,13.0,8.0,13.0,8.0,0.0,1.0,4614.281646105282,4614.281646105282,219.72769743358484,Success,0.0,"{'node_level': {}, 'link_level': {}, 'path_level': {}}","{'node_level': {np.int64(0): {'cpu': -44}, np.int64(1): {'cpu': -24}}, 'link_level': {(0, 1): {'bw': -121}}, 'path_level': {(0, 1): {}}}","{'node_level': {np.int64(0): {'cpu': 0}, np.int64(1): {'cpu': 0}}, 'link_level': {(0, 1): {'bw': 0}}, 'path_level': {(0, 1): {}}}",[],-inf,-inf,True,True,False,0,[],0,0.0,2.0,1.0
80,63,12,16010.0,32874.0,6351308.203384586,13246914.465743594,0.48701101174180206,0.4794556664353056,35,141,0,1983.2378833242656,10325,1953,8372,0.24768875192604,0.41759999999999997,77,78.23788332426555,1905.0,7,9,False,{},{},{},{},0.0,0.0,0.0,0.0,0.0,0.0,0.0,0.0,0.0,0.0,0.0,0.0,0.0,0.0,Leave Event,0.0,"{'node_level': {}, 'link_level': {}, 'path_level': {}}","{'node_level': {}, 'link_level': {}, 'path_level': {}}","{'node_level': {}, 'link_level': {}, 'path_level': {}}",[],-inf,-inf,True,True,False,0,[],0,0.0,,
80,63,12,16010.0,32874.0,6351308.203384586,13246914.465743594,0.48701101174180206,0.4794556664353056,35,142,0,1989.229379790152,10325,1953,8372,0.24768875192604,0.41759999999999997,76,101.22937979015215,1888.0,9,22,False,{},{},{},{},0.0,0.0,0.0,0.0,0.0,0.0,0.0,0.0,0.0,0.0,0.0,0.0,0.0,0.0,Leave Event,0.0,"{'node_level': {}, 'link_level': {}, 'path_level': {}}","{'node_level': {}, 'link_level': {}, 'path_level': {}}","{'node_level': {}, 'link_level': {}, 'path_level': {}}",[],-inf,-inf,True,True,False,0,[],0,0.0,,
81,64,13,16148.0,33051.0,6545932.076536528,13496540.73782978,0.48857825784393816,0.48500813680269766,35,143,1,1993.0,10148,1897,8251,0.26926040061633283,0.4260173913043478,80,1410.3179213908877,1993.0,3,2,True,"{np.int64(0): np.int64(27), np.int64(1): np.int64(3), np.int64(2): np.int64(21)}","{(0, 2): [(np.int64(27), 23), (23, 21)], (1, 2): [(np.int64(3), 21)]}","{(np.int64(0), np.int64(27)): {'cpu': 20}, (np.int64(1), np.int64(3)): {'cpu': 20}, (np.int64(2), np.int64(21)): {'cpu': 16}}","{((0, 2), (np.int64(27), 23)): {'bw': 39}, ((0, 2), (23, 21)): {'bw': 39}, ((1, 2), (np.int64(3), 21)): {'bw': 43}}",177.0,138.0,672.0,56.0,82.0,56.0,82.0,56.0,121.0,39.0,0.7796610169491526,249626.27208618712,194623.8731519425,1099.5699048132344,Success,0.0,"{'node_level': {}, 'link_level': {}, 'path_level': {}}","{'node_level': {np.int64(0): {'cpu': -39}, np.int64(1): {'cpu': -15}, np.int64(2): {'cpu': -24}}, 'link_level': {(0, 2): {'bw': -210}, (1, 2): {'bw': -153}}, 'path_level': {(0, 2): {}, (1, 2): {}}}","{'node_level': {np.int64(0): {'cpu': 0}, np.int64(1): {'cpu': 0}, np.int64(2): {'cpu': 0}}, 'link_level': {(0, 2): {'bw': 0}, (1, 2): {'bw': 0}}, 'path_level': {(0, 2): {}, (1, 2): {}}}",[],-inf,-inf,True,True,False,0,[],0,0.0,3.0,2.0
81,64,12,16148.0,33051.0,6545932.076536528,13496540.73782978,0.48857825784393816,0.48500813680269766,35,144,0,2010.5378089796845,10575,1945,8630,0.25077041602465333,0.39965217391304353,22,1444.5378089796845,566.0,5,7,False,{},{},{},{},0.0,0.0,0.0,0.0,0.0,0.0,0.0,0.0,0.0,0.0,0.0,0.0,0.0,0.0,Leave Event,0.0,"{'node_level': {}, 'link_level': {}, 'path_level': {}}","{'node_level': {}, 'link_level': {}, 'path_level': {}}","{'node_level': {}, 'link_level': {}, 'path_level': {}}",[],-inf,-inf,True,True,False,0,[],0,0.0,,
82,65,13,16468.0,33685.0,6777860.841702133,13956049.603814136,0.48888229182128545,0.48565754881308026,35,145,1,2027.0,9941,1885,8056,0.2738828967642527,0.43958260869565213,81,724.7773911425162,2027.0,7,11,True,"{np.int64(0): np.int64(17), np.int64(1): np.int64(28), np.int64(2): np.int64(0), np.int64(3): np.int64(2), np.int64(4): np.int64(1), np.int64(5): np.int64(13), np.int64(6): np.int64(12)}","{(0, 4): [(np.int64(17), 14), (14, 12), (12, 1)], (0, 5): [(np.int64(17), 14), (14, 13)], (0, 6): [(np.int64(17), 14), (14, 12)], (1, 3): [(np.int64(28), 30), (30, 29), (29, 2)], (1, 5): [(np.int64(28), 0), (0, 12), (12, 14), (14, 13)], (1, 6): [(np.int64(28), 0), (0, 12)], (2, 4): [(np.int64(0), 4), (4, 1)], (2, 6): [(np.int64(0), 12)], (3, 4): [(np.int64(2), 5), (5, 6), (6, 4), (4, 1)], (3, 5): [(np.int64(2), 13)], (4, 5): [(np.int64(1), 12), (12, 14), (14, 13)]}","{(np.int64(0), np.int64(17)): {'cpu': 10}, (np.int64(1), np.int64(28)): {'cpu': 13}, (np.int64(2), np.int64(0)): {'cpu': 15}, (np.int64(3), np.int64(2)): {'cpu': 9}, (np.int64(4), np.int64(1)): {'cpu': 5}, (np.int64(5), np.int64(13)): {'cpu': 2}, (np.int64(6), np.int64(12)): {'cpu': 6}}","{((0, 4), (np.int64(17), 14)): {'bw': 41}, ((0, 4), (14, 12)): {'bw': 41}, ((0, 4), (12, 1)): {'bw': 41}, ((0, 5), (np.int64(17), 14)): {'bw': 45}, ((0, 5), (14, 13)): {'bw': 45}, ((0, 6), (np.int64(17), 14)): {'bw': 37}, ((0, 6), (14, 12)): {'bw': 37}, ((1, 3), (np.int64(28), 30)): {'bw': 6}, ((1, 3), (30, 29)): {'bw': 6}, ((1, 3), (29, 2)): {'bw': 6}, ((1, 5), (np.int64(28), 0)): {'bw': 21}, ((1, 5), (0, 12)): {'bw': 21}, ((1, 5), (12, 14)): {'bw': 21}, ((1, 5), (14, 13)): {'bw': 21}, ((1, 6), (np.int64(28), 0)): {'bw': 3}, ((1, 6), (0, 12)): {'bw': 3}, ((2, 4), (np.int64(0), 4)): {'bw': 11}, ((2, 4), (4, 1)): {'bw': 11}, ((2, 6), (np.int64(0), 12)): {'bw': 42}, ((3, 4), (np.int64(2), 5)): {'bw': 11}, ((3, 4), (5, 6)): {'bw': 11}, ((3, 4), (6, 4)): {'bw': 11}, ((3, 4), (4, 1)): {'bw': 11}, ((3, 5), (np.int64(2), 13)): {'bw': 29}, ((4, 5), (np.int64(1), 12)): {'bw': 14}, ((4, 5), (12, 14)): {'bw': 14}, ((4, 5), (14, 13)): {'bw': 14}}",634.0,320.0,480.0,60.0,260.0,60.0,260.0,60.0,574.0,314.0,0.5047318611987381,459508.8659843553,231928.76516560517,365.818241586128,Success,0.0,"{'node_level': {}, 'link_level': {}, 'path_level': {}}","{'node_level': {np.int64(0): {'cpu': -58}, np.int64(1): {'cpu': -31}, np.int64(2): {'cpu': -50}, np.int64(3): {'cpu': -20}, np.int64(4): {'cpu': -70}, np.int64(5): {'cpu': -24}, np.int64(6): {'cpu': -14}}, 'link_level': {(0, 4): {'bw': -93}, (0, 5): {'bw': -55}, (0, 6): {'bw': -56}, (1, 3): {'bw': -46}, (1, 5): {'bw': -34}, (1, 6): {'bw': -119}, (2, 4): {'bw': -31}, (2, 6): {'bw': -77}, (3, 4): {'bw': -34}, (3, 5): {'bw': -99}, (4, 5): {'bw': -20}}, 'path_level': {(0, 4): {}, (0, 5): {}, (0, 6): {}, (1, 3): {}, (1, 5): {}, (1, 6): {}, (2, 4): {}, (2, 6): {}, (3, 4): {}, (3, 5): {}, (4, 5): {}}}","{'node_level': {np.int64(0): {'cpu': 0}, np.int64(1): {'cpu': 0}, np.int64(2): {'cpu': 0}, np.int64(3): {'cpu': 0}, np.int64(4): {'cpu': 0}, np.int64(5): {'cpu': 0}, np.int64(6): {'cpu': 0}}, 'link_level': {(0, 4): {'bw': 0}, (0, 5): {'bw': 0}, (0, 6): {'bw': 0}, (1, 3): {'bw': 0}, (1, 5): {'bw': 0}, (1, 6): {'bw': 0}, (2, 4): {'bw': 0}, (2, 6): {'bw': 0}, (3, 4): {'bw': 0}, (3, 5): {'bw': 0}, (4, 5): {'bw': 0}}, 'path_level': {(0, 4): {}, (0, 5): {}, (0, 6): {}, (1, 3): {}, (1, 5): {}, (1, 6): {}, (2, 4): {}, (2, 6): {}, (3, 4): {}, (3, 5): {}, (4, 5): {}}}",[],-inf,-inf,True,True,False,0,[],0,0.0,7.0,11.0
83,66,14,16624.0,33947.0,6885575.96171634,14136955.766914919,0.4897045394291101,0.4870621423199774,35,146,1,2050.0,9679,1816,7863,0.30046224961479195,0.45300869565217394,82,690.4815385526072,2050.0,5,5,True,"{np.int64(0): np.int64(9), np.int64(1): np.int64(20), np.int64(2): np.int64(23), np.int64(3): np.int64(8), np.int64(4): np.int64(21)}","{(0, 1): [(np.int64(9), 6), (6, 4), (4, 0), (0, 20)], (0, 3): [(np.int64(9), 6), (6, 8)], (1, 3): [(np.int64(20), 0), (0, 4), (4, 6), (6, 8)], (1, 4): [(np.int64(20), 22), (22, 21)], (2, 4): [(np.int64(23), 21)]}","{(np.int64(0), np.int64(9)): {'cpu': 19}, (np.int64(1), np.int64(20)): {'cpu': 11}, (np.int64(2), np.int64(23)): {'cpu': 16}, (np.int64(3), np.int64(8)): {'cpu': 3}, (np.int64(4), np.int64(21)): {'cpu': 20}}","{((0, 1), (np.int64(9), 6)): {'bw': 17}, ((0, 1), (6, 4)): {'bw': 17}, ((0, 1), (4, 0)): {'bw': 17}, ((0, 1), (0, 20)): {'bw': 17}, ((0, 3), (np.int64(9), 6)): {'bw': 16}, ((0, 3), (6, 8)): {'bw': 16}, ((1, 3), (np.int64(20), 0)): {'bw': 10}, ((1, 3), (0, 4)): {'bw': 10}, ((1, 3), (4, 6)): {'bw': 10}, ((1, 3), (6, 8)): {'bw': 10}, ((1, 4), (np.int64(20), 22)): {'bw': 9}, ((1, 4), (22, 21)): {'bw': 9}, ((2, 4), (np.int64(23), 21)): {'bw': 35}}",262.0,156.0,759.0,69.0,87.0,69.0,87.0,69.0,193.0,106.0,0.5954198473282443,180906.16310078307,107715.12001420671,411.12641226796455,Success,0.0,"{'node_level': {}, 'link_level': {}, 'path_level': {}}","{'node_level': {np.int64(0): {'cpu': -52}, np.int64(1): {'cpu': -79}, np.int64(2): {'cpu': -46}, np.int64(3): {'cpu': -58}, np.int64(4): {'cpu': -4}}, 'link_level': {(0, 1): {'bw': -14}, (0, 3): {'bw': -241}, (1, 3): {'bw': -4}, (1, 4): {'bw': -159}, (2, 4): {'bw': -175}}, 'path_level': {(0, 1): {}, (0, 3): {}, (1, 3): {}, (1, 4): {}, (2, 4): {}}}","{'node_level': {np.int64(0): {'cpu': 0}, np.int64(1): {'cpu': 0}, np.int64(2): {'cpu': 0}, np.int64(3): {'cpu': 0}, np.int64(4): {'cpu': 0}}, 'link_level': {(0, 1): {'bw': 0}, (0, 3): {'bw': 0}, (1, 3): {'bw': 0}, (1, 4): {'bw': 0}, (2, 4): {'bw': 0}}, 'path_level': {(0, 1): {}, (0, 3): {}, (1, 3): {}, (1, 4): {}, (2, 4): {}}}",[],-inf,-inf,True,True,False,0,[],0,0.0,5.0,5.0
84,67,15,16685.0,34008.0,6956960.96658708,14208340.77178566,0.49061985415196424,0.4896392251797569,35,147,1,2072.0,9618,1782,7836,0.31355932203389836,0.45488695652173916,83,1170.2459814875444,2072.0,2,1,True,"{np.int64(0): np.int64(35), np.int64(1): np.int64(31)}","{(0, 1): [(np.int64(35), 31)]}","{(np.int64(0), np.int64(35)): {'cpu': 19}, (np.int64(1), np.int64(31)): {'cpu': 15}}","{((0, 1), (np.int64(35), 31)): {'bw': 27}}",61.0,61.0,102.0,34.0,27.0,34.0,27.0,34.0,27.0,0.0,1.0,71385.00487074022,71385.00487074022,1170.2459814875444,Success,0.0,"{'node_level': {}, 'link_level': {}, 'path_level': {}}","{'node_level': {np.int64(0): {'cpu': -66}, np.int64(1): {'cpu': -9}}, 'link_level': {(0, 1): {'bw': -226}}, 'path_level': {(0, 1): {}}}","{'node_level': {np.int64(0): {'cpu': 0}, np.int64(1): {'cpu': 0}}, 'link_level': {(0, 1): {'bw': 0}}, 'path_level': {(0, 1): {}}}",[],-inf,-inf,True,True,False,0,[],0,0.0,2.0,1.0
84,67,14,16685.0,34008.0,6956960.96658708,14208340.77178566,0.49061985415196424,0.4896392251797569,35,148,0,2072.920021265736,10143,1845,8298,0.289291217257319,0.4227478260869565,38,1134.9200212657358,938.0,6,9,False,{},{},{},{},0.0,0.0,0.0,0.0,0.0,0.0,0.0,0.0,0.0,0.0,0.0,0.0,0.0,0.0,Leave Event,0.0,"{'node_level': {}, 'link_level': {}, 'path_level': {}}","{'node_level': {}, 'link_level': {}, 'path_level': {}}","{'node_level': {}, 'link_level': {}, 'path_level': {}}",[],-inf,-inf,True,True,False,0,[],0,0.0,,
84,67,13,16685.0,34008.0,6956960.96658708,14208340.77178566,0.49061985415196424,0.4896392251797569,35,149,0,2082.071661272128,10816,1918,8898,0.2611710323574731,0.3810086956521739,48,889.071661272128,1193.0,7,9,False,{},{},{},{},0.0,0.0,0.0,0.0,0.0,0.0,0.0,0.0,0.0,0.0,0.0,0.0,0.0,0.0,Leave Event,0.0,"{'node_level': {}, 'link_level': {}, 'path_level': {}}","{'node_level': {}, 'link_level': {}, 'path_level': {}}","{'node_level': {}, 'link_level': {}, 'path_level': {}}",[],-inf,-inf,True,True,False,0,[],0,0.0,,
84,67,12,16685.0,34008.0,6956960.96658708,14208340.77178566,0.49061985415196424,0.4896392251797569,35,150,0,2083.2540043418444,11201,1960,9241,0.24499229583975346,0.3571478260869565,58,656.2540043418445,1427.0,5,6,False,{},{},{},{},0.0,0.0,0.0,0.0,0.0,0.0,0.0,0.0,0.0,0.0,0.0,0.0,0.0,0.0,Leave Event,0.0,"{'node_level': {}, 'link_level': {}, 'path_level': {}}","{'node_level': {}, 'link_level': {}, 'path_level': {}}","{'node_level': {}, 'link_level': {}, 'path_level': {}}",[],-inf,-inf,True,True,False,0,[],0,0.0,,
84,67,11,16685.0,34008.0,6956960.96658708,14208340.77178566,0.49061985415196424,0.4896392251797569,35,151,0,2085.859729757419,11247,1977,9270,0.23844375963020026,0.35513043478260875,52,799.859729757419,1286.0,3,2,False,{},{},{},{},0.0,0.0,0.0,0.0,0.0,0.0,0.0,0.0,0.0,0.0,0.0,0.0,0.0,0.0,Leave Event,0.0,"{'node_level': {}, 'link_level': {}, 'path_level': {}}","{'node_level': {}, 'link_level': {}, 'path_level': {}}","{'node_level': {}, 'link_level': {}, 'path_level': {}}",[],-inf,-inf,True,True,False,0,[],0,0.0,,
84,67,11,16685.0,34008.0,6956960.96658708,14208340.77178566,0.49061985415196424,0.4896392251797569,35,152,0,2098.1399658201603,11247,1977,9270,0.23844375963020026,0.35513043478260875,74,252.13996582016046,1846.0,6,10,False,{},{},{},{},0.0,0.0,0.0,0.0,0.0,0.0,0.0,0.0,0.0,0.0,0.0,0.0,0.0,0.0,Leave Event,0.0,"{'node_level': {}, 'link_level': {}, 'path_level': {}}","{'node_level': {}, 'link_level': {}, 'path_level': {}}","{'node_level': {}, 'link_level': {}, 'path_level': {}}",[],-inf,-inf,True,True,False,0,[],0,0.0,,
85,68,12,17049.0,34736.0,6972814.728877712,14240048.296366924,0.4908164440350069,0.48966229494156227,35,153,1,2104.0,10519,1914,8605,0.2627118644067796,0.4013913043478261,84,43.554292007231695,2104.0,7,11,True,"{np.int64(0): np.int64(1), np.int64(1): np.int64(12), np.int64(2): np.int64(19), np.int64(3): np.int64(28), np.int64(4): np.int64(14), np.int64(5): np.int64(31), np.int64(6): np.int64(15)}","{(0, 1): [(np.int64(1), 12)], (0, 3): [(np.int64(1), 28)], (0, 5): [(np.int64(1), 28), (28, 31)], (0, 6): [(np.int64(1), 12), (12, 15)], (1, 2): [(np.int64(12), 15), (15, 19)], (1, 5): [(np.int64(12), 0), (0, 28), (28, 31)], (2, 3): [(np.int64(19), 15), (15, 12), (12, 0), (0, 28)], (2, 4): [(np.int64(19), 15), (15, 12), (12, 14)], (2, 6): [(np.int64(19), 15)], (3, 4): [(np.int64(28), 0), (0, 12), (12, 14)], (5, 6): [(np.int64(31), 28), (28, 0), (0, 12), (12, 15)]}","{(np.int64(0), np.int64(1)): {'cpu': 4}, (np.int64(1), np.int64(12)): {'cpu': 6}, (np.int64(2), np.int64(19)): {'cpu': 7}, (np.int64(3), np.int64(28)): {'cpu': 17}, (np.int64(4), np.int64(14)): {'cpu': 12}, (np.int64(5), np.int64(31)): {'cpu': 6}, (np.int64(6), np.int64(15)): {'cpu': 11}}","{((0, 1), (np.int64(1), 12)): {'bw': 43}, ((0, 3), (np.int64(1), 28)): {'bw': 22}, ((0, 5), (np.int64(1), 28)): {'bw': 28}, ((0, 5), (28, 31)): {'bw': 28}, ((0, 6), (np.int64(1), 12)): {'bw': 46}, ((0, 6), (12, 15)): {'bw': 46}, ((1, 2), (np.int64(12), 15)): {'bw': 43}, ((1, 2), (15, 19)): {'bw': 43}, ((1, 5), (np.int64(12), 0)): {'bw': 6}, ((1, 5), (0, 28)): {'bw': 6}, ((1, 5), (28, 31)): {'bw': 6}, ((2, 3), (np.int64(19), 15)): {'bw': 13}, ((2, 3), (15, 12)): {'bw': 13}, ((2, 3), (12, 0)): {'bw': 13}, ((2, 3), (0, 28)): {'bw': 13}, ((2, 4), (np.int64(19), 15)): {'bw': 13}, ((2, 4), (15, 12)): {'bw': 13}, ((2, 4), (12, 14)): {'bw': 13}, ((2, 6), (np.int64(19), 15)): {'bw': 17}, ((3, 4), (np.int64(28), 0)): {'bw': 40}, ((3, 4), (0, 12)): {'bw': 40}, ((3, 4), (12, 14)): {'bw': 40}, ((5, 6), (np.int64(31), 28)): {'bw': 30}, ((5, 6), (28, 0)): {'bw': 30}, ((5, 6), (0, 12)): {'bw': 30}, ((5, 6), (12, 15)): {'bw': 30}}",728.0,364.0,819.0,63.0,301.0,63.0,301.0,63.0,665.0,364.0,0.5,31707.524581264675,15853.762290632338,21.777146003615847,Success,0.0,"{'node_level': {}, 'link_level': {}, 'path_level': {}}","{'node_level': {np.int64(0): {'cpu': -80}, np.int64(1): {'cpu': -44}, np.int64(2): {'cpu': -66}, np.int64(3): {'cpu': -14}, np.int64(4): {'cpu': -51}, np.int64(5): {'cpu': -32}, np.int64(6): {'cpu': -51}}, 'link_level': {(0, 1): {'bw': -203}, (0, 3): {'bw': -191}, (0, 5): {'bw': -132}, (0, 6): {'bw': -122}, (1, 2): {'bw': -79}, (1, 5): {'bw': -108}, (2, 3): {'bw': -66}, (2, 4): {'bw': -46}, (2, 6): {'bw': -145}, (3, 4): {'bw': -6}, (5, 6): {'bw': -23}}, 'path_level': {(0, 1): {}, (0, 3): {}, (0, 5): {}, (0, 6): {}, (1, 2): {}, (1, 5): {}, (2, 3): {}, (2, 4): {}, (2, 6): {}, (3, 4): {}, (5, 6): {}}}","{'node_level': {np.int64(0): {'cpu': 0}, np.int64(1): {'cpu': 0}, np.int64(2): {'cpu': 0}, np.int64(3): {'cpu': 0}, np.int64(4): {'cpu': 0}, np.int64(5): {'cpu': 0}, np.int64(6): {'cpu': 0}}, 'link_level': {(0, 1): {'bw': 0}, (0, 3): {'bw': 0}, (0, 5): {'bw': 0}, (0, 6): {'bw': 0}, (1, 2): {'bw': 0}, (1, 5): {'bw': 0}, (2, 3): {'bw': 0}, (2, 4): {'bw': 0}, (2, 6): {'bw': 0}, (3, 4): {'bw': 0}, (5, 6): {'bw': 0}}, 'path_level': {(0, 1): {}, (0, 3): {}, (0, 5): {}, (0, 6): {}, (1, 2): {}, (1, 5): {}, (2, 3): {}, (2, 4): {}, (2, 6): {}, (3, 4): {}, (5, 6): {}}}",[],-inf,-inf,True,True,False,0,[],0,0.0,7.0,11.0
85,68,11,17049.0,34736.0,6972814.728877712,14240048.296366924,0.4908164440350069,0.48966229494156227,35,154,0,2126.892829380752,10892,1993,8899,0.23228043143297383,0.38093913043478256,68,441.89282938075206,1685.0,6,5,False,{},{},{},{},0.0,0.0,0.0,0.0,0.0,0.0,0.0,0.0,0.0,0.0,0.0,0.0,0.0,0.0,Leave Event,0.0,"{'node_level': {}, 'link_level': {}, 'path_level': {}}","{'node_level': {}, 'link_level': {}, 'path_level': {}}","{'node_level': {}, 'link_level': {}, 'path_level': {}}",[],-inf,-inf,True,True,False,0,[],0,0.0,,
85,68,10,17049.0,34736.0,6972814.728877712,14240048.296366924,0.4908164440350069,0.48966229494156227,35,155,0,2131.261917232891,11238,2033,9205,0.21687211093990755,0.3596521739130435,71,364.2619172328909,1767.0,6,8,False,{},{},{},{},0.0,0.0,0.0,0.0,0.0,0.0,0.0,0.0,0.0,0.0,0.0,0.0,0.0,0.0,Leave Event,0.0,"{'node_level': {}, 'link_level': {}, 'path_level': {}}","{'node_level': {}, 'link_level': {}, 'path_level': {}}","{'node_level': {}, 'link_level': {}, 'path_level': {}}",[],-inf,-inf,True,True,False,0,[],0,0.0,,
86,69,11,17119.0,34806.0,7000933.440451215,14268167.007940426,0.4918404872723094,0.49066803301048423,35,156,1,2137.0,11168,2011,9157,0.22534668721109397,0.3629913043478261,85,401.69587962146755,2137.0,2,1,True,"{np.int64(0): np.int64(12), np.int64(1): np.int64(1)}","{(0, 1): [(np.int64(12), 1)]}","{(np.int64(0), np.int64(12)): {'cpu': 4}, (np.int64(1), np.int64(1)): {'cpu': 18}}","{((0, 1), (np.int64(12), 1)): {'bw': 48}}",70.0,70.0,264.0,22.0,48.0,22.0,48.0,22.0,48.0,0.0,1.0,28118.71157350273,28118.71157350273,401.69587962146755,Success,0.0,"{'node_level': {}, 'link_level': {}, 'path_level': {}}","{'node_level': {np.int64(0): {'cpu': -40}, np.int64(1): {'cpu': -62}}, 'link_level': {(0, 1): {'bw': -109}}, 'path_level': {(0, 1): {}}}","{'node_level': {np.int64(0): {'cpu': 0}, np.int64(1): {'cpu': 0}}, 'link_level': {(0, 1): {'bw': 0}}, 'path_level': {(0, 1): {}}}",[],-inf,-inf,True,True,False,0,[],0,0.0,2.0,1.0
86,69,10,17119.0,34806.0,7000933.440451215,14268167.007940426,0.4918404872723094,0.49066803301048423,35,157,0,2147.5542920072317,11896,2074,9822,0.2010785824345146,0.31673043478260865,84,43.554292007231695,2104.0,7,11,False,{},{},{},{},0.0,0.0,0.0,0.0,0.0,0.0,0.0,0.0,0.0,0.0,0.0,0.0,0.0,0.0,Leave Event,0.0,"{'node_level': {}, 'link_level': {}, 'path_level': {}}","{'node_level': {}, 'link_level': {}, 'path_level': {}}","{'node_level': {}, 'link_level': {}, 'path_level': {}}",[],-inf,-inf,True,True,False,0,[],0,0.0,,
87,70,11,17225.0,34927.0,7047478.839191472,14321299.019709965,0.4931714719271624,0.4920977370483113,35,158,1,2164.0,11775,2053,9722,0.20916795069337446,0.3236869565217392,86,439.10753528544217,2164.0,3,3,True,"{np.int64(0): np.int64(2), np.int64(1): np.int64(7), np.int64(2): np.int64(5)}","{(0, 1): [(np.int64(2), 5), (5, 7)], (0, 2): [(np.int64(2), 5)], (1, 2): [(np.int64(7), 5)]}","{(np.int64(0), np.int64(2)): {'cpu': 2}, (np.int64(1), np.int64(7)): {'cpu': 8}, (np.int64(2), np.int64(5)): {'cpu': 11}}","{((0, 1), (np.int64(2), 5)): {'bw': 15}, ((0, 1), (5, 7)): {'bw': 15}, ((0, 2), (np.int64(2), 5)): {'bw': 23}, ((1, 2), (np.int64(7), 5)): {'bw': 47}}",121.0,106.0,189.0,21.0,85.0,21.0,85.0,21.0,100.0,15.0,0.8760330578512396,53132.011769538505,46545.39874025687,384.672716861627,Success,0.0,"{'node_level': {}, 'link_level': {}, 'path_level': {}}","{'node_level': {np.int64(0): {'cpu': -34}, np.int64(1): {'cpu': -52}, np.int64(2): {'cpu': -78}}, 'link_level': {(0, 1): {'bw': -109}, (0, 2): {'bw': -86}, (1, 2): {'bw': -239}}, 'path_level': {(0, 1): {}, (0, 2): {}, (1, 2): {}}}","{'node_level': {np.int64(0): {'cpu': 0}, np.int64(1): {'cpu': 0}, np.int64(2): {'cpu': 0}}, 'link_level': {(0, 1): {'bw': 0}, (0, 2): {'bw': 0}, (1, 2): {'bw': 0}}, 'path_level': {(0, 1): {}, (0, 2): {}, (1, 2): {}}}",[],-inf,-inf,True,True,False,0,[],0,0.0,3.0,3.0
88,71,12,17412.0,35200.0,7353083.240482349,14767448.760631941,0.4946590909090909,0.49792508913826017,35,159,1,2180.0,11502,1994,9508,0.23189522342064717,0.3385739130434783,87,1634.2481352453326,2180.0,4,4,True,"{np.int64(0): np.int64(2), np.int64(1): np.int64(5), np.int64(2): np.int64(8), np.int64(3): np.int64(23)}","{(0, 1): [(np.int64(2), 5)], (0, 3): [(np.int64(2), 21), (21, 23)], (1, 2): [(np.int64(5), 6), (6, 8)], (1, 3): [(np.int64(5), 2), (2, 21), (21, 23)]}","{(np.int64(0), np.int64(2)): {'cpu': 13}, (np.int64(1), np.int64(5)): {'cpu': 14}, (np.int64(2), np.int64(8)): {'cpu': 14}, (np.int64(3), np.int64(23)): {'cpu': 18}}","{((0, 1), (np.int64(2), 5)): {'bw': 46}, ((0, 3), (np.int64(2), 21)): {'bw': 45}, ((0, 3), (21, 23)): {'bw': 45}, ((1, 2), (np.int64(5), 6)): {'bw': 33}, ((1, 2), (6, 8)): {'bw': 33}, ((1, 3), (np.int64(5), 2)): {'bw': 4}, ((1, 3), (2, 21)): {'bw': 4}, ((1, 3), (21, 23)): {'bw': 4}}",273.0,187.0,354.0,59.0,128.0,59.0,128.0,59.0,214.0,86.0,0.684981684981685,446149.7409219758,305604.4012908772,1119.4300413585245,Success,0.0,"{'node_level': {}, 'link_level': {}, 'path_level': {}}","{'node_level': {np.int64(0): {'cpu': -21}, np.int64(1): {'cpu': -64}, np.int64(2): {'cpu': -54}, np.int64(3): {'cpu': -52}}, 'link_level': {(0, 1): {'bw': -40}, (0, 3): {'bw': -128}, (1, 2): {'bw': -120}, (1, 3): {'bw': -36}}, 'path_level': {(0, 1): {}, (0, 3): {}, (1, 2): {}, (1, 3): {}}}","{'node_level': {np.int64(0): {'cpu': 0}, np.int64(1): {'cpu': 0}, np.int64(2): {'cpu': 0}, np.int64(3): {'cpu': 0}}, 'link_level': {(0, 1): {'bw': 0}, (0, 3): {'bw': 0}, (1, 2): {'bw': 0}, (1, 3): {'bw': 0}}, 'path_level': {(0, 1): {}, (0, 3): {}, (1, 2): {}, (1, 3): {}}}",[],-inf,-inf,True,True,False,0,[],0,0.0,4.0,4.0
88,71,11,17412.0,35200.0,7353083.240482349,14767448.760631941,0.4946590909090909,0.49792508913826017,35,160,0,2180.727697433585,11523,2007,9516,0.22688751926040063,0.3380173913043478,79,219.72769743358484,1961.0,2,1,False,{},{},{},{},0.0,0.0,0.0,0.0,0.0,0.0,0.0,0.0,0.0,0.0,0.0,0.0,0.0,0.0,Leave Event,0.0,"{'node_level': {}, 'link_level': {}, 'path_level': {}}","{'node_level': {}, 'link_level': {}, 'path_level': {}}","{'node_level': {}, 'link_level': {}, 'path_level': {}}",[],-inf,-inf,True,True,False,0,[],0,0.0,,
89,72,12,17615.0,35507.0,7388153.477667276,14820486.015882052,0.4960993606894415,0.49850952726853365,35,161,1,2201.0,11216,1927,9289,0.2577041602465331,0.3538086956521739,88,172.75978908831172,2201.0,6,6,True,"{np.int64(0): np.int64(14), np.int64(1): np.int64(3), np.int64(2): np.int64(13), np.int64(3): np.int64(27), np.int64(4): np.int64(29), np.int64(5): np.int64(17)}","{(0, 1): [(np.int64(14), 13), (13, 3)], (0, 2): [(np.int64(14), 13)], (0, 5): [(np.int64(14), 17)], (1, 3): [(np.int64(3), 21), (21, 23), (23, 27)], (2, 5): [(np.int64(13), 14), (14, 17)], (4, 5): [(np.int64(29), 2), (2, 13), (13, 14), (14, 17)]}","{(np.int64(0), np.int64(14)): {'cpu': 20}, (np.int64(1), np.int64(3)): {'cpu': 10}, (np.int64(2), np.int64(13)): {'cpu': 20}, (np.int64(3), np.int64(27)): {'cpu': 18}, (np.int64(4), np.int64(29)): {'cpu': 4}, (np.int64(5), np.int64(17)): {'cpu': 8}}","{((0, 1), (np.int64(14), 13)): {'bw': 9}, ((0, 1), (13, 3)): {'bw': 9}, ((0, 2), (np.int64(14), 13)): {'bw': 46}, ((0, 5), (np.int64(14), 17)): {'bw': 13}, ((1, 3), (np.int64(3), 21)): {'bw': 12}, ((1, 3), (21, 23)): {'bw': 12}, ((1, 3), (23, 27)): {'bw': 12}, ((2, 5), (np.int64(13), 14)): {'bw': 29}, ((2, 5), (14, 17)): {'bw': 29}, ((4, 5), (np.int64(29), 2)): {'bw': 14}, ((4, 5), (2, 13)): {'bw': 14}, ((4, 5), (13, 14)): {'bw': 14}, ((4, 5), (14, 17)): {'bw': 14}}",307.0,203.0,320.0,80.0,123.0,80.0,123.0,80.0,227.0,104.0,0.6612377850162866,53037.255250111695,35070.23718492728,114.23530027663608,Success,0.0,"{'node_level': {}, 'link_level': {}, 'path_level': {}}","{'node_level': {np.int64(0): {'cpu': -54}, np.int64(1): {'cpu': -17}, np.int64(2): {'cpu': -30}, np.int64(3): {'cpu': -21}, np.int64(4): {'cpu': -44}, np.int64(5): {'cpu': -70}}, 'link_level': {(0, 1): {'bw': -124}, (0, 2): {'bw': -78}, (0, 5): {'bw': -106}, (1, 3): {'bw': -193}, (2, 5): {'bw': -49}, (4, 5): {'bw': -32}}, 'path_level': {(0, 1): {}, (0, 2): {}, (0, 5): {}, (1, 3): {}, (2, 5): {}, (4, 5): {}}}","{'node_level': {np.int64(0): {'cpu': 0}, np.int64(1): {'cpu': 0}, np.int64(2): {'cpu': 0}, np.int64(3): {'cpu': 0}, np.int64(4): {'cpu': 0}, np.int64(5): {'cpu': 0}}, 'link_level': {(0, 1): {'bw': 0}, (0, 2): {'bw': 0}, (0, 5): {'bw': 0}, (1, 3): {'bw': 0}, (2, 5): {'bw': 0}, (4, 5): {'bw': 0}}, 'path_level': {(0, 1): {}, (0, 2): {}, (0, 5): {}, (1, 3): {}, (2, 5): {}, (4, 5): {}}}",[],-inf,-inf,True,True,False,0,[],0,0.0,6.0,6.0
90,73,13,17737.0,35653.0,7404960.682044982,14840599.555547176,0.4974896923120074,0.4989664099707567,35,162,1,2216.0,11070,1883,9187,0.27465331278890603,0.36090434782608694,89,137.7639703090671,2216.0,4,3,True,"{np.int64(0): np.int64(9), np.int64(1): np.int64(3), np.int64(2): np.int64(13), np.int64(3): np.int64(2)}","{(0, 3): [(np.int64(9), 6), (6, 5), (5, 2)], (1, 2): [(np.int64(3), 13)], (2, 3): [(np.int64(13), 2)]}","{(np.int64(0), np.int64(9)): {'cpu': 8}, (np.int64(1), np.int64(3)): {'cpu': 13}, (np.int64(2), np.int64(13)): {'cpu': 9}, (np.int64(3), np.int64(2)): {'cpu': 14}}","{((0, 3), (np.int64(9), 6)): {'bw': 12}, ((0, 3), (6, 5)): {'bw': 12}, ((0, 3), (5, 2)): {'bw': 12}, ((1, 2), (np.int64(3), 13)): {'bw': 37}, ((2, 3), (np.int64(13), 2)): {'bw': 29}}",146.0,122.0,308.0,44.0,78.0,44.0,78.0,44.0,102.0,24.0,0.8356164383561644,20113.539665123797,16807.204377706188,115.11783820346703,Success,0.0,"{'node_level': {}, 'link_level': {}, 'path_level': {}}","{'node_level': {np.int64(0): {'cpu': -55}, np.int64(1): {'cpu': -4}, np.int64(2): {'cpu': -21}, np.int64(3): {'cpu': -7}}, 'link_level': {(0, 3): {'bw': -24}, (1, 2): {'bw': -214}, (2, 3): {'bw': -130}}, 'path_level': {(0, 3): {}, (1, 2): {}, (2, 3): {}}}","{'node_level': {np.int64(0): {'cpu': 0}, np.int64(1): {'cpu': 0}, np.int64(2): {'cpu': 0}, np.int64(3): {'cpu': 0}}, 'link_level': {(0, 3): {'bw': 0}, (1, 2): {'bw': 0}, (2, 3): {'bw': 0}}, 'path_level': {(0, 3): {}, (1, 2): {}, (2, 3): {}}}",[],-inf,-inf,True,True,False,0,[],0,0.0,4.0,3.0
91,74,14,17805.0,35721.0,7408554.045876705,14844192.919378899,0.49844629209708574,0.4990876961862261,35,163,1,2249.0,11002,1859,9143,0.2838983050847458,0.3639652173913044,90,52.84358576063194,2249.0,2,1,True,"{np.int64(0): np.int64(7), np.int64(1): np.int64(4)}","{(0, 1): [(np.int64(7), 4)]}","{(np.int64(0), np.int64(7)): {'cpu': 13}, (np.int64(1), np.int64(4)): {'cpu': 11}}","{((0, 1), (np.int64(7), 4)): {'bw': 44}}",68.0,68.0,240.0,24.0,44.0,24.0,44.0,24.0,44.0,0.0,1.0,3593.363831722972,3593.363831722972,52.84358576063194,Success,0.0,"{'node_level': {}, 'link_level': {}, 'path_level': {}}","{'node_level': {np.int64(0): {'cpu': -39}, np.int64(1): {'cpu': -19}}, 'link_level': {(0, 1): {'bw': -131}}, 'path_level': {(0, 1): {}}}","{'node_level': {np.int64(0): {'cpu': 0}, np.int64(1): {'cpu': 0}}, 'link_level': {(0, 1): {'bw': 0}}, 'path_level': {(0, 1): {}}}",[],-inf,-inf,True,True,False,0,[],0,0.0,2.0,1.0
91,74,13,17805.0,35721.0,7408554.045876705,14844192.919378899,0.49844629209708574,0.4990876961862261,35,164,0,2263.770291563555,11823,1900,9923,0.26810477657935283,0.3097043478260869,78,334.770291563555,1929.0,7,9,False,{},{},{},{},0.0,0.0,0.0,0.0,0.0,0.0,0.0,0.0,0.0,0.0,0.0,0.0,0.0,0.0,Leave Event,0.0,"{'node_level': {}, 'link_level': {}, 'path_level': {}}","{'node_level': {}, 'link_level': {}, 'path_level': {}}","{'node_level': {}, 'link_level': {}, 'path_level': {}}",[],-inf,-inf,True,True,False,0,[],0,0.0,,
91,74,12,17805.0,35721.0,7408554.045876705,14844192.919378899,0.49844629209708574,0.4990876961862261,35,165,0,2268.4106121944405,12748,1971,10777,0.24075500770416025,0.25029565217391303,50,1030.4106121944408,1238.0,10,16,False,{},{},{},{},0.0,0.0,0.0,0.0,0.0,0.0,0.0,0.0,0.0,0.0,0.0,0.0,0.0,0.0,Leave Event,0.0,"{'node_level': {}, 'link_level': {}, 'path_level': {}}","{'node_level': {}, 'link_level': {}, 'path_level': {}}","{'node_level': {}, 'link_level': {}, 'path_level': {}}",[],-inf,-inf,True,True,False,0,[],0,0.0,,
91,74,12,17805.0,35721.0,7408554.045876705,14844192.919378899,0.49844629209708574,0.4990876961862261,35,166,0,2279.6891251163397,12748,1971,10777,0.24075500770416025,0.25029565217391303,75,416.6891251163398,1863.0,5,9,False,{},{},{},{},0.0,0.0,0.0,0.0,0.0,0.0,0.0,0.0,0.0,0.0,0.0,0.0,0.0,0.0,Leave Event,0.0,"{'node_level': {}, 'link_level': {}, 'path_level': {}}","{'node_level': {}, 'link_level': {}, 'path_level': {}}","{'node_level': {}, 'link_level': {}, 'path_level': {}}",[],-inf,-inf,True,True,False,0,[],0,0.0,,
92,74,12,17805.0,35721.0,7408554.045876705,14844192.919378899,0.49844629209708574,0.4990876961862261,35,167,1,2282.0,12748,1971,10777,0.24075500770416025,0.25029565217391303,91,8.283046356323885,2282.0,5,6,False,{},{},{},{},0.0,0.0,98.0,49.0,253.0,0.0,0.0,0.0,0.0,0.0,0.0,0.0,0.0,0.0,Unknown Reason,0.0,"{'node_level': {}, 'link_level': {}, 'path_level': {}}","{'node_level': {}, 'link_level': {}, 'path_level': {}}","{'node_level': {}, 'link_level': {}, 'path_level': {}}",[],-inf,-inf,True,True,False,0,[],0,0.0,0.0,0.0
92,74,12,17805.0,35721.0,7408554.045876705,14844192.919378899,0.49844629209708574,0.4990876961862261,35,168,0,2290.2830463563237,12748,1971,10777,0.24075500770416025,0.25029565217391303,91,8.283046356323885,2282.0,5,6,False,{},{},{},{},0.0,0.0,0.0,0.0,0.0,0.0,0.0,0.0,0.0,0.0,0.0,0.0,0.0,0.0,Leave Event,0.0,"{'node_level': {}, 'link_level': {}, 'path_level': {}}","{'node_level': {}, 'link_level': {}, 'path_level': {}}","{'node_level': {}, 'link_level': {}, 'path_level': {}}",[],-inf,-inf,True,True,False,0,[],0,0.0,,
92,74,11,17805.0,35721.0,7408554.045876705,14844192.919378899,0.49844629209708574,0.4990876961862261,35,169,0,2301.843585760632,12816,1995,10821,0.2315100154083205,0.2472347826086957,90,52.84358576063194,2249.0,2,1,False,{},{},{},{},0.0,0.0,0.0,0.0,0.0,0.0,0.0,0.0,0.0,0.0,0.0,0.0,0.0,0.0,Leave Event,0.0,"{'node_level': {}, 'link_level': {}, 'path_level': {}}","{'node_level': {}, 'link_level': {}, 'path_level': {}}","{'node_level': {}, 'link_level': {}, 'path_level': {}}",[],-inf,-inf,True,True,False,0,[],0,0.0,,
93,75,12,17923.0,35855.0,7565054.997180456,15021914.33865604,0.4998744944917027,0.5036012605739087,35,170,1,2307.0,12682,1940,10742,0.25269645608628655,0.2527304347826087,92,1326.2792483368744,2307.0,4,3,True,"{np.int64(0): np.int64(0), np.int64(1): np.int64(7), np.int64(2): np.int64(5), np.int64(3): np.int64(11)}","{(0, 2): [(np.int64(0), 4), (4, 6), (6, 5)], (1, 2): [(np.int64(7), 5)], (1, 3): [(np.int64(7), 11)]}","{(np.int64(0), np.int64(0)): {'cpu': 11}, (np.int64(1), np.int64(7)): {'cpu': 15}, (np.int64(2), np.int64(5)): {'cpu': 17}, (np.int64(3), np.int64(11)): {'cpu': 12}}","{((0, 2), (np.int64(0), 4)): {'bw': 8}, ((0, 2), (4, 6)): {'bw': 8}, ((0, 2), (6, 5)): {'bw': 8}, ((1, 2), (np.int64(7), 5)): {'bw': 27}, ((1, 3), (np.int64(7), 11)): {'bw': 28}}",134.0,118.0,275.0,55.0,63.0,55.0,63.0,55.0,79.0,16.0,0.8805970149253731,177721.41927714116,156500.95130375118,1167.9175470429193,Success,0.0,"{'node_level': {}, 'link_level': {}, 'path_level': {}}","{'node_level': {np.int64(0): {'cpu': -45}, np.int64(1): {'cpu': -46}, np.int64(2): {'cpu': -47}, np.int64(3): {'cpu': -61}}, 'link_level': {(0, 2): {'bw': -85}, (1, 2): {'bw': -239}, (1, 3): {'bw': -305}}, 'path_level': {(0, 2): {}, (1, 2): {}, (1, 3): {}}}","{'node_level': {np.int64(0): {'cpu': 0}, np.int64(1): {'cpu': 0}, np.int64(2): {'cpu': 0}, np.int64(3): {'cpu': 0}}, 'link_level': {(0, 2): {'bw': 0}, (1, 2): {'bw': 0}, (1, 3): {'bw': 0}}, 'path_level': {(0, 2): {}, (1, 2): {}, (1, 3): {}}}",[],-inf,-inf,True,True,False,0,[],0,0.0,4.0,3.0
94,76,13,17980.0,35912.0,7596644.675550622,15053504.017026205,0.5006683002895967,0.5046429500373114,35,171,1,2331.0,12625,1922,10703,0.2596302003081664,0.25544347826086955,93,554.2048836871099,2331.0,2,1,True,"{np.int64(0): np.int64(6), np.int64(1): np.int64(8)}","{(0, 1): [(np.int64(6), 8)]}","{(np.int64(0), np.int64(6)): {'cpu': 7}, (np.int64(1), np.int64(8)): {'cpu': 11}}","{((0, 1), (np.int64(6), 8)): {'bw': 39}}",57.0,57.0,54.0,18.0,39.0,18.0,39.0,18.0,39.0,0.0,1.0,31589.678370165268,31589.678370165268,554.2048836871099,Success,0.0,"{'node_level': {}, 'link_level': {}, 'path_level': {}}","{'node_level': {np.int64(0): {'cpu': -35}, np.int64(1): {'cpu': -43}}, 'link_level': {(0, 1): {'bw': -230}}, 'path_level': {(0, 1): {}}}","{'node_level': {np.int64(0): {'cpu': 0}, np.int64(1): {'cpu': 0}}, 'link_level': {(0, 1): {'bw': 0}}, 'path_level': {(0, 1): {}}}",[],-inf,-inf,True,True,False,0,[],0,0.0,2.0,1.0
95,77,14,18601.0,37429.0,8074140.493918777,16219947.103120394,0.4969675919741377,0.4977908030517235,35,172,1,2353.0,11108,1799,9309,0.30701078582434516,0.3524173913043478,94,768.9143613013771,2353.0,9,23,True,"{np.int64(0): np.int64(10), np.int64(1): np.int64(34), np.int64(2): np.int64(15), np.int64(3): np.int64(14), np.int64(4): np.int64(12), np.int64(5): np.int64(13), np.int64(6): np.int64(19), np.int64(7): np.int64(31), np.int64(8): np.int64(18)}","{(0, 1): [(np.int64(10), 7), (7, 4), (4, 0), (0, 28), (28, 31), (31, 34)], (0, 2): [(np.int64(10), 7), (7, 4), (4, 0), (0, 12), (12, 15)], (0, 3): [(np.int64(10), 7), (7, 4), (4, 0), (0, 12), (12, 14)], (0, 5): [(np.int64(10), 7), (7, 5), (5, 2), (2, 13)], (0, 7): [(np.int64(10), 7), (7, 4), (4, 0), (0, 28), (28, 31)], (0, 8): [(np.int64(10), 7), (7, 4), (4, 0), (0, 12), (12, 15), (15, 18)], (1, 2): [(np.int64(34), 31), (31, 28), (28, 0), (0, 12), (12, 15)], (1, 6): [(np.int64(34), 31), (31, 28), (28, 0), (0, 12), (12, 15), (15, 19)], (2, 3): [(np.int64(15), 12), (12, 14)], (2, 4): [(np.int64(15), 12)], (2, 5): [(np.int64(15), 13)], (2, 6): [(np.int64(15), 19)], (2, 7): [(np.int64(15), 12), (12, 0), (0, 28), (28, 31)], (3, 4): [(np.int64(14), 12)], (3, 7): [(np.int64(14), 12), (12, 0), (0, 28), (28, 31)], (3, 8): [(np.int64(14), 13), (13, 15), (15, 18)], (4, 5): [(np.int64(12), 14), (14, 13)], (4, 6): [(np.int64(12), 15), (15, 19)], (4, 7): [(np.int64(12), 1), (1, 28), (28, 31)], (5, 6): [(np.int64(13), 15), (15, 19)], (5, 7): [(np.int64(13), 2), (2, 29), (29, 31)], (5, 8): [(np.int64(13), 15), (15, 18)], (6, 8): [(np.int64(19), 15), (15, 18)]}","{(np.int64(0), np.int64(10)): {'cpu': 3}, (np.int64(1), np.int64(34)): {'cpu': 20}, (np.int64(2), np.int64(15)): {'cpu': 9}, (np.int64(3), np.int64(14)): {'cpu': 9}, (np.int64(4), np.int64(12)): {'cpu': 20}, (np.int64(5), np.int64(13)): {'cpu': 11}, (np.int64(6), np.int64(19)): {'cpu': 17}, (np.int64(7), np.int64(31)): {'cpu': 18}, (np.int64(8), np.int64(18)): {'cpu': 16}}","{((0, 1), (np.int64(10), 7)): {'bw': 0}, ((0, 1), (7, 4)): {'bw': 0}, ((0, 1), (4, 0)): {'bw': 0}, ((0, 1), (0, 28)): {'bw': 0}, ((0, 1), (28, 31)): {'bw': 0}, ((0, 1), (31, 34)): {'bw': 0}, ((0, 2), (np.int64(10), 7)): {'bw': 26}, ((0, 2), (7, 4)): {'bw': 26}, ((0, 2), (4, 0)): {'bw': 26}, ((0, 2), (0, 12)): {'bw': 26}, ((0, 2), (12, 15)): {'bw': 26}, ((0, 3), (np.int64(10), 7)): {'bw': 7}, ((0, 3), (7, 4)): {'bw': 7}, ((0, 3), (4, 0)): {'bw': 7}, ((0, 3), (0, 12)): {'bw': 7}, ((0, 3), (12, 14)): {'bw': 7}, ((0, 5), (np.int64(10), 7)): {'bw': 18}, ((0, 5), (7, 5)): {'bw': 18}, ((0, 5), (5, 2)): {'bw': 18}, ((0, 5), (2, 13)): {'bw': 18}, ((0, 7), (np.int64(10), 7)): {'bw': 11}, ((0, 7), (7, 4)): {'bw': 11}, ((0, 7), (4, 0)): {'bw': 11}, ((0, 7), (0, 28)): {'bw': 11}, ((0, 7), (28, 31)): {'bw': 11}, ((0, 8), (np.int64(10), 7)): {'bw': 12}, ((0, 8), (7, 4)): {'bw': 12}, ((0, 8), (4, 0)): {'bw': 12}, ((0, 8), (0, 12)): {'bw': 12}, ((0, 8), (12, 15)): {'bw': 12}, ((0, 8), (15, 18)): {'bw': 12}, ((1, 2), (np.int64(34), 31)): {'bw': 13}, ((1, 2), (31, 28)): {'bw': 13}, ((1, 2), (28, 0)): {'bw': 13}, ((1, 2), (0, 12)): {'bw': 13}, ((1, 2), (12, 15)): {'bw': 13}, ((1, 6), (np.int64(34), 31)): {'bw': 8}, ((1, 6), (31, 28)): {'bw': 8}, ((1, 6), (28, 0)): {'bw': 8}, ((1, 6), (0, 12)): {'bw': 8}, ((1, 6), (12, 15)): {'bw': 8}, ((1, 6), (15, 19)): {'bw': 8}, ((2, 3), (np.int64(15), 12)): {'bw': 40}, ((2, 3), (12, 14)): {'bw': 40}, ((2, 4), (np.int64(15), 12)): {'bw': 18}, ((2, 5), (np.int64(15), 13)): {'bw': 17}, ((2, 6), (np.int64(15), 19)): {'bw': 42}, ((2, 7), (np.int64(15), 12)): {'bw': 44}, ((2, 7), (12, 0)): {'bw': 44}, ((2, 7), (0, 28)): {'bw': 44}, ((2, 7), (28, 31)): {'bw': 44}, ((3, 4), (np.int64(14), 12)): {'bw': 34}, ((3, 7), (np.int64(14), 12)): {'bw': 11}, ((3, 7), (12, 0)): {'bw': 11}, ((3, 7), (0, 28)): {'bw': 11}, ((3, 7), (28, 31)): {'bw': 11}, ((3, 8), (np.int64(14), 13)): {'bw': 23}, ((3, 8), (13, 15)): {'bw': 23}, ((3, 8), (15, 18)): {'bw': 23}, ((4, 5), (np.int64(12), 14)): {'bw': 6}, ((4, 5), (14, 13)): {'bw': 6}, ((4, 6), (np.int64(12), 15)): {'bw': 14}, ((4, 6), (15, 19)): {'bw': 14}, ((4, 7), (np.int64(12), 1)): {'bw': 46}, ((4, 7), (1, 28)): {'bw': 46}, ((4, 7), (28, 31)): {'bw': 46}, ((5, 6), (np.int64(13), 15)): {'bw': 50}, ((5, 6), (15, 19)): {'bw': 50}, ((5, 7), (np.int64(13), 2)): {'bw': 43}, ((5, 7), (2, 29)): {'bw': 43}, ((5, 7), (29, 31)): {'bw': 43}, ((5, 8), (np.int64(13), 15)): {'bw': 1}, ((5, 8), (15, 18)): {'bw': 1}, ((6, 8), (np.int64(19), 15)): {'bw': 14}, ((6, 8), (15, 18)): {'bw': 14}}",1517.0,621.0,861.0,123.0,498.0,123.0,498.0,123.0,1394.0,896.0,0.40936058009228743,1166443.086094189,477495.81836815516,314.7632289836224,Success,0.0,"{'node_level': {}, 'link_level': {}, 'path_level': {}}","{'node_level': {np.int64(0): {'cpu': -83}, np.int64(1): {'cpu': -36}, np.int64(2): {'cpu': -53}, np.int64(3): {'cpu': -45}, np.int64(4): {'cpu': -26}, np.int64(5): {'cpu': -25}, np.int64(6): {'cpu': -56}, np.int64(7): {'cpu': -29}, np.int64(8): {'cpu': -73}}, 'link_level': {(0, 1): {'bw': -85}, (0, 2): {'bw': -59}, (0, 3): {'bw': -52}, (0, 5): {'bw': -36}, (0, 7): {'bw': -41}, (0, 8): {'bw': -29}, (1, 2): {'bw': -105}, (1, 6): {'bw': -97}, (2, 3): {'bw': -51}, (2, 4): {'bw': -100}, (2, 5): {'bw': -315}, (2, 6): {'bw': -181}, (2, 7): {'bw': -53}, (3, 4): {'bw': -17}, (3, 7): {'bw': -6}, (3, 8): {'bw': -51}, (4, 5): {'bw': 0}, (4, 6): {'bw': -42}, (4, 7): {'bw': -35}, (5, 6): {'bw': -117}, (5, 7): {'bw': -64}, (5, 8): {'bw': -241}, (6, 8): {'bw': -103}}, 'path_level': {(0, 1): {}, (0, 2): {}, (0, 3): {}, (0, 5): {}, (0, 7): {}, (0, 8): {}, (1, 2): {}, (1, 6): {}, (2, 3): {}, (2, 4): {}, (2, 5): {}, (2, 6): {}, (2, 7): {}, (3, 4): {}, (3, 7): {}, (3, 8): {}, (4, 5): {}, (4, 6): {}, (4, 7): {}, (5, 6): {}, (5, 7): {}, (5, 8): {}, (6, 8): {}}}","{'node_level': {np.int64(0): {'cpu': 0}, np.int64(1): {'cpu': 0}, np.int64(2): {'cpu': 0}, np.int64(3): {'cpu': 0}, np.int64(4): {'cpu': 0}, np.int64(5): {'cpu': 0}, np.int64(6): {'cpu': 0}, np.int64(7): {'cpu': 0}, np.int64(8): {'cpu': 0}}, 'link_level': {(0, 1): {'bw': 0}, (0, 2): {'bw': 0}, (0, 3): {'bw': 0}, (0, 5): {'bw': 0}, (0, 7): {'bw': 0}, (0, 8): {'bw': 0}, (1, 2): {'bw': 0}, (1, 6): {'bw': 0}, (2, 3): {'bw': 0}, (2, 4): {'bw': 0}, (2, 5): {'bw': 0}, (2, 6): {'bw': 0}, (2, 7): {'bw': 0}, (3, 4): {'bw': 0}, (3, 7): {'bw': 0}, (3, 8): {'bw': 0}, (4, 5): {'bw': 0}, (4, 6): {'bw': 0}, (4, 7): {'bw': 0}, (5, 6): {'bw': 0}, (5, 7): {'bw': 0}, (5, 8): {'bw': 0}, (6, 8): {'bw': 0}}, 'path_level': {(0, 1): {}, (0, 2): {}, (0, 3): {}, (0, 5): {}, (0, 7): {}, (0, 8): {}, (1, 2): {}, (1, 6): {}, (2, 3): {}, (2, 4): {}, (2, 5): {}, (2, 6): {}, (2, 7): {}, (3, 4): {}, (3, 7): {}, (3, 8): {}, (4, 5): {}, (4, 6): {}, (4, 7): {}, (5, 6): {}, (5, 7): {}, (5, 8): {}, (6, 8): {}}}",[],-inf,-inf,True,True,False,0,[],0,0.0,9.0,23.0
95,77,13,18601.0,37429.0,8074140.493918777,16219947.103120394,0.4969675919741377,0.4977908030517235,35,173,0,2353.763970309067,11254,1843,9411,0.2900616332819723,0.34532173913043474,89,137.7639703090671,2216.0,4,3,False,{},{},{},{},0.0,0.0,0.0,0.0,0.0,0.0,0.0,0.0,0.0,0.0,0.0,0.0,0.0,0.0,Leave Event,0.0,"{'node_level': {}, 'link_level': {}, 'path_level': {}}","{'node_level': {}, 'link_level': {}, 'path_level': {}}","{'node_level': {}, 'link_level': {}, 'path_level': {}}",[],-inf,-inf,True,True,False,0,[],0,0.0,,
96,78,14,18873.0,37914.0,8119144.238045806,16300192.749817485,0.49778445956638706,0.4981011183525248,35,174,1,2368.0,10769,1784,8985,0.312788906009245,0.3749565217391304,95,165.45494164348642,2368.0,7,8,True,"{np.int64(0): np.int64(27), np.int64(1): np.int64(1), np.int64(2): np.int64(23), np.int64(3): np.int64(25), np.int64(4): np.int64(20), np.int64(5): np.int64(13), np.int64(6): np.int64(2)}","{(0, 2): [(np.int64(27), 23)], (0, 6): [(np.int64(27), 23), (23, 21), (21, 2)], (1, 2): [(np.int64(1), 20), (20, 23)], (1, 4): [(np.int64(1), 20)], (3, 4): [(np.int64(25), 22), (22, 20)], (3, 5): [(np.int64(25), 22), (22, 21), (21, 2), (2, 13)], (4, 5): [(np.int64(20), 0), (0, 12), (12, 15), (15, 13)], (5, 6): [(np.int64(13), 2)]}","{(np.int64(0), np.int64(27)): {'cpu': 5}, (np.int64(1), np.int64(1)): {'cpu': 6}, (np.int64(2), np.int64(23)): {'cpu': 15}, (np.int64(3), np.int64(25)): {'cpu': 12}, (np.int64(4), np.int64(20)): {'cpu': 9}, (np.int64(5), np.int64(13)): {'cpu': 3}, (np.int64(6), np.int64(2)): {'cpu': 9}}","{((0, 2), (np.int64(27), 23)): {'bw': 34}, ((0, 6), (np.int64(27), 23)): {'bw': 30}, ((0, 6), (23, 21)): {'bw': 30}, ((0, 6), (21, 2)): {'bw': 30}, ((1, 2), (np.int64(1), 20)): {'bw': 1}, ((1, 2), (20, 23)): {'bw': 1}, ((1, 4), (np.int64(1), 20)): {'bw': 38}, ((3, 4), (np.int64(25), 22)): {'bw': 14}, ((3, 4), (22, 20)): {'bw': 14}, ((3, 5), (np.int64(25), 22)): {'bw': 16}, ((3, 5), (22, 21)): {'bw': 16}, ((3, 5), (21, 2)): {'bw': 16}, ((3, 5), (2, 13)): {'bw': 16}, ((4, 5), (np.int64(20), 0)): {'bw': 30}, ((4, 5), (0, 12)): {'bw': 30}, ((4, 5), (12, 15)): {'bw': 30}, ((4, 5), (15, 13)): {'bw': 30}, ((5, 6), (np.int64(13), 2)): {'bw': 50}}",485.0,272.0,826.0,59.0,213.0,59.0,213.0,59.0,426.0,213.0,0.5608247422680412,80245.64669709091,45003.74412702831,92.79122500418208,Success,0.0,"{'node_level': {}, 'link_level': {}, 'path_level': {}}","{'node_level': {np.int64(0): {'cpu': -16}, np.int64(1): {'cpu': -64}, np.int64(2): {'cpu': -38}, np.int64(3): {'cpu': -51}, np.int64(4): {'cpu': -76}, np.int64(5): {'cpu': -31}, np.int64(6): {'cpu': -14}}, 'link_level': {(0, 2): {'bw': -234}, (0, 6): {'bw': -184}, (1, 2): {'bw': -196}, (1, 4): {'bw': -193}, (3, 4): {'bw': -221}, (3, 5): {'bw': -168}, (4, 5): {'bw': -12}, (5, 6): {'bw': -183}}, 'path_level': {(0, 2): {}, (0, 6): {}, (1, 2): {}, (1, 4): {}, (3, 4): {}, (3, 5): {}, (4, 5): {}, (5, 6): {}}}","{'node_level': {np.int64(0): {'cpu': 0}, np.int64(1): {'cpu': 0}, np.int64(2): {'cpu': 0}, np.int64(3): {'cpu': 0}, np.int64(4): {'cpu': 0}, np.int64(5): {'cpu': 0}, np.int64(6): {'cpu': 0}}, 'link_level': {(0, 2): {'bw': 0}, (0, 6): {'bw': 0}, (1, 2): {'bw': 0}, (1, 4): {'bw': 0}, (3, 4): {'bw': 0}, (3, 5): {'bw': 0}, (4, 5): {'bw': 0}, (5, 6): {'bw': 0}}, 'path_level': {(0, 2): {}, (0, 6): {}, (1, 2): {}, (1, 4): {}, (3, 4): {}, (3, 5): {}, (4, 5): {}, (5, 6): {}}}",[],-inf,-inf,True,True,False,0,[],0,0.0,7.0,8.0
96,78,13,18873.0,37914.0,8119144.238045806,16300192.749817485,0.49778445956638706,0.4981011183525248,35,175,0,2373.7597890883117,11076,1864,9212,0.28197226502311246,0.35916521739130436,88,172.75978908831172,2201.0,6,6,False,{},{},{},{},0.0,0.0,0.0,0.0,0.0,0.0,0.0,0.0,0.0,0.0,0.0,0.0,0.0,0.0,Leave Event,0.0,"{'node_level': {}, 'link_level': {}, 'path_level': {}}","{'node_level': {}, 'link_level': {}, 'path_level': {}}","{'node_level': {}, 'link_level': {}, 'path_level': {}}",[],-inf,-inf,True,True,False,0,[],0,0.0,,
97,79,14,18935.0,37976.0,8146513.534656975,16327562.046428654,0.49860438171476723,0.49894243313801223,35,176,1,2393.0,11014,1837,9177,0.2923728813559322,0.36160000000000003,96,441.4402679220898,2393.0,2,1,True,"{np.int64(0): np.int64(35), np.int64(1): np.int64(31)}","{(0, 1): [(np.int64(35), 31)]}","{(np.int64(0), np.int64(35)): {'cpu': 13}, (np.int64(1), np.int64(31)): {'cpu': 14}}","{((0, 1), (np.int64(35), 31)): {'bw': 35}}",62.0,62.0,216.0,27.0,35.0,27.0,35.0,27.0,35.0,0.0,1.0,27369.296611169568,27369.296611169568,441.4402679220898,Success,0.0,"{'node_level': {}, 'link_level': {}, 'path_level': {}}","{'node_level': {np.int64(0): {'cpu': -53}, np.int64(1): {'cpu': -15}}, 'link_level': {(0, 1): {'bw': -191}}, 'path_level': {(0, 1): {}}}","{'node_level': {np.int64(0): {'cpu': 0}, np.int64(1): {'cpu': 0}}, 'link_level': {(0, 1): {'bw': 0}}, 'path_level': {(0, 1): {}}}",[],-inf,-inf,True,True,False,0,[],0,0.0,2.0,1.0
98,80,15,19063.0,38125.0,8150743.423363586,16332485.901251193,0.5000131147540984,0.49905100011377795,35,177,1,2414.0,10865,1791,9074,0.31009244992295837,0.3687652173913043,97,33.0460055203929,2414.0,4,5,True,"{np.int64(0): np.int64(22), np.int64(1): np.int64(2), np.int64(2): np.int64(20), np.int64(3): np.int64(21)}","{(0, 2): [(np.int64(22), 20)], (0, 3): [(np.int64(22), 21)], (1, 2): [(np.int64(2), 21), (21, 22), (22, 20)], (1, 3): [(np.int64(2), 21)], (2, 3): [(np.int64(20), 22), (22, 21)]}","{(np.int64(0), np.int64(22)): {'cpu': 5}, (np.int64(1), np.int64(2)): {'cpu': 13}, (np.int64(2), np.int64(20)): {'cpu': 10}, (np.int64(3), np.int64(21)): {'cpu': 18}}","{((0, 2), (np.int64(22), 20)): {'bw': 22}, ((0, 3), (np.int64(22), 21)): {'bw': 6}, ((1, 2), (np.int64(2), 21)): {'bw': 10}, ((1, 2), (21, 22)): {'bw': 10}, ((1, 2), (22, 20)): {'bw': 10}, ((1, 3), (np.int64(2), 21)): {'bw': 43}, ((2, 3), (np.int64(20), 22)): {'bw': 1}, ((2, 3), (22, 21)): {'bw': 1}}",149.0,128.0,644.0,46.0,82.0,46.0,82.0,46.0,103.0,21.0,0.8590604026845637,4923.854822538543,4229.888706610292,28.388514809465043,Success,0.0,"{'node_level': {}, 'link_level': {}, 'path_level': {}}","{'node_level': {np.int64(0): {'cpu': -62}, np.int64(1): {'cpu': -1}, np.int64(2): {'cpu': -66}, np.int64(3): {'cpu': -4}}, 'link_level': {(0, 2): {'bw': -275}, (0, 3): {'bw': -234}, (1, 2): {'bw': -158}, (1, 3): {'bw': -115}, (2, 3): {'bw': -223}}, 'path_level': {(0, 2): {}, (0, 3): {}, (1, 2): {}, (1, 3): {}, (2, 3): {}}}","{'node_level': {np.int64(0): {'cpu': 0}, np.int64(1): {'cpu': 0}, np.int64(2): {'cpu': 0}, np.int64(3): {'cpu': 0}}, 'link_level': {(0, 2): {'bw': 0}, (0, 3): {'bw': 0}, (1, 2): {'bw': 0}, (1, 3): {'bw': 0}, (2, 3): {'bw': 0}}, 'path_level': {(0, 2): {}, (0, 3): {}, (1, 2): {}, (1, 3): {}, (2, 3): {}}}",[],-inf,-inf,True,True,False,0,[],0,0.0,4.0,5.0
99,81,16,19607.0,39517.0,8331571.132543527,16795192.098270454,0.49616620694890806,0.49606882039780303,35,178,1,2437.0,9473,1672,7801,0.35593220338983056,0.45732173913043483,98,332.40387716900864,2437.0,9,20,True,"{np.int64(0): np.int64(26), np.int64(1): np.int64(13), np.int64(2): np.int64(14), np.int64(3): np.int64(5), np.int64(4): np.int64(29), np.int64(5): np.int64(23), np.int64(6): np.int64(27), np.int64(7): np.int64(20), np.int64(8): np.int64(12)}","{(0, 3): [(np.int64(26), 23), (23, 21), (21, 2), (2, 5)], (0, 4): [(np.int64(26), 23), (23, 21), (21, 2), (2, 29)], (0, 5): [(np.int64(26), 23)], (0, 6): [(np.int64(26), 23), (23, 27)], (1, 2): [(np.int64(13), 14)], (1, 3): [(np.int64(13), 3), (3, 5)], (1, 4): [(np.int64(13), 2), (2, 29)], (1, 7): [(np.int64(13), 2), (2, 21), (21, 22), (22, 20)], (2, 4): [(np.int64(14), 13), (13, 2), (2, 29)], (2, 5): [(np.int64(14), 13), (13, 2), (2, 21), (21, 23)], (2, 7): [(np.int64(14), 13), (13, 3), (3, 21), (21, 22), (22, 20)], (3, 6): [(np.int64(5), 3), (3, 21), (21, 23), (23, 27)], (3, 7): [(np.int64(5), 3), (3, 21), (21, 22), (22, 20)], (4, 6): [(np.int64(29), 2), (2, 21), (21, 23), (23, 27)], (4, 7): [(np.int64(29), 2), (2, 21), (21, 22), (22, 20)], (4, 8): [(np.int64(29), 30), (30, 28), (28, 1), (1, 12)], (5, 6): [(np.int64(23), 27)], (5, 7): [(np.int64(23), 20)], (5, 8): [(np.int64(23), 20), (20, 0), (0, 12)], (7, 8): [(np.int64(20), 1), (1, 12)]}","{(np.int64(0), np.int64(26)): {'cpu': 9}, (np.int64(1), np.int64(13)): {'cpu': 16}, (np.int64(2), np.int64(14)): {'cpu': 15}, (np.int64(3), np.int64(5)): {'cpu': 17}, (np.int64(4), np.int64(29)): {'cpu': 19}, (np.int64(5), np.int64(23)): {'cpu': 19}, (np.int64(6), np.int64(27)): {'cpu': 1}, (np.int64(7), np.int64(20)): {'cpu': 19}, (np.int64(8), np.int64(12)): {'cpu': 4}}","{((0, 3), (np.int64(26), 23)): {'bw': 35}, ((0, 3), (23, 21)): {'bw': 35}, ((0, 3), (21, 2)): {'bw': 35}, ((0, 3), (2, 5)): {'bw': 35}, ((0, 4), (np.int64(26), 23)): {'bw': 9}, ((0, 4), (23, 21)): {'bw': 9}, ((0, 4), (21, 2)): {'bw': 9}, ((0, 4), (2, 29)): {'bw': 9}, ((0, 5), (np.int64(26), 23)): {'bw': 41}, ((0, 6), (np.int64(26), 23)): {'bw': 13}, ((0, 6), (23, 27)): {'bw': 13}, ((1, 2), (np.int64(13), 14)): {'bw': 6}, ((1, 3), (np.int64(13), 3)): {'bw': 24}, ((1, 3), (3, 5)): {'bw': 24}, ((1, 4), (np.int64(13), 2)): {'bw': 10}, ((1, 4), (2, 29)): {'bw': 10}, ((1, 7), (np.int64(13), 2)): {'bw': 43}, ((1, 7), (2, 21)): {'bw': 43}, ((1, 7), (21, 22)): {'bw': 43}, ((1, 7), (22, 20)): {'bw': 43}, ((2, 4), (np.int64(14), 13)): {'bw': 37}, ((2, 4), (13, 2)): {'bw': 37}, ((2, 4), (2, 29)): {'bw': 37}, ((2, 5), (np.int64(14), 13)): {'bw': 5}, ((2, 5), (13, 2)): {'bw': 5}, ((2, 5), (2, 21)): {'bw': 5}, ((2, 5), (21, 23)): {'bw': 5}, ((2, 7), (np.int64(14), 13)): {'bw': 40}, ((2, 7), (13, 3)): {'bw': 40}, ((2, 7), (3, 21)): {'bw': 40}, ((2, 7), (21, 22)): {'bw': 40}, ((2, 7), (22, 20)): {'bw': 40}, ((3, 6), (np.int64(5), 3)): {'bw': 15}, ((3, 6), (3, 21)): {'bw': 15}, ((3, 6), (21, 23)): {'bw': 15}, ((3, 6), (23, 27)): {'bw': 15}, ((3, 7), (np.int64(5), 3)): {'bw': 14}, ((3, 7), (3, 21)): {'bw': 14}, ((3, 7), (21, 22)): {'bw': 14}, ((3, 7), (22, 20)): {'bw': 14}, ((4, 6), (np.int64(29), 2)): {'bw': 21}, ((4, 6), (2, 21)): {'bw': 21}, ((4, 6), (21, 23)): {'bw': 21}, ((4, 6), (23, 27)): {'bw': 21}, ((4, 7), (np.int64(29), 2)): {'bw': 0}, ((4, 7), (2, 21)): {'bw': 0}, ((4, 7), (21, 22)): {'bw': 0}, ((4, 7), (22, 20)): {'bw': 0}, ((4, 8), (np.int64(29), 30)): {'bw': 35}, ((4, 8), (30, 28)): {'bw': 35}, ((4, 8), (28, 1)): {'bw': 35}, ((4, 8), (1, 12)): {'bw': 35}, ((5, 6), (np.int64(23), 27)): {'bw': 33}, ((5, 7), (np.int64(23), 20)): {'bw': 14}, ((5, 8), (np.int64(23), 20)): {'bw': 6}, ((5, 8), (20, 0)): {'bw': 6}, ((5, 8), (0, 12)): {'bw': 6}, ((7, 8), (np.int64(20), 1)): {'bw': 24}, ((7, 8), (1, 12)): {'bw': 24}}",1392.0,544.0,1071.0,119.0,425.0,119.0,425.0,119.0,1273.0,848.0,0.39080459770114945,462706.19701926,180827.7091799407,129.90496349133673,Success,0.0,"{'node_level': {}, 'link_level': {}, 'path_level': {}}","{'node_level': {np.int64(0): {'cpu': -33}, np.int64(1): {'cpu': -35}, np.int64(2): {'cpu': -50}, np.int64(3): {'cpu': -30}, np.int64(4): {'cpu': -47}, np.int64(5): {'cpu': -19}, np.int64(6): {'cpu': -33}, np.int64(7): {'cpu': -47}, np.int64(8): {'cpu': -22}}, 'link_level': {(0, 3): {'bw': -13}, (0, 4): {'bw': -71}, (0, 5): {'bw': -213}, (0, 6): {'bw': -200}, (1, 2): {'bw': -137}, (1, 3): {'bw': -196}, (1, 4): {'bw': -72}, (1, 7): {'bw': -28}, (2, 4): {'bw': -35}, (2, 5): {'bw': -23}, (2, 7): {'bw': -55}, (3, 6): {'bw': -152}, (3, 7): {'bw': -126}, (4, 6): {'bw': -2}, (4, 7): {'bw': -2}, (4, 8): {'bw': -69}, (5, 6): {'bw': -134}, (5, 7): {'bw': -182}, (5, 8): {'bw': -6}, (7, 8): {'bw': -132}}, 'path_level': {(0, 3): {}, (0, 4): {}, (0, 5): {}, (0, 6): {}, (1, 2): {}, (1, 3): {}, (1, 4): {}, (1, 7): {}, (2, 4): {}, (2, 5): {}, (2, 7): {}, (3, 6): {}, (3, 7): {}, (4, 6): {}, (4, 7): {}, (4, 8): {}, (5, 6): {}, (5, 7): {}, (5, 8): {}, (7, 8): {}}}","{'node_level': {np.int64(0): {'cpu': 0}, np.int64(1): {'cpu': 0}, np.int64(2): {'cpu': 0}, np.int64(3): {'cpu': 0}, np.int64(4): {'cpu': 0}, np.int64(5): {'cpu': 0}, np.int64(6): {'cpu': 0}, np.int64(7): {'cpu': 0}, np.int64(8): {'cpu': 0}}, 'link_level': {(0, 3): {'bw': 0}, (0, 4): {'bw': 0}, (0, 5): {'bw': 0}, (0, 6): {'bw': 0}, (1, 2): {'bw': 0}, (1, 3): {'bw': 0}, (1, 4): {'bw': 0}, (1, 7): {'bw': 0}, (2, 4): {'bw': 0}, (2, 5): {'bw': 0}, (2, 7): {'bw': 0}, (3, 6): {'bw': 0}, (3, 7): {'bw': 0}, (4, 6): {'bw': 0}, (4, 7): {'bw': 0}, (4, 8): {'bw': 0}, (5, 6): {'bw': 0}, (5, 7): {'bw': 0}, (5, 8): {'bw': 0}, (7, 8): {'bw': 0}}, 'path_level': {(0, 3): {}, (0, 4): {}, (0, 5): {}, (0, 6): {}, (1, 2): {}, (1, 3): {}, (1, 4): {}, (1, 7): {}, (2, 4): {}, (2, 5): {}, (2, 7): {}, (3, 6): {}, (3, 7): {}, (4, 6): {}, (4, 7): {}, (4, 8): {}, (5, 6): {}, (5, 7): {}, (5, 8): {}, (7, 8): {}}}",[],-inf,-inf,True,True,False,0,[],0,0.0,9.0,20.0
99,81,15,19607.0,39517.0,8331571.132543527,16795192.098270454,0.49616620694890806,0.49606882039780303,35,179,0,2447.046005520393,9622,1718,7904,0.3382126348228043,0.45015652173913046,97,33.0460055203929,2414.0,4,5,False,{},{},{},{},0.0,0.0,0.0,0.0,0.0,0.0,0.0,0.0,0.0,0.0,0.0,0.0,0.0,0.0,Leave Event,0.0,"{'node_level': {}, 'link_level': {}, 'path_level': {}}","{'node_level': {}, 'link_level': {}, 'path_level': {}}","{'node_level': {}, 'link_level': {}, 'path_level': {}}",[],-inf,-inf,True,True,False,0,[],0,0.0,,
99,81,15,19607.0,39517.0,8331571.132543527,16795192.098270454,0.49616620694890806,0.49606882039780303,35,180,0,2454.9063390227498,9622,1718,7904,0.3382126348228043,0.45015652173913046,73,630.9063390227499,1824.0,10,24,False,{},{},{},{},0.0,0.0,0.0,0.0,0.0,0.0,0.0,0.0,0.0,0.0,0.0,0.0,0.0,0.0,Leave Event,0.0,"{'node_level': {}, 'link_level': {}, 'path_level': {}}","{'node_level': {}, 'link_level': {}, 'path_level': {}}","{'node_level': {}, 'link_level': {}, 'path_level': {}}",[],-inf,-inf,True,True,False,0,[],0,0.0,,
100,81,15,19607.0,39517.0,8331571.132543527,16795192.098270454,0.49616620694890806,0.49606882039780303,35,181,1,2455.0,9622,1718,7904,0.3382126348228043,0.45015652173913046,99,1897.0119908704683,2455.0,4,5,False,{},{},{},{},0.0,0.0,40.0,20.0,152.0,0.0,0.0,0.0,0.0,0.0,0.0,0.0,0.0,0.0,Unknown Reason,0.0,"{'node_level': {}, 'link_level': {}, 'path_level': {}}","{'node_level': {}, 'link_level': {}, 'path_level': {}}","{'node_level': {}, 'link_level': {}, 'path_level': {}}",[],-inf,-inf,True,True,False,0,[],0,0.0,0.0,0.0
101,81,15,19607.0,39517.0,8331571.132543527,16795192.098270454,0.49616620694890806,0.49606882039780303,35,182,1,2478.0,9622,1718,7904,0.3382126348228043,0.45015652173913046,100,1045.7782980075951,2478.0,4,4,False,{},{},{},{},0.0,0.0,82.0,41.0,144.0,0.0,0.0,0.0,0.0,0.0,0.0,0.0,0.0,0.0,Unknown Reason,0.0,"{'node_level': {}, 'link_level': {}, 'path_level': {}}","{'node_level': {}, 'link_level': {}, 'path_level': {}}","{'node_level': {}, 'link_level': {}, 'path_level': {}}",[],-inf,-inf,True,True,False,0,[],0,0.0,0.0,0.0
102,82,16,19852.0,39916.0,8382130.540441384,16877531.705418393,0.4973444232889067,0.4966443367871363,35,183,1,2505.0,9223,1674,7549,0.35516178736517723,0.47485217391304346,101,206.364930195333,2505.0,5,5,True,"{np.int64(0): np.int64(30), np.int64(1): np.int64(29), np.int64(2): np.int64(1), np.int64(3): np.int64(3), np.int64(4): np.int64(33)}","{(0, 1): [(np.int64(30), 29)], (0, 3): [(np.int64(30), 29), (29, 3)], (1, 3): [(np.int64(29), 3)], (1, 4): [(np.int64(29), 30), (30, 33)], (2, 4): [(np.int64(1), 28), (28, 30), (30, 33)]}","{(np.int64(0), np.int64(30)): {'cpu': 10}, (np.int64(1), np.int64(29)): {'cpu': 6}, (np.int64(2), np.int64(1)): {'cpu': 10}, (np.int64(3), np.int64(3)): {'cpu': 3}, (np.int64(4), np.int64(33)): {'cpu': 15}}","{((0, 1), (np.int64(30), 29)): {'bw': 50}, ((0, 3), (np.int64(30), 29)): {'bw': 34}, ((0, 3), (29, 3)): {'bw': 34}, ((1, 3), (np.int64(29), 3)): {'bw': 36}, ((1, 4), (np.int64(29), 30)): {'bw': 42}, ((1, 4), (30, 33)): {'bw': 42}, ((2, 4), (np.int64(1), 28)): {'bw': 39}, ((2, 4), (28, 30)): {'bw': 39}, ((2, 4), (30, 33)): {'bw': 39}}",399.0,245.0,396.0,44.0,201.0,44.0,201.0,44.0,355.0,154.0,0.6140350877192983,82339.60714793786,50559.40789785658,126.71530801467816,Success,0.0,"{'node_level': {}, 'link_level': {}, 'path_level': {}}","{'node_level': {np.int64(0): {'cpu': -45}, np.int64(1): {'cpu': -41}, np.int64(2): {'cpu': -54}, np.int64(3): {'cpu': -30}, np.int64(4): {'cpu': -20}}, 'link_level': {(0, 1): {'bw': -88}, (0, 3): {'bw': -54}, (1, 3): {'bw': -203}, (1, 4): {'bw': -12}, (2, 4): {'bw': -30}}, 'path_level': {(0, 1): {}, (0, 3): {}, (1, 3): {}, (1, 4): {}, (2, 4): {}}}","{'node_level': {np.int64(0): {'cpu': 0}, np.int64(1): {'cpu': 0}, np.int64(2): {'cpu': 0}, np.int64(3): {'cpu': 0}, np.int64(4): {'cpu': 0}}, 'link_level': {(0, 1): {'bw': 0}, (0, 3): {'bw': 0}, (1, 3): {'bw': 0}, (1, 4): {'bw': 0}, (2, 4): {'bw': 0}}, 'path_level': {(0, 1): {}, (0, 3): {}, (1, 3): {}, (1, 4): {}, (2, 4): {}}}",[],-inf,-inf,True,True,False,0,[],0,0.0,5.0,5.0
103,83,17,20025.0,40213.0,8664027.197927216,17361481.458443202,0.49797329221893416,0.4990373211333151,35,184,1,2533.0,8926,1593,7333,0.38636363636363635,0.4898782608695652,102,1629.4604478949802,2533.0,5,5,True,"{np.int64(0): np.int64(3), np.int64(1): np.int64(5), np.int64(2): np.int64(18), np.int64(3): np.int64(11), np.int64(4): np.int64(6)}","{(0, 1): [(np.int64(3), 5)], (0, 3): [(np.int64(3), 5), (5, 7), (7, 11)], (1, 4): [(np.int64(5), 6)], (2, 4): [(np.int64(18), 15), (15, 13), (13, 3), (3, 5), (5, 6)], (3, 4): [(np.int64(11), 7), (7, 4), (4, 6)]}","{(np.int64(0), np.int64(3)): {'cpu': 18}, (np.int64(1), np.int64(5)): {'cpu': 12}, (np.int64(2), np.int64(18)): {'cpu': 20}, (np.int64(3), np.int64(11)): {'cpu': 20}, (np.int64(4), np.int64(6)): {'cpu': 11}}","{((0, 1), (np.int64(3), 5)): {'bw': 44}, ((0, 3), (np.int64(3), 5)): {'bw': 17}, ((0, 3), (5, 7)): {'bw': 17}, ((0, 3), (7, 11)): {'bw': 17}, ((1, 4), (np.int64(5), 6)): {'bw': 5}, ((2, 4), (np.int64(18), 15)): {'bw': 19}, ((2, 4), (15, 13)): {'bw': 19}, ((2, 4), (13, 3)): {'bw': 19}, ((2, 4), (3, 5)): {'bw': 19}, ((2, 4), (5, 6)): {'bw': 19}, ((3, 4), (np.int64(11), 7)): {'bw': 7}, ((3, 4), (7, 4)): {'bw': 7}, ((3, 4), (4, 6)): {'bw': 7}}",297.0,173.0,648.0,81.0,92.0,81.0,92.0,81.0,216.0,124.0,0.5824915824915825,483949.7530248091,281896.6574858316,949.1469949017899,Success,0.0,"{'node_level': {}, 'link_level': {}, 'path_level': {}}","{'node_level': {np.int64(0): {'cpu': -12}, np.int64(1): {'cpu': -18}, np.int64(2): {'cpu': -53}, np.int64(3): {'cpu': -41}, np.int64(4): {'cpu': -24}}, 'link_level': {(0, 1): {'bw': -123}, (0, 3): {'bw': -106}, (1, 4): {'bw': -144}, (2, 4): {'bw': -87}, (3, 4): {'bw': -165}}, 'path_level': {(0, 1): {}, (0, 3): {}, (1, 4): {}, (2, 4): {}, (3, 4): {}}}","{'node_level': {np.int64(0): {'cpu': 0}, np.int64(1): {'cpu': 0}, np.int64(2): {'cpu': 0}, np.int64(3): {'cpu': 0}, np.int64(4): {'cpu': 0}}, 'link_level': {(0, 1): {'bw': 0}, (0, 3): {'bw': 0}, (1, 4): {'bw': 0}, (2, 4): {'bw': 0}, (3, 4): {'bw': 0}}, 'path_level': {(0, 1): {}, (0, 3): {}, (1, 4): {}, (2, 4): {}, (3, 4): {}}}",[],-inf,-inf,True,True,False,0,[],0,0.0,5.0,5.0
103,83,16,20025.0,40213.0,8664027.197927216,17361481.458443202,0.49797329221893416,0.4990373211333151,35,185,0,2533.4549416434866,9411,1652,7759,0.36363636363636365,0.46024347826086953,95,165.45494164348642,2368.0,7,8,False,{},{},{},{},0.0,0.0,0.0,0.0,0.0,0.0,0.0,0.0,0.0,0.0,0.0,0.0,0.0,0.0,Leave Event,0.0,"{'node_level': {}, 'link_level': {}, 'path_level': {}}","{'node_level': {}, 'link_level': {}, 'path_level': {}}","{'node_level': {}, 'link_level': {}, 'path_level': {}}",[],-inf,-inf,True,True,False,0,[],0,0.0,,
103,83,15,20025.0,40213.0,8664027.197927216,17361481.458443202,0.49797329221893416,0.4990373211333151,35,186,0,2538.6958796214676,9481,1674,7807,0.35516178736517723,0.4569043478260869,85,401.69587962146755,2137.0,2,1,False,{},{},{},{},0.0,0.0,0.0,0.0,0.0,0.0,0.0,0.0,0.0,0.0,0.0,0.0,0.0,0.0,Leave Event,0.0,"{'node_level': {}, 'link_level': {}, 'path_level': {}}","{'node_level': {}, 'link_level': {}, 'path_level': {}}","{'node_level': {}, 'link_level': {}, 'path_level': {}}",[],-inf,-inf,True,True,False,0,[],0,0.0,,
104,83,15,20025.0,40213.0,8664027.197927216,17361481.458443202,0.49797329221893416,0.4990373211333151,35,187,1,2565.0,9481,1674,7807,0.35516178736517723,0.4569043478260869,103,131.78855704244657,2565.0,4,4,False,{},{},{},{},0.0,0.0,64.0,32.0,131.0,0.0,0.0,0.0,0.0,0.0,0.0,0.0,0.0,0.0,Unknown Reason,0.0,"{'node_level': {}, 'link_level': {}, 'path_level': {}}","{'node_level': {}, 'link_level': {}, 'path_level': {}}","{'node_level': {}, 'link_level': {}, 'path_level': {}}",[],-inf,-inf,True,True,False,0,[],0,0.0,0.0,0.0
105,84,16,20209.0,40506.0,8938389.661234075,17798373.859252494,0.49891374117414705,0.5022026018735104,35,188,1,2593.0,9188,1614,7574,0.3782742681047766,0.4731130434782609,104,1491.1003440590173,2593.0,5,4,True,"{np.int64(0): np.int64(19), np.int64(1): np.int64(5), np.int64(2): np.int64(21), np.int64(3): np.int64(15), np.int64(4): np.int64(3)}","{(0, 2): [(np.int64(19), 15), (15, 13), (13, 2), (2, 21)], (0, 3): [(np.int64(19), 15)], (1, 3): [(np.int64(5), 3), (3, 13), (13, 15)], (2, 4): [(np.int64(21), 3)]}","{(np.int64(0), np.int64(19)): {'cpu': 13}, (np.int64(1), np.int64(5)): {'cpu': 18}, (np.int64(2), np.int64(21)): {'cpu': 12}, (np.int64(3), np.int64(15)): {'cpu': 9}, (np.int64(4), np.int64(3)): {'cpu': 8}}","{((0, 2), (np.int64(19), 15)): {'bw': 25}, ((0, 2), (15, 13)): {'bw': 25}, ((0, 2), (13, 2)): {'bw': 25}, ((0, 2), (2, 21)): {'bw': 25}, ((0, 3), (np.int64(19), 15)): {'bw': 33}, ((1, 3), (np.int64(5), 3)): {'bw': 17}, ((1, 3), (3, 13)): {'bw': 17}, ((1, 3), (13, 15)): {'bw': 17}, ((2, 4), (np.int64(21), 3)): {'bw': 49}}",293.0,184.0,480.0,60.0,124.0,60.0,124.0,60.0,233.0,109.0,0.6279863481228669,436892.40080929204,274362.4633068592,936.3906597503726,Success,0.0,"{'node_level': {}, 'link_level': {}, 'path_level': {}}","{'node_level': {np.int64(0): {'cpu': -43}, np.int64(1): {'cpu': 0}, np.int64(2): {'cpu': -10}, np.int64(3): {'cpu': -44}, np.int64(4): {'cpu': -4}}, 'link_level': {(0, 2): {'bw': -76}, (0, 3): {'bw': -45}, (1, 3): {'bw': -70}, (2, 4): {'bw': -161}}, 'path_level': {(0, 2): {}, (0, 3): {}, (1, 3): {}, (2, 4): {}}}","{'node_level': {np.int64(0): {'cpu': 0}, np.int64(1): {'cpu': 0}, np.int64(2): {'cpu': 0}, np.int64(3): {'cpu': 0}, np.int64(4): {'cpu': 0}}, 'link_level': {(0, 2): {'bw': 0}, (0, 3): {'bw': 0}, (1, 3): {'bw': 0}, (2, 4): {'bw': 0}}, 'path_level': {(0, 2): {}, (0, 3): {}, (1, 3): {}, (2, 4): {}}}",[],-inf,-inf,True,True,False,0,[],0,0.0,5.0,4.0
105,84,15,20209.0,40506.0,8938389.661234075,17798373.859252494,0.49891374117414705,0.5022026018735104,35,189,0,2603.1075352854423,9309,1635,7674,0.37018489984591685,0.46615652173913047,86,439.10753528544217,2164.0,3,3,False,{},{},{},{},0.0,0.0,0.0,0.0,0.0,0.0,0.0,0.0,0.0,0.0,0.0,0.0,0.0,0.0,Leave Event,0.0,"{'node_level': {}, 'link_level': {}, 'path_level': {}}","{'node_level': {}, 'link_level': {}, 'path_level': {}}","{'node_level': {}, 'link_level': {}, 'path_level': {}}",[],-inf,-inf,True,True,False,0,[],0,0.0,,
106,84,15,20209.0,40506.0,8938389.661234075,17798373.859252494,0.49891374117414705,0.5022026018735104,35,190,1,2612.0,9309,1635,7674,0.37018489984591685,0.46615652173913047,105,1418.3200944992527,2612.0,6,6,False,{},{},{},{},0.0,0.0,152.0,76.0,127.0,0.0,0.0,0.0,0.0,0.0,0.0,0.0,0.0,0.0,Unknown Reason,0.0,"{'node_level': {}, 'link_level': {}, 'path_level': {}}","{'node_level': {}, 'link_level': {}, 'path_level': {}}","{'node_level': {}, 'link_level': {}, 'path_level': {}}",[],-inf,-inf,True,True,False,0,[],0,0.0,0.0,0.0
107,85,16,20244.0,40546.0,8966485.189822277,17830483.034781866,0.4992847629852513,0.5028739362995037,35,191,1,2633.0,9269,1617,7652,0.3771186440677966,0.4676869565217391,106,802.7293882343262,2633.0,3,2,True,"{np.int64(0): np.int64(32), np.int64(1): np.int64(30), np.int64(2): np.int64(28)}","{(0, 2): [(np.int64(32), 30), (30, 28)], (1, 2): [(np.int64(30), 28)]}","{(np.int64(0), np.int64(32)): {'cpu': 13}, (np.int64(1), np.int64(30)): {'cpu': 1}, (np.int64(2), np.int64(28)): {'cpu': 4}}","{((0, 2), (np.int64(32), 30)): {'bw': 5}, ((0, 2), (30, 28)): {'bw': 5}, ((1, 2), (np.int64(30), 28)): {'bw': 12}}",40.0,35.0,162.0,18.0,17.0,18.0,17.0,18.0,22.0,5.0,0.875,32109.175529373046,28095.528588201414,702.3882147050354,Success,0.0,"{'node_level': {}, 'link_level': {}, 'path_level': {}}","{'node_level': {np.int64(0): {'cpu': -81}, np.int64(1): {'cpu': -44}, np.int64(2): {'cpu': -42}}, 'link_level': {(0, 2): {'bw': -25}, (1, 2): {'bw': -13}}, 'path_level': {(0, 2): {}, (1, 2): {}}}","{'node_level': {np.int64(0): {'cpu': 0}, np.int64(1): {'cpu': 0}, np.int64(2): {'cpu': 0}}, 'link_level': {(0, 2): {'bw': 0}, (1, 2): {'bw': 0}}, 'path_level': {(0, 2): {}, (1, 2): {}}}",[],-inf,-inf,True,True,False,0,[],0,0.0,3.0,2.0
108,85,16,20244.0,40546.0,8966485.189822277,17830483.034781866,0.4992847629852513,0.5028739362995037,35,192,1,2658.0,9269,1617,7652,0.3771186440677966,0.4676869565217391,107,497.7318234706012,2658.0,4,3,False,{},{},{},{},0.0,0.0,52.0,26.0,96.0,0.0,0.0,0.0,0.0,0.0,0.0,0.0,0.0,0.0,Unknown Reason,0.0,"{'node_level': {}, 'link_level': {}, 'path_level': {}}","{'node_level': {}, 'link_level': {}, 'path_level': {}}","{'node_level': {}, 'link_level': {}, 'path_level': {}}",[],-inf,-inf,True,True,False,0,[],0,0.0,0.0,0.0
109,86,17,20297.0,40599.0,9021439.86790438,17885437.71286397,0.4999384221286239,0.5044014025676193,35,193,1,2695.0,9216,1580,7636,0.3913713405238829,0.4688,108,1036.8807185302517,2695.0,3,2,True,"{np.int64(0): np.int64(15), np.int64(1): np.int64(13), np.int64(2): np.int64(12)}","{(0, 1): [(np.int64(15), 13)], (0, 2): [(np.int64(15), 12)]}","{(np.int64(0), np.int64(15)): {'cpu': 17}, (np.int64(1), np.int64(13)): {'cpu': 19}, (np.int64(2), np.int64(12)): {'cpu': 1}}","{((0, 1), (np.int64(15), 13)): {'bw': 10}, ((0, 2), (np.int64(15), 12)): {'bw': 6}}",53.0,53.0,148.0,37.0,16.0,37.0,16.0,37.0,16.0,0.0,1.0,54954.67808210334,54954.67808210334,1036.8807185302517,Success,0.0,"{'node_level': {}, 'link_level': {}, 'path_level': {}}","{'node_level': {np.int64(0): {'cpu': -27}, np.int64(1): {'cpu': -19}, np.int64(2): {'cpu': -25}}, 'link_level': {(0, 1): {'bw': -170}, (0, 2): {'bw': -36}}, 'path_level': {(0, 1): {}, (0, 2): {}}}","{'node_level': {np.int64(0): {'cpu': 0}, np.int64(1): {'cpu': 0}, np.int64(2): {'cpu': 0}}, 'link_level': {(0, 1): {'bw': 0}, (0, 2): {'bw': 0}}, 'path_level': {(0, 1): {}, (0, 2): {}}}",[],-inf,-inf,True,True,False,0,[],0,0.0,3.0,2.0
109,86,17,20297.0,40599.0,9021439.86790438,17885437.71286397,0.4999384221286239,0.5044014025676193,35,194,0,2696.7885570424464,9216,1580,7636,0.3913713405238829,0.4688,103,131.78855704244657,2565.0,4,4,False,{},{},{},{},0.0,0.0,0.0,0.0,0.0,0.0,0.0,0.0,0.0,0.0,0.0,0.0,0.0,0.0,Leave Event,0.0,"{'node_level': {}, 'link_level': {}, 'path_level': {}}","{'node_level': {}, 'link_level': {}, 'path_level': {}}","{'node_level': {}, 'link_level': {}, 'path_level': {}}",[],-inf,-inf,True,True,False,0,[],0,0.0,,
109,86,16,20297.0,40599.0,9021439.86790438,17885437.71286397,0.4999384221286239,0.5044014025676193,35,195,0,2700.0196176603263,9421,1656,7765,0.362095531587057,0.4598260869565217,69,997.0196176603264,1703.0,6,6,False,{},{},{},{},0.0,0.0,0.0,0.0,0.0,0.0,0.0,0.0,0.0,0.0,0.0,0.0,0.0,0.0,Leave Event,0.0,"{'node_level': {}, 'link_level': {}, 'path_level': {}}","{'node_level': {}, 'link_level': {}, 'path_level': {}}","{'node_level': {}, 'link_level': {}, 'path_level': {}}",[],-inf,-inf,True,True,False,0,[],0,0.0,,
109,86,15,20297.0,40599.0,9021439.86790438,17885437.71286397,0.4999384221286239,0.5044014025676193,35,196,0,2711.364930195333,9820,1700,8120,0.34514637904468415,0.4351304347826087,101,206.364930195333,2505.0,5,5,False,{},{},{},{},0.0,0.0,0.0,0.0,0.0,0.0,0.0,0.0,0.0,0.0,0.0,0.0,0.0,0.0,Leave Event,0.0,"{'node_level': {}, 'link_level': {}, 'path_level': {}}","{'node_level': {}, 'link_level': {}, 'path_level': {}}","{'node_level': {}, 'link_level': {}, 'path_level': {}}",[],-inf,-inf,True,True,False,0,[],0,0.0,,
110,87,16,20553.0,41077.0,9065824.290874729,17968311.75262892,0.5003529955936412,0.5045451356635283,35,197,1,2713.0,9342,1631,7711,0.3717257318952234,0.46358260869565215,109,173.3766522279259,2713.0,6,6,True,"{np.int64(0): np.int64(20), np.int64(1): np.int64(15), np.int64(2): np.int64(19), np.int64(3): np.int64(22), np.int64(4): np.int64(1), np.int64(5): np.int64(4)}","{(0, 1): [(np.int64(20), 0), (0, 12), (12, 15)], (0, 3): [(np.int64(20), 22)], (1, 2): [(np.int64(15), 19)], (2, 3): [(np.int64(19), 15), (15, 13), (13, 2), (2, 21), (21, 22)], (3, 4): [(np.int64(22), 20), (20, 1)], (4, 5): [(np.int64(1), 4)]}","{(np.int64(0), np.int64(20)): {'cpu': 16}, (np.int64(1), np.int64(15)): {'cpu': 7}, (np.int64(2), np.int64(19)): {'cpu': 6}, (np.int64(3), np.int64(22)): {'cpu': 11}, (np.int64(4), np.int64(1)): {'cpu': 20}, (np.int64(5), np.int64(4)): {'cpu': 9}}","{((0, 1), (np.int64(20), 0)): {'bw': 18}, ((0, 1), (0, 12)): {'bw': 18}, ((0, 1), (12, 15)): {'bw': 18}, ((0, 3), (np.int64(20), 22)): {'bw': 42}, ((1, 2), (np.int64(15), 19)): {'bw': 6}, ((2, 3), (np.int64(19), 15)): {'bw': 38}, ((2, 3), (15, 13)): {'bw': 38}, ((2, 3), (13, 2)): {'bw': 38}, ((2, 3), (2, 21)): {'bw': 38}, ((2, 3), (21, 22)): {'bw': 38}, ((3, 4), (np.int64(22), 20)): {'bw': 34}, ((3, 4), (20, 1)): {'bw': 34}, ((4, 5), (np.int64(1), 4)): {'bw': 49}}",478.0,256.0,621.0,69.0,187.0,69.0,187.0,69.0,409.0,222.0,0.5355648535564853,82874.03976494857,44384.42297034903,92.85444136056282,Success,0.0,"{'node_level': {}, 'link_level': {}, 'path_level': {}}","{'node_level': {np.int64(0): {'cpu': -50}, np.int64(1): {'cpu': -20}, np.int64(2): {'cpu': -37}, np.int64(3): {'cpu': -56}, np.int64(4): {'cpu': -68}, np.int64(5): {'cpu': -44}}, 'link_level': {(0, 1): {'bw': -18}, (0, 3): {'bw': -172}, (1, 2): {'bw': -39}, (2, 3): {'bw': -1}, (3, 4): {'bw': -138}, (4, 5): {'bw': -86}}, 'path_level': {(0, 1): {}, (0, 3): {}, (1, 2): {}, (2, 3): {}, (3, 4): {}, (4, 5): {}}}","{'node_level': {np.int64(0): {'cpu': 0}, np.int64(1): {'cpu': 0}, np.int64(2): {'cpu': 0}, np.int64(3): {'cpu': 0}, np.int64(4): {'cpu': 0}, np.int64(5): {'cpu': 0}}, 'link_level': {(0, 1): {'bw': 0}, (0, 3): {'bw': 0}, (1, 2): {'bw': 0}, (2, 3): {'bw': 0}, (3, 4): {'bw': 0}, (4, 5): {'bw': 0}}, 'path_level': {(0, 1): {}, (0, 3): {}, (1, 2): {}, (2, 3): {}, (3, 4): {}, (4, 5): {}}}",[],-inf,-inf,True,True,False,0,[],0,0.0,6.0,6.0
111,87,16,20553.0,41077.0,9065824.290874729,17968311.75262892,0.5003529955936412,0.5045451356635283,35,198,1,2736.0,9342,1631,7711,0.3717257318952234,0.46358260869565215,110,945.0508530702544,2736.0,8,17,False,{},{},{},{},0.0,0.0,132.0,66.0,438.0,0.0,0.0,0.0,0.0,0.0,0.0,0.0,0.0,0.0,Unknown Reason,0.0,"{'node_level': {}, 'link_level': {}, 'path_level': {}}","{'node_level': {}, 'link_level': {}, 'path_level': {}}","{'node_level': {}, 'link_level': {}, 'path_level': {}}",[],-inf,-inf,True,True,False,0,[],0,0.0,0.0,0.0
111,87,15,20553.0,41077.0,9065824.290874729,17968311.75262892,0.5003529955936412,0.5045451356635283,35,199,0,2740.481538552607,9604,1700,7904,0.34514637904468415,0.45015652173913046,82,690.4815385526072,2050.0,5,5,False,{},{},{},{},0.0,0.0,0.0,0.0,0.0,0.0,0.0,0.0,0.0,0.0,0.0,0.0,0.0,0.0,Leave Event,0.0,"{'node_level': {}, 'link_level': {}, 'path_level': {}}","{'node_level': {}, 'link_level': {}, 'path_level': {}}","{'node_level': {}, 'link_level': {}, 'path_level': {}}",[],-inf,-inf,True,True,False,0,[],0,0.0,,
111,87,14,20553.0,41077.0,9065824.290874729,17968311.75262892,0.5003529955936412,0.5045451356635283,35,200,0,2751.777391142516,10238,1760,8478,0.3220338983050848,0.41022608695652174,81,724.7773911425162,2027.0,7,11,False,{},{},{},{},0.0,0.0,0.0,0.0,0.0,0.0,0.0,0.0,0.0,0.0,0.0,0.0,0.0,0.0,Leave Event,0.0,"{'node_level': {}, 'link_level': {}, 'path_level': {}}","{'node_level': {}, 'link_level': {}, 'path_level': {}}","{'node_level': {}, 'link_level': {}, 'path_level': {}}",[],-inf,-inf,True,True,False,0,[],0,0.0,,
112,87,14,20553.0,41077.0,9065824.290874729,17968311.75262892,0.5003529955936412,0.5045451356635283,35,201,1,2755.0,10238,1760,8478,0.3220338983050848,0.41022608695652174,111,481.0059632177831,2755.0,10,26,False,{},{},{},{},0.0,0.0,218.0,109.0,638.0,0.0,0.0,0.0,0.0,0.0,0.0,0.0,0.0,0.0,Unknown Reason,0.0,"{'node_level': {}, 'link_level': {}, 'path_level': {}}","{'node_level': {}, 'link_level': {}, 'path_level': {}}","{'node_level': {}, 'link_level': {}, 'path_level': {}}",[],-inf,-inf,True,True,False,0,[],0,0.0,0.0,0.0
112,87,13,20553.0,41077.0,9065824.290874729,17968311.75262892,0.5003529955936412,0.5045451356635283,35,202,0,2769.4038771690084,11630,1879,9751,0.2761941448382126,0.3216695652173913,98,332.40387716900864,2437.0,9,20,False,{},{},{},{},0.0,0.0,0.0,0.0,0.0,0.0,0.0,0.0,0.0,0.0,0.0,0.0,0.0,0.0,Leave Event,0.0,"{'node_level': {}, 'link_level': {}, 'path_level': {}}","{'node_level': {}, 'link_level': {}, 'path_level': {}}","{'node_level': {}, 'link_level': {}, 'path_level': {}}",[],-inf,-inf,True,True,False,0,[],0,0.0,,
113,88,14,20695.0,41322.0,9066770.38332751,17969944.09524111,0.5008228062533275,0.5045519527091137,35,203,1,2782.0,11385,1828,9557,0.2958397534668721,0.33516521739130434,112,6.662622906906007,2782.0,4,4,True,"{np.int64(0): np.int64(30), np.int64(1): np.int64(33), np.int64(2): np.int64(28), np.int64(3): np.int64(13)}","{(0, 1): [(np.int64(30), 33)], (0, 3): [(np.int64(30), 29), (29, 2), (2, 13)], (1, 2): [(np.int64(33), 30), (30, 28)], (1, 3): [(np.int64(33), 30), (30, 29), (29, 2), (2, 13)]}","{(np.int64(0), np.int64(30)): {'cpu': 20}, (np.int64(1), np.int64(33)): {'cpu': 15}, (np.int64(2), np.int64(28)): {'cpu': 15}, (np.int64(3), np.int64(13)): {'cpu': 1}}","{((0, 1), (np.int64(30), 33)): {'bw': 24}, ((0, 3), (np.int64(30), 29)): {'bw': 18}, ((0, 3), (29, 2)): {'bw': 18}, ((0, 3), (2, 13)): {'bw': 18}, ((1, 2), (np.int64(33), 30)): {'bw': 40}, ((1, 2), (30, 28)): {'bw': 40}, ((1, 3), (np.int64(33), 30)): {'bw': 9}, ((1, 3), (30, 29)): {'bw': 9}, ((1, 3), (29, 2)): {'bw': 9}, ((1, 3), (2, 13)): {'bw': 9}}",245.0,142.0,408.0,51.0,91.0,51.0,91.0,51.0,194.0,103.0,0.5795918367346938,1632.3426121919717,946.092452780653,3.8616018480842977,Success,0.0,"{'node_level': {}, 'link_level': {}, 'path_level': {}}","{'node_level': {np.int64(0): {'cpu': -34}, np.int64(1): {'cpu': -20}, np.int64(2): {'cpu': -40}, np.int64(3): {'cpu': -36}}, 'link_level': {(0, 1): {'bw': -241}, (0, 3): {'bw': -79}, (1, 2): {'bw': -53}, (1, 3): {'bw': -70}}, 'path_level': {(0, 1): {}, (0, 3): {}, (1, 2): {}, (1, 3): {}}}","{'node_level': {np.int64(0): {'cpu': 0}, np.int64(1): {'cpu': 0}, np.int64(2): {'cpu': 0}, np.int64(3): {'cpu': 0}}, 'link_level': {(0, 1): {'bw': 0}, (0, 3): {'bw': 0}, (1, 2): {'bw': 0}, (1, 3): {'bw': 0}}, 'path_level': {(0, 1): {}, (0, 3): {}, (1, 2): {}, (1, 3): {}}}",[],-inf,-inf,True,True,False,0,[],0,0.0,4.0,4.0
113,88,13,20695.0,41322.0,9066770.38332751,17969944.09524111,0.5008228062533275,0.5045519527091137,35,204,0,2788.662622906906,11630,1879,9751,0.2761941448382126,0.3216695652173913,112,6.662622906906007,2782.0,4,4,False,{},{},{},{},0.0,0.0,0.0,0.0,0.0,0.0,0.0,0.0,0.0,0.0,0.0,0.0,0.0,0.0,Leave Event,0.0,"{'node_level': {}, 'link_level': {}, 'path_level': {}}","{'node_level': {}, 'link_level': {}, 'path_level': {}}","{'node_level': {}, 'link_level': {}, 'path_level': {}}",[],-inf,-inf,True,True,False,0,[],0,0.0,,
114,89,14,20860.0,41600.0,9101959.588603083,18029232.574432682,0.5014423076923077,0.5048445379483653,35,205,1,2799.0,11352,1821,9531,0.29853620955315874,0.33697391304347823,113,213.26791076104638,2799.0,5,6,True,"{np.int64(0): np.int64(7), np.int64(1): np.int64(12), np.int64(2): np.int64(22), np.int64(3): np.int64(28), np.int64(4): np.int64(0)}","{(0, 1): [(np.int64(7), 4), (4, 0), (0, 12)], (0, 2): [(np.int64(7), 4), (4, 0), (0, 20), (20, 22)], (1, 3): [(np.int64(12), 0), (0, 28)], (1, 4): [(np.int64(12), 0)], (2, 3): [(np.int64(22), 20), (20, 0), (0, 28)], (3, 4): [(np.int64(28), 0)]}","{(np.int64(0), np.int64(7)): {'cpu': 8}, (np.int64(1), np.int64(12)): {'cpu': 7}, (np.int64(2), np.int64(22)): {'cpu': 15}, (np.int64(3), np.int64(28)): {'cpu': 9}, (np.int64(4), np.int64(0)): {'cpu': 19}}","{((0, 1), (np.int64(7), 4)): {'bw': 22}, ((0, 1), (4, 0)): {'bw': 22}, ((0, 1), (0, 12)): {'bw': 22}, ((0, 2), (np.int64(7), 4)): {'bw': 3}, ((0, 2), (4, 0)): {'bw': 3}, ((0, 2), (0, 20)): {'bw': 3}, ((0, 2), (20, 22)): {'bw': 3}, ((1, 3), (np.int64(12), 0)): {'bw': 14}, ((1, 3), (0, 28)): {'bw': 14}, ((1, 4), (np.int64(12), 0)): {'bw': 2}, ((2, 3), (np.int64(22), 20)): {'bw': 23}, ((2, 3), (20, 0)): {'bw': 23}, ((2, 3), (0, 28)): {'bw': 23}, ((3, 4), (np.int64(28), 0)): {'bw': 43}}",278.0,165.0,638.0,58.0,107.0,58.0,107.0,58.0,220.0,113.0,0.5935251798561151,59288.47919157089,35189.205275572655,126.57987509198796,Success,0.0,"{'node_level': {}, 'link_level': {}, 'path_level': {}}","{'node_level': {np.int64(0): {'cpu': -46}, np.int64(1): {'cpu': -28}, np.int64(2): {'cpu': -41}, np.int64(3): {'cpu': -46}, np.int64(4): {'cpu': -46}}, 'link_level': {(0, 1): {'bw': -68}, (0, 2): {'bw': -70}, (1, 3): {'bw': -54}, (1, 4): {'bw': -52}, (2, 3): {'bw': -218}, (3, 4): {'bw': -176}}, 'path_level': {(0, 1): {}, (0, 2): {}, (1, 3): {}, (1, 4): {}, (2, 3): {}, (3, 4): {}}}","{'node_level': {np.int64(0): {'cpu': 0}, np.int64(1): {'cpu': 0}, np.int64(2): {'cpu': 0}, np.int64(3): {'cpu': 0}, np.int64(4): {'cpu': 0}}, 'link_level': {(0, 1): {'bw': 0}, (0, 2): {'bw': 0}, (1, 3): {'bw': 0}, (1, 4): {'bw': 0}, (2, 3): {'bw': 0}, (3, 4): {'bw': 0}}, 'path_level': {(0, 1): {}, (0, 2): {}, (1, 3): {}, (1, 4): {}, (2, 3): {}, (3, 4): {}}}",[],-inf,-inf,True,True,False,0,[],0,0.0,5.0,6.0
115,90,15,20929.0,41669.0,9107491.11490034,18034764.10072994,0.502267872999112,0.5049964093809092,35,206,1,2825.0,11283,1798,9485,0.3073959938366718,0.3401739130434782,114,80.1670477863293,2825.0,2,1,True,"{np.int64(0): np.int64(30), np.int64(1): np.int64(33)}","{(0, 1): [(np.int64(30), 33)]}","{(np.int64(0), np.int64(30)): {'cpu': 20}, (np.int64(1), np.int64(33)): {'cpu': 3}}","{((0, 1), (np.int64(30), 33)): {'bw': 46}}",69.0,69.0,69.0,23.0,46.0,23.0,46.0,23.0,46.0,0.0,1.0,5531.5262972567225,5531.5262972567225,80.1670477863293,Success,0.0,"{'node_level': {}, 'link_level': {}, 'path_level': {}}","{'node_level': {np.int64(0): {'cpu': -34}, np.int64(1): {'cpu': -32}}, 'link_level': {(0, 1): {'bw': -219}}, 'path_level': {(0, 1): {}}}","{'node_level': {np.int64(0): {'cpu': 0}, np.int64(1): {'cpu': 0}}, 'link_level': {(0, 1): {'bw': 0}}, 'path_level': {(0, 1): {}}}",[],-inf,-inf,True,True,False,0,[],0,0.0,2.0,1.0
115,90,14,20929.0,41669.0,9107491.11490034,18034764.10072994,0.502267872999112,0.5049964093809092,35,207,0,2834.44026792209,11345,1825,9520,0.2969953775038521,0.33773913043478265,96,441.4402679220898,2393.0,2,1,False,{},{},{},{},0.0,0.0,0.0,0.0,0.0,0.0,0.0,0.0,0.0,0.0,0.0,0.0,0.0,0.0,Leave Event,0.0,"{'node_level': {}, 'link_level': {}, 'path_level': {}}","{'node_level': {}, 'link_level': {}, 'path_level': {}}","{'node_level': {}, 'link_level': {}, 'path_level': {}}",[],-inf,-inf,True,True,False,0,[],0,0.0,,
116,91,15,20973.0,41713.0,9195666.01083724,18122938.996666837,0.5027928943015367,0.5074047875197562,35,208,1,2840.0,11301,1823,9478,0.2977657935285054,0.34066086956521735,115,2003.9749076568264,2840.0,2,1,True,"{np.int64(0): np.int64(28), np.int64(1): np.int64(30)}","{(0, 1): [(np.int64(28), 30)]}","{(np.int64(0), np.int64(28)): {'cpu': 0}, (np.int64(1), np.int64(30)): {'cpu': 2}}","{((0, 1), (np.int64(28), 30)): {'bw': 42}}",44.0,44.0,14.0,2.0,42.0,2.0,42.0,2.0,42.0,0.0,1.0,88174.89593690036,88174.89593690036,2003.9749076568264,Success,0.0,"{'node_level': {}, 'link_level': {}, 'path_level': {}}","{'node_level': {np.int64(0): {'cpu': -46}, np.int64(1): {'cpu': -32}}, 'link_level': {(0, 1): {'bw': -51}}, 'path_level': {(0, 1): {}}}","{'node_level': {np.int64(0): {'cpu': 0}, np.int64(1): {'cpu': 0}}, 'link_level': {(0, 1): {'bw': 0}}, 'path_level': {(0, 1): {}}}",[],-inf,-inf,True,True,False,0,[],0,0.0,2.0,1.0
117,92,16,21357.0,42671.0,9320619.100751381,18434670.924108885,0.5005038550772187,0.5056026841554229,35,209,1,2858.0,10343,1772,8571,0.3174114021571649,0.40375652173913046,116,325.3986716514084,2858.0,8,10,True,"{np.int64(0): np.int64(9), np.int64(1): np.int64(3), np.int64(2): np.int64(8), np.int64(3): np.int64(7), np.int64(4): np.int64(17), np.int64(5): np.int64(11), np.int64(6): np.int64(1), np.int64(7): np.int64(4)}","{(0, 7): [(np.int64(9), 6), (6, 4)], (1, 2): [(np.int64(3), 5), (5, 6), (6, 8)], (1, 3): [(np.int64(3), 5), (5, 7)], (1, 4): [(np.int64(3), 13), (13, 14), (14, 17)], (2, 5): [(np.int64(8), 6), (6, 4), (4, 7), (7, 11)], (2, 6): [(np.int64(8), 6), (6, 4), (4, 1)], (3, 4): [(np.int64(7), 4), (4, 0), (0, 12), (12, 14), (14, 17)], (3, 5): [(np.int64(7), 11)], (4, 7): [(np.int64(17), 14), (14, 12), (12, 0), (0, 4)], (5, 7): [(np.int64(11), 7), (7, 4)]}","{(np.int64(0), np.int64(9)): {'cpu': 5}, (np.int64(1), np.int64(3)): {'cpu': 4}, (np.int64(2), np.int64(8)): {'cpu': 18}, (np.int64(3), np.int64(7)): {'cpu': 10}, (np.int64(4), np.int64(17)): {'cpu': 3}, (np.int64(5), np.int64(11)): {'cpu': 7}, (np.int64(6), np.int64(1)): {'cpu': 3}, (np.int64(7), np.int64(4)): {'cpu': 1}}","{((0, 7), (np.int64(9), 6)): {'bw': 29}, ((0, 7), (6, 4)): {'bw': 29}, ((1, 2), (np.int64(3), 5)): {'bw': 20}, ((1, 2), (5, 6)): {'bw': 20}, ((1, 2), (6, 8)): {'bw': 20}, ((1, 3), (np.int64(3), 5)): {'bw': 37}, ((1, 3), (5, 7)): {'bw': 37}, ((1, 4), (np.int64(3), 13)): {'bw': 35}, ((1, 4), (13, 14)): {'bw': 35}, ((1, 4), (14, 17)): {'bw': 35}, ((2, 5), (np.int64(8), 6)): {'bw': 46}, ((2, 5), (6, 4)): {'bw': 46}, ((2, 5), (4, 7)): {'bw': 46}, ((2, 5), (7, 11)): {'bw': 46}, ((2, 6), (np.int64(8), 6)): {'bw': 34}, ((2, 6), (6, 4)): {'bw': 34}, ((2, 6), (4, 1)): {'bw': 34}, ((3, 4), (np.int64(7), 4)): {'bw': 27}, ((3, 4), (4, 0)): {'bw': 27}, ((3, 4), (0, 12)): {'bw': 27}, ((3, 4), (12, 14)): {'bw': 27}, ((3, 4), (14, 17)): {'bw': 27}, ((3, 5), (np.int64(7), 11)): {'bw': 49}, ((4, 7), (np.int64(17), 14)): {'bw': 14}, ((4, 7), (14, 12)): {'bw': 14}, ((4, 7), (12, 0)): {'bw': 14}, ((4, 7), (0, 4)): {'bw': 14}, ((5, 7), (np.int64(11), 7)): {'bw': 42}, ((5, 7), (7, 4)): {'bw': 42}}",958.0,384.0,561.0,51.0,333.0,51.0,333.0,51.0,907.0,574.0,0.40083507306889354,311731.92744204926,124953.08991414082,130.4312003279132,Success,0.0,"{'node_level': {}, 'link_level': {}, 'path_level': {}}","{'node_level': {np.int64(0): {'cpu': -95}, np.int64(1): {'cpu': -3}, np.int64(2): {'cpu': -28}, np.int64(3): {'cpu': -36}, np.int64(4): {'cpu': -85}, np.int64(5): {'cpu': -34}, np.int64(6): {'cpu': -70}, np.int64(7): {'cpu': -43}}, 'link_level': {(0, 7): {'bw': -306}, (1, 2): {'bw': -103}, (1, 3): {'bw': -66}, (1, 4): {'bw': -188}, (2, 5): {'bw': -94}, (2, 6): {'bw': -74}, (3, 4): {'bw': -25}, (3, 5): {'bw': -186}, (4, 7): {'bw': -11}, (5, 7): {'bw': -25}}, 'path_level': {(0, 7): {}, (1, 2): {}, (1, 3): {}, (1, 4): {}, (2, 5): {}, (2, 6): {}, (3, 4): {}, (3, 5): {}, (4, 7): {}, (5, 7): {}}}","{'node_level': {np.int64(0): {'cpu': 0}, np.int64(1): {'cpu': 0}, np.int64(2): {'cpu': 0}, np.int64(3): {'cpu': 0}, np.int64(4): {'cpu': 0}, np.int64(5): {'cpu': 0}, np.int64(6): {'cpu': 0}, np.int64(7): {'cpu': 0}}, 'link_level': {(0, 7): {'bw': 0}, (1, 2): {'bw': 0}, (1, 3): {'bw': 0}, (1, 4): {'bw': 0}, (2, 5): {'bw': 0}, (2, 6): {'bw': 0}, (3, 4): {'bw': 0}, (3, 5): {'bw': 0}, (4, 7): {'bw': 0}, (5, 7): {'bw': 0}}, 'path_level': {(0, 7): {}, (1, 2): {}, (1, 3): {}, (1, 4): {}, (2, 5): {}, (2, 6): {}, (3, 4): {}, (3, 5): {}, (4, 7): {}, (5, 7): {}}}",[],-inf,-inf,True,True,False,0,[],0,0.0,8.0,10.0
117,92,16,21357.0,42671.0,9320619.100751381,18434670.924108885,0.5005038550772187,0.5056026841554229,35,210,0,2864.59232147085,10343,1772,8571,0.3174114021571649,0.40375652173913046,54,1526.5923214708498,1338.0,10,23,False,{},{},{},{},0.0,0.0,0.0,0.0,0.0,0.0,0.0,0.0,0.0,0.0,0.0,0.0,0.0,0.0,Leave Event,0.0,"{'node_level': {}, 'link_level': {}, 'path_level': {}}","{'node_level': {}, 'link_level': {}, 'path_level': {}}","{'node_level': {}, 'link_level': {}, 'path_level': {}}",[],-inf,-inf,True,True,False,0,[],0,0.0,,
117,92,15,21357.0,42671.0,9320619.100751381,18434670.924108885,0.5005038550772187,0.5056026841554229,35,211,0,2871.24009965277,12242,1852,10390,0.28659476117103233,0.27721739130434786,57,1472.24009965277,1399.0,9,21,False,{},{},{},{},0.0,0.0,0.0,0.0,0.0,0.0,0.0,0.0,0.0,0.0,0.0,0.0,0.0,0.0,Leave Event,0.0,"{'node_level': {}, 'link_level': {}, 'path_level': {}}","{'node_level': {}, 'link_level': {}, 'path_level': {}}","{'node_level': {}, 'link_level': {}, 'path_level': {}}",[],-inf,-inf,True,True,False,0,[],0,0.0,,
117,92,14,21357.0,42671.0,9320619.100751381,18434670.924108885,0.5005038550772187,0.5056026841554229,35,212,0,2885.20488368711,12299,1870,10429,0.2796610169491526,0.2745043478260869,93,554.2048836871099,2331.0,2,1,False,{},{},{},{},0.0,0.0,0.0,0.0,0.0,0.0,0.0,0.0,0.0,0.0,0.0,0.0,0.0,0.0,Leave Event,0.0,"{'node_level': {}, 'link_level': {}, 'path_level': {}}","{'node_level': {}, 'link_level': {}, 'path_level': {}}","{'node_level': {}, 'link_level': {}, 'path_level': {}}",[],-inf,-inf,True,True,False,0,[],0,0.0,,
117,92,13,21357.0,42671.0,9320619.100751381,18434670.924108885,0.5005038550772187,0.5056026841554229,35,213,0,2886.3766522279257,12777,1939,10838,0.2530816640986132,0.24605217391304346,109,173.3766522279259,2713.0,6,6,False,{},{},{},{},0.0,0.0,0.0,0.0,0.0,0.0,0.0,0.0,0.0,0.0,0.0,0.0,0.0,0.0,Leave Event,0.0,"{'node_level': {}, 'link_level': {}, 'path_level': {}}","{'node_level': {}, 'link_level': {}, 'path_level': {}}","{'node_level': {}, 'link_level': {}, 'path_level': {}}",[],-inf,-inf,True,True,False,0,[],0,0.0,,
118,93,14,21384.0,42698.0,9329906.33765513,18443958.161012635,0.5008197105250831,0.5058516320741256,35,214,1,2889.0,12750,1916,10834,0.2619414483821263,0.24633043478260874,117,343.97173717590755,2889.0,2,1,True,"{np.int64(0): np.int64(28), np.int64(1): np.int64(1)}","{(0, 1): [(np.int64(28), 1)]}","{(np.int64(0), np.int64(28)): {'cpu': 19}, (np.int64(1), np.int64(1)): {'cpu': 4}}","{((0, 1), (np.int64(28), 1)): {'bw': 4}}",27.0,27.0,69.0,23.0,4.0,23.0,4.0,23.0,4.0,0.0,1.0,9287.236903749505,9287.236903749505,343.97173717590755,Success,0.0,"{'node_level': {}, 'link_level': {}, 'path_level': {}}","{'node_level': {np.int64(0): {'cpu': -38}, np.int64(1): {'cpu': -90}}, 'link_level': {(0, 1): {'bw': -343}}, 'path_level': {(0, 1): {}}}","{'node_level': {np.int64(0): {'cpu': 0}, np.int64(1): {'cpu': 0}}, 'link_level': {(0, 1): {'bw': 0}}, 'path_level': {(0, 1): {}}}",[],-inf,-inf,True,True,False,0,[],0,0.0,2.0,1.0
118,93,13,21384.0,42698.0,9329906.33765513,18443958.161012635,0.5008197105250831,0.5058516320741256,35,215,0,2905.1670477863295,12819,1939,10880,0.2530816640986132,0.24313043478260865,114,80.1670477863293,2825.0,2,1,False,{},{},{},{},0.0,0.0,0.0,0.0,0.0,0.0,0.0,0.0,0.0,0.0,0.0,0.0,0.0,0.0,Leave Event,0.0,"{'node_level': {}, 'link_level': {}, 'path_level': {}}","{'node_level': {}, 'link_level': {}, 'path_level': {}}","{'node_level': {}, 'link_level': {}, 'path_level': {}}",[],-inf,-inf,True,True,False,0,[],0,0.0,,
119,94,14,21656.0,43303.0,9468651.7815839,18752564.755045373,0.5001039188970741,0.5049256944459484,35,216,1,2910.0,12214,1876,10338,0.2773497688751926,0.28083478260869565,118,510.09354385576535,2910.0,8,13,True,"{np.int64(0): np.int64(5), np.int64(1): np.int64(17), np.int64(2): np.int64(2), np.int64(3): np.int64(23), np.int64(4): np.int64(22), np.int64(5): np.int64(29), np.int64(6): np.int64(4), np.int64(7): np.int64(14)}","{(0, 1): [(np.int64(5), 2), (2, 13), (13, 14), (14, 17)], (0, 2): [(np.int64(5), 2)], (0, 3): [(np.int64(5), 2), (2, 21), (21, 23)], (0, 5): [(np.int64(5), 2), (2, 29)], (0, 6): [(np.int64(5), 6), (6, 4)], (1, 2): [(np.int64(17), 14), (14, 13), (13, 2)], (1, 5): [(np.int64(17), 14), (14, 13), (13, 2), (2, 29)], (1, 7): [(np.int64(17), 14)], (2, 5): [(np.int64(2), 29)], (2, 6): [(np.int64(2), 5), (5, 6), (6, 4)], (3, 6): [(np.int64(23), 20), (20, 0), (0, 4)], (4, 5): [(np.int64(22), 21), (21, 2), (2, 29)], (4, 6): [(np.int64(22), 20), (20, 0), (0, 4)]}","{(np.int64(0), np.int64(5)): {'cpu': 6}, (np.int64(1), np.int64(17)): {'cpu': 9}, (np.int64(2), np.int64(2)): {'cpu': 9}, (np.int64(3), np.int64(23)): {'cpu': 3}, (np.int64(4), np.int64(22)): {'cpu': 7}, (np.int64(5), np.int64(29)): {'cpu': 12}, (np.int64(6), np.int64(4)): {'cpu': 4}, (np.int64(7), np.int64(14)): {'cpu': 13}}","{((0, 1), (np.int64(5), 2)): {'bw': 44}, ((0, 1), (2, 13)): {'bw': 44}, ((0, 1), (13, 14)): {'bw': 44}, ((0, 1), (14, 17)): {'bw': 44}, ((0, 2), (np.int64(5), 2)): {'bw': 0}, ((0, 3), (np.int64(5), 2)): {'bw': 10}, ((0, 3), (2, 21)): {'bw': 10}, ((0, 3), (21, 23)): {'bw': 10}, ((0, 5), (np.int64(5), 2)): {'bw': 29}, ((0, 5), (2, 29)): {'bw': 29}, ((0, 6), (np.int64(5), 6)): {'bw': 14}, ((0, 6), (6, 4)): {'bw': 14}, ((1, 2), (np.int64(17), 14)): {'bw': 0}, ((1, 2), (14, 13)): {'bw': 0}, ((1, 2), (13, 2)): {'bw': 0}, ((1, 5), (np.int64(17), 14)): {'bw': 0}, ((1, 5), (14, 13)): {'bw': 0}, ((1, 5), (13, 2)): {'bw': 0}, ((1, 5), (2, 29)): {'bw': 0}, ((1, 7), (np.int64(17), 14)): {'bw': 32}, ((2, 5), (np.int64(2), 29)): {'bw': 11}, ((2, 6), (np.int64(2), 5)): {'bw': 29}, ((2, 6), (5, 6)): {'bw': 29}, ((2, 6), (6, 4)): {'bw': 29}, ((3, 6), (np.int64(23), 20)): {'bw': 5}, ((3, 6), (20, 0)): {'bw': 5}, ((3, 6), (0, 4)): {'bw': 5}, ((4, 5), (np.int64(22), 21)): {'bw': 5}, ((4, 5), (21, 2)): {'bw': 5}, ((4, 5), (2, 29)): {'bw': 5}, ((4, 6), (np.int64(22), 20)): {'bw': 30}, ((4, 6), (20, 0)): {'bw': 30}, ((4, 6), (0, 4)): {'bw': 30}}",605.0,272.0,567.0,63.0,209.0,63.0,209.0,63.0,542.0,333.0,0.44958677685950416,308606.594032738,138745.44392876816,229.33131227895566,Success,0.0,"{'node_level': {}, 'link_level': {}, 'path_level': {}}","{'node_level': {np.int64(0): {'cpu': -22}, np.int64(1): {'cpu': -76}, np.int64(2): {'cpu': -28}, np.int64(3): {'cpu': -66}, np.int64(4): {'cpu': -45}, np.int64(5): {'cpu': -54}, np.int64(6): {'cpu': -48}, np.int64(7): {'cpu': -52}}, 'link_level': {(0, 1): {'bw': -97}, (0, 2): {'bw': -97}, (0, 3): {'bw': -87}, (0, 5): {'bw': -58}, (0, 6): {'bw': -135}, (1, 2): {'bw': -122}, (1, 5): {'bw': -122}, (1, 7): {'bw': -90}, (2, 5): {'bw': -149}, (2, 6): {'bw': -29}, (3, 6): {'bw': -196}, (4, 5): {'bw': -144}, (4, 6): {'bw': -212}}, 'path_level': {(0, 1): {}, (0, 2): {}, (0, 3): {}, (0, 5): {}, (0, 6): {}, (1, 2): {}, (1, 5): {}, (1, 7): {}, (2, 5): {}, (2, 6): {}, (3, 6): {}, (4, 5): {}, (4, 6): {}}}","{'node_level': {np.int64(0): {'cpu': 0}, np.int64(1): {'cpu': 0}, np.int64(2): {'cpu': 0}, np.int64(3): {'cpu': 0}, np.int64(4): {'cpu': 0}, np.int64(5): {'cpu': 0}, np.int64(6): {'cpu': 0}, np.int64(7): {'cpu': 0}}, 'link_level': {(0, 1): {'bw': 0}, (0, 2): {'bw': 0}, (0, 3): {'bw': 0}, (0, 5): {'bw': 0}, (0, 6): {'bw': 0}, (1, 2): {'bw': 0}, (1, 5): {'bw': 0}, (1, 7): {'bw': 0}, (2, 5): {'bw': 0}, (2, 6): {'bw': 0}, (3, 6): {'bw': 0}, (4, 5): {'bw': 0}, (4, 6): {'bw': 0}}, 'path_level': {(0, 1): {}, (0, 2): {}, (0, 3): {}, (0, 5): {}, (0, 6): {}, (1, 2): {}, (1, 5): {}, (1, 7): {}, (2, 5): {}, (2, 6): {}, (3, 6): {}, (4, 5): {}, (4, 6): {}}}",[],-inf,-inf,True,True,False,0,[],0,0.0,8.0,13.0
120,95,15,21784.0,43496.0,9498078.426231548,18796934.617678158,0.500827662313776,0.5052993277584095,35,217,1,2933.0,12021,1804,10217,0.30508474576271183,0.2892521739130435,119,229.89566130976104,2933.0,5,4,True,"{np.int64(0): np.int64(24), np.int64(1): np.int64(25), np.int64(2): np.int64(21), np.int64(3): np.int64(7), np.int64(4): np.int64(0)}","{(0, 1): [(np.int64(24), 22), (22, 25)], (0, 4): [(np.int64(24), 22), (22, 20), (20, 0)], (1, 2): [(np.int64(25), 22), (22, 21)], (3, 4): [(np.int64(7), 4), (4, 0)]}","{(np.int64(0), np.int64(24)): {'cpu': 18}, (np.int64(1), np.int64(25)): {'cpu': 10}, (np.int64(2), np.int64(21)): {'cpu': 16}, (np.int64(3), np.int64(7)): {'cpu': 17}, (np.int64(4), np.int64(0)): {'cpu': 11}}","{((0, 1), (np.int64(24), 22)): {'bw': 9}, ((0, 1), (22, 25)): {'bw': 9}, ((0, 4), (np.int64(24), 22)): {'bw': 9}, ((0, 4), (22, 20)): {'bw': 9}, ((0, 4), (20, 0)): {'bw': 9}, ((1, 2), (np.int64(25), 22)): {'bw': 26}, ((1, 2), (22, 21)): {'bw': 26}, ((3, 4), (np.int64(7), 4)): {'bw': 12}, ((3, 4), (4, 0)): {'bw': 12}}",193.0,128.0,648.0,72.0,56.0,72.0,56.0,72.0,121.0,65.0,0.6632124352331606,44369.86263278388,29426.644647649413,152.46966138678454,Success,0.0,"{'node_level': {}, 'link_level': {}, 'path_level': {}}","{'node_level': {np.int64(0): {'cpu': -57}, np.int64(1): {'cpu': -53}, np.int64(2): {'cpu': -30}, np.int64(3): {'cpu': -19}, np.int64(4): {'cpu': -53}}, 'link_level': {(0, 1): {'bw': -226}, (0, 4): {'bw': -239}, (1, 2): {'bw': -200}, (3, 4): {'bw': -13}}, 'path_level': {(0, 1): {}, (0, 4): {}, (1, 2): {}, (3, 4): {}}}","{'node_level': {np.int64(0): {'cpu': 0}, np.int64(1): {'cpu': 0}, np.int64(2): {'cpu': 0}, np.int64(3): {'cpu': 0}, np.int64(4): {'cpu': 0}}, 'link_level': {(0, 1): {'bw': 0}, (0, 4): {'bw': 0}, (1, 2): {'bw': 0}, (3, 4): {'bw': 0}}, 'path_level': {(0, 1): {}, (0, 4): {}, (1, 2): {}, (3, 4): {}}}",[],-inf,-inf,True,True,False,0,[],0,0.0,5.0,4.0
121,96,16,21998.0,43864.0,9513831.504926836,18824024.02403267,0.5015046507386467,0.5054090184320051,35,218,1,2956.0,11653,1757,9896,0.32318952234206466,0.31158260869565213,120,73.61251726769697,2956.0,5,7,True,"{np.int64(0): np.int64(2), np.int64(1): np.int64(4), np.int64(2): np.int64(28), np.int64(3): np.int64(1), np.int64(4): np.int64(6)}","{(0, 2): [(np.int64(2), 29), (29, 30), (30, 28)], (0, 3): [(np.int64(2), 5), (5, 6), (6, 4), (4, 1)], (1, 3): [(np.int64(4), 1)], (1, 4): [(np.int64(4), 6)], (2, 3): [(np.int64(28), 1)], (2, 4): [(np.int64(28), 0), (0, 4), (4, 6)], (3, 4): [(np.int64(1), 4), (4, 6)]}","{(np.int64(0), np.int64(2)): {'cpu': 0}, (np.int64(1), np.int64(4)): {'cpu': 7}, (np.int64(2), np.int64(28)): {'cpu': 13}, (np.int64(3), np.int64(1)): {'cpu': 16}, (np.int64(4), np.int64(6)): {'cpu': 11}}","{((0, 2), (np.int64(2), 29)): {'bw': 25}, ((0, 2), (29, 30)): {'bw': 25}, ((0, 2), (30, 28)): {'bw': 25}, ((0, 3), (np.int64(2), 5)): {'bw': 20}, ((0, 3), (5, 6)): {'bw': 20}, ((0, 3), (6, 4)): {'bw': 20}, ((0, 3), (4, 1)): {'bw': 20}, ((1, 3), (np.int64(4), 1)): {'bw': 47}, ((1, 4), (np.int64(4), 6)): {'bw': 12}, ((2, 3), (np.int64(28), 1)): {'bw': 24}, ((2, 4), (np.int64(28), 0)): {'bw': 5}, ((2, 4), (0, 4)): {'bw': 5}, ((2, 4), (4, 6)): {'bw': 5}, ((3, 4), (np.int64(1), 4)): {'bw': 34}, ((3, 4), (4, 6)): {'bw': 34}}",368.0,214.0,470.0,47.0,167.0,47.0,167.0,47.0,321.0,154.0,0.5815217391304348,27089.406354512485,15753.078695287151,42.807279063280305,Success,0.0,"{'node_level': {}, 'link_level': {}, 'path_level': {}}","{'node_level': {np.int64(0): {'cpu': -28}, np.int64(1): {'cpu': -41}, np.int64(2): {'cpu': -25}, np.int64(3): {'cpu': -74}, np.int64(4): {'cpu': -37}}, 'link_level': {(0, 2): {'bw': -119}, (0, 3): {'bw': -9}, (1, 3): {'bw': -241}, (1, 4): {'bw': -184}, (2, 3): {'bw': -319}, (2, 4): {'bw': -175}, (3, 4): {'bw': -145}}, 'path_level': {(0, 2): {}, (0, 3): {}, (1, 3): {}, (1, 4): {}, (2, 3): {}, (2, 4): {}, (3, 4): {}}}","{'node_level': {np.int64(0): {'cpu': 0}, np.int64(1): {'cpu': 0}, np.int64(2): {'cpu': 0}, np.int64(3): {'cpu': 0}, np.int64(4): {'cpu': 0}}, 'link_level': {(0, 2): {'bw': 0}, (0, 3): {'bw': 0}, (1, 3): {'bw': 0}, (1, 4): {'bw': 0}, (2, 3): {'bw': 0}, (2, 4): {'bw': 0}, (3, 4): {'bw': 0}}, 'path_level': {(0, 2): {}, (0, 3): {}, (1, 3): {}, (1, 4): {}, (2, 3): {}, (2, 4): {}, (3, 4): {}}}",[],-inf,-inf,True,True,False,0,[],0,0.0,5.0,7.0
122,96,16,21998.0,43864.0,9513831.504926836,18824024.02403267,0.5015046507386467,0.5054090184320051,35,219,1,2983.0,11653,1757,9896,0.32318952234206466,0.31158260869565213,121,863.3166849829781,2983.0,10,24,False,{},{},{},{},0.0,0.0,212.0,106.0,608.0,0.0,0.0,0.0,0.0,0.0,0.0,0.0,0.0,0.0,Unknown Reason,0.0,"{'node_level': {}, 'link_level': {}, 'path_level': {}}","{'node_level': {}, 'link_level': {}, 'path_level': {}}","{'node_level': {}, 'link_level': {}, 'path_level': {}}",[],-inf,-inf,True,True,False,0,[],0,0.0,0.0,0.0
123,96,16,21998.0,43864.0,9513831.504926836,18824024.02403267,0.5015046507386467,0.5054090184320051,35,220,1,3007.0,11653,1757,9896,0.32318952234206466,0.31158260869565213,122,105.2666429289596,3007.0,10,22,False,{},{},{},{},0.0,0.0,140.0,70.0,597.0,0.0,0.0,0.0,0.0,0.0,0.0,0.0,0.0,0.0,Unknown Reason,0.0,"{'node_level': {}, 'link_level': {}, 'path_level': {}}","{'node_level': {}, 'link_level': {}, 'path_level': {}}","{'node_level': {}, 'link_level': {}, 'path_level': {}}",[],-inf,-inf,True,True,False,0,[],0,0.0,0.0,0.0
123,96,15,21998.0,43864.0,9513831.504926836,18824024.02403267,0.5015046507386467,0.5054090184320051,35,221,0,3012.2679107610466,11931,1815,10116,0.3008474576271186,0.2962782608695652,113,213.26791076104638,2799.0,5,6,False,{},{},{},{},0.0,0.0,0.0,0.0,0.0,0.0,0.0,0.0,0.0,0.0,0.0,0.0,0.0,0.0,Leave Event,0.0,"{'node_level': {}, 'link_level': {}, 'path_level': {}}","{'node_level': {}, 'link_level': {}, 'path_level': {}}","{'node_level': {}, 'link_level': {}, 'path_level': {}}",[],-inf,-inf,True,True,False,0,[],0,0.0,,
124,96,15,21998.0,43864.0,9513831.504926836,18824024.02403267,0.5015046507386467,0.5054090184320051,35,222,1,3023.0,11931,1815,10116,0.3008474576271186,0.2962782608695652,123,358.0226592019341,3023.0,10,25,False,{},{},{},{},0.0,0.0,136.0,68.0,667.0,0.0,0.0,0.0,0.0,0.0,0.0,0.0,0.0,0.0,Unknown Reason,0.0,"{'node_level': {}, 'link_level': {}, 'path_level': {}}","{'node_level': {}, 'link_level': {}, 'path_level': {}}","{'node_level': {}, 'link_level': {}, 'path_level': {}}",[],-inf,-inf,True,True,False,0,[],0,0.0,0.0,0.0
124,96,14,21998.0,43864.0,9513831.504926836,18824024.02403267,0.5015046507386467,0.5054090184320051,35,223,0,3029.612517267697,12299,1862,10437,0.2827426810477658,0.27394782608695656,120,73.61251726769697,2956.0,5,7,False,{},{},{},{},0.0,0.0,0.0,0.0,0.0,0.0,0.0,0.0,0.0,0.0,0.0,0.0,0.0,0.0,Leave Event,0.0,"{'node_level': {}, 'link_level': {}, 'path_level': {}}","{'node_level': {}, 'link_level': {}, 'path_level': {}}","{'node_level': {}, 'link_level': {}, 'path_level': {}}",[],-inf,-inf,True,True,False,0,[],0,0.0,,
125,97,15,22170.0,44118.0,9535676.484016916,18856283.469898254,0.502515979872161,0.5057028602290294,35,224,1,3050.0,12045,1834,10211,0.2935285053929122,0.2896695652173913,124,127.00569238417994,3050.0,4,4,True,"{np.int64(0): np.int64(20), np.int64(1): np.int64(1), np.int64(2): np.int64(12), np.int64(3): np.int64(14)}","{(0, 2): [(np.int64(20), 0), (0, 12)], (1, 2): [(np.int64(1), 12)], (1, 3): [(np.int64(1), 12), (12, 14)], (2, 3): [(np.int64(12), 14)]}","{(np.int64(0), np.int64(20)): {'cpu': 3}, (np.int64(1), np.int64(1)): {'cpu': 3}, (np.int64(2), np.int64(12)): {'cpu': 2}, (np.int64(3), np.int64(14)): {'cpu': 20}}","{((0, 2), (np.int64(20), 0)): {'bw': 36}, ((0, 2), (0, 12)): {'bw': 36}, ((1, 2), (np.int64(1), 12)): {'bw': 42}, ((1, 3), (np.int64(1), 12)): {'bw': 46}, ((1, 3), (12, 14)): {'bw': 46}, ((2, 3), (np.int64(12), 14)): {'bw': 20}}",254.0,172.0,168.0,28.0,144.0,28.0,144.0,28.0,226.0,82.0,0.6771653543307087,32259.445865581703,21844.97909007895,86.00385468535019,Success,0.0,"{'node_level': {}, 'link_level': {}, 'path_level': {}}","{'node_level': {np.int64(0): {'cpu': -93}, np.int64(1): {'cpu': -87}, np.int64(2): {'cpu': -33}, np.int64(3): {'cpu': -32}}, 'link_level': {(0, 2): {'bw': -31}, (1, 2): {'bw': -279}, (1, 3): {'bw': -53}, (2, 3): {'bw': -33}}, 'path_level': {(0, 2): {}, (1, 2): {}, (1, 3): {}, (2, 3): {}}}","{'node_level': {np.int64(0): {'cpu': 0}, np.int64(1): {'cpu': 0}, np.int64(2): {'cpu': 0}, np.int64(3): {'cpu': 0}}, 'link_level': {(0, 2): {'bw': 0}, (1, 2): {'bw': 0}, (1, 3): {'bw': 0}, (2, 3): {'bw': 0}}, 'path_level': {(0, 2): {}, (1, 2): {}, (1, 3): {}, (2, 3): {}}}",[],-inf,-inf,True,True,False,0,[],0,0.0,4.0,4.0
126,98,16,22386.0,44511.0,9546797.067103367,18876516.753013883,0.5029318595403384,0.5057499321520268,35,225,1,3075.0,11652,1793,9859,0.30932203389830504,0.31415652173913045,125,51.48418095579485,3075.0,5,6,True,"{np.int64(0): np.int64(12), np.int64(1): np.int64(4), np.int64(2): np.int64(11), np.int64(3): np.int64(0), np.int64(4): np.int64(7)}","{(0, 1): [(np.int64(12), 0), (0, 4)], (1, 2): [(np.int64(4), 7), (7, 11)], (1, 3): [(np.int64(4), 0)], (1, 4): [(np.int64(4), 6), (6, 5), (5, 7)], (2, 4): [(np.int64(11), 7)], (3, 4): [(np.int64(0), 4), (4, 6), (6, 5), (5, 7)]}","{(np.int64(0), np.int64(12)): {'cpu': 9}, (np.int64(1), np.int64(4)): {'cpu': 5}, (np.int64(2), np.int64(11)): {'cpu': 19}, (np.int64(3), np.int64(0)): {'cpu': 5}, (np.int64(4), np.int64(7)): {'cpu': 3}}","{((0, 1), (np.int64(12), 0)): {'bw': 19}, ((0, 1), (0, 4)): {'bw': 19}, ((1, 2), (np.int64(4), 7)): {'bw': 23}, ((1, 2), (7, 11)): {'bw': 23}, ((1, 3), (np.int64(4), 0)): {'bw': 48}, ((1, 4), (np.int64(4), 6)): {'bw': 30}, ((1, 4), (6, 5)): {'bw': 30}, ((1, 4), (5, 7)): {'bw': 30}, ((2, 4), (np.int64(11), 7)): {'bw': 30}, ((3, 4), (np.int64(0), 4)): {'bw': 25}, ((3, 4), (4, 6)): {'bw': 25}, ((3, 4), (6, 5)): {'bw': 25}, ((3, 4), (5, 7)): {'bw': 25}}",393.0,216.0,205.0,41.0,175.0,41.0,175.0,41.0,352.0,177.0,0.549618320610687,20233.283115627375,11120.583086451687,28.29664907494068,Success,0.0,"{'node_level': {}, 'link_level': {}, 'path_level': {}}","{'node_level': {np.int64(0): {'cpu': -24}, np.int64(1): {'cpu': -43}, np.int64(2): {'cpu': -15}, np.int64(3): {'cpu': -67}, np.int64(4): {'cpu': -24}}, 'link_level': {(0, 1): {'bw': -12}, (1, 2): {'bw': -15}, (1, 3): {'bw': -158}, (1, 4): {'bw': -76}, (2, 4): {'bw': -91}, (3, 4): {'bw': -51}}, 'path_level': {(0, 1): {}, (1, 2): {}, (1, 3): {}, (1, 4): {}, (2, 4): {}, (3, 4): {}}}","{'node_level': {np.int64(0): {'cpu': 0}, np.int64(1): {'cpu': 0}, np.int64(2): {'cpu': 0}, np.int64(3): {'cpu': 0}, np.int64(4): {'cpu': 0}}, 'link_level': {(0, 1): {'bw': 0}, (1, 2): {'bw': 0}, (1, 3): {'bw': 0}, (1, 4): {'bw': 0}, (2, 4): {'bw': 0}, (3, 4): {'bw': 0}}, 'path_level': {(0, 1): {}, (1, 2): {}, (1, 3): {}, (1, 4): {}, (2, 4): {}, (3, 4): {}}}",[],-inf,-inf,True,True,False,0,[],0,0.0,5.0,6.0
127,99,17,22563.0,44801.0,9722194.364416933,19163890.855957013,0.5036271511796612,0.5073183957001525,35,226,1,3099.0,11362,1760,9602,0.3220338983050848,0.3320347826086957,126,990.9451825625172,3099.0,4,5,True,"{np.int64(0): np.int64(28), np.int64(1): np.int64(31), np.int64(2): np.int64(35), np.int64(3): np.int64(17)}","{(0, 1): [(np.int64(28), 31)], (0, 2): [(np.int64(28), 31), (31, 35)], (0, 3): [(np.int64(28), 0), (0, 12), (12, 14), (14, 17)], (1, 2): [(np.int64(31), 35)], (2, 3): [(np.int64(35), 31), (31, 28), (28, 1), (1, 12), (12, 14), (14, 17)]}","{(np.int64(0), np.int64(28)): {'cpu': 7}, (np.int64(1), np.int64(31)): {'cpu': 10}, (np.int64(2), np.int64(35)): {'cpu': 12}, (np.int64(3), np.int64(17)): {'cpu': 4}}","{((0, 1), (np.int64(28), 31)): {'bw': 48}, ((0, 2), (np.int64(28), 31)): {'bw': 27}, ((0, 2), (31, 35)): {'bw': 27}, ((0, 3), (np.int64(28), 0)): {'bw': 12}, ((0, 3), (0, 12)): {'bw': 12}, ((0, 3), (12, 14)): {'bw': 12}, ((0, 3), (14, 17)): {'bw': 12}, ((1, 2), (np.int64(31), 35)): {'bw': 47}, ((2, 3), (np.int64(35), 31)): {'bw': 10}, ((2, 3), (31, 28)): {'bw': 10}, ((2, 3), (28, 1)): {'bw': 10}, ((2, 3), (1, 12)): {'bw': 10}, ((2, 3), (12, 14)): {'bw': 10}, ((2, 3), (14, 17)): {'bw': 10}}",290.0,177.0,396.0,33.0,144.0,33.0,144.0,33.0,257.0,113.0,0.6103448275862069,287374.10294312995,175397.29731356553,604.8182665985019,Success,0.0,"{'node_level': {}, 'link_level': {}, 'path_level': {}}","{'node_level': {np.int64(0): {'cpu': -40}, np.int64(1): {'cpu': -22}, np.int64(2): {'cpu': -54}, np.int64(3): {'cpu': -72}}, 'link_level': {(0, 1): {'bw': -193}, (0, 2): {'bw': -166}, (0, 3): {'bw': 0}, (1, 2): {'bw': -152}, (2, 3): {'bw': -11}}, 'path_level': {(0, 1): {}, (0, 2): {}, (0, 3): {}, (1, 2): {}, (2, 3): {}}}","{'node_level': {np.int64(0): {'cpu': 0}, np.int64(1): {'cpu': 0}, np.int64(2): {'cpu': 0}, np.int64(3): {'cpu': 0}}, 'link_level': {(0, 1): {'bw': 0}, (0, 2): {'bw': 0}, (0, 3): {'bw': 0}, (1, 2): {'bw': 0}, (2, 3): {'bw': 0}}, 'path_level': {(0, 1): {}, (0, 2): {}, (0, 3): {}, (1, 2): {}, (2, 3): {}}}",[],-inf,-inf,True,True,False,0,[],0,0.0,4.0,5.0
127,99,17,22563.0,44801.0,9722194.364416933,19163890.855957013,0.5036271511796612,0.5073183957001525,35,227,0,3112.2666429289598,11362,1760,9602,0.3220338983050848,0.3320347826086957,122,105.2666429289596,3007.0,10,22,False,{},{},{},{},0.0,0.0,0.0,0.0,0.0,0.0,0.0,0.0,0.0,0.0,0.0,0.0,0.0,0.0,Leave Event,0.0,"{'node_level': {}, 'link_level': {}, 'path_level': {}}","{'node_level': {}, 'link_level': {}, 'path_level': {}}","{'node_level': {}, 'link_level': {}, 'path_level': {}}",[],-inf,-inf,True,True,False,0,[],0,0.0,,
128,100,18,22598.0,44836.0,9785350.831251154,19227047.322791234,0.5040146311000089,0.5089367424426037,35,228,1,3121.0,11327,1735,9592,0.3316640986132512,0.33273043478260866,127,1804.4704809777297,3121.0,2,1,True,"{np.int64(0): np.int64(22), np.int64(1): np.int64(24)}","{(0, 1): [(np.int64(22), 24)]}","{(np.int64(0), np.int64(22)): {'cpu': 11}, (np.int64(1), np.int64(24)): {'cpu': 14}}","{((0, 1), (np.int64(22), 24)): {'bw': 10}}",35.0,35.0,100.0,25.0,10.0,25.0,10.0,25.0,10.0,0.0,1.0,63156.46683422054,63156.46683422054,1804.4704809777297,Success,0.0,"{'node_level': {}, 'link_level': {}, 'path_level': {}}","{'node_level': {np.int64(0): {'cpu': -49}, np.int64(1): {'cpu': -43}}, 'link_level': {(0, 1): {'bw': -229}}, 'path_level': {(0, 1): {}}}","{'node_level': {np.int64(0): {'cpu': 0}, np.int64(1): {'cpu': 0}}, 'link_level': {(0, 1): {'bw': 0}}, 'path_level': {(0, 1): {}}}",[],-inf,-inf,True,True,False,0,[],0,0.0,2.0,1.0
128,100,17,22598.0,44836.0,9785350.831251154,19227047.322791234,0.5040146311000089,0.5089367424426037,35,229,0,3121.914361301377,12844,1858,10986,0.28428351309707245,0.23575652173913042,94,768.9143613013771,2353.0,9,23,False,{},{},{},{},0.0,0.0,0.0,0.0,0.0,0.0,0.0,0.0,0.0,0.0,0.0,0.0,0.0,0.0,Leave Event,0.0,"{'node_level': {}, 'link_level': {}, 'path_level': {}}","{'node_level': {}, 'link_level': {}, 'path_level': {}}","{'node_level': {}, 'link_level': {}, 'path_level': {}}",[],-inf,-inf,True,True,False,0,[],0,0.0,,
128,100,16,22598.0,44836.0,9785350.831251154,19227047.322791234,0.5040146311000089,0.5089367424426037,35,230,0,3126.4841809557947,13237,1899,11338,0.2684899845916795,0.21126956521739126,125,51.48418095579485,3075.0,5,6,False,{},{},{},{},0.0,0.0,0.0,0.0,0.0,0.0,0.0,0.0,0.0,0.0,0.0,0.0,0.0,0.0,Leave Event,0.0,"{'node_level': {}, 'link_level': {}, 'path_level': {}}","{'node_level': {}, 'link_level': {}, 'path_level': {}}","{'node_level': {}, 'link_level': {}, 'path_level': {}}",[],-inf,-inf,True,True,False,0,[],0,0.0,,
129,101,17,22994.0,45632.0,10426863.516640738,20516552.61968545,0.5039007713884993,0.5082171313048107,35,231,1,3150.0,12441,1828,10613,0.2958397534668721,0.261704347826087,128,1619.9815287615754,3150.0,10,19,True,"{np.int64(0): np.int64(2), np.int64(1): np.int64(34), np.int64(2): np.int64(9), np.int64(3): np.int64(5), np.int64(4): np.int64(7), np.int64(5): np.int64(13), np.int64(6): np.int64(30), np.int64(7): np.int64(3), np.int64(8): np.int64(24), np.int64(9): np.int64(21)}","{(0, 1): [(np.int64(2), 29), (29, 31), (31, 34)], (0, 5): [(np.int64(2), 13)], (0, 6): [(np.int64(2), 29), (29, 30)], (1, 2): [(np.int64(34), 31), (31, 28), (28, 0), (0, 4), (4, 6), (6, 9)], (2, 4): [(np.int64(9), 6), (6, 4), (4, 7)], (2, 5): [(np.int64(9), 6), (6, 5), (5, 2), (2, 13)], (2, 8): [(np.int64(9), 6), (6, 4), (4, 0), (0, 20), (20, 22), (22, 24)], (3, 4): [(np.int64(5), 7)], (3, 8): [(np.int64(5), 2), (2, 21), (21, 22), (22, 24)], (3, 9): [(np.int64(5), 2), (2, 21)], (4, 5): [(np.int64(7), 5), (5, 3), (3, 13)], (4, 6): [(np.int64(7), 4), (4, 0), (0, 28), (28, 30)], (5, 7): [(np.int64(13), 3)], (5, 9): [(np.int64(13), 2), (2, 21)], (6, 7): [(np.int64(30), 29), (29, 3)], (6, 9): [(np.int64(30), 29), (29, 2), (2, 21)], (7, 8): [(np.int64(3), 21), (21, 22), (22, 24)], (7, 9): [(np.int64(3), 21)], (8, 9): [(np.int64(24), 22), (22, 21)]}","{(np.int64(0), np.int64(2)): {'cpu': 19}, (np.int64(1), np.int64(34)): {'cpu': 11}, (np.int64(2), np.int64(9)): {'cpu': 6}, (np.int64(3), np.int64(5)): {'cpu': 7}, (np.int64(4), np.int64(7)): {'cpu': 0}, (np.int64(5), np.int64(13)): {'cpu': 19}, (np.int64(6), np.int64(30)): {'cpu': 2}, (np.int64(7), np.int64(3)): {'cpu': 0}, (np.int64(8), np.int64(24)): {'cpu': 0}, (np.int64(9), np.int64(21)): {'cpu': 7}}","{((0, 1), (np.int64(2), 29)): {'bw': 30}, ((0, 1), (29, 31)): {'bw': 30}, ((0, 1), (31, 34)): {'bw': 30}, ((0, 5), (np.int64(2), 13)): {'bw': 18}, ((0, 6), (np.int64(2), 29)): {'bw': 32}, ((0, 6), (29, 30)): {'bw': 32}, ((1, 2), (np.int64(34), 31)): {'bw': 2}, ((1, 2), (31, 28)): {'bw': 2}, ((1, 2), (28, 0)): {'bw': 2}, ((1, 2), (0, 4)): {'bw': 2}, ((1, 2), (4, 6)): {'bw': 2}, ((1, 2), (6, 9)): {'bw': 2}, ((2, 4), (np.int64(9), 6)): {'bw': 38}, ((2, 4), (6, 4)): {'bw': 38}, ((2, 4), (4, 7)): {'bw': 38}, ((2, 5), (np.int64(9), 6)): {'bw': 12}, ((2, 5), (6, 5)): {'bw': 12}, ((2, 5), (5, 2)): {'bw': 12}, ((2, 5), (2, 13)): {'bw': 12}, ((2, 8), (np.int64(9), 6)): {'bw': 0}, ((2, 8), (6, 4)): {'bw': 0}, ((2, 8), (4, 0)): {'bw': 0}, ((2, 8), (0, 20)): {'bw': 0}, ((2, 8), (20, 22)): {'bw': 0}, ((2, 8), (22, 24)): {'bw': 0}, ((3, 4), (np.int64(5), 7)): {'bw': 8}, ((3, 8), (np.int64(5), 2)): {'bw': 3}, ((3, 8), (2, 21)): {'bw': 3}, ((3, 8), (21, 22)): {'bw': 3}, ((3, 8), (22, 24)): {'bw': 3}, ((3, 9), (np.int64(5), 2)): {'bw': 13}, ((3, 9), (2, 21)): {'bw': 13}, ((4, 5), (np.int64(7), 5)): {'bw': 26}, ((4, 5), (5, 3)): {'bw': 26}, ((4, 5), (3, 13)): {'bw': 26}, ((4, 6), (np.int64(7), 4)): {'bw': 3}, ((4, 6), (4, 0)): {'bw': 3}, ((4, 6), (0, 28)): {'bw': 3}, ((4, 6), (28, 30)): {'bw': 3}, ((5, 7), (np.int64(13), 3)): {'bw': 38}, ((5, 9), (np.int64(13), 2)): {'bw': 6}, ((5, 9), (2, 21)): {'bw': 6}, ((6, 7), (np.int64(30), 29)): {'bw': 6}, ((6, 7), (29, 3)): {'bw': 6}, ((6, 9), (np.int64(30), 29)): {'bw': 20}, ((6, 9), (29, 2)): {'bw': 20}, ((6, 9), (2, 21)): {'bw': 20}, ((7, 8), (np.int64(3), 21)): {'bw': 2}, ((7, 8), (21, 22)): {'bw': 2}, ((7, 8), (22, 24)): {'bw': 2}, ((7, 9), (np.int64(3), 21)): {'bw': 21}, ((8, 9), (np.int64(24), 22)): {'bw': 47}, ((8, 9), (22, 21)): {'bw': 47}}",796.0,396.0,710.0,71.0,325.0,71.0,325.0,71.0,725.0,400.0,0.49748743718592964,1289505.296894214,641512.6853895838,805.9204590321406,Success,0.0,"{'node_level': {}, 'link_level': {}, 'path_level': {}}","{'node_level': {np.int64(0): {'cpu': -9}, np.int64(1): {'cpu': -57}, np.int64(2): {'cpu': -89}, np.int64(3): {'cpu': -15}, np.int64(4): {'cpu': -27}, np.int64(5): {'cpu': -36}, np.int64(6): {'cpu': -50}, np.int64(7): {'cpu': -3}, np.int64(8): {'cpu': -43}, np.int64(9): {'cpu': -23}}, 'link_level': {(0, 1): {'bw': -157}, (0, 5): {'bw': -298}, (0, 6): {'bw': -125}, (1, 2): {'bw': -214}, (2, 4): {'bw': -56}, (2, 5): {'bw': -35}, (2, 8): {'bw': -176}, (3, 4): {'bw': -239}, (3, 8): {'bw': -32}, (3, 9): {'bw': -19}, (4, 5): {'bw': -51}, (4, 6): {'bw': -53}, (5, 7): {'bw': -216}, (5, 9): {'bw': -216}, (6, 7): {'bw': -244}, (6, 9): {'bw': -105}, (7, 8): {'bw': -224}, (7, 9): {'bw': -248}, (8, 9): {'bw': -177}}, 'path_level': {(0, 1): {}, (0, 5): {}, (0, 6): {}, (1, 2): {}, (2, 4): {}, (2, 5): {}, (2, 8): {}, (3, 4): {}, (3, 8): {}, (3, 9): {}, (4, 5): {}, (4, 6): {}, (5, 7): {}, (5, 9): {}, (6, 7): {}, (6, 9): {}, (7, 8): {}, (7, 9): {}, (8, 9): {}}}","{'node_level': {np.int64(0): {'cpu': 0}, np.int64(1): {'cpu': 0}, np.int64(2): {'cpu': 0}, np.int64(3): {'cpu': 0}, np.int64(4): {'cpu': 0}, np.int64(5): {'cpu': 0}, np.int64(6): {'cpu': 0}, np.int64(7): {'cpu': 0}, np.int64(8): {'cpu': 0}, np.int64(9): {'cpu': 0}}, 'link_level': {(0, 1): {'bw': 0}, (0, 5): {'bw': 0}, (0, 6): {'bw': 0}, (1, 2): {'bw': 0}, (2, 4): {'bw': 0}, (2, 5): {'bw': 0}, (2, 8): {'bw': 0}, (3, 4): {'bw': 0}, (3, 8): {'bw': 0}, (3, 9): {'bw': 0}, (4, 5): {'bw': 0}, (4, 6): {'bw': 0}, (5, 7): {'bw': 0}, (5, 9): {'bw': 0}, (6, 7): {'bw': 0}, (6, 9): {'bw': 0}, (7, 8): {'bw': 0}, (7, 9): {'bw': 0}, (8, 9): {'bw': 0}}, 'path_level': {(0, 1): {}, (0, 5): {}, (0, 6): {}, (1, 2): {}, (2, 4): {}, (2, 5): {}, (2, 8): {}, (3, 4): {}, (3, 8): {}, (3, 9): {}, (4, 5): {}, (4, 6): {}, (5, 7): {}, (5, 9): {}, (6, 7): {}, (6, 9): {}, (7, 8): {}, (7, 9): {}, (8, 9): {}}}",[],-inf,-inf,True,True,False,0,[],0,0.0,10.0,19.0
129,101,17,22994.0,45632.0,10426863.516640738,20516552.61968545,0.5039007713884993,0.5082171313048107,35,232,0,3155.7318234706013,12441,1828,10613,0.2958397534668721,0.261704347826087,107,497.7318234706012,2658.0,4,3,False,{},{},{},{},0.0,0.0,0.0,0.0,0.0,0.0,0.0,0.0,0.0,0.0,0.0,0.0,0.0,0.0,Leave Event,0.0,"{'node_level': {}, 'link_level': {}, 'path_level': {}}","{'node_level': {}, 'link_level': {}, 'path_level': {}}","{'node_level': {}, 'link_level': {}, 'path_level': {}}",[],-inf,-inf,True,True,False,0,[],0,0.0,,
129,101,16,22994.0,45632.0,10426863.516640738,20516552.61968545,0.5039007713884993,0.5082171313048107,35,233,0,3162.895661309761,12634,1900,10734,0.26810477657935283,0.25328695652173916,119,229.89566130976104,2933.0,5,4,False,{},{},{},{},0.0,0.0,0.0,0.0,0.0,0.0,0.0,0.0,0.0,0.0,0.0,0.0,0.0,0.0,Leave Event,0.0,"{'node_level': {}, 'link_level': {}, 'path_level': {}}","{'node_level': {}, 'link_level': {}, 'path_level': {}}","{'node_level': {}, 'link_level': {}, 'path_level': {}}",[],-inf,-inf,True,True,False,0,[],0,0.0,,
130,101,16,22994.0,45632.0,10426863.516640738,20516552.61968545,0.5039007713884993,0.5082171313048107,35,234,1,3177.0,12634,1900,10734,0.26810477657935283,0.25328695652173916,129,1185.1937967403398,3177.0,10,23,False,{},{},{},{},0.0,0.0,246.0,123.0,593.0,0.0,0.0,0.0,0.0,0.0,0.0,0.0,0.0,0.0,Unknown Reason,0.0,"{'node_level': {}, 'link_level': {}, 'path_level': {}}","{'node_level': {}, 'link_level': {}, 'path_level': {}}","{'node_level': {}, 'link_level': {}, 'path_level': {}}",[],-inf,-inf,True,True,False,0,[],0,0.0,0.0,0.0
130,101,15,22994.0,45632.0,10426863.516640738,20516552.61968545,0.5039007713884993,0.5082171313048107,35,235,0,3177.00569238418,12888,1928,10960,0.2573189522342064,0.23756521739130432,124,127.00569238417994,3050.0,4,4,False,{},{},{},{},0.0,0.0,0.0,0.0,0.0,0.0,0.0,0.0,0.0,0.0,0.0,0.0,0.0,0.0,Leave Event,0.0,"{'node_level': {}, 'link_level': {}, 'path_level': {}}","{'node_level': {}, 'link_level': {}, 'path_level': {}}","{'node_level': {}, 'link_level': {}, 'path_level': {}}",[],-inf,-inf,True,True,False,0,[],0,0.0,,
130,101,14,22994.0,45632.0,10426863.516640738,20516552.61968545,0.5039007713884993,0.5082171313048107,35,236,0,3183.398671651408,13846,1979,11867,0.23767334360554704,0.17446956521739132,116,325.3986716514084,2858.0,8,10,False,{},{},{},{},0.0,0.0,0.0,0.0,0.0,0.0,0.0,0.0,0.0,0.0,0.0,0.0,0.0,0.0,Leave Event,0.0,"{'node_level': {}, 'link_level': {}, 'path_level': {}}","{'node_level': {}, 'link_level': {}, 'path_level': {}}","{'node_level': {}, 'link_level': {}, 'path_level': {}}",[],-inf,-inf,True,True,False,0,[],0,0.0,,
131,102,15,23096.0,45770.0,10502722.433297323,20619185.271632593,0.5046100065545117,0.5093665096334689,35,237,1,3200.0,13708,1961,11747,0.2446070878274268,0.18281739130434782,130,743.7148691822122,3200.0,5,6,True,"{np.int64(0): np.int64(5), np.int64(1): np.int64(0), np.int64(2): np.int64(4), np.int64(3): np.int64(3), np.int64(4): np.int64(7)}","{(0, 2): [(np.int64(5), 6), (6, 4)], (0, 3): [(np.int64(5), 3)], (0, 4): [(np.int64(5), 7)], (1, 4): [(np.int64(0), 4), (4, 7)], (2, 3): [(np.int64(4), 6), (6, 5), (5, 3)], (2, 4): [(np.int64(4), 7)]}","{(np.int64(0), np.int64(5)): {'cpu': 3}, (np.int64(1), np.int64(0)): {'cpu': 7}, (np.int64(2), np.int64(4)): {'cpu': 0}, (np.int64(3), np.int64(3)): {'cpu': 0}, (np.int64(4), np.int64(7)): {'cpu': 8}}","{((0, 2), (np.int64(5), 6)): {'bw': 3}, ((0, 2), (6, 4)): {'bw': 3}, ((0, 3), (np.int64(5), 3)): {'bw': 6}, ((0, 4), (np.int64(5), 7)): {'bw': 37}, ((1, 4), (np.int64(0), 4)): {'bw': 7}, ((1, 4), (4, 7)): {'bw': 7}, ((2, 3), (np.int64(4), 6)): {'bw': 13}, ((2, 3), (6, 5)): {'bw': 13}, ((2, 3), (5, 3)): {'bw': 13}, ((2, 4), (np.int64(4), 7)): {'bw': 18}}",138.0,102.0,144.0,18.0,84.0,18.0,84.0,18.0,120.0,36.0,0.7391304347826086,102632.65194714528,75858.91665658564,549.7022946129393,Success,0.0,"{'node_level': {}, 'link_level': {}, 'path_level': {}}","{'node_level': {np.int64(0): {'cpu': -12}, np.int64(1): {'cpu': -76}, np.int64(2): {'cpu': -49}, np.int64(3): {'cpu': -7}, np.int64(4): {'cpu': -46}}, 'link_level': {(0, 2): {'bw': -111}, (0, 3): {'bw': -102}, (0, 4): {'bw': -213}, (1, 4): {'bw': -173}, (2, 3): {'bw': -89}, (2, 4): {'bw': -155}}, 'path_level': {(0, 2): {}, (0, 3): {}, (0, 4): {}, (1, 4): {}, (2, 3): {}, (2, 4): {}}}","{'node_level': {np.int64(0): {'cpu': 0}, np.int64(1): {'cpu': 0}, np.int64(2): {'cpu': 0}, np.int64(3): {'cpu': 0}, np.int64(4): {'cpu': 0}}, 'link_level': {(0, 2): {'bw': 0}, (0, 3): {'bw': 0}, (0, 4): {'bw': 0}, (1, 4): {'bw': 0}, (2, 3): {'bw': 0}, (2, 4): {'bw': 0}}, 'path_level': {(0, 2): {}, (0, 3): {}, (0, 4): {}, (1, 4): {}, (2, 3): {}, (2, 4): {}}}",[],-inf,-inf,True,True,False,0,[],0,0.0,5.0,6.0
132,103,16,23680.0,47208.0,10621035.833084172,20910511.75946391,0.5016098966276902,0.5079280677230287,35,238,1,3223.0,12270,1846,10424,0.2889060092449923,0.2748521739130435,131,202.5914379911804,3223.0,10,21,True,"{np.int64(0): np.int64(4), np.int64(1): np.int64(1), np.int64(2): np.int64(23), np.int64(3): np.int64(26), np.int64(4): np.int64(5), np.int64(5): np.int64(20), np.int64(6): np.int64(6), np.int64(7): np.int64(19), np.int64(8): np.int64(27), np.int64(9): np.int64(34)}","{(0, 2): [(np.int64(4), 0), (0, 20), (20, 23)], (0, 4): [(np.int64(4), 6), (6, 5)], (0, 6): [(np.int64(4), 6)], (0, 9): [(np.int64(4), 0), (0, 28), (28, 31), (31, 34)], (1, 3): [(np.int64(1), 20), (20, 23), (23, 26)], (1, 5): [(np.int64(1), 20)], (1, 9): [(np.int64(1), 28), (28, 31), (31, 34)], (2, 3): [(np.int64(23), 26)], (2, 8): [(np.int64(23), 27)], (3, 4): [(np.int64(26), 23), (23, 21), (21, 3), (3, 5)], (3, 5): [(np.int64(26), 23), (23, 20)], (3, 8): [(np.int64(26), 23), (23, 27)], (4, 7): [(np.int64(5), 2), (2, 13), (13, 15), (15, 19)], (4, 8): [(np.int64(5), 2), (2, 21), (21, 23), (23, 27)], (4, 9): [(np.int64(5), 3), (3, 29), (29, 31), (31, 34)], (5, 7): [(np.int64(20), 0), (0, 12), (12, 15), (15, 19)], (5, 8): [(np.int64(20), 23), (23, 27)], (5, 9): [(np.int64(20), 0), (0, 28), (28, 31), (31, 34)], (6, 8): [(np.int64(6), 4), (4, 0), (0, 20), (20, 23), (23, 27)], (7, 9): [(np.int64(19), 15), (15, 12), (12, 0), (0, 28), (28, 31), (31, 34)], (8, 9): [(np.int64(27), 23), (23, 20), (20, 0), (0, 28), (28, 31), (31, 34)]}","{(np.int64(0), np.int64(4)): {'cpu': 17}, (np.int64(1), np.int64(1)): {'cpu': 3}, (np.int64(2), np.int64(23)): {'cpu': 8}, (np.int64(3), np.int64(26)): {'cpu': 15}, (np.int64(4), np.int64(5)): {'cpu': 11}, (np.int64(5), np.int64(20)): {'cpu': 3}, (np.int64(6), np.int64(6)): {'cpu': 12}, (np.int64(7), np.int64(19)): {'cpu': 11}, (np.int64(8), np.int64(27)): {'cpu': 17}, (np.int64(9), np.int64(34)): {'cpu': 18}}","{((0, 2), (np.int64(4), 0)): {'bw': 10}, ((0, 2), (0, 20)): {'bw': 10}, ((0, 2), (20, 23)): {'bw': 10}, ((0, 4), (np.int64(4), 6)): {'bw': 43}, ((0, 4), (6, 5)): {'bw': 43}, ((0, 6), (np.int64(4), 6)): {'bw': 15}, ((0, 9), (np.int64(4), 0)): {'bw': 27}, ((0, 9), (0, 28)): {'bw': 27}, ((0, 9), (28, 31)): {'bw': 27}, ((0, 9), (31, 34)): {'bw': 27}, ((1, 3), (np.int64(1), 20)): {'bw': 38}, ((1, 3), (20, 23)): {'bw': 38}, ((1, 3), (23, 26)): {'bw': 38}, ((1, 5), (np.int64(1), 20)): {'bw': 35}, ((1, 9), (np.int64(1), 28)): {'bw': 18}, ((1, 9), (28, 31)): {'bw': 18}, ((1, 9), (31, 34)): {'bw': 18}, ((2, 3), (np.int64(23), 26)): {'bw': 35}, ((2, 8), (np.int64(23), 27)): {'bw': 21}, ((3, 4), (np.int64(26), 23)): {'bw': 28}, ((3, 4), (23, 21)): {'bw': 28}, ((3, 4), (21, 3)): {'bw': 28}, ((3, 4), (3, 5)): {'bw': 28}, ((3, 5), (np.int64(26), 23)): {'bw': 33}, ((3, 5), (23, 20)): {'bw': 33}, ((3, 8), (np.int64(26), 23)): {'bw': 25}, ((3, 8), (23, 27)): {'bw': 25}, ((4, 7), (np.int64(5), 2)): {'bw': 10}, ((4, 7), (2, 13)): {'bw': 10}, ((4, 7), (13, 15)): {'bw': 10}, ((4, 7), (15, 19)): {'bw': 10}, ((4, 8), (np.int64(5), 2)): {'bw': 1}, ((4, 8), (2, 21)): {'bw': 1}, ((4, 8), (21, 23)): {'bw': 1}, ((4, 8), (23, 27)): {'bw': 1}, ((4, 9), (np.int64(5), 3)): {'bw': 21}, ((4, 9), (3, 29)): {'bw': 21}, ((4, 9), (29, 31)): {'bw': 21}, ((4, 9), (31, 34)): {'bw': 21}, ((5, 7), (np.int64(20), 0)): {'bw': 25}, ((5, 7), (0, 12)): {'bw': 25}, ((5, 7), (12, 15)): {'bw': 25}, ((5, 7), (15, 19)): {'bw': 25}, ((5, 8), (np.int64(20), 23)): {'bw': 10}, ((5, 8), (23, 27)): {'bw': 10}, ((5, 9), (np.int64(20), 0)): {'bw': 41}, ((5, 9), (0, 28)): {'bw': 41}, ((5, 9), (28, 31)): {'bw': 41}, ((5, 9), (31, 34)): {'bw': 41}, ((6, 8), (np.int64(6), 4)): {'bw': 13}, ((6, 8), (4, 0)): {'bw': 13}, ((6, 8), (0, 20)): {'bw': 13}, ((6, 8), (20, 23)): {'bw': 13}, ((6, 8), (23, 27)): {'bw': 13}, ((7, 9), (np.int64(19), 15)): {'bw': 2}, ((7, 9), (15, 12)): {'bw': 2}, ((7, 9), (12, 0)): {'bw': 2}, ((7, 9), (0, 28)): {'bw': 2}, ((7, 9), (28, 31)): {'bw': 2}, ((7, 9), (31, 34)): {'bw': 2}, ((8, 9), (np.int64(27), 23)): {'bw': 18}, ((8, 9), (23, 20)): {'bw': 18}, ((8, 9), (20, 0)): {'bw': 18}, ((8, 9), (0, 28)): {'bw': 18}, ((8, 9), (28, 31)): {'bw': 18}, ((8, 9), (31, 34)): {'bw': 18}}",1438.0,584.0,1725.0,115.0,469.0,115.0,469.0,115.0,1323.0,854.0,0.40611961057023643,291326.4878313174,118313.39978684936,82.2763559018424,Success,0.0,"{'node_level': {}, 'link_level': {}, 'path_level': {}}","{'node_level': {np.int64(0): {'cpu': -32}, np.int64(1): {'cpu': -90}, np.int64(2): {'cpu': -58}, np.int64(3): {'cpu': -43}, np.int64(4): {'cpu': -1}, np.int64(5): {'cpu': -93}, np.int64(6): {'cpu': -36}, np.int64(7): {'cpu': -49}, np.int64(8): {'cpu': -22}, np.int64(9): {'cpu': -39}}, 'link_level': {(0, 2): {'bw': -186}, (0, 4): {'bw': -55}, (0, 6): {'bw': -211}, (0, 9): {'bw': -240}, (1, 3): {'bw': -148}, (1, 5): {'bw': -159}, (1, 9): {'bw': -222}, (2, 3): {'bw': -229}, (2, 8): {'bw': -259}, (3, 4): {'bw': -61}, (3, 5): {'bw': -115}, (3, 8): {'bw': -143}, (4, 7): {'bw': -9}, (4, 8): {'bw': -8}, (4, 9): {'bw': -40}, (5, 7): {'bw': -138}, (5, 8): {'bw': -105}, (5, 9): {'bw': -160}, (6, 8): {'bw': -92}, (7, 9): {'bw': -136}, (8, 9): {'bw': -74}}, 'path_level': {(0, 2): {}, (0, 4): {}, (0, 6): {}, (0, 9): {}, (1, 3): {}, (1, 5): {}, (1, 9): {}, (2, 3): {}, (2, 8): {}, (3, 4): {}, (3, 5): {}, (3, 8): {}, (4, 7): {}, (4, 8): {}, (4, 9): {}, (5, 7): {}, (5, 8): {}, (5, 9): {}, (6, 8): {}, (7, 9): {}, (8, 9): {}}}","{'node_level': {np.int64(0): {'cpu': 0}, np.int64(1): {'cpu': 0}, np.int64(2): {'cpu': 0}, np.int64(3): {'cpu': 0}, np.int64(4): {'cpu': 0}, np.int64(5): {'cpu': 0}, np.int64(6): {'cpu': 0}, np.int64(7): {'cpu': 0}, np.int64(8): {'cpu': 0}, np.int64(9): {'cpu': 0}}, 'link_level': {(0, 2): {'bw': 0}, (0, 4): {'bw': 0}, (0, 6): {'bw': 0}, (0, 9): {'bw': 0}, (1, 3): {'bw': 0}, (1, 5): {'bw': 0}, (1, 9): {'bw': 0}, (2, 3): {'bw': 0}, (2, 8): {'bw': 0}, (3, 4): {'bw': 0}, (3, 5): {'bw': 0}, (3, 8): {'bw': 0}, (4, 7): {'bw': 0}, (4, 8): {'bw': 0}, (4, 9): {'bw': 0}, (5, 7): {'bw': 0}, (5, 8): {'bw': 0}, (5, 9): {'bw': 0}, (6, 8): {'bw': 0}, (7, 9): {'bw': 0}, (8, 9): {'bw': 0}}, 'path_level': {(0, 2): {}, (0, 4): {}, (0, 6): {}, (0, 9): {}, (1, 3): {}, (1, 5): {}, (1, 9): {}, (2, 3): {}, (2, 8): {}, (3, 4): {}, (3, 5): {}, (3, 8): {}, (4, 7): {}, (4, 8): {}, (4, 9): {}, (5, 7): {}, (5, 8): {}, (5, 9): {}, (6, 8): {}, (7, 9): {}, (8, 9): {}}}",[],-inf,-inf,True,True,False,0,[],0,0.0,10.0,21.0
132,103,15,23680.0,47208.0,10621035.833084172,20910511.75946391,0.5016098966276902,0.5079280677230287,35,239,0,3232.9717371759075,12297,1869,10428,0.28004622496147924,0.2745739130434782,117,343.97173717590755,2889.0,2,1,False,{},{},{},{},0.0,0.0,0.0,0.0,0.0,0.0,0.0,0.0,0.0,0.0,0.0,0.0,0.0,0.0,Leave Event,0.0,"{'node_level': {}, 'link_level': {}, 'path_level': {}}","{'node_level': {}, 'link_level': {}, 'path_level': {}}","{'node_level': {}, 'link_level': {}, 'path_level': {}}",[],-inf,-inf,True,True,False,0,[],0,0.0,,
132,103,15,23680.0,47208.0,10621035.833084172,20910511.75946391,0.5016098966276902,0.5079280677230287,35,240,0,3236.005963217783,12297,1869,10428,0.28004622496147924,0.2745739130434782,111,481.0059632177831,2755.0,10,26,False,{},{},{},{},0.0,0.0,0.0,0.0,0.0,0.0,0.0,0.0,0.0,0.0,0.0,0.0,0.0,0.0,Leave Event,0.0,"{'node_level': {}, 'link_level': {}, 'path_level': {}}","{'node_level': {}, 'link_level': {}, 'path_level': {}}","{'node_level': {}, 'link_level': {}, 'path_level': {}}",[],-inf,-inf,True,True,False,0,[],0,0.0,,
132,103,14,23680.0,47208.0,10621035.833084172,20910511.75946391,0.5016098966276902,0.5079280677230287,35,241,0,3242.2459814875447,12358,1903,10455,0.26694915254237284,0.272695652173913,83,1170.2459814875444,2072.0,2,1,False,{},{},{},{},0.0,0.0,0.0,0.0,0.0,0.0,0.0,0.0,0.0,0.0,0.0,0.0,0.0,0.0,Leave Event,0.0,"{'node_level': {}, 'link_level': {}, 'path_level': {}}","{'node_level': {}, 'link_level': {}, 'path_level': {}}","{'node_level': {}, 'link_level': {}, 'path_level': {}}",[],-inf,-inf,True,True,False,0,[],0,0.0,,
133,104,15,23811.0,47403.0,10626575.789622946,20918758.259655215,0.5023099803809885,0.5079926665684454,35,242,1,3254.0,12163,1863,10300,0.2823574730354391,0.2834782608695652,132,42.28974457079073,3254.0,4,3,True,"{np.int64(0): np.int64(13), np.int64(1): np.int64(2), np.int64(2): np.int64(14), np.int64(3): np.int64(6)}","{(0, 1): [(np.int64(13), 2)], (0, 3): [(np.int64(13), 3), (3, 5), (5, 6)], (1, 2): [(np.int64(2), 13), (13, 14)]}","{(np.int64(0), np.int64(13)): {'cpu': 20}, (np.int64(1), np.int64(2)): {'cpu': 7}, (np.int64(2), np.int64(14)): {'cpu': 8}, (np.int64(3), np.int64(6)): {'cpu': 5}}","{((0, 1), (np.int64(13), 2)): {'bw': 46}, ((0, 3), (np.int64(13), 3)): {'bw': 19}, ((0, 3), (3, 5)): {'bw': 19}, ((0, 3), (5, 6)): {'bw': 19}, ((1, 2), (np.int64(2), 13)): {'bw': 26}, ((1, 2), (13, 14)): {'bw': 26}}",195.0,131.0,160.0,40.0,91.0,40.0,91.0,40.0,155.0,64.0,0.6717948717948717,8246.500191304192,5539.956538773586,28.410033532172232,Success,0.0,"{'node_level': {}, 'link_level': {}, 'path_level': {}}","{'node_level': {np.int64(0): {'cpu': -16}, np.int64(1): {'cpu': -2}, np.int64(2): {'cpu': -53}, np.int64(3): {'cpu': -31}}, 'link_level': {(0, 1): {'bw': -224}, (0, 3): {'bw': -21}, (1, 2): {'bw': -198}}, 'path_level': {(0, 1): {}, (0, 3): {}, (1, 2): {}}}","{'node_level': {np.int64(0): {'cpu': 0}, np.int64(1): {'cpu': 0}, np.int64(2): {'cpu': 0}, np.int64(3): {'cpu': 0}}, 'link_level': {(0, 1): {'bw': 0}, (0, 3): {'bw': 0}, (1, 2): {'bw': 0}}, 'path_level': {(0, 1): {}, (0, 3): {}, (1, 2): {}}}",[],-inf,-inf,True,True,False,0,[],0,0.0,4.0,3.0
134,105,16,24482.0,49136.0,10802031.439507531,21371909.73692792,0.49824975577987624,0.5054312680744204,35,243,1,3274.0,10430,1791,8639,0.31009244992295837,0.39902608695652175,133,261.48382993231735,3274.0,10,23,True,"{np.int64(0): np.int64(20), np.int64(1): np.int64(1), np.int64(2): np.int64(29), np.int64(3): np.int64(15), np.int64(4): np.int64(4), np.int64(5): np.int64(35), np.int64(6): np.int64(30), np.int64(7): np.int64(23), np.int64(8): np.int64(25), np.int64(9): np.int64(22)}","{(0, 1): [(np.int64(20), 1)], (0, 4): [(np.int64(20), 0), (0, 4)], (0, 7): [(np.int64(20), 23)], (0, 8): [(np.int64(20), 22), (22, 25)], (0, 9): [(np.int64(20), 22)], (1, 3): [(np.int64(1), 12), (12, 15)], (1, 7): [(np.int64(1), 20), (20, 22), (22, 21), (21, 23)], (1, 8): [(np.int64(1), 20), (20, 22), (22, 25)], (1, 9): [(np.int64(1), 20), (20, 22)], (2, 4): [(np.int64(29), 30), (30, 28), (28, 0), (0, 4)], (2, 5): [(np.int64(29), 31), (31, 35)], (2, 6): [(np.int64(29), 30)], (2, 7): [(np.int64(29), 2), (2, 21), (21, 23)], (3, 4): [(np.int64(15), 12), (12, 0), (0, 4)], (3, 5): [(np.int64(15), 12), (12, 0), (0, 28), (28, 31), (31, 35)], (4, 5): [(np.int64(4), 0), (0, 28), (28, 31), (31, 35)], (4, 7): [(np.int64(4), 0), (0, 20), (20, 23)], (5, 8): [(np.int64(35), 31), (31, 28), (28, 0), (0, 20), (20, 22), (22, 25)], (5, 9): [(np.int64(35), 31), (31, 28), (28, 0), (0, 20), (20, 22)], (6, 7): [(np.int64(30), 29), (29, 2), (2, 21), (21, 23)], (7, 8): [(np.int64(23), 21), (21, 22), (22, 25)], (7, 9): [(np.int64(23), 20), (20, 22)], (8, 9): [(np.int64(25), 22)]}","{(np.int64(0), np.int64(20)): {'cpu': 6}, (np.int64(1), np.int64(1)): {'cpu': 0}, (np.int64(2), np.int64(29)): {'cpu': 8}, (np.int64(3), np.int64(15)): {'cpu': 15}, (np.int64(4), np.int64(4)): {'cpu': 5}, (np.int64(5), np.int64(35)): {'cpu': 3}, (np.int64(6), np.int64(30)): {'cpu': 14}, (np.int64(7), np.int64(23)): {'cpu': 8}, (np.int64(8), np.int64(25)): {'cpu': 9}, (np.int64(9), np.int64(22)): {'cpu': 4}}","{((0, 1), (np.int64(20), 1)): {'bw': 39}, ((0, 4), (np.int64(20), 0)): {'bw': 1}, ((0, 4), (0, 4)): {'bw': 1}, ((0, 7), (np.int64(20), 23)): {'bw': 45}, ((0, 8), (np.int64(20), 22)): {'bw': 5}, ((0, 8), (22, 25)): {'bw': 5}, ((0, 9), (np.int64(20), 22)): {'bw': 27}, ((1, 3), (np.int64(1), 12)): {'bw': 31}, ((1, 3), (12, 15)): {'bw': 31}, ((1, 7), (np.int64(1), 20)): {'bw': 40}, ((1, 7), (20, 22)): {'bw': 40}, ((1, 7), (22, 21)): {'bw': 40}, ((1, 7), (21, 23)): {'bw': 40}, ((1, 8), (np.int64(1), 20)): {'bw': 9}, ((1, 8), (20, 22)): {'bw': 9}, ((1, 8), (22, 25)): {'bw': 9}, ((1, 9), (np.int64(1), 20)): {'bw': 7}, ((1, 9), (20, 22)): {'bw': 7}, ((2, 4), (np.int64(29), 30)): {'bw': 35}, ((2, 4), (30, 28)): {'bw': 35}, ((2, 4), (28, 0)): {'bw': 35}, ((2, 4), (0, 4)): {'bw': 35}, ((2, 5), (np.int64(29), 31)): {'bw': 47}, ((2, 5), (31, 35)): {'bw': 47}, ((2, 6), (np.int64(29), 30)): {'bw': 5}, ((2, 7), (np.int64(29), 2)): {'bw': 41}, ((2, 7), (2, 21)): {'bw': 41}, ((2, 7), (21, 23)): {'bw': 41}, ((3, 4), (np.int64(15), 12)): {'bw': 28}, ((3, 4), (12, 0)): {'bw': 28}, ((3, 4), (0, 4)): {'bw': 28}, ((3, 5), (np.int64(15), 12)): {'bw': 21}, ((3, 5), (12, 0)): {'bw': 21}, ((3, 5), (0, 28)): {'bw': 21}, ((3, 5), (28, 31)): {'bw': 21}, ((3, 5), (31, 35)): {'bw': 21}, ((4, 5), (np.int64(4), 0)): {'bw': 11}, ((4, 5), (0, 28)): {'bw': 11}, ((4, 5), (28, 31)): {'bw': 11}, ((4, 5), (31, 35)): {'bw': 11}, ((4, 7), (np.int64(4), 0)): {'bw': 3}, ((4, 7), (0, 20)): {'bw': 3}, ((4, 7), (20, 23)): {'bw': 3}, ((5, 8), (np.int64(35), 31)): {'bw': 18}, ((5, 8), (31, 28)): {'bw': 18}, ((5, 8), (28, 0)): {'bw': 18}, ((5, 8), (0, 20)): {'bw': 18}, ((5, 8), (20, 22)): {'bw': 18}, ((5, 8), (22, 25)): {'bw': 18}, ((5, 9), (np.int64(35), 31)): {'bw': 35}, ((5, 9), (31, 28)): {'bw': 35}, ((5, 9), (28, 0)): {'bw': 35}, ((5, 9), (0, 20)): {'bw': 35}, ((5, 9), (20, 22)): {'bw': 35}, ((6, 7), (np.int64(30), 29)): {'bw': 46}, ((6, 7), (29, 2)): {'bw': 46}, ((6, 7), (2, 21)): {'bw': 46}, ((6, 7), (21, 23)): {'bw': 46}, ((7, 8), (np.int64(23), 21)): {'bw': 41}, ((7, 8), (21, 22)): {'bw': 41}, ((7, 8), (22, 25)): {'bw': 41}, ((7, 9), (np.int64(23), 20)): {'bw': 17}, ((7, 9), (20, 22)): {'bw': 17}, ((8, 9), (np.int64(25), 22)): {'bw': 47}}",1733.0,671.0,576.0,72.0,599.0,72.0,599.0,72.0,1661.0,1062.0,0.3871898442008078,453151.477272706,175455.64988458494,101.24388337252448,Success,0.0,"{'node_level': {}, 'link_level': {}, 'path_level': {}}","{'node_level': {np.int64(0): {'cpu': -87}, np.int64(1): {'cpu': -94}, np.int64(2): {'cpu': -46}, np.int64(3): {'cpu': -21}, np.int64(4): {'cpu': -27}, np.int64(5): {'cpu': -70}, np.int64(6): {'cpu': -36}, np.int64(7): {'cpu': -50}, np.int64(8): {'cpu': -54}, np.int64(9): {'cpu': -45}}, 'link_level': {(0, 1): {'bw': -120}, (0, 4): {'bw': -204}, (0, 7): {'bw': -29}, (0, 8): {'bw': -230}, (0, 9): {'bw': -258}, (1, 3): {'bw': -153}, (1, 7): {'bw': -80}, (1, 8): {'bw': -71}, (1, 9): {'bw': -64}, (2, 4): {'bw': -114}, (2, 5): {'bw': -122}, (2, 6): {'bw': -184}, (2, 7): {'bw': -64}, (3, 4): {'bw': -125}, (3, 5): {'bw': -101}, (4, 5): {'bw': -90}, (4, 7): {'bw': -26}, (5, 8): {'bw': -72}, (5, 9): {'bw': -37}, (6, 7): {'bw': -18}, (7, 8): {'bw': -74}, (7, 9): {'bw': -9}, (8, 9): {'bw': -115}}, 'path_level': {(0, 1): {}, (0, 4): {}, (0, 7): {}, (0, 8): {}, (0, 9): {}, (1, 3): {}, (1, 7): {}, (1, 8): {}, (1, 9): {}, (2, 4): {}, (2, 5): {}, (2, 6): {}, (2, 7): {}, (3, 4): {}, (3, 5): {}, (4, 5): {}, (4, 7): {}, (5, 8): {}, (5, 9): {}, (6, 7): {}, (7, 8): {}, (7, 9): {}, (8, 9): {}}}","{'node_level': {np.int64(0): {'cpu': 0}, np.int64(1): {'cpu': 0}, np.int64(2): {'cpu': 0}, np.int64(3): {'cpu': 0}, np.int64(4): {'cpu': 0}, np.int64(5): {'cpu': 0}, np.int64(6): {'cpu': 0}, np.int64(7): {'cpu': 0}, np.int64(8): {'cpu': 0}, np.int64(9): {'cpu': 0}}, 'link_level': {(0, 1): {'bw': 0}, (0, 4): {'bw': 0}, (0, 7): {'bw': 0}, (0, 8): {'bw': 0}, (0, 9): {'bw': 0}, (1, 3): {'bw': 0}, (1, 7): {'bw': 0}, (1, 8): {'bw': 0}, (1, 9): {'bw': 0}, (2, 4): {'bw': 0}, (2, 5): {'bw': 0}, (2, 6): {'bw': 0}, (2, 7): {'bw': 0}, (3, 4): {'bw': 0}, (3, 5): {'bw': 0}, (4, 5): {'bw': 0}, (4, 7): {'bw': 0}, (5, 8): {'bw': 0}, (5, 9): {'bw': 0}, (6, 7): {'bw': 0}, (7, 8): {'bw': 0}, (7, 9): {'bw': 0}, (8, 9): {'bw': 0}}, 'path_level': {(0, 1): {}, (0, 4): {}, (0, 7): {}, (0, 8): {}, (0, 9): {}, (1, 3): {}, (1, 7): {}, (1, 8): {}, (1, 9): {}, (2, 4): {}, (2, 5): {}, (2, 6): {}, (2, 7): {}, (3, 4): {}, (3, 5): {}, (4, 5): {}, (4, 7): {}, (5, 8): {}, (5, 9): {}, (6, 7): {}, (7, 8): {}, (7, 9): {}, (8, 9): {}}}",[],-inf,-inf,True,True,False,0,[],0,0.0,10.0,23.0
134,105,16,24482.0,49136.0,10802031.439507531,21371909.73692792,0.49824975577987624,0.5054312680744204,35,244,0,3279.8263357747524,10430,1791,8639,0.31009244992295837,0.39902608695652175,39,2319.8263357747524,960.0,9,17,False,{},{},{},{},0.0,0.0,0.0,0.0,0.0,0.0,0.0,0.0,0.0,0.0,0.0,0.0,0.0,0.0,Leave Event,0.0,"{'node_level': {}, 'link_level': {}, 'path_level': {}}","{'node_level': {}, 'link_level': {}, 'path_level': {}}","{'node_level': {}, 'link_level': {}, 'path_level': {}}",[],-inf,-inf,True,True,False,0,[],0,0.0,,
135,106,17,24790.0,49751.0,10842729.091107672,21453172.904895734,0.49828144157906373,0.5054137744181095,35,245,1,3291.0,9815,1729,8086,0.33397534668721107,0.43749565217391306,134,132.13523246799224,3291.0,6,6,True,"{np.int64(0): np.int64(9), np.int64(1): np.int64(28), np.int64(2): np.int64(20), np.int64(3): np.int64(12), np.int64(4): np.int64(1), np.int64(5): np.int64(25)}","{(0, 3): [(np.int64(9), 6), (6, 4), (4, 0), (0, 12)], (1, 4): [(np.int64(28), 1)], (2, 4): [(np.int64(20), 1)], (2, 5): [(np.int64(20), 22), (22, 25)], (3, 4): [(np.int64(12), 1)], (4, 5): [(np.int64(1), 4), (4, 0), (0, 20), (20, 22), (22, 25)]}","{(np.int64(0), np.int64(9)): {'cpu': 15}, (np.int64(1), np.int64(28)): {'cpu': 9}, (np.int64(2), np.int64(20)): {'cpu': 19}, (np.int64(3), np.int64(12)): {'cpu': 7}, (np.int64(4), np.int64(1)): {'cpu': 7}, (np.int64(5), np.int64(25)): {'cpu': 5}}","{((0, 3), (np.int64(9), 6)): {'bw': 43}, ((0, 3), (6, 4)): {'bw': 43}, ((0, 3), (4, 0)): {'bw': 43}, ((0, 3), (0, 12)): {'bw': 43}, ((1, 4), (np.int64(28), 1)): {'bw': 44}, ((2, 4), (np.int64(20), 1)): {'bw': 46}, ((2, 5), (np.int64(20), 22)): {'bw': 46}, ((2, 5), (22, 25)): {'bw': 46}, ((3, 4), (np.int64(12), 1)): {'bw': 34}, ((4, 5), (np.int64(1), 4)): {'bw': 33}, ((4, 5), (4, 0)): {'bw': 33}, ((4, 5), (0, 20)): {'bw': 33}, ((4, 5), (20, 22)): {'bw': 33}, ((4, 5), (22, 25)): {'bw': 33}}",615.0,308.0,558.0,62.0,246.0,62.0,246.0,62.0,553.0,307.0,0.5008130081300813,81263.16796781523,40697.65160014161,66.17504325226278,Success,0.0,"{'node_level': {}, 'link_level': {}, 'path_level': {}}","{'node_level': {np.int64(0): {'cpu': -79}, np.int64(1): {'cpu': -50}, np.int64(2): {'cpu': -68}, np.int64(3): {'cpu': -48}, np.int64(4): {'cpu': -87}, np.int64(5): {'cpu': -49}}, 'link_level': {(0, 3): {'bw': -98}, (1, 4): {'bw': -321}, (2, 4): {'bw': -18}, (2, 5): {'bw': -69}, (3, 4): {'bw': -292}, (4, 5): {'bw': -36}}, 'path_level': {(0, 3): {}, (1, 4): {}, (2, 4): {}, (2, 5): {}, (3, 4): {}, (4, 5): {}}}","{'node_level': {np.int64(0): {'cpu': 0}, np.int64(1): {'cpu': 0}, np.int64(2): {'cpu': 0}, np.int64(3): {'cpu': 0}, np.int64(4): {'cpu': 0}, np.int64(5): {'cpu': 0}}, 'link_level': {(0, 3): {'bw': 0}, (1, 4): {'bw': 0}, (2, 4): {'bw': 0}, (2, 5): {'bw': 0}, (3, 4): {'bw': 0}, (4, 5): {'bw': 0}}, 'path_level': {(0, 3): {}, (1, 4): {}, (2, 4): {}, (2, 5): {}, (3, 4): {}, (4, 5): {}}}",[],-inf,-inf,True,True,False,0,[],0,0.0,6.0,6.0
135,106,16,24790.0,49751.0,10842729.091107672,21453172.904895734,0.49828144157906373,0.5054137744181095,35,246,0,3296.289744570791,10010,1769,8241,0.3185670261941448,0.4267130434782609,132,42.28974457079073,3254.0,4,3,False,{},{},{},{},0.0,0.0,0.0,0.0,0.0,0.0,0.0,0.0,0.0,0.0,0.0,0.0,0.0,0.0,Leave Event,0.0,"{'node_level': {}, 'link_level': {}, 'path_level': {}}","{'node_level': {}, 'link_level': {}, 'path_level': {}}","{'node_level': {}, 'link_level': {}, 'path_level': {}}",[],-inf,-inf,True,True,False,0,[],0,0.0,,
136,106,16,24790.0,49751.0,10842729.091107672,21453172.904895734,0.49828144157906373,0.5054137744181095,35,247,1,3308.0,10010,1769,8241,0.3185670261941448,0.4267130434782609,135,71.06275669071039,3308.0,5,8,False,{},{},{},{},0.0,0.0,96.0,48.0,267.0,0.0,0.0,0.0,0.0,0.0,0.0,0.0,0.0,0.0,Unknown Reason,0.0,"{'node_level': {}, 'link_level': {}, 'path_level': {}}","{'node_level': {}, 'link_level': {}, 'path_level': {}}","{'node_level': {}, 'link_level': {}, 'path_level': {}}",[],-inf,-inf,True,True,False,0,[],0,0.0,0.0,0.0
137,107,17,24866.0,49827.0,10844815.571437456,21455259.38522552,0.4990467015874927,0.5054618719224337,35,248,1,3323.0,9934,1739,8195,0.33012326656394453,0.42991304347826087,136,27.45368854978536,3323.0,2,1,True,"{np.int64(0): np.int64(8), np.int64(1): np.int64(6)}","{(0, 1): [(np.int64(8), 6)]}","{(np.int64(0), np.int64(8)): {'cpu': 17}, (np.int64(1), np.int64(6)): {'cpu': 13}}","{((0, 1), (np.int64(8), 6)): {'bw': 46}}",76.0,76.0,90.0,30.0,46.0,30.0,46.0,30.0,46.0,0.0,1.0,2086.4803297836875,2086.4803297836875,27.45368854978536,Success,0.0,"{'node_level': {}, 'link_level': {}, 'path_level': {}}","{'node_level': {np.int64(0): {'cpu': -40}, np.int64(1): {'cpu': -23}}, 'link_level': {(0, 1): {'bw': -249}}, 'path_level': {(0, 1): {}}}","{'node_level': {np.int64(0): {'cpu': 0}, np.int64(1): {'cpu': 0}}, 'link_level': {(0, 1): {'bw': 0}}, 'path_level': {(0, 1): {}}}",[],-inf,-inf,True,True,False,0,[],0,0.0,2.0,1.0
137,107,16,24866.0,49827.0,10844815.571437456,21455259.38522552,0.4990467015874927,0.5054618719224337,35,249,0,3350.4536885497855,10010,1769,8241,0.3185670261941448,0.4267130434782609,136,27.45368854978536,3323.0,2,1,False,{},{},{},{},0.0,0.0,0.0,0.0,0.0,0.0,0.0,0.0,0.0,0.0,0.0,0.0,0.0,0.0,Leave Event,0.0,"{'node_level': {}, 'link_level': {}, 'path_level': {}}","{'node_level': {}, 'link_level': {}, 'path_level': {}}","{'node_level': {}, 'link_level': {}, 'path_level': {}}",[],-inf,-inf,True,True,False,0,[],0,0.0,,
138,108,17,25093.0,50292.0,10991587.851816596,21755916.259129927,0.4989461544579655,0.5052229343456839,35,250,1,3354.0,9545,1730,7815,0.3335901386748844,0.45634782608695657,137,646.5739223750678,3354.0,6,8,True,"{np.int64(0): np.int64(27), np.int64(1): np.int64(22), np.int64(2): np.int64(12), np.int64(3): np.int64(26), np.int64(4): np.int64(14), np.int64(5): np.int64(23)}","{(0, 1): [(np.int64(27), 23), (23, 21), (21, 22)], (0, 3): [(np.int64(27), 23), (23, 26)], (0, 5): [(np.int64(27), 23)], (1, 2): [(np.int64(22), 20), (20, 0), (0, 12)], (1, 3): [(np.int64(22), 21), (21, 23), (23, 26)], (1, 5): [(np.int64(22), 20), (20, 23)], (2, 4): [(np.int64(12), 14)], (4, 5): [(np.int64(14), 13), (13, 2), (2, 21), (21, 23)]}","{(np.int64(0), np.int64(27)): {'cpu': 0}, (np.int64(1), np.int64(22)): {'cpu': 5}, (np.int64(2), np.int64(12)): {'cpu': 5}, (np.int64(3), np.int64(26)): {'cpu': 13}, (np.int64(4), np.int64(14)): {'cpu': 3}, (np.int64(5), np.int64(23)): {'cpu': 13}}","{((0, 1), (np.int64(27), 23)): {'bw': 35}, ((0, 1), (23, 21)): {'bw': 35}, ((0, 1), (21, 22)): {'bw': 35}, ((0, 3), (np.int64(27), 23)): {'bw': 40}, ((0, 3), (23, 26)): {'bw': 40}, ((0, 5), (np.int64(27), 23)): {'bw': 3}, ((1, 2), (np.int64(22), 20)): {'bw': 28}, ((1, 2), (20, 0)): {'bw': 28}, ((1, 2), (0, 12)): {'bw': 28}, ((1, 3), (np.int64(22), 21)): {'bw': 27}, ((1, 3), (21, 23)): {'bw': 27}, ((1, 3), (23, 26)): {'bw': 27}, ((1, 5), (np.int64(22), 20)): {'bw': 9}, ((1, 5), (20, 23)): {'bw': 9}, ((2, 4), (np.int64(12), 14)): {'bw': 43}, ((4, 5), (np.int64(14), 13)): {'bw': 3}, ((4, 5), (13, 2)): {'bw': 3}, ((4, 5), (2, 21)): {'bw': 3}, ((4, 5), (21, 23)): {'bw': 3}}",465.0,227.0,156.0,39.0,188.0,39.0,188.0,39.0,426.0,238.0,0.4881720430107527,300656.87390440656,146772.2803791404,315.6393126433127,Success,0.0,"{'node_level': {}, 'link_level': {}, 'path_level': {}}","{'node_level': {np.int64(0): {'cpu': -22}, np.int64(1): {'cpu': -40}, np.int64(2): {'cpu': -43}, np.int64(3): {'cpu': -30}, np.int64(4): {'cpu': -58}, np.int64(5): {'cpu': -37}}, 'link_level': {(0, 1): {'bw': -39}, (0, 3): {'bw': -103}, (0, 5): {'bw': -114}, (1, 2): {'bw': -25}, (1, 3): {'bw': -12}, (1, 5): {'bw': 0}, (2, 4): {'bw': -173}, (4, 5): {'bw': -9}}, 'path_level': {(0, 1): {}, (0, 3): {}, (0, 5): {}, (1, 2): {}, (1, 3): {}, (1, 5): {}, (2, 4): {}, (4, 5): {}}}","{'node_level': {np.int64(0): {'cpu': 0}, np.int64(1): {'cpu': 0}, np.int64(2): {'cpu': 0}, np.int64(3): {'cpu': 0}, np.int64(4): {'cpu': 0}, np.int64(5): {'cpu': 0}}, 'link_level': {(0, 1): {'bw': 0}, (0, 3): {'bw': 0}, (0, 5): {'bw': 0}, (1, 2): {'bw': 0}, (1, 3): {'bw': 0}, (1, 5): {'bw': 0}, (2, 4): {'bw': 0}, (4, 5): {'bw': 0}}, 'path_level': {(0, 1): {}, (0, 3): {}, (0, 5): {}, (1, 2): {}, (1, 3): {}, (1, 5): {}, (2, 4): {}, (4, 5): {}}}",[],-inf,-inf,True,True,False,0,[],0,0.0,6.0,8.0
138,108,17,25093.0,50292.0,10991587.851816596,21755916.259129927,0.4989461544579655,0.5052229343456839,35,251,0,3379.0627566907106,9545,1730,7815,0.3335901386748844,0.45634782608695657,135,71.06275669071039,3308.0,5,8,False,{},{},{},{},0.0,0.0,0.0,0.0,0.0,0.0,0.0,0.0,0.0,0.0,0.0,0.0,0.0,0.0,Leave Event,0.0,"{'node_level': {}, 'link_level': {}, 'path_level': {}}","{'node_level': {}, 'link_level': {}, 'path_level': {}}","{'node_level': {}, 'link_level': {}, 'path_level': {}}",[],-inf,-inf,True,True,False,0,[],0,0.0,,
139,108,17,25093.0,50292.0,10991587.851816596,21755916.259129927,0.4989461544579655,0.5052229343456839,35,252,1,3380.0,9545,1730,7815,0.3335901386748844,0.45634782608695657,138,5.7466268790237285,3380.0,5,7,False,{},{},{},{},0.0,0.0,122.0,61.0,161.0,0.0,0.0,0.0,0.0,0.0,0.0,0.0,0.0,0.0,Unknown Reason,0.0,"{'node_level': {}, 'link_level': {}, 'path_level': {}}","{'node_level': {}, 'link_level': {}, 'path_level': {}}","{'node_level': {}, 'link_level': {}, 'path_level': {}}",[],-inf,-inf,True,True,False,0,[],0,0.0,0.0,0.0
139,108,17,25093.0,50292.0,10991587.851816596,21755916.259129927,0.4989461544579655,0.5052229343456839,35,253,0,3381.022659201934,9545,1730,7815,0.3335901386748844,0.45634782608695657,123,358.0226592019341,3023.0,10,25,False,{},{},{},{},0.0,0.0,0.0,0.0,0.0,0.0,0.0,0.0,0.0,0.0,0.0,0.0,0.0,0.0,Leave Event,0.0,"{'node_level': {}, 'link_level': {}, 'path_level': {}}","{'node_level': {}, 'link_level': {}, 'path_level': {}}","{'node_level': {}, 'link_level': {}, 'path_level': {}}",[],-inf,-inf,True,True,False,0,[],0,0.0,,
139,108,17,25093.0,50292.0,10991587.851816596,21755916.259129927,0.4989461544579655,0.5052229343456839,35,254,0,3385.7466268790236,9545,1730,7815,0.3335901386748844,0.45634782608695657,138,5.7466268790237285,3380.0,5,7,False,{},{},{},{},0.0,0.0,0.0,0.0,0.0,0.0,0.0,0.0,0.0,0.0,0.0,0.0,0.0,0.0,Leave Event,0.0,"{'node_level': {}, 'link_level': {}, 'path_level': {}}","{'node_level': {}, 'link_level': {}, 'path_level': {}}","{'node_level': {}, 'link_level': {}, 'path_level': {}}",[],-inf,-inf,True,True,False,0,[],0,0.0,,
139,108,16,25093.0,50292.0,10991587.851816596,21755916.259129927,0.4989461544579655,0.5052229343456839,35,255,0,3403.317921390888,9722,1786,7936,0.3120184899845917,0.44793043478260874,80,1410.3179213908877,1993.0,3,2,False,{},{},{},{},0.0,0.0,0.0,0.0,0.0,0.0,0.0,0.0,0.0,0.0,0.0,0.0,0.0,0.0,Leave Event,0.0,"{'node_level': {}, 'link_level': {}, 'path_level': {}}","{'node_level': {}, 'link_level': {}, 'path_level': {}}","{'node_level': {}, 'link_level': {}, 'path_level': {}}",[],-inf,-inf,True,True,False,0,[],0,0.0,,
140,108,16,25093.0,50292.0,10991587.851816596,21755916.259129927,0.4989461544579655,0.5052229343456839,35,256,1,3404.0,9722,1786,7936,0.3120184899845917,0.44793043478260874,139,736.1020783608142,3404.0,8,17,False,{},{},{},{},0.0,0.0,188.0,94.0,453.0,0.0,0.0,0.0,0.0,0.0,0.0,0.0,0.0,0.0,Unknown Reason,0.0,"{'node_level': {}, 'link_level': {}, 'path_level': {}}","{'node_level': {}, 'link_level': {}, 'path_level': {}}","{'node_level': {}, 'link_level': {}, 'path_level': {}}",[],-inf,-inf,True,True,False,0,[],0,0.0,0.0,0.0
140,108,15,25093.0,50292.0,10991587.851816596,21755916.259129927,0.4989461544579655,0.5052229343456839,35,257,0,3420.0935438557653,10327,1849,8478,0.2877503852080123,0.41022608695652174,118,510.09354385576535,2910.0,8,13,False,{},{},{},{},0.0,0.0,0.0,0.0,0.0,0.0,0.0,0.0,0.0,0.0,0.0,0.0,0.0,0.0,Leave Event,0.0,"{'node_level': {}, 'link_level': {}, 'path_level': {}}","{'node_level': {}, 'link_level': {}, 'path_level': {}}","{'node_level': {}, 'link_level': {}, 'path_level': {}}",[],-inf,-inf,True,True,False,0,[],0,0.0,,
140,108,14,25093.0,50292.0,10991587.851816596,21755916.259129927,0.4989461544579655,0.5052229343456839,35,258,0,3423.1352324679924,10942,1911,9031,0.2638674884437596,0.37175652173913043,134,132.13523246799224,3291.0,6,6,False,{},{},{},{},0.0,0.0,0.0,0.0,0.0,0.0,0.0,0.0,0.0,0.0,0.0,0.0,0.0,0.0,Leave Event,0.0,"{'node_level': {}, 'link_level': {}, 'path_level': {}}","{'node_level': {}, 'link_level': {}, 'path_level': {}}","{'node_level': {}, 'link_level': {}, 'path_level': {}}",[],-inf,-inf,True,True,False,0,[],0,0.0,,
141,109,15,25757.0,51937.0,11044353.668935077,21886638.80304544,0.4959277586306487,0.5046162532457154,35,259,1,3424.0,9297,1796,7501,0.30816640986132515,0.4781913043478261,140,79.46659204590503,3424.0,10,22,True,"{np.int64(0): np.int64(33), np.int64(1): np.int64(34), np.int64(2): np.int64(23), np.int64(3): np.int64(31), np.int64(4): np.int64(20), np.int64(5): np.int64(0), np.int64(6): np.int64(1), np.int64(7): np.int64(15), np.int64(8): np.int64(3), np.int64(9): np.int64(14)}","{(0, 1): [(np.int64(33), 30), (30, 28), (28, 31), (31, 34)], (0, 5): [(np.int64(33), 30), (30, 28), (28, 0)], (0, 6): [(np.int64(33), 30), (30, 28), (28, 1)], (0, 8): [(np.int64(33), 30), (30, 29), (29, 3)], (1, 3): [(np.int64(34), 31)], (1, 4): [(np.int64(34), 31), (31, 28), (28, 0), (0, 20)], (1, 6): [(np.int64(34), 31), (31, 28), (28, 1)], (2, 3): [(np.int64(23), 21), (21, 2), (2, 29), (29, 31)], (2, 4): [(np.int64(23), 21), (21, 22), (22, 20)], (2, 7): [(np.int64(23), 20), (20, 0), (0, 12), (12, 15)], (2, 9): [(np.int64(23), 21), (21, 2), (2, 13), (13, 14)], (3, 5): [(np.int64(31), 29), (29, 30), (30, 28), (28, 0)], (4, 5): [(np.int64(20), 0)], (4, 9): [(np.int64(20), 0), (0, 12), (12, 14)], (5, 7): [(np.int64(0), 12), (12, 15)], (5, 8): [(np.int64(0), 12), (12, 14), (14, 13), (13, 3)], (6, 7): [(np.int64(1), 12), (12, 15)], (6, 8): [(np.int64(1), 4), (4, 6), (6, 5), (5, 3)], (6, 9): [(np.int64(1), 12), (12, 14)], (7, 8): [(np.int64(15), 13), (13, 3)], (7, 9): [(np.int64(15), 12), (12, 14)], (8, 9): [(np.int64(3), 13), (13, 14)]}","{(np.int64(0), np.int64(33)): {'cpu': 5}, (np.int64(1), np.int64(34)): {'cpu': 6}, (np.int64(2), np.int64(23)): {'cpu': 3}, (np.int64(3), np.int64(31)): {'cpu': 7}, (np.int64(4), np.int64(20)): {'cpu': 18}, (np.int64(5), np.int64(0)): {'cpu': 11}, (np.int64(6), np.int64(1)): {'cpu': 18}, (np.int64(7), np.int64(15)): {'cpu': 19}, (np.int64(8), np.int64(3)): {'cpu': 17}, (np.int64(9), np.int64(14)): {'cpu': 11}}","{((0, 1), (np.int64(33), 30)): {'bw': 33}, ((0, 1), (30, 28)): {'bw': 33}, ((0, 1), (28, 31)): {'bw': 33}, ((0, 1), (31, 34)): {'bw': 33}, ((0, 5), (np.int64(33), 30)): {'bw': 48}, ((0, 5), (30, 28)): {'bw': 48}, ((0, 5), (28, 0)): {'bw': 48}, ((0, 6), (np.int64(33), 30)): {'bw': 14}, ((0, 6), (30, 28)): {'bw': 14}, ((0, 6), (28, 1)): {'bw': 14}, ((0, 8), (np.int64(33), 30)): {'bw': 42}, ((0, 8), (30, 29)): {'bw': 42}, ((0, 8), (29, 3)): {'bw': 42}, ((1, 3), (np.int64(34), 31)): {'bw': 42}, ((1, 4), (np.int64(34), 31)): {'bw': 16}, ((1, 4), (31, 28)): {'bw': 16}, ((1, 4), (28, 0)): {'bw': 16}, ((1, 4), (0, 20)): {'bw': 16}, ((1, 6), (np.int64(34), 31)): {'bw': 47}, ((1, 6), (31, 28)): {'bw': 47}, ((1, 6), (28, 1)): {'bw': 47}, ((2, 3), (np.int64(23), 21)): {'bw': 1}, ((2, 3), (21, 2)): {'bw': 1}, ((2, 3), (2, 29)): {'bw': 1}, ((2, 3), (29, 31)): {'bw': 1}, ((2, 4), (np.int64(23), 21)): {'bw': 42}, ((2, 4), (21, 22)): {'bw': 42}, ((2, 4), (22, 20)): {'bw': 42}, ((2, 7), (np.int64(23), 20)): {'bw': 0}, ((2, 7), (20, 0)): {'bw': 0}, ((2, 7), (0, 12)): {'bw': 0}, ((2, 7), (12, 15)): {'bw': 0}, ((2, 9), (np.int64(23), 21)): {'bw': 15}, ((2, 9), (21, 2)): {'bw': 15}, ((2, 9), (2, 13)): {'bw': 15}, ((2, 9), (13, 14)): {'bw': 15}, ((3, 5), (np.int64(31), 29)): {'bw': 16}, ((3, 5), (29, 30)): {'bw': 16}, ((3, 5), (30, 28)): {'bw': 16}, ((3, 5), (28, 0)): {'bw': 16}, ((4, 5), (np.int64(20), 0)): {'bw': 8}, ((4, 9), (np.int64(20), 0)): {'bw': 41}, ((4, 9), (0, 12)): {'bw': 41}, ((4, 9), (12, 14)): {'bw': 41}, ((5, 7), (np.int64(0), 12)): {'bw': 20}, ((5, 7), (12, 15)): {'bw': 20}, ((5, 8), (np.int64(0), 12)): {'bw': 43}, ((5, 8), (12, 14)): {'bw': 43}, ((5, 8), (14, 13)): {'bw': 43}, ((5, 8), (13, 3)): {'bw': 43}, ((6, 7), (np.int64(1), 12)): {'bw': 25}, ((6, 7), (12, 15)): {'bw': 25}, ((6, 8), (np.int64(1), 4)): {'bw': 0}, ((6, 8), (4, 6)): {'bw': 0}, ((6, 8), (6, 5)): {'bw': 0}, ((6, 8), (5, 3)): {'bw': 0}, ((6, 9), (np.int64(1), 12)): {'bw': 49}, ((6, 9), (12, 14)): {'bw': 49}, ((7, 8), (np.int64(15), 13)): {'bw': 39}, ((7, 8), (13, 3)): {'bw': 39}, ((7, 9), (np.int64(15), 12)): {'bw': 2}, ((7, 9), (12, 14)): {'bw': 2}, ((8, 9), (np.int64(3), 13)): {'bw': 6}, ((8, 9), (13, 14)): {'bw': 6}}",1645.0,664.0,1265.0,115.0,549.0,115.0,549.0,115.0,1530.0,981.0,0.40364741641337387,130722.54391551377,52765.81711848094,32.07648457050513,Success,0.0,"{'node_level': {}, 'link_level': {}, 'path_level': {}}","{'node_level': {np.int64(0): {'cpu': -45}, np.int64(1): {'cpu': -33}, np.int64(2): {'cpu': -37}, np.int64(3): {'cpu': -48}, np.int64(4): {'cpu': -69}, np.int64(5): {'cpu': -65}, np.int64(6): {'cpu': -76}, np.int64(7): {'cpu': -2}, np.int64(8): {'cpu': -10}, np.int64(9): {'cpu': -60}}, 'link_level': {(0, 1): {'bw': -63}, (0, 5): {'bw': -33}, (0, 6): {'bw': -19}, (0, 8): {'bw': -96}, (1, 3): {'bw': -65}, (1, 4): {'bw': -47}, (1, 6): {'bw': 0}, (2, 3): {'bw': -57}, (2, 4): {'bw': -15}, (2, 7): {'bw': -5}, (2, 9): {'bw': 0}, (3, 5): {'bw': -3}, (4, 5): {'bw': -131}, (4, 9): {'bw': -72}, (5, 7): {'bw': -52}, (5, 8): {'bw': -9}, (6, 7): {'bw': -59}, (6, 8): {'bw': -40}, (6, 9): {'bw': -40}, (7, 8): {'bw': -169}, (7, 9): {'bw': -38}, (8, 9): {'bw': -163}}, 'path_level': {(0, 1): {}, (0, 5): {}, (0, 6): {}, (0, 8): {}, (1, 3): {}, (1, 4): {}, (1, 6): {}, (2, 3): {}, (2, 4): {}, (2, 7): {}, (2, 9): {}, (3, 5): {}, (4, 5): {}, (4, 9): {}, (5, 7): {}, (5, 8): {}, (6, 7): {}, (6, 8): {}, (6, 9): {}, (7, 8): {}, (7, 9): {}, (8, 9): {}}}","{'node_level': {np.int64(0): {'cpu': 0}, np.int64(1): {'cpu': 0}, np.int64(2): {'cpu': 0}, np.int64(3): {'cpu': 0}, np.int64(4): {'cpu': 0}, np.int64(5): {'cpu': 0}, np.int64(6): {'cpu': 0}, np.int64(7): {'cpu': 0}, np.int64(8): {'cpu': 0}, np.int64(9): {'cpu': 0}}, 'link_level': {(0, 1): {'bw': 0}, (0, 5): {'bw': 0}, (0, 6): {'bw': 0}, (0, 8): {'bw': 0}, (1, 3): {'bw': 0}, (1, 4): {'bw': 0}, (1, 6): {'bw': 0}, (2, 3): {'bw': 0}, (2, 4): {'bw': 0}, (2, 7): {'bw': 0}, (2, 9): {'bw': 0}, (3, 5): {'bw': 0}, (4, 5): {'bw': 0}, (4, 9): {'bw': 0}, (5, 7): {'bw': 0}, (5, 8): {'bw': 0}, (6, 7): {'bw': 0}, (6, 8): {'bw': 0}, (6, 9): {'bw': 0}, (7, 8): {'bw': 0}, (7, 9): {'bw': 0}, (8, 9): {'bw': 0}}, 'path_level': {(0, 1): {}, (0, 5): {}, (0, 6): {}, (0, 8): {}, (1, 3): {}, (1, 4): {}, (1, 6): {}, (2, 3): {}, (2, 4): {}, (2, 7): {}, (2, 9): {}, (3, 5): {}, (4, 5): {}, (4, 9): {}, (5, 7): {}, (5, 8): {}, (6, 7): {}, (6, 8): {}, (6, 9): {}, (7, 8): {}, (7, 9): {}, (8, 9): {}}}",[],-inf,-inf,True,True,False,0,[],0,0.0,10.0,22.0
141,109,14,25757.0,51937.0,11044353.668935077,21886638.80304544,0.4959277586306487,0.5046162532457154,35,260,0,3425.5914379911806,10735,1911,8824,0.2638674884437596,0.3861565217391304,131,202.5914379911804,3223.0,10,21,False,{},{},{},{},0.0,0.0,0.0,0.0,0.0,0.0,0.0,0.0,0.0,0.0,0.0,0.0,0.0,0.0,Leave Event,0.0,"{'node_level': {}, 'link_level': {}, 'path_level': {}}","{'node_level': {}, 'link_level': {}, 'path_level': {}}","{'node_level': {}, 'link_level': {}, 'path_level': {}}",[],-inf,-inf,True,True,False,0,[],0,0.0,,
141,109,13,25757.0,51937.0,11044353.668935077,21886638.80304544,0.4959277586306487,0.5046162532457154,35,261,0,3435.729388234326,10775,1929,8846,0.25693374422187987,0.3846260869565218,106,802.7293882343262,2633.0,3,2,False,{},{},{},{},0.0,0.0,0.0,0.0,0.0,0.0,0.0,0.0,0.0,0.0,0.0,0.0,0.0,0.0,Leave Event,0.0,"{'node_level': {}, 'link_level': {}, 'path_level': {}}","{'node_level': {}, 'link_level': {}, 'path_level': {}}","{'node_level': {}, 'link_level': {}, 'path_level': {}}",[],-inf,-inf,True,True,False,0,[],0,0.0,,
142,110,14,25793.0,51973.0,11045845.189765748,21888130.32387611,0.49627691301252574,0.5046500101343361,35,262,1,3449.0,10739,1913,8826,0.2630970724191063,0.38601739130434787,141,41.43113418526711,3449.0,2,1,True,"{np.int64(0): np.int64(2), np.int64(1): np.int64(5)}","{(0, 1): [(np.int64(2), 5)]}","{(np.int64(0), np.int64(2)): {'cpu': 3}, (np.int64(1), np.int64(5)): {'cpu': 13}}","{((0, 1), (np.int64(2), 5)): {'bw': 20}}",36.0,36.0,48.0,16.0,20.0,16.0,20.0,16.0,20.0,0.0,1.0,1491.520830669616,1491.520830669616,41.43113418526711,Success,0.0,"{'node_level': {}, 'link_level': {}, 'path_level': {}}","{'node_level': {np.int64(0): {'cpu': -15}, np.int64(1): {'cpu': -5}}, 'link_level': {(0, 1): {'bw': -111}}, 'path_level': {(0, 1): {}}}","{'node_level': {np.int64(0): {'cpu': 0}, np.int64(1): {'cpu': 0}}, 'link_level': {(0, 1): {'bw': 0}}, 'path_level': {(0, 1): {}}}",[],-inf,-inf,True,True,False,0,[],0,0.0,2.0,1.0
143,111,15,26427.0,53601.0,11075603.421633517,21964544.206337824,0.49303184642077574,0.5042491807518443,35,263,1,3478.0,9111,1795,7316,0.3085516178736518,0.49106086956521744,142,46.93727423938378,3478.0,10,20,True,"{np.int64(0): np.int64(12), np.int64(1): np.int64(9), np.int64(2): np.int64(11), np.int64(3): np.int64(28), np.int64(4): np.int64(7), np.int64(5): np.int64(6), np.int64(6): np.int64(13), np.int64(7): np.int64(18), np.int64(8): np.int64(4), np.int64(9): np.int64(29)}","{(0, 1): [(np.int64(12), 1), (1, 4), (4, 6), (6, 9)], (0, 2): [(np.int64(12), 0), (0, 4), (4, 7), (7, 11)], (0, 3): [(np.int64(12), 1), (1, 28)], (0, 4): [(np.int64(12), 1), (1, 4), (4, 7)], (0, 8): [(np.int64(12), 0), (0, 4)], (1, 3): [(np.int64(9), 6), (6, 4), (4, 0), (0, 28)], (1, 5): [(np.int64(9), 6)], (1, 7): [(np.int64(9), 6), (6, 4), (4, 1), (1, 12), (12, 15), (15, 18)], (1, 8): [(np.int64(9), 6), (6, 4)], (1, 9): [(np.int64(9), 6), (6, 5), (5, 2), (2, 29)], (2, 3): [(np.int64(11), 7), (7, 4), (4, 0), (0, 28)], (2, 5): [(np.int64(11), 7), (7, 4), (4, 6)], (3, 6): [(np.int64(28), 0), (0, 12), (12, 14), (14, 13)], (3, 7): [(np.int64(28), 0), (0, 12), (12, 15), (15, 18)], (3, 8): [(np.int64(28), 0), (0, 4)], (4, 5): [(np.int64(7), 5), (5, 6)], (4, 6): [(np.int64(7), 5), (5, 2), (2, 13)], (4, 9): [(np.int64(7), 5), (5, 2), (2, 29)], (6, 7): [(np.int64(13), 15), (15, 18)], (6, 9): [(np.int64(13), 3), (3, 29)]}","{(np.int64(0), np.int64(12)): {'cpu': 20}, (np.int64(1), np.int64(9)): {'cpu': 11}, (np.int64(2), np.int64(11)): {'cpu': 11}, (np.int64(3), np.int64(28)): {'cpu': 5}, (np.int64(4), np.int64(7)): {'cpu': 16}, (np.int64(5), np.int64(6)): {'cpu': 16}, (np.int64(6), np.int64(13)): {'cpu': 13}, (np.int64(7), np.int64(18)): {'cpu': 8}, (np.int64(8), np.int64(4)): {'cpu': 6}, (np.int64(9), np.int64(29)): {'cpu': 12}}","{((0, 1), (np.int64(12), 1)): {'bw': 42}, ((0, 1), (1, 4)): {'bw': 42}, ((0, 1), (4, 6)): {'bw': 42}, ((0, 1), (6, 9)): {'bw': 42}, ((0, 2), (np.int64(12), 0)): {'bw': 4}, ((0, 2), (0, 4)): {'bw': 4}, ((0, 2), (4, 7)): {'bw': 4}, ((0, 2), (7, 11)): {'bw': 4}, ((0, 3), (np.int64(12), 1)): {'bw': 40}, ((0, 3), (1, 28)): {'bw': 40}, ((0, 4), (np.int64(12), 1)): {'bw': 41}, ((0, 4), (1, 4)): {'bw': 41}, ((0, 4), (4, 7)): {'bw': 41}, ((0, 8), (np.int64(12), 0)): {'bw': 15}, ((0, 8), (0, 4)): {'bw': 15}, ((1, 3), (np.int64(9), 6)): {'bw': 0}, ((1, 3), (6, 4)): {'bw': 0}, ((1, 3), (4, 0)): {'bw': 0}, ((1, 3), (0, 28)): {'bw': 0}, ((1, 5), (np.int64(9), 6)): {'bw': 39}, ((1, 7), (np.int64(9), 6)): {'bw': 37}, ((1, 7), (6, 4)): {'bw': 37}, ((1, 7), (4, 1)): {'bw': 37}, ((1, 7), (1, 12)): {'bw': 37}, ((1, 7), (12, 15)): {'bw': 37}, ((1, 7), (15, 18)): {'bw': 37}, ((1, 8), (np.int64(9), 6)): {'bw': 6}, ((1, 8), (6, 4)): {'bw': 6}, ((1, 9), (np.int64(9), 6)): {'bw': 29}, ((1, 9), (6, 5)): {'bw': 29}, ((1, 9), (5, 2)): {'bw': 29}, ((1, 9), (2, 29)): {'bw': 29}, ((2, 3), (np.int64(11), 7)): {'bw': 47}, ((2, 3), (7, 4)): {'bw': 47}, ((2, 3), (4, 0)): {'bw': 47}, ((2, 3), (0, 28)): {'bw': 47}, ((2, 5), (np.int64(11), 7)): {'bw': 25}, ((2, 5), (7, 4)): {'bw': 25}, ((2, 5), (4, 6)): {'bw': 25}, ((3, 6), (np.int64(28), 0)): {'bw': 12}, ((3, 6), (0, 12)): {'bw': 12}, ((3, 6), (12, 14)): {'bw': 12}, ((3, 6), (14, 13)): {'bw': 12}, ((3, 7), (np.int64(28), 0)): {'bw': 0}, ((3, 7), (0, 12)): {'bw': 0}, ((3, 7), (12, 15)): {'bw': 0}, ((3, 7), (15, 18)): {'bw': 0}, ((3, 8), (np.int64(28), 0)): {'bw': 50}, ((3, 8), (0, 4)): {'bw': 50}, ((4, 5), (np.int64(7), 5)): {'bw': 49}, ((4, 5), (5, 6)): {'bw': 49}, ((4, 6), (np.int64(7), 5)): {'bw': 28}, ((4, 6), (5, 2)): {'bw': 28}, ((4, 6), (2, 13)): {'bw': 28}, ((4, 9), (np.int64(7), 5)): {'bw': 7}, ((4, 9), (5, 2)): {'bw': 7}, ((4, 9), (2, 29)): {'bw': 7}, ((6, 7), (np.int64(13), 15)): {'bw': 1}, ((6, 7), (15, 18)): {'bw': 1}, ((6, 9), (np.int64(13), 3)): {'bw': 44}, ((6, 9), (3, 29)): {'bw': 44}}",1628.0,634.0,1180.0,118.0,516.0,118.0,516.0,118.0,1510.0,994.0,0.3894348894348894,76413.8824617168,29758.23186776932,18.279012203789506,Success,0.0,"{'node_level': {}, 'link_level': {}, 'path_level': {}}","{'node_level': {np.int64(0): {'cpu': -30}, np.int64(1): {'cpu': -83}, np.int64(2): {'cpu': -30}, np.int64(3): {'cpu': -58}, np.int64(4): {'cpu': -30}, np.int64(5): {'cpu': -32}, np.int64(6): {'cpu': -23}, np.int64(7): {'cpu': -61}, np.int64(8): {'cpu': -42}, np.int64(9): {'cpu': -46}}, 'link_level': {(0, 1): {'bw': -210}, (0, 2): {'bw': -32}, (0, 3): {'bw': -170}, (0, 4): {'bw': -110}, (0, 8): {'bw': -17}, (1, 3): {'bw': -130}, (1, 5): {'bw': -231}, (1, 7): {'bw': -47}, (1, 8): {'bw': -188}, (1, 9): {'bw': -33}, (2, 3): {'bw': -63}, (2, 5): {'bw': -38}, (3, 6): {'bw': -5}, (3, 7): {'bw': -5}, (3, 8): {'bw': -21}, (4, 5): {'bw': -63}, (4, 6): {'bw': -54}, (4, 9): {'bw': -26}, (6, 7): {'bw': -221}, (6, 9): {'bw': -119}}, 'path_level': {(0, 1): {}, (0, 2): {}, (0, 3): {}, (0, 4): {}, (0, 8): {}, (1, 3): {}, (1, 5): {}, (1, 7): {}, (1, 8): {}, (1, 9): {}, (2, 3): {}, (2, 5): {}, (3, 6): {}, (3, 7): {}, (3, 8): {}, (4, 5): {}, (4, 6): {}, (4, 9): {}, (6, 7): {}, (6, 9): {}}}","{'node_level': {np.int64(0): {'cpu': 0}, np.int64(1): {'cpu': 0}, np.int64(2): {'cpu': 0}, np.int64(3): {'cpu': 0}, np.int64(4): {'cpu': 0}, np.int64(5): {'cpu': 0}, np.int64(6): {'cpu': 0}, np.int64(7): {'cpu': 0}, np.int64(8): {'cpu': 0}, np.int64(9): {'cpu': 0}}, 'link_level': {(0, 1): {'bw': 0}, (0, 2): {'bw': 0}, (0, 3): {'bw': 0}, (0, 4): {'bw': 0}, (0, 8): {'bw': 0}, (1, 3): {'bw': 0}, (1, 5): {'bw': 0}, (1, 7): {'bw': 0}, (1, 8): {'bw': 0}, (1, 9): {'bw': 0}, (2, 3): {'bw': 0}, (2, 5): {'bw': 0}, (3, 6): {'bw': 0}, (3, 7): {'bw': 0}, (3, 8): {'bw': 0}, (4, 5): {'bw': 0}, (4, 6): {'bw': 0}, (4, 9): {'bw': 0}, (6, 7): {'bw': 0}, (6, 9): {'bw': 0}}, 'path_level': {(0, 1): {}, (0, 2): {}, (0, 3): {}, (0, 4): {}, (0, 8): {}, (1, 3): {}, (1, 5): {}, (1, 7): {}, (1, 8): {}, (1, 9): {}, (2, 3): {}, (2, 5): {}, (3, 6): {}, (3, 7): {}, (3, 8): {}, (4, 5): {}, (4, 6): {}, (4, 9): {}, (6, 7): {}, (6, 9): {}}}",[],-inf,-inf,True,True,False,0,[],0,0.0,10.0,20.0
143,111,14,26427.0,53601.0,11075603.421633517,21964544.206337824,0.49303184642077574,0.5042491807518443,35,264,0,3490.431134185267,9147,1811,7336,0.3023882896764253,0.48966956521739136,141,41.43113418526711,3449.0,2,1,False,{},{},{},{},0.0,0.0,0.0,0.0,0.0,0.0,0.0,0.0,0.0,0.0,0.0,0.0,0.0,0.0,Leave Event,0.0,"{'node_level': {}, 'link_level': {}, 'path_level': {}}","{'node_level': {}, 'link_level': {}, 'path_level': {}}","{'node_level': {}, 'link_level': {}, 'path_level': {}}",[],-inf,-inf,True,True,False,0,[],0,0.0,,
143,111,13,26427.0,53601.0,11075603.421633517,21964544.206337824,0.49303184642077574,0.5042491807518443,35,265,0,3503.466592045905,10792,1926,8866,0.25808936825885975,0.3832347826086957,140,79.46659204590503,3424.0,10,22,False,{},{},{},{},0.0,0.0,0.0,0.0,0.0,0.0,0.0,0.0,0.0,0.0,0.0,0.0,0.0,0.0,Leave Event,0.0,"{'node_level': {}, 'link_level': {}, 'path_level': {}}","{'node_level': {}, 'link_level': {}, 'path_level': {}}","{'node_level': {}, 'link_level': {}, 'path_level': {}}",[],-inf,-inf,True,True,False,0,[],0,0.0,,
144,111,13,26427.0,53601.0,11075603.421633517,21964544.206337824,0.49303184642077574,0.5042491807518443,35,266,1,3512.0,10792,1926,8866,0.25808936825885975,0.3832347826086957,143,557.4437176744732,3512.0,7,9,False,{},{},{},{},0.0,0.0,174.0,87.0,195.0,0.0,0.0,0.0,0.0,0.0,0.0,0.0,0.0,0.0,Unknown Reason,0.0,"{'node_level': {}, 'link_level': {}, 'path_level': {}}","{'node_level': {}, 'link_level': {}, 'path_level': {}}","{'node_level': {}, 'link_level': {}, 'path_level': {}}",[],-inf,-inf,True,True,False,0,[],0,0.0,0.0,0.0
144,111,13,26427.0,53601.0,11075603.421633517,21964544.206337824,0.49303184642077574,0.5042491807518443,35,267,0,3523.7782980075954,10792,1926,8866,0.25808936825885975,0.3832347826086957,100,1045.7782980075951,2478.0,4,4,False,{},{},{},{},0.0,0.0,0.0,0.0,0.0,0.0,0.0,0.0,0.0,0.0,0.0,0.0,0.0,0.0,Leave Event,0.0,"{'node_level': {}, 'link_level': {}, 'path_level': {}}","{'node_level': {}, 'link_level': {}, 'path_level': {}}","{'node_level': {}, 'link_level': {}, 'path_level': {}}",[],-inf,-inf,True,True,False,0,[],0,0.0,,
144,111,12,26427.0,53601.0,11075603.421633517,21964544.206337824,0.49303184642077574,0.5042491807518443,35,268,0,3524.937274239384,12420,2044,10376,0.21263482280431434,0.27819130434782613,142,46.93727423938378,3478.0,10,20,False,{},{},{},{},0.0,0.0,0.0,0.0,0.0,0.0,0.0,0.0,0.0,0.0,0.0,0.0,0.0,0.0,Leave Event,0.0,"{'node_level': {}, 'link_level': {}, 'path_level': {}}","{'node_level': {}, 'link_level': {}, 'path_level': {}}","{'node_level': {}, 'link_level': {}, 'path_level': {}}",[],-inf,-inf,True,True,False,0,[],0,0.0,,
144,111,11,26427.0,53601.0,11075603.421633517,21964544.206337824,0.49303184642077574,0.5042491807518443,35,269,0,3535.4838299323173,14153,2116,12037,0.1848998459167951,0.16264347826086956,133,261.48382993231735,3274.0,10,23,False,{},{},{},{},0.0,0.0,0.0,0.0,0.0,0.0,0.0,0.0,0.0,0.0,0.0,0.0,0.0,0.0,Leave Event,0.0,"{'node_level': {}, 'link_level': {}, 'path_level': {}}","{'node_level': {}, 'link_level': {}, 'path_level': {}}","{'node_level': {}, 'link_level': {}, 'path_level': {}}",[],-inf,-inf,True,True,False,0,[],0,0.0,,
145,112,12,26457.0,53631.0,11079826.281914253,21968767.06661856,0.49331543323823906,0.5043444745130916,35,270,1,3544.0,14123,2090,12033,0.19491525423728817,0.16292173913043473,144,140.76200935785482,3544.0,2,1,True,"{np.int64(0): np.int64(28), np.int64(1): np.int64(31)}","{(0, 1): [(np.int64(28), 31)]}","{(np.int64(0), np.int64(28)): {'cpu': 20}, (np.int64(1), np.int64(31)): {'cpu': 6}}","{((0, 1), (np.int64(28), 31)): {'bw': 4}}",30.0,30.0,78.0,26.0,4.0,26.0,4.0,26.0,4.0,0.0,1.0,4222.860280735645,4222.860280735645,140.76200935785482,Success,0.0,"{'node_level': {}, 'link_level': {}, 'path_level': {}}","{'node_level': {np.int64(0): {'cpu': -43}, np.int64(1): {'cpu': -49}}, 'link_level': {(0, 1): {'bw': -283}}, 'path_level': {(0, 1): {}}}","{'node_level': {np.int64(0): {'cpu': 0}, np.int64(1): {'cpu': 0}}, 'link_level': {(0, 1): {'bw': 0}}, 'path_level': {(0, 1): {}}}",[],-inf,-inf,True,True,False,0,[],0,0.0,2.0,1.0
146,113,13,26822.0,54390.0,11179408.816404218,22175844.17258537,0.49314212171355026,0.5041255128508088,36,271,1,3576.0,13364,1991,11373,0.23305084745762716,0.2088347826086957,145,272.8288616163447,3576.0,8,12,True,"{np.int64(0): np.int64(16), np.int64(1): np.int64(19), np.int64(2): np.int64(20), np.int64(3): np.int64(5), np.int64(4): np.int64(15), np.int64(5): np.int64(2), np.int64(6): np.int64(6), np.int64(7): np.int64(14)}","{(0, 2): [(np.int64(16), 14), (14, 12), (12, 0), (0, 20)], (0, 4): [(np.int64(16), 14), (14, 12), (12, 15)], (0, 6): [(np.int64(16), 14), (14, 12), (12, 0), (0, 4), (4, 6)], (1, 2): [(np.int64(19), 15), (15, 12), (12, 0), (0, 20)], (1, 3): [(np.int64(19), 15), (15, 13), (13, 2), (2, 5)], (1, 4): [(np.int64(19), 15)], (3, 5): [(np.int64(5), 2)], (3, 7): [(np.int64(5), 2), (2, 13), (13, 14)], (4, 6): [(np.int64(15), 12), (12, 0), (0, 4), (4, 6)], (4, 7): [(np.int64(15), 12), (12, 14)], (5, 6): [(np.int64(2), 5), (5, 6)], (5, 7): [(np.int64(2), 13), (13, 14)]}","{(np.int64(0), np.int64(16)): {'cpu': 16}, (np.int64(1), np.int64(19)): {'cpu': 2}, (np.int64(2), np.int64(20)): {'cpu': 15}, (np.int64(3), np.int64(5)): {'cpu': 15}, (np.int64(4), np.int64(15)): {'cpu': 14}, (np.int64(5), np.int64(2)): {'cpu': 15}, (np.int64(6), np.int64(6)): {'cpu': 7}, (np.int64(7), np.int64(14)): {'cpu': 15}}","{((0, 2), (np.int64(16), 14)): {'bw': 24}, ((0, 2), (14, 12)): {'bw': 24}, ((0, 2), (12, 0)): {'bw': 24}, ((0, 2), (0, 20)): {'bw': 24}, ((0, 4), (np.int64(16), 14)): {'bw': 14}, ((0, 4), (14, 12)): {'bw': 14}, ((0, 4), (12, 15)): {'bw': 14}, ((0, 6), (np.int64(16), 14)): {'bw': 10}, ((0, 6), (14, 12)): {'bw': 10}, ((0, 6), (12, 0)): {'bw': 10}, ((0, 6), (0, 4)): {'bw': 10}, ((0, 6), (4, 6)): {'bw': 10}, ((1, 2), (np.int64(19), 15)): {'bw': 4}, ((1, 2), (15, 12)): {'bw': 4}, ((1, 2), (12, 0)): {'bw': 4}, ((1, 2), (0, 20)): {'bw': 4}, ((1, 3), (np.int64(19), 15)): {'bw': 20}, ((1, 3), (15, 13)): {'bw': 20}, ((1, 3), (13, 2)): {'bw': 20}, ((1, 3), (2, 5)): {'bw': 20}, ((1, 4), (np.int64(19), 15)): {'bw': 41}, ((3, 5), (np.int64(5), 2)): {'bw': 40}, ((3, 7), (np.int64(5), 2)): {'bw': 11}, ((3, 7), (2, 13)): {'bw': 11}, ((3, 7), (13, 14)): {'bw': 11}, ((4, 6), (np.int64(15), 12)): {'bw': 29}, ((4, 6), (12, 0)): {'bw': 29}, ((4, 6), (0, 4)): {'bw': 29}, ((4, 6), (4, 6)): {'bw': 29}, ((4, 7), (np.int64(15), 12)): {'bw': 3}, ((4, 7), (12, 14)): {'bw': 3}, ((5, 6), (np.int64(2), 5)): {'bw': 44}, ((5, 6), (5, 6)): {'bw': 44}, ((5, 7), (np.int64(2), 13)): {'bw': 26}, ((5, 7), (13, 14)): {'bw': 26}}",759.0,365.0,1386.0,99.0,266.0,99.0,266.0,99.0,660.0,394.0,0.48089591567852435,207077.10596680563,99582.53448996581,131.20228523052148,Success,0.0,"{'node_level': {}, 'link_level': {}, 'path_level': {}}","{'node_level': {np.int64(0): {'cpu': -35}, np.int64(1): {'cpu': -58}, np.int64(2): {'cpu': -81}, np.int64(3): {'cpu': -3}, np.int64(4): {'cpu': -22}, np.int64(5): {'cpu': -3}, np.int64(6): {'cpu': -41}, np.int64(7): {'cpu': -56}}, 'link_level': {(0, 2): {'bw': -149}, (0, 4): {'bw': -135}, (0, 6): {'bw': -125}, (1, 2): {'bw': -151}, (1, 3): {'bw': -111}, (1, 4): {'bw': -108}, (3, 5): {'bw': -71}, (3, 7): {'bw': -60}, (4, 6): {'bw': -122}, (4, 7): {'bw': -122}, (5, 6): {'bw': -16}, (5, 7): {'bw': -239}}, 'path_level': {(0, 2): {}, (0, 4): {}, (0, 6): {}, (1, 2): {}, (1, 3): {}, (1, 4): {}, (3, 5): {}, (3, 7): {}, (4, 6): {}, (4, 7): {}, (5, 6): {}, (5, 7): {}}}","{'node_level': {np.int64(0): {'cpu': 0}, np.int64(1): {'cpu': 0}, np.int64(2): {'cpu': 0}, np.int64(3): {'cpu': 0}, np.int64(4): {'cpu': 0}, np.int64(5): {'cpu': 0}, np.int64(6): {'cpu': 0}, np.int64(7): {'cpu': 0}}, 'link_level': {(0, 2): {'bw': 0}, (0, 4): {'bw': 0}, (0, 6): {'bw': 0}, (1, 2): {'bw': 0}, (1, 3): {'bw': 0}, (1, 4): {'bw': 0}, (3, 5): {'bw': 0}, (3, 7): {'bw': 0}, (4, 6): {'bw': 0}, (4, 7): {'bw': 0}, (5, 6): {'bw': 0}, (5, 7): {'bw': 0}}, 'path_level': {(0, 2): {}, (0, 4): {}, (0, 6): {}, (1, 2): {}, (1, 3): {}, (1, 4): {}, (3, 5): {}, (3, 7): {}, (4, 6): {}, (4, 7): {}, (5, 6): {}, (5, 7): {}}}",[],-inf,-inf,True,True,False,0,[],0,0.0,8.0,12.0
147,114,14,27227.0,55297.0,11344450.03059937,22545454.99054834,0.4923775250013563,0.5031812414233942,36,272,1,3599.0,12457,1936,10521,0.2542372881355932,0.26810434782608694,146,407.5091708522285,3599.0,7,12,True,"{np.int64(0): np.int64(22), np.int64(1): np.int64(26), np.int64(2): np.int64(28), np.int64(3): np.int64(30), np.int64(4): np.int64(24), np.int64(5): np.int64(2), np.int64(6): np.int64(29)}","{(0, 4): [(np.int64(22), 24)], (0, 5): [(np.int64(22), 21), (21, 2)], (1, 3): [(np.int64(26), 23), (23, 20), (20, 0), (0, 28), (28, 30)], (1, 6): [(np.int64(26), 23), (23, 21), (21, 2), (2, 29)], (2, 3): [(np.int64(28), 30)], (2, 4): [(np.int64(28), 0), (0, 20), (20, 22), (22, 24)], (2, 5): [(np.int64(28), 30), (30, 29), (29, 2)], (3, 4): [(np.int64(30), 28), (28, 0), (0, 20), (20, 22), (22, 24)], (3, 6): [(np.int64(30), 29)], (4, 5): [(np.int64(24), 22), (22, 21), (21, 2)], (4, 6): [(np.int64(24), 22), (22, 21), (21, 2), (2, 29)], (5, 6): [(np.int64(2), 29)]}","{(np.int64(0), np.int64(22)): {'cpu': 2}, (np.int64(1), np.int64(26)): {'cpu': 2}, (np.int64(2), np.int64(28)): {'cpu': 13}, (np.int64(3), np.int64(30)): {'cpu': 18}, (np.int64(4), np.int64(24)): {'cpu': 15}, (np.int64(5), np.int64(2)): {'cpu': 1}, (np.int64(6), np.int64(29)): {'cpu': 4}}","{((0, 4), (np.int64(22), 24)): {'bw': 36}, ((0, 5), (np.int64(22), 21)): {'bw': 17}, ((0, 5), (21, 2)): {'bw': 17}, ((1, 3), (np.int64(26), 23)): {'bw': 24}, ((1, 3), (23, 20)): {'bw': 24}, ((1, 3), (20, 0)): {'bw': 24}, ((1, 3), (0, 28)): {'bw': 24}, ((1, 3), (28, 30)): {'bw': 24}, ((1, 6), (np.int64(26), 23)): {'bw': 25}, ((1, 6), (23, 21)): {'bw': 25}, ((1, 6), (21, 2)): {'bw': 25}, ((1, 6), (2, 29)): {'bw': 25}, ((2, 3), (np.int64(28), 30)): {'bw': 43}, ((2, 4), (np.int64(28), 0)): {'bw': 12}, ((2, 4), (0, 20)): {'bw': 12}, ((2, 4), (20, 22)): {'bw': 12}, ((2, 4), (22, 24)): {'bw': 12}, ((2, 5), (np.int64(28), 30)): {'bw': 34}, ((2, 5), (30, 29)): {'bw': 34}, ((2, 5), (29, 2)): {'bw': 34}, ((3, 4), (np.int64(30), 28)): {'bw': 21}, ((3, 4), (28, 0)): {'bw': 21}, ((3, 4), (0, 20)): {'bw': 21}, ((3, 4), (20, 22)): {'bw': 21}, ((3, 4), (22, 24)): {'bw': 21}, ((3, 6), (np.int64(30), 29)): {'bw': 50}, ((4, 5), (np.int64(24), 22)): {'bw': 9}, ((4, 5), (22, 21)): {'bw': 9}, ((4, 5), (21, 2)): {'bw': 9}, ((4, 6), (np.int64(24), 22)): {'bw': 36}, ((4, 6), (22, 21)): {'bw': 36}, ((4, 6), (21, 2)): {'bw': 36}, ((4, 6), (2, 29)): {'bw': 36}, ((5, 6), (np.int64(2), 29)): {'bw': 43}}",907.0,405.0,605.0,55.0,350.0,55.0,350.0,55.0,852.0,502.0,0.44652701212789414,369610.8179629713,165041.21419515254,181.96385247536114,Success,0.0,"{'node_level': {}, 'link_level': {}, 'path_level': {}}","{'node_level': {np.int64(0): {'cpu': -49}, np.int64(1): {'cpu': -43}, np.int64(2): {'cpu': -30}, np.int64(3): {'cpu': -33}, np.int64(4): {'cpu': -46}, np.int64(5): {'cpu': -2}, np.int64(6): {'cpu': -62}}, 'link_level': {(0, 4): {'bw': -159}, (0, 5): {'bw': -134}, (1, 3): {'bw': -142}, (1, 6): {'bw': -125}, (2, 3): {'bw': -99}, (2, 4): {'bw': -147}, (2, 5): {'bw': -65}, (3, 4): {'bw': -44}, (3, 6): {'bw': -140}, (4, 5): {'bw': -117}, (4, 6): {'bw': -55}, (5, 6): {'bw': -12}}, 'path_level': {(0, 4): {}, (0, 5): {}, (1, 3): {}, (1, 6): {}, (2, 3): {}, (2, 4): {}, (2, 5): {}, (3, 4): {}, (3, 6): {}, (4, 5): {}, (4, 6): {}, (5, 6): {}}}","{'node_level': {np.int64(0): {'cpu': 0}, np.int64(1): {'cpu': 0}, np.int64(2): {'cpu': 0}, np.int64(3): {'cpu': 0}, np.int64(4): {'cpu': 0}, np.int64(5): {'cpu': 0}, np.int64(6): {'cpu': 0}}, 'link_level': {(0, 4): {'bw': 0}, (0, 5): {'bw': 0}, (1, 3): {'bw': 0}, (1, 6): {'bw': 0}, (2, 3): {'bw': 0}, (2, 4): {'bw': 0}, (2, 5): {'bw': 0}, (3, 4): {'bw': 0}, (3, 6): {'bw': 0}, (4, 5): {'bw': 0}, (4, 6): {'bw': 0}, (5, 6): {'bw': 0}}, 'path_level': {(0, 4): {}, (0, 5): {}, (1, 3): {}, (1, 6): {}, (2, 3): {}, (2, 4): {}, (2, 5): {}, (3, 4): {}, (3, 6): {}, (4, 5): {}, (4, 6): {}, (5, 6): {}}}",[],-inf,-inf,True,True,False,0,[],0,0.0,7.0,12.0
148,115,15,27408.0,55540.0,11522740.241816022,22784816.986822627,0.49348217500900254,0.5057201139021693,36,273,1,3622.0,12214,1871,10343,0.2792758089368259,0.28048695652173916,147,985.0287912522191,3622.0,5,4,True,"{np.int64(0): np.int64(7), np.int64(1): np.int64(0), np.int64(2): np.int64(22), np.int64(3): np.int64(24), np.int64(4): np.int64(11)}","{(0, 1): [(np.int64(7), 4), (4, 0)], (0, 2): [(np.int64(7), 4), (4, 0), (0, 20), (20, 22)], (0, 4): [(np.int64(7), 11)], (2, 3): [(np.int64(22), 24)]}","{(np.int64(0), np.int64(7)): {'cpu': 9}, (np.int64(1), np.int64(0)): {'cpu': 6}, (np.int64(2), np.int64(22)): {'cpu': 17}, (np.int64(3), np.int64(24)): {'cpu': 18}, (np.int64(4), np.int64(11)): {'cpu': 15}}","{((0, 1), (np.int64(7), 4)): {'bw': 44}, ((0, 1), (4, 0)): {'bw': 44}, ((0, 2), (np.int64(7), 4)): {'bw': 6}, ((0, 2), (4, 0)): {'bw': 6}, ((0, 2), (0, 20)): {'bw': 6}, ((0, 2), (20, 22)): {'bw': 6}, ((0, 4), (np.int64(7), 11)): {'bw': 50}, ((2, 3), (np.int64(22), 24)): {'bw': 16}}",243.0,181.0,325.0,65.0,116.0,65.0,116.0,65.0,178.0,62.0,0.7448559670781894,239361.99627428924,178290.21121665166,733.7045729080315,Success,0.0,"{'node_level': {}, 'link_level': {}, 'path_level': {}}","{'node_level': {np.int64(0): {'cpu': -37}, np.int64(1): {'cpu': -70}, np.int64(2): {'cpu': -32}, np.int64(3): {'cpu': -28}, np.int64(4): {'cpu': -26}}, 'link_level': {(0, 1): {'bw': -111}, (0, 2): {'bw': -105}, (0, 4): {'bw': -231}, (2, 3): {'bw': -65}}, 'path_level': {(0, 1): {}, (0, 2): {}, (0, 4): {}, (2, 3): {}}}","{'node_level': {np.int64(0): {'cpu': 0}, np.int64(1): {'cpu': 0}, np.int64(2): {'cpu': 0}, np.int64(3): {'cpu': 0}, np.int64(4): {'cpu': 0}}, 'link_level': {(0, 1): {'bw': 0}, (0, 2): {'bw': 0}, (0, 4): {'bw': 0}, (2, 3): {'bw': 0}}, 'path_level': {(0, 1): {}, (0, 2): {}, (0, 4): {}, (2, 3): {}}}",[],-inf,-inf,True,True,False,0,[],0,0.0,5.0,4.0
148,115,14,27408.0,55540.0,11522740.241816022,22784816.986822627,0.49348217500900254,0.5057201139021693,36,274,0,3633.2792483368744,12348,1926,10422,0.25808936825885975,0.27499130434782604,92,1326.2792483368744,2307.0,4,3,False,{},{},{},{},0.0,0.0,0.0,0.0,0.0,0.0,0.0,0.0,0.0,0.0,0.0,0.0,0.0,0.0,Leave Event,0.0,"{'node_level': {}, 'link_level': {}, 'path_level': {}}","{'node_level': {}, 'link_level': {}, 'path_level': {}}","{'node_level': {}, 'link_level': {}, 'path_level': {}}",[],-inf,-inf,True,True,False,0,[],0,0.0,,
149,116,15,27488.0,55620.0,11574678.067072667,22836754.812079273,0.4942107155699389,0.5068442588414689,36,275,1,3643.0,12268,1909,10359,0.26463790446841295,0.27937391304347825,148,649.2228157080609,3643.0,3,2,True,"{np.int64(0): np.int64(7), np.int64(1): np.int64(4), np.int64(2): np.int64(5)}","{(0, 1): [(np.int64(7), 4)], (0, 2): [(np.int64(7), 5)]}","{(np.int64(0), np.int64(7)): {'cpu': 11}, (np.int64(1), np.int64(4)): {'cpu': 0}, (np.int64(2), np.int64(5)): {'cpu': 6}}","{((0, 1), (np.int64(7), 4)): {'bw': 25}, ((0, 2), (np.int64(7), 5)): {'bw': 38}}",80.0,80.0,170.0,17.0,63.0,17.0,63.0,17.0,63.0,0.0,1.0,51937.82525664487,51937.82525664487,649.2228157080609,Success,0.0,"{'node_level': {}, 'link_level': {}, 'path_level': {}}","{'node_level': {np.int64(0): {'cpu': -41}, np.int64(1): {'cpu': -53}, np.int64(2): {'cpu': -14}}, 'link_level': {(0, 1): {'bw': -80}, (0, 2): {'bw': -202}}, 'path_level': {(0, 1): {}, (0, 2): {}}}","{'node_level': {np.int64(0): {'cpu': 0}, np.int64(1): {'cpu': 0}, np.int64(2): {'cpu': 0}}, 'link_level': {(0, 1): {'bw': 0}, (0, 2): {'bw': 0}}, 'path_level': {(0, 1): {}, (0, 2): {}}}",[],-inf,-inf,True,True,False,0,[],0,0.0,3.0,2.0
150,117,16,28054.0,56932.0,11663868.3558491,23043499.792423233,0.49276329656432233,0.5061673990894479,36,276,1,3671.0,10956,1814,9142,0.3012326656394453,0.3640347826086957,149,157.5800155060661,3671.0,10,24,True,"{np.int64(0): np.int64(12), np.int64(1): np.int64(29), np.int64(2): np.int64(25), np.int64(3): np.int64(0), np.int64(4): np.int64(6), np.int64(5): np.int64(1), np.int64(6): np.int64(3), np.int64(7): np.int64(7), np.int64(8): np.int64(20), np.int64(9): np.int64(4)}","{(0, 2): [(np.int64(12), 0), (0, 20), (20, 22), (22, 25)], (0, 3): [(np.int64(12), 0)], (0, 4): [(np.int64(12), 0), (0, 4), (4, 6)], (0, 7): [(np.int64(12), 0), (0, 4), (4, 7)], (0, 8): [(np.int64(12), 0), (0, 20)], (1, 2): [(np.int64(29), 3), (3, 21), (21, 22), (22, 25)], (1, 3): [(np.int64(29), 30), (30, 28), (28, 0)], (1, 4): [(np.int64(29), 3), (3, 5), (5, 6)], (1, 5): [(np.int64(29), 30), (30, 28), (28, 1)], (1, 6): [(np.int64(29), 3)], (1, 8): [(np.int64(29), 3), (3, 21), (21, 22), (22, 20)], (1, 9): [(np.int64(29), 3), (3, 5), (5, 6), (6, 4)], (2, 4): [(np.int64(25), 22), (22, 20), (20, 0), (0, 4), (4, 6)], (2, 5): [(np.int64(25), 22), (22, 20), (20, 1)], (2, 7): [(np.int64(25), 22), (22, 20), (20, 0), (0, 4), (4, 7)], (3, 4): [(np.int64(0), 4), (4, 6)], (3, 9): [(np.int64(0), 4)], (4, 6): [(np.int64(6), 5), (5, 3)], (4, 9): [(np.int64(6), 4)], (5, 8): [(np.int64(1), 20)], (6, 7): [(np.int64(3), 5), (5, 7)], (6, 8): [(np.int64(3), 21), (21, 22), (22, 20)], (6, 9): [(np.int64(3), 5), (5, 6), (6, 4)], (7, 9): [(np.int64(7), 4)]}","{(np.int64(0), np.int64(12)): {'cpu': 2}, (np.int64(1), np.int64(29)): {'cpu': 19}, (np.int64(2), np.int64(25)): {'cpu': 12}, (np.int64(3), np.int64(0)): {'cpu': 18}, (np.int64(4), np.int64(6)): {'cpu': 0}, (np.int64(5), np.int64(1)): {'cpu': 9}, (np.int64(6), np.int64(3)): {'cpu': 17}, (np.int64(7), np.int64(7)): {'cpu': 10}, (np.int64(8), np.int64(20)): {'cpu': 4}, (np.int64(9), np.int64(4)): {'cpu': 4}}","{((0, 2), (np.int64(12), 0)): {'bw': 18}, ((0, 2), (0, 20)): {'bw': 18}, ((0, 2), (20, 22)): {'bw': 18}, ((0, 2), (22, 25)): {'bw': 18}, ((0, 3), (np.int64(12), 0)): {'bw': 5}, ((0, 4), (np.int64(12), 0)): {'bw': 14}, ((0, 4), (0, 4)): {'bw': 14}, ((0, 4), (4, 6)): {'bw': 14}, ((0, 7), (np.int64(12), 0)): {'bw': 10}, ((0, 7), (0, 4)): {'bw': 10}, ((0, 7), (4, 7)): {'bw': 10}, ((0, 8), (np.int64(12), 0)): {'bw': 50}, ((0, 8), (0, 20)): {'bw': 50}, ((1, 2), (np.int64(29), 3)): {'bw': 29}, ((1, 2), (3, 21)): {'bw': 29}, ((1, 2), (21, 22)): {'bw': 29}, ((1, 2), (22, 25)): {'bw': 29}, ((1, 3), (np.int64(29), 30)): {'bw': 19}, ((1, 3), (30, 28)): {'bw': 19}, ((1, 3), (28, 0)): {'bw': 19}, ((1, 4), (np.int64(29), 3)): {'bw': 34}, ((1, 4), (3, 5)): {'bw': 34}, ((1, 4), (5, 6)): {'bw': 34}, ((1, 5), (np.int64(29), 30)): {'bw': 3}, ((1, 5), (30, 28)): {'bw': 3}, ((1, 5), (28, 1)): {'bw': 3}, ((1, 6), (np.int64(29), 3)): {'bw': 8}, ((1, 8), (np.int64(29), 3)): {'bw': 26}, ((1, 8), (3, 21)): {'bw': 26}, ((1, 8), (21, 22)): {'bw': 26}, ((1, 8), (22, 20)): {'bw': 26}, ((1, 9), (np.int64(29), 3)): {'bw': 18}, ((1, 9), (3, 5)): {'bw': 18}, ((1, 9), (5, 6)): {'bw': 18}, ((1, 9), (6, 4)): {'bw': 18}, ((2, 4), (np.int64(25), 22)): {'bw': 4}, ((2, 4), (22, 20)): {'bw': 4}, ((2, 4), (20, 0)): {'bw': 4}, ((2, 4), (0, 4)): {'bw': 4}, ((2, 4), (4, 6)): {'bw': 4}, ((2, 5), (np.int64(25), 22)): {'bw': 7}, ((2, 5), (22, 20)): {'bw': 7}, ((2, 5), (20, 1)): {'bw': 7}, ((2, 7), (np.int64(25), 22)): {'bw': 42}, ((2, 7), (22, 20)): {'bw': 42}, ((2, 7), (20, 0)): {'bw': 42}, ((2, 7), (0, 4)): {'bw': 42}, ((2, 7), (4, 7)): {'bw': 42}, ((3, 4), (np.int64(0), 4)): {'bw': 29}, ((3, 4), (4, 6)): {'bw': 29}, ((3, 9), (np.int64(0), 4)): {'bw': 35}, ((4, 6), (np.int64(6), 5)): {'bw': 15}, ((4, 6), (5, 3)): {'bw': 15}, ((4, 9), (np.int64(6), 4)): {'bw': 46}, ((5, 8), (np.int64(1), 20)): {'bw': 45}, ((6, 7), (np.int64(3), 5)): {'bw': 3}, ((6, 7), (5, 7)): {'bw': 3}, ((6, 8), (np.int64(3), 21)): {'bw': 3}, ((6, 8), (21, 22)): {'bw': 3}, ((6, 8), (22, 20)): {'bw': 3}, ((6, 9), (np.int64(3), 5)): {'bw': 6}, ((6, 9), (5, 6)): {'bw': 6}, ((6, 9), (6, 4)): {'bw': 6}, ((7, 9), (np.int64(7), 4)): {'bw': 2}}",1312.0,566.0,570.0,95.0,471.0,95.0,471.0,95.0,1217.0,746.0,0.43140243902439024,206744.98034395874,89190.28877643342,67.98040303081815,Success,0.0,"{'node_level': {}, 'link_level': {}, 'path_level': {}}","{'node_level': {np.int64(0): {'cpu': -48}, np.int64(1): {'cpu': -43}, np.int64(2): {'cpu': -51}, np.int64(3): {'cpu': -63}, np.int64(4): {'cpu': -41}, np.int64(5): {'cpu': -88}, np.int64(6): {'cpu': -10}, np.int64(7): {'cpu': -31}, np.int64(8): {'cpu': -77}, np.int64(9): {'cpu': -49}}, 'link_level': {(0, 2): {'bw': -104}, (0, 3): {'bw': -99}, (0, 4): {'bw': -85}, (0, 7): {'bw': -70}, (0, 8): {'bw': -25}, (1, 2): {'bw': -60}, (1, 3): {'bw': -25}, (1, 4): {'bw': -55}, (1, 5): {'bw': -22}, (1, 6): {'bw': -237}, (1, 8): {'bw': -34}, (1, 9): {'bw': -37}, (2, 4): {'bw': -156}, (2, 5): {'bw': -177}, (2, 7): {'bw': -28}, (3, 4): {'bw': -177}, (3, 9): {'bw': -142}, (4, 6): {'bw': -22}, (4, 9): {'bw': -170}, (5, 8): {'bw': -180}, (6, 7): {'bw': -19}, (6, 8): {'bw': -31}, (6, 9): {'bw': -13}, (7, 9): {'bw': -26}}, 'path_level': {(0, 2): {}, (0, 3): {}, (0, 4): {}, (0, 7): {}, (0, 8): {}, (1, 2): {}, (1, 3): {}, (1, 4): {}, (1, 5): {}, (1, 6): {}, (1, 8): {}, (1, 9): {}, (2, 4): {}, (2, 5): {}, (2, 7): {}, (3, 4): {}, (3, 9): {}, (4, 6): {}, (4, 9): {}, (5, 8): {}, (6, 7): {}, (6, 8): {}, (6, 9): {}, (7, 9): {}}}","{'node_level': {np.int64(0): {'cpu': 0}, np.int64(1): {'cpu': 0}, np.int64(2): {'cpu': 0}, np.int64(3): {'cpu': 0}, np.int64(4): {'cpu': 0}, np.int64(5): {'cpu': 0}, np.int64(6): {'cpu': 0}, np.int64(7): {'cpu': 0}, np.int64(8): {'cpu': 0}, np.int64(9): {'cpu': 0}}, 'link_level': {(0, 2): {'bw': 0}, (0, 3): {'bw': 0}, (0, 4): {'bw': 0}, (0, 7): {'bw': 0}, (0, 8): {'bw': 0}, (1, 2): {'bw': 0}, (1, 3): {'bw': 0}, (1, 4): {'bw': 0}, (1, 5): {'bw': 0}, (1, 6): {'bw': 0}, (1, 8): {'bw': 0}, (1, 9): {'bw': 0}, (2, 4): {'bw': 0}, (2, 5): {'bw': 0}, (2, 7): {'bw': 0}, (3, 4): {'bw': 0}, (3, 9): {'bw': 0}, (4, 6): {'bw': 0}, (4, 9): {'bw': 0}, (5, 8): {'bw': 0}, (6, 7): {'bw': 0}, (6, 8): {'bw': 0}, (6, 9): {'bw': 0}, (7, 9): {'bw': 0}}, 'path_level': {(0, 2): {}, (0, 3): {}, (0, 4): {}, (0, 7): {}, (0, 8): {}, (1, 2): {}, (1, 3): {}, (1, 4): {}, (1, 5): {}, (1, 6): {}, (1, 8): {}, (1, 9): {}, (2, 4): {}, (2, 5): {}, (2, 7): {}, (3, 4): {}, (3, 9): {}, (4, 6): {}, (4, 9): {}, (5, 8): {}, (6, 7): {}, (6, 8): {}, (6, 9): {}, (7, 9): {}}}",[],-inf,-inf,True,True,False,0,[],0,0.0,10.0,24.0
150,117,16,28054.0,56932.0,11663868.3558491,23043499.792423233,0.49276329656432233,0.5061673990894479,36,277,0,3681.0508530702546,10956,1814,9142,0.3012326656394453,0.3640347826086957,110,945.0508530702544,2736.0,8,17,False,{},{},{},{},0.0,0.0,0.0,0.0,0.0,0.0,0.0,0.0,0.0,0.0,0.0,0.0,0.0,0.0,Leave Event,0.0,"{'node_level': {}, 'link_level': {}, 'path_level': {}}","{'node_level': {}, 'link_level': {}, 'path_level': {}}","{'node_level': {}, 'link_level': {}, 'path_level': {}}",[],-inf,-inf,True,True,False,0,[],0,0.0,,
150,117,15,28054.0,56932.0,11663868.3558491,23043499.792423233,0.49276329656432233,0.5061673990894479,36,278,0,3684.762009357855,10986,1840,9146,0.2912172573189522,0.3637565217391304,144,140.76200935785482,3544.0,2,1,False,{},{},{},{},0.0,0.0,0.0,0.0,0.0,0.0,0.0,0.0,0.0,0.0,0.0,0.0,0.0,0.0,Leave Event,0.0,"{'node_level': {}, 'link_level': {}, 'path_level': {}}","{'node_level': {}, 'link_level': {}, 'path_level': {}}","{'node_level': {}, 'link_level': {}, 'path_level': {}}",[],-inf,-inf,True,True,False,0,[],0,0.0,,
151,118,16,28065.0,56943.0,11664643.679235414,23044275.11580955,0.49286128233496657,0.5061840140605193,36,279,1,3696.0,10975,1832,9143,0.29429892141756553,0.3639652173913044,150,70.48394421033674,3696.0,2,1,True,"{np.int64(0): np.int64(32), np.int64(1): np.int64(30)}","{(0, 1): [(np.int64(32), 30)]}","{(np.int64(0), np.int64(32)): {'cpu': 5}, (np.int64(1), np.int64(30)): {'cpu': 3}}","{((0, 1), (np.int64(32), 30)): {'bw': 3}}",11.0,11.0,24.0,8.0,3.0,8.0,3.0,8.0,3.0,0.0,1.0,775.3233863137042,775.3233863137042,70.48394421033674,Success,0.0,"{'node_level': {}, 'link_level': {}, 'path_level': {}}","{'node_level': {np.int64(0): {'cpu': -92}, np.int64(1): {'cpu': -30}}, 'link_level': {(0, 1): {'bw': -325}}, 'path_level': {(0, 1): {}}}","{'node_level': {np.int64(0): {'cpu': 0}, np.int64(1): {'cpu': 0}}, 'link_level': {(0, 1): {'bw': 0}}, 'path_level': {(0, 1): {}}}",[],-inf,-inf,True,True,False,0,[],0,0.0,2.0,1.0
152,118,16,28065.0,56943.0,11664643.679235414,23044275.11580955,0.49286128233496657,0.5061840140605193,36,280,1,3715.0,10975,1832,9143,0.29429892141756553,0.3639652173913044,151,28.483268112510835,3715.0,6,9,False,{},{},{},{},0.0,0.0,120.0,60.0,238.0,0.0,0.0,0.0,0.0,0.0,0.0,0.0,0.0,0.0,Unknown Reason,0.0,"{'node_level': {}, 'link_level': {}, 'path_level': {}}","{'node_level': {}, 'link_level': {}, 'path_level': {}}","{'node_level': {}, 'link_level': {}, 'path_level': {}}",[],-inf,-inf,True,True,False,0,[],0,0.0,0.0,0.0
152,118,15,28065.0,56943.0,11664643.679235414,23044275.11580955,0.49286128233496657,0.5061840140605193,36,281,0,3731.8807185302517,11028,1869,9159,0.28004622496147924,0.3628521739130435,108,1036.8807185302517,2695.0,3,2,False,{},{},{},{},0.0,0.0,0.0,0.0,0.0,0.0,0.0,0.0,0.0,0.0,0.0,0.0,0.0,0.0,Leave Event,0.0,"{'node_level': {}, 'link_level': {}, 'path_level': {}}","{'node_level': {}, 'link_level': {}, 'path_level': {}}","{'node_level': {}, 'link_level': {}, 'path_level': {}}",[],-inf,-inf,True,True,False,0,[],0,0.0,,
152,118,15,28065.0,56943.0,11664643.679235414,23044275.11580955,0.49286128233496657,0.5061840140605193,36,282,0,3743.483268112511,11028,1869,9159,0.28004622496147924,0.3628521739130435,151,28.483268112510835,3715.0,6,9,False,{},{},{},{},0.0,0.0,0.0,0.0,0.0,0.0,0.0,0.0,0.0,0.0,0.0,0.0,0.0,0.0,Leave Event,0.0,"{'node_level': {}, 'link_level': {}, 'path_level': {}}","{'node_level': {}, 'link_level': {}, 'path_level': {}}","{'node_level': {}, 'link_level': {}, 'path_level': {}}",[],-inf,-inf,True,True,False,0,[],0,0.0,,
153,118,15,28065.0,56943.0,11664643.679235414,23044275.11580955,0.49286128233496657,0.5061840140605193,36,283,1,3755.0,11028,1869,9159,0.28004622496147924,0.3628521739130435,152,179.48065962404627,3755.0,8,18,False,{},{},{},{},0.0,0.0,138.0,69.0,491.0,0.0,0.0,0.0,0.0,0.0,0.0,0.0,0.0,0.0,Unknown Reason,0.0,"{'node_level': {}, 'link_level': {}, 'path_level': {}}","{'node_level': {}, 'link_level': {}, 'path_level': {}}","{'node_level': {}, 'link_level': {}, 'path_level': {}}",[],-inf,-inf,True,True,False,0,[],0,0.0,0.0,0.0
153,118,14,28065.0,56943.0,11664643.679235414,23044275.11580955,0.49286128233496657,0.5061840140605193,36,284,0,3766.4839442103366,11039,1877,9162,0.2769645608628659,0.3626434782608695,150,70.48394421033674,3696.0,2,1,False,{},{},{},{},0.0,0.0,0.0,0.0,0.0,0.0,0.0,0.0,0.0,0.0,0.0,0.0,0.0,0.0,Leave Event,0.0,"{'node_level': {}, 'link_level': {}, 'path_level': {}}","{'node_level': {}, 'link_level': {}, 'path_level': {}}","{'node_level': {}, 'link_level': {}, 'path_level': {}}",[],-inf,-inf,True,True,False,0,[],0,0.0,,
154,118,14,28065.0,56943.0,11664643.679235414,23044275.11580955,0.49286128233496657,0.5061840140605193,36,285,1,3775.0,11039,1877,9162,0.2769645608628659,0.3626434782608695,153,151.9857805093752,3775.0,7,11,False,{},{},{},{},0.0,0.0,112.0,56.0,306.0,0.0,0.0,0.0,0.0,0.0,0.0,0.0,0.0,0.0,Unknown Reason,0.0,"{'node_level': {}, 'link_level': {}, 'path_level': {}}","{'node_level': {}, 'link_level': {}, 'path_level': {}}","{'node_level': {}, 'link_level': {}, 'path_level': {}}",[],-inf,-inf,True,True,False,0,[],0,0.0,0.0,0.0
155,118,14,28065.0,56943.0,11664643.679235414,23044275.11580955,0.49286128233496657,0.5061840140605193,36,286,1,3800.0,11039,1877,9162,0.2769645608628659,0.3626434782608695,154,304.53223018485977,3800.0,9,14,False,{},{},{},{},0.0,0.0,170.0,85.0,383.0,0.0,0.0,0.0,0.0,0.0,0.0,0.0,0.0,0.0,Unknown Reason,0.0,"{'node_level': {}, 'link_level': {}, 'path_level': {}}","{'node_level': {}, 'link_level': {}, 'path_level': {}}","{'node_level': {}, 'link_level': {}, 'path_level': {}}",[],-inf,-inf,True,True,False,0,[],0,0.0,0.0,0.0
155,118,13,28065.0,56943.0,11664643.679235414,23044275.11580955,0.49286128233496657,0.5061840140605193,36,287,0,3814.2481352453324,11312,1936,9376,0.2542372881355932,0.3477565217391304,87,1634.2481352453326,2180.0,4,4,False,{},{},{},{},0.0,0.0,0.0,0.0,0.0,0.0,0.0,0.0,0.0,0.0,0.0,0.0,0.0,0.0,Leave Event,0.0,"{'node_level': {}, 'link_level': {}, 'path_level': {}}","{'node_level': {}, 'link_level': {}, 'path_level': {}}","{'node_level': {}, 'link_level': {}, 'path_level': {}}",[],-inf,-inf,True,True,False,0,[],0,0.0,,
156,118,13,28065.0,56943.0,11664643.679235414,23044275.11580955,0.49286128233496657,0.5061840140605193,36,288,1,3825.0,11312,1936,9376,0.2542372881355932,0.3477565217391304,155,574.8706965009721,3825.0,10,22,False,"{0: -1, 1: -1, 2: -1, 3: -1, 4: -1, 5: -1, 6: -1, 7: -1, 8: -1, 9: -1}",{},{},{},0.0,0.0,176.0,88.0,735.0,0.0,0.0,0.0,0.0,0.0,0.0,0.0,0.0,0.0,Unknown Reason,0.0,"{'node_level': {}, 'link_level': {}, 'path_level': {}}","{'node_level': {}, 'link_level': {}, 'path_level': {}}","{'node_level': {}, 'link_level': {}, 'path_level': {}}",[],-inf,-inf,True,True,False,0,[],0,0.0,10.0,0.0
156,118,12,28065.0,56943.0,11664643.679235414,23044275.11580955,0.49286128233496657,0.5061840140605193,36,289,0,3828.580015506066,12624,2031,10593,0.21764252696456088,0.26309565217391306,149,157.5800155060661,3671.0,10,24,False,{},{},{},{},0.0,0.0,0.0,0.0,0.0,0.0,0.0,0.0,0.0,0.0,0.0,0.0,0.0,0.0,Leave Event,0.0,"{'node_level': {}, 'link_level': {}, 'path_level': {}}","{'node_level': {}, 'link_level': {}, 'path_level': {}}","{'node_level': {}, 'link_level': {}, 'path_level': {}}",[],-inf,-inf,True,True,False,0,[],0,0.0,,
156,118,12,28065.0,56943.0,11664643.679235414,23044275.11580955,0.49286128233496657,0.5061840140605193,36,290,0,3846.316684982978,12624,2031,10593,0.21764252696456088,0.26309565217391306,121,863.3166849829781,2983.0,10,24,False,{},{},{},{},0.0,0.0,0.0,0.0,0.0,0.0,0.0,0.0,0.0,0.0,0.0,0.0,0.0,0.0,Leave Event,0.0,"{'node_level': {}, 'link_level': {}, 'path_level': {}}","{'node_level': {}, 'link_level': {}, 'path_level': {}}","{'node_level': {}, 'link_level': {}, 'path_level': {}}",[],-inf,-inf,True,True,False,0,[],0,0.0,,
156,118,11,28065.0,56943.0,11664643.679235414,23044275.11580955,0.49286128233496657,0.5061840140605193,36,291,0,3848.8288616163445,13383,2130,11253,0.17950693374422189,0.2171826086956522,145,272.8288616163447,3576.0,8,12,False,{},{},{},{},0.0,0.0,0.0,0.0,0.0,0.0,0.0,0.0,0.0,0.0,0.0,0.0,0.0,0.0,Leave Event,0.0,"{'node_level': {}, 'link_level': {}, 'path_level': {}}","{'node_level': {}, 'link_level': {}, 'path_level': {}}","{'node_level': {}, 'link_level': {}, 'path_level': {}}",[],-inf,-inf,True,True,False,0,[],0,0.0,,
157,118,11,28065.0,56943.0,11664643.679235414,23044275.11580955,0.49286128233496657,0.5061840140605193,36,292,1,3857.0,13383,2130,11253,0.17950693374422189,0.2171826086956522,156,594.7481246287949,3857.0,10,20,False,{},{},{},{},0.0,0.0,260.0,130.0,596.0,0.0,0.0,0.0,0.0,0.0,0.0,0.0,0.0,0.0,Unknown Reason,0.0,"{'node_level': {}, 'link_level': {}, 'path_level': {}}","{'node_level': {}, 'link_level': {}, 'path_level': {}}","{'node_level': {}, 'link_level': {}, 'path_level': {}}",[],-inf,-inf,True,True,False,0,[],0,0.0,0.0,0.0
158,119,12,28252.0,57208.0,11695816.891126497,23088451.05779424,0.4938470144035799,0.5065656791722372,36,293,1,3879.0,13118,2109,11009,0.18759630200308164,0.23415652173913049,157,166.7016678667516,3879.0,4,4,True,"{np.int64(0): np.int64(0), np.int64(1): np.int64(29), np.int64(2): np.int64(31), np.int64(3): np.int64(3)}","{(0, 2): [(np.int64(0), 28), (28, 31)], (1, 2): [(np.int64(29), 31)], (1, 3): [(np.int64(29), 3)], (2, 3): [(np.int64(31), 29), (29, 3)]}","{(np.int64(0), np.int64(0)): {'cpu': 2}, (np.int64(1), np.int64(29)): {'cpu': 13}, (np.int64(2), np.int64(31)): {'cpu': 1}, (np.int64(3), np.int64(3)): {'cpu': 5}}","{((0, 2), (np.int64(0), 28)): {'bw': 47}, ((0, 2), (28, 31)): {'bw': 47}, ((1, 2), (np.int64(29), 31)): {'bw': 50}, ((1, 3), (np.int64(29), 3)): {'bw': 38}, ((2, 3), (np.int64(31), 29)): {'bw': 31}, ((2, 3), (29, 3)): {'bw': 31}}",265.0,187.0,126.0,21.0,166.0,21.0,166.0,21.0,244.0,78.0,0.7056603773584905,44175.94198468917,31173.21189108255,117.63476185314168,Success,0.0,"{'node_level': {}, 'link_level': {}, 'path_level': {}}","{'node_level': {np.int64(0): {'cpu': -79}, np.int64(1): {'cpu': -49}, np.int64(2): {'cpu': -54}, np.int64(3): {'cpu': -22}}, 'link_level': {(0, 2): {'bw': -226}, (1, 2): {'bw': -211}, (1, 3): {'bw': -270}, (2, 3): {'bw': -180}}, 'path_level': {(0, 2): {}, (1, 2): {}, (1, 3): {}, (2, 3): {}}}","{'node_level': {np.int64(0): {'cpu': 0}, np.int64(1): {'cpu': 0}, np.int64(2): {'cpu': 0}, np.int64(3): {'cpu': 0}}, 'link_level': {(0, 2): {'bw': 0}, (1, 2): {'bw': 0}, (1, 3): {'bw': 0}, (2, 3): {'bw': 0}}, 'path_level': {(0, 2): {}, (1, 2): {}, (1, 3): {}, (2, 3): {}}}",[],-inf,-inf,True,True,False,0,[],0,0.0,4.0,4.0
159,119,12,28252.0,57208.0,11695816.891126497,23088451.05779424,0.4938470144035799,0.5065656791722372,36,294,1,3903.0,13118,2109,11009,0.18759630200308164,0.23415652173913049,158,238.95899740904602,3903.0,10,24,False,{},{},{},{},0.0,0.0,152.0,76.0,572.0,0.0,0.0,0.0,0.0,0.0,0.0,0.0,0.0,0.0,Unknown Reason,0.0,"{'node_level': {}, 'link_level': {}, 'path_level': {}}","{'node_level': {}, 'link_level': {}, 'path_level': {}}","{'node_level': {}, 'link_level': {}, 'path_level': {}}",[],-inf,-inf,True,True,False,0,[],0,0.0,0.0,0.0
160,120,13,28672.0,58112.0,11737786.553809134,23178785.760330204,0.4933920704845815,0.5064021331910321,36,295,1,3925.0,12214,2056,10158,0.20801232665639446,0.2933565217391304,159,99.92776829199636,3925.0,8,15,True,"{np.int64(0): np.int64(8), np.int64(1): np.int64(28), np.int64(2): np.int64(4), np.int64(3): np.int64(35), np.int64(4): np.int64(6), np.int64(5): np.int64(12), np.int64(6): np.int64(0), np.int64(7): np.int64(1)}","{(0, 1): [(np.int64(8), 6), (6, 4), (4, 0), (0, 28)], (0, 3): [(np.int64(8), 6), (6, 4), (4, 0), (0, 28), (28, 31), (31, 35)], (0, 4): [(np.int64(8), 6)], (0, 5): [(np.int64(8), 6), (6, 4), (4, 0), (0, 12)], (0, 7): [(np.int64(8), 6), (6, 4), (4, 1)], (1, 4): [(np.int64(28), 0), (0, 4), (4, 6)], (1, 6): [(np.int64(28), 0)], (2, 3): [(np.int64(4), 0), (0, 28), (28, 31), (31, 35)], (2, 4): [(np.int64(4), 6)], (3, 4): [(np.int64(35), 31), (31, 28), (28, 0), (0, 4), (4, 6)], (3, 5): [(np.int64(35), 31), (31, 28), (28, 0), (0, 12)], (3, 6): [(np.int64(35), 31), (31, 28), (28, 0)], (5, 6): [(np.int64(12), 0)], (5, 7): [(np.int64(12), 1)], (6, 7): [(np.int64(0), 4), (4, 1)]}","{(np.int64(0), np.int64(8)): {'cpu': 6}, (np.int64(1), np.int64(28)): {'cpu': 11}, (np.int64(2), np.int64(4)): {'cpu': 8}, (np.int64(3), np.int64(35)): {'cpu': 3}, (np.int64(4), np.int64(6)): {'cpu': 2}, (np.int64(5), np.int64(12)): {'cpu': 7}, (np.int64(6), np.int64(0)): {'cpu': 2}, (np.int64(7), np.int64(1)): {'cpu': 14}}","{((0, 1), (np.int64(8), 6)): {'bw': 5}, ((0, 1), (6, 4)): {'bw': 5}, ((0, 1), (4, 0)): {'bw': 5}, ((0, 1), (0, 28)): {'bw': 5}, ((0, 3), (np.int64(8), 6)): {'bw': 16}, ((0, 3), (6, 4)): {'bw': 16}, ((0, 3), (4, 0)): {'bw': 16}, ((0, 3), (0, 28)): {'bw': 16}, ((0, 3), (28, 31)): {'bw': 16}, ((0, 3), (31, 35)): {'bw': 16}, ((0, 4), (np.int64(8), 6)): {'bw': 50}, ((0, 5), (np.int64(8), 6)): {'bw': 8}, ((0, 5), (6, 4)): {'bw': 8}, ((0, 5), (4, 0)): {'bw': 8}, ((0, 5), (0, 12)): {'bw': 8}, ((0, 7), (np.int64(8), 6)): {'bw': 17}, ((0, 7), (6, 4)): {'bw': 17}, ((0, 7), (4, 1)): {'bw': 17}, ((1, 4), (np.int64(28), 0)): {'bw': 50}, ((1, 4), (0, 4)): {'bw': 50}, ((1, 4), (4, 6)): {'bw': 50}, ((1, 6), (np.int64(28), 0)): {'bw': 28}, ((2, 3), (np.int64(4), 0)): {'bw': 14}, ((2, 3), (0, 28)): {'bw': 14}, ((2, 3), (28, 31)): {'bw': 14}, ((2, 3), (31, 35)): {'bw': 14}, ((2, 4), (np.int64(4), 6)): {'bw': 6}, ((3, 4), (np.int64(35), 31)): {'bw': 13}, ((3, 4), (31, 28)): {'bw': 13}, ((3, 4), (28, 0)): {'bw': 13}, ((3, 4), (0, 4)): {'bw': 13}, ((3, 4), (4, 6)): {'bw': 13}, ((3, 5), (np.int64(35), 31)): {'bw': 28}, ((3, 5), (31, 28)): {'bw': 28}, ((3, 5), (28, 0)): {'bw': 28}, ((3, 5), (0, 12)): {'bw': 28}, ((3, 6), (np.int64(35), 31)): {'bw': 3}, ((3, 6), (31, 28)): {'bw': 3}, ((3, 6), (28, 0)): {'bw': 3}, ((5, 6), (np.int64(12), 0)): {'bw': 44}, ((5, 7), (np.int64(12), 1)): {'bw': 38}, ((6, 7), (np.int64(0), 4)): {'bw': 47}, ((6, 7), (4, 1)): {'bw': 47}}",904.0,420.0,424.0,53.0,367.0,53.0,367.0,53.0,851.0,484.0,0.4646017699115044,90334.70253596471,41969.66268263847,46.42661801176822,Success,0.0,"{'node_level': {}, 'link_level': {}, 'path_level': {}}","{'node_level': {np.int64(0): {'cpu': -65}, np.int64(1): {'cpu': -39}, np.int64(2): {'cpu': -45}, np.int64(3): {'cpu': -70}, np.int64(4): {'cpu': -46}, np.int64(5): {'cpu': -44}, np.int64(6): {'cpu': -77}, np.int64(7): {'cpu': -83}}, 'link_level': {(0, 1): {'bw': -221}, (0, 3): {'bw': -153}, (0, 4): {'bw': -257}, (0, 5): {'bw': -181}, (0, 7): {'bw': -232}, (1, 4): {'bw': -155}, (1, 6): {'bw': -127}, (2, 3): {'bw': -113}, (2, 4): {'bw': -218}, (3, 4): {'bw': -100}, (3, 5): {'bw': -72}, (3, 6): {'bw': -69}, (5, 6): {'bw': -109}, (5, 7): {'bw': -319}, (6, 7): {'bw': -162}}, 'path_level': {(0, 1): {}, (0, 3): {}, (0, 4): {}, (0, 5): {}, (0, 7): {}, (1, 4): {}, (1, 6): {}, (2, 3): {}, (2, 4): {}, (3, 4): {}, (3, 5): {}, (3, 6): {}, (5, 6): {}, (5, 7): {}, (6, 7): {}}}","{'node_level': {np.int64(0): {'cpu': 0}, np.int64(1): {'cpu': 0}, np.int64(2): {'cpu': 0}, np.int64(3): {'cpu': 0}, np.int64(4): {'cpu': 0}, np.int64(5): {'cpu': 0}, np.int64(6): {'cpu': 0}, np.int64(7): {'cpu': 0}}, 'link_level': {(0, 1): {'bw': 0}, (0, 3): {'bw': 0}, (0, 4): {'bw': 0}, (0, 5): {'bw': 0}, (0, 7): {'bw': 0}, (1, 4): {'bw': 0}, (1, 6): {'bw': 0}, (2, 3): {'bw': 0}, (2, 4): {'bw': 0}, (3, 4): {'bw': 0}, (3, 5): {'bw': 0}, (3, 6): {'bw': 0}, (5, 6): {'bw': 0}, (5, 7): {'bw': 0}, (6, 7): {'bw': 0}}, 'path_level': {(0, 1): {}, (0, 3): {}, (0, 4): {}, (0, 5): {}, (0, 7): {}, (1, 4): {}, (1, 6): {}, (2, 3): {}, (2, 4): {}, (3, 4): {}, (3, 5): {}, (3, 6): {}, (5, 6): {}, (5, 7): {}, (6, 7): {}}}",[],-inf,-inf,True,True,False,0,[],0,0.0,8.0,15.0
160,120,13,28672.0,58112.0,11737786.553809134,23178785.760330204,0.4933920704845815,0.5064021331910321,36,296,0,3926.985780509375,12214,2056,10158,0.20801232665639446,0.2933565217391304,153,151.9857805093752,3775.0,7,11,False,{},{},{},{},0.0,0.0,0.0,0.0,0.0,0.0,0.0,0.0,0.0,0.0,0.0,0.0,0.0,0.0,Leave Event,0.0,"{'node_level': {}, 'link_level': {}, 'path_level': {}}","{'node_level': {}, 'link_level': {}, 'path_level': {}}","{'node_level': {}, 'link_level': {}, 'path_level': {}}",[],-inf,-inf,True,True,False,0,[],0,0.0,,
160,120,13,28672.0,58112.0,11737786.553809134,23178785.760330204,0.4933920704845815,0.5064021331910321,36,297,0,3934.4806596240464,12214,2056,10158,0.20801232665639446,0.2933565217391304,152,179.48065962404627,3755.0,8,18,False,{},{},{},{},0.0,0.0,0.0,0.0,0.0,0.0,0.0,0.0,0.0,0.0,0.0,0.0,0.0,0.0,Leave Event,0.0,"{'node_level': {}, 'link_level': {}, 'path_level': {}}","{'node_level': {}, 'link_level': {}, 'path_level': {}}","{'node_level': {}, 'link_level': {}, 'path_level': {}}",[],-inf,-inf,True,True,False,0,[],0,0.0,,
160,120,12,28672.0,58112.0,11737786.553809134,23178785.760330204,0.4933920704845815,0.5064021331910321,36,298,0,3943.714869182212,12352,2074,10278,0.2010785824345146,0.2850086956521739,130,743.7148691822122,3200.0,5,6,False,{},{},{},{},0.0,0.0,0.0,0.0,0.0,0.0,0.0,0.0,0.0,0.0,0.0,0.0,0.0,0.0,Leave Event,0.0,"{'node_level': {}, 'link_level': {}, 'path_level': {}}","{'node_level': {}, 'link_level': {}, 'path_level': {}}","{'node_level': {}, 'link_level': {}, 'path_level': {}}",[],-inf,-inf,True,True,False,0,[],0,0.0,,
161,121,13,28963.0,58712.0,11963856.522875143,23644909.407888982,0.4933063087614116,0.5059802224864297,36,299,1,3955.0,11752,2002,9750,0.22881355932203384,0.32173913043478264,160,776.8727459312998,3955.0,8,11,True,"{np.int64(0): np.int64(19), np.int64(1): np.int64(30), np.int64(2): np.int64(9), np.int64(3): np.int64(6), np.int64(4): np.int64(27), np.int64(5): np.int64(0), np.int64(6): np.int64(23), np.int64(7): np.int64(3)}","{(0, 1): [(np.int64(19), 15), (15, 12), (12, 0), (0, 28), (28, 30)], (0, 3): [(np.int64(19), 15), (15, 12), (12, 0), (0, 4), (4, 6)], (0, 4): [(np.int64(19), 15), (15, 12), (12, 0), (0, 20), (20, 23), (23, 27)], (1, 2): [(np.int64(30), 28), (28, 0), (0, 4), (4, 6), (6, 9)], (2, 3): [(np.int64(9), 6)], (3, 5): [(np.int64(6), 4), (4, 0)], (3, 6): [(np.int64(6), 4), (4, 0), (0, 20), (20, 23)], (3, 7): [(np.int64(6), 5), (5, 3)], (4, 5): [(np.int64(27), 23), (23, 20), (20, 0)], (5, 6): [(np.int64(0), 20), (20, 23)], (6, 7): [(np.int64(23), 21), (21, 3)]}","{(np.int64(0), np.int64(19)): {'cpu': 4}, (np.int64(1), np.int64(30)): {'cpu': 0}, (np.int64(2), np.int64(9)): {'cpu': 11}, (np.int64(3), np.int64(6)): {'cpu': 6}, (np.int64(4), np.int64(27)): {'cpu': 6}, (np.int64(5), np.int64(0)): {'cpu': 19}, (np.int64(6), np.int64(23)): {'cpu': 20}, (np.int64(7), np.int64(3)): {'cpu': 6}}","{((0, 1), (np.int64(19), 15)): {'bw': 16}, ((0, 1), (15, 12)): {'bw': 16}, ((0, 1), (12, 0)): {'bw': 16}, ((0, 1), (0, 28)): {'bw': 16}, ((0, 1), (28, 30)): {'bw': 16}, ((0, 3), (np.int64(19), 15)): {'bw': 0}, ((0, 3), (15, 12)): {'bw': 0}, ((0, 3), (12, 0)): {'bw': 0}, ((0, 3), (0, 4)): {'bw': 0}, ((0, 3), (4, 6)): {'bw': 0}, ((0, 4), (np.int64(19), 15)): {'bw': 3}, ((0, 4), (15, 12)): {'bw': 3}, ((0, 4), (12, 0)): {'bw': 3}, ((0, 4), (0, 20)): {'bw': 3}, ((0, 4), (20, 23)): {'bw': 3}, ((0, 4), (23, 27)): {'bw': 3}, ((1, 2), (np.int64(30), 28)): {'bw': 5}, ((1, 2), (28, 0)): {'bw': 5}, ((1, 2), (0, 4)): {'bw': 5}, ((1, 2), (4, 6)): {'bw': 5}, ((1, 2), (6, 9)): {'bw': 5}, ((2, 3), (np.int64(9), 6)): {'bw': 47}, ((3, 5), (np.int64(6), 4)): {'bw': 39}, ((3, 5), (4, 0)): {'bw': 39}, ((3, 6), (np.int64(6), 4)): {'bw': 16}, ((3, 6), (4, 0)): {'bw': 16}, ((3, 6), (0, 20)): {'bw': 16}, ((3, 6), (20, 23)): {'bw': 16}, ((3, 7), (np.int64(6), 5)): {'bw': 25}, ((3, 7), (5, 3)): {'bw': 25}, ((4, 5), (np.int64(27), 23)): {'bw': 30}, ((4, 5), (23, 20)): {'bw': 30}, ((4, 5), (20, 0)): {'bw': 30}, ((5, 6), (np.int64(0), 20)): {'bw': 27}, ((5, 6), (20, 23)): {'bw': 27}, ((6, 7), (np.int64(23), 21)): {'bw': 11}, ((6, 7), (21, 3)): {'bw': 11}}",600.0,291.0,288.0,72.0,219.0,72.0,219.0,72.0,528.0,309.0,0.485,466123.6475587799,226069.96906600826,376.78328177668044,Success,0.0,"{'node_level': {}, 'link_level': {}, 'path_level': {}}","{'node_level': {np.int64(0): {'cpu': -56}, np.int64(1): {'cpu': -33}, np.int64(2): {'cpu': -83}, np.int64(3): {'cpu': -40}, np.int64(4): {'cpu': -53}, np.int64(5): {'cpu': -65}, np.int64(6): {'cpu': -54}, np.int64(7): {'cpu': -16}}, 'link_level': {(0, 1): {'bw': -28}, (0, 3): {'bw': -93}, (0, 4): {'bw': -90}, (1, 2): {'bw': -23}, (2, 3): {'bw': -260}, (3, 5): {'bw': -125}, (3, 6): {'bw': -109}, (3, 7): {'bw': -83}, (4, 5): {'bw': -119}, (5, 6): {'bw': -92}, (6, 7): {'bw': -268}}, 'path_level': {(0, 1): {}, (0, 3): {}, (0, 4): {}, (1, 2): {}, (2, 3): {}, (3, 5): {}, (3, 6): {}, (3, 7): {}, (4, 5): {}, (5, 6): {}, (6, 7): {}}}","{'node_level': {np.int64(0): {'cpu': 0}, np.int64(1): {'cpu': 0}, np.int64(2): {'cpu': 0}, np.int64(3): {'cpu': 0}, np.int64(4): {'cpu': 0}, np.int64(5): {'cpu': 0}, np.int64(6): {'cpu': 0}, np.int64(7): {'cpu': 0}}, 'link_level': {(0, 1): {'bw': 0}, (0, 3): {'bw': 0}, (0, 4): {'bw': 0}, (1, 2): {'bw': 0}, (2, 3): {'bw': 0}, (3, 5): {'bw': 0}, (3, 6): {'bw': 0}, (3, 7): {'bw': 0}, (4, 5): {'bw': 0}, (5, 6): {'bw': 0}, (6, 7): {'bw': 0}}, 'path_level': {(0, 1): {}, (0, 3): {}, (0, 4): {}, (1, 2): {}, (2, 3): {}, (3, 5): {}, (3, 6): {}, (3, 7): {}, (4, 5): {}, (5, 6): {}, (6, 7): {}}}",[],-inf,-inf,True,True,False,0,[],0,0.0,8.0,11.0
162,122,14,29011.0,58760.0,11965261.19253945,23646314.077553287,0.4937202178352621,0.5060095689034978,36,300,1,3976.0,11704,1993,9711,0.23228043143297383,0.3244521739130435,161,29.263951339702537,3976.0,3,2,True,"{np.int64(0): np.int64(24), np.int64(1): np.int64(25), np.int64(2): np.int64(22)}","{(0, 2): [(np.int64(24), 22)], (1, 2): [(np.int64(25), 22)]}","{(np.int64(0), np.int64(24)): {'cpu': 8}, (np.int64(1), np.int64(25)): {'cpu': 0}, (np.int64(2), np.int64(22)): {'cpu': 1}}","{((0, 2), (np.int64(24), 22)): {'bw': 25}, ((1, 2), (np.int64(25), 22)): {'bw': 14}}",48.0,48.0,36.0,9.0,39.0,9.0,39.0,9.0,39.0,0.0,1.0,1404.6696643057217,1404.6696643057217,29.263951339702537,Success,0.0,"{'node_level': {}, 'link_level': {}, 'path_level': {}}","{'node_level': {np.int64(0): {'cpu': -20}, np.int64(1): {'cpu': -63}, np.int64(2): {'cpu': -31}}, 'link_level': {(0, 2): {'bw': -40}, (1, 2): {'bw': -221}}, 'path_level': {(0, 2): {}, (1, 2): {}}}","{'node_level': {np.int64(0): {'cpu': 0}, np.int64(1): {'cpu': 0}, np.int64(2): {'cpu': 0}}, 'link_level': {(0, 2): {'bw': 0}, (1, 2): {'bw': 0}}, 'path_level': {(0, 2): {}, (1, 2): {}}}",[],-inf,-inf,True,True,False,0,[],0,0.0,3.0,2.0
163,123,15,29400.0,59540.0,12197496.793062087,24111979.29196886,0.4937856902922405,0.505868748698071,36,301,1,3998.0,10924,1894,9030,0.2704160246533128,0.37182608695652175,162,597.0066851481693,3998.0,8,11,True,"{np.int64(0): np.int64(0), np.int64(1): np.int64(1), np.int64(2): np.int64(15), np.int64(3): np.int64(14), np.int64(4): np.int64(28), np.int64(5): np.int64(16), np.int64(6): np.int64(10), np.int64(7): np.int64(6)}","{(0, 3): [(np.int64(0), 12), (12, 14)], (0, 4): [(np.int64(0), 28)], (1, 2): [(np.int64(1), 12), (12, 15)], (1, 3): [(np.int64(1), 12), (12, 14)], (2, 4): [(np.int64(15), 12), (12, 1), (1, 28)], (2, 5): [(np.int64(15), 12), (12, 14), (14, 16)], (2, 7): [(np.int64(15), 12), (12, 0), (0, 4), (4, 6)], (3, 5): [(np.int64(14), 16)], (4, 5): [(np.int64(28), 1), (1, 12), (12, 14), (14, 16)], (4, 6): [(np.int64(28), 0), (0, 4), (4, 7), (7, 10)], (4, 7): [(np.int64(28), 1), (1, 4), (4, 6)]}","{(np.int64(0), np.int64(0)): {'cpu': 16}, (np.int64(1), np.int64(1)): {'cpu': 2}, (np.int64(2), np.int64(15)): {'cpu': 20}, (np.int64(3), np.int64(14)): {'cpu': 8}, (np.int64(4), np.int64(28)): {'cpu': 18}, (np.int64(5), np.int64(16)): {'cpu': 18}, (np.int64(6), np.int64(10)): {'cpu': 11}, (np.int64(7), np.int64(6)): {'cpu': 6}}","{((0, 3), (np.int64(0), 12)): {'bw': 19}, ((0, 3), (12, 14)): {'bw': 19}, ((0, 4), (np.int64(0), 28)): {'bw': 42}, ((1, 2), (np.int64(1), 12)): {'bw': 34}, ((1, 2), (12, 15)): {'bw': 34}, ((1, 3), (np.int64(1), 12)): {'bw': 38}, ((1, 3), (12, 14)): {'bw': 38}, ((2, 4), (np.int64(15), 12)): {'bw': 21}, ((2, 4), (12, 1)): {'bw': 21}, ((2, 4), (1, 28)): {'bw': 21}, ((2, 5), (np.int64(15), 12)): {'bw': 20}, ((2, 5), (12, 14)): {'bw': 20}, ((2, 5), (14, 16)): {'bw': 20}, ((2, 7), (np.int64(15), 12)): {'bw': 26}, ((2, 7), (12, 0)): {'bw': 26}, ((2, 7), (0, 4)): {'bw': 26}, ((2, 7), (4, 6)): {'bw': 26}, ((3, 5), (np.int64(14), 16)): {'bw': 35}, ((4, 5), (np.int64(28), 1)): {'bw': 27}, ((4, 5), (1, 12)): {'bw': 27}, ((4, 5), (12, 14)): {'bw': 27}, ((4, 5), (14, 16)): {'bw': 27}, ((4, 6), (np.int64(28), 0)): {'bw': 3}, ((4, 6), (0, 4)): {'bw': 3}, ((4, 6), (4, 7)): {'bw': 3}, ((4, 6), (7, 10)): {'bw': 3}, ((4, 7), (np.int64(28), 1)): {'bw': 25}, ((4, 7), (1, 4)): {'bw': 25}, ((4, 7), (4, 6)): {'bw': 25}}",780.0,389.0,495.0,99.0,290.0,99.0,290.0,99.0,681.0,391.0,0.4987179487179487,465665.214415572,232235.60052263783,297.7379493879972,Success,0.0,"{'node_level': {}, 'link_level': {}, 'path_level': {}}","{'node_level': {np.int64(0): {'cpu': -49}, np.int64(1): {'cpu': -81}, np.int64(2): {'cpu': -33}, np.int64(3): {'cpu': -63}, np.int64(4): {'cpu': -21}, np.int64(5): {'cpu': -33}, np.int64(6): {'cpu': -75}, np.int64(7): {'cpu': -34}}, 'link_level': {(0, 3): {'bw': -71}, (0, 4): {'bw': -6}, (1, 2): {'bw': -164}, (1, 3): {'bw': -116}, (2, 4): {'bw': -143}, (2, 5): {'bw': -96}, (2, 7): {'bw': -45}, (3, 5): {'bw': -250}, (4, 5): {'bw': -69}, (4, 6): {'bw': -3}, (4, 7): {'bw': -110}}, 'path_level': {(0, 3): {}, (0, 4): {}, (1, 2): {}, (1, 3): {}, (2, 4): {}, (2, 5): {}, (2, 7): {}, (3, 5): {}, (4, 5): {}, (4, 6): {}, (4, 7): {}}}","{'node_level': {np.int64(0): {'cpu': 0}, np.int64(1): {'cpu': 0}, np.int64(2): {'cpu': 0}, np.int64(3): {'cpu': 0}, np.int64(4): {'cpu': 0}, np.int64(5): {'cpu': 0}, np.int64(6): {'cpu': 0}, np.int64(7): {'cpu': 0}}, 'link_level': {(0, 3): {'bw': 0}, (0, 4): {'bw': 0}, (1, 2): {'bw': 0}, (1, 3): {'bw': 0}, (2, 4): {'bw': 0}, (2, 5): {'bw': 0}, (2, 7): {'bw': 0}, (3, 5): {'bw': 0}, (4, 5): {'bw': 0}, (4, 6): {'bw': 0}, (4, 7): {'bw': 0}}, 'path_level': {(0, 3): {}, (0, 4): {}, (1, 2): {}, (1, 3): {}, (2, 4): {}, (2, 5): {}, (2, 7): {}, (3, 5): {}, (4, 5): {}, (4, 6): {}, (4, 7): {}}}",[],-inf,-inf,True,True,False,0,[],0,0.0,8.0,11.0
163,123,14,29400.0,59540.0,12197496.793062087,24111979.29196886,0.4937856902922405,0.505868748698071,36,302,0,4000.573922375068,11389,1933,9456,0.2553929121725732,0.3421913043478261,137,646.5739223750678,3354.0,6,8,False,{},{},{},{},0.0,0.0,0.0,0.0,0.0,0.0,0.0,0.0,0.0,0.0,0.0,0.0,0.0,0.0,Leave Event,0.0,"{'node_level': {}, 'link_level': {}, 'path_level': {}}","{'node_level': {}, 'link_level': {}, 'path_level': {}}","{'node_level': {}, 'link_level': {}, 'path_level': {}}",[],-inf,-inf,True,True,False,0,[],0,0.0,,
163,123,13,29400.0,59540.0,12197496.793062087,24111979.29196886,0.4937856902922405,0.505868748698071,36,303,0,4005.2639513397025,11437,1942,9495,0.2519260400616333,0.33947826086956523,161,29.263951339702537,3976.0,3,2,False,{},{},{},{},0.0,0.0,0.0,0.0,0.0,0.0,0.0,0.0,0.0,0.0,0.0,0.0,0.0,0.0,Leave Event,0.0,"{'node_level': {}, 'link_level': {}, 'path_level': {}}","{'node_level': {}, 'link_level': {}, 'path_level': {}}","{'node_level': {}, 'link_level': {}, 'path_level': {}}",[],-inf,-inf,True,True,False,0,[],0,0.0,,
163,123,12,29400.0,59540.0,12197496.793062087,24111979.29196886,0.4937856902922405,0.505868748698071,36,304,0,4006.5091708522286,12344,1997,10347,0.23073959938366717,0.2802086956521739,146,407.5091708522285,3599.0,7,12,False,{},{},{},{},0.0,0.0,0.0,0.0,0.0,0.0,0.0,0.0,0.0,0.0,0.0,0.0,0.0,0.0,Leave Event,0.0,"{'node_level': {}, 'link_level': {}, 'path_level': {}}","{'node_level': {}, 'link_level': {}, 'path_level': {}}","{'node_level': {}, 'link_level': {}, 'path_level': {}}",[],-inf,-inf,True,True,False,0,[],0,0.0,,
164,124,13,29817.0,60409.0,12511959.668003635,24767298.808333863,0.49358539290503073,0.5051806321242238,36,305,1,4023.0,11475,1925,9550,0.2584745762711864,0.3356521739130435,163,754.107613768702,4023.0,10,19,True,"{np.int64(0): np.int64(22), np.int64(1): np.int64(3), np.int64(2): np.int64(6), np.int64(3): np.int64(24), np.int64(4): np.int64(20), np.int64(5): np.int64(28), np.int64(6): np.int64(12), np.int64(7): np.int64(23), np.int64(8): np.int64(13), np.int64(9): np.int64(4)}","{(0, 1): [(np.int64(22), 21), (21, 3)], (0, 3): [(np.int64(22), 24)], (0, 4): [(np.int64(22), 20)], (0, 6): [(np.int64(22), 20), (20, 0), (0, 12)], (0, 9): [(np.int64(22), 20), (20, 0), (0, 4)], (1, 3): [(np.int64(3), 21), (21, 22), (22, 24)], (1, 7): [(np.int64(3), 21), (21, 23)], (2, 3): [(np.int64(6), 4), (4, 0), (0, 20), (20, 22), (22, 24)], (2, 6): [(np.int64(6), 4), (4, 0), (0, 12)], (2, 9): [(np.int64(6), 4)], (3, 4): [(np.int64(24), 22), (22, 20)], (3, 6): [(np.int64(24), 22), (22, 20), (20, 0), (0, 12)], (3, 9): [(np.int64(24), 22), (22, 20), (20, 0), (0, 4)], (4, 5): [(np.int64(20), 0), (0, 28)], (4, 6): [(np.int64(20), 0), (0, 12)], (4, 7): [(np.int64(20), 23)], (5, 7): [(np.int64(28), 0), (0, 20), (20, 23)], (6, 9): [(np.int64(12), 1), (1, 4)], (7, 8): [(np.int64(23), 21), (21, 2), (2, 13)]}","{(np.int64(0), np.int64(22)): {'cpu': 7}, (np.int64(1), np.int64(3)): {'cpu': 4}, (np.int64(2), np.int64(6)): {'cpu': 4}, (np.int64(3), np.int64(24)): {'cpu': 9}, (np.int64(4), np.int64(20)): {'cpu': 4}, (np.int64(5), np.int64(28)): {'cpu': 1}, (np.int64(6), np.int64(12)): {'cpu': 17}, (np.int64(7), np.int64(23)): {'cpu': 10}, (np.int64(8), np.int64(13)): {'cpu': 16}, (np.int64(9), np.int64(4)): {'cpu': 0}}","{((0, 1), (np.int64(22), 21)): {'bw': 13}, ((0, 1), (21, 3)): {'bw': 13}, ((0, 3), (np.int64(22), 24)): {'bw': 21}, ((0, 4), (np.int64(22), 20)): {'bw': 28}, ((0, 6), (np.int64(22), 20)): {'bw': 23}, ((0, 6), (20, 0)): {'bw': 23}, ((0, 6), (0, 12)): {'bw': 23}, ((0, 9), (np.int64(22), 20)): {'bw': 48}, ((0, 9), (20, 0)): {'bw': 48}, ((0, 9), (0, 4)): {'bw': 48}, ((1, 3), (np.int64(3), 21)): {'bw': 5}, ((1, 3), (21, 22)): {'bw': 5}, ((1, 3), (22, 24)): {'bw': 5}, ((1, 7), (np.int64(3), 21)): {'bw': 2}, ((1, 7), (21, 23)): {'bw': 2}, ((2, 3), (np.int64(6), 4)): {'bw': 0}, ((2, 3), (4, 0)): {'bw': 0}, ((2, 3), (0, 20)): {'bw': 0}, ((2, 3), (20, 22)): {'bw': 0}, ((2, 3), (22, 24)): {'bw': 0}, ((2, 6), (np.int64(6), 4)): {'bw': 9}, ((2, 6), (4, 0)): {'bw': 9}, ((2, 6), (0, 12)): {'bw': 9}, ((2, 9), (np.int64(6), 4)): {'bw': 7}, ((3, 4), (np.int64(24), 22)): {'bw': 29}, ((3, 4), (22, 20)): {'bw': 29}, ((3, 6), (np.int64(24), 22)): {'bw': 21}, ((3, 6), (22, 20)): {'bw': 21}, ((3, 6), (20, 0)): {'bw': 21}, ((3, 6), (0, 12)): {'bw': 21}, ((3, 9), (np.int64(24), 22)): {'bw': 16}, ((3, 9), (22, 20)): {'bw': 16}, ((3, 9), (20, 0)): {'bw': 16}, ((3, 9), (0, 4)): {'bw': 16}, ((4, 5), (np.int64(20), 0)): {'bw': 14}, ((4, 5), (0, 28)): {'bw': 14}, ((4, 6), (np.int64(20), 0)): {'bw': 19}, ((4, 6), (0, 12)): {'bw': 19}, ((4, 7), (np.int64(20), 23)): {'bw': 37}, ((5, 7), (np.int64(28), 0)): {'bw': 26}, ((5, 7), (0, 20)): {'bw': 26}, ((5, 7), (20, 23)): {'bw': 26}, ((6, 9), (np.int64(12), 1)): {'bw': 12}, ((6, 9), (1, 4)): {'bw': 12}, ((7, 8), (np.int64(23), 21)): {'bw': 15}, ((7, 8), (21, 2)): {'bw': 15}, ((7, 8), (2, 13)): {'bw': 15}}",869.0,417.0,648.0,72.0,345.0,72.0,345.0,72.0,797.0,452.0,0.4798619102416571,655319.516365002,314462.87494154874,361.8675200708271,Success,0.0,"{'node_level': {}, 'link_level': {}, 'path_level': {}}","{'node_level': {np.int64(0): {'cpu': -32}, np.int64(1): {'cpu': -12}, np.int64(2): {'cpu': -30}, np.int64(3): {'cpu': -34}, np.int64(4): {'cpu': -92}, np.int64(5): {'cpu': -33}, np.int64(6): {'cpu': -32}, np.int64(7): {'cpu': -57}, np.int64(8): {'cpu': -39}, np.int64(9): {'cpu': -45}}, 'link_level': {(0, 1): {'bw': -200}, (0, 3): {'bw': -158}, (0, 4): {'bw': -286}, (0, 6): {'bw': -50}, (0, 9): {'bw': -32}, (1, 3): {'bw': -153}, (1, 7): {'bw': -260}, (2, 3): {'bw': -32}, (2, 6): {'bw': -23}, (2, 9): {'bw': -94}, (3, 4): {'bw': -124}, (3, 6): {'bw': -20}, (3, 9): {'bw': -7}, (4, 5): {'bw': -46}, (4, 6): {'bw': -1}, (4, 7): {'bw': -88}, (5, 7): {'bw': -20}, (6, 9): {'bw': -187}, (7, 8): {'bw': -245}}, 'path_level': {(0, 1): {}, (0, 3): {}, (0, 4): {}, (0, 6): {}, (0, 9): {}, (1, 3): {}, (1, 7): {}, (2, 3): {}, (2, 6): {}, (2, 9): {}, (3, 4): {}, (3, 6): {}, (3, 9): {}, (4, 5): {}, (4, 6): {}, (4, 7): {}, (5, 7): {}, (6, 9): {}, (7, 8): {}}}","{'node_level': {np.int64(0): {'cpu': 0}, np.int64(1): {'cpu': 0}, np.int64(2): {'cpu': 0}, np.int64(3): {'cpu': 0}, np.int64(4): {'cpu': 0}, np.int64(5): {'cpu': 0}, np.int64(6): {'cpu': 0}, np.int64(7): {'cpu': 0}, np.int64(8): {'cpu': 0}, np.int64(9): {'cpu': 0}}, 'link_level': {(0, 1): {'bw': 0}, (0, 3): {'bw': 0}, (0, 4): {'bw': 0}, (0, 6): {'bw': 0}, (0, 9): {'bw': 0}, (1, 3): {'bw': 0}, (1, 7): {'bw': 0}, (2, 3): {'bw': 0}, (2, 6): {'bw': 0}, (2, 9): {'bw': 0}, (3, 4): {'bw': 0}, (3, 6): {'bw': 0}, (3, 9): {'bw': 0}, (4, 5): {'bw': 0}, (4, 6): {'bw': 0}, (4, 7): {'bw': 0}, (5, 7): {'bw': 0}, (6, 9): {'bw': 0}, (7, 8): {'bw': 0}}, 'path_level': {(0, 1): {}, (0, 3): {}, (0, 4): {}, (0, 6): {}, (0, 9): {}, (1, 3): {}, (1, 7): {}, (2, 3): {}, (2, 6): {}, (2, 9): {}, (3, 4): {}, (3, 6): {}, (3, 9): {}, (4, 5): {}, (4, 6): {}, (4, 7): {}, (5, 7): {}, (6, 9): {}, (7, 8): {}}}",[],-inf,-inf,True,True,False,0,[],0,0.0,10.0,19.0
164,124,12,29817.0,60409.0,12511959.668003635,24767298.808333863,0.49358539290503073,0.5051806321242238,36,306,0,4024.9277682919965,12379,1978,10401,0.2380585516178737,0.27645217391304344,159,99.92776829199636,3925.0,8,15,False,{},{},{},{},0.0,0.0,0.0,0.0,0.0,0.0,0.0,0.0,0.0,0.0,0.0,0.0,0.0,0.0,Leave Event,0.0,"{'node_level': {}, 'link_level': {}, 'path_level': {}}","{'node_level': {}, 'link_level': {}, 'path_level': {}}","{'node_level': {}, 'link_level': {}, 'path_level': {}}",[],-inf,-inf,True,True,False,0,[],0,0.0,,
164,124,12,29817.0,60409.0,12511959.668003635,24767298.808333863,0.49358539290503073,0.5051806321242238,36,307,0,4030.3200944992527,12379,1978,10401,0.2380585516178737,0.27645217391304344,105,1418.3200944992527,2612.0,6,6,False,{},{},{},{},0.0,0.0,0.0,0.0,0.0,0.0,0.0,0.0,0.0,0.0,0.0,0.0,0.0,0.0,Leave Event,0.0,"{'node_level': {}, 'link_level': {}, 'path_level': {}}","{'node_level': {}, 'link_level': {}, 'path_level': {}}","{'node_level': {}, 'link_level': {}, 'path_level': {}}",[],-inf,-inf,True,True,False,0,[],0,0.0,,
164,124,11,29817.0,60409.0,12511959.668003635,24767298.808333863,0.49358539290503073,0.5051806321242238,36,308,0,4045.7016678667514,12644,1999,10645,0.22996918335901384,0.25947826086956527,157,166.7016678667516,3879.0,4,4,False,{},{},{},{},0.0,0.0,0.0,0.0,0.0,0.0,0.0,0.0,0.0,0.0,0.0,0.0,0.0,0.0,Leave Event,0.0,"{'node_level': {}, 'link_level': {}, 'path_level': {}}","{'node_level': {}, 'link_level': {}, 'path_level': {}}","{'node_level': {}, 'link_level': {}, 'path_level': {}}",[],-inf,-inf,True,True,False,0,[],0,0.0,,
165,125,12,30375.0,61496.0,12931132.842352744,25583860.171268415,0.49393456484974635,0.505441038052376,36,309,1,4054.0,11557,1892,9665,0.27118644067796616,0.32765217391304347,164,751.2064056435634,4054.0,10,17,True,"{np.int64(0): np.int64(13), np.int64(1): np.int64(29), np.int64(2): np.int64(14), np.int64(3): np.int64(26), np.int64(4): np.int64(2), np.int64(5): np.int64(18), np.int64(6): np.int64(30), np.int64(7): np.int64(32), np.int64(8): np.int64(15), np.int64(9): np.int64(21)}","{(0, 1): [(np.int64(13), 2), (2, 29)], (0, 8): [(np.int64(13), 15)], (1, 4): [(np.int64(29), 2)], (1, 5): [(np.int64(29), 2), (2, 13), (13, 15), (15, 18)], (1, 7): [(np.int64(29), 30), (30, 32)], (1, 8): [(np.int64(29), 2), (2, 13), (13, 15)], (1, 9): [(np.int64(29), 2), (2, 21)], (2, 3): [(np.int64(14), 12), (12, 0), (0, 20), (20, 23), (23, 26)], (2, 4): [(np.int64(14), 13), (13, 2)], (2, 9): [(np.int64(14), 13), (13, 2), (2, 21)], (3, 4): [(np.int64(26), 23), (23, 21), (21, 2)], (4, 8): [(np.int64(2), 13), (13, 15)], (4, 9): [(np.int64(2), 21)], (5, 6): [(np.int64(18), 15), (15, 12), (12, 0), (0, 28), (28, 30)], (5, 9): [(np.int64(18), 15), (15, 13), (13, 2), (2, 21)], (6, 7): [(np.int64(30), 32)], (6, 9): [(np.int64(30), 29), (29, 2), (2, 21)]}","{(np.int64(0), np.int64(13)): {'cpu': 19}, (np.int64(1), np.int64(29)): {'cpu': 18}, (np.int64(2), np.int64(14)): {'cpu': 10}, (np.int64(3), np.int64(26)): {'cpu': 2}, (np.int64(4), np.int64(2)): {'cpu': 16}, (np.int64(5), np.int64(18)): {'cpu': 11}, (np.int64(6), np.int64(30)): {'cpu': 3}, (np.int64(7), np.int64(32)): {'cpu': 9}, (np.int64(8), np.int64(15)): {'cpu': 9}, (np.int64(9), np.int64(21)): {'cpu': 10}}","{((0, 1), (np.int64(13), 2)): {'bw': 20}, ((0, 1), (2, 29)): {'bw': 20}, ((0, 8), (np.int64(13), 15)): {'bw': 41}, ((1, 4), (np.int64(29), 2)): {'bw': 19}, ((1, 5), (np.int64(29), 2)): {'bw': 4}, ((1, 5), (2, 13)): {'bw': 4}, ((1, 5), (13, 15)): {'bw': 4}, ((1, 5), (15, 18)): {'bw': 4}, ((1, 7), (np.int64(29), 30)): {'bw': 46}, ((1, 7), (30, 32)): {'bw': 46}, ((1, 8), (np.int64(29), 2)): {'bw': 15}, ((1, 8), (2, 13)): {'bw': 15}, ((1, 8), (13, 15)): {'bw': 15}, ((1, 9), (np.int64(29), 2)): {'bw': 33}, ((1, 9), (2, 21)): {'bw': 33}, ((2, 3), (np.int64(14), 12)): {'bw': 0}, ((2, 3), (12, 0)): {'bw': 0}, ((2, 3), (0, 20)): {'bw': 0}, ((2, 3), (20, 23)): {'bw': 0}, ((2, 3), (23, 26)): {'bw': 0}, ((2, 4), (np.int64(14), 13)): {'bw': 47}, ((2, 4), (13, 2)): {'bw': 47}, ((2, 9), (np.int64(14), 13)): {'bw': 15}, ((2, 9), (13, 2)): {'bw': 15}, ((2, 9), (2, 21)): {'bw': 15}, ((3, 4), (np.int64(26), 23)): {'bw': 13}, ((3, 4), (23, 21)): {'bw': 13}, ((3, 4), (21, 2)): {'bw': 13}, ((4, 8), (np.int64(2), 13)): {'bw': 9}, ((4, 8), (13, 15)): {'bw': 9}, ((4, 9), (np.int64(2), 21)): {'bw': 49}, ((5, 6), (np.int64(18), 15)): {'bw': 42}, ((5, 6), (15, 12)): {'bw': 42}, ((5, 6), (12, 0)): {'bw': 42}, ((5, 6), (0, 28)): {'bw': 42}, ((5, 6), (28, 30)): {'bw': 42}, ((5, 9), (np.int64(18), 15)): {'bw': 10}, ((5, 9), (15, 13)): {'bw': 10}, ((5, 9), (13, 2)): {'bw': 10}, ((5, 9), (2, 21)): {'bw': 10}, ((6, 7), (np.int64(30), 32)): {'bw': 49}, ((6, 9), (np.int64(30), 29)): {'bw': 39}, ((6, 9), (29, 2)): {'bw': 39}, ((6, 9), (2, 21)): {'bw': 39}}",1087.0,558.0,1391.0,107.0,451.0,107.0,451.0,107.0,980.0,529.0,0.5133394664213431,816561.3629345534,419173.17434910836,385.6238954453618,Success,0.0,"{'node_level': {}, 'link_level': {}, 'path_level': {}}","{'node_level': {np.int64(0): {'cpu': -20}, np.int64(1): {'cpu': -48}, np.int64(2): {'cpu': -56}, np.int64(3): {'cpu': -56}, np.int64(4): {'cpu': -15}, np.int64(5): {'cpu': -58}, np.int64(6): {'cpu': -48}, np.int64(7): {'cpu': -88}, np.int64(8): {'cpu': -24}, np.int64(9): {'cpu': -45}}, 'link_level': {(0, 1): {'bw': -130}, (0, 8): {'bw': -230}, (1, 4): {'bw': -111}, (1, 5): {'bw': -107}, (1, 7): {'bw': -178}, (1, 8): {'bw': -92}, (1, 9): {'bw': -59}, (2, 3): {'bw': -62}, (2, 4): {'bw': -223}, (2, 9): {'bw': -197}, (3, 4): {'bw': -184}, (4, 8): {'bw': -199}, (4, 9): {'bw': -135}, (5, 6): {'bw': -39}, (5, 9): {'bw': -125}, (6, 7): {'bw': -233}, (6, 9): {'bw': -20}}, 'path_level': {(0, 1): {}, (0, 8): {}, (1, 4): {}, (1, 5): {}, (1, 7): {}, (1, 8): {}, (1, 9): {}, (2, 3): {}, (2, 4): {}, (2, 9): {}, (3, 4): {}, (4, 8): {}, (4, 9): {}, (5, 6): {}, (5, 9): {}, (6, 7): {}, (6, 9): {}}}","{'node_level': {np.int64(0): {'cpu': 0}, np.int64(1): {'cpu': 0}, np.int64(2): {'cpu': 0}, np.int64(3): {'cpu': 0}, np.int64(4): {'cpu': 0}, np.int64(5): {'cpu': 0}, np.int64(6): {'cpu': 0}, np.int64(7): {'cpu': 0}, np.int64(8): {'cpu': 0}, np.int64(9): {'cpu': 0}}, 'link_level': {(0, 1): {'bw': 0}, (0, 8): {'bw': 0}, (1, 4): {'bw': 0}, (1, 5): {'bw': 0}, (1, 7): {'bw': 0}, (1, 8): {'bw': 0}, (1, 9): {'bw': 0}, (2, 3): {'bw': 0}, (2, 4): {'bw': 0}, (2, 9): {'bw': 0}, (3, 4): {'bw': 0}, (4, 8): {'bw': 0}, (4, 9): {'bw': 0}, (5, 6): {'bw': 0}, (5, 9): {'bw': 0}, (6, 7): {'bw': 0}, (6, 9): {'bw': 0}}, 'path_level': {(0, 1): {}, (0, 8): {}, (1, 4): {}, (1, 5): {}, (1, 7): {}, (1, 8): {}, (1, 9): {}, (2, 3): {}, (2, 4): {}, (2, 9): {}, (3, 4): {}, (4, 8): {}, (4, 9): {}, (5, 6): {}, (5, 9): {}, (6, 7): {}, (6, 9): {}}}",[],-inf,-inf,True,True,False,0,[],0,0.0,10.0,17.0
165,125,12,30375.0,61496.0,12931132.842352744,25583860.171268415,0.49393456484974635,0.505441038052376,36,310,0,4069.443717674473,11557,1892,9665,0.27118644067796616,0.32765217391304347,143,557.4437176744732,3512.0,7,9,False,{},{},{},{},0.0,0.0,0.0,0.0,0.0,0.0,0.0,0.0,0.0,0.0,0.0,0.0,0.0,0.0,Leave Event,0.0,"{'node_level': {}, 'link_level': {}, 'path_level': {}}","{'node_level': {}, 'link_level': {}, 'path_level': {}}","{'node_level': {}, 'link_level': {}, 'path_level': {}}",[],-inf,-inf,True,True,False,0,[],0,0.0,,
166,126,13,30486.0,61629.0,12947800.884216256,25603831.788996767,0.494669717178601,0.5056977795714377,36,311,1,4078.0,11424,1843,9581,0.2900616332819723,0.3334956521739131,165,150.1625393109284,4078.0,5,5,True,"{np.int64(0): np.int64(21), np.int64(1): np.int64(26), np.int64(2): np.int64(23), np.int64(3): np.int64(17), np.int64(4): np.int64(20)}","{(0, 2): [(np.int64(21), 23)], (0, 3): [(np.int64(21), 2), (2, 13), (13, 14), (14, 17)], (0, 4): [(np.int64(21), 22), (22, 20)], (1, 2): [(np.int64(26), 23)], (1, 4): [(np.int64(26), 23), (23, 20)]}","{(np.int64(0), np.int64(21)): {'cpu': 2}, (np.int64(1), np.int64(26)): {'cpu': 7}, (np.int64(2), np.int64(23)): {'cpu': 16}, (np.int64(3), np.int64(17)): {'cpu': 12}, (np.int64(4), np.int64(20)): {'cpu': 12}}","{((0, 2), (np.int64(21), 23)): {'bw': 42}, ((0, 3), (np.int64(21), 2)): {'bw': 1}, ((0, 3), (2, 13)): {'bw': 1}, ((0, 3), (13, 14)): {'bw': 1}, ((0, 3), (14, 17)): {'bw': 1}, ((0, 4), (np.int64(21), 22)): {'bw': 8}, ((0, 4), (22, 20)): {'bw': 8}, ((1, 2), (np.int64(26), 23)): {'bw': 0}, ((1, 4), (np.int64(26), 23)): {'bw': 11}, ((1, 4), (23, 20)): {'bw': 11}}",133.0,111.0,490.0,49.0,62.0,49.0,62.0,49.0,84.0,22.0,0.8345864661654135,19971.617728353478,16668.04186351305,125.32362303393272,Success,0.0,"{'node_level': {}, 'link_level': {}, 'path_level': {}}","{'node_level': {np.int64(0): {'cpu': -43}, np.int64(1): {'cpu': -49}, np.int64(2): {'cpu': -41}, np.int64(3): {'cpu': -72}, np.int64(4): {'cpu': -80}}, 'link_level': {(0, 2): {'bw': -286}, (0, 3): {'bw': -85}, (0, 4): {'bw': -141}, (1, 2): {'bw': -289}, (1, 4): {'bw': -51}}, 'path_level': {(0, 2): {}, (0, 3): {}, (0, 4): {}, (1, 2): {}, (1, 4): {}}}","{'node_level': {np.int64(0): {'cpu': 0}, np.int64(1): {'cpu': 0}, np.int64(2): {'cpu': 0}, np.int64(3): {'cpu': 0}, np.int64(4): {'cpu': 0}}, 'link_level': {(0, 2): {'bw': 0}, (0, 3): {'bw': 0}, (0, 4): {'bw': 0}, (1, 2): {'bw': 0}, (1, 4): {'bw': 0}}, 'path_level': {(0, 2): {}, (0, 3): {}, (0, 4): {}, (1, 2): {}, (1, 4): {}}}",[],-inf,-inf,True,True,False,0,[],0,0.0,5.0,5.0
166,126,12,30486.0,61629.0,12947800.884216256,25603831.788996767,0.494669717178601,0.5056977795714377,36,312,0,4084.1003440590175,11717,1903,9814,0.26694915254237284,0.3172869565217391,104,1491.1003440590173,2593.0,5,4,False,{},{},{},{},0.0,0.0,0.0,0.0,0.0,0.0,0.0,0.0,0.0,0.0,0.0,0.0,0.0,0.0,Leave Event,0.0,"{'node_level': {}, 'link_level': {}, 'path_level': {}}","{'node_level': {}, 'link_level': {}, 'path_level': {}}","{'node_level': {}, 'link_level': {}, 'path_level': {}}",[],-inf,-inf,True,True,False,0,[],0,0.0,,
166,126,11,30486.0,61629.0,12947800.884216256,25603831.788996767,0.494669717178601,0.5056977795714377,36,313,0,4089.9451825625174,12007,1936,10071,0.2542372881355932,0.2994086956521739,126,990.9451825625172,3099.0,4,5,False,{},{},{},{},0.0,0.0,0.0,0.0,0.0,0.0,0.0,0.0,0.0,0.0,0.0,0.0,0.0,0.0,Leave Event,0.0,"{'node_level': {}, 'link_level': {}, 'path_level': {}}","{'node_level': {}, 'link_level': {}, 'path_level': {}}","{'node_level': {}, 'link_level': {}, 'path_level': {}}",[],-inf,-inf,True,True,False,0,[],0,0.0,,
166,126,11,30486.0,61629.0,12947800.884216256,25603831.788996767,0.494669717178601,0.5056977795714377,36,314,0,4104.53223018486,12007,1936,10071,0.2542372881355932,0.2994086956521739,154,304.53223018485977,3800.0,9,14,False,{},{},{},{},0.0,0.0,0.0,0.0,0.0,0.0,0.0,0.0,0.0,0.0,0.0,0.0,0.0,0.0,Leave Event,0.0,"{'node_level': {}, 'link_level': {}, 'path_level': {}}","{'node_level': {}, 'link_level': {}, 'path_level': {}}","{'node_level': {}, 'link_level': {}, 'path_level': {}}",[],-inf,-inf,True,True,False,0,[],0,0.0,,
167,127,12,30599.0,61777.0,12974248.898681916,25638471.666350022,0.4953137899218156,0.5060461117778076,36,315,1,4108.0,11859,1881,9978,0.27542372881355937,0.30587826086956527,166,234.05322535981762,4108.0,4,4,True,"{np.int64(0): np.int64(1), np.int64(1): np.int64(34), np.int64(2): np.int64(12), np.int64(3): np.int64(20)}","{(0, 1): [(np.int64(1), 28), (28, 31), (31, 34)], (0, 2): [(np.int64(1), 12)], (0, 3): [(np.int64(1), 20)], (1, 2): [(np.int64(34), 31), (31, 28), (28, 0), (0, 12)]}","{(np.int64(0), np.int64(1)): {'cpu': 11}, (np.int64(1), np.int64(34)): {'cpu': 10}, (np.int64(2), np.int64(12)): {'cpu': 19}, (np.int64(3), np.int64(20)): {'cpu': 15}}","{((0, 1), (np.int64(1), 28)): {'bw': 1}, ((0, 1), (28, 31)): {'bw': 1}, ((0, 1), (31, 34)): {'bw': 1}, ((0, 2), (np.int64(1), 12)): {'bw': 18}, ((0, 3), (np.int64(1), 20)): {'bw': 28}, ((1, 2), (np.int64(34), 31)): {'bw': 11}, ((1, 2), (31, 28)): {'bw': 11}, ((1, 2), (28, 0)): {'bw': 11}, ((1, 2), (0, 12)): {'bw': 11}}",148.0,113.0,220.0,55.0,58.0,55.0,58.0,55.0,93.0,35.0,0.7635135135135135,34639.87735325301,26448.01446565939,178.70280044364452,Success,0.0,"{'node_level': {}, 'link_level': {}, 'path_level': {}}","{'node_level': {np.int64(0): {'cpu': -84}, np.int64(1): {'cpu': -47}, np.int64(2): {'cpu': -20}, np.int64(3): {'cpu': -65}}, 'link_level': {(0, 1): {'bw': -266}, (0, 2): {'bw': -217}, (0, 3): {'bw': -204}, (1, 2): {'bw': -40}}, 'path_level': {(0, 1): {}, (0, 2): {}, (0, 3): {}, (1, 2): {}}}","{'node_level': {np.int64(0): {'cpu': 0}, np.int64(1): {'cpu': 0}, np.int64(2): {'cpu': 0}, np.int64(3): {'cpu': 0}}, 'link_level': {(0, 1): {'bw': 0}, (0, 2): {'bw': 0}, (0, 3): {'bw': 0}, (1, 2): {'bw': 0}}, 'path_level': {(0, 1): {}, (0, 2): {}, (0, 3): {}, (1, 2): {}}}",[],-inf,-inf,True,True,False,0,[],0,0.0,4.0,4.0
168,128,13,30760.0,62028.0,13045552.630383274,25749634.62695276,0.4959050751273618,0.506630591827046,36,316,1,4127.0,11608,1824,9784,0.29738058551617874,0.3193739130434783,167,442.88032112644396,4127.0,5,4,True,"{np.int64(0): np.int64(3), np.int64(1): np.int64(13), np.int64(2): np.int64(30), np.int64(3): np.int64(16), np.int64(4): np.int64(2)}","{(0, 2): [(np.int64(3), 29), (29, 30)], (0, 4): [(np.int64(3), 5), (5, 2)], (1, 3): [(np.int64(13), 14), (14, 16)], (1, 4): [(np.int64(13), 2)]}","{(np.int64(0), np.int64(3)): {'cpu': 17}, (np.int64(1), np.int64(13)): {'cpu': 20}, (np.int64(2), np.int64(30)): {'cpu': 7}, (np.int64(3), np.int64(16)): {'cpu': 9}, (np.int64(4), np.int64(2)): {'cpu': 4}}","{((0, 2), (np.int64(3), 29)): {'bw': 26}, ((0, 2), (29, 30)): {'bw': 26}, ((0, 4), (np.int64(3), 5)): {'bw': 43}, ((0, 4), (5, 2)): {'bw': 43}, ((1, 3), (np.int64(13), 14)): {'bw': 21}, ((1, 3), (14, 16)): {'bw': 21}, ((1, 4), (np.int64(13), 2)): {'bw': 14}}",251.0,161.0,741.0,57.0,104.0,57.0,104.0,57.0,194.0,90.0,0.6414342629482072,111162.96060273744,71303.73170135748,284.07861235600586,Success,0.0,"{'node_level': {}, 'link_level': {}, 'path_level': {}}","{'node_level': {np.int64(0): {'cpu': -8}, np.int64(1): {'cpu': 0}, np.int64(2): {'cpu': -41}, np.int64(3): {'cpu': -24}, np.int64(4): {'cpu': -11}}, 'link_level': {(0, 2): {'bw': -113}, (0, 4): {'bw': -57}, (1, 3): {'bw': -195}, (1, 4): {'bw': -199}}, 'path_level': {(0, 2): {}, (0, 4): {}, (1, 3): {}, (1, 4): {}}}","{'node_level': {np.int64(0): {'cpu': 0}, np.int64(1): {'cpu': 0}, np.int64(2): {'cpu': 0}, np.int64(3): {'cpu': 0}, np.int64(4): {'cpu': 0}}, 'link_level': {(0, 2): {'bw': 0}, (0, 4): {'bw': 0}, (1, 3): {'bw': 0}, (1, 4): {'bw': 0}}, 'path_level': {(0, 2): {}, (0, 4): {}, (1, 3): {}, (1, 4): {}}}",[],-inf,-inf,True,True,False,0,[],0,0.0,5.0,4.0
168,128,13,30760.0,62028.0,13045552.630383274,25749634.62695276,0.4959050751273618,0.506630591827046,36,317,0,4140.102078360815,11608,1824,9784,0.29738058551617874,0.3193739130434783,139,736.1020783608142,3404.0,8,17,False,{},{},{},{},0.0,0.0,0.0,0.0,0.0,0.0,0.0,0.0,0.0,0.0,0.0,0.0,0.0,0.0,Leave Event,0.0,"{'node_level': {}, 'link_level': {}, 'path_level': {}}","{'node_level': {}, 'link_level': {}, 'path_level': {}}","{'node_level': {}, 'link_level': {}, 'path_level': {}}",[],-inf,-inf,True,True,False,0,[],0,0.0,,
168,128,13,30760.0,62028.0,13045552.630383274,25749634.62695276,0.4959050751273618,0.506630591827046,36,318,0,4141.958997409046,11608,1824,9784,0.29738058551617874,0.3193739130434783,158,238.95899740904602,3903.0,10,24,False,{},{},{},{},0.0,0.0,0.0,0.0,0.0,0.0,0.0,0.0,0.0,0.0,0.0,0.0,0.0,0.0,Leave Event,0.0,"{'node_level': {}, 'link_level': {}, 'path_level': {}}","{'node_level': {}, 'link_level': {}, 'path_level': {}}","{'node_level': {}, 'link_level': {}, 'path_level': {}}",[],-inf,-inf,True,True,False,0,[],0,0.0,,
169,129,14,31180.0,63095.0,13112455.240021048,25919599.11381825,0.49417544971867816,0.5058895850372369,36,319,1,4143.0,10541,1769,8772,0.3185670261941448,0.3897739130434783,168,159.2919277089881,4143.0,8,14,True,"{np.int64(0): np.int64(22), np.int64(1): np.int64(14), np.int64(2): np.int64(17), np.int64(3): np.int64(28), np.int64(4): np.int64(26), np.int64(5): np.int64(12), np.int64(6): np.int64(7), np.int64(7): np.int64(15)}","{(0, 5): [(np.int64(22), 20), (20, 0), (0, np.int64(12))], (1, 3): [(np.int64(14), 12), (12, 0), (0, np.int64(28))], (1, 4): [(np.int64(14), 13), (13, 2), (2, 21), (21, 23), (23, np.int64(26))], (1, 5): [(np.int64(14), 12)], (1, 6): [(np.int64(14), 13), (13, 2), (2, 5), (5, np.int64(7))], (1, 7): [(np.int64(14), 12), (12, np.int64(15))], (2, 3): [(np.int64(17), 14), (14, 12), (12, 1), (1, np.int64(28))], (2, 5): [(np.int64(17), 14), (14, 12)], (2, 6): [(np.int64(17), 14), (14, 13), (13, 2), (2, 5), (5, np.int64(7))], (2, 7): [(np.int64(17), 14), (14, 13), (13, np.int64(15))], (3, 5): [(np.int64(28), 1), (1, np.int64(12))], (3, 6): [(np.int64(28), 0), (0, 4), (4, np.int64(7))], (3, 7): [(np.int64(28), 0), (0, 12), (12, np.int64(15))], (5, 7): [(np.int64(12), 15)]}","{(np.int64(0), np.int64(22)): {'cpu': 1}, (np.int64(1), np.int64(14)): {'cpu': 14}, (np.int64(2), np.int64(17)): {'cpu': 0}, (np.int64(3), np.int64(28)): {'cpu': 15}, (np.int64(4), np.int64(26)): {'cpu': 1}, (np.int64(5), np.int64(12)): {'cpu': 0}, (np.int64(6), np.int64(7)): {'cpu': 19}, (np.int64(7), np.int64(15)): {'cpu': 5}}","{((0, 5), (np.int64(22), 20)): {'bw': 5}, ((0, 5), (20, 0)): {'bw': 5}, ((0, 5), (0, np.int64(12))): {'bw': 5}, ((1, 3), (np.int64(14), 12)): {'bw': 30}, ((1, 3), (12, 0)): {'bw': 30}, ((1, 3), (0, np.int64(28))): {'bw': 30}, ((1, 4), (np.int64(14), 13)): {'bw': 41}, ((1, 4), (13, 2)): {'bw': 41}, ((1, 4), (2, 21)): {'bw': 41}, ((1, 4), (21, 23)): {'bw': 41}, ((1, 4), (23, np.int64(26))): {'bw': 41}, ((1, 5), (np.int64(14), 12)): {'bw': 47}, ((1, 6), (np.int64(14), 13)): {'bw': 50}, ((1, 6), (13, 2)): {'bw': 50}, ((1, 6), (2, 5)): {'bw': 50}, ((1, 6), (5, np.int64(7))): {'bw': 50}, ((1, 7), (np.int64(14), 12)): {'bw': 9}, ((1, 7), (12, np.int64(15))): {'bw': 9}, ((2, 3), (np.int64(17), 14)): {'bw': 7}, ((2, 3), (14, 12)): {'bw': 7}, ((2, 3), (12, 1)): {'bw': 7}, ((2, 3), (1, np.int64(28))): {'bw': 7}, ((2, 5), (np.int64(17), 14)): {'bw': 30}, ((2, 5), (14, 12)): {'bw': 30}, ((2, 6), (np.int64(17), 14)): {'bw': 21}, ((2, 6), (14, 13)): {'bw': 21}, ((2, 6), (13, 2)): {'bw': 21}, ((2, 6), (2, 5)): {'bw': 21}, ((2, 6), (5, np.int64(7))): {'bw': 21}, ((2, 7), (np.int64(17), 14)): {'bw': 30}, ((2, 7), (14, 13)): {'bw': 30}, ((2, 7), (13, np.int64(15))): {'bw': 30}, ((3, 5), (np.int64(28), 1)): {'bw': 41}, ((3, 5), (1, np.int64(12))): {'bw': 41}, ((3, 6), (np.int64(28), 0)): {'bw': 8}, ((3, 6), (0, 4)): {'bw': 8}, ((3, 6), (4, np.int64(7))): {'bw': 8}, ((3, 7), (np.int64(28), 0)): {'bw': 1}, ((3, 7), (0, 12)): {'bw': 1}, ((3, 7), (12, np.int64(15))): {'bw': 1}, ((5, 7), (np.int64(12), 15)): {'bw': 45}}",1067.0,420.0,165.0,55.0,365.0,55.0,365.0,55.0,1012.0,647.0,0.3936269915651359,169964.48686549033,66902.60963777501,62.7016022847001,Success,0.0,"{'node_level': {}, 'link_level': {}, 'path_level': {}}","{'node_level': {np.int64(0): {'cpu': -31}, np.int64(1): {'cpu': -42}, np.int64(2): {'cpu': -76}, np.int64(3): {'cpu': -36}, np.int64(4): {'cpu': -48}, np.int64(5): {'cpu': -20}, np.int64(6): {'cpu': -30}, np.int64(7): {'cpu': -28}}, 'link_level': {(0, 5): {'bw': -35}, (1, 3): {'bw': -5}, (1, 4): {'bw': -69}, (1, 5): {'bw': -57}, (1, 6): {'bw': -88}, (1, 7): {'bw': -46}, (2, 3): {'bw': -41}, (2, 5): {'bw': -11}, (2, 6): {'bw': -67}, (2, 7): {'bw': -53}, (3, 5): {'bw': -169}, (3, 6): {'bw': -94}, (3, 7): {'bw': -4}, (5, 7): {'bw': 0}}, 'path_level': {(0, 5): {}, (1, 3): {}, (1, 4): {}, (1, 5): {}, (1, 6): {}, (1, 7): {}, (2, 3): {}, (2, 5): {}, (2, 6): {}, (2, 7): {}, (3, 5): {}, (3, 6): {}, (3, 7): {}, (5, 7): {}}}","{'node_level': {np.int64(0): {'cpu': 0}, np.int64(1): {'cpu': 0}, np.int64(2): {'cpu': 0}, np.int64(3): {'cpu': 0}, np.int64(4): {'cpu': 0}, np.int64(5): {'cpu': 0}, np.int64(6): {'cpu': 0}, np.int64(7): {'cpu': 0}}, 'link_level': {(0, 5): {'bw': 0}, (1, 3): {'bw': 0}, (1, 4): {'bw': 0}, (1, 5): {'bw': 0}, (1, 6): {'bw': 0}, (1, 7): {'bw': 0}, (2, 3): {'bw': 0}, (2, 5): {'bw': 0}, (2, 6): {'bw': 0}, (2, 7): {'bw': 0}, (3, 5): {'bw': 0}, (3, 6): {'bw': 0}, (3, 7): {'bw': 0}, (5, 7): {'bw': 0}}, 'path_level': {(0, 5): {}, (1, 3): {}, (1, 4): {}, (1, 5): {}, (1, 6): {}, (1, 7): {}, (2, 3): {}, (2, 5): {}, (2, 6): {}, (2, 7): {}, (3, 5): {}, (3, 6): {}, (3, 7): {}, (5, 7): {}}}",[],-inf,-inf,True,True,False,0,[],0,0.0,8.0,14.0
170,129,14,31180.0,63095.0,13112455.240021048,25919599.11381825,0.49417544971867816,0.5058895850372369,36,320,1,4161.0,10541,1769,8772,0.3185670261941448,0.3897739130434783,169,231.69501307997635,4161.0,5,7,False,{},{},{},{},0.0,0.0,116.0,58.0,212.0,0.0,0.0,0.0,0.0,0.0,0.0,0.0,0.0,0.0,Unknown Reason,0.0,"{'node_level': {}, 'link_level': {}, 'path_level': {}}","{'node_level': {}, 'link_level': {}, 'path_level': {}}","{'node_level': {}, 'link_level': {}, 'path_level': {}}",[],-inf,-inf,True,True,False,0,[],0,0.0,0.0,0.0
170,129,13,31180.0,63095.0,13112455.240021048,25919599.11381825,0.49417544971867816,0.5058895850372369,36,321,0,4162.4604478949805,10838,1850,8988,0.28736517719568566,0.37474782608695656,102,1629.4604478949802,2533.0,5,5,False,{},{},{},{},0.0,0.0,0.0,0.0,0.0,0.0,0.0,0.0,0.0,0.0,0.0,0.0,0.0,0.0,Leave Event,0.0,"{'node_level': {}, 'link_level': {}, 'path_level': {}}","{'node_level': {}, 'link_level': {}, 'path_level': {}}","{'node_level': {}, 'link_level': {}, 'path_level': {}}",[],-inf,-inf,True,True,False,0,[],0,0.0,,
171,130,14,31621.0,64149.0,13160847.970197247,26035258.83628019,0.49293052113049307,0.5055009459655372,36,322,1,4182.0,9784,1771,8013,0.31779661016949157,0.44257391304347826,170,109.73408203219842,4182.0,8,13,True,"{np.int64(0): np.int64(32), np.int64(1): np.int64(21), np.int64(2): np.int64(24), np.int64(3): np.int64(1), np.int64(4): np.int64(28), np.int64(5): np.int64(0), np.int64(6): np.int64(22), np.int64(7): np.int64(23)}","{(0, 5): [(np.int64(32), 30), (30, 28), (28, 0)], (0, 7): [(np.int64(32), 30), (30, 28), (28, 0), (0, 20), (20, 23)], (1, 2): [(np.int64(21), 22), (22, 24)], (1, 3): [(np.int64(21), 22), (22, 20), (20, 1)], (1, 4): [(np.int64(21), 3), (3, 29), (29, 30), (30, 28)], (2, 6): [(np.int64(24), 22)], (3, 5): [(np.int64(1), 4), (4, 0)], (3, 6): [(np.int64(1), 20), (20, 22)], (3, 7): [(np.int64(1), 20), (20, 22), (22, 21), (21, 23)], (4, 7): [(np.int64(28), 0), (0, 20), (20, 23)], (5, 6): [(np.int64(0), 20), (20, 22)], (5, 7): [(np.int64(0), 20), (20, 22), (22, 21), (21, 23)], (6, 7): [(np.int64(22), 21), (21, 23)]}","{(np.int64(0), np.int64(32)): {'cpu': 14}, (np.int64(1), np.int64(21)): {'cpu': 19}, (np.int64(2), np.int64(24)): {'cpu': 8}, (np.int64(3), np.int64(1)): {'cpu': 7}, (np.int64(4), np.int64(28)): {'cpu': 13}, (np.int64(5), np.int64(0)): {'cpu': 8}, (np.int64(6), np.int64(22)): {'cpu': 1}, (np.int64(7), np.int64(23)): {'cpu': 9}}","{((0, 5), (np.int64(32), 30)): {'bw': 16}, ((0, 5), (30, 28)): {'bw': 16}, ((0, 5), (28, 0)): {'bw': 16}, ((0, 7), (np.int64(32), 30)): {'bw': 11}, ((0, 7), (30, 28)): {'bw': 11}, ((0, 7), (28, 0)): {'bw': 11}, ((0, 7), (0, 20)): {'bw': 11}, ((0, 7), (20, 23)): {'bw': 11}, ((1, 2), (np.int64(21), 22)): {'bw': 39}, ((1, 2), (22, 24)): {'bw': 39}, ((1, 3), (np.int64(21), 22)): {'bw': 7}, ((1, 3), (22, 20)): {'bw': 7}, ((1, 3), (20, 1)): {'bw': 7}, ((1, 4), (np.int64(21), 3)): {'bw': 38}, ((1, 4), (3, 29)): {'bw': 38}, ((1, 4), (29, 30)): {'bw': 38}, ((1, 4), (30, 28)): {'bw': 38}, ((2, 6), (np.int64(24), 22)): {'bw': 21}, ((3, 5), (np.int64(1), 4)): {'bw': 24}, ((3, 5), (4, 0)): {'bw': 24}, ((3, 6), (np.int64(1), 20)): {'bw': 37}, ((3, 6), (20, 22)): {'bw': 37}, ((3, 7), (np.int64(1), 20)): {'bw': 43}, ((3, 7), (20, 22)): {'bw': 43}, ((3, 7), (22, 21)): {'bw': 43}, ((3, 7), (21, 23)): {'bw': 43}, ((4, 7), (np.int64(28), 0)): {'bw': 36}, ((4, 7), (0, 20)): {'bw': 36}, ((4, 7), (20, 23)): {'bw': 36}, ((5, 6), (np.int64(0), 20)): {'bw': 32}, ((5, 6), (20, 22)): {'bw': 32}, ((5, 7), (np.int64(0), 20)): {'bw': 9}, ((5, 7), (20, 22)): {'bw': 9}, ((5, 7), (22, 21)): {'bw': 9}, ((5, 7), (21, 23)): {'bw': 9}, ((6, 7), (np.int64(22), 21)): {'bw': 49}, ((6, 7), (21, 23)): {'bw': 49}}",1054.0,441.0,395.0,79.0,362.0,79.0,362.0,79.0,975.0,613.0,0.41840607210626185,115659.72246193713,48392.730176199504,45.913406239278466,Success,0.0,"{'node_level': {}, 'link_level': {}, 'path_level': {}}","{'node_level': {np.int64(0): {'cpu': -74}, np.int64(1): {'cpu': -36}, np.int64(2): {'cpu': -26}, np.int64(3): {'cpu': -77}, np.int64(4): {'cpu': -23}, np.int64(5): {'cpu': -45}, np.int64(6): {'cpu': -30}, np.int64(7): {'cpu': -32}}, 'link_level': {(0, 5): {'bw': -87}, (0, 7): {'bw': -40}, (1, 2): {'bw': -48}, (1, 3): {'bw': -129}, (1, 4): {'bw': -38}, (2, 6): {'bw': -27}, (3, 5): {'bw': -128}, (3, 6): {'bw': -92}, (3, 7): {'bw': -49}, (4, 7): {'bw': -4}, (5, 6): {'bw': -14}, (5, 7): {'bw': -5}, (6, 7): {'bw': -40}}, 'path_level': {(0, 5): {}, (0, 7): {}, (1, 2): {}, (1, 3): {}, (1, 4): {}, (2, 6): {}, (3, 5): {}, (3, 6): {}, (3, 7): {}, (4, 7): {}, (5, 6): {}, (5, 7): {}, (6, 7): {}}}","{'node_level': {np.int64(0): {'cpu': 0}, np.int64(1): {'cpu': 0}, np.int64(2): {'cpu': 0}, np.int64(3): {'cpu': 0}, np.int64(4): {'cpu': 0}, np.int64(5): {'cpu': 0}, np.int64(6): {'cpu': 0}, np.int64(7): {'cpu': 0}}, 'link_level': {(0, 5): {'bw': 0}, (0, 7): {'bw': 0}, (1, 2): {'bw': 0}, (1, 3): {'bw': 0}, (1, 4): {'bw': 0}, (2, 6): {'bw': 0}, (3, 5): {'bw': 0}, (3, 6): {'bw': 0}, (3, 7): {'bw': 0}, (4, 7): {'bw': 0}, (5, 6): {'bw': 0}, (5, 7): {'bw': 0}, (6, 7): {'bw': 0}}, 'path_level': {(0, 5): {}, (0, 7): {}, (1, 2): {}, (1, 3): {}, (1, 4): {}, (2, 6): {}, (3, 5): {}, (3, 6): {}, (3, 7): {}, (4, 7): {}, (5, 6): {}, (5, 7): {}, (6, 7): {}}}",[],-inf,-inf,True,True,False,0,[],0,0.0,8.0,13.0
172,131,15,31938.0,64740.0,13258471.178153144,26217262.987390395,0.4933271547729379,0.505715306152668,36,323,1,4216.0,9193,1726,7467,0.33513097072419107,0.48055652173913044,171,307.9596465485727,4216.0,7,12,True,"{np.int64(0): np.int64(20), np.int64(1): np.int64(28), np.int64(2): np.int64(1), np.int64(3): np.int64(7), np.int64(4): np.int64(6), np.int64(5): np.int64(10), np.int64(6): np.int64(9)}","{(0, 2): [(np.int64(20), 1)], (0, 3): [(np.int64(20), 1), (1, 4), (4, 7)], (0, 5): [(np.int64(20), 0), (0, 4), (4, 7), (7, 10)], (0, 6): [(np.int64(20), 0), (0, 4), (4, 6), (6, 9)], (1, 4): [(np.int64(28), 0), (0, 4), (4, 6)], (1, 6): [(np.int64(28), 0), (0, 4), (4, 6), (6, 9)], (2, 3): [(np.int64(1), 4), (4, 7)], (2, 4): [(np.int64(1), 4), (4, 6)], (2, 6): [(np.int64(1), 4), (4, 6), (6, 9)], (3, 4): [(np.int64(7), 5), (5, 6)], (3, 5): [(np.int64(7), 10)], (4, 6): [(np.int64(6), 9)]}","{(np.int64(0), np.int64(20)): {'cpu': 8}, (np.int64(1), np.int64(28)): {'cpu': 16}, (np.int64(2), np.int64(1)): {'cpu': 3}, (np.int64(3), np.int64(7)): {'cpu': 3}, (np.int64(4), np.int64(6)): {'cpu': 7}, (np.int64(5), np.int64(10)): {'cpu': 5}, (np.int64(6), np.int64(9)): {'cpu': 3}}","{((0, 2), (np.int64(20), 1)): {'bw': 40}, ((0, 3), (np.int64(20), 1)): {'bw': 35}, ((0, 3), (1, 4)): {'bw': 35}, ((0, 3), (4, 7)): {'bw': 35}, ((0, 5), (np.int64(20), 0)): {'bw': 1}, ((0, 5), (0, 4)): {'bw': 1}, ((0, 5), (4, 7)): {'bw': 1}, ((0, 5), (7, 10)): {'bw': 1}, ((0, 6), (np.int64(20), 0)): {'bw': 3}, ((0, 6), (0, 4)): {'bw': 3}, ((0, 6), (4, 6)): {'bw': 3}, ((0, 6), (6, 9)): {'bw': 3}, ((1, 4), (np.int64(28), 0)): {'bw': 11}, ((1, 4), (0, 4)): {'bw': 11}, ((1, 4), (4, 6)): {'bw': 11}, ((1, 6), (np.int64(28), 0)): {'bw': 3}, ((1, 6), (0, 4)): {'bw': 3}, ((1, 6), (4, 6)): {'bw': 3}, ((1, 6), (6, 9)): {'bw': 3}, ((2, 3), (np.int64(1), 4)): {'bw': 46}, ((2, 3), (4, 7)): {'bw': 46}, ((2, 4), (np.int64(1), 4)): {'bw': 12}, ((2, 4), (4, 6)): {'bw': 12}, ((2, 6), (np.int64(1), 4)): {'bw': 32}, ((2, 6), (4, 6)): {'bw': 32}, ((2, 6), (6, 9)): {'bw': 32}, ((3, 4), (np.int64(7), 5)): {'bw': 39}, ((3, 4), (5, 6)): {'bw': 39}, ((3, 5), (np.int64(7), 10)): {'bw': 50}, ((4, 6), (np.int64(6), 9)): {'bw': 0}}",591.0,317.0,405.0,45.0,272.0,45.0,272.0,45.0,546.0,274.0,0.5363790186125211,182004.15111020647,97623.20795589755,165.18309298798232,Success,0.0,"{'node_level': {}, 'link_level': {}, 'path_level': {}}","{'node_level': {np.int64(0): {'cpu': -57}, np.int64(1): {'cpu': -7}, np.int64(2): {'cpu': -74}, np.int64(3): {'cpu': -27}, np.int64(4): {'cpu': -36}, np.int64(5): {'cpu': -70}, np.int64(6): {'cpu': -80}}, 'link_level': {(0, 2): {'bw': -77}, (0, 3): {'bw': -42}, (0, 5): {'bw': -4}, (0, 6): {'bw': -1}, (1, 4): {'bw': -70}, (1, 6): {'bw': -67}, (2, 3): {'bw': -19}, (2, 4): {'bw': -187}, (2, 6): {'bw': -155}, (3, 4): {'bw': -146}, (3, 5): {'bw': -199}, (4, 6): {'bw': -222}}, 'path_level': {(0, 2): {}, (0, 3): {}, (0, 5): {}, (0, 6): {}, (1, 4): {}, (1, 6): {}, (2, 3): {}, (2, 4): {}, (2, 6): {}, (3, 4): {}, (3, 5): {}, (4, 6): {}}}","{'node_level': {np.int64(0): {'cpu': 0}, np.int64(1): {'cpu': 0}, np.int64(2): {'cpu': 0}, np.int64(3): {'cpu': 0}, np.int64(4): {'cpu': 0}, np.int64(5): {'cpu': 0}, np.int64(6): {'cpu': 0}}, 'link_level': {(0, 2): {'bw': 0}, (0, 3): {'bw': 0}, (0, 5): {'bw': 0}, (0, 6): {'bw': 0}, (1, 4): {'bw': 0}, (1, 6): {'bw': 0}, (2, 3): {'bw': 0}, (2, 4): {'bw': 0}, (2, 6): {'bw': 0}, (3, 4): {'bw': 0}, (3, 5): {'bw': 0}, (4, 6): {'bw': 0}}, 'path_level': {(0, 2): {}, (0, 3): {}, (0, 5): {}, (0, 6): {}, (1, 4): {}, (1, 6): {}, (2, 3): {}, (2, 4): {}, (2, 6): {}, (3, 4): {}, (3, 5): {}, (4, 6): {}}}",[],-inf,-inf,True,True,False,0,[],0,0.0,7.0,12.0
172,131,14,31938.0,64740.0,13258471.178153144,26217262.987390395,0.4933271547729379,0.505715306152668,36,324,0,4228.162539310928,9326,1775,7551,0.3162557781201849,0.4747130434782608,165,150.1625393109284,4078.0,5,5,False,{},{},{},{},0.0,0.0,0.0,0.0,0.0,0.0,0.0,0.0,0.0,0.0,0.0,0.0,0.0,0.0,Leave Event,0.0,"{'node_level': {}, 'link_level': {}, 'path_level': {}}","{'node_level': {}, 'link_level': {}, 'path_level': {}}","{'node_level': {}, 'link_level': {}, 'path_level': {}}",[],-inf,-inf,True,True,False,0,[],0,0.0,,
173,131,14,31938.0,64740.0,13258471.178153144,26217262.987390395,0.4933271547729379,0.505715306152668,36,325,1,4237.0,9326,1775,7551,0.3162557781201849,0.4747130434782608,172,22.819026805322828,4237.0,9,20,False,"{0: -1, 1: -1, 2: -1, 3: -1, 4: -1, 5: -1, 6: -1, 7: -1, 8: -1}",{},{},{},0.0,0.0,130.0,65.0,568.0,0.0,0.0,0.0,0.0,0.0,0.0,0.0,0.0,0.0,Unknown Reason,0.0,"{'node_level': {}, 'link_level': {}, 'path_level': {}}","{'node_level': {}, 'link_level': {}, 'path_level': {}}","{'node_level': {}, 'link_level': {}, 'path_level': {}}",[],-inf,-inf,True,True,False,0,[],0,0.0,9.0,0.0
173,131,14,31938.0,64740.0,13258471.178153144,26217262.987390395,0.4933271547729379,0.505715306152668,36,326,0,4259.819026805323,9326,1775,7551,0.3162557781201849,0.4747130434782608,172,22.819026805322828,4237.0,9,20,False,{},{},{},{},0.0,0.0,0.0,0.0,0.0,0.0,0.0,0.0,0.0,0.0,0.0,0.0,0.0,0.0,Leave Event,0.0,"{'node_level': {}, 'link_level': {}, 'path_level': {}}","{'node_level': {}, 'link_level': {}, 'path_level': {}}","{'node_level': {}, 'link_level': {}, 'path_level': {}}",[],-inf,-inf,True,True,False,0,[],0,0.0,,
174,132,15,31991.0,64793.0,13301094.251329776,26259886.06056703,0.4937416078897412,0.5065175919138228,36,327,1,4262.0,9273,1758,7515,0.3228043143297381,0.4772173913043478,173,804.2089278609906,4262.0,2,1,True,"{np.int64(0): np.int64(22), np.int64(1): np.int64(25)}","{(0, 1): [(np.int64(22), 25)]}","{(np.int64(0), np.int64(22)): {'cpu': 15}, (np.int64(1), np.int64(25)): {'cpu': 2}}","{((0, 1), (np.int64(22), 25)): {'bw': 36}}",53.0,53.0,85.0,17.0,36.0,17.0,36.0,17.0,36.0,0.0,1.0,42623.0731766325,42623.0731766325,804.2089278609906,Success,0.0,"{'node_level': {}, 'link_level': {}, 'path_level': {}}","{'node_level': {np.int64(0): {'cpu': -15}, np.int64(1): {'cpu': -61}}, 'link_level': {(0, 1): {'bw': -199}}, 'path_level': {(0, 1): {}}}","{'node_level': {np.int64(0): {'cpu': 0}, np.int64(1): {'cpu': 0}}, 'link_level': {(0, 1): {'bw': 0}}, 'path_level': {(0, 1): {}}}",[],-inf,-inf,True,True,False,0,[],0,0.0,2.0,1.0
175,132,15,31991.0,64793.0,13301094.251329776,26259886.06056703,0.4937416078897412,0.5065175919138228,36,328,1,4289.0,9273,1758,7515,0.3228043143297381,0.4772173913043478,174,40.039429614590745,4289.0,10,17,False,"{0: -1, 1: -1, 2: -1, 3: -1, 4: -1, 5: -1, 6: -1, 7: -1, 8: -1, 9: -1}",{},{},{},0.0,0.0,222.0,111.0,331.0,0.0,0.0,0.0,0.0,0.0,0.0,0.0,0.0,0.0,Unknown Reason,0.0,"{'node_level': {}, 'link_level': {}, 'path_level': {}}","{'node_level': {}, 'link_level': {}, 'path_level': {}}","{'node_level': {}, 'link_level': {}, 'path_level': {}}",[],-inf,-inf,True,True,False,0,[],0,0.0,10.0,0.0
175,132,14,31991.0,64793.0,13301094.251329776,26259886.06056703,0.4937416078897412,0.5065175919138228,36,329,0,4291.734082032199,10327,1837,8490,0.2923728813559322,0.4093913043478261,170,109.73408203219842,4182.0,8,13,False,{},{},{},{},0.0,0.0,0.0,0.0,0.0,0.0,0.0,0.0,0.0,0.0,0.0,0.0,0.0,0.0,Leave Event,0.0,"{'node_level': {}, 'link_level': {}, 'path_level': {}}","{'node_level': {}, 'link_level': {}, 'path_level': {}}","{'node_level': {}, 'link_level': {}, 'path_level': {}}",[],-inf,-inf,True,True,False,0,[],0,0.0,,
175,132,13,31991.0,64793.0,13301094.251329776,26259886.06056703,0.4937416078897412,0.5065175919138228,36,330,0,4292.222815708061,10407,1854,8553,0.285824345146379,0.4050086956521739,148,649.2228157080609,3643.0,3,2,False,{},{},{},{},0.0,0.0,0.0,0.0,0.0,0.0,0.0,0.0,0.0,0.0,0.0,0.0,0.0,0.0,Leave Event,0.0,"{'node_level': {}, 'link_level': {}, 'path_level': {}}","{'node_level': {}, 'link_level': {}, 'path_level': {}}","{'node_level': {}, 'link_level': {}, 'path_level': {}}",[],-inf,-inf,True,True,False,0,[],0,0.0,,
175,132,12,31991.0,64793.0,13301094.251329776,26259886.06056703,0.4937416078897412,0.5065175919138228,36,331,0,4302.291927708988,11474,1909,9565,0.26463790446841295,0.3346086956521739,168,159.2919277089881,4143.0,8,14,False,{},{},{},{},0.0,0.0,0.0,0.0,0.0,0.0,0.0,0.0,0.0,0.0,0.0,0.0,0.0,0.0,Leave Event,0.0,"{'node_level': {}, 'link_level': {}, 'path_level': {}}","{'node_level': {}, 'link_level': {}, 'path_level': {}}","{'node_level': {}, 'link_level': {}, 'path_level': {}}",[],-inf,-inf,True,True,False,0,[],0,0.0,,
176,133,13,32219.0,65257.0,13384490.420280328,26429604.57983482,0.4937248111313729,0.506420380972797,36,332,1,4312.0,11010,1849,9161,0.2877503852080123,0.36271304347826083,175,365.77267083575293,4312.0,6,6,True,"{np.int64(0): np.int64(20), np.int64(1): np.int64(24), np.int64(2): np.int64(5), np.int64(3): np.int64(21), np.int64(4): np.int64(1), np.int64(5): np.int64(12)}","{(0, 1): [(np.int64(20), 22), (22, np.int64(24))], (0, 3): [(np.int64(20), 22), (22, np.int64(21))], (0, 5): [(np.int64(20), 1), (1, np.int64(12))], (2, 3): [(np.int64(5), 2), (2, np.int64(21))], (2, 4): [(np.int64(5), 6), (6, 4), (4, np.int64(1))], (3, 4): [(np.int64(21), 22), (22, 20), (20, np.int64(1))]}","{(np.int64(0), np.int64(20)): {'cpu': 9}, (np.int64(1), np.int64(24)): {'cpu': 15}, (np.int64(2), np.int64(5)): {'cpu': 5}, (np.int64(3), np.int64(21)): {'cpu': 9}, (np.int64(4), np.int64(1)): {'cpu': 16}, (np.int64(5), np.int64(12)): {'cpu': 6}}","{((0, 1), (np.int64(20), 22)): {'bw': 36}, ((0, 1), (22, np.int64(24))): {'bw': 36}, ((0, 3), (np.int64(20), 22)): {'bw': 4}, ((0, 3), (22, np.int64(21))): {'bw': 4}, ((0, 5), (np.int64(20), 1)): {'bw': 49}, ((0, 5), (1, np.int64(12))): {'bw': 49}, ((2, 3), (np.int64(5), 2)): {'bw': 11}, ((2, 3), (2, np.int64(21))): {'bw': 11}, ((2, 4), (np.int64(5), 6)): {'bw': 39}, ((2, 4), (6, 4)): {'bw': 39}, ((2, 4), (4, np.int64(1))): {'bw': 39}, ((3, 4), (np.int64(21), 22)): {'bw': 29}, ((3, 4), (22, 20)): {'bw': 29}, ((3, 4), (20, np.int64(1))): {'bw': 29}}",464.0,228.0,180.0,60.0,168.0,60.0,168.0,60.0,404.0,236.0,0.49137931034482757,169718.51926778935,83396.16895055167,179.7331227382579,Success,0.0,"{'node_level': {}, 'link_level': {}, 'path_level': {}}","{'node_level': {np.int64(0): {'cpu': -60}, np.int64(1): {'cpu': -19}, np.int64(2): {'cpu': -77}, np.int64(3): {'cpu': -48}, np.int64(4): {'cpu': -65}, np.int64(5): {'cpu': -14}}, 'link_level': {(0, 1): {'bw': -51}, (0, 3): {'bw': -109}, (0, 5): {'bw': -80}, (2, 3): {'bw': -100}, (2, 4): {'bw': -116}, (3, 4): {'bw': -51}}, 'path_level': {(0, 1): {}, (0, 3): {}, (0, 5): {}, (2, 3): {}, (2, 4): {}, (3, 4): {}}}","{'node_level': {np.int64(0): {'cpu': 0}, np.int64(1): {'cpu': 0}, np.int64(2): {'cpu': 0}, np.int64(3): {'cpu': 0}, np.int64(4): {'cpu': 0}, np.int64(5): {'cpu': 0}}, 'link_level': {(0, 1): {'bw': 0}, (0, 3): {'bw': 0}, (0, 5): {'bw': 0}, (2, 3): {'bw': 0}, (2, 4): {'bw': 0}, (3, 4): {'bw': 0}}, 'path_level': {(0, 1): {}, (0, 3): {}, (0, 5): {}, (2, 3): {}, (2, 4): {}, (3, 4): {}}}",[],-inf,-inf,True,True,False,0,[],0,0.0,6.0,6.0
176,133,13,32219.0,65257.0,13384490.420280328,26429604.57983482,0.4937248111313729,0.506420380972797,36,333,0,4329.0394296145905,11010,1849,9161,0.2877503852080123,0.36271304347826083,174,40.039429614590745,4289.0,10,17,False,{},{},{},{},0.0,0.0,0.0,0.0,0.0,0.0,0.0,0.0,0.0,0.0,0.0,0.0,0.0,0.0,Leave Event,0.0,"{'node_level': {}, 'link_level': {}, 'path_level': {}}","{'node_level': {}, 'link_level': {}, 'path_level': {}}","{'node_level': {}, 'link_level': {}, 'path_level': {}}",[],-inf,-inf,True,True,False,0,[],0,0.0,,
177,133,13,32219.0,65257.0,13384490.420280328,26429604.57983482,0.4937248111313729,0.506420380972797,36,334,1,4335.0,11010,1849,9161,0.2877503852080123,0.36271304347826083,176,183.22564535018236,4335.0,8,19,False,{},{},{},{},0.0,0.0,146.0,73.0,685.0,0.0,0.0,0.0,0.0,0.0,0.0,0.0,0.0,0.0,Unknown Reason,0.0,"{'node_level': {}, 'link_level': {}, 'path_level': {}}","{'node_level': {}, 'link_level': {}, 'path_level': {}}","{'node_level': {}, 'link_level': {}, 'path_level': {}}",[],-inf,-inf,True,True,False,0,[],0,0.0,0.0,0.0
177,133,12,32219.0,65257.0,13384490.420280328,26429604.57983482,0.4937248111313729,0.506420380972797,36,335,0,4342.053225359818,11158,1904,9254,0.26656394453004617,0.35624347826086955,166,234.05322535981762,4108.0,4,4,False,{},{},{},{},0.0,0.0,0.0,0.0,0.0,0.0,0.0,0.0,0.0,0.0,0.0,0.0,0.0,0.0,Leave Event,0.0,"{'node_level': {}, 'link_level': {}, 'path_level': {}}","{'node_level': {}, 'link_level': {}, 'path_level': {}}","{'node_level': {}, 'link_level': {}, 'path_level': {}}",[],-inf,-inf,True,True,False,0,[],0,0.0,,
177,133,12,32219.0,65257.0,13384490.420280328,26429604.57983482,0.4937248111313729,0.506420380972797,36,336,0,4352.011990870468,11158,1904,9254,0.26656394453004617,0.35624347826086955,99,1897.0119908704683,2455.0,4,5,False,{},{},{},{},0.0,0.0,0.0,0.0,0.0,0.0,0.0,0.0,0.0,0.0,0.0,0.0,0.0,0.0,Leave Event,0.0,"{'node_level': {}, 'link_level': {}, 'path_level': {}}","{'node_level': {}, 'link_level': {}, 'path_level': {}}","{'node_level': {}, 'link_level': {}, 'path_level': {}}",[],-inf,-inf,True,True,False,0,[],0,0.0,,
177,133,12,32219.0,65257.0,13384490.420280328,26429604.57983482,0.4937248111313729,0.506420380972797,36,337,0,4362.19379674034,11158,1904,9254,0.26656394453004617,0.35624347826086955,129,1185.1937967403398,3177.0,10,23,False,{},{},{},{},0.0,0.0,0.0,0.0,0.0,0.0,0.0,0.0,0.0,0.0,0.0,0.0,0.0,0.0,Leave Event,0.0,"{'node_level': {}, 'link_level': {}, 'path_level': {}}","{'node_level': {}, 'link_level': {}, 'path_level': {}}","{'node_level': {}, 'link_level': {}, 'path_level': {}}",[],-inf,-inf,True,True,False,0,[],0,0.0,,
178,134,13,32526.0,65983.0,13516756.380208815,26742389.879209675,0.49294515253929044,0.5054430976910236,36,338,1,4364.0,10432,1839,8593,0.29160246533127887,0.40222608695652173,177,430.8337456953945,4364.0,7,9,True,"{np.int64(0): np.int64(5), np.int64(1): np.int64(3), np.int64(2): np.int64(14), np.int64(3): np.int64(16), np.int64(4): np.int64(33), np.int64(5): np.int64(12), np.int64(6): np.int64(25)}","{(0, 3): [(np.int64(5), 2), (2, 13), (13, 14), (14, np.int64(16))], (0, 6): [(np.int64(5), 2), (2, 21), (21, 22), (22, np.int64(25))], (1, 2): [(np.int64(3), 13), (13, np.int64(14))], (1, 4): [(np.int64(3), 29), (29, 30), (30, np.int64(33))], (1, 5): [(np.int64(3), 13), (13, 14), (14, np.int64(12))], (2, 3): [(np.int64(14), 16)], (2, 5): [(np.int64(14), 12)], (3, 5): [(np.int64(16), 14), (14, 12)], (5, 6): [(np.int64(12), 0), (0, 20), (20, 22), (22, np.int64(25))]}","{(np.int64(0), np.int64(5)): {'cpu': 0}, (np.int64(1), np.int64(3)): {'cpu': 12}, (np.int64(2), np.int64(14)): {'cpu': 2}, (np.int64(3), np.int64(16)): {'cpu': 12}, (np.int64(4), np.int64(33)): {'cpu': 19}, (np.int64(5), np.int64(12)): {'cpu': 13}, (np.int64(6), np.int64(25)): {'cpu': 7}}","{((0, 3), (np.int64(5), 2)): {'bw': 19}, ((0, 3), (2, 13)): {'bw': 19}, ((0, 3), (13, 14)): {'bw': 19}, ((0, 3), (14, np.int64(16))): {'bw': 19}, ((0, 6), (np.int64(5), 2)): {'bw': 35}, ((0, 6), (2, 21)): {'bw': 35}, ((0, 6), (21, 22)): {'bw': 35}, ((0, 6), (22, np.int64(25))): {'bw': 35}, ((1, 2), (np.int64(3), 13)): {'bw': 29}, ((1, 2), (13, np.int64(14))): {'bw': 29}, ((1, 4), (np.int64(3), 29)): {'bw': 20}, ((1, 4), (29, 30)): {'bw': 20}, ((1, 4), (30, np.int64(33))): {'bw': 20}, ((1, 5), (np.int64(3), 13)): {'bw': 8}, ((1, 5), (13, 14)): {'bw': 8}, ((1, 5), (14, np.int64(12))): {'bw': 8}, ((2, 3), (np.int64(14), 16)): {'bw': 10}, ((2, 5), (np.int64(14), 12)): {'bw': 41}, ((3, 5), (np.int64(16), 14)): {'bw': 34}, ((3, 5), (14, 12)): {'bw': 34}, ((5, 6), (np.int64(12), 0)): {'bw': 46}, ((5, 6), (0, 20)): {'bw': 46}, ((5, 6), (20, 22)): {'bw': 46}, ((5, 6), (22, np.int64(25))): {'bw': 46}}",726.0,307.0,195.0,65.0,242.0,65.0,242.0,65.0,661.0,419.0,0.4228650137741047,312785.2993748564,132265.95992848612,182.1845178078321,Success,0.0,"{'node_level': {}, 'link_level': {}, 'path_level': {}}","{'node_level': {np.int64(0): {'cpu': -77}, np.int64(1): {'cpu': -14}, np.int64(2): {'cpu': -54}, np.int64(3): {'cpu': -12}, np.int64(4): {'cpu': -31}, np.int64(5): {'cpu': -20}, np.int64(6): {'cpu': -54}}, 'link_level': {(0, 3): {'bw': -108}, (0, 6): {'bw': -65}, (1, 2): {'bw': -148}, (1, 4): {'bw': -93}, (1, 5): {'bw': -126}, (2, 3): {'bw': -173}, (2, 5): {'bw': -85}, (3, 5): {'bw': -51}, (5, 6): {'bw': -5}}, 'path_level': {(0, 3): {}, (0, 6): {}, (1, 2): {}, (1, 4): {}, (1, 5): {}, (2, 3): {}, (2, 5): {}, (3, 5): {}, (5, 6): {}}}","{'node_level': {np.int64(0): {'cpu': 0}, np.int64(1): {'cpu': 0}, np.int64(2): {'cpu': 0}, np.int64(3): {'cpu': 0}, np.int64(4): {'cpu': 0}, np.int64(5): {'cpu': 0}, np.int64(6): {'cpu': 0}}, 'link_level': {(0, 3): {'bw': 0}, (0, 6): {'bw': 0}, (1, 2): {'bw': 0}, (1, 4): {'bw': 0}, (1, 5): {'bw': 0}, (2, 3): {'bw': 0}, (2, 5): {'bw': 0}, (3, 5): {'bw': 0}, (5, 6): {'bw': 0}}, 'path_level': {(0, 3): {}, (0, 6): {}, (1, 2): {}, (1, 4): {}, (1, 5): {}, (2, 3): {}, (2, 5): {}, (3, 5): {}, (5, 6): {}}}",[],-inf,-inf,True,True,False,0,[],0,0.0,7.0,9.0
179,135,14,32994.0,67058.0,14266681.628303152,28464974.58369987,0.4920218318470578,0.5012012776035569,36,339,1,4391.0,9357,1732,7625,0.3328197226502311,0.4695652173913043,178,1602.4043762699498,4391.0,10,14,True,"{np.int64(0): np.int64(16), np.int64(1): np.int64(3), np.int64(2): np.int64(8), np.int64(3): np.int64(19), np.int64(4): np.int64(5), np.int64(5): np.int64(15), np.int64(6): np.int64(6), np.int64(7): np.int64(14), np.int64(8): np.int64(28), np.int64(9): np.int64(2)}","{(0, 1): [(np.int64(16), 14), (14, 13), (13, np.int64(3))], (0, 7): [(np.int64(16), 14)], (1, 3): [(np.int64(3), 13), (13, 15), (15, np.int64(19))], (1, 4): [(np.int64(3), 5)], (1, 5): [(np.int64(3), 13), (13, np.int64(15))], (1, 6): [(np.int64(3), 5), (5, np.int64(6))], (1, 7): [(np.int64(3), 13), (13, np.int64(14))], (1, 8): [(np.int64(3), 29), (29, 30), (30, np.int64(28))], (2, 6): [(np.int64(8), 6)], (2, 7): [(np.int64(8), 6), (6, 5), (5, 2), (2, 13), (13, np.int64(14))], (2, 8): [(np.int64(8), 6), (6, 4), (4, 0), (0, np.int64(28))], (3, 8): [(np.int64(19), 15), (15, 12), (12, 1), (1, np.int64(28))], (4, 9): [(np.int64(5), 2)], (5, 8): [(np.int64(15), 13), (13, 3), (3, 29), (29, 30), (30, np.int64(28))]}","{(np.int64(0), np.int64(16)): {'cpu': 11}, (np.int64(1), np.int64(3)): {'cpu': 8}, (np.int64(2), np.int64(8)): {'cpu': 20}, (np.int64(3), np.int64(19)): {'cpu': 4}, (np.int64(4), np.int64(5)): {'cpu': 15}, (np.int64(5), np.int64(15)): {'cpu': 7}, (np.int64(6), np.int64(6)): {'cpu': 6}, (np.int64(7), np.int64(14)): {'cpu': 19}, (np.int64(8), np.int64(28)): {'cpu': 11}, (np.int64(9), np.int64(2)): {'cpu': 6}}","{((0, 1), (np.int64(16), 14)): {'bw': 32}, ((0, 1), (14, 13)): {'bw': 32}, ((0, 1), (13, np.int64(3))): {'bw': 32}, ((0, 7), (np.int64(16), 14)): {'bw': 37}, ((1, 3), (np.int64(3), 13)): {'bw': 22}, ((1, 3), (13, 15)): {'bw': 22}, ((1, 3), (15, np.int64(19))): {'bw': 22}, ((1, 4), (np.int64(3), 5)): {'bw': 41}, ((1, 5), (np.int64(3), 13)): {'bw': 21}, ((1, 5), (13, np.int64(15))): {'bw': 21}, ((1, 6), (np.int64(3), 5)): {'bw': 11}, ((1, 6), (5, np.int64(6))): {'bw': 11}, ((1, 7), (np.int64(3), 13)): {'bw': 43}, ((1, 7), (13, np.int64(14))): {'bw': 43}, ((1, 8), (np.int64(3), 29)): {'bw': 3}, ((1, 8), (29, 30)): {'bw': 3}, ((1, 8), (30, np.int64(28))): {'bw': 3}, ((2, 6), (np.int64(8), 6)): {'bw': 32}, ((2, 7), (np.int64(8), 6)): {'bw': 29}, ((2, 7), (6, 5)): {'bw': 29}, ((2, 7), (5, 2)): {'bw': 29}, ((2, 7), (2, 13)): {'bw': 29}, ((2, 7), (13, np.int64(14))): {'bw': 29}, ((2, 8), (np.int64(8), 6)): {'bw': 21}, ((2, 8), (6, 4)): {'bw': 21}, ((2, 8), (4, 0)): {'bw': 21}, ((2, 8), (0, np.int64(28))): {'bw': 21}, ((3, 8), (np.int64(19), 15)): {'bw': 17}, ((3, 8), (15, 12)): {'bw': 17}, ((3, 8), (12, 1)): {'bw': 17}, ((3, 8), (1, np.int64(28))): {'bw': 17}, ((4, 9), (np.int64(5), 2)): {'bw': 5}, ((5, 8), (np.int64(15), 13)): {'bw': 47}, ((5, 8), (13, 3)): {'bw': 47}, ((5, 8), (3, 29)): {'bw': 47}, ((5, 8), (29, 30)): {'bw': 47}, ((5, 8), (30, np.int64(28))): {'bw': 47}}",1075.0,468.0,321.0,107.0,361.0,107.0,361.0,107.0,968.0,607.0,0.43534883720930234,1722584.704490196,749925.2480943365,697.60488194822,Success,0.0,"{'node_level': {}, 'link_level': {}, 'path_level': {}}","{'node_level': {np.int64(0): {'cpu': -1}, np.int64(1): {'cpu': -6}, np.int64(2): {'cpu': -51}, np.int64(3): {'cpu': -65}, np.int64(4): {'cpu': -62}, np.int64(5): {'cpu': -26}, np.int64(6): {'cpu': -30}, np.int64(7): {'cpu': -35}, np.int64(8): {'cpu': -24}, np.int64(9): {'cpu': -5}}, 'link_level': {(0, 1): {'bw': -107}, (0, 7): {'bw': -70}, (1, 3): {'bw': -190}, (1, 4): {'bw': -96}, (1, 5): {'bw': -175}, (1, 6): {'bw': -85}, (1, 7): {'bw': -65}, (1, 8): {'bw': -90}, (2, 6): {'bw': -296}, (2, 7): {'bw': -36}, (2, 8): {'bw': -95}, (3, 8): {'bw': -38}, (4, 9): {'bw': -39}, (5, 8): {'bw': -43}}, 'path_level': {(0, 1): {}, (0, 7): {}, (1, 3): {}, (1, 4): {}, (1, 5): {}, (1, 6): {}, (1, 7): {}, (1, 8): {}, (2, 6): {}, (2, 7): {}, (2, 8): {}, (3, 8): {}, (4, 9): {}, (5, 8): {}}}","{'node_level': {np.int64(0): {'cpu': 0}, np.int64(1): {'cpu': 0}, np.int64(2): {'cpu': 0}, np.int64(3): {'cpu': 0}, np.int64(4): {'cpu': 0}, np.int64(5): {'cpu': 0}, np.int64(6): {'cpu': 0}, np.int64(7): {'cpu': 0}, np.int64(8): {'cpu': 0}, np.int64(9): {'cpu': 0}}, 'link_level': {(0, 1): {'bw': 0}, (0, 7): {'bw': 0}, (1, 3): {'bw': 0}, (1, 4): {'bw': 0}, (1, 5): {'bw': 0}, (1, 6): {'bw': 0}, (1, 7): {'bw': 0}, (1, 8): {'bw': 0}, (2, 6): {'bw': 0}, (2, 7): {'bw': 0}, (2, 8): {'bw': 0}, (3, 8): {'bw': 0}, (4, 9): {'bw': 0}, (5, 8): {'bw': 0}}, 'path_level': {(0, 1): {}, (0, 7): {}, (1, 3): {}, (1, 4): {}, (1, 5): {}, (1, 6): {}, (1, 7): {}, (1, 8): {}, (2, 6): {}, (2, 7): {}, (2, 8): {}, (3, 8): {}, (4, 9): {}, (5, 8): {}}}",[],-inf,-inf,True,True,False,0,[],0,0.0,10.0,14.0
179,135,14,32994.0,67058.0,14266681.628303152,28464974.58369987,0.4920218318470578,0.5012012776035569,36,340,0,4392.695013079976,9357,1732,7625,0.3328197226502311,0.4695652173913043,169,231.69501307997635,4161.0,5,7,False,{},{},{},{},0.0,0.0,0.0,0.0,0.0,0.0,0.0,0.0,0.0,0.0,0.0,0.0,0.0,0.0,Leave Event,0.0,"{'node_level': {}, 'link_level': {}, 'path_level': {}}","{'node_level': {}, 'link_level': {}, 'path_level': {}}","{'node_level': {}, 'link_level': {}, 'path_level': {}}",[],-inf,-inf,True,True,False,0,[],0,0.0,,
179,135,14,32994.0,67058.0,14266681.628303152,28464974.58369987,0.4920218318470578,0.5012012776035569,36,341,0,4399.870696500972,9357,1732,7625,0.3328197226502311,0.4695652173913043,155,574.8706965009721,3825.0,10,22,False,{},{},{},{},0.0,0.0,0.0,0.0,0.0,0.0,0.0,0.0,0.0,0.0,0.0,0.0,0.0,0.0,Leave Event,0.0,"{'node_level': {}, 'link_level': {}, 'path_level': {}}","{'node_level': {}, 'link_level': {}, 'path_level': {}}","{'node_level': {}, 'link_level': {}, 'path_level': {}}",[],-inf,-inf,True,True,False,0,[],0,0.0,,
180,136,15,33164.0,67302.0,14354847.462095305,28591518.486319195,0.4927639594662863,0.5020666345148468,36,342,1,4423.0,9113,1711,7402,0.34090909090909094,0.4850782608695652,179,518.6225517185468,4423.0,4,4,True,"{np.int64(0): np.int64(28), np.int64(1): np.int64(0), np.int64(2): np.int64(30), np.int64(3): np.int64(29)}","{(0, 1): [(np.int64(28), 0)], (0, 2): [(np.int64(28), 30)], (1, 3): [(np.int64(0), 28), (28, 31), (31, 29)], (2, 3): [(np.int64(30), 29)]}","{(np.int64(0), np.int64(28)): {'cpu': 1}, (np.int64(1), np.int64(0)): {'cpu': 1}, (np.int64(2), np.int64(30)): {'cpu': 8}, (np.int64(3), np.int64(29)): {'cpu': 11}}","{((0, 1), (np.int64(28), 0)): {'bw': 39}, ((0, 2), (np.int64(28), 30)): {'bw': 43}, ((1, 3), (np.int64(0), 28)): {'bw': 37}, ((1, 3), (28, 31)): {'bw': 37}, ((1, 3), (31, 29)): {'bw': 37}, ((2, 3), (np.int64(30), 29)): {'bw': 30}}",244.0,170.0,126.0,21.0,149.0,21.0,149.0,21.0,223.0,74.0,0.6967213114754098,126543.90261932541,88165.83379215296,361.3353843940695,Success,0.0,"{'node_level': {}, 'link_level': {}, 'path_level': {}}","{'node_level': {np.int64(0): {'cpu': -23}, np.int64(1): {'cpu': -52}, np.int64(2): {'cpu': -33}, np.int64(3): {'cpu': -37}}, 'link_level': {(0, 1): {'bw': -120}, (0, 2): {'bw': -10}, (1, 3): {'bw': -83}, (2, 3): {'bw': -13}}, 'path_level': {(0, 1): {}, (0, 2): {}, (1, 3): {}, (2, 3): {}}}","{'node_level': {np.int64(0): {'cpu': 0}, np.int64(1): {'cpu': 0}, np.int64(2): {'cpu': 0}, np.int64(3): {'cpu': 0}}, 'link_level': {(0, 1): {'bw': 0}, (0, 2): {'bw': 0}, (1, 3): {'bw': 0}, (2, 3): {'bw': 0}}, 'path_level': {(0, 1): {}, (0, 2): {}, (1, 3): {}, (2, 3): {}}}",[],-inf,-inf,True,True,False,0,[],0,0.0,4.0,4.0
181,137,16,33380.0,67689.0,14358735.767658103,28598485.033785876,0.4931377328664923,0.5020802937881108,36,343,1,4443.0,8726,1638,7088,0.36902927580893685,0.5069217391304348,180,18.00141464258402,4443.0,5,5,True,"{np.int64(0): np.int64(12), np.int64(1): np.int64(22), np.int64(2): np.int64(0), np.int64(3): np.int64(1), np.int64(4): np.int64(20)}","{(0, 4): [(np.int64(12), 1), (1, 20)], (1, 3): [(np.int64(22), 20), (20, 1)], (1, 4): [(np.int64(22), 21), (21, 23), (23, 20)], (2, 3): [(np.int64(0), 4), (4, 1)], (2, 4): [(np.int64(0), 20)]}","{(np.int64(0), np.int64(12)): {'cpu': 18}, (np.int64(1), np.int64(22)): {'cpu': 15}, (np.int64(2), np.int64(0)): {'cpu': 19}, (np.int64(3), np.int64(1)): {'cpu': 13}, (np.int64(4), np.int64(20)): {'cpu': 8}}","{((0, 4), (np.int64(12), 1)): {'bw': 29}, ((0, 4), (1, 20)): {'bw': 29}, ((1, 3), (np.int64(22), 20)): {'bw': 4}, ((1, 3), (20, 1)): {'bw': 4}, ((1, 4), (np.int64(22), 21)): {'bw': 48}, ((1, 4), (21, 23)): {'bw': 48}, ((1, 4), (23, 20)): {'bw': 48}, ((2, 3), (np.int64(0), 4)): {'bw': 42}, ((2, 3), (4, 1)): {'bw': 42}, ((2, 4), (np.int64(0), 20)): {'bw': 20}}",387.0,216.0,365.0,73.0,143.0,73.0,143.0,73.0,314.0,171.0,0.5581395348837209,6966.5474666800155,3888.3055627981485,10.047301195860848,Success,0.0,"{'node_level': {}, 'link_level': {}, 'path_level': {}}","{'node_level': {np.int64(0): {'cpu': -2}, np.int64(1): {'cpu': -2}, np.int64(2): {'cpu': -33}, np.int64(3): {'cpu': -63}, np.int64(4): {'cpu': -67}}, 'link_level': {(0, 4): {'bw': -50}, (1, 3): {'bw': -30}, (1, 4): {'bw': -14}, (2, 3): {'bw': -79}, (2, 4): {'bw': -28}}, 'path_level': {(0, 4): {}, (1, 3): {}, (1, 4): {}, (2, 3): {}, (2, 4): {}}}","{'node_level': {np.int64(0): {'cpu': 0}, np.int64(1): {'cpu': 0}, np.int64(2): {'cpu': 0}, np.int64(3): {'cpu': 0}, np.int64(4): {'cpu': 0}}, 'link_level': {(0, 4): {'bw': 0}, (1, 3): {'bw': 0}, (1, 4): {'bw': 0}, (2, 3): {'bw': 0}, (2, 4): {'bw': 0}}, 'path_level': {(0, 4): {}, (1, 3): {}, (1, 4): {}, (2, 3): {}, (2, 4): {}}}",[],-inf,-inf,True,True,False,0,[],0,0.0,5.0,5.0
181,137,16,33380.0,67689.0,14358735.767658103,28598485.033785876,0.4931377328664923,0.5020802937881108,36,344,0,4451.748124628795,8726,1638,7088,0.36902927580893685,0.5069217391304348,156,594.7481246287949,3857.0,10,20,False,{},{},{},{},0.0,0.0,0.0,0.0,0.0,0.0,0.0,0.0,0.0,0.0,0.0,0.0,0.0,0.0,Leave Event,0.0,"{'node_level': {}, 'link_level': {}, 'path_level': {}}","{'node_level': {}, 'link_level': {}, 'path_level': {}}","{'node_level': {}, 'link_level': {}, 'path_level': {}}",[],-inf,-inf,True,True,False,0,[],0,0.0,,
181,137,15,33380.0,67689.0,14358735.767658103,28598485.033785876,0.4931377328664923,0.5020802937881108,36,345,0,4461.001414642584,9113,1711,7402,0.34090909090909094,0.4850782608695652,180,18.00141464258402,4443.0,5,5,False,{},{},{},{},0.0,0.0,0.0,0.0,0.0,0.0,0.0,0.0,0.0,0.0,0.0,0.0,0.0,0.0,Leave Event,0.0,"{'node_level': {}, 'link_level': {}, 'path_level': {}}","{'node_level': {}, 'link_level': {}, 'path_level': {}}","{'node_level': {}, 'link_level': {}, 'path_level': {}}",[],-inf,-inf,True,True,False,0,[],0,0.0,,
182,137,15,33380.0,67689.0,14358735.767658103,28598485.033785876,0.4931377328664923,0.5020802937881108,36,346,1,4466.0,9113,1711,7402,0.34090909090909094,0.4850782608695652,181,281.41260086887553,4466.0,9,21,False,"{0: -1, 1: -1, 2: -1, 3: -1, 4: -1, 5: -1, 6: -1, 7: -1, 8: -1}",{},{},{},0.0,0.0,222.0,111.0,541.0,0.0,0.0,0.0,0.0,0.0,0.0,0.0,0.0,0.0,Unknown Reason,0.0,"{'node_level': {}, 'link_level': {}, 'path_level': {}}","{'node_level': {}, 'link_level': {}, 'path_level': {}}","{'node_level': {}, 'link_level': {}, 'path_level': {}}",[],-inf,-inf,True,True,False,0,[],0,0.0,9.0,0.0
183,137,15,33380.0,67689.0,14358735.767658103,28598485.033785876,0.4931377328664923,0.5020802937881108,36,347,1,4491.0,9113,1711,7402,0.34090909090909094,0.4850782608695652,182,356.6921404775624,4491.0,7,13,False,{},{},{},{},0.0,0.0,170.0,85.0,346.0,0.0,0.0,0.0,0.0,0.0,0.0,0.0,0.0,0.0,Unknown Reason,0.0,"{'node_level': {}, 'link_level': {}, 'path_level': {}}","{'node_level': {}, 'link_level': {}, 'path_level': {}}","{'node_level': {}, 'link_level': {}, 'path_level': {}}",[],-inf,-inf,True,True,False,0,[],0,0.0,0.0,0.0
184,138,16,33565.0,68139.0,14429799.200833717,28771342.033402234,0.4925960169653209,0.5015337548064797,36,348,1,4506.0,8663,1660,7003,0.36055469953775043,0.5128347826086956,183,384.1266658141331,4506.0,5,5,True,"{np.int64(0): np.int64(31), np.int64(1): np.int64(5), np.int64(2): np.int64(4), np.int64(3): np.int64(26), np.int64(4): np.int64(0)}","{(0, 2): [(np.int64(31), 28), (28, 0), (0, 4)], (1, 3): [(np.int64(5), 2), (2, 21), (21, 23), (23, 26)], (1, 4): [(np.int64(5), 6), (6, 4), (4, 0)], (2, 3): [(np.int64(4), 0), (0, 20), (20, 23), (23, 26)], (2, 4): [(np.int64(4), 0)]}","{(np.int64(0), np.int64(31)): {'cpu': 8}, (np.int64(1), np.int64(5)): {'cpu': 18}, (np.int64(2), np.int64(4)): {'cpu': 9}, (np.int64(3), np.int64(26)): {'cpu': 15}, (np.int64(4), np.int64(0)): {'cpu': 1}}","{((0, 2), (np.int64(31), 28)): {'bw': 41}, ((0, 2), (28, 0)): {'bw': 41}, ((0, 2), (0, 4)): {'bw': 41}, ((1, 3), (np.int64(5), 2)): {'bw': 38}, ((1, 3), (2, 21)): {'bw': 38}, ((1, 3), (21, 23)): {'bw': 38}, ((1, 3), (23, 26)): {'bw': 38}, ((1, 4), (np.int64(5), 6)): {'bw': 12}, ((1, 4), (6, 4)): {'bw': 12}, ((1, 4), (4, 0)): {'bw': 12}, ((2, 3), (np.int64(4), 0)): {'bw': 15}, ((2, 3), (0, 20)): {'bw': 15}, ((2, 3), (20, 23)): {'bw': 15}, ((2, 3), (23, 26)): {'bw': 15}, ((2, 4), (np.int64(4), 0)): {'bw': 28}}",450.0,185.0,306.0,51.0,134.0,51.0,134.0,51.0,399.0,265.0,0.4111111111111111,172856.99961635988,71063.43317561463,157.91874039025473,Success,0.0,"{'node_level': {}, 'link_level': {}, 'path_level': {}}","{'node_level': {np.int64(0): {'cpu': -57}, np.int64(1): {'cpu': -44}, np.int64(2): {'cpu': -44}, np.int64(3): {'cpu': -41}, np.int64(4): {'cpu': -51}}, 'link_level': {(0, 2): {'bw': -42}, (1, 3): {'bw': -1}, (1, 4): {'bw': -67}, (2, 3): {'bw': -33}, (2, 4): {'bw': -25}}, 'path_level': {(0, 2): {}, (1, 3): {}, (1, 4): {}, (2, 3): {}, (2, 4): {}}}","{'node_level': {np.int64(0): {'cpu': 0}, np.int64(1): {'cpu': 0}, np.int64(2): {'cpu': 0}, np.int64(3): {'cpu': 0}, np.int64(4): {'cpu': 0}}, 'link_level': {(0, 2): {'bw': 0}, (1, 3): {'bw': 0}, (1, 4): {'bw': 0}, (2, 3): {'bw': 0}, (2, 4): {'bw': 0}}, 'path_level': {(0, 2): {}, (1, 3): {}, (1, 4): {}, (2, 3): {}, (2, 4): {}}}",[],-inf,-inf,True,True,False,0,[],0,0.0,5.0,5.0
184,138,16,33565.0,68139.0,14429799.200833717,28771342.033402234,0.4925960169653209,0.5015337548064797,36,349,0,4518.225645350182,8663,1660,7003,0.36055469953775043,0.5128347826086956,176,183.22564535018236,4335.0,8,19,False,{},{},{},{},0.0,0.0,0.0,0.0,0.0,0.0,0.0,0.0,0.0,0.0,0.0,0.0,0.0,0.0,Leave Event,0.0,"{'node_level': {}, 'link_level': {}, 'path_level': {}}","{'node_level': {}, 'link_level': {}, 'path_level': {}}","{'node_level': {}, 'link_level': {}, 'path_level': {}}",[],-inf,-inf,True,True,False,0,[],0,0.0,,
184,138,15,33565.0,68139.0,14429799.200833717,28771342.033402234,0.4925960169653209,0.5015337548064797,36,350,0,4523.959646548573,9254,1705,7549,0.3432203389830508,0.47485217391304346,171,307.9596465485727,4216.0,7,12,False,{},{},{},{},0.0,0.0,0.0,0.0,0.0,0.0,0.0,0.0,0.0,0.0,0.0,0.0,0.0,0.0,Leave Event,0.0,"{'node_level': {}, 'link_level': {}, 'path_level': {}}","{'node_level': {}, 'link_level': {}, 'path_level': {}}","{'node_level': {}, 'link_level': {}, 'path_level': {}}",[],-inf,-inf,True,True,False,0,[],0,0.0,,
185,138,15,33565.0,68139.0,14429799.200833717,28771342.033402234,0.4925960169653209,0.5015337548064797,36,351,1,4540.0,9254,1705,7549,0.3432203389830508,0.47485217391304346,184,571.8976872877207,4540.0,6,10,False,{},{},{},{},0.0,0.0,116.0,58.0,313.0,0.0,0.0,0.0,0.0,0.0,0.0,0.0,0.0,0.0,Unknown Reason,0.0,"{'node_level': {}, 'link_level': {}, 'path_level': {}}","{'node_level': {}, 'link_level': {}, 'path_level': {}}","{'node_level': {}, 'link_level': {}, 'path_level': {}}",[],-inf,-inf,True,True,False,0,[],0,0.0,0.0,0.0
185,138,14,33565.0,68139.0,14429799.200833717,28771342.033402234,0.4925960169653209,0.5015337548064797,36,352,0,4569.880321126444,9505,1762,7743,0.32126348228043144,0.46135652173913044,167,442.88032112644396,4127.0,5,4,False,{},{},{},{},0.0,0.0,0.0,0.0,0.0,0.0,0.0,0.0,0.0,0.0,0.0,0.0,0.0,0.0,Leave Event,0.0,"{'node_level': {}, 'link_level': {}, 'path_level': {}}","{'node_level': {}, 'link_level': {}, 'path_level': {}}","{'node_level': {}, 'link_level': {}, 'path_level': {}}",[],-inf,-inf,True,True,False,0,[],0,0.0,,
186,139,15,33846.0,68662.0,14475485.708782878,28856374.217236437,0.49293641315429204,0.501639104060981,36,353,1,4571.0,8982,1690,7292,0.3489984591679507,0.4927304347826087,185,162.58543754149804,4571.0,7,8,True,"{np.int64(0): np.int64(25), np.int64(1): np.int64(4), np.int64(2): np.int64(5), np.int64(3): np.int64(23), np.int64(4): np.int64(13), np.int64(5): np.int64(6), np.int64(6): np.int64(3)}","{(0, 3): [(np.int64(25), 22), (22, 20), (20, 23)], (0, 6): [(np.int64(25), 22), (22, 21), (21, 3)], (1, 5): [(np.int64(4), 6)], (1, 6): [(np.int64(4), 6), (6, 5), (5, 3)], (2, 3): [(np.int64(5), 2), (2, 21), (21, 23)], (2, 4): [(np.int64(5), 3), (3, 13)], (3, 6): [(np.int64(23), 21), (21, 3)], (4, 5): [(np.int64(13), 2), (2, 5), (5, 6)]}","{(np.int64(0), np.int64(25)): {'cpu': 9}, (np.int64(1), np.int64(4)): {'cpu': 1}, (np.int64(2), np.int64(5)): {'cpu': 20}, (np.int64(3), np.int64(23)): {'cpu': 8}, (np.int64(4), np.int64(13)): {'cpu': 8}, (np.int64(5), np.int64(6)): {'cpu': 19}, (np.int64(6), np.int64(3)): {'cpu': 7}}","{((0, 3), (np.int64(25), 22)): {'bw': 26}, ((0, 3), (22, 20)): {'bw': 26}, ((0, 3), (20, 23)): {'bw': 26}, ((0, 6), (np.int64(25), 22)): {'bw': 29}, ((0, 6), (22, 21)): {'bw': 29}, ((0, 6), (21, 3)): {'bw': 29}, ((1, 5), (np.int64(4), 6)): {'bw': 50}, ((1, 6), (np.int64(4), 6)): {'bw': 17}, ((1, 6), (6, 5)): {'bw': 17}, ((1, 6), (5, 3)): {'bw': 17}, ((2, 3), (np.int64(5), 2)): {'bw': 10}, ((2, 3), (2, 21)): {'bw': 10}, ((2, 3), (21, 23)): {'bw': 10}, ((2, 4), (np.int64(5), 3)): {'bw': 43}, ((2, 4), (3, 13)): {'bw': 43}, ((3, 6), (np.int64(23), 21)): {'bw': 33}, ((3, 6), (21, 3)): {'bw': 33}, ((4, 5), (np.int64(13), 2)): {'bw': 1}, ((4, 5), (2, 5)): {'bw': 1}, ((4, 5), (5, 6)): {'bw': 1}}",523.0,281.0,864.0,72.0,209.0,72.0,209.0,72.0,451.0,242.0,0.5372848948374761,85032.18383420348,45686.50794916095,87.35469971158881,Success,0.0,"{'node_level': {}, 'link_level': {}, 'path_level': {}}","{'node_level': {np.int64(0): {'cpu': -45}, np.int64(1): {'cpu': -43}, np.int64(2): {'cpu': -24}, np.int64(3): {'cpu': -49}, np.int64(4): {'cpu': -12}, np.int64(5): {'cpu': -18}, np.int64(6): {'cpu': -16}}, 'link_level': {(0, 3): {'bw': -8}, (0, 6): {'bw': -63}, (1, 5): {'bw': -94}, (1, 6): {'bw': -77}, (2, 3): {'bw': -17}, (2, 4): {'bw': -42}, (3, 6): {'bw': -247}, (4, 5): {'bw': -33}}, 'path_level': {(0, 3): {}, (0, 6): {}, (1, 5): {}, (1, 6): {}, (2, 3): {}, (2, 4): {}, (3, 6): {}, (4, 5): {}}}","{'node_level': {np.int64(0): {'cpu': 0}, np.int64(1): {'cpu': 0}, np.int64(2): {'cpu': 0}, np.int64(3): {'cpu': 0}, np.int64(4): {'cpu': 0}, np.int64(5): {'cpu': 0}, np.int64(6): {'cpu': 0}}, 'link_level': {(0, 3): {'bw': 0}, (0, 6): {'bw': 0}, (1, 5): {'bw': 0}, (1, 6): {'bw': 0}, (2, 3): {'bw': 0}, (2, 4): {'bw': 0}, (3, 6): {'bw': 0}, (4, 5): {'bw': 0}}, 'path_level': {(0, 3): {}, (0, 6): {}, (1, 5): {}, (1, 6): {}, (2, 3): {}, (2, 4): {}, (3, 6): {}, (4, 5): {}}}",[],-inf,-inf,True,True,False,0,[],0,0.0,7.0,8.0
187,140,16,33984.0,68902.0,14485004.481609369,28872928.60476077,0.4932222576993411,0.5016811657692729,36,354,1,4590.0,8742,1650,7092,0.364406779661017,0.5066434782608695,186,68.97661468471253,4590.0,5,4,True,"{np.int64(0): np.int64(19), np.int64(1): np.int64(24), np.int64(2): np.int64(4), np.int64(3): np.int64(3), np.int64(4): np.int64(15)}","{(0, 2): [(np.int64(19), 15), (15, 12), (12, 0), (0, 4)], (0, 4): [(np.int64(19), 15)], (1, 3): [(np.int64(24), 22), (22, 21), (21, 3)], (3, 4): [(np.int64(3), 13), (13, 15)]}","{(np.int64(0), np.int64(19)): {'cpu': 6}, (np.int64(1), np.int64(24)): {'cpu': 19}, (np.int64(2), np.int64(4)): {'cpu': 6}, (np.int64(3), np.int64(3)): {'cpu': 5}, (np.int64(4), np.int64(15)): {'cpu': 4}}","{((0, 2), (np.int64(19), 15)): {'bw': 2}, ((0, 2), (15, 12)): {'bw': 2}, ((0, 2), (12, 0)): {'bw': 2}, ((0, 2), (0, 4)): {'bw': 2}, ((0, 4), (np.int64(19), 15)): {'bw': 40}, ((1, 3), (np.int64(24), 22)): {'bw': 40}, ((1, 3), (22, 21)): {'bw': 40}, ((1, 3), (21, 3)): {'bw': 40}, ((3, 4), (np.int64(3), 13)): {'bw': 16}, ((3, 4), (13, 15)): {'bw': 16}}",240.0,138.0,360.0,40.0,98.0,40.0,98.0,40.0,200.0,102.0,0.575,16554.387524331007,9518.772826490329,39.6615534437097,Success,0.0,"{'node_level': {}, 'link_level': {}, 'path_level': {}}","{'node_level': {np.int64(0): {'cpu': -59}, np.int64(1): {'cpu': 0}, np.int64(2): {'cpu': -37}, np.int64(3): {'cpu': -11}, np.int64(4): {'cpu': -22}}, 'link_level': {(0, 2): {'bw': -3}, (0, 4): {'bw': -131}, (1, 3): {'bw': -11}, (3, 4): {'bw': -26}}, 'path_level': {(0, 2): {}, (0, 4): {}, (1, 3): {}, (3, 4): {}}}","{'node_level': {np.int64(0): {'cpu': 0}, np.int64(1): {'cpu': 0}, np.int64(2): {'cpu': 0}, np.int64(3): {'cpu': 0}, np.int64(4): {'cpu': 0}}, 'link_level': {(0, 2): {'bw': 0}, (0, 4): {'bw': 0}, (1, 3): {'bw': 0}, (3, 4): {'bw': 0}}, 'path_level': {(0, 2): {}, (0, 4): {}, (1, 3): {}, (3, 4): {}}}",[],-inf,-inf,True,True,False,0,[],0,0.0,5.0,4.0
187,140,15,33984.0,68902.0,14485004.481609369,28872928.60476077,0.4932222576993411,0.5016811657692729,36,355,0,4595.00668514817,9522,1749,7773,0.326271186440678,0.45926956521739126,162,597.0066851481693,3998.0,8,11,False,{},{},{},{},0.0,0.0,0.0,0.0,0.0,0.0,0.0,0.0,0.0,0.0,0.0,0.0,0.0,0.0,Leave Event,0.0,"{'node_level': {}, 'link_level': {}, 'path_level': {}}","{'node_level': {}, 'link_level': {}, 'path_level': {}}","{'node_level': {}, 'link_level': {}, 'path_level': {}}",[],-inf,-inf,True,True,False,0,[],0,0.0,,
187,140,14,33984.0,68902.0,14485004.481609369,28872928.60476077,0.4932222576993411,0.5016811657692729,36,356,0,4607.028791252219,9765,1814,7951,0.3012326656394453,0.44688695652173915,147,985.0287912522191,3622.0,5,4,False,{},{},{},{},0.0,0.0,0.0,0.0,0.0,0.0,0.0,0.0,0.0,0.0,0.0,0.0,0.0,0.0,Leave Event,0.0,"{'node_level': {}, 'link_level': {}, 'path_level': {}}","{'node_level': {}, 'link_level': {}, 'path_level': {}}","{'node_level': {}, 'link_level': {}, 'path_level': {}}",[],-inf,-inf,True,True,False,0,[],0,0.0,,
188,141,15,34180.0,69361.0,14533876.329468118,28987378.49336876,0.4927841294098989,0.5013863648550673,36,357,1,4608.0,9306,1764,7542,0.3204930662557781,0.4753391304347826,187,249.34616254463901,4608.0,5,6,True,"{np.int64(0): np.int64(16), np.int64(1): np.int64(14), np.int64(2): np.int64(12), np.int64(3): np.int64(4), np.int64(4): np.int64(21)}","{(0, 1): [(np.int64(16), 14)], (0, 3): [(np.int64(16), 14), (14, 12), (12, 0), (0, 4)], (0, 4): [(np.int64(16), 14), (14, 13), (13, 3), (3, 21)], (1, 2): [(np.int64(14), 12)], (2, 3): [(np.int64(12), 1), (1, 4)], (3, 4): [(np.int64(4), 0), (0, 20), (20, 23), (23, 21)]}","{(np.int64(0), np.int64(16)): {'cpu': 7}, (np.int64(1), np.int64(14)): {'cpu': 8}, (np.int64(2), np.int64(12)): {'cpu': 20}, (np.int64(3), np.int64(4)): {'cpu': 9}, (np.int64(4), np.int64(21)): {'cpu': 6}}","{((0, 1), (np.int64(16), 14)): {'bw': 14}, ((0, 3), (np.int64(16), 14)): {'bw': 39}, ((0, 3), (14, 12)): {'bw': 39}, ((0, 3), (12, 0)): {'bw': 39}, ((0, 3), (0, 4)): {'bw': 39}, ((0, 4), (np.int64(16), 14)): {'bw': 24}, ((0, 4), (14, 13)): {'bw': 24}, ((0, 4), (13, 3)): {'bw': 24}, ((0, 4), (3, 21)): {'bw': 24}, ((1, 2), (np.int64(14), 12)): {'bw': 31}, ((2, 3), (np.int64(12), 1)): {'bw': 20}, ((2, 3), (1, 4)): {'bw': 20}, ((3, 4), (np.int64(4), 0)): {'bw': 18}, ((3, 4), (0, 20)): {'bw': 18}, ((3, 4), (20, 23)): {'bw': 18}, ((3, 4), (23, 21)): {'bw': 18}}",459.0,196.0,650.0,50.0,146.0,50.0,146.0,50.0,409.0,263.0,0.42701525054466233,114449.88860798931,48871.84785874925,106.47461407134912,Success,0.0,"{'node_level': {}, 'link_level': {}, 'path_level': {}}","{'node_level': {np.int64(0): {'cpu': -21}, np.int64(1): {'cpu': -35}, np.int64(2): {'cpu': 0}, np.int64(3): {'cpu': -28}, np.int64(4): {'cpu': -42}}, 'link_level': {(0, 1): {'bw': -159}, (0, 3): {'bw': -9}, (0, 4): {'bw': -2}, (1, 2): {'bw': -85}, (2, 3): {'bw': -269}, (3, 4): {'bw': -3}}, 'path_level': {(0, 1): {}, (0, 3): {}, (0, 4): {}, (1, 2): {}, (2, 3): {}, (3, 4): {}}}","{'node_level': {np.int64(0): {'cpu': 0}, np.int64(1): {'cpu': 0}, np.int64(2): {'cpu': 0}, np.int64(3): {'cpu': 0}, np.int64(4): {'cpu': 0}}, 'link_level': {(0, 1): {'bw': 0}, (0, 3): {'bw': 0}, (0, 4): {'bw': 0}, (1, 2): {'bw': 0}, (2, 3): {'bw': 0}, (3, 4): {'bw': 0}}, 'path_level': {(0, 1): {}, (0, 3): {}, (0, 4): {}, (1, 2): {}, (2, 3): {}, (3, 4): {}}}",[],-inf,-inf,True,True,False,0,[],0,0.0,5.0,6.0
189,141,15,34180.0,69361.0,14533876.329468118,28987378.49336876,0.4927841294098989,0.5013863648550673,36,358,1,4635.0,9306,1764,7542,0.3204930662557781,0.4753391304347826,188,1566.4146970149457,4635.0,9,19,False,"{0: -1, 1: -1, 2: -1, 3: -1, 4: -1, 5: -1, 6: -1, 7: -1, 8: -1}",{},{},{},0.0,0.0,154.0,77.0,402.0,0.0,0.0,0.0,0.0,0.0,0.0,0.0,0.0,0.0,Unknown Reason,0.0,"{'node_level': {}, 'link_level': {}, 'path_level': {}}","{'node_level': {}, 'link_level': {}, 'path_level': {}}","{'node_level': {}, 'link_level': {}, 'path_level': {}}",[],-inf,-inf,True,True,False,0,[],0,0.0,9.0,0.0
189,141,14,34180.0,69361.0,14533876.329468118,28987378.49336876,0.4927841294098989,0.5013863648550673,36,359,0,4658.976614684712,9546,1804,7742,0.30508474576271183,0.46142608695652176,186,68.97661468471253,4590.0,5,4,False,{},{},{},{},0.0,0.0,0.0,0.0,0.0,0.0,0.0,0.0,0.0,0.0,0.0,0.0,0.0,0.0,Leave Event,0.0,"{'node_level': {}, 'link_level': {}, 'path_level': {}}","{'node_level': {}, 'link_level': {}, 'path_level': {}}","{'node_level': {}, 'link_level': {}, 'path_level': {}}",[],-inf,-inf,True,True,False,0,[],0,0.0,,
190,141,14,34180.0,69361.0,14533876.329468118,28987378.49336876,0.4927841294098989,0.5013863648550673,36,360,1,4660.0,9546,1804,7742,0.30508474576271183,0.46142608695652176,189,103.59259042974699,4660.0,9,20,False,{},{},{},{},0.0,0.0,142.0,71.0,450.0,0.0,0.0,0.0,0.0,0.0,0.0,0.0,0.0,0.0,Unknown Reason,0.0,"{'node_level': {}, 'link_level': {}, 'path_level': {}}","{'node_level': {}, 'link_level': {}, 'path_level': {}}","{'node_level': {}, 'link_level': {}, 'path_level': {}}",[],-inf,-inf,True,True,False,0,[],0,0.0,0.0,0.0
191,142,15,34297.0,69533.0,14670955.867439091,29188897.130385917,0.4932478103921879,0.5026211097289622,36,361,1,4674.0,9374,1769,7605,0.3185670261941448,0.4709565217391304,190,1171.619982657898,4674.0,5,5,True,"{np.int64(0): np.int64(26), np.int64(1): np.int64(23), np.int64(2): np.int64(21), np.int64(3): np.int64(15), np.int64(4): np.int64(18)}","{(0, 1): [(np.int64(26), 23)], (0, 2): [(np.int64(26), 23), (23, 21)], (1, 3): [(np.int64(23), 21), (21, 2), (2, 13), (13, 15)], (1, 4): [(np.int64(23), 21), (21, 2), (2, 13), (13, 15), (15, 18)], (3, 4): [(np.int64(15), 18)]}","{(np.int64(0), np.int64(26)): {'cpu': 1}, (np.int64(1), np.int64(23)): {'cpu': 6}, (np.int64(2), np.int64(21)): {'cpu': 20}, (np.int64(3), np.int64(15)): {'cpu': 0}, (np.int64(4), np.int64(18)): {'cpu': 8}}","{((0, 1), (np.int64(26), 23)): {'bw': 24}, ((0, 2), (np.int64(26), 23)): {'bw': 6}, ((0, 2), (23, 21)): {'bw': 6}, ((1, 3), (np.int64(23), 21)): {'bw': 11}, ((1, 3), (21, 2)): {'bw': 11}, ((1, 3), (2, 13)): {'bw': 11}, ((1, 3), (13, 15)): {'bw': 11}, ((1, 4), (np.int64(23), 21)): {'bw': 4}, ((1, 4), (21, 2)): {'bw': 4}, ((1, 4), (2, 13)): {'bw': 4}, ((1, 4), (13, 15)): {'bw': 4}, ((1, 4), (15, 18)): {'bw': 4}, ((3, 4), (np.int64(15), 18)): {'bw': 37}}",172.0,117.0,280.0,35.0,82.0,35.0,82.0,35.0,137.0,55.0,0.6802325581395349,201518.63701715844,137079.53797097405,796.9740579707794,Success,0.0,"{'node_level': {}, 'link_level': {}, 'path_level': {}}","{'node_level': {np.int64(0): {'cpu': -40}, np.int64(1): {'cpu': -43}, np.int64(2): {'cpu': -22}, np.int64(3): {'cpu': -46}, np.int64(4): {'cpu': -70}}, 'link_level': {(0, 1): {'bw': -212}, (0, 2): {'bw': -206}, (1, 3): {'bw': -6}, (1, 4): {'bw': -2}, (3, 4): {'bw': -289}}, 'path_level': {(0, 1): {}, (0, 2): {}, (1, 3): {}, (1, 4): {}, (3, 4): {}}}","{'node_level': {np.int64(0): {'cpu': 0}, np.int64(1): {'cpu': 0}, np.int64(2): {'cpu': 0}, np.int64(3): {'cpu': 0}, np.int64(4): {'cpu': 0}}, 'link_level': {(0, 1): {'bw': 0}, (0, 2): {'bw': 0}, (1, 3): {'bw': 0}, (1, 4): {'bw': 0}, (3, 4): {'bw': 0}}, 'path_level': {(0, 1): {}, (0, 2): {}, (1, 3): {}, (1, 4): {}, (3, 4): {}}}",[],-inf,-inf,True,True,False,0,[],0,0.0,5.0,5.0
191,142,14,34297.0,69533.0,14670955.867439091,29188897.130385917,0.4932478103921879,0.5026211097289622,36,362,0,4677.772670835753,9838,1829,8009,0.2954545454545454,0.44285217391304343,175,365.77267083575293,4312.0,6,6,False,{},{},{},{},0.0,0.0,0.0,0.0,0.0,0.0,0.0,0.0,0.0,0.0,0.0,0.0,0.0,0.0,Leave Event,0.0,"{'node_level': {}, 'link_level': {}, 'path_level': {}}","{'node_level': {}, 'link_level': {}, 'path_level': {}}","{'node_level': {}, 'link_level': {}, 'path_level': {}}",[],-inf,-inf,True,True,False,0,[],0,0.0,,
192,142,14,34297.0,69533.0,14670955.867439091,29188897.130385917,0.4932478103921879,0.5026211097289622,36,363,1,4702.0,9838,1829,8009,0.2954545454545454,0.44285217391304343,191,392.41850595580763,4702.0,4,3,False,{},{},{},{},0.0,0.0,82.0,41.0,83.0,0.0,0.0,0.0,0.0,0.0,0.0,0.0,0.0,0.0,Unknown Reason,0.0,"{'node_level': {}, 'link_level': {}, 'path_level': {}}","{'node_level': {}, 'link_level': {}, 'path_level': {}}","{'node_level': {}, 'link_level': {}, 'path_level': {}}",[],-inf,-inf,True,True,False,0,[],0,0.0,0.0,0.0
193,143,15,34481.0,69795.0,14727120.289144857,29268870.38303217,0.4940325238197579,0.5031666783314775,36,364,1,4721.0,9576,1772,7804,0.3174114021571649,0.45711304347826087,192,305.2414223139469,4721.0,5,5,True,"{np.int64(0): np.int64(3), np.int64(1): np.int64(30), np.int64(2): np.int64(21), np.int64(3): np.int64(23), np.int64(4): np.int64(5)}","{(0, 2): [(np.int64(3), 21)], (0, 4): [(np.int64(3), 5)], (1, 2): [(np.int64(30), 29), (29, 3), (3, 21)], (1, 3): [(np.int64(30), 28), (28, 0), (0, 20), (20, 23)], (2, 3): [(np.int64(21), 23)]}","{(np.int64(0), np.int64(3)): {'cpu': 12}, (np.int64(1), np.int64(30)): {'cpu': 16}, (np.int64(2), np.int64(21)): {'cpu': 5}, (np.int64(3), np.int64(23)): {'cpu': 13}, (np.int64(4), np.int64(5)): {'cpu': 11}}","{((0, 2), (np.int64(3), 21)): {'bw': 22}, ((0, 4), (np.int64(3), 5)): {'bw': 42}, ((1, 2), (np.int64(30), 29)): {'bw': 39}, ((1, 2), (29, 3)): {'bw': 39}, ((1, 2), (3, 21)): {'bw': 39}, ((1, 3), (np.int64(30), 28)): {'bw': 0}, ((1, 3), (28, 0)): {'bw': 0}, ((1, 3), (0, 20)): {'bw': 0}, ((1, 3), (20, 23)): {'bw': 0}, ((2, 3), (np.int64(21), 23)): {'bw': 24}}",262.0,184.0,627.0,57.0,127.0,57.0,127.0,57.0,205.0,78.0,0.7022900763358778,79973.25264625408,56164.421705766224,214.36802177773367,Success,0.0,"{'node_level': {}, 'link_level': {}, 'path_level': {}}","{'node_level': {np.int64(0): {'cpu': -4}, np.int64(1): {'cpu': -24}, np.int64(2): {'cpu': -26}, np.int64(3): {'cpu': -30}, np.int64(4): {'cpu': -18}}, 'link_level': {(0, 2): {'bw': -201}, (0, 4): {'bw': -26}, (1, 2): {'bw': 0}, (1, 3): {'bw': -3}, (2, 3): {'bw': -184}}, 'path_level': {(0, 2): {}, (0, 4): {}, (1, 2): {}, (1, 3): {}, (2, 3): {}}}","{'node_level': {np.int64(0): {'cpu': 0}, np.int64(1): {'cpu': 0}, np.int64(2): {'cpu': 0}, np.int64(3): {'cpu': 0}, np.int64(4): {'cpu': 0}}, 'link_level': {(0, 2): {'bw': 0}, (0, 4): {'bw': 0}, (1, 2): {'bw': 0}, (1, 3): {'bw': 0}, (2, 3): {'bw': 0}}, 'path_level': {(0, 2): {}, (0, 4): {}, (1, 2): {}, (1, 3): {}, (2, 3): {}}}",[],-inf,-inf,True,True,False,0,[],0,0.0,5.0,5.0
193,143,14,34481.0,69795.0,14727120.289144857,29268870.38303217,0.4940325238197579,0.5031666783314775,36,365,0,4731.8727459312995,10176,1844,8332,0.28967642526964565,0.42038260869565214,160,776.8727459312998,3955.0,8,11,False,{},{},{},{},0.0,0.0,0.0,0.0,0.0,0.0,0.0,0.0,0.0,0.0,0.0,0.0,0.0,0.0,Leave Event,0.0,"{'node_level': {}, 'link_level': {}, 'path_level': {}}","{'node_level': {}, 'link_level': {}, 'path_level': {}}","{'node_level': {}, 'link_level': {}, 'path_level': {}}",[],-inf,-inf,True,True,False,0,[],0,0.0,,
193,143,13,34481.0,69795.0,14727120.289144857,29268870.38303217,0.4940325238197579,0.5031666783314775,36,366,0,4733.585437541498,10699,1916,8783,0.2619414483821263,0.3890086956521739,185,162.58543754149804,4571.0,7,8,False,{},{},{},{},0.0,0.0,0.0,0.0,0.0,0.0,0.0,0.0,0.0,0.0,0.0,0.0,0.0,0.0,Leave Event,0.0,"{'node_level': {}, 'link_level': {}, 'path_level': {}}","{'node_level': {}, 'link_level': {}, 'path_level': {}}","{'node_level': {}, 'link_level': {}, 'path_level': {}}",[],-inf,-inf,True,True,False,0,[],0,0.0,,
193,143,13,34481.0,69795.0,14727120.289144857,29268870.38303217,0.4940325238197579,0.5031666783314775,36,367,0,4747.412600868875,10699,1916,8783,0.2619414483821263,0.3890086956521739,181,281.41260086887553,4466.0,9,21,False,{},{},{},{},0.0,0.0,0.0,0.0,0.0,0.0,0.0,0.0,0.0,0.0,0.0,0.0,0.0,0.0,Leave Event,0.0,"{'node_level': {}, 'link_level': {}, 'path_level': {}}","{'node_level': {}, 'link_level': {}, 'path_level': {}}","{'node_level': {}, 'link_level': {}, 'path_level': {}}",[],-inf,-inf,True,True,False,0,[],0,0.0,,
194,144,14,35071.0,71542.0,15357659.675971521,31135908.194534175,0.49021553772609094,0.49324591979197563,36,368,1,4751.0,8952,1823,7129,0.2977657935285054,0.5040695652173913,193,1068.7108251299394,4751.0,9,22,True,"{np.int64(0): np.int64(4), np.int64(1): np.int64(35), np.int64(2): np.int64(1), np.int64(3): np.int64(11), np.int64(4): np.int64(26), np.int64(5): np.int64(8), np.int64(6): np.int64(7), np.int64(7): np.int64(3), np.int64(8): np.int64(29)}","{(0, 3): [(np.int64(4), 7), (7, 11)], (0, 5): [(np.int64(4), 6), (6, 8)], (0, 8): [(np.int64(4), 0), (0, 28), (28, 31), (31, 29)], (1, 2): [(np.int64(35), 31), (31, 28), (28, 1)], (1, 4): [(np.int64(35), 31), (31, 28), (28, 0), (0, 20), (20, 23), (23, 26)], (1, 5): [(np.int64(35), 31), (31, 28), (28, 0), (0, 4), (4, 6), (6, 8)], (1, 6): [(np.int64(35), 31), (31, 28), (28, 0), (0, 4), (4, 7)], (1, 7): [(np.int64(35), 31), (31, 29), (29, 3)], (1, 8): [(np.int64(35), 31), (31, 29)], (2, 3): [(np.int64(1), 4), (4, 7), (7, 11)], (2, 6): [(np.int64(1), 4), (4, 7)], (2, 7): [(np.int64(1), 4), (4, 6), (6, 5), (5, 3)], (3, 4): [(np.int64(11), 7), (7, 4), (4, 0), (0, 20), (20, 23), (23, 26)], (3, 5): [(np.int64(11), 7), (7, 4), (4, 6), (6, 8)], (3, 6): [(np.int64(11), 7)], (3, 7): [(np.int64(11), 7), (7, 5), (5, 3)], (4, 5): [(np.int64(26), 23), (23, 20), (20, 0), (0, 4), (4, 6), (6, 8)], (4, 6): [(np.int64(26), 23), (23, 20), (20, 1), (1, 4), (4, 7)], (4, 7): [(np.int64(26), 23), (23, 21), (21, 3)], (5, 7): [(np.int64(8), 6), (6, 5), (5, 3)], (5, 8): [(np.int64(8), 6), (6, 5), (5, 2), (2, 29)], (7, 8): [(np.int64(3), 29)]}","{(np.int64(0), np.int64(4)): {'cpu': 16}, (np.int64(1), np.int64(35)): {'cpu': 20}, (np.int64(2), np.int64(1)): {'cpu': 14}, (np.int64(3), np.int64(11)): {'cpu': 0}, (np.int64(4), np.int64(26)): {'cpu': 14}, (np.int64(5), np.int64(8)): {'cpu': 3}, (np.int64(6), np.int64(7)): {'cpu': 15}, (np.int64(7), np.int64(3)): {'cpu': 8}, (np.int64(8), np.int64(29)): {'cpu': 3}}","{((0, 3), (np.int64(4), 7)): {'bw': 36}, ((0, 3), (7, 11)): {'bw': 36}, ((0, 5), (np.int64(4), 6)): {'bw': 14}, ((0, 5), (6, 8)): {'bw': 14}, ((0, 8), (np.int64(4), 0)): {'bw': 36}, ((0, 8), (0, 28)): {'bw': 36}, ((0, 8), (28, 31)): {'bw': 36}, ((0, 8), (31, 29)): {'bw': 36}, ((1, 2), (np.int64(35), 31)): {'bw': 17}, ((1, 2), (31, 28)): {'bw': 17}, ((1, 2), (28, 1)): {'bw': 17}, ((1, 4), (np.int64(35), 31)): {'bw': 19}, ((1, 4), (31, 28)): {'bw': 19}, ((1, 4), (28, 0)): {'bw': 19}, ((1, 4), (0, 20)): {'bw': 19}, ((1, 4), (20, 23)): {'bw': 19}, ((1, 4), (23, 26)): {'bw': 19}, ((1, 5), (np.int64(35), 31)): {'bw': 24}, ((1, 5), (31, 28)): {'bw': 24}, ((1, 5), (28, 0)): {'bw': 24}, ((1, 5), (0, 4)): {'bw': 24}, ((1, 5), (4, 6)): {'bw': 24}, ((1, 5), (6, 8)): {'bw': 24}, ((1, 6), (np.int64(35), 31)): {'bw': 24}, ((1, 6), (31, 28)): {'bw': 24}, ((1, 6), (28, 0)): {'bw': 24}, ((1, 6), (0, 4)): {'bw': 24}, ((1, 6), (4, 7)): {'bw': 24}, ((1, 7), (np.int64(35), 31)): {'bw': 35}, ((1, 7), (31, 29)): {'bw': 35}, ((1, 7), (29, 3)): {'bw': 35}, ((1, 8), (np.int64(35), 31)): {'bw': 50}, ((1, 8), (31, 29)): {'bw': 50}, ((2, 3), (np.int64(1), 4)): {'bw': 1}, ((2, 3), (4, 7)): {'bw': 1}, ((2, 3), (7, 11)): {'bw': 1}, ((2, 6), (np.int64(1), 4)): {'bw': 12}, ((2, 6), (4, 7)): {'bw': 12}, ((2, 7), (np.int64(1), 4)): {'bw': 20}, ((2, 7), (4, 6)): {'bw': 20}, ((2, 7), (6, 5)): {'bw': 20}, ((2, 7), (5, 3)): {'bw': 20}, ((3, 4), (np.int64(11), 7)): {'bw': 7}, ((3, 4), (7, 4)): {'bw': 7}, ((3, 4), (4, 0)): {'bw': 7}, ((3, 4), (0, 20)): {'bw': 7}, ((3, 4), (20, 23)): {'bw': 7}, ((3, 4), (23, 26)): {'bw': 7}, ((3, 5), (np.int64(11), 7)): {'bw': 22}, ((3, 5), (7, 4)): {'bw': 22}, ((3, 5), (4, 6)): {'bw': 22}, ((3, 5), (6, 8)): {'bw': 22}, ((3, 6), (np.int64(11), 7)): {'bw': 44}, ((3, 7), (np.int64(11), 7)): {'bw': 15}, ((3, 7), (7, 5)): {'bw': 15}, ((3, 7), (5, 3)): {'bw': 15}, ((4, 5), (np.int64(26), 23)): {'bw': 32}, ((4, 5), (23, 20)): {'bw': 32}, ((4, 5), (20, 0)): {'bw': 32}, ((4, 5), (0, 4)): {'bw': 32}, ((4, 5), (4, 6)): {'bw': 32}, ((4, 5), (6, 8)): {'bw': 32}, ((4, 6), (np.int64(26), 23)): {'bw': 33}, ((4, 6), (23, 20)): {'bw': 33}, ((4, 6), (20, 1)): {'bw': 33}, ((4, 6), (1, 4)): {'bw': 33}, ((4, 6), (4, 7)): {'bw': 33}, ((4, 7), (np.int64(26), 23)): {'bw': 13}, ((4, 7), (23, 21)): {'bw': 13}, ((4, 7), (21, 3)): {'bw': 13}, ((5, 7), (np.int64(8), 6)): {'bw': 1}, ((5, 7), (6, 5)): {'bw': 1}, ((5, 7), (5, 3)): {'bw': 1}, ((5, 8), (np.int64(8), 6)): {'bw': 3}, ((5, 8), (6, 5)): {'bw': 3}, ((5, 8), (5, 2)): {'bw': 3}, ((5, 8), (2, 29)): {'bw': 3}, ((7, 8), (np.int64(3), 29)): {'bw': 39}}",1747.0,590.0,558.0,93.0,497.0,93.0,497.0,93.0,1654.0,1157.0,0.3377218088151116,1867037.811502004,630539.3868266642,360.92695296317356,Success,0.0,"{'node_level': {}, 'link_level': {}, 'path_level': {}}","{'node_level': {np.int64(0): {'cpu': -19}, np.int64(1): {'cpu': -65}, np.int64(2): {'cpu': -83}, np.int64(3): {'cpu': -73}, np.int64(4): {'cpu': -26}, np.int64(5): {'cpu': -48}, np.int64(6): {'cpu': -54}, np.int64(7): {'cpu': -9}, np.int64(8): {'cpu': -34}}, 'link_level': {(0, 3): {'bw': -151}, (0, 5): {'bw': -232}, (0, 8): {'bw': -86}, (1, 2): {'bw': -236}, (1, 4): {'bw': -67}, (1, 5): {'bw': -43}, (1, 6): {'bw': -19}, (1, 7): {'bw': -134}, (1, 8): {'bw': -84}, (2, 3): {'bw': -126}, (2, 6): {'bw': -114}, (2, 7): {'bw': -91}, (3, 4): {'bw': -34}, (3, 5): {'bw': -85}, (3, 6): {'bw': -223}, (3, 7): {'bw': -76}, (4, 5): {'bw': -2}, (4, 6): {'bw': -14}, (4, 7): {'bw': -102}, (5, 7): {'bw': -75}, (5, 8): {'bw': -17}, (7, 8): {'bw': -125}}, 'path_level': {(0, 3): {}, (0, 5): {}, (0, 8): {}, (1, 2): {}, (1, 4): {}, (1, 5): {}, (1, 6): {}, (1, 7): {}, (1, 8): {}, (2, 3): {}, (2, 6): {}, (2, 7): {}, (3, 4): {}, (3, 5): {}, (3, 6): {}, (3, 7): {}, (4, 5): {}, (4, 6): {}, (4, 7): {}, (5, 7): {}, (5, 8): {}, (7, 8): {}}}","{'node_level': {np.int64(0): {'cpu': 0}, np.int64(1): {'cpu': 0}, np.int64(2): {'cpu': 0}, np.int64(3): {'cpu': 0}, np.int64(4): {'cpu': 0}, np.int64(5): {'cpu': 0}, np.int64(6): {'cpu': 0}, np.int64(7): {'cpu': 0}, np.int64(8): {'cpu': 0}}, 'link_level': {(0, 3): {'bw': 0}, (0, 5): {'bw': 0}, (0, 8): {'bw': 0}, (1, 2): {'bw': 0}, (1, 4): {'bw': 0}, (1, 5): {'bw': 0}, (1, 6): {'bw': 0}, (1, 7): {'bw': 0}, (1, 8): {'bw': 0}, (2, 3): {'bw': 0}, (2, 6): {'bw': 0}, (2, 7): {'bw': 0}, (3, 4): {'bw': 0}, (3, 5): {'bw': 0}, (3, 6): {'bw': 0}, (3, 7): {'bw': 0}, (4, 5): {'bw': 0}, (4, 6): {'bw': 0}, (4, 7): {'bw': 0}, (5, 7): {'bw': 0}, (5, 8): {'bw': 0}, (7, 8): {'bw': 0}}, 'path_level': {(0, 3): {}, (0, 5): {}, (0, 8): {}, (1, 2): {}, (1, 4): {}, (1, 5): {}, (1, 6): {}, (1, 7): {}, (1, 8): {}, (2, 3): {}, (2, 6): {}, (2, 7): {}, (3, 4): {}, (3, 5): {}, (3, 6): {}, (3, 7): {}, (4, 5): {}, (4, 6): {}, (4, 7): {}, (5, 7): {}, (5, 8): {}, (7, 8): {}}}",[],-inf,-inf,True,True,False,0,[],0,0.0,9.0,22.0
194,144,14,35071.0,71542.0,15357659.675971521,31135908.194534175,0.49021553772609094,0.49324591979197563,36,369,0,4763.592590429747,8952,1823,7129,0.2977657935285054,0.5040695652173913,189,103.59259042974699,4660.0,9,20,False,{},{},{},{},0.0,0.0,0.0,0.0,0.0,0.0,0.0,0.0,0.0,0.0,0.0,0.0,0.0,0.0,Leave Event,0.0,"{'node_level': {}, 'link_level': {}, 'path_level': {}}","{'node_level': {}, 'link_level': {}, 'path_level': {}}","{'node_level': {}, 'link_level': {}, 'path_level': {}}",[],-inf,-inf,True,True,False,0,[],0,0.0,,
194,144,13,35071.0,71542.0,15357659.675971521,31135908.194534175,0.49021553772609094,0.49324591979197563,36,370,0,4769.981528761576,9748,1894,7854,0.2704160246533128,0.4536347826086956,128,1619.9815287615754,3150.0,10,19,False,{},{},{},{},0.0,0.0,0.0,0.0,0.0,0.0,0.0,0.0,0.0,0.0,0.0,0.0,0.0,0.0,Leave Event,0.0,"{'node_level': {}, 'link_level': {}, 'path_level': {}}","{'node_level': {}, 'link_level': {}, 'path_level': {}}","{'node_level': {}, 'link_level': {}, 'path_level': {}}",[],-inf,-inf,True,True,False,0,[],0,0.0,,
194,144,12,35071.0,71542.0,15357659.675971521,31135908.194534175,0.49021553772609094,0.49324591979197563,36,371,0,4777.107613768702,10617,1966,8651,0.24268104776579358,0.3981913043478261,163,754.107613768702,4023.0,10,19,False,{},{},{},{},0.0,0.0,0.0,0.0,0.0,0.0,0.0,0.0,0.0,0.0,0.0,0.0,0.0,0.0,Leave Event,0.0,"{'node_level': {}, 'link_level': {}, 'path_level': {}}","{'node_level': {}, 'link_level': {}, 'path_level': {}}","{'node_level': {}, 'link_level': {}, 'path_level': {}}",[],-inf,-inf,True,True,False,0,[],0,0.0,,
195,144,12,35071.0,71542.0,15357659.675971521,31135908.194534175,0.49021553772609094,0.49324591979197563,36,372,1,4783.0,10617,1966,8651,0.24268104776579358,0.3981913043478261,194,306.80210973277576,4783.0,9,16,False,"{0: -1, 1: -1, 2: -1, 3: -1, 4: -1, 5: -1, 6: -1, 7: -1, 8: -1}",{},{},{},0.0,0.0,192.0,96.0,468.0,0.0,0.0,0.0,0.0,0.0,0.0,0.0,0.0,0.0,Unknown Reason,0.0,"{'node_level': {}, 'link_level': {}, 'path_level': {}}","{'node_level': {}, 'link_level': {}, 'path_level': {}}","{'node_level': {}, 'link_level': {}, 'path_level': {}}",[],-inf,-inf,True,True,False,0,[],0,0.0,9.0,0.0
195,144,11,35071.0,71542.0,15357659.675971521,31135908.194534175,0.49021553772609094,0.49324591979197563,36,373,0,4794.833745695394,11343,2031,9312,0.21764252696456088,0.35220869565217394,177,430.8337456953945,4364.0,7,9,False,{},{},{},{},0.0,0.0,0.0,0.0,0.0,0.0,0.0,0.0,0.0,0.0,0.0,0.0,0.0,0.0,Leave Event,0.0,"{'node_level': {}, 'link_level': {}, 'path_level': {}}","{'node_level': {}, 'link_level': {}, 'path_level': {}}","{'node_level': {}, 'link_level': {}, 'path_level': {}}",[],-inf,-inf,True,True,False,0,[],0,0.0,,
195,144,10,35071.0,71542.0,15357659.675971521,31135908.194534175,0.49021553772609094,0.49324591979197563,36,374,0,4805.206405643563,12430,2138,10292,0.17642526964560867,0.28403478260869564,164,751.2064056435634,4054.0,10,17,False,{},{},{},{},0.0,0.0,0.0,0.0,0.0,0.0,0.0,0.0,0.0,0.0,0.0,0.0,0.0,0.0,Leave Event,0.0,"{'node_level': {}, 'link_level': {}, 'path_level': {}}","{'node_level': {}, 'link_level': {}, 'path_level': {}}","{'node_level': {}, 'link_level': {}, 'path_level': {}}",[],-inf,-inf,True,True,False,0,[],0,0.0,,
196,144,10,35071.0,71542.0,15357659.675971521,31135908.194534175,0.49021553772609094,0.49324591979197563,36,375,1,4807.0,12430,2138,10292,0.17642526964560867,0.28403478260869564,195,643.9809884108412,4807.0,7,11,False,{},{},{},{},0.0,0.0,98.0,49.0,341.0,0.0,0.0,0.0,0.0,0.0,0.0,0.0,0.0,0.0,Unknown Reason,0.0,"{'node_level': {}, 'link_level': {}, 'path_level': {}}","{'node_level': {}, 'link_level': {}, 'path_level': {}}","{'node_level': {}, 'link_level': {}, 'path_level': {}}",[],-inf,-inf,True,True,False,0,[],0,0.0,0.0,0.0
197,145,11,35156.0,71627.0,15379300.781284481,31157549.299847137,0.4908205006491965,0.4935978960758616,36,376,1,4832.0,12345,2110,10235,0.18721109399075497,0.28800000000000003,196,254.60123897600369,4832.0,3,2,True,"{np.int64(0): np.int64(13), np.int64(1): np.int64(2), np.int64(2): np.int64(3)}","{(0, 1): [(np.int64(13), 2)], (0, 2): [(np.int64(13), 3)]}","{(np.int64(0), np.int64(13)): {'cpu': 2}, (np.int64(1), np.int64(2)): {'cpu': 8}, (np.int64(2), np.int64(3)): {'cpu': 18}}","{((0, 1), (np.int64(13), 2)): {'bw': 17}, ((0, 2), (np.int64(13), 3)): {'bw': 40}}",85.0,85.0,280.0,28.0,57.0,28.0,57.0,28.0,57.0,0.0,1.0,21641.105312960313,21641.105312960313,254.60123897600369,Success,0.0,"{'node_level': {}, 'link_level': {}, 'path_level': {}}","{'node_level': {np.int64(0): {'cpu': -72}, np.int64(1): {'cpu': -36}, np.int64(2): {'cpu': -7}}, 'link_level': {(0, 1): {'bw': -324}, (0, 2): {'bw': -122}}, 'path_level': {(0, 1): {}, (0, 2): {}}}","{'node_level': {np.int64(0): {'cpu': 0}, np.int64(1): {'cpu': 0}, np.int64(2): {'cpu': 0}}, 'link_level': {(0, 1): {'bw': 0}, (0, 2): {'bw': 0}}, 'path_level': {(0, 1): {}, (0, 2): {}}}",[],-inf,-inf,True,True,False,0,[],0,0.0,3.0,2.0
197,145,10,35156.0,71627.0,15379300.781284481,31157549.299847137,0.4908205006491965,0.4935978960758616,36,377,0,4843.974907656826,12389,2112,10277,0.18644067796610164,0.2850782608695652,115,2003.9749076568264,2840.0,2,1,False,{},{},{},{},0.0,0.0,0.0,0.0,0.0,0.0,0.0,0.0,0.0,0.0,0.0,0.0,0.0,0.0,Leave Event,0.0,"{'node_level': {}, 'link_level': {}, 'path_level': {}}","{'node_level': {}, 'link_level': {}, 'path_level': {}}","{'node_level': {}, 'link_level': {}, 'path_level': {}}",[],-inf,-inf,True,True,False,0,[],0,0.0,,
197,145,10,35156.0,71627.0,15379300.781284481,31157549.299847137,0.4908205006491965,0.4935978960758616,36,378,0,4847.692140477562,12389,2112,10277,0.18644067796610164,0.2850782608695652,182,356.6921404775624,4491.0,7,13,False,{},{},{},{},0.0,0.0,0.0,0.0,0.0,0.0,0.0,0.0,0.0,0.0,0.0,0.0,0.0,0.0,Leave Event,0.0,"{'node_level': {}, 'link_level': {}, 'path_level': {}}","{'node_level': {}, 'link_level': {}, 'path_level': {}}","{'node_level': {}, 'link_level': {}, 'path_level': {}}",[],-inf,-inf,True,True,False,0,[],0,0.0,,
197,145,9,35156.0,71627.0,15379300.781284481,31157549.299847137,0.4908205006491965,0.4935978960758616,36,379,0,4857.346162544639,12848,2162,10686,0.16718027734976892,0.2566260869565218,187,249.34616254463901,4608.0,5,6,False,{},{},{},{},0.0,0.0,0.0,0.0,0.0,0.0,0.0,0.0,0.0,0.0,0.0,0.0,0.0,0.0,Leave Event,0.0,"{'node_level': {}, 'link_level': {}, 'path_level': {}}","{'node_level': {}, 'link_level': {}, 'path_level': {}}","{'node_level': {}, 'link_level': {}, 'path_level': {}}",[],-inf,-inf,True,True,False,0,[],0,0.0,,
198,146,10,35346.0,71982.0,15601968.395233676,31573586.157489054,0.4910394265232975,0.49414622455020013,36,380,1,4861.0,12493,2136,10357,0.1771956856702619,0.2795130434782609,197,1171.9348102589215,4861.0,4,6,True,"{np.int64(0): np.int64(15), np.int64(1): np.int64(4), np.int64(2): np.int64(13), np.int64(3): np.int64(2)}","{(0, 1): [(np.int64(15), 12), (12, 0), (0, 4)], (0, 2): [(np.int64(15), 13)], (0, 3): [(np.int64(15), 13), (13, 2)], (1, 2): [(np.int64(4), 0), (0, 12), (12, 14), (14, 13)], (1, 3): [(np.int64(4), 6), (6, 5), (5, 2)], (2, 3): [(np.int64(13), 2)]}","{(np.int64(0), np.int64(15)): {'cpu': 7}, (np.int64(1), np.int64(4)): {'cpu': 1}, (np.int64(2), np.int64(13)): {'cpu': 3}, (np.int64(3), np.int64(2)): {'cpu': 15}}","{((0, 1), (np.int64(15), 12)): {'bw': 24}, ((0, 1), (12, 0)): {'bw': 24}, ((0, 1), (0, 4)): {'bw': 24}, ((0, 2), (np.int64(15), 13)): {'bw': 49}, ((0, 3), (np.int64(15), 13)): {'bw': 30}, ((0, 3), (13, 2)): {'bw': 30}, ((1, 2), (np.int64(4), 0)): {'bw': 1}, ((1, 2), (0, 12)): {'bw': 1}, ((1, 2), (12, 14)): {'bw': 1}, ((1, 2), (14, 13)): {'bw': 1}, ((1, 3), (np.int64(4), 6)): {'bw': 42}, ((1, 3), (6, 5)): {'bw': 42}, ((1, 3), (5, 2)): {'bw': 42}, ((2, 3), (np.int64(13), 2)): {'bw': 18}}",355.0,190.0,286.0,26.0,164.0,26.0,164.0,26.0,329.0,165.0,0.5352112676056338,416036.85764191713,222667.61394919507,627.2327153498453,Success,0.0,"{'node_level': {}, 'link_level': {}, 'path_level': {}}","{'node_level': {np.int64(0): {'cpu': -48}, np.int64(1): {'cpu': -27}, np.int64(2): {'cpu': -69}, np.int64(3): {'cpu': -21}}, 'link_level': {(0, 1): {'bw': -113}, (0, 2): {'bw': -178}, (0, 3): {'bw': -148}, (1, 2): {'bw': -112}, (1, 3): {'bw': -92}, (2, 3): {'bw': -276}}, 'path_level': {(0, 1): {}, (0, 2): {}, (0, 3): {}, (1, 2): {}, (1, 3): {}, (2, 3): {}}}","{'node_level': {np.int64(0): {'cpu': 0}, np.int64(1): {'cpu': 0}, np.int64(2): {'cpu': 0}, np.int64(3): {'cpu': 0}}, 'link_level': {(0, 1): {'bw': 0}, (0, 2): {'bw': 0}, (0, 3): {'bw': 0}, (1, 2): {'bw': 0}, (1, 3): {'bw': 0}, (2, 3): {'bw': 0}}, 'path_level': {(0, 1): {}, (0, 2): {}, (0, 3): {}, (1, 2): {}, (1, 3): {}, (2, 3): {}}}",[],-inf,-inf,True,True,False,0,[],0,0.0,4.0,6.0
199,147,11,35467.0,72174.0,15672829.84878447,31686027.472214285,0.4914096489040375,0.4946290557416228,36,381,1,4889.0,12301,2105,10196,0.1891371340523883,0.2907130434782609,198,585.631847527239,4889.0,4,3,True,"{np.int64(0): np.int64(3), np.int64(1): np.int64(6), np.int64(2): np.int64(29), np.int64(3): np.int64(13)}","{(0, 1): [(np.int64(3), 5), (5, 6)], (0, 3): [(np.int64(3), 13)], (2, 3): [(np.int64(29), 2), (2, 13)]}","{(np.int64(0), np.int64(3)): {'cpu': 7}, (np.int64(1), np.int64(6)): {'cpu': 11}, (np.int64(2), np.int64(29)): {'cpu': 5}, (np.int64(3), np.int64(13)): {'cpu': 8}}","{((0, 1), (np.int64(3), 5)): {'bw': 37}, ((0, 1), (5, 6)): {'bw': 37}, ((0, 3), (np.int64(3), 13)): {'bw': 19}, ((2, 3), (np.int64(29), 2)): {'bw': 34}, ((2, 3), (2, 13)): {'bw': 34}}",192.0,121.0,341.0,31.0,90.0,31.0,90.0,31.0,161.0,71.0,0.6302083333333334,112441.31472522988,70861.45355079591,369.0700705770621,Success,0.0,"{'node_level': {}, 'link_level': {}, 'path_level': {}}","{'node_level': {np.int64(0): {'cpu': 0}, np.int64(1): {'cpu': -42}, np.int64(2): {'cpu': -47}, np.int64(3): {'cpu': -61}}, 'link_level': {(0, 1): {'bw': -64}, (0, 3): {'bw': -127}, (2, 3): {'bw': -195}}, 'path_level': {(0, 1): {}, (0, 3): {}, (2, 3): {}}}","{'node_level': {np.int64(0): {'cpu': 0}, np.int64(1): {'cpu': 0}, np.int64(2): {'cpu': 0}, np.int64(3): {'cpu': 0}}, 'link_level': {(0, 1): {'bw': 0}, (0, 3): {'bw': 0}, (2, 3): {'bw': 0}}, 'path_level': {(0, 1): {}, (0, 3): {}, (2, 3): {}}}",[],-inf,-inf,True,True,False,0,[],0,0.0,4.0,3.0
199,147,10,35467.0,72174.0,15672829.84878447,31686027.472214285,0.4914096489040375,0.4946290557416228,36,382,0,4890.126665814133,12751,2156,10595,0.1694915254237288,0.2629565217391304,183,384.1266658141331,4506.0,5,5,False,{},{},{},{},0.0,0.0,0.0,0.0,0.0,0.0,0.0,0.0,0.0,0.0,0.0,0.0,0.0,0.0,Leave Event,0.0,"{'node_level': {}, 'link_level': {}, 'path_level': {}}","{'node_level': {}, 'link_level': {}, 'path_level': {}}","{'node_level': {}, 'link_level': {}, 'path_level': {}}",[],-inf,-inf,True,True,False,0,[],0,0.0,,
200,148,11,36060.0,73626.0,16029434.48398142,32559197.675091133,0.4897726346671013,0.49231663027877587,36,383,1,4914.0,11299,2077,9222,0.1999229583975347,0.35846956521739126,199,601.3568890336401,4914.0,10,28,True,"{np.int64(0): np.int64(15), np.int64(1): np.int64(2), np.int64(2): np.int64(29), np.int64(3): np.int64(31), np.int64(4): np.int64(28), np.int64(5): np.int64(30), np.int64(6): np.int64(3), np.int64(7): np.int64(26), np.int64(8): np.int64(5), np.int64(9): np.int64(12)}","{(0, 1): [(np.int64(15), 13), (13, 2)], (0, 2): [(np.int64(15), 13), (13, 2), (2, 29)], (0, 3): [(np.int64(15), 12), (12, 0), (0, 28), (28, 31)], (0, 4): [(np.int64(15), 12), (12, 0), (0, 28)], (0, 5): [(np.int64(15), 12), (12, 0), (0, 28), (28, 30)], (0, 7): [(np.int64(15), 12), (12, 0), (0, 20), (20, 23), (23, 26)], (0, 8): [(np.int64(15), 13), (13, 2), (2, 5)], (1, 2): [(np.int64(2), 29)], (1, 3): [(np.int64(2), 29), (29, 31)], (1, 5): [(np.int64(2), 29), (29, 30)], (1, 6): [(np.int64(2), 5), (5, 3)], (1, 7): [(np.int64(2), 21), (21, 23), (23, 26)], (1, 8): [(np.int64(2), 5)], (1, 9): [(np.int64(2), 13), (13, 14), (14, 12)], (2, 4): [(np.int64(29), 30), (30, 28)], (2, 5): [(np.int64(29), 30)], (3, 4): [(np.int64(31), 28)], (3, 5): [(np.int64(31), 28), (28, 30)], (3, 6): [(np.int64(31), 29), (29, 3)], (3, 7): [(np.int64(31), 28), (28, 0), (0, 20), (20, 23), (23, 26)], (3, 9): [(np.int64(31), 28), (28, 0), (0, 12)], (4, 7): [(np.int64(28), 0), (0, 20), (20, 23), (23, 26)], (4, 9): [(np.int64(28), 1), (1, 12)], (5, 6): [(np.int64(30), 29), (29, 3)], (5, 9): [(np.int64(30), 28), (28, 0), (0, 12)], (6, 7): [(np.int64(3), 21), (21, 23), (23, 26)], (6, 9): [(np.int64(3), 13), (13, 14), (14, 12)], (7, 9): [(np.int64(26), 23), (23, 20), (20, 0), (0, 12)]}","{(np.int64(0), np.int64(15)): {'cpu': 4}, (np.int64(1), np.int64(2)): {'cpu': 1}, (np.int64(2), np.int64(29)): {'cpu': 0}, (np.int64(3), np.int64(31)): {'cpu': 13}, (np.int64(4), np.int64(28)): {'cpu': 15}, (np.int64(5), np.int64(30)): {'cpu': 4}, (np.int64(6), np.int64(3)): {'cpu': 0}, (np.int64(7), np.int64(26)): {'cpu': 4}, (np.int64(8), np.int64(5)): {'cpu': 18}, (np.int64(9), np.int64(12)): {'cpu': 20}}","{((0, 1), (np.int64(15), 13)): {'bw': 4}, ((0, 1), (13, 2)): {'bw': 4}, ((0, 2), (np.int64(15), 13)): {'bw': 5}, ((0, 2), (13, 2)): {'bw': 5}, ((0, 2), (2, 29)): {'bw': 5}, ((0, 3), (np.int64(15), 12)): {'bw': 14}, ((0, 3), (12, 0)): {'bw': 14}, ((0, 3), (0, 28)): {'bw': 14}, ((0, 3), (28, 31)): {'bw': 14}, ((0, 4), (np.int64(15), 12)): {'bw': 22}, ((0, 4), (12, 0)): {'bw': 22}, ((0, 4), (0, 28)): {'bw': 22}, ((0, 5), (np.int64(15), 12)): {'bw': 15}, ((0, 5), (12, 0)): {'bw': 15}, ((0, 5), (0, 28)): {'bw': 15}, ((0, 5), (28, 30)): {'bw': 15}, ((0, 7), (np.int64(15), 12)): {'bw': 19}, ((0, 7), (12, 0)): {'bw': 19}, ((0, 7), (0, 20)): {'bw': 19}, ((0, 7), (20, 23)): {'bw': 19}, ((0, 7), (23, 26)): {'bw': 19}, ((0, 8), (np.int64(15), 13)): {'bw': 12}, ((0, 8), (13, 2)): {'bw': 12}, ((0, 8), (2, 5)): {'bw': 12}, ((1, 2), (np.int64(2), 29)): {'bw': 39}, ((1, 3), (np.int64(2), 29)): {'bw': 32}, ((1, 3), (29, 31)): {'bw': 32}, ((1, 5), (np.int64(2), 29)): {'bw': 30}, ((1, 5), (29, 30)): {'bw': 30}, ((1, 6), (np.int64(2), 5)): {'bw': 20}, ((1, 6), (5, 3)): {'bw': 20}, ((1, 7), (np.int64(2), 21)): {'bw': 20}, ((1, 7), (21, 23)): {'bw': 20}, ((1, 7), (23, 26)): {'bw': 20}, ((1, 8), (np.int64(2), 5)): {'bw': 5}, ((1, 9), (np.int64(2), 13)): {'bw': 10}, ((1, 9), (13, 14)): {'bw': 10}, ((1, 9), (14, 12)): {'bw': 10}, ((2, 4), (np.int64(29), 30)): {'bw': 24}, ((2, 4), (30, 28)): {'bw': 24}, ((2, 5), (np.int64(29), 30)): {'bw': 11}, ((3, 4), (np.int64(31), 28)): {'bw': 21}, ((3, 5), (np.int64(31), 28)): {'bw': 6}, ((3, 5), (28, 30)): {'bw': 6}, ((3, 6), (np.int64(31), 29)): {'bw': 1}, ((3, 6), (29, 3)): {'bw': 1}, ((3, 7), (np.int64(31), 28)): {'bw': 13}, ((3, 7), (28, 0)): {'bw': 13}, ((3, 7), (0, 20)): {'bw': 13}, ((3, 7), (20, 23)): {'bw': 13}, ((3, 7), (23, 26)): {'bw': 13}, ((3, 9), (np.int64(31), 28)): {'bw': 15}, ((3, 9), (28, 0)): {'bw': 15}, ((3, 9), (0, 12)): {'bw': 15}, ((4, 7), (np.int64(28), 0)): {'bw': 47}, ((4, 7), (0, 20)): {'bw': 47}, ((4, 7), (20, 23)): {'bw': 47}, ((4, 7), (23, 26)): {'bw': 47}, ((4, 9), (np.int64(28), 1)): {'bw': 43}, ((4, 9), (1, 12)): {'bw': 43}, ((5, 6), (np.int64(30), 29)): {'bw': 21}, ((5, 6), (29, 3)): {'bw': 21}, ((5, 9), (np.int64(30), 28)): {'bw': 3}, ((5, 9), (28, 0)): {'bw': 3}, ((5, 9), (0, 12)): {'bw': 3}, ((6, 7), (np.int64(3), 21)): {'bw': 29}, ((6, 7), (21, 23)): {'bw': 29}, ((6, 7), (23, 26)): {'bw': 29}, ((6, 9), (np.int64(3), 13)): {'bw': 9}, ((6, 9), (13, 14)): {'bw': 9}, ((6, 9), (14, 12)): {'bw': 9}, ((7, 9), (np.int64(26), 23)): {'bw': 24}, ((7, 9), (23, 20)): {'bw': 24}, ((7, 9), (20, 0)): {'bw': 24}, ((7, 9), (0, 12)): {'bw': 24}}",1452.0,593.0,1185.0,79.0,514.0,79.0,514.0,79.0,1373.0,859.0,0.4084022038567493,873170.2028768454,356604.63519694854,245.59547878577723,Success,0.0,"{'node_level': {}, 'link_level': {}, 'path_level': {}}","{'node_level': {np.int64(0): {'cpu': -44}, np.int64(1): {'cpu': -20}, np.int64(2): {'cpu': -47}, np.int64(3): {'cpu': -52}, np.int64(4): {'cpu': -43}, np.int64(5): {'cpu': -27}, np.int64(6): {'cpu': 0}, np.int64(7): {'cpu': -39}, np.int64(8): {'cpu': -45}, np.int64(9): {'cpu': -36}}, 'link_level': {(0, 1): {'bw': -144}, (0, 2): {'bw': -139}, (0, 3): {'bw': -133}, (0, 4): {'bw': -111}, (0, 5): {'bw': -96}, (0, 7): {'bw': -91}, (0, 8): {'bw': -118}, (1, 2): {'bw': -151}, (1, 3): {'bw': -101}, (1, 5): {'bw': -89}, (1, 6): {'bw': -44}, (1, 7): {'bw': -129}, (1, 8): {'bw': -93}, (1, 9): {'bw': -164}, (2, 4): {'bw': -79}, (2, 5): {'bw': -98}, (3, 4): {'bw': -182}, (3, 5): {'bw': -73}, (3, 6): {'bw': -100}, (3, 7): {'bw': -78}, (3, 9): {'bw': -68}, (4, 7): {'bw': -21}, (4, 9): {'bw': -307}, (5, 6): {'bw': -77}, (5, 9): {'bw': -18}, (6, 7): {'bw': -40}, (6, 9): {'bw': -118}, (7, 9): {'bw': -7}}, 'path_level': {(0, 1): {}, (0, 2): {}, (0, 3): {}, (0, 4): {}, (0, 5): {}, (0, 7): {}, (0, 8): {}, (1, 2): {}, (1, 3): {}, (1, 5): {}, (1, 6): {}, (1, 7): {}, (1, 8): {}, (1, 9): {}, (2, 4): {}, (2, 5): {}, (3, 4): {}, (3, 5): {}, (3, 6): {}, (3, 7): {}, (3, 9): {}, (4, 7): {}, (4, 9): {}, (5, 6): {}, (5, 9): {}, (6, 7): {}, (6, 9): {}, (7, 9): {}}}","{'node_level': {np.int64(0): {'cpu': 0}, np.int64(1): {'cpu': 0}, np.int64(2): {'cpu': 0}, np.int64(3): {'cpu': 0}, np.int64(4): {'cpu': 0}, np.int64(5): {'cpu': 0}, np.int64(6): {'cpu': 0}, np.int64(7): {'cpu': 0}, np.int64(8): {'cpu': 0}, np.int64(9): {'cpu': 0}}, 'link_level': {(0, 1): {'bw': 0}, (0, 2): {'bw': 0}, (0, 3): {'bw': 0}, (0, 4): {'bw': 0}, (0, 5): {'bw': 0}, (0, 7): {'bw': 0}, (0, 8): {'bw': 0}, (1, 2): {'bw': 0}, (1, 3): {'bw': 0}, (1, 5): {'bw': 0}, (1, 6): {'bw': 0}, (1, 7): {'bw': 0}, (1, 8): {'bw': 0}, (1, 9): {'bw': 0}, (2, 4): {'bw': 0}, (2, 5): {'bw': 0}, (3, 4): {'bw': 0}, (3, 5): {'bw': 0}, (3, 6): {'bw': 0}, (3, 7): {'bw': 0}, (3, 9): {'bw': 0}, (4, 7): {'bw': 0}, (4, 9): {'bw': 0}, (5, 6): {'bw': 0}, (5, 9): {'bw': 0}, (6, 7): {'bw': 0}, (6, 9): {'bw': 0}, (7, 9): {'bw': 0}}, 'path_level': {(0, 1): {}, (0, 2): {}, (0, 3): {}, (0, 4): {}, (0, 5): {}, (0, 7): {}, (0, 8): {}, (1, 2): {}, (1, 3): {}, (1, 5): {}, (1, 6): {}, (1, 7): {}, (1, 8): {}, (1, 9): {}, (2, 4): {}, (2, 5): {}, (3, 4): {}, (3, 5): {}, (3, 6): {}, (3, 7): {}, (3, 9): {}, (4, 7): {}, (4, 9): {}, (5, 6): {}, (5, 9): {}, (6, 7): {}, (6, 9): {}, (7, 9): {}}}",[],-inf,-inf,True,True,False,0,[],0,0.0,10.0,28.0
200,148,10,36060.0,73626.0,16029434.48398142,32559197.675091133,0.4897726346671013,0.49231663027877587,36,384,0,4925.4704809777295,11334,2102,9232,0.1902927580893683,0.3577739130434783,127,1804.4704809777297,3121.0,2,1,False,{},{},{},{},0.0,0.0,0.0,0.0,0.0,0.0,0.0,0.0,0.0,0.0,0.0,0.0,0.0,0.0,Leave Event,0.0,"{'node_level': {}, 'link_level': {}, 'path_level': {}}","{'node_level': {}, 'link_level': {}, 'path_level': {}}","{'node_level': {}, 'link_level': {}, 'path_level': {}}",[],-inf,-inf,True,True,False,0,[],0,0.0,,
200,148,9,36060.0,73626.0,16029434.48398142,32559197.675091133,0.4897726346671013,0.49231663027877587,36,385,0,4941.622551718547,11578,2123,9455,0.18220338983050843,0.3422608695652174,179,518.6225517185468,4423.0,4,4,False,{},{},{},{},0.0,0.0,0.0,0.0,0.0,0.0,0.0,0.0,0.0,0.0,0.0,0.0,0.0,0.0,Leave Event,0.0,"{'node_level': {}, 'link_level': {}, 'path_level': {}}","{'node_level': {}, 'link_level': {}, 'path_level': {}}","{'node_level': {}, 'link_level': {}, 'path_level': {}}",[],-inf,-inf,True,True,False,0,[],0,0.0,,
200,148,8,36060.0,73626.0,16029434.48398142,32559197.675091133,0.4897726346671013,0.49231663027877587,36,386,0,5026.241422313947,11840,2180,9660,0.16024653312788906,0.32799999999999996,192,305.2414223139469,4721.0,5,5,False,{},{},{},{},0.0,0.0,0.0,0.0,0.0,0.0,0.0,0.0,0.0,0.0,0.0,0.0,0.0,0.0,Leave Event,0.0,"{'node_level': {}, 'link_level': {}, 'path_level': {}}","{'node_level': {}, 'link_level': {}, 'path_level': {}}","{'node_level': {}, 'link_level': {}, 'path_level': {}}",[],-inf,-inf,True,True,False,0,[],0,0.0,,
200,148,7,36060.0,73626.0,16029434.48398142,32559197.675091133,0.4897726346671013,0.49231663027877587,36,387,0,5066.208927860991,11893,2197,9696,0.15369799691833586,0.3254956521739131,173,804.2089278609906,4262.0,2,1,False,{},{},{},{},0.0,0.0,0.0,0.0,0.0,0.0,0.0,0.0,0.0,0.0,0.0,0.0,0.0,0.0,Leave Event,0.0,"{'node_level': {}, 'link_level': {}, 'path_level': {}}","{'node_level': {}, 'link_level': {}, 'path_level': {}}","{'node_level': {}, 'link_level': {}, 'path_level': {}}",[],-inf,-inf,True,True,False,0,[],0,0.0,,
200,148,6,36060.0,73626.0,16029434.48398142,32559197.675091133,0.4897726346671013,0.49231663027877587,36,388,0,5086.6012389760035,11978,2225,9753,0.14291217257318956,0.3215304347826087,196,254.60123897600369,4832.0,3,2,False,{},{},{},{},0.0,0.0,0.0,0.0,0.0,0.0,0.0,0.0,0.0,0.0,0.0,0.0,0.0,0.0,Leave Event,0.0,"{'node_level': {}, 'link_level': {}, 'path_level': {}}","{'node_level': {}, 'link_level': {}, 'path_level': {}}","{'node_level': {}, 'link_level': {}, 'path_level': {}}",[],-inf,-inf,True,True,False,0,[],0,0.0,,
200,148,6,36060.0,73626.0,16029434.48398142,32559197.675091133,0.4897726346671013,0.49231663027877587,36,389,0,5089.8021097327755,11978,2225,9753,0.14291217257318956,0.3215304347826087,194,306.80210973277576,4783.0,9,16,False,{},{},{},{},0.0,0.0,0.0,0.0,0.0,0.0,0.0,0.0,0.0,0.0,0.0,0.0,0.0,0.0,Leave Event,0.0,"{'node_level': {}, 'link_level': {}, 'path_level': {}}","{'node_level': {}, 'link_level': {}, 'path_level': {}}","{'node_level': {}, 'link_level': {}, 'path_level': {}}",[],-inf,-inf,True,True,False,0,[],0,0.0,,
200,148,6,36060.0,73626.0,16029434.48398142,32559197.675091133,0.4897726346671013,0.49231663027877587,36,390,0,5094.418505955808,11978,2225,9753,0.14291217257318956,0.3215304347826087,191,392.41850595580763,4702.0,4,3,False,{},{},{},{},0.0,0.0,0.0,0.0,0.0,0.0,0.0,0.0,0.0,0.0,0.0,0.0,0.0,0.0,Leave Event,0.0,"{'node_level': {}, 'link_level': {}, 'path_level': {}}","{'node_level': {}, 'link_level': {}, 'path_level': {}}","{'node_level': {}, 'link_level': {}, 'path_level': {}}",[],-inf,-inf,True,True,False,0,[],0,0.0,,
200,148,6,36060.0,73626.0,16029434.48398142,32559197.675091133,0.4897726346671013,0.49231663027877587,36,391,0,5111.897687287721,11978,2225,9753,0.14291217257318956,0.3215304347826087,184,571.8976872877207,4540.0,6,10,False,{},{},{},{},0.0,0.0,0.0,0.0,0.0,0.0,0.0,0.0,0.0,0.0,0.0,0.0,0.0,0.0,Leave Event,0.0,"{'node_level': {}, 'link_level': {}, 'path_level': {}}","{'node_level': {}, 'link_level': {}, 'path_level': {}}","{'node_level': {}, 'link_level': {}, 'path_level': {}}",[],-inf,-inf,True,True,False,0,[],0,0.0,,
200,148,6,36060.0,73626.0,16029434.48398142,32559197.675091133,0.4897726346671013,0.49231663027877587,36,392,0,5450.980988410841,11978,2225,9753,0.14291217257318956,0.3215304347826087,195,643.9809884108412,4807.0,7,11,False,{},{},{},{},0.0,0.0,0.0,0.0,0.0,0.0,0.0,0.0,0.0,0.0,0.0,0.0,0.0,0.0,Leave Event,0.0,"{'node_level': {}, 'link_level': {}, 'path_level': {}}","{'node_level': {}, 'link_level': {}, 'path_level': {}}","{'node_level': {}, 'link_level': {}, 'path_level': {}}",[],-inf,-inf,True,True,False,0,[],0,0.0,,
200,148,5,36060.0,73626.0,16029434.48398142,32559197.675091133,0.4897726346671013,0.49231663027877587,36,393,0,5474.631847527239,12170,2256,9914,0.13097072419106315,0.3103304347826087,198,585.631847527239,4889.0,4,3,False,{},{},{},{},0.0,0.0,0.0,0.0,0.0,0.0,0.0,0.0,0.0,0.0,0.0,0.0,0.0,0.0,Leave Event,0.0,"{'node_level': {}, 'link_level': {}, 'path_level': {}}","{'node_level': {}, 'link_level': {}, 'path_level': {}}","{'node_level': {}, 'link_level': {}, 'path_level': {}}",[],-inf,-inf,True,True,False,0,[],0,0.0,,
200,148,4,36060.0,73626.0,16029434.48398142,32559197.675091133,0.4897726346671013,0.49231663027877587,36,394,0,5515.35688903364,13622,2335,11287,0.10053929121725735,0.21481739130434785,199,601.3568890336401,4914.0,10,28,False,{},{},{},{},0.0,0.0,0.0,0.0,0.0,0.0,0.0,0.0,0.0,0.0,0.0,0.0,0.0,0.0,Leave Event,0.0,"{'node_level': {}, 'link_level': {}, 'path_level': {}}","{'node_level': {}, 'link_level': {}, 'path_level': {}}","{'node_level': {}, 'link_level': {}, 'path_level': {}}",[],-inf,-inf,True,True,False,0,[],0,0.0,,
200,148,3,36060.0,73626.0,16029434.48398142,32559197.675091133,0.4897726346671013,0.49231663027877587,36,395,0,5819.71082512994,15369,2428,12941,0.06471494607087824,0.09975652173913041,193,1068.7108251299394,4751.0,9,22,False,{},{},{},{},0.0,0.0,0.0,0.0,0.0,0.0,0.0,0.0,0.0,0.0,0.0,0.0,0.0,0.0,Leave Event,0.0,"{'node_level': {}, 'link_level': {}, 'path_level': {}}","{'node_level': {}, 'link_level': {}, 'path_level': {}}","{'node_level': {}, 'link_level': {}, 'path_level': {}}",[],-inf,-inf,True,True,False,0,[],0,0.0,,
200,148,2,36060.0,73626.0,16029434.48398142,32559197.675091133,0.4897726346671013,0.49231663027877587,36,396,0,5845.619982657898,15541,2463,13078,0.051232665639445285,0.09022608695652179,190,1171.619982657898,4674.0,5,5,False,{},{},{},{},0.0,0.0,0.0,0.0,0.0,0.0,0.0,0.0,0.0,0.0,0.0,0.0,0.0,0.0,Leave Event,0.0,"{'node_level': {}, 'link_level': {}, 'path_level': {}}","{'node_level': {}, 'link_level': {}, 'path_level': {}}","{'node_level': {}, 'link_level': {}, 'path_level': {}}",[],-inf,-inf,True,True,False,0,[],0,0.0,,
200,148,1,36060.0,73626.0,16029434.48398142,32559197.675091133,0.4897726346671013,0.49231663027877587,36,397,0,5993.404376269949,16616,2570,14046,0.01001540832049308,0.02288695652173911,178,1602.4043762699498,4391.0,10,14,False,{},{},{},{},0.0,0.0,0.0,0.0,0.0,0.0,0.0,0.0,0.0,0.0,0.0,0.0,0.0,0.0,Leave Event,0.0,"{'node_level': {}, 'link_level': {}, 'path_level': {}}","{'node_level': {}, 'link_level': {}, 'path_level': {}}","{'node_level': {}, 'link_level': {}, 'path_level': {}}",[],-inf,-inf,True,True,False,0,[],0,0.0,,
200,148,0,36060.0,73626.0,16029434.48398142,32559197.675091133,0.4897726346671013,0.49231663027877587,36,398,0,6032.934810258921,16971,2596,14375,0.0,0.0,197,1171.9348102589215,4861.0,4,6,False,{},{},{},{},0.0,0.0,0.0,0.0,0.0,0.0,0.0,0.0,0.0,0.0,0.0,0.0,0.0,0.0,Leave Event,0.0,"{'node_level': {}, 'link_level': {}, 'path_level': {}}","{'node_level': {}, 'link_level': {}, 'path_level': {}}","{'node_level': {}, 'link_level': {}, 'path_level': {}}",[],-inf,-inf,True,True,False,0,[],0,0.0,,
200,148,0,36060.0,73626.0,16029434.48398142,32559197.675091133,0.4897726346671013,0.49231663027877587,36,399,0,6201.414697014946,16971,2596,14375,0.0,0.0,188,1566.4146970149457,4635.0,9,19,False,{},{},{},{},0.0,0.0,0.0,0.0,0.0,0.0,0.0,0.0,0.0,0.0,0.0,0.0,0.0,0.0,Leave Event,0.0,"{'node_level': {}, 'link_level': {}, 'path_level': {}}","{'node_level': {}, 'link_level': {}, 'path_level': {}}","{'node_level': {}, 'link_level': {}, 'path_level': {}}",[],-inf,-inf,True,True,False,0,[],0,0.0,,
