v_net_count,success_count,inservice_count,total_revenue,total_cost,total_time_revenue,total_time_cost,long_term_r2c_ratio,long_term_time_r2c_ratio,num_running_p_net_nodes,event_id,event_type,event_time,p_net_available_resource,p_net_node_available_resource,p_net_link_available_resource,p_net_node_resource_utilization,p_net_link_resource_utilization,v_net_id,v_net_lifetime,v_net_arrival_time,v_net_num_nodes,v_net_num_egdes,result,node_slots,link_paths,node_slots_info,link_paths_info,v_net_cost,v_net_revenue,v_net_demand,v_net_node_demand,v_net_link_demand,v_net_node_revenue,v_net_link_revenue,v_net_node_cost,v_net_link_cost,v_net_path_cost,v_net_r2c_ratio,v_net_time_cost,v_net_time_revenue,v_net_time_rc_ratio,description,v_net_total_hard_constraint_violation,v_net_single_step_constraint_offset,v_net_constraint_offsets,v_net_constraint_violations,v_net_single_step_violation_list,v_net_single_step_hard_constraint_offset,v_net_max_single_step_hard_constraint_violation,place_result,route_result,early_rejection,revoke_times,selected_actions,num_interactions,v_net_reward,num_placed_nodes,num_routed_links
1,1,1,322.0,560.0,122185.5116335532,212496.54197139686,0.575,0.575,7,0,1,32.0,15723,2516,13207,0.03527607361963192,0.03422303473491772,0,379.4581106632087,32.0,7,12,True,"{2: np.int64(30), 6: np.int64(28), 0: np.int64(31), 5: np.int64(1), 1: np.int64(0), 3: np.int64(29), 4: np.int64(13)}","{(0, 1): [(np.int64(31), 28), (28, np.int64(0))], (0, 4): [(np.int64(31), 29), (29, 2), (2, np.int64(13))], (0, 5): [(np.int64(31), 28), (28, np.int64(1))], (0, 6): [(np.int64(31), 28)], (1, 4): [(np.int64(0), 12), (12, 14), (14, np.int64(13))], (1, 5): [(np.int64(0), 4), (4, np.int64(1))], (2, 3): [(np.int64(30), 29)], (2, 5): [(np.int64(30), 28), (28, np.int64(1))], (2, 6): [(np.int64(30), 28)], (3, 5): [(np.int64(29), 30), (30, 28), (28, np.int64(1))], (4, 6): [(np.int64(13), 14), (14, 12), (12, 0), (0, np.int64(28))], (5, 6): [(np.int64(1), 28)]}","{(2, np.int64(30)): {'cpu': 20}, (6, np.int64(28)): {'cpu': 14}, (0, np.int64(31)): {'cpu': 14}, (5, np.int64(1)): {'cpu': 9}, (1, np.int64(0)): {'cpu': 17}, (3, np.int64(29)): {'cpu': 15}, (4, np.int64(13)): {'cpu': 3}}","{((0, 1), (np.int64(31), 28)): {'bw': 20}, ((0, 1), (28, np.int64(0))): {'bw': 20}, ((0, 4), (np.int64(31), 29)): {'bw': 2}, ((0, 4), (29, 2)): {'bw': 2}, ((0, 4), (2, np.int64(13))): {'bw': 2}, ((0, 5), (np.int64(31), 28)): {'bw': 30}, ((0, 5), (28, np.int64(1))): {'bw': 30}, ((0, 6), (np.int64(31), 28)): {'bw': 12}, ((1, 4), (np.int64(0), 12)): {'bw': 25}, ((1, 4), (12, 14)): {'bw': 25}, ((1, 4), (14, np.int64(13))): {'bw': 25}, ((1, 5), (np.int64(0), 4)): {'bw': 0}, ((1, 5), (4, np.int64(1))): {'bw': 0}, ((2, 3), (np.int64(30), 29)): {'bw': 33}, ((2, 5), (np.int64(30), 28)): {'bw': 34}, ((2, 5), (28, np.int64(1))): {'bw': 34}, ((2, 6), (np.int64(30), 28)): {'bw': 13}, ((3, 5), (np.int64(29), 30)): {'bw': 11}, ((3, 5), (30, 28)): {'bw': 11}, ((3, 5), (28, np.int64(1))): {'bw': 11}, ((4, 6), (np.int64(13), 14)): {'bw': 26}, ((4, 6), (14, 12)): {'bw': 26}, ((4, 6), (12, 0)): {'bw': 26}, ((4, 6), (0, np.int64(28))): {'bw': 26}, ((5, 6), (np.int64(1), 28)): {'bw': 24}}",560.0,322.0,184.0,92.0,230.0,92.0,230.0,92.0,468.0,238.0,0.575,212496.54197139686,122185.5116335532,218.18841363134499,Success,0.0,"{'node_level': {}, 'link_level': {}, 'path_level': {}}","{'node_level': {2: {'cpu': -71}, 6: {'cpu': -59}, 0: {'cpu': -85}, 5: {'cpu': -84}, 1: {'cpu': -70}, 3: {'cpu': -58}, 4: {'cpu': -92}}, 'link_level': {(0, 1): {'bw': -241}, (0, 4): {'bw': -206}, (0, 5): {'bw': -254}, (0, 6): {'bw': -242}, (1, 4): {'bw': -182}, (1, 5): {'bw': -222}, (2, 3): {'bw': -189}, (2, 5): {'bw': -264}, (2, 6): {'bw': -306}, (3, 5): {'bw': -178}, (4, 6): {'bw': -156}, (5, 6): {'bw': -229}}, 'path_level': {(0, 1): {}, (0, 4): {}, (0, 5): {}, (0, 6): {}, (1, 4): {}, (1, 5): {}, (2, 3): {}, (2, 5): {}, (2, 6): {}, (3, 5): {}, (4, 6): {}, (5, 6): {}}}","{'node_level': {2: {'cpu': 0}, 6: {'cpu': 0}, 0: {'cpu': 0}, 5: {'cpu': 0}, 1: {'cpu': 0}, 3: {'cpu': 0}, 4: {'cpu': 0}}, 'link_level': {(0, 1): {'bw': 0}, (0, 4): {'bw': 0}, (0, 5): {'bw': 0}, (0, 6): {'bw': 0}, (1, 4): {'bw': 0}, (1, 5): {'bw': 0}, (2, 3): {'bw': 0}, (2, 5): {'bw': 0}, (2, 6): {'bw': 0}, (3, 5): {'bw': 0}, (4, 6): {'bw': 0}, (5, 6): {'bw': 0}}, 'path_level': {(0, 1): {}, (0, 4): {}, (0, 5): {}, (0, 6): {}, (1, 4): {}, (1, 5): {}, (2, 3): {}, (2, 5): {}, (2, 6): {}, (3, 5): {}, (4, 6): {}, (5, 6): {}}}",[],-inf,-inf,True,True,False,0,[],0,0.0,7.0,12.0
2,2,2,1026.0,1774.0,162942.92385154744,282779.92042685853,0.5783540022547914,0.5762181544063801,15,1,1,58.0,14509,2397,12112,0.08090490797546013,0.11429616087751371,1,57.894051446014565,58.0,10,24,True,"{0: np.int64(22), 7: np.int64(21), 9: np.int64(23), 3: np.int64(20), 5: np.int64(3), 4: np.int64(2), 1: np.int64(13), 2: np.int64(5), 8: np.int64(7), 6: np.int64(1)}","{(0, 3): [(np.int64(22), 20)], (0, 4): [(np.int64(22), 21), (21, np.int64(2))], (0, 5): [(np.int64(22), 21), (21, np.int64(3))], (0, 6): [(np.int64(22), 20), (20, np.int64(1))], (0, 7): [(np.int64(22), 21)], (0, 8): [(np.int64(22), 20), (20, 0), (0, 4), (4, np.int64(7))], (0, 9): [(np.int64(22), 20), (20, np.int64(23))], (1, 2): [(np.int64(13), 2), (2, np.int64(5))], (1, 3): [(np.int64(13), 14), (14, 12), (12, 0), (0, np.int64(20))], (1, 4): [(np.int64(13), 2)], (1, 5): [(np.int64(13), 3)], (1, 6): [(np.int64(13), 14), (14, 12), (12, np.int64(1))], (1, 7): [(np.int64(13), 2), (2, np.int64(21))], (2, 4): [(np.int64(5), 2)], (2, 7): [(np.int64(5), 2), (2, np.int64(21))], (2, 8): [(np.int64(5), 7)], (3, 6): [(np.int64(20), 1)], (3, 9): [(np.int64(20), 23)], (5, 6): [(np.int64(3), 5), (5, 6), (6, 4), (4, np.int64(1))], (5, 7): [(np.int64(3), 21)], (5, 9): [(np.int64(3), 21), (21, np.int64(23))], (6, 7): [(np.int64(1), 20), (20, 22), (22, np.int64(21))], (7, 9): [(np.int64(21), 23)], (8, 9): [(np.int64(7), 4), (4, 0), (0, 20), (20, np.int64(23))]}","{(0, np.int64(22)): {'cpu': 19}, (7, np.int64(21)): {'cpu': 15}, (9, np.int64(23)): {'cpu': 14}, (3, np.int64(20)): {'cpu': 15}, (5, np.int64(3)): {'cpu': 8}, (4, np.int64(2)): {'cpu': 13}, (1, np.int64(13)): {'cpu': 11}, (2, np.int64(5)): {'cpu': 9}, (8, np.int64(7)): {'cpu': 9}, (6, np.int64(1)): {'cpu': 6}}","{((0, 3), (np.int64(22), 20)): {'bw': 50}, ((0, 4), (np.int64(22), 21)): {'bw': 33}, ((0, 4), (21, np.int64(2))): {'bw': 33}, ((0, 5), (np.int64(22), 21)): {'bw': 38}, ((0, 5), (21, np.int64(3))): {'bw': 38}, ((0, 6), (np.int64(22), 20)): {'bw': 28}, ((0, 6), (20, np.int64(1))): {'bw': 28}, ((0, 7), (np.int64(22), 21)): {'bw': 43}, ((0, 8), (np.int64(22), 20)): {'bw': 20}, ((0, 8), (20, 0)): {'bw': 20}, ((0, 8), (0, 4)): {'bw': 20}, ((0, 8), (4, np.int64(7))): {'bw': 20}, ((0, 9), (np.int64(22), 20)): {'bw': 14}, ((0, 9), (20, np.int64(23))): {'bw': 14}, ((1, 2), (np.int64(13), 2)): {'bw': 9}, ((1, 2), (2, np.int64(5))): {'bw': 9}, ((1, 3), (np.int64(13), 14)): {'bw': 42}, ((1, 3), (14, 12)): {'bw': 42}, ((1, 3), (12, 0)): {'bw': 42}, ((1, 3), (0, np.int64(20))): {'bw': 42}, ((1, 4), (np.int64(13), 2)): {'bw': 3}, ((1, 5), (np.int64(13), 3)): {'bw': 17}, ((1, 6), (np.int64(13), 14)): {'bw': 15}, ((1, 6), (14, 12)): {'bw': 15}, ((1, 6), (12, np.int64(1))): {'bw': 15}, ((1, 7), (np.int64(13), 2)): {'bw': 3}, ((1, 7), (2, np.int64(21))): {'bw': 3}, ((2, 4), (np.int64(5), 2)): {'bw': 47}, ((2, 7), (np.int64(5), 2)): {'bw': 6}, ((2, 7), (2, np.int64(21))): {'bw': 6}, ((2, 8), (np.int64(5), 7)): {'bw': 42}, ((3, 6), (np.int64(20), 1)): {'bw': 5}, ((3, 9), (np.int64(20), 23)): {'bw': 20}, ((5, 6), (np.int64(3), 5)): {'bw': 13}, ((5, 6), (5, 6)): {'bw': 13}, ((5, 6), (6, 4)): {'bw': 13}, ((5, 6), (4, np.int64(1))): {'bw': 13}, ((5, 7), (np.int64(3), 21)): {'bw': 24}, ((5, 9), (np.int64(3), 21)): {'bw': 46}, ((5, 9), (21, np.int64(23))): {'bw': 46}, ((6, 7), (np.int64(1), 20)): {'bw': 15}, ((6, 7), (20, 22)): {'bw': 15}, ((6, 7), (22, np.int64(21))): {'bw': 15}, ((7, 9), (np.int64(21), 23)): {'bw': 36}, ((8, 9), (np.int64(7), 4)): {'bw': 16}, ((8, 9), (4, 0)): {'bw': 16}, ((8, 9), (0, 20)): {'bw': 16}, ((8, 9), (20, np.int64(23))): {'bw': 16}}",1214.0,704.0,238.0,119.0,585.0,119.0,585.0,119.0,1095.0,510.0,0.5799011532125206,70283.37845546169,40757.41221799426,33.57282719768884,Success,0.0,"{'node_level': {}, 'link_level': {}, 'path_level': {}}","{'node_level': {0: {'cpu': -73}, 7: {'cpu': -46}, 9: {'cpu': -64}, 3: {'cpu': -55}, 5: {'cpu': -50}, 4: {'cpu': -49}, 1: {'cpu': -81}, 2: {'cpu': -52}, 8: {'cpu': -56}, 6: {'cpu': -78}}, 'link_level': {(0, 3): {'bw': -191}, (0, 4): {'bw': -231}, (0, 5): {'bw': -193}, (0, 6): {'bw': -163}, (0, 7): {'bw': -150}, (0, 8): {'bw': -143}, (0, 9): {'bw': -129}, (1, 2): {'bw': -197}, (1, 3): {'bw': -114}, (1, 4): {'bw': -194}, (1, 5): {'bw': -304}, (1, 6): {'bw': -116}, (1, 7): {'bw': -191}, (2, 4): {'bw': -204}, (2, 7): {'bw': -198}, (2, 8): {'bw': -307}, (3, 6): {'bw': -168}, (3, 9): {'bw': -181}, (5, 6): {'bw': -209}, (5, 7): {'bw': -338}, (5, 9): {'bw': -292}, (6, 7): {'bw': -114}, (7, 9): {'bw': -314}, (8, 9): {'bw': -165}}, 'path_level': {(0, 3): {}, (0, 4): {}, (0, 5): {}, (0, 6): {}, (0, 7): {}, (0, 8): {}, (0, 9): {}, (1, 2): {}, (1, 3): {}, (1, 4): {}, (1, 5): {}, (1, 6): {}, (1, 7): {}, (2, 4): {}, (2, 7): {}, (2, 8): {}, (3, 6): {}, (3, 9): {}, (5, 6): {}, (5, 7): {}, (5, 9): {}, (6, 7): {}, (7, 9): {}, (8, 9): {}}}","{'node_level': {0: {'cpu': 0}, 7: {'cpu': 0}, 9: {'cpu': 0}, 3: {'cpu': 0}, 5: {'cpu': 0}, 4: {'cpu': 0}, 1: {'cpu': 0}, 2: {'cpu': 0}, 8: {'cpu': 0}, 6: {'cpu': 0}}, 'link_level': {(0, 3): {'bw': 0}, (0, 4): {'bw': 0}, (0, 5): {'bw': 0}, (0, 6): {'bw': 0}, (0, 7): {'bw': 0}, (0, 8): {'bw': 0}, (0, 9): {'bw': 0}, (1, 2): {'bw': 0}, (1, 3): {'bw': 0}, (1, 4): {'bw': 0}, (1, 5): {'bw': 0}, (1, 6): {'bw': 0}, (1, 7): {'bw': 0}, (2, 4): {'bw': 0}, (2, 7): {'bw': 0}, (2, 8): {'bw': 0}, (3, 6): {'bw': 0}, (3, 9): {'bw': 0}, (5, 6): {'bw': 0}, (5, 7): {'bw': 0}, (5, 9): {'bw': 0}, (6, 7): {'bw': 0}, (7, 9): {'bw': 0}, (8, 9): {'bw': 0}}, 'path_level': {(0, 3): {}, (0, 4): {}, (0, 5): {}, (0, 6): {}, (0, 7): {}, (0, 8): {}, (0, 9): {}, (1, 2): {}, (1, 3): {}, (1, 4): {}, (1, 5): {}, (1, 6): {}, (1, 7): {}, (2, 4): {}, (2, 7): {}, (2, 8): {}, (3, 6): {}, (3, 9): {}, (5, 6): {}, (5, 7): {}, (5, 9): {}, (6, 7): {}, (7, 9): {}, (8, 9): {}}}",[],-inf,-inf,True,True,False,0,[],0,0.0,10.0,24.0
3,3,3,1298.0,2193.0,184412.2143556518,315852.0995489899,0.5918832649338805,0.5838562245398301,16,2,1,80.0,14090,2292,11798,0.12116564417177911,0.1372577696526508,2,78.93121508861901,80.0,7,7,True,"{3: np.int64(30), 0: np.int64(28), 2: np.int64(31), 4: np.int64(29), 6: np.int64(1), 5: np.int64(0), 1: np.int64(15)}","{(0, 4): [(np.int64(28), 30), (30, np.int64(29))], (0, 5): [(np.int64(28), 0)], (0, 6): [(np.int64(28), 1)], (1, 2): [(np.int64(15), 12), (12, 0), (0, 28), (28, np.int64(31))], (1, 6): [(np.int64(15), 12), (12, np.int64(1))], (2, 3): [(np.int64(31), 28), (28, np.int64(30))], (3, 6): [(np.int64(30), 28), (28, np.int64(1))]}","{(3, np.int64(30)): {'cpu': 18}, (0, np.int64(28)): {'cpu': 19}, (2, np.int64(31)): {'cpu': 19}, (4, np.int64(29)): {'cpu': 20}, (6, np.int64(1)): {'cpu': 6}, (5, np.int64(0)): {'cpu': 14}, (1, np.int64(15)): {'cpu': 9}}","{((0, 4), (np.int64(28), 30)): {'bw': 27}, ((0, 4), (30, np.int64(29))): {'bw': 27}, ((0, 5), (np.int64(28), 0)): {'bw': 23}, ((0, 6), (np.int64(28), 1)): {'bw': 5}, ((1, 2), (np.int64(15), 12)): {'bw': 4}, ((1, 2), (12, 0)): {'bw': 4}, ((1, 2), (0, 28)): {'bw': 4}, ((1, 2), (28, np.int64(31))): {'bw': 4}, ((1, 6), (np.int64(15), 12)): {'bw': 23}, ((1, 6), (12, np.int64(1))): {'bw': 23}, ((2, 3), (np.int64(31), 28)): {'bw': 46}, ((2, 3), (28, np.int64(30))): {'bw': 46}, ((3, 6), (np.int64(30), 28)): {'bw': 39}, ((3, 6), (28, np.int64(1))): {'bw': 39}}",419.0,272.0,210.0,105.0,167.0,105.0,167.0,105.0,314.0,147.0,0.649164677804296,33072.17912213137,21469.29050410437,51.239356811704944,Success,0.0,"{'node_level': {}, 'link_level': {}, 'path_level': {}}","{'node_level': {3: {'cpu': -53}, 0: {'cpu': -40}, 2: {'cpu': -66}, 4: {'cpu': -38}, 6: {'cpu': -72}, 5: {'cpu': -56}, 1: {'cpu': -66}}, 'link_level': {(0, 4): {'bw': -151}, (0, 5): {'bw': -192}, (0, 6): {'bw': -224}, (1, 2): {'bw': -110}, (1, 6): {'bw': -216}, (2, 3): {'bw': -192}, (3, 6): {'bw': -183}}, 'path_level': {(0, 4): {}, (0, 5): {}, (0, 6): {}, (1, 2): {}, (1, 6): {}, (2, 3): {}, (3, 6): {}}}","{'node_level': {3: {'cpu': 0}, 0: {'cpu': 0}, 2: {'cpu': 0}, 4: {'cpu': 0}, 6: {'cpu': 0}, 5: {'cpu': 0}, 1: {'cpu': 0}}, 'link_level': {(0, 4): {'bw': 0}, (0, 5): {'bw': 0}, (0, 6): {'bw': 0}, (1, 2): {'bw': 0}, (1, 6): {'bw': 0}, (2, 3): {'bw': 0}, (3, 6): {'bw': 0}}, 'path_level': {(0, 4): {}, (0, 5): {}, (0, 6): {}, (1, 2): {}, (1, 6): {}, (2, 3): {}, (3, 6): {}}}",[],-inf,-inf,True,True,False,0,[],0,0.0,7.0,7.0
4,4,4,1355.0,2250.0,204672.32218516566,336112.20737850375,0.6022222222222222,0.608940460037143,16,3,1,110.0,14033,2277,11756,0.1269171779141104,0.14032906764168185,3,355.44048823708476,110.0,2,1,True,"{1: np.int64(13), 0: np.int64(15)}","{(0, 1): [(np.int64(15), 13)]}","{(1, np.int64(13)): {'cpu': 13}, (0, np.int64(15)): {'cpu': 2}}","{((0, 1), (np.int64(15), 13)): {'bw': 42}}",57.0,57.0,30.0,15.0,42.0,15.0,42.0,15.0,42.0,0.0,1.0,20260.107829513832,20260.107829513832,355.44048823708476,Success,0.0,"{'node_level': {}, 'link_level': {}, 'path_level': {}}","{'node_level': {1: {'cpu': -68}, 0: {'cpu': -64}}, 'link_level': {(0, 1): {'bw': -184}}, 'path_level': {(0, 1): {}}}","{'node_level': {1: {'cpu': 0}, 0: {'cpu': 0}}, 'link_level': {(0, 1): {'bw': 0}}, 'path_level': {(0, 1): {}}}",[],-inf,-inf,True,True,False,0,[],0,0.0,2.0,1.0
4,4,3,1355.0,2250.0,204672.32218516566,336112.20737850375,0.6022222222222222,0.608940460037143,16,4,0,115.89405144601457,15247,2396,12851,0.08128834355828218,0.060255941499085974,1,57.894051446014565,58.0,10,24,False,{},{},{},{},0.0,0.0,0.0,0.0,0.0,0.0,0.0,0.0,0.0,0.0,0.0,0.0,0.0,0.0,Leave Event,0.0,"{'node_level': {}, 'link_level': {}, 'path_level': {}}","{'node_level': {}, 'link_level': {}, 'path_level': {}}","{'node_level': {}, 'link_level': {}, 'path_level': {}}",[],-inf,-inf,True,True,False,0,[],0,0.0,,
5,5,4,1418.0,2313.0,212323.68125132073,343763.56644465885,0.61305663640294,0.6176445149416434,16,5,1,135.0,15184,2378,12806,0.08819018404907975,0.06354661791590499,4,121.45014390722343,135.0,2,1,True,"{0: np.int64(22), 1: np.int64(21)}","{(0, 1): [(np.int64(22), 21)]}","{(0, np.int64(22)): {'cpu': 17}, (1, np.int64(21)): {'cpu': 1}}","{((0, 1), (np.int64(22), 21)): {'bw': 45}}",63.0,63.0,36.0,18.0,45.0,18.0,45.0,18.0,45.0,0.0,1.0,7651.359066155076,7651.359066155076,121.45014390722343,Success,0.0,"{'node_level': {}, 'link_level': {}, 'path_level': {}}","{'node_level': {0: {'cpu': -75}, 1: {'cpu': -60}}, 'link_level': {(0, 1): {'bw': -219}}, 'path_level': {(0, 1): {}}}","{'node_level': {0: {'cpu': 0}, 1: {'cpu': 0}}, 'link_level': {(0, 1): {'bw': 0}}, 'path_level': {(0, 1): {}}}",[],-inf,-inf,True,True,False,0,[],0,0.0,2.0,1.0
5,5,3,1418.0,2313.0,212323.68125132073,343763.56644465885,0.61305663640294,0.6176445149416434,16,6,0,158.931215088619,15603,2483,13120,0.047929447852760765,0.04058500914076779,2,78.93121508861901,80.0,7,7,False,{},{},{},{},0.0,0.0,0.0,0.0,0.0,0.0,0.0,0.0,0.0,0.0,0.0,0.0,0.0,0.0,Leave Event,0.0,"{'node_level': {}, 'link_level': {}, 'path_level': {}}","{'node_level': {}, 'link_level': {}, 'path_level': {}}","{'node_level': {}, 'link_level': {}, 'path_level': {}}",[],-inf,-inf,True,True,False,0,[],0,0.0,,
6,6,4,1505.0,2443.0,320300.88895553915,505108.81933601975,0.6160458452722063,0.6341225428939926,16,7,1,161.0,15473,2450,13023,0.06058282208588961,0.047678244972577666,5,1241.1173299335453,161.0,3,2,True,"{0: np.int64(23), 1: np.int64(21), 2: np.int64(3)}","{(0, 2): [(np.int64(23), 21), (21, np.int64(3))], (1, 2): [(np.int64(21), 3)]}","{(0, np.int64(23)): {'cpu': 15}, (1, np.int64(21)): {'cpu': 17}, (2, np.int64(3)): {'cpu': 1}}","{((0, 2), (np.int64(23), 21)): {'bw': 43}, ((0, 2), (21, np.int64(3))): {'bw': 43}, ((1, 2), (np.int64(21), 3)): {'bw': 11}}",130.0,87.0,66.0,33.0,54.0,33.0,54.0,33.0,97.0,43.0,0.6692307692307692,161345.2528913609,107977.20770421844,830.5939054170649,Success,0.0,"{'node_level': {}, 'link_level': {}, 'path_level': {}}","{'node_level': {0: {'cpu': -63}, 1: {'cpu': -43}, 2: {'cpu': -57}}, 'link_level': {(0, 2): {'bw': -353}, (1, 2): {'bw': -346}}, 'path_level': {(0, 2): {}, (1, 2): {}}}","{'node_level': {0: {'cpu': 0}, 1: {'cpu': 0}, 2: {'cpu': 0}}, 'link_level': {(0, 2): {'bw': 0}, (1, 2): {'bw': 0}}, 'path_level': {(0, 2): {}, (1, 2): {}}}",[],-inf,-inf,True,True,False,0,[],0,0.0,3.0,2.0
7,7,5,1971.0,3370.0,464802.8849110191,792562.360646599,0.58486646884273,0.5864559156352281,17,8,1,186.0,14546,2363,12183,0.09394171779141103,0.10910420475319926,6,310.0901200761372,186.0,9,19,True,"{5: np.int64(30), 3: np.int64(28), 6: np.int64(31), 4: np.int64(1), 8: np.int64(0), 7: np.int64(4), 0: np.int64(20), 1: np.int64(7), 2: np.int64(5)}","{(0, 3): [(np.int64(20), 0), (0, np.int64(28))], (0, 5): [(np.int64(20), 0), (0, 28), (28, np.int64(30))], (0, 6): [(np.int64(20), 0), (0, 28), (28, np.int64(31))], (0, 7): [(np.int64(20), 0), (0, np.int64(4))], (1, 4): [(np.int64(7), 4), (4, np.int64(1))], (1, 5): [(np.int64(7), 4), (4, 0), (0, 28), (28, np.int64(30))], (1, 6): [(np.int64(7), 4), (4, 0), (0, 28), (28, np.int64(31))], (1, 7): [(np.int64(7), 4)], (2, 7): [(np.int64(5), 6), (6, np.int64(4))], (3, 5): [(np.int64(28), 30)], (3, 6): [(np.int64(28), 31)], (3, 7): [(np.int64(28), 0), (0, np.int64(4))], (4, 5): [(np.int64(1), 28), (28, np.int64(30))], (4, 6): [(np.int64(1), 28), (28, np.int64(31))], (4, 8): [(np.int64(1), 4), (4, np.int64(0))], (5, 6): [(np.int64(30), 28), (28, np.int64(31))], (5, 7): [(np.int64(30), 28), (28, 0), (0, np.int64(4))], (6, 7): [(np.int64(31), 28), (28, 0), (0, np.int64(4))], (6, 8): [(np.int64(31), 28), (28, np.int64(0))]}","{(5, np.int64(30)): {'cpu': 20}, (3, np.int64(28)): {'cpu': 19}, (6, np.int64(31)): {'cpu': 7}, (4, np.int64(1)): {'cpu': 19}, (8, np.int64(0)): {'cpu': 15}, (7, np.int64(4)): {'cpu': 3}, (0, np.int64(20)): {'cpu': 2}, (1, np.int64(7)): {'cpu': 2}, (2, np.int64(5)): {'cpu': 0}}","{((0, 3), (np.int64(20), 0)): {'bw': 28}, ((0, 3), (0, np.int64(28))): {'bw': 28}, ((0, 5), (np.int64(20), 0)): {'bw': 12}, ((0, 5), (0, 28)): {'bw': 12}, ((0, 5), (28, np.int64(30))): {'bw': 12}, ((0, 6), (np.int64(20), 0)): {'bw': 46}, ((0, 6), (0, 28)): {'bw': 46}, ((0, 6), (28, np.int64(31))): {'bw': 46}, ((0, 7), (np.int64(20), 0)): {'bw': 23}, ((0, 7), (0, np.int64(4))): {'bw': 23}, ((1, 4), (np.int64(7), 4)): {'bw': 6}, ((1, 4), (4, np.int64(1))): {'bw': 6}, ((1, 5), (np.int64(7), 4)): {'bw': 5}, ((1, 5), (4, 0)): {'bw': 5}, ((1, 5), (0, 28)): {'bw': 5}, ((1, 5), (28, np.int64(30))): {'bw': 5}, ((1, 6), (np.int64(7), 4)): {'bw': 28}, ((1, 6), (4, 0)): {'bw': 28}, ((1, 6), (0, 28)): {'bw': 28}, ((1, 6), (28, np.int64(31))): {'bw': 28}, ((1, 7), (np.int64(7), 4)): {'bw': 34}, ((2, 7), (np.int64(5), 6)): {'bw': 23}, ((2, 7), (6, np.int64(4))): {'bw': 23}, ((3, 5), (np.int64(28), 30)): {'bw': 21}, ((3, 6), (np.int64(28), 31)): {'bw': 10}, ((3, 7), (np.int64(28), 0)): {'bw': 15}, ((3, 7), (0, np.int64(4))): {'bw': 15}, ((4, 5), (np.int64(1), 28)): {'bw': 14}, ((4, 5), (28, np.int64(30))): {'bw': 14}, ((4, 6), (np.int64(1), 28)): {'bw': 23}, ((4, 6), (28, np.int64(31))): {'bw': 23}, ((4, 8), (np.int64(1), 4)): {'bw': 1}, ((4, 8), (4, np.int64(0))): {'bw': 1}, ((5, 6), (np.int64(30), 28)): {'bw': 20}, ((5, 6), (28, np.int64(31))): {'bw': 20}, ((5, 7), (np.int64(30), 28)): {'bw': 11}, ((5, 7), (28, 0)): {'bw': 11}, ((5, 7), (0, np.int64(4))): {'bw': 11}, ((6, 7), (np.int64(31), 28)): {'bw': 12}, ((6, 7), (28, 0)): {'bw': 12}, ((6, 7), (0, np.int64(4))): {'bw': 12}, ((6, 8), (np.int64(31), 28)): {'bw': 47}, ((6, 8), (28, np.int64(0))): {'bw': 47}}",927.0,466.0,174.0,87.0,379.0,87.0,379.0,87.0,840.0,461.0,0.5026968716289104,287453.5413105792,144501.99595547994,155.88133328530736,Success,0.0,"{'node_level': {}, 'link_level': {}, 'path_level': {}}","{'node_level': {5: {'cpu': -51}, 3: {'cpu': -40}, 6: {'cpu': -78}, 4: {'cpu': -65}, 8: {'cpu': -55}, 7: {'cpu': -56}, 0: {'cpu': -68}, 1: {'cpu': -63}, 2: {'cpu': -61}}, 'link_level': {(0, 3): {'bw': -187}, (0, 5): {'bw': -175}, (0, 6): {'bw': -129}, (0, 7): {'bw': -154}, (1, 4): {'bw': -216}, (1, 5): {'bw': -124}, (1, 6): {'bw': -96}, (1, 7): {'bw': -258}, (2, 7): {'bw': -248}, (3, 5): {'bw': -257}, (3, 6): {'bw': -158}, (3, 7): {'bw': -81}, (4, 5): {'bw': -215}, (4, 6): {'bw': -135}, (4, 8): {'bw': -215}, (5, 6): {'bw': -115}, (5, 7): {'bw': -70}, (6, 7): {'bw': -58}, (6, 8): {'bw': -11}}, 'path_level': {(0, 3): {}, (0, 5): {}, (0, 6): {}, (0, 7): {}, (1, 4): {}, (1, 5): {}, (1, 6): {}, (1, 7): {}, (2, 7): {}, (3, 5): {}, (3, 6): {}, (3, 7): {}, (4, 5): {}, (4, 6): {}, (4, 8): {}, (5, 6): {}, (5, 7): {}, (6, 7): {}, (6, 8): {}}}","{'node_level': {5: {'cpu': 0}, 3: {'cpu': 0}, 6: {'cpu': 0}, 4: {'cpu': 0}, 8: {'cpu': 0}, 7: {'cpu': 0}, 0: {'cpu': 0}, 1: {'cpu': 0}, 2: {'cpu': 0}}, 'link_level': {(0, 3): {'bw': 0}, (0, 5): {'bw': 0}, (0, 6): {'bw': 0}, (0, 7): {'bw': 0}, (1, 4): {'bw': 0}, (1, 5): {'bw': 0}, (1, 6): {'bw': 0}, (1, 7): {'bw': 0}, (2, 7): {'bw': 0}, (3, 5): {'bw': 0}, (3, 6): {'bw': 0}, (3, 7): {'bw': 0}, (4, 5): {'bw': 0}, (4, 6): {'bw': 0}, (4, 8): {'bw': 0}, (5, 6): {'bw': 0}, (5, 7): {'bw': 0}, (6, 7): {'bw': 0}, (6, 8): {'bw': 0}}, 'path_level': {(0, 3): {}, (0, 5): {}, (0, 6): {}, (0, 7): {}, (1, 4): {}, (1, 5): {}, (1, 6): {}, (1, 7): {}, (2, 7): {}, (3, 5): {}, (3, 6): {}, (3, 7): {}, (4, 5): {}, (4, 6): {}, (4, 8): {}, (5, 6): {}, (5, 7): {}, (6, 7): {}, (6, 8): {}}}",[],-inf,-inf,True,True,False,0,[],0,0.0,9.0,19.0
8,8,6,2505.0,4395.0,502682.5838535254,865271.5206017842,0.5699658703071673,0.5809535757098728,17,9,1,207.0,13521,2265,11256,0.1315184049079755,0.17689213893967093,7,70.93576580993681,207.0,8,16,True,"{0: np.int64(5), 5: np.int64(7), 7: np.int64(3), 1: np.int64(2), 3: np.int64(13), 4: np.int64(15), 2: np.int64(21), 6: np.int64(22)}","{(0, 1): [(np.int64(5), 2)], (0, 2): [(np.int64(5), 2), (2, np.int64(21))], (0, 3): [(np.int64(5), 2), (2, np.int64(13))], (0, 4): [(np.int64(5), 2), (2, 13), (13, np.int64(15))], (0, 5): [(np.int64(5), 7)], (0, 6): [(np.int64(5), 2), (2, 21), (21, np.int64(22))], (0, 7): [(np.int64(5), 3)], (1, 2): [(np.int64(2), 21)], (1, 5): [(np.int64(2), 5), (5, np.int64(7))], (2, 3): [(np.int64(21), 2), (2, np.int64(13))], (2, 4): [(np.int64(21), 2), (2, 13), (13, np.int64(15))], (2, 5): [(np.int64(21), 2), (2, 5), (5, np.int64(7))], (2, 7): [(np.int64(21), 3)], (3, 7): [(np.int64(13), 3)], (5, 6): [(np.int64(7), 4), (4, 0), (0, 20), (20, np.int64(22))], (6, 7): [(np.int64(22), 21), (21, np.int64(3))]}","{(0, np.int64(5)): {'cpu': 18}, (5, np.int64(7)): {'cpu': 20}, (7, np.int64(3)): {'cpu': 19}, (1, np.int64(2)): {'cpu': 13}, (3, np.int64(13)): {'cpu': 20}, (4, np.int64(15)): {'cpu': 6}, (2, np.int64(21)): {'cpu': 1}, (6, np.int64(22)): {'cpu': 1}}","{((0, 1), (np.int64(5), 2)): {'bw': 46}, ((0, 2), (np.int64(5), 2)): {'bw': 30}, ((0, 2), (2, np.int64(21))): {'bw': 30}, ((0, 3), (np.int64(5), 2)): {'bw': 0}, ((0, 3), (2, np.int64(13))): {'bw': 0}, ((0, 4), (np.int64(5), 2)): {'bw': 14}, ((0, 4), (2, 13)): {'bw': 14}, ((0, 4), (13, np.int64(15))): {'bw': 14}, ((0, 5), (np.int64(5), 7)): {'bw': 33}, ((0, 6), (np.int64(5), 2)): {'bw': 44}, ((0, 6), (2, 21)): {'bw': 44}, ((0, 6), (21, np.int64(22))): {'bw': 44}, ((0, 7), (np.int64(5), 3)): {'bw': 16}, ((1, 2), (np.int64(2), 21)): {'bw': 0}, ((1, 5), (np.int64(2), 5)): {'bw': 45}, ((1, 5), (5, np.int64(7))): {'bw': 45}, ((2, 3), (np.int64(21), 2)): {'bw': 45}, ((2, 3), (2, np.int64(13))): {'bw': 45}, ((2, 4), (np.int64(21), 2)): {'bw': 30}, ((2, 4), (2, 13)): {'bw': 30}, ((2, 4), (13, np.int64(15))): {'bw': 30}, ((2, 5), (np.int64(21), 2)): {'bw': 18}, ((2, 5), (2, 5)): {'bw': 18}, ((2, 5), (5, np.int64(7))): {'bw': 18}, ((2, 7), (np.int64(21), 3)): {'bw': 36}, ((3, 7), (np.int64(13), 3)): {'bw': 10}, ((5, 6), (np.int64(7), 4)): {'bw': 45}, ((5, 6), (4, 0)): {'bw': 45}, ((5, 6), (0, 20)): {'bw': 45}, ((5, 6), (20, np.int64(22))): {'bw': 45}, ((6, 7), (np.int64(22), 21)): {'bw': 24}, ((6, 7), (21, np.int64(3))): {'bw': 24}}",1025.0,534.0,196.0,98.0,436.0,98.0,436.0,98.0,927.0,491.0,0.5209756097560976,72709.15995518523,37879.69894250626,36.95580384634757,Success,0.0,"{'node_level': {}, 'link_level': {}, 'path_level': {}}","{'node_level': {0: {'cpu': -43}, 5: {'cpu': -43}, 7: {'cpu': -38}, 1: {'cpu': -49}, 3: {'cpu': -59}, 4: {'cpu': -67}, 2: {'cpu': -42}, 6: {'cpu': -74}}, 'link_level': {(0, 1): {'bw': -214}, (0, 2): {'bw': -184}, (0, 3): {'bw': -184}, (0, 4): {'bw': -170}, (0, 5): {'bw': -316}, (0, 6): {'bw': -126}, (0, 7): {'bw': -359}, (1, 2): {'bw': -267}, (1, 5): {'bw': -81}, (2, 3): {'bw': -147}, (2, 4): {'bw': -117}, (2, 5): {'bw': -63}, (2, 7): {'bw': -310}, (3, 7): {'bw': -311}, (5, 6): {'bw': -109}, (6, 7): {'bw': -151}}, 'path_level': {(0, 1): {}, (0, 2): {}, (0, 3): {}, (0, 4): {}, (0, 5): {}, (0, 6): {}, (0, 7): {}, (1, 2): {}, (1, 5): {}, (2, 3): {}, (2, 4): {}, (2, 5): {}, (2, 7): {}, (3, 7): {}, (5, 6): {}, (6, 7): {}}}","{'node_level': {0: {'cpu': 0}, 5: {'cpu': 0}, 7: {'cpu': 0}, 1: {'cpu': 0}, 3: {'cpu': 0}, 4: {'cpu': 0}, 2: {'cpu': 0}, 6: {'cpu': 0}}, 'link_level': {(0, 1): {'bw': 0}, (0, 2): {'bw': 0}, (0, 3): {'bw': 0}, (0, 4): {'bw': 0}, (0, 5): {'bw': 0}, (0, 6): {'bw': 0}, (0, 7): {'bw': 0}, (1, 2): {'bw': 0}, (1, 5): {'bw': 0}, (2, 3): {'bw': 0}, (2, 4): {'bw': 0}, (2, 5): {'bw': 0}, (2, 7): {'bw': 0}, (3, 7): {'bw': 0}, (5, 6): {'bw': 0}, (6, 7): {'bw': 0}}, 'path_level': {(0, 1): {}, (0, 2): {}, (0, 3): {}, (0, 4): {}, (0, 5): {}, (0, 6): {}, (0, 7): {}, (1, 2): {}, (1, 5): {}, (2, 3): {}, (2, 4): {}, (2, 5): {}, (2, 7): {}, (3, 7): {}, (5, 6): {}, (6, 7): {}}}",[],-inf,-inf,True,True,False,0,[],0,0.0,8.0,16.0
9,9,7,2577.0,4472.0,554700.7033672951,920902.0095262324,0.5762522361359571,0.6023449809308883,17,10,1,241.0,13444,2240,11204,0.14110429447852757,0.1806946983546618,8,722.4738821356901,241.0,4,3,True,"{0: np.int64(23), 2: np.int64(20), 1: np.int64(22), 3: np.int64(1)}","{(0, 2): [(np.int64(23), 20)], (1, 2): [(np.int64(22), 20)], (1, 3): [(np.int64(22), 20), (20, np.int64(1))]}","{(0, np.int64(23)): {'cpu': 14}, (2, np.int64(20)): {'cpu': 3}, (1, np.int64(22)): {'cpu': 7}, (3, np.int64(1)): {'cpu': 1}}","{((0, 2), (np.int64(23), 20)): {'bw': 42}, ((1, 2), (np.int64(22), 20)): {'bw': 0}, ((1, 3), (np.int64(22), 20)): {'bw': 5}, ((1, 3), (20, np.int64(1))): {'bw': 5}}",77.0,72.0,50.0,25.0,47.0,25.0,47.0,25.0,52.0,5.0,0.935064935064935,55630.48892444814,52018.11951376969,675.5599936853206,Success,0.0,"{'node_level': {}, 'link_level': {}, 'path_level': {}}","{'node_level': {0: {'cpu': -49}, 2: {'cpu': -65}, 1: {'cpu': -67}, 3: {'cpu': -64}}, 'link_level': {(0, 2): {'bw': -173}, (1, 2): {'bw': -196}, (1, 3): {'bw': -191}}, 'path_level': {(0, 2): {}, (1, 2): {}, (1, 3): {}}}","{'node_level': {0: {'cpu': 0}, 2: {'cpu': 0}, 1: {'cpu': 0}, 3: {'cpu': 0}}, 'link_level': {(0, 2): {'bw': 0}, (1, 2): {'bw': 0}, (1, 3): {'bw': 0}}, 'path_level': {(0, 2): {}, (1, 2): {}, (1, 3): {}}}",[],-inf,-inf,True,True,False,0,[],0,0.0,4.0,3.0
9,9,6,2577.0,4472.0,554700.7033672951,920902.0095262324,0.5762522361359571,0.6023449809308883,17,11,0,256.45014390722343,13507,2258,11249,0.13420245398773,0.17740402193784277,4,121.45014390722343,135.0,2,1,False,{},{},{},{},0.0,0.0,0.0,0.0,0.0,0.0,0.0,0.0,0.0,0.0,0.0,0.0,0.0,0.0,Leave Event,0.0,"{'node_level': {}, 'link_level': {}, 'path_level': {}}","{'node_level': {}, 'link_level': {}, 'path_level': {}}","{'node_level': {}, 'link_level': {}, 'path_level': {}}",[],-inf,-inf,True,True,False,0,[],0,0.0,,
10,10,7,2807.0,4827.0,582207.4052280084,963358.0058764637,0.5815206132173193,0.6043520702340722,17,12,1,273.0,13152,2181,10971,0.16372699386503065,0.19773308957952473,9,119.59435591614479,273.0,6,7,True,"{1: np.int64(22), 4: np.int64(20), 3: np.int64(1), 0: np.int64(23), 2: np.int64(21), 5: np.int64(15)}","{(0, 2): [(np.int64(23), 21)], (0, 4): [(np.int64(23), 20)], (1, 3): [(np.int64(22), 20), (20, np.int64(1))], (1, 4): [(np.int64(22), 20)], (1, 5): [(np.int64(22), 20), (20, 0), (0, 12), (12, np.int64(15))], (2, 4): [(np.int64(21), 22), (22, np.int64(20))], (4, 5): [(np.int64(20), 0), (0, 12), (12, np.int64(15))]}","{(1, np.int64(22)): {'cpu': 17}, (4, np.int64(20)): {'cpu': 14}, (3, np.int64(1)): {'cpu': 20}, (0, np.int64(23)): {'cpu': 12}, (2, np.int64(21)): {'cpu': 10}, (5, np.int64(15)): {'cpu': 4}}","{((0, 2), (np.int64(23), 21)): {'bw': 18}, ((0, 4), (np.int64(23), 20)): {'bw': 28}, ((1, 3), (np.int64(22), 20)): {'bw': 49}, ((1, 3), (20, np.int64(1))): {'bw': 49}, ((1, 4), (np.int64(22), 20)): {'bw': 19}, ((1, 5), (np.int64(22), 20)): {'bw': 15}, ((1, 5), (20, 0)): {'bw': 15}, ((1, 5), (0, 12)): {'bw': 15}, ((1, 5), (12, np.int64(15))): {'bw': 15}, ((2, 4), (np.int64(21), 22)): {'bw': 17}, ((2, 4), (22, np.int64(20))): {'bw': 17}, ((4, 5), (np.int64(20), 0)): {'bw': 7}, ((4, 5), (0, 12)): {'bw': 7}, ((4, 5), (12, np.int64(15))): {'bw': 7}}",355.0,230.0,154.0,77.0,153.0,77.0,153.0,77.0,278.0,125.0,0.647887323943662,42455.9963502314,27506.701860713303,77.48366721327692,Success,0.0,"{'node_level': {}, 'link_level': {}, 'path_level': {}}","{'node_level': {1: {'cpu': -67}, 4: {'cpu': -51}, 3: {'cpu': -44}, 0: {'cpu': -37}, 2: {'cpu': -33}, 5: {'cpu': -63}}, 'link_level': {(0, 2): {'bw': -335}, (0, 4): {'bw': -145}, (1, 3): {'bw': -142}, (1, 4): {'bw': -123}, (1, 5): {'bw': -94}, (2, 4): {'bw': -91}, (4, 5): {'bw': -87}}, 'path_level': {(0, 2): {}, (0, 4): {}, (1, 3): {}, (1, 4): {}, (1, 5): {}, (2, 4): {}, (4, 5): {}}}","{'node_level': {1: {'cpu': 0}, 4: {'cpu': 0}, 3: {'cpu': 0}, 0: {'cpu': 0}, 2: {'cpu': 0}, 5: {'cpu': 0}}, 'link_level': {(0, 2): {'bw': 0}, (0, 4): {'bw': 0}, (1, 3): {'bw': 0}, (1, 4): {'bw': 0}, (1, 5): {'bw': 0}, (2, 4): {'bw': 0}, (4, 5): {'bw': 0}}, 'path_level': {(0, 2): {}, (0, 4): {}, (1, 3): {}, (1, 4): {}, (1, 5): {}, (2, 4): {}, (4, 5): {}}}",[],-inf,-inf,True,True,False,0,[],0,0.0,6.0,7.0
10,10,6,2807.0,4827.0,582207.4052280084,963358.0058764637,0.5815206132173193,0.6043520702340722,17,13,0,277.9357658099368,14177,2279,11898,0.12615030674846628,0.12994515539305307,7,70.93576580993681,207.0,8,16,False,{},{},{},{},0.0,0.0,0.0,0.0,0.0,0.0,0.0,0.0,0.0,0.0,0.0,0.0,0.0,0.0,Leave Event,0.0,"{'node_level': {}, 'link_level': {}, 'path_level': {}}","{'node_level': {}, 'link_level': {}, 'path_level': {}}","{'node_level': {}, 'link_level': {}, 'path_level': {}}",[],-inf,-inf,True,True,False,0,[],0,0.0,,
11,11,7,3270.0,5570.0,600069.9843486366,992023.0086553552,0.5870736086175943,0.6048952283495983,18,14,1,301.0,13434,2218,11216,0.14953987730061347,0.17981718464351004,10,38.58008449379743,301.0,7,12,True,"{6: np.int64(5), 5: np.int64(7), 3: np.int64(3), 4: np.int64(2), 2: np.int64(13), 0: np.int64(6), 1: np.int64(29)}","{(0, 5): [(np.int64(6), 4), (4, np.int64(7))], (0, 6): [(np.int64(6), 5)], (1, 2): [(np.int64(29), 2), (2, np.int64(13))], (1, 4): [(np.int64(29), 2)], (1, 5): [(np.int64(29), 2), (2, 5), (5, np.int64(7))], (1, 6): [(np.int64(29), 2), (2, np.int64(5))], (2, 4): [(np.int64(13), 2)], (2, 5): [(np.int64(13), 2), (2, 5), (5, np.int64(7))], (2, 6): [(np.int64(13), 2), (2, np.int64(5))], (3, 6): [(np.int64(3), 5)], (4, 5): [(np.int64(2), 5), (5, np.int64(7))], (4, 6): [(np.int64(2), 5)]}","{(6, np.int64(5)): {'cpu': 13}, (5, np.int64(7)): {'cpu': 16}, (3, np.int64(3)): {'cpu': 19}, (4, np.int64(2)): {'cpu': 4}, (2, np.int64(13)): {'cpu': 2}, (0, np.int64(6)): {'cpu': 7}, (1, np.int64(29)): {'cpu': 0}}","{((0, 5), (np.int64(6), 4)): {'bw': 4}, ((0, 5), (4, np.int64(7))): {'bw': 4}, ((0, 6), (np.int64(6), 5)): {'bw': 30}, ((1, 2), (np.int64(29), 2)): {'bw': 20}, ((1, 2), (2, np.int64(13))): {'bw': 20}, ((1, 4), (np.int64(29), 2)): {'bw': 36}, ((1, 5), (np.int64(29), 2)): {'bw': 34}, ((1, 5), (2, 5)): {'bw': 34}, ((1, 5), (5, np.int64(7))): {'bw': 34}, ((1, 6), (np.int64(29), 2)): {'bw': 50}, ((1, 6), (2, np.int64(5))): {'bw': 50}, ((2, 4), (np.int64(13), 2)): {'bw': 36}, ((2, 5), (np.int64(13), 2)): {'bw': 31}, ((2, 5), (2, 5)): {'bw': 31}, ((2, 5), (5, np.int64(7))): {'bw': 31}, ((2, 6), (np.int64(13), 2)): {'bw': 44}, ((2, 6), (2, np.int64(5))): {'bw': 44}, ((3, 6), (np.int64(3), 5)): {'bw': 35}, ((4, 5), (np.int64(2), 5)): {'bw': 32}, ((4, 5), (5, np.int64(7))): {'bw': 32}, ((4, 6), (np.int64(2), 5)): {'bw': 50}}",743.0,463.0,122.0,61.0,402.0,61.0,402.0,61.0,682.0,280.0,0.6231493943472409,28665.00277889149,17862.57912062821,24.041156286175248,Success,0.0,"{'node_level': {}, 'link_level': {}, 'path_level': {}}","{'node_level': {6: {'cpu': -48}, 5: {'cpu': -47}, 3: {'cpu': -38}, 4: {'cpu': -58}, 2: {'cpu': -77}, 0: {'cpu': -48}, 1: {'cpu': -58}}, 'link_level': {(0, 5): {'bw': -244}, (0, 6): {'bw': -345}, (1, 2): {'bw': -186}, (1, 4): {'bw': -257}, (1, 5): {'bw': -223}, (1, 6): {'bw': -173}, (2, 4): {'bw': -150}, (2, 5): {'bw': -119}, (2, 6): {'bw': -75}, (3, 6): {'bw': -340}, (4, 5): {'bw': -69}, (4, 6): {'bw': -19}}, 'path_level': {(0, 5): {}, (0, 6): {}, (1, 2): {}, (1, 4): {}, (1, 5): {}, (1, 6): {}, (2, 4): {}, (2, 5): {}, (2, 6): {}, (3, 6): {}, (4, 5): {}, (4, 6): {}}}","{'node_level': {6: {'cpu': 0}, 5: {'cpu': 0}, 3: {'cpu': 0}, 4: {'cpu': 0}, 2: {'cpu': 0}, 0: {'cpu': 0}, 1: {'cpu': 0}}, 'link_level': {(0, 5): {'bw': 0}, (0, 6): {'bw': 0}, (1, 2): {'bw': 0}, (1, 4): {'bw': 0}, (1, 5): {'bw': 0}, (1, 6): {'bw': 0}, (2, 4): {'bw': 0}, (2, 5): {'bw': 0}, (2, 6): {'bw': 0}, (3, 6): {'bw': 0}, (4, 5): {'bw': 0}, (4, 6): {'bw': 0}}, 'path_level': {(0, 5): {}, (0, 6): {}, (1, 2): {}, (1, 4): {}, (1, 5): {}, (1, 6): {}, (2, 4): {}, (2, 5): {}, (2, 6): {}, (3, 6): {}, (4, 5): {}, (4, 6): {}}}",[],-inf,-inf,True,True,False,0,[],0,0.0,7.0,12.0
12,12,8,3370.0,5701.0,605084.1693849415,998591.5910529145,0.5911243641466409,0.6059375772901723,20,15,1,326.0,13303,2193,11110,0.15912576687116564,0.1875685557586837,11,50.14185036304853,326.0,4,3,True,"{1: np.int64(15), 0: np.int64(13), 2: np.int64(14), 3: np.int64(12)}","{(0, 1): [(np.int64(13), 15)], (1, 2): [(np.int64(15), 12), (12, np.int64(14))], (2, 3): [(np.int64(14), 12)]}","{(1, np.int64(15)): {'cpu': 5}, (0, np.int64(13)): {'cpu': 19}, (2, np.int64(14)): {'cpu': 1}, (3, np.int64(12)): {'cpu': 0}}","{((0, 1), (np.int64(13), 15)): {'bw': 9}, ((1, 2), (np.int64(15), 12)): {'bw': 31}, ((1, 2), (12, np.int64(14))): {'bw': 31}, ((2, 3), (np.int64(14), 12)): {'bw': 35}}",131.0,100.0,50.0,25.0,75.0,25.0,75.0,25.0,106.0,31.0,0.7633587786259542,6568.582397559358,5014.185036304853,38.27622165118209,Success,0.0,"{'node_level': {}, 'link_level': {}, 'path_level': {}}","{'node_level': {1: {'cpu': -64}, 0: {'cpu': -58}, 2: {'cpu': -55}, 3: {'cpu': -57}}, 'link_level': {(0, 1): {'bw': -175}, (1, 2): {'bw': -142}, (2, 3): {'bw': -107}}, 'path_level': {(0, 1): {}, (1, 2): {}, (2, 3): {}}}","{'node_level': {1: {'cpu': 0}, 0: {'cpu': 0}, 2: {'cpu': 0}, 3: {'cpu': 0}}, 'link_level': {(0, 1): {'bw': 0}, (1, 2): {'bw': 0}, (2, 3): {'bw': 0}}, 'path_level': {(0, 1): {}, (1, 2): {}, (2, 3): {}}}",[],-inf,-inf,True,True,False,0,[],0,0.0,4.0,3.0
12,12,7,3370.0,5701.0,605084.1693849415,998591.5910529145,0.5911243641466409,0.6059375772901723,20,16,0,339.5800844937974,14046,2254,11792,0.13573619631901845,0.13769652650822672,10,38.58008449379743,301.0,7,12,False,{},{},{},{},0.0,0.0,0.0,0.0,0.0,0.0,0.0,0.0,0.0,0.0,0.0,0.0,0.0,0.0,Leave Event,0.0,"{'node_level': {}, 'link_level': {}, 'path_level': {}}","{'node_level': {}, 'link_level': {}, 'path_level': {}}","{'node_level': {}, 'link_level': {}, 'path_level': {}}",[],-inf,-inf,True,True,False,0,[],0,0.0,,
13,13,8,3611.0,6066.0,626410.5543257922,1030890.887747564,0.5952851961754039,0.6076400148365483,20,17,1,343.0,13681,2191,11490,0.15989263803680986,0.15978062157221207,12,88.49122382095761,343.0,6,6,True,"{5: np.int64(5), 2: np.int64(7), 3: np.int64(3), 0: np.int64(2), 1: np.int64(6), 4: np.int64(13)}","{(0, 2): [(np.int64(2), 5), (5, np.int64(7))], (0, 3): [(np.int64(2), 5), (5, np.int64(3))], (0, 5): [(np.int64(2), 5)], (1, 5): [(np.int64(6), 5)], (2, 3): [(np.int64(7), 5), (5, np.int64(3))], (2, 4): [(np.int64(7), 5), (5, 2), (2, np.int64(13))]}","{(5, np.int64(5)): {'cpu': 16}, (2, np.int64(7)): {'cpu': 12}, (3, np.int64(3)): {'cpu': 11}, (0, np.int64(2)): {'cpu': 6}, (1, np.int64(6)): {'cpu': 11}, (4, np.int64(13)): {'cpu': 7}}","{((0, 2), (np.int64(2), 5)): {'bw': 32}, ((0, 2), (5, np.int64(7))): {'bw': 32}, ((0, 3), (np.int64(2), 5)): {'bw': 29}, ((0, 3), (5, np.int64(3))): {'bw': 29}, ((0, 5), (np.int64(2), 5)): {'bw': 40}, ((1, 5), (np.int64(6), 5)): {'bw': 24}, ((2, 3), (np.int64(7), 5)): {'bw': 43}, ((2, 3), (5, np.int64(3))): {'bw': 43}, ((2, 4), (np.int64(7), 5)): {'bw': 10}, ((2, 4), (5, 2)): {'bw': 10}, ((2, 4), (2, np.int64(13))): {'bw': 10}}",365.0,241.0,126.0,63.0,178.0,63.0,178.0,63.0,302.0,124.0,0.6602739726027397,32299.29669464953,21326.384940850785,58.428451892741876,Success,0.0,"{'node_level': {}, 'link_level': {}, 'path_level': {}}","{'node_level': {5: {'cpu': -45}, 2: {'cpu': -51}, 3: {'cpu': -46}, 0: {'cpu': -56}, 1: {'cpu': -44}, 4: {'cpu': -53}}, 'link_level': {(0, 2): {'bw': -228}, (0, 3): {'bw': -199}, (0, 5): {'bw': -159}, (1, 5): {'bw': -351}, (2, 3): {'bw': -274}, (2, 4): {'bw': -149}}, 'path_level': {(0, 2): {}, (0, 3): {}, (0, 5): {}, (1, 5): {}, (2, 3): {}, (2, 4): {}}}","{'node_level': {5: {'cpu': 0}, 2: {'cpu': 0}, 3: {'cpu': 0}, 0: {'cpu': 0}, 1: {'cpu': 0}, 4: {'cpu': 0}}, 'link_level': {(0, 2): {'bw': 0}, (0, 3): {'bw': 0}, (0, 5): {'bw': 0}, (1, 5): {'bw': 0}, (2, 3): {'bw': 0}, (2, 4): {'bw': 0}}, 'path_level': {(0, 2): {}, (0, 3): {}, (0, 5): {}, (1, 5): {}, (2, 3): {}, (2, 4): {}}}",[],-inf,-inf,True,True,False,0,[],0,0.0,6.0,6.0
14,14,9,3703.0,6185.0,646686.287695722,1057117.1080847557,0.5987065481002425,0.6117451725545937,20,18,1,368.0,13562,2139,11423,0.17983128834355833,0.16468007312614263,13,220.3884061948887,368.0,4,4,True,"{1: np.int64(15), 0: np.int64(13), 2: np.int64(2), 3: np.int64(3)}","{(0, 1): [(np.int64(13), 15)], (0, 3): [(np.int64(13), 3)], (1, 2): [(np.int64(15), 13), (13, np.int64(2))], (1, 3): [(np.int64(15), 13), (13, np.int64(3))]}","{(1, np.int64(15)): {'cpu': 18}, (0, np.int64(13)): {'cpu': 17}, (2, np.int64(2)): {'cpu': 10}, (3, np.int64(3)): {'cpu': 7}}","{((0, 1), (np.int64(13), 15)): {'bw': 6}, ((0, 3), (np.int64(13), 3)): {'bw': 7}, ((1, 2), (np.int64(15), 13)): {'bw': 15}, ((1, 2), (13, np.int64(2))): {'bw': 15}, ((1, 3), (np.int64(15), 13)): {'bw': 12}, ((1, 3), (13, np.int64(3))): {'bw': 12}}",119.0,92.0,104.0,52.0,40.0,52.0,40.0,52.0,67.0,27.0,0.773109243697479,26226.220337191753,20275.73336992976,170.3843140330232,Success,0.0,"{'node_level': {}, 'link_level': {}, 'path_level': {}}","{'node_level': {1: {'cpu': -46}, 0: {'cpu': -36}, 2: {'cpu': -46}, 3: {'cpu': -39}}, 'link_level': {(0, 1): {'bw': -169}, (0, 3): {'bw': -314}, (1, 2): {'bw': -154}, (1, 3): {'bw': -142}}, 'path_level': {(0, 1): {}, (0, 3): {}, (1, 2): {}, (1, 3): {}}}","{'node_level': {1: {'cpu': 0}, 0: {'cpu': 0}, 2: {'cpu': 0}, 3: {'cpu': 0}}, 'link_level': {(0, 1): {'bw': 0}, (0, 3): {'bw': 0}, (1, 2): {'bw': 0}, (1, 3): {'bw': 0}}, 'path_level': {(0, 1): {}, (0, 3): {}, (1, 2): {}, (1, 3): {}}}",[],-inf,-inf,True,True,False,0,[],0,0.0,4.0,4.0
14,14,8,3703.0,6185.0,646686.287695722,1057117.1080847557,0.5987065481002425,0.6117451725545937,20,19,0,376.14185036304855,13693,2164,11529,0.17024539877300615,0.15692870201096887,11,50.14185036304853,326.0,4,3,False,{},{},{},{},0.0,0.0,0.0,0.0,0.0,0.0,0.0,0.0,0.0,0.0,0.0,0.0,0.0,0.0,Leave Event,0.0,"{'node_level': {}, 'link_level': {}, 'path_level': {}}","{'node_level': {}, 'link_level': {}, 'path_level': {}}","{'node_level': {}, 'link_level': {}, 'path_level': {}}",[],-inf,-inf,True,True,False,0,[],0,0.0,,
14,14,7,3703.0,6185.0,646686.287695722,1057117.1080847557,0.5987065481002425,0.6117451725545937,20,20,0,392.59435591614476,14048,2241,11807,0.14072085889570551,0.13659963436928702,9,119.59435591614479,273.0,6,7,False,{},{},{},{},0.0,0.0,0.0,0.0,0.0,0.0,0.0,0.0,0.0,0.0,0.0,0.0,0.0,0.0,Leave Event,0.0,"{'node_level': {}, 'link_level': {}, 'path_level': {}}","{'node_level': {}, 'link_level': {}, 'path_level': {}}","{'node_level': {}, 'link_level': {}, 'path_level': {}}",[],-inf,-inf,True,True,False,0,[],0,0.0,,
15,15,8,3882.0,6468.0,655650.6538232203,1071289.8210125885,0.6001855287569573,0.6120198670454051,20,21,1,401.0,13765,2182,11583,0.1633435582822086,0.15297989031078607,14,50.0802576955217,401.0,6,7,True,"{3: np.int64(22), 4: np.int64(21), 0: np.int64(23), 5: np.int64(20), 2: np.int64(1), 1: np.int64(4)}","{(0, 3): [(np.int64(23), 20), (20, np.int64(22))], (1, 2): [(np.int64(4), 1)], (1, 4): [(np.int64(4), 6), (6, 5), (5, 2), (2, np.int64(21))], (1, 5): [(np.int64(4), 0), (0, np.int64(20))], (2, 3): [(np.int64(1), 20), (20, np.int64(22))], (3, 5): [(np.int64(22), 20)], (4, 5): [(np.int64(21), 22), (22, np.int64(20))]}","{(3, np.int64(22)): {'cpu': 19}, (4, np.int64(21)): {'cpu': 15}, (0, np.int64(23)): {'cpu': 19}, (5, np.int64(20)): {'cpu': 3}, (2, np.int64(1)): {'cpu': 3}, (1, np.int64(4)): {'cpu': 0}}","{((0, 3), (np.int64(23), 20)): {'bw': 17}, ((0, 3), (20, np.int64(22))): {'bw': 17}, ((1, 2), (np.int64(4), 1)): {'bw': 2}, ((1, 4), (np.int64(4), 6)): {'bw': 15}, ((1, 4), (6, 5)): {'bw': 15}, ((1, 4), (5, 2)): {'bw': 15}, ((1, 4), (2, np.int64(21))): {'bw': 15}, ((1, 5), (np.int64(4), 0)): {'bw': 0}, ((1, 5), (0, np.int64(20))): {'bw': 0}, ((2, 3), (np.int64(1), 20)): {'bw': 19}, ((2, 3), (20, np.int64(22))): {'bw': 19}, ((3, 5), (np.int64(22), 20)): {'bw': 44}, ((4, 5), (np.int64(21), 22)): {'bw': 23}, ((4, 5), (22, np.int64(20))): {'bw': 23}}",283.0,179.0,118.0,59.0,120.0,59.0,120.0,59.0,224.0,104.0,0.6325088339222615,14172.712927832641,8964.366127498384,31.676205397520796,Success,0.0,"{'node_level': {}, 'link_level': {}, 'path_level': {}}","{'node_level': {3: {'cpu': -66}, 4: {'cpu': -29}, 0: {'cpu': -30}, 5: {'cpu': -62}, 2: {'cpu': -61}, 1: {'cpu': -56}}, 'link_level': {(0, 3): {'bw': -156}, (1, 2): {'bw': -213}, (1, 4): {'bw': -134}, (1, 5): {'bw': -154}, (2, 3): {'bw': -177}, (3, 5): {'bw': -156}, (4, 5): {'bw': -133}}, 'path_level': {(0, 3): {}, (1, 2): {}, (1, 4): {}, (1, 5): {}, (2, 3): {}, (3, 5): {}, (4, 5): {}}}","{'node_level': {3: {'cpu': 0}, 4: {'cpu': 0}, 0: {'cpu': 0}, 5: {'cpu': 0}, 2: {'cpu': 0}, 1: {'cpu': 0}}, 'link_level': {(0, 3): {'bw': 0}, (1, 2): {'bw': 0}, (1, 4): {'bw': 0}, (1, 5): {'bw': 0}, (2, 3): {'bw': 0}, (3, 5): {'bw': 0}, (4, 5): {'bw': 0}}, 'path_level': {(0, 3): {}, (1, 2): {}, (1, 4): {}, (1, 5): {}, (2, 3): {}, (3, 5): {}, (4, 5): {}}}",[],-inf,-inf,True,True,False,0,[],0,0.0,6.0,7.0
15,15,7,3882.0,6468.0,655650.6538232203,1071289.8210125885,0.6001855287569573,0.6120198670454051,20,22,0,411.4581106632087,14325,2274,12051,0.12806748466257667,0.11875685557586835,0,379.4581106632087,32.0,7,12,False,{},{},{},{},0.0,0.0,0.0,0.0,0.0,0.0,0.0,0.0,0.0,0.0,0.0,0.0,0.0,0.0,Leave Event,0.0,"{'node_level': {}, 'link_level': {}, 'path_level': {}}","{'node_level': {}, 'link_level': {}, 'path_level': {}}","{'node_level': {}, 'link_level': {}, 'path_level': {}}",[],-inf,-inf,True,True,False,0,[],0,0.0,,
16,16,8,4600.0,8208.0,711160.777220044,1205812.9612778716,0.5604288499025342,0.5897770218578383,20,23,1,430.0,12585,2170,10415,0.1679447852760736,0.23839122486288844,15,77.31214957774891,430.0,9,21,True,"{3: np.int64(30), 5: np.int64(29), 8: np.int64(31), 1: np.int64(28), 4: np.int64(1), 6: np.int64(0), 7: np.int64(12), 2: np.int64(4), 0: np.int64(14)}","{(0, 3): [(np.int64(14), 12), (12, 0), (0, 28), (28, np.int64(30))], (0, 5): [(np.int64(14), 13), (13, 2), (2, np.int64(29))], (0, 6): [(np.int64(14), 12), (12, np.int64(0))], (0, 8): [(np.int64(14), 13), (13, 2), (2, 29), (29, np.int64(31))], (1, 2): [(np.int64(28), 1), (1, np.int64(4))], (1, 4): [(np.int64(28), 1)], (1, 5): [(np.int64(28), 30), (30, np.int64(29))], (1, 6): [(np.int64(28), 0)], (1, 7): [(np.int64(28), 1), (1, np.int64(12))], (2, 3): [(np.int64(4), 1), (1, 28), (28, np.int64(30))], (2, 5): [(np.int64(4), 6), (6, 5), (5, 2), (2, np.int64(29))], (2, 8): [(np.int64(4), 1), (1, 28), (28, np.int64(31))], (3, 4): [(np.int64(30), 28), (28, np.int64(1))], (3, 5): [(np.int64(30), 29)], (3, 6): [(np.int64(30), 28), (28, 1), (1, 4), (4, np.int64(0))], (3, 8): [(np.int64(30), 28), (28, np.int64(31))], (4, 5): [(np.int64(1), 28), (28, 30), (30, np.int64(29))], (4, 7): [(np.int64(1), 12)], (5, 6): [(np.int64(29), 30), (30, 28), (28, 1), (1, 4), (4, np.int64(0))], (5, 7): [(np.int64(29), 2), (2, 13), (13, 14), (14, np.int64(12))], (5, 8): [(np.int64(29), 31)]}","{(3, np.int64(30)): {'cpu': 13}, (5, np.int64(29)): {'cpu': 10}, (8, np.int64(31)): {'cpu': 14}, (1, np.int64(28)): {'cpu': 20}, (4, np.int64(1)): {'cpu': 20}, (6, np.int64(0)): {'cpu': 12}, (7, np.int64(12)): {'cpu': 14}, (2, np.int64(4)): {'cpu': 1}, (0, np.int64(14)): {'cpu': 0}}","{((0, 3), (np.int64(14), 12)): {'bw': 44}, ((0, 3), (12, 0)): {'bw': 44}, ((0, 3), (0, 28)): {'bw': 44}, ((0, 3), (28, np.int64(30))): {'bw': 44}, ((0, 5), (np.int64(14), 13)): {'bw': 43}, ((0, 5), (13, 2)): {'bw': 43}, ((0, 5), (2, np.int64(29))): {'bw': 43}, ((0, 6), (np.int64(14), 12)): {'bw': 40}, ((0, 6), (12, np.int64(0))): {'bw': 40}, ((0, 8), (np.int64(14), 13)): {'bw': 32}, ((0, 8), (13, 2)): {'bw': 32}, ((0, 8), (2, 29)): {'bw': 32}, ((0, 8), (29, np.int64(31))): {'bw': 32}, ((1, 2), (np.int64(28), 1)): {'bw': 16}, ((1, 2), (1, np.int64(4))): {'bw': 16}, ((1, 4), (np.int64(28), 1)): {'bw': 6}, ((1, 5), (np.int64(28), 30)): {'bw': 24}, ((1, 5), (30, np.int64(29))): {'bw': 24}, ((1, 6), (np.int64(28), 0)): {'bw': 13}, ((1, 7), (np.int64(28), 1)): {'bw': 25}, ((1, 7), (1, np.int64(12))): {'bw': 25}, ((2, 3), (np.int64(4), 1)): {'bw': 35}, ((2, 3), (1, 28)): {'bw': 35}, ((2, 3), (28, np.int64(30))): {'bw': 35}, ((2, 5), (np.int64(4), 6)): {'bw': 31}, ((2, 5), (6, 5)): {'bw': 31}, ((2, 5), (5, 2)): {'bw': 31}, ((2, 5), (2, np.int64(29))): {'bw': 31}, ((2, 8), (np.int64(4), 1)): {'bw': 39}, ((2, 8), (1, 28)): {'bw': 39}, ((2, 8), (28, np.int64(31))): {'bw': 39}, ((3, 4), (np.int64(30), 28)): {'bw': 14}, ((3, 4), (28, np.int64(1))): {'bw': 14}, ((3, 5), (np.int64(30), 29)): {'bw': 49}, ((3, 6), (np.int64(30), 28)): {'bw': 29}, ((3, 6), (28, 1)): {'bw': 29}, ((3, 6), (1, 4)): {'bw': 29}, ((3, 6), (4, np.int64(0))): {'bw': 29}, ((3, 8), (np.int64(30), 28)): {'bw': 48}, ((3, 8), (28, np.int64(31))): {'bw': 48}, ((4, 5), (np.int64(1), 28)): {'bw': 46}, ((4, 5), (28, 30)): {'bw': 46}, ((4, 5), (30, np.int64(29))): {'bw': 46}, ((4, 7), (np.int64(1), 12)): {'bw': 13}, ((5, 6), (np.int64(29), 30)): {'bw': 19}, ((5, 6), (30, 28)): {'bw': 19}, ((5, 6), (28, 1)): {'bw': 19}, ((5, 6), (1, 4)): {'bw': 19}, ((5, 6), (4, np.int64(0))): {'bw': 19}, ((5, 7), (np.int64(29), 2)): {'bw': 15}, ((5, 7), (2, 13)): {'bw': 15}, ((5, 7), (13, 14)): {'bw': 15}, ((5, 7), (14, np.int64(12))): {'bw': 15}, ((5, 8), (np.int64(29), 31)): {'bw': 33}}",1740.0,718.0,208.0,104.0,614.0,104.0,614.0,104.0,1636.0,1022.0,0.4126436781609195,134523.14026528312,55510.12339682372,31.902369768289493,Success,0.0,"{'node_level': {}, 'link_level': {}, 'path_level': {}}","{'node_level': {3: {'cpu': -58}, 5: {'cpu': -63}, 8: {'cpu': -78}, 1: {'cpu': -34}, 4: {'cpu': -50}, 6: {'cpu': -60}, 7: {'cpu': -43}, 2: {'cpu': -55}, 0: {'cpu': -56}}, 'link_level': {(0, 3): {'bw': -13}, (0, 5): {'bw': -140}, (0, 6): {'bw': -123}, (0, 8): {'bw': -108}, (1, 2): {'bw': -197}, (1, 4): {'bw': -269}, (1, 5): {'bw': -198}, (1, 6): {'bw': 0}, (1, 7): {'bw': -232}, (2, 3): {'bw': -162}, (2, 5): {'bw': -103}, (2, 8): {'bw': -79}, (3, 4): {'bw': -153}, (3, 5): {'bw': -149}, (3, 6): {'bw': -94}, (3, 8): {'bw': -31}, (4, 5): {'bw': -30}, (4, 7): {'bw': -219}, (5, 6): {'bw': -11}, (5, 7): {'bw': -93}, (5, 8): {'bw': -144}}, 'path_level': {(0, 3): {}, (0, 5): {}, (0, 6): {}, (0, 8): {}, (1, 2): {}, (1, 4): {}, (1, 5): {}, (1, 6): {}, (1, 7): {}, (2, 3): {}, (2, 5): {}, (2, 8): {}, (3, 4): {}, (3, 5): {}, (3, 6): {}, (3, 8): {}, (4, 5): {}, (4, 7): {}, (5, 6): {}, (5, 7): {}, (5, 8): {}}}","{'node_level': {3: {'cpu': 0}, 5: {'cpu': 0}, 8: {'cpu': 0}, 1: {'cpu': 0}, 4: {'cpu': 0}, 6: {'cpu': 0}, 7: {'cpu': 0}, 2: {'cpu': 0}, 0: {'cpu': 0}}, 'link_level': {(0, 3): {'bw': 0}, (0, 5): {'bw': 0}, (0, 6): {'bw': 0}, (0, 8): {'bw': 0}, (1, 2): {'bw': 0}, (1, 4): {'bw': 0}, (1, 5): {'bw': 0}, (1, 6): {'bw': 0}, (1, 7): {'bw': 0}, (2, 3): {'bw': 0}, (2, 5): {'bw': 0}, (2, 8): {'bw': 0}, (3, 4): {'bw': 0}, (3, 5): {'bw': 0}, (3, 6): {'bw': 0}, (3, 8): {'bw': 0}, (4, 5): {'bw': 0}, (4, 7): {'bw': 0}, (5, 6): {'bw': 0}, (5, 7): {'bw': 0}, (5, 8): {'bw': 0}}, 'path_level': {(0, 3): {}, (0, 5): {}, (0, 6): {}, (0, 8): {}, (1, 2): {}, (1, 4): {}, (1, 5): {}, (1, 6): {}, (1, 7): {}, (2, 3): {}, (2, 5): {}, (2, 8): {}, (3, 4): {}, (3, 5): {}, (3, 6): {}, (3, 8): {}, (4, 5): {}, (4, 7): {}, (5, 6): {}, (5, 7): {}, (5, 8): {}}}",[],-inf,-inf,True,True,False,0,[],0,0.0,9.0,21.0
16,16,7,4600.0,8208.0,711160.777220044,1205812.9612778716,0.5604288499025342,0.5897770218578383,20,24,0,431.4912238209576,12950,2233,10717,0.14378834355828218,0.2163071297989031,12,88.49122382095761,343.0,6,6,False,{},{},{},{},0.0,0.0,0.0,0.0,0.0,0.0,0.0,0.0,0.0,0.0,0.0,0.0,0.0,0.0,Leave Event,0.0,"{'node_level': {}, 'link_level': {}, 'path_level': {}}","{'node_level': {}, 'link_level': {}, 'path_level': {}}","{'node_level': {}, 'link_level': {}, 'path_level': {}}",[],-inf,-inf,True,True,False,0,[],0,0.0,,
16,16,6,4600.0,8208.0,711160.777220044,1205812.9612778716,0.5604288499025342,0.5897770218578383,20,25,0,451.0802576955217,13233,2292,10941,0.12116564417177911,0.19992687385740404,14,50.0802576955217,401.0,6,7,False,{},{},{},{},0.0,0.0,0.0,0.0,0.0,0.0,0.0,0.0,0.0,0.0,0.0,0.0,0.0,0.0,Leave Event,0.0,"{'node_level': {}, 'link_level': {}, 'path_level': {}}","{'node_level': {}, 'link_level': {}, 'path_level': {}}","{'node_level': {}, 'link_level': {}, 'path_level': {}}",[],-inf,-inf,True,True,False,0,[],0,0.0,,
17,17,7,5169.0,9350.0,1471867.1847582357,2732573.4488149807,0.5528342245989305,0.5386377392331511,20,26,1,456.0,12091,2234,9857,0.14340490797546013,0.2791956124314442,16,1336.9181151813561,456.0,9,20,True,"{2: np.int64(22), 6: np.int64(21), 7: np.int64(3), 1: np.int64(5), 5: np.int64(7), 0: np.int64(2), 3: np.int64(6), 4: np.int64(13), 8: np.int64(23)}","{(0, 1): [(np.int64(2), 5)], (0, 2): [(np.int64(2), 21), (21, np.int64(22))], (0, 8): [(np.int64(2), 21), (21, np.int64(23))], (1, 3): [(np.int64(5), 6)], (1, 4): [(np.int64(5), 2), (2, np.int64(13))], (1, 5): [(np.int64(5), 7)], (1, 6): [(np.int64(5), 2), (2, np.int64(21))], (1, 8): [(np.int64(5), 2), (2, 21), (21, np.int64(23))], (2, 6): [(np.int64(22), 21)], (2, 7): [(np.int64(22), 21), (21, np.int64(3))], (2, 8): [(np.int64(22), 20), (20, np.int64(23))], (3, 4): [(np.int64(6), 5), (5, 2), (2, np.int64(13))], (3, 7): [(np.int64(6), 5), (5, np.int64(3))], (3, 8): [(np.int64(6), 4), (4, 0), (0, 20), (20, np.int64(23))], (4, 8): [(np.int64(13), 2), (2, 21), (21, np.int64(23))], (5, 6): [(np.int64(7), 5), (5, 2), (2, np.int64(21))], (5, 7): [(np.int64(7), 5), (5, np.int64(3))], (5, 8): [(np.int64(7), 4), (4, 0), (0, 20), (20, np.int64(23))], (6, 8): [(np.int64(21), 23)], (7, 8): [(np.int64(3), 21), (21, np.int64(23))]}","{(2, np.int64(22)): {'cpu': 19}, (6, np.int64(21)): {'cpu': 14}, (7, np.int64(3)): {'cpu': 7}, (1, np.int64(5)): {'cpu': 3}, (5, np.int64(7)): {'cpu': 3}, (0, np.int64(2)): {'cpu': 9}, (3, np.int64(6)): {'cpu': 2}, (4, np.int64(13)): {'cpu': 1}, (8, np.int64(23)): {'cpu': 0}}","{((0, 1), (np.int64(2), 5)): {'bw': 3}, ((0, 2), (np.int64(2), 21)): {'bw': 3}, ((0, 2), (21, np.int64(22))): {'bw': 3}, ((0, 8), (np.int64(2), 21)): {'bw': 31}, ((0, 8), (21, np.int64(23))): {'bw': 31}, ((1, 3), (np.int64(5), 6)): {'bw': 32}, ((1, 4), (np.int64(5), 2)): {'bw': 46}, ((1, 4), (2, np.int64(13))): {'bw': 46}, ((1, 5), (np.int64(5), 7)): {'bw': 25}, ((1, 6), (np.int64(5), 2)): {'bw': 21}, ((1, 6), (2, np.int64(21))): {'bw': 21}, ((1, 8), (np.int64(5), 2)): {'bw': 28}, ((1, 8), (2, 21)): {'bw': 28}, ((1, 8), (21, np.int64(23))): {'bw': 28}, ((2, 6), (np.int64(22), 21)): {'bw': 35}, ((2, 7), (np.int64(22), 21)): {'bw': 36}, ((2, 7), (21, np.int64(3))): {'bw': 36}, ((2, 8), (np.int64(22), 20)): {'bw': 20}, ((2, 8), (20, np.int64(23))): {'bw': 20}, ((3, 4), (np.int64(6), 5)): {'bw': 0}, ((3, 4), (5, 2)): {'bw': 0}, ((3, 4), (2, np.int64(13))): {'bw': 0}, ((3, 7), (np.int64(6), 5)): {'bw': 40}, ((3, 7), (5, np.int64(3))): {'bw': 40}, ((3, 8), (np.int64(6), 4)): {'bw': 14}, ((3, 8), (4, 0)): {'bw': 14}, ((3, 8), (0, 20)): {'bw': 14}, ((3, 8), (20, np.int64(23))): {'bw': 14}, ((4, 8), (np.int64(13), 2)): {'bw': 14}, ((4, 8), (2, 21)): {'bw': 14}, ((4, 8), (21, np.int64(23))): {'bw': 14}, ((5, 6), (np.int64(7), 5)): {'bw': 40}, ((5, 6), (5, 2)): {'bw': 40}, ((5, 6), (2, np.int64(21))): {'bw': 40}, ((5, 7), (np.int64(7), 5)): {'bw': 47}, ((5, 7), (5, np.int64(3))): {'bw': 47}, ((5, 8), (np.int64(7), 4)): {'bw': 27}, ((5, 8), (4, 0)): {'bw': 27}, ((5, 8), (0, 20)): {'bw': 27}, ((5, 8), (20, np.int64(23))): {'bw': 27}, ((6, 8), (np.int64(21), 23)): {'bw': 7}, ((7, 8), (np.int64(3), 21)): {'bw': 42}, ((7, 8), (21, np.int64(23))): {'bw': 42}}",1142.0,569.0,116.0,58.0,511.0,58.0,511.0,58.0,1084.0,573.0,0.4982486865148862,1526760.4875371088,760706.4075381916,666.117694867068,Success,0.0,"{'node_level': {}, 'link_level': {}, 'path_level': {}}","{'node_level': {2: {'cpu': -66}, 6: {'cpu': -30}, 7: {'cpu': -43}, 1: {'cpu': -58}, 5: {'cpu': -60}, 0: {'cpu': -43}, 3: {'cpu': -53}, 4: {'cpu': -64}, 8: {'cpu': -49}}, 'link_level': {(0, 1): {'bw': -226}, (0, 2): {'bw': -261}, (0, 8): {'bw': -307}, (1, 3): {'bw': -312}, (1, 4): {'bw': -57}, (1, 5): {'bw': -324}, (1, 6): {'bw': -159}, (1, 8): {'bw': -131}, (2, 6): {'bw': -226}, (2, 7): {'bw': -190}, (2, 8): {'bw': -153}, (3, 4): {'bw': -57}, (3, 7): {'bw': -272}, (3, 8): {'bw': -139}, (4, 8): {'bw': -43}, (5, 6): {'bw': -91}, (5, 7): {'bw': -237}, (5, 8): {'bw': -112}, (6, 8): {'bw': -273}, (7, 8): {'bw': -231}}, 'path_level': {(0, 1): {}, (0, 2): {}, (0, 8): {}, (1, 3): {}, (1, 4): {}, (1, 5): {}, (1, 6): {}, (1, 8): {}, (2, 6): {}, (2, 7): {}, (2, 8): {}, (3, 4): {}, (3, 7): {}, (3, 8): {}, (4, 8): {}, (5, 6): {}, (5, 7): {}, (5, 8): {}, (6, 8): {}, (7, 8): {}}}","{'node_level': {2: {'cpu': 0}, 6: {'cpu': 0}, 7: {'cpu': 0}, 1: {'cpu': 0}, 5: {'cpu': 0}, 0: {'cpu': 0}, 3: {'cpu': 0}, 4: {'cpu': 0}, 8: {'cpu': 0}}, 'link_level': {(0, 1): {'bw': 0}, (0, 2): {'bw': 0}, (0, 8): {'bw': 0}, (1, 3): {'bw': 0}, (1, 4): {'bw': 0}, (1, 5): {'bw': 0}, (1, 6): {'bw': 0}, (1, 8): {'bw': 0}, (2, 6): {'bw': 0}, (2, 7): {'bw': 0}, (2, 8): {'bw': 0}, (3, 4): {'bw': 0}, (3, 7): {'bw': 0}, (3, 8): {'bw': 0}, (4, 8): {'bw': 0}, (5, 6): {'bw': 0}, (5, 7): {'bw': 0}, (5, 8): {'bw': 0}, (6, 8): {'bw': 0}, (7, 8): {'bw': 0}}, 'path_level': {(0, 1): {}, (0, 2): {}, (0, 8): {}, (1, 3): {}, (1, 4): {}, (1, 5): {}, (1, 6): {}, (1, 8): {}, (2, 6): {}, (2, 7): {}, (2, 8): {}, (3, 4): {}, (3, 7): {}, (3, 8): {}, (4, 8): {}, (5, 6): {}, (5, 7): {}, (5, 8): {}, (6, 8): {}, (7, 8): {}}}",[],-inf,-inf,True,True,False,0,[],0,0.0,9.0,20.0
17,17,6,5169.0,9350.0,1471867.1847582357,2732573.4488149807,0.5528342245989305,0.5386377392331511,20,27,0,465.44048823708476,12148,2249,9899,0.13765337423312884,0.27612431444241314,3,355.44048823708476,110.0,2,1,False,{},{},{},{},0.0,0.0,0.0,0.0,0.0,0.0,0.0,0.0,0.0,0.0,0.0,0.0,0.0,0.0,Leave Event,0.0,"{'node_level': {}, 'link_level': {}, 'path_level': {}}","{'node_level': {}, 'link_level': {}, 'path_level': {}}","{'node_level': {}, 'link_level': {}, 'path_level': {}}",[],-inf,-inf,True,True,False,0,[],0,0.0,,
18,18,7,5244.0,9435.0,1504094.7088606558,2769097.976131057,0.5558028616852146,0.5431713582638036,20,28,1,479.0,12063,2198,9865,0.15720858895705525,0.27861060329067644,17,429.7003213656026,479.0,3,2,True,"{1: np.int64(7), 0: np.int64(5), 2: np.int64(6)}","{(0, 1): [(np.int64(5), 7)], (1, 2): [(np.int64(7), 4), (4, np.int64(6))]}","{(1, np.int64(7)): {'cpu': 19}, (0, np.int64(5)): {'cpu': 14}, (2, np.int64(6)): {'cpu': 18}}","{((0, 1), (np.int64(5), 7)): {'bw': 14}, ((1, 2), (np.int64(7), 4)): {'bw': 10}, ((1, 2), (4, np.int64(6))): {'bw': 10}}",85.0,75.0,102.0,51.0,24.0,51.0,24.0,51.0,34.0,10.0,0.8823529411764706,36524.527316076215,32227.524102420193,379.14734238141403,Success,0.0,"{'node_level': {}, 'link_level': {}, 'path_level': {}}","{'node_level': {1: {'cpu': -41}, 0: {'cpu': -44}, 2: {'cpu': -35}}, 'link_level': {(0, 1): {'bw': -223}, (1, 2): {'bw': -193}}, 'path_level': {(0, 1): {}, (1, 2): {}}}","{'node_level': {1: {'cpu': 0}, 0: {'cpu': 0}, 2: {'cpu': 0}}, 'link_level': {(0, 1): {'bw': 0}, (1, 2): {'bw': 0}}, 'path_level': {(0, 1): {}, (1, 2): {}}}",[],-inf,-inf,True,True,False,0,[],0,0.0,3.0,2.0
18,18,6,5244.0,9435.0,1504094.7088606558,2769097.976131057,0.5558028616852146,0.5431713582638036,20,29,0,496.0901200761372,12990,2285,10705,0.12384969325153372,0.21718464351005484,6,310.0901200761372,186.0,9,19,False,{},{},{},{},0.0,0.0,0.0,0.0,0.0,0.0,0.0,0.0,0.0,0.0,0.0,0.0,0.0,0.0,Leave Event,0.0,"{'node_level': {}, 'link_level': {}, 'path_level': {}}","{'node_level': {}, 'link_level': {}, 'path_level': {}}","{'node_level': {}, 'link_level': {}, 'path_level': {}}",[],-inf,-inf,True,True,False,0,[],0,0.0,,
19,19,7,5644.0,10321.0,1870168.0098502517,3579950.337823012,0.5468462358298615,0.5224005456420693,20,30,1,504.0,12104,2204,9900,0.1549079754601227,0.27605118829981723,18,915.1832524739899,504.0,9,13,True,"{1: np.int64(31), 8: np.int64(29), 2: np.int64(30), 5: np.int64(3), 4: np.int64(13), 3: np.int64(15), 0: np.int64(0), 6: np.int64(22), 7: np.int64(20)}","{(0, 3): [(np.int64(0), 12), (12, np.int64(15))], (0, 5): [(np.int64(0), 4), (4, 6), (6, 5), (5, np.int64(3))], (1, 2): [(np.int64(31), 28), (28, np.int64(30))], (1, 3): [(np.int64(31), 28), (28, 0), (0, 12), (12, np.int64(15))], (1, 6): [(np.int64(31), 28), (28, 0), (0, 20), (20, np.int64(22))], (1, 8): [(np.int64(31), 29)], (2, 4): [(np.int64(30), 29), (29, 2), (2, np.int64(13))], (2, 5): [(np.int64(30), 29), (29, np.int64(3))], (3, 7): [(np.int64(15), 12), (12, 0), (0, np.int64(20))], (3, 8): [(np.int64(15), 13), (13, 3), (3, np.int64(29))], (4, 5): [(np.int64(13), 3)], (4, 8): [(np.int64(13), 3), (3, np.int64(29))], (5, 6): [(np.int64(3), 21), (21, np.int64(22))]}","{(1, np.int64(31)): {'cpu': 17}, (8, np.int64(29)): {'cpu': 16}, (2, np.int64(30)): {'cpu': 15}, (5, np.int64(3)): {'cpu': 9}, (4, np.int64(13)): {'cpu': 5}, (3, np.int64(15)): {'cpu': 4}, (0, np.int64(0)): {'cpu': 3}, (6, np.int64(22)): {'cpu': 4}, (7, np.int64(20)): {'cpu': 8}}","{((0, 3), (np.int64(0), 12)): {'bw': 8}, ((0, 3), (12, np.int64(15))): {'bw': 8}, ((0, 5), (np.int64(0), 4)): {'bw': 29}, ((0, 5), (4, 6)): {'bw': 29}, ((0, 5), (6, 5)): {'bw': 29}, ((0, 5), (5, np.int64(3))): {'bw': 29}, ((1, 2), (np.int64(31), 28)): {'bw': 38}, ((1, 2), (28, np.int64(30))): {'bw': 38}, ((1, 3), (np.int64(31), 28)): {'bw': 38}, ((1, 3), (28, 0)): {'bw': 38}, ((1, 3), (0, 12)): {'bw': 38}, ((1, 3), (12, np.int64(15))): {'bw': 38}, ((1, 6), (np.int64(31), 28)): {'bw': 14}, ((1, 6), (28, 0)): {'bw': 14}, ((1, 6), (0, 20)): {'bw': 14}, ((1, 6), (20, np.int64(22))): {'bw': 14}, ((1, 8), (np.int64(31), 29)): {'bw': 42}, ((2, 4), (np.int64(30), 29)): {'bw': 36}, ((2, 4), (29, 2)): {'bw': 36}, ((2, 4), (2, np.int64(13))): {'bw': 36}, ((2, 5), (np.int64(30), 29)): {'bw': 0}, ((2, 5), (29, np.int64(3))): {'bw': 0}, ((3, 7), (np.int64(15), 12)): {'bw': 4}, ((3, 7), (12, 0)): {'bw': 4}, ((3, 7), (0, np.int64(20))): {'bw': 4}, ((3, 8), (np.int64(15), 13)): {'bw': 44}, ((3, 8), (13, 3)): {'bw': 44}, ((3, 8), (3, np.int64(29))): {'bw': 44}, ((4, 5), (np.int64(13), 3)): {'bw': 37}, ((4, 8), (np.int64(13), 3)): {'bw': 20}, ((4, 8), (3, np.int64(29))): {'bw': 20}, ((5, 6), (np.int64(3), 21)): {'bw': 9}, ((5, 6), (21, np.int64(22))): {'bw': 9}}",886.0,400.0,162.0,81.0,319.0,81.0,319.0,81.0,805.0,486.0,0.45146726862302483,810852.361691955,366073.30098959594,413.1752832839684,Success,0.0,"{'node_level': {}, 'link_level': {}, 'path_level': {}}","{'node_level': {1: {'cpu': -68}, 8: {'cpu': -47}, 2: {'cpu': -63}, 5: {'cpu': -34}, 4: {'cpu': -72}, 3: {'cpu': -53}, 0: {'cpu': -72}, 6: {'cpu': -62}, 7: {'cpu': -59}}, 'link_level': {(0, 3): {'bw': -115}, (0, 5): {'bw': -187}, (1, 2): {'bw': -56}, (1, 3): {'bw': -77}, (1, 6): {'bw': -127}, (1, 8): {'bw': -102}, (2, 4): {'bw': -7}, (2, 5): {'bw': -48}, (3, 7): {'bw': -73}, (3, 8): {'bw': -149}, (4, 5): {'bw': -221}, (4, 8): {'bw': -166}, (5, 6): {'bw': -181}}, 'path_level': {(0, 3): {}, (0, 5): {}, (1, 2): {}, (1, 3): {}, (1, 6): {}, (1, 8): {}, (2, 4): {}, (2, 5): {}, (3, 7): {}, (3, 8): {}, (4, 5): {}, (4, 8): {}, (5, 6): {}}}","{'node_level': {1: {'cpu': 0}, 8: {'cpu': 0}, 2: {'cpu': 0}, 5: {'cpu': 0}, 4: {'cpu': 0}, 3: {'cpu': 0}, 0: {'cpu': 0}, 6: {'cpu': 0}, 7: {'cpu': 0}}, 'link_level': {(0, 3): {'bw': 0}, (0, 5): {'bw': 0}, (1, 2): {'bw': 0}, (1, 3): {'bw': 0}, (1, 6): {'bw': 0}, (1, 8): {'bw': 0}, (2, 4): {'bw': 0}, (2, 5): {'bw': 0}, (3, 7): {'bw': 0}, (3, 8): {'bw': 0}, (4, 5): {'bw': 0}, (4, 8): {'bw': 0}, (5, 6): {'bw': 0}}, 'path_level': {(0, 3): {}, (0, 5): {}, (1, 2): {}, (1, 3): {}, (1, 6): {}, (1, 8): {}, (2, 4): {}, (2, 5): {}, (3, 7): {}, (3, 8): {}, (4, 5): {}, (4, 8): {}, (5, 6): {}}}",[],-inf,-inf,True,True,False,0,[],0,0.0,9.0,13.0
19,19,6,5644.0,10321.0,1870168.0098502517,3579950.337823012,0.5468462358298615,0.5224005456420693,20,31,0,507.3121495777489,13844,2308,11536,0.11503067484662577,0.15641681901279703,15,77.31214957774891,430.0,9,21,False,{},{},{},{},0.0,0.0,0.0,0.0,0.0,0.0,0.0,0.0,0.0,0.0,0.0,0.0,0.0,0.0,Leave Event,0.0,"{'node_level': {}, 'link_level': {}, 'path_level': {}}","{'node_level': {}, 'link_level': {}, 'path_level': {}}","{'node_level': {}, 'link_level': {}, 'path_level': {}}",[],-inf,-inf,True,True,False,0,[],0,0.0,,
20,20,7,5728.0,10405.0,1911171.9893819734,3620954.3173547336,0.5505045651129264,0.5278089204887204,20,32,1,528.0,13760,2274,11486,0.12806748466257667,0.16007312614259595,19,488.1426134728772,528.0,2,1,True,"{0: np.int64(30), 1: np.int64(28)}","{(0, 1): [(np.int64(30), 28)]}","{(0, np.int64(30)): {'cpu': 18}, (1, np.int64(28)): {'cpu': 16}}","{((0, 1), (np.int64(30), 28)): {'bw': 50}}",84.0,84.0,68.0,34.0,50.0,34.0,50.0,34.0,50.0,0.0,1.0,41003.979531721685,41003.979531721685,488.1426134728772,Success,0.0,"{'node_level': {}, 'link_level': {}, 'path_level': {}}","{'node_level': {0: {'cpu': -58}, 1: {'cpu': -57}}, 'link_level': {(0, 1): {'bw': -265}}, 'path_level': {(0, 1): {}}}","{'node_level': {0: {'cpu': 0}, 1: {'cpu': 0}}, 'link_level': {(0, 1): {'bw': 0}}, 'path_level': {(0, 1): {}}}",[],-inf,-inf,True,True,False,0,[],0,0.0,2.0,1.0
21,21,8,6253.0,11373.0,2014158.0955128544,3810841.0806589103,0.5498109557724435,0.5285337417336222,20,33,1,558.0,12792,2213,10579,0.15145705521472397,0.2263985374771481,20,196.16401167786873,558.0,8,19,True,"{6: np.int64(1), 3: np.int64(4), 2: np.int64(0), 1: np.int64(28), 4: np.int64(31), 7: np.int64(30), 0: np.int64(12), 5: np.int64(14)}","{(0, 1): [(np.int64(12), 0), (0, np.int64(28))], (0, 2): [(np.int64(12), 0)], (0, 3): [(np.int64(12), 0), (0, np.int64(4))], (0, 4): [(np.int64(12), 0), (0, 28), (28, np.int64(31))], (0, 6): [(np.int64(12), 1)], (1, 2): [(np.int64(28), 0)], (1, 3): [(np.int64(28), 0), (0, np.int64(4))], (1, 4): [(np.int64(28), 31)], (1, 5): [(np.int64(28), 0), (0, 12), (12, np.int64(14))], (1, 6): [(np.int64(28), 1)], (2, 3): [(np.int64(0), 4)], (2, 4): [(np.int64(0), 28), (28, np.int64(31))], (2, 6): [(np.int64(0), 4), (4, np.int64(1))], (2, 7): [(np.int64(0), 28), (28, np.int64(30))], (3, 7): [(np.int64(4), 0), (0, 28), (28, np.int64(30))], (4, 7): [(np.int64(31), 28), (28, np.int64(30))], (5, 6): [(np.int64(14), 12), (12, np.int64(1))], (5, 7): [(np.int64(14), 12), (12, 0), (0, 28), (28, np.int64(30))], (6, 7): [(np.int64(1), 28), (28, np.int64(30))]}","{(6, np.int64(1)): {'cpu': 17}, (3, np.int64(4)): {'cpu': 15}, (2, np.int64(0)): {'cpu': 8}, (1, np.int64(28)): {'cpu': 6}, (4, np.int64(31)): {'cpu': 7}, (7, np.int64(30)): {'cpu': 3}, (0, np.int64(12)): {'cpu': 3}, (5, np.int64(14)): {'cpu': 2}}","{((0, 1), (np.int64(12), 0)): {'bw': 33}, ((0, 1), (0, np.int64(28))): {'bw': 33}, ((0, 2), (np.int64(12), 0)): {'bw': 15}, ((0, 3), (np.int64(12), 0)): {'bw': 15}, ((0, 3), (0, np.int64(4))): {'bw': 15}, ((0, 4), (np.int64(12), 0)): {'bw': 15}, ((0, 4), (0, 28)): {'bw': 15}, ((0, 4), (28, np.int64(31))): {'bw': 15}, ((0, 6), (np.int64(12), 1)): {'bw': 30}, ((1, 2), (np.int64(28), 0)): {'bw': 2}, ((1, 3), (np.int64(28), 0)): {'bw': 34}, ((1, 3), (0, np.int64(4))): {'bw': 34}, ((1, 4), (np.int64(28), 31)): {'bw': 19}, ((1, 5), (np.int64(28), 0)): {'bw': 29}, ((1, 5), (0, 12)): {'bw': 29}, ((1, 5), (12, np.int64(14))): {'bw': 29}, ((1, 6), (np.int64(28), 1)): {'bw': 18}, ((2, 3), (np.int64(0), 4)): {'bw': 38}, ((2, 4), (np.int64(0), 28)): {'bw': 10}, ((2, 4), (28, np.int64(31))): {'bw': 10}, ((2, 6), (np.int64(0), 4)): {'bw': 18}, ((2, 6), (4, np.int64(1))): {'bw': 18}, ((2, 7), (np.int64(0), 28)): {'bw': 25}, ((2, 7), (28, np.int64(30))): {'bw': 25}, ((3, 7), (np.int64(4), 0)): {'bw': 17}, ((3, 7), (0, 28)): {'bw': 17}, ((3, 7), (28, np.int64(30))): {'bw': 17}, ((4, 7), (np.int64(31), 28)): {'bw': 49}, ((4, 7), (28, np.int64(30))): {'bw': 49}, ((5, 6), (np.int64(14), 12)): {'bw': 37}, ((5, 6), (12, np.int64(1))): {'bw': 37}, ((5, 7), (np.int64(14), 12)): {'bw': 20}, ((5, 7), (12, 0)): {'bw': 20}, ((5, 7), (0, 28)): {'bw': 20}, ((5, 7), (28, np.int64(30))): {'bw': 20}, ((6, 7), (np.int64(1), 28)): {'bw': 40}, ((6, 7), (28, np.int64(30))): {'bw': 40}}",968.0,525.0,122.0,61.0,464.0,61.0,464.0,61.0,907.0,443.0,0.5423553719008265,189886.76330417691,102986.10613088109,106.39060550710856,Success,0.0,"{'node_level': {}, 'link_level': {}, 'path_level': {}}","{'node_level': {6: {'cpu': -75}, 3: {'cpu': -44}, 2: {'cpu': -76}, 1: {'cpu': -51}, 4: {'cpu': -75}, 7: {'cpu': -55}, 0: {'cpu': -54}, 5: {'cpu': -54}}, 'link_level': {(0, 1): {'bw': -124}, (0, 2): {'bw': -109}, (0, 3): {'bw': -94}, (0, 4): {'bw': -79}, (0, 6): {'bw': -227}, (1, 2): {'bw': -159}, (1, 3): {'bw': -125}, (1, 4): {'bw': -180}, (1, 5): {'bw': -50}, (1, 6): {'bw': -310}, (2, 3): {'bw': -180}, (2, 4): {'bw': -86}, (2, 6): {'bw': -162}, (2, 7): {'bw': -61}, (3, 7): {'bw': -44}, (4, 7): {'bw': -121}, (5, 6): {'bw': -158}, (5, 7): {'bw': -24}, (6, 7): {'bw': -114}}, 'path_level': {(0, 1): {}, (0, 2): {}, (0, 3): {}, (0, 4): {}, (0, 6): {}, (1, 2): {}, (1, 3): {}, (1, 4): {}, (1, 5): {}, (1, 6): {}, (2, 3): {}, (2, 4): {}, (2, 6): {}, (2, 7): {}, (3, 7): {}, (4, 7): {}, (5, 6): {}, (5, 7): {}, (6, 7): {}}}","{'node_level': {6: {'cpu': 0}, 3: {'cpu': 0}, 2: {'cpu': 0}, 1: {'cpu': 0}, 4: {'cpu': 0}, 7: {'cpu': 0}, 0: {'cpu': 0}, 5: {'cpu': 0}}, 'link_level': {(0, 1): {'bw': 0}, (0, 2): {'bw': 0}, (0, 3): {'bw': 0}, (0, 4): {'bw': 0}, (0, 6): {'bw': 0}, (1, 2): {'bw': 0}, (1, 3): {'bw': 0}, (1, 4): {'bw': 0}, (1, 5): {'bw': 0}, (1, 6): {'bw': 0}, (2, 3): {'bw': 0}, (2, 4): {'bw': 0}, (2, 6): {'bw': 0}, (2, 7): {'bw': 0}, (3, 7): {'bw': 0}, (4, 7): {'bw': 0}, (5, 6): {'bw': 0}, (5, 7): {'bw': 0}, (6, 7): {'bw': 0}}, 'path_level': {(0, 1): {}, (0, 2): {}, (0, 3): {}, (0, 4): {}, (0, 6): {}, (1, 2): {}, (1, 3): {}, (1, 4): {}, (1, 5): {}, (1, 6): {}, (2, 3): {}, (2, 4): {}, (2, 6): {}, (2, 7): {}, (3, 7): {}, (4, 7): {}, (5, 6): {}, (5, 7): {}, (6, 7): {}}}",[],-inf,-inf,True,True,False,0,[],0,0.0,8.0,19.0
22,22,9,6603.0,12112.0,2242007.399053139,4291928.610133969,0.545161822985469,0.522377607530419,20,34,1,581.0,12053,2096,9957,0.19631901840490795,0.27188299817184647,21,650.9980101150999,581.0,9,13,True,"{8: np.int64(1), 3: np.int64(20), 4: np.int64(22), 0: np.int64(23), 7: np.int64(31), 1: np.int64(30), 2: np.int64(29), 6: np.int64(13), 5: np.int64(15)}","{(0, 1): [(np.int64(23), 20), (20, 0), (0, 28), (28, np.int64(30))], (0, 5): [(np.int64(23), 20), (20, 0), (0, 12), (12, np.int64(15))], (0, 7): [(np.int64(23), 21), (21, 2), (2, 29), (29, np.int64(31))], (0, 8): [(np.int64(23), 20), (20, np.int64(1))], (1, 4): [(np.int64(30), 28), (28, 0), (0, 20), (20, np.int64(22))], (1, 7): [(np.int64(30), 28), (28, np.int64(31))], (2, 4): [(np.int64(29), 2), (2, 21), (21, np.int64(22))], (3, 7): [(np.int64(20), 1), (1, 28), (28, np.int64(31))], (3, 8): [(np.int64(20), 1)], (4, 5): [(np.int64(22), 20), (20, 0), (0, 12), (12, np.int64(15))], (4, 8): [(np.int64(22), 20), (20, np.int64(1))], (5, 8): [(np.int64(15), 12), (12, np.int64(1))], (6, 8): [(np.int64(13), 14), (14, 12), (12, np.int64(1))]}","{(8, np.int64(1)): {'cpu': 18}, (3, np.int64(20)): {'cpu': 15}, (4, np.int64(22)): {'cpu': 19}, (0, np.int64(23)): {'cpu': 20}, (7, np.int64(31)): {'cpu': 8}, (1, np.int64(30)): {'cpu': 14}, (2, np.int64(29)): {'cpu': 18}, (6, np.int64(13)): {'cpu': 5}, (5, np.int64(15)): {'cpu': 0}}","{((0, 1), (np.int64(23), 20)): {'bw': 9}, ((0, 1), (20, 0)): {'bw': 9}, ((0, 1), (0, 28)): {'bw': 9}, ((0, 1), (28, np.int64(30))): {'bw': 9}, ((0, 5), (np.int64(23), 20)): {'bw': 4}, ((0, 5), (20, 0)): {'bw': 4}, ((0, 5), (0, 12)): {'bw': 4}, ((0, 5), (12, np.int64(15))): {'bw': 4}, ((0, 7), (np.int64(23), 21)): {'bw': 16}, ((0, 7), (21, 2)): {'bw': 16}, ((0, 7), (2, 29)): {'bw': 16}, ((0, 7), (29, np.int64(31))): {'bw': 16}, ((0, 8), (np.int64(23), 20)): {'bw': 15}, ((0, 8), (20, np.int64(1))): {'bw': 15}, ((1, 4), (np.int64(30), 28)): {'bw': 0}, ((1, 4), (28, 0)): {'bw': 0}, ((1, 4), (0, 20)): {'bw': 0}, ((1, 4), (20, np.int64(22))): {'bw': 0}, ((1, 7), (np.int64(30), 28)): {'bw': 27}, ((1, 7), (28, np.int64(31))): {'bw': 27}, ((2, 4), (np.int64(29), 2)): {'bw': 20}, ((2, 4), (2, 21)): {'bw': 20}, ((2, 4), (21, np.int64(22))): {'bw': 20}, ((3, 7), (np.int64(20), 1)): {'bw': 41}, ((3, 7), (1, 28)): {'bw': 41}, ((3, 7), (28, np.int64(31))): {'bw': 41}, ((3, 8), (np.int64(20), 1)): {'bw': 23}, ((4, 5), (np.int64(22), 20)): {'bw': 6}, ((4, 5), (20, 0)): {'bw': 6}, ((4, 5), (0, 12)): {'bw': 6}, ((4, 5), (12, np.int64(15))): {'bw': 6}, ((4, 8), (np.int64(22), 20)): {'bw': 24}, ((4, 8), (20, np.int64(1))): {'bw': 24}, ((5, 8), (np.int64(15), 12)): {'bw': 0}, ((5, 8), (12, np.int64(1))): {'bw': 0}, ((6, 8), (np.int64(13), 14)): {'bw': 48}, ((6, 8), (14, 12)): {'bw': 48}, ((6, 8), (12, np.int64(1))): {'bw': 48}}",739.0,350.0,234.0,117.0,233.0,117.0,233.0,117.0,622.0,389.0,0.4736129905277402,481087.5294750588,227849.30354028495,308.3211143982205,Success,0.0,"{'node_level': {}, 'link_level': {}, 'path_level': {}}","{'node_level': {8: {'cpu': -57}, 3: {'cpu': -44}, 4: {'cpu': -43}, 0: {'cpu': -29}, 7: {'cpu': -67}, 1: {'cpu': -41}, 2: {'cpu': -39}, 6: {'cpu': -67}, 5: {'cpu': -53}}, 'link_level': {(0, 1): {'bw': -15}, (0, 5): {'bw': -26}, (0, 7): {'bw': -151}, (0, 8): {'bw': -84}, (1, 4): {'bw': -15}, (1, 7): {'bw': -78}, (2, 4): {'bw': -161}, (3, 7): {'bw': -53}, (3, 8): {'bw': -117}, (4, 5): {'bw': -20}, (4, 8): {'bw': -93}, (5, 8): {'bw': -183}, (6, 8): {'bw': -90}}, 'path_level': {(0, 1): {}, (0, 5): {}, (0, 7): {}, (0, 8): {}, (1, 4): {}, (1, 7): {}, (2, 4): {}, (3, 7): {}, (3, 8): {}, (4, 5): {}, (4, 8): {}, (5, 8): {}, (6, 8): {}}}","{'node_level': {8: {'cpu': 0}, 3: {'cpu': 0}, 4: {'cpu': 0}, 0: {'cpu': 0}, 7: {'cpu': 0}, 1: {'cpu': 0}, 2: {'cpu': 0}, 6: {'cpu': 0}, 5: {'cpu': 0}}, 'link_level': {(0, 1): {'bw': 0}, (0, 5): {'bw': 0}, (0, 7): {'bw': 0}, (0, 8): {'bw': 0}, (1, 4): {'bw': 0}, (1, 7): {'bw': 0}, (2, 4): {'bw': 0}, (3, 7): {'bw': 0}, (3, 8): {'bw': 0}, (4, 5): {'bw': 0}, (4, 8): {'bw': 0}, (5, 8): {'bw': 0}, (6, 8): {'bw': 0}}, 'path_level': {(0, 1): {}, (0, 5): {}, (0, 7): {}, (0, 8): {}, (1, 4): {}, (1, 7): {}, (2, 4): {}, (3, 7): {}, (3, 8): {}, (4, 5): {}, (4, 8): {}, (5, 8): {}, (6, 8): {}}}",[],-inf,-inf,True,True,False,0,[],0,0.0,9.0,13.0
22,22,8,6603.0,12112.0,2242007.399053139,4291928.610133969,0.545161822985469,0.522377607530419,20,35,0,588.3884061948887,12172,2148,10024,0.1763803680981595,0.2669835466179159,13,220.3884061948887,368.0,4,4,False,{},{},{},{},0.0,0.0,0.0,0.0,0.0,0.0,0.0,0.0,0.0,0.0,0.0,0.0,0.0,0.0,Leave Event,0.0,"{'node_level': {}, 'link_level': {}, 'path_level': {}}","{'node_level': {}, 'link_level': {}, 'path_level': {}}","{'node_level': {}, 'link_level': {}, 'path_level': {}}",[],-inf,-inf,True,True,False,0,[],0,0.0,,
23,23,9,6991.0,12965.0,2385506.6385130063,4607405.030905275,0.5392209795603548,0.517754923327046,20,36,1,602.0,11319,2084,9235,0.20092024539877296,0.32468007312614255,22,369.84340066976046,602.0,8,13,True,"{5: np.int64(15), 1: np.int64(13), 0: np.int64(14), 3: np.int64(3), 7: np.int64(2), 2: np.int64(5), 4: np.int64(7), 6: np.int64(31)}","{(0, 1): [(np.int64(14), 13)], (0, 5): [(np.int64(14), 12), (12, np.int64(15))], (1, 2): [(np.int64(13), 2), (2, np.int64(5))], (1, 7): [(np.int64(13), 2)], (2, 5): [(np.int64(5), 2), (2, 13), (13, np.int64(15))], (2, 7): [(np.int64(5), 2)], (3, 4): [(np.int64(3), 5), (5, np.int64(7))], (3, 5): [(np.int64(3), 13), (13, np.int64(15))], (3, 6): [(np.int64(3), 29), (29, np.int64(31))], (4, 6): [(np.int64(7), 5), (5, 2), (2, 29), (29, np.int64(31))], (5, 6): [(np.int64(15), 12), (12, 1), (1, 28), (28, np.int64(31))], (5, 7): [(np.int64(15), 13), (13, np.int64(2))], (6, 7): [(np.int64(31), 29), (29, np.int64(2))]}","{(5, np.int64(15)): {'cpu': 12}, (1, np.int64(13)): {'cpu': 16}, (0, np.int64(14)): {'cpu': 18}, (3, np.int64(3)): {'cpu': 9}, (7, np.int64(2)): {'cpu': 8}, (2, np.int64(5)): {'cpu': 1}, (4, np.int64(7)): {'cpu': 0}, (6, np.int64(31)): {'cpu': 0}}","{((0, 1), (np.int64(14), 13)): {'bw': 17}, ((0, 5), (np.int64(14), 12)): {'bw': 19}, ((0, 5), (12, np.int64(15))): {'bw': 19}, ((1, 2), (np.int64(13), 2)): {'bw': 30}, ((1, 2), (2, np.int64(5))): {'bw': 30}, ((1, 7), (np.int64(13), 2)): {'bw': 23}, ((2, 5), (np.int64(5), 2)): {'bw': 33}, ((2, 5), (2, 13)): {'bw': 33}, ((2, 5), (13, np.int64(15))): {'bw': 33}, ((2, 7), (np.int64(5), 2)): {'bw': 18}, ((3, 4), (np.int64(3), 5)): {'bw': 46}, ((3, 4), (5, np.int64(7))): {'bw': 46}, ((3, 5), (np.int64(3), 13)): {'bw': 22}, ((3, 5), (13, np.int64(15))): {'bw': 22}, ((3, 6), (np.int64(3), 29)): {'bw': 3}, ((3, 6), (29, np.int64(31))): {'bw': 3}, ((4, 6), (np.int64(7), 5)): {'bw': 34}, ((4, 6), (5, 2)): {'bw': 34}, ((4, 6), (2, 29)): {'bw': 34}, ((4, 6), (29, np.int64(31))): {'bw': 34}, ((5, 6), (np.int64(15), 12)): {'bw': 49}, ((5, 6), (12, 1)): {'bw': 49}, ((5, 6), (1, 28)): {'bw': 49}, ((5, 6), (28, np.int64(31))): {'bw': 49}, ((5, 7), (np.int64(15), 13)): {'bw': 24}, ((5, 7), (13, np.int64(2))): {'bw': 24}, ((6, 7), (np.int64(31), 29)): {'bw': 6}, ((6, 7), (29, np.int64(2))): {'bw': 6}}",853.0,388.0,128.0,64.0,324.0,64.0,324.0,64.0,789.0,465.0,0.4548651817116061,315476.4207713057,143499.23945986707,168.22888565048893,Success,0.0,"{'node_level': {}, 'link_level': {}, 'path_level': {}}","{'node_level': {5: {'cpu': -59}, 1: {'cpu': -68}, 0: {'cpu': -36}, 3: {'cpu': -32}, 7: {'cpu': -45}, 2: {'cpu': -43}, 4: {'cpu': -43}, 6: {'cpu': -67}}, 'link_level': {(0, 1): {'bw': -211}, (0, 5): {'bw': -71}, (1, 2): {'bw': -82}, (1, 7): {'bw': -59}, (2, 5): {'bw': -26}, (2, 7): {'bw': -41}, (3, 4): {'bw': -177}, (3, 5): {'bw': -127}, (3, 6): {'bw': -148}, (4, 6): {'bw': -7}, (5, 6): {'bw': -4}, (5, 7): {'bw': -2}, (6, 7): {'bw': -108}}, 'path_level': {(0, 1): {}, (0, 5): {}, (1, 2): {}, (1, 7): {}, (2, 5): {}, (2, 7): {}, (3, 4): {}, (3, 5): {}, (3, 6): {}, (4, 6): {}, (5, 6): {}, (5, 7): {}, (6, 7): {}}}","{'node_level': {5: {'cpu': 0}, 1: {'cpu': 0}, 0: {'cpu': 0}, 3: {'cpu': 0}, 7: {'cpu': 0}, 2: {'cpu': 0}, 4: {'cpu': 0}, 6: {'cpu': 0}}, 'link_level': {(0, 1): {'bw': 0}, (0, 5): {'bw': 0}, (1, 2): {'bw': 0}, (1, 7): {'bw': 0}, (2, 5): {'bw': 0}, (2, 7): {'bw': 0}, (3, 4): {'bw': 0}, (3, 5): {'bw': 0}, (3, 6): {'bw': 0}, (4, 6): {'bw': 0}, (5, 6): {'bw': 0}, (5, 7): {'bw': 0}, (6, 7): {'bw': 0}}, 'path_level': {(0, 1): {}, (0, 5): {}, (1, 2): {}, (1, 7): {}, (2, 5): {}, (2, 7): {}, (3, 4): {}, (3, 5): {}, (3, 6): {}, (4, 6): {}, (5, 6): {}, (5, 7): {}, (6, 7): {}}}",[],-inf,-inf,True,True,False,0,[],0,0.0,8.0,13.0
24,24,10,7061.0,13072.0,2432227.601041004,4678821.3593409285,0.5401621787025703,0.5198376715506006,20,37,1,629.0,11212,2066,9146,0.20782208588957052,0.3311882998171847,23,667.4423218285383,629.0,3,2,True,"{0: np.int64(15), 2: np.int64(13), 1: np.int64(14)}","{(0, 1): [(np.int64(15), 12), (12, np.int64(14))], (1, 2): [(np.int64(14), 13)]}","{(0, np.int64(15)): {'cpu': 5}, (2, np.int64(13)): {'cpu': 12}, (1, np.int64(14)): {'cpu': 1}}","{((0, 1), (np.int64(15), 12)): {'bw': 37}, ((0, 1), (12, np.int64(14))): {'bw': 37}, ((1, 2), (np.int64(14), 13)): {'bw': 15}}",107.0,70.0,36.0,18.0,52.0,18.0,52.0,18.0,89.0,37.0,0.6542056074766355,71416.3284356536,46720.96252799768,436.64450960745495,Success,0.0,"{'node_level': {}, 'link_level': {}, 'path_level': {}}","{'node_level': {0: {'cpu': -54}, 2: {'cpu': -56}, 1: {'cpu': -35}}, 'link_level': {(0, 1): {'bw': -34}, (1, 2): {'bw': -196}}, 'path_level': {(0, 1): {}, (1, 2): {}}}","{'node_level': {0: {'cpu': 0}, 2: {'cpu': 0}, 1: {'cpu': 0}}, 'link_level': {(0, 1): {'bw': 0}, (1, 2): {'bw': 0}}, 'path_level': {(0, 1): {}, (1, 2): {}}}",[],-inf,-inf,True,True,False,0,[],0,0.0,3.0,2.0
25,25,11,7083.0,13094.0,2434216.5114538395,4680810.269753763,0.5409347792882236,0.520041696024969,20,38,1,658.0,11190,2059,9131,0.21050613496932513,0.33228519195612427,24,90.40501876524239,658.0,2,1,True,"{1: np.int64(7), 0: np.int64(4)}","{(0, 1): [(np.int64(4), 7)]}","{(1, np.int64(7)): {'cpu': 6}, (0, np.int64(4)): {'cpu': 1}}","{((0, 1), (np.int64(4), 7)): {'bw': 15}}",22.0,22.0,14.0,7.0,15.0,7.0,15.0,7.0,15.0,0.0,1.0,1988.9104128353326,1988.9104128353326,90.40501876524239,Success,0.0,"{'node_level': {}, 'link_level': {}, 'path_level': {}}","{'node_level': {1: {'cpu': -37}, 0: {'cpu': -43}}, 'link_level': {(0, 1): {'bw': -279}}, 'path_level': {(0, 1): {}}}","{'node_level': {1: {'cpu': 0}, 0: {'cpu': 0}}, 'link_level': {(0, 1): {'bw': 0}}, 'path_level': {(0, 1): {}}}",[],-inf,-inf,True,True,False,0,[],0,0.0,2.0,1.0
26,26,12,7173.0,13184.0,2486494.736915495,4733088.495215419,0.5440685679611651,0.5253429635699904,20,39,1,686.0,11100,2044,9056,0.21625766871165641,0.3377696526508227,25,580.8691717961678,686.0,3,2,True,"{2: np.int64(31), 0: np.int64(29), 1: np.int64(30)}","{(0, 1): [(np.int64(29), 30)], (0, 2): [(np.int64(29), 31)]}","{(2, np.int64(31)): {'cpu': 12}, (0, np.int64(29)): {'cpu': 3}, (1, np.int64(30)): {'cpu': 0}}","{((0, 1), (np.int64(29), 30)): {'bw': 29}, ((0, 2), (np.int64(29), 31)): {'bw': 46}}",90.0,90.0,30.0,15.0,75.0,15.0,75.0,15.0,75.0,0.0,1.0,52278.22546165511,52278.22546165511,580.8691717961678,Success,0.0,"{'node_level': {}, 'link_level': {}, 'path_level': {}}","{'node_level': {2: {'cpu': -55}, 0: {'cpu': -36}, 1: {'cpu': -41}}, 'link_level': {(0, 1): {'bw': -157}, (0, 2): {'bw': -62}}, 'path_level': {(0, 1): {}, (0, 2): {}}}","{'node_level': {2: {'cpu': 0}, 0: {'cpu': 0}, 1: {'cpu': 0}}, 'link_level': {(0, 1): {'bw': 0}, (0, 2): {'bw': 0}}, 'path_level': {(0, 1): {}, (0, 2): {}}}",[],-inf,-inf,True,True,False,0,[],0,0.0,3.0,2.0
27,26,12,7173.0,13184.0,2486494.736915495,4733088.495215419,0.5440685679611651,0.5253429635699904,20,40,1,712.0,11100,2044,9056,0.21625766871165641,0.3377696526508227,26,278.26974731547614,712.0,10,20,False,"{7: np.int64(15), 5: np.int64(13), 4: np.int64(18), 9: np.int64(14), 2: np.int64(3), 8: np.int64(1), 3: np.int64(4), 6: np.int64(7), 0: np.int64(6), 1: np.int64(5)}","{(0, 3): [(np.int64(6), 4)], (0, 4): [(np.int64(6), 4), (4, 0), (0, 12), (12, 15), (15, np.int64(18))], (0, 6): [(np.int64(6), 4), (4, np.int64(7))], (0, 8): [(np.int64(6), 4), (4, np.int64(1))], (1, 6): [(np.int64(5), 7)], (2, 3): [(np.int64(3), 5), (5, 6), (6, np.int64(4))], (2, 4): [(np.int64(3), 13), (13, 15), (15, np.int64(18))], (2, 5): [(np.int64(3), 13)], (2, 7): [(np.int64(3), 13), (13, np.int64(15))], (3, 7): [(np.int64(4), 1), (1, 12), (12, np.int64(15))], (4, 5): [(np.int64(18), 15), (15, 13)], (4, 7): [(np.int64(18), 15)], (4, 9): [(np.int64(18), 15), (15, 12), (12, np.int64(14))], (5, 6): [(np.int64(13), 3), (3, 5), (5, np.int64(7))], (5, 7): [(np.int64(13), 15)], (5, 8): [(np.int64(13), 3), (3, 5), (5, 6), (6, 4), (4, np.int64(1))], (5, 9): [(np.int64(13), 14)], (6, 9): [(np.int64(7), 4), (4, 1), (1, 12), (12, np.int64(14))], (7, 9): []}","{(7, np.int64(15)): {'cpu': 20}, (5, np.int64(13)): {'cpu': 20}, (4, np.int64(18)): {'cpu': 20}, (9, np.int64(14)): {'cpu': 17}, (2, np.int64(3)): {'cpu': 20}, (8, np.int64(1)): {'cpu': 14}, (3, np.int64(4)): {'cpu': 11}, (6, np.int64(7)): {'cpu': 9}, (0, np.int64(6)): {'cpu': 3}, (1, np.int64(5)): {'cpu': 2}}","{((0, 3), (np.int64(6), 4)): {'bw': 22}, ((0, 4), (np.int64(6), 4)): {'bw': 13}, ((0, 4), (4, 0)): {'bw': 13}, ((0, 4), (0, 12)): {'bw': 13}, ((0, 4), (12, 15)): {'bw': 13}, ((0, 4), (15, np.int64(18))): {'bw': 13}, ((0, 6), (np.int64(6), 4)): {'bw': 30}, ((0, 6), (4, np.int64(7))): {'bw': 30}, ((0, 8), (np.int64(6), 4)): {'bw': 23}, ((0, 8), (4, np.int64(1))): {'bw': 23}, ((1, 6), (np.int64(5), 7)): {'bw': 50}, ((2, 3), (np.int64(3), 5)): {'bw': 36}, ((2, 3), (5, 6)): {'bw': 36}, ((2, 3), (6, np.int64(4))): {'bw': 36}, ((2, 4), (np.int64(3), 13)): {'bw': 21}, ((2, 4), (13, 15)): {'bw': 21}, ((2, 4), (15, np.int64(18))): {'bw': 21}, ((2, 5), (np.int64(3), 13)): {'bw': 7}, ((2, 7), (np.int64(3), 13)): {'bw': 3}, ((2, 7), (13, np.int64(15))): {'bw': 3}, ((3, 7), (np.int64(4), 1)): {'bw': 23}, ((3, 7), (1, 12)): {'bw': 23}, ((3, 7), (12, np.int64(15))): {'bw': 23}, ((4, 5), (np.int64(18), 15)): {'bw': 12}, ((4, 5), (15, 13)): {'bw': 12}, ((4, 7), (np.int64(18), 15)): {'bw': 49}, ((4, 9), (np.int64(18), 15)): {'bw': 13}, ((4, 9), (15, 12)): {'bw': 13}, ((4, 9), (12, np.int64(14))): {'bw': 13}, ((5, 6), (np.int64(13), 3)): {'bw': 7}, ((5, 6), (3, 5)): {'bw': 7}, ((5, 6), (5, np.int64(7))): {'bw': 7}, ((5, 7), (np.int64(13), 15)): {'bw': 41}, ((5, 8), (np.int64(13), 3)): {'bw': 30}, ((5, 8), (3, 5)): {'bw': 30}, ((5, 8), (5, 6)): {'bw': 30}, ((5, 8), (6, 4)): {'bw': 30}, ((5, 8), (4, np.int64(1))): {'bw': 30}, ((5, 9), (np.int64(13), 14)): {'bw': 26}, ((6, 9), (np.int64(7), 4)): {'bw': 8}, ((6, 9), (4, 1)): {'bw': 8}, ((6, 9), (1, 12)): {'bw': 8}, ((6, 9), (12, np.int64(14))): {'bw': 8}}",0.0,0.0,272.0,136.0,485.0,0.0,0.0,0.0,0.0,0.0,0.0,0.0,0.0,0.0,Route Failure,108.0,"{'node_level': {}, 'link_level': {}, 'path_level': {}}","{'node_level': {7: {'cpu': -34}, 5: {'cpu': -36}, 4: {'cpu': -67}, 9: {'cpu': -18}, 2: {'cpu': -12}, 8: {'cpu': -43}, 3: {'cpu': -32}, 6: {'cpu': -28}, 0: {'cpu': -32}, 1: {'cpu': -41}}, 'link_level': {(0, 3): {'bw': -196}, (0, 4): {'bw': -7}, (0, 6): {'bw': -153}, (0, 8): {'bw': -130}, (1, 6): {'bw': -93}, (2, 3): {'bw': -94}, (2, 4): {'bw': -82}, (2, 5): {'bw': -170}, (2, 7): {'bw': -79}, (3, 7): {'bw': -42}, (4, 5): {'bw': -67}, (4, 7): {'bw': -214}, (4, 9): {'bw': -21}, (5, 6): {'bw': -86}, (5, 7): {'bw': -26}, (5, 8): {'bw': -64}, (5, 9): {'bw': -170}, (6, 9): {'bw': -13}, (7, 9): {'bw': 37}}, 'path_level': {(0, 3): {}, (0, 4): {}, (0, 6): {}, (0, 8): {}, (1, 6): {}, (2, 3): {}, (2, 4): {}, (2, 5): {}, (2, 7): {}, (3, 7): {}, (4, 5): {}, (4, 7): {}, (4, 9): {}, (5, 6): {}, (5, 7): {}, (5, 8): {}, (5, 9): {}, (6, 9): {}, (7, 9): {}}}","{'node_level': {7: {'cpu': 0}, 5: {'cpu': 0}, 4: {'cpu': 0}, 9: {'cpu': 0}, 2: {'cpu': 0}, 8: {'cpu': 0}, 3: {'cpu': 0}, 6: {'cpu': 0}, 0: {'cpu': 0}, 1: {'cpu': 0}}, 'link_level': {(0, 3): {'bw': 0}, (0, 4): {'bw': 0}, (0, 6): {'bw': 0}, (0, 8): {'bw': 0}, (1, 6): {'bw': 0}, (2, 3): {'bw': 0}, (2, 4): {'bw': 0}, (2, 5): {'bw': 0}, (2, 7): {'bw': 0}, (3, 7): {'bw': 0}, (4, 5): {'bw': 0}, (4, 7): {'bw': 0}, (4, 9): {'bw': 0}, (5, 6): {'bw': 0}, (5, 7): {'bw': 0}, (5, 8): {'bw': 0}, (5, 9): {'bw': 0}, (6, 9): {'bw': 0}, (7, 9): {'bw': 108}}, 'path_level': {(0, 3): {}, (0, 4): {}, (0, 6): {}, (0, 8): {}, (1, 6): {}, (2, 3): {}, (2, 4): {}, (2, 5): {}, (2, 7): {}, (3, 7): {}, (4, 5): {}, (4, 7): {}, (4, 9): {}, (5, 6): {}, (5, 7): {}, (5, 8): {}, (5, 9): {}, (6, 9): {}, (7, 9): {}}}",[],-inf,-inf,True,False,False,0,[],0,0.0,10.0,19.0
28,27,13,7680.0,14276.0,2817059.895659635,5445074.990972027,0.5379658167553937,0.5173592467193455,21,41,1,735.0,10008,1931,8077,0.2595858895705522,0.40936014625228523,27,652.0022854914001,735.0,10,20,True,"{0: np.int64(15), 6: np.int64(13), 9: np.int64(18), 7: np.int64(14), 2: np.int64(3), 1: np.int64(1), 3: np.int64(4), 5: np.int64(7), 4: np.int64(6), 8: np.int64(5)}","{(0, 1): [(np.int64(15), 12), (12, np.int64(1))], (0, 3): [(np.int64(15), 12), (12, 1), (1, np.int64(4))], (0, 4): [(np.int64(15), 12), (12, 0), (0, 4), (4, np.int64(6))], (0, 5): [(np.int64(15), 12), (12, 1), (1, 4), (4, np.int64(7))], (0, 8): [(np.int64(15), 13), (13, 2), (2, np.int64(5))], (0, 9): [(np.int64(15), 18)], (1, 3): [(np.int64(1), 4)], (1, 7): [(np.int64(1), 12), (12, np.int64(14))], (2, 3): [(np.int64(3), 5), (5, 6), (6, np.int64(4))], (2, 4): [(np.int64(3), 5), (5, np.int64(6))], (2, 6): [(np.int64(3), 13)], (2, 7): [(np.int64(3), 13), (13, np.int64(14))], (3, 4): [(np.int64(4), 6)], (3, 7): [(np.int64(4), 0), (0, 12), (12, np.int64(14))], (4, 6): [(np.int64(6), 5), (5, 3), (3, np.int64(13))], (4, 8): [(np.int64(6), 5)], (5, 6): [(np.int64(7), 5), (5, 3), (3, np.int64(13))], (5, 9): [(np.int64(7), 5), (5, 3), (3, 13), (13, 15), (15, np.int64(18))], (6, 7): [(np.int64(13), 14)], (7, 9): [(np.int64(14), 13), (13, 15), (15, np.int64(18))]}","{(0, np.int64(15)): {'cpu': 20}, (6, np.int64(13)): {'cpu': 20}, (9, np.int64(18)): {'cpu': 18}, (7, np.int64(14)): {'cpu': 11}, (2, np.int64(3)): {'cpu': 9}, (1, np.int64(1)): {'cpu': 17}, (3, np.int64(4)): {'cpu': 7}, (5, np.int64(7)): {'cpu': 3}, (4, np.int64(6)): {'cpu': 1}, (8, np.int64(5)): {'cpu': 7}}","{((0, 1), (np.int64(15), 12)): {'bw': 18}, ((0, 1), (12, np.int64(1))): {'bw': 18}, ((0, 3), (np.int64(15), 12)): {'bw': 22}, ((0, 3), (12, 1)): {'bw': 22}, ((0, 3), (1, np.int64(4))): {'bw': 22}, ((0, 4), (np.int64(15), 12)): {'bw': 1}, ((0, 4), (12, 0)): {'bw': 1}, ((0, 4), (0, 4)): {'bw': 1}, ((0, 4), (4, np.int64(6))): {'bw': 1}, ((0, 5), (np.int64(15), 12)): {'bw': 34}, ((0, 5), (12, 1)): {'bw': 34}, ((0, 5), (1, 4)): {'bw': 34}, ((0, 5), (4, np.int64(7))): {'bw': 34}, ((0, 8), (np.int64(15), 13)): {'bw': 2}, ((0, 8), (13, 2)): {'bw': 2}, ((0, 8), (2, np.int64(5))): {'bw': 2}, ((0, 9), (np.int64(15), 18)): {'bw': 17}, ((1, 3), (np.int64(1), 4)): {'bw': 21}, ((1, 7), (np.int64(1), 12)): {'bw': 11}, ((1, 7), (12, np.int64(14))): {'bw': 11}, ((2, 3), (np.int64(3), 5)): {'bw': 29}, ((2, 3), (5, 6)): {'bw': 29}, ((2, 3), (6, np.int64(4))): {'bw': 29}, ((2, 4), (np.int64(3), 5)): {'bw': 18}, ((2, 4), (5, np.int64(6))): {'bw': 18}, ((2, 6), (np.int64(3), 13)): {'bw': 11}, ((2, 7), (np.int64(3), 13)): {'bw': 43}, ((2, 7), (13, np.int64(14))): {'bw': 43}, ((3, 4), (np.int64(4), 6)): {'bw': 19}, ((3, 7), (np.int64(4), 0)): {'bw': 3}, ((3, 7), (0, 12)): {'bw': 3}, ((3, 7), (12, np.int64(14))): {'bw': 3}, ((4, 6), (np.int64(6), 5)): {'bw': 19}, ((4, 6), (5, 3)): {'bw': 19}, ((4, 6), (3, np.int64(13))): {'bw': 19}, ((4, 8), (np.int64(6), 5)): {'bw': 0}, ((5, 6), (np.int64(7), 5)): {'bw': 29}, ((5, 6), (5, 3)): {'bw': 29}, ((5, 6), (3, np.int64(13))): {'bw': 29}, ((5, 9), (np.int64(7), 5)): {'bw': 21}, ((5, 9), (5, 3)): {'bw': 21}, ((5, 9), (3, 13)): {'bw': 21}, ((5, 9), (13, 15)): {'bw': 21}, ((5, 9), (15, np.int64(18))): {'bw': 21}, ((6, 7), (np.int64(13), 14)): {'bw': 27}, ((7, 9), (np.int64(14), 13)): {'bw': 49}, ((7, 9), (13, 15)): {'bw': 49}, ((7, 9), (15, np.int64(18))): {'bw': 49}}",1092.0,507.0,226.0,113.0,394.0,113.0,394.0,113.0,979.0,585.0,0.4642857142857143,711986.4957566089,330565.1587441399,302.7153468352929,Success,0.0,"{'node_level': {}, 'link_level': {}, 'path_level': {}}","{'node_level': {0: {'cpu': -34}, 6: {'cpu': -36}, 9: {'cpu': -69}, 7: {'cpu': -24}, 2: {'cpu': -23}, 1: {'cpu': -40}, 3: {'cpu': -36}, 5: {'cpu': -34}, 4: {'cpu': -34}, 8: {'cpu': -36}}, 'link_level': {(0, 1): {'bw': -60}, (0, 3): {'bw': -38}, (0, 4): {'bw': -19}, (0, 5): {'bw': -3}, (0, 8): {'bw': 0}, (0, 9): {'bw': -292}, (1, 3): {'bw': -127}, (1, 7): {'bw': -8}, (2, 3): {'bw': -184}, (2, 4): {'bw': -166}, (2, 6): {'bw': -187}, (2, 7): {'bw': -144}, (3, 4): {'bw': -169}, (3, 7): {'bw': -16}, (4, 6): {'bw': -125}, (4, 8): {'bw': -231}, (5, 6): {'bw': -96}, (5, 9): {'bw': -75}, (6, 7): {'bw': -126}, (7, 9): {'bw': -31}}, 'path_level': {(0, 1): {}, (0, 3): {}, (0, 4): {}, (0, 5): {}, (0, 8): {}, (0, 9): {}, (1, 3): {}, (1, 7): {}, (2, 3): {}, (2, 4): {}, (2, 6): {}, (2, 7): {}, (3, 4): {}, (3, 7): {}, (4, 6): {}, (4, 8): {}, (5, 6): {}, (5, 9): {}, (6, 7): {}, (7, 9): {}}}","{'node_level': {0: {'cpu': 0}, 6: {'cpu': 0}, 9: {'cpu': 0}, 7: {'cpu': 0}, 2: {'cpu': 0}, 1: {'cpu': 0}, 3: {'cpu': 0}, 5: {'cpu': 0}, 4: {'cpu': 0}, 8: {'cpu': 0}}, 'link_level': {(0, 1): {'bw': 0}, (0, 3): {'bw': 0}, (0, 4): {'bw': 0}, (0, 5): {'bw': 0}, (0, 8): {'bw': 0}, (0, 9): {'bw': 0}, (1, 3): {'bw': 0}, (1, 7): {'bw': 0}, (2, 3): {'bw': 0}, (2, 4): {'bw': 0}, (2, 6): {'bw': 0}, (2, 7): {'bw': 0}, (3, 4): {'bw': 0}, (3, 7): {'bw': 0}, (4, 6): {'bw': 0}, (4, 8): {'bw': 0}, (5, 6): {'bw': 0}, (5, 9): {'bw': 0}, (6, 7): {'bw': 0}, (7, 9): {'bw': 0}}, 'path_level': {(0, 1): {}, (0, 3): {}, (0, 4): {}, (0, 5): {}, (0, 8): {}, (0, 9): {}, (1, 3): {}, (1, 7): {}, (2, 3): {}, (2, 4): {}, (2, 6): {}, (2, 7): {}, (3, 4): {}, (3, 7): {}, (4, 6): {}, (4, 8): {}, (5, 6): {}, (5, 9): {}, (6, 7): {}, (7, 9): {}}}",[],-inf,-inf,True,True,False,0,[],0,0.0,10.0,20.0
28,27,12,7680.0,14276.0,2817059.895659635,5445074.990972027,0.5379658167553937,0.5173592467193455,21,42,0,748.4050187652424,10030,1938,8092,0.25690184049079756,0.4082632541133455,24,90.40501876524239,658.0,2,1,False,{},{},{},{},0.0,0.0,0.0,0.0,0.0,0.0,0.0,0.0,0.0,0.0,0.0,0.0,0.0,0.0,Leave Event,0.0,"{'node_level': {}, 'link_level': {}, 'path_level': {}}","{'node_level': {}, 'link_level': {}, 'path_level': {}}","{'node_level': {}, 'link_level': {}, 'path_level': {}}",[],-inf,-inf,True,True,False,0,[],0,0.0,,
28,27,11,7680.0,14276.0,2817059.895659635,5445074.990972027,0.5379658167553937,0.5173592467193455,21,43,0,754.1640116778688,10998,1999,8999,0.23351226993865026,0.34193784277879347,20,196.16401167786873,558.0,8,19,False,{},{},{},{},0.0,0.0,0.0,0.0,0.0,0.0,0.0,0.0,0.0,0.0,0.0,0.0,0.0,0.0,Leave Event,0.0,"{'node_level': {}, 'link_level': {}, 'path_level': {}}","{'node_level': {}, 'link_level': {}, 'path_level': {}}","{'node_level': {}, 'link_level': {}, 'path_level': {}}",[],-inf,-inf,True,True,False,0,[],0,0.0,,
29,28,12,7806.0,14480.0,2906013.536783193,5589095.17183874,0.5390883977900552,0.519943469816985,21,44,1,763.0,10794,1954,8840,0.2507668711656442,0.3535648994515539,28,705.9812787583966,763.0,5,5,True,"{3: np.int64(0), 1: np.int64(28), 2: np.int64(30), 4: np.int64(31), 0: np.int64(4)}","{(0, 2): [(np.int64(4), 0), (0, 28), (28, np.int64(30))], (0, 3): [(np.int64(4), 0)], (1, 3): [(np.int64(28), 0)], (2, 3): [(np.int64(30), 28), (28, np.int64(0))], (3, 4): [(np.int64(0), 28), (28, np.int64(31))]}","{(3, np.int64(0)): {'cpu': 17}, (1, np.int64(28)): {'cpu': 20}, (2, np.int64(30)): {'cpu': 3}, (4, np.int64(31)): {'cpu': 5}, (0, np.int64(4)): {'cpu': 0}}","{((0, 2), (np.int64(4), 0)): {'bw': 11}, ((0, 2), (0, 28)): {'bw': 11}, ((0, 2), (28, np.int64(30))): {'bw': 11}, ((0, 3), (np.int64(4), 0)): {'bw': 5}, ((1, 3), (np.int64(28), 0)): {'bw': 9}, ((2, 3), (np.int64(30), 28)): {'bw': 46}, ((2, 3), (28, np.int64(0))): {'bw': 46}, ((3, 4), (np.int64(0), 28)): {'bw': 10}, ((3, 4), (28, np.int64(31))): {'bw': 10}}",204.0,126.0,90.0,45.0,81.0,45.0,81.0,45.0,159.0,78.0,0.6176470588235294,144020.1808667129,88953.64112355797,436.0472604095979,Success,0.0,"{'node_level': {}, 'link_level': {}, 'path_level': {}}","{'node_level': {3: {'cpu': -67}, 1: {'cpu': -37}, 2: {'cpu': -41}, 4: {'cpu': -57}, 0: {'cpu': -52}}, 'link_level': {(0, 2): {'bw': -189}, (0, 3): {'bw': -247}, (1, 3): {'bw': -180}, (2, 3): {'bw': -134}, (3, 4): {'bw': -87}}, 'path_level': {(0, 2): {}, (0, 3): {}, (1, 3): {}, (2, 3): {}, (3, 4): {}}}","{'node_level': {3: {'cpu': 0}, 1: {'cpu': 0}, 2: {'cpu': 0}, 4: {'cpu': 0}, 0: {'cpu': 0}}, 'link_level': {(0, 2): {'bw': 0}, (0, 3): {'bw': 0}, (1, 3): {'bw': 0}, (2, 3): {'bw': 0}, (3, 4): {'bw': 0}}, 'path_level': {(0, 2): {}, (0, 3): {}, (1, 3): {}, (2, 3): {}, (3, 4): {}}}",[],-inf,-inf,True,True,False,0,[],0,0.0,5.0,5.0
30,28,12,7806.0,14480.0,2906013.536783193,5589095.17183874,0.5390883977900552,0.519943469816985,21,45,1,791.0,10794,1954,8840,0.2507668711656442,0.3535648994515539,29,253.426165873313,791.0,10,25,False,"{4: np.int64(0), 7: np.int64(4), 8: np.int64(7), 2: np.int64(1), 9: np.int64(6), 1: np.int64(30), 5: np.int64(31), 3: np.int64(28), 6: np.int64(22), 0: np.int64(20)}","{(0, 4): [(np.int64(20), 0)], (0, 6): [(np.int64(20), 22)], (0, 7): [(np.int64(20), 0), (0, np.int64(4))], (0, 9): [(np.int64(20), 0), (0, 4), (4, np.int64(6))], (1, 3): [(np.int64(30), 28)], (1, 6): [(np.int64(30), 28), (28, 0), (0, 20), (20, np.int64(22))], (1, 7): [(np.int64(30), 28), (28, 0), (0, np.int64(4))], (1, 8): [(np.int64(30), 28), (28, 0), (0, 4), (4, np.int64(7))], (1, 9): [(np.int64(30), 28), (28, 0), (0, 4), (4, np.int64(6))], (2, 3): [(np.int64(1), 28)], (2, 4): [(np.int64(1), 4), (4, np.int64(0))], (2, 5): [(np.int64(1), 28), (28, np.int64(31))], (2, 8): [(np.int64(1), 4), (4, np.int64(7))], (2, 9): [(np.int64(1), 4), (4, np.int64(6))], (3, 8): [(np.int64(28), 1), (1, 4), (4, np.int64(7))], (4, 5): [(np.int64(0), 4), (4, 1), (1, 28), (28, np.int64(31))], (4, 7): [(np.int64(0), 12), (12, 14), (14, 13), (13, 3), (3, 5), (5, 6), (6, np.int64(4))], (4, 8): []}","{(4, np.int64(0)): {'cpu': 18}, (7, np.int64(4)): {'cpu': 16}, (8, np.int64(7)): {'cpu': 15}, (2, np.int64(1)): {'cpu': 10}, (9, np.int64(6)): {'cpu': 8}, (1, np.int64(30)): {'cpu': 6}, (5, np.int64(31)): {'cpu': 8}, (3, np.int64(28)): {'cpu': 8}, (6, np.int64(22)): {'cpu': 5}, (0, np.int64(20)): {'cpu': 0}}","{((0, 4), (np.int64(20), 0)): {'bw': 42}, ((0, 6), (np.int64(20), 22)): {'bw': 18}, ((0, 7), (np.int64(20), 0)): {'bw': 10}, ((0, 7), (0, np.int64(4))): {'bw': 10}, ((0, 9), (np.int64(20), 0)): {'bw': 40}, ((0, 9), (0, 4)): {'bw': 40}, ((0, 9), (4, np.int64(6))): {'bw': 40}, ((1, 3), (np.int64(30), 28)): {'bw': 25}, ((1, 6), (np.int64(30), 28)): {'bw': 4}, ((1, 6), (28, 0)): {'bw': 4}, ((1, 6), (0, 20)): {'bw': 4}, ((1, 6), (20, np.int64(22))): {'bw': 4}, ((1, 7), (np.int64(30), 28)): {'bw': 49}, ((1, 7), (28, 0)): {'bw': 49}, ((1, 7), (0, np.int64(4))): {'bw': 49}, ((1, 8), (np.int64(30), 28)): {'bw': 18}, ((1, 8), (28, 0)): {'bw': 18}, ((1, 8), (0, 4)): {'bw': 18}, ((1, 8), (4, np.int64(7))): {'bw': 18}, ((1, 9), (np.int64(30), 28)): {'bw': 49}, ((1, 9), (28, 0)): {'bw': 49}, ((1, 9), (0, 4)): {'bw': 49}, ((1, 9), (4, np.int64(6))): {'bw': 49}, ((2, 3), (np.int64(1), 28)): {'bw': 22}, ((2, 4), (np.int64(1), 4)): {'bw': 46}, ((2, 4), (4, np.int64(0))): {'bw': 46}, ((2, 5), (np.int64(1), 28)): {'bw': 13}, ((2, 5), (28, np.int64(31))): {'bw': 13}, ((2, 8), (np.int64(1), 4)): {'bw': 21}, ((2, 8), (4, np.int64(7))): {'bw': 21}, ((2, 9), (np.int64(1), 4)): {'bw': 16}, ((2, 9), (4, np.int64(6))): {'bw': 16}, ((3, 8), (np.int64(28), 1)): {'bw': 17}, ((3, 8), (1, 4)): {'bw': 17}, ((3, 8), (4, np.int64(7))): {'bw': 17}, ((4, 5), (np.int64(0), 4)): {'bw': 30}, ((4, 5), (4, 1)): {'bw': 30}, ((4, 5), (1, 28)): {'bw': 30}, ((4, 5), (28, np.int64(31))): {'bw': 30}, ((4, 7), (np.int64(0), 12)): {'bw': 48}, ((4, 7), (12, 14)): {'bw': 48}, ((4, 7), (14, 13)): {'bw': 48}, ((4, 7), (13, 3)): {'bw': 48}, ((4, 7), (3, 5)): {'bw': 48}, ((4, 7), (5, 6)): {'bw': 48}, ((4, 7), (6, np.int64(4))): {'bw': 48}}",0.0,0.0,188.0,94.0,623.0,0.0,0.0,0.0,0.0,0.0,0.0,0.0,0.0,0.0,Route Failure,111.0,"{'node_level': {}, 'link_level': {}, 'path_level': {}}","{'node_level': {4: {'cpu': -49}, 7: {'cpu': -36}, 8: {'cpu': -25}, 2: {'cpu': -47}, 9: {'cpu': -26}, 1: {'cpu': -35}, 5: {'cpu': -49}, 3: {'cpu': -29}, 6: {'cpu': -38}, 0: {'cpu': -44}}, 'link_level': {(0, 4): {'bw': -143}, (0, 6): {'bw': -154}, (0, 7): {'bw': -133}, (0, 9): {'bw': -93}, (1, 3): {'bw': -147}, (1, 6): {'bw': -89}, (1, 7): {'bw': -71}, (1, 8): {'bw': -53}, (1, 9): {'bw': -4}, (2, 3): {'bw': -216}, (2, 4): {'bw': -35}, (2, 5): {'bw': -74}, (2, 8): {'bw': -78}, (2, 9): {'bw': -62}, (3, 8): {'bw': -45}, (4, 5): {'bw': -5}, (4, 7): {'bw': -16}, (4, 8): {'bw': 45}}, 'path_level': {(0, 4): {}, (0, 6): {}, (0, 7): {}, (0, 9): {}, (1, 3): {}, (1, 6): {}, (1, 7): {}, (1, 8): {}, (1, 9): {}, (2, 3): {}, (2, 4): {}, (2, 5): {}, (2, 8): {}, (2, 9): {}, (3, 8): {}, (4, 5): {}, (4, 7): {}, (4, 8): {}}}","{'node_level': {4: {'cpu': 0}, 7: {'cpu': 0}, 8: {'cpu': 0}, 2: {'cpu': 0}, 9: {'cpu': 0}, 1: {'cpu': 0}, 5: {'cpu': 0}, 3: {'cpu': 0}, 6: {'cpu': 0}, 0: {'cpu': 0}}, 'link_level': {(0, 4): {'bw': 0}, (0, 6): {'bw': 0}, (0, 7): {'bw': 0}, (0, 9): {'bw': 0}, (1, 3): {'bw': 0}, (1, 6): {'bw': 0}, (1, 7): {'bw': 0}, (1, 8): {'bw': 0}, (1, 9): {'bw': 0}, (2, 3): {'bw': 0}, (2, 4): {'bw': 0}, (2, 5): {'bw': 0}, (2, 8): {'bw': 0}, (2, 9): {'bw': 0}, (3, 8): {'bw': 0}, (4, 5): {'bw': 0}, (4, 7): {'bw': 0}, (4, 8): {'bw': 111}}, 'path_level': {(0, 4): {}, (0, 6): {}, (0, 7): {}, (0, 9): {}, (1, 3): {}, (1, 6): {}, (1, 7): {}, (1, 8): {}, (1, 9): {}, (2, 3): {}, (2, 4): {}, (2, 5): {}, (2, 8): {}, (2, 9): {}, (3, 8): {}, (4, 5): {}, (4, 7): {}, (4, 8): {}}}",[],-inf,-inf,True,False,False,0,[],0,0.0,10.0,18.0
31,29,13,8327.0,15906.0,3581474.1070418493,7437860.571433451,0.5235131396957123,0.4815193929282833,21,46,1,809.0,9368,1863,7505,0.285659509202454,0.45118829981718467,30,1296.4694246807228,809.0,9,18,True,"{6: np.int64(0), 3: np.int64(4), 7: np.int64(7), 4: np.int64(1), 5: np.int64(6), 1: np.int64(30), 2: np.int64(31), 0: np.int64(28), 8: np.int64(22)}","{(0, 3): [(np.int64(28), 0), (0, np.int64(4))], (0, 6): [(np.int64(28), 0)], (0, 7): [(np.int64(28), 0), (0, 4), (4, np.int64(7))], (1, 3): [(np.int64(30), 28), (28, 0), (0, np.int64(4))], (1, 6): [(np.int64(30), 28), (28, 1), (1, 4), (4, np.int64(0))], (1, 8): [(np.int64(30), 28), (28, 0), (0, 20), (20, np.int64(22))], (2, 3): [(np.int64(31), 28), (28, 1), (1, np.int64(4))], (2, 5): [(np.int64(31), 28), (28, 1), (1, 4), (4, np.int64(6))], (2, 6): [(np.int64(31), 29), (29, 30), (30, 28), (28, 1), (1, 4), (4, np.int64(0))], (2, 7): [(np.int64(31), 29), (29, 3), (3, 5), (5, np.int64(7))], (2, 8): [(np.int64(31), 28), (28, 1), (1, 20), (20, np.int64(22))], (3, 6): [(np.int64(4), 0)], (3, 7): [(np.int64(4), 7)], (4, 5): [(np.int64(1), 4), (4, np.int64(6))], (4, 6): [(np.int64(1), 12), (12, np.int64(0))], (4, 7): [(np.int64(1), 12), (12, 0), (0, 4), (4, np.int64(7))], (4, 8): [(np.int64(1), 20), (20, np.int64(22))], (5, 6): [(np.int64(6), 4), (4, np.int64(0))]}","{(6, np.int64(0)): {'cpu': 20}, (3, np.int64(4)): {'cpu': 18}, (7, np.int64(7)): {'cpu': 13}, (4, np.int64(1)): {'cpu': 13}, (5, np.int64(6)): {'cpu': 11}, (1, np.int64(30)): {'cpu': 9}, (2, np.int64(31)): {'cpu': 3}, (0, np.int64(28)): {'cpu': 2}, (8, np.int64(22)): {'cpu': 2}}","{((0, 3), (np.int64(28), 0)): {'bw': 21}, ((0, 3), (0, np.int64(4))): {'bw': 21}, ((0, 6), (np.int64(28), 0)): {'bw': 17}, ((0, 7), (np.int64(28), 0)): {'bw': 30}, ((0, 7), (0, 4)): {'bw': 30}, ((0, 7), (4, np.int64(7))): {'bw': 30}, ((1, 3), (np.int64(30), 28)): {'bw': 34}, ((1, 3), (28, 0)): {'bw': 34}, ((1, 3), (0, np.int64(4))): {'bw': 34}, ((1, 6), (np.int64(30), 28)): {'bw': 27}, ((1, 6), (28, 1)): {'bw': 27}, ((1, 6), (1, 4)): {'bw': 27}, ((1, 6), (4, np.int64(0))): {'bw': 27}, ((1, 8), (np.int64(30), 28)): {'bw': 21}, ((1, 8), (28, 0)): {'bw': 21}, ((1, 8), (0, 20)): {'bw': 21}, ((1, 8), (20, np.int64(22))): {'bw': 21}, ((2, 3), (np.int64(31), 28)): {'bw': 35}, ((2, 3), (28, 1)): {'bw': 35}, ((2, 3), (1, np.int64(4))): {'bw': 35}, ((2, 5), (np.int64(31), 28)): {'bw': 28}, ((2, 5), (28, 1)): {'bw': 28}, ((2, 5), (1, 4)): {'bw': 28}, ((2, 5), (4, np.int64(6))): {'bw': 28}, ((2, 6), (np.int64(31), 29)): {'bw': 34}, ((2, 6), (29, 30)): {'bw': 34}, ((2, 6), (30, 28)): {'bw': 34}, ((2, 6), (28, 1)): {'bw': 34}, ((2, 6), (1, 4)): {'bw': 34}, ((2, 6), (4, np.int64(0))): {'bw': 34}, ((2, 7), (np.int64(31), 29)): {'bw': 27}, ((2, 7), (29, 3)): {'bw': 27}, ((2, 7), (3, 5)): {'bw': 27}, ((2, 7), (5, np.int64(7))): {'bw': 27}, ((2, 8), (np.int64(31), 28)): {'bw': 10}, ((2, 8), (28, 1)): {'bw': 10}, ((2, 8), (1, 20)): {'bw': 10}, ((2, 8), (20, np.int64(22))): {'bw': 10}, ((3, 6), (np.int64(4), 0)): {'bw': 8}, ((3, 7), (np.int64(4), 7)): {'bw': 11}, ((4, 5), (np.int64(1), 4)): {'bw': 17}, ((4, 5), (4, np.int64(6))): {'bw': 17}, ((4, 6), (np.int64(1), 12)): {'bw': 27}, ((4, 6), (12, np.int64(0))): {'bw': 27}, ((4, 7), (np.int64(1), 12)): {'bw': 25}, ((4, 7), (12, 0)): {'bw': 25}, ((4, 7), (0, 4)): {'bw': 25}, ((4, 7), (4, np.int64(7))): {'bw': 25}, ((4, 8), (np.int64(1), 20)): {'bw': 22}, ((4, 8), (20, np.int64(22))): {'bw': 22}, ((5, 6), (np.int64(6), 4)): {'bw': 36}, ((5, 6), (4, np.int64(0))): {'bw': 36}}",1426.0,521.0,182.0,91.0,430.0,91.0,430.0,91.0,1335.0,905.0,0.3653576437587658,1848765.3995947107,675460.5702586566,473.67501420663154,Success,0.0,"{'node_level': {}, 'link_level': {}, 'path_level': {}}","{'node_level': {6: {'cpu': -47}, 3: {'cpu': -34}, 7: {'cpu': -27}, 4: {'cpu': -44}, 5: {'cpu': -23}, 1: {'cpu': -32}, 2: {'cpu': -54}, 0: {'cpu': -35}, 8: {'cpu': -41}}, 'link_level': {(0, 3): {'bw': -103}, (0, 6): {'bw': -86}, (0, 7): {'bw': -56}, (1, 3): {'bw': -22}, (1, 6): {'bw': -111}, (1, 8): {'bw': -1}, (2, 3): {'bw': -52}, (2, 5): {'bw': -24}, (2, 6): {'bw': -21}, (2, 7): {'bw': -1}, (2, 8): {'bw': -14}, (3, 6): {'bw': -93}, (3, 7): {'bw': -219}, (4, 5): {'bw': -4}, (4, 6): {'bw': -48}, (4, 7): {'bw': -23}, (4, 8): {'bw': -61}, (5, 6): {'bw': -32}}, 'path_level': {(0, 3): {}, (0, 6): {}, (0, 7): {}, (1, 3): {}, (1, 6): {}, (1, 8): {}, (2, 3): {}, (2, 5): {}, (2, 6): {}, (2, 7): {}, (2, 8): {}, (3, 6): {}, (3, 7): {}, (4, 5): {}, (4, 6): {}, (4, 7): {}, (4, 8): {}, (5, 6): {}}}","{'node_level': {6: {'cpu': 0}, 3: {'cpu': 0}, 7: {'cpu': 0}, 4: {'cpu': 0}, 5: {'cpu': 0}, 1: {'cpu': 0}, 2: {'cpu': 0}, 0: {'cpu': 0}, 8: {'cpu': 0}}, 'link_level': {(0, 3): {'bw': 0}, (0, 6): {'bw': 0}, (0, 7): {'bw': 0}, (1, 3): {'bw': 0}, (1, 6): {'bw': 0}, (1, 8): {'bw': 0}, (2, 3): {'bw': 0}, (2, 5): {'bw': 0}, (2, 6): {'bw': 0}, (2, 7): {'bw': 0}, (2, 8): {'bw': 0}, (3, 6): {'bw': 0}, (3, 7): {'bw': 0}, (4, 5): {'bw': 0}, (4, 6): {'bw': 0}, (4, 7): {'bw': 0}, (4, 8): {'bw': 0}, (5, 6): {'bw': 0}}, 'path_level': {(0, 3): {}, (0, 6): {}, (0, 7): {}, (1, 3): {}, (1, 6): {}, (1, 8): {}, (2, 3): {}, (2, 5): {}, (2, 6): {}, (2, 7): {}, (2, 8): {}, (3, 6): {}, (3, 7): {}, (4, 5): {}, (4, 6): {}, (4, 7): {}, (4, 8): {}, (5, 6): {}}}",[],-inf,-inf,True,True,False,0,[],0,0.0,9.0,18.0
32,30,14,8489.0,16084.0,3599904.936766941,7458111.73002028,0.5277915941308132,0.4826831599044913,22,47,1,834.0,9190,1807,7383,0.3071319018404908,0.46010968921389395,31,113.77055385859072,834.0,5,4,True,"{2: np.int64(26), 4: np.int64(23), 0: np.int64(21), 1: np.int64(22), 3: np.int64(20)}","{(0, 1): [(np.int64(21), 22)], (1, 2): [(np.int64(22), 20), (20, 23), (23, np.int64(26))], (1, 3): [(np.int64(22), 20)], (2, 4): [(np.int64(26), 23)]}","{(2, np.int64(26)): {'cpu': 20}, (4, np.int64(23)): {'cpu': 11}, (0, np.int64(21)): {'cpu': 14}, (1, np.int64(22)): {'cpu': 3}, (3, np.int64(20)): {'cpu': 8}}","{((0, 1), (np.int64(21), 22)): {'bw': 35}, ((1, 2), (np.int64(22), 20)): {'bw': 8}, ((1, 2), (20, 23)): {'bw': 8}, ((1, 2), (23, np.int64(26))): {'bw': 8}, ((1, 3), (np.int64(22), 20)): {'bw': 17}, ((2, 4), (np.int64(26), 23)): {'bw': 46}}",178.0,162.0,112.0,56.0,106.0,56.0,106.0,56.0,122.0,16.0,0.9101123595505618,20251.158586829148,18430.829725091695,103.54398721961627,Success,0.0,"{'node_level': {}, 'link_level': {}, 'path_level': {}}","{'node_level': {2: {'cpu': -80}, 4: {'cpu': -18}, 0: {'cpu': -16}, 1: {'cpu': -38}, 3: {'cpu': -36}}, 'link_level': {(0, 1): {'bw': -126}, (1, 2): {'bw': -76}, (1, 3): {'bw': -94}, (2, 4): {'bw': -281}}, 'path_level': {(0, 1): {}, (1, 2): {}, (1, 3): {}, (2, 4): {}}}","{'node_level': {2: {'cpu': 0}, 4: {'cpu': 0}, 0: {'cpu': 0}, 1: {'cpu': 0}, 3: {'cpu': 0}}, 'link_level': {(0, 1): {'bw': 0}, (1, 2): {'bw': 0}, (1, 3): {'bw': 0}, (2, 4): {'bw': 0}}, 'path_level': {(0, 1): {}, (1, 2): {}, (1, 3): {}, (2, 4): {}}}",[],-inf,-inf,True,True,False,0,[],0,0.0,5.0,4.0
33,30,14,8489.0,16084.0,3599904.936766941,7458111.73002028,0.5277915941308132,0.4826831599044913,22,48,1,850.0,9190,1807,7383,0.3071319018404908,0.46010968921389395,32,4.01745210659736,850.0,8,13,False,"{3: np.int64(32), 0: np.int64(30), 5: np.int64(33), 6: np.int64(31), 4: np.int64(29), 2: np.int64(2), 7: np.int64(22), 1: np.int64(35)}","{(0, 3): [(np.int64(30), 32)], (0, 4): [(np.int64(30), 29)], (0, 5): [(np.int64(30), 33)], (0, 6): []}","{(3, np.int64(32)): {'cpu': 19}, (0, np.int64(30)): {'cpu': 20}, (5, np.int64(33)): {'cpu': 18}, (6, np.int64(31)): {'cpu': 16}, (4, np.int64(29)): {'cpu': 20}, (2, np.int64(2)): {'cpu': 2}, (7, np.int64(22)): {'cpu': 10}, (1, np.int64(35)): {'cpu': 0}}","{((0, 3), (np.int64(30), 32)): {'bw': 46}, ((0, 4), (np.int64(30), 29)): {'bw': 15}, ((0, 5), (np.int64(30), 33)): {'bw': 26}}",0.0,0.0,210.0,105.0,335.0,0.0,0.0,0.0,0.0,0.0,0.0,0.0,0.0,0.0,Route Failure,96.0,"{'node_level': {}, 'link_level': {}, 'path_level': {}}","{'node_level': {3: {'cpu': -61}, 0: {'cpu': -12}, 5: {'cpu': -64}, 6: {'cpu': -38}, 4: {'cpu': -16}, 2: {'cpu': -43}, 7: {'cpu': -28}, 1: {'cpu': -63}}, 'link_level': {(0, 3): {'bw': -349}, (0, 4): {'bw': -108}, (0, 5): {'bw': -300}, (0, 6): {'bw': 37}}, 'path_level': {(0, 3): {}, (0, 4): {}, (0, 5): {}, (0, 6): {}}}","{'node_level': {3: {'cpu': 0}, 0: {'cpu': 0}, 5: {'cpu': 0}, 6: {'cpu': 0}, 4: {'cpu': 0}, 2: {'cpu': 0}, 7: {'cpu': 0}, 1: {'cpu': 0}}, 'link_level': {(0, 3): {'bw': 0}, (0, 4): {'bw': 0}, (0, 5): {'bw': 0}, (0, 6): {'bw': 96}}, 'path_level': {(0, 3): {}, (0, 4): {}, (0, 5): {}, (0, 6): {}}}",[],-inf,-inf,True,False,False,0,[],0,0.0,8.0,4.0
33,30,14,8489.0,16084.0,3599904.936766941,7458111.73002028,0.5277915941308132,0.4826831599044913,22,49,0,854.0174521065974,9190,1807,7383,0.3071319018404908,0.46010968921389395,32,4.01745210659736,850.0,8,13,False,{},{},{},{},0.0,0.0,0.0,0.0,0.0,0.0,0.0,0.0,0.0,0.0,0.0,0.0,0.0,0.0,Leave Event,0.0,"{'node_level': {}, 'link_level': {}, 'path_level': {}}","{'node_level': {}, 'link_level': {}, 'path_level': {}}","{'node_level': {}, 'link_level': {}, 'path_level': {}}",[],-inf,-inf,True,True,False,0,[],0,0.0,,
34,30,14,8489.0,16084.0,3599904.936766941,7458111.73002028,0.5277915941308132,0.4826831599044913,22,50,1,881.0,9190,1807,7383,0.3071319018404908,0.46010968921389395,33,1304.220376148036,881.0,7,12,False,"{2: np.int64(32), 0: np.int64(30), 4: np.int64(33), 1: np.int64(31), 6: np.int64(29), 3: np.int64(2), 5: np.int64(22)}","{(0, 1): []}","{(2, np.int64(32)): {'cpu': 16}, (0, np.int64(30)): {'cpu': 18}, (4, np.int64(33)): {'cpu': 12}, (1, np.int64(31)): {'cpu': 4}, (6, np.int64(29)): {'cpu': 7}, (3, np.int64(2)): {'cpu': 14}, (5, np.int64(22)): {'cpu': 3}}",{},0.0,0.0,148.0,74.0,270.0,0.0,0.0,0.0,0.0,0.0,0.0,0.0,0.0,0.0,Route Failure,123.0,"{'node_level': {}, 'link_level': {}, 'path_level': {}}","{'node_level': {2: {'cpu': -64}, 0: {'cpu': -14}, 4: {'cpu': -70}, 1: {'cpu': -50}, 6: {'cpu': -29}, 3: {'cpu': -31}, 5: {'cpu': -35}}, 'link_level': {(0, 1): {'bw': 46}}, 'path_level': {(0, 1): {}}}","{'node_level': {2: {'cpu': 0}, 0: {'cpu': 0}, 4: {'cpu': 0}, 1: {'cpu': 0}, 6: {'cpu': 0}, 3: {'cpu': 0}, 5: {'cpu': 0}}, 'link_level': {(0, 1): {'bw': 123}}, 'path_level': {(0, 1): {}}}",[],-inf,-inf,True,False,False,0,[],0,0.0,7.0,1.0
35,31,15,8566.0,16188.0,3613336.234361772,7476252.703395116,0.5291574005436126,0.48330846718448717,24,51,1,907.0,9086,1782,7304,0.31671779141104295,0.46588665447897626,34,174.4324362965031,907.0,3,2,True,"{2: np.int64(32), 1: np.int64(30), 0: np.int64(33)}","{(0, 1): [(np.int64(33), 30)], (0, 2): [(np.int64(33), 30), (30, 32)]}","{(2, np.int64(32)): {'cpu': 15}, (1, np.int64(30)): {'cpu': 8}, (0, np.int64(33)): {'cpu': 2}}","{((0, 1), (np.int64(33), 30)): {'bw': 25}, ((0, 2), (np.int64(33), 30)): {'bw': 27}, ((0, 2), (30, 32)): {'bw': 27}}",104.0,77.0,50.0,25.0,52.0,25.0,52.0,25.0,79.0,27.0,0.7403846153846154,18140.973374836325,13431.29759483074,129.14709225798788,Success,0.0,"{'node_level': {}, 'link_level': {}, 'path_level': {}}","{'node_level': {2: {'cpu': -65}, 1: {'cpu': -24}, 0: {'cpu': -80}}, 'link_level': {(0, 1): {'bw': -301}, (0, 2): {'bw': -274}}, 'path_level': {(0, 1): {}, (0, 2): {}}}","{'node_level': {2: {'cpu': 0}, 1: {'cpu': 0}, 0: {'cpu': 0}}, 'link_level': {(0, 1): {'bw': 0}, (0, 2): {'bw': 0}}, 'path_level': {(0, 1): {}, (0, 2): {}}}",[],-inf,-inf,True,True,False,0,[],0,0.0,3.0,2.0
35,31,14,8566.0,16188.0,3613336.234361772,7476252.703395116,0.5291574005436126,0.48330846718448717,24,52,0,908.7003213656026,9171,1833,7338,0.29716257668711654,0.46340036563071296,17,429.7003213656026,479.0,3,2,False,{},{},{},{},0.0,0.0,0.0,0.0,0.0,0.0,0.0,0.0,0.0,0.0,0.0,0.0,0.0,0.0,Leave Event,0.0,"{'node_level': {}, 'link_level': {}, 'path_level': {}}","{'node_level': {}, 'link_level': {}, 'path_level': {}}","{'node_level': {}, 'link_level': {}, 'path_level': {}}",[],-inf,-inf,True,True,False,0,[],0,0.0,,
36,32,15,8725.0,16391.0,3627857.984822343,7494793.051467418,0.532304313342688,0.48405045475032016,25,53,1,936.0,8968,1769,7199,0.32170245398773,0.4735648994515539,35,91.33176390296302,936.0,5,6,True,"{4: np.int64(7), 0: np.int64(11), 3: np.int64(6), 1: np.int64(5), 2: np.int64(2)}","{(0, 3): [(np.int64(11), 7), (7, 4), (4, np.int64(6))], (0, 4): [(np.int64(11), 7)], (1, 2): [(np.int64(5), 2)], (1, 4): [(np.int64(5), 7)], (2, 3): [(np.int64(2), 5), (5, np.int64(6))], (3, 4): [(np.int64(6), 4), (4, np.int64(7))]}","{(4, np.int64(7)): {'cpu': 10}, (0, np.int64(11)): {'cpu': 13}, (3, np.int64(6)): {'cpu': 15}, (1, np.int64(5)): {'cpu': 10}, (2, np.int64(2)): {'cpu': 16}}","{((0, 3), (np.int64(11), 7)): {'bw': 12}, ((0, 3), (7, 4)): {'bw': 12}, ((0, 3), (4, np.int64(6))): {'bw': 12}, ((0, 4), (np.int64(11), 7)): {'bw': 33}, ((1, 2), (np.int64(5), 2)): {'bw': 0}, ((1, 4), (np.int64(5), 7)): {'bw': 30}, ((2, 3), (np.int64(2), 5)): {'bw': 3}, ((2, 3), (5, np.int64(6))): {'bw': 3}, ((3, 4), (np.int64(6), 4)): {'bw': 17}, ((3, 4), (4, np.int64(7))): {'bw': 17}}",203.0,159.0,128.0,64.0,95.0,64.0,95.0,64.0,139.0,44.0,0.7832512315270936,18540.348072301495,14521.75046057112,71.53571655453754,Success,0.0,"{'node_level': {}, 'link_level': {}, 'path_level': {}}","{'node_level': {4: {'cpu': -36}, 0: {'cpu': -49}, 3: {'cpu': -26}, 1: {'cpu': -40}, 2: {'cpu': -29}}, 'link_level': {(0, 3): {'bw': -86}, (0, 4): {'bw': -351}, (1, 2): {'bw': -5}, (1, 4): {'bw': -50}, (2, 3): {'bw': -2}, (3, 4): {'bw': -69}}, 'path_level': {(0, 3): {}, (0, 4): {}, (1, 2): {}, (1, 4): {}, (2, 3): {}, (3, 4): {}}}","{'node_level': {4: {'cpu': 0}, 0: {'cpu': 0}, 3: {'cpu': 0}, 1: {'cpu': 0}, 2: {'cpu': 0}}, 'link_level': {(0, 3): {'bw': 0}, (0, 4): {'bw': 0}, (1, 2): {'bw': 0}, (1, 4): {'bw': 0}, (2, 3): {'bw': 0}, (3, 4): {'bw': 0}}, 'path_level': {(0, 3): {}, (0, 4): {}, (1, 2): {}, (1, 4): {}, (2, 3): {}, (3, 4): {}}}",[],-inf,-inf,True,True,False,0,[],0,0.0,5.0,6.0
36,32,14,8725.0,16391.0,3627857.984822343,7494793.051467418,0.532304313342688,0.48405045475032016,25,54,0,947.7705538585907,9146,1825,7321,0.3002300613496932,0.4646435100548446,31,113.77055385859072,834.0,5,4,False,{},{},{},{},0.0,0.0,0.0,0.0,0.0,0.0,0.0,0.0,0.0,0.0,0.0,0.0,0.0,0.0,Leave Event,0.0,"{'node_level': {}, 'link_level': {}, 'path_level': {}}","{'node_level': {}, 'link_level': {}, 'path_level': {}}","{'node_level': {}, 'link_level': {}, 'path_level': {}}",[],-inf,-inf,True,True,False,0,[],0,0.0,,
37,33,15,8973.0,16724.0,3630883.1909363214,7498855.122580139,0.536534321932552,0.4841916708062816,26,55,1,963.0,8813,1800,7013,0.3098159509202454,0.4871663619744059,36,12.198411749912498,963.0,6,8,True,"{3: np.int64(26), 4: np.int64(23), 2: np.int64(21), 5: np.int64(22), 0: np.int64(20), 1: np.int64(25)}","{(0, 3): [(np.int64(20), 23), (23, np.int64(26))], (0, 4): [(np.int64(20), 23)], (0, 5): [(np.int64(20), 22)], (1, 2): [(np.int64(25), 22), (22, 21)], (2, 3): [(np.int64(21), 23), (23, np.int64(26))], (2, 5): [(np.int64(21), 22)], (3, 4): [(np.int64(26), 23)], (3, 5): [(np.int64(26), 23), (23, 20), (20, np.int64(22))]}","{(3, np.int64(26)): {'cpu': 10}, (4, np.int64(23)): {'cpu': 5}, (2, np.int64(21)): {'cpu': 3}, (5, np.int64(22)): {'cpu': 1}, (0, np.int64(20)): {'cpu': 0}, (1, np.int64(25)): {'cpu': 6}}","{((0, 3), (np.int64(20), 23)): {'bw': 36}, ((0, 3), (23, np.int64(26))): {'bw': 36}, ((0, 4), (np.int64(20), 23)): {'bw': 9}, ((0, 5), (np.int64(20), 22)): {'bw': 46}, ((1, 2), (np.int64(25), 22)): {'bw': 0}, ((1, 2), (22, 21)): {'bw': 0}, ((2, 3), (np.int64(21), 23)): {'bw': 39}, ((2, 3), (23, np.int64(26))): {'bw': 39}, ((2, 5), (np.int64(21), 22)): {'bw': 43}, ((3, 4), (np.int64(26), 23)): {'bw': 45}, ((3, 5), (np.int64(26), 23)): {'bw': 5}, ((3, 5), (23, 20)): {'bw': 5}, ((3, 5), (20, np.int64(22))): {'bw': 5}}",333.0,248.0,50.0,25.0,223.0,25.0,223.0,25.0,308.0,85.0,0.7447447447447447,4062.071112720862,3025.2061139782995,9.084703044979879,Success,0.0,"{'node_level': {}, 'link_level': {}, 'path_level': {}}","{'node_level': {3: {'cpu': -90}, 4: {'cpu': -24}, 2: {'cpu': -27}, 5: {'cpu': -40}, 0: {'cpu': -44}, 1: {'cpu': -58}}, 'link_level': {(0, 3): {'bw': -48}, (0, 4): {'bw': -39}, (0, 5): {'bw': -73}, (1, 2): {'bw': -161}, (2, 3): {'bw': -176}, (2, 5): {'bw': -118}, (3, 4): {'bw': -215}, (3, 5): {'bw': -34}}, 'path_level': {(0, 3): {}, (0, 4): {}, (0, 5): {}, (1, 2): {}, (2, 3): {}, (2, 5): {}, (3, 4): {}, (3, 5): {}}}","{'node_level': {3: {'cpu': 0}, 4: {'cpu': 0}, 2: {'cpu': 0}, 5: {'cpu': 0}, 0: {'cpu': 0}, 1: {'cpu': 0}}, 'link_level': {(0, 3): {'bw': 0}, (0, 4): {'bw': 0}, (0, 5): {'bw': 0}, (1, 2): {'bw': 0}, (2, 3): {'bw': 0}, (2, 5): {'bw': 0}, (3, 4): {'bw': 0}, (3, 5): {'bw': 0}}, 'path_level': {(0, 3): {}, (0, 4): {}, (0, 5): {}, (1, 2): {}, (2, 3): {}, (2, 5): {}, (3, 4): {}, (3, 5): {}}}",[],-inf,-inf,True,True,False,0,[],0,0.0,6.0,8.0
37,33,14,8973.0,16724.0,3630883.1909363214,7498855.122580139,0.536534321932552,0.4841916708062816,26,56,0,963.4738821356901,8890,1825,7065,0.3002300613496932,0.483363802559415,8,722.4738821356901,241.0,4,3,False,{},{},{},{},0.0,0.0,0.0,0.0,0.0,0.0,0.0,0.0,0.0,0.0,0.0,0.0,0.0,0.0,Leave Event,0.0,"{'node_level': {}, 'link_level': {}, 'path_level': {}}","{'node_level': {}, 'link_level': {}, 'path_level': {}}","{'node_level': {}, 'link_level': {}, 'path_level': {}}",[],-inf,-inf,True,True,False,0,[],0,0.0,,
37,33,13,8973.0,16724.0,3630883.1909363214,7498855.122580139,0.536534321932552,0.4841916708062816,26,57,0,971.8434006697605,9743,1889,7854,0.27569018404907975,0.42566727605118826,22,369.84340066976046,602.0,8,13,False,{},{},{},{},0.0,0.0,0.0,0.0,0.0,0.0,0.0,0.0,0.0,0.0,0.0,0.0,0.0,0.0,Leave Event,0.0,"{'node_level': {}, 'link_level': {}, 'path_level': {}}","{'node_level': {}, 'link_level': {}, 'path_level': {}}","{'node_level': {}, 'link_level': {}, 'path_level': {}}",[],-inf,-inf,True,True,False,0,[],0,0.0,,
37,33,12,8973.0,16724.0,3630883.1909363214,7498855.122580139,0.536534321932552,0.4841916708062816,26,58,0,975.1984117499125,10076,1914,8162,0.26610429447852757,0.4031444241316271,36,12.198411749912498,963.0,6,8,False,{},{},{},{},0.0,0.0,0.0,0.0,0.0,0.0,0.0,0.0,0.0,0.0,0.0,0.0,0.0,0.0,Leave Event,0.0,"{'node_level': {}, 'link_level': {}, 'path_level': {}}","{'node_level': {}, 'link_level': {}, 'path_level': {}}","{'node_level': {}, 'link_level': {}, 'path_level': {}}",[],-inf,-inf,True,True,False,0,[],0,0.0,,
37,33,12,8973.0,16724.0,3630883.1909363214,7498855.122580139,0.536534321932552,0.4841916708062816,26,59,0,990.2697473154761,10076,1914,8162,0.26610429447852757,0.4031444241316271,26,278.26974731547614,712.0,10,20,False,{},{},{},{},0.0,0.0,0.0,0.0,0.0,0.0,0.0,0.0,0.0,0.0,0.0,0.0,0.0,0.0,Leave Event,0.0,"{'node_level': {}, 'link_level': {}, 'path_level': {}}","{'node_level': {}, 'link_level': {}, 'path_level': {}}","{'node_level': {}, 'link_level': {}, 'path_level': {}}",[],-inf,-inf,True,True,False,0,[],0,0.0,,
38,34,13,9425.0,17907.0,3766818.33243801,7854632.273899823,0.5263304852850841,0.4795664776000755,26,60,1,994.0,8893,1808,7085,0.3067484662576687,0.4819012797074954,37,300.7414634993102,994.0,10,18,True,"{8: np.int64(22), 4: np.int64(21), 1: np.int64(23), 6: np.int64(20), 5: np.int64(26), 0: np.int64(2), 9: np.int64(31), 2: np.int64(14), 7: np.int64(15), 3: np.int64(3)}","{(0, 1): [(np.int64(2), 21), (21, np.int64(23))], (0, 9): [(np.int64(2), 29), (29, np.int64(31))], (1, 8): [(np.int64(23), 20), (20, np.int64(22))], (2, 4): [(np.int64(14), 13), (13, 2), (2, np.int64(21))], (2, 5): [(np.int64(14), 12), (12, 0), (0, 20), (20, 23), (23, np.int64(26))], (2, 8): [(np.int64(14), 12), (12, 0), (0, 20), (20, np.int64(22))], (2, 9): [(np.int64(14), 12), (12, 0), (0, 28), (28, np.int64(31))], (3, 7): [(np.int64(3), 13), (13, np.int64(15))], (3, 8): [(np.int64(3), 21), (21, np.int64(22))], (4, 5): [(np.int64(21), 23), (23, np.int64(26))], (4, 6): [(np.int64(21), 22), (22, np.int64(20))], (4, 8): [(np.int64(21), 22)], (4, 9): [(np.int64(21), 2), (2, 29), (29, np.int64(31))], (5, 6): [(np.int64(26), 23), (23, 20)], (5, 9): [(np.int64(26), 23), (23, 21), (21, 2), (2, 29), (29, np.int64(31))], (6, 7): [(np.int64(20), 0), (0, 12), (12, np.int64(15))], (7, 8): [(np.int64(15), 12), (12, 0), (0, 20), (20, np.int64(22))], (8, 9): [(np.int64(22), 21), (21, 2), (2, 29), (29, 30), (30, 28), (28, np.int64(31))]}","{(8, np.int64(22)): {'cpu': 14}, (4, np.int64(21)): {'cpu': 13}, (1, np.int64(23)): {'cpu': 20}, (6, np.int64(20)): {'cpu': 16}, (5, np.int64(26)): {'cpu': 5}, (0, np.int64(2)): {'cpu': 10}, (9, np.int64(31)): {'cpu': 7}, (2, np.int64(14)): {'cpu': 3}, (7, np.int64(15)): {'cpu': 11}, (3, np.int64(3)): {'cpu': 7}}","{((0, 1), (np.int64(2), 21)): {'bw': 43}, ((0, 1), (21, np.int64(23))): {'bw': 43}, ((0, 9), (np.int64(2), 29)): {'bw': 0}, ((0, 9), (29, np.int64(31))): {'bw': 0}, ((1, 8), (np.int64(23), 20)): {'bw': 14}, ((1, 8), (20, np.int64(22))): {'bw': 14}, ((2, 4), (np.int64(14), 13)): {'bw': 14}, ((2, 4), (13, 2)): {'bw': 14}, ((2, 4), (2, np.int64(21))): {'bw': 14}, ((2, 5), (np.int64(14), 12)): {'bw': 33}, ((2, 5), (12, 0)): {'bw': 33}, ((2, 5), (0, 20)): {'bw': 33}, ((2, 5), (20, 23)): {'bw': 33}, ((2, 5), (23, np.int64(26))): {'bw': 33}, ((2, 8), (np.int64(14), 12)): {'bw': 46}, ((2, 8), (12, 0)): {'bw': 46}, ((2, 8), (0, 20)): {'bw': 46}, ((2, 8), (20, np.int64(22))): {'bw': 46}, ((2, 9), (np.int64(14), 12)): {'bw': 0}, ((2, 9), (12, 0)): {'bw': 0}, ((2, 9), (0, 28)): {'bw': 0}, ((2, 9), (28, np.int64(31))): {'bw': 0}, ((3, 7), (np.int64(3), 13)): {'bw': 14}, ((3, 7), (13, np.int64(15))): {'bw': 14}, ((3, 8), (np.int64(3), 21)): {'bw': 2}, ((3, 8), (21, np.int64(22))): {'bw': 2}, ((4, 5), (np.int64(21), 23)): {'bw': 35}, ((4, 5), (23, np.int64(26))): {'bw': 35}, ((4, 6), (np.int64(21), 22)): {'bw': 31}, ((4, 6), (22, np.int64(20))): {'bw': 31}, ((4, 8), (np.int64(21), 22)): {'bw': 39}, ((4, 9), (np.int64(21), 2)): {'bw': 7}, ((4, 9), (2, 29)): {'bw': 7}, ((4, 9), (29, np.int64(31))): {'bw': 7}, ((5, 6), (np.int64(26), 23)): {'bw': 7}, ((5, 6), (23, 20)): {'bw': 7}, ((5, 9), (np.int64(26), 23)): {'bw': 16}, ((5, 9), (23, 21)): {'bw': 16}, ((5, 9), (21, 2)): {'bw': 16}, ((5, 9), (2, 29)): {'bw': 16}, ((5, 9), (29, np.int64(31))): {'bw': 16}, ((6, 7), (np.int64(20), 0)): {'bw': 2}, ((6, 7), (0, 12)): {'bw': 2}, ((6, 7), (12, np.int64(15))): {'bw': 2}, ((7, 8), (np.int64(15), 12)): {'bw': 5}, ((7, 8), (12, 0)): {'bw': 5}, ((7, 8), (0, 20)): {'bw': 5}, ((7, 8), (20, np.int64(22))): {'bw': 5}, ((8, 9), (np.int64(22), 21)): {'bw': 38}, ((8, 9), (21, 2)): {'bw': 38}, ((8, 9), (2, 29)): {'bw': 38}, ((8, 9), (29, 30)): {'bw': 38}, ((8, 9), (30, 28)): {'bw': 38}, ((8, 9), (28, np.int64(31))): {'bw': 38}}",1183.0,452.0,212.0,106.0,346.0,106.0,346.0,106.0,1077.0,731.0,0.3820794590025359,355777.151319684,135935.14150168822,114.90713567344736,Success,0.0,"{'node_level': {}, 'link_level': {}, 'path_level': {}}","{'node_level': {8: {'cpu': -34}, 4: {'cpu': -17}, 1: {'cpu': -23}, 6: {'cpu': -31}, 5: {'cpu': -95}, 0: {'cpu': -27}, 9: {'cpu': -47}, 2: {'cpu': -41}, 7: {'cpu': -35}, 3: {'cpu': -25}}, 'link_level': {(0, 1): {'bw': -125}, (0, 9): {'bw': -44}, (1, 8): {'bw': -110}, (2, 4): {'bw': -80}, (2, 5): {'bw': -58}, (2, 8): {'bw': -12}, (2, 9): {'bw': -1}, (3, 7): {'bw': -83}, (3, 8): {'bw': -159}, (4, 5): {'bw': -137}, (4, 6): {'bw': -33}, (4, 8): {'bw': -89}, (4, 9): {'bw': -37}, (5, 6): {'bw': -72}, (5, 9): {'bw': -21}, (6, 7): {'bw': -10}, (7, 8): {'bw': -5}, (8, 9): {'bw': -18}}, 'path_level': {(0, 1): {}, (0, 9): {}, (1, 8): {}, (2, 4): {}, (2, 5): {}, (2, 8): {}, (2, 9): {}, (3, 7): {}, (3, 8): {}, (4, 5): {}, (4, 6): {}, (4, 8): {}, (4, 9): {}, (5, 6): {}, (5, 9): {}, (6, 7): {}, (7, 8): {}, (8, 9): {}}}","{'node_level': {8: {'cpu': 0}, 4: {'cpu': 0}, 1: {'cpu': 0}, 6: {'cpu': 0}, 5: {'cpu': 0}, 0: {'cpu': 0}, 9: {'cpu': 0}, 2: {'cpu': 0}, 7: {'cpu': 0}, 3: {'cpu': 0}}, 'link_level': {(0, 1): {'bw': 0}, (0, 9): {'bw': 0}, (1, 8): {'bw': 0}, (2, 4): {'bw': 0}, (2, 5): {'bw': 0}, (2, 8): {'bw': 0}, (2, 9): {'bw': 0}, (3, 7): {'bw': 0}, (3, 8): {'bw': 0}, (4, 5): {'bw': 0}, (4, 6): {'bw': 0}, (4, 8): {'bw': 0}, (4, 9): {'bw': 0}, (5, 6): {'bw': 0}, (5, 9): {'bw': 0}, (6, 7): {'bw': 0}, (7, 8): {'bw': 0}, (8, 9): {'bw': 0}}, 'path_level': {(0, 1): {}, (0, 9): {}, (1, 8): {}, (2, 4): {}, (2, 5): {}, (2, 8): {}, (2, 9): {}, (3, 7): {}, (3, 8): {}, (4, 5): {}, (4, 6): {}, (4, 8): {}, (4, 9): {}, (5, 6): {}, (5, 9): {}, (6, 7): {}, (7, 8): {}, (8, 9): {}}}",[],-inf,-inf,True,True,False,0,[],0,0.0,10.0,18.0
38,34,12,9425.0,17907.0,3766818.33243801,7854632.273899823,0.5263304852850841,0.4795664776000755,26,61,0,1016.1426134728772,8977,1842,7135,0.2937116564417178,0.4782449725776965,19,488.1426134728772,528.0,2,1,False,{},{},{},{},0.0,0.0,0.0,0.0,0.0,0.0,0.0,0.0,0.0,0.0,0.0,0.0,0.0,0.0,Leave Event,0.0,"{'node_level': {}, 'link_level': {}, 'path_level': {}}","{'node_level': {}, 'link_level': {}, 'path_level': {}}","{'node_level': {}, 'link_level': {}, 'path_level': {}}",[],-inf,-inf,True,True,False,0,[],0,0.0,,
39,35,13,9531.0,18013.0,3854375.6980534033,7942189.639515217,0.5291178593238217,0.4853039115153476,26,62,1,1020.0,8871,1790,7081,0.3136503067484663,0.4821937842778793,38,826.0128831640912,1020.0,3,2,True,"{2: np.int64(30), 1: np.int64(32), 0: np.int64(33)}","{(0, 2): [(np.int64(33), 30)], (1, 2): [(np.int64(32), 30)]}","{(2, np.int64(30)): {'cpu': 15}, (1, np.int64(32)): {'cpu': 19}, (0, np.int64(33)): {'cpu': 18}}","{((0, 2), (np.int64(33), 30)): {'bw': 14}, ((1, 2), (np.int64(32), 30)): {'bw': 40}}",106.0,106.0,104.0,52.0,54.0,52.0,54.0,52.0,54.0,0.0,1.0,87557.36561539368,87557.36561539368,826.0128831640912,Success,0.0,"{'node_level': {}, 'link_level': {}, 'path_level': {}}","{'node_level': {2: {'cpu': -27}, 1: {'cpu': -46}, 0: {'cpu': -62}}, 'link_level': {(0, 2): {'bw': -260}, (1, 2): {'bw': -328}}, 'path_level': {(0, 2): {}, (1, 2): {}}}","{'node_level': {2: {'cpu': 0}, 1: {'cpu': 0}, 0: {'cpu': 0}}, 'link_level': {(0, 2): {'bw': 0}, (1, 2): {'bw': 0}}, 'path_level': {(0, 2): {}, (1, 2): {}}}",[],-inf,-inf,True,True,False,0,[],0,0.0,3.0,2.0
39,35,12,9531.0,18013.0,3854375.6980534033,7942189.639515217,0.5291178593238217,0.4853039115153476,26,63,0,1027.331763902963,9074,1854,7220,0.2891104294478528,0.47202925045703836,35,91.33176390296302,936.0,5,6,False,{},{},{},{},0.0,0.0,0.0,0.0,0.0,0.0,0.0,0.0,0.0,0.0,0.0,0.0,0.0,0.0,Leave Event,0.0,"{'node_level': {}, 'link_level': {}, 'path_level': {}}","{'node_level': {}, 'link_level': {}, 'path_level': {}}","{'node_level': {}, 'link_level': {}, 'path_level': {}}",[],-inf,-inf,True,True,False,0,[],0,0.0,,
39,35,12,9531.0,18013.0,3854375.6980534033,7942189.639515217,0.5291178593238217,0.4853039115153476,26,64,0,1044.426165873313,9074,1854,7220,0.2891104294478528,0.47202925045703836,29,253.426165873313,791.0,10,25,False,{},{},{},{},0.0,0.0,0.0,0.0,0.0,0.0,0.0,0.0,0.0,0.0,0.0,0.0,0.0,0.0,Leave Event,0.0,"{'node_level': {}, 'link_level': {}, 'path_level': {}}","{'node_level': {}, 'link_level': {}, 'path_level': {}}","{'node_level': {}, 'link_level': {}, 'path_level': {}}",[],-inf,-inf,True,True,False,0,[],0,0.0,,
40,36,13,9801.0,18370.0,3916403.1153976577,8024203.669114843,0.5335329341317365,0.4880737425038066,26,65,1,1045.0,8717,1784,6933,0.3159509202453987,0.4930164533820841,39,229.73117534909056,1045.0,6,7,True,"{4: np.int64(7), 5: np.int64(5), 0: np.int64(6), 2: np.int64(11), 3: np.int64(2), 1: np.int64(31)}","{(0, 4): [(np.int64(6), 4), (4, np.int64(7))], (0, 5): [(np.int64(6), 5)], (1, 5): [(np.int64(31), 29), (29, 2), (2, np.int64(5))], (2, 4): [(np.int64(11), 7)], (2, 5): [(np.int64(11), 7), (7, 5)], (3, 4): [(np.int64(2), 5), (5, np.int64(7))], (4, 5): [(np.int64(7), 5)]}","{(4, np.int64(7)): {'cpu': 15}, (5, np.int64(5)): {'cpu': 14}, (0, np.int64(6)): {'cpu': 13}, (2, np.int64(11)): {'cpu': 5}, (3, np.int64(2)): {'cpu': 11}, (1, np.int64(31)): {'cpu': 12}}","{((0, 4), (np.int64(6), 4)): {'bw': 49}, ((0, 4), (4, np.int64(7))): {'bw': 49}, ((0, 5), (np.int64(6), 5)): {'bw': 34}, ((1, 5), (np.int64(31), 29)): {'bw': 6}, ((1, 5), (29, 2)): {'bw': 6}, ((1, 5), (2, np.int64(5))): {'bw': 6}, ((2, 4), (np.int64(11), 7)): {'bw': 42}, ((2, 5), (np.int64(11), 7)): {'bw': 5}, ((2, 5), (7, 5)): {'bw': 5}, ((3, 4), (np.int64(2), 5)): {'bw': 21}, ((3, 4), (5, np.int64(7))): {'bw': 21}, ((4, 5), (np.int64(7), 5)): {'bw': 43}}",357.0,270.0,140.0,70.0,200.0,70.0,200.0,70.0,287.0,87.0,0.7563025210084033,82014.02959962533,62027.41734425445,173.74626707074074,Success,0.0,"{'node_level': {}, 'link_level': {}, 'path_level': {}}","{'node_level': {4: {'cpu': -31}, 5: {'cpu': -37}, 0: {'cpu': -28}, 2: {'cpu': -57}, 3: {'cpu': -32}, 1: {'cpu': -35}}, 'link_level': {(0, 4): {'bw': -49}, (0, 5): {'bw': -197}, (1, 5): {'bw': -15}, (2, 4): {'bw': -354}, (2, 5): {'bw': -155}, (3, 4): {'bw': -93}, (4, 5): {'bw': -91}}, 'path_level': {(0, 4): {}, (0, 5): {}, (1, 5): {}, (2, 4): {}, (2, 5): {}, (3, 4): {}, (4, 5): {}}}","{'node_level': {4: {'cpu': 0}, 5: {'cpu': 0}, 0: {'cpu': 0}, 2: {'cpu': 0}, 3: {'cpu': 0}, 1: {'cpu': 0}}, 'link_level': {(0, 4): {'bw': 0}, (0, 5): {'bw': 0}, (1, 5): {'bw': 0}, (2, 4): {'bw': 0}, (2, 5): {'bw': 0}, (3, 4): {'bw': 0}, (4, 5): {'bw': 0}}, 'path_level': {(0, 4): {}, (0, 5): {}, (1, 5): {}, (2, 4): {}, (2, 5): {}, (3, 4): {}, (4, 5): {}}}",[],-inf,-inf,True,True,False,0,[],0,0.0,6.0,7.0
41,37,14,9827.0,18396.0,3928617.6195585285,8036418.173275714,0.534192215699065,0.4888518161763588,27,66,1,1058.0,8691,1766,6925,0.3228527607361963,0.493601462522852,40,469.78862157195687,1058.0,2,1,True,"{0: np.int64(14), 1: np.int64(16)}","{(0, 1): [(np.int64(14), 16)]}","{(0, np.int64(14)): {'cpu': 12}, (1, np.int64(16)): {'cpu': 6}}","{((0, 1), (np.int64(14), 16)): {'bw': 8}}",26.0,26.0,36.0,18.0,8.0,18.0,8.0,18.0,8.0,0.0,1.0,12214.504160870878,12214.504160870878,469.78862157195687,Success,0.0,"{'node_level': {}, 'link_level': {}, 'path_level': {}}","{'node_level': {0: {'cpu': -29}, 1: {'cpu': -94}}, 'link_level': {(0, 1): {'bw': -244}}, 'path_level': {(0, 1): {}}}","{'node_level': {0: {'cpu': 0}, 1: {'cpu': 0}}, 'link_level': {(0, 1): {'bw': 0}}, 'path_level': {(0, 1): {}}}",[],-inf,-inf,True,True,False,0,[],0,0.0,2.0,1.0
41,37,13,9827.0,18396.0,3928617.6195585285,8036418.173275714,0.534192215699065,0.4888518161763588,27,67,0,1081.432436296503,8795,1791,7004,0.3132668711656442,0.48782449725776966,34,174.4324362965031,907.0,3,2,False,{},{},{},{},0.0,0.0,0.0,0.0,0.0,0.0,0.0,0.0,0.0,0.0,0.0,0.0,0.0,0.0,Leave Event,0.0,"{'node_level': {}, 'link_level': {}, 'path_level': {}}","{'node_level': {}, 'link_level': {}, 'path_level': {}}","{'node_level': {}, 'link_level': {}, 'path_level': {}}",[],-inf,-inf,True,True,False,0,[],0,0.0,,
42,38,14,9994.0,18628.0,3931579.313609911,8040532.622496796,0.5365041872450075,0.4889700095998184,27,68,1,1089.0,8563,1726,6837,0.33819018404907975,0.500036563071298,41,17.734694918457674,1089.0,5,4,True,"{3: np.int64(30), 0: np.int64(32), 2: np.int64(33), 4: np.int64(29), 1: np.int64(31)}","{(0, 2): [(np.int64(32), 30), (30, 33)], (0, 4): [(np.int64(32), 30), (30, 29)], (1, 2): [(np.int64(31), 28), (28, 30), (30, np.int64(33))], (3, 4): [(np.int64(30), 29)]}","{(3, np.int64(30)): {'cpu': 18}, (0, np.int64(32)): {'cpu': 12}, (2, np.int64(33)): {'cpu': 14}, (4, np.int64(29)): {'cpu': 7}, (1, np.int64(31)): {'cpu': 14}}","{((0, 2), (np.int64(32), 30)): {'bw': 29}, ((0, 2), (30, 33)): {'bw': 29}, ((0, 4), (np.int64(32), 30)): {'bw': 18}, ((0, 4), (30, 29)): {'bw': 18}, ((1, 2), (np.int64(31), 28)): {'bw': 9}, ((1, 2), (28, 30)): {'bw': 9}, ((1, 2), (30, np.int64(33))): {'bw': 9}, ((3, 4), (np.int64(30), 29)): {'bw': 46}}",232.0,167.0,130.0,65.0,102.0,65.0,102.0,65.0,167.0,65.0,0.7198275862068966,4114.44922108218,2961.6940513824316,12.765922635269101,Success,0.0,"{'node_level': {}, 'link_level': {}, 'path_level': {}}","{'node_level': {3: {'cpu': -17}, 0: {'cpu': -49}, 2: {'cpu': -50}, 4: {'cpu': -29}, 1: {'cpu': -21}}, 'link_level': {(0, 2): {'bw': -283}, (0, 4): {'bw': -67}, (1, 2): {'bw': -16}, (3, 4): {'bw': -21}}, 'path_level': {(0, 2): {}, (0, 4): {}, (1, 2): {}, (3, 4): {}}}","{'node_level': {3: {'cpu': 0}, 0: {'cpu': 0}, 2: {'cpu': 0}, 4: {'cpu': 0}, 1: {'cpu': 0}}, 'link_level': {(0, 2): {'bw': 0}, (0, 4): {'bw': 0}, (1, 2): {'bw': 0}, (3, 4): {'bw': 0}}, 'path_level': {(0, 2): {}, (0, 4): {}, (1, 2): {}, (3, 4): {}}}",[],-inf,-inf,True,True,False,0,[],0,0.0,5.0,4.0
42,38,13,9994.0,18628.0,3931579.313609911,8040532.622496796,0.5365041872450075,0.4889700095998184,27,69,0,1106.7346949184578,8795,1791,7004,0.3132668711656442,0.48782449725776966,41,17.734694918457674,1089.0,5,4,False,{},{},{},{},0.0,0.0,0.0,0.0,0.0,0.0,0.0,0.0,0.0,0.0,0.0,0.0,0.0,0.0,Leave Event,0.0,"{'node_level': {}, 'link_level': {}, 'path_level': {}}","{'node_level': {}, 'link_level': {}, 'path_level': {}}","{'node_level': {}, 'link_level': {}, 'path_level': {}}",[],-inf,-inf,True,True,False,0,[],0,0.0,,
43,39,14,10155.0,18801.0,3966826.2159541063,8078406.623152359,0.540130844104037,0.49104067188018935,27,70,1,1114.0,8622,1746,6876,0.33052147239263807,0.49718464351005487,42,218.92485928071403,1114.0,4,4,True,"{2: np.int64(30), 0: np.int64(32), 3: np.int64(33), 1: np.int64(29)}","{(0, 1): [(np.int64(32), 30), (30, 29)], (0, 2): [(np.int64(32), 30)], (1, 2): [(np.int64(29), 30)], (2, 3): [(np.int64(30), 33)]}","{(2, np.int64(30)): {'cpu': 15}, (0, np.int64(32)): {'cpu': 20}, (3, np.int64(33)): {'cpu': 9}, (1, np.int64(29)): {'cpu': 1}}","{((0, 1), (np.int64(32), 30)): {'bw': 12}, ((0, 1), (30, 29)): {'bw': 12}, ((0, 2), (np.int64(32), 30)): {'bw': 23}, ((1, 2), (np.int64(29), 30)): {'bw': 45}, ((2, 3), (np.int64(30), 33)): {'bw': 36}}",173.0,161.0,90.0,45.0,116.0,45.0,116.0,45.0,128.0,12.0,0.930635838150289,37874.00065556353,35246.90234419496,203.7393199086414,Success,0.0,"{'node_level': {}, 'link_level': {}, 'path_level': {}}","{'node_level': {2: {'cpu': -20}, 0: {'cpu': -41}, 3: {'cpu': -55}, 1: {'cpu': -35}}, 'link_level': {(0, 1): {'bw': -73}, (0, 2): {'bw': -320}, (1, 2): {'bw': -28}, (2, 3): {'bw': -276}}, 'path_level': {(0, 1): {}, (0, 2): {}, (1, 2): {}, (2, 3): {}}}","{'node_level': {2: {'cpu': 0}, 0: {'cpu': 0}, 3: {'cpu': 0}, 1: {'cpu': 0}}, 'link_level': {(0, 1): {'bw': 0}, (0, 2): {'bw': 0}, (1, 2): {'bw': 0}, (2, 3): {'bw': 0}}, 'path_level': {(0, 1): {}, (0, 2): {}, (1, 2): {}, (2, 3): {}}}",[],-inf,-inf,True,True,False,0,[],0,0.0,4.0,4.0
44,40,15,10173.0,18819.0,3967562.1834525694,8079142.590650823,0.5405706998246453,0.4910870354044536,27,71,1,1133.0,8604,1734,6870,0.3351226993865031,0.4976234003656307,43,40.887083247955786,1133.0,2,1,True,"{0: np.int64(7), 1: np.int64(11)}","{(0, 1): [(np.int64(7), 11)]}","{(0, np.int64(7)): {'cpu': 7}, (1, np.int64(11)): {'cpu': 5}}","{((0, 1), (np.int64(7), 11)): {'bw': 6}}",18.0,18.0,24.0,12.0,6.0,12.0,6.0,12.0,6.0,0.0,1.0,735.9674984632042,735.9674984632042,40.887083247955786,Success,0.0,"{'node_level': {}, 'link_level': {}, 'path_level': {}}","{'node_level': {0: {'cpu': -24}, 1: {'cpu': -52}}, 'link_level': {(0, 1): {'bw': -343}}, 'path_level': {(0, 1): {}}}","{'node_level': {0: {'cpu': 0}, 1: {'cpu': 0}}, 'link_level': {(0, 1): {'bw': 0}}, 'path_level': {(0, 1): {}}}",[],-inf,-inf,True,True,False,0,[],0,0.0,2.0,1.0
45,41,16,10358.0,19117.0,4076851.9479745175,8255187.724853745,0.5418214154940629,0.4938533300339631,29,72,1,1158.0,8306,1666,6640,0.3611963190184049,0.5144424131627057,44,590.7554839024208,1158.0,6,9,True,"{0: np.int64(15), 2: np.int64(19), 5: np.int64(13), 4: np.int64(14), 3: np.int64(16), 1: np.int64(17)}","{(0, 1): [(np.int64(15), 12), (12, 14), (14, np.int64(17))], (0, 2): [(np.int64(15), 19)], (0, 3): [(np.int64(15), 12), (12, 14), (14, np.int64(16))], (0, 4): [(np.int64(15), 13), (13, np.int64(14))], (0, 5): [(np.int64(15), 13)], (1, 2): [(np.int64(17), 14), (14, 12), (12, 15), (15, np.int64(19))], (1, 3): [(np.int64(17), 14), (14, 16)], (2, 3): [(np.int64(19), 15), (15, 12), (12, 14), (14, np.int64(16))], (2, 5): [(np.int64(19), 15), (15, 13)]}","{(0, np.int64(15)): {'cpu': 11}, (2, np.int64(19)): {'cpu': 19}, (5, np.int64(13)): {'cpu': 8}, (4, np.int64(14)): {'cpu': 13}, (3, np.int64(16)): {'cpu': 16}, (1, np.int64(17)): {'cpu': 1}}","{((0, 1), (np.int64(15), 12)): {'bw': 34}, ((0, 1), (12, 14)): {'bw': 34}, ((0, 1), (14, np.int64(17))): {'bw': 34}, ((0, 2), (np.int64(15), 19)): {'bw': 29}, ((0, 3), (np.int64(15), 12)): {'bw': 0}, ((0, 3), (12, 14)): {'bw': 0}, ((0, 3), (14, np.int64(16))): {'bw': 0}, ((0, 4), (np.int64(15), 13)): {'bw': 15}, ((0, 4), (13, np.int64(14))): {'bw': 15}, ((0, 5), (np.int64(15), 13)): {'bw': 19}, ((1, 2), (np.int64(17), 14)): {'bw': 4}, ((1, 2), (14, 12)): {'bw': 4}, ((1, 2), (12, 15)): {'bw': 4}, ((1, 2), (15, np.int64(19))): {'bw': 4}, ((1, 3), (np.int64(17), 14)): {'bw': 7}, ((1, 3), (14, 16)): {'bw': 7}, ((2, 3), (np.int64(19), 15)): {'bw': 1}, ((2, 3), (15, 12)): {'bw': 1}, ((2, 3), (12, 14)): {'bw': 1}, ((2, 3), (14, np.int64(16))): {'bw': 1}, ((2, 5), (np.int64(19), 15)): {'bw': 8}, ((2, 5), (15, 13)): {'bw': 8}}",298.0,185.0,136.0,68.0,117.0,68.0,117.0,68.0,230.0,113.0,0.6208053691275168,176045.13420292138,109289.76452194784,366.74417624814714,Success,0.0,"{'node_level': {}, 'link_level': {}, 'path_level': {}}","{'node_level': {0: {'cpu': -24}, 2: {'cpu': -49}, 5: {'cpu': -44}, 4: {'cpu': -16}, 3: {'cpu': -78}, 1: {'cpu': -69}}, 'link_level': {(0, 1): {'bw': -12}, (0, 2): {'bw': -286}, (0, 3): {'bw': -12}, (0, 4): {'bw': -65}, (0, 5): {'bw': -62}, (1, 2): {'bw': -8}, (1, 3): {'bw': -235}, (2, 3): {'bw': -7}, (2, 5): {'bw': -54}}, 'path_level': {(0, 1): {}, (0, 2): {}, (0, 3): {}, (0, 4): {}, (0, 5): {}, (1, 2): {}, (1, 3): {}, (2, 3): {}, (2, 5): {}}}","{'node_level': {0: {'cpu': 0}, 2: {'cpu': 0}, 5: {'cpu': 0}, 4: {'cpu': 0}, 3: {'cpu': 0}, 1: {'cpu': 0}}, 'link_level': {(0, 1): {'bw': 0}, (0, 2): {'bw': 0}, (0, 3): {'bw': 0}, (0, 4): {'bw': 0}, (0, 5): {'bw': 0}, (1, 2): {'bw': 0}, (1, 3): {'bw': 0}, (2, 3): {'bw': 0}, (2, 5): {'bw': 0}}, 'path_level': {(0, 1): {}, (0, 2): {}, (0, 3): {}, (0, 4): {}, (0, 5): {}, (1, 2): {}, (1, 3): {}, (2, 3): {}, (2, 5): {}}}",[],-inf,-inf,True,True,False,0,[],0,0.0,6.0,9.0
45,41,15,10358.0,19117.0,4076851.9479745175,8255187.724853745,0.5418214154940629,0.4938533300339631,29,73,0,1173.8870832479558,8324,1678,6646,0.3565950920245399,0.5140036563071297,43,40.887083247955786,1133.0,2,1,False,{},{},{},{},0.0,0.0,0.0,0.0,0.0,0.0,0.0,0.0,0.0,0.0,0.0,0.0,0.0,0.0,Leave Event,0.0,"{'node_level': {}, 'link_level': {}, 'path_level': {}}","{'node_level': {}, 'link_level': {}, 'path_level': {}}","{'node_level': {}, 'link_level': {}, 'path_level': {}}",[],-inf,-inf,True,True,False,0,[],0,0.0,,
46,42,16,10463.0,19318.0,4077523.6415018253,8256473.538177448,0.5416192152396728,0.49385777386042545,29,74,1,1190.0,8123,1664,6459,0.3619631901840491,0.5276782449725776,45,6.39708121245709,1190.0,4,4,True,"{0: np.int64(7), 2: np.int64(11), 1: np.int64(5), 3: np.int64(6)}","{(0, 2): [(np.int64(7), 11)], (0, 3): [(np.int64(7), 4), (4, np.int64(6))], (1, 3): [(np.int64(5), 6)], (2, 3): [(np.int64(11), 7), (7, 5), (5, np.int64(6))]}","{(0, np.int64(7)): {'cpu': 8}, (2, np.int64(11)): {'cpu': 6}, (1, np.int64(5)): {'cpu': 0}, (3, np.int64(6)): {'cpu': 0}}","{((0, 2), (np.int64(7), 11)): {'bw': 7}, ((0, 3), (np.int64(7), 4)): {'bw': 38}, ((0, 3), (4, np.int64(6))): {'bw': 38}, ((1, 3), (np.int64(5), 6)): {'bw': 17}, ((2, 3), (np.int64(11), 7)): {'bw': 29}, ((2, 3), (7, 5)): {'bw': 29}, ((2, 3), (5, np.int64(6))): {'bw': 29}}",201.0,105.0,28.0,14.0,91.0,14.0,91.0,14.0,187.0,96.0,0.5223880597014925,1285.813323703875,671.6935273079945,3.34175884232833,Success,0.0,"{'node_level': {}, 'link_level': {}, 'path_level': {}}","{'node_level': {0: {'cpu': -23}, 2: {'cpu': -51}, 1: {'cpu': -37}, 3: {'cpu': -28}}, 'link_level': {(0, 2): {'bw': -342}, (0, 3): {'bw': -11}, (1, 3): {'bw': -180}, (2, 3): {'bw': -62}}, 'path_level': {(0, 2): {}, (0, 3): {}, (1, 3): {}, (2, 3): {}}}","{'node_level': {0: {'cpu': 0}, 2: {'cpu': 0}, 1: {'cpu': 0}, 3: {'cpu': 0}}, 'link_level': {(0, 2): {'bw': 0}, (0, 3): {'bw': 0}, (1, 3): {'bw': 0}, (2, 3): {'bw': 0}}, 'path_level': {(0, 2): {}, (0, 3): {}, (1, 3): {}, (2, 3): {}}}",[],-inf,-inf,True,True,False,0,[],0,0.0,4.0,4.0
46,42,15,10463.0,19318.0,4077523.6415018253,8256473.538177448,0.5416192152396728,0.49385777386042545,29,75,0,1196.3970812124571,8324,1678,6646,0.3565950920245399,0.5140036563071297,45,6.39708121245709,1190.0,4,4,False,{},{},{},{},0.0,0.0,0.0,0.0,0.0,0.0,0.0,0.0,0.0,0.0,0.0,0.0,0.0,0.0,Leave Event,0.0,"{'node_level': {}, 'link_level': {}, 'path_level': {}}","{'node_level': {}, 'link_level': {}, 'path_level': {}}","{'node_level': {}, 'link_level': {}, 'path_level': {}}",[],-inf,-inf,True,True,False,0,[],0,0.0,,
47,42,15,10463.0,19318.0,4077523.6415018253,8256473.538177448,0.5416192152396728,0.49385777386042545,29,76,1,1212.0,8324,1678,6646,0.3565950920245399,0.5140036563071297,46,307.67221366106486,1212.0,9,17,False,"{4: np.int64(7), 8: np.int64(11), 5: np.int64(5), 0: np.int64(6), 6: np.int64(3), 7: np.int64(2), 1: np.int64(9), 2: np.int64(22), 3: np.int64(31)}","{(0, 1): [(np.int64(6), 9)], (0, 2): [(np.int64(6), 4), (4, 0), (0, 20), (20, np.int64(22))], (0, 4): [(np.int64(6), 4), (4, np.int64(7))], (0, 7): [(np.int64(6), 5), (5, np.int64(2))], (1, 5): [(np.int64(9), 6), (6, 5)], (1, 8): [(np.int64(9), 6), (6, 4), (4, 7), (7, np.int64(11))], (2, 4): [(np.int64(22), 21), (21, 2), (2, 5), (5, np.int64(7))], (2, 6): []}","{(4, np.int64(7)): {'cpu': 18}, (8, np.int64(11)): {'cpu': 14}, (5, np.int64(5)): {'cpu': 16}, (0, np.int64(6)): {'cpu': 18}, (6, np.int64(3)): {'cpu': 17}, (7, np.int64(2)): {'cpu': 11}, (1, np.int64(9)): {'cpu': 6}, (2, np.int64(22)): {'cpu': 3}, (3, np.int64(31)): {'cpu': 10}}","{((0, 1), (np.int64(6), 9)): {'bw': 42}, ((0, 2), (np.int64(6), 4)): {'bw': 6}, ((0, 2), (4, 0)): {'bw': 6}, ((0, 2), (0, 20)): {'bw': 6}, ((0, 2), (20, np.int64(22))): {'bw': 6}, ((0, 4), (np.int64(6), 4)): {'bw': 8}, ((0, 4), (4, np.int64(7))): {'bw': 8}, ((0, 7), (np.int64(6), 5)): {'bw': 31}, ((0, 7), (5, np.int64(2))): {'bw': 31}, ((1, 5), (np.int64(9), 6)): {'bw': 25}, ((1, 5), (6, 5)): {'bw': 25}, ((1, 8), (np.int64(9), 6)): {'bw': 34}, ((1, 8), (6, 4)): {'bw': 34}, ((1, 8), (4, 7)): {'bw': 34}, ((1, 8), (7, np.int64(11))): {'bw': 34}, ((2, 4), (np.int64(22), 21)): {'bw': 33}, ((2, 4), (21, 2)): {'bw': 33}, ((2, 4), (2, 5)): {'bw': 33}, ((2, 4), (5, np.int64(7))): {'bw': 33}}",0.0,0.0,226.0,113.0,445.0,0.0,0.0,0.0,0.0,0.0,0.0,0.0,0.0,0.0,Route Failure,16.0,"{'node_level': {}, 'link_level': {}, 'path_level': {}}","{'node_level': {4: {'cpu': -13}, 8: {'cpu': -43}, 5: {'cpu': -21}, 0: {'cpu': -10}, 6: {'cpu': -8}, 7: {'cpu': -21}, 1: {'cpu': -60}, 2: {'cpu': -31}, 3: {'cpu': -25}}, 'link_level': {(0, 1): {'bw': -215}, (0, 2): {'bw': -22}, (0, 4): {'bw': -35}, (0, 7): {'bw': -62}, (1, 5): {'bw': -141}, (1, 8): {'bw': -1}, (2, 4): {'bw': -17}, (2, 6): {'bw': 10}}, 'path_level': {(0, 1): {}, (0, 2): {}, (0, 4): {}, (0, 7): {}, (1, 5): {}, (1, 8): {}, (2, 4): {}, (2, 6): {}}}","{'node_level': {4: {'cpu': 0}, 8: {'cpu': 0}, 5: {'cpu': 0}, 0: {'cpu': 0}, 6: {'cpu': 0}, 7: {'cpu': 0}, 1: {'cpu': 0}, 2: {'cpu': 0}, 3: {'cpu': 0}}, 'link_level': {(0, 1): {'bw': 0}, (0, 2): {'bw': 0}, (0, 4): {'bw': 0}, (0, 7): {'bw': 0}, (1, 5): {'bw': 0}, (1, 8): {'bw': 0}, (2, 4): {'bw': 0}, (2, 6): {'bw': 16}}, 'path_level': {(0, 1): {}, (0, 2): {}, (0, 4): {}, (0, 7): {}, (1, 5): {}, (1, 8): {}, (2, 4): {}, (2, 6): {}}}",[],-inf,-inf,True,False,False,0,[],0,0.0,9.0,8.0
47,42,14,10463.0,19318.0,4077523.6415018253,8256473.538177448,0.5416192152396728,0.49385777386042545,29,77,0,1231.9980101151,9063,1795,7268,0.3117331288343558,0.4685191956124315,21,650.9980101150999,581.0,9,13,False,{},{},{},{},0.0,0.0,0.0,0.0,0.0,0.0,0.0,0.0,0.0,0.0,0.0,0.0,0.0,0.0,Leave Event,0.0,"{'node_level': {}, 'link_level': {}, 'path_level': {}}","{'node_level': {}, 'link_level': {}, 'path_level': {}}","{'node_level': {}, 'link_level': {}, 'path_level': {}}",[],-inf,-inf,True,True,False,0,[],0,0.0,,
48,42,14,10463.0,19318.0,4077523.6415018253,8256473.538177448,0.5416192152396728,0.49385777386042545,29,78,1,1232.0,9063,1795,7268,0.3117331288343558,0.4685191956124315,47,1626.1809157858913,1232.0,9,21,False,"{7: np.int64(22), 8: np.int64(25), 1: np.int64(20), 3: np.int64(1), 2: np.int64(23), 4: np.int64(26), 5: np.int64(31), 0: np.int64(28), 6: np.int64(30)}","{(0, 1): [(np.int64(28), 1), (1, np.int64(20))], (0, 2): [(np.int64(28), 0), (0, 20), (20, np.int64(23))], (0, 4): [(np.int64(28), 1), (1, 20), (20, 23), (23, np.int64(26))], (0, 5): [(np.int64(28), 31)], (0, 6): [(np.int64(28), 30)], (0, 7): [(np.int64(28), 0), (0, 20), (20, np.int64(22))], (0, 8): [(np.int64(28), 1), (1, 20), (20, 22), (22, np.int64(25))], (1, 3): [(np.int64(20), 1)], (1, 7): [(np.int64(20), 22)], (1, 8): [(np.int64(20), 23), (23, 21), (21, 22), (22, np.int64(25))], (2, 7): [(np.int64(23), 21), (21, np.int64(22))], (2, 8): []}","{(7, np.int64(22)): {'cpu': 13}, (8, np.int64(25)): {'cpu': 6}, (1, np.int64(20)): {'cpu': 5}, (3, np.int64(1)): {'cpu': 5}, (2, np.int64(23)): {'cpu': 7}, (4, np.int64(26)): {'cpu': 16}, (5, np.int64(31)): {'cpu': 4}, (0, np.int64(28)): {'cpu': 0}, (6, np.int64(30)): {'cpu': 0}}","{((0, 1), (np.int64(28), 1)): {'bw': 32}, ((0, 1), (1, np.int64(20))): {'bw': 32}, ((0, 2), (np.int64(28), 0)): {'bw': 5}, ((0, 2), (0, 20)): {'bw': 5}, ((0, 2), (20, np.int64(23))): {'bw': 5}, ((0, 4), (np.int64(28), 1)): {'bw': 15}, ((0, 4), (1, 20)): {'bw': 15}, ((0, 4), (20, 23)): {'bw': 15}, ((0, 4), (23, np.int64(26))): {'bw': 15}, ((0, 5), (np.int64(28), 31)): {'bw': 5}, ((0, 6), (np.int64(28), 30)): {'bw': 33}, ((0, 7), (np.int64(28), 0)): {'bw': 0}, ((0, 7), (0, 20)): {'bw': 0}, ((0, 7), (20, np.int64(22))): {'bw': 0}, ((0, 8), (np.int64(28), 1)): {'bw': 12}, ((0, 8), (1, 20)): {'bw': 12}, ((0, 8), (20, 22)): {'bw': 12}, ((0, 8), (22, np.int64(25))): {'bw': 12}, ((1, 3), (np.int64(20), 1)): {'bw': 16}, ((1, 7), (np.int64(20), 22)): {'bw': 32}, ((1, 8), (np.int64(20), 23)): {'bw': 33}, ((1, 8), (23, 21)): {'bw': 33}, ((1, 8), (21, 22)): {'bw': 33}, ((1, 8), (22, np.int64(25))): {'bw': 33}, ((2, 7), (np.int64(23), 21)): {'bw': 16}, ((2, 7), (21, np.int64(22))): {'bw': 16}}",0.0,0.0,112.0,56.0,382.0,0.0,0.0,0.0,0.0,0.0,0.0,0.0,0.0,0.0,Route Failure,53.0,"{'node_level': {}, 'link_level': {}, 'path_level': {}}","{'node_level': {7: {'cpu': -40}, 8: {'cpu': -58}, 1: {'cpu': -41}, 3: {'cpu': -58}, 2: {'cpu': -36}, 4: {'cpu': -79}, 5: {'cpu': -39}, 0: {'cpu': -51}, 6: {'cpu': -34}}, 'link_level': {(0, 1): {'bw': -137}, (0, 2): {'bw': -5}, (0, 4): {'bw': -80}, (0, 5): {'bw': -88}, (0, 6): {'bw': -71}, (0, 7): {'bw': -5}, (0, 8): {'bw': -46}, (1, 3): {'bw': -94}, (1, 7): {'bw': -14}, (1, 8): {'bw': -38}, (2, 7): {'bw': -22}, (2, 8): {'bw': 27}}, 'path_level': {(0, 1): {}, (0, 2): {}, (0, 4): {}, (0, 5): {}, (0, 6): {}, (0, 7): {}, (0, 8): {}, (1, 3): {}, (1, 7): {}, (1, 8): {}, (2, 7): {}, (2, 8): {}}}","{'node_level': {7: {'cpu': 0}, 8: {'cpu': 0}, 1: {'cpu': 0}, 3: {'cpu': 0}, 2: {'cpu': 0}, 4: {'cpu': 0}, 5: {'cpu': 0}, 0: {'cpu': 0}, 6: {'cpu': 0}}, 'link_level': {(0, 1): {'bw': 0}, (0, 2): {'bw': 0}, (0, 4): {'bw': 0}, (0, 5): {'bw': 0}, (0, 6): {'bw': 0}, (0, 7): {'bw': 0}, (0, 8): {'bw': 0}, (1, 3): {'bw': 0}, (1, 7): {'bw': 0}, (1, 8): {'bw': 0}, (2, 7): {'bw': 0}, (2, 8): {'bw': 53}}, 'path_level': {(0, 1): {}, (0, 2): {}, (0, 4): {}, (0, 5): {}, (0, 6): {}, (0, 7): {}, (0, 8): {}, (1, 3): {}, (1, 7): {}, (1, 8): {}, (2, 7): {}, (2, 8): {}}}",[],-inf,-inf,True,False,False,0,[],0,0.0,9.0,12.0
49,42,14,10463.0,19318.0,4077523.6415018253,8256473.538177448,0.5416192152396728,0.49385777386042545,29,79,1,1263.0,9063,1795,7268,0.3117331288343558,0.4685191956124315,48,203.37187792472858,1263.0,10,23,False,"{2: np.int64(22), 5: np.int64(25), 4: np.int64(20), 9: np.int64(1), 7: np.int64(23), 1: np.int64(26), 8: np.int64(31), 0: np.int64(28), 6: np.int64(30), 3: np.int64(29)}","{(0, 1): [(np.int64(28), 1), (1, 20), (20, 23), (23, np.int64(26))], (0, 2): [(np.int64(28), 1), (1, 20), (20, np.int64(22))], (0, 4): [(np.int64(28), 1), (1, np.int64(20))], (0, 5): [(np.int64(28), 1), (1, 20), (20, 23), (23, 21), (21, 22), (22, np.int64(25))], (0, 8): [(np.int64(28), 31)], (1, 3): [(np.int64(26), 23), (23, 21), (21, 2), (2, np.int64(29))], (1, 4): [(np.int64(26), 23), (23, 20)], (1, 5): [(np.int64(26), 23), (23, 21), (21, 22), (22, np.int64(25))], (1, 6): [(np.int64(26), 23), (23, 20), (20, 0), (0, 28), (28, np.int64(30))], (1, 9): []}","{(2, np.int64(22)): {'cpu': 18}, (5, np.int64(25)): {'cpu': 12}, (4, np.int64(20)): {'cpu': 10}, (9, np.int64(1)): {'cpu': 15}, (7, np.int64(23)): {'cpu': 20}, (1, np.int64(26)): {'cpu': 6}, (8, np.int64(31)): {'cpu': 11}, (0, np.int64(28)): {'cpu': 7}, (6, np.int64(30)): {'cpu': 5}, (3, np.int64(29)): {'cpu': 0}}","{((0, 1), (np.int64(28), 1)): {'bw': 24}, ((0, 1), (1, 20)): {'bw': 24}, ((0, 1), (20, 23)): {'bw': 24}, ((0, 1), (23, np.int64(26))): {'bw': 24}, ((0, 2), (np.int64(28), 1)): {'bw': 34}, ((0, 2), (1, 20)): {'bw': 34}, ((0, 2), (20, np.int64(22))): {'bw': 34}, ((0, 4), (np.int64(28), 1)): {'bw': 14}, ((0, 4), (1, np.int64(20))): {'bw': 14}, ((0, 5), (np.int64(28), 1)): {'bw': 38}, ((0, 5), (1, 20)): {'bw': 38}, ((0, 5), (20, 23)): {'bw': 38}, ((0, 5), (23, 21)): {'bw': 38}, ((0, 5), (21, 22)): {'bw': 38}, ((0, 5), (22, np.int64(25))): {'bw': 38}, ((0, 8), (np.int64(28), 31)): {'bw': 24}, ((1, 3), (np.int64(26), 23)): {'bw': 42}, ((1, 3), (23, 21)): {'bw': 42}, ((1, 3), (21, 2)): {'bw': 42}, ((1, 3), (2, np.int64(29))): {'bw': 42}, ((1, 4), (np.int64(26), 23)): {'bw': 33}, ((1, 4), (23, 20)): {'bw': 33}, ((1, 5), (np.int64(26), 23)): {'bw': 24}, ((1, 5), (23, 21)): {'bw': 24}, ((1, 5), (21, 22)): {'bw': 24}, ((1, 5), (22, np.int64(25))): {'bw': 24}, ((1, 6), (np.int64(26), 23)): {'bw': 3}, ((1, 6), (23, 20)): {'bw': 3}, ((1, 6), (20, 0)): {'bw': 3}, ((1, 6), (0, 28)): {'bw': 3}, ((1, 6), (28, np.int64(30))): {'bw': 3}}",0.0,0.0,208.0,104.0,670.0,0.0,0.0,0.0,0.0,0.0,0.0,0.0,0.0,0.0,Route Failure,45.0,"{'node_level': {}, 'link_level': {}, 'path_level': {}}","{'node_level': {2: {'cpu': -35}, 5: {'cpu': -52}, 4: {'cpu': -36}, 9: {'cpu': -48}, 7: {'cpu': -23}, 1: {'cpu': -89}, 8: {'cpu': -32}, 0: {'cpu': -44}, 6: {'cpu': -29}, 3: {'cpu': -53}}, 'link_level': {(0, 1): {'bw': -76}, (0, 2): {'bw': -24}, (0, 4): {'bw': -97}, (0, 5): {'bw': -33}, (0, 8): {'bw': -69}, (1, 3): {'bw': -44}, (1, 4): {'bw': -5}, (1, 5): {'bw': -9}, (1, 6): {'bw': -2}, (1, 9): {'bw': 37}}, 'path_level': {(0, 1): {}, (0, 2): {}, (0, 4): {}, (0, 5): {}, (0, 8): {}, (1, 3): {}, (1, 4): {}, (1, 5): {}, (1, 6): {}, (1, 9): {}}}","{'node_level': {2: {'cpu': 0}, 5: {'cpu': 0}, 4: {'cpu': 0}, 9: {'cpu': 0}, 7: {'cpu': 0}, 1: {'cpu': 0}, 8: {'cpu': 0}, 0: {'cpu': 0}, 6: {'cpu': 0}, 3: {'cpu': 0}}, 'link_level': {(0, 1): {'bw': 0}, (0, 2): {'bw': 0}, (0, 4): {'bw': 0}, (0, 5): {'bw': 0}, (0, 8): {'bw': 0}, (1, 3): {'bw': 0}, (1, 4): {'bw': 0}, (1, 5): {'bw': 0}, (1, 6): {'bw': 0}, (1, 9): {'bw': 45}}, 'path_level': {(0, 1): {}, (0, 2): {}, (0, 4): {}, (0, 5): {}, (0, 8): {}, (1, 3): {}, (1, 4): {}, (1, 5): {}, (1, 6): {}, (1, 9): {}}}",[],-inf,-inf,True,False,False,0,[],0,0.0,10.0,10.0
49,42,13,10463.0,19318.0,4077523.6415018253,8256473.538177448,0.5416192152396728,0.49385777386042545,29,80,0,1266.8691717961678,9153,1810,7343,0.3059815950920245,0.46303473491773306,25,580.8691717961678,686.0,3,2,False,{},{},{},{},0.0,0.0,0.0,0.0,0.0,0.0,0.0,0.0,0.0,0.0,0.0,0.0,0.0,0.0,Leave Event,0.0,"{'node_level': {}, 'link_level': {}, 'path_level': {}}","{'node_level': {}, 'link_level': {}, 'path_level': {}}","{'node_level': {}, 'link_level': {}, 'path_level': {}}",[],-inf,-inf,True,True,False,0,[],0,0.0,,
49,42,12,10463.0,19318.0,4077523.6415018253,8256473.538177448,0.5416192152396728,0.49385777386042545,29,81,0,1274.7311753490906,9510,1880,7630,0.2791411042944786,0.4420475319926874,39,229.73117534909056,1045.0,6,7,False,{},{},{},{},0.0,0.0,0.0,0.0,0.0,0.0,0.0,0.0,0.0,0.0,0.0,0.0,0.0,0.0,Leave Event,0.0,"{'node_level': {}, 'link_level': {}, 'path_level': {}}","{'node_level': {}, 'link_level': {}, 'path_level': {}}","{'node_level': {}, 'link_level': {}, 'path_level': {}}",[],-inf,-inf,True,True,False,0,[],0,0.0,,
50,42,12,10463.0,19318.0,4077523.6415018253,8256473.538177448,0.5416192152396728,0.49385777386042545,29,82,1,1289.0,9510,1880,7630,0.2791411042944786,0.4420475319926874,49,319.4085009190427,1289.0,8,14,False,"{2: np.int64(31), 0: np.int64(29), 1: np.int64(30), 3: np.int64(28), 7: np.int64(1), 4: np.int64(7), 6: np.int64(5), 5: np.int64(6)}","{(0, 2): [(np.int64(29), 31)], (0, 6): [(np.int64(29), 2), (2, np.int64(5))], (1, 2): [(np.int64(30), 28), (28, np.int64(31))], (1, 3): [(np.int64(30), 28)], (1, 4): [(np.int64(30), 29), (29, 2), (2, 5), (5, np.int64(7))], (1, 6): [(np.int64(30), 28), (28, 31), (31, 29), (29, 2), (2, np.int64(5))], (1, 7): [(np.int64(30), 28), (28, np.int64(1))], (2, 4): []}","{(2, np.int64(31)): {'cpu': 13}, (0, np.int64(29)): {'cpu': 19}, (1, np.int64(30)): {'cpu': 6}, (3, np.int64(28)): {'cpu': 16}, (7, np.int64(1)): {'cpu': 7}, (4, np.int64(7)): {'cpu': 2}, (6, np.int64(5)): {'cpu': 2}, (5, np.int64(6)): {'cpu': 15}}","{((0, 2), (np.int64(29), 31)): {'bw': 42}, ((0, 6), (np.int64(29), 2)): {'bw': 20}, ((0, 6), (2, np.int64(5))): {'bw': 20}, ((1, 2), (np.int64(30), 28)): {'bw': 49}, ((1, 2), (28, np.int64(31))): {'bw': 49}, ((1, 3), (np.int64(30), 28)): {'bw': 26}, ((1, 4), (np.int64(30), 29)): {'bw': 50}, ((1, 4), (29, 2)): {'bw': 50}, ((1, 4), (2, 5)): {'bw': 50}, ((1, 4), (5, np.int64(7))): {'bw': 50}, ((1, 6), (np.int64(30), 28)): {'bw': 22}, ((1, 6), (28, 31)): {'bw': 22}, ((1, 6), (31, 29)): {'bw': 22}, ((1, 6), (29, 2)): {'bw': 22}, ((1, 6), (2, np.int64(5))): {'bw': 22}, ((1, 7), (np.int64(30), 28)): {'bw': 2}, ((1, 7), (28, np.int64(1))): {'bw': 2}}",0.0,0.0,160.0,80.0,341.0,0.0,0.0,0.0,0.0,0.0,0.0,0.0,0.0,0.0,Route Failure,54.0,"{'node_level': {}, 'link_level': {}, 'path_level': {}}","{'node_level': {2: {'cpu': -54}, 0: {'cpu': -37}, 1: {'cpu': -28}, 3: {'cpu': -35}, 7: {'cpu': -56}, 4: {'cpu': -44}, 6: {'cpu': -49}, 5: {'cpu': -26}}, 'link_level': {(0, 2): {'bw': -41}, (0, 6): {'bw': -100}, (1, 2): {'bw': -44}, (1, 3): {'bw': -29}, (1, 4): {'bw': -7}, (1, 6): {'bw': -7}, (1, 7): {'bw': -5}, (2, 4): {'bw': 26}}, 'path_level': {(0, 2): {}, (0, 6): {}, (1, 2): {}, (1, 3): {}, (1, 4): {}, (1, 6): {}, (1, 7): {}, (2, 4): {}}}","{'node_level': {2: {'cpu': 0}, 0: {'cpu': 0}, 1: {'cpu': 0}, 3: {'cpu': 0}, 7: {'cpu': 0}, 4: {'cpu': 0}, 6: {'cpu': 0}, 5: {'cpu': 0}}, 'link_level': {(0, 2): {'bw': 0}, (0, 6): {'bw': 0}, (1, 2): {'bw': 0}, (1, 3): {'bw': 0}, (1, 4): {'bw': 0}, (1, 6): {'bw': 0}, (1, 7): {'bw': 0}, (2, 4): {'bw': 54}}, 'path_level': {(0, 2): {}, (0, 6): {}, (1, 2): {}, (1, 3): {}, (1, 4): {}, (1, 6): {}, (1, 7): {}, (2, 4): {}}}",[],-inf,-inf,True,False,False,0,[],0,0.0,8.0,8.0
50,42,11,10463.0,19318.0,4077523.6415018253,8256473.538177448,0.5416192152396728,0.49385777386042545,29,83,0,1294.7414634993102,10693,1986,8707,0.23849693251533743,0.363290676416819,37,300.7414634993102,994.0,10,18,False,{},{},{},{},0.0,0.0,0.0,0.0,0.0,0.0,0.0,0.0,0.0,0.0,0.0,0.0,0.0,0.0,Leave Event,0.0,"{'node_level': {}, 'link_level': {}, 'path_level': {}}","{'node_level': {}, 'link_level': {}, 'path_level': {}}","{'node_level': {}, 'link_level': {}, 'path_level': {}}",[],-inf,-inf,True,True,False,0,[],0,0.0,,
50,42,10,10463.0,19318.0,4077523.6415018253,8256473.538177448,0.5416192152396728,0.49385777386042545,29,84,0,1296.4423218285383,10800,2004,8796,0.23159509202453987,0.356782449725777,23,667.4423218285383,629.0,3,2,False,{},{},{},{},0.0,0.0,0.0,0.0,0.0,0.0,0.0,0.0,0.0,0.0,0.0,0.0,0.0,0.0,Leave Event,0.0,"{'node_level': {}, 'link_level': {}, 'path_level': {}}","{'node_level': {}, 'link_level': {}, 'path_level': {}}","{'node_level': {}, 'link_level': {}, 'path_level': {}}",[],-inf,-inf,True,True,False,0,[],0,0.0,,
51,43,11,10627.0,19570.0,4086655.8838266274,8270506.0080911685,0.5430250383239652,0.49412404511024915,29,85,1,1316.0,10548,1970,8578,0.24463190184049077,0.37272394881170023,50,55.684404419524625,1316.0,5,5,True,"{3: np.int64(23), 1: np.int64(20), 4: np.int64(22), 2: np.int64(21), 0: np.int64(2)}","{(0, 1): [(np.int64(2), 21), (21, 22), (22, np.int64(20))], (0, 2): [(np.int64(2), 21)], (0, 3): [(np.int64(2), 21), (21, np.int64(23))], (1, 2): [(np.int64(20), 22), (22, np.int64(21))], (2, 4): [(np.int64(21), 22)]}","{(3, np.int64(23)): {'cpu': 8}, (1, np.int64(20)): {'cpu': 11}, (4, np.int64(22)): {'cpu': 12}, (2, np.int64(21)): {'cpu': 2}, (0, np.int64(2)): {'cpu': 1}}","{((0, 1), (np.int64(2), 21)): {'bw': 23}, ((0, 1), (21, 22)): {'bw': 23}, ((0, 1), (22, np.int64(20))): {'bw': 23}, ((0, 2), (np.int64(2), 21)): {'bw': 43}, ((0, 3), (np.int64(2), 21)): {'bw': 40}, ((0, 3), (21, np.int64(23))): {'bw': 40}, ((1, 2), (np.int64(20), 22)): {'bw': 2}, ((1, 2), (22, np.int64(21))): {'bw': 2}, ((2, 4), (np.int64(21), 22)): {'bw': 22}}",252.0,164.0,68.0,34.0,130.0,34.0,130.0,34.0,218.0,88.0,0.6507936507936508,14032.469913720206,9132.242324802039,36.239056844452534,Success,0.0,"{'node_level': {}, 'link_level': {}, 'path_level': {}}","{'node_level': {3: {'cpu': -55}, 1: {'cpu': -51}, 4: {'cpu': -55}, 2: {'cpu': -28}, 0: {'cpu': -52}}, 'link_level': {(0, 1): {'bw': -131}, (0, 2): {'bw': -138}, (0, 3): {'bw': -98}, (1, 2): {'bw': -129}, (2, 4): {'bw': -134}}, 'path_level': {(0, 1): {}, (0, 2): {}, (0, 3): {}, (1, 2): {}, (2, 4): {}}}","{'node_level': {3: {'cpu': 0}, 1: {'cpu': 0}, 4: {'cpu': 0}, 2: {'cpu': 0}, 0: {'cpu': 0}}, 'link_level': {(0, 1): {'bw': 0}, (0, 2): {'bw': 0}, (0, 3): {'bw': 0}, (1, 2): {'bw': 0}, (2, 4): {'bw': 0}}, 'path_level': {(0, 1): {}, (0, 2): {}, (0, 3): {}, (1, 2): {}, (2, 4): {}}}",[],-inf,-inf,True,True,False,0,[],0,0.0,5.0,5.0
51,43,10,10627.0,19570.0,4086655.8838266274,8270506.0080911685,0.5430250383239652,0.49412404511024915,29,86,0,1332.924859280714,10721,2015,8706,0.22737730061349692,0.36336380255941503,42,218.92485928071403,1114.0,4,4,False,{},{},{},{},0.0,0.0,0.0,0.0,0.0,0.0,0.0,0.0,0.0,0.0,0.0,0.0,0.0,0.0,Leave Event,0.0,"{'node_level': {}, 'link_level': {}, 'path_level': {}}","{'node_level': {}, 'link_level': {}, 'path_level': {}}","{'node_level': {}, 'link_level': {}, 'path_level': {}}",[],-inf,-inf,True,True,False,0,[],0,0.0,,
52,44,11,11129.0,20954.0,4262184.700110244,8754434.059359146,0.5311157774171996,0.48686010668544,29,87,1,1340.0,9337,1924,7413,0.2622699386503068,0.45791590493601464,51,349.65899658090865,1340.0,9,17,True,"{6: np.int64(31), 5: np.int64(29), 1: np.int64(30), 3: np.int64(2), 0: np.int64(23), 8: np.int64(22), 2: np.int64(20), 4: np.int64(1), 7: np.int64(7)}","{(0, 3): [(np.int64(23), 21), (21, np.int64(2))], (0, 6): [(np.int64(23), 21), (21, 2), (2, 29), (29, np.int64(31))], (1, 2): [(np.int64(30), 28), (28, 1), (1, np.int64(20))], (1, 4): [(np.int64(30), 28), (28, np.int64(1))], (1, 6): [(np.int64(30), 28), (28, np.int64(31))], (1, 7): [(np.int64(30), 29), (29, 2), (2, 5), (5, np.int64(7))], (1, 8): [(np.int64(30), 29), (29, 2), (2, 21), (21, np.int64(22))], (2, 4): [(np.int64(20), 1)], (2, 5): [(np.int64(20), 22), (22, 21), (21, 2), (2, np.int64(29))], (2, 6): [(np.int64(20), 1), (1, 28), (28, np.int64(31))], (2, 7): [(np.int64(20), 22), (22, 21), (21, 2), (2, 5), (5, np.int64(7))], (3, 4): [(np.int64(2), 13), (13, 14), (14, 12), (12, np.int64(1))], (3, 5): [(np.int64(2), 29)], (4, 7): [(np.int64(1), 12), (12, 0), (0, 4), (4, np.int64(7))], (5, 6): [(np.int64(29), 31)], (5, 8): [(np.int64(29), 3), (3, 21), (21, np.int64(22))], (6, 7): [(np.int64(31), 28), (28, 0), (0, 4), (4, np.int64(7))]}","{(6, np.int64(31)): {'cpu': 17}, (5, np.int64(29)): {'cpu': 16}, (1, np.int64(30)): {'cpu': 9}, (3, np.int64(2)): {'cpu': 15}, (0, np.int64(23)): {'cpu': 18}, (8, np.int64(22)): {'cpu': 11}, (2, np.int64(20)): {'cpu': 2}, (4, np.int64(1)): {'cpu': 2}, (7, np.int64(7)): {'cpu': 1}}","{((0, 3), (np.int64(23), 21)): {'bw': 1}, ((0, 3), (21, np.int64(2))): {'bw': 1}, ((0, 6), (np.int64(23), 21)): {'bw': 28}, ((0, 6), (21, 2)): {'bw': 28}, ((0, 6), (2, 29)): {'bw': 28}, ((0, 6), (29, np.int64(31))): {'bw': 28}, ((1, 2), (np.int64(30), 28)): {'bw': 49}, ((1, 2), (28, 1)): {'bw': 49}, ((1, 2), (1, np.int64(20))): {'bw': 49}, ((1, 4), (np.int64(30), 28)): {'bw': 0}, ((1, 4), (28, np.int64(1))): {'bw': 0}, ((1, 6), (np.int64(30), 28)): {'bw': 11}, ((1, 6), (28, np.int64(31))): {'bw': 11}, ((1, 7), (np.int64(30), 29)): {'bw': 37}, ((1, 7), (29, 2)): {'bw': 37}, ((1, 7), (2, 5)): {'bw': 37}, ((1, 7), (5, np.int64(7))): {'bw': 37}, ((1, 8), (np.int64(30), 29)): {'bw': 14}, ((1, 8), (29, 2)): {'bw': 14}, ((1, 8), (2, 21)): {'bw': 14}, ((1, 8), (21, np.int64(22))): {'bw': 14}, ((2, 4), (np.int64(20), 1)): {'bw': 43}, ((2, 5), (np.int64(20), 22)): {'bw': 12}, ((2, 5), (22, 21)): {'bw': 12}, ((2, 5), (21, 2)): {'bw': 12}, ((2, 5), (2, np.int64(29))): {'bw': 12}, ((2, 6), (np.int64(20), 1)): {'bw': 48}, ((2, 6), (1, 28)): {'bw': 48}, ((2, 6), (28, np.int64(31))): {'bw': 48}, ((2, 7), (np.int64(20), 22)): {'bw': 36}, ((2, 7), (22, 21)): {'bw': 36}, ((2, 7), (21, 2)): {'bw': 36}, ((2, 7), (2, 5)): {'bw': 36}, ((2, 7), (5, np.int64(7))): {'bw': 36}, ((3, 4), (np.int64(2), 13)): {'bw': 49}, ((3, 4), (13, 14)): {'bw': 49}, ((3, 4), (14, 12)): {'bw': 49}, ((3, 4), (12, np.int64(1))): {'bw': 49}, ((3, 5), (np.int64(2), 29)): {'bw': 14}, ((4, 7), (np.int64(1), 12)): {'bw': 9}, ((4, 7), (12, 0)): {'bw': 9}, ((4, 7), (0, 4)): {'bw': 9}, ((4, 7), (4, np.int64(7))): {'bw': 9}, ((5, 6), (np.int64(29), 31)): {'bw': 21}, ((5, 8), (np.int64(29), 3)): {'bw': 32}, ((5, 8), (3, 21)): {'bw': 32}, ((5, 8), (21, np.int64(22))): {'bw': 32}, ((6, 7), (np.int64(31), 28)): {'bw': 7}, ((6, 7), (28, 0)): {'bw': 7}, ((6, 7), (0, 4)): {'bw': 7}, ((6, 7), (4, np.int64(7))): {'bw': 7}}",1384.0,502.0,182.0,91.0,411.0,91.0,411.0,91.0,1293.0,882.0,0.3627167630057804,483928.0512679776,175528.81628361615,126.82717939567641,Success,0.0,"{'node_level': {}, 'link_level': {}, 'path_level': {}}","{'node_level': {6: {'cpu': -57}, 5: {'cpu': -41}, 1: {'cpu': -40}, 3: {'cpu': -37}, 0: {'cpu': -37}, 8: {'cpu': -44}, 2: {'cpu': -49}, 4: {'cpu': -61}, 7: {'cpu': -45}}, 'link_level': {(0, 3): {'bw': -97}, (0, 6): {'bw': -69}, (1, 2): {'bw': -93}, (1, 4): {'bw': -93}, (1, 6): {'bw': -82}, (1, 7): {'bw': -83}, (1, 8): {'bw': -55}, (2, 4): {'bw': -77}, (2, 5): {'bw': -43}, (2, 6): {'bw': -29}, (2, 7): {'bw': -7}, (3, 4): {'bw': -61}, (3, 5): {'bw': -174}, (4, 7): {'bw': -23}, (5, 6): {'bw': -57}, (5, 8): {'bw': -40}, (6, 7): {'bw': -3}}, 'path_level': {(0, 3): {}, (0, 6): {}, (1, 2): {}, (1, 4): {}, (1, 6): {}, (1, 7): {}, (1, 8): {}, (2, 4): {}, (2, 5): {}, (2, 6): {}, (2, 7): {}, (3, 4): {}, (3, 5): {}, (4, 7): {}, (5, 6): {}, (5, 8): {}, (6, 7): {}}}","{'node_level': {6: {'cpu': 0}, 5: {'cpu': 0}, 1: {'cpu': 0}, 3: {'cpu': 0}, 0: {'cpu': 0}, 8: {'cpu': 0}, 2: {'cpu': 0}, 4: {'cpu': 0}, 7: {'cpu': 0}}, 'link_level': {(0, 3): {'bw': 0}, (0, 6): {'bw': 0}, (1, 2): {'bw': 0}, (1, 4): {'bw': 0}, (1, 6): {'bw': 0}, (1, 7): {'bw': 0}, (1, 8): {'bw': 0}, (2, 4): {'bw': 0}, (2, 5): {'bw': 0}, (2, 6): {'bw': 0}, (2, 7): {'bw': 0}, (3, 4): {'bw': 0}, (3, 5): {'bw': 0}, (4, 7): {'bw': 0}, (5, 6): {'bw': 0}, (5, 8): {'bw': 0}, (6, 7): {'bw': 0}}, 'path_level': {(0, 3): {}, (0, 6): {}, (1, 2): {}, (1, 4): {}, (1, 6): {}, (1, 7): {}, (1, 8): {}, (2, 4): {}, (2, 5): {}, (2, 6): {}, (2, 7): {}, (3, 4): {}, (3, 5): {}, (4, 7): {}, (5, 6): {}, (5, 8): {}, (6, 7): {}}}",[],-inf,-inf,True,True,False,0,[],0,0.0,9.0,17.0
53,44,11,11129.0,20954.0,4262184.700110244,8754434.059359146,0.5311157774171996,0.48686010668544,29,88,1,1359.0,9337,1924,7413,0.2622699386503068,0.45791590493601464,52,1084.420001959268,1359.0,9,17,False,"{5: np.int64(7), 2: np.int64(11), 4: np.int64(5), 1: np.int64(6), 3: np.int64(31), 7: np.int64(30), 8: np.int64(3), 6: np.int64(23), 0: np.int64(22)}","{(0, 1): [(np.int64(22), 20), (20, 0), (0, 4), (4, np.int64(6))], (0, 3): [(np.int64(22), 21), (21, 3), (3, 29), (29, np.int64(31))], (0, 7): [(np.int64(22), 20), (20, 0), (0, 28), (28, np.int64(30))], (0, 8): [(np.int64(22), 21), (21, np.int64(3))], (1, 2): [(np.int64(6), 4), (4, 7), (7, np.int64(11))], (1, 3): [(np.int64(6), 5), (5, 2), (2, 29), (29, np.int64(31))], (1, 5): [(np.int64(6), 4), (4, np.int64(7))], (2, 3): [(np.int64(11), 7), (7, 5), (5, 2), (2, 29), (29, 30), (30, 28), (28, np.int64(31))], (2, 6): [(np.int64(11), 7), (7, 4), (4, 0), (0, 20), (20, np.int64(23))], (2, 8): [(np.int64(11), 7), (7, 5), (5, np.int64(3))], (3, 4): [(np.int64(31), 29), (29, 2), (2, np.int64(5))], (3, 7): [(np.int64(31), 28), (28, np.int64(30))], (4, 5): [(np.int64(5), 6), (6, 4), (4, np.int64(7))], (4, 7): [(np.int64(5), 3), (3, 29), (29, np.int64(30))], (5, 6): []}","{(5, np.int64(7)): {'cpu': 20}, (2, np.int64(11)): {'cpu': 16}, (4, np.int64(5)): {'cpu': 16}, (1, np.int64(6)): {'cpu': 14}, (3, np.int64(31)): {'cpu': 5}, (7, np.int64(30)): {'cpu': 6}, (8, np.int64(3)): {'cpu': 7}, (6, np.int64(23)): {'cpu': 4}, (0, np.int64(22)): {'cpu': 0}}","{((0, 1), (np.int64(22), 20)): {'bw': 9}, ((0, 1), (20, 0)): {'bw': 9}, ((0, 1), (0, 4)): {'bw': 9}, ((0, 1), (4, np.int64(6))): {'bw': 9}, ((0, 3), (np.int64(22), 21)): {'bw': 34}, ((0, 3), (21, 3)): {'bw': 34}, ((0, 3), (3, 29)): {'bw': 34}, ((0, 3), (29, np.int64(31))): {'bw': 34}, ((0, 7), (np.int64(22), 20)): {'bw': 2}, ((0, 7), (20, 0)): {'bw': 2}, ((0, 7), (0, 28)): {'bw': 2}, ((0, 7), (28, np.int64(30))): {'bw': 2}, ((0, 8), (np.int64(22), 21)): {'bw': 4}, ((0, 8), (21, np.int64(3))): {'bw': 4}, ((1, 2), (np.int64(6), 4)): {'bw': 13}, ((1, 2), (4, 7)): {'bw': 13}, ((1, 2), (7, np.int64(11))): {'bw': 13}, ((1, 3), (np.int64(6), 5)): {'bw': 2}, ((1, 3), (5, 2)): {'bw': 2}, ((1, 3), (2, 29)): {'bw': 2}, ((1, 3), (29, np.int64(31))): {'bw': 2}, ((1, 5), (np.int64(6), 4)): {'bw': 27}, ((1, 5), (4, np.int64(7))): {'bw': 27}, ((2, 3), (np.int64(11), 7)): {'bw': 35}, ((2, 3), (7, 5)): {'bw': 35}, ((2, 3), (5, 2)): {'bw': 35}, ((2, 3), (2, 29)): {'bw': 35}, ((2, 3), (29, 30)): {'bw': 35}, ((2, 3), (30, 28)): {'bw': 35}, ((2, 3), (28, np.int64(31))): {'bw': 35}, ((2, 6), (np.int64(11), 7)): {'bw': 0}, ((2, 6), (7, 4)): {'bw': 0}, ((2, 6), (4, 0)): {'bw': 0}, ((2, 6), (0, 20)): {'bw': 0}, ((2, 6), (20, np.int64(23))): {'bw': 0}, ((2, 8), (np.int64(11), 7)): {'bw': 34}, ((2, 8), (7, 5)): {'bw': 34}, ((2, 8), (5, np.int64(3))): {'bw': 34}, ((3, 4), (np.int64(31), 29)): {'bw': 6}, ((3, 4), (29, 2)): {'bw': 6}, ((3, 4), (2, np.int64(5))): {'bw': 6}, ((3, 7), (np.int64(31), 28)): {'bw': 16}, ((3, 7), (28, np.int64(30))): {'bw': 16}, ((4, 5), (np.int64(5), 6)): {'bw': 37}, ((4, 5), (6, 4)): {'bw': 37}, ((4, 5), (4, np.int64(7))): {'bw': 37}, ((4, 7), (np.int64(5), 3)): {'bw': 17}, ((4, 7), (3, 29)): {'bw': 17}, ((4, 7), (29, np.int64(30))): {'bw': 17}}",0.0,0.0,176.0,88.0,306.0,0.0,0.0,0.0,0.0,0.0,0.0,0.0,0.0,0.0,Route Failure,34.0,"{'node_level': {}, 'link_level': {}, 'path_level': {}}","{'node_level': {5: {'cpu': -25}, 2: {'cpu': -46}, 4: {'cpu': -35}, 1: {'cpu': -27}, 3: {'cpu': -52}, 7: {'cpu': -34}, 8: {'cpu': -25}, 6: {'cpu': -33}, 0: {'cpu': -44}}, 'link_level': {(0, 1): {'bw': -7}, (0, 3): {'bw': -6}, (0, 7): {'bw': -1}, (0, 8): {'bw': -2}, (1, 2): {'bw': -76}, (1, 3): {'bw': -21}, (1, 5): {'bw': -49}, (2, 3): {'bw': -10}, (2, 6): {'bw': -7}, (2, 8): {'bw': -18}, (3, 4): {'bw': -4}, (3, 7): {'bw': -14}, (4, 5): {'bw': -12}, (4, 7): {'bw': -49}, (5, 6): {'bw': 34}}, 'path_level': {(0, 1): {}, (0, 3): {}, (0, 7): {}, (0, 8): {}, (1, 2): {}, (1, 3): {}, (1, 5): {}, (2, 3): {}, (2, 6): {}, (2, 8): {}, (3, 4): {}, (3, 7): {}, (4, 5): {}, (4, 7): {}, (5, 6): {}}}","{'node_level': {5: {'cpu': 0}, 2: {'cpu': 0}, 4: {'cpu': 0}, 1: {'cpu': 0}, 3: {'cpu': 0}, 7: {'cpu': 0}, 8: {'cpu': 0}, 6: {'cpu': 0}, 0: {'cpu': 0}}, 'link_level': {(0, 1): {'bw': 0}, (0, 3): {'bw': 0}, (0, 7): {'bw': 0}, (0, 8): {'bw': 0}, (1, 2): {'bw': 0}, (1, 3): {'bw': 0}, (1, 5): {'bw': 0}, (2, 3): {'bw': 0}, (2, 6): {'bw': 0}, (2, 8): {'bw': 0}, (3, 4): {'bw': 0}, (3, 7): {'bw': 0}, (4, 5): {'bw': 0}, (4, 7): {'bw': 0}, (5, 6): {'bw': 34}}, 'path_level': {(0, 1): {}, (0, 3): {}, (0, 7): {}, (0, 8): {}, (1, 2): {}, (1, 3): {}, (1, 5): {}, (2, 3): {}, (2, 6): {}, (2, 8): {}, (3, 4): {}, (3, 7): {}, (4, 5): {}, (4, 7): {}, (5, 6): {}}}",[],-inf,-inf,True,False,False,0,[],0,0.0,9.0,15.0
53,44,10,11129.0,20954.0,4262184.700110244,8754434.059359146,0.5311157774171996,0.48686010668544,29,89,0,1371.6844044195245,9589,1958,7631,0.24923312883435578,0.4419744058500914,50,55.684404419524625,1316.0,5,5,False,{},{},{},{},0.0,0.0,0.0,0.0,0.0,0.0,0.0,0.0,0.0,0.0,0.0,0.0,0.0,0.0,Leave Event,0.0,"{'node_level': {}, 'link_level': {}, 'path_level': {}}","{'node_level': {}, 'link_level': {}, 'path_level': {}}","{'node_level': {}, 'link_level': {}, 'path_level': {}}",[],-inf,-inf,True,True,False,0,[],0,0.0,,
54,45,11,11375.0,21389.0,4356203.40485453,8920686.647016726,0.5318154191406798,0.4883260198710533,29,90,1,1378.0,9154,1913,7241,0.26648773006134974,0.47049360146252284,53,382.1898566840906,1378.0,6,9,True,"{4: np.int64(23), 5: np.int64(26), 2: np.int64(20), 0: np.int64(22), 3: np.int64(21), 1: np.int64(7)}","{(0, 1): [(np.int64(22), 21), (21, 2), (2, 5), (5, np.int64(7))], (0, 2): [(np.int64(22), 20)], (0, 5): [(np.int64(22), 20), (20, 23), (23, np.int64(26))], (1, 2): [(np.int64(7), 4), (4, 0), (0, np.int64(20))], (2, 4): [(np.int64(20), 23)], (2, 5): [(np.int64(20), 23), (23, np.int64(26))], (3, 4): [(np.int64(21), 23)], (3, 5): [(np.int64(21), 23), (23, np.int64(26))], (4, 5): [(np.int64(23), 26)]}","{(4, np.int64(23)): {'cpu': 17}, (5, np.int64(26)): {'cpu': 13}, (2, np.int64(20)): {'cpu': 9}, (0, np.int64(22)): {'cpu': 5}, (3, np.int64(21)): {'cpu': 1}, (1, np.int64(7)): {'cpu': 0}}","{((0, 1), (np.int64(22), 21)): {'bw': 35}, ((0, 1), (21, 2)): {'bw': 35}, ((0, 1), (2, 5)): {'bw': 35}, ((0, 1), (5, np.int64(7))): {'bw': 35}, ((0, 2), (np.int64(22), 20)): {'bw': 31}, ((0, 5), (np.int64(22), 20)): {'bw': 9}, ((0, 5), (20, 23)): {'bw': 9}, ((0, 5), (23, np.int64(26))): {'bw': 9}, ((1, 2), (np.int64(7), 4)): {'bw': 12}, ((1, 2), (4, 0)): {'bw': 12}, ((1, 2), (0, np.int64(20))): {'bw': 12}, ((2, 4), (np.int64(20), 23)): {'bw': 28}, ((2, 5), (np.int64(20), 23)): {'bw': 12}, ((2, 5), (23, np.int64(26))): {'bw': 12}, ((3, 4), (np.int64(21), 23)): {'bw': 31}, ((3, 5), (np.int64(21), 23)): {'bw': 30}, ((3, 5), (23, np.int64(26))): {'bw': 30}, ((4, 5), (np.int64(23), 26)): {'bw': 13}}",435.0,246.0,90.0,45.0,201.0,45.0,201.0,45.0,390.0,189.0,0.5655172413793104,166252.58765757942,94018.7047442863,216.13495343514091,Success,0.0,"{'node_level': {}, 'link_level': {}, 'path_level': {}}","{'node_level': {4: {'cpu': -28}, 5: {'cpu': -87}, 2: {'cpu': -51}, 0: {'cpu': -51}, 3: {'cpu': -29}, 1: {'cpu': -45}}, 'link_level': {(0, 1): {'bw': -12}, (0, 2): {'bw': -75}, (0, 5): {'bw': -66}, (1, 2): {'bw': -4}, (2, 4): {'bw': -117}, (2, 5): {'bw': -105}, (3, 4): {'bw': -171}, (3, 5): {'bw': -141}, (4, 5): {'bw': -271}}, 'path_level': {(0, 1): {}, (0, 2): {}, (0, 5): {}, (1, 2): {}, (2, 4): {}, (2, 5): {}, (3, 4): {}, (3, 5): {}, (4, 5): {}}}","{'node_level': {4: {'cpu': 0}, 5: {'cpu': 0}, 2: {'cpu': 0}, 0: {'cpu': 0}, 3: {'cpu': 0}, 1: {'cpu': 0}}, 'link_level': {(0, 1): {'bw': 0}, (0, 2): {'bw': 0}, (0, 5): {'bw': 0}, (1, 2): {'bw': 0}, (2, 4): {'bw': 0}, (2, 5): {'bw': 0}, (3, 4): {'bw': 0}, (3, 5): {'bw': 0}, (4, 5): {'bw': 0}}, 'path_level': {(0, 1): {}, (0, 2): {}, (0, 5): {}, (1, 2): {}, (2, 4): {}, (2, 5): {}, (3, 4): {}, (3, 5): {}, (4, 5): {}}}",[],-inf,-inf,True,True,False,0,[],0,0.0,6.0,9.0
54,45,10,11375.0,21389.0,4356203.40485453,8920686.647016726,0.5318154191406798,0.4883260198710533,29,91,0,1387.0022854914,10246,2026,8220,0.22315950920245398,0.3989031078610603,27,652.0022854914001,735.0,10,20,False,{},{},{},{},0.0,0.0,0.0,0.0,0.0,0.0,0.0,0.0,0.0,0.0,0.0,0.0,0.0,0.0,Leave Event,0.0,"{'node_level': {}, 'link_level': {}, 'path_level': {}}","{'node_level': {}, 'link_level': {}, 'path_level': {}}","{'node_level': {}, 'link_level': {}, 'path_level': {}}",[],-inf,-inf,True,True,False,0,[],0,0.0,,
54,45,9,11375.0,21389.0,4356203.40485453,8920686.647016726,0.5318154191406798,0.4883260198710533,29,92,0,1402.1173299335453,10376,2059,8317,0.21050613496932513,0.39180987202925044,5,1241.1173299335453,161.0,3,2,False,{},{},{},{},0.0,0.0,0.0,0.0,0.0,0.0,0.0,0.0,0.0,0.0,0.0,0.0,0.0,0.0,Leave Event,0.0,"{'node_level': {}, 'link_level': {}, 'path_level': {}}","{'node_level': {}, 'link_level': {}, 'path_level': {}}","{'node_level': {}, 'link_level': {}, 'path_level': {}}",[],-inf,-inf,True,True,False,0,[],0,0.0,,
55,46,10,11647.0,21960.0,4401159.189001198,9015060.738001093,0.5303734061930784,0.48820072508763435,29,93,1,1403.0,9805,2001,7804,0.23274539877300615,0.4293235831809872,54,165.2786181862825,1403.0,7,7,True,"{0: np.int64(15), 5: np.int64(13), 3: np.int64(3), 2: np.int64(5), 1: np.int64(7), 4: np.int64(6), 6: np.int64(21)}","{(0, 1): [(np.int64(15), 12), (12, 1), (1, 4), (4, np.int64(7))], (0, 2): [(np.int64(15), 13), (13, 3), (3, np.int64(5))], (0, 6): [(np.int64(15), 13), (13, 2), (2, np.int64(21))], (1, 4): [(np.int64(7), 4), (4, np.int64(6))], (3, 5): [(np.int64(3), 13)], (4, 5): [(np.int64(6), 5), (5, 2), (2, np.int64(13))], (5, 6): [(np.int64(13), 3), (3, np.int64(21))]}","{(0, np.int64(15)): {'cpu': 9}, (5, np.int64(13)): {'cpu': 7}, (3, np.int64(3)): {'cpu': 14}, (2, np.int64(5)): {'cpu': 13}, (1, np.int64(7)): {'cpu': 6}, (4, np.int64(6)): {'cpu': 7}, (6, np.int64(21)): {'cpu': 2}}","{((0, 1), (np.int64(15), 12)): {'bw': 25}, ((0, 1), (12, 1)): {'bw': 25}, ((0, 1), (1, 4)): {'bw': 25}, ((0, 1), (4, np.int64(7))): {'bw': 25}, ((0, 2), (np.int64(15), 13)): {'bw': 32}, ((0, 2), (13, 3)): {'bw': 32}, ((0, 2), (3, np.int64(5))): {'bw': 32}, ((0, 6), (np.int64(15), 13)): {'bw': 30}, ((0, 6), (13, 2)): {'bw': 30}, ((0, 6), (2, np.int64(21))): {'bw': 30}, ((1, 4), (np.int64(7), 4)): {'bw': 27}, ((1, 4), (4, np.int64(6))): {'bw': 27}, ((3, 5), (np.int64(3), 13)): {'bw': 41}, ((4, 5), (np.int64(6), 5)): {'bw': 14}, ((4, 5), (5, 2)): {'bw': 14}, ((4, 5), (2, np.int64(13))): {'bw': 14}, ((5, 6), (np.int64(13), 3)): {'bw': 45}, ((5, 6), (3, np.int64(21))): {'bw': 45}}",571.0,272.0,116.0,58.0,214.0,58.0,214.0,58.0,513.0,299.0,0.4763572679509632,94374.09098436731,44955.78414666884,78.73167100992792,Success,0.0,"{'node_level': {}, 'link_level': {}, 'path_level': {}}","{'node_level': {0: {'cpu': -51}, 5: {'cpu': -74}, 3: {'cpu': -28}, 2: {'cpu': -45}, 1: {'cpu': -42}, 4: {'cpu': -35}, 6: {'cpu': -44}}, 'link_level': {(0, 1): {'bw': -56}, (0, 2): {'bw': -108}, (0, 6): {'bw': -33}, (1, 4): {'bw': -120}, (3, 5): {'bw': -147}, (4, 5): {'bw': 0}, (5, 6): {'bw': -102}}, 'path_level': {(0, 1): {}, (0, 2): {}, (0, 6): {}, (1, 4): {}, (3, 5): {}, (4, 5): {}, (5, 6): {}}}","{'node_level': {0: {'cpu': 0}, 5: {'cpu': 0}, 3: {'cpu': 0}, 2: {'cpu': 0}, 1: {'cpu': 0}, 4: {'cpu': 0}, 6: {'cpu': 0}}, 'link_level': {(0, 1): {'bw': 0}, (0, 2): {'bw': 0}, (0, 6): {'bw': 0}, (1, 4): {'bw': 0}, (3, 5): {'bw': 0}, (4, 5): {'bw': 0}, (5, 6): {'bw': 0}}, 'path_level': {(0, 1): {}, (0, 2): {}, (0, 6): {}, (1, 4): {}, (3, 5): {}, (4, 5): {}, (5, 6): {}}}",[],-inf,-inf,True,True,False,0,[],0,0.0,7.0,7.0
55,46,9,11647.0,21960.0,4401159.189001198,9015060.738001093,0.5303734061930784,0.48820072508763435,29,94,0,1419.1832524739898,10691,2082,8609,0.20168711656441718,0.3704570383912249,18,915.1832524739899,504.0,9,13,False,{},{},{},{},0.0,0.0,0.0,0.0,0.0,0.0,0.0,0.0,0.0,0.0,0.0,0.0,0.0,0.0,Leave Event,0.0,"{'node_level': {}, 'link_level': {}, 'path_level': {}}","{'node_level': {}, 'link_level': {}, 'path_level': {}}","{'node_level': {}, 'link_level': {}, 'path_level': {}}",[],-inf,-inf,True,True,False,0,[],0,0.0,,
56,47,10,11849.0,22281.0,4445383.17819571,9085337.473305244,0.5317983932498541,0.4892920258886631,29,95,1,1424.0,10370,2038,8332,0.21855828220858897,0.39071297989031084,55,218.93063957679414,1424.0,5,6,True,"{2: np.int64(31), 3: np.int64(29), 0: np.int64(30), 1: np.int64(3), 4: np.int64(13)}","{(0, 3): [(np.int64(30), 29)], (1, 2): [(np.int64(3), 29), (29, np.int64(31))], (1, 3): [(np.int64(3), 29)], (2, 3): [(np.int64(31), 29)], (2, 4): [(np.int64(31), 29), (29, 2), (2, np.int64(13))], (3, 4): [(np.int64(29), 3), (3, np.int64(13))]}","{(2, np.int64(31)): {'cpu': 10}, (3, np.int64(29)): {'cpu': 6}, (0, np.int64(30)): {'cpu': 17}, (1, np.int64(3)): {'cpu': 9}, (4, np.int64(13)): {'cpu': 2}}","{((0, 3), (np.int64(30), 29)): {'bw': 30}, ((1, 2), (np.int64(3), 29)): {'bw': 13}, ((1, 2), (29, np.int64(31))): {'bw': 13}, ((1, 3), (np.int64(3), 29)): {'bw': 14}, ((2, 3), (np.int64(31), 29)): {'bw': 27}, ((2, 4), (np.int64(31), 29)): {'bw': 32}, ((2, 4), (29, 2)): {'bw': 32}, ((2, 4), (2, np.int64(13))): {'bw': 32}, ((3, 4), (np.int64(29), 3)): {'bw': 42}, ((3, 4), (3, np.int64(13))): {'bw': 42}}",321.0,202.0,88.0,44.0,158.0,44.0,158.0,44.0,277.0,119.0,0.6292834890965732,70276.73530415092,44223.98919451242,137.76943674302933,Success,0.0,"{'node_level': {}, 'link_level': {}, 'path_level': {}}","{'node_level': {2: {'cpu': -64}, 3: {'cpu': -51}, 0: {'cpu': -38}, 1: {'cpu': -28}, 4: {'cpu': -77}}, 'link_level': {(0, 3): {'bw': -107}, (1, 2): {'bw': -86}, (1, 3): {'bw': -144}, (2, 3): {'bw': -59}, (2, 4): {'bw': -23}, (3, 4): {'bw': -102}}, 'path_level': {(0, 3): {}, (1, 2): {}, (1, 3): {}, (2, 3): {}, (2, 4): {}, (3, 4): {}}}","{'node_level': {2: {'cpu': 0}, 3: {'cpu': 0}, 0: {'cpu': 0}, 1: {'cpu': 0}, 4: {'cpu': 0}}, 'link_level': {(0, 3): {'bw': 0}, (1, 2): {'bw': 0}, (1, 3): {'bw': 0}, (2, 3): {'bw': 0}, (2, 4): {'bw': 0}, (3, 4): {'bw': 0}}, 'path_level': {(0, 3): {}, (1, 2): {}, (1, 3): {}, (2, 3): {}, (2, 4): {}, (3, 4): {}}}",[],-inf,-inf,True,True,False,0,[],0,0.0,5.0,6.0
57,47,10,11849.0,22281.0,4445383.17819571,9085337.473305244,0.5317983932498541,0.4892920258886631,29,96,1,1443.0,10370,2038,8332,0.21855828220858897,0.39071297989031084,56,1133.0313669311772,1443.0,8,17,False,"{1: np.int64(15), 6: np.int64(13), 5: np.int64(12), 4: np.int64(14), 7: np.int64(18), 2: np.int64(31), 3: np.int64(1), 0: np.int64(22)}","{(0, 4): [(np.int64(22), 20), (20, 0), (0, 12), (12, np.int64(14))], (0, 6): [(np.int64(22), 21), (21, 2), (2, np.int64(13))], (1, 2): [(np.int64(15), 12), (12, 0), (0, 28), (28, np.int64(31))], (1, 3): [(np.int64(15), 12), (12, np.int64(1))], (1, 4): [(np.int64(15), 12), (12, np.int64(14))], (1, 5): [(np.int64(15), 12)], (1, 6): [(np.int64(15), 13)], (2, 3): [(np.int64(31), 28), (28, np.int64(1))], (2, 4): [(np.int64(31), 28), (28, 0), (0, 12), (12, np.int64(14))], (3, 6): [(np.int64(1), 12), (12, 14), (14, np.int64(13))], (3, 7): [(np.int64(1), 12), (12, 14), (14, 13), (13, 15), (15, np.int64(18))], (4, 5): [(np.int64(14), 12)], (4, 6): [(np.int64(14), 13)], (4, 7): []}","{(1, np.int64(15)): {'cpu': 19}, (6, np.int64(13)): {'cpu': 20}, (5, np.int64(12)): {'cpu': 18}, (4, np.int64(14)): {'cpu': 11}, (7, np.int64(18)): {'cpu': 6}, (2, np.int64(31)): {'cpu': 10}, (3, np.int64(1)): {'cpu': 4}, (0, np.int64(22)): {'cpu': 18}}","{((0, 4), (np.int64(22), 20)): {'bw': 4}, ((0, 4), (20, 0)): {'bw': 4}, ((0, 4), (0, 12)): {'bw': 4}, ((0, 4), (12, np.int64(14))): {'bw': 4}, ((0, 6), (np.int64(22), 21)): {'bw': 15}, ((0, 6), (21, 2)): {'bw': 15}, ((0, 6), (2, np.int64(13))): {'bw': 15}, ((1, 2), (np.int64(15), 12)): {'bw': 28}, ((1, 2), (12, 0)): {'bw': 28}, ((1, 2), (0, 28)): {'bw': 28}, ((1, 2), (28, np.int64(31))): {'bw': 28}, ((1, 3), (np.int64(15), 12)): {'bw': 30}, ((1, 3), (12, np.int64(1))): {'bw': 30}, ((1, 4), (np.int64(15), 12)): {'bw': 39}, ((1, 4), (12, np.int64(14))): {'bw': 39}, ((1, 5), (np.int64(15), 12)): {'bw': 48}, ((1, 6), (np.int64(15), 13)): {'bw': 46}, ((2, 3), (np.int64(31), 28)): {'bw': 21}, ((2, 3), (28, np.int64(1))): {'bw': 21}, ((2, 4), (np.int64(31), 28)): {'bw': 27}, ((2, 4), (28, 0)): {'bw': 27}, ((2, 4), (0, 12)): {'bw': 27}, ((2, 4), (12, np.int64(14))): {'bw': 27}, ((3, 6), (np.int64(1), 12)): {'bw': 5}, ((3, 6), (12, 14)): {'bw': 5}, ((3, 6), (14, np.int64(13))): {'bw': 5}, ((3, 7), (np.int64(1), 12)): {'bw': 35}, ((3, 7), (12, 14)): {'bw': 35}, ((3, 7), (14, 13)): {'bw': 35}, ((3, 7), (13, 15)): {'bw': 35}, ((3, 7), (15, np.int64(18))): {'bw': 35}, ((4, 5), (np.int64(14), 12)): {'bw': 8}, ((4, 6), (np.int64(14), 13)): {'bw': 18}}",0.0,0.0,212.0,106.0,499.0,0.0,0.0,0.0,0.0,0.0,0.0,0.0,0.0,0.0,Route Failure,63.0,"{'node_level': {}, 'link_level': {}, 'path_level': {}}","{'node_level': {1: {'cpu': -36}, 6: {'cpu': -57}, 5: {'cpu': -39}, 4: {'cpu': -20}, 7: {'cpu': -81}, 2: {'cpu': -54}, 3: {'cpu': -74}, 0: {'cpu': -37}}, 'link_level': {(0, 4): {'bw': -76}, (0, 6): {'bw': -8}, (1, 2): {'bw': -27}, (1, 3): {'bw': -92}, (1, 4): {'bw': -82}, (1, 5): {'bw': -34}, (1, 6): {'bw': -76}, (2, 3): {'bw': -76}, (2, 4): {'bw': 0}, (3, 6): {'bw': -61}, (3, 7): {'bw': -26}, (4, 5): {'bw': -18}, (4, 6): {'bw': -154}, (4, 7): {'bw': 38}}, 'path_level': {(0, 4): {}, (0, 6): {}, (1, 2): {}, (1, 3): {}, (1, 4): {}, (1, 5): {}, (1, 6): {}, (2, 3): {}, (2, 4): {}, (3, 6): {}, (3, 7): {}, (4, 5): {}, (4, 6): {}, (4, 7): {}}}","{'node_level': {1: {'cpu': 0}, 6: {'cpu': 0}, 5: {'cpu': 0}, 4: {'cpu': 0}, 7: {'cpu': 0}, 2: {'cpu': 0}, 3: {'cpu': 0}, 0: {'cpu': 0}}, 'link_level': {(0, 4): {'bw': 0}, (0, 6): {'bw': 0}, (1, 2): {'bw': 0}, (1, 3): {'bw': 0}, (1, 4): {'bw': 0}, (1, 5): {'bw': 0}, (1, 6): {'bw': 0}, (2, 3): {'bw': 0}, (2, 4): {'bw': 0}, (3, 6): {'bw': 0}, (3, 7): {'bw': 0}, (4, 5): {'bw': 0}, (4, 6): {'bw': 0}, (4, 7): {'bw': 63}}, 'path_level': {(0, 4): {}, (0, 6): {}, (1, 2): {}, (1, 3): {}, (1, 4): {}, (1, 5): {}, (1, 6): {}, (2, 3): {}, (2, 4): {}, (3, 6): {}, (3, 7): {}, (4, 5): {}, (4, 6): {}, (4, 7): {}}}",[],-inf,-inf,True,False,False,0,[],0,0.0,8.0,14.0
58,47,10,11849.0,22281.0,4445383.17819571,9085337.473305244,0.5317983932498541,0.4892920258886631,29,97,1,1463.0,10370,2038,8332,0.21855828220858897,0.39071297989031084,57,138.19908195597117,1463.0,10,23,False,"{7: np.int64(15), 0: np.int64(13), 1: np.int64(12), 5: np.int64(14), 2: np.int64(18), 6: np.int64(31), 9: np.int64(1), 8: np.int64(22), 4: np.int64(30), 3: np.int64(0)}","{(0, 1): [(np.int64(13), 14), (14, np.int64(12))], (0, 2): [(np.int64(13), 15), (15, np.int64(18))], (0, 5): [(np.int64(13), 14)], (0, 6): [(np.int64(13), 2), (2, 29), (29, np.int64(31))], (1, 2): [(np.int64(12), 15), (15, np.int64(18))], (1, 3): [(np.int64(12), 0)], (1, 5): [(np.int64(12), 14)], (1, 7): [(np.int64(12), 15)], (1, 9): [(np.int64(12), 1)], (2, 5): [(np.int64(18), 15), (15, 12), (12, np.int64(14))], (2, 7): [(np.int64(18), 15)], (2, 8): [(np.int64(18), 15), (15, 12), (12, 0), (0, 20), (20, np.int64(22))], (2, 9): [(np.int64(18), 15), (15, 13), (13, 3), (3, 5), (5, 6), (6, 4), (4, np.int64(1))], (3, 4): [(np.int64(0), 28), (28, np.int64(30))], (3, 7): [(np.int64(0), 12), (12, np.int64(15))], (3, 9): [(np.int64(0), 12), (12, np.int64(1))], (4, 6): [(np.int64(30), 28), (28, np.int64(31))], (4, 8): [(np.int64(30), 28), (28, 0), (0, 20), (20, np.int64(22))], (5, 6): []}","{(7, np.int64(15)): {'cpu': 20}, (0, np.int64(13)): {'cpu': 19}, (1, np.int64(12)): {'cpu': 12}, (5, np.int64(14)): {'cpu': 8}, (2, np.int64(18)): {'cpu': 10}, (6, np.int64(31)): {'cpu': 15}, (9, np.int64(1)): {'cpu': 5}, (8, np.int64(22)): {'cpu': 5}, (4, np.int64(30)): {'cpu': 11}, (3, np.int64(0)): {'cpu': 8}}","{((0, 1), (np.int64(13), 14)): {'bw': 48}, ((0, 1), (14, np.int64(12))): {'bw': 48}, ((0, 2), (np.int64(13), 15)): {'bw': 23}, ((0, 2), (15, np.int64(18))): {'bw': 23}, ((0, 5), (np.int64(13), 14)): {'bw': 49}, ((0, 6), (np.int64(13), 2)): {'bw': 4}, ((0, 6), (2, 29)): {'bw': 4}, ((0, 6), (29, np.int64(31))): {'bw': 4}, ((1, 2), (np.int64(12), 15)): {'bw': 20}, ((1, 2), (15, np.int64(18))): {'bw': 20}, ((1, 3), (np.int64(12), 0)): {'bw': 13}, ((1, 5), (np.int64(12), 14)): {'bw': 29}, ((1, 7), (np.int64(12), 15)): {'bw': 50}, ((1, 9), (np.int64(12), 1)): {'bw': 28}, ((2, 5), (np.int64(18), 15)): {'bw': 50}, ((2, 5), (15, 12)): {'bw': 50}, ((2, 5), (12, np.int64(14))): {'bw': 50}, ((2, 7), (np.int64(18), 15)): {'bw': 27}, ((2, 8), (np.int64(18), 15)): {'bw': 28}, ((2, 8), (15, 12)): {'bw': 28}, ((2, 8), (12, 0)): {'bw': 28}, ((2, 8), (0, 20)): {'bw': 28}, ((2, 8), (20, np.int64(22))): {'bw': 28}, ((2, 9), (np.int64(18), 15)): {'bw': 39}, ((2, 9), (15, 13)): {'bw': 39}, ((2, 9), (13, 3)): {'bw': 39}, ((2, 9), (3, 5)): {'bw': 39}, ((2, 9), (5, 6)): {'bw': 39}, ((2, 9), (6, 4)): {'bw': 39}, ((2, 9), (4, np.int64(1))): {'bw': 39}, ((3, 4), (np.int64(0), 28)): {'bw': 17}, ((3, 4), (28, np.int64(30))): {'bw': 17}, ((3, 7), (np.int64(0), 12)): {'bw': 5}, ((3, 7), (12, np.int64(15))): {'bw': 5}, ((3, 9), (np.int64(0), 12)): {'bw': 19}, ((3, 9), (12, np.int64(1))): {'bw': 19}, ((4, 6), (np.int64(30), 28)): {'bw': 8}, ((4, 6), (28, np.int64(31))): {'bw': 8}, ((4, 8), (np.int64(30), 28)): {'bw': 15}, ((4, 8), (28, 0)): {'bw': 15}, ((4, 8), (0, 20)): {'bw': 15}, ((4, 8), (20, np.int64(22))): {'bw': 15}}",0.0,0.0,226.0,113.0,644.0,0.0,0.0,0.0,0.0,0.0,0.0,0.0,0.0,0.0,Route Failure,59.0,"{'node_level': {}, 'link_level': {}, 'path_level': {}}","{'node_level': {7: {'cpu': -35}, 0: {'cpu': -58}, 1: {'cpu': -45}, 5: {'cpu': -23}, 2: {'cpu': -77}, 6: {'cpu': -49}, 9: {'cpu': -73}, 8: {'cpu': -50}, 4: {'cpu': -27}, 3: {'cpu': -42}}, 'link_level': {(0, 1): {'bw': -88}, (0, 2): {'bw': -99}, (0, 5): {'bw': -115}, (0, 6): {'bw': -19}, (1, 2): {'bw': -159}, (1, 3): {'bw': -133}, (1, 5): {'bw': -59}, (1, 7): {'bw': -109}, (1, 9): {'bw': -94}, (2, 5): {'bw': -9}, (2, 7): {'bw': -189}, (2, 8): {'bw': -31}, (2, 9): {'bw': -17}, (3, 4): {'bw': -38}, (3, 7): {'bw': -26}, (3, 9): {'bw': -75}, (4, 6): {'bw': -95}, (4, 8): {'bw': -23}, (5, 6): {'bw': 27}}, 'path_level': {(0, 1): {}, (0, 2): {}, (0, 5): {}, (0, 6): {}, (1, 2): {}, (1, 3): {}, (1, 5): {}, (1, 7): {}, (1, 9): {}, (2, 5): {}, (2, 7): {}, (2, 8): {}, (2, 9): {}, (3, 4): {}, (3, 7): {}, (3, 9): {}, (4, 6): {}, (4, 8): {}, (5, 6): {}}}","{'node_level': {7: {'cpu': 0}, 0: {'cpu': 0}, 1: {'cpu': 0}, 5: {'cpu': 0}, 2: {'cpu': 0}, 6: {'cpu': 0}, 9: {'cpu': 0}, 8: {'cpu': 0}, 4: {'cpu': 0}, 3: {'cpu': 0}}, 'link_level': {(0, 1): {'bw': 0}, (0, 2): {'bw': 0}, (0, 5): {'bw': 0}, (0, 6): {'bw': 0}, (1, 2): {'bw': 0}, (1, 3): {'bw': 0}, (1, 5): {'bw': 0}, (1, 7): {'bw': 0}, (1, 9): {'bw': 0}, (2, 5): {'bw': 0}, (2, 7): {'bw': 0}, (2, 8): {'bw': 0}, (2, 9): {'bw': 0}, (3, 4): {'bw': 0}, (3, 7): {'bw': 0}, (3, 9): {'bw': 0}, (4, 6): {'bw': 0}, (4, 8): {'bw': 0}, (5, 6): {'bw': 59}}, 'path_level': {(0, 1): {}, (0, 2): {}, (0, 5): {}, (0, 6): {}, (1, 2): {}, (1, 3): {}, (1, 5): {}, (1, 7): {}, (1, 9): {}, (2, 5): {}, (2, 7): {}, (2, 8): {}, (2, 9): {}, (3, 4): {}, (3, 7): {}, (3, 9): {}, (4, 6): {}, (4, 8): {}, (5, 6): {}}}",[],-inf,-inf,True,False,False,0,[],0,0.0,10.0,19.0
58,47,10,11849.0,22281.0,4445383.17819571,9085337.473305244,0.5317983932498541,0.4892920258886631,29,98,0,1466.3718779247286,10370,2038,8332,0.21855828220858897,0.39071297989031084,48,203.37187792472858,1263.0,10,23,False,{},{},{},{},0.0,0.0,0.0,0.0,0.0,0.0,0.0,0.0,0.0,0.0,0.0,0.0,0.0,0.0,Leave Event,0.0,"{'node_level': {}, 'link_level': {}, 'path_level': {}}","{'node_level': {}, 'link_level': {}, 'path_level': {}}","{'node_level': {}, 'link_level': {}, 'path_level': {}}",[],-inf,-inf,True,True,False,0,[],0,0.0,,
58,47,9,11849.0,22281.0,4445383.17819571,9085337.473305244,0.5317983932498541,0.4892920258886631,29,99,0,1468.9812787583965,10574,2083,8491,0.20130368098159512,0.3790859232175503,28,705.9812787583966,763.0,5,5,False,{},{},{},{},0.0,0.0,0.0,0.0,0.0,0.0,0.0,0.0,0.0,0.0,0.0,0.0,0.0,0.0,Leave Event,0.0,"{'node_level': {}, 'link_level': {}, 'path_level': {}}","{'node_level': {}, 'link_level': {}, 'path_level': {}}","{'node_level': {}, 'link_level': {}, 'path_level': {}}",[],-inf,-inf,True,True,False,0,[],0,0.0,,
59,48,10,11894.0,22326.0,4445927.091936442,9085881.387045976,0.532742094419063,0.4893225987161949,29,100,1,1497.0,10529,2068,8461,0.2070552147239264,0.3812797074954296,58,12.086972016255492,1497.0,2,1,True,"{0: np.int64(31), 1: np.int64(28)}","{(0, 1): [(np.int64(31), 28)]}","{(0, np.int64(31)): {'cpu': 10}, (1, np.int64(28)): {'cpu': 5}}","{((0, 1), (np.int64(31), 28)): {'bw': 30}}",45.0,45.0,30.0,15.0,30.0,15.0,30.0,15.0,30.0,0.0,1.0,543.9137407314971,543.9137407314971,12.086972016255492,Success,0.0,"{'node_level': {}, 'link_level': {}, 'path_level': {}}","{'node_level': {0: {'cpu': -59}, 1: {'cpu': -66}}, 'link_level': {(0, 1): {'bw': -135}}, 'path_level': {(0, 1): {}}}","{'node_level': {0: {'cpu': 0}, 1: {'cpu': 0}}, 'link_level': {(0, 1): {'bw': 0}}, 'path_level': {(0, 1): {}}}",[],-inf,-inf,True,True,False,0,[],0,0.0,2.0,1.0
59,48,9,11894.0,22326.0,4445927.091936442,9085881.387045976,0.532742094419063,0.4893225987161949,29,101,0,1509.0869720162555,10574,2083,8491,0.20130368098159512,0.3790859232175503,58,12.086972016255492,1497.0,2,1,False,{},{},{},{},0.0,0.0,0.0,0.0,0.0,0.0,0.0,0.0,0.0,0.0,0.0,0.0,0.0,0.0,Leave Event,0.0,"{'node_level': {}, 'link_level': {}, 'path_level': {}}","{'node_level': {}, 'link_level': {}, 'path_level': {}}","{'node_level': {}, 'link_level': {}, 'path_level': {}}",[],-inf,-inf,True,True,False,0,[],0,0.0,,
59,48,9,11894.0,22326.0,4445927.091936442,9085881.387045976,0.532742094419063,0.4893225987161949,29,102,0,1519.672213661065,10574,2083,8491,0.20130368098159512,0.3790859232175503,46,307.67221366106486,1212.0,9,17,False,{},{},{},{},0.0,0.0,0.0,0.0,0.0,0.0,0.0,0.0,0.0,0.0,0.0,0.0,0.0,0.0,Leave Event,0.0,"{'node_level': {}, 'link_level': {}, 'path_level': {}}","{'node_level': {}, 'link_level': {}, 'path_level': {}}","{'node_level': {}, 'link_level': {}, 'path_level': {}}",[],-inf,-inf,True,True,False,0,[],0,0.0,,
60,49,10,11981.0,22430.0,4592669.629971556,9261297.754352318,0.5341506910387873,0.495899144135955,29,103,1,1521.0,10470,2038,8432,0.21855828220858897,0.383400365630713,59,1686.6958394840692,1521.0,4,3,True,"{2: np.int64(31), 3: np.int64(28), 1: np.int64(30), 0: np.int64(0)}","{(0, 2): [(np.int64(0), 28), (28, np.int64(31))], (1, 2): [(np.int64(30), 28), (28, np.int64(31))], (2, 3): [(np.int64(31), 28)]}","{(2, np.int64(31)): {'cpu': 10}, (3, np.int64(28)): {'cpu': 14}, (1, np.int64(30)): {'cpu': 14}, (0, np.int64(0)): {'cpu': 7}}","{((0, 2), (np.int64(0), 28)): {'bw': 5}, ((0, 2), (28, np.int64(31))): {'bw': 5}, ((1, 2), (np.int64(30), 28)): {'bw': 12}, ((1, 2), (28, np.int64(31))): {'bw': 12}, ((2, 3), (np.int64(31), 28)): {'bw': 25}}",104.0,87.0,90.0,45.0,42.0,45.0,42.0,45.0,59.0,17.0,0.8365384615384616,175416.3673063432,146742.53803511403,1410.9859426453272,Success,0.0,"{'node_level': {}, 'link_level': {}, 'path_level': {}}","{'node_level': {2: {'cpu': -59}, 3: {'cpu': -57}, 1: {'cpu': -27}, 0: {'cpu': -60}}, 'link_level': {(0, 2): {'bw': -126}, (1, 2): {'bw': -148}, (2, 3): {'bw': -123}}, 'path_level': {(0, 2): {}, (1, 2): {}, (2, 3): {}}}","{'node_level': {2: {'cpu': 0}, 3: {'cpu': 0}, 1: {'cpu': 0}, 0: {'cpu': 0}}, 'link_level': {(0, 2): {'bw': 0}, (1, 2): {'bw': 0}, (2, 3): {'bw': 0}}, 'path_level': {(0, 2): {}, (1, 2): {}, (2, 3): {}}}",[],-inf,-inf,True,True,False,0,[],0,0.0,4.0,3.0
60,49,9,11981.0,22430.0,4592669.629971556,9261297.754352318,0.5341506910387873,0.495899144135955,29,104,0,1527.7886215719568,10496,2056,8440,0.2116564417177914,0.38281535648994514,40,469.78862157195687,1058.0,2,1,False,{},{},{},{},0.0,0.0,0.0,0.0,0.0,0.0,0.0,0.0,0.0,0.0,0.0,0.0,0.0,0.0,Leave Event,0.0,"{'node_level': {}, 'link_level': {}, 'path_level': {}}","{'node_level': {}, 'link_level': {}, 'path_level': {}}","{'node_level': {}, 'link_level': {}, 'path_level': {}}",[],-inf,-inf,True,True,False,0,[],0,0.0,,
61,50,10,12498.0,23562.0,4737962.812739204,9579425.18741417,0.5304303539597657,0.49459781981116446,29,105,1,1543.0,9364,1966,7398,0.2461656441717791,0.45901279707495435,60,281.03130129138816,1543.0,9,18,True,"{0: np.int64(15), 3: np.int64(13), 5: np.int64(14), 8: np.int64(12), 7: np.int64(0), 2: np.int64(31), 4: np.int64(28), 6: np.int64(1), 1: np.int64(22)}","{(0, 1): [(np.int64(15), 12), (12, 0), (0, 20), (20, np.int64(22))], (0, 2): [(np.int64(15), 12), (12, 0), (0, 28), (28, np.int64(31))], (0, 3): [(np.int64(15), 13)], (0, 5): [(np.int64(15), 12), (12, np.int64(14))], (0, 6): [(np.int64(15), 12), (12, np.int64(1))], (0, 8): [(np.int64(15), 12)], (2, 3): [(np.int64(31), 29), (29, 2), (2, np.int64(13))], (2, 4): [(np.int64(31), 28)], (2, 5): [(np.int64(31), 28), (28, 0), (0, 12), (12, np.int64(14))], (2, 7): [(np.int64(31), 28), (28, np.int64(0))], (3, 4): [(np.int64(13), 14), (14, 12), (12, 0), (0, np.int64(28))], (3, 5): [(np.int64(13), 14)], (3, 6): [(np.int64(13), 14), (14, 12), (12, np.int64(1))], (4, 7): [(np.int64(28), 0)], (5, 6): [(np.int64(14), 12), (12, np.int64(1))], (5, 7): [(np.int64(14), 13), (13, 15), (15, 12), (12, np.int64(0))], (5, 8): [(np.int64(14), 13), (13, 3), (3, 5), (5, 6), (6, 4), (4, 0), (0, np.int64(12))], (7, 8): [(np.int64(0), 12)]}","{(0, np.int64(15)): {'cpu': 15}, (3, np.int64(13)): {'cpu': 15}, (5, np.int64(14)): {'cpu': 7}, (8, np.int64(12)): {'cpu': 11}, (7, np.int64(0)): {'cpu': 14}, (2, np.int64(31)): {'cpu': 12}, (4, np.int64(28)): {'cpu': 9}, (6, np.int64(1)): {'cpu': 2}, (1, np.int64(22)): {'cpu': 5}}","{((0, 1), (np.int64(15), 12)): {'bw': 2}, ((0, 1), (12, 0)): {'bw': 2}, ((0, 1), (0, 20)): {'bw': 2}, ((0, 1), (20, np.int64(22))): {'bw': 2}, ((0, 2), (np.int64(15), 12)): {'bw': 25}, ((0, 2), (12, 0)): {'bw': 25}, ((0, 2), (0, 28)): {'bw': 25}, ((0, 2), (28, np.int64(31))): {'bw': 25}, ((0, 3), (np.int64(15), 13)): {'bw': 36}, ((0, 5), (np.int64(15), 12)): {'bw': 48}, ((0, 5), (12, np.int64(14))): {'bw': 48}, ((0, 6), (np.int64(15), 12)): {'bw': 47}, ((0, 6), (12, np.int64(1))): {'bw': 47}, ((0, 8), (np.int64(15), 12)): {'bw': 37}, ((2, 3), (np.int64(31), 29)): {'bw': 3}, ((2, 3), (29, 2)): {'bw': 3}, ((2, 3), (2, np.int64(13))): {'bw': 3}, ((2, 4), (np.int64(31), 28)): {'bw': 25}, ((2, 5), (np.int64(31), 28)): {'bw': 20}, ((2, 5), (28, 0)): {'bw': 20}, ((2, 5), (0, 12)): {'bw': 20}, ((2, 5), (12, np.int64(14))): {'bw': 20}, ((2, 7), (np.int64(31), 28)): {'bw': 0}, ((2, 7), (28, np.int64(0))): {'bw': 0}, ((3, 4), (np.int64(13), 14)): {'bw': 0}, ((3, 4), (14, 12)): {'bw': 0}, ((3, 4), (12, 0)): {'bw': 0}, ((3, 4), (0, np.int64(28))): {'bw': 0}, ((3, 5), (np.int64(13), 14)): {'bw': 17}, ((3, 6), (np.int64(13), 14)): {'bw': 46}, ((3, 6), (14, 12)): {'bw': 46}, ((3, 6), (12, np.int64(1))): {'bw': 46}, ((4, 7), (np.int64(28), 0)): {'bw': 35}, ((5, 6), (np.int64(14), 12)): {'bw': 20}, ((5, 6), (12, np.int64(1))): {'bw': 20}, ((5, 7), (np.int64(14), 13)): {'bw': 17}, ((5, 7), (13, 15)): {'bw': 17}, ((5, 7), (15, 12)): {'bw': 17}, ((5, 7), (12, np.int64(0))): {'bw': 17}, ((5, 8), (np.int64(14), 13)): {'bw': 35}, ((5, 8), (13, 3)): {'bw': 35}, ((5, 8), (3, 5)): {'bw': 35}, ((5, 8), (5, 6)): {'bw': 35}, ((5, 8), (6, 4)): {'bw': 35}, ((5, 8), (4, 0)): {'bw': 35}, ((5, 8), (0, np.int64(12))): {'bw': 35}, ((7, 8), (np.int64(0), 12)): {'bw': 14}}",1132.0,517.0,180.0,90.0,427.0,90.0,427.0,90.0,1042.0,615.0,0.45671378091872794,318127.4330618514,145293.18276764767,128.35086816930007,Success,0.0,"{'node_level': {}, 'link_level': {}, 'path_level': {}}","{'node_level': {0: {'cpu': -40}, 3: {'cpu': -62}, 5: {'cpu': -36}, 8: {'cpu': -46}, 7: {'cpu': -46}, 2: {'cpu': -47}, 4: {'cpu': -48}, 6: {'cpu': -76}, 1: {'cpu': -50}}, 'link_level': {(0, 1): {'bw': -78}, (0, 2): {'bw': -98}, (0, 3): {'bw': -86}, (0, 5): {'bw': -88}, (0, 6): {'bw': -57}, (0, 8): {'bw': -20}, (2, 3): {'bw': -20}, (2, 4): {'bw': -73}, (2, 5): {'bw': -53}, (2, 7): {'bw': -53}, (3, 4): {'bw': -68}, (3, 5): {'bw': -195}, (3, 6): {'bw': -22}, (4, 7): {'bw': -46}, (5, 6): {'bw': -2}, (5, 7): {'bw': -3}, (5, 8): {'bw': -18}, (7, 8): {'bw': -33}}, 'path_level': {(0, 1): {}, (0, 2): {}, (0, 3): {}, (0, 5): {}, (0, 6): {}, (0, 8): {}, (2, 3): {}, (2, 4): {}, (2, 5): {}, (2, 7): {}, (3, 4): {}, (3, 5): {}, (3, 6): {}, (4, 7): {}, (5, 6): {}, (5, 7): {}, (5, 8): {}, (7, 8): {}}}","{'node_level': {0: {'cpu': 0}, 3: {'cpu': 0}, 5: {'cpu': 0}, 8: {'cpu': 0}, 7: {'cpu': 0}, 2: {'cpu': 0}, 4: {'cpu': 0}, 6: {'cpu': 0}, 1: {'cpu': 0}}, 'link_level': {(0, 1): {'bw': 0}, (0, 2): {'bw': 0}, (0, 3): {'bw': 0}, (0, 5): {'bw': 0}, (0, 6): {'bw': 0}, (0, 8): {'bw': 0}, (2, 3): {'bw': 0}, (2, 4): {'bw': 0}, (2, 5): {'bw': 0}, (2, 7): {'bw': 0}, (3, 4): {'bw': 0}, (3, 5): {'bw': 0}, (3, 6): {'bw': 0}, (4, 7): {'bw': 0}, (5, 6): {'bw': 0}, (5, 7): {'bw': 0}, (5, 8): {'bw': 0}, (7, 8): {'bw': 0}}, 'path_level': {(0, 1): {}, (0, 2): {}, (0, 3): {}, (0, 5): {}, (0, 6): {}, (0, 8): {}, (2, 3): {}, (2, 4): {}, (2, 5): {}, (2, 7): {}, (3, 4): {}, (3, 5): {}, (3, 6): {}, (4, 7): {}, (5, 6): {}, (5, 7): {}, (5, 8): {}, (7, 8): {}}}",[],-inf,-inf,True,True,False,0,[],0,0.0,9.0,18.0
61,50,9,12498.0,23562.0,4737962.812739204,9579425.18741417,0.5304303539597657,0.49459781981116446,29,106,0,1568.2786181862825,9935,2024,7911,0.2239263803680982,0.4214990859232175,54,165.2786181862825,1403.0,7,7,False,{},{},{},{},0.0,0.0,0.0,0.0,0.0,0.0,0.0,0.0,0.0,0.0,0.0,0.0,0.0,0.0,Leave Event,0.0,"{'node_level': {}, 'link_level': {}, 'path_level': {}}","{'node_level': {}, 'link_level': {}, 'path_level': {}}","{'node_level': {}, 'link_level': {}, 'path_level': {}}",[],-inf,-inf,True,True,False,0,[],0,0.0,,
62,51,10,12881.0,24277.0,4819367.390755211,9731394.569350056,0.530584503851382,0.49523913108345874,29,107,1,1570.0,9220,1953,7267,0.2511503067484663,0.4685923217550274,61,212.54459012012285,1570.0,9,15,True,"{0: np.int64(7), 3: np.int64(5), 4: np.int64(6), 5: np.int64(3), 1: np.int64(13), 2: np.int64(15), 6: np.int64(21), 7: np.int64(23), 8: np.int64(22)}","{(0, 3): [(np.int64(7), 5)], (0, 4): [(np.int64(7), 4), (4, np.int64(6))], (0, 8): [(np.int64(7), 4), (4, 1), (1, 20), (20, np.int64(22))], (1, 3): [(np.int64(13), 2), (2, np.int64(5))], (1, 5): [(np.int64(13), 3)], (1, 6): [(np.int64(13), 2), (2, np.int64(21))], (1, 8): [(np.int64(13), 3), (3, 21), (21, np.int64(22))], (2, 3): [(np.int64(15), 13), (13, 3), (3, np.int64(5))], (2, 7): [(np.int64(15), 12), (12, 0), (0, 20), (20, np.int64(23))], (3, 7): [(np.int64(5), 3), (3, 21), (21, np.int64(23))], (4, 5): [(np.int64(6), 5), (5, np.int64(3))], (5, 6): [(np.int64(3), 21)], (5, 7): [(np.int64(3), 21), (21, np.int64(23))], (6, 7): [(np.int64(21), 23)], (6, 8): [(np.int64(21), 22)]}","{(0, np.int64(7)): {'cpu': 18}, (3, np.int64(5)): {'cpu': 18}, (4, np.int64(6)): {'cpu': 10}, (5, np.int64(3)): {'cpu': 6}, (1, np.int64(13)): {'cpu': 4}, (2, np.int64(15)): {'cpu': 14}, (6, np.int64(21)): {'cpu': 1}, (7, np.int64(23)): {'cpu': 0}, (8, np.int64(22)): {'cpu': 0}}","{((0, 3), (np.int64(7), 5)): {'bw': 12}, ((0, 4), (np.int64(7), 4)): {'bw': 40}, ((0, 4), (4, np.int64(6))): {'bw': 40}, ((0, 8), (np.int64(7), 4)): {'bw': 26}, ((0, 8), (4, 1)): {'bw': 26}, ((0, 8), (1, 20)): {'bw': 26}, ((0, 8), (20, np.int64(22))): {'bw': 26}, ((1, 3), (np.int64(13), 2)): {'bw': 11}, ((1, 3), (2, np.int64(5))): {'bw': 11}, ((1, 5), (np.int64(13), 3)): {'bw': 37}, ((1, 6), (np.int64(13), 2)): {'bw': 50}, ((1, 6), (2, np.int64(21))): {'bw': 50}, ((1, 8), (np.int64(13), 3)): {'bw': 25}, ((1, 8), (3, 21)): {'bw': 25}, ((1, 8), (21, np.int64(22))): {'bw': 25}, ((2, 3), (np.int64(15), 13)): {'bw': 5}, ((2, 3), (13, 3)): {'bw': 5}, ((2, 3), (3, np.int64(5))): {'bw': 5}, ((2, 7), (np.int64(15), 12)): {'bw': 5}, ((2, 7), (12, 0)): {'bw': 5}, ((2, 7), (0, 20)): {'bw': 5}, ((2, 7), (20, np.int64(23))): {'bw': 5}, ((3, 7), (np.int64(5), 3)): {'bw': 14}, ((3, 7), (3, 21)): {'bw': 14}, ((3, 7), (21, np.int64(23))): {'bw': 14}, ((4, 5), (np.int64(6), 5)): {'bw': 23}, ((4, 5), (5, np.int64(3))): {'bw': 23}, ((5, 6), (np.int64(3), 21)): {'bw': 2}, ((5, 7), (np.int64(3), 21)): {'bw': 27}, ((5, 7), (21, np.int64(23))): {'bw': 27}, ((6, 7), (np.int64(21), 23)): {'bw': 0}, ((6, 8), (np.int64(21), 22)): {'bw': 35}}",715.0,383.0,142.0,71.0,312.0,71.0,312.0,71.0,644.0,332.0,0.5356643356643357,151969.38193588782,81404.57801600706,113.85255666574413,Success,0.0,"{'node_level': {}, 'link_level': {}, 'path_level': {}}","{'node_level': {0: {'cpu': -30}, 3: {'cpu': -40}, 4: {'cpu': -32}, 5: {'cpu': -36}, 1: {'cpu': -65}, 2: {'cpu': -35}, 6: {'cpu': -45}, 7: {'cpu': -43}, 8: {'cpu': -50}}, 'link_level': {(0, 3): {'bw': -90}, (0, 4): {'bw': -101}, (0, 8): {'bw': -3}, (1, 3): {'bw': -3}, (1, 5): {'bw': -207}, (1, 6): {'bw': -3}, (1, 8): {'bw': -36}, (2, 3): {'bw': -126}, (2, 7): {'bw': -23}, (3, 7): {'bw': -170}, (4, 5): {'bw': -184}, (5, 6): {'bw': -249}, (5, 7): {'bw': -143}, (6, 7): {'bw': -143}, (6, 8): {'bw': -1}}, 'path_level': {(0, 3): {}, (0, 4): {}, (0, 8): {}, (1, 3): {}, (1, 5): {}, (1, 6): {}, (1, 8): {}, (2, 3): {}, (2, 7): {}, (3, 7): {}, (4, 5): {}, (5, 6): {}, (5, 7): {}, (6, 7): {}, (6, 8): {}}}","{'node_level': {0: {'cpu': 0}, 3: {'cpu': 0}, 4: {'cpu': 0}, 5: {'cpu': 0}, 1: {'cpu': 0}, 2: {'cpu': 0}, 6: {'cpu': 0}, 7: {'cpu': 0}, 8: {'cpu': 0}}, 'link_level': {(0, 3): {'bw': 0}, (0, 4): {'bw': 0}, (0, 8): {'bw': 0}, (1, 3): {'bw': 0}, (1, 5): {'bw': 0}, (1, 6): {'bw': 0}, (1, 8): {'bw': 0}, (2, 3): {'bw': 0}, (2, 7): {'bw': 0}, (3, 7): {'bw': 0}, (4, 5): {'bw': 0}, (5, 6): {'bw': 0}, (5, 7): {'bw': 0}, (6, 7): {'bw': 0}, (6, 8): {'bw': 0}}, 'path_level': {(0, 3): {}, (0, 4): {}, (0, 8): {}, (1, 3): {}, (1, 5): {}, (1, 6): {}, (1, 8): {}, (2, 3): {}, (2, 7): {}, (3, 7): {}, (4, 5): {}, (5, 6): {}, (5, 7): {}, (6, 7): {}, (6, 8): {}}}",[],-inf,-inf,True,True,False,0,[],0,0.0,9.0,15.0
63,51,10,12881.0,24277.0,4819367.390755211,9731394.569350056,0.530584503851382,0.49523913108345874,29,108,1,1590.0,9220,1953,7267,0.2511503067484663,0.4685923217550274,62,430.2714980042148,1590.0,9,15,False,"{3: np.int64(23), 5: np.int64(26), 4: np.int64(20), 1: np.int64(22), 8: np.int64(21), 2: np.int64(3), 7: np.int64(13), 0: np.int64(31), 6: np.int64(29)}","{(0, 2): [(np.int64(31), 28), (28, 30), (30, 29), (29, np.int64(3))], (0, 6): []}","{(3, np.int64(23)): {'cpu': 14}, (5, np.int64(26)): {'cpu': 16}, (4, np.int64(20)): {'cpu': 13}, (1, np.int64(22)): {'cpu': 19}, (8, np.int64(21)): {'cpu': 17}, (2, np.int64(3)): {'cpu': 13}, (7, np.int64(13)): {'cpu': 8}, (0, np.int64(31)): {'cpu': 2}, (6, np.int64(29)): {'cpu': 0}}","{((0, 2), (np.int64(31), 28)): {'bw': 41}, ((0, 2), (28, 30)): {'bw': 41}, ((0, 2), (30, 29)): {'bw': 41}, ((0, 2), (29, np.int64(3))): {'bw': 41}}",0.0,0.0,204.0,102.0,397.0,0.0,0.0,0.0,0.0,0.0,0.0,0.0,0.0,0.0,Route Failure,26.0,"{'node_level': {}, 'link_level': {}, 'path_level': {}}","{'node_level': {3: {'cpu': -29}, 5: {'cpu': -71}, 4: {'cpu': -46}, 1: {'cpu': -31}, 8: {'cpu': -28}, 2: {'cpu': -23}, 7: {'cpu': -57}, 0: {'cpu': -45}, 6: {'cpu': -51}}, 'link_level': {(0, 2): {'bw': -12}, (0, 6): {'bw': 26}}, 'path_level': {(0, 2): {}, (0, 6): {}}}","{'node_level': {3: {'cpu': 0}, 5: {'cpu': 0}, 4: {'cpu': 0}, 1: {'cpu': 0}, 8: {'cpu': 0}, 2: {'cpu': 0}, 7: {'cpu': 0}, 0: {'cpu': 0}, 6: {'cpu': 0}}, 'link_level': {(0, 2): {'bw': 0}, (0, 6): {'bw': 26}}, 'path_level': {(0, 2): {}, (0, 6): {}}}",[],-inf,-inf,True,False,False,0,[],0,0.0,9.0,2.0
63,51,10,12881.0,24277.0,4819367.390755211,9731394.569350056,0.530584503851382,0.49523913108345874,29,109,0,1601.1990819559712,9220,1953,7267,0.2511503067484663,0.4685923217550274,57,138.19908195597117,1463.0,10,23,False,{},{},{},{},0.0,0.0,0.0,0.0,0.0,0.0,0.0,0.0,0.0,0.0,0.0,0.0,0.0,0.0,Leave Event,0.0,"{'node_level': {}, 'link_level': {}, 'path_level': {}}","{'node_level': {}, 'link_level': {}, 'path_level': {}}","{'node_level': {}, 'link_level': {}, 'path_level': {}}",[],-inf,-inf,True,True,False,0,[],0,0.0,,
63,51,10,12881.0,24277.0,4819367.390755211,9731394.569350056,0.530584503851382,0.49523913108345874,29,110,0,1608.4085009190426,9220,1953,7267,0.2511503067484663,0.4685923217550274,49,319.4085009190427,1289.0,8,14,False,{},{},{},{},0.0,0.0,0.0,0.0,0.0,0.0,0.0,0.0,0.0,0.0,0.0,0.0,0.0,0.0,Leave Event,0.0,"{'node_level': {}, 'link_level': {}, 'path_level': {}}","{'node_level': {}, 'link_level': {}, 'path_level': {}}","{'node_level': {}, 'link_level': {}, 'path_level': {}}",[],-inf,-inf,True,True,False,0,[],0,0.0,,
64,51,10,12881.0,24277.0,4819367.390755211,9731394.569350056,0.530584503851382,0.49523913108345874,29,111,1,1622.0,9220,1953,7267,0.2511503067484663,0.4685923217550274,63,67.63854815683851,1622.0,5,8,False,"{1: np.int64(23), 0: np.int64(26), 3: np.int64(20), 4: np.int64(22), 2: np.int64(21)}","{(0, 1): [(np.int64(26), 23)], (0, 2): [(np.int64(26), 23), (23, 21)], (0, 4): [(np.int64(26), 23), (23, 20), (20, np.int64(22))], (1, 2): [(np.int64(23), 21)], (1, 3): [(np.int64(23), 20)], (2, 3): [(np.int64(21), 23), (23, np.int64(20))], (2, 4): []}","{(1, np.int64(23)): {'cpu': 14}, (0, np.int64(26)): {'cpu': 5}, (3, np.int64(20)): {'cpu': 16}, (4, np.int64(22)): {'cpu': 6}, (2, np.int64(21)): {'cpu': 2}}","{((0, 1), (np.int64(26), 23)): {'bw': 30}, ((0, 2), (np.int64(26), 23)): {'bw': 45}, ((0, 2), (23, 21)): {'bw': 45}, ((0, 4), (np.int64(26), 23)): {'bw': 50}, ((0, 4), (23, 20)): {'bw': 50}, ((0, 4), (20, np.int64(22))): {'bw': 50}, ((1, 2), (np.int64(23), 21)): {'bw': 48}, ((1, 3), (np.int64(23), 20)): {'bw': 2}, ((2, 3), (np.int64(21), 23)): {'bw': 25}, ((2, 3), (23, np.int64(20))): {'bw': 25}}",0.0,0.0,86.0,43.0,239.0,0.0,0.0,0.0,0.0,0.0,0.0,0.0,0.0,0.0,Route Failure,59.0,"{'node_level': {}, 'link_level': {}, 'path_level': {}}","{'node_level': {1: {'cpu': -29}, 0: {'cpu': -82}, 3: {'cpu': -43}, 4: {'cpu': -44}, 2: {'cpu': -43}}, 'link_level': {(0, 1): {'bw': -241}, (0, 2): {'bw': -98}, (0, 4): {'bw': -2}, (1, 2): {'bw': -50}, (1, 3): {'bw': -48}, (2, 3): {'bw': -23}, (2, 4): {'bw': 30}}, 'path_level': {(0, 1): {}, (0, 2): {}, (0, 4): {}, (1, 2): {}, (1, 3): {}, (2, 3): {}, (2, 4): {}}}","{'node_level': {1: {'cpu': 0}, 0: {'cpu': 0}, 3: {'cpu': 0}, 4: {'cpu': 0}, 2: {'cpu': 0}}, 'link_level': {(0, 1): {'bw': 0}, (0, 2): {'bw': 0}, (0, 4): {'bw': 0}, (1, 2): {'bw': 0}, (1, 3): {'bw': 0}, (2, 3): {'bw': 0}, (2, 4): {'bw': 59}}, 'path_level': {(0, 1): {}, (0, 2): {}, (0, 4): {}, (1, 2): {}, (1, 3): {}, (2, 3): {}, (2, 4): {}}}",[],-inf,-inf,True,False,False,0,[],0,0.0,5.0,7.0
64,51,9,12881.0,24277.0,4819367.390755211,9731394.569350056,0.530584503851382,0.49523913108345874,29,112,0,1642.9306395767942,9541,1997,7544,0.23427914110429449,0.44833638025594147,55,218.93063957679414,1424.0,5,6,False,{},{},{},{},0.0,0.0,0.0,0.0,0.0,0.0,0.0,0.0,0.0,0.0,0.0,0.0,0.0,0.0,Leave Event,0.0,"{'node_level': {}, 'link_level': {}, 'path_level': {}}","{'node_level': {}, 'link_level': {}, 'path_level': {}}","{'node_level': {}, 'link_level': {}, 'path_level': {}}",[],-inf,-inf,True,True,False,0,[],0,0.0,,
65,52,10,12896.0,24292.0,4841841.882154912,9753869.060749756,0.5308743619298535,0.4964021817392258,29,113,1,1646.0,9526,1991,7535,0.23657975460122704,0.44899451553930525,64,1498.2994266466997,1646.0,2,1,True,"{0: np.int64(30), 1: np.int64(29)}","{(0, 1): [(np.int64(30), 29)]}","{(0, np.int64(30)): {'cpu': 4}, (1, np.int64(29)): {'cpu': 2}}","{((0, 1), (np.int64(30), 29)): {'bw': 9}}",15.0,15.0,12.0,6.0,9.0,6.0,9.0,6.0,9.0,0.0,1.0,22474.491399700495,22474.491399700495,1498.2994266466997,Success,0.0,"{'node_level': {}, 'link_level': {}, 'path_level': {}}","{'node_level': {0: {'cpu': -40}, 1: {'cpu': -55}}, 'link_level': {(0, 1): {'bw': -128}}, 'path_level': {(0, 1): {}}}","{'node_level': {0: {'cpu': 0}, 1: {'cpu': 0}}, 'link_level': {(0, 1): {'bw': 0}}, 'path_level': {(0, 1): {}}}",[],-inf,-inf,True,True,False,0,[],0,0.0,2.0,1.0
66,52,10,12896.0,24292.0,4841841.882154912,9753869.060749756,0.5308743619298535,0.4964021817392258,29,114,1,1665.0,9526,1991,7535,0.23657975460122704,0.44899451553930525,65,188.1552541091021,1665.0,10,24,False,"{6: np.int64(31), 7: np.int64(29), 5: np.int64(30), 4: np.int64(3), 8: np.int64(13), 3: np.int64(23), 2: np.int64(22), 0: np.int64(21), 1: np.int64(5), 9: np.int64(6)}","{(0, 2): [(np.int64(21), 23), (23, 20), (20, np.int64(22))], (0, 6): [(np.int64(21), 2), (2, 29), (29, np.int64(31))], (0, 7): [(np.int64(21), 3), (3, np.int64(29))], (1, 2): []}","{(6, np.int64(31)): {'cpu': 20}, (7, np.int64(29)): {'cpu': 20}, (5, np.int64(30)): {'cpu': 19}, (4, np.int64(3)): {'cpu': 20}, (8, np.int64(13)): {'cpu': 9}, (3, np.int64(23)): {'cpu': 7}, (2, np.int64(22)): {'cpu': 10}, (0, np.int64(21)): {'cpu': 11}, (1, np.int64(5)): {'cpu': 3}, (9, np.int64(6)): {'cpu': 7}}","{((0, 2), (np.int64(21), 23)): {'bw': 46}, ((0, 2), (23, 20)): {'bw': 46}, ((0, 2), (20, np.int64(22))): {'bw': 46}, ((0, 6), (np.int64(21), 2)): {'bw': 5}, ((0, 6), (2, 29)): {'bw': 5}, ((0, 6), (29, np.int64(31))): {'bw': 5}, ((0, 7), (np.int64(21), 3)): {'bw': 25}, ((0, 7), (3, np.int64(29))): {'bw': 25}}",0.0,0.0,252.0,126.0,546.0,0.0,0.0,0.0,0.0,0.0,0.0,0.0,0.0,0.0,Route Failure,29.0,"{'node_level': {}, 'link_level': {}, 'path_level': {}}","{'node_level': {6: {'cpu': -37}, 7: {'cpu': -35}, 5: {'cpu': -21}, 4: {'cpu': -25}, 8: {'cpu': -58}, 3: {'cpu': -36}, 2: {'cpu': -40}, 0: {'cpu': -34}, 1: {'cpu': -37}, 9: {'cpu': -25}}, 'link_level': {(0, 2): {'bw': -6}, (0, 6): {'bw': -23}, (0, 7): {'bw': -146}, (1, 2): {'bw': 16}}, 'path_level': {(0, 2): {}, (0, 6): {}, (0, 7): {}, (1, 2): {}}}","{'node_level': {6: {'cpu': 0}, 7: {'cpu': 0}, 5: {'cpu': 0}, 4: {'cpu': 0}, 8: {'cpu': 0}, 3: {'cpu': 0}, 2: {'cpu': 0}, 0: {'cpu': 0}, 1: {'cpu': 0}, 9: {'cpu': 0}}, 'link_level': {(0, 2): {'bw': 0}, (0, 6): {'bw': 0}, (0, 7): {'bw': 0}, (1, 2): {'bw': 29}}, 'path_level': {(0, 2): {}, (0, 6): {}, (0, 7): {}, (1, 2): {}}}",[],-inf,-inf,True,False,False,0,[],0,0.0,10.0,4.0
67,52,10,12896.0,24292.0,4841841.882154912,9753869.060749756,0.5308743619298535,0.4964021817392258,29,115,1,1680.0,9526,1991,7535,0.23657975460122704,0.44899451553930525,66,1527.0105023768108,1680.0,9,19,False,"{5: np.int64(31), 8: np.int64(29), 6: np.int64(30), 2: np.int64(3), 0: np.int64(13), 3: np.int64(23), 4: np.int64(22), 7: np.int64(21), 1: np.int64(5)}","{(0, 2): [(np.int64(13), 3)], (0, 4): [(np.int64(13), 2), (2, 21), (21, 23), (23, 20), (20, np.int64(22))], (0, 5): [(np.int64(13), 3), (3, 29), (29, np.int64(31))], (0, 6): [(np.int64(13), 3), (3, 29), (29, np.int64(30))], (0, 7): [(np.int64(13), 3), (3, np.int64(21))], (0, 8): [(np.int64(13), 2), (2, np.int64(29))], (1, 3): [(np.int64(5), 2), (2, 21), (21, np.int64(23))], (1, 4): [(np.int64(5), 6), (6, 4), (4, 0), (0, 20), (20, np.int64(22))], (1, 6): [(np.int64(5), 2), (2, 29), (29, np.int64(30))], (1, 8): [(np.int64(5), 3), (3, np.int64(29))], (2, 3): [(np.int64(3), 21), (21, np.int64(23))], (2, 4): [(np.int64(3), 21), (21, 23), (23, 20), (20, np.int64(22))], (2, 5): [(np.int64(3), 29), (29, np.int64(31))], (2, 6): [(np.int64(3), 29), (29, np.int64(30))], (3, 5): [(np.int64(23), 20), (20, 0), (0, 28), (28, np.int64(31))], (3, 7): [(np.int64(23), 21)], (3, 8): [(np.int64(23), 21), (21, 3), (3, np.int64(29))], (4, 5): []}","{(5, np.int64(31)): {'cpu': 11}, (8, np.int64(29)): {'cpu': 18}, (6, np.int64(30)): {'cpu': 15}, (2, np.int64(3)): {'cpu': 11}, (0, np.int64(13)): {'cpu': 8}, (3, np.int64(23)): {'cpu': 13}, (4, np.int64(22)): {'cpu': 6}, (7, np.int64(21)): {'cpu': 4}, (1, np.int64(5)): {'cpu': 6}}","{((0, 2), (np.int64(13), 3)): {'bw': 4}, ((0, 4), (np.int64(13), 2)): {'bw': 11}, ((0, 4), (2, 21)): {'bw': 11}, ((0, 4), (21, 23)): {'bw': 11}, ((0, 4), (23, 20)): {'bw': 11}, ((0, 4), (20, np.int64(22))): {'bw': 11}, ((0, 5), (np.int64(13), 3)): {'bw': 43}, ((0, 5), (3, 29)): {'bw': 43}, ((0, 5), (29, np.int64(31))): {'bw': 43}, ((0, 6), (np.int64(13), 3)): {'bw': 36}, ((0, 6), (3, 29)): {'bw': 36}, ((0, 6), (29, np.int64(30))): {'bw': 36}, ((0, 7), (np.int64(13), 3)): {'bw': 27}, ((0, 7), (3, np.int64(21))): {'bw': 27}, ((0, 8), (np.int64(13), 2)): {'bw': 15}, ((0, 8), (2, np.int64(29))): {'bw': 15}, ((1, 3), (np.int64(5), 2)): {'bw': 1}, ((1, 3), (2, 21)): {'bw': 1}, ((1, 3), (21, np.int64(23))): {'bw': 1}, ((1, 4), (np.int64(5), 6)): {'bw': 12}, ((1, 4), (6, 4)): {'bw': 12}, ((1, 4), (4, 0)): {'bw': 12}, ((1, 4), (0, 20)): {'bw': 12}, ((1, 4), (20, np.int64(22))): {'bw': 12}, ((1, 6), (np.int64(5), 2)): {'bw': 1}, ((1, 6), (2, 29)): {'bw': 1}, ((1, 6), (29, np.int64(30))): {'bw': 1}, ((1, 8), (np.int64(5), 3)): {'bw': 8}, ((1, 8), (3, np.int64(29))): {'bw': 8}, ((2, 3), (np.int64(3), 21)): {'bw': 25}, ((2, 3), (21, np.int64(23))): {'bw': 25}, ((2, 4), (np.int64(3), 21)): {'bw': 26}, ((2, 4), (21, 23)): {'bw': 26}, ((2, 4), (23, 20)): {'bw': 26}, ((2, 4), (20, np.int64(22))): {'bw': 26}, ((2, 5), (np.int64(3), 29)): {'bw': 38}, ((2, 5), (29, np.int64(31))): {'bw': 38}, ((2, 6), (np.int64(3), 29)): {'bw': 15}, ((2, 6), (29, np.int64(30))): {'bw': 15}, ((3, 5), (np.int64(23), 20)): {'bw': 21}, ((3, 5), (20, 0)): {'bw': 21}, ((3, 5), (0, 28)): {'bw': 21}, ((3, 5), (28, np.int64(31))): {'bw': 21}, ((3, 7), (np.int64(23), 21)): {'bw': 16}, ((3, 8), (np.int64(23), 21)): {'bw': 20}, ((3, 8), (21, 3)): {'bw': 20}, ((3, 8), (3, np.int64(29))): {'bw': 20}}",0.0,0.0,184.0,92.0,375.0,0.0,0.0,0.0,0.0,0.0,0.0,0.0,0.0,0.0,Route Failure,71.0,"{'node_level': {}, 'link_level': {}, 'path_level': {}}","{'node_level': {5: {'cpu': -46}, 8: {'cpu': -37}, 6: {'cpu': -25}, 2: {'cpu': -34}, 0: {'cpu': -59}, 3: {'cpu': -30}, 4: {'cpu': -44}, 7: {'cpu': -41}, 1: {'cpu': -34}}, 'link_level': {(0, 2): {'bw': -215}, (0, 4): {'bw': -17}, (0, 5): {'bw': -53}, (0, 6): {'bw': -92}, (0, 7): {'bw': -109}, (0, 8): {'bw': -9}, (1, 3): {'bw': -2}, (1, 4): {'bw': -6}, (1, 6): {'bw': -1}, (1, 8): {'bw': -84}, (2, 3): {'bw': -106}, (2, 4): {'bw': -3}, (2, 5): {'bw': -15}, (2, 6): {'bw': -31}, (3, 5): {'bw': -25}, (3, 7): {'bw': -64}, (3, 8): {'bw': -11}, (4, 5): {'bw': 24}}, 'path_level': {(0, 2): {}, (0, 4): {}, (0, 5): {}, (0, 6): {}, (0, 7): {}, (0, 8): {}, (1, 3): {}, (1, 4): {}, (1, 6): {}, (1, 8): {}, (2, 3): {}, (2, 4): {}, (2, 5): {}, (2, 6): {}, (3, 5): {}, (3, 7): {}, (3, 8): {}, (4, 5): {}}}","{'node_level': {5: {'cpu': 0}, 8: {'cpu': 0}, 6: {'cpu': 0}, 2: {'cpu': 0}, 0: {'cpu': 0}, 3: {'cpu': 0}, 4: {'cpu': 0}, 7: {'cpu': 0}, 1: {'cpu': 0}}, 'link_level': {(0, 2): {'bw': 0}, (0, 4): {'bw': 0}, (0, 5): {'bw': 0}, (0, 6): {'bw': 0}, (0, 7): {'bw': 0}, (0, 8): {'bw': 0}, (1, 3): {'bw': 0}, (1, 4): {'bw': 0}, (1, 6): {'bw': 0}, (1, 8): {'bw': 0}, (2, 3): {'bw': 0}, (2, 4): {'bw': 0}, (2, 5): {'bw': 0}, (2, 6): {'bw': 0}, (3, 5): {'bw': 0}, (3, 7): {'bw': 0}, (3, 8): {'bw': 0}, (4, 5): {'bw': 71}}, 'path_level': {(0, 2): {}, (0, 4): {}, (0, 5): {}, (0, 6): {}, (0, 7): {}, (0, 8): {}, (1, 3): {}, (1, 4): {}, (1, 6): {}, (1, 8): {}, (2, 3): {}, (2, 4): {}, (2, 5): {}, (2, 6): {}, (3, 5): {}, (3, 7): {}, (3, 8): {}, (4, 5): {}}}",[],-inf,-inf,True,False,False,0,[],0,0.0,9.0,18.0
67,52,10,12896.0,24292.0,4841841.882154912,9753869.060749756,0.5308743619298535,0.4964021817392258,29,116,0,1689.6385481568386,9526,1991,7535,0.23657975460122704,0.44899451553930525,63,67.63854815683851,1622.0,5,8,False,{},{},{},{},0.0,0.0,0.0,0.0,0.0,0.0,0.0,0.0,0.0,0.0,0.0,0.0,0.0,0.0,Leave Event,0.0,"{'node_level': {}, 'link_level': {}, 'path_level': {}}","{'node_level': {}, 'link_level': {}, 'path_level': {}}","{'node_level': {}, 'link_level': {}, 'path_level': {}}",[],-inf,-inf,True,True,False,0,[],0,0.0,,
67,52,9,12896.0,24292.0,4841841.882154912,9753869.060749756,0.5308743619298535,0.4964021817392258,29,117,0,1689.6589965809087,10910,2082,8828,0.20168711656441718,0.35444241316270564,51,349.65899658090865,1340.0,9,17,False,{},{},{},{},0.0,0.0,0.0,0.0,0.0,0.0,0.0,0.0,0.0,0.0,0.0,0.0,0.0,0.0,Leave Event,0.0,"{'node_level': {}, 'link_level': {}, 'path_level': {}}","{'node_level': {}, 'link_level': {}, 'path_level': {}}","{'node_level': {}, 'link_level': {}, 'path_level': {}}",[],-inf,-inf,True,True,False,0,[],0,0.0,,
68,53,10,13232.0,25012.0,4883237.673407341,9842574.327719249,0.5290260674876059,0.49613419323183305,29,118,1,1700.0,10190,2001,8189,0.23274539877300615,0.40117001828153565,67,123.20175967985122,1700.0,9,15,True,"{5: np.int64(31), 3: np.int64(29), 1: np.int64(30), 2: np.int64(3), 6: np.int64(2), 4: np.int64(13), 0: np.int64(23), 7: np.int64(22), 8: np.int64(21)}","{(0, 3): [(np.int64(23), 21), (21, 2), (2, np.int64(29))], (0, 4): [(np.int64(23), 21), (21, 2), (2, np.int64(13))], (1, 4): [(np.int64(30), 29), (29, 2), (2, np.int64(13))], (1, 5): [(np.int64(30), 28), (28, np.int64(31))], (1, 7): [(np.int64(30), 28), (28, 0), (0, 20), (20, np.int64(22))], (1, 8): [(np.int64(30), 29), (29, 2), (2, np.int64(21))], (2, 4): [(np.int64(3), 13)], (2, 5): [(np.int64(3), 29), (29, np.int64(31))], (3, 5): [(np.int64(29), 31)], (3, 6): [(np.int64(29), 2)], (3, 8): [(np.int64(29), 2), (2, np.int64(21))], (4, 6): [(np.int64(13), 2)], (5, 6): [(np.int64(31), 29), (29, np.int64(2))], (5, 7): [(np.int64(31), 28), (28, 0), (0, 20), (20, np.int64(22))], (5, 8): [(np.int64(31), 29), (29, 2), (2, np.int64(21))]}","{(5, np.int64(31)): {'cpu': 20}, (3, np.int64(29)): {'cpu': 12}, (1, np.int64(30)): {'cpu': 14}, (2, np.int64(3)): {'cpu': 11}, (6, np.int64(2)): {'cpu': 5}, (4, np.int64(13)): {'cpu': 9}, (0, np.int64(23)): {'cpu': 7}, (7, np.int64(22)): {'cpu': 2}, (8, np.int64(21)): {'cpu': 1}}","{((0, 3), (np.int64(23), 21)): {'bw': 10}, ((0, 3), (21, 2)): {'bw': 10}, ((0, 3), (2, np.int64(29))): {'bw': 10}, ((0, 4), (np.int64(23), 21)): {'bw': 8}, ((0, 4), (21, 2)): {'bw': 8}, ((0, 4), (2, np.int64(13))): {'bw': 8}, ((1, 4), (np.int64(30), 29)): {'bw': 5}, ((1, 4), (29, 2)): {'bw': 5}, ((1, 4), (2, np.int64(13))): {'bw': 5}, ((1, 5), (np.int64(30), 28)): {'bw': 0}, ((1, 5), (28, np.int64(31))): {'bw': 0}, ((1, 7), (np.int64(30), 28)): {'bw': 2}, ((1, 7), (28, 0)): {'bw': 2}, ((1, 7), (0, 20)): {'bw': 2}, ((1, 7), (20, np.int64(22))): {'bw': 2}, ((1, 8), (np.int64(30), 29)): {'bw': 41}, ((1, 8), (29, 2)): {'bw': 41}, ((1, 8), (2, np.int64(21))): {'bw': 41}, ((2, 4), (np.int64(3), 13)): {'bw': 4}, ((2, 5), (np.int64(3), 29)): {'bw': 45}, ((2, 5), (29, np.int64(31))): {'bw': 45}, ((3, 5), (np.int64(29), 31)): {'bw': 0}, ((3, 6), (np.int64(29), 2)): {'bw': 35}, ((3, 8), (np.int64(29), 2)): {'bw': 30}, ((3, 8), (2, np.int64(21))): {'bw': 30}, ((4, 6), (np.int64(13), 2)): {'bw': 4}, ((5, 6), (np.int64(31), 29)): {'bw': 11}, ((5, 6), (29, np.int64(2))): {'bw': 11}, ((5, 7), (np.int64(31), 28)): {'bw': 44}, ((5, 7), (28, 0)): {'bw': 44}, ((5, 7), (0, 20)): {'bw': 44}, ((5, 7), (20, np.int64(22))): {'bw': 44}, ((5, 8), (np.int64(31), 29)): {'bw': 16}, ((5, 8), (29, 2)): {'bw': 16}, ((5, 8), (2, np.int64(21))): {'bw': 16}}",720.0,336.0,162.0,81.0,255.0,81.0,255.0,81.0,639.0,384.0,0.4666666666666667,88705.26696949288,41395.79125243001,57.4941545172639,Success,0.0,"{'node_level': {}, 'link_level': {}, 'path_level': {}}","{'node_level': {5: {'cpu': -54}, 3: {'cpu': -59}, 1: {'cpu': -35}, 2: {'cpu': -34}, 6: {'cpu': -48}, 4: {'cpu': -58}, 0: {'cpu': -54}, 7: {'cpu': -59}, 8: {'cpu': -44}}, 'link_level': {(0, 3): {'bw': -109}, (0, 4): {'bw': -76}, (1, 4): {'bw': -71}, (1, 5): {'bw': -119}, (1, 7): {'bw': -51}, (1, 8): {'bw': -60}, (2, 4): {'bw': -215}, (2, 5): {'bw': -100}, (3, 5): {'bw': -100}, (3, 6): {'bw': -221}, (3, 8): {'bw': -30}, (4, 6): {'bw': -67}, (5, 6): {'bw': -89}, (5, 7): {'bw': -7}, (5, 8): {'bw': -14}}, 'path_level': {(0, 3): {}, (0, 4): {}, (1, 4): {}, (1, 5): {}, (1, 7): {}, (1, 8): {}, (2, 4): {}, (2, 5): {}, (3, 5): {}, (3, 6): {}, (3, 8): {}, (4, 6): {}, (5, 6): {}, (5, 7): {}, (5, 8): {}}}","{'node_level': {5: {'cpu': 0}, 3: {'cpu': 0}, 1: {'cpu': 0}, 2: {'cpu': 0}, 6: {'cpu': 0}, 4: {'cpu': 0}, 0: {'cpu': 0}, 7: {'cpu': 0}, 8: {'cpu': 0}}, 'link_level': {(0, 3): {'bw': 0}, (0, 4): {'bw': 0}, (1, 4): {'bw': 0}, (1, 5): {'bw': 0}, (1, 7): {'bw': 0}, (1, 8): {'bw': 0}, (2, 4): {'bw': 0}, (2, 5): {'bw': 0}, (3, 5): {'bw': 0}, (3, 6): {'bw': 0}, (3, 8): {'bw': 0}, (4, 6): {'bw': 0}, (5, 6): {'bw': 0}, (5, 7): {'bw': 0}, (5, 8): {'bw': 0}}, 'path_level': {(0, 3): {}, (0, 4): {}, (1, 4): {}, (1, 5): {}, (1, 7): {}, (1, 8): {}, (2, 4): {}, (2, 5): {}, (3, 5): {}, (3, 6): {}, (3, 8): {}, (4, 6): {}, (5, 6): {}, (5, 7): {}, (5, 8): {}}}",[],-inf,-inf,True,True,False,0,[],0,0.0,9.0,15.0
69,54,11,13364.0,25176.0,4902110.406797639,9866022.269204164,0.530823006037496,0.49686796492433466,29,119,1,1724.0,10026,1965,8061,0.24654907975460127,0.41053016453382085,68,142.97525295680117,1724.0,3,3,True,"{2: np.int64(23), 0: np.int64(20), 1: np.int64(22)}","{(0, 1): [(np.int64(20), 22)], (0, 2): [(np.int64(20), 23)], (1, 2): [(np.int64(22), 21), (21, np.int64(23))]}","{(2, np.int64(23)): {'cpu': 20}, (0, np.int64(20)): {'cpu': 14}, (1, np.int64(22)): {'cpu': 2}}","{((0, 1), (np.int64(20), 22)): {'bw': 49}, ((0, 2), (np.int64(20), 23)): {'bw': 15}, ((1, 2), (np.int64(22), 21)): {'bw': 32}, ((1, 2), (21, np.int64(23))): {'bw': 32}}",164.0,132.0,72.0,36.0,96.0,36.0,96.0,36.0,128.0,32.0,0.8048780487804879,23447.94148491539,18872.733390297755,115.0776426237668,Success,0.0,"{'node_level': {}, 'link_level': {}, 'path_level': {}}","{'node_level': {2: {'cpu': -34}, 0: {'cpu': -47}, 1: {'cpu': -57}}, 'link_level': {(0, 1): {'bw': -5}, (0, 2): {'bw': -85}, (1, 2): {'bw': -63}}, 'path_level': {(0, 1): {}, (0, 2): {}, (1, 2): {}}}","{'node_level': {2: {'cpu': 0}, 0: {'cpu': 0}, 1: {'cpu': 0}}, 'link_level': {(0, 1): {'bw': 0}, (0, 2): {'bw': 0}, (1, 2): {'bw': 0}}, 'path_level': {(0, 1): {}, (0, 2): {}, (1, 2): {}}}",[],-inf,-inf,True,True,False,0,[],0,0.0,3.0,3.0
70,55,12,13432.0,25291.0,4969894.304894029,9980656.80274953,0.531098019058163,0.4979526300839133,29,120,1,1746.0,9911,1961,7950,0.2480828220858896,0.4186471663619744,69,996.8220308292682,1746.0,3,2,True,"{2: np.int64(1), 1: np.int64(28), 0: np.int64(31)}","{(0, 2): [(np.int64(31), 28), (28, np.int64(1))], (1, 2): [(np.int64(28), 1)]}","{(2, np.int64(1)): {'cpu': 3}, (1, np.int64(28)): {'cpu': 1}, (0, np.int64(31)): {'cpu': 0}}","{((0, 2), (np.int64(31), 28)): {'bw': 47}, ((0, 2), (28, np.int64(1))): {'bw': 47}, ((1, 2), (np.int64(28), 1)): {'bw': 17}}",115.0,68.0,8.0,4.0,64.0,4.0,64.0,4.0,111.0,47.0,0.591304347826087,114634.53354536585,67783.89809639024,589.425200838176,Success,0.0,"{'node_level': {}, 'link_level': {}, 'path_level': {}}","{'node_level': {2: {'cpu': -75}, 1: {'cpu': -47}, 0: {'cpu': -54}}, 'link_level': {(0, 2): {'bw': -28}, (1, 2): {'bw': -130}}, 'path_level': {(0, 2): {}, (1, 2): {}}}","{'node_level': {2: {'cpu': 0}, 1: {'cpu': 0}, 0: {'cpu': 0}}, 'link_level': {(0, 2): {'bw': 0}, (1, 2): {'bw': 0}}, 'path_level': {(0, 2): {}, (1, 2): {}}}",[],-inf,-inf,True,True,False,0,[],0,0.0,3.0,2.0
70,55,11,13432.0,25291.0,4969894.304894029,9980656.80274953,0.531098019058163,0.4979526300839133,29,121,0,1748.7554839024208,10209,2029,8180,0.2220092024539877,0.4018281535648994,44,590.7554839024208,1158.0,6,9,False,{},{},{},{},0.0,0.0,0.0,0.0,0.0,0.0,0.0,0.0,0.0,0.0,0.0,0.0,0.0,0.0,Leave Event,0.0,"{'node_level': {}, 'link_level': {}, 'path_level': {}}","{'node_level': {}, 'link_level': {}, 'path_level': {}}","{'node_level': {}, 'link_level': {}, 'path_level': {}}",[],-inf,-inf,True,True,False,0,[],0,0.0,,
70,55,10,13432.0,25291.0,4969894.304894029,9980656.80274953,0.531098019058163,0.4979526300839133,29,122,0,1760.1898566840905,10644,2074,8570,0.20475460122699385,0.373308957952468,53,382.1898566840906,1378.0,6,9,False,{},{},{},{},0.0,0.0,0.0,0.0,0.0,0.0,0.0,0.0,0.0,0.0,0.0,0.0,0.0,0.0,Leave Event,0.0,"{'node_level': {}, 'link_level': {}, 'path_level': {}}","{'node_level': {}, 'link_level': {}, 'path_level': {}}","{'node_level': {}, 'link_level': {}, 'path_level': {}}",[],-inf,-inf,True,True,False,0,[],0,0.0,,
71,56,11,13672.0,25615.0,5002081.936875373,10024110.105924344,0.5337497560023424,0.49900508713677194,29,123,1,1765.0,10320,2016,8304,0.22699386503067487,0.3927605118829982,70,134.1151332555991,1765.0,5,6,True,"{3: np.int64(23), 0: np.int64(26), 2: np.int64(20), 1: np.int64(22), 4: np.int64(21)}","{(0, 1): [(np.int64(26), 23), (23, 20), (20, np.int64(22))], (0, 2): [(np.int64(26), 23), (23, 20)], (0, 3): [(np.int64(26), 23)], (0, 4): [(np.int64(26), 23), (23, 21)], (2, 3): [(np.int64(20), 23)], (3, 4): [(np.int64(23), 21)]}","{(3, np.int64(23)): {'cpu': 17}, (0, np.int64(26)): {'cpu': 9}, (2, np.int64(20)): {'cpu': 12}, (1, np.int64(22)): {'cpu': 19}, (4, np.int64(21)): {'cpu': 1}}","{((0, 1), (np.int64(26), 23)): {'bw': 6}, ((0, 1), (23, 20)): {'bw': 6}, ((0, 1), (20, np.int64(22))): {'bw': 6}, ((0, 2), (np.int64(26), 23)): {'bw': 23}, ((0, 2), (23, 20)): {'bw': 23}, ((0, 3), (np.int64(26), 23)): {'bw': 49}, ((0, 4), (np.int64(26), 23)): {'bw': 49}, ((0, 4), (23, 21)): {'bw': 49}, ((2, 3), (np.int64(20), 23)): {'bw': 47}, ((3, 4), (np.int64(23), 21)): {'bw': 8}}",324.0,240.0,116.0,58.0,182.0,58.0,182.0,58.0,266.0,84.0,0.7407407407407407,43453.30317481411,32187.63198134378,99.34454315229561,Success,0.0,"{'node_level': {}, 'link_level': {}, 'path_level': {}}","{'node_level': {3: {'cpu': -34}, 0: {'cpu': -91}, 2: {'cpu': -44}, 1: {'cpu': -43}, 4: {'cpu': -44}}, 'link_level': {(0, 1): {'bw': -39}, (0, 2): {'bw': -105}, (0, 3): {'bw': -257}, (0, 4): {'bw': -134}, (2, 3): {'bw': -58}, (3, 4): {'bw': -126}}, 'path_level': {(0, 1): {}, (0, 2): {}, (0, 3): {}, (0, 4): {}, (2, 3): {}, (3, 4): {}}}","{'node_level': {3: {'cpu': 0}, 0: {'cpu': 0}, 2: {'cpu': 0}, 1: {'cpu': 0}, 4: {'cpu': 0}}, 'link_level': {(0, 1): {'bw': 0}, (0, 2): {'bw': 0}, (0, 3): {'bw': 0}, (0, 4): {'bw': 0}, (2, 3): {'bw': 0}, (3, 4): {'bw': 0}}, 'path_level': {(0, 1): {}, (0, 2): {}, (0, 3): {}, (0, 4): {}, (2, 3): {}, (3, 4): {}}}",[],-inf,-inf,True,True,False,0,[],0,0.0,5.0,6.0
71,56,10,13672.0,25615.0,5002081.936875373,10024110.105924344,0.5337497560023424,0.49900508713677194,29,124,0,1782.5445901201228,11035,2087,8948,0.1997699386503068,0.3456672760511883,61,212.54459012012285,1570.0,9,15,False,{},{},{},{},0.0,0.0,0.0,0.0,0.0,0.0,0.0,0.0,0.0,0.0,0.0,0.0,0.0,0.0,Leave Event,0.0,"{'node_level': {}, 'link_level': {}, 'path_level': {}}","{'node_level': {}, 'link_level': {}, 'path_level': {}}","{'node_level': {}, 'link_level': {}, 'path_level': {}}",[],-inf,-inf,True,True,False,0,[],0,0.0,,
72,57,11,13740.0,25683.0,5059471.911910204,10081500.080959175,0.5349842308141572,0.5018570521529804,29,125,1,1792.0,10967,2053,8914,0.2128067484662577,0.3481535648994516,71,843.9702211004522,1792.0,2,1,True,"{0: np.int64(13), 1: np.int64(15)}","{(0, 1): [(np.int64(13), 15)]}","{(0, np.int64(13)): {'cpu': 18}, (1, np.int64(15)): {'cpu': 16}}","{((0, 1), (np.int64(13), 15)): {'bw': 34}}",68.0,68.0,68.0,34.0,34.0,34.0,34.0,34.0,34.0,0.0,1.0,57389.97503483075,57389.97503483075,843.9702211004522,Success,0.0,"{'node_level': {}, 'link_level': {}, 'path_level': {}}","{'node_level': {0: {'cpu': -52}, 1: {'cpu': -44}}, 'link_level': {(0, 1): {'bw': -139}}, 'path_level': {(0, 1): {}}}","{'node_level': {0: {'cpu': 0}, 1: {'cpu': 0}}, 'link_level': {(0, 1): {'bw': 0}}, 'path_level': {(0, 1): {}}}",[],-inf,-inf,True,True,False,0,[],0,0.0,2.0,1.0
72,57,10,13740.0,25683.0,5059471.911910204,10081500.080959175,0.5349842308141572,0.5018570521529804,29,126,0,1792.9181151813561,12109,2111,9998,0.19056748466257667,0.26888482632541133,16,1336.9181151813561,456.0,9,20,False,{},{},{},{},0.0,0.0,0.0,0.0,0.0,0.0,0.0,0.0,0.0,0.0,0.0,0.0,0.0,0.0,Leave Event,0.0,"{'node_level': {}, 'link_level': {}, 'path_level': {}}","{'node_level': {}, 'link_level': {}, 'path_level': {}}","{'node_level': {}, 'link_level': {}, 'path_level': {}}",[],-inf,-inf,True,True,False,0,[],0,0.0,,
73,58,11,14560.0,27592.0,5381337.136693343,10830818.024996992,0.5276891852710931,0.49685417336654375,29,127,1,1813.0,10200,2007,8193,0.2304447852760736,0.40087751371115177,72,392.5185668087049,1813.0,10,25,True,"{9: np.int64(5), 8: np.int64(7), 0: np.int64(3), 5: np.int64(21), 6: np.int64(2), 1: np.int64(13), 3: np.int64(22), 2: np.int64(6), 7: np.int64(29), 4: np.int64(14)}","{(0, 2): [(np.int64(3), 5), (5, np.int64(6))], (0, 3): [(np.int64(3), 21), (21, np.int64(22))], (0, 7): [(np.int64(3), 29)], (1, 2): [(np.int64(13), 2), (2, 5), (5, np.int64(6))], (1, 4): [(np.int64(13), 14)], (1, 5): [(np.int64(13), 2), (2, np.int64(21))], (1, 6): [(np.int64(13), 2)], (1, 7): [(np.int64(13), 2), (2, np.int64(29))], (1, 8): [(np.int64(13), 2), (2, 5), (5, np.int64(7))], (2, 7): [(np.int64(6), 5), (5, 2), (2, np.int64(29))], (2, 8): [(np.int64(6), 4), (4, np.int64(7))], (2, 9): [(np.int64(6), 5)], (3, 4): [(np.int64(22), 21), (21, 2), (2, 13), (13, np.int64(14))], (3, 7): [(np.int64(22), 21), (21, 2), (2, np.int64(29))], (4, 5): [(np.int64(14), 13), (13, 3), (3, np.int64(21))], (4, 6): [(np.int64(14), 13), (13, np.int64(2))], (4, 7): [(np.int64(14), 13), (13, 3), (3, np.int64(29))], (5, 6): [(np.int64(21), 2)], (5, 7): [(np.int64(21), 2), (2, np.int64(29))], (5, 9): [(np.int64(21), 2), (2, np.int64(5))], (6, 7): [(np.int64(2), 5), (5, 3), (3, np.int64(29))], (6, 8): [(np.int64(2), 5), (5, np.int64(7))], (6, 9): [(np.int64(2), 5)], (7, 8): [(np.int64(29), 3), (3, 5), (5, np.int64(7))], (7, 9): [(np.int64(29), 30), (30, 28), (28, 1), (1, 4), (4, 6), (6, np.int64(5))]}","{(9, np.int64(5)): {'cpu': 19}, (8, np.int64(7)): {'cpu': 18}, (0, np.int64(3)): {'cpu': 18}, (5, np.int64(21)): {'cpu': 13}, (6, np.int64(2)): {'cpu': 9}, (1, np.int64(13)): {'cpu': 8}, (3, np.int64(22)): {'cpu': 10}, (2, np.int64(6)): {'cpu': 6}, (7, np.int64(29)): {'cpu': 2}, (4, np.int64(14)): {'cpu': 1}}","{((0, 2), (np.int64(3), 5)): {'bw': 37}, ((0, 2), (5, np.int64(6))): {'bw': 37}, ((0, 3), (np.int64(3), 21)): {'bw': 18}, ((0, 3), (21, np.int64(22))): {'bw': 18}, ((0, 7), (np.int64(3), 29)): {'bw': 18}, ((1, 2), (np.int64(13), 2)): {'bw': 27}, ((1, 2), (2, 5)): {'bw': 27}, ((1, 2), (5, np.int64(6))): {'bw': 27}, ((1, 4), (np.int64(13), 14)): {'bw': 24}, ((1, 5), (np.int64(13), 2)): {'bw': 4}, ((1, 5), (2, np.int64(21))): {'bw': 4}, ((1, 6), (np.int64(13), 2)): {'bw': 1}, ((1, 7), (np.int64(13), 2)): {'bw': 44}, ((1, 7), (2, np.int64(29))): {'bw': 44}, ((1, 8), (np.int64(13), 2)): {'bw': 37}, ((1, 8), (2, 5)): {'bw': 37}, ((1, 8), (5, np.int64(7))): {'bw': 37}, ((2, 7), (np.int64(6), 5)): {'bw': 33}, ((2, 7), (5, 2)): {'bw': 33}, ((2, 7), (2, np.int64(29))): {'bw': 33}, ((2, 8), (np.int64(6), 4)): {'bw': 23}, ((2, 8), (4, np.int64(7))): {'bw': 23}, ((2, 9), (np.int64(6), 5)): {'bw': 49}, ((3, 4), (np.int64(22), 21)): {'bw': 44}, ((3, 4), (21, 2)): {'bw': 44}, ((3, 4), (2, 13)): {'bw': 44}, ((3, 4), (13, np.int64(14))): {'bw': 44}, ((3, 7), (np.int64(22), 21)): {'bw': 41}, ((3, 7), (21, 2)): {'bw': 41}, ((3, 7), (2, np.int64(29))): {'bw': 41}, ((4, 5), (np.int64(14), 13)): {'bw': 32}, ((4, 5), (13, 3)): {'bw': 32}, ((4, 5), (3, np.int64(21))): {'bw': 32}, ((4, 6), (np.int64(14), 13)): {'bw': 27}, ((4, 6), (13, np.int64(2))): {'bw': 27}, ((4, 7), (np.int64(14), 13)): {'bw': 16}, ((4, 7), (13, 3)): {'bw': 16}, ((4, 7), (3, np.int64(29))): {'bw': 16}, ((5, 6), (np.int64(21), 2)): {'bw': 27}, ((5, 7), (np.int64(21), 2)): {'bw': 12}, ((5, 7), (2, np.int64(29))): {'bw': 12}, ((5, 9), (np.int64(21), 2)): {'bw': 26}, ((5, 9), (2, np.int64(5))): {'bw': 26}, ((6, 7), (np.int64(2), 5)): {'bw': 40}, ((6, 7), (5, 3)): {'bw': 40}, ((6, 7), (3, np.int64(29))): {'bw': 40}, ((6, 8), (np.int64(2), 5)): {'bw': 28}, ((6, 8), (5, np.int64(7))): {'bw': 28}, ((6, 9), (np.int64(2), 5)): {'bw': 22}, ((7, 8), (np.int64(29), 3)): {'bw': 48}, ((7, 8), (3, 5)): {'bw': 48}, ((7, 8), (5, np.int64(7))): {'bw': 48}, ((7, 9), (np.int64(29), 30)): {'bw': 38}, ((7, 9), (30, 28)): {'bw': 38}, ((7, 9), (28, 1)): {'bw': 38}, ((7, 9), (1, 4)): {'bw': 38}, ((7, 9), (4, 6)): {'bw': 38}, ((7, 9), (6, np.int64(5))): {'bw': 38}}",1909.0,820.0,208.0,104.0,716.0,104.0,716.0,104.0,1805.0,1089.0,0.429544264012572,749317.9440378177,321865.224783138,168.60409889111472,Success,0.0,"{'node_level': {}, 'link_level': {}, 'path_level': {}}","{'node_level': {9: {'cpu': -42}, 8: {'cpu': -34}, 0: {'cpu': -29}, 5: {'cpu': -46}, 6: {'cpu': -48}, 1: {'cpu': -45}, 3: {'cpu': -52}, 2: {'cpu': -38}, 7: {'cpu': -57}, 4: {'cpu': -48}}, 'link_level': {(0, 2): {'bw': -276}, (0, 3): {'bw': -214}, (0, 7): {'bw': -140}, (1, 2): {'bw': -161}, (1, 4): {'bw': -137}, (1, 5): {'bw': -157}, (1, 6): {'bw': -156}, (1, 7): {'bw': -112}, (1, 8): {'bw': -75}, (2, 7): {'bw': -87}, (2, 8): {'bw': -132}, (2, 9): {'bw': -217}, (3, 4): {'bw': -31}, (3, 7): {'bw': -46}, (4, 5): {'bw': -61}, (4, 6): {'bw': -4}, (4, 7): {'bw': -18}, (5, 6): {'bw': -120}, (5, 7): {'bw': -34}, (5, 9): {'bw': -82}, (6, 7): {'bw': -84}, (6, 8): {'bw': -69}, (6, 9): {'bw': -47}, (7, 8): {'bw': -36}, (7, 9): {'bw': -43}}, 'path_level': {(0, 2): {}, (0, 3): {}, (0, 7): {}, (1, 2): {}, (1, 4): {}, (1, 5): {}, (1, 6): {}, (1, 7): {}, (1, 8): {}, (2, 7): {}, (2, 8): {}, (2, 9): {}, (3, 4): {}, (3, 7): {}, (4, 5): {}, (4, 6): {}, (4, 7): {}, (5, 6): {}, (5, 7): {}, (5, 9): {}, (6, 7): {}, (6, 8): {}, (6, 9): {}, (7, 8): {}, (7, 9): {}}}","{'node_level': {9: {'cpu': 0}, 8: {'cpu': 0}, 0: {'cpu': 0}, 5: {'cpu': 0}, 6: {'cpu': 0}, 1: {'cpu': 0}, 3: {'cpu': 0}, 2: {'cpu': 0}, 7: {'cpu': 0}, 4: {'cpu': 0}}, 'link_level': {(0, 2): {'bw': 0}, (0, 3): {'bw': 0}, (0, 7): {'bw': 0}, (1, 2): {'bw': 0}, (1, 4): {'bw': 0}, (1, 5): {'bw': 0}, (1, 6): {'bw': 0}, (1, 7): {'bw': 0}, (1, 8): {'bw': 0}, (2, 7): {'bw': 0}, (2, 8): {'bw': 0}, (2, 9): {'bw': 0}, (3, 4): {'bw': 0}, (3, 7): {'bw': 0}, (4, 5): {'bw': 0}, (4, 6): {'bw': 0}, (4, 7): {'bw': 0}, (5, 6): {'bw': 0}, (5, 7): {'bw': 0}, (5, 9): {'bw': 0}, (6, 7): {'bw': 0}, (6, 8): {'bw': 0}, (6, 9): {'bw': 0}, (7, 8): {'bw': 0}, (7, 9): {'bw': 0}}, 'path_level': {(0, 2): {}, (0, 3): {}, (0, 7): {}, (1, 2): {}, (1, 4): {}, (1, 5): {}, (1, 6): {}, (1, 7): {}, (1, 8): {}, (2, 7): {}, (2, 8): {}, (2, 9): {}, (3, 4): {}, (3, 7): {}, (4, 5): {}, (4, 6): {}, (4, 7): {}, (5, 6): {}, (5, 7): {}, (5, 9): {}, (6, 7): {}, (6, 8): {}, (6, 9): {}, (7, 8): {}, (7, 9): {}}}",[],-inf,-inf,True,True,False,0,[],0,0.0,10.0,25.0
73,58,10,14560.0,27592.0,5381337.136693343,10830818.024996992,0.5276891852710931,0.49685417336654375,29,128,0,1823.2017596798512,10920,2088,8832,0.19938650306748462,0.35414990859232176,67,123.20175967985122,1700.0,9,15,False,{},{},{},{},0.0,0.0,0.0,0.0,0.0,0.0,0.0,0.0,0.0,0.0,0.0,0.0,0.0,0.0,Leave Event,0.0,"{'node_level': {}, 'link_level': {}, 'path_level': {}}","{'node_level': {}, 'link_level': {}, 'path_level': {}}","{'node_level': {}, 'link_level': {}, 'path_level': {}}",[],-inf,-inf,True,True,False,0,[],0,0.0,,
73,58,9,14560.0,27592.0,5381337.136693343,10830818.024996992,0.5276891852710931,0.49685417336654375,29,129,0,1824.0313012913882,12052,2178,9874,0.16487730061349692,0.27795246800731266,60,281.03130129138816,1543.0,9,18,False,{},{},{},{},0.0,0.0,0.0,0.0,0.0,0.0,0.0,0.0,0.0,0.0,0.0,0.0,0.0,0.0,Leave Event,0.0,"{'node_level': {}, 'link_level': {}, 'path_level': {}}","{'node_level': {}, 'link_level': {}, 'path_level': {}}","{'node_level': {}, 'link_level': {}, 'path_level': {}}",[],-inf,-inf,True,True,False,0,[],0,0.0,,
74,58,9,14560.0,27592.0,5381337.136693343,10830818.024996992,0.5276891852710931,0.49685417336654375,29,130,1,1832.0,12052,2178,9874,0.16487730061349692,0.27795246800731266,73,106.13906543019759,1832.0,8,18,False,"{3: np.int64(31), 0: np.int64(29), 4: np.int64(30), 1: np.int64(28), 2: np.int64(1), 6: np.int64(0), 7: np.int64(15), 5: np.int64(12)}","{(0, 1): [(np.int64(29), 30), (30, np.int64(28))], (0, 2): [(np.int64(29), 30), (30, 28), (28, np.int64(1))], (0, 3): [(np.int64(29), 31)], (0, 5): [(np.int64(29), 30), (30, 28), (28, 0), (0, np.int64(12))], (0, 7): [(np.int64(29), 2), (2, 13), (13, np.int64(15))], (1, 2): [(np.int64(28), 1)], (1, 3): [(np.int64(28), 31)], (1, 4): [(np.int64(28), 30)], (1, 5): [(np.int64(28), 0), (0, np.int64(12))], (2, 3): [(np.int64(1), 28), (28, np.int64(31))], (2, 4): [(np.int64(1), 4), (4, 0), (0, 28), (28, np.int64(30))], (2, 6): [(np.int64(1), 12), (12, np.int64(0))], (3, 5): [(np.int64(31), 28), (28, 0), (0, np.int64(12))], (3, 7): [(np.int64(31), 28), (28, 0), (0, 12), (12, np.int64(15))], (4, 5): [(np.int64(30), 29), (29, 3), (3, 13), (13, 14), (14, np.int64(12))], (4, 6): []}","{(3, np.int64(31)): {'cpu': 19}, (0, np.int64(29)): {'cpu': 20}, (4, np.int64(30)): {'cpu': 14}, (1, np.int64(28)): {'cpu': 11}, (2, np.int64(1)): {'cpu': 9}, (6, np.int64(0)): {'cpu': 13}, (7, np.int64(15)): {'cpu': 11}, (5, np.int64(12)): {'cpu': 5}}","{((0, 1), (np.int64(29), 30)): {'bw': 37}, ((0, 1), (30, np.int64(28))): {'bw': 37}, ((0, 2), (np.int64(29), 30)): {'bw': 20}, ((0, 2), (30, 28)): {'bw': 20}, ((0, 2), (28, np.int64(1))): {'bw': 20}, ((0, 3), (np.int64(29), 31)): {'bw': 34}, ((0, 5), (np.int64(29), 30)): {'bw': 23}, ((0, 5), (30, 28)): {'bw': 23}, ((0, 5), (28, 0)): {'bw': 23}, ((0, 5), (0, np.int64(12))): {'bw': 23}, ((0, 7), (np.int64(29), 2)): {'bw': 1}, ((0, 7), (2, 13)): {'bw': 1}, ((0, 7), (13, np.int64(15))): {'bw': 1}, ((1, 2), (np.int64(28), 1)): {'bw': 40}, ((1, 3), (np.int64(28), 31)): {'bw': 21}, ((1, 4), (np.int64(28), 30)): {'bw': 37}, ((1, 5), (np.int64(28), 0)): {'bw': 7}, ((1, 5), (0, np.int64(12))): {'bw': 7}, ((2, 3), (np.int64(1), 28)): {'bw': 24}, ((2, 3), (28, np.int64(31))): {'bw': 24}, ((2, 4), (np.int64(1), 4)): {'bw': 24}, ((2, 4), (4, 0)): {'bw': 24}, ((2, 4), (0, 28)): {'bw': 24}, ((2, 4), (28, np.int64(30))): {'bw': 24}, ((2, 6), (np.int64(1), 12)): {'bw': 42}, ((2, 6), (12, np.int64(0))): {'bw': 42}, ((3, 5), (np.int64(31), 28)): {'bw': 19}, ((3, 5), (28, 0)): {'bw': 19}, ((3, 5), (0, np.int64(12))): {'bw': 19}, ((3, 7), (np.int64(31), 28)): {'bw': 41}, ((3, 7), (28, 0)): {'bw': 41}, ((3, 7), (0, 12)): {'bw': 41}, ((3, 7), (12, np.int64(15))): {'bw': 41}, ((4, 5), (np.int64(30), 29)): {'bw': 30}, ((4, 5), (29, 3)): {'bw': 30}, ((4, 5), (3, 13)): {'bw': 30}, ((4, 5), (13, 14)): {'bw': 30}, ((4, 5), (14, np.int64(12))): {'bw': 30}}",0.0,0.0,204.0,102.0,504.0,0.0,0.0,0.0,0.0,0.0,0.0,0.0,0.0,0.0,Route Failure,14.0,"{'node_level': {}, 'link_level': {}, 'path_level': {}}","{'node_level': {3: {'cpu': -67}, 0: {'cpu': -49}, 4: {'cpu': -35}, 1: {'cpu': -45}, 2: {'cpu': -68}, 6: {'cpu': -47}, 7: {'cpu': -48}, 5: {'cpu': -52}}, 'link_level': {(0, 1): {'bw': -104}, (0, 2): {'bw': -72}, (0, 3): {'bw': -114}, (0, 5): {'bw': -61}, (0, 7): {'bw': -23}, (1, 2): {'bw': -32}, (1, 3): {'bw': -121}, (1, 4): {'bw': -70}, (1, 5): {'bw': -103}, (2, 3): {'bw': -8}, (2, 4): {'bw': -19}, (2, 6): {'bw': -83}, (3, 5): {'bw': -60}, (3, 7): {'bw': -19}, (4, 5): {'bw': -31}, (4, 6): {'bw': 14}}, 'path_level': {(0, 1): {}, (0, 2): {}, (0, 3): {}, (0, 5): {}, (0, 7): {}, (1, 2): {}, (1, 3): {}, (1, 4): {}, (1, 5): {}, (2, 3): {}, (2, 4): {}, (2, 6): {}, (3, 5): {}, (3, 7): {}, (4, 5): {}, (4, 6): {}}}","{'node_level': {3: {'cpu': 0}, 0: {'cpu': 0}, 4: {'cpu': 0}, 1: {'cpu': 0}, 2: {'cpu': 0}, 6: {'cpu': 0}, 7: {'cpu': 0}, 5: {'cpu': 0}}, 'link_level': {(0, 1): {'bw': 0}, (0, 2): {'bw': 0}, (0, 3): {'bw': 0}, (0, 5): {'bw': 0}, (0, 7): {'bw': 0}, (1, 2): {'bw': 0}, (1, 3): {'bw': 0}, (1, 4): {'bw': 0}, (1, 5): {'bw': 0}, (2, 3): {'bw': 0}, (2, 4): {'bw': 0}, (2, 6): {'bw': 0}, (3, 5): {'bw': 0}, (3, 7): {'bw': 0}, (4, 5): {'bw': 0}, (4, 6): {'bw': 14}}, 'path_level': {(0, 1): {}, (0, 2): {}, (0, 3): {}, (0, 5): {}, (0, 7): {}, (1, 2): {}, (1, 3): {}, (1, 4): {}, (1, 5): {}, (2, 3): {}, (2, 4): {}, (2, 6): {}, (3, 5): {}, (3, 7): {}, (4, 5): {}, (4, 6): {}}}",[],-inf,-inf,True,False,False,0,[],0,0.0,8.0,16.0
74,58,8,14560.0,27592.0,5381337.136693343,10830818.024996992,0.5276891852710931,0.49685417336654375,29,131,0,1846.0128831640914,12158,2230,9928,0.14493865030674846,0.27400365630712975,38,826.0128831640912,1020.0,3,2,False,{},{},{},{},0.0,0.0,0.0,0.0,0.0,0.0,0.0,0.0,0.0,0.0,0.0,0.0,0.0,0.0,Leave Event,0.0,"{'node_level': {}, 'link_level': {}, 'path_level': {}}","{'node_level': {}, 'link_level': {}, 'path_level': {}}","{'node_level': {}, 'link_level': {}, 'path_level': {}}",[],-inf,-inf,True,True,False,0,[],0,0.0,,
74,58,8,14560.0,27592.0,5381337.136693343,10830818.024996992,0.5276891852710931,0.49685417336654375,29,132,0,1853.155254109102,12158,2230,9928,0.14493865030674846,0.27400365630712975,65,188.1552541091021,1665.0,10,24,False,{},{},{},{},0.0,0.0,0.0,0.0,0.0,0.0,0.0,0.0,0.0,0.0,0.0,0.0,0.0,0.0,Leave Event,0.0,"{'node_level': {}, 'link_level': {}, 'path_level': {}}","{'node_level': {}, 'link_level': {}, 'path_level': {}}","{'node_level': {}, 'link_level': {}, 'path_level': {}}",[],-inf,-inf,True,True,False,0,[],0,0.0,,
75,59,9,14917.0,28374.0,5539983.062687667,11178328.148603609,0.5257277789525622,0.4956003249358643,29,133,1,1855.0,11376,2170,9206,0.1679447852760736,0.32680073126142595,74,444.3863473230381,1855.0,6,11,True,"{5: np.int64(31), 2: np.int64(29), 0: np.int64(30), 1: np.int64(28), 4: np.int64(1), 3: np.int64(0)}","{(0, 2): [(np.int64(30), 29)], (0, 3): [(np.int64(30), 28), (28, np.int64(0))], (0, 5): [(np.int64(30), 28), (28, np.int64(31))], (1, 4): [(np.int64(28), 1)], (1, 5): [(np.int64(28), 31)], (2, 3): [(np.int64(29), 30), (30, 28), (28, np.int64(0))], (2, 4): [(np.int64(29), 30), (30, 28), (28, np.int64(1))], (2, 5): [(np.int64(29), 31)], (3, 4): [(np.int64(0), 4), (4, np.int64(1))], (3, 5): [(np.int64(0), 28), (28, np.int64(31))], (4, 5): [(np.int64(1), 12), (12, 0), (0, 28), (28, 30), (30, 29), (29, np.int64(31))]}","{(5, np.int64(31)): {'cpu': 12}, (2, np.int64(29)): {'cpu': 14}, (0, np.int64(30)): {'cpu': 14}, (1, np.int64(28)): {'cpu': 13}, (4, np.int64(1)): {'cpu': 3}, (3, np.int64(0)): {'cpu': 4}}","{((0, 2), (np.int64(30), 29)): {'bw': 2}, ((0, 3), (np.int64(30), 28)): {'bw': 8}, ((0, 3), (28, np.int64(0))): {'bw': 8}, ((0, 5), (np.int64(30), 28)): {'bw': 40}, ((0, 5), (28, np.int64(31))): {'bw': 40}, ((1, 4), (np.int64(28), 1)): {'bw': 15}, ((1, 5), (np.int64(28), 31)): {'bw': 37}, ((2, 3), (np.int64(29), 30)): {'bw': 7}, ((2, 3), (30, 28)): {'bw': 7}, ((2, 3), (28, np.int64(0))): {'bw': 7}, ((2, 4), (np.int64(29), 30)): {'bw': 49}, ((2, 4), (30, 28)): {'bw': 49}, ((2, 4), (28, np.int64(1))): {'bw': 49}, ((2, 5), (np.int64(29), 31)): {'bw': 18}, ((3, 4), (np.int64(0), 4)): {'bw': 38}, ((3, 4), (4, np.int64(1))): {'bw': 38}, ((3, 5), (np.int64(0), 28)): {'bw': 47}, ((3, 5), (28, np.int64(31))): {'bw': 47}, ((4, 5), (np.int64(1), 12)): {'bw': 36}, ((4, 5), (12, 0)): {'bw': 36}, ((4, 5), (0, 28)): {'bw': 36}, ((4, 5), (28, 30)): {'bw': 36}, ((4, 5), (30, 29)): {'bw': 36}, ((4, 5), (29, np.int64(31))): {'bw': 36}}",782.0,357.0,120.0,60.0,297.0,60.0,297.0,60.0,722.0,425.0,0.45652173913043476,347510.12360661576,158645.92599432459,202.87202812573477,Success,0.0,"{'node_level': {}, 'link_level': {}, 'path_level': {}}","{'node_level': {5: {'cpu': -74}, 2: {'cpu': -55}, 0: {'cpu': -50}, 1: {'cpu': -43}, 4: {'cpu': -74}, 3: {'cpu': -56}}, 'link_level': {(0, 2): {'bw': -139}, (0, 3): {'bw': -125}, (0, 5): {'bw': -102}, (1, 4): {'bw': -77}, (1, 5): {'bw': -65}, (2, 3): {'bw': -118}, (2, 4): {'bw': -28}, (2, 5): {'bw': -130}, (3, 4): {'bw': -5}, (3, 5): {'bw': -18}, (4, 5): {'bw': -35}}, 'path_level': {(0, 2): {}, (0, 3): {}, (0, 5): {}, (1, 4): {}, (1, 5): {}, (2, 3): {}, (2, 4): {}, (2, 5): {}, (3, 4): {}, (3, 5): {}, (4, 5): {}}}","{'node_level': {5: {'cpu': 0}, 2: {'cpu': 0}, 0: {'cpu': 0}, 1: {'cpu': 0}, 4: {'cpu': 0}, 3: {'cpu': 0}}, 'link_level': {(0, 2): {'bw': 0}, (0, 3): {'bw': 0}, (0, 5): {'bw': 0}, (1, 4): {'bw': 0}, (1, 5): {'bw': 0}, (2, 3): {'bw': 0}, (2, 4): {'bw': 0}, (2, 5): {'bw': 0}, (3, 4): {'bw': 0}, (3, 5): {'bw': 0}, (4, 5): {'bw': 0}}, 'path_level': {(0, 2): {}, (0, 3): {}, (0, 5): {}, (1, 4): {}, (1, 5): {}, (2, 3): {}, (2, 4): {}, (2, 5): {}, (3, 4): {}, (3, 5): {}, (4, 5): {}}}",[],-inf,-inf,True,True,False,0,[],0,0.0,6.0,11.0
75,59,8,14917.0,28374.0,5539983.062687667,11178328.148603609,0.5257277789525622,0.4956003249358643,29,134,0,1866.9752529568011,11540,2206,9334,0.15414110429447858,0.31744058500914074,68,142.97525295680117,1724.0,3,3,False,{},{},{},{},0.0,0.0,0.0,0.0,0.0,0.0,0.0,0.0,0.0,0.0,0.0,0.0,0.0,0.0,Leave Event,0.0,"{'node_level': {}, 'link_level': {}, 'path_level': {}}","{'node_level': {}, 'link_level': {}, 'path_level': {}}","{'node_level': {}, 'link_level': {}, 'path_level': {}}",[],-inf,-inf,True,True,False,0,[],0,0.0,,
76,60,9,15147.0,28717.0,5545656.466379237,11186788.92019582,0.527457603510116,0.49573264552864765,29,135,1,1883.0,11197,2131,9066,0.182898773006135,0.3370383912248629,75,24.666972572045246,1883.0,7,7,True,"{1: np.int64(15), 0: np.int64(12), 2: np.int64(14), 6: np.int64(13), 4: np.int64(3), 5: np.int64(21), 3: np.int64(23)}","{(0, 1): [(np.int64(12), 15)], (0, 2): [(np.int64(12), 14)], (1, 2): [(np.int64(15), 12), (12, np.int64(14))], (1, 3): [(np.int64(15), 12), (12, 0), (0, 20), (20, np.int64(23))], (1, 4): [(np.int64(15), 13), (13, np.int64(3))], (2, 5): [(np.int64(14), 13), (13, 2), (2, np.int64(21))], (2, 6): [(np.int64(14), 13)]}","{(1, np.int64(15)): {'cpu': 18}, (0, np.int64(12)): {'cpu': 16}, (2, np.int64(14)): {'cpu': 8}, (6, np.int64(13)): {'cpu': 13}, (4, np.int64(3)): {'cpu': 7}, (5, np.int64(21)): {'cpu': 9}, (3, np.int64(23)): {'cpu': 4}}","{((0, 1), (np.int64(12), 15)): {'bw': 40}, ((0, 2), (np.int64(12), 14)): {'bw': 9}, ((1, 2), (np.int64(15), 12)): {'bw': 10}, ((1, 2), (12, np.int64(14))): {'bw': 10}, ((1, 3), (np.int64(15), 12)): {'bw': 4}, ((1, 3), (12, 0)): {'bw': 4}, ((1, 3), (0, 20)): {'bw': 4}, ((1, 3), (20, np.int64(23))): {'bw': 4}, ((1, 4), (np.int64(15), 13)): {'bw': 43}, ((1, 4), (13, np.int64(3))): {'bw': 43}, ((2, 5), (np.int64(14), 13)): {'bw': 24}, ((2, 5), (13, 2)): {'bw': 24}, ((2, 5), (2, np.int64(21))): {'bw': 24}, ((2, 6), (np.int64(14), 13)): {'bw': 25}}",343.0,230.0,150.0,75.0,155.0,75.0,155.0,75.0,268.0,113.0,0.6705539358600583,8460.77159221152,5673.403691570406,16.540535543937047,Success,0.0,"{'node_level': {}, 'link_level': {}, 'path_level': {}}","{'node_level': {1: {'cpu': -41}, 0: {'cpu': -41}, 2: {'cpu': -47}, 6: {'cpu': -56}, 4: {'cpu': -33}, 5: {'cpu': -38}, 3: {'cpu': -57}}, 'link_level': {(0, 1): {'bw': -203}, (0, 2): {'bw': -215}, (1, 2): {'bw': -193}, (1, 3): {'bw': -115}, (1, 4): {'bw': -149}, (2, 5): {'bw': 0}, (2, 6): {'bw': -84}}, 'path_level': {(0, 1): {}, (0, 2): {}, (1, 2): {}, (1, 3): {}, (1, 4): {}, (2, 5): {}, (2, 6): {}}}","{'node_level': {1: {'cpu': 0}, 0: {'cpu': 0}, 2: {'cpu': 0}, 6: {'cpu': 0}, 4: {'cpu': 0}, 5: {'cpu': 0}, 3: {'cpu': 0}}, 'link_level': {(0, 1): {'bw': 0}, (0, 2): {'bw': 0}, (1, 2): {'bw': 0}, (1, 3): {'bw': 0}, (1, 4): {'bw': 0}, (2, 5): {'bw': 0}, (2, 6): {'bw': 0}}, 'path_level': {(0, 1): {}, (0, 2): {}, (1, 2): {}, (1, 3): {}, (1, 4): {}, (2, 5): {}, (2, 6): {}}}",[],-inf,-inf,True,True,False,0,[],0,0.0,7.0,7.0
76,60,8,15147.0,28717.0,5545656.466379237,11186788.92019582,0.527457603510116,0.49573264552864765,29,136,0,1899.1151332555992,11521,2189,9332,0.16065950920245398,0.3175868372943327,70,134.1151332555991,1765.0,5,6,False,{},{},{},{},0.0,0.0,0.0,0.0,0.0,0.0,0.0,0.0,0.0,0.0,0.0,0.0,0.0,0.0,Leave Event,0.0,"{'node_level': {}, 'link_level': {}, 'path_level': {}}","{'node_level': {}, 'link_level': {}, 'path_level': {}}","{'node_level': {}, 'link_level': {}, 'path_level': {}}",[],-inf,-inf,True,True,False,0,[],0,0.0,,
76,60,7,15147.0,28717.0,5545656.466379237,11186788.92019582,0.527457603510116,0.49573264552864765,29,137,0,1907.6669725720453,11864,2264,9600,0.13190184049079756,0.29798903107861063,75,24.666972572045246,1883.0,7,7,False,{},{},{},{},0.0,0.0,0.0,0.0,0.0,0.0,0.0,0.0,0.0,0.0,0.0,0.0,0.0,0.0,Leave Event,0.0,"{'node_level': {}, 'link_level': {}, 'path_level': {}}","{'node_level': {}, 'link_level': {}, 'path_level': {}}","{'node_level': {}, 'link_level': {}, 'path_level': {}}",[],-inf,-inf,True,True,False,0,[],0,0.0,,
77,61,8,15734.0,29907.0,5550352.556105857,11196309.102094758,0.5260975691309727,0.4957305577663465,29,138,1,1909.0,10674,2180,8494,0.1641104294478528,0.37886654478976234,76,8.00015285625102,1909.0,8,16,True,"{2: np.int64(23), 7: np.int64(20), 1: np.int64(22), 3: np.int64(21), 4: np.int64(3), 5: np.int64(15), 0: np.int64(13), 6: np.int64(14)}","{(0, 1): [(np.int64(13), 2), (2, 21), (21, np.int64(22))], (0, 2): [(np.int64(13), 3), (3, 21), (21, np.int64(23))], (0, 3): [(np.int64(13), 3), (3, np.int64(21))], (0, 4): [(np.int64(13), 3)], (0, 5): [(np.int64(13), 15)], (0, 6): [(np.int64(13), 14)], (0, 7): [(np.int64(13), 14), (14, 12), (12, 0), (0, np.int64(20))], (1, 2): [(np.int64(22), 20), (20, np.int64(23))], (1, 6): [(np.int64(22), 20), (20, 0), (0, 12), (12, np.int64(14))], (1, 7): [(np.int64(22), 20)], (2, 4): [(np.int64(23), 21), (21, np.int64(3))], (2, 5): [(np.int64(23), 20), (20, 0), (0, 12), (12, np.int64(15))], (2, 7): [(np.int64(23), 20)], (3, 5): [(np.int64(21), 3), (3, 13), (13, np.int64(15))], (3, 7): [(np.int64(21), 22), (22, np.int64(20))], (4, 5): [(np.int64(3), 13), (13, np.int64(15))]}","{(2, np.int64(23)): {'cpu': 14}, (7, np.int64(20)): {'cpu': 13}, (1, np.int64(22)): {'cpu': 18}, (3, np.int64(21)): {'cpu': 14}, (4, np.int64(3)): {'cpu': 14}, (5, np.int64(15)): {'cpu': 7}, (0, np.int64(13)): {'cpu': 1}, (6, np.int64(14)): {'cpu': 3}}","{((0, 1), (np.int64(13), 2)): {'bw': 8}, ((0, 1), (2, 21)): {'bw': 8}, ((0, 1), (21, np.int64(22))): {'bw': 8}, ((0, 2), (np.int64(13), 3)): {'bw': 38}, ((0, 2), (3, 21)): {'bw': 38}, ((0, 2), (21, np.int64(23))): {'bw': 38}, ((0, 3), (np.int64(13), 3)): {'bw': 49}, ((0, 3), (3, np.int64(21))): {'bw': 49}, ((0, 4), (np.int64(13), 3)): {'bw': 14}, ((0, 5), (np.int64(13), 15)): {'bw': 44}, ((0, 6), (np.int64(13), 14)): {'bw': 17}, ((0, 7), (np.int64(13), 14)): {'bw': 45}, ((0, 7), (14, 12)): {'bw': 45}, ((0, 7), (12, 0)): {'bw': 45}, ((0, 7), (0, np.int64(20))): {'bw': 45}, ((1, 2), (np.int64(22), 20)): {'bw': 44}, ((1, 2), (20, np.int64(23))): {'bw': 44}, ((1, 6), (np.int64(22), 20)): {'bw': 13}, ((1, 6), (20, 0)): {'bw': 13}, ((1, 6), (0, 12)): {'bw': 13}, ((1, 6), (12, np.int64(14))): {'bw': 13}, ((1, 7), (np.int64(22), 20)): {'bw': 23}, ((2, 4), (np.int64(23), 21)): {'bw': 26}, ((2, 4), (21, np.int64(3))): {'bw': 26}, ((2, 5), (np.int64(23), 20)): {'bw': 31}, ((2, 5), (20, 0)): {'bw': 31}, ((2, 5), (0, 12)): {'bw': 31}, ((2, 5), (12, np.int64(15))): {'bw': 31}, ((2, 7), (np.int64(23), 20)): {'bw': 49}, ((3, 5), (np.int64(21), 3)): {'bw': 23}, ((3, 5), (3, 13)): {'bw': 23}, ((3, 5), (13, np.int64(15))): {'bw': 23}, ((3, 7), (np.int64(21), 22)): {'bw': 37}, ((3, 7), (22, np.int64(20))): {'bw': 37}, ((4, 5), (np.int64(3), 13)): {'bw': 42}, ((4, 5), (13, np.int64(15))): {'bw': 42}}",1190.0,587.0,168.0,84.0,503.0,84.0,503.0,84.0,1106.0,603.0,0.49327731092436977,9520.181898938714,4696.089726619349,3.9462938879154192,Success,0.0,"{'node_level': {}, 'link_level': {}, 'path_level': {}}","{'node_level': {2: {'cpu': -64}, 7: {'cpu': -57}, 1: {'cpu': -62}, 3: {'cpu': -34}, 4: {'cpu': -26}, 5: {'cpu': -52}, 0: {'cpu': -68}, 6: {'cpu': -52}}, 'link_level': {(0, 1): {'bw': -16}, (0, 2): {'bw': -235}, (0, 3): {'bw': -186}, (0, 4): {'bw': -172}, (0, 5): {'bw': -148}, (0, 6): {'bw': -116}, (0, 7): {'bw': -71}, (1, 2): {'bw': -144}, (1, 6): {'bw': -61}, (1, 7): {'bw': -108}, (2, 4): {'bw': -237}, (2, 5): {'bw': -30}, (2, 7): {'bw': -91}, (3, 5): {'bw': -125}, (3, 7): {'bw': -71}, (4, 5): {'bw': -83}}, 'path_level': {(0, 1): {}, (0, 2): {}, (0, 3): {}, (0, 4): {}, (0, 5): {}, (0, 6): {}, (0, 7): {}, (1, 2): {}, (1, 6): {}, (1, 7): {}, (2, 4): {}, (2, 5): {}, (2, 7): {}, (3, 5): {}, (3, 7): {}, (4, 5): {}}}","{'node_level': {2: {'cpu': 0}, 7: {'cpu': 0}, 1: {'cpu': 0}, 3: {'cpu': 0}, 4: {'cpu': 0}, 5: {'cpu': 0}, 0: {'cpu': 0}, 6: {'cpu': 0}}, 'link_level': {(0, 1): {'bw': 0}, (0, 2): {'bw': 0}, (0, 3): {'bw': 0}, (0, 4): {'bw': 0}, (0, 5): {'bw': 0}, (0, 6): {'bw': 0}, (0, 7): {'bw': 0}, (1, 2): {'bw': 0}, (1, 6): {'bw': 0}, (1, 7): {'bw': 0}, (2, 4): {'bw': 0}, (2, 5): {'bw': 0}, (2, 7): {'bw': 0}, (3, 5): {'bw': 0}, (3, 7): {'bw': 0}, (4, 5): {'bw': 0}}, 'path_level': {(0, 1): {}, (0, 2): {}, (0, 3): {}, (0, 4): {}, (0, 5): {}, (0, 6): {}, (0, 7): {}, (1, 2): {}, (1, 6): {}, (1, 7): {}, (2, 4): {}, (2, 5): {}, (2, 7): {}, (3, 5): {}, (3, 7): {}, (4, 5): {}}}",[],-inf,-inf,True,True,False,0,[],0,0.0,8.0,16.0
77,61,7,15734.0,29907.0,5550352.556105857,11196309.102094758,0.5260975691309727,0.4957305577663465,29,139,0,1917.0001528562511,11864,2264,9600,0.13190184049079756,0.29798903107861063,76,8.00015285625102,1909.0,8,16,False,{},{},{},{},0.0,0.0,0.0,0.0,0.0,0.0,0.0,0.0,0.0,0.0,0.0,0.0,0.0,0.0,Leave Event,0.0,"{'node_level': {}, 'link_level': {}, 'path_level': {}}","{'node_level': {}, 'link_level': {}, 'path_level': {}}","{'node_level': {}, 'link_level': {}, 'path_level': {}}",[],-inf,-inf,True,True,False,0,[],0,0.0,,
77,61,7,15734.0,29907.0,5550352.556105857,11196309.102094758,0.5260975691309727,0.4957305577663465,29,140,0,1938.1390654301977,11864,2264,9600,0.13190184049079756,0.29798903107861063,73,106.13906543019759,1832.0,8,18,False,{},{},{},{},0.0,0.0,0.0,0.0,0.0,0.0,0.0,0.0,0.0,0.0,0.0,0.0,0.0,0.0,Leave Event,0.0,"{'node_level': {}, 'link_level': {}, 'path_level': {}}","{'node_level': {}, 'link_level': {}, 'path_level': {}}","{'node_level': {}, 'link_level': {}, 'path_level': {}}",[],-inf,-inf,True,True,False,0,[],0,0.0,,
78,62,8,15865.0,30038.0,5553692.345260026,11199648.891248928,0.5281643251880951,0.49588093333885813,29,141,1,1939.0,11733,2220,9513,0.14877300613496935,0.3043510054844607,77,25.494573695948763,1939.0,4,3,True,"{0: np.int64(23), 1: np.int64(20), 3: np.int64(22), 2: np.int64(21)}","{(0, 1): [(np.int64(23), 20)], (0, 2): [(np.int64(23), 21)], (2, 3): [(np.int64(21), 22)]}","{(0, np.int64(23)): {'cpu': 13}, (1, np.int64(20)): {'cpu': 17}, (3, np.int64(22)): {'cpu': 14}, (2, np.int64(21)): {'cpu': 0}}","{((0, 1), (np.int64(23), 20)): {'bw': 45}, ((0, 2), (np.int64(23), 21)): {'bw': 18}, ((2, 3), (np.int64(21), 22)): {'bw': 24}}",131.0,131.0,88.0,44.0,87.0,44.0,87.0,44.0,87.0,0.0,1.0,3339.789154169288,3339.789154169288,25.494573695948763,Success,0.0,"{'node_level': {}, 'link_level': {}, 'path_level': {}}","{'node_level': {0: {'cpu': -65}, 1: {'cpu': -53}, 3: {'cpu': -66}, 2: {'cpu': -48}}, 'link_level': {(0, 1): {'bw': -170}, (0, 2): {'bw': -378}, (2, 3): {'bw': -137}}, 'path_level': {(0, 1): {}, (0, 2): {}, (2, 3): {}}}","{'node_level': {0: {'cpu': 0}, 1: {'cpu': 0}, 3: {'cpu': 0}, 2: {'cpu': 0}}, 'link_level': {(0, 1): {'bw': 0}, (0, 2): {'bw': 0}, (2, 3): {'bw': 0}}, 'path_level': {(0, 1): {}, (0, 2): {}, (2, 3): {}}}",[],-inf,-inf,True,True,False,0,[],0,0.0,4.0,3.0
79,63,9,16155.0,30534.0,5627620.824895942,11326092.084005529,0.5290823344468462,0.4968722471224784,29,142,1,1961.0,11237,2159,9078,0.17216257668711654,0.33616087751371115,78,254.9257918479843,1961.0,7,10,True,"{4: np.int64(23), 1: np.int64(21), 6: np.int64(22), 3: np.int64(20), 0: np.int64(3), 5: np.int64(15), 2: np.int64(13)}","{(0, 1): [(np.int64(3), 21)], (1, 4): [(np.int64(21), 23)], (1, 5): [(np.int64(21), 2), (2, 13), (13, np.int64(15))], (2, 3): [(np.int64(13), 14), (14, 12), (12, 0), (0, np.int64(20))], (2, 4): [(np.int64(13), 3), (3, 21), (21, np.int64(23))], (3, 4): [(np.int64(20), 23)], (3, 5): [(np.int64(20), 0), (0, 12), (12, np.int64(15))], (4, 5): [(np.int64(23), 20), (20, 0), (0, 12), (12, np.int64(15))], (4, 6): [(np.int64(23), 20), (20, np.int64(22))], (5, 6): [(np.int64(15), 12), (12, 0), (0, 20), (20, np.int64(22))]}","{(4, np.int64(23)): {'cpu': 10}, (1, np.int64(21)): {'cpu': 11}, (6, np.int64(22)): {'cpu': 16}, (3, np.int64(20)): {'cpu': 6}, (0, np.int64(3)): {'cpu': 7}, (5, np.int64(15)): {'cpu': 4}, (2, np.int64(13)): {'cpu': 7}}","{((0, 1), (np.int64(3), 21)): {'bw': 39}, ((1, 4), (np.int64(21), 23)): {'bw': 46}, ((1, 5), (np.int64(21), 2)): {'bw': 21}, ((1, 5), (2, 13)): {'bw': 21}, ((1, 5), (13, np.int64(15))): {'bw': 21}, ((2, 3), (np.int64(13), 14)): {'bw': 3}, ((2, 3), (14, 12)): {'bw': 3}, ((2, 3), (12, 0)): {'bw': 3}, ((2, 3), (0, np.int64(20))): {'bw': 3}, ((2, 4), (np.int64(13), 3)): {'bw': 9}, ((2, 4), (3, 21)): {'bw': 9}, ((2, 4), (21, np.int64(23))): {'bw': 9}, ((3, 4), (np.int64(20), 23)): {'bw': 36}, ((3, 5), (np.int64(20), 0)): {'bw': 24}, ((3, 5), (0, 12)): {'bw': 24}, ((3, 5), (12, np.int64(15))): {'bw': 24}, ((4, 5), (np.int64(23), 20)): {'bw': 7}, ((4, 5), (20, 0)): {'bw': 7}, ((4, 5), (0, 12)): {'bw': 7}, ((4, 5), (12, np.int64(15))): {'bw': 7}, ((4, 6), (np.int64(23), 20)): {'bw': 32}, ((4, 6), (20, np.int64(22))): {'bw': 32}, ((5, 6), (np.int64(15), 12)): {'bw': 12}, ((5, 6), (12, 0)): {'bw': 12}, ((5, 6), (0, 20)): {'bw': 12}, ((5, 6), (20, np.int64(22))): {'bw': 12}}",496.0,290.0,122.0,61.0,229.0,61.0,229.0,61.0,435.0,206.0,0.5846774193548387,126443.19275660021,73928.47963591544,149.04935410466825,Success,0.0,"{'node_level': {}, 'link_level': {}, 'path_level': {}}","{'node_level': {4: {'cpu': -55}, 1: {'cpu': -37}, 6: {'cpu': -50}, 3: {'cpu': -47}, 0: {'cpu': -33}, 5: {'cpu': -55}, 2: {'cpu': -62}}, 'link_level': {(0, 1): {'bw': -311}, (1, 4): {'bw': -332}, (1, 5): {'bw': -3}, (2, 3): {'bw': -116}, (2, 4): {'bw': -264}, (3, 4): {'bw': -134}, (3, 5): {'bw': -92}, (4, 5): {'bw': -85}, (4, 6): {'bw': -95}, (5, 6): {'bw': -73}}, 'path_level': {(0, 1): {}, (1, 4): {}, (1, 5): {}, (2, 3): {}, (2, 4): {}, (3, 4): {}, (3, 5): {}, (4, 5): {}, (4, 6): {}, (5, 6): {}}}","{'node_level': {4: {'cpu': 0}, 1: {'cpu': 0}, 6: {'cpu': 0}, 3: {'cpu': 0}, 0: {'cpu': 0}, 5: {'cpu': 0}, 2: {'cpu': 0}}, 'link_level': {(0, 1): {'bw': 0}, (1, 4): {'bw': 0}, (1, 5): {'bw': 0}, (2, 3): {'bw': 0}, (2, 4): {'bw': 0}, (3, 4): {'bw': 0}, (3, 5): {'bw': 0}, (4, 5): {'bw': 0}, (4, 6): {'bw': 0}, (5, 6): {'bw': 0}}, 'path_level': {(0, 1): {}, (1, 4): {}, (1, 5): {}, (2, 3): {}, (2, 4): {}, (3, 4): {}, (3, 5): {}, (4, 5): {}, (4, 6): {}, (5, 6): {}}}",[],-inf,-inf,True,True,False,0,[],0,0.0,7.0,10.0
79,63,8,16155.0,30534.0,5627620.824895942,11326092.084005529,0.5290823344468462,0.4968722471224784,29,143,0,1964.4945736959487,11368,2203,9165,0.15529141104294475,0.3297989031078611,77,25.494573695948763,1939.0,4,3,False,{},{},{},{},0.0,0.0,0.0,0.0,0.0,0.0,0.0,0.0,0.0,0.0,0.0,0.0,0.0,0.0,Leave Event,0.0,"{'node_level': {}, 'link_level': {}, 'path_level': {}}","{'node_level': {}, 'link_level': {}, 'path_level': {}}","{'node_level': {}, 'link_level': {}, 'path_level': {}}",[],-inf,-inf,True,True,False,0,[],0,0.0,,
80,64,9,16706.0,31801.0,5864593.8261964815,11871000.963584084,0.5253293921574793,0.494026901706682,29,144,1,1988.0,10101,2146,7955,0.1771472392638037,0.4182815356489945,79,430.0780422877307,1988.0,9,21,True,"{5: np.int64(23), 1: np.int64(20), 7: np.int64(22), 8: np.int64(21), 3: np.int64(26), 6: np.int64(15), 2: np.int64(14), 0: np.int64(12), 4: np.int64(13)}","{(0, 1): [(np.int64(12), 0), (0, np.int64(20))], (0, 4): [(np.int64(12), 14), (14, np.int64(13))], (0, 5): [(np.int64(12), 0), (0, 20), (20, np.int64(23))], (0, 6): [(np.int64(12), 15)], (0, 7): [(np.int64(12), 1), (1, 20), (20, np.int64(22))], (1, 2): [(np.int64(20), 0), (0, 12), (12, np.int64(14))], (1, 3): [(np.int64(20), 23), (23, np.int64(26))], (1, 4): [(np.int64(20), 22), (22, 21), (21, 2), (2, np.int64(13))], (2, 4): [(np.int64(14), 13)], (2, 7): [(np.int64(14), 12), (12, 1), (1, 20), (20, np.int64(22))], (3, 4): [(np.int64(26), 23), (23, 21), (21, 3), (3, np.int64(13))], (3, 5): [(np.int64(26), 23)], (3, 6): [(np.int64(26), 23), (23, 20), (20, 1), (1, 12), (12, np.int64(15))], (3, 7): [(np.int64(26), 23), (23, 20), (20, np.int64(22))], (4, 5): [(np.int64(13), 3), (3, 21), (21, np.int64(23))], (4, 6): [(np.int64(13), 15)], (4, 7): [(np.int64(13), 3), (3, 21), (21, np.int64(22))], (4, 8): [(np.int64(13), 3), (3, np.int64(21))], (5, 6): [(np.int64(23), 20), (20, 1), (1, 12), (12, np.int64(15))], (5, 7): [(np.int64(23), 20), (20, np.int64(22))], (7, 8): [(np.int64(22), 21)]}","{(5, np.int64(23)): {'cpu': 20}, (1, np.int64(20)): {'cpu': 7}, (7, np.int64(22)): {'cpu': 3}, (8, np.int64(21)): {'cpu': 17}, (3, np.int64(26)): {'cpu': 4}, (6, np.int64(15)): {'cpu': 3}, (2, np.int64(14)): {'cpu': 2}, (0, np.int64(12)): {'cpu': 1}, (4, np.int64(13)): {'cpu': 0}}","{((0, 1), (np.int64(12), 0)): {'bw': 17}, ((0, 1), (0, np.int64(20))): {'bw': 17}, ((0, 4), (np.int64(12), 14)): {'bw': 43}, ((0, 4), (14, np.int64(13))): {'bw': 43}, ((0, 5), (np.int64(12), 0)): {'bw': 31}, ((0, 5), (0, 20)): {'bw': 31}, ((0, 5), (20, np.int64(23))): {'bw': 31}, ((0, 6), (np.int64(12), 15)): {'bw': 25}, ((0, 7), (np.int64(12), 1)): {'bw': 39}, ((0, 7), (1, 20)): {'bw': 39}, ((0, 7), (20, np.int64(22))): {'bw': 39}, ((1, 2), (np.int64(20), 0)): {'bw': 25}, ((1, 2), (0, 12)): {'bw': 25}, ((1, 2), (12, np.int64(14))): {'bw': 25}, ((1, 3), (np.int64(20), 23)): {'bw': 29}, ((1, 3), (23, np.int64(26))): {'bw': 29}, ((1, 4), (np.int64(20), 22)): {'bw': 3}, ((1, 4), (22, 21)): {'bw': 3}, ((1, 4), (21, 2)): {'bw': 3}, ((1, 4), (2, np.int64(13))): {'bw': 3}, ((2, 4), (np.int64(14), 13)): {'bw': 47}, ((2, 7), (np.int64(14), 12)): {'bw': 20}, ((2, 7), (12, 1)): {'bw': 20}, ((2, 7), (1, 20)): {'bw': 20}, ((2, 7), (20, np.int64(22))): {'bw': 20}, ((3, 4), (np.int64(26), 23)): {'bw': 7}, ((3, 4), (23, 21)): {'bw': 7}, ((3, 4), (21, 3)): {'bw': 7}, ((3, 4), (3, np.int64(13))): {'bw': 7}, ((3, 5), (np.int64(26), 23)): {'bw': 15}, ((3, 6), (np.int64(26), 23)): {'bw': 8}, ((3, 6), (23, 20)): {'bw': 8}, ((3, 6), (20, 1)): {'bw': 8}, ((3, 6), (1, 12)): {'bw': 8}, ((3, 6), (12, np.int64(15))): {'bw': 8}, ((3, 7), (np.int64(26), 23)): {'bw': 23}, ((3, 7), (23, 20)): {'bw': 23}, ((3, 7), (20, np.int64(22))): {'bw': 23}, ((4, 5), (np.int64(13), 3)): {'bw': 50}, ((4, 5), (3, 21)): {'bw': 50}, ((4, 5), (21, np.int64(23))): {'bw': 50}, ((4, 6), (np.int64(13), 15)): {'bw': 9}, ((4, 7), (np.int64(13), 3)): {'bw': 46}, ((4, 7), (3, 21)): {'bw': 46}, ((4, 7), (21, np.int64(22))): {'bw': 46}, ((4, 8), (np.int64(13), 3)): {'bw': 1}, ((4, 8), (3, np.int64(21))): {'bw': 1}, ((5, 6), (np.int64(23), 20)): {'bw': 21}, ((5, 6), (20, 1)): {'bw': 21}, ((5, 6), (1, 12)): {'bw': 21}, ((5, 6), (12, np.int64(15))): {'bw': 21}, ((5, 7), (np.int64(23), 20)): {'bw': 13}, ((5, 7), (20, np.int64(22))): {'bw': 13}, ((7, 8), (np.int64(22), 21)): {'bw': 22}}",1267.0,551.0,114.0,57.0,494.0,57.0,494.0,57.0,1210.0,716.0,0.43488555643251775,544908.8795785548,236973.00130053962,187.03472872970767,Success,0.0,"{'node_level': {}, 'link_level': {}, 'path_level': {}}","{'node_level': {5: {'cpu': -48}, 1: {'cpu': -57}, 7: {'cpu': -61}, 8: {'cpu': -20}, 3: {'cpu': -96}, 6: {'cpu': -52}, 2: {'cpu': -53}, 0: {'cpu': -56}, 4: {'cpu': -62}}, 'link_level': {(0, 1): {'bw': -56}, (0, 4): {'bw': -87}, (0, 5): {'bw': -25}, (0, 6): {'bw': -175}, (0, 7): {'bw': -105}, (1, 2): {'bw': 0}, (1, 3): {'bw': -80}, (1, 4): {'bw': 0}, (2, 4): {'bw': -40}, (2, 7): {'bw': -82}, (3, 4): {'bw': -257}, (3, 5): {'bw': -284}, (3, 6): {'bw': -72}, (3, 7): {'bw': -49}, (4, 5): {'bw': -207}, (4, 6): {'bw': -162}, (4, 7): {'bw': -112}, (4, 8): {'bw': -160}, (5, 6): {'bw': -28}, (5, 7): {'bw': -15}, (7, 8): {'bw': -90}}, 'path_level': {(0, 1): {}, (0, 4): {}, (0, 5): {}, (0, 6): {}, (0, 7): {}, (1, 2): {}, (1, 3): {}, (1, 4): {}, (2, 4): {}, (2, 7): {}, (3, 4): {}, (3, 5): {}, (3, 6): {}, (3, 7): {}, (4, 5): {}, (4, 6): {}, (4, 7): {}, (4, 8): {}, (5, 6): {}, (5, 7): {}, (7, 8): {}}}","{'node_level': {5: {'cpu': 0}, 1: {'cpu': 0}, 7: {'cpu': 0}, 8: {'cpu': 0}, 3: {'cpu': 0}, 6: {'cpu': 0}, 2: {'cpu': 0}, 0: {'cpu': 0}, 4: {'cpu': 0}}, 'link_level': {(0, 1): {'bw': 0}, (0, 4): {'bw': 0}, (0, 5): {'bw': 0}, (0, 6): {'bw': 0}, (0, 7): {'bw': 0}, (1, 2): {'bw': 0}, (1, 3): {'bw': 0}, (1, 4): {'bw': 0}, (2, 4): {'bw': 0}, (2, 7): {'bw': 0}, (3, 4): {'bw': 0}, (3, 5): {'bw': 0}, (3, 6): {'bw': 0}, (3, 7): {'bw': 0}, (4, 5): {'bw': 0}, (4, 6): {'bw': 0}, (4, 7): {'bw': 0}, (4, 8): {'bw': 0}, (5, 6): {'bw': 0}, (5, 7): {'bw': 0}, (7, 8): {'bw': 0}}, 'path_level': {(0, 1): {}, (0, 4): {}, (0, 5): {}, (0, 6): {}, (0, 7): {}, (1, 2): {}, (1, 3): {}, (1, 4): {}, (2, 4): {}, (2, 7): {}, (3, 4): {}, (3, 5): {}, (3, 6): {}, (3, 7): {}, (4, 5): {}, (4, 6): {}, (4, 7): {}, (4, 8): {}, (5, 6): {}, (5, 7): {}, (7, 8): {}}}",[],-inf,-inf,True,True,False,0,[],0,0.0,9.0,21.0
81,64,9,16706.0,31801.0,5864593.8261964815,11871000.963584084,0.5253293921574793,0.494026901706682,29,145,1,2018.0,10101,2146,7955,0.1771472392638037,0.4182815356489945,80,1010.6521937181047,2018.0,10,27,False,"{5: np.int64(31), 0: np.int64(29), 6: np.int64(30), 8: np.int64(32), 4: np.int64(33), 3: np.int64(15), 7: np.int64(3), 9: np.int64(22), 1: np.int64(14), 2: np.int64(23)}","{(0, 2): [(np.int64(29), 2), (2, 21), (21, np.int64(23))], (0, 3): [(np.int64(29), 3), (3, 13), (13, np.int64(15))], (0, 8): [(np.int64(29), 30), (30, np.int64(32))], (0, 9): [(np.int64(29), 2), (2, 21), (21, np.int64(22))], (1, 2): [(np.int64(14), 12), (12, 1), (1, 20), (20, np.int64(23))], (1, 3): [(np.int64(14), 12), (12, np.int64(15))], (1, 4): []}","{(5, np.int64(31)): {'cpu': 20}, (0, np.int64(29)): {'cpu': 17}, (6, np.int64(30)): {'cpu': 16}, (8, np.int64(32)): {'cpu': 19}, (4, np.int64(33)): {'cpu': 14}, (3, np.int64(15)): {'cpu': 8}, (7, np.int64(3)): {'cpu': 15}, (9, np.int64(22)): {'cpu': 4}, (1, np.int64(14)): {'cpu': 3}, (2, np.int64(23)): {'cpu': 0}}","{((0, 2), (np.int64(29), 2)): {'bw': 44}, ((0, 2), (2, 21)): {'bw': 44}, ((0, 2), (21, np.int64(23))): {'bw': 44}, ((0, 3), (np.int64(29), 3)): {'bw': 25}, ((0, 3), (3, 13)): {'bw': 25}, ((0, 3), (13, np.int64(15))): {'bw': 25}, ((0, 8), (np.int64(29), 30)): {'bw': 24}, ((0, 8), (30, np.int64(32))): {'bw': 24}, ((0, 9), (np.int64(29), 2)): {'bw': 45}, ((0, 9), (2, 21)): {'bw': 45}, ((0, 9), (21, np.int64(22))): {'bw': 45}, ((1, 2), (np.int64(14), 12)): {'bw': 12}, ((1, 2), (12, 1)): {'bw': 12}, ((1, 2), (1, 20)): {'bw': 12}, ((1, 2), (20, np.int64(23))): {'bw': 12}, ((1, 3), (np.int64(14), 12)): {'bw': 18}, ((1, 3), (12, np.int64(15))): {'bw': 18}}",0.0,0.0,232.0,116.0,556.0,0.0,0.0,0.0,0.0,0.0,0.0,0.0,0.0,0.0,Route Failure,30.0,"{'node_level': {}, 'link_level': {}, 'path_level': {}}","{'node_level': {5: {'cpu': -54}, 0: {'cpu': -38}, 6: {'cpu': -34}, 8: {'cpu': -61}, 4: {'cpu': -68}, 3: {'cpu': -44}, 7: {'cpu': -18}, 9: {'cpu': -57}, 1: {'cpu': -50}, 2: {'cpu': -48}}, 'link_level': {(0, 2): {'bw': -119}, (0, 3): {'bw': -56}, (0, 8): {'bw': -23}, (0, 9): {'bw': -45}, (1, 2): {'bw': -3}, (1, 3): {'bw': -103}, (1, 4): {'bw': 30}}, 'path_level': {(0, 2): {}, (0, 3): {}, (0, 8): {}, (0, 9): {}, (1, 2): {}, (1, 3): {}, (1, 4): {}}}","{'node_level': {5: {'cpu': 0}, 0: {'cpu': 0}, 6: {'cpu': 0}, 8: {'cpu': 0}, 4: {'cpu': 0}, 3: {'cpu': 0}, 7: {'cpu': 0}, 9: {'cpu': 0}, 1: {'cpu': 0}, 2: {'cpu': 0}}, 'link_level': {(0, 2): {'bw': 0}, (0, 3): {'bw': 0}, (0, 8): {'bw': 0}, (0, 9): {'bw': 0}, (1, 2): {'bw': 0}, (1, 3): {'bw': 0}, (1, 4): {'bw': 30}}, 'path_level': {(0, 2): {}, (0, 3): {}, (0, 8): {}, (0, 9): {}, (1, 2): {}, (1, 3): {}, (1, 4): {}}}",[],-inf,-inf,True,False,False,0,[],0,0.0,10.0,7.0
81,64,9,16706.0,31801.0,5864593.8261964815,11871000.963584084,0.5253293921574793,0.494026901706682,29,146,0,2020.2714980042147,10101,2146,7955,0.1771472392638037,0.4182815356489945,62,430.2714980042148,1590.0,9,15,False,{},{},{},{},0.0,0.0,0.0,0.0,0.0,0.0,0.0,0.0,0.0,0.0,0.0,0.0,0.0,0.0,Leave Event,0.0,"{'node_level': {}, 'link_level': {}, 'path_level': {}}","{'node_level': {}, 'link_level': {}, 'path_level': {}}","{'node_level': {}, 'link_level': {}, 'path_level': {}}",[],-inf,-inf,True,True,False,0,[],0,0.0,,
82,65,10,16917.0,32126.0,6027331.55052194,12121663.33517543,0.5265828301064558,0.4972363432196172,29,147,1,2042.0,9776,2064,7712,0.20858895705521474,0.43605118829981715,81,771.2688356656797,2042.0,6,5,True,"{0: np.int64(31), 5: np.int64(29), 2: np.int64(30), 1: np.int64(32), 4: np.int64(33), 3: np.int64(15)}","{(0, 1): [(np.int64(31), 28), (28, 30), (30, np.int64(32))], (0, 3): [(np.int64(31), 29), (29, 3), (3, 13), (13, np.int64(15))], (0, 5): [(np.int64(31), 29)], (2, 5): [(np.int64(30), 29)], (3, 4): [(np.int64(15), 12), (12, 1), (1, 28), (28, 30), (30, np.int64(33))]}","{(0, np.int64(31)): {'cpu': 19}, (5, np.int64(29)): {'cpu': 17}, (2, np.int64(30)): {'cpu': 13}, (1, np.int64(32)): {'cpu': 14}, (4, np.int64(33)): {'cpu': 18}, (3, np.int64(15)): {'cpu': 1}}","{((0, 1), (np.int64(31), 28)): {'bw': 11}, ((0, 1), (28, 30)): {'bw': 11}, ((0, 1), (30, np.int64(32))): {'bw': 11}, ((0, 3), (np.int64(31), 29)): {'bw': 28}, ((0, 3), (29, 3)): {'bw': 28}, ((0, 3), (3, 13)): {'bw': 28}, ((0, 3), (13, np.int64(15))): {'bw': 28}, ((0, 5), (np.int64(31), 29)): {'bw': 44}, ((2, 5), (np.int64(30), 29)): {'bw': 44}, ((3, 4), (np.int64(15), 12)): {'bw': 2}, ((3, 4), (12, 1)): {'bw': 2}, ((3, 4), (1, 28)): {'bw': 2}, ((3, 4), (28, 30)): {'bw': 2}, ((3, 4), (30, np.int64(33))): {'bw': 2}}",325.0,211.0,164.0,82.0,129.0,82.0,129.0,82.0,243.0,114.0,0.6492307692307693,250662.3715913459,162737.72432545843,500.73145946294903,Success,0.0,"{'node_level': {}, 'link_level': {}, 'path_level': {}}","{'node_level': {0: {'cpu': -55}, 5: {'cpu': -38}, 2: {'cpu': -37}, 1: {'cpu': -66}, 4: {'cpu': -64}, 3: {'cpu': -51}}, 'link_level': {(0, 1): {'bw': -7}, (0, 3): {'bw': -53}, (0, 5): {'bw': -22}, (2, 5): {'bw': -3}, (3, 4): {'bw': -26}}, 'path_level': {(0, 1): {}, (0, 3): {}, (0, 5): {}, (2, 5): {}, (3, 4): {}}}","{'node_level': {0: {'cpu': 0}, 5: {'cpu': 0}, 2: {'cpu': 0}, 1: {'cpu': 0}, 4: {'cpu': 0}, 3: {'cpu': 0}}, 'link_level': {(0, 1): {'bw': 0}, (0, 3): {'bw': 0}, (0, 5): {'bw': 0}, (2, 5): {'bw': 0}, (3, 4): {'bw': 0}}, 'path_level': {(0, 1): {}, (0, 3): {}, (0, 5): {}, (2, 5): {}, (3, 4): {}}}",[],-inf,-inf,True,True,False,0,[],0,0.0,6.0,5.0
83,66,11,17232.0,32961.0,6073632.164528592,12244396.708812108,0.5227996723400382,0.4960335987936008,29,148,1,2068.0,8941,2015,6926,0.22737730061349692,0.49352833638025595,82,146.986076211591,2068.0,6,8,True,"{5: np.int64(15), 2: np.int64(18), 4: np.int64(14), 1: np.int64(12), 0: np.int64(13), 3: np.int64(22)}","{(0, 2): [(np.int64(13), 15), (15, np.int64(18))], (0, 4): [(np.int64(13), 14)], (1, 3): [(np.int64(12), 1), (1, 20), (20, np.int64(22))], (2, 3): [(np.int64(18), 15), (15, 13), (13, 3), (3, 21), (21, np.int64(22))], (2, 4): [(np.int64(18), 15), (15, 12), (12, np.int64(14))], (3, 4): [(np.int64(22), 20), (20, 1), (1, 12), (12, np.int64(14))], (3, 5): [(np.int64(22), 21), (21, 3), (3, 13), (13, np.int64(15))], (4, 5): [(np.int64(14), 12), (12, np.int64(15))]}","{(5, np.int64(15)): {'cpu': 18}, (2, np.int64(18)): {'cpu': 12}, (4, np.int64(14)): {'cpu': 6}, (1, np.int64(12)): {'cpu': 10}, (0, np.int64(13)): {'cpu': 3}, (3, np.int64(22)): {'cpu': 0}}","{((0, 2), (np.int64(13), 15)): {'bw': 29}, ((0, 2), (15, np.int64(18))): {'bw': 29}, ((0, 4), (np.int64(13), 14)): {'bw': 29}, ((1, 3), (np.int64(12), 1)): {'bw': 33}, ((1, 3), (1, 20)): {'bw': 33}, ((1, 3), (20, np.int64(22))): {'bw': 33}, ((2, 3), (np.int64(18), 15)): {'bw': 41}, ((2, 3), (15, 13)): {'bw': 41}, ((2, 3), (13, 3)): {'bw': 41}, ((2, 3), (3, 21)): {'bw': 41}, ((2, 3), (21, np.int64(22))): {'bw': 41}, ((2, 4), (np.int64(18), 15)): {'bw': 43}, ((2, 4), (15, 12)): {'bw': 43}, ((2, 4), (12, np.int64(14))): {'bw': 43}, ((3, 4), (np.int64(22), 20)): {'bw': 1}, ((3, 4), (20, 1)): {'bw': 1}, ((3, 4), (1, 12)): {'bw': 1}, ((3, 4), (12, np.int64(14))): {'bw': 1}, ((3, 5), (np.int64(22), 21)): {'bw': 41}, ((3, 5), (21, 3)): {'bw': 41}, ((3, 5), (3, 13)): {'bw': 41}, ((3, 5), (13, np.int64(15))): {'bw': 41}, ((4, 5), (np.int64(14), 12)): {'bw': 49}, ((4, 5), (12, np.int64(15))): {'bw': 49}}",835.0,315.0,98.0,49.0,266.0,49.0,266.0,49.0,786.0,520.0,0.3772455089820359,122733.3736366785,46300.614006651165,55.44983713371397,Success,0.0,"{'node_level': {}, 'link_level': {}, 'path_level': {}}","{'node_level': {5: {'cpu': -33}, 2: {'cpu': -75}, 4: {'cpu': -47}, 1: {'cpu': -46}, 0: {'cpu': -59}, 3: {'cpu': -61}}, 'link_level': {(0, 2): {'bw': -105}, (0, 4): {'bw': -11}, (1, 3): {'bw': -13}, (2, 3): {'bw': -49}, (2, 4): {'bw': -90}, (3, 4): {'bw': -12}, (3, 5): {'bw': -8}, (4, 5): {'bw': -40}}, 'path_level': {(0, 2): {}, (0, 4): {}, (1, 3): {}, (2, 3): {}, (2, 4): {}, (3, 4): {}, (3, 5): {}, (4, 5): {}}}","{'node_level': {5: {'cpu': 0}, 2: {'cpu': 0}, 4: {'cpu': 0}, 1: {'cpu': 0}, 0: {'cpu': 0}, 3: {'cpu': 0}}, 'link_level': {(0, 2): {'bw': 0}, (0, 4): {'bw': 0}, (1, 3): {'bw': 0}, (2, 3): {'bw': 0}, (2, 4): {'bw': 0}, (3, 4): {'bw': 0}, (3, 5): {'bw': 0}, (4, 5): {'bw': 0}}, 'path_level': {(0, 2): {}, (0, 4): {}, (1, 3): {}, (2, 3): {}, (2, 4): {}, (3, 4): {}, (3, 5): {}, (4, 5): {}}}",[],-inf,-inf,True,True,False,0,[],0,0.0,6.0,8.0
84,66,11,17232.0,32961.0,6073632.164528592,12244396.708812108,0.5227996723400382,0.4960335987936008,29,149,1,2089.0,8941,2015,6926,0.22737730061349692,0.49352833638025595,83,42.917801169367394,2089.0,9,17,False,"{7: np.int64(23), 0: np.int64(26), 8: np.int64(22), 2: np.int64(2), 5: np.int64(5), 1: np.int64(7), 6: np.int64(6), 4: np.int64(31), 3: np.int64(30)}","{(0, 5): [(np.int64(26), 23), (23, 21), (21, 2), (2, np.int64(5))], (0, 6): [(np.int64(26), 23), (23, 21), (21, 3), (3, 5), (5, np.int64(6))], (0, 7): [(np.int64(26), 23)], (0, 8): []}","{(7, np.int64(23)): {'cpu': 15}, (0, np.int64(26)): {'cpu': 16}, (8, np.int64(22)): {'cpu': 13}, (2, np.int64(2)): {'cpu': 16}, (5, np.int64(5)): {'cpu': 7}, (1, np.int64(7)): {'cpu': 13}, (6, np.int64(6)): {'cpu': 5}, (4, np.int64(31)): {'cpu': 6}, (3, np.int64(30)): {'cpu': 0}}","{((0, 5), (np.int64(26), 23)): {'bw': 16}, ((0, 5), (23, 21)): {'bw': 16}, ((0, 5), (21, 2)): {'bw': 16}, ((0, 5), (2, np.int64(5))): {'bw': 16}, ((0, 6), (np.int64(26), 23)): {'bw': 33}, ((0, 6), (23, 21)): {'bw': 33}, ((0, 6), (21, 3)): {'bw': 33}, ((0, 6), (3, 5)): {'bw': 33}, ((0, 6), (5, np.int64(6))): {'bw': 33}, ((0, 7), (np.int64(26), 23)): {'bw': 50}}",0.0,0.0,182.0,91.0,497.0,0.0,0.0,0.0,0.0,0.0,0.0,0.0,0.0,0.0,Route Failure,97.0,"{'node_level': {}, 'link_level': {}, 'path_level': {}}","{'node_level': {7: {'cpu': -33}, 0: {'cpu': -80}, 8: {'cpu': -48}, 2: {'cpu': -37}, 5: {'cpu': -35}, 1: {'cpu': -21}, 6: {'cpu': -33}, 4: {'cpu': -49}, 3: {'cpu': -37}}, 'link_level': {(0, 5): {'bw': -31}, (0, 6): {'bw': -83}, (0, 7): {'bw': -154}, (0, 8): {'bw': 30}}, 'path_level': {(0, 5): {}, (0, 6): {}, (0, 7): {}, (0, 8): {}}}","{'node_level': {7: {'cpu': 0}, 0: {'cpu': 0}, 8: {'cpu': 0}, 2: {'cpu': 0}, 5: {'cpu': 0}, 1: {'cpu': 0}, 6: {'cpu': 0}, 4: {'cpu': 0}, 3: {'cpu': 0}}, 'link_level': {(0, 5): {'bw': 0}, (0, 6): {'bw': 0}, (0, 7): {'bw': 0}, (0, 8): {'bw': 97}}, 'path_level': {(0, 5): {}, (0, 6): {}, (0, 7): {}, (0, 8): {}}}",[],-inf,-inf,True,False,False,0,[],0,0.0,9.0,4.0
84,66,10,17232.0,32961.0,6073632.164528592,12244396.708812108,0.5227996723400382,0.4960335987936008,29,150,0,2105.469424680723,10367,2106,8261,0.19248466257668717,0.3959049360146252,30,1296.4694246807228,809.0,9,18,False,{},{},{},{},0.0,0.0,0.0,0.0,0.0,0.0,0.0,0.0,0.0,0.0,0.0,0.0,0.0,0.0,Leave Event,0.0,"{'node_level': {}, 'link_level': {}, 'path_level': {}}","{'node_level': {}, 'link_level': {}, 'path_level': {}}","{'node_level': {}, 'link_level': {}, 'path_level': {}}",[],-inf,-inf,True,True,False,0,[],0,0.0,,
85,67,11,17666.0,33744.0,6110887.922342866,12311611.589845696,0.5235301090564248,0.49635158466036816,29,151,1,2110.0,9584,2036,7548,0.21932515337423308,0.4480438756855576,84,85.84275994072463,2110.0,9,19,True,"{7: np.int64(4), 2: np.int64(7), 8: np.int64(0), 5: np.int64(6), 3: np.int64(1), 6: np.int64(5), 4: np.int64(31), 0: np.int64(30), 1: np.int64(28)}","{(0, 1): [(np.int64(30), 28)], (0, 5): [(np.int64(30), 28), (28, 0), (0, 4), (4, np.int64(6))], (0, 7): [(np.int64(30), 28), (28, 0), (0, np.int64(4))], (1, 2): [(np.int64(28), 0), (0, 4), (4, np.int64(7))], (1, 4): [(np.int64(28), 31)], (1, 5): [(np.int64(28), 0), (0, 4), (4, np.int64(6))], (1, 6): [(np.int64(28), 30), (30, 29), (29, 2), (2, np.int64(5))], (1, 7): [(np.int64(28), 0), (0, np.int64(4))], (1, 8): [(np.int64(28), 0)], (2, 4): [(np.int64(7), 4), (4, 0), (0, 28), (28, np.int64(31))], (2, 5): [(np.int64(7), 4), (4, np.int64(6))], (2, 7): [(np.int64(7), 4)], (2, 8): [(np.int64(7), 4), (4, np.int64(0))], (3, 6): [(np.int64(1), 4), (4, 6), (6, np.int64(5))], (3, 8): [(np.int64(1), 4), (4, np.int64(0))], (4, 8): [(np.int64(31), 28), (28, np.int64(0))], (5, 7): [(np.int64(6), 4)], (6, 7): [(np.int64(5), 6), (6, np.int64(4))], (7, 8): [(np.int64(4), 0)]}","{(7, np.int64(4)): {'cpu': 11}, (2, np.int64(7)): {'cpu': 10}, (8, np.int64(0)): {'cpu': 7}, (5, np.int64(6)): {'cpu': 15}, (3, np.int64(1)): {'cpu': 18}, (6, np.int64(5)): {'cpu': 6}, (4, np.int64(31)): {'cpu': 2}, (0, np.int64(30)): {'cpu': 1}, (1, np.int64(28)): {'cpu': 0}}","{((0, 1), (np.int64(30), 28)): {'bw': 20}, ((0, 5), (np.int64(30), 28)): {'bw': 1}, ((0, 5), (28, 0)): {'bw': 1}, ((0, 5), (0, 4)): {'bw': 1}, ((0, 5), (4, np.int64(6))): {'bw': 1}, ((0, 7), (np.int64(30), 28)): {'bw': 0}, ((0, 7), (28, 0)): {'bw': 0}, ((0, 7), (0, np.int64(4))): {'bw': 0}, ((1, 2), (np.int64(28), 0)): {'bw': 45}, ((1, 2), (0, 4)): {'bw': 45}, ((1, 2), (4, np.int64(7))): {'bw': 45}, ((1, 4), (np.int64(28), 31)): {'bw': 49}, ((1, 5), (np.int64(28), 0)): {'bw': 18}, ((1, 5), (0, 4)): {'bw': 18}, ((1, 5), (4, np.int64(6))): {'bw': 18}, ((1, 6), (np.int64(28), 30)): {'bw': 29}, ((1, 6), (30, 29)): {'bw': 29}, ((1, 6), (29, 2)): {'bw': 29}, ((1, 6), (2, np.int64(5))): {'bw': 29}, ((1, 7), (np.int64(28), 0)): {'bw': 44}, ((1, 7), (0, np.int64(4))): {'bw': 44}, ((1, 8), (np.int64(28), 0)): {'bw': 26}, ((2, 4), (np.int64(7), 4)): {'bw': 7}, ((2, 4), (4, 0)): {'bw': 7}, ((2, 4), (0, 28)): {'bw': 7}, ((2, 4), (28, np.int64(31))): {'bw': 7}, ((2, 5), (np.int64(7), 4)): {'bw': 3}, ((2, 5), (4, np.int64(6))): {'bw': 3}, ((2, 7), (np.int64(7), 4)): {'bw': 21}, ((2, 8), (np.int64(7), 4)): {'bw': 19}, ((2, 8), (4, np.int64(0))): {'bw': 19}, ((3, 6), (np.int64(1), 4)): {'bw': 15}, ((3, 6), (4, 6)): {'bw': 15}, ((3, 6), (6, np.int64(5))): {'bw': 15}, ((3, 8), (np.int64(1), 4)): {'bw': 5}, ((3, 8), (4, np.int64(0))): {'bw': 5}, ((4, 8), (np.int64(31), 28)): {'bw': 3}, ((4, 8), (28, np.int64(0))): {'bw': 3}, ((5, 7), (np.int64(6), 4)): {'bw': 8}, ((6, 7), (np.int64(5), 6)): {'bw': 8}, ((6, 7), (6, np.int64(4))): {'bw': 8}, ((7, 8), (np.int64(4), 0)): {'bw': 43}}",783.0,434.0,140.0,70.0,364.0,70.0,364.0,70.0,713.0,349.0,0.5542784163473818,67214.88103358739,37255.75781427449,47.58078903483332,Success,0.0,"{'node_level': {}, 'link_level': {}, 'path_level': {}}","{'node_level': {7: {'cpu': -48}, 2: {'cpu': -37}, 8: {'cpu': -69}, 5: {'cpu': -34}, 3: {'cpu': -69}, 6: {'cpu': -36}, 4: {'cpu': -56}, 0: {'cpu': -45}, 1: {'cpu': -45}}, 'link_level': {(0, 1): {'bw': -130}, (0, 5): {'bw': -129}, (0, 7): {'bw': -129}, (1, 2): {'bw': -112}, (1, 4): {'bw': -31}, (1, 5): {'bw': -94}, (1, 6): {'bw': -8}, (1, 7): {'bw': -50}, (1, 8): {'bw': -24}, (2, 4): {'bw': -17}, (2, 5): {'bw': -188}, (2, 7): {'bw': -232}, (2, 8): {'bw': -165}, (3, 6): {'bw': -131}, (3, 8): {'bw': -126}, (4, 8): {'bw': -14}, (5, 7): {'bw': -165}, (6, 7): {'bw': -157}, (7, 8): {'bw': -117}}, 'path_level': {(0, 1): {}, (0, 5): {}, (0, 7): {}, (1, 2): {}, (1, 4): {}, (1, 5): {}, (1, 6): {}, (1, 7): {}, (1, 8): {}, (2, 4): {}, (2, 5): {}, (2, 7): {}, (2, 8): {}, (3, 6): {}, (3, 8): {}, (4, 8): {}, (5, 7): {}, (6, 7): {}, (7, 8): {}}}","{'node_level': {7: {'cpu': 0}, 2: {'cpu': 0}, 8: {'cpu': 0}, 5: {'cpu': 0}, 3: {'cpu': 0}, 6: {'cpu': 0}, 4: {'cpu': 0}, 0: {'cpu': 0}, 1: {'cpu': 0}}, 'link_level': {(0, 1): {'bw': 0}, (0, 5): {'bw': 0}, (0, 7): {'bw': 0}, (1, 2): {'bw': 0}, (1, 4): {'bw': 0}, (1, 5): {'bw': 0}, (1, 6): {'bw': 0}, (1, 7): {'bw': 0}, (1, 8): {'bw': 0}, (2, 4): {'bw': 0}, (2, 5): {'bw': 0}, (2, 7): {'bw': 0}, (2, 8): {'bw': 0}, (3, 6): {'bw': 0}, (3, 8): {'bw': 0}, (4, 8): {'bw': 0}, (5, 7): {'bw': 0}, (6, 7): {'bw': 0}, (7, 8): {'bw': 0}}, 'path_level': {(0, 1): {}, (0, 5): {}, (0, 7): {}, (1, 2): {}, (1, 4): {}, (1, 5): {}, (1, 6): {}, (1, 7): {}, (1, 8): {}, (2, 4): {}, (2, 5): {}, (2, 7): {}, (2, 8): {}, (3, 6): {}, (3, 8): {}, (4, 8): {}, (5, 7): {}, (6, 7): {}, (7, 8): {}}}",[],-inf,-inf,True,True,False,0,[],0,0.0,9.0,19.0
85,67,11,17666.0,33744.0,6110887.922342866,12311611.589845696,0.5235301090564248,0.49635158466036816,29,152,0,2131.9178011693675,9584,2036,7548,0.21932515337423308,0.4480438756855576,83,42.917801169367394,2089.0,9,17,False,{},{},{},{},0.0,0.0,0.0,0.0,0.0,0.0,0.0,0.0,0.0,0.0,0.0,0.0,0.0,0.0,Leave Event,0.0,"{'node_level': {}, 'link_level': {}, 'path_level': {}}","{'node_level': {}, 'link_level': {}, 'path_level': {}}","{'node_level': {}, 'link_level': {}, 'path_level': {}}",[],-inf,-inf,True,True,False,0,[],0,0.0,,
86,68,12,17937.0,34159.0,6142741.345972961,12360390.817913923,0.5251031938874089,0.4969698318171527,29,153,1,2133.0,9169,1964,7205,0.24693251533742333,0.47312614259597807,85,117.54030859813712,2133.0,6,8,True,"{0: np.int64(7), 4: np.int64(4), 2: np.int64(1), 5: np.int64(6), 1: np.int64(5), 3: np.int64(22)}","{(0, 1): [(np.int64(7), 5)], (0, 2): [(np.int64(7), 4), (4, np.int64(1))], (0, 4): [(np.int64(7), 4)], (1, 2): [(np.int64(5), 6), (6, 4), (4, np.int64(1))], (1, 4): [(np.int64(5), 6), (6, np.int64(4))], (2, 4): [(np.int64(1), 4)], (2, 5): [(np.int64(1), 4), (4, np.int64(6))], (3, 4): [(np.int64(22), 20), (20, 0), (0, np.int64(4))]}","{(0, np.int64(7)): {'cpu': 11}, (4, np.int64(4)): {'cpu': 17}, (2, np.int64(1)): {'cpu': 8}, (5, np.int64(6)): {'cpu': 20}, (1, np.int64(5)): {'cpu': 12}, (3, np.int64(22)): {'cpu': 4}}","{((0, 1), (np.int64(7), 5)): {'bw': 37}, ((0, 2), (np.int64(7), 4)): {'bw': 47}, ((0, 2), (4, np.int64(1))): {'bw': 47}, ((0, 4), (np.int64(7), 4)): {'bw': 23}, ((1, 2), (np.int64(5), 6)): {'bw': 6}, ((1, 2), (6, 4)): {'bw': 6}, ((1, 2), (4, np.int64(1))): {'bw': 6}, ((1, 4), (np.int64(5), 6)): {'bw': 0}, ((1, 4), (6, np.int64(4))): {'bw': 0}, ((2, 4), (np.int64(1), 4)): {'bw': 23}, ((2, 5), (np.int64(1), 4)): {'bw': 41}, ((2, 5), (4, np.int64(6))): {'bw': 41}, ((3, 4), (np.int64(22), 20)): {'bw': 22}, ((3, 4), (20, 0)): {'bw': 22}, ((3, 4), (0, np.int64(4))): {'bw': 22}}",415.0,271.0,144.0,72.0,199.0,72.0,199.0,72.0,343.0,144.0,0.653012048192771,48779.228068226905,31853.42363009516,76.75523766287989,Success,0.0,"{'node_level': {}, 'link_level': {}, 'path_level': {}}","{'node_level': {0: {'cpu': -26}, 4: {'cpu': -31}, 2: {'cpu': -61}, 5: {'cpu': -14}, 1: {'cpu': -24}, 3: {'cpu': -59}}, 'link_level': {(0, 1): {'bw': -199}, (0, 2): {'bw': -79}, (0, 4): {'bw': -143}, (1, 2): {'bw': -73}, (1, 4): {'bw': -151}, (2, 4): {'bw': -50}, (2, 5): {'bw': -9}, (3, 4): {'bw': -43}}, 'path_level': {(0, 1): {}, (0, 2): {}, (0, 4): {}, (1, 2): {}, (1, 4): {}, (2, 4): {}, (2, 5): {}, (3, 4): {}}}","{'node_level': {0: {'cpu': 0}, 4: {'cpu': 0}, 2: {'cpu': 0}, 5: {'cpu': 0}, 1: {'cpu': 0}, 3: {'cpu': 0}}, 'link_level': {(0, 1): {'bw': 0}, (0, 2): {'bw': 0}, (0, 4): {'bw': 0}, (1, 2): {'bw': 0}, (1, 4): {'bw': 0}, (2, 4): {'bw': 0}, (2, 5): {'bw': 0}, (3, 4): {'bw': 0}}, 'path_level': {(0, 1): {}, (0, 2): {}, (0, 4): {}, (1, 2): {}, (1, 4): {}, (2, 4): {}, (2, 5): {}, (3, 4): {}}}",[],-inf,-inf,True,True,False,0,[],0,0.0,6.0,8.0
87,69,13,17965.0,34187.0,6150304.494653377,12367953.966594338,0.5254921461374207,0.49727744065552465,29,154,1,2164.0,9141,1954,7187,0.2507668711656442,0.47444241316270563,86,270.11245287198767,2164.0,2,1,True,"{0: np.int64(23), 1: np.int64(26)}","{(0, 1): [(np.int64(23), 26)]}","{(0, np.int64(23)): {'cpu': 8}, (1, np.int64(26)): {'cpu': 2}}","{((0, 1), (np.int64(23), 26)): {'bw': 18}}",28.0,28.0,20.0,10.0,18.0,10.0,18.0,10.0,18.0,0.0,1.0,7563.148680415655,7563.148680415655,270.11245287198767,Success,0.0,"{'node_level': {}, 'link_level': {}, 'path_level': {}}","{'node_level': {0: {'cpu': -40}, 1: {'cpu': -94}}, 'link_level': {(0, 1): {'bw': -235}}, 'path_level': {(0, 1): {}}}","{'node_level': {0: {'cpu': 0}, 1: {'cpu': 0}}, 'link_level': {(0, 1): {'bw': 0}}, 'path_level': {(0, 1): {}}}",[],-inf,-inf,True,True,False,0,[],0,0.0,2.0,1.0
87,69,13,17965.0,34187.0,6150304.494653377,12367953.966594338,0.5254921461374207,0.49727744065552465,29,155,0,2185.220376148036,9141,1954,7187,0.2507668711656442,0.47444241316270563,33,1304.220376148036,881.0,7,12,False,{},{},{},{},0.0,0.0,0.0,0.0,0.0,0.0,0.0,0.0,0.0,0.0,0.0,0.0,0.0,0.0,Leave Event,0.0,"{'node_level': {}, 'link_level': {}, 'path_level': {}}","{'node_level': {}, 'link_level': {}, 'path_level': {}}","{'node_level': {}, 'link_level': {}, 'path_level': {}}",[],-inf,-inf,True,True,False,0,[],0,0.0,,
87,69,12,17965.0,34187.0,6150304.494653377,12367953.966594338,0.5254921461374207,0.49727744065552465,29,156,0,2195.8427599407246,9924,2024,7900,0.2239263803680982,0.42230347349177333,84,85.84275994072463,2110.0,9,19,False,{},{},{},{},0.0,0.0,0.0,0.0,0.0,0.0,0.0,0.0,0.0,0.0,0.0,0.0,0.0,0.0,Leave Event,0.0,"{'node_level': {}, 'link_level': {}, 'path_level': {}}","{'node_level': {}, 'link_level': {}, 'path_level': {}}","{'node_level': {}, 'link_level': {}, 'path_level': {}}",[],-inf,-inf,True,True,False,0,[],0,0.0,,
87,69,11,17965.0,34187.0,6150304.494653377,12367953.966594338,0.5254921461374207,0.49727744065552465,29,157,0,2205.518566808705,11833,2128,9705,0.18404907975460127,0.2903107861060329,72,392.5185668087049,1813.0,10,25,False,{},{},{},{},0.0,0.0,0.0,0.0,0.0,0.0,0.0,0.0,0.0,0.0,0.0,0.0,0.0,0.0,Leave Event,0.0,"{'node_level': {}, 'link_level': {}, 'path_level': {}}","{'node_level': {}, 'link_level': {}, 'path_level': {}}","{'node_level': {}, 'link_level': {}, 'path_level': {}}",[],-inf,-inf,True,True,False,0,[],0,0.0,,
88,70,12,18074.0,34333.0,6173588.823831628,12399142.150631262,0.5264322954591792,0.4979045121696036,29,158,1,2207.0,11687,2088,9599,0.19938650306748462,0.29806215722120655,87,213.61769888304292,2207.0,4,4,True,"{3: np.int64(2), 2: np.int64(5), 1: np.int64(7), 0: np.int64(3)}","{(0, 2): [(np.int64(3), 5)], (0, 3): [(np.int64(3), 5), (5, np.int64(2))], (1, 3): [(np.int64(7), 5), (5, np.int64(2))], (2, 3): [(np.int64(5), 2)]}","{(3, np.int64(2)): {'cpu': 14}, (2, np.int64(5)): {'cpu': 18}, (1, np.int64(7)): {'cpu': 5}, (0, np.int64(3)): {'cpu': 3}}","{((0, 2), (np.int64(3), 5)): {'bw': 15}, ((0, 3), (np.int64(3), 5)): {'bw': 3}, ((0, 3), (5, np.int64(2))): {'bw': 3}, ((1, 3), (np.int64(7), 5)): {'bw': 34}, ((1, 3), (5, np.int64(2))): {'bw': 34}, ((2, 3), (np.int64(5), 2)): {'bw': 17}}",146.0,109.0,80.0,40.0,69.0,40.0,69.0,40.0,106.0,37.0,0.7465753424657534,31188.184036924267,23284.32917825168,159.48170670035395,Success,0.0,"{'node_level': {}, 'link_level': {}, 'path_level': {}}","{'node_level': {3: {'cpu': -48}, 2: {'cpu': -31}, 1: {'cpu': -49}, 0: {'cpu': -48}}, 'link_level': {(0, 2): {'bw': -360}, (0, 3): {'bw': -257}, (1, 3): {'bw': -223}, (2, 3): {'bw': -206}}, 'path_level': {(0, 2): {}, (0, 3): {}, (1, 3): {}, (2, 3): {}}}","{'node_level': {3: {'cpu': 0}, 2: {'cpu': 0}, 1: {'cpu': 0}, 0: {'cpu': 0}}, 'link_level': {(0, 2): {'bw': 0}, (0, 3): {'bw': 0}, (1, 3): {'bw': 0}, (2, 3): {'bw': 0}}, 'path_level': {(0, 2): {}, (0, 3): {}, (1, 3): {}, (2, 3): {}}}",[],-inf,-inf,True,True,False,0,[],0,0.0,4.0,4.0
88,70,11,18074.0,34333.0,6173588.823831628,12399142.150631262,0.5264322954591792,0.4979045121696036,29,159,0,2214.986076211591,12522,2137,10385,0.18059815950920244,0.24058500914076786,82,146.986076211591,2068.0,6,8,False,{},{},{},{},0.0,0.0,0.0,0.0,0.0,0.0,0.0,0.0,0.0,0.0,0.0,0.0,0.0,0.0,Leave Event,0.0,"{'node_level': {}, 'link_level': {}, 'path_level': {}}","{'node_level': {}, 'link_level': {}, 'path_level': {}}","{'node_level': {}, 'link_level': {}, 'path_level': {}}",[],-inf,-inf,True,True,False,0,[],0,0.0,,
88,70,10,18074.0,34333.0,6173588.823831628,12399142.150631262,0.5264322954591792,0.4979045121696036,29,160,0,2215.9257918479843,13018,2198,10820,0.15720858895705525,0.2087751371115174,78,254.9257918479843,1961.0,7,10,False,{},{},{},{},0.0,0.0,0.0,0.0,0.0,0.0,0.0,0.0,0.0,0.0,0.0,0.0,0.0,0.0,Leave Event,0.0,"{'node_level': {}, 'link_level': {}, 'path_level': {}}","{'node_level': {}, 'link_level': {}, 'path_level': {}}","{'node_level': {}, 'link_level': {}, 'path_level': {}}",[],-inf,-inf,True,True,False,0,[],0,0.0,,
89,71,11,18128.0,34387.0,6206085.65441055,12431638.981210185,0.5271759676621979,0.4992170110305444,29,161,1,2226.0,12964,2188,10776,0.16104294478527603,0.2119926873857404,88,601.7931588689326,2226.0,2,1,True,"{1: np.int64(22), 0: np.int64(21)}","{(0, 1): [(np.int64(21), 22)]}","{(1, np.int64(22)): {'cpu': 10}, (0, np.int64(21)): {'cpu': 0}}","{((0, 1), (np.int64(21), 22)): {'bw': 44}}",54.0,54.0,20.0,10.0,44.0,10.0,44.0,10.0,44.0,0.0,1.0,32496.83057892236,32496.83057892236,601.7931588689326,Success,0.0,"{'node_level': {}, 'link_level': {}, 'path_level': {}}","{'node_level': {1: {'cpu': -75}, 0: {'cpu': -44}}, 'link_level': {(0, 1): {'bw': -149}}, 'path_level': {(0, 1): {}}}","{'node_level': {1: {'cpu': 0}, 0: {'cpu': 0}}, 'link_level': {(0, 1): {'bw': 0}}, 'path_level': {(0, 1): {}}}",[],-inf,-inf,True,True,False,0,[],0,0.0,2.0,1.0
89,71,10,18128.0,34387.0,6206085.65441055,12431638.981210185,0.5271759676621979,0.4992170110305444,29,162,0,2250.540308598137,13379,2260,11119,0.1334355828220859,0.18691042047531992,85,117.54030859813712,2133.0,6,8,False,{},{},{},{},0.0,0.0,0.0,0.0,0.0,0.0,0.0,0.0,0.0,0.0,0.0,0.0,0.0,0.0,Leave Event,0.0,"{'node_level': {}, 'link_level': {}, 'path_level': {}}","{'node_level': {}, 'link_level': {}, 'path_level': {}}","{'node_level': {}, 'link_level': {}, 'path_level': {}}",[],-inf,-inf,True,True,False,0,[],0,0.0,,
90,72,11,18770.0,35600.0,6589907.085314499,13156834.301594127,0.527247191011236,0.5008733054056965,29,163,1,2252.0,12166,2185,9981,0.1621932515337423,0.270127970749543,89,597.8526961120702,2252.0,9,22,True,"{0: np.int64(7), 2: np.int64(4), 6: np.int64(6), 4: np.int64(5), 7: np.int64(3), 3: np.int64(2), 1: np.int64(13), 5: np.int64(22), 8: np.int64(21)}","{(0, 1): [(np.int64(7), 5), (5, 2), (2, np.int64(13))], (0, 2): [(np.int64(7), 4)], (0, 3): [(np.int64(7), 5), (5, np.int64(2))], (0, 4): [(np.int64(7), 5)], (0, 5): [(np.int64(7), 4), (4, 0), (0, 20), (20, np.int64(22))], (0, 6): [(np.int64(7), 4), (4, np.int64(6))], (0, 7): [(np.int64(7), 5), (5, np.int64(3))], (1, 2): [(np.int64(13), 14), (14, 12), (12, 0), (0, np.int64(4))], (1, 4): [(np.int64(13), 2), (2, np.int64(5))], (1, 6): [(np.int64(13), 2), (2, 5), (5, np.int64(6))], (1, 7): [(np.int64(13), 3)], (1, 8): [(np.int64(13), 2), (2, np.int64(21))], (2, 3): [(np.int64(4), 6), (6, 5), (5, np.int64(2))], (2, 6): [(np.int64(4), 6)], (3, 7): [(np.int64(2), 5), (5, np.int64(3))], (4, 5): [(np.int64(5), 2), (2, 21), (21, np.int64(22))], (4, 6): [(np.int64(5), 6)], (4, 7): [(np.int64(5), 3)], (5, 6): [(np.int64(22), 20), (20, 0), (0, 4), (4, np.int64(6))], (5, 7): [(np.int64(22), 21), (21, np.int64(3))], (5, 8): [(np.int64(22), 21)], (6, 8): [(np.int64(6), 5), (5, 2), (2, np.int64(21))]}","{(0, np.int64(7)): {'cpu': 10}, (2, np.int64(4)): {'cpu': 14}, (6, np.int64(6)): {'cpu': 10}, (4, np.int64(5)): {'cpu': 12}, (7, np.int64(3)): {'cpu': 9}, (3, np.int64(2)): {'cpu': 11}, (1, np.int64(13)): {'cpu': 2}, (5, np.int64(22)): {'cpu': 3}, (8, np.int64(21)): {'cpu': 4}}","{((0, 1), (np.int64(7), 5)): {'bw': 44}, ((0, 1), (5, 2)): {'bw': 44}, ((0, 1), (2, np.int64(13))): {'bw': 44}, ((0, 2), (np.int64(7), 4)): {'bw': 39}, ((0, 3), (np.int64(7), 5)): {'bw': 41}, ((0, 3), (5, np.int64(2))): {'bw': 41}, ((0, 4), (np.int64(7), 5)): {'bw': 39}, ((0, 5), (np.int64(7), 4)): {'bw': 16}, ((0, 5), (4, 0)): {'bw': 16}, ((0, 5), (0, 20)): {'bw': 16}, ((0, 5), (20, np.int64(22))): {'bw': 16}, ((0, 6), (np.int64(7), 4)): {'bw': 42}, ((0, 6), (4, np.int64(6))): {'bw': 42}, ((0, 7), (np.int64(7), 5)): {'bw': 3}, ((0, 7), (5, np.int64(3))): {'bw': 3}, ((1, 2), (np.int64(13), 14)): {'bw': 34}, ((1, 2), (14, 12)): {'bw': 34}, ((1, 2), (12, 0)): {'bw': 34}, ((1, 2), (0, np.int64(4))): {'bw': 34}, ((1, 4), (np.int64(13), 2)): {'bw': 13}, ((1, 4), (2, np.int64(5))): {'bw': 13}, ((1, 6), (np.int64(13), 2)): {'bw': 25}, ((1, 6), (2, 5)): {'bw': 25}, ((1, 6), (5, np.int64(6))): {'bw': 25}, ((1, 7), (np.int64(13), 3)): {'bw': 38}, ((1, 8), (np.int64(13), 2)): {'bw': 11}, ((1, 8), (2, np.int64(21))): {'bw': 11}, ((2, 3), (np.int64(4), 6)): {'bw': 5}, ((2, 3), (6, 5)): {'bw': 5}, ((2, 3), (5, np.int64(2))): {'bw': 5}, ((2, 6), (np.int64(4), 6)): {'bw': 50}, ((3, 7), (np.int64(2), 5)): {'bw': 28}, ((3, 7), (5, np.int64(3))): {'bw': 28}, ((4, 5), (np.int64(5), 2)): {'bw': 22}, ((4, 5), (2, 21)): {'bw': 22}, ((4, 5), (21, np.int64(22))): {'bw': 22}, ((4, 6), (np.int64(5), 6)): {'bw': 39}, ((4, 7), (np.int64(5), 3)): {'bw': 9}, ((5, 6), (np.int64(22), 20)): {'bw': 14}, ((5, 6), (20, 0)): {'bw': 14}, ((5, 6), (0, 4)): {'bw': 14}, ((5, 6), (4, np.int64(6))): {'bw': 14}, ((5, 7), (np.int64(22), 21)): {'bw': 47}, ((5, 7), (21, np.int64(3))): {'bw': 47}, ((5, 8), (np.int64(22), 21)): {'bw': 7}, ((6, 8), (np.int64(6), 5)): {'bw': 1}, ((6, 8), (5, 2)): {'bw': 1}, ((6, 8), (2, np.int64(21))): {'bw': 1}}",1213.0,642.0,150.0,75.0,567.0,75.0,567.0,75.0,1138.0,571.0,0.5292662819455894,725195.3203839412,383821.4309039491,316.42327362238177,Success,0.0,"{'node_level': {}, 'link_level': {}, 'path_level': {}}","{'node_level': {0: {'cpu': -50}, 2: {'cpu': -45}, 6: {'cpu': -45}, 4: {'cpu': -31}, 7: {'cpu': -46}, 3: {'cpu': -37}, 1: {'cpu': -75}, 5: {'cpu': -76}, 8: {'cpu': -40}}, 'link_level': {(0, 1): {'bw': -161}, (0, 2): {'bw': -292}, (0, 3): {'bw': -121}, (0, 4): {'bw': -191}, (0, 5): {'bw': -127}, (0, 6): {'bw': -229}, (0, 7): {'bw': -188}, (1, 2): {'bw': -64}, (1, 4): {'bw': -108}, (1, 6): {'bw': -83}, (1, 7): {'bw': -151}, (1, 8): {'bw': -112}, (2, 3): {'bw': -78}, (2, 6): {'bw': -174}, (3, 7): {'bw': -50}, (4, 5): {'bw': -28}, (4, 6): {'bw': -329}, (4, 7): {'bw': -317}, (5, 6): {'bw': -113}, (5, 7): {'bw': -80}, (5, 8): {'bw': -73}, (6, 8): {'bw': -27}}, 'path_level': {(0, 1): {}, (0, 2): {}, (0, 3): {}, (0, 4): {}, (0, 5): {}, (0, 6): {}, (0, 7): {}, (1, 2): {}, (1, 4): {}, (1, 6): {}, (1, 7): {}, (1, 8): {}, (2, 3): {}, (2, 6): {}, (3, 7): {}, (4, 5): {}, (4, 6): {}, (4, 7): {}, (5, 6): {}, (5, 7): {}, (5, 8): {}, (6, 8): {}}}","{'node_level': {0: {'cpu': 0}, 2: {'cpu': 0}, 6: {'cpu': 0}, 4: {'cpu': 0}, 7: {'cpu': 0}, 3: {'cpu': 0}, 1: {'cpu': 0}, 5: {'cpu': 0}, 8: {'cpu': 0}}, 'link_level': {(0, 1): {'bw': 0}, (0, 2): {'bw': 0}, (0, 3): {'bw': 0}, (0, 4): {'bw': 0}, (0, 5): {'bw': 0}, (0, 6): {'bw': 0}, (0, 7): {'bw': 0}, (1, 2): {'bw': 0}, (1, 4): {'bw': 0}, (1, 6): {'bw': 0}, (1, 7): {'bw': 0}, (1, 8): {'bw': 0}, (2, 3): {'bw': 0}, (2, 6): {'bw': 0}, (3, 7): {'bw': 0}, (4, 5): {'bw': 0}, (4, 6): {'bw': 0}, (4, 7): {'bw': 0}, (5, 6): {'bw': 0}, (5, 7): {'bw': 0}, (5, 8): {'bw': 0}, (6, 8): {'bw': 0}}, 'path_level': {(0, 1): {}, (0, 2): {}, (0, 3): {}, (0, 4): {}, (0, 5): {}, (0, 6): {}, (0, 7): {}, (1, 2): {}, (1, 4): {}, (1, 6): {}, (1, 7): {}, (1, 8): {}, (2, 3): {}, (2, 6): {}, (3, 7): {}, (4, 5): {}, (4, 6): {}, (4, 7): {}, (5, 6): {}, (5, 7): {}, (5, 8): {}, (6, 8): {}}}",[],-inf,-inf,True,True,False,0,[],0,0.0,9.0,22.0
91,73,12,18818.0,35667.0,6591770.999659148,13159436.015366865,0.5276025457706003,0.5009159201018676,29,164,1,2277.0,12099,2171,9928,0.16756134969325154,0.27400365630712975,90,38.831548846852414,2277.0,3,2,True,"{2: np.int64(22), 1: np.int64(21), 0: np.int64(23)}","{(0, 2): [(np.int64(23), 20), (20, np.int64(22))], (1, 2): [(np.int64(21), 22)]}","{(2, np.int64(22)): {'cpu': 7}, (1, np.int64(21)): {'cpu': 6}, (0, np.int64(23)): {'cpu': 1}}","{((0, 2), (np.int64(23), 20)): {'bw': 19}, ((0, 2), (20, np.int64(22))): {'bw': 19}, ((1, 2), (np.int64(21), 22)): {'bw': 15}}",67.0,48.0,28.0,14.0,34.0,14.0,34.0,14.0,53.0,19.0,0.7164179104477612,2601.713772739112,1863.9143446489159,27.819617084312174,Success,0.0,"{'node_level': {}, 'link_level': {}, 'path_level': {}}","{'node_level': {2: {'cpu': -69}, 1: {'cpu': -34}, 0: {'cpu': -49}}, 'link_level': {(0, 2): {'bw': -71}, (1, 2): {'bw': -58}}, 'path_level': {(0, 2): {}, (1, 2): {}}}","{'node_level': {2: {'cpu': 0}, 1: {'cpu': 0}, 0: {'cpu': 0}}, 'link_level': {(0, 2): {'bw': 0}, (1, 2): {'bw': 0}}, 'path_level': {(0, 2): {}, (1, 2): {}}}",[],-inf,-inf,True,True,False,0,[],0,0.0,3.0,2.0
91,73,11,18818.0,35667.0,6591770.999659148,13159436.015366865,0.5276025457706003,0.5009159201018676,29,165,0,2299.386347323038,12881,2231,10650,0.1445552147239264,0.22120658135283366,74,444.3863473230381,1855.0,6,11,False,{},{},{},{},0.0,0.0,0.0,0.0,0.0,0.0,0.0,0.0,0.0,0.0,0.0,0.0,0.0,0.0,Leave Event,0.0,"{'node_level': {}, 'link_level': {}, 'path_level': {}}","{'node_level': {}, 'link_level': {}, 'path_level': {}}","{'node_level': {}, 'link_level': {}, 'path_level': {}}",[],-inf,-inf,True,True,False,0,[],0,0.0,,
92,74,12,19322.0,36661.0,6601133.139226451,13177900.235069046,0.5270450887864488,0.5009245040161638,29,166,1,2304.0,11887,2155,9732,0.17369631901840488,0.28833638025594155,91,18.575673744648583,2304.0,9,16,True,"{6: np.int64(30), 0: np.int64(28), 2: np.int64(1), 3: np.int64(0), 8: np.int64(31), 5: np.int64(29), 7: np.int64(15), 4: np.int64(4), 1: np.int64(7)}","{(0, 3): [(np.int64(28), 0)], (0, 6): [(np.int64(28), 30)], (0, 7): [(np.int64(28), 0), (0, 12), (12, np.int64(15))], (0, 8): [(np.int64(28), 31)], (1, 4): [(np.int64(7), 4)], (1, 5): [(np.int64(7), 5), (5, 3), (3, np.int64(29))], (2, 5): [(np.int64(1), 28), (28, 30), (30, np.int64(29))], (2, 6): [(np.int64(1), 28), (28, np.int64(30))], (2, 8): [(np.int64(1), 28), (28, np.int64(31))], (3, 5): [(np.int64(0), 28), (28, 30), (30, np.int64(29))], (3, 6): [(np.int64(0), 28), (28, np.int64(30))], (3, 8): [(np.int64(0), 28), (28, np.int64(31))], (4, 5): [(np.int64(4), 6), (6, 5), (5, 2), (2, np.int64(29))], (4, 6): [(np.int64(4), 0), (0, 28), (28, np.int64(30))], (5, 8): [(np.int64(29), 31)], (6, 7): [(np.int64(30), 28), (28, 0), (0, 12), (12, np.int64(15))]}","{(6, np.int64(30)): {'cpu': 20}, (0, np.int64(28)): {'cpu': 17}, (2, np.int64(1)): {'cpu': 15}, (3, np.int64(0)): {'cpu': 7}, (8, np.int64(31)): {'cpu': 6}, (5, np.int64(29)): {'cpu': 5}, (7, np.int64(15)): {'cpu': 3}, (4, np.int64(4)): {'cpu': 2}, (1, np.int64(7)): {'cpu': 1}}","{((0, 3), (np.int64(28), 0)): {'bw': 49}, ((0, 6), (np.int64(28), 30)): {'bw': 17}, ((0, 7), (np.int64(28), 0)): {'bw': 12}, ((0, 7), (0, 12)): {'bw': 12}, ((0, 7), (12, np.int64(15))): {'bw': 12}, ((0, 8), (np.int64(28), 31)): {'bw': 11}, ((1, 4), (np.int64(7), 4)): {'bw': 24}, ((1, 5), (np.int64(7), 5)): {'bw': 31}, ((1, 5), (5, 3)): {'bw': 31}, ((1, 5), (3, np.int64(29))): {'bw': 31}, ((2, 5), (np.int64(1), 28)): {'bw': 22}, ((2, 5), (28, 30)): {'bw': 22}, ((2, 5), (30, np.int64(29))): {'bw': 22}, ((2, 6), (np.int64(1), 28)): {'bw': 45}, ((2, 6), (28, np.int64(30))): {'bw': 45}, ((2, 8), (np.int64(1), 28)): {'bw': 33}, ((2, 8), (28, np.int64(31))): {'bw': 33}, ((3, 5), (np.int64(0), 28)): {'bw': 24}, ((3, 5), (28, 30)): {'bw': 24}, ((3, 5), (30, np.int64(29))): {'bw': 24}, ((3, 6), (np.int64(0), 28)): {'bw': 30}, ((3, 6), (28, np.int64(30))): {'bw': 30}, ((3, 8), (np.int64(0), 28)): {'bw': 23}, ((3, 8), (28, np.int64(31))): {'bw': 23}, ((4, 5), (np.int64(4), 6)): {'bw': 0}, ((4, 5), (6, 5)): {'bw': 0}, ((4, 5), (5, 2)): {'bw': 0}, ((4, 5), (2, np.int64(29))): {'bw': 0}, ((4, 6), (np.int64(4), 0)): {'bw': 23}, ((4, 6), (0, 28)): {'bw': 23}, ((4, 6), (28, np.int64(30))): {'bw': 23}, ((5, 8), (np.int64(29), 31)): {'bw': 39}, ((6, 7), (np.int64(30), 28)): {'bw': 45}, ((6, 7), (28, 0)): {'bw': 45}, ((6, 7), (0, 12)): {'bw': 45}, ((6, 7), (12, np.int64(15))): {'bw': 45}}",994.0,504.0,152.0,76.0,428.0,76.0,428.0,76.0,918.0,490.0,0.5070422535211268,18464.21970218069,9362.139567302886,9.418651476159845,Success,0.0,"{'node_level': {}, 'link_level': {}, 'path_level': {}}","{'node_level': {6: {'cpu': -40}, 0: {'cpu': -41}, 2: {'cpu': -75}, 3: {'cpu': -73}, 8: {'cpu': -64}, 5: {'cpu': -49}, 7: {'cpu': -52}, 4: {'cpu': -43}, 1: {'cpu': -49}}, 'link_level': {(0, 3): {'bw': -207}, (0, 6): {'bw': -311}, (0, 7): {'bw': -88}, (0, 8): {'bw': -193}, (1, 4): {'bw': -210}, (1, 5): {'bw': -157}, (2, 5): {'bw': -147}, (2, 6): {'bw': -195}, (2, 8): {'bw': -160}, (3, 5): {'bw': -123}, (3, 6): {'bw': -141}, (3, 8): {'bw': -118}, (4, 5): {'bw': -27}, (4, 6): {'bw': -95}, (5, 8): {'bw': -98}, (6, 7): {'bw': -43}}, 'path_level': {(0, 3): {}, (0, 6): {}, (0, 7): {}, (0, 8): {}, (1, 4): {}, (1, 5): {}, (2, 5): {}, (2, 6): {}, (2, 8): {}, (3, 5): {}, (3, 6): {}, (3, 8): {}, (4, 5): {}, (4, 6): {}, (5, 8): {}, (6, 7): {}}}","{'node_level': {6: {'cpu': 0}, 0: {'cpu': 0}, 2: {'cpu': 0}, 3: {'cpu': 0}, 8: {'cpu': 0}, 5: {'cpu': 0}, 7: {'cpu': 0}, 4: {'cpu': 0}, 1: {'cpu': 0}}, 'link_level': {(0, 3): {'bw': 0}, (0, 6): {'bw': 0}, (0, 7): {'bw': 0}, (0, 8): {'bw': 0}, (1, 4): {'bw': 0}, (1, 5): {'bw': 0}, (2, 5): {'bw': 0}, (2, 6): {'bw': 0}, (2, 8): {'bw': 0}, (3, 5): {'bw': 0}, (3, 6): {'bw': 0}, (3, 8): {'bw': 0}, (4, 5): {'bw': 0}, (4, 6): {'bw': 0}, (5, 8): {'bw': 0}, (6, 7): {'bw': 0}}, 'path_level': {(0, 3): {}, (0, 6): {}, (0, 7): {}, (0, 8): {}, (1, 4): {}, (1, 5): {}, (2, 5): {}, (2, 6): {}, (2, 8): {}, (3, 5): {}, (3, 6): {}, (3, 8): {}, (4, 5): {}, (4, 6): {}, (5, 8): {}, (6, 7): {}}}",[],-inf,-inf,True,True,False,0,[],0,0.0,9.0,16.0
92,74,11,19322.0,36661.0,6601133.139226451,13177900.235069046,0.5270450887864488,0.5009245040161638,29,167,0,2315.8315488468525,11954,2169,9785,0.16832822085889576,0.28446069469835467,90,38.831548846852414,2277.0,3,2,False,{},{},{},{},0.0,0.0,0.0,0.0,0.0,0.0,0.0,0.0,0.0,0.0,0.0,0.0,0.0,0.0,Leave Event,0.0,"{'node_level': {}, 'link_level': {}, 'path_level': {}}","{'node_level': {}, 'link_level': {}, 'path_level': {}}","{'node_level': {}, 'link_level': {}, 'path_level': {}}",[],-inf,-inf,True,True,False,0,[],0,0.0,,
92,74,10,19322.0,36661.0,6601133.139226451,13177900.235069046,0.5270450887864488,0.5009245040161638,29,168,0,2322.5756737446486,12948,2245,10703,0.13918711656441718,0.21733089579524678,91,18.575673744648583,2304.0,9,16,False,{},{},{},{},0.0,0.0,0.0,0.0,0.0,0.0,0.0,0.0,0.0,0.0,0.0,0.0,0.0,0.0,Leave Event,0.0,"{'node_level': {}, 'link_level': {}, 'path_level': {}}","{'node_level': {}, 'link_level': {}, 'path_level': {}}","{'node_level': {}, 'link_level': {}, 'path_level': {}}",[],-inf,-inf,True,True,False,0,[],0,0.0,,
93,75,11,20048.0,38371.0,7166612.340879697,14509814.057144875,0.522477913007219,0.4939148298286247,29,169,1,2323.0,11238,2154,9084,0.17407975460122704,0.33572212065813534,92,778.8969719741689,2323.0,10,25,True,"{5: np.int64(30), 4: np.int64(28), 2: np.int64(1), 7: np.int64(0), 8: np.int64(31), 3: np.int64(29), 1: np.int64(22), 6: np.int64(15), 9: np.int64(3), 0: np.int64(13)}","{(0, 4): [(np.int64(13), 14), (14, 12), (12, 0), (0, np.int64(28))], (0, 5): [(np.int64(13), 2), (2, 29), (29, np.int64(30))], (0, 7): [(np.int64(13), 14), (14, 12), (12, np.int64(0))], (0, 9): [(np.int64(13), 3)], (1, 3): [(np.int64(22), 21), (21, 2), (2, np.int64(29))], (1, 4): [(np.int64(22), 20), (20, 0), (0, np.int64(28))], (1, 5): [(np.int64(22), 20), (20, 0), (0, 28), (28, np.int64(30))], (1, 8): [(np.int64(22), 20), (20, 0), (0, 28), (28, np.int64(31))], (1, 9): [(np.int64(22), 21), (21, np.int64(3))], (2, 3): [(np.int64(1), 28), (28, 30), (30, np.int64(29))], (2, 4): [(np.int64(1), 28)], (2, 5): [(np.int64(1), 28), (28, np.int64(30))], (2, 6): [(np.int64(1), 12), (12, np.int64(15))], (2, 7): [(np.int64(1), 4), (4, np.int64(0))], (2, 9): [(np.int64(1), 4), (4, 6), (6, 5), (5, np.int64(3))], (3, 6): [(np.int64(29), 2), (2, 13), (13, np.int64(15))], (3, 7): [(np.int64(29), 30), (30, 28), (28, np.int64(0))], (3, 8): [(np.int64(29), 31)], (4, 5): [(np.int64(28), 30)], (4, 6): [(np.int64(28), 0), (0, 12), (12, np.int64(15))], (4, 7): [(np.int64(28), 0)], (5, 7): [(np.int64(30), 28), (28, np.int64(0))], (5, 9): [(np.int64(30), 29), (29, np.int64(3))], (6, 8): [(np.int64(15), 13), (13, 2), (2, 29), (29, np.int64(31))], (7, 8): [(np.int64(0), 28), (28, np.int64(31))]}","{(5, np.int64(30)): {'cpu': 14}, (4, np.int64(28)): {'cpu': 10}, (2, np.int64(1)): {'cpu': 8}, (7, np.int64(0)): {'cpu': 8}, (8, np.int64(31)): {'cpu': 10}, (3, np.int64(29)): {'cpu': 9}, (1, np.int64(22)): {'cpu': 13}, (6, np.int64(15)): {'cpu': 11}, (9, np.int64(3)): {'cpu': 5}, (0, np.int64(13)): {'cpu': 3}}","{((0, 4), (np.int64(13), 14)): {'bw': 33}, ((0, 4), (14, 12)): {'bw': 33}, ((0, 4), (12, 0)): {'bw': 33}, ((0, 4), (0, np.int64(28))): {'bw': 33}, ((0, 5), (np.int64(13), 2)): {'bw': 45}, ((0, 5), (2, 29)): {'bw': 45}, ((0, 5), (29, np.int64(30))): {'bw': 45}, ((0, 7), (np.int64(13), 14)): {'bw': 39}, ((0, 7), (14, 12)): {'bw': 39}, ((0, 7), (12, np.int64(0))): {'bw': 39}, ((0, 9), (np.int64(13), 3)): {'bw': 10}, ((1, 3), (np.int64(22), 21)): {'bw': 3}, ((1, 3), (21, 2)): {'bw': 3}, ((1, 3), (2, np.int64(29))): {'bw': 3}, ((1, 4), (np.int64(22), 20)): {'bw': 13}, ((1, 4), (20, 0)): {'bw': 13}, ((1, 4), (0, np.int64(28))): {'bw': 13}, ((1, 5), (np.int64(22), 20)): {'bw': 45}, ((1, 5), (20, 0)): {'bw': 45}, ((1, 5), (0, 28)): {'bw': 45}, ((1, 5), (28, np.int64(30))): {'bw': 45}, ((1, 8), (np.int64(22), 20)): {'bw': 9}, ((1, 8), (20, 0)): {'bw': 9}, ((1, 8), (0, 28)): {'bw': 9}, ((1, 8), (28, np.int64(31))): {'bw': 9}, ((1, 9), (np.int64(22), 21)): {'bw': 4}, ((1, 9), (21, np.int64(3))): {'bw': 4}, ((2, 3), (np.int64(1), 28)): {'bw': 44}, ((2, 3), (28, 30)): {'bw': 44}, ((2, 3), (30, np.int64(29))): {'bw': 44}, ((2, 4), (np.int64(1), 28)): {'bw': 40}, ((2, 5), (np.int64(1), 28)): {'bw': 23}, ((2, 5), (28, np.int64(30))): {'bw': 23}, ((2, 6), (np.int64(1), 12)): {'bw': 17}, ((2, 6), (12, np.int64(15))): {'bw': 17}, ((2, 7), (np.int64(1), 4)): {'bw': 0}, ((2, 7), (4, np.int64(0))): {'bw': 0}, ((2, 9), (np.int64(1), 4)): {'bw': 39}, ((2, 9), (4, 6)): {'bw': 39}, ((2, 9), (6, 5)): {'bw': 39}, ((2, 9), (5, np.int64(3))): {'bw': 39}, ((3, 6), (np.int64(29), 2)): {'bw': 17}, ((3, 6), (2, 13)): {'bw': 17}, ((3, 6), (13, np.int64(15))): {'bw': 17}, ((3, 7), (np.int64(29), 30)): {'bw': 17}, ((3, 7), (30, 28)): {'bw': 17}, ((3, 7), (28, np.int64(0))): {'bw': 17}, ((3, 8), (np.int64(29), 31)): {'bw': 32}, ((4, 5), (np.int64(28), 30)): {'bw': 29}, ((4, 6), (np.int64(28), 0)): {'bw': 14}, ((4, 6), (0, 12)): {'bw': 14}, ((4, 6), (12, np.int64(15))): {'bw': 14}, ((4, 7), (np.int64(28), 0)): {'bw': 30}, ((5, 7), (np.int64(30), 28)): {'bw': 38}, ((5, 7), (28, np.int64(0))): {'bw': 38}, ((5, 9), (np.int64(30), 29)): {'bw': 32}, ((5, 9), (29, np.int64(3))): {'bw': 32}, ((6, 8), (np.int64(15), 13)): {'bw': 23}, ((6, 8), (13, 2)): {'bw': 23}, ((6, 8), (2, 29)): {'bw': 23}, ((6, 8), (29, np.int64(31))): {'bw': 23}, ((7, 8), (np.int64(0), 28)): {'bw': 39}, ((7, 8), (28, np.int64(31))): {'bw': 39}}",1710.0,726.0,182.0,91.0,635.0,91.0,635.0,91.0,1619.0,984.0,0.4245614035087719,1331913.8220758287,565479.2016532467,330.6895916100857,Success,0.0,"{'node_level': {}, 'link_level': {}, 'path_level': {}}","{'node_level': {5: {'cpu': -46}, 4: {'cpu': -48}, 2: {'cpu': -82}, 7: {'cpu': -72}, 8: {'cpu': -60}, 3: {'cpu': -45}, 1: {'cpu': -63}, 6: {'cpu': -44}, 9: {'cpu': -41}, 0: {'cpu': -72}}, 'link_level': {(0, 4): {'bw': -67}, (0, 5): {'bw': -67}, (0, 7): {'bw': -28}, (0, 9): {'bw': -141}, (1, 3): {'bw': -70}, (1, 4): {'bw': -100}, (1, 5): {'bw': -55}, (1, 8): {'bw': -46}, (1, 9): {'bw': -66}, (2, 3): {'bw': -80}, (2, 4): {'bw': -178}, (2, 5): {'bw': -155}, (2, 6): {'bw': -150}, (2, 7): {'bw': -222}, (2, 9): {'bw': -121}, (3, 6): {'bw': -50}, (3, 7): {'bw': -63}, (3, 8): {'bw': -105}, (4, 5): {'bw': -170}, (4, 6): {'bw': -14}, (4, 7): {'bw': -95}, (5, 7): {'bw': -57}, (5, 9): {'bw': -31}, (6, 8): {'bw': -27}, (7, 8): {'bw': -18}}, 'path_level': {(0, 4): {}, (0, 5): {}, (0, 7): {}, (0, 9): {}, (1, 3): {}, (1, 4): {}, (1, 5): {}, (1, 8): {}, (1, 9): {}, (2, 3): {}, (2, 4): {}, (2, 5): {}, (2, 6): {}, (2, 7): {}, (2, 9): {}, (3, 6): {}, (3, 7): {}, (3, 8): {}, (4, 5): {}, (4, 6): {}, (4, 7): {}, (5, 7): {}, (5, 9): {}, (6, 8): {}, (7, 8): {}}}","{'node_level': {5: {'cpu': 0}, 4: {'cpu': 0}, 2: {'cpu': 0}, 7: {'cpu': 0}, 8: {'cpu': 0}, 3: {'cpu': 0}, 1: {'cpu': 0}, 6: {'cpu': 0}, 9: {'cpu': 0}, 0: {'cpu': 0}}, 'link_level': {(0, 4): {'bw': 0}, (0, 5): {'bw': 0}, (0, 7): {'bw': 0}, (0, 9): {'bw': 0}, (1, 3): {'bw': 0}, (1, 4): {'bw': 0}, (1, 5): {'bw': 0}, (1, 8): {'bw': 0}, (1, 9): {'bw': 0}, (2, 3): {'bw': 0}, (2, 4): {'bw': 0}, (2, 5): {'bw': 0}, (2, 6): {'bw': 0}, (2, 7): {'bw': 0}, (2, 9): {'bw': 0}, (3, 6): {'bw': 0}, (3, 7): {'bw': 0}, (3, 8): {'bw': 0}, (4, 5): {'bw': 0}, (4, 6): {'bw': 0}, (4, 7): {'bw': 0}, (5, 7): {'bw': 0}, (5, 9): {'bw': 0}, (6, 8): {'bw': 0}, (7, 8): {'bw': 0}}, 'path_level': {(0, 4): {}, (0, 5): {}, (0, 7): {}, (0, 9): {}, (1, 3): {}, (1, 4): {}, (1, 5): {}, (1, 8): {}, (1, 9): {}, (2, 3): {}, (2, 4): {}, (2, 5): {}, (2, 6): {}, (2, 7): {}, (2, 9): {}, (3, 6): {}, (3, 7): {}, (3, 8): {}, (4, 5): {}, (4, 6): {}, (4, 7): {}, (5, 7): {}, (5, 9): {}, (6, 8): {}, (7, 8): {}}}",[],-inf,-inf,True,True,False,0,[],0,0.0,10.0,25.0
94,76,12,20278.0,38799.0,7432019.0701099085,15003701.361973267,0.5226423361426841,0.4953457077562399,29,170,1,2349.0,10810,2111,8699,0.19056748466257667,0.36387568555758687,93,1153.9423010009161,2349.0,6,8,True,"{5: np.int64(7), 3: np.int64(4), 4: np.int64(1), 1: np.int64(6), 2: np.int64(0), 0: np.int64(31)}","{(0, 2): [(np.int64(31), 28), (28, np.int64(0))], (0, 3): [(np.int64(31), 28), (28, 1), (1, np.int64(4))], (0, 4): [(np.int64(31), 28), (28, np.int64(1))], (0, 5): [(np.int64(31), 28), (28, 1), (1, 4), (4, np.int64(7))], (1, 3): [(np.int64(6), 4)], (2, 3): [(np.int64(0), 4)], (3, 4): [(np.int64(4), 1)], (3, 5): [(np.int64(4), 7)]}","{(5, np.int64(7)): {'cpu': 18}, (3, np.int64(4)): {'cpu': 8}, (4, np.int64(1)): {'cpu': 10}, (1, np.int64(6)): {'cpu': 5}, (2, np.int64(0)): {'cpu': 2}, (0, np.int64(31)): {'cpu': 0}}","{((0, 2), (np.int64(31), 28)): {'bw': 0}, ((0, 2), (28, np.int64(0))): {'bw': 0}, ((0, 3), (np.int64(31), 28)): {'bw': 45}, ((0, 3), (28, 1)): {'bw': 45}, ((0, 3), (1, np.int64(4))): {'bw': 45}, ((0, 4), (np.int64(31), 28)): {'bw': 18}, ((0, 4), (28, np.int64(1))): {'bw': 18}, ((0, 5), (np.int64(31), 28)): {'bw': 30}, ((0, 5), (28, 1)): {'bw': 30}, ((0, 5), (1, 4)): {'bw': 30}, ((0, 5), (4, np.int64(7))): {'bw': 30}, ((1, 3), (np.int64(6), 4)): {'bw': 7}, ((2, 3), (np.int64(0), 4)): {'bw': 6}, ((3, 4), (np.int64(4), 1)): {'bw': 32}, ((3, 5), (np.int64(4), 7)): {'bw': 49}}",428.0,230.0,86.0,43.0,187.0,43.0,187.0,43.0,385.0,198.0,0.5373831775700935,493887.3048283921,265406.7292302107,620.1091804444176,Success,0.0,"{'node_level': {}, 'link_level': {}, 'path_level': {}}","{'node_level': {5: {'cpu': -32}, 3: {'cpu': -37}, 4: {'cpu': -72}, 1: {'cpu': -40}, 2: {'cpu': -70}, 0: {'cpu': -60}}, 'link_level': {(0, 2): {'bw': -18}, (0, 3): {'bw': -110}, (0, 4): {'bw': -92}, (0, 5): {'bw': -62}, (1, 3): {'bw': -114}, (2, 3): {'bw': -267}, (3, 4): {'bw': -76}, (3, 5): {'bw': -155}}, 'path_level': {(0, 2): {}, (0, 3): {}, (0, 4): {}, (0, 5): {}, (1, 3): {}, (2, 3): {}, (3, 4): {}, (3, 5): {}}}","{'node_level': {5: {'cpu': 0}, 3: {'cpu': 0}, 4: {'cpu': 0}, 1: {'cpu': 0}, 2: {'cpu': 0}, 0: {'cpu': 0}}, 'link_level': {(0, 2): {'bw': 0}, (0, 3): {'bw': 0}, (0, 4): {'bw': 0}, (0, 5): {'bw': 0}, (1, 3): {'bw': 0}, (2, 3): {'bw': 0}, (3, 4): {'bw': 0}, (3, 5): {'bw': 0}}, 'path_level': {(0, 2): {}, (0, 3): {}, (0, 4): {}, (0, 5): {}, (1, 3): {}, (2, 3): {}, (3, 4): {}, (3, 5): {}}}",[],-inf,-inf,True,True,False,0,[],0,0.0,6.0,8.0
95,77,13,20328.0,38849.0,7432135.925622837,15003818.217486195,0.5232567118844758,0.49534963819816585,29,171,1,2374.0,10760,2101,8659,0.19440184049079756,0.366800731261426,94,2.337110258564652,2374.0,2,1,True,"{1: np.int64(23), 0: np.int64(21)}","{(0, 1): [(np.int64(21), 23)]}","{(1, np.int64(23)): {'cpu': 10}, (0, np.int64(21)): {'cpu': 0}}","{((0, 1), (np.int64(21), 23)): {'bw': 40}}",50.0,50.0,20.0,10.0,40.0,10.0,40.0,10.0,40.0,0.0,1.0,116.8555129282326,116.8555129282326,2.337110258564652,Success,0.0,"{'node_level': {}, 'link_level': {}, 'path_level': {}}","{'node_level': {1: {'cpu': -40}, 0: {'cpu': -40}}, 'link_level': {(0, 1): {'bw': -299}}, 'path_level': {(0, 1): {}}}","{'node_level': {1: {'cpu': 0}, 0: {'cpu': 0}}, 'link_level': {(0, 1): {'bw': 0}}, 'path_level': {(0, 1): {}}}",[],-inf,-inf,True,True,False,0,[],0,0.0,2.0,1.0
95,77,12,20328.0,38849.0,7432135.925622837,15003818.217486195,0.5232567118844758,0.49534963819816585,29,172,0,2376.3371102585647,10810,2111,8699,0.19056748466257667,0.36387568555758687,94,2.337110258564652,2374.0,2,1,False,{},{},{},{},0.0,0.0,0.0,0.0,0.0,0.0,0.0,0.0,0.0,0.0,0.0,0.0,0.0,0.0,Leave Event,0.0,"{'node_level': {}, 'link_level': {}, 'path_level': {}}","{'node_level': {}, 'link_level': {}, 'path_level': {}}","{'node_level': {}, 'link_level': {}, 'path_level': {}}",[],-inf,-inf,True,True,False,0,[],0,0.0,,
96,78,13,20384.0,38905.0,7440726.36570513,15012408.657568488,0.5239429379257164,0.49563841055938057,29,173,1,2399.0,10754,2091,8663,0.19823619631901845,0.366508226691042,95,153.40071575524007,2399.0,3,2,True,"{1: np.int64(23), 0: np.int64(21), 2: np.int64(22)}","{(0, 1): [(np.int64(21), 23)], (0, 2): [(np.int64(21), 22)]}","{(1, np.int64(23)): {'cpu': 7}, (0, np.int64(21)): {'cpu': 5}, (2, np.int64(22)): {'cpu': 8}}","{((0, 1), (np.int64(21), 23)): {'bw': 28}, ((0, 2), (np.int64(21), 22)): {'bw': 8}}",56.0,56.0,40.0,20.0,36.0,20.0,36.0,20.0,36.0,0.0,1.0,8590.440082293444,8590.440082293444,153.40071575524007,Success,0.0,"{'node_level': {}, 'link_level': {}, 'path_level': {}}","{'node_level': {1: {'cpu': -43}, 0: {'cpu': -35}, 2: {'cpu': -55}}, 'link_level': {(0, 1): {'bw': -311}, (0, 2): {'bw': -58}}, 'path_level': {(0, 1): {}, (0, 2): {}}}","{'node_level': {1: {'cpu': 0}, 0: {'cpu': 0}, 2: {'cpu': 0}}, 'link_level': {(0, 1): {'bw': 0}, (0, 2): {'bw': 0}}, 'path_level': {(0, 1): {}, (0, 2): {}}}",[],-inf,-inf,True,True,False,0,[],0,0.0,3.0,2.0
96,78,12,20384.0,38905.0,7440726.36570513,15012408.657568488,0.5239429379257164,0.49563841055938057,29,174,0,2418.0780422877306,12021,2148,9873,0.1763803680981595,0.2780255941499086,79,430.0780422877307,1988.0,9,21,False,{},{},{},{},0.0,0.0,0.0,0.0,0.0,0.0,0.0,0.0,0.0,0.0,0.0,0.0,0.0,0.0,Leave Event,0.0,"{'node_level': {}, 'link_level': {}, 'path_level': {}}","{'node_level': {}, 'link_level': {}, 'path_level': {}}","{'node_level': {}, 'link_level': {}, 'path_level': {}}",[],-inf,-inf,True,True,False,0,[],0,0.0,,
96,78,11,20384.0,38905.0,7440726.36570513,15012408.657568488,0.5239429379257164,0.49563841055938057,29,175,0,2420.617698883043,12167,2188,9979,0.16104294478527603,0.2702742230347349,87,213.61769888304292,2207.0,4,4,False,{},{},{},{},0.0,0.0,0.0,0.0,0.0,0.0,0.0,0.0,0.0,0.0,0.0,0.0,0.0,0.0,Leave Event,0.0,"{'node_level': {}, 'link_level': {}, 'path_level': {}}","{'node_level': {}, 'link_level': {}, 'path_level': {}}","{'node_level': {}, 'link_level': {}, 'path_level': {}}",[],-inf,-inf,True,True,False,0,[],0,0.0,,
97,79,12,21015.0,40268.0,7639473.062657417,15441714.121825172,0.5218784146220324,0.49472960076756367,29,176,1,2426.0,10804,2086,8718,0.20015337423312884,0.3624862888482633,96,314.9709935852405,2426.0,10,24,True,"{9: np.int64(23), 6: np.int64(21), 4: np.int64(20), 3: np.int64(22), 8: np.int64(3), 7: np.int64(1), 1: np.int64(5), 0: np.int64(13), 2: np.int64(14), 5: np.int64(15)}","{(0, 3): [(np.int64(13), 2), (2, 21), (21, np.int64(22))], (0, 5): [(np.int64(13), 15)], (0, 7): [(np.int64(13), 14), (14, 12), (12, np.int64(1))], (0, 8): [(np.int64(13), 3)], (0, 9): [(np.int64(13), 2), (2, 21), (21, np.int64(23))], (1, 2): [(np.int64(5), 3), (3, 13), (13, np.int64(14))], (1, 3): [(np.int64(5), 2), (2, 21), (21, np.int64(22))], (1, 4): [(np.int64(5), 6), (6, 4), (4, 0), (0, np.int64(20))], (1, 5): [(np.int64(5), 3), (3, 13), (13, np.int64(15))], (1, 6): [(np.int64(5), 2), (2, np.int64(21))], (1, 9): [(np.int64(5), 3), (3, 21), (21, np.int64(23))], (2, 3): [(np.int64(14), 12), (12, 0), (0, 20), (20, np.int64(22))], (2, 5): [(np.int64(14), 12), (12, np.int64(15))], (3, 5): [(np.int64(22), 20), (20, 0), (0, 12), (12, np.int64(15))], (3, 8): [(np.int64(22), 21), (21, np.int64(3))], (4, 5): [(np.int64(20), 0), (0, 12), (12, np.int64(15))], (4, 6): [(np.int64(20), 22), (22, np.int64(21))], (4, 9): [(np.int64(20), 23)], (5, 6): [(np.int64(15), 13), (13, 3), (3, np.int64(21))], (5, 7): [(np.int64(15), 12), (12, np.int64(1))], (5, 9): [(np.int64(15), 12), (12, 0), (0, 20), (20, np.int64(23))], (6, 8): [(np.int64(21), 3)], (7, 9): [(np.int64(1), 20), (20, np.int64(23))], (8, 9): [(np.int64(3), 21), (21, np.int64(23))]}","{(9, np.int64(23)): {'cpu': 20}, (6, np.int64(21)): {'cpu': 19}, (4, np.int64(20)): {'cpu': 15}, (3, np.int64(22)): {'cpu': 16}, (8, np.int64(3)): {'cpu': 7}, (7, np.int64(1)): {'cpu': 15}, (1, np.int64(5)): {'cpu': 3}, (0, np.int64(13)): {'cpu': 4}, (2, np.int64(14)): {'cpu': 3}, (5, np.int64(15)): {'cpu': 0}}","{((0, 3), (np.int64(13), 2)): {'bw': 9}, ((0, 3), (2, 21)): {'bw': 9}, ((0, 3), (21, np.int64(22))): {'bw': 9}, ((0, 5), (np.int64(13), 15)): {'bw': 24}, ((0, 7), (np.int64(13), 14)): {'bw': 21}, ((0, 7), (14, 12)): {'bw': 21}, ((0, 7), (12, np.int64(1))): {'bw': 21}, ((0, 8), (np.int64(13), 3)): {'bw': 27}, ((0, 9), (np.int64(13), 2)): {'bw': 11}, ((0, 9), (2, 21)): {'bw': 11}, ((0, 9), (21, np.int64(23))): {'bw': 11}, ((1, 2), (np.int64(5), 3)): {'bw': 14}, ((1, 2), (3, 13)): {'bw': 14}, ((1, 2), (13, np.int64(14))): {'bw': 14}, ((1, 3), (np.int64(5), 2)): {'bw': 17}, ((1, 3), (2, 21)): {'bw': 17}, ((1, 3), (21, np.int64(22))): {'bw': 17}, ((1, 4), (np.int64(5), 6)): {'bw': 40}, ((1, 4), (6, 4)): {'bw': 40}, ((1, 4), (4, 0)): {'bw': 40}, ((1, 4), (0, np.int64(20))): {'bw': 40}, ((1, 5), (np.int64(5), 3)): {'bw': 12}, ((1, 5), (3, 13)): {'bw': 12}, ((1, 5), (13, np.int64(15))): {'bw': 12}, ((1, 6), (np.int64(5), 2)): {'bw': 27}, ((1, 6), (2, np.int64(21))): {'bw': 27}, ((1, 9), (np.int64(5), 3)): {'bw': 44}, ((1, 9), (3, 21)): {'bw': 44}, ((1, 9), (21, np.int64(23))): {'bw': 44}, ((2, 3), (np.int64(14), 12)): {'bw': 0}, ((2, 3), (12, 0)): {'bw': 0}, ((2, 3), (0, 20)): {'bw': 0}, ((2, 3), (20, np.int64(22))): {'bw': 0}, ((2, 5), (np.int64(14), 12)): {'bw': 0}, ((2, 5), (12, np.int64(15))): {'bw': 0}, ((3, 5), (np.int64(22), 20)): {'bw': 16}, ((3, 5), (20, 0)): {'bw': 16}, ((3, 5), (0, 12)): {'bw': 16}, ((3, 5), (12, np.int64(15))): {'bw': 16}, ((3, 8), (np.int64(22), 21)): {'bw': 26}, ((3, 8), (21, np.int64(3))): {'bw': 26}, ((4, 5), (np.int64(20), 0)): {'bw': 17}, ((4, 5), (0, 12)): {'bw': 17}, ((4, 5), (12, np.int64(15))): {'bw': 17}, ((4, 6), (np.int64(20), 22)): {'bw': 26}, ((4, 6), (22, np.int64(21))): {'bw': 26}, ((4, 9), (np.int64(20), 23)): {'bw': 31}, ((5, 6), (np.int64(15), 13)): {'bw': 37}, ((5, 6), (13, 3)): {'bw': 37}, ((5, 6), (3, np.int64(21))): {'bw': 37}, ((5, 7), (np.int64(15), 12)): {'bw': 8}, ((5, 7), (12, np.int64(1))): {'bw': 8}, ((5, 9), (np.int64(15), 12)): {'bw': 19}, ((5, 9), (12, 0)): {'bw': 19}, ((5, 9), (0, 20)): {'bw': 19}, ((5, 9), (20, np.int64(23))): {'bw': 19}, ((6, 8), (np.int64(21), 3)): {'bw': 47}, ((7, 9), (np.int64(1), 20)): {'bw': 17}, ((7, 9), (20, np.int64(23))): {'bw': 17}, ((8, 9), (np.int64(3), 21)): {'bw': 39}, ((8, 9), (21, np.int64(23))): {'bw': 39}}",1363.0,631.0,204.0,102.0,529.0,102.0,529.0,102.0,1261.0,732.0,0.462949376375642,429305.4642566828,198746.69695228673,145.81562505670342,Success,0.0,"{'node_level': {}, 'link_level': {}, 'path_level': {}}","{'node_level': {9: {'cpu': -43}, 6: {'cpu': -33}, 4: {'cpu': -55}, 3: {'cpu': -42}, 8: {'cpu': -37}, 7: {'cpu': -57}, 1: {'cpu': -46}, 0: {'cpu': -68}, 2: {'cpu': -53}, 5: {'cpu': -47}}, 'link_level': {(0, 3): {'bw': -21}, (0, 5): {'bw': -100}, (0, 7): {'bw': -97}, (0, 8): {'bw': -218}, (0, 9): {'bw': -10}, (1, 2): {'bw': -135}, (1, 3): {'bw': -64}, (1, 4): {'bw': -74}, (1, 5): {'bw': -88}, (1, 6): {'bw': -37}, (1, 9): {'bw': -226}, (2, 3): {'bw': -87}, (2, 5): {'bw': -97}, (3, 5): {'bw': -71}, (3, 8): {'bw': -77}, (4, 5): {'bw': -54}, (4, 6): {'bw': -51}, (4, 9): {'bw': -184}, (5, 6): {'bw': -51}, (5, 7): {'bw': -169}, (5, 9): {'bw': -35}, (6, 8): {'bw': -195}, (7, 9): {'bw': -148}, (8, 9): {'bw': -156}}, 'path_level': {(0, 3): {}, (0, 5): {}, (0, 7): {}, (0, 8): {}, (0, 9): {}, (1, 2): {}, (1, 3): {}, (1, 4): {}, (1, 5): {}, (1, 6): {}, (1, 9): {}, (2, 3): {}, (2, 5): {}, (3, 5): {}, (3, 8): {}, (4, 5): {}, (4, 6): {}, (4, 9): {}, (5, 6): {}, (5, 7): {}, (5, 9): {}, (6, 8): {}, (7, 9): {}, (8, 9): {}}}","{'node_level': {9: {'cpu': 0}, 6: {'cpu': 0}, 4: {'cpu': 0}, 3: {'cpu': 0}, 8: {'cpu': 0}, 7: {'cpu': 0}, 1: {'cpu': 0}, 0: {'cpu': 0}, 2: {'cpu': 0}, 5: {'cpu': 0}}, 'link_level': {(0, 3): {'bw': 0}, (0, 5): {'bw': 0}, (0, 7): {'bw': 0}, (0, 8): {'bw': 0}, (0, 9): {'bw': 0}, (1, 2): {'bw': 0}, (1, 3): {'bw': 0}, (1, 4): {'bw': 0}, (1, 5): {'bw': 0}, (1, 6): {'bw': 0}, (1, 9): {'bw': 0}, (2, 3): {'bw': 0}, (2, 5): {'bw': 0}, (3, 5): {'bw': 0}, (3, 8): {'bw': 0}, (4, 5): {'bw': 0}, (4, 6): {'bw': 0}, (4, 9): {'bw': 0}, (5, 6): {'bw': 0}, (5, 7): {'bw': 0}, (5, 9): {'bw': 0}, (6, 8): {'bw': 0}, (7, 9): {'bw': 0}, (8, 9): {'bw': 0}}, 'path_level': {(0, 3): {}, (0, 5): {}, (0, 7): {}, (0, 8): {}, (0, 9): {}, (1, 2): {}, (1, 3): {}, (1, 4): {}, (1, 5): {}, (1, 6): {}, (1, 9): {}, (2, 3): {}, (2, 5): {}, (3, 5): {}, (3, 8): {}, (4, 5): {}, (4, 6): {}, (4, 9): {}, (5, 6): {}, (5, 7): {}, (5, 9): {}, (6, 8): {}, (7, 9): {}, (8, 9): {}}}",[],-inf,-inf,True,True,False,0,[],0,0.0,10.0,24.0
97,79,11,21015.0,40268.0,7639473.062657417,15441714.121825172,0.5218784146220324,0.49472960076756367,29,177,0,2434.1124528719874,10832,2096,8736,0.19631901840490795,0.3611700182815356,86,270.11245287198767,2164.0,2,1,False,{},{},{},{},0.0,0.0,0.0,0.0,0.0,0.0,0.0,0.0,0.0,0.0,0.0,0.0,0.0,0.0,Leave Event,0.0,"{'node_level': {}, 'link_level': {}, 'path_level': {}}","{'node_level': {}, 'link_level': {}, 'path_level': {}}","{'node_level': {}, 'link_level': {}, 'path_level': {}}",[],-inf,-inf,True,True,False,0,[],0,0.0,,
97,79,11,21015.0,40268.0,7639473.062657417,15441714.121825172,0.5218784146220324,0.49472960076756367,29,178,0,2443.420001959268,10832,2096,8736,0.19631901840490795,0.3611700182815356,52,1084.420001959268,1359.0,9,17,False,{},{},{},{},0.0,0.0,0.0,0.0,0.0,0.0,0.0,0.0,0.0,0.0,0.0,0.0,0.0,0.0,Leave Event,0.0,"{'node_level': {}, 'link_level': {}, 'path_level': {}}","{'node_level': {}, 'link_level': {}, 'path_level': {}}","{'node_level': {}, 'link_level': {}, 'path_level': {}}",[],-inf,-inf,True,True,False,0,[],0,0.0,,
98,80,12,21173.0,40514.0,7674707.058768914,15496572.115770921,0.5226094683319347,0.4952519177423977,29,179,1,2449.0,10586,2054,8532,0.21242331288343563,0.37608775137111516,97,222.99997538922514,2449.0,4,4,True,"{3: np.int64(23), 0: np.int64(26), 2: np.int64(20), 1: np.int64(1)}","{(0, 1): [(np.int64(26), 23), (23, 20), (20, np.int64(1))], (0, 3): [(np.int64(26), 23)], (1, 2): [(np.int64(1), 20)], (2, 3): [(np.int64(20), 23)]}","{(3, np.int64(23)): {'cpu': 16}, (0, np.int64(26)): {'cpu': 11}, (2, np.int64(20)): {'cpu': 9}, (1, np.int64(1)): {'cpu': 6}}","{((0, 1), (np.int64(26), 23)): {'bw': 44}, ((0, 1), (23, 20)): {'bw': 44}, ((0, 1), (20, np.int64(1))): {'bw': 44}, ((0, 3), (np.int64(26), 23)): {'bw': 30}, ((1, 2), (np.int64(1), 20)): {'bw': 16}, ((2, 3), (np.int64(20), 23)): {'bw': 26}}",246.0,158.0,84.0,42.0,116.0,42.0,116.0,42.0,204.0,88.0,0.6422764227642277,54857.99394574938,35233.996111497574,143.22762646950233,Success,0.0,"{'node_level': {}, 'link_level': {}, 'path_level': {}}","{'node_level': {3: {'cpu': -35}, 0: {'cpu': -89}, 2: {'cpu': -46}, 1: {'cpu': -51}}, 'link_level': {(0, 1): {'bw': -104}, (0, 3): {'bw': -261}, (1, 2): {'bw': -124}, (2, 3): {'bw': -78}}, 'path_level': {(0, 1): {}, (0, 3): {}, (1, 2): {}, (2, 3): {}}}","{'node_level': {3: {'cpu': 0}, 0: {'cpu': 0}, 2: {'cpu': 0}, 1: {'cpu': 0}}, 'link_level': {(0, 1): {'bw': 0}, (0, 3): {'bw': 0}, (1, 2): {'bw': 0}, (2, 3): {'bw': 0}}, 'path_level': {(0, 1): {}, (0, 3): {}, (1, 2): {}, (2, 3): {}}}",[],-inf,-inf,True,True,False,0,[],0,0.0,4.0,4.0
99,81,13,21352.0,40760.0,7699294.788825978,15530363.07439683,0.523846908734053,0.4957575526047387,29,180,1,2473.0,10340,1984,8356,0.23926380368098155,0.38895795246800735,98,137.36162043052295,2473.0,5,4,True,"{4: np.int64(31), 0: np.int64(29), 3: np.int64(30), 2: np.int64(2), 1: np.int64(5)}","{(0, 4): [(np.int64(29), 31)], (1, 4): [(np.int64(5), 2), (2, 29), (29, np.int64(31))], (2, 4): [(np.int64(2), 29), (29, np.int64(31))], (3, 4): [(np.int64(30), 28), (28, np.int64(31))]}","{(4, np.int64(31)): {'cpu': 19}, (0, np.int64(29)): {'cpu': 12}, (3, np.int64(30)): {'cpu': 6}, (2, np.int64(2)): {'cpu': 17}, (1, np.int64(5)): {'cpu': 16}}","{((0, 4), (np.int64(29), 31)): {'bw': 48}, ((1, 4), (np.int64(5), 2)): {'bw': 6}, ((1, 4), (2, 29)): {'bw': 6}, ((1, 4), (29, np.int64(31))): {'bw': 6}, ((2, 4), (np.int64(2), 29)): {'bw': 12}, ((2, 4), (29, np.int64(31))): {'bw': 12}, ((3, 4), (np.int64(30), 28)): {'bw': 43}, ((3, 4), (28, np.int64(31))): {'bw': 43}}",246.0,179.0,140.0,70.0,109.0,70.0,109.0,70.0,176.0,67.0,0.7276422764227642,33790.95862590864,24587.730057063607,99.9501221831854,Success,0.0,"{'node_level': {}, 'link_level': {}, 'path_level': {}}","{'node_level': {4: {'cpu': -41}, 0: {'cpu': -33}, 3: {'cpu': -40}, 2: {'cpu': -34}, 1: {'cpu': -30}}, 'link_level': {(0, 4): {'bw': -34}, (1, 4): {'bw': -28}, (2, 4): {'bw': -16}, (3, 4): {'bw': -20}}, 'path_level': {(0, 4): {}, (1, 4): {}, (2, 4): {}, (3, 4): {}}}","{'node_level': {4: {'cpu': 0}, 0: {'cpu': 0}, 3: {'cpu': 0}, 2: {'cpu': 0}, 1: {'cpu': 0}}, 'link_level': {(0, 4): {'bw': 0}, (1, 4): {'bw': 0}, (2, 4): {'bw': 0}, (3, 4): {'bw': 0}}, 'path_level': {(0, 4): {}, (1, 4): {}, (2, 4): {}, (3, 4): {}}}",[],-inf,-inf,True,True,False,0,[],0,0.0,5.0,4.0
100,82,14,21434.0,40842.0,7700255.883961467,15531324.16953232,0.5248028989765438,0.49578875567268116,29,181,1,2498.0,10258,1960,8298,0.24846625766871167,0.393199268738574,99,11.720672384020066,2498.0,3,2,True,"{1: np.int64(14), 2: np.int64(12), 0: np.int64(15)}","{(0, 2): [(np.int64(15), 12)], (1, 2): [(np.int64(14), 12)]}","{(1, np.int64(14)): {'cpu': 19}, (2, np.int64(12)): {'cpu': 3}, (0, np.int64(15)): {'cpu': 2}}","{((0, 2), (np.int64(15), 12)): {'bw': 44}, ((1, 2), (np.int64(14), 12)): {'bw': 14}}",82.0,82.0,48.0,24.0,58.0,24.0,58.0,24.0,58.0,0.0,1.0,961.0951354896454,961.0951354896454,11.720672384020066,Success,0.0,"{'node_level': {}, 'link_level': {}, 'path_level': {}}","{'node_level': {1: {'cpu': -34}, 2: {'cpu': -54}, 0: {'cpu': -45}}, 'link_level': {(0, 2): {'bw': -106}, (1, 2): {'bw': -83}}, 'path_level': {(0, 2): {}, (1, 2): {}}}","{'node_level': {1: {'cpu': 0}, 2: {'cpu': 0}, 0: {'cpu': 0}}, 'link_level': {(0, 2): {'bw': 0}, (1, 2): {'bw': 0}}, 'path_level': {(0, 2): {}, (1, 2): {}}}",[],-inf,-inf,True,True,False,0,[],0,0.0,3.0,2.0
100,82,13,21434.0,40842.0,7700255.883961467,15531324.16953232,0.5248028989765438,0.49578875567268116,29,182,0,2509.72067238402,10340,1984,8356,0.23926380368098155,0.38895795246800735,99,11.720672384020066,2498.0,3,2,False,{},{},{},{},0.0,0.0,0.0,0.0,0.0,0.0,0.0,0.0,0.0,0.0,0.0,0.0,0.0,0.0,Leave Event,0.0,"{'node_level': {}, 'link_level': {}, 'path_level': {}}","{'node_level': {}, 'link_level': {}, 'path_level': {}}","{'node_level': {}, 'link_level': {}, 'path_level': {}}",[],-inf,-inf,True,True,False,0,[],0,0.0,,
101,83,14,21521.0,40964.0,7733254.029591888,15577597.431220956,0.5253637340103505,0.49643432266985754,29,183,1,2520.0,10218,1969,8249,0.24501533742331283,0.3967824497257769,100,379.28903023472253,2520.0,4,3,True,"{2: np.int64(14), 0: np.int64(12), 3: np.int64(15), 1: np.int64(13)}","{(0, 1): [(np.int64(12), 14), (14, np.int64(13))], (0, 2): [(np.int64(12), 14)], (2, 3): [(np.int64(14), 12), (12, np.int64(15))]}","{(2, np.int64(14)): {'cpu': 7}, (0, np.int64(12)): {'cpu': 2}, (3, np.int64(15)): {'cpu': 6}, (1, np.int64(13)): {'cpu': 0}}","{((0, 1), (np.int64(12), 14)): {'bw': 18}, ((0, 1), (14, np.int64(13))): {'bw': 18}, ((0, 2), (np.int64(12), 14)): {'bw': 37}, ((2, 3), (np.int64(14), 12)): {'bw': 17}, ((2, 3), (12, np.int64(15))): {'bw': 17}}",122.0,87.0,30.0,15.0,72.0,15.0,72.0,15.0,107.0,35.0,0.7131147540983607,46273.26168863615,32998.14563042086,270.47660352803985,Success,0.0,"{'node_level': {}, 'link_level': {}, 'path_level': {}}","{'node_level': {2: {'cpu': -46}, 0: {'cpu': -55}, 3: {'cpu': -41}, 1: {'cpu': -68}}, 'link_level': {(0, 1): {'bw': -79}, (0, 2): {'bw': -42}, (2, 3): {'bw': -25}}, 'path_level': {(0, 1): {}, (0, 2): {}, (2, 3): {}}}","{'node_level': {2: {'cpu': 0}, 0: {'cpu': 0}, 3: {'cpu': 0}, 1: {'cpu': 0}}, 'link_level': {(0, 1): {'bw': 0}, (0, 2): {'bw': 0}, (2, 3): {'bw': 0}}, 'path_level': {(0, 1): {}, (0, 2): {}, (2, 3): {}}}",[],-inf,-inf,True,True,False,0,[],0,0.0,4.0,3.0
102,83,14,21521.0,40964.0,7733254.029591888,15577597.431220956,0.5253637340103505,0.49643432266985754,29,184,1,2542.0,10218,1969,8249,0.24501533742331283,0.3967824497257769,101,69.74295469166917,2542.0,9,18,False,"{6: np.int64(7), 7: np.int64(11), 3: np.int64(5), 1: np.int64(6), 4: np.int64(4), 2: np.int64(3), 5: np.int64(0), 8: np.int64(15), 0: np.int64(1)}","{(0, 6): [(np.int64(1), 4), (4, np.int64(7))], (1, 4): [(np.int64(6), 4)], (1, 5): [(np.int64(6), 4), (4, np.int64(0))], (1, 6): [(np.int64(6), 4), (4, np.int64(7))], (1, 7): [(np.int64(6), 5), (5, 7), (7, np.int64(11))], (2, 3): [(np.int64(3), 5)], (2, 5): [(np.int64(3), 5), (5, 7), (7, 4), (4, np.int64(0))], (2, 6): [(np.int64(3), 5), (5, np.int64(7))], (2, 8): [(np.int64(3), 13), (13, np.int64(15))], (3, 4): [(np.int64(5), 6), (6, np.int64(4))], (3, 7): [(np.int64(5), 7), (7, np.int64(11))], (3, 8): [(np.int64(5), 2), (2, 13), (13, np.int64(15))], (4, 6): [(np.int64(4), 7)], (4, 8): [(np.int64(4), 0), (0, 12), (12, np.int64(15))], (5, 7): [(np.int64(0), 4), (4, 7), (7, np.int64(11))], (6, 7): [(np.int64(7), 11)], (6, 8): []}","{(6, np.int64(7)): {'cpu': 19}, (7, np.int64(11)): {'cpu': 16}, (3, np.int64(5)): {'cpu': 19}, (1, np.int64(6)): {'cpu': 16}, (4, np.int64(4)): {'cpu': 19}, (2, np.int64(3)): {'cpu': 3}, (5, np.int64(0)): {'cpu': 4}, (8, np.int64(15)): {'cpu': 3}, (0, np.int64(1)): {'cpu': 4}}","{((0, 6), (np.int64(1), 4)): {'bw': 24}, ((0, 6), (4, np.int64(7))): {'bw': 24}, ((1, 4), (np.int64(6), 4)): {'bw': 16}, ((1, 5), (np.int64(6), 4)): {'bw': 23}, ((1, 5), (4, np.int64(0))): {'bw': 23}, ((1, 6), (np.int64(6), 4)): {'bw': 22}, ((1, 6), (4, np.int64(7))): {'bw': 22}, ((1, 7), (np.int64(6), 5)): {'bw': 21}, ((1, 7), (5, 7)): {'bw': 21}, ((1, 7), (7, np.int64(11))): {'bw': 21}, ((2, 3), (np.int64(3), 5)): {'bw': 48}, ((2, 5), (np.int64(3), 5)): {'bw': 33}, ((2, 5), (5, 7)): {'bw': 33}, ((2, 5), (7, 4)): {'bw': 33}, ((2, 5), (4, np.int64(0))): {'bw': 33}, ((2, 6), (np.int64(3), 5)): {'bw': 30}, ((2, 6), (5, np.int64(7))): {'bw': 30}, ((2, 8), (np.int64(3), 13)): {'bw': 31}, ((2, 8), (13, np.int64(15))): {'bw': 31}, ((3, 4), (np.int64(5), 6)): {'bw': 4}, ((3, 4), (6, np.int64(4))): {'bw': 4}, ((3, 7), (np.int64(5), 7)): {'bw': 38}, ((3, 7), (7, np.int64(11))): {'bw': 38}, ((3, 8), (np.int64(5), 2)): {'bw': 7}, ((3, 8), (2, 13)): {'bw': 7}, ((3, 8), (13, np.int64(15))): {'bw': 7}, ((4, 6), (np.int64(4), 7)): {'bw': 37}, ((4, 8), (np.int64(4), 0)): {'bw': 5}, ((4, 8), (0, 12)): {'bw': 5}, ((4, 8), (12, np.int64(15))): {'bw': 5}, ((5, 7), (np.int64(0), 4)): {'bw': 38}, ((5, 7), (4, 7)): {'bw': 38}, ((5, 7), (7, np.int64(11))): {'bw': 38}, ((6, 7), (np.int64(7), 11)): {'bw': 12}}",0.0,0.0,206.0,103.0,457.0,0.0,0.0,0.0,0.0,0.0,0.0,0.0,0.0,0.0,Route Failure,41.0,"{'node_level': {}, 'link_level': {}, 'path_level': {}}","{'node_level': {6: {'cpu': -18}, 7: {'cpu': -46}, 3: {'cpu': -11}, 1: {'cpu': -24}, 4: {'cpu': -18}, 2: {'cpu': -34}, 5: {'cpu': -66}, 8: {'cpu': -38}, 0: {'cpu': -47}}, 'link_level': {(0, 6): {'bw': -52}, (1, 4): {'bw': -58}, (1, 5): {'bw': -35}, (1, 6): {'bw': -13}, (1, 7): {'bw': -201}, (2, 3): {'bw': -178}, (2, 5): {'bw': -76}, (2, 6): {'bw': -115}, (2, 8): {'bw': -20}, (3, 4): {'bw': -9}, (3, 7): {'bw': -100}, (3, 8): {'bw': -3}, (4, 6): {'bw': -39}, (4, 8): {'bw': -30}, (5, 7): {'bw': -1}, (6, 7): {'bw': -287}, (6, 8): {'bw': 35}}, 'path_level': {(0, 6): {}, (1, 4): {}, (1, 5): {}, (1, 6): {}, (1, 7): {}, (2, 3): {}, (2, 5): {}, (2, 6): {}, (2, 8): {}, (3, 4): {}, (3, 7): {}, (3, 8): {}, (4, 6): {}, (4, 8): {}, (5, 7): {}, (6, 7): {}, (6, 8): {}}}","{'node_level': {6: {'cpu': 0}, 7: {'cpu': 0}, 3: {'cpu': 0}, 1: {'cpu': 0}, 4: {'cpu': 0}, 2: {'cpu': 0}, 5: {'cpu': 0}, 8: {'cpu': 0}, 0: {'cpu': 0}}, 'link_level': {(0, 6): {'bw': 0}, (1, 4): {'bw': 0}, (1, 5): {'bw': 0}, (1, 6): {'bw': 0}, (1, 7): {'bw': 0}, (2, 3): {'bw': 0}, (2, 5): {'bw': 0}, (2, 6): {'bw': 0}, (2, 8): {'bw': 0}, (3, 4): {'bw': 0}, (3, 7): {'bw': 0}, (3, 8): {'bw': 0}, (4, 6): {'bw': 0}, (4, 8): {'bw': 0}, (5, 7): {'bw': 0}, (6, 7): {'bw': 0}, (6, 8): {'bw': 41}}, 'path_level': {(0, 6): {}, (1, 4): {}, (1, 5): {}, (1, 6): {}, (1, 7): {}, (2, 3): {}, (2, 5): {}, (2, 6): {}, (2, 8): {}, (3, 4): {}, (3, 7): {}, (3, 8): {}, (4, 6): {}, (4, 8): {}, (5, 7): {}, (6, 7): {}, (6, 8): {}}}",[],-inf,-inf,True,False,False,0,[],0,0.0,9.0,17.0
102,83,13,21521.0,40964.0,7733254.029591888,15577597.431220956,0.5253637340103505,0.49643432266985754,29,185,0,2552.40071575524,10274,1989,8285,0.23734662576687116,0.3941499085923218,95,153.40071575524007,2399.0,3,2,False,{},{},{},{},0.0,0.0,0.0,0.0,0.0,0.0,0.0,0.0,0.0,0.0,0.0,0.0,0.0,0.0,Leave Event,0.0,"{'node_level': {}, 'link_level': {}, 'path_level': {}}","{'node_level': {}, 'link_level': {}, 'path_level': {}}","{'node_level': {}, 'link_level': {}, 'path_level': {}}",[],-inf,-inf,True,True,False,0,[],0,0.0,,
103,84,14,21675.0,41153.0,7796725.273618815,15655493.957981275,0.5266930721940077,0.4980184780208734,29,186,1,2555.0,10085,1936,8149,0.2576687116564417,0.40409506398537476,102,412.1509352397844,2555.0,4,3,True,"{0: np.int64(23), 1: np.int64(21), 2: np.int64(22), 3: np.int64(3)}","{(0, 1): [(np.int64(23), 21)], (0, 3): [(np.int64(23), 21), (21, np.int64(3))], (1, 2): [(np.int64(21), 22)]}","{(0, np.int64(23)): {'cpu': 14}, (1, np.int64(21)): {'cpu': 8}, (2, np.int64(22)): {'cpu': 17}, (3, np.int64(3)): {'cpu': 14}}","{((0, 1), (np.int64(23), 21)): {'bw': 35}, ((0, 3), (np.int64(23), 21)): {'bw': 35}, ((0, 3), (21, np.int64(3))): {'bw': 35}, ((1, 2), (np.int64(21), 22)): {'bw': 31}}",189.0,154.0,106.0,53.0,101.0,53.0,101.0,53.0,136.0,35.0,0.8148148148148148,77896.52676031925,63471.2440269268,335.8266879731577,Success,0.0,"{'node_level': {}, 'link_level': {}, 'path_level': {}}","{'node_level': {0: {'cpu': -28}, 1: {'cpu': -30}, 2: {'cpu': -33}, 3: {'cpu': -23}}, 'link_level': {(0, 1): {'bw': -267}, (0, 3): {'bw': -121}, (1, 2): {'bw': -28}}, 'path_level': {(0, 1): {}, (0, 3): {}, (1, 2): {}}}","{'node_level': {0: {'cpu': 0}, 1: {'cpu': 0}, 2: {'cpu': 0}, 3: {'cpu': 0}}, 'link_level': {(0, 1): {'bw': 0}, (0, 3): {'bw': 0}, (1, 2): {'bw': 0}}, 'path_level': {(0, 1): {}, (0, 3): {}, (1, 2): {}}}",[],-inf,-inf,True,True,False,0,[],0,0.0,4.0,3.0
103,84,14,21675.0,41153.0,7796725.273618815,15655493.957981275,0.5266930721940077,0.4980184780208734,29,187,0,2576.031366931177,10085,1936,8149,0.2576687116564417,0.40409506398537476,56,1133.0313669311772,1443.0,8,17,False,{},{},{},{},0.0,0.0,0.0,0.0,0.0,0.0,0.0,0.0,0.0,0.0,0.0,0.0,0.0,0.0,Leave Event,0.0,"{'node_level': {}, 'link_level': {}, 'path_level': {}}","{'node_level': {}, 'link_level': {}, 'path_level': {}}","{'node_level': {}, 'link_level': {}, 'path_level': {}}",[],-inf,-inf,True,True,False,0,[],0,0.0,,
104,84,14,21675.0,41153.0,7796725.273618815,15655493.957981275,0.5266930721940077,0.4980184780208734,29,188,1,2577.0,10085,1936,8149,0.2576687116564417,0.40409506398537476,103,91.85974811109456,2577.0,8,13,False,"{3: np.int64(7), 0: np.int64(11), 6: np.int64(5), 7: np.int64(6), 5: np.int64(4), 4: np.int64(0), 1: np.int64(1), 2: np.int64(15)}","{(0, 1): [(np.int64(11), 7), (7, 4), (4, np.int64(1))], (0, 6): [(np.int64(11), 7), (7, 5)], (1, 2): [(np.int64(1), 12), (12, np.int64(15))], (1, 3): [(np.int64(1), 4), (4, np.int64(7))], (1, 5): [(np.int64(1), 12), (12, 0), (0, np.int64(4))], (1, 6): [(np.int64(1), 12), (12, 0), (0, 4), (4, 6), (6, np.int64(5))], (2, 5): [(np.int64(15), 12), (12, 1), (1, 20), (20, 0), (0, np.int64(4))], (2, 7): [(np.int64(15), 12), (12, 0), (0, 4), (4, np.int64(6))], (3, 7): [(np.int64(7), 4), (4, np.int64(6))], (4, 5): [(np.int64(0), 4)], (4, 6): []}","{(3, np.int64(7)): {'cpu': 20}, (0, np.int64(11)): {'cpu': 16}, (6, np.int64(5)): {'cpu': 11}, (7, np.int64(6)): {'cpu': 10}, (5, np.int64(4)): {'cpu': 11}, (4, np.int64(0)): {'cpu': 6}, (1, np.int64(1)): {'cpu': 0}, (2, np.int64(15)): {'cpu': 0}}","{((0, 1), (np.int64(11), 7)): {'bw': 35}, ((0, 1), (7, 4)): {'bw': 35}, ((0, 1), (4, np.int64(1))): {'bw': 35}, ((0, 6), (np.int64(11), 7)): {'bw': 36}, ((0, 6), (7, 5)): {'bw': 36}, ((1, 2), (np.int64(1), 12)): {'bw': 9}, ((1, 2), (12, np.int64(15))): {'bw': 9}, ((1, 3), (np.int64(1), 4)): {'bw': 38}, ((1, 3), (4, np.int64(7))): {'bw': 38}, ((1, 5), (np.int64(1), 12)): {'bw': 7}, ((1, 5), (12, 0)): {'bw': 7}, ((1, 5), (0, np.int64(4))): {'bw': 7}, ((1, 6), (np.int64(1), 12)): {'bw': 7}, ((1, 6), (12, 0)): {'bw': 7}, ((1, 6), (0, 4)): {'bw': 7}, ((1, 6), (4, 6)): {'bw': 7}, ((1, 6), (6, np.int64(5))): {'bw': 7}, ((2, 5), (np.int64(15), 12)): {'bw': 35}, ((2, 5), (12, 1)): {'bw': 35}, ((2, 5), (1, 20)): {'bw': 35}, ((2, 5), (20, 0)): {'bw': 35}, ((2, 5), (0, np.int64(4))): {'bw': 35}, ((2, 7), (np.int64(15), 12)): {'bw': 3}, ((2, 7), (12, 0)): {'bw': 3}, ((2, 7), (0, 4)): {'bw': 3}, ((2, 7), (4, np.int64(6))): {'bw': 3}, ((3, 7), (np.int64(7), 4)): {'bw': 49}, ((3, 7), (4, np.int64(6))): {'bw': 49}, ((4, 5), (np.int64(0), 4)): {'bw': 18}}",0.0,0.0,148.0,74.0,311.0,0.0,0.0,0.0,0.0,0.0,0.0,0.0,0.0,0.0,Route Failure,43.0,"{'node_level': {}, 'link_level': {}, 'path_level': {}}","{'node_level': {3: {'cpu': -17}, 0: {'cpu': -46}, 6: {'cpu': -19}, 7: {'cpu': -30}, 5: {'cpu': -26}, 4: {'cpu': -64}, 1: {'cpu': -51}, 2: {'cpu': -41}}, 'link_level': {(0, 1): {'bw': -41}, (0, 6): {'bw': -186}, (1, 2): {'bw': -124}, (1, 3): {'bw': -3}, (1, 5): {'bw': -28}, (1, 6): {'bw': -21}, (2, 5): {'bw': -39}, (2, 7): {'bw': -18}, (3, 7): {'bw': -15}, (4, 5): {'bw': -157}, (4, 6): {'bw': 24}}, 'path_level': {(0, 1): {}, (0, 6): {}, (1, 2): {}, (1, 3): {}, (1, 5): {}, (1, 6): {}, (2, 5): {}, (2, 7): {}, (3, 7): {}, (4, 5): {}, (4, 6): {}}}","{'node_level': {3: {'cpu': 0}, 0: {'cpu': 0}, 6: {'cpu': 0}, 7: {'cpu': 0}, 5: {'cpu': 0}, 4: {'cpu': 0}, 1: {'cpu': 0}, 2: {'cpu': 0}}, 'link_level': {(0, 1): {'bw': 0}, (0, 6): {'bw': 0}, (1, 2): {'bw': 0}, (1, 3): {'bw': 0}, (1, 5): {'bw': 0}, (1, 6): {'bw': 0}, (2, 5): {'bw': 0}, (2, 7): {'bw': 0}, (3, 7): {'bw': 0}, (4, 5): {'bw': 0}, (4, 6): {'bw': 43}}, 'path_level': {(0, 1): {}, (0, 6): {}, (1, 2): {}, (1, 3): {}, (1, 5): {}, (1, 6): {}, (2, 5): {}, (2, 7): {}, (3, 7): {}, (4, 5): {}, (4, 6): {}}}",[],-inf,-inf,True,False,False,0,[],0,0.0,8.0,11.0
105,85,15,21691.0,41169.0,7801097.929057608,15659866.61342007,0.5268770191163253,0.4981586447468387,29,189,1,2606.0,10069,1921,8148,0.26342024539877296,0.4041681901279708,104,273.29096492460206,2606.0,2,1,True,"{0: np.int64(7), 1: np.int64(11)}","{(0, 1): [(np.int64(7), 11)]}","{(0, np.int64(7)): {'cpu': 15}, (1, np.int64(11)): {'cpu': 0}}","{((0, 1), (np.int64(7), 11)): {'bw': 1}}",16.0,16.0,30.0,15.0,1.0,15.0,1.0,15.0,1.0,0.0,1.0,4372.655438793633,4372.655438793633,273.29096492460206,Success,0.0,"{'node_level': {}, 'link_level': {}, 'path_level': {}}","{'node_level': {0: {'cpu': -22}, 1: {'cpu': -62}}, 'link_level': {(0, 1): {'bw': -395}}, 'path_level': {(0, 1): {}}}","{'node_level': {0: {'cpu': 0}, 1: {'cpu': 0}}, 'link_level': {(0, 1): {'bw': 0}}, 'path_level': {(0, 1): {}}}",[],-inf,-inf,True,True,False,0,[],0,0.0,2.0,1.0
105,85,14,21691.0,41169.0,7801097.929057608,15659866.61342007,0.5268770191163253,0.4981586447468387,29,190,0,2610.361620430523,10315,1991,8324,0.23657975460122704,0.3912979890310786,98,137.36162043052295,2473.0,5,4,False,{},{},{},{},0.0,0.0,0.0,0.0,0.0,0.0,0.0,0.0,0.0,0.0,0.0,0.0,0.0,0.0,Leave Event,0.0,"{'node_level': {}, 'link_level': {}, 'path_level': {}}","{'node_level': {}, 'link_level': {}, 'path_level': {}}","{'node_level': {}, 'link_level': {}, 'path_level': {}}",[],-inf,-inf,True,True,False,0,[],0,0.0,,
105,85,14,21691.0,41169.0,7801097.929057608,15659866.61342007,0.5268770191163253,0.4981586447468387,29,191,0,2611.742954691669,10315,1991,8324,0.23657975460122704,0.3912979890310786,101,69.74295469166917,2542.0,9,18,False,{},{},{},{},0.0,0.0,0.0,0.0,0.0,0.0,0.0,0.0,0.0,0.0,0.0,0.0,0.0,0.0,Leave Event,0.0,"{'node_level': {}, 'link_level': {}, 'path_level': {}}","{'node_level': {}, 'link_level': {}, 'path_level': {}}","{'node_level': {}, 'link_level': {}, 'path_level': {}}",[],-inf,-inf,True,True,False,0,[],0,0.0,,
106,86,15,21814.0,41330.0,7872080.759050632,15752779.098207684,0.5278006290829905,0.4997264742921647,29,192,1,2622.0,10154,1962,8192,0.24769938650306744,0.4009506398537477,105,577.0961788050674,2622.0,4,3,True,"{1: np.int64(31), 3: np.int64(29), 0: np.int64(30), 2: np.int64(2)}","{(0, 1): [(np.int64(30), 28), (28, np.int64(31))], (0, 3): [(np.int64(30), 29)], (2, 3): [(np.int64(2), 29)]}","{(1, np.int64(31)): {'cpu': 12}, (3, np.int64(29)): {'cpu': 8}, (0, np.int64(30)): {'cpu': 7}, (2, np.int64(2)): {'cpu': 2}}","{((0, 1), (np.int64(30), 28)): {'bw': 38}, ((0, 1), (28, np.int64(31))): {'bw': 38}, ((0, 3), (np.int64(30), 29)): {'bw': 13}, ((2, 3), (np.int64(2), 29)): {'bw': 43}}",161.0,123.0,58.0,29.0,94.0,29.0,94.0,29.0,132.0,38.0,0.7639751552795031,92912.48478761586,70982.82999302329,440.8871428138093,Success,0.0,"{'node_level': {}, 'link_level': {}, 'path_level': {}}","{'node_level': {1: {'cpu': -48}, 3: {'cpu': -37}, 0: {'cpu': -39}, 2: {'cpu': -49}}, 'link_level': {(0, 1): {'bw': -25}, (0, 3): {'bw': -18}, (2, 3): {'bw': -184}}, 'path_level': {(0, 1): {}, (0, 3): {}, (2, 3): {}}}","{'node_level': {1: {'cpu': 0}, 3: {'cpu': 0}, 0: {'cpu': 0}, 2: {'cpu': 0}}, 'link_level': {(0, 1): {'bw': 0}, (0, 3): {'bw': 0}, (2, 3): {'bw': 0}}, 'path_level': {(0, 1): {}, (0, 3): {}, (2, 3): {}}}",[],-inf,-inf,True,True,False,0,[],0,0.0,4.0,3.0
106,86,14,21814.0,41330.0,7872080.759050632,15752779.098207684,0.5278006290829905,0.4997264742921647,29,193,0,2635.9702211004524,10222,1996,8226,0.23466257668711654,0.3984643510054845,71,843.9702211004522,1792.0,2,1,False,{},{},{},{},0.0,0.0,0.0,0.0,0.0,0.0,0.0,0.0,0.0,0.0,0.0,0.0,0.0,0.0,Leave Event,0.0,"{'node_level': {}, 'link_level': {}, 'path_level': {}}","{'node_level': {}, 'link_level': {}, 'path_level': {}}","{'node_level': {}, 'link_level': {}, 'path_level': {}}",[],-inf,-inf,True,True,False,0,[],0,0.0,,
107,86,14,21814.0,41330.0,7872080.759050632,15752779.098207684,0.5278006290829905,0.4997264742921647,29,194,1,2650.0,10222,1996,8226,0.23466257668711654,0.3984643510054845,106,160.03399064402475,2650.0,8,13,False,"{0: np.int64(15), 6: np.int64(13), 3: np.int64(14), 2: np.int64(12), 4: np.int64(18), 5: np.int64(0), 7: np.int64(1), 1: np.int64(5)}","{(0, 2): [(np.int64(15), 12)], (0, 3): [(np.int64(15), 12), (12, np.int64(14))], (0, 5): [(np.int64(15), 12), (12, 1), (1, 4), (4, np.int64(0))], (0, 6): [(np.int64(15), 13)], (1, 3): [(np.int64(5), 3), (3, 13), (13, np.int64(14))], (1, 5): [(np.int64(5), 6), (6, 4), (4, np.int64(0))], (1, 6): [(np.int64(5), 3), (3, np.int64(13))], (1, 7): [(np.int64(5), 6), (6, 4), (4, np.int64(1))], (2, 3): []}","{(0, np.int64(15)): {'cpu': 19}, (6, np.int64(13)): {'cpu': 13}, (3, np.int64(14)): {'cpu': 10}, (2, np.int64(12)): {'cpu': 14}, (4, np.int64(18)): {'cpu': 18}, (5, np.int64(0)): {'cpu': 5}, (7, np.int64(1)): {'cpu': 13}, (1, np.int64(5)): {'cpu': 2}}","{((0, 2), (np.int64(15), 12)): {'bw': 15}, ((0, 3), (np.int64(15), 12)): {'bw': 20}, ((0, 3), (12, np.int64(14))): {'bw': 20}, ((0, 5), (np.int64(15), 12)): {'bw': 46}, ((0, 5), (12, 1)): {'bw': 46}, ((0, 5), (1, 4)): {'bw': 46}, ((0, 5), (4, np.int64(0))): {'bw': 46}, ((0, 6), (np.int64(15), 13)): {'bw': 38}, ((1, 3), (np.int64(5), 3)): {'bw': 43}, ((1, 3), (3, 13)): {'bw': 43}, ((1, 3), (13, np.int64(14))): {'bw': 43}, ((1, 5), (np.int64(5), 6)): {'bw': 25}, ((1, 5), (6, 4)): {'bw': 25}, ((1, 5), (4, np.int64(0))): {'bw': 25}, ((1, 6), (np.int64(5), 3)): {'bw': 27}, ((1, 6), (3, np.int64(13))): {'bw': 27}, ((1, 7), (np.int64(5), 6)): {'bw': 29}, ((1, 7), (6, 4)): {'bw': 29}, ((1, 7), (4, np.int64(1))): {'bw': 29}}",0.0,0.0,188.0,94.0,393.0,0.0,0.0,0.0,0.0,0.0,0.0,0.0,0.0,0.0,Route Failure,75.0,"{'node_level': {}, 'link_level': {}, 'path_level': {}}","{'node_level': {0: {'cpu': -38}, 6: {'cpu': -73}, 3: {'cpu': -36}, 2: {'cpu': -41}, 4: {'cpu': -69}, 5: {'cpu': -65}, 7: {'cpu': -38}, 1: {'cpu': -44}}, 'link_level': {(0, 2): {'bw': -118}, (0, 3): {'bw': -5}, (0, 5): {'bw': -30}, (0, 6): {'bw': -47}, (1, 3): {'bw': -74}, (1, 5): {'bw': -49}, (1, 6): {'bw': -85}, (1, 7): {'bw': -1}, (2, 3): {'bw': 47}}, 'path_level': {(0, 2): {}, (0, 3): {}, (0, 5): {}, (0, 6): {}, (1, 3): {}, (1, 5): {}, (1, 6): {}, (1, 7): {}, (2, 3): {}}}","{'node_level': {0: {'cpu': 0}, 6: {'cpu': 0}, 3: {'cpu': 0}, 2: {'cpu': 0}, 4: {'cpu': 0}, 5: {'cpu': 0}, 7: {'cpu': 0}, 1: {'cpu': 0}}, 'link_level': {(0, 2): {'bw': 0}, (0, 3): {'bw': 0}, (0, 5): {'bw': 0}, (0, 6): {'bw': 0}, (1, 3): {'bw': 0}, (1, 5): {'bw': 0}, (1, 6): {'bw': 0}, (1, 7): {'bw': 0}, (2, 3): {'bw': 75}}, 'path_level': {(0, 2): {}, (0, 3): {}, (0, 5): {}, (0, 6): {}, (1, 3): {}, (1, 5): {}, (1, 6): {}, (1, 7): {}, (2, 3): {}}}",[],-inf,-inf,True,False,False,0,[],0,0.0,8.0,9.0
107,86,14,21814.0,41330.0,7872080.759050632,15752779.098207684,0.5278006290829905,0.4997264742921647,29,195,0,2668.8597481110946,10222,1996,8226,0.23466257668711654,0.3984643510054845,103,91.85974811109456,2577.0,8,13,False,{},{},{},{},0.0,0.0,0.0,0.0,0.0,0.0,0.0,0.0,0.0,0.0,0.0,0.0,0.0,0.0,Leave Event,0.0,"{'node_level': {}, 'link_level': {}, 'path_level': {}}","{'node_level': {}, 'link_level': {}, 'path_level': {}}","{'node_level': {}, 'link_level': {}, 'path_level': {}}",[],-inf,-inf,True,True,False,0,[],0,0.0,,
107,86,13,21814.0,41330.0,7872080.759050632,15752779.098207684,0.5278006290829905,0.4997264742921647,29,196,0,2671.9999753892253,10468,2038,8430,0.21855828220858897,0.38354661791590494,97,222.99997538922514,2449.0,4,4,False,{},{},{},{},0.0,0.0,0.0,0.0,0.0,0.0,0.0,0.0,0.0,0.0,0.0,0.0,0.0,0.0,Leave Event,0.0,"{'node_level': {}, 'link_level': {}, 'path_level': {}}","{'node_level': {}, 'link_level': {}, 'path_level': {}}","{'node_level': {}, 'link_level': {}, 'path_level': {}}",[],-inf,-inf,True,True,False,0,[],0,0.0,,
108,86,13,21814.0,41330.0,7872080.759050632,15752779.098207684,0.5278006290829905,0.4997264742921647,29,197,1,2676.0,10468,2038,8430,0.21855828220858897,0.38354661791590494,107,5.025028937115578,2676.0,8,17,False,"{1: np.int64(15), 3: np.int64(13), 4: np.int64(14), 2: np.int64(12), 6: np.int64(1), 5: np.int64(23), 0: np.int64(0), 7: np.int64(20)}","{(0, 1): [(np.int64(0), 12), (12, np.int64(15))], (0, 4): [(np.int64(0), 4), (4, 1), (1, 12), (12, 15), (15, 13), (13, np.int64(14))], (0, 5): [(np.int64(0), 20), (20, np.int64(23))], (0, 6): [(np.int64(0), 4), (4, np.int64(1))], (0, 7): [(np.int64(0), 20)], (1, 4): [(np.int64(15), 13), (13, np.int64(14))], (1, 5): [(np.int64(15), 12), (12, 1), (1, 20), (20, np.int64(23))], (1, 6): [(np.int64(15), 12), (12, np.int64(1))], (1, 7): [(np.int64(15), 13), (13, 14), (14, 12), (12, 0), (0, np.int64(20))], (2, 3): [(np.int64(12), 1), (1, 4), (4, 6), (6, 5), (5, 3), (3, np.int64(13))], (2, 4): []}","{(1, np.int64(15)): {'cpu': 13}, (3, np.int64(13)): {'cpu': 20}, (4, np.int64(14)): {'cpu': 7}, (2, np.int64(12)): {'cpu': 15}, (6, np.int64(1)): {'cpu': 3}, (5, np.int64(23)): {'cpu': 2}, (0, np.int64(0)): {'cpu': 0}, (7, np.int64(20)): {'cpu': 0}}","{((0, 1), (np.int64(0), 12)): {'bw': 16}, ((0, 1), (12, np.int64(15))): {'bw': 16}, ((0, 4), (np.int64(0), 4)): {'bw': 28}, ((0, 4), (4, 1)): {'bw': 28}, ((0, 4), (1, 12)): {'bw': 28}, ((0, 4), (12, 15)): {'bw': 28}, ((0, 4), (15, 13)): {'bw': 28}, ((0, 4), (13, np.int64(14))): {'bw': 28}, ((0, 5), (np.int64(0), 20)): {'bw': 0}, ((0, 5), (20, np.int64(23))): {'bw': 0}, ((0, 6), (np.int64(0), 4)): {'bw': 9}, ((0, 6), (4, np.int64(1))): {'bw': 9}, ((0, 7), (np.int64(0), 20)): {'bw': 26}, ((1, 4), (np.int64(15), 13)): {'bw': 36}, ((1, 4), (13, np.int64(14))): {'bw': 36}, ((1, 5), (np.int64(15), 12)): {'bw': 38}, ((1, 5), (12, 1)): {'bw': 38}, ((1, 5), (1, 20)): {'bw': 38}, ((1, 5), (20, np.int64(23))): {'bw': 38}, ((1, 6), (np.int64(15), 12)): {'bw': 38}, ((1, 6), (12, np.int64(1))): {'bw': 38}, ((1, 7), (np.int64(15), 13)): {'bw': 17}, ((1, 7), (13, 14)): {'bw': 17}, ((1, 7), (14, 12)): {'bw': 17}, ((1, 7), (12, 0)): {'bw': 17}, ((1, 7), (0, np.int64(20))): {'bw': 17}, ((2, 3), (np.int64(12), 1)): {'bw': 13}, ((2, 3), (1, 4)): {'bw': 13}, ((2, 3), (4, 6)): {'bw': 13}, ((2, 3), (6, 5)): {'bw': 13}, ((2, 3), (5, 3)): {'bw': 13}, ((2, 3), (3, np.int64(13))): {'bw': 13}}",0.0,0.0,120.0,60.0,404.0,0.0,0.0,0.0,0.0,0.0,0.0,0.0,0.0,0.0,Route Failure,22.0,"{'node_level': {}, 'link_level': {}, 'path_level': {}}","{'node_level': {1: {'cpu': -44}, 3: {'cpu': -66}, 4: {'cpu': -39}, 2: {'cpu': -40}, 6: {'cpu': -54}, 5: {'cpu': -42}, 0: {'cpu': -70}, 7: {'cpu': -55}}, 'link_level': {(0, 1): {'bw': -19}, (0, 4): {'bw': -48}, (0, 5): {'bw': -74}, (0, 6): {'bw': -39}, (0, 7): {'bw': -48}, (1, 4): {'bw': -21}, (1, 5): {'bw': -51}, (1, 6): {'bw': -13}, (1, 7): {'bw': -2}, (2, 3): {'bw': -26}, (2, 4): {'bw': 16}}, 'path_level': {(0, 1): {}, (0, 4): {}, (0, 5): {}, (0, 6): {}, (0, 7): {}, (1, 4): {}, (1, 5): {}, (1, 6): {}, (1, 7): {}, (2, 3): {}, (2, 4): {}}}","{'node_level': {1: {'cpu': 0}, 3: {'cpu': 0}, 4: {'cpu': 0}, 2: {'cpu': 0}, 6: {'cpu': 0}, 5: {'cpu': 0}, 0: {'cpu': 0}, 7: {'cpu': 0}}, 'link_level': {(0, 1): {'bw': 0}, (0, 4): {'bw': 0}, (0, 5): {'bw': 0}, (0, 6): {'bw': 0}, (0, 7): {'bw': 0}, (1, 4): {'bw': 0}, (1, 5): {'bw': 0}, (1, 6): {'bw': 0}, (1, 7): {'bw': 0}, (2, 3): {'bw': 0}, (2, 4): {'bw': 22}}, 'path_level': {(0, 1): {}, (0, 4): {}, (0, 5): {}, (0, 6): {}, (0, 7): {}, (1, 4): {}, (1, 5): {}, (1, 6): {}, (1, 7): {}, (2, 3): {}, (2, 4): {}}}",[],-inf,-inf,True,False,False,0,[],0,0.0,8.0,11.0
108,86,13,21814.0,41330.0,7872080.759050632,15752779.098207684,0.5278006290829905,0.4997264742921647,29,198,0,2681.0250289371156,10468,2038,8430,0.21855828220858897,0.38354661791590494,107,5.025028937115578,2676.0,8,17,False,{},{},{},{},0.0,0.0,0.0,0.0,0.0,0.0,0.0,0.0,0.0,0.0,0.0,0.0,0.0,0.0,Leave Event,0.0,"{'node_level': {}, 'link_level': {}, 'path_level': {}}","{'node_level': {}, 'link_level': {}, 'path_level': {}}","{'node_level': {}, 'link_level': {}, 'path_level': {}}",[],-inf,-inf,True,True,False,0,[],0,0.0,,
109,87,14,21945.0,41560.0,7888343.752017744,15781332.444638493,0.5280317613089509,0.49985283433387834,29,199,1,2704.0,10238,2000,8238,0.2331288343558282,0.39758683729433275,108,124.14498448177181,2704.0,4,4,True,"{2: np.int64(15), 1: np.int64(13), 0: np.int64(14), 3: np.int64(12)}","{(0, 1): [(np.int64(14), 13)], (0, 3): [(np.int64(14), 13), (13, 15), (15, np.int64(12))], (1, 2): [(np.int64(13), 15)], (1, 3): [(np.int64(13), 14), (14, np.int64(12))]}","{(2, np.int64(15)): {'cpu': 20}, (1, np.int64(13)): {'cpu': 12}, (0, np.int64(14)): {'cpu': 5}, (3, np.int64(12)): {'cpu': 1}}","{((0, 1), (np.int64(14), 13)): {'bw': 10}, ((0, 3), (np.int64(14), 13)): {'bw': 47}, ((0, 3), (13, 15)): {'bw': 47}, ((0, 3), (15, np.int64(12))): {'bw': 47}, ((1, 2), (np.int64(13), 15)): {'bw': 31}, ((1, 3), (np.int64(13), 14)): {'bw': 5}, ((1, 3), (14, np.int64(12))): {'bw': 5}}",230.0,131.0,76.0,38.0,93.0,38.0,93.0,38.0,192.0,99.0,0.5695652173913044,28553.346430807516,16262.992967112108,70.70866507440047,Success,0.0,"{'node_level': {}, 'link_level': {}, 'path_level': {}}","{'node_level': {2: {'cpu': -37}, 1: {'cpu': -74}, 0: {'cpu': -41}, 3: {'cpu': -54}}, 'link_level': {(0, 1): {'bw': -107}, (0, 3): {'bw': -38}, (1, 2): {'bw': -7}, (1, 3): {'bw': -20}}, 'path_level': {(0, 1): {}, (0, 3): {}, (1, 2): {}, (1, 3): {}}}","{'node_level': {2: {'cpu': 0}, 1: {'cpu': 0}, 0: {'cpu': 0}, 3: {'cpu': 0}}, 'link_level': {(0, 1): {'bw': 0}, (0, 3): {'bw': 0}, (1, 2): {'bw': 0}, (1, 3): {'bw': 0}}, 'path_level': {(0, 1): {}, (0, 3): {}, (1, 2): {}, (1, 3): {}}}",[],-inf,-inf,True,True,False,0,[],0,0.0,4.0,4.0
110,87,14,21945.0,41560.0,7888343.752017744,15781332.444638493,0.5280317613089509,0.49985283433387834,29,200,1,2730.0,10238,2000,8238,0.2331288343558282,0.39758683729433275,109,16.238985175775657,2730.0,9,23,False,"{6: np.int64(23), 1: np.int64(26), 7: np.int64(20), 0: np.int64(1), 2: np.int64(0), 4: np.int64(22), 5: np.int64(5), 3: np.int64(6), 8: np.int64(30)}","{(0, 2): [(np.int64(1), 4), (4, np.int64(0))], (0, 3): [(np.int64(1), 4), (4, np.int64(6))], (0, 4): [(np.int64(1), 20), (20, np.int64(22))], (0, 5): [(np.int64(1), 4), (4, 6), (6, np.int64(5))], (0, 6): [(np.int64(1), 20), (20, np.int64(23))], (1, 2): [(np.int64(26), 23), (23, 20), (20, np.int64(0))], (1, 3): [(np.int64(26), 23), (23, 20), (20, 0), (0, 4), (4, np.int64(6))], (1, 4): [(np.int64(26), 23), (23, 20), (20, np.int64(22))], (1, 5): [(np.int64(26), 23), (23, 21), (21, 2), (2, np.int64(5))], (1, 6): [(np.int64(26), 23)], (1, 8): [(np.int64(26), 23), (23, 20), (20, 1), (1, 28), (28, np.int64(30))], (2, 3): [(np.int64(0), 4), (4, np.int64(6))], (2, 8): []}","{(6, np.int64(23)): {'cpu': 17}, (1, np.int64(26)): {'cpu': 16}, (7, np.int64(20)): {'cpu': 19}, (0, np.int64(1)): {'cpu': 15}, (2, np.int64(0)): {'cpu': 10}, (4, np.int64(22)): {'cpu': 5}, (5, np.int64(5)): {'cpu': 8}, (3, np.int64(6)): {'cpu': 8}, (8, np.int64(30)): {'cpu': 3}}","{((0, 2), (np.int64(1), 4)): {'bw': 28}, ((0, 2), (4, np.int64(0))): {'bw': 28}, ((0, 3), (np.int64(1), 4)): {'bw': 24}, ((0, 3), (4, np.int64(6))): {'bw': 24}, ((0, 4), (np.int64(1), 20)): {'bw': 20}, ((0, 4), (20, np.int64(22))): {'bw': 20}, ((0, 5), (np.int64(1), 4)): {'bw': 1}, ((0, 5), (4, 6)): {'bw': 1}, ((0, 5), (6, np.int64(5))): {'bw': 1}, ((0, 6), (np.int64(1), 20)): {'bw': 23}, ((0, 6), (20, np.int64(23))): {'bw': 23}, ((1, 2), (np.int64(26), 23)): {'bw': 9}, ((1, 2), (23, 20)): {'bw': 9}, ((1, 2), (20, np.int64(0))): {'bw': 9}, ((1, 3), (np.int64(26), 23)): {'bw': 11}, ((1, 3), (23, 20)): {'bw': 11}, ((1, 3), (20, 0)): {'bw': 11}, ((1, 3), (0, 4)): {'bw': 11}, ((1, 3), (4, np.int64(6))): {'bw': 11}, ((1, 4), (np.int64(26), 23)): {'bw': 21}, ((1, 4), (23, 20)): {'bw': 21}, ((1, 4), (20, np.int64(22))): {'bw': 21}, ((1, 5), (np.int64(26), 23)): {'bw': 23}, ((1, 5), (23, 21)): {'bw': 23}, ((1, 5), (21, 2)): {'bw': 23}, ((1, 5), (2, np.int64(5))): {'bw': 23}, ((1, 6), (np.int64(26), 23)): {'bw': 30}, ((1, 8), (np.int64(26), 23)): {'bw': 40}, ((1, 8), (23, 20)): {'bw': 40}, ((1, 8), (20, 1)): {'bw': 40}, ((1, 8), (1, 28)): {'bw': 40}, ((1, 8), (28, np.int64(30))): {'bw': 40}, ((2, 3), (np.int64(0), 4)): {'bw': 0}, ((2, 3), (4, np.int64(6))): {'bw': 0}}",0.0,0.0,202.0,101.0,531.0,0.0,0.0,0.0,0.0,0.0,0.0,0.0,0.0,0.0,Route Failure,52.0,"{'node_level': {}, 'link_level': {}, 'path_level': {}}","{'node_level': {6: {'cpu': -27}, 1: {'cpu': -84}, 7: {'cpu': -36}, 0: {'cpu': -42}, 2: {'cpu': -60}, 4: {'cpu': -28}, 5: {'cpu': -38}, 3: {'cpu': -32}, 8: {'cpu': -36}}, 'link_level': {(0, 2): {'bw': -48}, (0, 3): {'bw': -24}, (0, 4): {'bw': -82}, (0, 5): {'bw': -23}, (0, 6): {'bw': -125}, (1, 2): {'bw': -65}, (1, 3): {'bw': -38}, (1, 4): {'bw': -61}, (1, 5): {'bw': -14}, (1, 6): {'bw': -241}, (1, 8): {'bw': -22}, (2, 3): {'bw': -38}, (2, 8): {'bw': 31}}, 'path_level': {(0, 2): {}, (0, 3): {}, (0, 4): {}, (0, 5): {}, (0, 6): {}, (1, 2): {}, (1, 3): {}, (1, 4): {}, (1, 5): {}, (1, 6): {}, (1, 8): {}, (2, 3): {}, (2, 8): {}}}","{'node_level': {6: {'cpu': 0}, 1: {'cpu': 0}, 7: {'cpu': 0}, 0: {'cpu': 0}, 2: {'cpu': 0}, 4: {'cpu': 0}, 5: {'cpu': 0}, 3: {'cpu': 0}, 8: {'cpu': 0}}, 'link_level': {(0, 2): {'bw': 0}, (0, 3): {'bw': 0}, (0, 4): {'bw': 0}, (0, 5): {'bw': 0}, (0, 6): {'bw': 0}, (1, 2): {'bw': 0}, (1, 3): {'bw': 0}, (1, 4): {'bw': 0}, (1, 5): {'bw': 0}, (1, 6): {'bw': 0}, (1, 8): {'bw': 0}, (2, 3): {'bw': 0}, (2, 8): {'bw': 52}}, 'path_level': {(0, 2): {}, (0, 3): {}, (0, 4): {}, (0, 5): {}, (0, 6): {}, (1, 2): {}, (1, 3): {}, (1, 4): {}, (1, 5): {}, (1, 6): {}, (1, 8): {}, (2, 3): {}, (2, 8): {}}}",[],-inf,-inf,True,False,False,0,[],0,0.0,9.0,13.0
110,87,13,21945.0,41560.0,7888343.752017744,15781332.444638493,0.5280317613089509,0.49985283433387834,29,201,0,2740.9709935852406,11601,2102,9499,0.1940184049079755,0.3053747714808044,96,314.9709935852405,2426.0,10,24,False,{},{},{},{},0.0,0.0,0.0,0.0,0.0,0.0,0.0,0.0,0.0,0.0,0.0,0.0,0.0,0.0,Leave Event,0.0,"{'node_level': {}, 'link_level': {}, 'path_level': {}}","{'node_level': {}, 'link_level': {}, 'path_level': {}}","{'node_level': {}, 'link_level': {}, 'path_level': {}}",[],-inf,-inf,True,True,False,0,[],0,0.0,,
110,87,12,21945.0,41560.0,7888343.752017744,15781332.444638493,0.5280317613089509,0.49985283433387834,29,202,0,2742.8220308292684,11716,2106,9610,0.19248466257668717,0.2972577696526508,69,996.8220308292682,1746.0,3,2,False,{},{},{},{},0.0,0.0,0.0,0.0,0.0,0.0,0.0,0.0,0.0,0.0,0.0,0.0,0.0,0.0,Leave Event,0.0,"{'node_level': {}, 'link_level': {}, 'path_level': {}}","{'node_level': {}, 'link_level': {}, 'path_level': {}}","{'node_level': {}, 'link_level': {}, 'path_level': {}}",[],-inf,-inf,True,True,False,0,[],0,0.0,,
110,87,12,21945.0,41560.0,7888343.752017744,15781332.444638493,0.5280317613089509,0.49985283433387834,29,203,0,2746.2389851757757,11716,2106,9610,0.19248466257668717,0.2972577696526508,109,16.238985175775657,2730.0,9,23,False,{},{},{},{},0.0,0.0,0.0,0.0,0.0,0.0,0.0,0.0,0.0,0.0,0.0,0.0,0.0,0.0,Leave Event,0.0,"{'node_level': {}, 'link_level': {}, 'path_level': {}}","{'node_level': {}, 'link_level': {}, 'path_level': {}}","{'node_level': {}, 'link_level': {}, 'path_level': {}}",[],-inf,-inf,True,True,False,0,[],0,0.0,,
111,88,13,22514.0,42833.0,8665428.137138125,17519870.972333122,0.525622767492354,0.49460570519168323,29,204,1,2756.0,10443,2049,8394,0.21434049079754602,0.3861791590493602,110,1365.7019070656943,2756.0,9,21,True,"{2: np.int64(23), 7: np.int64(21), 4: np.int64(20), 3: np.int64(22), 0: np.int64(1), 5: np.int64(0), 8: np.int64(5), 1: np.int64(6), 6: np.int64(3)}","{(0, 1): [(np.int64(1), 4), (4, np.int64(6))], (0, 2): [(np.int64(1), 20), (20, np.int64(23))], (0, 7): [(np.int64(1), 20), (20, 22), (22, np.int64(21))], (0, 8): [(np.int64(1), 4), (4, 6), (6, np.int64(5))], (1, 2): [(np.int64(6), 4), (4, 0), (0, 20), (20, np.int64(23))], (1, 3): [(np.int64(6), 4), (4, 0), (0, 20), (20, np.int64(22))], (1, 5): [(np.int64(6), 4), (4, np.int64(0))], (1, 6): [(np.int64(6), 5), (5, np.int64(3))], (1, 7): [(np.int64(6), 5), (5, 2), (2, np.int64(21))], (1, 8): [(np.int64(6), 5)], (2, 3): [(np.int64(23), 20), (20, np.int64(22))], (2, 4): [(np.int64(23), 20)], (3, 5): [(np.int64(22), 20), (20, np.int64(0))], (3, 7): [(np.int64(22), 21)], (3, 8): [(np.int64(22), 21), (21, 2), (2, np.int64(5))], (4, 5): [(np.int64(20), 0)], (4, 6): [(np.int64(20), 23), (23, 21), (21, np.int64(3))], (4, 7): [(np.int64(20), 22), (22, np.int64(21))], (4, 8): [(np.int64(20), 0), (0, 4), (4, 6), (6, np.int64(5))], (6, 7): [(np.int64(3), 21)], (7, 8): [(np.int64(21), 3), (3, np.int64(5))]}","{(2, np.int64(23)): {'cpu': 11}, (7, np.int64(21)): {'cpu': 12}, (4, np.int64(20)): {'cpu': 6}, (3, np.int64(22)): {'cpu': 4}, (0, np.int64(1)): {'cpu': 10}, (5, np.int64(0)): {'cpu': 6}, (8, np.int64(5)): {'cpu': 4}, (1, np.int64(6)): {'cpu': 2}, (6, np.int64(3)): {'cpu': 2}}","{((0, 1), (np.int64(1), 4)): {'bw': 0}, ((0, 1), (4, np.int64(6))): {'bw': 0}, ((0, 2), (np.int64(1), 20)): {'bw': 34}, ((0, 2), (20, np.int64(23))): {'bw': 34}, ((0, 7), (np.int64(1), 20)): {'bw': 12}, ((0, 7), (20, 22)): {'bw': 12}, ((0, 7), (22, np.int64(21))): {'bw': 12}, ((0, 8), (np.int64(1), 4)): {'bw': 8}, ((0, 8), (4, 6)): {'bw': 8}, ((0, 8), (6, np.int64(5))): {'bw': 8}, ((1, 2), (np.int64(6), 4)): {'bw': 23}, ((1, 2), (4, 0)): {'bw': 23}, ((1, 2), (0, 20)): {'bw': 23}, ((1, 2), (20, np.int64(23))): {'bw': 23}, ((1, 3), (np.int64(6), 4)): {'bw': 27}, ((1, 3), (4, 0)): {'bw': 27}, ((1, 3), (0, 20)): {'bw': 27}, ((1, 3), (20, np.int64(22))): {'bw': 27}, ((1, 5), (np.int64(6), 4)): {'bw': 15}, ((1, 5), (4, np.int64(0))): {'bw': 15}, ((1, 6), (np.int64(6), 5)): {'bw': 11}, ((1, 6), (5, np.int64(3))): {'bw': 11}, ((1, 7), (np.int64(6), 5)): {'bw': 47}, ((1, 7), (5, 2)): {'bw': 47}, ((1, 7), (2, np.int64(21))): {'bw': 47}, ((1, 8), (np.int64(6), 5)): {'bw': 21}, ((2, 3), (np.int64(23), 20)): {'bw': 26}, ((2, 3), (20, np.int64(22))): {'bw': 26}, ((2, 4), (np.int64(23), 20)): {'bw': 47}, ((3, 5), (np.int64(22), 20)): {'bw': 47}, ((3, 5), (20, np.int64(0))): {'bw': 47}, ((3, 7), (np.int64(22), 21)): {'bw': 24}, ((3, 8), (np.int64(22), 21)): {'bw': 29}, ((3, 8), (21, 2)): {'bw': 29}, ((3, 8), (2, np.int64(5))): {'bw': 29}, ((4, 5), (np.int64(20), 0)): {'bw': 19}, ((4, 6), (np.int64(20), 23)): {'bw': 50}, ((4, 6), (23, 21)): {'bw': 50}, ((4, 6), (21, np.int64(3))): {'bw': 50}, ((4, 7), (np.int64(20), 22)): {'bw': 5}, ((4, 7), (22, np.int64(21))): {'bw': 5}, ((4, 8), (np.int64(20), 0)): {'bw': 38}, ((4, 8), (0, 4)): {'bw': 38}, ((4, 8), (4, 6)): {'bw': 38}, ((4, 8), (6, np.int64(5))): {'bw': 38}, ((6, 7), (np.int64(3), 21)): {'bw': 19}, ((7, 8), (np.int64(21), 3)): {'bw': 10}, ((7, 8), (3, np.int64(5))): {'bw': 10}}",1273.0,569.0,114.0,57.0,512.0,57.0,512.0,57.0,1216.0,704.0,0.4469756480754124,1738538.5276946288,777084.3851203801,610.4354949885153,Success,0.0,"{'node_level': {}, 'link_level': {}, 'path_level': {}}","{'node_level': {2: {'cpu': -53}, 7: {'cpu': -37}, 4: {'cpu': -64}, 3: {'cpu': -45}, 0: {'cpu': -65}, 5: {'cpu': -64}, 8: {'cpu': -45}, 1: {'cpu': -38}, 6: {'cpu': -28}}, 'link_level': {(0, 1): {'bw': -76}, (0, 2): {'bw': -167}, (0, 7): {'bw': -94}, (0, 8): {'bw': -68}, (1, 2): {'bw': -83}, (1, 3): {'bw': -56}, (1, 5): {'bw': -41}, (1, 6): {'bw': -270}, (1, 7): {'bw': -34}, (1, 8): {'bw': -202}, (2, 3): {'bw': -79}, (2, 4): {'bw': -85}, (3, 5): {'bw': -32}, (3, 7): {'bw': -70}, (3, 8): {'bw': -5}, (4, 5): {'bw': -50}, (4, 6): {'bw': -35}, (4, 7): {'bw': -27}, (4, 8): {'bw': -3}, (6, 7): {'bw': -245}, (7, 8): {'bw': -235}}, 'path_level': {(0, 1): {}, (0, 2): {}, (0, 7): {}, (0, 8): {}, (1, 2): {}, (1, 3): {}, (1, 5): {}, (1, 6): {}, (1, 7): {}, (1, 8): {}, (2, 3): {}, (2, 4): {}, (3, 5): {}, (3, 7): {}, (3, 8): {}, (4, 5): {}, (4, 6): {}, (4, 7): {}, (4, 8): {}, (6, 7): {}, (7, 8): {}}}","{'node_level': {2: {'cpu': 0}, 7: {'cpu': 0}, 4: {'cpu': 0}, 3: {'cpu': 0}, 0: {'cpu': 0}, 5: {'cpu': 0}, 8: {'cpu': 0}, 1: {'cpu': 0}, 6: {'cpu': 0}}, 'link_level': {(0, 1): {'bw': 0}, (0, 2): {'bw': 0}, (0, 7): {'bw': 0}, (0, 8): {'bw': 0}, (1, 2): {'bw': 0}, (1, 3): {'bw': 0}, (1, 5): {'bw': 0}, (1, 6): {'bw': 0}, (1, 7): {'bw': 0}, (1, 8): {'bw': 0}, (2, 3): {'bw': 0}, (2, 4): {'bw': 0}, (3, 5): {'bw': 0}, (3, 7): {'bw': 0}, (3, 8): {'bw': 0}, (4, 5): {'bw': 0}, (4, 6): {'bw': 0}, (4, 7): {'bw': 0}, (4, 8): {'bw': 0}, (6, 7): {'bw': 0}, (7, 8): {'bw': 0}}, 'path_level': {(0, 1): {}, (0, 2): {}, (0, 7): {}, (0, 8): {}, (1, 2): {}, (1, 3): {}, (1, 5): {}, (1, 6): {}, (1, 7): {}, (1, 8): {}, (2, 3): {}, (2, 4): {}, (3, 5): {}, (3, 7): {}, (3, 8): {}, (4, 5): {}, (4, 6): {}, (4, 7): {}, (4, 8): {}, (6, 7): {}, (7, 8): {}}}",[],-inf,-inf,True,True,False,0,[],0,0.0,9.0,21.0
112,89,14,22545.0,42864.0,8689045.214392047,17543488.049587045,0.5259658454647257,0.49528606796050334,29,205,1,2772.0,10412,2029,8383,0.2220092024539877,0.3869835466179159,111,761.8412017394207,2772.0,2,1,True,"{0: np.int64(23), 1: np.int64(26)}","{(0, 1): [(np.int64(23), 26)]}","{(0, np.int64(23)): {'cpu': 15}, (1, np.int64(26)): {'cpu': 5}}","{((0, 1), (np.int64(23), 26)): {'bw': 11}}",31.0,31.0,40.0,20.0,11.0,20.0,11.0,20.0,11.0,0.0,1.0,23617.07725392204,23617.07725392204,761.8412017394207,Success,0.0,"{'node_level': {}, 'link_level': {}, 'path_level': {}}","{'node_level': {0: {'cpu': -38}, 1: {'cpu': -95}}, 'link_level': {(0, 1): {'bw': -324}}, 'path_level': {(0, 1): {}}}","{'node_level': {0: {'cpu': 0}, 1: {'cpu': 0}}, 'link_level': {(0, 1): {'bw': 0}}, 'path_level': {(0, 1): {}}}",[],-inf,-inf,True,True,False,0,[],0,0.0,2.0,1.0
113,89,14,22545.0,42864.0,8689045.214392047,17543488.049587045,0.5259658454647257,0.49528606796050334,29,206,1,2798.0,10412,2029,8383,0.2220092024539877,0.3869835466179159,112,364.48458682681286,2798.0,8,12,False,"{3: np.int64(1), 0: np.int64(12), 7: np.int64(15), 6: np.int64(14), 2: np.int64(13), 1: np.int64(18), 5: np.int64(3), 4: np.int64(5)}","{(0, 1): [(np.int64(12), 15), (15, np.int64(18))], (0, 2): [(np.int64(12), 14), (14, np.int64(13))], (0, 3): [(np.int64(12), 1)], (0, 6): [(np.int64(12), 15), (15, 13), (13, np.int64(14))], (1, 3): [(np.int64(18), 15), (15, 12), (12, np.int64(1))], (1, 5): [(np.int64(18), 15), (15, 13), (13, np.int64(3))], (1, 6): []}","{(3, np.int64(1)): {'cpu': 20}, (0, np.int64(12)): {'cpu': 11}, (7, np.int64(15)): {'cpu': 16}, (6, np.int64(14)): {'cpu': 3}, (2, np.int64(13)): {'cpu': 19}, (1, np.int64(18)): {'cpu': 3}, (5, np.int64(3)): {'cpu': 12}, (4, np.int64(5)): {'cpu': 9}}","{((0, 1), (np.int64(12), 15)): {'bw': 9}, ((0, 1), (15, np.int64(18))): {'bw': 9}, ((0, 2), (np.int64(12), 14)): {'bw': 20}, ((0, 2), (14, np.int64(13))): {'bw': 20}, ((0, 3), (np.int64(12), 1)): {'bw': 49}, ((0, 6), (np.int64(12), 15)): {'bw': 39}, ((0, 6), (15, 13)): {'bw': 39}, ((0, 6), (13, np.int64(14))): {'bw': 39}, ((1, 3), (np.int64(18), 15)): {'bw': 48}, ((1, 3), (15, 12)): {'bw': 48}, ((1, 3), (12, np.int64(1))): {'bw': 48}, ((1, 5), (np.int64(18), 15)): {'bw': 21}, ((1, 5), (15, 13)): {'bw': 21}, ((1, 5), (13, np.int64(3))): {'bw': 21}}",0.0,0.0,186.0,93.0,324.0,0.0,0.0,0.0,0.0,0.0,0.0,0.0,0.0,0.0,Route Failure,136.0,"{'node_level': {}, 'link_level': {}, 'path_level': {}}","{'node_level': {3: {'cpu': -45}, 0: {'cpu': -43}, 7: {'cpu': -21}, 6: {'cpu': -41}, 2: {'cpu': -59}, 1: {'cpu': -84}, 5: {'cpu': -16}, 4: {'cpu': -36}}, 'link_level': {(0, 1): {'bw': -137}, (0, 2): {'bw': -21}, (0, 3): {'bw': -189}, (0, 6): {'bw': -31}, (1, 3): {'bw': -50}, (1, 5): {'bw': -20}, (1, 6): {'bw': 35}}, 'path_level': {(0, 1): {}, (0, 2): {}, (0, 3): {}, (0, 6): {}, (1, 3): {}, (1, 5): {}, (1, 6): {}}}","{'node_level': {3: {'cpu': 0}, 0: {'cpu': 0}, 7: {'cpu': 0}, 6: {'cpu': 0}, 2: {'cpu': 0}, 1: {'cpu': 0}, 5: {'cpu': 0}, 4: {'cpu': 0}}, 'link_level': {(0, 1): {'bw': 0}, (0, 2): {'bw': 0}, (0, 3): {'bw': 0}, (0, 6): {'bw': 0}, (1, 3): {'bw': 0}, (1, 5): {'bw': 0}, (1, 6): {'bw': 136}}, 'path_level': {(0, 1): {}, (0, 2): {}, (0, 3): {}, (0, 6): {}, (1, 3): {}, (1, 5): {}, (1, 6): {}}}",[],-inf,-inf,True,False,False,0,[],0,0.0,8.0,7.0
113,89,14,22545.0,42864.0,8689045.214392047,17543488.049587045,0.5259658454647257,0.49528606796050334,29,207,0,2810.033990644025,10412,2029,8383,0.2220092024539877,0.3869835466179159,106,160.03399064402475,2650.0,8,13,False,{},{},{},{},0.0,0.0,0.0,0.0,0.0,0.0,0.0,0.0,0.0,0.0,0.0,0.0,0.0,0.0,Leave Event,0.0,"{'node_level': {}, 'link_level': {}, 'path_level': {}}","{'node_level': {}, 'link_level': {}, 'path_level': {}}","{'node_level': {}, 'link_level': {}, 'path_level': {}}",[],-inf,-inf,True,True,False,0,[],0,0.0,,
113,89,13,22545.0,42864.0,8689045.214392047,17543488.049587045,0.5259658454647257,0.49528606796050334,29,208,0,2813.26883566568,10737,2111,8626,0.19056748466257667,0.36921389396709325,81,771.2688356656797,2042.0,6,5,False,{},{},{},{},0.0,0.0,0.0,0.0,0.0,0.0,0.0,0.0,0.0,0.0,0.0,0.0,0.0,0.0,Leave Event,0.0,"{'node_level': {}, 'link_level': {}, 'path_level': {}}","{'node_level': {}, 'link_level': {}, 'path_level': {}}","{'node_level': {}, 'link_level': {}, 'path_level': {}}",[],-inf,-inf,True,True,False,0,[],0,0.0,,
114,90,14,22852.0,43307.0,8691593.280187031,17547164.900229316,0.5276745098944743,0.4953274976103658,29,209,1,2819.0,10294,2017,8277,0.2266104294478528,0.39473491773308955,113,8.29988858300858,2819.0,7,7,True,"{5: np.int64(31), 2: np.int64(29), 0: np.int64(30), 6: np.int64(3), 1: np.int64(13), 3: np.int64(1), 4: np.int64(5)}","{(0, 2): [(np.int64(30), 29)], (0, 5): [(np.int64(30), 28), (28, np.int64(31))], (1, 2): [(np.int64(13), 2), (2, np.int64(29))], (1, 6): [(np.int64(13), 3)], (2, 3): [(np.int64(29), 30), (30, 28), (28, np.int64(1))], (2, 5): [(np.int64(29), 31)], (4, 6): [(np.int64(5), 3)]}","{(5, np.int64(31)): {'cpu': 16}, (2, np.int64(29)): {'cpu': 12}, (0, np.int64(30)): {'cpu': 15}, (6, np.int64(3)): {'cpu': 18}, (1, np.int64(13)): {'cpu': 15}, (3, np.int64(1)): {'cpu': 11}, (4, np.int64(5)): {'cpu': 7}}","{((0, 2), (np.int64(30), 29)): {'bw': 18}, ((0, 5), (np.int64(30), 28)): {'bw': 50}, ((0, 5), (28, np.int64(31))): {'bw': 50}, ((1, 2), (np.int64(13), 2)): {'bw': 2}, ((1, 2), (2, np.int64(29))): {'bw': 2}, ((1, 6), (np.int64(13), 3)): {'bw': 30}, ((2, 3), (np.int64(29), 30)): {'bw': 42}, ((2, 3), (30, 28)): {'bw': 42}, ((2, 3), (28, np.int64(1))): {'bw': 42}, ((2, 5), (np.int64(29), 31)): {'bw': 50}, ((4, 6), (np.int64(5), 3)): {'bw': 21}}",443.0,307.0,188.0,94.0,213.0,94.0,213.0,94.0,349.0,136.0,0.6930022573363431,3676.8506422728005,2548.065794983634,5.751841523665088,Success,0.0,"{'node_level': {}, 'link_level': {}, 'path_level': {}}","{'node_level': {5: {'cpu': -51}, 2: {'cpu': -42}, 0: {'cpu': -37}, 6: {'cpu': -10}, 1: {'cpu': -63}, 3: {'cpu': -54}, 4: {'cpu': -38}}, 'link_level': {(0, 2): {'bw': -44}, (0, 5): {'bw': -33}, (1, 2): {'bw': -28}, (1, 6): {'bw': -243}, (2, 3): {'bw': -2}, (2, 5): {'bw': -104}, (4, 6): {'bw': -254}}, 'path_level': {(0, 2): {}, (0, 5): {}, (1, 2): {}, (1, 6): {}, (2, 3): {}, (2, 5): {}, (4, 6): {}}}","{'node_level': {5: {'cpu': 0}, 2: {'cpu': 0}, 0: {'cpu': 0}, 6: {'cpu': 0}, 1: {'cpu': 0}, 3: {'cpu': 0}, 4: {'cpu': 0}}, 'link_level': {(0, 2): {'bw': 0}, (0, 5): {'bw': 0}, (1, 2): {'bw': 0}, (1, 6): {'bw': 0}, (2, 3): {'bw': 0}, (2, 5): {'bw': 0}, (4, 6): {'bw': 0}}, 'path_level': {(0, 2): {}, (0, 5): {}, (1, 2): {}, (1, 6): {}, (2, 3): {}, (2, 5): {}, (4, 6): {}}}",[],-inf,-inf,True,True,False,0,[],0,0.0,7.0,7.0
114,90,13,22852.0,43307.0,8691593.280187031,17547164.900229316,0.5276745098944743,0.4953274976103658,29,210,0,2827.2998885830084,10737,2111,8626,0.19056748466257667,0.36921389396709325,113,8.29988858300858,2819.0,7,7,False,{},{},{},{},0.0,0.0,0.0,0.0,0.0,0.0,0.0,0.0,0.0,0.0,0.0,0.0,0.0,0.0,Leave Event,0.0,"{'node_level': {}, 'link_level': {}, 'path_level': {}}","{'node_level': {}, 'link_level': {}, 'path_level': {}}","{'node_level': {}, 'link_level': {}, 'path_level': {}}",[],-inf,-inf,True,True,False,0,[],0,0.0,,
114,90,12,22852.0,43307.0,8691593.280187031,17547164.900229316,0.5276745098944743,0.4953274976103658,29,211,0,2827.7931588689326,10791,2121,8670,0.18673312883435578,0.36599634369287015,88,601.7931588689326,2226.0,2,1,False,{},{},{},{},0.0,0.0,0.0,0.0,0.0,0.0,0.0,0.0,0.0,0.0,0.0,0.0,0.0,0.0,Leave Event,0.0,"{'node_level': {}, 'link_level': {}, 'path_level': {}}","{'node_level': {}, 'link_level': {}, 'path_level': {}}","{'node_level': {}, 'link_level': {}, 'path_level': {}}",[],-inf,-inf,True,True,False,0,[],0,0.0,,
114,90,11,22852.0,43307.0,8691593.280187031,17547164.900229316,0.5276745098944743,0.4953274976103658,29,212,0,2828.1449844817716,11021,2159,8862,0.17216257668711654,0.35195612431444245,108,124.14498448177181,2704.0,4,4,False,{},{},{},{},0.0,0.0,0.0,0.0,0.0,0.0,0.0,0.0,0.0,0.0,0.0,0.0,0.0,0.0,Leave Event,0.0,"{'node_level': {}, 'link_level': {}, 'path_level': {}}","{'node_level': {}, 'link_level': {}, 'path_level': {}}","{'node_level': {}, 'link_level': {}, 'path_level': {}}",[],-inf,-inf,True,True,False,0,[],0,0.0,,
115,91,12,22960.0,43456.0,8710761.252618786,17573609.60293609,0.5283505154639175,0.4956728554595549,29,213,1,2845.0,10872,2135,8737,0.18136503067484666,0.3610968921389397,114,177.48122621994455,2845.0,3,2,True,"{0: np.int64(15), 1: np.int64(13), 2: np.int64(14)}","{(0, 1): [(np.int64(15), 13)], (0, 2): [(np.int64(15), 12), (12, np.int64(14))]}","{(0, np.int64(15)): {'cpu': 8}, (1, np.int64(13)): {'cpu': 15}, (2, np.int64(14)): {'cpu': 1}}","{((0, 1), (np.int64(15), 13)): {'bw': 43}, ((0, 2), (np.int64(15), 12)): {'bw': 41}, ((0, 2), (12, np.int64(14))): {'bw': 41}}",149.0,108.0,48.0,24.0,84.0,24.0,84.0,24.0,125.0,41.0,0.7248322147651006,26444.70270677174,19167.97243175401,128.64411028022826,Success,0.0,"{'node_level': {}, 'link_level': {}, 'path_level': {}}","{'node_level': {0: {'cpu': -50}, 1: {'cpu': -75}, 2: {'cpu': -48}}, 'link_level': {(0, 1): {'bw': -143}, (0, 2): {'bw': -5}}, 'path_level': {(0, 1): {}, (0, 2): {}}}","{'node_level': {0: {'cpu': 0}, 1: {'cpu': 0}, 2: {'cpu': 0}}, 'link_level': {(0, 1): {'bw': 0}, (0, 2): {'bw': 0}}, 'path_level': {(0, 1): {}, (0, 2): {}}}",[],-inf,-inf,True,True,False,0,[],0,0.0,3.0,2.0
115,91,11,22960.0,43456.0,8710761.252618786,17573609.60293609,0.5283505154639175,0.4956728554595549,29,214,0,2849.85269611207,12085,2210,9875,0.15260736196319014,0.27787934186471663,89,597.8526961120702,2252.0,9,22,False,{},{},{},{},0.0,0.0,0.0,0.0,0.0,0.0,0.0,0.0,0.0,0.0,0.0,0.0,0.0,0.0,Leave Event,0.0,"{'node_level': {}, 'link_level': {}, 'path_level': {}}","{'node_level': {}, 'link_level': {}, 'path_level': {}}","{'node_level': {}, 'link_level': {}, 'path_level': {}}",[],-inf,-inf,True,True,False,0,[],0,0.0,,
115,91,11,22960.0,43456.0,8710761.252618786,17573609.60293609,0.5283505154639175,0.4956728554595549,29,215,0,2858.1809157858916,12085,2210,9875,0.15260736196319014,0.27787934186471663,47,1626.1809157858913,1232.0,9,21,False,{},{},{},{},0.0,0.0,0.0,0.0,0.0,0.0,0.0,0.0,0.0,0.0,0.0,0.0,0.0,0.0,Leave Event,0.0,"{'node_level': {}, 'link_level': {}, 'path_level': {}}","{'node_level': {}, 'link_level': {}, 'path_level': {}}","{'node_level': {}, 'link_level': {}, 'path_level': {}}",[],-inf,-inf,True,True,False,0,[],0,0.0,,
116,92,12,23255.0,43890.0,8825530.15269137,17742456.0525344,0.5298473456368193,0.4974243772428957,29,216,1,2875.0,11651,2137,9514,0.18059815950920244,0.3042778793418647,115,389.0471188901165,2875.0,6,9,True,"{1: np.int64(5), 5: np.int64(2), 4: np.int64(13), 0: np.int64(3), 2: np.int64(21), 3: np.int64(15)}","{(0, 3): [(np.int64(3), 13), (13, np.int64(15))], (0, 4): [(np.int64(3), 13)], (1, 2): [(np.int64(5), 2), (2, np.int64(21))], (1, 3): [(np.int64(5), 2), (2, 13), (13, np.int64(15))], (1, 4): [(np.int64(5), 2), (2, np.int64(13))], (1, 5): [(np.int64(5), 2)], (2, 5): [(np.int64(21), 2)], (3, 5): [(np.int64(15), 13), (13, np.int64(2))], (4, 5): [(np.int64(13), 2)]}","{(1, np.int64(5)): {'cpu': 15}, (5, np.int64(2)): {'cpu': 18}, (4, np.int64(13)): {'cpu': 15}, (0, np.int64(3)): {'cpu': 9}, (2, np.int64(21)): {'cpu': 12}, (3, np.int64(15)): {'cpu': 4}}","{((0, 3), (np.int64(3), 13)): {'bw': 49}, ((0, 3), (13, np.int64(15))): {'bw': 49}, ((0, 4), (np.int64(3), 13)): {'bw': 22}, ((1, 2), (np.int64(5), 2)): {'bw': 33}, ((1, 2), (2, np.int64(21))): {'bw': 33}, ((1, 3), (np.int64(5), 2)): {'bw': 15}, ((1, 3), (2, 13)): {'bw': 15}, ((1, 3), (13, np.int64(15))): {'bw': 15}, ((1, 4), (np.int64(5), 2)): {'bw': 27}, ((1, 4), (2, np.int64(13))): {'bw': 27}, ((1, 5), (np.int64(5), 2)): {'bw': 37}, ((2, 5), (np.int64(21), 2)): {'bw': 5}, ((3, 5), (np.int64(15), 13)): {'bw': 0}, ((3, 5), (13, np.int64(2))): {'bw': 0}, ((4, 5), (np.int64(13), 2)): {'bw': 34}}",434.0,295.0,146.0,73.0,222.0,73.0,222.0,73.0,361.0,139.0,0.6797235023041475,168846.44959831057,114768.90007258437,264.44447021332803,Success,0.0,"{'node_level': {}, 'link_level': {}, 'path_level': {}}","{'node_level': {1: {'cpu': -42}, 5: {'cpu': -42}, 4: {'cpu': -62}, 0: {'cpu': -28}, 2: {'cpu': -29}, 3: {'cpu': -46}}, 'link_level': {(0, 3): {'bw': -94}, (0, 4): {'bw': -240}, (1, 2): {'bw': -151}, (1, 3): {'bw': -79}, (1, 4): {'bw': -81}, (1, 5): {'bw': -72}, (2, 5): {'bw': -224}, (3, 5): {'bw': -79}, (4, 5): {'bw': -47}}, 'path_level': {(0, 3): {}, (0, 4): {}, (1, 2): {}, (1, 3): {}, (1, 4): {}, (1, 5): {}, (2, 5): {}, (3, 5): {}, (4, 5): {}}}","{'node_level': {1: {'cpu': 0}, 5: {'cpu': 0}, 4: {'cpu': 0}, 0: {'cpu': 0}, 2: {'cpu': 0}, 3: {'cpu': 0}}, 'link_level': {(0, 3): {'bw': 0}, (0, 4): {'bw': 0}, (1, 2): {'bw': 0}, (1, 3): {'bw': 0}, (1, 4): {'bw': 0}, (1, 5): {'bw': 0}, (2, 5): {'bw': 0}, (3, 5): {'bw': 0}, (4, 5): {'bw': 0}}, 'path_level': {(0, 3): {}, (0, 4): {}, (1, 2): {}, (1, 3): {}, (1, 4): {}, (1, 5): {}, (2, 5): {}, (3, 5): {}, (4, 5): {}}}",[],-inf,-inf,True,True,False,0,[],0,0.0,6.0,9.0
116,92,11,23255.0,43890.0,8825530.15269137,17742456.0525344,0.5298473456368193,0.4974243772428957,29,217,0,2879.290964924602,11667,2152,9515,0.17484662576687116,0.30420475319926876,104,273.29096492460206,2606.0,2,1,False,{},{},{},{},0.0,0.0,0.0,0.0,0.0,0.0,0.0,0.0,0.0,0.0,0.0,0.0,0.0,0.0,Leave Event,0.0,"{'node_level': {}, 'link_level': {}, 'path_level': {}}","{'node_level': {}, 'link_level': {}, 'path_level': {}}","{'node_level': {}, 'link_level': {}, 'path_level': {}}",[],-inf,-inf,True,True,False,0,[],0,0.0,,
117,93,12,23642.0,44549.0,9205812.141507288,18390016.338399235,0.5306965363981234,0.5005874911750411,29,218,1,2897.0,11008,2049,8959,0.21434049079754602,0.3448628884826326,116,982.6407979739491,2897.0,8,11,True,"{7: np.int64(7), 3: np.int64(5), 2: np.int64(6), 1: np.int64(4), 6: np.int64(1), 5: np.int64(31), 4: np.int64(30), 0: np.int64(29)}","{(0, 3): [(np.int64(29), 2), (2, np.int64(5))], (0, 5): [(np.int64(29), 31)], (1, 5): [(np.int64(4), 0), (0, 28), (28, np.int64(31))], (1, 6): [(np.int64(4), 1)], (1, 7): [(np.int64(4), 7)], (2, 3): [(np.int64(6), 5)], (2, 7): [(np.int64(6), 4), (4, np.int64(7))], (3, 5): [(np.int64(5), 2), (2, 29), (29, np.int64(31))], (3, 7): [(np.int64(5), 7)], (4, 7): [(np.int64(30), 29), (29, 2), (2, 5), (5, np.int64(7))], (5, 7): [(np.int64(31), 28), (28, 1), (1, 4), (4, np.int64(7))]}","{(7, np.int64(7)): {'cpu': 16}, (3, np.int64(5)): {'cpu': 8}, (2, np.int64(6)): {'cpu': 12}, (1, np.int64(4)): {'cpu': 10}, (6, np.int64(1)): {'cpu': 20}, (5, np.int64(31)): {'cpu': 12}, (4, np.int64(30)): {'cpu': 10}, (0, np.int64(29)): {'cpu': 15}}","{((0, 3), (np.int64(29), 2)): {'bw': 2}, ((0, 3), (2, np.int64(5))): {'bw': 2}, ((0, 5), (np.int64(29), 31)): {'bw': 0}, ((1, 5), (np.int64(4), 0)): {'bw': 9}, ((1, 5), (0, 28)): {'bw': 9}, ((1, 5), (28, np.int64(31))): {'bw': 9}, ((1, 6), (np.int64(4), 1)): {'bw': 37}, ((1, 7), (np.int64(4), 7)): {'bw': 31}, ((2, 3), (np.int64(6), 5)): {'bw': 49}, ((2, 7), (np.int64(6), 4)): {'bw': 31}, ((2, 7), (4, np.int64(7))): {'bw': 31}, ((3, 5), (np.int64(5), 2)): {'bw': 31}, ((3, 5), (2, 29)): {'bw': 31}, ((3, 5), (29, np.int64(31))): {'bw': 31}, ((3, 7), (np.int64(5), 7)): {'bw': 41}, ((4, 7), (np.int64(30), 29)): {'bw': 39}, ((4, 7), (29, 2)): {'bw': 39}, ((4, 7), (2, 5)): {'bw': 39}, ((4, 7), (5, np.int64(7))): {'bw': 39}, ((5, 7), (np.int64(31), 28)): {'bw': 14}, ((5, 7), (28, 1)): {'bw': 14}, ((5, 7), (1, 4)): {'bw': 14}, ((5, 7), (4, np.int64(7))): {'bw': 14}}",659.0,387.0,206.0,103.0,284.0,103.0,284.0,103.0,556.0,272.0,0.5872534142640364,647560.2858648325,380281.98881591833,577.0591636053389,Success,0.0,"{'node_level': {}, 'link_level': {}, 'path_level': {}}","{'node_level': {7: {'cpu': -31}, 3: {'cpu': -34}, 2: {'cpu': -36}, 1: {'cpu': -41}, 6: {'cpu': -45}, 5: {'cpu': -55}, 4: {'cpu': -42}, 0: {'cpu': -39}}, 'link_level': {(0, 3): {'bw': -70}, (0, 5): {'bw': -154}, (1, 5): {'bw': -9}, (1, 6): {'bw': -31}, (1, 7): {'bw': -221}, (2, 3): {'bw': -185}, (2, 7): {'bw': -83}, (3, 5): {'bw': -39}, (3, 7): {'bw': -308}, (4, 7): {'bw': 0}, (5, 7): {'bw': -17}}, 'path_level': {(0, 3): {}, (0, 5): {}, (1, 5): {}, (1, 6): {}, (1, 7): {}, (2, 3): {}, (2, 7): {}, (3, 5): {}, (3, 7): {}, (4, 7): {}, (5, 7): {}}}","{'node_level': {7: {'cpu': 0}, 3: {'cpu': 0}, 2: {'cpu': 0}, 1: {'cpu': 0}, 6: {'cpu': 0}, 5: {'cpu': 0}, 4: {'cpu': 0}, 0: {'cpu': 0}}, 'link_level': {(0, 3): {'bw': 0}, (0, 5): {'bw': 0}, (1, 5): {'bw': 0}, (1, 6): {'bw': 0}, (1, 7): {'bw': 0}, (2, 3): {'bw': 0}, (2, 7): {'bw': 0}, (3, 5): {'bw': 0}, (3, 7): {'bw': 0}, (4, 7): {'bw': 0}, (5, 7): {'bw': 0}}, 'path_level': {(0, 3): {}, (0, 5): {}, (1, 5): {}, (1, 6): {}, (1, 7): {}, (2, 3): {}, (2, 7): {}, (3, 5): {}, (3, 7): {}, (4, 7): {}, (5, 7): {}}}",[],-inf,-inf,True,True,False,0,[],0,0.0,8.0,11.0
117,93,11,23642.0,44549.0,9205812.141507288,18390016.338399235,0.5306965363981234,0.5005874911750411,29,219,0,2899.2890302347223,11130,2064,9066,0.20858895705521474,0.3370383912248629,100,379.28903023472253,2520.0,4,3,False,{},{},{},{},0.0,0.0,0.0,0.0,0.0,0.0,0.0,0.0,0.0,0.0,0.0,0.0,0.0,0.0,Leave Event,0.0,"{'node_level': {}, 'link_level': {}, 'path_level': {}}","{'node_level': {}, 'link_level': {}, 'path_level': {}}","{'node_level': {}, 'link_level': {}, 'path_level': {}}",[],-inf,-inf,True,True,False,0,[],0,0.0,,
118,94,12,23694.0,44601.0,9211134.534644293,18395338.73153624,0.5312436940875765,0.5007319880907161,29,220,1,2924.0,11078,2047,9031,0.21510736196319014,0.3395978062157221,117,102.3537141731596,2924.0,2,1,True,"{1: np.int64(14), 0: np.int64(12)}","{(0, 1): [(np.int64(12), 14)]}","{(1, np.int64(14)): {'cpu': 15}, (0, np.int64(12)): {'cpu': 2}}","{((0, 1), (np.int64(12), 14)): {'bw': 35}}",52.0,52.0,34.0,17.0,35.0,17.0,35.0,17.0,35.0,0.0,1.0,5322.393137004299,5322.393137004299,102.3537141731596,Success,0.0,"{'node_level': {}, 'link_level': {}, 'path_level': {}}","{'node_level': {1: {'cpu': -40}, 0: {'cpu': -55}}, 'link_level': {(0, 1): {'bw': -76}}, 'path_level': {(0, 1): {}}}","{'node_level': {1: {'cpu': 0}, 0: {'cpu': 0}}, 'link_level': {(0, 1): {'bw': 0}}, 'path_level': {(0, 1): {}}}",[],-inf,-inf,True,True,False,0,[],0,0.0,2.0,1.0
119,94,12,23694.0,44601.0,9211134.534644293,18395338.73153624,0.5312436940875765,0.5007319880907161,29,221,1,2948.0,11078,2047,9031,0.21510736196319014,0.3395978062157221,118,43.62189068465407,2948.0,8,12,False,"{1: np.int64(15), 0: np.int64(13), 6: np.int64(12), 4: np.int64(14), 7: np.int64(3), 5: np.int64(22), 2: np.int64(31), 3: np.int64(30)}","{(0, 1): [(np.int64(13), 15)], (0, 2): [(np.int64(13), 2), (2, 29), (29, np.int64(31))], (0, 3): [(np.int64(13), 3), (3, 29), (29, 31), (31, 28), (28, np.int64(30))], (0, 6): [(np.int64(13), 14), (14, np.int64(12))], (1, 2): [(np.int64(15), 13), (13, 3), (3, 29), (29, np.int64(31))], (1, 6): [(np.int64(15), 12)], (2, 5): []}","{(1, np.int64(15)): {'cpu': 18}, (0, np.int64(13)): {'cpu': 19}, (6, np.int64(12)): {'cpu': 16}, (4, np.int64(14)): {'cpu': 9}, (7, np.int64(3)): {'cpu': 19}, (5, np.int64(22)): {'cpu': 10}, (2, np.int64(31)): {'cpu': 0}, (3, np.int64(30)): {'cpu': 0}}","{((0, 1), (np.int64(13), 15)): {'bw': 28}, ((0, 2), (np.int64(13), 2)): {'bw': 31}, ((0, 2), (2, 29)): {'bw': 31}, ((0, 2), (29, np.int64(31))): {'bw': 31}, ((0, 3), (np.int64(13), 3)): {'bw': 27}, ((0, 3), (3, 29)): {'bw': 27}, ((0, 3), (29, 31)): {'bw': 27}, ((0, 3), (31, 28)): {'bw': 27}, ((0, 3), (28, np.int64(30))): {'bw': 27}, ((0, 6), (np.int64(13), 14)): {'bw': 11}, ((0, 6), (14, np.int64(12))): {'bw': 11}, ((1, 2), (np.int64(15), 13)): {'bw': 37}, ((1, 2), (13, 3)): {'bw': 37}, ((1, 2), (3, 29)): {'bw': 37}, ((1, 2), (29, np.int64(31))): {'bw': 37}, ((1, 6), (np.int64(15), 12)): {'bw': 43}}",0.0,0.0,182.0,91.0,308.0,0.0,0.0,0.0,0.0,0.0,0.0,0.0,0.0,0.0,Route Failure,26.0,"{'node_level': {}, 'link_level': {}, 'path_level': {}}","{'node_level': {1: {'cpu': -34}, 0: {'cpu': -43}, 6: {'cpu': -39}, 4: {'cpu': -31}, 7: {'cpu': -9}, 5: {'cpu': -48}, 2: {'cpu': -55}, 3: {'cpu': -42}}, 'link_level': {(0, 1): {'bw': -51}, (0, 2): {'bw': -16}, (0, 3): {'bw': -33}, (0, 6): {'bw': -65}, (1, 2): {'bw': -14}, (1, 6): {'bw': -128}, (2, 5): {'bw': 21}}, 'path_level': {(0, 1): {}, (0, 2): {}, (0, 3): {}, (0, 6): {}, (1, 2): {}, (1, 6): {}, (2, 5): {}}}","{'node_level': {1: {'cpu': 0}, 0: {'cpu': 0}, 6: {'cpu': 0}, 4: {'cpu': 0}, 7: {'cpu': 0}, 5: {'cpu': 0}, 2: {'cpu': 0}, 3: {'cpu': 0}}, 'link_level': {(0, 1): {'bw': 0}, (0, 2): {'bw': 0}, (0, 3): {'bw': 0}, (0, 6): {'bw': 0}, (1, 2): {'bw': 0}, (1, 6): {'bw': 0}, (2, 5): {'bw': 26}}, 'path_level': {(0, 1): {}, (0, 2): {}, (0, 3): {}, (0, 6): {}, (1, 2): {}, (1, 6): {}, (2, 5): {}}}",[],-inf,-inf,True,False,False,0,[],0,0.0,8.0,7.0
119,94,11,23694.0,44601.0,9211134.534644293,18395338.73153624,0.5312436940875765,0.5007319880907161,29,222,0,2967.1509352397843,11267,2100,9167,0.19478527607361962,0.32965265082266915,102,412.1509352397844,2555.0,4,3,False,{},{},{},{},0.0,0.0,0.0,0.0,0.0,0.0,0.0,0.0,0.0,0.0,0.0,0.0,0.0,0.0,Leave Event,0.0,"{'node_level': {}, 'link_level': {}, 'path_level': {}}","{'node_level': {}, 'link_level': {}, 'path_level': {}}","{'node_level': {}, 'link_level': {}, 'path_level': {}}",[],-inf,-inf,True,True,False,0,[],0,0.0,,
120,95,12,24057.0,45502.0,9219353.261047607,18415738.380267333,0.5287020350753813,0.500623600893801,29,223,1,2969.0,10366,2030,8336,0.22162576687116564,0.39042047531992685,119,22.641119568361198,2969.0,7,9,True,"{4: np.int64(22), 6: np.int64(21), 0: np.int64(23), 5: np.int64(3), 2: np.int64(13), 3: np.int64(15), 1: np.int64(12)}","{(0, 2): [(np.int64(23), 21), (21, 2), (2, np.int64(13))], (0, 5): [(np.int64(23), 21), (21, np.int64(3))], (0, 6): [(np.int64(23), 21)], (1, 5): [(np.int64(12), 14), (14, 13), (13, np.int64(3))], (1, 6): [(np.int64(12), 15), (15, 13), (13, 3), (3, np.int64(21))], (2, 6): [(np.int64(13), 3), (3, np.int64(21))], (3, 4): [(np.int64(15), 12), (12, 1), (1, 20), (20, np.int64(22))], (3, 6): [(np.int64(15), 13), (13, 3), (3, np.int64(21))], (4, 6): [(np.int64(22), 21)]}","{(4, np.int64(22)): {'cpu': 15}, (6, np.int64(21)): {'cpu': 9}, (0, np.int64(23)): {'cpu': 19}, (5, np.int64(3)): {'cpu': 15}, (2, np.int64(13)): {'cpu': 6}, (3, np.int64(15)): {'cpu': 4}, (1, np.int64(12)): {'cpu': 2}}","{((0, 2), (np.int64(23), 21)): {'bw': 44}, ((0, 2), (21, 2)): {'bw': 44}, ((0, 2), (2, np.int64(13))): {'bw': 44}, ((0, 5), (np.int64(23), 21)): {'bw': 4}, ((0, 5), (21, np.int64(3))): {'bw': 4}, ((0, 6), (np.int64(23), 21)): {'bw': 2}, ((1, 5), (np.int64(12), 14)): {'bw': 43}, ((1, 5), (14, 13)): {'bw': 43}, ((1, 5), (13, np.int64(3))): {'bw': 43}, ((1, 6), (np.int64(12), 15)): {'bw': 48}, ((1, 6), (15, 13)): {'bw': 48}, ((1, 6), (13, 3)): {'bw': 48}, ((1, 6), (3, np.int64(21))): {'bw': 48}, ((2, 6), (np.int64(13), 3)): {'bw': 39}, ((2, 6), (3, np.int64(21))): {'bw': 39}, ((3, 4), (np.int64(15), 12)): {'bw': 47}, ((3, 4), (12, 1)): {'bw': 47}, ((3, 4), (1, 20)): {'bw': 47}, ((3, 4), (20, np.int64(22))): {'bw': 47}, ((3, 6), (np.int64(15), 13)): {'bw': 18}, ((3, 6), (13, 3)): {'bw': 18}, ((3, 6), (3, np.int64(21))): {'bw': 18}, ((4, 6), (np.int64(22), 21)): {'bw': 48}}",901.0,363.0,140.0,70.0,293.0,70.0,293.0,70.0,831.0,538.0,0.40288568257491675,20399.64873109344,8218.726403315115,9.121782911559505,Success,0.0,"{'node_level': {}, 'link_level': {}, 'path_level': {}}","{'node_level': {4: {'cpu': -60}, 6: {'cpu': -28}, 0: {'cpu': -33}, 5: {'cpu': -27}, 2: {'cpu': -56}, 3: {'cpu': -48}, 1: {'cpu': -53}}, 'link_level': {(0, 2): {'bw': -3}, (0, 5): {'bw': -298}, (0, 6): {'bw': -296}, (1, 5): {'bw': -33}, (1, 6): {'bw': -31}, (2, 6): {'bw': -110}, (3, 4): {'bw': -10}, (3, 6): {'bw': -13}, (4, 6): {'bw': -139}}, 'path_level': {(0, 2): {}, (0, 5): {}, (0, 6): {}, (1, 5): {}, (1, 6): {}, (2, 6): {}, (3, 4): {}, (3, 6): {}, (4, 6): {}}}","{'node_level': {4: {'cpu': 0}, 6: {'cpu': 0}, 0: {'cpu': 0}, 5: {'cpu': 0}, 2: {'cpu': 0}, 3: {'cpu': 0}, 1: {'cpu': 0}}, 'link_level': {(0, 2): {'bw': 0}, (0, 5): {'bw': 0}, (0, 6): {'bw': 0}, (1, 5): {'bw': 0}, (1, 6): {'bw': 0}, (2, 6): {'bw': 0}, (3, 4): {'bw': 0}, (3, 6): {'bw': 0}, (4, 6): {'bw': 0}}, 'path_level': {(0, 2): {}, (0, 5): {}, (0, 6): {}, (1, 5): {}, (1, 6): {}, (2, 6): {}, (3, 4): {}, (3, 6): {}, (4, 6): {}}}",[],-inf,-inf,True,True,False,0,[],0,0.0,7.0,9.0
120,95,12,24057.0,45502.0,9219353.261047607,18415738.380267333,0.5287020350753813,0.500623600893801,29,224,0,2991.621890684654,10366,2030,8336,0.22162576687116564,0.39042047531992685,118,43.62189068465407,2948.0,8,12,False,{},{},{},{},0.0,0.0,0.0,0.0,0.0,0.0,0.0,0.0,0.0,0.0,0.0,0.0,0.0,0.0,Leave Event,0.0,"{'node_level': {}, 'link_level': {}, 'path_level': {}}","{'node_level': {}, 'link_level': {}, 'path_level': {}}","{'node_level': {}, 'link_level': {}, 'path_level': {}}",[],-inf,-inf,True,True,False,0,[],0,0.0,,
120,95,11,24057.0,45502.0,9219353.261047607,18415738.380267333,0.5287020350753813,0.500623600893801,29,225,0,2991.6411195683613,11267,2100,9167,0.19478527607361962,0.32965265082266915,119,22.641119568361198,2969.0,7,9,False,{},{},{},{},0.0,0.0,0.0,0.0,0.0,0.0,0.0,0.0,0.0,0.0,0.0,0.0,0.0,0.0,Leave Event,0.0,"{'node_level': {}, 'link_level': {}, 'path_level': {}}","{'node_level': {}, 'link_level': {}, 'path_level': {}}","{'node_level': {}, 'link_level': {}, 'path_level': {}}",[],-inf,-inf,True,True,False,0,[],0,0.0,,
121,96,12,24118.0,45563.0,9237245.832848802,18433630.95206853,0.5293330114347168,0.5011083197264641,29,226,1,3000.0,11206,2074,9132,0.20475460122699385,0.33221206581352836,120,293.3208491999194,3000.0,3,2,True,"{1: np.int64(22), 2: np.int64(21), 0: np.int64(23)}","{(0, 2): [(np.int64(23), 21)], (1, 2): [(np.int64(22), 21)]}","{(1, np.int64(22)): {'cpu': 9}, (2, np.int64(21)): {'cpu': 4}, (0, np.int64(23)): {'cpu': 13}}","{((0, 2), (np.int64(23), 21)): {'bw': 8}, ((1, 2), (np.int64(22), 21)): {'bw': 27}}",61.0,61.0,52.0,26.0,35.0,26.0,35.0,26.0,35.0,0.0,1.0,17892.57180119508,17892.57180119508,293.3208491999194,Success,0.0,"{'node_level': {}, 'link_level': {}, 'path_level': {}}","{'node_level': {1: {'cpu': -66}, 2: {'cpu': -33}, 0: {'cpu': -39}}, 'link_level': {(0, 2): {'bw': -338}, (1, 2): {'bw': -160}}, 'path_level': {(0, 2): {}, (1, 2): {}}}","{'node_level': {1: {'cpu': 0}, 2: {'cpu': 0}, 0: {'cpu': 0}}, 'link_level': {(0, 2): {'bw': 0}, (1, 2): {'bw': 0}}, 'path_level': {(0, 2): {}, (1, 2): {}}}",[],-inf,-inf,True,True,False,0,[],0,0.0,3.0,2.0
121,96,11,24118.0,45563.0,9237245.832848802,18433630.95206853,0.5293330114347168,0.5011083197264641,29,227,0,3022.4812262199443,11355,2098,9257,0.19555214723926384,0.3230712979890311,114,177.48122621994455,2845.0,3,2,False,{},{},{},{},0.0,0.0,0.0,0.0,0.0,0.0,0.0,0.0,0.0,0.0,0.0,0.0,0.0,0.0,Leave Event,0.0,"{'node_level': {}, 'link_level': {}, 'path_level': {}}","{'node_level': {}, 'link_level': {}, 'path_level': {}}","{'node_level': {}, 'link_level': {}, 'path_level': {}}",[],-inf,-inf,True,True,False,0,[],0,0.0,,
122,97,12,24344.0,45853.0,9239450.213629307,18436459.582273602,0.5309140078075589,0.501151003119542,29,228,1,3024.0,11065,2056,9009,0.2116564417177914,0.34120658135283366,121,9.753897258871314,3024.0,4,5,True,"{1: np.int64(15), 2: np.int64(13), 0: np.int64(3), 3: np.int64(14)}","{(0, 2): [(np.int64(3), 13)], (0, 3): [(np.int64(3), 13), (13, np.int64(14))], (1, 2): [(np.int64(15), 13)], (1, 3): [(np.int64(15), 12), (12, np.int64(14))], (2, 3): [(np.int64(13), 14)]}","{(1, np.int64(15)): {'cpu': 15}, (2, np.int64(13)): {'cpu': 8}, (0, np.int64(3)): {'cpu': 14}, (3, np.int64(14)): {'cpu': 5}}","{((0, 2), (np.int64(3), 13)): {'bw': 41}, ((0, 3), (np.int64(3), 13)): {'bw': 25}, ((0, 3), (13, np.int64(14))): {'bw': 25}, ((1, 2), (np.int64(15), 13)): {'bw': 30}, ((1, 3), (np.int64(15), 12)): {'bw': 39}, ((1, 3), (12, np.int64(14))): {'bw': 39}, ((2, 3), (np.int64(13), 14)): {'bw': 49}}",290.0,226.0,84.0,42.0,184.0,42.0,184.0,42.0,248.0,64.0,0.7793103448275862,2828.630205072681,2204.380780504917,7.601313036223852,Success,0.0,"{'node_level': {}, 'link_level': {}, 'path_level': {}}","{'node_level': {1: {'cpu': -45}, 2: {'cpu': -69}, 0: {'cpu': -28}, 3: {'cpu': -36}}, 'link_level': {(0, 2): {'bw': -199}, (0, 3): {'bw': -174}, (1, 2): {'bw': -92}, (1, 3): {'bw': -78}, (2, 3): {'bw': -130}}, 'path_level': {(0, 2): {}, (0, 3): {}, (1, 2): {}, (1, 3): {}, (2, 3): {}}}","{'node_level': {1: {'cpu': 0}, 2: {'cpu': 0}, 0: {'cpu': 0}, 3: {'cpu': 0}}, 'link_level': {(0, 2): {'bw': 0}, (0, 3): {'bw': 0}, (1, 2): {'bw': 0}, (1, 3): {'bw': 0}, (2, 3): {'bw': 0}}, 'path_level': {(0, 2): {}, (0, 3): {}, (1, 2): {}, (1, 3): {}, (2, 3): {}}}",[],-inf,-inf,True,True,False,0,[],0,0.0,4.0,5.0
122,97,11,24344.0,45853.0,9239450.213629307,18436459.582273602,0.5309140078075589,0.501151003119542,29,229,0,3026.3537141731595,11117,2073,9044,0.2051380368098159,0.33864716636197445,117,102.3537141731596,2924.0,2,1,False,{},{},{},{},0.0,0.0,0.0,0.0,0.0,0.0,0.0,0.0,0.0,0.0,0.0,0.0,0.0,0.0,Leave Event,0.0,"{'node_level': {}, 'link_level': {}, 'path_level': {}}","{'node_level': {}, 'link_level': {}, 'path_level': {}}","{'node_level': {}, 'link_level': {}, 'path_level': {}}",[],-inf,-inf,True,True,False,0,[],0,0.0,,
122,97,11,24344.0,45853.0,9239450.213629307,18436459.582273602,0.5309140078075589,0.501151003119542,29,230,0,3028.6521937181046,11117,2073,9044,0.2051380368098159,0.33864716636197445,80,1010.6521937181047,2018.0,10,27,False,{},{},{},{},0.0,0.0,0.0,0.0,0.0,0.0,0.0,0.0,0.0,0.0,0.0,0.0,0.0,0.0,Leave Event,0.0,"{'node_level': {}, 'link_level': {}, 'path_level': {}}","{'node_level': {}, 'link_level': {}, 'path_level': {}}","{'node_level': {}, 'link_level': {}, 'path_level': {}}",[],-inf,-inf,True,True,False,0,[],0,0.0,,
122,97,10,24344.0,45853.0,9239450.213629307,18436459.582273602,0.5309140078075589,0.501151003119542,29,231,0,3033.7538972588713,11407,2115,9292,0.18903374233128833,0.3205118829981718,121,9.753897258871314,3024.0,4,5,False,{},{},{},{},0.0,0.0,0.0,0.0,0.0,0.0,0.0,0.0,0.0,0.0,0.0,0.0,0.0,0.0,Leave Event,0.0,"{'node_level': {}, 'link_level': {}, 'path_level': {}}","{'node_level': {}, 'link_level': {}, 'path_level': {}}","{'node_level': {}, 'link_level': {}, 'path_level': {}}",[],-inf,-inf,True,True,False,0,[],0,0.0,,
123,98,11,24453.0,45991.0,9243231.665084528,18441247.107969202,0.5316909830184167,0.5012259534817554,29,232,1,3052.0,11269,2099,9170,0.19516871165644167,0.3294332723948812,122,34.69221518550247,3052.0,3,3,True,"{2: np.int64(15), 0: np.int64(13), 1: np.int64(14)}","{(0, 1): [(np.int64(13), 14)], (0, 2): [(np.int64(13), 15)], (1, 2): [(np.int64(14), 12), (12, np.int64(15))]}","{(2, np.int64(15)): {'cpu': 10}, (0, np.int64(13)): {'cpu': 5}, (1, np.int64(14)): {'cpu': 1}}","{((0, 1), (np.int64(13), 14)): {'bw': 19}, ((0, 2), (np.int64(13), 15)): {'bw': 45}, ((1, 2), (np.int64(14), 12)): {'bw': 29}, ((1, 2), (12, np.int64(15))): {'bw': 29}}",138.0,109.0,32.0,16.0,93.0,16.0,93.0,16.0,122.0,29.0,0.7898550724637681,4787.525695599341,3781.4514552197693,27.401822139273687,Success,0.0,"{'node_level': {}, 'link_level': {}, 'path_level': {}}","{'node_level': {2: {'cpu': -50}, 0: {'cpu': -72}, 1: {'cpu': -55}}, 'link_level': {(0, 1): {'bw': -185}, (0, 2): {'bw': -77}, (1, 2): {'bw': -123}}, 'path_level': {(0, 1): {}, (0, 2): {}, (1, 2): {}}}","{'node_level': {2: {'cpu': 0}, 0: {'cpu': 0}, 1: {'cpu': 0}}, 'link_level': {(0, 1): {'bw': 0}, (0, 2): {'bw': 0}, (1, 2): {'bw': 0}}, 'path_level': {(0, 1): {}, (0, 2): {}, (1, 2): {}}}",[],-inf,-inf,True,True,False,0,[],0,0.0,3.0,3.0
124,99,12,24794.0,46612.0,9527983.494480785,18959812.756224558,0.5319231099287737,0.5025357379308887,29,233,1,3073.0,10648,2048,8600,0.21472392638036808,0.3711151736745887,123,835.049353068204,3073.0,7,11,True,"{3: np.int64(22), 4: np.int64(21), 2: np.int64(3), 1: np.int64(23), 0: np.int64(13), 5: np.int64(14), 6: np.int64(15)}","{(0, 2): [(np.int64(13), 3)], (0, 4): [(np.int64(13), 3), (3, np.int64(21))], (1, 3): [(np.int64(23), 21), (21, np.int64(22))], (1, 4): [(np.int64(23), 21)], (1, 6): [(np.int64(23), 20), (20, 0), (0, 12), (12, np.int64(15))], (2, 3): [(np.int64(3), 21), (21, np.int64(22))], (2, 4): [(np.int64(3), 21)], (3, 4): [(np.int64(22), 21)], (3, 5): [(np.int64(22), 20), (20, 0), (0, 12), (12, np.int64(14))], (3, 6): [(np.int64(22), 21), (21, 2), (2, 13), (13, np.int64(15))], (4, 5): [(np.int64(21), 2), (2, 13), (13, np.int64(14))]}","{(3, np.int64(22)): {'cpu': 12}, (4, np.int64(21)): {'cpu': 10}, (2, np.int64(3)): {'cpu': 15}, (1, np.int64(23)): {'cpu': 8}, (0, np.int64(13)): {'cpu': 5}, (5, np.int64(14)): {'cpu': 1}, (6, np.int64(15)): {'cpu': 0}}","{((0, 2), (np.int64(13), 3)): {'bw': 0}, ((0, 4), (np.int64(13), 3)): {'bw': 49}, ((0, 4), (3, np.int64(21))): {'bw': 49}, ((1, 3), (np.int64(23), 21)): {'bw': 37}, ((1, 3), (21, np.int64(22))): {'bw': 37}, ((1, 4), (np.int64(23), 21)): {'bw': 40}, ((1, 6), (np.int64(23), 20)): {'bw': 5}, ((1, 6), (20, 0)): {'bw': 5}, ((1, 6), (0, 12)): {'bw': 5}, ((1, 6), (12, np.int64(15))): {'bw': 5}, ((2, 3), (np.int64(3), 21)): {'bw': 50}, ((2, 3), (21, np.int64(22))): {'bw': 50}, ((2, 4), (np.int64(3), 21)): {'bw': 47}, ((3, 4), (np.int64(22), 21)): {'bw': 18}, ((3, 5), (np.int64(22), 20)): {'bw': 37}, ((3, 5), (20, 0)): {'bw': 37}, ((3, 5), (0, 12)): {'bw': 37}, ((3, 5), (12, np.int64(14))): {'bw': 37}, ((3, 6), (np.int64(22), 21)): {'bw': 4}, ((3, 6), (21, 2)): {'bw': 4}, ((3, 6), (2, 13)): {'bw': 4}, ((3, 6), (13, np.int64(15))): {'bw': 4}, ((4, 5), (np.int64(21), 2)): {'bw': 3}, ((4, 5), (2, 13)): {'bw': 3}, ((4, 5), (13, np.int64(14))): {'bw': 3}}",621.0,341.0,102.0,51.0,290.0,51.0,290.0,51.0,570.0,280.0,0.5491143317230274,518565.6482553547,284751.8293962576,458.5375674657932,Success,0.0,"{'node_level': {}, 'link_level': {}, 'path_level': {}}","{'node_level': {3: {'cpu': -54}, 4: {'cpu': -23}, 2: {'cpu': -27}, 1: {'cpu': -31}, 0: {'cpu': -67}, 5: {'cpu': -54}, 6: {'cpu': -50}}, 'link_level': {(0, 2): {'bw': -240}, (0, 4): {'bw': -191}, (1, 3): {'bw': -123}, (1, 4): {'bw': -261}, (1, 6): {'bw': -30}, (2, 3): {'bw': -73}, (2, 4): {'bw': -171}, (3, 4): {'bw': -55}, (3, 5): {'bw': 0}, (3, 6): {'bw': -43}, (4, 5): {'bw': -40}}, 'path_level': {(0, 2): {}, (0, 4): {}, (1, 3): {}, (1, 4): {}, (1, 6): {}, (2, 3): {}, (2, 4): {}, (3, 4): {}, (3, 5): {}, (3, 6): {}, (4, 5): {}}}","{'node_level': {3: {'cpu': 0}, 4: {'cpu': 0}, 2: {'cpu': 0}, 1: {'cpu': 0}, 0: {'cpu': 0}, 5: {'cpu': 0}, 6: {'cpu': 0}}, 'link_level': {(0, 2): {'bw': 0}, (0, 4): {'bw': 0}, (1, 3): {'bw': 0}, (1, 4): {'bw': 0}, (1, 6): {'bw': 0}, (2, 3): {'bw': 0}, (2, 4): {'bw': 0}, (3, 4): {'bw': 0}, (3, 5): {'bw': 0}, (3, 6): {'bw': 0}, (4, 5): {'bw': 0}}, 'path_level': {(0, 2): {}, (0, 4): {}, (1, 3): {}, (1, 4): {}, (1, 6): {}, (2, 3): {}, (2, 4): {}, (3, 4): {}, (3, 5): {}, (3, 6): {}, (4, 5): {}}}",[],-inf,-inf,True,True,False,0,[],0,0.0,7.0,11.0
124,99,11,24794.0,46612.0,9527983.494480785,18959812.756224558,0.5319231099287737,0.5025357379308887,29,234,0,3086.6922151855024,10786,2064,8722,0.20858895705521474,0.3621937842778793,122,34.69221518550247,3052.0,3,3,False,{},{},{},{},0.0,0.0,0.0,0.0,0.0,0.0,0.0,0.0,0.0,0.0,0.0,0.0,0.0,0.0,Leave Event,0.0,"{'node_level': {}, 'link_level': {}, 'path_level': {}}","{'node_level': {}, 'link_level': {}, 'path_level': {}}","{'node_level': {}, 'link_level': {}, 'path_level': {}}",[],-inf,-inf,True,True,False,0,[],0,0.0,,
125,100,12,25169.0,47216.0,9717621.015159892,19265255.589531705,0.5330608268383599,0.5044117359356615,29,235,1,3101.0,10182,2018,8164,0.22622699386503065,0.40299817184643505,124,505.7000551442834,3101.0,6,10,True,"{5: np.int64(15), 2: np.int64(13), 1: np.int64(14), 0: np.int64(12), 4: np.int64(18), 3: np.int64(1)}","{(0, 2): [(np.int64(12), 14), (14, np.int64(13))], (0, 4): [(np.int64(12), 15), (15, np.int64(18))], (0, 5): [(np.int64(12), 15)], (1, 2): [(np.int64(14), 13)], (1, 4): [(np.int64(14), 12), (12, 15), (15, np.int64(18))], (1, 5): [(np.int64(14), 12), (12, np.int64(15))], (2, 3): [(np.int64(13), 14), (14, 12), (12, np.int64(1))], (2, 4): [(np.int64(13), 15), (15, np.int64(18))], (3, 4): [(np.int64(1), 12), (12, 15), (15, np.int64(18))], (4, 5): [(np.int64(18), 15)]}","{(5, np.int64(15)): {'cpu': 17}, (2, np.int64(13)): {'cpu': 10}, (1, np.int64(14)): {'cpu': 11}, (0, np.int64(12)): {'cpu': 2}, (4, np.int64(18)): {'cpu': 1}, (3, np.int64(1)): {'cpu': 5}}","{((0, 2), (np.int64(12), 14)): {'bw': 44}, ((0, 2), (14, np.int64(13))): {'bw': 44}, ((0, 4), (np.int64(12), 15)): {'bw': 41}, ((0, 4), (15, np.int64(18))): {'bw': 41}, ((0, 5), (np.int64(12), 15)): {'bw': 50}, ((1, 2), (np.int64(14), 13)): {'bw': 48}, ((1, 4), (np.int64(14), 12)): {'bw': 4}, ((1, 4), (12, 15)): {'bw': 4}, ((1, 4), (15, np.int64(18))): {'bw': 4}, ((1, 5), (np.int64(14), 12)): {'bw': 50}, ((1, 5), (12, np.int64(15))): {'bw': 50}, ((2, 3), (np.int64(13), 14)): {'bw': 14}, ((2, 3), (14, 12)): {'bw': 14}, ((2, 3), (12, np.int64(1))): {'bw': 14}, ((2, 4), (np.int64(13), 15)): {'bw': 38}, ((2, 4), (15, np.int64(18))): {'bw': 38}, ((3, 4), (np.int64(1), 12)): {'bw': 10}, ((3, 4), (12, 15)): {'bw': 10}, ((3, 4), (15, np.int64(18))): {'bw': 10}, ((4, 5), (np.int64(18), 15)): {'bw': 30}}",604.0,375.0,92.0,46.0,329.0,46.0,329.0,46.0,558.0,229.0,0.6208609271523179,305442.83330714714,189637.52067910627,313.9694050978581,Success,0.0,"{'node_level': {}, 'link_level': {}, 'path_level': {}}","{'node_level': {5: {'cpu': -43}, 2: {'cpu': -62}, 1: {'cpu': -44}, 0: {'cpu': -55}, 4: {'cpu': -86}, 3: {'cpu': -40}}, 'link_level': {(0, 2): {'bw': -71}, (0, 4): {'bw': -166}, (0, 5): {'bw': -116}, (1, 2): {'bw': -109}, (1, 4): {'bw': -67}, (1, 5): {'bw': -17}, (2, 3): {'bw': -3}, (2, 4): {'bw': -80}, (3, 4): {'bw': -52}, (4, 5): {'bw': -186}}, 'path_level': {(0, 2): {}, (0, 4): {}, (0, 5): {}, (1, 2): {}, (1, 4): {}, (1, 5): {}, (2, 3): {}, (2, 4): {}, (3, 4): {}, (4, 5): {}}}","{'node_level': {5: {'cpu': 0}, 2: {'cpu': 0}, 1: {'cpu': 0}, 0: {'cpu': 0}, 4: {'cpu': 0}, 3: {'cpu': 0}}, 'link_level': {(0, 2): {'bw': 0}, (0, 4): {'bw': 0}, (0, 5): {'bw': 0}, (1, 2): {'bw': 0}, (1, 4): {'bw': 0}, (1, 5): {'bw': 0}, (2, 3): {'bw': 0}, (2, 4): {'bw': 0}, (3, 4): {'bw': 0}, (4, 5): {'bw': 0}}, 'path_level': {(0, 2): {}, (0, 4): {}, (0, 5): {}, (1, 2): {}, (1, 4): {}, (1, 5): {}, (2, 3): {}, (2, 4): {}, (3, 4): {}, (4, 5): {}}}",[],-inf,-inf,True,True,False,0,[],0,0.0,6.0,10.0
125,100,11,25169.0,47216.0,9717621.015159892,19265255.589531705,0.5330608268383599,0.5044117359356615,29,236,0,3101.896971974169,11892,2109,9783,0.1913343558282209,0.2846069469835466,92,778.8969719741689,2323.0,10,25,False,{},{},{},{},0.0,0.0,0.0,0.0,0.0,0.0,0.0,0.0,0.0,0.0,0.0,0.0,0.0,0.0,Leave Event,0.0,"{'node_level': {}, 'link_level': {}, 'path_level': {}}","{'node_level': {}, 'link_level': {}, 'path_level': {}}","{'node_level': {}, 'link_level': {}, 'path_level': {}}",[],-inf,-inf,True,True,False,0,[],0,0.0,,
126,101,12,25214.0,47261.0,9750969.312895078,19298603.88726689,0.5335054273079283,0.5052681204223645,29,237,1,3129.0,11847,2102,9745,0.1940184049079755,0.2873857404021938,125,741.0732830041238,3129.0,2,1,True,"{0: np.int64(30), 1: np.int64(28)}","{(0, 1): [(np.int64(30), 28)]}","{(0, np.int64(30)): {'cpu': 7}, (1, np.int64(28)): {'cpu': 0}}","{((0, 1), (np.int64(30), 28)): {'bw': 38}}",45.0,45.0,14.0,7.0,38.0,7.0,38.0,7.0,38.0,0.0,1.0,33348.29773518557,33348.29773518557,741.0732830041238,Success,0.0,"{'node_level': {}, 'link_level': {}, 'path_level': {}}","{'node_level': {0: {'cpu': -49}, 1: {'cpu': -59}}, 'link_level': {(0, 1): {'bw': -265}}, 'path_level': {(0, 1): {}}}","{'node_level': {0: {'cpu': 0}, 1: {'cpu': 0}}, 'link_level': {(0, 1): {'bw': 0}}, 'path_level': {(0, 1): {}}}",[],-inf,-inf,True,True,False,0,[],0,0.0,2.0,1.0
126,101,11,25214.0,47261.0,9750969.312895078,19298603.88726689,0.5335054273079283,0.5052681204223645,29,238,0,3144.2994266466994,11862,2108,9754,0.19171779141104295,0.28672760511883,64,1498.2994266466997,1646.0,2,1,False,{},{},{},{},0.0,0.0,0.0,0.0,0.0,0.0,0.0,0.0,0.0,0.0,0.0,0.0,0.0,0.0,Leave Event,0.0,"{'node_level': {}, 'link_level': {}, 'path_level': {}}","{'node_level': {}, 'link_level': {}, 'path_level': {}}","{'node_level': {}, 'link_level': {}, 'path_level': {}}",[],-inf,-inf,True,True,False,0,[],0,0.0,,
127,102,12,25757.0,48428.0,10083039.585857095,20012279.77777642,0.5318617328818039,0.5038426255190717,29,239,1,3146.0,10695,2032,8663,0.22085889570552142,0.366508226691042,126,611.5474640184489,3146.0,9,17,True,"{2: np.int64(30), 4: np.int64(28), 8: np.int64(31), 1: np.int64(0), 7: np.int64(29), 0: np.int64(1), 5: np.int64(22), 3: np.int64(13), 6: np.int64(15)}","{(0, 5): [(np.int64(1), 20), (20, np.int64(22))], (0, 6): [(np.int64(1), 12), (12, np.int64(15))], (0, 7): [(np.int64(1), 28), (28, 30), (30, np.int64(29))], (0, 8): [(np.int64(1), 28), (28, np.int64(31))], (1, 2): [(np.int64(0), 28), (28, np.int64(30))], (1, 4): [(np.int64(0), 28)], (1, 6): [(np.int64(0), 12), (12, np.int64(15))], (2, 3): [(np.int64(30), 29), (29, 2), (2, np.int64(13))], (2, 4): [(np.int64(30), 28)], (2, 5): [(np.int64(30), 28), (28, 0), (0, 20), (20, np.int64(22))], (2, 6): [(np.int64(30), 28), (28, 0), (0, 12), (12, np.int64(15))], (2, 7): [(np.int64(30), 29)], (3, 4): [(np.int64(13), 14), (14, 12), (12, 0), (0, np.int64(28))], (3, 6): [(np.int64(13), 15)], (4, 5): [(np.int64(28), 0), (0, 20), (20, np.int64(22))], (5, 7): [(np.int64(22), 21), (21, 2), (2, np.int64(29))], (6, 8): [(np.int64(15), 12), (12, 0), (0, 28), (28, np.int64(31))]}","{(2, np.int64(30)): {'cpu': 15}, (4, np.int64(28)): {'cpu': 17}, (8, np.int64(31)): {'cpu': 14}, (1, np.int64(0)): {'cpu': 9}, (7, np.int64(29)): {'cpu': 9}, (0, np.int64(1)): {'cpu': 6}, (5, np.int64(22)): {'cpu': 6}, (3, np.int64(13)): {'cpu': 0}, (6, np.int64(15)): {'cpu': 0}}","{((0, 5), (np.int64(1), 20)): {'bw': 19}, ((0, 5), (20, np.int64(22))): {'bw': 19}, ((0, 6), (np.int64(1), 12)): {'bw': 28}, ((0, 6), (12, np.int64(15))): {'bw': 28}, ((0, 7), (np.int64(1), 28)): {'bw': 14}, ((0, 7), (28, 30)): {'bw': 14}, ((0, 7), (30, np.int64(29))): {'bw': 14}, ((0, 8), (np.int64(1), 28)): {'bw': 41}, ((0, 8), (28, np.int64(31))): {'bw': 41}, ((1, 2), (np.int64(0), 28)): {'bw': 39}, ((1, 2), (28, np.int64(30))): {'bw': 39}, ((1, 4), (np.int64(0), 28)): {'bw': 28}, ((1, 6), (np.int64(0), 12)): {'bw': 24}, ((1, 6), (12, np.int64(15))): {'bw': 24}, ((2, 3), (np.int64(30), 29)): {'bw': 46}, ((2, 3), (29, 2)): {'bw': 46}, ((2, 3), (2, np.int64(13))): {'bw': 46}, ((2, 4), (np.int64(30), 28)): {'bw': 25}, ((2, 5), (np.int64(30), 28)): {'bw': 10}, ((2, 5), (28, 0)): {'bw': 10}, ((2, 5), (0, 20)): {'bw': 10}, ((2, 5), (20, np.int64(22))): {'bw': 10}, ((2, 6), (np.int64(30), 28)): {'bw': 5}, ((2, 6), (28, 0)): {'bw': 5}, ((2, 6), (0, 12)): {'bw': 5}, ((2, 6), (12, np.int64(15))): {'bw': 5}, ((2, 7), (np.int64(30), 29)): {'bw': 15}, ((3, 4), (np.int64(13), 14)): {'bw': 35}, ((3, 4), (14, 12)): {'bw': 35}, ((3, 4), (12, 0)): {'bw': 35}, ((3, 4), (0, np.int64(28))): {'bw': 35}, ((3, 6), (np.int64(13), 15)): {'bw': 46}, ((4, 5), (np.int64(28), 0)): {'bw': 29}, ((4, 5), (0, 20)): {'bw': 29}, ((4, 5), (20, np.int64(22))): {'bw': 29}, ((5, 7), (np.int64(22), 21)): {'bw': 44}, ((5, 7), (21, 2)): {'bw': 44}, ((5, 7), (2, np.int64(29))): {'bw': 44}, ((6, 8), (np.int64(15), 12)): {'bw': 19}, ((6, 8), (12, 0)): {'bw': 19}, ((6, 8), (0, 28)): {'bw': 19}, ((6, 8), (28, np.int64(31))): {'bw': 19}}",1167.0,543.0,152.0,76.0,467.0,76.0,467.0,76.0,1091.0,624.0,0.4652956298200514,713675.8905095299,332070.27296201774,284.5503624353194,Success,0.0,"{'node_level': {}, 'link_level': {}, 'path_level': {}}","{'node_level': {2: {'cpu': -38}, 4: {'cpu': -42}, 8: {'cpu': -51}, 1: {'cpu': -63}, 7: {'cpu': -41}, 0: {'cpu': -42}, 5: {'cpu': -61}, 3: {'cpu': -65}, 6: {'cpu': -54}}, 'link_level': {(0, 5): {'bw': -68}, (0, 6): {'bw': -55}, (0, 7): {'bw': -156}, (0, 8): {'bw': -67}, (1, 2): {'bw': -208}, (1, 4): {'bw': -180}, (1, 6): {'bw': -31}, (2, 3): {'bw': -79}, (2, 4): {'bw': -187}, (2, 5): {'bw': -57}, (2, 6): {'bw': -26}, (2, 7): {'bw': -95}, (3, 4): {'bw': -40}, (3, 6): {'bw': -74}, (4, 5): {'bw': -28}, (5, 7): {'bw': -14}, (6, 8): {'bw': -7}}, 'path_level': {(0, 5): {}, (0, 6): {}, (0, 7): {}, (0, 8): {}, (1, 2): {}, (1, 4): {}, (1, 6): {}, (2, 3): {}, (2, 4): {}, (2, 5): {}, (2, 6): {}, (2, 7): {}, (3, 4): {}, (3, 6): {}, (4, 5): {}, (5, 7): {}, (6, 8): {}}}","{'node_level': {2: {'cpu': 0}, 4: {'cpu': 0}, 8: {'cpu': 0}, 1: {'cpu': 0}, 7: {'cpu': 0}, 0: {'cpu': 0}, 5: {'cpu': 0}, 3: {'cpu': 0}, 6: {'cpu': 0}}, 'link_level': {(0, 5): {'bw': 0}, (0, 6): {'bw': 0}, (0, 7): {'bw': 0}, (0, 8): {'bw': 0}, (1, 2): {'bw': 0}, (1, 4): {'bw': 0}, (1, 6): {'bw': 0}, (2, 3): {'bw': 0}, (2, 4): {'bw': 0}, (2, 5): {'bw': 0}, (2, 6): {'bw': 0}, (2, 7): {'bw': 0}, (3, 4): {'bw': 0}, (3, 6): {'bw': 0}, (4, 5): {'bw': 0}, (5, 7): {'bw': 0}, (6, 8): {'bw': 0}}, 'path_level': {(0, 5): {}, (0, 6): {}, (0, 7): {}, (0, 8): {}, (1, 2): {}, (1, 4): {}, (1, 6): {}, (2, 3): {}, (2, 4): {}, (2, 5): {}, (2, 6): {}, (2, 7): {}, (3, 4): {}, (3, 6): {}, (4, 5): {}, (5, 7): {}, (6, 8): {}}}",[],-inf,-inf,True,True,False,0,[],0,0.0,9.0,17.0
127,102,12,25757.0,48428.0,10083039.585857095,20012279.77777642,0.5318617328818039,0.5038426255190717,29,240,0,3162.484586826813,10695,2032,8663,0.22085889570552142,0.366508226691042,112,364.48458682681286,2798.0,8,12,False,{},{},{},{},0.0,0.0,0.0,0.0,0.0,0.0,0.0,0.0,0.0,0.0,0.0,0.0,0.0,0.0,Leave Event,0.0,"{'node_level': {}, 'link_level': {}, 'path_level': {}}","{'node_level': {}, 'link_level': {}, 'path_level': {}}","{'node_level': {}, 'link_level': {}, 'path_level': {}}",[],-inf,-inf,True,True,False,0,[],0,0.0,,
128,102,12,25757.0,48428.0,10083039.585857095,20012279.77777642,0.5318617328818039,0.5038426255190717,29,241,1,3179.0,10695,2032,8663,0.22085889570552142,0.366508226691042,127,136.04277738700898,3179.0,10,14,False,"{5: np.int64(31), 0: np.int64(29), 2: np.int64(30), 8: np.int64(3), 9: np.int64(32), 6: np.int64(33), 7: np.int64(13), 3: np.int64(5), 4: np.int64(22), 1: np.int64(7)}","{(0, 4): []}","{(5, np.int64(31)): {'cpu': 19}, (0, np.int64(29)): {'cpu': 19}, (2, np.int64(30)): {'cpu': 15}, (8, np.int64(3)): {'cpu': 17}, (9, np.int64(32)): {'cpu': 14}, (6, np.int64(33)): {'cpu': 12}, (7, np.int64(13)): {'cpu': 13}, (3, np.int64(5)): {'cpu': 12}, (4, np.int64(22)): {'cpu': 2}, (1, np.int64(7)): {'cpu': 10}}",{},0.0,0.0,266.0,133.0,372.0,0.0,0.0,0.0,0.0,0.0,0.0,0.0,0.0,0.0,Route Failure,14.0,"{'node_level': {}, 'link_level': {}, 'path_level': {}}","{'node_level': {5: {'cpu': -32}, 0: {'cpu': -22}, 2: {'cpu': -23}, 8: {'cpu': -15}, 9: {'cpu': -66}, 6: {'cpu': -70}, 7: {'cpu': -52}, 3: {'cpu': -22}, 4: {'cpu': -59}, 1: {'cpu': -21}}, 'link_level': {(0, 4): {'bw': 14}}, 'path_level': {(0, 4): {}}}","{'node_level': {5: {'cpu': 0}, 0: {'cpu': 0}, 2: {'cpu': 0}, 8: {'cpu': 0}, 9: {'cpu': 0}, 6: {'cpu': 0}, 7: {'cpu': 0}, 3: {'cpu': 0}, 4: {'cpu': 0}, 1: {'cpu': 0}}, 'link_level': {(0, 4): {'bw': 14}}, 'path_level': {(0, 4): {}}}",[],-inf,-inf,True,False,False,0,[],0,0.0,10.0,1.0
129,103,13,26041.0,49234.0,10089491.304559885,20030589.93719349,0.5289231019214364,0.5037041513103601,29,242,1,3199.0,9889,1983,7906,0.2396472392638037,0.4218647166361974,128,22.717319376017116,3199.0,7,11,True,"{5: np.int64(31), 4: np.int64(29), 3: np.int64(30), 1: np.int64(3), 6: np.int64(32), 0: np.int64(33), 2: np.int64(13)}","{(0, 3): [(np.int64(33), 30)], (0, 4): [(np.int64(33), 30), (30, 29)], (1, 3): [(np.int64(3), 29), (29, np.int64(30))], (1, 5): [(np.int64(3), 29), (29, np.int64(31))], (1, 6): [(np.int64(3), 29), (29, 30), (30, np.int64(32))], (2, 3): [(np.int64(13), 2), (2, 29), (29, np.int64(30))], (2, 4): [(np.int64(13), 2), (2, np.int64(29))], (2, 5): [(np.int64(13), 2), (2, 29), (29, np.int64(31))], (3, 5): [(np.int64(30), 28), (28, np.int64(31))], (4, 5): [(np.int64(29), 31)], (5, 6): [(np.int64(31), 29), (29, 3), (3, 5), (5, 6), (6, 4), (4, 0), (0, 28), (28, 30), (30, np.int64(32))]}","{(5, np.int64(31)): {'cpu': 15}, (4, np.int64(29)): {'cpu': 12}, (3, np.int64(30)): {'cpu': 6}, (1, np.int64(3)): {'cpu': 9}, (6, np.int64(32)): {'cpu': 3}, (0, np.int64(33)): {'cpu': 3}, (2, np.int64(13)): {'cpu': 1}}","{((0, 3), (np.int64(33), 30)): {'bw': 32}, ((0, 4), (np.int64(33), 30)): {'bw': 29}, ((0, 4), (30, 29)): {'bw': 29}, ((1, 3), (np.int64(3), 29)): {'bw': 5}, ((1, 3), (29, np.int64(30))): {'bw': 5}, ((1, 5), (np.int64(3), 29)): {'bw': 12}, ((1, 5), (29, np.int64(31))): {'bw': 12}, ((1, 6), (np.int64(3), 29)): {'bw': 26}, ((1, 6), (29, 30)): {'bw': 26}, ((1, 6), (30, np.int64(32))): {'bw': 26}, ((2, 3), (np.int64(13), 2)): {'bw': 15}, ((2, 3), (2, 29)): {'bw': 15}, ((2, 3), (29, np.int64(30))): {'bw': 15}, ((2, 4), (np.int64(13), 2)): {'bw': 10}, ((2, 4), (2, np.int64(29))): {'bw': 10}, ((2, 5), (np.int64(13), 2)): {'bw': 28}, ((2, 5), (2, 29)): {'bw': 28}, ((2, 5), (29, np.int64(31))): {'bw': 28}, ((3, 5), (np.int64(30), 28)): {'bw': 16}, ((3, 5), (28, np.int64(31))): {'bw': 16}, ((4, 5), (np.int64(29), 31)): {'bw': 23}, ((5, 6), (np.int64(31), 29)): {'bw': 39}, ((5, 6), (29, 3)): {'bw': 39}, ((5, 6), (3, 5)): {'bw': 39}, ((5, 6), (5, 6)): {'bw': 39}, ((5, 6), (6, 4)): {'bw': 39}, ((5, 6), (4, 0)): {'bw': 39}, ((5, 6), (0, 28)): {'bw': 39}, ((5, 6), (28, 30)): {'bw': 39}, ((5, 6), (30, np.int64(32))): {'bw': 39}}",806.0,284.0,98.0,49.0,235.0,49.0,235.0,49.0,757.0,522.0,0.3523573200992556,18310.159417069797,6451.718702788861,8.004613775172285,Success,0.0,"{'node_level': {}, 'link_level': {}, 'path_level': {}}","{'node_level': {5: {'cpu': -36}, 4: {'cpu': -29}, 3: {'cpu': -32}, 1: {'cpu': -23}, 6: {'cpu': -77}, 0: {'cpu': -79}, 2: {'cpu': -64}}, 'link_level': {(0, 3): {'bw': -294}, (0, 4): {'bw': -66}, (1, 3): {'bw': -61}, (1, 5): {'bw': -166}, (1, 6): {'bw': -35}, (2, 3): {'bw': -20}, (2, 4): {'bw': -54}, (2, 5): {'bw': -26}, (3, 5): {'bw': -32}, (4, 5): {'bw': -115}, (5, 6): {'bw': -43}}, 'path_level': {(0, 3): {}, (0, 4): {}, (1, 3): {}, (1, 5): {}, (1, 6): {}, (2, 3): {}, (2, 4): {}, (2, 5): {}, (3, 5): {}, (4, 5): {}, (5, 6): {}}}","{'node_level': {5: {'cpu': 0}, 4: {'cpu': 0}, 3: {'cpu': 0}, 1: {'cpu': 0}, 6: {'cpu': 0}, 0: {'cpu': 0}, 2: {'cpu': 0}}, 'link_level': {(0, 3): {'bw': 0}, (0, 4): {'bw': 0}, (1, 3): {'bw': 0}, (1, 5): {'bw': 0}, (1, 6): {'bw': 0}, (2, 3): {'bw': 0}, (2, 4): {'bw': 0}, (2, 5): {'bw': 0}, (3, 5): {'bw': 0}, (4, 5): {'bw': 0}, (5, 6): {'bw': 0}}, 'path_level': {(0, 3): {}, (0, 4): {}, (1, 3): {}, (1, 5): {}, (1, 6): {}, (2, 3): {}, (2, 4): {}, (2, 5): {}, (3, 5): {}, (4, 5): {}, (5, 6): {}}}",[],-inf,-inf,True,True,False,0,[],0,0.0,7.0,11.0
129,103,12,26041.0,49234.0,10089491.304559885,20030589.93719349,0.5289231019214364,0.5037041513103601,29,243,0,3199.096178805067,10050,2012,8038,0.2285276073619632,0.4122120658135283,105,577.0961788050674,2622.0,4,3,False,{},{},{},{},0.0,0.0,0.0,0.0,0.0,0.0,0.0,0.0,0.0,0.0,0.0,0.0,0.0,0.0,Leave Event,0.0,"{'node_level': {}, 'link_level': {}, 'path_level': {}}","{'node_level': {}, 'link_level': {}, 'path_level': {}}","{'node_level': {}, 'link_level': {}, 'path_level': {}}",[],-inf,-inf,True,True,False,0,[],0,0.0,,
129,103,12,26041.0,49234.0,10089491.304559885,20030589.93719349,0.5289231019214364,0.5037041513103601,29,244,0,3207.010502376811,10050,2012,8038,0.2285276073619632,0.4122120658135283,66,1527.0105023768108,1680.0,9,19,False,{},{},{},{},0.0,0.0,0.0,0.0,0.0,0.0,0.0,0.0,0.0,0.0,0.0,0.0,0.0,0.0,Leave Event,0.0,"{'node_level': {}, 'link_level': {}, 'path_level': {}}","{'node_level': {}, 'link_level': {}, 'path_level': {}}","{'node_level': {}, 'link_level': {}, 'path_level': {}}",[],-inf,-inf,True,True,False,0,[],0,0.0,,
129,103,11,26041.0,49234.0,10089491.304559885,20030589.93719349,0.5289231019214364,0.5037041513103601,29,245,0,3207.6958394840694,10154,2057,8097,0.21127300613496935,0.4078976234003656,59,1686.6958394840692,1521.0,4,3,False,{},{},{},{},0.0,0.0,0.0,0.0,0.0,0.0,0.0,0.0,0.0,0.0,0.0,0.0,0.0,0.0,Leave Event,0.0,"{'node_level': {}, 'link_level': {}, 'path_level': {}}","{'node_level': {}, 'link_level': {}, 'path_level': {}}","{'node_level': {}, 'link_level': {}, 'path_level': {}}",[],-inf,-inf,True,True,False,0,[],0,0.0,,
130,103,11,26041.0,49234.0,10089491.304559885,20030589.93719349,0.5289231019214364,0.5037041513103601,29,246,1,3217.0,10154,2057,8097,0.21127300613496935,0.4078976234003656,129,165.09781486553914,3217.0,9,16,False,"{8: np.int64(31), 0: np.int64(28), 7: np.int64(30), 1: np.int64(0), 5: np.int64(1), 4: np.int64(22), 2: np.int64(7), 3: np.int64(4), 6: np.int64(6)}","{(0, 1): [(np.int64(28), 1), (1, 4), (4, np.int64(0))], (0, 3): [(np.int64(28), 0), (0, np.int64(4))], (0, 4): []}","{(8, np.int64(31)): {'cpu': 17}, (0, np.int64(28)): {'cpu': 15}, (7, np.int64(30)): {'cpu': 17}, (1, np.int64(0)): {'cpu': 11}, (5, np.int64(1)): {'cpu': 16}, (4, np.int64(22)): {'cpu': 7}, (2, np.int64(7)): {'cpu': 4}, (3, np.int64(4)): {'cpu': 12}, (6, np.int64(6)): {'cpu': 5}}","{((0, 1), (np.int64(28), 1)): {'bw': 49}, ((0, 1), (1, 4)): {'bw': 49}, ((0, 1), (4, np.int64(0))): {'bw': 49}, ((0, 3), (np.int64(28), 0)): {'bw': 14}, ((0, 3), (0, np.int64(4))): {'bw': 14}}",0.0,0.0,208.0,104.0,359.0,0.0,0.0,0.0,0.0,0.0,0.0,0.0,0.0,0.0,Route Failure,33.0,"{'node_level': {}, 'link_level': {}, 'path_level': {}}","{'node_level': {8: {'cpu': -41}, 0: {'cpu': -41}, 7: {'cpu': -36}, 1: {'cpu': -59}, 5: {'cpu': -26}, 4: {'cpu': -54}, 2: {'cpu': -27}, 3: {'cpu': -29}, 6: {'cpu': -31}}, 'link_level': {(0, 1): {'bw': -7}, (0, 3): {'bw': -34}, (0, 4): {'bw': 26}}, 'path_level': {(0, 1): {}, (0, 3): {}, (0, 4): {}}}","{'node_level': {8: {'cpu': 0}, 0: {'cpu': 0}, 7: {'cpu': 0}, 1: {'cpu': 0}, 5: {'cpu': 0}, 4: {'cpu': 0}, 2: {'cpu': 0}, 3: {'cpu': 0}, 6: {'cpu': 0}}, 'link_level': {(0, 1): {'bw': 0}, (0, 3): {'bw': 0}, (0, 4): {'bw': 33}}, 'path_level': {(0, 1): {}, (0, 3): {}, (0, 4): {}}}",[],-inf,-inf,True,False,False,0,[],0,0.0,9.0,3.0
130,103,10,26041.0,49234.0,10089491.304559885,20030589.93719349,0.5289231019214364,0.5037041513103601,29,247,0,3221.7173193760173,10960,2106,8854,0.19248466257668717,0.3525411334552102,128,22.717319376017116,3199.0,7,11,False,{},{},{},{},0.0,0.0,0.0,0.0,0.0,0.0,0.0,0.0,0.0,0.0,0.0,0.0,0.0,0.0,Leave Event,0.0,"{'node_level': {}, 'link_level': {}, 'path_level': {}}","{'node_level': {}, 'link_level': {}, 'path_level': {}}","{'node_level': {}, 'link_level': {}, 'path_level': {}}",[],-inf,-inf,True,True,False,0,[],0,0.0,,
131,104,11,26096.0,49289.0,10144577.78420429,20085676.416837897,0.529448761386922,0.5050652800370742,29,248,1,3253.0,10905,2098,8807,0.19555214723926384,0.35597806215722116,130,1001.5723571710075,3253.0,2,1,True,"{0: np.int64(31), 1: np.int64(28)}","{(0, 1): [(np.int64(31), 28)]}","{(0, np.int64(31)): {'cpu': 6}, (1, np.int64(28)): {'cpu': 2}}","{((0, 1), (np.int64(31), 28)): {'bw': 47}}",55.0,55.0,16.0,8.0,47.0,8.0,47.0,8.0,47.0,0.0,1.0,55086.479644405415,55086.479644405415,1001.5723571710075,Success,0.0,"{'node_level': {}, 'link_level': {}, 'path_level': {}}","{'node_level': {0: {'cpu': -67}, 1: {'cpu': -54}}, 'link_level': {(0, 1): {'bw': -81}}, 'path_level': {(0, 1): {}}}","{'node_level': {0: {'cpu': 0}, 1: {'cpu': 0}}, 'link_level': {(0, 1): {'bw': 0}}, 'path_level': {(0, 1): {}}}",[],-inf,-inf,True,True,False,0,[],0,0.0,2.0,1.0
131,104,10,26096.0,49289.0,10144577.78420429,20085676.416837897,0.529448761386922,0.5050652800370742,29,249,0,3264.0471188901165,11339,2171,9168,0.16756134969325154,0.3295795246800731,115,389.0471188901165,2875.0,6,9,False,{},{},{},{},0.0,0.0,0.0,0.0,0.0,0.0,0.0,0.0,0.0,0.0,0.0,0.0,0.0,0.0,Leave Event,0.0,"{'node_level': {}, 'link_level': {}, 'path_level': {}}","{'node_level': {}, 'link_level': {}, 'path_level': {}}","{'node_level': {}, 'link_level': {}, 'path_level': {}}",[],-inf,-inf,True,True,False,0,[],0,0.0,,
132,105,11,26223.0,49442.0,10149399.640449401,20091485.424755238,0.5303790299745156,0.5051592466102115,29,250,1,3277.0,11186,2116,9070,0.18865030674846628,0.336745886654479,131,37.9673720087531,3277.0,5,5,True,"{1: np.int64(30), 3: np.int64(29), 0: np.int64(31), 2: np.int64(3), 4: np.int64(13)}","{(0, 3): [(np.int64(31), 29)], (1, 2): [(np.int64(30), 29), (29, np.int64(3))], (1, 3): [(np.int64(30), 29)], (2, 3): [(np.int64(3), 29)], (2, 4): [(np.int64(3), 13)]}","{(1, np.int64(30)): {'cpu': 10}, (3, np.int64(29)): {'cpu': 10}, (0, np.int64(31)): {'cpu': 13}, (2, np.int64(3)): {'cpu': 3}, (4, np.int64(13)): {'cpu': 19}}","{((0, 3), (np.int64(31), 29)): {'bw': 11}, ((1, 2), (np.int64(30), 29)): {'bw': 26}, ((1, 2), (29, np.int64(3))): {'bw': 26}, ((1, 3), (np.int64(30), 29)): {'bw': 23}, ((2, 3), (np.int64(3), 29)): {'bw': 10}, ((2, 4), (np.int64(3), 13)): {'bw': 2}}",153.0,127.0,110.0,55.0,72.0,55.0,72.0,55.0,98.0,26.0,0.8300653594771242,5809.007917339225,4821.856245111644,31.51540029484735,Success,0.0,"{'node_level': {}, 'link_level': {}, 'path_level': {}}","{'node_level': {1: {'cpu': -49}, 3: {'cpu': -39}, 0: {'cpu': -54}, 2: {'cpu': -38}, 4: {'cpu': -61}}, 'link_level': {(0, 3): {'bw': -167}, (1, 2): {'bw': -82}, (1, 3): {'bw': -59}, (2, 3): {'bw': -194}, (2, 4): {'bw': -270}}, 'path_level': {(0, 3): {}, (1, 2): {}, (1, 3): {}, (2, 3): {}, (2, 4): {}}}","{'node_level': {1: {'cpu': 0}, 3: {'cpu': 0}, 0: {'cpu': 0}, 2: {'cpu': 0}, 4: {'cpu': 0}}, 'link_level': {(0, 3): {'bw': 0}, (1, 2): {'bw': 0}, (1, 3): {'bw': 0}, (2, 3): {'bw': 0}, (2, 4): {'bw': 0}}, 'path_level': {(0, 3): {}, (1, 2): {}, (1, 3): {}, (2, 3): {}, (2, 4): {}}}",[],-inf,-inf,True,True,False,0,[],0,0.0,5.0,5.0
132,105,10,26223.0,49442.0,10149399.640449401,20091485.424755238,0.5303790299745156,0.5051592466102115,29,251,0,3293.3208491999194,11247,2142,9105,0.17868098159509205,0.3341864716636197,120,293.3208491999194,3000.0,3,2,False,{},{},{},{},0.0,0.0,0.0,0.0,0.0,0.0,0.0,0.0,0.0,0.0,0.0,0.0,0.0,0.0,Leave Event,0.0,"{'node_level': {}, 'link_level': {}, 'path_level': {}}","{'node_level': {}, 'link_level': {}, 'path_level': {}}","{'node_level': {}, 'link_level': {}, 'path_level': {}}",[],-inf,-inf,True,True,False,0,[],0,0.0,,
133,106,11,26340.0,49559.0,10212567.138860526,20154652.923166364,0.531487721705442,0.506710146673967,29,252,1,3303.0,11130,2092,9038,0.1978527607361963,0.33908592321755027,132,539.8931488130315,3303.0,3,2,True,"{1: np.int64(30), 2: np.int64(32), 0: np.int64(28)}","{(0, 1): [(np.int64(28), 30)], (1, 2): [(np.int64(30), 32)]}","{(1, np.int64(30)): {'cpu': 20}, (2, np.int64(32)): {'cpu': 17}, (0, np.int64(28)): {'cpu': 13}}","{((0, 1), (np.int64(28), 30)): {'bw': 36}, ((1, 2), (np.int64(30), 32)): {'bw': 31}}",117.0,117.0,100.0,50.0,67.0,50.0,67.0,50.0,67.0,0.0,1.0,63167.49841112469,63167.49841112469,539.8931488130315,Success,0.0,"{'node_level': {}, 'link_level': {}, 'path_level': {}}","{'node_level': {1: {'cpu': -29}, 2: {'cpu': -63}, 0: {'cpu': -41}}, 'link_level': {(0, 1): {'bw': -186}, (1, 2): {'bw': -364}}, 'path_level': {(0, 1): {}, (1, 2): {}}}","{'node_level': {1: {'cpu': 0}, 2: {'cpu': 0}, 0: {'cpu': 0}}, 'link_level': {(0, 1): {'bw': 0}, (1, 2): {'bw': 0}}, 'path_level': {(0, 1): {}, (1, 2): {}}}",[],-inf,-inf,True,True,False,0,[],0,0.0,3.0,2.0
133,106,10,26340.0,49559.0,10212567.138860526,20154652.923166364,0.531487721705442,0.506710146673967,29,253,0,3314.967372008753,11283,2147,9136,0.17676380368098155,0.3319195612431445,131,37.9673720087531,3277.0,5,5,False,{},{},{},{},0.0,0.0,0.0,0.0,0.0,0.0,0.0,0.0,0.0,0.0,0.0,0.0,0.0,0.0,Leave Event,0.0,"{'node_level': {}, 'link_level': {}, 'path_level': {}}","{'node_level': {}, 'link_level': {}, 'path_level': {}}","{'node_level': {}, 'link_level': {}, 'path_level': {}}",[],-inf,-inf,True,True,False,0,[],0,0.0,,
133,106,10,26340.0,49559.0,10212567.138860526,20154652.923166364,0.531487721705442,0.506710146673967,29,254,0,3315.0427773870088,11283,2147,9136,0.17676380368098155,0.3319195612431445,127,136.04277738700898,3179.0,10,14,False,{},{},{},{},0.0,0.0,0.0,0.0,0.0,0.0,0.0,0.0,0.0,0.0,0.0,0.0,0.0,0.0,Leave Event,0.0,"{'node_level': {}, 'link_level': {}, 'path_level': {}}","{'node_level': {}, 'link_level': {}, 'path_level': {}}","{'node_level': {}, 'link_level': {}, 'path_level': {}}",[],-inf,-inf,True,True,False,0,[],0,0.0,,
134,107,11,26588.0,49933.0,10238295.890778229,20193453.54097774,0.5324735145094427,0.5070106443160938,29,255,1,3326.0,10909,2098,8811,0.19555214723926384,0.3556855575868373,133,103.74496741009307,3326.0,6,10,True,"{5: np.int64(13), 0: np.int64(3), 3: np.int64(5), 1: np.int64(2), 2: np.int64(29), 4: np.int64(31)}","{(0, 1): [(np.int64(3), 5), (5, np.int64(2))], (0, 3): [(np.int64(3), 5)], (0, 5): [(np.int64(3), 13)], (1, 2): [(np.int64(2), 29)], (1, 4): [(np.int64(2), 29), (29, np.int64(31))], (2, 3): [(np.int64(29), 2), (2, np.int64(5))], (2, 4): [(np.int64(29), 31)], (2, 5): [(np.int64(29), 2), (2, np.int64(13))], (3, 5): [(np.int64(5), 2), (2, np.int64(13))], (4, 5): [(np.int64(31), 29), (29, 2), (2, np.int64(13))]}","{(5, np.int64(13)): {'cpu': 15}, (0, np.int64(3)): {'cpu': 15}, (3, np.int64(5)): {'cpu': 12}, (1, np.int64(2)): {'cpu': 5}, (2, np.int64(29)): {'cpu': 2}, (4, np.int64(31)): {'cpu': 0}}","{((0, 1), (np.int64(3), 5)): {'bw': 18}, ((0, 1), (5, np.int64(2))): {'bw': 18}, ((0, 3), (np.int64(3), 5)): {'bw': 27}, ((0, 5), (np.int64(3), 13)): {'bw': 27}, ((1, 2), (np.int64(2), 29)): {'bw': 9}, ((1, 4), (np.int64(2), 29)): {'bw': 40}, ((1, 4), (29, np.int64(31))): {'bw': 40}, ((2, 3), (np.int64(29), 2)): {'bw': 17}, ((2, 3), (2, np.int64(5))): {'bw': 17}, ((2, 4), (np.int64(29), 31)): {'bw': 12}, ((2, 5), (np.int64(29), 2)): {'bw': 41}, ((2, 5), (2, np.int64(13))): {'bw': 41}, ((3, 5), (np.int64(5), 2)): {'bw': 6}, ((3, 5), (2, np.int64(13))): {'bw': 6}, ((4, 5), (np.int64(31), 29)): {'bw': 2}, ((4, 5), (29, 2)): {'bw': 2}, ((4, 5), (2, np.int64(13))): {'bw': 2}}",374.0,248.0,98.0,49.0,199.0,49.0,199.0,49.0,325.0,126.0,0.6631016042780749,38800.61781137481,25728.75191770308,68.7934543254093,Success,0.0,"{'node_level': {}, 'link_level': {}, 'path_level': {}}","{'node_level': {5: {'cpu': -65}, 0: {'cpu': -26}, 3: {'cpu': -37}, 1: {'cpu': -57}, 2: {'cpu': -47}, 4: {'cpu': -67}}, 'link_level': {(0, 1): {'bw': -94}, (0, 3): {'bw': -309}, (0, 5): {'bw': -245}, (1, 2): {'bw': -144}, (1, 4): {'bw': -104}, (2, 3): {'bw': -77}, (2, 4): {'bw': -126}, (2, 5): {'bw': -46}, (3, 5): {'bw': -71}, (4, 5): {'bw': -44}}, 'path_level': {(0, 1): {}, (0, 3): {}, (0, 5): {}, (1, 2): {}, (1, 4): {}, (2, 3): {}, (2, 4): {}, (2, 5): {}, (3, 5): {}, (4, 5): {}}}","{'node_level': {5: {'cpu': 0}, 0: {'cpu': 0}, 3: {'cpu': 0}, 1: {'cpu': 0}, 2: {'cpu': 0}, 4: {'cpu': 0}}, 'link_level': {(0, 1): {'bw': 0}, (0, 3): {'bw': 0}, (0, 5): {'bw': 0}, (1, 2): {'bw': 0}, (1, 4): {'bw': 0}, (2, 3): {'bw': 0}, (2, 4): {'bw': 0}, (2, 5): {'bw': 0}, (3, 5): {'bw': 0}, (4, 5): {'bw': 0}}, 'path_level': {(0, 1): {}, (0, 3): {}, (0, 5): {}, (1, 2): {}, (1, 4): {}, (2, 3): {}, (2, 4): {}, (2, 5): {}, (3, 5): {}, (4, 5): {}}}",[],-inf,-inf,True,True,False,0,[],0,0.0,6.0,10.0
135,108,12,26888.0,50411.0,10349107.526786935,20370013.41435161,0.5333756521394141,0.5080559995849346,29,256,1,3348.0,10431,2044,8387,0.21625766871165641,0.386691042047532,134,369.37212002901754,3348.0,6,8,True,"{3: np.int64(31), 5: np.int64(29), 1: np.int64(30), 4: np.int64(28), 2: np.int64(0), 0: np.int64(13)}","{(0, 2): [(np.int64(13), 14), (14, 12), (12, np.int64(0))], (0, 3): [(np.int64(13), 2), (2, 29), (29, np.int64(31))], (1, 3): [(np.int64(30), 28), (28, np.int64(31))], (1, 5): [(np.int64(30), 29)], (2, 4): [(np.int64(0), 28)], (2, 5): [(np.int64(0), 28), (28, 30), (30, np.int64(29))], (3, 4): [(np.int64(31), 28)], (3, 5): [(np.int64(31), 29)]}","{(3, np.int64(31)): {'cpu': 14}, (5, np.int64(29)): {'cpu': 13}, (1, np.int64(30)): {'cpu': 16}, (4, np.int64(28)): {'cpu': 7}, (2, np.int64(0)): {'cpu': 2}, (0, np.int64(13)): {'cpu': 2}}","{((0, 2), (np.int64(13), 14)): {'bw': 14}, ((0, 2), (14, 12)): {'bw': 14}, ((0, 2), (12, np.int64(0))): {'bw': 14}, ((0, 3), (np.int64(13), 2)): {'bw': 36}, ((0, 3), (2, 29)): {'bw': 36}, ((0, 3), (29, np.int64(31))): {'bw': 36}, ((1, 3), (np.int64(30), 28)): {'bw': 26}, ((1, 3), (28, np.int64(31))): {'bw': 26}, ((1, 5), (np.int64(30), 29)): {'bw': 42}, ((2, 4), (np.int64(0), 28)): {'bw': 39}, ((2, 5), (np.int64(0), 28)): {'bw': 26}, ((2, 5), (28, 30)): {'bw': 26}, ((2, 5), (30, np.int64(29))): {'bw': 26}, ((3, 4), (np.int64(31), 28)): {'bw': 45}, ((3, 5), (np.int64(31), 29)): {'bw': 18}}",478.0,300.0,108.0,54.0,246.0,54.0,246.0,54.0,424.0,178.0,0.6276150627615062,176559.8733738704,110811.63600870526,231.82350629436246,Success,0.0,"{'node_level': {}, 'link_level': {}, 'path_level': {}}","{'node_level': {3: {'cpu': -53}, 5: {'cpu': -34}, 1: {'cpu': -23}, 4: {'cpu': -34}, 2: {'cpu': -68}, 0: {'cpu': -63}}, 'link_level': {(0, 2): {'bw': -26}, (0, 3): {'bw': -8}, (1, 3): {'bw': -55}, (1, 5): {'bw': -66}, (2, 4): {'bw': -48}, (2, 5): {'bw': -22}, (3, 4): {'bw': -10}, (3, 5): {'bw': -70}}, 'path_level': {(0, 2): {}, (0, 3): {}, (1, 3): {}, (1, 5): {}, (2, 4): {}, (2, 5): {}, (3, 4): {}, (3, 5): {}}}","{'node_level': {3: {'cpu': 0}, 5: {'cpu': 0}, 1: {'cpu': 0}, 4: {'cpu': 0}, 2: {'cpu': 0}, 0: {'cpu': 0}}, 'link_level': {(0, 2): {'bw': 0}, (0, 3): {'bw': 0}, (1, 3): {'bw': 0}, (1, 5): {'bw': 0}, (2, 4): {'bw': 0}, (2, 5): {'bw': 0}, (3, 4): {'bw': 0}, (3, 5): {'bw': 0}}, 'path_level': {(0, 2): {}, (0, 3): {}, (1, 3): {}, (1, 5): {}, (2, 4): {}, (2, 5): {}, (3, 4): {}, (3, 5): {}}}",[],-inf,-inf,True,True,False,0,[],0,0.0,6.0,8.0
136,108,12,26888.0,50411.0,10349107.526786935,20370013.41435161,0.5333756521394141,0.5080559995849346,29,257,1,3372.0,10431,2044,8387,0.21625766871165641,0.386691042047532,135,1171.0751111350844,3372.0,8,13,False,"{5: np.int64(22), 1: np.int64(21), 0: np.int64(23), 7: np.int64(26), 4: np.int64(3), 6: np.int64(13), 3: np.int64(5), 2: np.int64(2)}","{(0, 2): [(np.int64(23), 21), (21, np.int64(2))], (0, 3): [(np.int64(23), 21), (21, 2), (2, np.int64(5))], (0, 5): [(np.int64(23), 21), (21, np.int64(22))], (1, 4): [(np.int64(21), 3)], (1, 5): [(np.int64(21), 23), (23, 20), (20, np.int64(22))], (1, 6): [(np.int64(21), 2), (2, np.int64(13))], (2, 4): [(np.int64(2), 5), (5, np.int64(3))], (2, 5): []}","{(5, np.int64(22)): {'cpu': 18}, (1, np.int64(21)): {'cpu': 20}, (0, np.int64(23)): {'cpu': 20}, (7, np.int64(26)): {'cpu': 15}, (4, np.int64(3)): {'cpu': 9}, (6, np.int64(13)): {'cpu': 9}, (3, np.int64(5)): {'cpu': 13}, (2, np.int64(2)): {'cpu': 3}}","{((0, 2), (np.int64(23), 21)): {'bw': 0}, ((0, 2), (21, np.int64(2))): {'bw': 0}, ((0, 3), (np.int64(23), 21)): {'bw': 24}, ((0, 3), (21, 2)): {'bw': 24}, ((0, 3), (2, np.int64(5))): {'bw': 24}, ((0, 5), (np.int64(23), 21)): {'bw': 39}, ((0, 5), (21, np.int64(22))): {'bw': 39}, ((1, 4), (np.int64(21), 3)): {'bw': 21}, ((1, 5), (np.int64(21), 23)): {'bw': 21}, ((1, 5), (23, 20)): {'bw': 21}, ((1, 5), (20, np.int64(22))): {'bw': 21}, ((1, 6), (np.int64(21), 2)): {'bw': 45}, ((1, 6), (2, np.int64(13))): {'bw': 45}, ((2, 4), (np.int64(2), 5)): {'bw': 44}, ((2, 4), (5, np.int64(3))): {'bw': 44}}",0.0,0.0,214.0,107.0,285.0,0.0,0.0,0.0,0.0,0.0,0.0,0.0,0.0,0.0,Route Failure,34.0,"{'node_level': {}, 'link_level': {}, 'path_level': {}}","{'node_level': {5: {'cpu': -52}, 1: {'cpu': -19}, 0: {'cpu': -24}, 7: {'cpu': -80}, 4: {'cpu': -17}, 6: {'cpu': -54}, 3: {'cpu': -24}, 2: {'cpu': -54}}, 'link_level': {(0, 2): {'bw': -214}, (0, 3): {'bw': -47}, (0, 5): {'bw': -2}, (1, 4): {'bw': -154}, (1, 5): {'bw': -8}, (1, 6): {'bw': -25}, (2, 4): {'bw': -3}, (2, 5): {'bw': 16}}, 'path_level': {(0, 2): {}, (0, 3): {}, (0, 5): {}, (1, 4): {}, (1, 5): {}, (1, 6): {}, (2, 4): {}, (2, 5): {}}}","{'node_level': {5: {'cpu': 0}, 1: {'cpu': 0}, 0: {'cpu': 0}, 7: {'cpu': 0}, 4: {'cpu': 0}, 6: {'cpu': 0}, 3: {'cpu': 0}, 2: {'cpu': 0}}, 'link_level': {(0, 2): {'bw': 0}, (0, 3): {'bw': 0}, (0, 5): {'bw': 0}, (1, 4): {'bw': 0}, (1, 5): {'bw': 0}, (1, 6): {'bw': 0}, (2, 4): {'bw': 0}, (2, 5): {'bw': 34}}, 'path_level': {(0, 2): {}, (0, 3): {}, (0, 5): {}, (1, 4): {}, (1, 5): {}, (1, 6): {}, (2, 4): {}, (2, 5): {}}}",[],-inf,-inf,True,False,False,0,[],0,0.0,8.0,8.0
136,108,12,26888.0,50411.0,10349107.526786935,20370013.41435161,0.5333756521394141,0.5080559995849346,29,258,0,3382.097814865539,10431,2044,8387,0.21625766871165641,0.386691042047532,129,165.09781486553914,3217.0,9,16,False,{},{},{},{},0.0,0.0,0.0,0.0,0.0,0.0,0.0,0.0,0.0,0.0,0.0,0.0,0.0,0.0,Leave Event,0.0,"{'node_level': {}, 'link_level': {}, 'path_level': {}}","{'node_level': {}, 'link_level': {}, 'path_level': {}}","{'node_level': {}, 'link_level': {}, 'path_level': {}}",[],-inf,-inf,True,True,False,0,[],0,0.0,,
137,108,12,26888.0,50411.0,10349107.526786935,20370013.41435161,0.5333756521394141,0.5080559995849346,29,259,1,3398.0,10431,2044,8387,0.21625766871165641,0.386691042047532,136,322.3239889944868,3398.0,10,26,False,"{8: np.int64(22), 2: np.int64(21), 0: np.int64(23), 9: np.int64(26), 5: np.int64(3), 3: np.int64(13), 4: np.int64(5), 7: np.int64(2), 6: np.int64(15), 1: np.int64(7)}","{(0, 1): [(np.int64(23), 21), (21, 2), (2, 5), (5, np.int64(7))], (0, 2): [(np.int64(23), 21)], (0, 5): [(np.int64(23), 21), (21, np.int64(3))], (0, 7): [(np.int64(23), 21), (21, np.int64(2))], (0, 8): [(np.int64(23), 20), (20, np.int64(22))], (1, 5): [(np.int64(7), 5), (5, np.int64(3))], (1, 6): [(np.int64(7), 5), (5, 2), (2, 13), (13, np.int64(15))], (1, 8): [(np.int64(7), 5), (5, 3), (3, 21), (21, np.int64(22))], (1, 9): [(np.int64(7), 5), (5, 3), (3, 21), (21, 23), (23, np.int64(26))], (2, 4): [(np.int64(21), 3), (3, np.int64(5))], (2, 6): [(np.int64(21), 2), (2, 13), (13, np.int64(15))], (2, 7): [(np.int64(21), 2)], (2, 8): []}","{(8, np.int64(22)): {'cpu': 18}, (2, np.int64(21)): {'cpu': 18}, (0, np.int64(23)): {'cpu': 14}, (9, np.int64(26)): {'cpu': 9}, (5, np.int64(3)): {'cpu': 12}, (3, np.int64(13)): {'cpu': 9}, (4, np.int64(5)): {'cpu': 20}, (7, np.int64(2)): {'cpu': 15}, (6, np.int64(15)): {'cpu': 8}, (1, np.int64(7)): {'cpu': 2}}","{((0, 1), (np.int64(23), 21)): {'bw': 47}, ((0, 1), (21, 2)): {'bw': 47}, ((0, 1), (2, 5)): {'bw': 47}, ((0, 1), (5, np.int64(7))): {'bw': 47}, ((0, 2), (np.int64(23), 21)): {'bw': 27}, ((0, 5), (np.int64(23), 21)): {'bw': 32}, ((0, 5), (21, np.int64(3))): {'bw': 32}, ((0, 7), (np.int64(23), 21)): {'bw': 18}, ((0, 7), (21, np.int64(2))): {'bw': 18}, ((0, 8), (np.int64(23), 20)): {'bw': 25}, ((0, 8), (20, np.int64(22))): {'bw': 25}, ((1, 5), (np.int64(7), 5)): {'bw': 7}, ((1, 5), (5, np.int64(3))): {'bw': 7}, ((1, 6), (np.int64(7), 5)): {'bw': 9}, ((1, 6), (5, 2)): {'bw': 9}, ((1, 6), (2, 13)): {'bw': 9}, ((1, 6), (13, np.int64(15))): {'bw': 9}, ((1, 8), (np.int64(7), 5)): {'bw': 32}, ((1, 8), (5, 3)): {'bw': 32}, ((1, 8), (3, 21)): {'bw': 32}, ((1, 8), (21, np.int64(22))): {'bw': 32}, ((1, 9), (np.int64(7), 5)): {'bw': 49}, ((1, 9), (5, 3)): {'bw': 49}, ((1, 9), (3, 21)): {'bw': 49}, ((1, 9), (21, 23)): {'bw': 49}, ((1, 9), (23, np.int64(26))): {'bw': 49}, ((2, 4), (np.int64(21), 3)): {'bw': 25}, ((2, 4), (3, np.int64(5))): {'bw': 25}, ((2, 6), (np.int64(21), 2)): {'bw': 15}, ((2, 6), (2, 13)): {'bw': 15}, ((2, 6), (13, np.int64(15))): {'bw': 15}, ((2, 7), (np.int64(21), 2)): {'bw': 24}}",0.0,0.0,250.0,125.0,604.0,0.0,0.0,0.0,0.0,0.0,0.0,0.0,0.0,0.0,Route Failure,18.0,"{'node_level': {}, 'link_level': {}, 'path_level': {}}","{'node_level': {8: {'cpu': -52}, 2: {'cpu': -21}, 0: {'cpu': -30}, 9: {'cpu': -86}, 5: {'cpu': -14}, 3: {'cpu': -54}, 4: {'cpu': -17}, 7: {'cpu': -42}, 6: {'cpu': -50}, 1: {'cpu': -29}}, 'link_level': {(0, 1): {'bw': -24}, (0, 2): {'bw': -195}, (0, 5): {'bw': -143}, (0, 7): {'bw': -145}, (0, 8): {'bw': -4}, (1, 5): {'bw': -215}, (1, 6): {'bw': -15}, (1, 8): {'bw': -9}, (1, 9): {'bw': -62}, (2, 4): {'bw': -37}, (2, 6): {'bw': -46}, (2, 7): {'bw': -110}, (2, 8): {'bw': 18}}, 'path_level': {(0, 1): {}, (0, 2): {}, (0, 5): {}, (0, 7): {}, (0, 8): {}, (1, 5): {}, (1, 6): {}, (1, 8): {}, (1, 9): {}, (2, 4): {}, (2, 6): {}, (2, 7): {}, (2, 8): {}}}","{'node_level': {8: {'cpu': 0}, 2: {'cpu': 0}, 0: {'cpu': 0}, 9: {'cpu': 0}, 5: {'cpu': 0}, 3: {'cpu': 0}, 4: {'cpu': 0}, 7: {'cpu': 0}, 6: {'cpu': 0}, 1: {'cpu': 0}}, 'link_level': {(0, 1): {'bw': 0}, (0, 2): {'bw': 0}, (0, 5): {'bw': 0}, (0, 7): {'bw': 0}, (0, 8): {'bw': 0}, (1, 5): {'bw': 0}, (1, 6): {'bw': 0}, (1, 8): {'bw': 0}, (1, 9): {'bw': 0}, (2, 4): {'bw': 0}, (2, 6): {'bw': 0}, (2, 7): {'bw': 0}, (2, 8): {'bw': 18}}, 'path_level': {(0, 1): {}, (0, 2): {}, (0, 5): {}, (0, 7): {}, (0, 8): {}, (1, 5): {}, (1, 6): {}, (1, 8): {}, (1, 9): {}, (2, 4): {}, (2, 6): {}, (2, 7): {}, (2, 8): {}}}",[],-inf,-inf,True,False,False,0,[],0,0.0,10.0,13.0
138,108,12,26888.0,50411.0,10349107.526786935,20370013.41435161,0.5333756521394141,0.5080559995849346,29,260,1,3422.0,10431,2044,8387,0.21625766871165641,0.386691042047532,137,938.731509300069,3422.0,10,25,False,"{4: np.int64(22), 9: np.int64(21), 0: np.int64(23), 1: np.int64(26), 8: np.int64(3), 3: np.int64(13), 6: np.int64(5), 2: np.int64(2), 7: np.int64(15), 5: np.int64(7)}","{(0, 2): [(np.int64(23), 21), (21, np.int64(2))], (0, 3): [(np.int64(23), 21), (21, 2), (2, np.int64(13))], (0, 4): [(np.int64(23), 21), (21, np.int64(22))], (0, 7): [(np.int64(23), 20), (20, 0), (0, 12), (12, np.int64(15))], (0, 8): [(np.int64(23), 21), (21, np.int64(3))], (0, 9): [(np.int64(23), 21)], (1, 2): [(np.int64(26), 23), (23, 21), (21, np.int64(2))], (1, 3): [(np.int64(26), 23), (23, 21), (21, 2), (2, np.int64(13))], (1, 6): [(np.int64(26), 23), (23, 21), (21, 2), (2, np.int64(5))], (1, 7): [(np.int64(26), 23), (23, 21), (21, 3), (3, 13), (13, np.int64(15))], (1, 8): [(np.int64(26), 23), (23, 21), (21, np.int64(3))], (1, 9): [(np.int64(26), 23), (23, 21)], (2, 7): [(np.int64(2), 13), (13, np.int64(15))], (2, 9): [(np.int64(2), 21)], (3, 4): []}","{(4, np.int64(22)): {'cpu': 17}, (9, np.int64(21)): {'cpu': 13}, (0, np.int64(23)): {'cpu': 15}, (1, np.int64(26)): {'cpu': 15}, (8, np.int64(3)): {'cpu': 20}, (3, np.int64(13)): {'cpu': 12}, (6, np.int64(5)): {'cpu': 11}, (2, np.int64(2)): {'cpu': 17}, (7, np.int64(15)): {'cpu': 2}, (5, np.int64(7)): {'cpu': 0}}","{((0, 2), (np.int64(23), 21)): {'bw': 5}, ((0, 2), (21, np.int64(2))): {'bw': 5}, ((0, 3), (np.int64(23), 21)): {'bw': 46}, ((0, 3), (21, 2)): {'bw': 46}, ((0, 3), (2, np.int64(13))): {'bw': 46}, ((0, 4), (np.int64(23), 21)): {'bw': 37}, ((0, 4), (21, np.int64(22))): {'bw': 37}, ((0, 7), (np.int64(23), 20)): {'bw': 0}, ((0, 7), (20, 0)): {'bw': 0}, ((0, 7), (0, 12)): {'bw': 0}, ((0, 7), (12, np.int64(15))): {'bw': 0}, ((0, 8), (np.int64(23), 21)): {'bw': 10}, ((0, 8), (21, np.int64(3))): {'bw': 10}, ((0, 9), (np.int64(23), 21)): {'bw': 33}, ((1, 2), (np.int64(26), 23)): {'bw': 1}, ((1, 2), (23, 21)): {'bw': 1}, ((1, 2), (21, np.int64(2))): {'bw': 1}, ((1, 3), (np.int64(26), 23)): {'bw': 8}, ((1, 3), (23, 21)): {'bw': 8}, ((1, 3), (21, 2)): {'bw': 8}, ((1, 3), (2, np.int64(13))): {'bw': 8}, ((1, 6), (np.int64(26), 23)): {'bw': 27}, ((1, 6), (23, 21)): {'bw': 27}, ((1, 6), (21, 2)): {'bw': 27}, ((1, 6), (2, np.int64(5))): {'bw': 27}, ((1, 7), (np.int64(26), 23)): {'bw': 21}, ((1, 7), (23, 21)): {'bw': 21}, ((1, 7), (21, 3)): {'bw': 21}, ((1, 7), (3, 13)): {'bw': 21}, ((1, 7), (13, np.int64(15))): {'bw': 21}, ((1, 8), (np.int64(26), 23)): {'bw': 22}, ((1, 8), (23, 21)): {'bw': 22}, ((1, 8), (21, np.int64(3))): {'bw': 22}, ((1, 9), (np.int64(26), 23)): {'bw': 37}, ((1, 9), (23, 21)): {'bw': 37}, ((2, 7), (np.int64(2), 13)): {'bw': 8}, ((2, 7), (13, np.int64(15))): {'bw': 8}, ((2, 9), (np.int64(2), 21)): {'bw': 10}}",0.0,0.0,244.0,122.0,565.0,0.0,0.0,0.0,0.0,0.0,0.0,0.0,0.0,0.0,Route Failure,2.0,"{'node_level': {}, 'link_level': {}, 'path_level': {}}","{'node_level': {4: {'cpu': -53}, 9: {'cpu': -26}, 0: {'cpu': -29}, 1: {'cpu': -80}, 8: {'cpu': -6}, 3: {'cpu': -51}, 6: {'cpu': -26}, 2: {'cpu': -40}, 7: {'cpu': -56}, 5: {'cpu': -31}}, 'link_level': {(0, 2): {'bw': -209}, (0, 3): {'bw': -24}, (0, 4): {'bw': -4}, (0, 7): {'bw': -7}, (0, 8): {'bw': -165}, (0, 9): {'bw': -138}, (1, 2): {'bw': -137}, (1, 3): {'bw': -16}, (1, 6): {'bw': -44}, (1, 7): {'bw': -81}, (1, 8): {'bw': -59}, (1, 9): {'bw': -22}, (2, 7): {'bw': -8}, (2, 9): {'bw': -117}, (3, 4): {'bw': 2}}, 'path_level': {(0, 2): {}, (0, 3): {}, (0, 4): {}, (0, 7): {}, (0, 8): {}, (0, 9): {}, (1, 2): {}, (1, 3): {}, (1, 6): {}, (1, 7): {}, (1, 8): {}, (1, 9): {}, (2, 7): {}, (2, 9): {}, (3, 4): {}}}","{'node_level': {4: {'cpu': 0}, 9: {'cpu': 0}, 0: {'cpu': 0}, 1: {'cpu': 0}, 8: {'cpu': 0}, 3: {'cpu': 0}, 6: {'cpu': 0}, 2: {'cpu': 0}, 7: {'cpu': 0}, 5: {'cpu': 0}}, 'link_level': {(0, 2): {'bw': 0}, (0, 3): {'bw': 0}, (0, 4): {'bw': 0}, (0, 7): {'bw': 0}, (0, 8): {'bw': 0}, (0, 9): {'bw': 0}, (1, 2): {'bw': 0}, (1, 3): {'bw': 0}, (1, 6): {'bw': 0}, (1, 7): {'bw': 0}, (1, 8): {'bw': 0}, (1, 9): {'bw': 0}, (2, 7): {'bw': 0}, (2, 9): {'bw': 0}, (3, 4): {'bw': 2}}, 'path_level': {(0, 2): {}, (0, 3): {}, (0, 4): {}, (0, 7): {}, (0, 8): {}, (0, 9): {}, (1, 2): {}, (1, 3): {}, (1, 6): {}, (1, 7): {}, (1, 8): {}, (1, 9): {}, (2, 7): {}, (2, 9): {}, (3, 4): {}}}",[],-inf,-inf,True,False,False,0,[],0,0.0,10.0,15.0
138,108,11,26888.0,50411.0,10349107.526786935,20370013.41435161,0.5333756521394141,0.5080559995849346,29,261,0,3429.744967410093,10805,2093,8712,0.19746932515337423,0.3629250457038391,133,103.74496741009307,3326.0,6,10,False,{},{},{},{},0.0,0.0,0.0,0.0,0.0,0.0,0.0,0.0,0.0,0.0,0.0,0.0,0.0,0.0,Leave Event,0.0,"{'node_level': {}, 'link_level': {}, 'path_level': {}}","{'node_level': {}, 'link_level': {}, 'path_level': {}}","{'node_level': {}, 'link_level': {}, 'path_level': {}}",[],-inf,-inf,True,True,False,0,[],0,0.0,,
139,109,12,27020.0,50554.0,10469556.319611505,20500499.606578227,0.5344779839379673,0.5106976181327805,29,262,1,3458.0,10662,2049,8613,0.21434049079754602,0.3701645338208409,138,912.4908547315861,3458.0,4,4,True,"{3: np.int64(13), 1: np.int64(3), 2: np.int64(5), 0: np.int64(2)}","{(0, 1): [(np.int64(2), 5), (5, np.int64(3))], (0, 3): [(np.int64(2), 13)], (1, 2): [(np.int64(3), 5)], (1, 3): [(np.int64(3), 13)]}","{(3, np.int64(13)): {'cpu': 18}, (1, np.int64(3)): {'cpu': 9}, (2, np.int64(5)): {'cpu': 10}, (0, np.int64(2)): {'cpu': 7}}","{((0, 1), (np.int64(2), 5)): {'bw': 11}, ((0, 1), (5, np.int64(3))): {'bw': 11}, ((0, 3), (np.int64(2), 13)): {'bw': 12}, ((1, 2), (np.int64(3), 5)): {'bw': 28}, ((1, 3), (np.int64(3), 13)): {'bw': 37}}",143.0,132.0,88.0,44.0,88.0,44.0,88.0,44.0,99.0,11.0,0.9230769230769231,130486.19222661681,120448.79282456936,842.2992505214642,Success,0.0,"{'node_level': {}, 'link_level': {}, 'path_level': {}}","{'node_level': {3: {'cpu': -60}, 1: {'cpu': -32}, 2: {'cpu': -39}, 0: {'cpu': -55}}, 'link_level': {(0, 1): {'bw': -101}, (0, 3): {'bw': -107}, (1, 2): {'bw': -315}, (1, 3): {'bw': -235}}, 'path_level': {(0, 1): {}, (0, 3): {}, (1, 2): {}, (1, 3): {}}}","{'node_level': {3: {'cpu': 0}, 1: {'cpu': 0}, 2: {'cpu': 0}, 0: {'cpu': 0}}, 'link_level': {(0, 1): {'bw': 0}, (0, 3): {'bw': 0}, (1, 2): {'bw': 0}, (1, 3): {'bw': 0}}, 'path_level': {(0, 1): {}, (0, 3): {}, (1, 2): {}, (1, 3): {}}}",[],-inf,-inf,True,True,False,0,[],0,0.0,4.0,4.0
140,109,12,27020.0,50554.0,10469556.319611505,20500499.606578227,0.5344779839379673,0.5106976181327805,29,263,1,3476.0,10662,2049,8613,0.21434049079754602,0.3701645338208409,139,74.99304460827679,3476.0,9,23,False,"{7: np.int64(22), 0: np.int64(21), 1: np.int64(23), 6: np.int64(3), 5: np.int64(2), 4: np.int64(13), 3: np.int64(5), 8: np.int64(15), 2: np.int64(31)}","{(0, 3): [(np.int64(21), 2), (2, np.int64(5))], (0, 4): [(np.int64(21), 2), (2, np.int64(13))], (0, 5): [(np.int64(21), 2)], (0, 6): [(np.int64(21), 3)], (0, 7): []}","{(7, np.int64(22)): {'cpu': 18}, (0, np.int64(21)): {'cpu': 13}, (1, np.int64(23)): {'cpu': 17}, (6, np.int64(3)): {'cpu': 12}, (5, np.int64(2)): {'cpu': 19}, (4, np.int64(13)): {'cpu': 11}, (3, np.int64(5)): {'cpu': 6}, (8, np.int64(15)): {'cpu': 10}, (2, np.int64(31)): {'cpu': 12}}","{((0, 3), (np.int64(21), 2)): {'bw': 27}, ((0, 3), (2, np.int64(5))): {'bw': 27}, ((0, 4), (np.int64(21), 2)): {'bw': 26}, ((0, 4), (2, np.int64(13))): {'bw': 26}, ((0, 5), (np.int64(21), 2)): {'bw': 50}, ((0, 6), (np.int64(21), 3)): {'bw': 40}}",0.0,0.0,236.0,118.0,519.0,0.0,0.0,0.0,0.0,0.0,0.0,0.0,0.0,0.0,Route Failure,14.0,"{'node_level': {}, 'link_level': {}, 'path_level': {}}","{'node_level': {7: {'cpu': -52}, 0: {'cpu': -26}, 1: {'cpu': -27}, 6: {'cpu': -20}, 5: {'cpu': -36}, 4: {'cpu': -49}, 3: {'cpu': -33}, 8: {'cpu': -48}, 2: {'cpu': -41}}, 'link_level': {(0, 3): {'bw': -74}, (0, 4): {'bw': -81}, (0, 5): {'bw': -111}, (0, 6): {'bw': -135}, (0, 7): {'bw': 14}}, 'path_level': {(0, 3): {}, (0, 4): {}, (0, 5): {}, (0, 6): {}, (0, 7): {}}}","{'node_level': {7: {'cpu': 0}, 0: {'cpu': 0}, 1: {'cpu': 0}, 6: {'cpu': 0}, 5: {'cpu': 0}, 4: {'cpu': 0}, 3: {'cpu': 0}, 8: {'cpu': 0}, 2: {'cpu': 0}}, 'link_level': {(0, 3): {'bw': 0}, (0, 4): {'bw': 0}, (0, 5): {'bw': 0}, (0, 6): {'bw': 0}, (0, 7): {'bw': 14}}, 'path_level': {(0, 3): {}, (0, 4): {}, (0, 5): {}, (0, 6): {}, (0, 7): {}}}",[],-inf,-inf,True,False,False,0,[],0,0.0,9.0,5.0
140,109,11,27020.0,50554.0,10469556.319611505,20500499.606578227,0.5344779839379673,0.5106976181327805,29,264,0,3502.942301000916,11090,2092,8998,0.1978527607361963,0.3420109689213894,93,1153.9423010009161,2349.0,6,8,False,{},{},{},{},0.0,0.0,0.0,0.0,0.0,0.0,0.0,0.0,0.0,0.0,0.0,0.0,0.0,0.0,Leave Event,0.0,"{'node_level': {}, 'link_level': {}, 'path_level': {}}","{'node_level': {}, 'link_level': {}, 'path_level': {}}","{'node_level': {}, 'link_level': {}, 'path_level': {}}",[],-inf,-inf,True,True,False,0,[],0,0.0,,
141,110,12,27364.0,51018.0,10603233.18929951,20680807.942436468,0.5363597161786037,0.5127088467149273,29,265,1,3511.0,10626,2000,8626,0.2331288343558282,0.36921389396709325,140,388.5955514186216,3511.0,7,10,True,"{1: np.int64(7), 6: np.int64(4), 5: np.int64(1), 2: np.int64(6), 0: np.int64(5), 4: np.int64(22), 3: np.int64(3)}","{(0, 1): [(np.int64(5), 7)], (0, 2): [(np.int64(5), 6)], (0, 6): [(np.int64(5), 6), (6, np.int64(4))], (1, 4): [(np.int64(7), 4), (4, 0), (0, 20), (20, np.int64(22))], (1, 5): [(np.int64(7), 4), (4, np.int64(1))], (1, 6): [(np.int64(7), 4)], (2, 4): [(np.int64(6), 4), (4, 0), (0, 20), (20, np.int64(22))], (2, 6): [(np.int64(6), 4)], (3, 6): [(np.int64(3), 5), (5, 6), (6, np.int64(4))], (5, 6): [(np.int64(1), 4)]}","{(1, np.int64(7)): {'cpu': 18}, (6, np.int64(4)): {'cpu': 14}, (5, np.int64(1)): {'cpu': 20}, (2, np.int64(6)): {'cpu': 7}, (0, np.int64(5)): {'cpu': 6}, (4, np.int64(22)): {'cpu': 12}, (3, np.int64(3)): {'cpu': 15}}","{((0, 1), (np.int64(5), 7)): {'bw': 33}, ((0, 2), (np.int64(5), 6)): {'bw': 50}, ((0, 6), (np.int64(5), 6)): {'bw': 10}, ((0, 6), (6, np.int64(4))): {'bw': 10}, ((1, 4), (np.int64(7), 4)): {'bw': 3}, ((1, 4), (4, 0)): {'bw': 3}, ((1, 4), (0, 20)): {'bw': 3}, ((1, 4), (20, np.int64(22))): {'bw': 3}, ((1, 5), (np.int64(7), 4)): {'bw': 24}, ((1, 5), (4, np.int64(1))): {'bw': 24}, ((1, 6), (np.int64(7), 4)): {'bw': 43}, ((2, 4), (np.int64(6), 4)): {'bw': 25}, ((2, 4), (4, 0)): {'bw': 25}, ((2, 4), (0, 20)): {'bw': 25}, ((2, 4), (20, np.int64(22))): {'bw': 25}, ((2, 6), (np.int64(6), 4)): {'bw': 26}, ((3, 6), (np.int64(3), 5)): {'bw': 1}, ((3, 6), (5, 6)): {'bw': 1}, ((3, 6), (6, np.int64(4))): {'bw': 1}, ((5, 6), (np.int64(1), 4)): {'bw': 37}}",464.0,344.0,184.0,92.0,252.0,92.0,252.0,92.0,372.0,120.0,0.7413793103448276,180308.33585824043,133676.86968800583,288.0967019138057,Success,0.0,"{'node_level': {}, 'link_level': {}, 'path_level': {}}","{'node_level': {1: {'cpu': -31}, 6: {'cpu': -35}, 5: {'cpu': -32}, 2: {'cpu': -34}, 0: {'cpu': -33}, 4: {'cpu': -58}, 3: {'cpu': -17}}, 'link_level': {(0, 1): {'bw': -236}, (0, 2): {'bw': -174}, (0, 6): {'bw': -119}, (1, 4): {'bw': -25}, (1, 5): {'bw': -139}, (1, 6): {'bw': -185}, (2, 4): {'bw': 0}, (2, 6): {'bw': -68}, (3, 6): {'bw': -67}, (5, 6): {'bw': -102}}, 'path_level': {(0, 1): {}, (0, 2): {}, (0, 6): {}, (1, 4): {}, (1, 5): {}, (1, 6): {}, (2, 4): {}, (2, 6): {}, (3, 6): {}, (5, 6): {}}}","{'node_level': {1: {'cpu': 0}, 6: {'cpu': 0}, 5: {'cpu': 0}, 2: {'cpu': 0}, 0: {'cpu': 0}, 4: {'cpu': 0}, 3: {'cpu': 0}}, 'link_level': {(0, 1): {'bw': 0}, (0, 2): {'bw': 0}, (0, 6): {'bw': 0}, (1, 4): {'bw': 0}, (1, 5): {'bw': 0}, (1, 6): {'bw': 0}, (2, 4): {'bw': 0}, (2, 6): {'bw': 0}, (3, 6): {'bw': 0}, (5, 6): {'bw': 0}}, 'path_level': {(0, 1): {}, (0, 2): {}, (0, 6): {}, (1, 4): {}, (1, 5): {}, (1, 6): {}, (2, 4): {}, (2, 6): {}, (3, 6): {}, (5, 6): {}}}",[],-inf,-inf,True,True,False,0,[],0,0.0,7.0,10.0
141,110,11,27364.0,51018.0,10603233.18929951,20680807.942436468,0.5363597161786037,0.5127088467149273,29,266,0,3533.8412017394207,10657,2020,8637,0.22546012269938653,0.3684095063985374,111,761.8412017394207,2772.0,2,1,False,{},{},{},{},0.0,0.0,0.0,0.0,0.0,0.0,0.0,0.0,0.0,0.0,0.0,0.0,0.0,0.0,Leave Event,0.0,"{'node_level': {}, 'link_level': {}, 'path_level': {}}","{'node_level': {}, 'link_level': {}, 'path_level': {}}","{'node_level': {}, 'link_level': {}, 'path_level': {}}",[],-inf,-inf,True,True,False,0,[],0,0.0,,
142,110,11,27364.0,51018.0,10603233.18929951,20680807.942436468,0.5363597161786037,0.5127088467149273,29,267,1,3536.0,10657,2020,8637,0.22546012269938653,0.3684095063985374,141,314.69696312152104,3536.0,7,11,False,"{1: np.int64(23), 5: np.int64(26), 0: np.int64(21), 4: np.int64(22), 6: np.int64(2), 2: np.int64(13), 3: np.int64(15)}","{(0, 1): [(np.int64(21), 23)], (0, 2): [(np.int64(21), 2), (2, np.int64(13))], (0, 3): [(np.int64(21), 2), (2, 13), (13, np.int64(15))], (0, 4): [(np.int64(21), 22)], (1, 2): [(np.int64(23), 21), (21, 2), (2, np.int64(13))], (1, 3): [(np.int64(23), 21), (21, 2), (2, 13), (13, np.int64(15))], (1, 5): [(np.int64(23), 26)], (2, 6): [(np.int64(13), 2)], (3, 5): [(np.int64(15), 13), (13, 3), (3, 21), (21, 23), (23, np.int64(26))], (4, 6): []}","{(1, np.int64(23)): {'cpu': 18}, (5, np.int64(26)): {'cpu': 16}, (0, np.int64(21)): {'cpu': 6}, (4, np.int64(22)): {'cpu': 8}, (6, np.int64(2)): {'cpu': 2}, (2, np.int64(13)): {'cpu': 2}, (3, np.int64(15)): {'cpu': 0}}","{((0, 1), (np.int64(21), 23)): {'bw': 43}, ((0, 2), (np.int64(21), 2)): {'bw': 36}, ((0, 2), (2, np.int64(13))): {'bw': 36}, ((0, 3), (np.int64(21), 2)): {'bw': 18}, ((0, 3), (2, 13)): {'bw': 18}, ((0, 3), (13, np.int64(15))): {'bw': 18}, ((0, 4), (np.int64(21), 22)): {'bw': 8}, ((1, 2), (np.int64(23), 21)): {'bw': 2}, ((1, 2), (21, 2)): {'bw': 2}, ((1, 2), (2, np.int64(13))): {'bw': 2}, ((1, 3), (np.int64(23), 21)): {'bw': 19}, ((1, 3), (21, 2)): {'bw': 19}, ((1, 3), (2, 13)): {'bw': 19}, ((1, 3), (13, np.int64(15))): {'bw': 19}, ((1, 5), (np.int64(23), 26)): {'bw': 30}, ((2, 6), (np.int64(13), 2)): {'bw': 11}, ((3, 5), (np.int64(15), 13)): {'bw': 25}, ((3, 5), (13, 3)): {'bw': 25}, ((3, 5), (3, 21)): {'bw': 25}, ((3, 5), (21, 23)): {'bw': 25}, ((3, 5), (23, np.int64(26))): {'bw': 25}}",0.0,0.0,104.0,52.0,242.0,0.0,0.0,0.0,0.0,0.0,0.0,0.0,0.0,0.0,Route Failure,69.0,"{'node_level': {}, 'link_level': {}, 'path_level': {}}","{'node_level': {1: {'cpu': -41}, 5: {'cpu': -84}, 0: {'cpu': -33}, 4: {'cpu': -50}, 6: {'cpu': -53}, 2: {'cpu': -58}, 3: {'cpu': -58}}, 'link_level': {(0, 1): {'bw': -226}, (0, 2): {'bw': -71}, (0, 3): {'bw': -53}, (0, 4): {'bw': -33}, (1, 2): {'bw': -51}, (1, 3): {'bw': -32}, (1, 5): {'bw': -305}, (2, 6): {'bw': -21}, (3, 5): {'bw': -76}, (4, 6): {'bw': 35}}, 'path_level': {(0, 1): {}, (0, 2): {}, (0, 3): {}, (0, 4): {}, (1, 2): {}, (1, 3): {}, (1, 5): {}, (2, 6): {}, (3, 5): {}, (4, 6): {}}}","{'node_level': {1: {'cpu': 0}, 5: {'cpu': 0}, 0: {'cpu': 0}, 4: {'cpu': 0}, 6: {'cpu': 0}, 2: {'cpu': 0}, 3: {'cpu': 0}}, 'link_level': {(0, 1): {'bw': 0}, (0, 2): {'bw': 0}, (0, 3): {'bw': 0}, (0, 4): {'bw': 0}, (1, 2): {'bw': 0}, (1, 3): {'bw': 0}, (1, 5): {'bw': 0}, (2, 6): {'bw': 0}, (3, 5): {'bw': 0}, (4, 6): {'bw': 69}}, 'path_level': {(0, 1): {}, (0, 2): {}, (0, 3): {}, (0, 4): {}, (1, 2): {}, (1, 3): {}, (1, 5): {}, (2, 6): {}, (3, 5): {}, (4, 6): {}}}",[],-inf,-inf,True,False,False,0,[],0,0.0,7.0,10.0
142,110,11,27364.0,51018.0,10603233.18929951,20680807.942436468,0.5363597161786037,0.5127088467149273,29,268,0,3550.9930446082767,10657,2020,8637,0.22546012269938653,0.3684095063985374,139,74.99304460827679,3476.0,9,23,False,{},{},{},{},0.0,0.0,0.0,0.0,0.0,0.0,0.0,0.0,0.0,0.0,0.0,0.0,0.0,0.0,Leave Event,0.0,"{'node_level': {}, 'link_level': {}, 'path_level': {}}","{'node_level': {}, 'link_level': {}, 'path_level': {}}","{'node_level': {}, 'link_level': {}, 'path_level': {}}",[],-inf,-inf,True,True,False,0,[],0,0.0,,
143,110,11,27364.0,51018.0,10603233.18929951,20680807.942436468,0.5363597161786037,0.5127088467149273,29,269,1,3553.0,10657,2020,8637,0.22546012269938653,0.3684095063985374,142,123.38709738409827,3553.0,6,9,False,"{2: np.int64(23), 0: np.int64(26), 3: np.int64(21), 4: np.int64(22), 1: np.int64(2), 5: np.int64(13)}","{(0, 2): [(np.int64(26), 23)], (0, 3): [(np.int64(26), 23), (23, 21)], (0, 5): [(np.int64(26), 23), (23, 21), (21, 2), (2, np.int64(13))], (1, 2): [(np.int64(2), 21), (21, np.int64(23))], (1, 3): [(np.int64(2), 21)], (1, 5): [(np.int64(2), 13)], (2, 4): []}","{(2, np.int64(23)): {'cpu': 12}, (0, np.int64(26)): {'cpu': 20}, (3, np.int64(21)): {'cpu': 12}, (4, np.int64(22)): {'cpu': 10}, (1, np.int64(2)): {'cpu': 8}, (5, np.int64(13)): {'cpu': 6}}","{((0, 2), (np.int64(26), 23)): {'bw': 47}, ((0, 3), (np.int64(26), 23)): {'bw': 14}, ((0, 3), (23, 21)): {'bw': 14}, ((0, 5), (np.int64(26), 23)): {'bw': 31}, ((0, 5), (23, 21)): {'bw': 31}, ((0, 5), (21, 2)): {'bw': 31}, ((0, 5), (2, np.int64(13))): {'bw': 31}, ((1, 2), (np.int64(2), 21)): {'bw': 33}, ((1, 2), (21, np.int64(23))): {'bw': 33}, ((1, 3), (np.int64(2), 21)): {'bw': 43}, ((1, 5), (np.int64(2), 13)): {'bw': 9}}",0.0,0.0,136.0,68.0,284.0,0.0,0.0,0.0,0.0,0.0,0.0,0.0,0.0,0.0,Route Failure,114.0,"{'node_level': {}, 'link_level': {}, 'path_level': {}}","{'node_level': {2: {'cpu': -47}, 0: {'cpu': -80}, 3: {'cpu': -27}, 4: {'cpu': -48}, 1: {'cpu': -47}, 5: {'cpu': -54}}, 'link_level': {(0, 2): {'bw': -288}, (0, 3): {'bw': -255}, (0, 5): {'bw': -76}, (1, 2): {'bw': -150}, (1, 3): {'bw': -107}, (1, 5): {'bw': -67}, (2, 4): {'bw': 47}}, 'path_level': {(0, 2): {}, (0, 3): {}, (0, 5): {}, (1, 2): {}, (1, 3): {}, (1, 5): {}, (2, 4): {}}}","{'node_level': {2: {'cpu': 0}, 0: {'cpu': 0}, 3: {'cpu': 0}, 4: {'cpu': 0}, 1: {'cpu': 0}, 5: {'cpu': 0}}, 'link_level': {(0, 2): {'bw': 0}, (0, 3): {'bw': 0}, (0, 5): {'bw': 0}, (1, 2): {'bw': 0}, (1, 3): {'bw': 0}, (1, 5): {'bw': 0}, (2, 4): {'bw': 114}}, 'path_level': {(0, 2): {}, (0, 3): {}, (0, 5): {}, (1, 2): {}, (1, 3): {}, (1, 5): {}, (2, 4): {}}}",[],-inf,-inf,True,False,False,0,[],0,0.0,6.0,7.0
144,111,12,27671.0,51506.0,10692462.544106621,20822644.83216243,0.5372383799945637,0.5135016531421196,29,270,1,3584.0,10169,1949,8220,0.2526840490797546,0.3989031078610603,143,290.64936419254104,3584.0,7,9,True,"{5: np.int64(23), 0: np.int64(26), 1: np.int64(21), 6: np.int64(22), 4: np.int64(2), 3: np.int64(13), 2: np.int64(15)}","{(0, 4): [(np.int64(26), 23), (23, 21), (21, np.int64(2))], (0, 5): [(np.int64(26), 23)], (1, 2): [(np.int64(21), 2), (2, 13), (13, np.int64(15))], (1, 3): [(np.int64(21), 2), (2, np.int64(13))], (1, 4): [(np.int64(21), 2)], (1, 5): [(np.int64(21), 23)], (2, 3): [(np.int64(15), 13)], (3, 6): [(np.int64(13), 2), (2, 21), (21, np.int64(22))], (4, 6): [(np.int64(2), 21), (21, np.int64(22))]}","{(5, np.int64(23)): {'cpu': 18}, (0, np.int64(26)): {'cpu': 14}, (1, np.int64(21)): {'cpu': 5}, (6, np.int64(22)): {'cpu': 13}, (4, np.int64(2)): {'cpu': 7}, (3, np.int64(13)): {'cpu': 10}, (2, np.int64(15)): {'cpu': 4}}","{((0, 4), (np.int64(26), 23)): {'bw': 19}, ((0, 4), (23, 21)): {'bw': 19}, ((0, 4), (21, np.int64(2))): {'bw': 19}, ((0, 5), (np.int64(26), 23)): {'bw': 45}, ((1, 2), (np.int64(21), 2)): {'bw': 34}, ((1, 2), (2, 13)): {'bw': 34}, ((1, 2), (13, np.int64(15))): {'bw': 34}, ((1, 3), (np.int64(21), 2)): {'bw': 35}, ((1, 3), (2, np.int64(13))): {'bw': 35}, ((1, 4), (np.int64(21), 2)): {'bw': 7}, ((1, 5), (np.int64(21), 23)): {'bw': 50}, ((2, 3), (np.int64(15), 13)): {'bw': 7}, ((3, 6), (np.int64(13), 2)): {'bw': 1}, ((3, 6), (2, 21)): {'bw': 1}, ((3, 6), (21, np.int64(22))): {'bw': 1}, ((4, 6), (np.int64(2), 21)): {'bw': 38}, ((4, 6), (21, np.int64(22))): {'bw': 38}}",488.0,307.0,142.0,71.0,236.0,71.0,236.0,71.0,417.0,181.0,0.6290983606557377,141836.88972596003,89229.3548071101,182.84703853916002,Success,0.0,"{'node_level': {}, 'link_level': {}, 'path_level': {}}","{'node_level': {5: {'cpu': -41}, 0: {'cpu': -86}, 1: {'cpu': -34}, 6: {'cpu': -45}, 4: {'cpu': -48}, 3: {'cpu': -50}, 2: {'cpu': -54}}, 'link_level': {(0, 4): {'bw': -195}, (0, 5): {'bw': -271}, (1, 2): {'bw': -73}, (1, 3): {'bw': -38}, (1, 4): {'bw': -119}, (1, 5): {'bw': -200}, (2, 3): {'bw': -97}, (3, 6): {'bw': -37}, (4, 6): {'bw': -2}}, 'path_level': {(0, 4): {}, (0, 5): {}, (1, 2): {}, (1, 3): {}, (1, 4): {}, (1, 5): {}, (2, 3): {}, (3, 6): {}, (4, 6): {}}}","{'node_level': {5: {'cpu': 0}, 0: {'cpu': 0}, 1: {'cpu': 0}, 6: {'cpu': 0}, 4: {'cpu': 0}, 3: {'cpu': 0}, 2: {'cpu': 0}}, 'link_level': {(0, 4): {'bw': 0}, (0, 5): {'bw': 0}, (1, 2): {'bw': 0}, (1, 3): {'bw': 0}, (1, 4): {'bw': 0}, (1, 5): {'bw': 0}, (2, 3): {'bw': 0}, (3, 6): {'bw': 0}, (4, 6): {'bw': 0}}, 'path_level': {(0, 4): {}, (0, 5): {}, (1, 2): {}, (1, 3): {}, (1, 4): {}, (1, 5): {}, (2, 3): {}, (3, 6): {}, (4, 6): {}}}",[],-inf,-inf,True,True,False,0,[],0,0.0,7.0,9.0
145,111,12,27671.0,51506.0,10692462.544106621,20822644.83216243,0.5372383799945637,0.5135016531421196,29,271,1,3604.0,10169,1949,8220,0.2526840490797546,0.3989031078610603,144,327.2307887105584,3604.0,10,24,False,"{7: np.int64(31), 6: np.int64(35), 8: np.int64(29), 4: np.int64(28), 1: np.int64(30), 9: np.int64(33), 2: np.int64(32), 0: np.int64(1), 5: np.int64(0), 3: np.int64(15)}","{(0, 1): [(np.int64(1), 28), (28, np.int64(30))], (0, 2): [(np.int64(1), 28), (28, 30), (30, np.int64(32))], (0, 4): [(np.int64(1), 28)], (0, 6): [(np.int64(1), 28), (28, 31), (31, np.int64(35))], (0, 7): [(np.int64(1), 28), (28, np.int64(31))], (0, 8): [(np.int64(1), 4), (4, 6), (6, 5), (5, 2), (2, np.int64(29))], (1, 4): [(np.int64(30), 28)], (1, 7): []}","{(7, np.int64(31)): {'cpu': 16}, (6, np.int64(35)): {'cpu': 20}, (8, np.int64(29)): {'cpu': 10}, (4, np.int64(28)): {'cpu': 8}, (1, np.int64(30)): {'cpu': 14}, (9, np.int64(33)): {'cpu': 17}, (2, np.int64(32)): {'cpu': 6}, (0, np.int64(1)): {'cpu': 3}, (5, np.int64(0)): {'cpu': 4}, (3, np.int64(15)): {'cpu': 3}}","{((0, 1), (np.int64(1), 28)): {'bw': 14}, ((0, 1), (28, np.int64(30))): {'bw': 14}, ((0, 2), (np.int64(1), 28)): {'bw': 15}, ((0, 2), (28, 30)): {'bw': 15}, ((0, 2), (30, np.int64(32))): {'bw': 15}, ((0, 4), (np.int64(1), 28)): {'bw': 35}, ((0, 6), (np.int64(1), 28)): {'bw': 48}, ((0, 6), (28, 31)): {'bw': 48}, ((0, 6), (31, np.int64(35))): {'bw': 48}, ((0, 7), (np.int64(1), 28)): {'bw': 43}, ((0, 7), (28, np.int64(31))): {'bw': 43}, ((0, 8), (np.int64(1), 4)): {'bw': 43}, ((0, 8), (4, 6)): {'bw': 43}, ((0, 8), (6, 5)): {'bw': 43}, ((0, 8), (5, 2)): {'bw': 43}, ((0, 8), (2, np.int64(29))): {'bw': 43}, ((1, 4), (np.int64(30), 28)): {'bw': 21}}",0.0,0.0,202.0,101.0,686.0,0.0,0.0,0.0,0.0,0.0,0.0,0.0,0.0,0.0,Route Failure,78.0,"{'node_level': {}, 'link_level': {}, 'path_level': {}}","{'node_level': {7: {'cpu': -37}, 6: {'cpu': -43}, 8: {'cpu': -26}, 4: {'cpu': -26}, 1: {'cpu': -9}, 9: {'cpu': -65}, 2: {'cpu': -57}, 0: {'cpu': -29}, 5: {'cpu': -66}, 3: {'cpu': -51}}, 'link_level': {(0, 1): {'bw': -120}, (0, 2): {'bw': -105}, (0, 4): {'bw': -195}, (0, 6): {'bw': -55}, (0, 7): {'bw': -12}, (0, 8): {'bw': -24}, (1, 4): {'bw': -84}, (1, 7): {'bw': 31}}, 'path_level': {(0, 1): {}, (0, 2): {}, (0, 4): {}, (0, 6): {}, (0, 7): {}, (0, 8): {}, (1, 4): {}, (1, 7): {}}}","{'node_level': {7: {'cpu': 0}, 6: {'cpu': 0}, 8: {'cpu': 0}, 4: {'cpu': 0}, 1: {'cpu': 0}, 9: {'cpu': 0}, 2: {'cpu': 0}, 0: {'cpu': 0}, 5: {'cpu': 0}, 3: {'cpu': 0}}, 'link_level': {(0, 1): {'bw': 0}, (0, 2): {'bw': 0}, (0, 4): {'bw': 0}, (0, 6): {'bw': 0}, (0, 7): {'bw': 0}, (0, 8): {'bw': 0}, (1, 4): {'bw': 0}, (1, 7): {'bw': 78}}, 'path_level': {(0, 1): {}, (0, 2): {}, (0, 4): {}, (0, 6): {}, (0, 7): {}, (0, 8): {}, (1, 4): {}, (1, 7): {}}}",[],-inf,-inf,True,False,False,0,[],0,0.0,10.0,8.0
145,111,11,27671.0,51506.0,10692462.544106621,20822644.83216243,0.5372383799945637,0.5135016531421196,29,272,0,3606.7000551442834,10773,1995,8778,0.2350460122699386,0.35809872029250456,124,505.7000551442834,3101.0,6,10,False,{},{},{},{},0.0,0.0,0.0,0.0,0.0,0.0,0.0,0.0,0.0,0.0,0.0,0.0,0.0,0.0,Leave Event,0.0,"{'node_level': {}, 'link_level': {}, 'path_level': {}}","{'node_level': {}, 'link_level': {}, 'path_level': {}}","{'node_level': {}, 'link_level': {}, 'path_level': {}}",[],-inf,-inf,True,True,False,0,[],0,0.0,,
146,112,12,27914.0,51976.0,10741717.620380834,20917911.852116667,0.5370555641065107,0.513517682659796,29,273,1,3630.0,10303,1933,8370,0.25881901840490795,0.38793418647166367,145,202.69578713667508,3630.0,7,6,True,"{1: np.int64(15), 2: np.int64(13), 6: np.int64(14), 5: np.int64(12), 4: np.int64(18), 3: np.int64(1), 0: np.int64(31)}","{(0, 1): [(np.int64(31), 29), (29, 2), (2, 13), (13, np.int64(15))], (1, 4): [(np.int64(15), 18)], (1, 5): [(np.int64(15), 12)], (2, 3): [(np.int64(13), 14), (14, 12), (12, np.int64(1))], (2, 5): [(np.int64(13), 14), (14, np.int64(12))], (4, 6): [(np.int64(18), 15), (15, 12), (12, np.int64(14))]}","{(1, np.int64(15)): {'cpu': 11}, (2, np.int64(13)): {'cpu': 20}, (6, np.int64(14)): {'cpu': 14}, (5, np.int64(12)): {'cpu': 4}, (4, np.int64(18)): {'cpu': 2}, (3, np.int64(1)): {'cpu': 11}, (0, np.int64(31)): {'cpu': 0}}","{((0, 1), (np.int64(31), 29)): {'bw': 37}, ((0, 1), (29, 2)): {'bw': 37}, ((0, 1), (2, 13)): {'bw': 37}, ((0, 1), (13, np.int64(15))): {'bw': 37}, ((1, 4), (np.int64(15), 18)): {'bw': 24}, ((1, 5), (np.int64(15), 12)): {'bw': 40}, ((2, 3), (np.int64(13), 14)): {'bw': 6}, ((2, 3), (14, 12)): {'bw': 6}, ((2, 3), (12, np.int64(1))): {'bw': 6}, ((2, 5), (np.int64(13), 14)): {'bw': 44}, ((2, 5), (14, np.int64(12))): {'bw': 44}, ((4, 6), (np.int64(18), 15)): {'bw': 30}, ((4, 6), (15, 12)): {'bw': 30}, ((4, 6), (12, np.int64(14))): {'bw': 30}}",470.0,243.0,124.0,62.0,181.0,62.0,181.0,62.0,408.0,227.0,0.5170212765957447,95267.01995423729,49255.07627421204,104.79803462598308,Success,0.0,"{'node_level': {}, 'link_level': {}, 'path_level': {}}","{'node_level': {1: {'cpu': -60}, 2: {'cpu': -40}, 6: {'cpu': -41}, 5: {'cpu': -53}, 4: {'cpu': -85}, 3: {'cpu': -26}, 0: {'cpu': -53}}, 'link_level': {(0, 1): {'bw': 0}, (1, 4): {'bw': -285}, (1, 5): {'bw': -122}, (2, 3): {'bw': -132}, (2, 5): {'bw': -88}, (4, 6): {'bw': -58}}, 'path_level': {(0, 1): {}, (1, 4): {}, (1, 5): {}, (2, 3): {}, (2, 5): {}, (4, 6): {}}}","{'node_level': {1: {'cpu': 0}, 2: {'cpu': 0}, 6: {'cpu': 0}, 5: {'cpu': 0}, 4: {'cpu': 0}, 3: {'cpu': 0}, 0: {'cpu': 0}}, 'link_level': {(0, 1): {'bw': 0}, (1, 4): {'bw': 0}, (1, 5): {'bw': 0}, (2, 3): {'bw': 0}, (2, 5): {'bw': 0}, (4, 6): {'bw': 0}}, 'path_level': {(0, 1): {}, (1, 4): {}, (1, 5): {}, (2, 3): {}, (2, 5): {}, (4, 6): {}}}",[],-inf,-inf,True,True,False,0,[],0,0.0,7.0,6.0
147,112,12,27914.0,51976.0,10741717.620380834,20917911.852116667,0.5370555641065107,0.513517682659796,29,274,1,3654.0,10303,1933,8370,0.25881901840490795,0.38793418647166367,146,4.4763160601501735,3654.0,10,28,False,"{4: np.int64(15), 5: np.int64(12), 2: np.int64(14), 8: np.int64(13), 6: np.int64(16), 9: np.int64(31), 7: np.int64(0), 1: np.int64(7), 0: np.int64(5), 3: np.int64(1)}","{(0, 2): [(np.int64(5), 3), (3, 13), (13, np.int64(14))], (0, 3): [(np.int64(5), 6), (6, 4), (4, np.int64(1))], (0, 5): [(np.int64(5), 7), (7, 4), (4, 0), (0, np.int64(12))], (0, 8): [(np.int64(5), 3), (3, np.int64(13))], (1, 4): [(np.int64(7), 4), (4, 0), (0, 12), (12, np.int64(15))], (1, 6): [(np.int64(7), 4), (4, 1), (1, 12), (12, 14), (14, np.int64(16))], (1, 7): [(np.int64(7), 4), (4, np.int64(0))], (1, 8): [(np.int64(7), 5), (5, 3), (3, np.int64(13))], (1, 9): [(np.int64(7), 4), (4, 0), (0, 28), (28, np.int64(31))], (2, 3): [(np.int64(14), 13), (13, 15), (15, 12), (12, np.int64(1))], (2, 4): [(np.int64(14), 13), (13, np.int64(15))], (2, 5): [(np.int64(14), 13), (13, 15), (15, np.int64(12))], (2, 7): []}","{(4, np.int64(15)): {'cpu': 14}, (5, np.int64(12)): {'cpu': 13}, (2, np.int64(14)): {'cpu': 14}, (8, np.int64(13)): {'cpu': 15}, (6, np.int64(16)): {'cpu': 8}, (9, np.int64(31)): {'cpu': 6}, (7, np.int64(0)): {'cpu': 3}, (1, np.int64(7)): {'cpu': 1}, (0, np.int64(5)): {'cpu': 1}, (3, np.int64(1)): {'cpu': 0}}","{((0, 2), (np.int64(5), 3)): {'bw': 3}, ((0, 2), (3, 13)): {'bw': 3}, ((0, 2), (13, np.int64(14))): {'bw': 3}, ((0, 3), (np.int64(5), 6)): {'bw': 47}, ((0, 3), (6, 4)): {'bw': 47}, ((0, 3), (4, np.int64(1))): {'bw': 47}, ((0, 5), (np.int64(5), 7)): {'bw': 42}, ((0, 5), (7, 4)): {'bw': 42}, ((0, 5), (4, 0)): {'bw': 42}, ((0, 5), (0, np.int64(12))): {'bw': 42}, ((0, 8), (np.int64(5), 3)): {'bw': 1}, ((0, 8), (3, np.int64(13))): {'bw': 1}, ((1, 4), (np.int64(7), 4)): {'bw': 17}, ((1, 4), (4, 0)): {'bw': 17}, ((1, 4), (0, 12)): {'bw': 17}, ((1, 4), (12, np.int64(15))): {'bw': 17}, ((1, 6), (np.int64(7), 4)): {'bw': 47}, ((1, 6), (4, 1)): {'bw': 47}, ((1, 6), (1, 12)): {'bw': 47}, ((1, 6), (12, 14)): {'bw': 47}, ((1, 6), (14, np.int64(16))): {'bw': 47}, ((1, 7), (np.int64(7), 4)): {'bw': 47}, ((1, 7), (4, np.int64(0))): {'bw': 47}, ((1, 8), (np.int64(7), 5)): {'bw': 16}, ((1, 8), (5, 3)): {'bw': 16}, ((1, 8), (3, np.int64(13))): {'bw': 16}, ((1, 9), (np.int64(7), 4)): {'bw': 4}, ((1, 9), (4, 0)): {'bw': 4}, ((1, 9), (0, 28)): {'bw': 4}, ((1, 9), (28, np.int64(31))): {'bw': 4}, ((2, 3), (np.int64(14), 13)): {'bw': 21}, ((2, 3), (13, 15)): {'bw': 21}, ((2, 3), (15, 12)): {'bw': 21}, ((2, 3), (12, np.int64(1))): {'bw': 21}, ((2, 4), (np.int64(14), 13)): {'bw': 29}, ((2, 4), (13, np.int64(15))): {'bw': 29}, ((2, 5), (np.int64(14), 13)): {'bw': 44}, ((2, 5), (13, 15)): {'bw': 44}, ((2, 5), (15, np.int64(12))): {'bw': 44}}",0.0,0.0,150.0,75.0,612.0,0.0,0.0,0.0,0.0,0.0,0.0,0.0,0.0,0.0,Route Failure,36.0,"{'node_level': {}, 'link_level': {}, 'path_level': {}}","{'node_level': {4: {'cpu': -46}, 5: {'cpu': -40}, 2: {'cpu': -27}, 8: {'cpu': -25}, 6: {'cpu': -92}, 9: {'cpu': -47}, 7: {'cpu': -67}, 1: {'cpu': -30}, 0: {'cpu': -32}, 3: {'cpu': -26}}, 'link_level': {(0, 2): {'bw': -171}, (0, 3): {'bw': -20}, (0, 5): {'bw': -26}, (0, 8): {'bw': -231}, (1, 4): {'bw': -9}, (1, 6): {'bw': -8}, (1, 7): {'bw': -32}, (1, 8): {'bw': -178}, (1, 9): {'bw': -18}, (2, 3): {'bw': -54}, (2, 4): {'bw': -48}, (2, 5): {'bw': -4}, (2, 7): {'bw': 32}}, 'path_level': {(0, 2): {}, (0, 3): {}, (0, 5): {}, (0, 8): {}, (1, 4): {}, (1, 6): {}, (1, 7): {}, (1, 8): {}, (1, 9): {}, (2, 3): {}, (2, 4): {}, (2, 5): {}, (2, 7): {}}}","{'node_level': {4: {'cpu': 0}, 5: {'cpu': 0}, 2: {'cpu': 0}, 8: {'cpu': 0}, 6: {'cpu': 0}, 9: {'cpu': 0}, 7: {'cpu': 0}, 1: {'cpu': 0}, 0: {'cpu': 0}, 3: {'cpu': 0}}, 'link_level': {(0, 2): {'bw': 0}, (0, 3): {'bw': 0}, (0, 5): {'bw': 0}, (0, 8): {'bw': 0}, (1, 4): {'bw': 0}, (1, 6): {'bw': 0}, (1, 7): {'bw': 0}, (1, 8): {'bw': 0}, (1, 9): {'bw': 0}, (2, 3): {'bw': 0}, (2, 4): {'bw': 0}, (2, 5): {'bw': 0}, (2, 7): {'bw': 36}}, 'path_level': {(0, 2): {}, (0, 3): {}, (0, 5): {}, (0, 8): {}, (1, 4): {}, (1, 6): {}, (1, 7): {}, (1, 8): {}, (1, 9): {}, (2, 3): {}, (2, 4): {}, (2, 5): {}, (2, 7): {}}}",[],-inf,-inf,True,False,False,0,[],0,0.0,10.0,13.0
147,112,12,27914.0,51976.0,10741717.620380834,20917911.852116667,0.5370555641065107,0.513517682659796,29,275,0,3658.47631606015,10303,1933,8370,0.25881901840490795,0.38793418647166367,146,4.4763160601501735,3654.0,10,28,False,{},{},{},{},0.0,0.0,0.0,0.0,0.0,0.0,0.0,0.0,0.0,0.0,0.0,0.0,0.0,0.0,Leave Event,0.0,"{'node_level': {}, 'link_level': {}, 'path_level': {}}","{'node_level': {}, 'link_level': {}, 'path_level': {}}","{'node_level': {}, 'link_level': {}, 'path_level': {}}",[],-inf,-inf,True,True,False,0,[],0,0.0,,
147,112,12,27914.0,51976.0,10741717.620380834,20917911.852116667,0.5370555641065107,0.513517682659796,29,276,0,3676.387097384098,10303,1933,8370,0.25881901840490795,0.38793418647166367,142,123.38709738409827,3553.0,6,9,False,{},{},{},{},0.0,0.0,0.0,0.0,0.0,0.0,0.0,0.0,0.0,0.0,0.0,0.0,0.0,0.0,Leave Event,0.0,"{'node_level': {}, 'link_level': {}, 'path_level': {}}","{'node_level': {}, 'link_level': {}, 'path_level': {}}","{'node_level': {}, 'link_level': {}, 'path_level': {}}",[],-inf,-inf,True,True,False,0,[],0,0.0,,
148,113,13,28044.0,52426.0,10787486.407592662,21076342.269388378,0.5349254186853851,0.5118291527871315,29,277,1,3678.0,9853,1898,7955,0.272239263803681,0.4182815356489945,147,352.06759393713253,3678.0,3,2,True,"{0: np.int64(15), 2: np.int64(12), 1: np.int64(14)}","{(0, 1): [(np.int64(15), 12), (12, np.int64(14))], (0, 2): [(np.int64(15), 13), (13, 3), (3, 5), (5, 6), (6, 4), (4, 0), (0, np.int64(12))]}","{(0, np.int64(15)): {'cpu': 13}, (2, np.int64(12)): {'cpu': 16}, (1, np.int64(14)): {'cpu': 6}}","{((0, 1), (np.int64(15), 12)): {'bw': 50}, ((0, 1), (12, np.int64(14))): {'bw': 50}, ((0, 2), (np.int64(15), 13)): {'bw': 45}, ((0, 2), (13, 3)): {'bw': 45}, ((0, 2), (3, 5)): {'bw': 45}, ((0, 2), (5, 6)): {'bw': 45}, ((0, 2), (6, 4)): {'bw': 45}, ((0, 2), (4, 0)): {'bw': 45}, ((0, 2), (0, np.int64(12))): {'bw': 45}}",450.0,130.0,70.0,35.0,95.0,35.0,95.0,35.0,415.0,320.0,0.28888888888888886,158430.41727170965,45768.78721182723,101.70841602628272,Success,0.0,"{'node_level': {}, 'link_level': {}, 'path_level': {}}","{'node_level': {0: {'cpu': -47}, 2: {'cpu': -37}, 1: {'cpu': -35}}, 'link_level': {(0, 1): {'bw': -8}, (0, 2): {'bw': -22}}, 'path_level': {(0, 1): {}, (0, 2): {}}}","{'node_level': {0: {'cpu': 0}, 2: {'cpu': 0}, 1: {'cpu': 0}}, 'link_level': {(0, 1): {'bw': 0}, (0, 2): {'bw': 0}}, 'path_level': {(0, 1): {}, (0, 2): {}}}",[],-inf,-inf,True,True,False,0,[],0,0.0,3.0,2.0
149,114,14,28134.0,52523.0,10837807.460241022,21130577.181687165,0.5356510481122556,0.51289689661831,30,278,1,3709.0,9756,1865,7891,0.28489263803680986,0.4229616087751371,148,559.1228072039964,3709.0,3,2,True,"{2: np.int64(31), 1: np.int64(35), 0: np.int64(28)}","{(0, 1): [(np.int64(28), 31), (31, np.int64(35))], (1, 2): [(np.int64(35), 31)]}","{(2, np.int64(31)): {'cpu': 8}, (1, np.int64(35)): {'cpu': 6}, (0, np.int64(28)): {'cpu': 19}}","{((0, 1), (np.int64(28), 31)): {'bw': 7}, ((0, 1), (31, np.int64(35))): {'bw': 7}, ((1, 2), (np.int64(35), 31)): {'bw': 50}}",97.0,90.0,66.0,33.0,57.0,33.0,57.0,33.0,64.0,7.0,0.9278350515463918,54234.912298787654,50321.05264835968,518.7737386428834,Success,0.0,"{'node_level': {}, 'link_level': {}, 'path_level': {}}","{'node_level': {2: {'cpu': -45}, 1: {'cpu': -57}, 0: {'cpu': -15}}, 'link_level': {(0, 1): {'bw': -96}, (1, 2): {'bw': -268}}, 'path_level': {(0, 1): {}, (1, 2): {}}}","{'node_level': {2: {'cpu': 0}, 1: {'cpu': 0}, 0: {'cpu': 0}}, 'link_level': {(0, 1): {'bw': 0}, (1, 2): {'bw': 0}}, 'path_level': {(0, 1): {}, (1, 2): {}}}",[],-inf,-inf,True,True,False,0,[],0,0.0,3.0,2.0
149,114,13,28134.0,52523.0,10837807.460241022,21130577.181687165,0.5356510481122556,0.51289689661831,30,279,0,3717.3721200290174,10234,1919,8315,0.2641871165644172,0.3919561243144424,134,369.37212002901754,3348.0,6,8,False,{},{},{},{},0.0,0.0,0.0,0.0,0.0,0.0,0.0,0.0,0.0,0.0,0.0,0.0,0.0,0.0,Leave Event,0.0,"{'node_level': {}, 'link_level': {}, 'path_level': {}}","{'node_level': {}, 'link_level': {}, 'path_level': {}}","{'node_level': {}, 'link_level': {}, 'path_level': {}}",[],-inf,-inf,True,True,False,0,[],0,0.0,,
149,114,13,28134.0,52523.0,10837807.460241022,21130577.181687165,0.5356510481122556,0.51289689661831,30,280,0,3720.3239889944866,10234,1919,8315,0.2641871165644172,0.3919561243144424,136,322.3239889944868,3398.0,10,26,False,{},{},{},{},0.0,0.0,0.0,0.0,0.0,0.0,0.0,0.0,0.0,0.0,0.0,0.0,0.0,0.0,Leave Event,0.0,"{'node_level': {}, 'link_level': {}, 'path_level': {}}","{'node_level': {}, 'link_level': {}, 'path_level': {}}","{'node_level': {}, 'link_level': {}, 'path_level': {}}",[],-inf,-inf,True,True,False,0,[],0,0.0,,
150,115,14,28652.0,53539.0,10852585.100583257,21159561.897107456,0.535161284297428,0.5128927126826204,30,281,1,3734.0,9218,1818,7400,0.3029141104294478,0.4588665447897623,149,28.528263208947568,3734.0,10,18,True,"{0: np.int64(31), 5: np.int64(29), 9: np.int64(30), 4: np.int64(33), 1: np.int64(32), 3: np.int64(28), 7: np.int64(0), 6: np.int64(7), 2: np.int64(15), 8: np.int64(1)}","{(0, 2): [(np.int64(31), 29), (29, 3), (3, 13), (13, np.int64(15))], (0, 3): [(np.int64(31), 28)], (0, 4): [(np.int64(31), 28), (28, 30), (30, np.int64(33))], (0, 8): [(np.int64(31), 28), (28, np.int64(1))], (1, 3): [(np.int64(32), 30), (30, 28)], (1, 4): [(np.int64(32), 30), (30, 33)], (1, 5): [(np.int64(32), 30), (30, 29)], (1, 8): [(np.int64(32), 30), (30, 28), (28, np.int64(1))], (1, 9): [(np.int64(32), 30)], (2, 4): [(np.int64(15), 12), (12, 0), (0, 28), (28, 30), (30, np.int64(33))], (3, 5): [(np.int64(28), 30), (30, np.int64(29))], (3, 7): [(np.int64(28), 0)], (3, 8): [(np.int64(28), 1)], (4, 8): [(np.int64(33), 30), (30, 28), (28, np.int64(1))], (5, 6): [(np.int64(29), 2), (2, 5), (5, np.int64(7))], (5, 8): [(np.int64(29), 30), (30, 28), (28, np.int64(1))], (5, 9): [(np.int64(29), 30)], (7, 8): [(np.int64(0), 4), (4, np.int64(1))]}","{(0, np.int64(31)): {'cpu': 18}, (5, np.int64(29)): {'cpu': 18}, (9, np.int64(30)): {'cpu': 18}, (4, np.int64(33)): {'cpu': 7}, (1, np.int64(32)): {'cpu': 4}, (3, np.int64(28)): {'cpu': 3}, (7, np.int64(0)): {'cpu': 8}, (6, np.int64(7)): {'cpu': 19}, (2, np.int64(15)): {'cpu': 4}, (8, np.int64(1)): {'cpu': 2}}","{((0, 2), (np.int64(31), 29)): {'bw': 46}, ((0, 2), (29, 3)): {'bw': 46}, ((0, 2), (3, 13)): {'bw': 46}, ((0, 2), (13, np.int64(15))): {'bw': 46}, ((0, 3), (np.int64(31), 28)): {'bw': 41}, ((0, 4), (np.int64(31), 28)): {'bw': 18}, ((0, 4), (28, 30)): {'bw': 18}, ((0, 4), (30, np.int64(33))): {'bw': 18}, ((0, 8), (np.int64(31), 28)): {'bw': 22}, ((0, 8), (28, np.int64(1))): {'bw': 22}, ((1, 3), (np.int64(32), 30)): {'bw': 29}, ((1, 3), (30, 28)): {'bw': 29}, ((1, 4), (np.int64(32), 30)): {'bw': 35}, ((1, 4), (30, 33)): {'bw': 35}, ((1, 5), (np.int64(32), 30)): {'bw': 11}, ((1, 5), (30, 29)): {'bw': 11}, ((1, 8), (np.int64(32), 30)): {'bw': 12}, ((1, 8), (30, 28)): {'bw': 12}, ((1, 8), (28, np.int64(1))): {'bw': 12}, ((1, 9), (np.int64(32), 30)): {'bw': 37}, ((2, 4), (np.int64(15), 12)): {'bw': 14}, ((2, 4), (12, 0)): {'bw': 14}, ((2, 4), (0, 28)): {'bw': 14}, ((2, 4), (28, 30)): {'bw': 14}, ((2, 4), (30, np.int64(33))): {'bw': 14}, ((3, 5), (np.int64(28), 30)): {'bw': 5}, ((3, 5), (30, np.int64(29))): {'bw': 5}, ((3, 7), (np.int64(28), 0)): {'bw': 24}, ((3, 8), (np.int64(28), 1)): {'bw': 5}, ((4, 8), (np.int64(33), 30)): {'bw': 29}, ((4, 8), (30, 28)): {'bw': 29}, ((4, 8), (28, np.int64(1))): {'bw': 29}, ((5, 6), (np.int64(29), 2)): {'bw': 13}, ((5, 6), (2, 5)): {'bw': 13}, ((5, 6), (5, np.int64(7))): {'bw': 13}, ((5, 8), (np.int64(29), 30)): {'bw': 24}, ((5, 8), (30, 28)): {'bw': 24}, ((5, 8), (28, np.int64(1))): {'bw': 24}, ((5, 9), (np.int64(29), 30)): {'bw': 42}, ((7, 8), (np.int64(0), 4)): {'bw': 10}, ((7, 8), (4, np.int64(1))): {'bw': 10}}",1016.0,518.0,202.0,101.0,417.0,101.0,417.0,101.0,915.0,498.0,0.5098425196850394,28984.71542029073,14777.64034223484,14.544921596687834,Success,0.0,"{'node_level': {}, 'link_level': {}, 'path_level': {}}","{'node_level': {0: {'cpu': -41}, 5: {'cpu': -31}, 9: {'cpu': -21}, 4: {'cpu': -75}, 1: {'cpu': -59}, 3: {'cpu': -19}, 7: {'cpu': -64}, 6: {'cpu': -12}, 2: {'cpu': -43}, 8: {'cpu': -24}}, 'link_level': {(0, 2): {'bw': -7}, (0, 3): {'bw': -126}, (0, 4): {'bw': -108}, (0, 8): {'bw': -86}, (1, 3): {'bw': -139}, (1, 4): {'bw': -273}, (1, 5): {'bw': -97}, (1, 8): {'bw': -127}, (1, 9): {'bw': -240}, (2, 4): {'bw': -23}, (3, 5): {'bw': -92}, (3, 7): {'bw': -49}, (3, 8): {'bw': -220}, (4, 8): {'bw': -79}, (5, 6): {'bw': -88}, (5, 8): {'bw': -55}, (5, 9): {'bw': -26}, (7, 8): {'bw': -92}}, 'path_level': {(0, 2): {}, (0, 3): {}, (0, 4): {}, (0, 8): {}, (1, 3): {}, (1, 4): {}, (1, 5): {}, (1, 8): {}, (1, 9): {}, (2, 4): {}, (3, 5): {}, (3, 7): {}, (3, 8): {}, (4, 8): {}, (5, 6): {}, (5, 8): {}, (5, 9): {}, (7, 8): {}}}","{'node_level': {0: {'cpu': 0}, 5: {'cpu': 0}, 9: {'cpu': 0}, 4: {'cpu': 0}, 1: {'cpu': 0}, 3: {'cpu': 0}, 7: {'cpu': 0}, 6: {'cpu': 0}, 2: {'cpu': 0}, 8: {'cpu': 0}}, 'link_level': {(0, 2): {'bw': 0}, (0, 3): {'bw': 0}, (0, 4): {'bw': 0}, (0, 8): {'bw': 0}, (1, 3): {'bw': 0}, (1, 4): {'bw': 0}, (1, 5): {'bw': 0}, (1, 8): {'bw': 0}, (1, 9): {'bw': 0}, (2, 4): {'bw': 0}, (3, 5): {'bw': 0}, (3, 7): {'bw': 0}, (3, 8): {'bw': 0}, (4, 8): {'bw': 0}, (5, 6): {'bw': 0}, (5, 8): {'bw': 0}, (5, 9): {'bw': 0}, (7, 8): {'bw': 0}}, 'path_level': {(0, 2): {}, (0, 3): {}, (0, 4): {}, (0, 8): {}, (1, 3): {}, (1, 4): {}, (1, 5): {}, (1, 8): {}, (1, 9): {}, (2, 4): {}, (3, 5): {}, (3, 7): {}, (3, 8): {}, (4, 8): {}, (5, 6): {}, (5, 8): {}, (5, 9): {}, (7, 8): {}}}",[],-inf,-inf,True,True,False,0,[],0,0.0,10.0,18.0
150,115,13,28652.0,53539.0,10852585.100583257,21159561.897107456,0.535161284297428,0.5128927126826204,30,282,0,3757.547464018449,10385,1894,8491,0.27377300613496935,0.3790859232175503,126,611.5474640184489,3146.0,9,17,False,{},{},{},{},0.0,0.0,0.0,0.0,0.0,0.0,0.0,0.0,0.0,0.0,0.0,0.0,0.0,0.0,Leave Event,0.0,"{'node_level': {}, 'link_level': {}, 'path_level': {}}","{'node_level': {}, 'link_level': {}, 'path_level': {}}","{'node_level': {}, 'link_level': {}, 'path_level': {}}",[],-inf,-inf,True,True,False,0,[],0,0.0,,
150,115,12,28652.0,53539.0,10852585.100583257,21159561.897107456,0.535161284297428,0.5128927126826204,30,283,0,3762.5282632089475,11401,1995,9406,0.2350460122699386,0.3121755027422304,149,28.528263208947568,3734.0,10,18,False,{},{},{},{},0.0,0.0,0.0,0.0,0.0,0.0,0.0,0.0,0.0,0.0,0.0,0.0,0.0,0.0,Leave Event,0.0,"{'node_level': {}, 'link_level': {}, 'path_level': {}}","{'node_level': {}, 'link_level': {}, 'path_level': {}}","{'node_level': {}, 'link_level': {}, 'path_level': {}}",[],-inf,-inf,True,True,False,0,[],0,0.0,,
151,115,12,28652.0,53539.0,10852585.100583257,21159561.897107456,0.535161284297428,0.5128927126826204,30,284,1,3763.0,11401,1995,9406,0.2350460122699386,0.3121755027422304,150,85.73806744048115,3763.0,9,20,False,"{6: np.int64(31), 3: np.int64(29), 2: np.int64(30), 7: np.int64(28), 4: np.int64(0), 1: np.int64(1), 5: np.int64(15), 8: np.int64(22), 0: np.int64(23)}","{(0, 1): [(np.int64(23), 20), (20, np.int64(1))], (0, 3): [(np.int64(23), 21), (21, 2), (2, np.int64(29))], (0, 4): [(np.int64(23), 20), (20, np.int64(0))], (0, 6): [(np.int64(23), 21), (21, 2), (2, 29), (29, np.int64(31))], (0, 7): [(np.int64(23), 20), (20, 0), (0, np.int64(28))], (0, 8): [(np.int64(23), 21), (21, np.int64(22))], (1, 2): [(np.int64(1), 28), (28, np.int64(30))], (1, 3): [(np.int64(1), 28), (28, 30), (30, np.int64(29))], (1, 6): [(np.int64(1), 28), (28, np.int64(31))], (2, 3): [(np.int64(30), 29)], (2, 4): [(np.int64(30), 28), (28, np.int64(0))], (2, 7): [(np.int64(30), 28)], (2, 8): [(np.int64(30), 28), (28, 1), (1, 20), (20, np.int64(22))], (3, 4): [(np.int64(29), 30), (30, 28), (28, np.int64(0))], (3, 6): [(np.int64(29), 31)], (3, 7): [(np.int64(29), 30), (30, np.int64(28))], (3, 8): []}","{(6, np.int64(31)): {'cpu': 19}, (3, np.int64(29)): {'cpu': 13}, (2, np.int64(30)): {'cpu': 20}, (7, np.int64(28)): {'cpu': 17}, (4, np.int64(0)): {'cpu': 11}, (1, np.int64(1)): {'cpu': 5}, (5, np.int64(15)): {'cpu': 6}, (8, np.int64(22)): {'cpu': 1}, (0, np.int64(23)): {'cpu': 1}}","{((0, 1), (np.int64(23), 20)): {'bw': 0}, ((0, 1), (20, np.int64(1))): {'bw': 0}, ((0, 3), (np.int64(23), 21)): {'bw': 50}, ((0, 3), (21, 2)): {'bw': 50}, ((0, 3), (2, np.int64(29))): {'bw': 50}, ((0, 4), (np.int64(23), 20)): {'bw': 17}, ((0, 4), (20, np.int64(0))): {'bw': 17}, ((0, 6), (np.int64(23), 21)): {'bw': 37}, ((0, 6), (21, 2)): {'bw': 37}, ((0, 6), (2, 29)): {'bw': 37}, ((0, 6), (29, np.int64(31))): {'bw': 37}, ((0, 7), (np.int64(23), 20)): {'bw': 12}, ((0, 7), (20, 0)): {'bw': 12}, ((0, 7), (0, np.int64(28))): {'bw': 12}, ((0, 8), (np.int64(23), 21)): {'bw': 6}, ((0, 8), (21, np.int64(22))): {'bw': 6}, ((1, 2), (np.int64(1), 28)): {'bw': 20}, ((1, 2), (28, np.int64(30))): {'bw': 20}, ((1, 3), (np.int64(1), 28)): {'bw': 15}, ((1, 3), (28, 30)): {'bw': 15}, ((1, 3), (30, np.int64(29))): {'bw': 15}, ((1, 6), (np.int64(1), 28)): {'bw': 45}, ((1, 6), (28, np.int64(31))): {'bw': 45}, ((2, 3), (np.int64(30), 29)): {'bw': 29}, ((2, 4), (np.int64(30), 28)): {'bw': 6}, ((2, 4), (28, np.int64(0))): {'bw': 6}, ((2, 7), (np.int64(30), 28)): {'bw': 14}, ((2, 8), (np.int64(30), 28)): {'bw': 42}, ((2, 8), (28, 1)): {'bw': 42}, ((2, 8), (1, 20)): {'bw': 42}, ((2, 8), (20, np.int64(22))): {'bw': 42}, ((3, 4), (np.int64(29), 30)): {'bw': 13}, ((3, 4), (30, 28)): {'bw': 13}, ((3, 4), (28, np.int64(0))): {'bw': 13}, ((3, 6), (np.int64(29), 31)): {'bw': 12}, ((3, 7), (np.int64(29), 30)): {'bw': 17}, ((3, 7), (30, np.int64(28))): {'bw': 17}}",0.0,0.0,186.0,93.0,507.0,0.0,0.0,0.0,0.0,0.0,0.0,0.0,0.0,0.0,Route Failure,25.0,"{'node_level': {}, 'link_level': {}, 'path_level': {}}","{'node_level': {6: {'cpu': -54}, 3: {'cpu': -45}, 2: {'cpu': -34}, 7: {'cpu': -22}, 4: {'cpu': -70}, 1: {'cpu': -27}, 5: {'cpu': -41}, 8: {'cpu': -50}, 0: {'cpu': -40}}, 'link_level': {(0, 1): {'bw': -30}, (0, 3): {'bw': -74}, (0, 4): {'bw': -13}, (0, 6): {'bw': -37}, (0, 7): {'bw': -1}, (0, 8): {'bw': -40}, (1, 2): {'bw': -259}, (1, 3): {'bw': -168}, (1, 6): {'bw': -182}, (2, 3): {'bw': -139}, (2, 4): {'bw': -234}, (2, 7): {'bw': -224}, (2, 8): {'bw': -17}, (3, 4): {'bw': -126}, (3, 6): {'bw': -92}, (3, 7): {'bw': -109}, (3, 8): {'bw': 25}}, 'path_level': {(0, 1): {}, (0, 3): {}, (0, 4): {}, (0, 6): {}, (0, 7): {}, (0, 8): {}, (1, 2): {}, (1, 3): {}, (1, 6): {}, (2, 3): {}, (2, 4): {}, (2, 7): {}, (2, 8): {}, (3, 4): {}, (3, 6): {}, (3, 7): {}, (3, 8): {}}}","{'node_level': {6: {'cpu': 0}, 3: {'cpu': 0}, 2: {'cpu': 0}, 7: {'cpu': 0}, 4: {'cpu': 0}, 1: {'cpu': 0}, 5: {'cpu': 0}, 8: {'cpu': 0}, 0: {'cpu': 0}}, 'link_level': {(0, 1): {'bw': 0}, (0, 3): {'bw': 0}, (0, 4): {'bw': 0}, (0, 6): {'bw': 0}, (0, 7): {'bw': 0}, (0, 8): {'bw': 0}, (1, 2): {'bw': 0}, (1, 3): {'bw': 0}, (1, 6): {'bw': 0}, (2, 3): {'bw': 0}, (2, 4): {'bw': 0}, (2, 7): {'bw': 0}, (2, 8): {'bw': 0}, (3, 4): {'bw': 0}, (3, 6): {'bw': 0}, (3, 7): {'bw': 0}, (3, 8): {'bw': 25}}, 'path_level': {(0, 1): {}, (0, 3): {}, (0, 4): {}, (0, 6): {}, (0, 7): {}, (0, 8): {}, (1, 2): {}, (1, 3): {}, (1, 6): {}, (2, 3): {}, (2, 4): {}, (2, 7): {}, (2, 8): {}, (3, 4): {}, (3, 6): {}, (3, 7): {}, (3, 8): {}}}",[],-inf,-inf,True,False,False,0,[],0,0.0,9.0,17.0
152,116,13,28708.0,53595.0,10878600.76576638,21185577.56229058,0.535646981994589,0.5134908752796914,30,285,1,3784.0,11345,1964,9381,0.24693251533742333,0.3140036563071298,151,464.5654496986333,3784.0,2,1,True,"{1: np.int64(31), 0: np.int64(29)}","{(0, 1): [(np.int64(29), 31)]}","{(1, np.int64(31)): {'cpu': 20}, (0, np.int64(29)): {'cpu': 11}}","{((0, 1), (np.int64(29), 31)): {'bw': 25}}",56.0,56.0,62.0,31.0,25.0,31.0,25.0,31.0,25.0,0.0,1.0,26015.665183123463,26015.665183123463,464.5654496986333,Success,0.0,"{'node_level': {}, 'link_level': {}, 'path_level': {}}","{'node_level': {1: {'cpu': -53}, 0: {'cpu': -47}}, 'link_level': {(0, 1): {'bw': -116}}, 'path_level': {(0, 1): {}}}","{'node_level': {1: {'cpu': 0}, 0: {'cpu': 0}}, 'link_level': {(0, 1): {'bw': 0}}, 'path_level': {(0, 1): {}}}",[],-inf,-inf,True,True,False,0,[],0,0.0,2.0,1.0
153,117,14,28921.0,53893.0,10919552.321452165,21242871.288085714,0.5366374111665708,0.5140337279912114,30,286,1,3811.0,11047,1912,9135,0.2668711656441718,0.3319926873857404,152,192.26082481588935,3811.0,5,7,True,"{2: np.int64(30), 3: np.int64(28), 0: np.int64(0), 4: np.int64(31), 1: np.int64(29)}","{(0, 2): [(np.int64(0), 28), (28, np.int64(30))], (0, 3): [(np.int64(0), 28)], (1, 2): [(np.int64(29), 30)], (1, 3): [(np.int64(29), 30), (30, np.int64(28))], (1, 4): [(np.int64(29), 31)], (2, 3): [(np.int64(30), 28)], (2, 4): [(np.int64(30), 28), (28, np.int64(31))]}","{(2, np.int64(30)): {'cpu': 10}, (3, np.int64(28)): {'cpu': 12}, (0, np.int64(0)): {'cpu': 10}, (4, np.int64(31)): {'cpu': 12}, (1, np.int64(29)): {'cpu': 8}}","{((0, 2), (np.int64(0), 28)): {'bw': 32}, ((0, 2), (28, np.int64(30))): {'bw': 32}, ((0, 3), (np.int64(0), 28)): {'bw': 28}, ((1, 2), (np.int64(29), 30)): {'bw': 5}, ((1, 3), (np.int64(29), 30)): {'bw': 20}, ((1, 3), (30, np.int64(28))): {'bw': 20}, ((1, 4), (np.int64(29), 31)): {'bw': 7}, ((2, 3), (np.int64(30), 28)): {'bw': 36}, ((2, 4), (np.int64(30), 28)): {'bw': 33}, ((2, 4), (28, np.int64(31))): {'bw': 33}}",298.0,213.0,104.0,52.0,161.0,52.0,161.0,52.0,246.0,85.0,0.714765100671141,57293.725795135026,40951.555685784435,137.42132780464576,Success,0.0,"{'node_level': {}, 'link_level': {}, 'path_level': {}}","{'node_level': {2: {'cpu': -44}, 3: {'cpu': -27}, 0: {'cpu': -71}, 4: {'cpu': -41}, 1: {'cpu': -39}}, 'link_level': {(0, 2): {'bw': -220}, (0, 3): {'bw': -192}, (1, 2): {'bw': -178}, (1, 3): {'bw': -158}, (1, 4): {'bw': -109}, (2, 3): {'bw': -191}, (2, 4): {'bw': -158}}, 'path_level': {(0, 2): {}, (0, 3): {}, (1, 2): {}, (1, 3): {}, (1, 4): {}, (2, 3): {}, (2, 4): {}}}","{'node_level': {2: {'cpu': 0}, 3: {'cpu': 0}, 0: {'cpu': 0}, 4: {'cpu': 0}, 1: {'cpu': 0}}, 'link_level': {(0, 2): {'bw': 0}, (0, 3): {'bw': 0}, (1, 2): {'bw': 0}, (1, 3): {'bw': 0}, (1, 4): {'bw': 0}, (2, 3): {'bw': 0}, (2, 4): {'bw': 0}}, 'path_level': {(0, 2): {}, (0, 3): {}, (1, 2): {}, (1, 3): {}, (1, 4): {}, (2, 3): {}, (2, 4): {}}}",[],-inf,-inf,True,True,False,0,[],0,0.0,5.0,7.0
153,117,13,28921.0,53893.0,10919552.321452165,21242871.288085714,0.5366374111665708,0.5140337279912114,30,287,0,3832.695787136675,11517,1974,9543,0.24309815950920244,0.3021572212065814,145,202.69578713667508,3630.0,7,6,False,{},{},{},{},0.0,0.0,0.0,0.0,0.0,0.0,0.0,0.0,0.0,0.0,0.0,0.0,0.0,0.0,Leave Event,0.0,"{'node_level': {}, 'link_level': {}, 'path_level': {}}","{'node_level': {}, 'link_level': {}, 'path_level': {}}","{'node_level': {}, 'link_level': {}, 'path_level': {}}",[],-inf,-inf,True,True,False,0,[],0,0.0,,
154,118,14,29291.0,54498.0,11328769.931961287,21911997.380945224,0.5374692649271533,0.5170121981582947,30,288,1,3834.0,10912,1892,9020,0.27453987730061347,0.34040219378427783,153,1105.9935419165477,3834.0,6,10,True,"{3: np.int64(15), 2: np.int64(13), 4: np.int64(14), 0: np.int64(12), 5: np.int64(0), 1: np.int64(1)}","{(0, 2): [(np.int64(12), 14), (14, np.int64(13))], (0, 3): [(np.int64(12), 15)], (0, 4): [(np.int64(12), 14)], (1, 3): [(np.int64(1), 12), (12, np.int64(15))], (1, 4): [(np.int64(1), 12), (12, np.int64(14))], (2, 4): [(np.int64(13), 14)], (2, 5): [(np.int64(13), 14), (14, 12), (12, np.int64(0))], (3, 4): [(np.int64(15), 13), (13, np.int64(14))], (3, 5): [(np.int64(15), 12), (12, np.int64(0))], (4, 5): [(np.int64(14), 12), (12, np.int64(0))]}","{(3, np.int64(15)): {'cpu': 19}, (2, np.int64(13)): {'cpu': 16}, (4, np.int64(14)): {'cpu': 9}, (0, np.int64(12)): {'cpu': 18}, (5, np.int64(0)): {'cpu': 13}, (1, np.int64(1)): {'cpu': 7}}","{((0, 2), (np.int64(12), 14)): {'bw': 11}, ((0, 2), (14, np.int64(13))): {'bw': 11}, ((0, 3), (np.int64(12), 15)): {'bw': 37}, ((0, 4), (np.int64(12), 14)): {'bw': 3}, ((1, 3), (np.int64(1), 12)): {'bw': 35}, ((1, 3), (12, np.int64(15))): {'bw': 35}, ((1, 4), (np.int64(1), 12)): {'bw': 50}, ((1, 4), (12, np.int64(14))): {'bw': 50}, ((2, 4), (np.int64(13), 14)): {'bw': 50}, ((2, 5), (np.int64(13), 14)): {'bw': 37}, ((2, 5), (14, 12)): {'bw': 37}, ((2, 5), (12, np.int64(0))): {'bw': 37}, ((3, 4), (np.int64(15), 13)): {'bw': 41}, ((3, 4), (13, np.int64(14))): {'bw': 41}, ((3, 5), (np.int64(15), 12)): {'bw': 9}, ((3, 5), (12, np.int64(0))): {'bw': 9}, ((4, 5), (np.int64(14), 12)): {'bw': 15}, ((4, 5), (12, np.int64(0))): {'bw': 15}}",605.0,370.0,164.0,82.0,288.0,82.0,288.0,82.0,523.0,235.0,0.6115702479338843,669126.0928595114,409217.6105091226,676.3927446431778,Success,0.0,"{'node_level': {}, 'link_level': {}, 'path_level': {}}","{'node_level': {3: {'cpu': -39}, 2: {'cpu': -46}, 4: {'cpu': -40}, 0: {'cpu': -23}, 5: {'cpu': -58}, 1: {'cpu': -36}}, 'link_level': {(0, 2): {'bw': -126}, (0, 3): {'bw': -151}, (0, 4): {'bw': -123}, (1, 3): {'bw': -116}, (1, 4): {'bw': -73}, (2, 4): {'bw': -212}, (2, 5): {'bw': -36}, (3, 4): {'bw': -95}, (3, 5): {'bw': -74}, (4, 5): {'bw': -21}}, 'path_level': {(0, 2): {}, (0, 3): {}, (0, 4): {}, (1, 3): {}, (1, 4): {}, (2, 4): {}, (2, 5): {}, (3, 4): {}, (3, 5): {}, (4, 5): {}}}","{'node_level': {3: {'cpu': 0}, 2: {'cpu': 0}, 4: {'cpu': 0}, 0: {'cpu': 0}, 5: {'cpu': 0}, 1: {'cpu': 0}}, 'link_level': {(0, 2): {'bw': 0}, (0, 3): {'bw': 0}, (0, 4): {'bw': 0}, (1, 3): {'bw': 0}, (1, 4): {'bw': 0}, (2, 4): {'bw': 0}, (2, 5): {'bw': 0}, (3, 4): {'bw': 0}, (3, 5): {'bw': 0}, (4, 5): {'bw': 0}}, 'path_level': {(0, 2): {}, (0, 3): {}, (0, 4): {}, (1, 3): {}, (1, 4): {}, (2, 4): {}, (2, 5): {}, (3, 4): {}, (3, 5): {}, (4, 5): {}}}",[],-inf,-inf,True,True,False,0,[],0,0.0,6.0,10.0
154,118,13,29291.0,54498.0,11328769.931961287,21911997.380945224,0.5374692649271533,0.5170121981582947,30,289,0,3842.8931488130315,11029,1942,9087,0.2553680981595092,0.3355027422303474,132,539.8931488130315,3303.0,3,2,False,{},{},{},{},0.0,0.0,0.0,0.0,0.0,0.0,0.0,0.0,0.0,0.0,0.0,0.0,0.0,0.0,Leave Event,0.0,"{'node_level': {}, 'link_level': {}, 'path_level': {}}","{'node_level': {}, 'link_level': {}, 'path_level': {}}","{'node_level': {}, 'link_level': {}, 'path_level': {}}",[],-inf,-inf,True,True,False,0,[],0,0.0,,
154,118,13,29291.0,54498.0,11328769.931961287,21911997.380945224,0.5374692649271533,0.5170121981582947,30,290,0,3848.7380674404812,11029,1942,9087,0.2553680981595092,0.3355027422303474,150,85.73806744048115,3763.0,9,20,False,{},{},{},{},0.0,0.0,0.0,0.0,0.0,0.0,0.0,0.0,0.0,0.0,0.0,0.0,0.0,0.0,Leave Event,0.0,"{'node_level': {}, 'link_level': {}, 'path_level': {}}","{'node_level': {}, 'link_level': {}, 'path_level': {}}","{'node_level': {}, 'link_level': {}, 'path_level': {}}",[],-inf,-inf,True,True,False,0,[],0,0.0,,
154,118,13,29291.0,54498.0,11328769.931961287,21911997.380945224,0.5374692649271533,0.5170121981582947,30,291,0,3850.696963121521,11029,1942,9087,0.2553680981595092,0.3355027422303474,141,314.69696312152104,3536.0,7,11,False,{},{},{},{},0.0,0.0,0.0,0.0,0.0,0.0,0.0,0.0,0.0,0.0,0.0,0.0,0.0,0.0,Leave Event,0.0,"{'node_level': {}, 'link_level': {}, 'path_level': {}}","{'node_level': {}, 'link_level': {}, 'path_level': {}}","{'node_level': {}, 'link_level': {}, 'path_level': {}}",[],-inf,-inf,True,True,False,0,[],0,0.0,,
155,119,14,29435.0,54642.0,11441264.748762347,22024492.197746284,0.5386881885728927,0.5194791619274248,30,292,1,3854.0,10885,1882,9003,0.27837423312883436,0.3416453382084095,154,781.2140055629225,3854.0,4,3,True,"{0: np.int64(30), 1: np.int64(28), 2: np.int64(31), 3: np.int64(29)}","{(0, 1): [(np.int64(30), 28)], (0, 3): [(np.int64(30), 29)], (1, 2): [(np.int64(28), 31)]}","{(0, np.int64(30)): {'cpu': 20}, (1, np.int64(28)): {'cpu': 8}, (2, np.int64(31)): {'cpu': 12}, (3, np.int64(29)): {'cpu': 20}}","{((0, 1), (np.int64(30), 28)): {'bw': 25}, ((0, 3), (np.int64(30), 29)): {'bw': 22}, ((1, 2), (np.int64(28), 31)): {'bw': 37}}",144.0,144.0,120.0,60.0,84.0,60.0,84.0,60.0,84.0,0.0,1.0,112494.81680106084,112494.81680106084,781.2140055629225,Success,0.0,"{'node_level': {}, 'link_level': {}, 'path_level': {}}","{'node_level': {0: {'cpu': -44}, 1: {'cpu': -32}, 2: {'cpu': -29}, 3: {'cpu': -19}}, 'link_level': {(0, 1): {'bw': -169}, (0, 3): {'bw': -136}, (1, 2): {'bw': -157}}, 'path_level': {(0, 1): {}, (0, 3): {}, (1, 2): {}}}","{'node_level': {0: {'cpu': 0}, 1: {'cpu': 0}, 2: {'cpu': 0}, 3: {'cpu': 0}}, 'link_level': {(0, 1): {'bw': 0}, (0, 3): {'bw': 0}, (1, 2): {'bw': 0}}, 'path_level': {(0, 1): {}, (0, 3): {}, (1, 2): {}}}",[],-inf,-inf,True,True,False,0,[],0,0.0,4.0,3.0
155,119,13,29435.0,54642.0,11441264.748762347,22024492.197746284,0.5386881885728927,0.5194791619274248,30,293,0,3870.073283004124,10930,1889,9041,0.27569018404907975,0.3388665447897623,125,741.0732830041238,3129.0,2,1,False,{},{},{},{},0.0,0.0,0.0,0.0,0.0,0.0,0.0,0.0,0.0,0.0,0.0,0.0,0.0,0.0,Leave Event,0.0,"{'node_level': {}, 'link_level': {}, 'path_level': {}}","{'node_level': {}, 'link_level': {}, 'path_level': {}}","{'node_level': {}, 'link_level': {}, 'path_level': {}}",[],-inf,-inf,True,True,False,0,[],0,0.0,,
156,120,14,29483.0,54690.0,11447150.997397235,22030378.446381174,0.5390930700310843,0.5196075512392119,30,294,1,3872.0,10882,1863,9019,0.285659509202454,0.34047531992687385,155,122.63017989350627,3872.0,2,1,True,"{1: np.int64(30), 0: np.int64(32)}","{(0, 1): [(np.int64(32), 30)]}","{(1, np.int64(30)): {'cpu': 15}, (0, np.int64(32)): {'cpu': 11}}","{((0, 1), (np.int64(32), 30)): {'bw': 22}}",48.0,48.0,52.0,26.0,22.0,26.0,22.0,26.0,22.0,0.0,1.0,5886.248634888301,5886.248634888301,122.63017989350627,Success,0.0,"{'node_level': {}, 'link_level': {}, 'path_level': {}}","{'node_level': {1: {'cpu': -36}, 0: {'cpu': -69}}, 'link_level': {(0, 1): {'bw': -373}}, 'path_level': {(0, 1): {}}}","{'node_level': {1: {'cpu': 0}, 0: {'cpu': 0}}, 'link_level': {(0, 1): {'bw': 0}}, 'path_level': {(0, 1): {}}}",[],-inf,-inf,True,True,False,0,[],0,0.0,2.0,1.0
156,120,13,29483.0,54690.0,11447150.997397235,22030378.446381174,0.5390930700310843,0.5196075512392119,30,295,0,3874.649364192541,11370,1934,9436,0.2584355828220859,0.30998171846435096,143,290.64936419254104,3584.0,7,9,False,{},{},{},{},0.0,0.0,0.0,0.0,0.0,0.0,0.0,0.0,0.0,0.0,0.0,0.0,0.0,0.0,Leave Event,0.0,"{'node_level': {}, 'link_level': {}, 'path_level': {}}","{'node_level': {}, 'link_level': {}, 'path_level': {}}","{'node_level': {}, 'link_level': {}, 'path_level': {}}",[],-inf,-inf,True,True,False,0,[],0,0.0,,
156,120,12,29483.0,54690.0,11447150.997397235,22030378.446381174,0.5390930700310843,0.5196075512392119,30,296,0,3879.6407979739492,12029,2037,9992,0.21894171779141103,0.26932358318098726,116,982.6407979739491,2897.0,8,11,False,{},{},{},{},0.0,0.0,0.0,0.0,0.0,0.0,0.0,0.0,0.0,0.0,0.0,0.0,0.0,0.0,Leave Event,0.0,"{'node_level': {}, 'link_level': {}, 'path_level': {}}","{'node_level': {}, 'link_level': {}, 'path_level': {}}","{'node_level': {}, 'link_level': {}, 'path_level': {}}",[],-inf,-inf,True,True,False,0,[],0,0.0,,
157,121,13,29702.0,55100.0,11471613.82638552,22076176.43672454,0.5390562613430127,0.5196377125932942,30,297,1,3891.0,11619,2007,9612,0.2304447852760736,0.2971115173674589,156,111.70241547162553,3891.0,5,8,True,"{1: np.int64(7), 4: np.int64(5), 0: np.int64(2), 2: np.int64(6), 3: np.int64(1)}","{(0, 1): [(np.int64(2), 5), (5, np.int64(7))], (0, 2): [(np.int64(2), 5), (5, np.int64(6))], (0, 3): [(np.int64(2), 5), (5, 6), (6, 4), (4, np.int64(1))], (0, 4): [(np.int64(2), 5)], (1, 2): [(np.int64(7), 5), (5, np.int64(6))], (1, 3): [(np.int64(7), 4), (4, np.int64(1))], (2, 3): [(np.int64(6), 4), (4, np.int64(1))], (2, 4): [(np.int64(6), 5)]}","{(1, np.int64(7)): {'cpu': 13}, (4, np.int64(5)): {'cpu': 8}, (0, np.int64(2)): {'cpu': 4}, (2, np.int64(6)): {'cpu': 2}, (3, np.int64(1)): {'cpu': 3}}","{((0, 1), (np.int64(2), 5)): {'bw': 8}, ((0, 1), (5, np.int64(7))): {'bw': 8}, ((0, 2), (np.int64(2), 5)): {'bw': 35}, ((0, 2), (5, np.int64(6))): {'bw': 35}, ((0, 3), (np.int64(2), 5)): {'bw': 25}, ((0, 3), (5, 6)): {'bw': 25}, ((0, 3), (6, 4)): {'bw': 25}, ((0, 3), (4, np.int64(1))): {'bw': 25}, ((0, 4), (np.int64(2), 5)): {'bw': 16}, ((1, 2), (np.int64(7), 5)): {'bw': 42}, ((1, 2), (5, np.int64(6))): {'bw': 42}, ((1, 3), (np.int64(7), 4)): {'bw': 21}, ((1, 3), (4, np.int64(1))): {'bw': 21}, ((2, 3), (np.int64(6), 4)): {'bw': 10}, ((2, 3), (4, np.int64(1))): {'bw': 10}, ((2, 4), (np.int64(6), 5)): {'bw': 32}}",410.0,219.0,60.0,30.0,189.0,30.0,189.0,30.0,380.0,191.0,0.5341463414634147,45797.990343366466,24462.82898828599,59.6654365567951,Success,0.0,"{'node_level': {}, 'link_level': {}, 'path_level': {}}","{'node_level': {1: {'cpu': -34}, 4: {'cpu': -33}, 0: {'cpu': -51}, 2: {'cpu': -44}, 3: {'cpu': -53}}, 'link_level': {(0, 1): {'bw': -165}, (0, 2): {'bw': -130}, (0, 3): {'bw': -28}, (0, 4): {'bw': -89}, (1, 2): {'bw': -65}, (1, 3): {'bw': -107}, (2, 3): {'bw': -18}, (2, 4): {'bw': -33}}, 'path_level': {(0, 1): {}, (0, 2): {}, (0, 3): {}, (0, 4): {}, (1, 2): {}, (1, 3): {}, (2, 3): {}, (2, 4): {}}}","{'node_level': {1: {'cpu': 0}, 4: {'cpu': 0}, 0: {'cpu': 0}, 2: {'cpu': 0}, 3: {'cpu': 0}}, 'link_level': {(0, 1): {'bw': 0}, (0, 2): {'bw': 0}, (0, 3): {'bw': 0}, (0, 4): {'bw': 0}, (1, 2): {'bw': 0}, (1, 3): {'bw': 0}, (2, 3): {'bw': 0}, (2, 4): {'bw': 0}}, 'path_level': {(0, 1): {}, (0, 2): {}, (0, 3): {}, (0, 4): {}, (1, 2): {}, (1, 3): {}, (2, 3): {}, (2, 4): {}}}",[],-inf,-inf,True,True,False,0,[],0,0.0,5.0,8.0
157,121,12,29702.0,55100.0,11471613.82638552,22076176.43672454,0.5390562613430127,0.5196377125932942,30,298,0,3899.5955514186217,12083,2099,9984,0.19516871165644167,0.269908592321755,140,388.5955514186216,3511.0,7,10,False,{},{},{},{},0.0,0.0,0.0,0.0,0.0,0.0,0.0,0.0,0.0,0.0,0.0,0.0,0.0,0.0,Leave Event,0.0,"{'node_level': {}, 'link_level': {}, 'path_level': {}}","{'node_level': {}, 'link_level': {}, 'path_level': {}}","{'node_level': {}, 'link_level': {}, 'path_level': {}}",[],-inf,-inf,True,True,False,0,[],0,0.0,,
157,121,11,29702.0,55100.0,11471613.82638552,22076176.43672454,0.5390562613430127,0.5196377125932942,30,299,0,3908.0493530682043,12704,2150,10554,0.17561349693251538,0.2282266910420475,123,835.049353068204,3073.0,7,11,False,{},{},{},{},0.0,0.0,0.0,0.0,0.0,0.0,0.0,0.0,0.0,0.0,0.0,0.0,0.0,0.0,Leave Event,0.0,"{'node_level': {}, 'link_level': {}, 'path_level': {}}","{'node_level': {}, 'link_level': {}, 'path_level': {}}","{'node_level': {}, 'link_level': {}, 'path_level': {}}",[],-inf,-inf,True,True,False,0,[],0,0.0,,
158,122,12,29953.0,55651.0,11614785.535638658,22390469.710822064,0.5382293220247615,0.518737913301785,30,300,1,3924.0,12153,2093,10060,0.19746932515337423,0.26435100548446067,157,570.4052161479595,3924.0,7,11,True,"{4: np.int64(22), 5: np.int64(21), 1: np.int64(23), 6: np.int64(3), 0: np.int64(2), 2: np.int64(13), 3: np.int64(7)}","{(0, 1): [(np.int64(2), 21), (21, np.int64(23))], (0, 3): [(np.int64(2), 5), (5, np.int64(7))], (0, 5): [(np.int64(2), 21)], (1, 2): [(np.int64(23), 21), (21, 2), (2, np.int64(13))], (2, 3): [(np.int64(13), 2), (2, 5), (5, np.int64(7))], (2, 6): [(np.int64(13), 3)], (3, 4): [(np.int64(7), 4), (4, 0), (0, 20), (20, np.int64(22))], (3, 5): [(np.int64(7), 5), (5, 2), (2, np.int64(21))], (4, 5): [(np.int64(22), 21)], (4, 6): [(np.int64(22), 21), (21, np.int64(3))], (5, 6): [(np.int64(21), 3)]}","{(4, np.int64(22)): {'cpu': 13}, (5, np.int64(21)): {'cpu': 13}, (1, np.int64(23)): {'cpu': 9}, (6, np.int64(3)): {'cpu': 9}, (0, np.int64(2)): {'cpu': 6}, (2, np.int64(13)): {'cpu': 5}, (3, np.int64(7)): {'cpu': 2}}","{((0, 1), (np.int64(2), 21)): {'bw': 33}, ((0, 1), (21, np.int64(23))): {'bw': 33}, ((0, 3), (np.int64(2), 5)): {'bw': 3}, ((0, 3), (5, np.int64(7))): {'bw': 3}, ((0, 5), (np.int64(2), 21)): {'bw': 4}, ((1, 2), (np.int64(23), 21)): {'bw': 30}, ((1, 2), (21, 2)): {'bw': 30}, ((1, 2), (2, np.int64(13))): {'bw': 30}, ((2, 3), (np.int64(13), 2)): {'bw': 1}, ((2, 3), (2, 5)): {'bw': 1}, ((2, 3), (5, np.int64(7))): {'bw': 1}, ((2, 6), (np.int64(13), 3)): {'bw': 5}, ((3, 4), (np.int64(7), 4)): {'bw': 24}, ((3, 4), (4, 0)): {'bw': 24}, ((3, 4), (0, 20)): {'bw': 24}, ((3, 4), (20, np.int64(22))): {'bw': 24}, ((3, 5), (np.int64(7), 5)): {'bw': 47}, ((3, 5), (5, 2)): {'bw': 47}, ((3, 5), (2, np.int64(21))): {'bw': 47}, ((4, 5), (np.int64(22), 21)): {'bw': 10}, ((4, 6), (np.int64(22), 21)): {'bw': 36}, ((4, 6), (21, np.int64(3))): {'bw': 36}, ((5, 6), (np.int64(21), 3)): {'bw': 1}}",551.0,251.0,114.0,57.0,194.0,57.0,194.0,57.0,494.0,300.0,0.455535390199637,314293.2740975257,143171.70925313784,259.83976270986904,Success,0.0,"{'node_level': {}, 'link_level': {}, 'path_level': {}}","{'node_level': {4: {'cpu': -75}, 5: {'cpu': -36}, 1: {'cpu': -58}, 6: {'cpu': -38}, 0: {'cpu': -45}, 2: {'cpu': -56}, 3: {'cpu': -50}}, 'link_level': {(0, 1): {'bw': -232}, (0, 3): {'bw': -86}, (0, 5): {'bw': -228}, (1, 2): {'bw': -166}, (2, 3): {'bw': -85}, (2, 6): {'bw': -234}, (3, 4): {'bw': -85}, (3, 5): {'bw': -38}, (4, 5): {'bw': -184}, (4, 6): {'bw': -148}, (5, 6): {'bw': -284}}, 'path_level': {(0, 1): {}, (0, 3): {}, (0, 5): {}, (1, 2): {}, (2, 3): {}, (2, 6): {}, (3, 4): {}, (3, 5): {}, (4, 5): {}, (4, 6): {}, (5, 6): {}}}","{'node_level': {4: {'cpu': 0}, 5: {'cpu': 0}, 1: {'cpu': 0}, 6: {'cpu': 0}, 0: {'cpu': 0}, 2: {'cpu': 0}, 3: {'cpu': 0}}, 'link_level': {(0, 1): {'bw': 0}, (0, 3): {'bw': 0}, (0, 5): {'bw': 0}, (1, 2): {'bw': 0}, (2, 3): {'bw': 0}, (2, 6): {'bw': 0}, (3, 4): {'bw': 0}, (3, 5): {'bw': 0}, (4, 5): {'bw': 0}, (4, 6): {'bw': 0}, (5, 6): {'bw': 0}}, 'path_level': {(0, 1): {}, (0, 3): {}, (0, 5): {}, (1, 2): {}, (2, 3): {}, (2, 6): {}, (3, 4): {}, (3, 5): {}, (4, 5): {}, (4, 6): {}, (5, 6): {}}}",[],-inf,-inf,True,True,False,0,[],0,0.0,7.0,11.0
158,122,12,29953.0,55651.0,11614785.535638658,22390469.710822064,0.5382293220247615,0.518737913301785,30,301,0,3931.2307887105585,12153,2093,10060,0.19746932515337423,0.26435100548446067,144,327.2307887105584,3604.0,10,24,False,{},{},{},{},0.0,0.0,0.0,0.0,0.0,0.0,0.0,0.0,0.0,0.0,0.0,0.0,0.0,0.0,Leave Event,0.0,"{'node_level': {}, 'link_level': {}, 'path_level': {}}","{'node_level': {}, 'link_level': {}, 'path_level': {}}","{'node_level': {}, 'link_level': {}, 'path_level': {}}",[],-inf,-inf,True,True,False,0,[],0,0.0,,
159,123,13,30075.0,55818.0,11625146.9792156,22404652.998341322,0.5388046866602171,0.5188719941378356,30,302,1,3946.0,11986,2058,9928,0.2108895705521472,0.27400365630712975,158,84.92986538476573,3946.0,3,2,True,"{2: np.int64(1), 0: np.int64(4), 1: np.int64(7)}","{(0, 2): [(np.int64(4), 1)], (1, 2): [(np.int64(7), 4), (4, np.int64(1))]}","{(2, np.int64(1)): {'cpu': 16}, (0, np.int64(4)): {'cpu': 13}, (1, np.int64(7)): {'cpu': 6}}","{((0, 2), (np.int64(4), 1)): {'bw': 42}, ((1, 2), (np.int64(7), 4)): {'bw': 45}, ((1, 2), (4, np.int64(1))): {'bw': 45}}",167.0,122.0,70.0,35.0,87.0,35.0,87.0,35.0,132.0,45.0,0.7305389221556886,14183.287519255877,10361.44357694142,62.044572317014484,Success,0.0,"{'node_level': {}, 'link_level': {}, 'path_level': {}}","{'node_level': {2: {'cpu': -57}, 0: {'cpu': -46}, 1: {'cpu': -44}}, 'link_level': {(0, 2): {'bw': -116}, (1, 2): {'bw': -71}}, 'path_level': {(0, 2): {}, (1, 2): {}}}","{'node_level': {2: {'cpu': 0}, 0: {'cpu': 0}, 1: {'cpu': 0}}, 'link_level': {(0, 2): {'bw': 0}, (1, 2): {'bw': 0}}, 'path_level': {(0, 2): {}, (1, 2): {}}}",[],-inf,-inf,True,True,False,0,[],0,0.0,3.0,2.0
160,124,14,30199.0,55982.0,11669420.365012325,22463208.12149183,0.5394412489728841,0.519490372964471,30,303,1,3973.0,11822,2037,9785,0.21894171779141103,0.28446069469835467,159,357.0434338445669,3973.0,4,3,True,"{2: np.int64(22), 3: np.int64(21), 1: np.int64(23), 0: np.int64(3)}","{(0, 3): [(np.int64(3), 21)], (1, 2): [(np.int64(23), 21), (21, np.int64(22))], (2, 3): [(np.int64(22), 21)]}","{(2, np.int64(22)): {'cpu': 10}, (3, np.int64(21)): {'cpu': 5}, (1, np.int64(23)): {'cpu': 5}, (0, np.int64(3)): {'cpu': 1}}","{((0, 3), (np.int64(3), 21)): {'bw': 22}, ((1, 2), (np.int64(23), 21)): {'bw': 40}, ((1, 2), (21, np.int64(22))): {'bw': 40}, ((2, 3), (np.int64(22), 21)): {'bw': 41}}",164.0,124.0,42.0,21.0,103.0,21.0,103.0,21.0,143.0,40.0,0.7560975609756098,58555.12315050897,44273.385796726296,269.9596694922335,Success,0.0,"{'node_level': {}, 'link_level': {}, 'path_level': {}}","{'node_level': {2: {'cpu': -65}, 3: {'cpu': -31}, 1: {'cpu': -53}, 0: {'cpu': -37}}, 'link_level': {(0, 3): {'bw': -262}, (1, 2): {'bw': -108}, (2, 3): {'bw': -67}}, 'path_level': {(0, 3): {}, (1, 2): {}, (2, 3): {}}}","{'node_level': {2: {'cpu': 0}, 3: {'cpu': 0}, 1: {'cpu': 0}, 0: {'cpu': 0}}, 'link_level': {(0, 3): {'bw': 0}, (1, 2): {'bw': 0}, (2, 3): {'bw': 0}}, 'path_level': {(0, 3): {}, (1, 2): {}, (2, 3): {}}}",[],-inf,-inf,True,True,False,0,[],0,0.0,4.0,3.0
160,124,13,30199.0,55982.0,11669420.365012325,22463208.12149183,0.5394412489728841,0.519490372964471,30,304,0,3994.6301798935065,11870,2063,9807,0.2089723926380368,0.2828519195612431,155,122.63017989350627,3872.0,2,1,False,{},{},{},{},0.0,0.0,0.0,0.0,0.0,0.0,0.0,0.0,0.0,0.0,0.0,0.0,0.0,0.0,Leave Event,0.0,"{'node_level': {}, 'link_level': {}, 'path_level': {}}","{'node_level': {}, 'link_level': {}, 'path_level': {}}","{'node_level': {}, 'link_level': {}, 'path_level': {}}",[],-inf,-inf,True,True,False,0,[],0,0.0,,
160,124,12,30199.0,55982.0,11669420.365012325,22463208.12149183,0.5394412489728841,0.519490372964471,30,305,0,4002.7024154716255,12280,2093,10187,0.19746932515337423,0.2550639853747715,156,111.70241547162553,3891.0,5,8,False,{},{},{},{},0.0,0.0,0.0,0.0,0.0,0.0,0.0,0.0,0.0,0.0,0.0,0.0,0.0,0.0,Leave Event,0.0,"{'node_level': {}, 'link_level': {}, 'path_level': {}}","{'node_level': {}, 'link_level': {}, 'path_level': {}}","{'node_level': {}, 'link_level': {}, 'path_level': {}}",[],-inf,-inf,True,True,False,0,[],0,0.0,,
160,124,11,30199.0,55982.0,11669420.365012325,22463208.12149183,0.5394412489728841,0.519490372964471,30,306,0,4003.2608248158895,12578,2145,10433,0.17753067484662577,0.23707495429616088,152,192.26082481588935,3811.0,5,7,False,{},{},{},{},0.0,0.0,0.0,0.0,0.0,0.0,0.0,0.0,0.0,0.0,0.0,0.0,0.0,0.0,Leave Event,0.0,"{'node_level': {}, 'link_level': {}, 'path_level': {}}","{'node_level': {}, 'link_level': {}, 'path_level': {}}","{'node_level': {}, 'link_level': {}, 'path_level': {}}",[],-inf,-inf,True,True,False,0,[],0,0.0,,
161,125,12,30543.0,56515.0,12431079.9473164,23643337.6487246,0.5404405909935416,0.5257751732013595,30,307,1,4006.0,12045,2054,9991,0.21242331288343563,0.26939670932358317,160,2214.1266927444062,4006.0,6,10,True,"{2: np.int64(30), 1: np.int64(28), 0: np.int64(31), 4: np.int64(29), 5: np.int64(1), 3: np.int64(0)}","{(0, 1): [(np.int64(31), 28)], (0, 2): [(np.int64(31), 28), (28, np.int64(30))], (0, 3): [(np.int64(31), 28), (28, np.int64(0))], (1, 2): [(np.int64(28), 30)], (1, 4): [(np.int64(28), 30), (30, np.int64(29))], (2, 3): [(np.int64(30), 28), (28, np.int64(0))], (2, 4): [(np.int64(30), 29)], (2, 5): [(np.int64(30), 28), (28, np.int64(1))], (3, 4): [(np.int64(0), 28), (28, 30), (30, np.int64(29))], (3, 5): [(np.int64(0), 4), (4, np.int64(1))]}","{(2, np.int64(30)): {'cpu': 14}, (1, np.int64(28)): {'cpu': 19}, (0, np.int64(31)): {'cpu': 17}, (4, np.int64(29)): {'cpu': 19}, (5, np.int64(1)): {'cpu': 15}, (3, np.int64(0)): {'cpu': 7}}","{((0, 1), (np.int64(31), 28)): {'bw': 11}, ((0, 2), (np.int64(31), 28)): {'bw': 29}, ((0, 2), (28, np.int64(30))): {'bw': 29}, ((0, 3), (np.int64(31), 28)): {'bw': 44}, ((0, 3), (28, np.int64(0))): {'bw': 44}, ((1, 2), (np.int64(28), 30)): {'bw': 42}, ((1, 4), (np.int64(28), 30)): {'bw': 29}, ((1, 4), (30, np.int64(29))): {'bw': 29}, ((2, 3), (np.int64(30), 28)): {'bw': 25}, ((2, 3), (28, np.int64(0))): {'bw': 25}, ((2, 4), (np.int64(30), 29)): {'bw': 15}, ((2, 5), (np.int64(30), 28)): {'bw': 36}, ((2, 5), (28, np.int64(1))): {'bw': 36}, ((3, 4), (np.int64(0), 28)): {'bw': 4}, ((3, 4), (28, 30)): {'bw': 4}, ((3, 4), (30, np.int64(29))): {'bw': 4}, ((3, 5), (np.int64(0), 4)): {'bw': 18}, ((3, 5), (4, np.int64(1))): {'bw': 18}}",533.0,344.0,182.0,91.0,253.0,91.0,253.0,91.0,442.0,189.0,0.6454033771106942,1180129.5272327685,761659.5823040757,1429.004844848172,Success,0.0,"{'node_level': {}, 'link_level': {}, 'path_level': {}}","{'node_level': {2: {'cpu': -57}, 1: {'cpu': -25}, 0: {'cpu': -36}, 4: {'cpu': -23}, 5: {'cpu': -45}, 3: {'cpu': -61}}, 'link_level': {(0, 1): {'bw': -202}, (0, 2): {'bw': -173}, (0, 3): {'bw': -129}, (1, 2): {'bw': -257}, (1, 4): {'bw': -171}, (2, 3): {'bw': -192}, (2, 4): {'bw': -156}, (2, 5): {'bw': -167}, (3, 4): {'bw': -152}, (3, 5): {'bw': -109}}, 'path_level': {(0, 1): {}, (0, 2): {}, (0, 3): {}, (1, 2): {}, (1, 4): {}, (2, 3): {}, (2, 4): {}, (2, 5): {}, (3, 4): {}, (3, 5): {}}}","{'node_level': {2: {'cpu': 0}, 1: {'cpu': 0}, 0: {'cpu': 0}, 4: {'cpu': 0}, 5: {'cpu': 0}, 3: {'cpu': 0}}, 'link_level': {(0, 1): {'bw': 0}, (0, 2): {'bw': 0}, (0, 3): {'bw': 0}, (1, 2): {'bw': 0}, (1, 4): {'bw': 0}, (2, 3): {'bw': 0}, (2, 4): {'bw': 0}, (2, 5): {'bw': 0}, (3, 4): {'bw': 0}, (3, 5): {'bw': 0}}, 'path_level': {(0, 1): {}, (0, 2): {}, (0, 3): {}, (1, 2): {}, (1, 4): {}, (2, 3): {}, (2, 4): {}, (2, 5): {}, (3, 4): {}, (3, 5): {}}}",[],-inf,-inf,True,True,False,0,[],0,0.0,6.0,10.0
161,125,11,30543.0,56515.0,12431079.9473164,23643337.6487246,0.5404405909935416,0.5257751732013595,30,308,0,4030.0675939371326,12495,2089,10406,0.19900306748466257,0.23904936014625233,147,352.06759393713253,3678.0,3,2,False,{},{},{},{},0.0,0.0,0.0,0.0,0.0,0.0,0.0,0.0,0.0,0.0,0.0,0.0,0.0,0.0,Leave Event,0.0,"{'node_level': {}, 'link_level': {}, 'path_level': {}}","{'node_level': {}, 'link_level': {}, 'path_level': {}}","{'node_level': {}, 'link_level': {}, 'path_level': {}}",[],-inf,-inf,True,True,False,0,[],0,0.0,,
161,125,10,30543.0,56515.0,12431079.9473164,23643337.6487246,0.5404405909935416,0.5257751732013595,30,309,0,4030.929865384766,12662,2124,10538,0.1855828220858896,0.22939670932358314,158,84.92986538476573,3946.0,3,2,False,{},{},{},{},0.0,0.0,0.0,0.0,0.0,0.0,0.0,0.0,0.0,0.0,0.0,0.0,0.0,0.0,Leave Event,0.0,"{'node_level': {}, 'link_level': {}, 'path_level': {}}","{'node_level': {}, 'link_level': {}, 'path_level': {}}","{'node_level': {}, 'link_level': {}, 'path_level': {}}",[],-inf,-inf,True,True,False,0,[],0,0.0,,
162,126,11,30700.0,56682.0,12443348.9890551,23656388.15808997,0.5416181503828376,0.5260037544995958,30,310,1,4031.0,12495,2049,10446,0.21434049079754602,0.2361243144424131,161,78.14676266687532,4031.0,5,5,True,"{0: np.int64(7), 4: np.int64(4), 3: np.int64(6), 2: np.int64(5), 1: np.int64(1)}","{(0, 2): [(np.int64(7), 5)], (0, 4): [(np.int64(7), 4)], (1, 2): [(np.int64(1), 4), (4, 6), (6, np.int64(5))], (1, 3): [(np.int64(1), 4), (4, np.int64(6))], (3, 4): [(np.int64(6), 4)]}","{(0, np.int64(7)): {'cpu': 16}, (4, np.int64(4)): {'cpu': 18}, (3, np.int64(6)): {'cpu': 20}, (2, np.int64(5)): {'cpu': 10}, (1, np.int64(1)): {'cpu': 11}}","{((0, 2), (np.int64(7), 5)): {'bw': 32}, ((0, 4), (np.int64(7), 4)): {'bw': 22}, ((1, 2), (np.int64(1), 4)): {'bw': 4}, ((1, 2), (4, 6)): {'bw': 4}, ((1, 2), (6, np.int64(5))): {'bw': 4}, ((1, 3), (np.int64(1), 4)): {'bw': 2}, ((1, 3), (4, np.int64(6))): {'bw': 2}, ((3, 4), (np.int64(6), 4)): {'bw': 22}}",167.0,157.0,150.0,75.0,82.0,75.0,82.0,75.0,92.0,10.0,0.9401197604790419,13050.509365368178,12269.041738699425,73.46731580059536,Success,0.0,"{'node_level': {}, 'link_level': {}, 'path_level': {}}","{'node_level': {0: {'cpu': -47}, 4: {'cpu': -41}, 3: {'cpu': -33}, 2: {'cpu': -37}, 1: {'cpu': -50}}, 'link_level': {(0, 2): {'bw': -266}, (0, 4): {'bw': -285}, (1, 2): {'bw': -156}, (1, 3): {'bw': -154}, (3, 4): {'bw': -132}}, 'path_level': {(0, 2): {}, (0, 4): {}, (1, 2): {}, (1, 3): {}, (3, 4): {}}}","{'node_level': {0: {'cpu': 0}, 4: {'cpu': 0}, 3: {'cpu': 0}, 2: {'cpu': 0}, 1: {'cpu': 0}}, 'link_level': {(0, 2): {'bw': 0}, (0, 4): {'bw': 0}, (1, 2): {'bw': 0}, (1, 3): {'bw': 0}, (3, 4): {'bw': 0}}, 'path_level': {(0, 2): {}, (0, 4): {}, (1, 2): {}, (1, 3): {}, (3, 4): {}}}",[],-inf,-inf,True,True,False,0,[],0,0.0,5.0,5.0
163,127,12,30712.0,56694.0,12443646.021633565,23656685.190668434,0.5417151726814124,0.5260097059812108,30,311,1,4050.0,12483,2038,10445,0.21855828220858897,0.23619744058500913,162,24.752714872073504,4050.0,2,1,True,"{1: np.int64(30), 0: np.int64(32)}","{(0, 1): [(np.int64(32), 30)]}","{(1, np.int64(30)): {'cpu': 9}, (0, np.int64(32)): {'cpu': 2}}","{((0, 1), (np.int64(32), 30)): {'bw': 1}}",12.0,12.0,22.0,11.0,1.0,11.0,1.0,11.0,1.0,0.0,1.0,297.032578464882,297.032578464882,24.752714872073504,Success,0.0,"{'node_level': {}, 'link_level': {}, 'path_level': {}}","{'node_level': {1: {'cpu': -48}, 0: {'cpu': -78}}, 'link_level': {(0, 1): {'bw': -394}}, 'path_level': {(0, 1): {}}}","{'node_level': {1: {'cpu': 0}, 0: {'cpu': 0}}, 'link_level': {(0, 1): {'bw': 0}}, 'path_level': {(0, 1): {}}}",[],-inf,-inf,True,True,False,0,[],0,0.0,2.0,1.0
163,127,11,30712.0,56694.0,12443646.021633565,23656685.190668434,0.5417151726814124,0.5260097059812108,30,312,0,4074.7527148720733,12495,2049,10446,0.21434049079754602,0.2361243144424131,162,24.752714872073504,4050.0,2,1,False,{},{},{},{},0.0,0.0,0.0,0.0,0.0,0.0,0.0,0.0,0.0,0.0,0.0,0.0,0.0,0.0,Leave Event,0.0,"{'node_level': {}, 'link_level': {}, 'path_level': {}}","{'node_level': {}, 'link_level': {}, 'path_level': {}}","{'node_level': {}, 'link_level': {}, 'path_level': {}}",[],-inf,-inf,True,True,False,0,[],0,0.0,,
164,128,12,31171.0,57916.0,12969951.17779787,25057872.33845227,0.5382105117756751,0.5175998585440545,30,313,1,4075.0,11273,1985,9288,0.2388803680981595,0.3208043875685558,163,1146.634327155348,4075.0,8,16,True,"{6: np.int64(30), 1: np.int64(32), 7: np.int64(33), 2: np.int64(1), 3: np.int64(0), 5: np.int64(15), 4: np.int64(7), 0: np.int64(13)}","{(0, 1): [(np.int64(13), 2), (2, 29), (29, 30), (30, np.int64(32))], (0, 6): [(np.int64(13), 2), (2, 29), (29, np.int64(30))], (0, 7): [(np.int64(13), 2), (2, 29), (29, 30), (30, np.int64(33))], (1, 3): [(np.int64(32), 30), (30, 28), (28, np.int64(0))], (1, 4): [(np.int64(32), 30), (30, 28), (28, 0), (0, 4), (4, np.int64(7))], (1, 6): [(np.int64(32), 30)], (2, 3): [(np.int64(1), 4), (4, np.int64(0))], (2, 5): [(np.int64(1), 12), (12, np.int64(15))], (2, 6): [(np.int64(1), 28), (28, np.int64(30))], (3, 4): [(np.int64(0), 4), (4, np.int64(7))], (3, 6): [(np.int64(0), 28), (28, np.int64(30))], (3, 7): [(np.int64(0), 28), (28, 30), (30, np.int64(33))], (4, 7): [(np.int64(7), 4), (4, 0), (0, 28), (28, 30), (30, np.int64(33))], (5, 6): [(np.int64(15), 13), (13, 2), (2, 29), (29, np.int64(30))], (5, 7): [(np.int64(15), 12), (12, 0), (0, 28), (28, 30), (30, np.int64(33))], (6, 7): [(np.int64(30), 33)]}","{(6, np.int64(30)): {'cpu': 10}, (1, np.int64(32)): {'cpu': 16}, (7, np.int64(33)): {'cpu': 15}, (2, np.int64(1)): {'cpu': 7}, (3, np.int64(0)): {'cpu': 5}, (5, np.int64(15)): {'cpu': 5}, (4, np.int64(7)): {'cpu': 5}, (0, np.int64(13)): {'cpu': 1}}","{((0, 1), (np.int64(13), 2)): {'bw': 35}, ((0, 1), (2, 29)): {'bw': 35}, ((0, 1), (29, 30)): {'bw': 35}, ((0, 1), (30, np.int64(32))): {'bw': 35}, ((0, 6), (np.int64(13), 2)): {'bw': 46}, ((0, 6), (2, 29)): {'bw': 46}, ((0, 6), (29, np.int64(30))): {'bw': 46}, ((0, 7), (np.int64(13), 2)): {'bw': 17}, ((0, 7), (2, 29)): {'bw': 17}, ((0, 7), (29, 30)): {'bw': 17}, ((0, 7), (30, np.int64(33))): {'bw': 17}, ((1, 3), (np.int64(32), 30)): {'bw': 23}, ((1, 3), (30, 28)): {'bw': 23}, ((1, 3), (28, np.int64(0))): {'bw': 23}, ((1, 4), (np.int64(32), 30)): {'bw': 20}, ((1, 4), (30, 28)): {'bw': 20}, ((1, 4), (28, 0)): {'bw': 20}, ((1, 4), (0, 4)): {'bw': 20}, ((1, 4), (4, np.int64(7))): {'bw': 20}, ((1, 6), (np.int64(32), 30)): {'bw': 4}, ((2, 3), (np.int64(1), 4)): {'bw': 23}, ((2, 3), (4, np.int64(0))): {'bw': 23}, ((2, 5), (np.int64(1), 12)): {'bw': 25}, ((2, 5), (12, np.int64(15))): {'bw': 25}, ((2, 6), (np.int64(1), 28)): {'bw': 46}, ((2, 6), (28, np.int64(30))): {'bw': 46}, ((3, 4), (np.int64(0), 4)): {'bw': 31}, ((3, 4), (4, np.int64(7))): {'bw': 31}, ((3, 6), (np.int64(0), 28)): {'bw': 25}, ((3, 6), (28, np.int64(30))): {'bw': 25}, ((3, 7), (np.int64(0), 28)): {'bw': 18}, ((3, 7), (28, 30)): {'bw': 18}, ((3, 7), (30, np.int64(33))): {'bw': 18}, ((4, 7), (np.int64(7), 4)): {'bw': 11}, ((4, 7), (4, 0)): {'bw': 11}, ((4, 7), (0, 28)): {'bw': 11}, ((4, 7), (28, 30)): {'bw': 11}, ((4, 7), (30, np.int64(33))): {'bw': 11}, ((5, 6), (np.int64(15), 13)): {'bw': 45}, ((5, 6), (13, 2)): {'bw': 45}, ((5, 6), (2, 29)): {'bw': 45}, ((5, 6), (29, np.int64(30))): {'bw': 45}, ((5, 7), (np.int64(15), 12)): {'bw': 6}, ((5, 7), (12, 0)): {'bw': 6}, ((5, 7), (0, 28)): {'bw': 6}, ((5, 7), (28, 30)): {'bw': 6}, ((5, 7), (30, np.int64(33))): {'bw': 6}, ((6, 7), (np.int64(30), 33)): {'bw': 20}}",1222.0,459.0,128.0,64.0,395.0,64.0,395.0,64.0,1158.0,763.0,0.37561374795417346,1401187.1477838354,526305.1561643047,430.69161715573216,Success,0.0,"{'node_level': {}, 'link_level': {}, 'path_level': {}}","{'node_level': {6: {'cpu': -47}, 1: {'cpu': -64}, 7: {'cpu': -67}, 2: {'cpu': -43}, 3: {'cpu': -56}, 5: {'cpu': -51}, 4: {'cpu': -42}, 0: {'cpu': -55}}, 'link_level': {(0, 1): {'bw': -117}, (0, 6): {'bw': -71}, (0, 7): {'bw': -54}, (1, 3): {'bw': -140}, (1, 4): {'bw': -120}, (1, 6): {'bw': -313}, (2, 3): {'bw': -149}, (2, 5): {'bw': -137}, (2, 6): {'bw': -74}, (3, 4): {'bw': -118}, (3, 6): {'bw': -49}, (3, 7): {'bw': -31}, (4, 7): {'bw': -20}, (5, 6): {'bw': -9}, (5, 7): {'bw': -14}, (6, 7): {'bw': -254}}, 'path_level': {(0, 1): {}, (0, 6): {}, (0, 7): {}, (1, 3): {}, (1, 4): {}, (1, 6): {}, (2, 3): {}, (2, 5): {}, (2, 6): {}, (3, 4): {}, (3, 6): {}, (3, 7): {}, (4, 7): {}, (5, 6): {}, (5, 7): {}, (6, 7): {}}}","{'node_level': {6: {'cpu': 0}, 1: {'cpu': 0}, 7: {'cpu': 0}, 2: {'cpu': 0}, 3: {'cpu': 0}, 5: {'cpu': 0}, 4: {'cpu': 0}, 0: {'cpu': 0}}, 'link_level': {(0, 1): {'bw': 0}, (0, 6): {'bw': 0}, (0, 7): {'bw': 0}, (1, 3): {'bw': 0}, (1, 4): {'bw': 0}, (1, 6): {'bw': 0}, (2, 3): {'bw': 0}, (2, 5): {'bw': 0}, (2, 6): {'bw': 0}, (3, 4): {'bw': 0}, (3, 6): {'bw': 0}, (3, 7): {'bw': 0}, (4, 7): {'bw': 0}, (5, 6): {'bw': 0}, (5, 7): {'bw': 0}, (6, 7): {'bw': 0}}, 'path_level': {(0, 1): {}, (0, 6): {}, (0, 7): {}, (1, 3): {}, (1, 4): {}, (1, 6): {}, (2, 3): {}, (2, 5): {}, (2, 6): {}, (3, 4): {}, (3, 6): {}, (3, 7): {}, (4, 7): {}, (5, 6): {}, (5, 7): {}, (6, 7): {}}}",[],-inf,-inf,True,True,False,0,[],0,0.0,8.0,16.0
165,129,13,31218.0,57963.0,12999477.122752363,25087398.28340676,0.538584959370633,0.5181676065369617,30,314,1,4096.0,11226,1977,9249,0.24194785276073616,0.32365630712979887,164,628.2115947764465,4096.0,2,1,True,"{0: np.int64(7), 1: np.int64(5)}","{(0, 1): [(np.int64(7), 5)]}","{(0, np.int64(7)): {'cpu': 5}, (1, np.int64(5)): {'cpu': 3}}","{((0, 1), (np.int64(7), 5)): {'bw': 39}}",47.0,47.0,16.0,8.0,39.0,8.0,39.0,8.0,39.0,0.0,1.0,29525.94495449299,29525.94495449299,628.2115947764465,Success,0.0,"{'node_level': {}, 'link_level': {}, 'path_level': {}}","{'node_level': {0: {'cpu': -37}, 1: {'cpu': -34}}, 'link_level': {(0, 1): {'bw': -227}}, 'path_level': {(0, 1): {}}}","{'node_level': {0: {'cpu': 0}, 1: {'cpu': 0}}, 'link_level': {(0, 1): {'bw': 0}}, 'path_level': {(0, 1): {}}}",[],-inf,-inf,True,True,False,0,[],0,0.0,2.0,1.0
165,129,12,31218.0,57963.0,12999477.122752363,25087398.28340676,0.538584959370633,0.5181676065369617,30,315,0,4109.1467626668755,11393,2052,9341,0.21319018404907975,0.3169287020109689,161,78.14676266687532,4031.0,5,5,False,{},{},{},{},0.0,0.0,0.0,0.0,0.0,0.0,0.0,0.0,0.0,0.0,0.0,0.0,0.0,0.0,Leave Event,0.0,"{'node_level': {}, 'link_level': {}, 'path_level': {}}","{'node_level': {}, 'link_level': {}, 'path_level': {}}","{'node_level': {}, 'link_level': {}, 'path_level': {}}",[],-inf,-inf,True,True,False,0,[],0,0.0,,
166,129,12,31218.0,57963.0,12999477.122752363,25087398.28340676,0.538584959370633,0.5181676065369617,30,316,1,4119.0,11393,2052,9341,0.21319018404907975,0.3169287020109689,165,185.76946077130896,4119.0,9,18,False,"{6: np.int64(7), 1: np.int64(5), 3: np.int64(6), 2: np.int64(4), 5: np.int64(3), 0: np.int64(1), 8: np.int64(22), 7: np.int64(23), 4: np.int64(15)}","{(0, 1): [(np.int64(1), 4), (4, 6), (6, np.int64(5))], (0, 3): [(np.int64(1), 4), (4, np.int64(6))], (0, 7): [(np.int64(1), 20), (20, np.int64(23))], (0, 8): [(np.int64(1), 20), (20, np.int64(22))], (1, 3): [(np.int64(5), 6)], (1, 6): [(np.int64(5), 7)], (1, 7): [(np.int64(5), 2), (2, 21), (21, np.int64(23))], (1, 8): [(np.int64(5), 2), (2, 21), (21, np.int64(22))], (2, 3): [(np.int64(4), 6)], (2, 7): [(np.int64(4), 0), (0, 20), (20, 22), (22, 21), (21, np.int64(23))], (2, 8): []}","{(6, np.int64(7)): {'cpu': 19}, (1, np.int64(5)): {'cpu': 12}, (3, np.int64(6)): {'cpu': 19}, (2, np.int64(4)): {'cpu': 12}, (5, np.int64(3)): {'cpu': 16}, (0, np.int64(1)): {'cpu': 11}, (8, np.int64(22)): {'cpu': 5}, (7, np.int64(23)): {'cpu': 4}, (4, np.int64(15)): {'cpu': 12}}","{((0, 1), (np.int64(1), 4)): {'bw': 46}, ((0, 1), (4, 6)): {'bw': 46}, ((0, 1), (6, np.int64(5))): {'bw': 46}, ((0, 3), (np.int64(1), 4)): {'bw': 11}, ((0, 3), (4, np.int64(6))): {'bw': 11}, ((0, 7), (np.int64(1), 20)): {'bw': 0}, ((0, 7), (20, np.int64(23))): {'bw': 0}, ((0, 8), (np.int64(1), 20)): {'bw': 35}, ((0, 8), (20, np.int64(22))): {'bw': 35}, ((1, 3), (np.int64(5), 6)): {'bw': 19}, ((1, 6), (np.int64(5), 7)): {'bw': 22}, ((1, 7), (np.int64(5), 2)): {'bw': 12}, ((1, 7), (2, 21)): {'bw': 12}, ((1, 7), (21, np.int64(23))): {'bw': 12}, ((1, 8), (np.int64(5), 2)): {'bw': 10}, ((1, 8), (2, 21)): {'bw': 10}, ((1, 8), (21, np.int64(22))): {'bw': 10}, ((2, 3), (np.int64(4), 6)): {'bw': 7}, ((2, 7), (np.int64(4), 0)): {'bw': 36}, ((2, 7), (0, 20)): {'bw': 36}, ((2, 7), (20, 22)): {'bw': 36}, ((2, 7), (22, 21)): {'bw': 36}, ((2, 7), (21, np.int64(23))): {'bw': 36}}",0.0,0.0,220.0,110.0,403.0,0.0,0.0,0.0,0.0,0.0,0.0,0.0,0.0,0.0,Route Failure,29.0,"{'node_level': {}, 'link_level': {}, 'path_level': {}}","{'node_level': {6: {'cpu': -34}, 1: {'cpu': -32}, 3: {'cpu': -34}, 2: {'cpu': -47}, 5: {'cpu': -21}, 0: {'cpu': -43}, 8: {'cpu': -60}, 7: {'cpu': -49}, 4: {'cpu': -39}}, 'link_level': {(0, 1): {'bw': -114}, (0, 3): {'bw': -103}, (0, 7): {'bw': -35}, (0, 8): {'bw': -65}, (1, 3): {'bw': -208}, (1, 6): {'bw': -237}, (1, 7): {'bw': -110}, (1, 8): {'bw': -57}, (2, 3): {'bw': -96}, (2, 7): {'bw': -21}, (2, 8): {'bw': 29}}, 'path_level': {(0, 1): {}, (0, 3): {}, (0, 7): {}, (0, 8): {}, (1, 3): {}, (1, 6): {}, (1, 7): {}, (1, 8): {}, (2, 3): {}, (2, 7): {}, (2, 8): {}}}","{'node_level': {6: {'cpu': 0}, 1: {'cpu': 0}, 3: {'cpu': 0}, 2: {'cpu': 0}, 5: {'cpu': 0}, 0: {'cpu': 0}, 8: {'cpu': 0}, 7: {'cpu': 0}, 4: {'cpu': 0}}, 'link_level': {(0, 1): {'bw': 0}, (0, 3): {'bw': 0}, (0, 7): {'bw': 0}, (0, 8): {'bw': 0}, (1, 3): {'bw': 0}, (1, 6): {'bw': 0}, (1, 7): {'bw': 0}, (1, 8): {'bw': 0}, (2, 3): {'bw': 0}, (2, 7): {'bw': 0}, (2, 8): {'bw': 29}}, 'path_level': {(0, 1): {}, (0, 3): {}, (0, 7): {}, (0, 8): {}, (1, 3): {}, (1, 6): {}, (1, 7): {}, (1, 8): {}, (2, 3): {}, (2, 7): {}, (2, 8): {}}}",[],-inf,-inf,True,False,False,0,[],0,0.0,9.0,11.0
166,129,11,31218.0,57963.0,12999477.122752363,25087398.28340676,0.538584959370633,0.5181676065369617,30,317,0,4121.701907065694,12666,2109,10557,0.1913343558282209,0.22800731261425955,110,1365.7019070656943,2756.0,9,21,False,{},{},{},{},0.0,0.0,0.0,0.0,0.0,0.0,0.0,0.0,0.0,0.0,0.0,0.0,0.0,0.0,Leave Event,0.0,"{'node_level': {}, 'link_level': {}, 'path_level': {}}","{'node_level': {}, 'link_level': {}, 'path_level': {}}","{'node_level': {}, 'link_level': {}, 'path_level': {}}",[],-inf,-inf,True,True,False,0,[],0,0.0,,
167,130,12,31348.0,58117.0,13031920.448329471,25125831.14601349,0.5393946693738493,0.5186662432218542,30,318,1,4129.0,12512,2062,10450,0.20935582822085885,0.23583180987202923,166,249.5640429008351,4129.0,4,3,True,"{2: np.int64(23), 3: np.int64(20), 0: np.int64(22), 1: np.int64(21)}","{(0, 3): [(np.int64(22), 20)], (1, 3): [(np.int64(21), 22), (22, np.int64(20))], (2, 3): [(np.int64(23), 20)]}","{(2, np.int64(23)): {'cpu': 13}, (3, np.int64(20)): {'cpu': 5}, (0, np.int64(22)): {'cpu': 14}, (1, np.int64(21)): {'cpu': 15}}","{((0, 3), (np.int64(22), 20)): {'bw': 26}, ((1, 3), (np.int64(21), 22)): {'bw': 24}, ((1, 3), (22, np.int64(20))): {'bw': 24}, ((2, 3), (np.int64(23), 20)): {'bw': 33}}",154.0,130.0,94.0,47.0,83.0,47.0,83.0,47.0,107.0,24.0,0.8441558441558441,38432.8626067286,32443.32557710856,210.67094530589975,Success,0.0,"{'node_level': {}, 'link_level': {}, 'path_level': {}}","{'node_level': {2: {'cpu': -51}, 3: {'cpu': -65}, 0: {'cpu': -55}, 1: {'cpu': -28}}, 'link_level': {(0, 3): {'bw': -191}, (1, 3): {'bw': -113}, (2, 3): {'bw': -182}}, 'path_level': {(0, 3): {}, (1, 3): {}, (2, 3): {}}}","{'node_level': {2: {'cpu': 0}, 3: {'cpu': 0}, 0: {'cpu': 0}, 1: {'cpu': 0}}, 'link_level': {(0, 3): {'bw': 0}, (1, 3): {'bw': 0}, (2, 3): {'bw': 0}}, 'path_level': {(0, 3): {}, (1, 3): {}, (2, 3): {}}}",[],-inf,-inf,True,True,False,0,[],0,0.0,4.0,3.0
168,131,13,31982.0,59210.0,13058622.579921741,25171864.947007738,0.5401452457355177,0.5187785095547345,30,319,1,4150.0,11419,1920,9499,0.2638036809815951,0.3053747714808044,167,42.1169268016884,4150.0,10,19,True,"{7: np.int64(6), 4: np.int64(5), 9: np.int64(7), 2: np.int64(4), 1: np.int64(1), 3: np.int64(0), 5: np.int64(20), 6: np.int64(23), 8: np.int64(3), 0: np.int64(22)}","{(0, 5): [(np.int64(22), 20)], (0, 6): [(np.int64(22), 20), (20, np.int64(23))], (0, 7): [(np.int64(22), 20), (20, 0), (0, 4), (4, np.int64(6))], (0, 8): [(np.int64(22), 21), (21, np.int64(3))], (1, 2): [(np.int64(1), 4)], (1, 4): [(np.int64(1), 4), (4, 6), (6, np.int64(5))], (1, 7): [(np.int64(1), 4), (4, np.int64(6))], (1, 9): [(np.int64(1), 4), (4, np.int64(7))], (2, 3): [(np.int64(4), 0)], (2, 5): [(np.int64(4), 0), (0, np.int64(20))], (2, 8): [(np.int64(4), 6), (6, 5), (5, np.int64(3))], (2, 9): [(np.int64(4), 7)], (3, 4): [(np.int64(0), 4), (4, 6), (6, np.int64(5))], (3, 6): [(np.int64(0), 20), (20, np.int64(23))], (3, 7): [(np.int64(0), 4), (4, np.int64(6))], (4, 7): [(np.int64(5), 6)], (4, 9): [(np.int64(5), 7)], (5, 7): [(np.int64(20), 0), (0, 4), (4, np.int64(6))], (8, 9): [(np.int64(3), 5), (5, np.int64(7))]}","{(7, np.int64(6)): {'cpu': 20}, (4, np.int64(5)): {'cpu': 19}, (9, np.int64(7)): {'cpu': 19}, (2, np.int64(4)): {'cpu': 19}, (1, np.int64(1)): {'cpu': 14}, (3, np.int64(0)): {'cpu': 13}, (5, np.int64(20)): {'cpu': 20}, (6, np.int64(23)): {'cpu': 11}, (8, np.int64(3)): {'cpu': 5}, (0, np.int64(22)): {'cpu': 2}}","{((0, 5), (np.int64(22), 20)): {'bw': 32}, ((0, 6), (np.int64(22), 20)): {'bw': 15}, ((0, 6), (20, np.int64(23))): {'bw': 15}, ((0, 7), (np.int64(22), 20)): {'bw': 34}, ((0, 7), (20, 0)): {'bw': 34}, ((0, 7), (0, 4)): {'bw': 34}, ((0, 7), (4, np.int64(6))): {'bw': 34}, ((0, 8), (np.int64(22), 21)): {'bw': 41}, ((0, 8), (21, np.int64(3))): {'bw': 41}, ((1, 2), (np.int64(1), 4)): {'bw': 38}, ((1, 4), (np.int64(1), 4)): {'bw': 39}, ((1, 4), (4, 6)): {'bw': 39}, ((1, 4), (6, np.int64(5))): {'bw': 39}, ((1, 7), (np.int64(1), 4)): {'bw': 6}, ((1, 7), (4, np.int64(6))): {'bw': 6}, ((1, 9), (np.int64(1), 4)): {'bw': 36}, ((1, 9), (4, np.int64(7))): {'bw': 36}, ((2, 3), (np.int64(4), 0)): {'bw': 8}, ((2, 5), (np.int64(4), 0)): {'bw': 0}, ((2, 5), (0, np.int64(20))): {'bw': 0}, ((2, 8), (np.int64(4), 6)): {'bw': 23}, ((2, 8), (6, 5)): {'bw': 23}, ((2, 8), (5, np.int64(3))): {'bw': 23}, ((2, 9), (np.int64(4), 7)): {'bw': 42}, ((3, 4), (np.int64(0), 4)): {'bw': 18}, ((3, 4), (4, 6)): {'bw': 18}, ((3, 4), (6, np.int64(5))): {'bw': 18}, ((3, 6), (np.int64(0), 20)): {'bw': 44}, ((3, 6), (20, np.int64(23))): {'bw': 44}, ((3, 7), (np.int64(0), 4)): {'bw': 43}, ((3, 7), (4, np.int64(6))): {'bw': 43}, ((4, 7), (np.int64(5), 6)): {'bw': 29}, ((4, 9), (np.int64(5), 7)): {'bw': 37}, ((5, 7), (np.int64(20), 0)): {'bw': 5}, ((5, 7), (0, 4)): {'bw': 5}, ((5, 7), (4, np.int64(6))): {'bw': 5}, ((8, 9), (np.int64(3), 5)): {'bw': 2}, ((8, 9), (5, np.int64(7))): {'bw': 2}}",1093.0,634.0,284.0,142.0,492.0,142.0,492.0,142.0,951.0,459.0,0.5800548947849954,46033.80099424542,26702.131592270445,24.43012954462072,Success,0.0,"{'node_level': {}, 'link_level': {}, 'path_level': {}}","{'node_level': {7: {'cpu': -35}, 4: {'cpu': -29}, 9: {'cpu': -34}, 2: {'cpu': -40}, 1: {'cpu': -50}, 3: {'cpu': -49}, 5: {'cpu': -45}, 6: {'cpu': -40}, 8: {'cpu': -34}, 0: {'cpu': -53}}, 'link_level': {(0, 5): {'bw': -135}, (0, 6): {'bw': -120}, (0, 7): {'bw': -86}, (0, 8): {'bw': -72}, (1, 2): {'bw': -143}, (1, 4): {'bw': -104}, (1, 7): {'bw': -98}, (1, 9): {'bw': -62}, (2, 3): {'bw': -168}, (2, 5): {'bw': -168}, (2, 8): {'bw': -169}, (2, 9): {'bw': -167}, (3, 4): {'bw': -150}, (3, 6): {'bw': -123}, (3, 7): {'bw': -107}, (4, 7): {'bw': -289}, (4, 9): {'bw': -222}, (5, 7): {'bw': -102}, (8, 9): {'bw': -220}}, 'path_level': {(0, 5): {}, (0, 6): {}, (0, 7): {}, (0, 8): {}, (1, 2): {}, (1, 4): {}, (1, 7): {}, (1, 9): {}, (2, 3): {}, (2, 5): {}, (2, 8): {}, (2, 9): {}, (3, 4): {}, (3, 6): {}, (3, 7): {}, (4, 7): {}, (4, 9): {}, (5, 7): {}, (8, 9): {}}}","{'node_level': {7: {'cpu': 0}, 4: {'cpu': 0}, 9: {'cpu': 0}, 2: {'cpu': 0}, 1: {'cpu': 0}, 3: {'cpu': 0}, 5: {'cpu': 0}, 6: {'cpu': 0}, 8: {'cpu': 0}, 0: {'cpu': 0}}, 'link_level': {(0, 5): {'bw': 0}, (0, 6): {'bw': 0}, (0, 7): {'bw': 0}, (0, 8): {'bw': 0}, (1, 2): {'bw': 0}, (1, 4): {'bw': 0}, (1, 7): {'bw': 0}, (1, 9): {'bw': 0}, (2, 3): {'bw': 0}, (2, 5): {'bw': 0}, (2, 8): {'bw': 0}, (2, 9): {'bw': 0}, (3, 4): {'bw': 0}, (3, 6): {'bw': 0}, (3, 7): {'bw': 0}, (4, 7): {'bw': 0}, (4, 9): {'bw': 0}, (5, 7): {'bw': 0}, (8, 9): {'bw': 0}}, 'path_level': {(0, 5): {}, (0, 6): {}, (0, 7): {}, (0, 8): {}, (1, 2): {}, (1, 4): {}, (1, 7): {}, (1, 9): {}, (2, 3): {}, (2, 5): {}, (2, 8): {}, (2, 9): {}, (3, 4): {}, (3, 6): {}, (3, 7): {}, (4, 7): {}, (4, 9): {}, (5, 7): {}, (8, 9): {}}}",[],-inf,-inf,True,True,False,0,[],0,0.0,10.0,19.0
169,132,14,32227.0,59669.0,13111793.926737232,25271479.837572273,0.5400961973554107,0.5188375991833816,30,320,1,4167.0,10960,1853,9107,0.28949386503067487,0.33404021937842776,168,217.02590536935313,4167.0,5,7,True,"{2: np.int64(15), 4: np.int64(13), 3: np.int64(3), 0: np.int64(14), 1: np.int64(2)}","{(0, 1): [(np.int64(14), 13), (13, 3), (3, 5), (5, np.int64(2))], (0, 4): [(np.int64(14), 13)], (1, 2): [(np.int64(2), 5), (5, 3), (3, 13), (13, np.int64(15))], (1, 3): [(np.int64(2), 5), (5, np.int64(3))], (1, 4): [(np.int64(2), 13)], (2, 3): [(np.int64(15), 13), (13, np.int64(3))], (2, 4): [(np.int64(15), 13)]}","{(2, np.int64(15)): {'cpu': 19}, (4, np.int64(13)): {'cpu': 17}, (3, np.int64(3)): {'cpu': 19}, (0, np.int64(14)): {'cpu': 8}, (1, np.int64(2)): {'cpu': 4}}","{((0, 1), (np.int64(14), 13)): {'bw': 34}, ((0, 1), (13, 3)): {'bw': 34}, ((0, 1), (3, 5)): {'bw': 34}, ((0, 1), (5, np.int64(2))): {'bw': 34}, ((0, 4), (np.int64(14), 13)): {'bw': 39}, ((1, 2), (np.int64(2), 5)): {'bw': 23}, ((1, 2), (5, 3)): {'bw': 23}, ((1, 2), (3, 13)): {'bw': 23}, ((1, 2), (13, np.int64(15))): {'bw': 23}, ((1, 3), (np.int64(2), 5)): {'bw': 16}, ((1, 3), (5, np.int64(3))): {'bw': 16}, ((1, 4), (np.int64(2), 13)): {'bw': 9}, ((2, 3), (np.int64(15), 13)): {'bw': 27}, ((2, 3), (13, np.int64(3))): {'bw': 27}, ((2, 4), (np.int64(15), 13)): {'bw': 30}}",459.0,245.0,134.0,67.0,178.0,67.0,178.0,67.0,392.0,214.0,0.5337690631808278,99614.89056453308,53171.34681549152,115.8417141949706,Success,0.0,"{'node_level': {}, 'link_level': {}, 'path_level': {}}","{'node_level': {2: {'cpu': -32}, 4: {'cpu': -38}, 3: {'cpu': -15}, 0: {'cpu': -39}, 1: {'cpu': -45}}, 'link_level': {(0, 1): {'bw': -103}, (0, 4): {'bw': -64}, (1, 2): {'bw': -117}, (1, 3): {'bw': -125}, (1, 4): {'bw': -13}, (2, 3): {'bw': -90}, (2, 4): {'bw': -60}}, 'path_level': {(0, 1): {}, (0, 4): {}, (1, 2): {}, (1, 3): {}, (1, 4): {}, (2, 3): {}, (2, 4): {}}}","{'node_level': {2: {'cpu': 0}, 4: {'cpu': 0}, 3: {'cpu': 0}, 0: {'cpu': 0}, 1: {'cpu': 0}}, 'link_level': {(0, 1): {'bw': 0}, (0, 4): {'bw': 0}, (1, 2): {'bw': 0}, (1, 3): {'bw': 0}, (1, 4): {'bw': 0}, (2, 3): {'bw': 0}, (2, 4): {'bw': 0}}, 'path_level': {(0, 1): {}, (0, 4): {}, (1, 2): {}, (1, 3): {}, (1, 4): {}, (2, 3): {}, (2, 4): {}}}",[],-inf,-inf,True,True,False,0,[],0,0.0,5.0,7.0
170,133,15,32297.0,59739.0,13111829.409707084,25271515.320542127,0.5406350960009374,0.5188382747689468,30,321,1,4183.0,10890,1820,9070,0.3021472392638037,0.336745886654479,169,0.5068995693226128,4183.0,2,1,True,"{1: np.int64(23), 0: np.int64(26)}","{(0, 1): [(np.int64(26), 23)]}","{(1, np.int64(23)): {'cpu': 17}, (0, np.int64(26)): {'cpu': 16}}","{((0, 1), (np.int64(26), 23)): {'bw': 37}}",70.0,70.0,66.0,33.0,37.0,33.0,37.0,33.0,37.0,0.0,1.0,35.4829698525829,35.4829698525829,0.5068995693226128,Success,0.0,"{'node_level': {}, 'link_level': {}, 'path_level': {}}","{'node_level': {1: {'cpu': -23}, 0: {'cpu': -84}}, 'link_level': {(0, 1): {'bw': -298}}, 'path_level': {(0, 1): {}}}","{'node_level': {1: {'cpu': 0}, 0: {'cpu': 0}}, 'link_level': {(0, 1): {'bw': 0}}, 'path_level': {(0, 1): {}}}",[],-inf,-inf,True,True,False,0,[],0,0.0,2.0,1.0
170,133,14,32297.0,59739.0,13111829.409707084,25271515.320542127,0.5406350960009374,0.5188382747689468,30,322,0,4183.506899569323,10960,1853,9107,0.28949386503067487,0.33404021937842776,169,0.5068995693226128,4183.0,2,1,False,{},{},{},{},0.0,0.0,0.0,0.0,0.0,0.0,0.0,0.0,0.0,0.0,0.0,0.0,0.0,0.0,Leave Event,0.0,"{'node_level': {}, 'link_level': {}, 'path_level': {}}","{'node_level': {}, 'link_level': {}, 'path_level': {}}","{'node_level': {}, 'link_level': {}, 'path_level': {}}",[],-inf,-inf,True,True,False,0,[],0,0.0,,
170,133,13,32297.0,59739.0,13111829.409707084,25271515.320542127,0.5406350960009374,0.5188382747689468,30,323,0,4192.116926801688,12053,1995,10058,0.2350460122699386,0.2644972577696526,167,42.1169268016884,4150.0,10,19,False,{},{},{},{},0.0,0.0,0.0,0.0,0.0,0.0,0.0,0.0,0.0,0.0,0.0,0.0,0.0,0.0,Leave Event,0.0,"{'node_level': {}, 'link_level': {}, 'path_level': {}}","{'node_level': {}, 'link_level': {}, 'path_level': {}}","{'node_level': {}, 'link_level': {}, 'path_level': {}}",[],-inf,-inf,True,True,False,0,[],0,0.0,,
171,134,14,32872.0,60836.0,13393534.661252119,25808959.948272396,0.5403379577881517,0.5189490273182689,30,324,1,4204.0,10956,1884,9072,0.27760736196319014,0.33659963436928697,170,489.9221766000614,4204.0,10,21,True,"{2: np.int64(6), 8: np.int64(4), 0: np.int64(7), 6: np.int64(5), 5: np.int64(1), 4: np.int64(0), 3: np.int64(20), 7: np.int64(23), 9: np.int64(22), 1: np.int64(21)}","{(0, 2): [(np.int64(7), 4), (4, np.int64(6))], (0, 4): [(np.int64(7), 4), (4, np.int64(0))], (0, 5): [(np.int64(7), 4), (4, np.int64(1))], (0, 6): [(np.int64(7), 5)], (0, 8): [(np.int64(7), 4)], (1, 6): [(np.int64(21), 2), (2, np.int64(5))], (2, 3): [(np.int64(6), 4), (4, 0), (0, np.int64(20))], (2, 4): [(np.int64(6), 4), (4, np.int64(0))], (2, 6): [(np.int64(6), 5)], (2, 8): [(np.int64(6), 4)], (2, 9): [(np.int64(6), 4), (4, 0), (0, 20), (20, np.int64(22))], (3, 4): [(np.int64(20), 0)], (3, 6): [(np.int64(20), 22), (22, 21), (21, 2), (2, np.int64(5))], (3, 8): [(np.int64(20), 0), (0, np.int64(4))], (4, 6): [(np.int64(0), 4), (4, 6), (6, np.int64(5))], (4, 9): [(np.int64(0), 20), (20, np.int64(22))], (5, 7): [(np.int64(1), 20), (20, np.int64(23))], (5, 8): [(np.int64(1), 4)], (6, 7): [(np.int64(5), 2), (2, 21), (21, np.int64(23))], (6, 8): [(np.int64(5), 6), (6, np.int64(4))], (7, 8): [(np.int64(23), 20), (20, 0), (0, np.int64(4))]}","{(2, np.int64(6)): {'cpu': 18}, (8, np.int64(4)): {'cpu': 17}, (0, np.int64(7)): {'cpu': 19}, (6, np.int64(5)): {'cpu': 12}, (5, np.int64(1)): {'cpu': 17}, (4, np.int64(0)): {'cpu': 12}, (3, np.int64(20)): {'cpu': 7}, (7, np.int64(23)): {'cpu': 4}, (9, np.int64(22)): {'cpu': 5}, (1, np.int64(21)): {'cpu': 0}}","{((0, 2), (np.int64(7), 4)): {'bw': 43}, ((0, 2), (4, np.int64(6))): {'bw': 43}, ((0, 4), (np.int64(7), 4)): {'bw': 10}, ((0, 4), (4, np.int64(0))): {'bw': 10}, ((0, 5), (np.int64(7), 4)): {'bw': 21}, ((0, 5), (4, np.int64(1))): {'bw': 21}, ((0, 6), (np.int64(7), 5)): {'bw': 4}, ((0, 8), (np.int64(7), 4)): {'bw': 43}, ((1, 6), (np.int64(21), 2)): {'bw': 46}, ((1, 6), (2, np.int64(5))): {'bw': 46}, ((2, 3), (np.int64(6), 4)): {'bw': 45}, ((2, 3), (4, 0)): {'bw': 45}, ((2, 3), (0, np.int64(20))): {'bw': 45}, ((2, 4), (np.int64(6), 4)): {'bw': 10}, ((2, 4), (4, np.int64(0))): {'bw': 10}, ((2, 6), (np.int64(6), 5)): {'bw': 12}, ((2, 8), (np.int64(6), 4)): {'bw': 35}, ((2, 9), (np.int64(6), 4)): {'bw': 17}, ((2, 9), (4, 0)): {'bw': 17}, ((2, 9), (0, 20)): {'bw': 17}, ((2, 9), (20, np.int64(22))): {'bw': 17}, ((3, 4), (np.int64(20), 0)): {'bw': 11}, ((3, 6), (np.int64(20), 22)): {'bw': 4}, ((3, 6), (22, 21)): {'bw': 4}, ((3, 6), (21, 2)): {'bw': 4}, ((3, 6), (2, np.int64(5))): {'bw': 4}, ((3, 8), (np.int64(20), 0)): {'bw': 23}, ((3, 8), (0, np.int64(4))): {'bw': 23}, ((4, 6), (np.int64(0), 4)): {'bw': 26}, ((4, 6), (4, 6)): {'bw': 26}, ((4, 6), (6, np.int64(5))): {'bw': 26}, ((4, 9), (np.int64(0), 20)): {'bw': 1}, ((4, 9), (20, np.int64(22))): {'bw': 1}, ((5, 7), (np.int64(1), 20)): {'bw': 16}, ((5, 7), (20, np.int64(23))): {'bw': 16}, ((5, 8), (np.int64(1), 4)): {'bw': 11}, ((6, 7), (np.int64(5), 2)): {'bw': 37}, ((6, 7), (2, 21)): {'bw': 37}, ((6, 7), (21, np.int64(23))): {'bw': 37}, ((6, 8), (np.int64(5), 6)): {'bw': 25}, ((6, 8), (6, np.int64(4))): {'bw': 25}, ((7, 8), (np.int64(23), 20)): {'bw': 24}, ((7, 8), (20, 0)): {'bw': 24}, ((7, 8), (0, np.int64(4))): {'bw': 24}}",1097.0,575.0,222.0,111.0,464.0,111.0,464.0,111.0,986.0,522.0,0.5241567912488605,537444.6277302674,281705.2515450353,256.79603604834574,Success,0.0,"{'node_level': {}, 'link_level': {}, 'path_level': {}}","{'node_level': {2: {'cpu': -37}, 8: {'cpu': -42}, 0: {'cpu': -34}, 6: {'cpu': -36}, 5: {'cpu': -47}, 4: {'cpu': -50}, 3: {'cpu': -58}, 7: {'cpu': -47}, 9: {'cpu': -50}, 1: {'cpu': -28}}, 'link_level': {(0, 2): {'bw': -202}, (0, 4): {'bw': -192}, (0, 5): {'bw': -160}, (0, 6): {'bw': -255}, (0, 8): {'bw': -128}, (1, 6): {'bw': -79}, (2, 3): {'bw': -155}, (2, 4): {'bw': -145}, (2, 6): {'bw': -386}, (2, 8): {'bw': -138}, (2, 9): {'bw': -121}, (3, 4): {'bw': -166}, (3, 6): {'bw': -75}, (3, 8): {'bw': -105}, (4, 6): {'bw': -79}, (4, 9): {'bw': -142}, (5, 7): {'bw': -166}, (5, 8): {'bw': -149}, (6, 7): {'bw': -38}, (6, 8): {'bw': -70}, (7, 8): {'bw': -55}}, 'path_level': {(0, 2): {}, (0, 4): {}, (0, 5): {}, (0, 6): {}, (0, 8): {}, (1, 6): {}, (2, 3): {}, (2, 4): {}, (2, 6): {}, (2, 8): {}, (2, 9): {}, (3, 4): {}, (3, 6): {}, (3, 8): {}, (4, 6): {}, (4, 9): {}, (5, 7): {}, (5, 8): {}, (6, 7): {}, (6, 8): {}, (7, 8): {}}}","{'node_level': {2: {'cpu': 0}, 8: {'cpu': 0}, 0: {'cpu': 0}, 6: {'cpu': 0}, 5: {'cpu': 0}, 4: {'cpu': 0}, 3: {'cpu': 0}, 7: {'cpu': 0}, 9: {'cpu': 0}, 1: {'cpu': 0}}, 'link_level': {(0, 2): {'bw': 0}, (0, 4): {'bw': 0}, (0, 5): {'bw': 0}, (0, 6): {'bw': 0}, (0, 8): {'bw': 0}, (1, 6): {'bw': 0}, (2, 3): {'bw': 0}, (2, 4): {'bw': 0}, (2, 6): {'bw': 0}, (2, 8): {'bw': 0}, (2, 9): {'bw': 0}, (3, 4): {'bw': 0}, (3, 6): {'bw': 0}, (3, 8): {'bw': 0}, (4, 6): {'bw': 0}, (4, 9): {'bw': 0}, (5, 7): {'bw': 0}, (5, 8): {'bw': 0}, (6, 7): {'bw': 0}, (6, 8): {'bw': 0}, (7, 8): {'bw': 0}}, 'path_level': {(0, 2): {}, (0, 4): {}, (0, 5): {}, (0, 6): {}, (0, 8): {}, (1, 6): {}, (2, 3): {}, (2, 4): {}, (2, 6): {}, (2, 8): {}, (2, 9): {}, (3, 4): {}, (3, 6): {}, (3, 8): {}, (4, 6): {}, (4, 9): {}, (5, 7): {}, (5, 8): {}, (6, 7): {}, (6, 8): {}, (7, 8): {}}}",[],-inf,-inf,True,True,False,0,[],0,0.0,10.0,21.0
172,135,15,33163.0,61279.0,13426051.419298852,25858461.404680308,0.541180502292792,0.5192130811336197,30,325,1,4230.0,10513,1792,8721,0.31288343558282206,0.3622669104204753,171,111.74143658671055,4230.0,6,8,True,"{4: np.int64(23), 3: np.int64(20), 0: np.int64(22), 1: np.int64(1), 2: np.int64(26), 5: np.int64(21)}","{(0, 1): [(np.int64(22), 20), (20, np.int64(1))], (0, 4): [(np.int64(22), 20), (20, np.int64(23))], (1, 3): [(np.int64(1), 20)], (1, 4): [(np.int64(1), 20), (20, np.int64(23))], (2, 3): [(np.int64(26), 23), (23, 20)], (2, 4): [(np.int64(26), 23)], (2, 5): [(np.int64(26), 23), (23, 21)], (3, 4): [(np.int64(20), 23)]}","{(4, np.int64(23)): {'cpu': 19}, (3, np.int64(20)): {'cpu': 20}, (0, np.int64(22)): {'cpu': 16}, (1, np.int64(1)): {'cpu': 15}, (2, np.int64(26)): {'cpu': 9}, (5, np.int64(21)): {'cpu': 13}}","{((0, 1), (np.int64(22), 20)): {'bw': 47}, ((0, 1), (20, np.int64(1))): {'bw': 47}, ((0, 4), (np.int64(22), 20)): {'bw': 33}, ((0, 4), (20, np.int64(23))): {'bw': 33}, ((1, 3), (np.int64(1), 20)): {'bw': 1}, ((1, 4), (np.int64(1), 20)): {'bw': 29}, ((1, 4), (20, np.int64(23))): {'bw': 29}, ((2, 3), (np.int64(26), 23)): {'bw': 38}, ((2, 3), (23, 20)): {'bw': 38}, ((2, 4), (np.int64(26), 23)): {'bw': 19}, ((2, 5), (np.int64(26), 23)): {'bw': 5}, ((2, 5), (23, 21)): {'bw': 5}, ((3, 4), (np.int64(20), 23)): {'bw': 27}}",443.0,291.0,184.0,92.0,199.0,92.0,199.0,92.0,351.0,152.0,0.6568848758465011,49501.456407912774,32516.758046732768,73.40125969917104,Success,0.0,"{'node_level': {}, 'link_level': {}, 'path_level': {}}","{'node_level': {4: {'cpu': -28}, 3: {'cpu': -38}, 0: {'cpu': -34}, 1: {'cpu': -32}, 2: {'cpu': -91}, 5: {'cpu': -15}}, 'link_level': {(0, 1): {'bw': -98}, (0, 4): {'bw': -65}, (1, 3): {'bw': -137}, (1, 4): {'bw': -80}, (2, 3): {'bw': -42}, (2, 4): {'bw': -278}, (2, 5): {'bw': -251}, (3, 4): {'bw': -15}}, 'path_level': {(0, 1): {}, (0, 4): {}, (1, 3): {}, (1, 4): {}, (2, 3): {}, (2, 4): {}, (2, 5): {}, (3, 4): {}}}","{'node_level': {4: {'cpu': 0}, 3: {'cpu': 0}, 0: {'cpu': 0}, 1: {'cpu': 0}, 2: {'cpu': 0}, 5: {'cpu': 0}}, 'link_level': {(0, 1): {'bw': 0}, (0, 4): {'bw': 0}, (1, 3): {'bw': 0}, (1, 4): {'bw': 0}, (2, 3): {'bw': 0}, (2, 4): {'bw': 0}, (2, 5): {'bw': 0}, (3, 4): {'bw': 0}}, 'path_level': {(0, 1): {}, (0, 4): {}, (1, 3): {}, (1, 4): {}, (2, 3): {}, (2, 4): {}, (2, 5): {}, (3, 4): {}}}",[],-inf,-inf,True,True,False,0,[],0,0.0,6.0,8.0
172,135,14,33163.0,61279.0,13426051.419298852,25858461.404680308,0.541180502292792,0.5192130811336197,30,326,0,4248.5654496986335,10569,1823,8746,0.30099693251533743,0.3604387568555759,151,464.5654496986333,3784.0,2,1,False,{},{},{},{},0.0,0.0,0.0,0.0,0.0,0.0,0.0,0.0,0.0,0.0,0.0,0.0,0.0,0.0,Leave Event,0.0,"{'node_level': {}, 'link_level': {}, 'path_level': {}}","{'node_level': {}, 'link_level': {}, 'path_level': {}}","{'node_level': {}, 'link_level': {}, 'path_level': {}}",[],-inf,-inf,True,True,False,0,[],0,0.0,,
173,135,14,33163.0,61279.0,13426051.419298852,25858461.404680308,0.541180502292792,0.5192130811336197,30,327,1,4254.0,10569,1823,8746,0.30099693251533743,0.3604387568555759,172,490.56344026154153,4254.0,4,5,False,"{1: np.int64(31), 3: np.int64(29), 2: np.int64(30), 0: np.int64(3)}","{(0, 1): [(np.int64(3), 29), (29, np.int64(31))], (0, 3): [(np.int64(3), 29)], (1, 2): []}","{(1, np.int64(31)): {'cpu': 19}, (3, np.int64(29)): {'cpu': 11}, (2, np.int64(30)): {'cpu': 8}, (0, np.int64(3)): {'cpu': 0}}","{((0, 1), (np.int64(3), 29)): {'bw': 5}, ((0, 1), (29, np.int64(31))): {'bw': 5}, ((0, 3), (np.int64(3), 29)): {'bw': 6}}",0.0,0.0,76.0,38.0,97.0,0.0,0.0,0.0,0.0,0.0,0.0,0.0,0.0,0.0,Route Failure,31.0,"{'node_level': {}, 'link_level': {}, 'path_level': {}}","{'node_level': {1: {'cpu': -37}, 3: {'cpu': -23}, 2: {'cpu': -39}, 0: {'cpu': -20}}, 'link_level': {(0, 1): {'bw': -204}, (0, 3): {'bw': -219}, (1, 2): {'bw': 16}}, 'path_level': {(0, 1): {}, (0, 3): {}, (1, 2): {}}}","{'node_level': {1: {'cpu': 0}, 3: {'cpu': 0}, 2: {'cpu': 0}, 0: {'cpu': 0}}, 'link_level': {(0, 1): {'bw': 0}, (0, 3): {'bw': 0}, (1, 2): {'bw': 31}}, 'path_level': {(0, 1): {}, (0, 3): {}, (1, 2): {}}}",[],-inf,-inf,True,False,False,0,[],0,0.0,4.0,3.0
173,135,13,33163.0,61279.0,13426051.419298852,25858461.404680308,0.541180502292792,0.5192130811336197,30,328,0,4254.572357171008,10624,1831,8793,0.29792944785276076,0.35700182815356485,130,1001.5723571710075,3253.0,2,1,False,{},{},{},{},0.0,0.0,0.0,0.0,0.0,0.0,0.0,0.0,0.0,0.0,0.0,0.0,0.0,0.0,Leave Event,0.0,"{'node_level': {}, 'link_level': {}, 'path_level': {}}","{'node_level': {}, 'link_level': {}, 'path_level': {}}","{'node_level': {}, 'link_level': {}, 'path_level': {}}",[],-inf,-inf,True,True,False,0,[],0,0.0,,
173,135,12,33163.0,61279.0,13426051.419298852,25858461.404680308,0.541180502292792,0.5192130811336197,30,329,0,4268.122807203997,10721,1864,8857,0.2852760736196319,0.35232175502742236,148,559.1228072039964,3709.0,3,2,False,{},{},{},{},0.0,0.0,0.0,0.0,0.0,0.0,0.0,0.0,0.0,0.0,0.0,0.0,0.0,0.0,Leave Event,0.0,"{'node_level': {}, 'link_level': {}, 'path_level': {}}","{'node_level': {}, 'link_level': {}, 'path_level': {}}","{'node_level': {}, 'link_level': {}, 'path_level': {}}",[],-inf,-inf,True,True,False,0,[],0,0.0,,
174,136,13,33190.0,61306.0,13431286.71667109,25863696.70205255,0.5413825726682543,0.5193104014247577,30,330,1,4277.0,10694,1846,8848,0.2921779141104295,0.35297989031078614,173,193.89990267552545,4277.0,2,1,True,"{0: np.int64(31), 1: np.int64(28)}","{(0, 1): [(np.int64(31), 28)]}","{(0, np.int64(31)): {'cpu': 17}, (1, np.int64(28)): {'cpu': 1}}","{((0, 1), (np.int64(31), 28)): {'bw': 9}}",27.0,27.0,36.0,18.0,9.0,18.0,9.0,18.0,9.0,0.0,1.0,5235.297372239187,5235.297372239187,193.89990267552545,Success,0.0,"{'node_level': {}, 'link_level': {}, 'path_level': {}}","{'node_level': {0: {'cpu': -53}, 1: {'cpu': -45}}, 'link_level': {(0, 1): {'bw': -174}}, 'path_level': {(0, 1): {}}}","{'node_level': {0: {'cpu': 0}, 1: {'cpu': 0}}, 'link_level': {(0, 1): {'bw': 0}}, 'path_level': {(0, 1): {}}}",[],-inf,-inf,True,True,False,0,[],0,0.0,2.0,1.0
175,136,13,33190.0,61306.0,13431286.71667109,25863696.70205255,0.5413825726682543,0.5193104014247577,30,331,1,4298.0,10694,1846,8848,0.2921779141104295,0.35297989031078614,174,24.237179052614465,4298.0,5,6,False,"{0: np.int64(31), 1: np.int64(28), 2: np.int64(30), 4: np.int64(29), 3: np.int64(5)}","{(0, 1): [(np.int64(31), 28)], (0, 2): []}","{(0, np.int64(31)): {'cpu': 18}, (1, np.int64(28)): {'cpu': 20}, (2, np.int64(30)): {'cpu': 15}, (4, np.int64(29)): {'cpu': 11}, (3, np.int64(5)): {'cpu': 0}}","{((0, 1), (np.int64(31), 28)): {'bw': 27}}",0.0,0.0,128.0,64.0,228.0,0.0,0.0,0.0,0.0,0.0,0.0,0.0,0.0,0.0,Route Failure,67.0,"{'node_level': {}, 'link_level': {}, 'path_level': {}}","{'node_level': {0: {'cpu': -35}, 1: {'cpu': -25}, 2: {'cpu': -32}, 4: {'cpu': -23}, 3: {'cpu': -36}}, 'link_level': {(0, 1): {'bw': -147}, (0, 2): {'bw': 34}}, 'path_level': {(0, 1): {}, (0, 2): {}}}","{'node_level': {0: {'cpu': 0}, 1: {'cpu': 0}, 2: {'cpu': 0}, 4: {'cpu': 0}, 3: {'cpu': 0}}, 'link_level': {(0, 1): {'bw': 0}, (0, 2): {'bw': 67}}, 'path_level': {(0, 1): {}, (0, 2): {}}}",[],-inf,-inf,True,False,False,0,[],0,0.0,5.0,2.0
175,136,13,33190.0,61306.0,13431286.71667109,25863696.70205255,0.5413825726682543,0.5193104014247577,30,332,0,4304.769460771309,10694,1846,8848,0.2921779141104295,0.35297989031078614,165,185.76946077130896,4119.0,9,18,False,{},{},{},{},0.0,0.0,0.0,0.0,0.0,0.0,0.0,0.0,0.0,0.0,0.0,0.0,0.0,0.0,Leave Event,0.0,"{'node_level': {}, 'link_level': {}, 'path_level': {}}","{'node_level': {}, 'link_level': {}, 'path_level': {}}","{'node_level': {}, 'link_level': {}, 'path_level': {}}",[],-inf,-inf,True,True,False,0,[],0,0.0,,
176,136,13,33190.0,61306.0,13431286.71667109,25863696.70205255,0.5413825726682543,0.5193104014247577,30,333,1,4320.0,10694,1846,8848,0.2921779141104295,0.35297989031078614,175,642.5277197308332,4320.0,10,23,False,"{4: np.int64(31), 9: np.int64(28), 1: np.int64(30), 5: np.int64(29), 3: np.int64(5), 2: np.int64(3), 6: np.int64(6), 7: np.int64(7), 8: np.int64(1), 0: np.int64(0)}","{(0, 1): []}","{(4, np.int64(31)): {'cpu': 18}, (9, np.int64(28)): {'cpu': 12}, (1, np.int64(30)): {'cpu': 12}, (5, np.int64(29)): {'cpu': 19}, (3, np.int64(5)): {'cpu': 19}, (2, np.int64(3)): {'cpu': 7}, (6, np.int64(6)): {'cpu': 2}, (7, np.int64(7)): {'cpu': 2}, (8, np.int64(1)): {'cpu': 1}, (0, np.int64(0)): {'cpu': 1}}",{},0.0,0.0,186.0,93.0,565.0,0.0,0.0,0.0,0.0,0.0,0.0,0.0,0.0,0.0,Route Failure,28.0,"{'node_level': {}, 'link_level': {}, 'path_level': {}}","{'node_level': {4: {'cpu': -35}, 9: {'cpu': -33}, 1: {'cpu': -35}, 5: {'cpu': -15}, 3: {'cpu': -17}, 2: {'cpu': -13}, 6: {'cpu': -35}, 7: {'cpu': -32}, 8: {'cpu': -31}, 0: {'cpu': -49}}, 'link_level': {(0, 1): {'bw': 28}}, 'path_level': {(0, 1): {}}}","{'node_level': {4: {'cpu': 0}, 9: {'cpu': 0}, 1: {'cpu': 0}, 5: {'cpu': 0}, 3: {'cpu': 0}, 2: {'cpu': 0}, 6: {'cpu': 0}, 7: {'cpu': 0}, 8: {'cpu': 0}, 0: {'cpu': 0}}, 'link_level': {(0, 1): {'bw': 28}}, 'path_level': {(0, 1): {}}}",[],-inf,-inf,True,False,False,0,[],0,0.0,10.0,1.0
176,136,13,33190.0,61306.0,13431286.71667109,25863696.70205255,0.5413825726682543,0.5193104014247577,30,334,0,4322.237179052614,10694,1846,8848,0.2921779141104295,0.35297989031078614,174,24.237179052614465,4298.0,5,6,False,{},{},{},{},0.0,0.0,0.0,0.0,0.0,0.0,0.0,0.0,0.0,0.0,0.0,0.0,0.0,0.0,Leave Event,0.0,"{'node_level': {}, 'link_level': {}, 'path_level': {}}","{'node_level': {}, 'link_level': {}, 'path_level': {}}","{'node_level': {}, 'link_level': {}, 'path_level': {}}",[],-inf,-inf,True,True,False,0,[],0,0.0,,
176,136,12,33190.0,61306.0,13431286.71667109,25863696.70205255,0.5413825726682543,0.5193104014247577,30,335,0,4330.043433844567,10858,1867,8991,0.28412576687116564,0.3425228519195612,159,357.0434338445669,3973.0,4,3,False,{},{},{},{},0.0,0.0,0.0,0.0,0.0,0.0,0.0,0.0,0.0,0.0,0.0,0.0,0.0,0.0,Leave Event,0.0,"{'node_level': {}, 'link_level': {}, 'path_level': {}}","{'node_level': {}, 'link_level': {}, 'path_level': {}}","{'node_level': {}, 'link_level': {}, 'path_level': {}}",[],-inf,-inf,True,True,False,0,[],0,0.0,,
176,136,11,33190.0,61306.0,13431286.71667109,25863696.70205255,0.5413825726682543,0.5193104014247577,30,336,0,4341.741436586711,11301,1959,9342,0.24884969325153372,0.316855575868373,171,111.74143658671055,4230.0,6,8,False,{},{},{},{},0.0,0.0,0.0,0.0,0.0,0.0,0.0,0.0,0.0,0.0,0.0,0.0,0.0,0.0,Leave Event,0.0,"{'node_level': {}, 'link_level': {}, 'path_level': {}}","{'node_level': {}, 'link_level': {}, 'path_level': {}}","{'node_level': {}, 'link_level': {}, 'path_level': {}}",[],-inf,-inf,True,True,False,0,[],0,0.0,,
177,137,12,33302.0,61432.0,13511030.971001562,25953408.988174327,0.5420953249120979,0.5205879110970688,30,337,1,4349.0,11175,1937,9238,0.2572852760736196,0.3244606946983547,176,712.00227080777,4349.0,3,3,True,"{0: np.int64(22), 2: np.int64(20), 1: np.int64(23)}","{(0, 1): [(np.int64(22), 20), (20, np.int64(23))], (0, 2): [(np.int64(22), 20)], (1, 2): [(np.int64(23), 20)]}","{(0, np.int64(22)): {'cpu': 15}, (2, np.int64(20)): {'cpu': 6}, (1, np.int64(23)): {'cpu': 1}}","{((0, 1), (np.int64(22), 20)): {'bw': 14}, ((0, 1), (20, np.int64(23))): {'bw': 14}, ((0, 2), (np.int64(22), 20)): {'bw': 50}, ((1, 2), (np.int64(23), 20)): {'bw': 26}}",126.0,112.0,44.0,22.0,90.0,22.0,90.0,22.0,104.0,14.0,0.8888888888888888,89712.28612177902,79744.25433047023,632.8909073846844,Success,0.0,"{'node_level': {}, 'link_level': {}, 'path_level': {}}","{'node_level': {0: {'cpu': -45}, 2: {'cpu': -52}, 1: {'cpu': -51}}, 'link_level': {(0, 1): {'bw': -128}, (0, 2): {'bw': -81}, (1, 2): {'bw': -102}}, 'path_level': {(0, 1): {}, (0, 2): {}, (1, 2): {}}}","{'node_level': {0: {'cpu': 0}, 2: {'cpu': 0}, 1: {'cpu': 0}}, 'link_level': {(0, 1): {'bw': 0}, (0, 2): {'bw': 0}, (1, 2): {'bw': 0}}, 'path_level': {(0, 1): {}, (0, 2): {}, (1, 2): {}}}",[],-inf,-inf,True,True,False,0,[],0,0.0,3.0,3.0
177,137,12,33302.0,61432.0,13511030.971001562,25953408.988174327,0.5420953249120979,0.5205879110970688,30,338,0,4360.731509300069,11175,1937,9238,0.2572852760736196,0.3244606946983547,137,938.731509300069,3422.0,10,25,False,{},{},{},{},0.0,0.0,0.0,0.0,0.0,0.0,0.0,0.0,0.0,0.0,0.0,0.0,0.0,0.0,Leave Event,0.0,"{'node_level': {}, 'link_level': {}, 'path_level': {}}","{'node_level': {}, 'link_level': {}, 'path_level': {}}","{'node_level': {}, 'link_level': {}, 'path_level': {}}",[],-inf,-inf,True,True,False,0,[],0,0.0,,
178,137,12,33302.0,61432.0,13511030.971001562,25953408.988174327,0.5420953249120979,0.5205879110970688,30,339,1,4368.0,11175,1937,9238,0.2572852760736196,0.3244606946983547,177,260.6941950988393,4368.0,6,7,False,"{5: np.int64(31), 3: np.int64(28), 4: np.int64(1), 0: np.int64(30), 1: np.int64(23), 2: np.int64(20)}","{(0, 4): []}","{(5, np.int64(31)): {'cpu': 19}, (3, np.int64(28)): {'cpu': 13}, (4, np.int64(1)): {'cpu': 7}, (0, np.int64(30)): {'cpu': 12}, (1, np.int64(23)): {'cpu': 15}, (2, np.int64(20)): {'cpu': 1}}",{},0.0,0.0,134.0,67.0,187.0,0.0,0.0,0.0,0.0,0.0,0.0,0.0,0.0,0.0,Route Failure,14.0,"{'node_level': {}, 'link_level': {}, 'path_level': {}}","{'node_level': {5: {'cpu': -34}, 3: {'cpu': -32}, 4: {'cpu': -40}, 0: {'cpu': -35}, 1: {'cpu': -36}, 2: {'cpu': -51}}, 'link_level': {(0, 4): {'bw': 14}}, 'path_level': {(0, 4): {}}}","{'node_level': {5: {'cpu': 0}, 3: {'cpu': 0}, 4: {'cpu': 0}, 0: {'cpu': 0}, 1: {'cpu': 0}, 2: {'cpu': 0}}, 'link_level': {(0, 4): {'bw': 14}}, 'path_level': {(0, 4): {}}}",[],-inf,-inf,True,False,False,0,[],0,0.0,6.0,1.0
178,137,11,33302.0,61432.0,13511030.971001562,25953408.988174327,0.5420953249120979,0.5205879110970688,30,340,0,4370.490854731586,11318,1981,9337,0.24041411042944782,0.3172212065813529,138,912.4908547315861,3458.0,4,4,False,{},{},{},{},0.0,0.0,0.0,0.0,0.0,0.0,0.0,0.0,0.0,0.0,0.0,0.0,0.0,0.0,Leave Event,0.0,"{'node_level': {}, 'link_level': {}, 'path_level': {}}","{'node_level': {}, 'link_level': {}, 'path_level': {}}","{'node_level': {}, 'link_level': {}, 'path_level': {}}",[],-inf,-inf,True,True,False,0,[],0,0.0,,
178,137,10,33302.0,61432.0,13511030.971001562,25953408.988174327,0.5420953249120979,0.5205879110970688,30,341,0,4378.564042900835,11472,2028,9444,0.22239263803680986,0.3093967093235832,166,249.5640429008351,4129.0,4,3,False,{},{},{},{},0.0,0.0,0.0,0.0,0.0,0.0,0.0,0.0,0.0,0.0,0.0,0.0,0.0,0.0,Leave Event,0.0,"{'node_level': {}, 'link_level': {}, 'path_level': {}}","{'node_level': {}, 'link_level': {}, 'path_level': {}}","{'node_level': {}, 'link_level': {}, 'path_level': {}}",[],-inf,-inf,True,True,False,0,[],0,0.0,,
178,137,9,33302.0,61432.0,13511030.971001562,25953408.988174327,0.5420953249120979,0.5205879110970688,30,342,0,4384.0259053693535,11931,2095,9836,0.19670245398773,0.28073126142595983,168,217.02590536935313,4167.0,5,7,False,{},{},{},{},0.0,0.0,0.0,0.0,0.0,0.0,0.0,0.0,0.0,0.0,0.0,0.0,0.0,0.0,Leave Event,0.0,"{'node_level': {}, 'link_level': {}, 'path_level': {}}","{'node_level': {}, 'link_level': {}, 'path_level': {}}","{'node_level': {}, 'link_level': {}, 'path_level': {}}",[],-inf,-inf,True,True,False,0,[],0,0.0,,
179,138,10,33492.0,61762.0,13626791.160702553,26154466.15976026,0.5422751853890742,0.5210120167418267,30,343,1,4397.0,11601,2066,9535,0.20782208588957052,0.30274223034734915,178,609.2641563210035,4397.0,5,5,True,"{0: np.int64(23), 2: np.int64(21), 1: np.int64(3), 4: np.int64(22), 3: np.int64(5)}","{(0, 1): [(np.int64(23), 21), (21, np.int64(3))], (0, 2): [(np.int64(23), 21)], (1, 2): [(np.int64(3), 21)], (1, 4): [(np.int64(3), 21), (21, np.int64(22))], (3, 4): [(np.int64(5), 2), (2, 21), (21, np.int64(22))]}","{(0, np.int64(23)): {'cpu': 19}, (2, np.int64(21)): {'cpu': 4}, (1, np.int64(3)): {'cpu': 2}, (4, np.int64(22)): {'cpu': 2}, (3, np.int64(5)): {'cpu': 2}}","{((0, 1), (np.int64(23), 21)): {'bw': 37}, ((0, 1), (21, np.int64(3))): {'bw': 37}, ((0, 2), (np.int64(23), 21)): {'bw': 39}, ((1, 2), (np.int64(3), 21)): {'bw': 28}, ((1, 4), (np.int64(3), 21)): {'bw': 11}, ((1, 4), (21, np.int64(22))): {'bw': 11}, ((3, 4), (np.int64(5), 2)): {'bw': 46}, ((3, 4), (2, 21)): {'bw': 46}, ((3, 4), (21, np.int64(22))): {'bw': 46}}",330.0,190.0,58.0,29.0,161.0,29.0,161.0,29.0,301.0,140.0,0.5757575757575758,201057.17158593115,115760.18970099067,350.7884536393657,Success,0.0,"{'node_level': {}, 'link_level': {}, 'path_level': {}}","{'node_level': {0: {'cpu': -45}, 2: {'cpu': -44}, 1: {'cpu': -47}, 4: {'cpu': -57}, 3: {'cpu': -44}}, 'link_level': {(0, 1): {'bw': -259}, (0, 2): {'bw': -220}, (1, 2): {'bw': -298}, (1, 4): {'bw': -203}, (3, 4): {'bw': -76}}, 'path_level': {(0, 1): {}, (0, 2): {}, (1, 2): {}, (1, 4): {}, (3, 4): {}}}","{'node_level': {0: {'cpu': 0}, 2: {'cpu': 0}, 1: {'cpu': 0}, 4: {'cpu': 0}, 3: {'cpu': 0}}, 'link_level': {(0, 1): {'bw': 0}, (0, 2): {'bw': 0}, (1, 2): {'bw': 0}, (1, 4): {'bw': 0}, (3, 4): {'bw': 0}}, 'path_level': {(0, 1): {}, (0, 2): {}, (1, 2): {}, (1, 4): {}, (3, 4): {}}}",[],-inf,-inf,True,True,False,0,[],0,0.0,5.0,5.0
180,139,11,33642.0,61957.0,13692816.863918154,26240299.57394054,0.5429894927126878,0.5218239534702799,30,344,1,4422.0,11406,2044,9362,0.21625766871165641,0.3153930530164534,179,440.17135477067774,4422.0,5,5,True,"{2: np.int64(3), 4: np.int64(5), 0: np.int64(13), 1: np.int64(15), 3: np.int64(14)}","{(0, 3): [(np.int64(13), 14)], (0, 4): [(np.int64(13), 2), (2, np.int64(5))], (1, 2): [(np.int64(15), 13), (13, np.int64(3))], (2, 3): [(np.int64(3), 13), (13, np.int64(14))], (2, 4): [(np.int64(3), 5)]}","{(2, np.int64(3)): {'cpu': 10}, (4, np.int64(5)): {'cpu': 6}, (0, np.int64(13)): {'cpu': 2}, (1, np.int64(15)): {'cpu': 3}, (3, np.int64(14)): {'cpu': 1}}","{((0, 3), (np.int64(13), 14)): {'bw': 43}, ((0, 4), (np.int64(13), 2)): {'bw': 12}, ((0, 4), (2, np.int64(5))): {'bw': 12}, ((1, 2), (np.int64(15), 13)): {'bw': 30}, ((1, 2), (13, np.int64(3))): {'bw': 30}, ((2, 3), (np.int64(3), 13)): {'bw': 3}, ((2, 3), (13, np.int64(14))): {'bw': 3}, ((2, 4), (np.int64(3), 5)): {'bw': 40}}",195.0,150.0,44.0,22.0,128.0,22.0,128.0,22.0,173.0,45.0,0.7692307692307693,85833.41418028215,66025.70321560166,338.59334982359826,Success,0.0,"{'node_level': {}, 'link_level': {}, 'path_level': {}}","{'node_level': {2: {'cpu': -37}, 4: {'cpu': -38}, 0: {'cpu': -71}, 1: {'cpu': -48}, 3: {'cpu': -46}}, 'link_level': {(0, 3): {'bw': -94}, (0, 4): {'bw': -22}, (1, 2): {'bw': -110}, (2, 3): {'bw': -91}, (2, 4): {'bw': -335}}, 'path_level': {(0, 3): {}, (0, 4): {}, (1, 2): {}, (2, 3): {}, (2, 4): {}}}","{'node_level': {2: {'cpu': 0}, 4: {'cpu': 0}, 0: {'cpu': 0}, 1: {'cpu': 0}, 3: {'cpu': 0}}, 'link_level': {(0, 3): {'bw': 0}, (0, 4): {'bw': 0}, (1, 2): {'bw': 0}, (2, 3): {'bw': 0}, (2, 4): {'bw': 0}}, 'path_level': {(0, 3): {}, (0, 4): {}, (1, 2): {}, (2, 3): {}, (2, 4): {}}}",[],-inf,-inf,True,True,False,0,[],0,0.0,5.0,5.0
181,139,11,33642.0,61957.0,13692816.863918154,26240299.57394054,0.5429894927126878,0.5218239534702799,30,345,1,4447.0,11406,2044,9362,0.21625766871165641,0.3153930530164534,180,1746.0729647720696,4447.0,8,13,False,"{7: np.int64(31), 5: np.int64(28), 0: np.int64(1), 3: np.int64(30), 2: np.int64(3), 4: np.int64(22), 1: np.int64(20), 6: np.int64(23)}","{(0, 1): [(np.int64(1), 20)], (0, 4): [(np.int64(1), 20), (20, np.int64(22))], (0, 5): [(np.int64(1), 28)], (0, 7): [(np.int64(1), 28), (28, np.int64(31))], (1, 4): [(np.int64(20), 22)], (2, 4): [(np.int64(3), 21), (21, np.int64(22))], (2, 5): [(np.int64(3), 29), (29, 31), (31, np.int64(28))], (2, 6): [(np.int64(3), 21), (21, np.int64(23))], (3, 5): []}","{(7, np.int64(31)): {'cpu': 18}, (5, np.int64(28)): {'cpu': 12}, (0, np.int64(1)): {'cpu': 15}, (3, np.int64(30)): {'cpu': 10}, (2, np.int64(3)): {'cpu': 7}, (4, np.int64(22)): {'cpu': 3}, (1, np.int64(20)): {'cpu': 13}, (6, np.int64(23)): {'cpu': 3}}","{((0, 1), (np.int64(1), 20)): {'bw': 10}, ((0, 4), (np.int64(1), 20)): {'bw': 11}, ((0, 4), (20, np.int64(22))): {'bw': 11}, ((0, 5), (np.int64(1), 28)): {'bw': 37}, ((0, 7), (np.int64(1), 28)): {'bw': 34}, ((0, 7), (28, np.int64(31))): {'bw': 34}, ((1, 4), (np.int64(20), 22)): {'bw': 5}, ((2, 4), (np.int64(3), 21)): {'bw': 50}, ((2, 4), (21, np.int64(22))): {'bw': 50}, ((2, 5), (np.int64(3), 29)): {'bw': 33}, ((2, 5), (29, 31)): {'bw': 33}, ((2, 5), (31, np.int64(28))): {'bw': 33}, ((2, 6), (np.int64(3), 21)): {'bw': 28}, ((2, 6), (21, np.int64(23))): {'bw': 28}}",0.0,0.0,162.0,81.0,351.0,0.0,0.0,0.0,0.0,0.0,0.0,0.0,0.0,0.0,Route Failure,12.0,"{'node_level': {}, 'link_level': {}, 'path_level': {}}","{'node_level': {7: {'cpu': -35}, 5: {'cpu': -33}, 0: {'cpu': -32}, 3: {'cpu': -37}, 2: {'cpu': -30}, 4: {'cpu': -54}, 1: {'cpu': -44}, 6: {'cpu': -42}}, 'link_level': {(0, 1): {'bw': -175}, (0, 4): {'bw': -120}, (0, 5): {'bw': -209}, (0, 7): {'bw': -140}, (1, 4): {'bw': -115}, (2, 4): {'bw': -107}, (2, 5): {'bw': -107}, (2, 6): {'bw': -192}, (3, 5): {'bw': 12}}, 'path_level': {(0, 1): {}, (0, 4): {}, (0, 5): {}, (0, 7): {}, (1, 4): {}, (2, 4): {}, (2, 5): {}, (2, 6): {}, (3, 5): {}}}","{'node_level': {7: {'cpu': 0}, 5: {'cpu': 0}, 0: {'cpu': 0}, 3: {'cpu': 0}, 2: {'cpu': 0}, 4: {'cpu': 0}, 1: {'cpu': 0}, 6: {'cpu': 0}}, 'link_level': {(0, 1): {'bw': 0}, (0, 4): {'bw': 0}, (0, 5): {'bw': 0}, (0, 7): {'bw': 0}, (1, 4): {'bw': 0}, (2, 4): {'bw': 0}, (2, 5): {'bw': 0}, (2, 6): {'bw': 0}, (3, 5): {'bw': 12}}, 'path_level': {(0, 1): {}, (0, 4): {}, (0, 5): {}, (0, 7): {}, (1, 4): {}, (2, 4): {}, (2, 5): {}, (2, 6): {}, (3, 5): {}}}",[],-inf,-inf,True,False,False,0,[],0,0.0,8.0,9.0
181,139,10,33642.0,61957.0,13692816.863918154,26240299.57394054,0.5429894927126878,0.5218239534702799,30,346,0,4470.8999026755255,11433,2062,9371,0.20935582822085885,0.3147349177330896,173,193.89990267552545,4277.0,2,1,False,{},{},{},{},0.0,0.0,0.0,0.0,0.0,0.0,0.0,0.0,0.0,0.0,0.0,0.0,0.0,0.0,Leave Event,0.0,"{'node_level': {}, 'link_level': {}, 'path_level': {}}","{'node_level': {}, 'link_level': {}, 'path_level': {}}","{'node_level': {}, 'link_level': {}, 'path_level': {}}",[],-inf,-inf,True,True,False,0,[],0,0.0,,
182,139,10,33642.0,61957.0,13692816.863918154,26240299.57394054,0.5429894927126878,0.5218239534702799,30,347,1,4474.0,11433,2062,9371,0.20935582822085885,0.3147349177330896,181,181.11548109328308,4474.0,9,20,False,"{1: np.int64(31), 8: np.int64(28), 6: np.int64(1), 7: np.int64(30), 2: np.int64(3), 0: np.int64(22), 4: np.int64(20), 3: np.int64(23), 5: np.int64(21)}","{(0, 1): [(np.int64(22), 20), (20, 0), (0, 28), (28, np.int64(31))], (0, 4): [(np.int64(22), 20)], (0, 6): [(np.int64(22), 20), (20, np.int64(1))], (0, 8): [(np.int64(22), 20), (20, 0), (0, np.int64(28))], (1, 2): [(np.int64(31), 29), (29, np.int64(3))], (1, 4): [(np.int64(31), 28), (28, 1), (1, np.int64(20))], (1, 5): [(np.int64(31), 29), (29, 2), (2, np.int64(21))], (1, 7): []}","{(1, np.int64(31)): {'cpu': 20}, (8, np.int64(28)): {'cpu': 16}, (6, np.int64(1)): {'cpu': 18}, (7, np.int64(30)): {'cpu': 7}, (2, np.int64(3)): {'cpu': 6}, (0, np.int64(22)): {'cpu': 3}, (4, np.int64(20)): {'cpu': 1}, (3, np.int64(23)): {'cpu': 1}, (5, np.int64(21)): {'cpu': 0}}","{((0, 1), (np.int64(22), 20)): {'bw': 6}, ((0, 1), (20, 0)): {'bw': 6}, ((0, 1), (0, 28)): {'bw': 6}, ((0, 1), (28, np.int64(31))): {'bw': 6}, ((0, 4), (np.int64(22), 20)): {'bw': 46}, ((0, 6), (np.int64(22), 20)): {'bw': 43}, ((0, 6), (20, np.int64(1))): {'bw': 43}, ((0, 8), (np.int64(22), 20)): {'bw': 36}, ((0, 8), (20, 0)): {'bw': 36}, ((0, 8), (0, np.int64(28))): {'bw': 36}, ((1, 2), (np.int64(31), 29)): {'bw': 25}, ((1, 2), (29, np.int64(3))): {'bw': 25}, ((1, 4), (np.int64(31), 28)): {'bw': 44}, ((1, 4), (28, 1)): {'bw': 44}, ((1, 4), (1, np.int64(20))): {'bw': 44}, ((1, 5), (np.int64(31), 29)): {'bw': 48}, ((1, 5), (29, 2)): {'bw': 48}, ((1, 5), (2, np.int64(21))): {'bw': 48}}",0.0,0.0,144.0,72.0,568.0,0.0,0.0,0.0,0.0,0.0,0.0,0.0,0.0,0.0,Route Failure,65.0,"{'node_level': {}, 'link_level': {}, 'path_level': {}}","{'node_level': {1: {'cpu': -50}, 8: {'cpu': -30}, 6: {'cpu': -29}, 7: {'cpu': -40}, 2: {'cpu': -31}, 0: {'cpu': -54}, 4: {'cpu': -56}, 3: {'cpu': -44}, 5: {'cpu': -44}}, 'link_level': {(0, 1): {'bw': -79}, (0, 4): {'bw': -79}, (0, 6): {'bw': -36}, (0, 8): {'bw': 0}, (1, 2): {'bw': -184}, (1, 4): {'bw': -98}, (1, 5): {'bw': -46}, (1, 7): {'bw': 34}}, 'path_level': {(0, 1): {}, (0, 4): {}, (0, 6): {}, (0, 8): {}, (1, 2): {}, (1, 4): {}, (1, 5): {}, (1, 7): {}}}","{'node_level': {1: {'cpu': 0}, 8: {'cpu': 0}, 6: {'cpu': 0}, 7: {'cpu': 0}, 2: {'cpu': 0}, 0: {'cpu': 0}, 4: {'cpu': 0}, 3: {'cpu': 0}, 5: {'cpu': 0}}, 'link_level': {(0, 1): {'bw': 0}, (0, 4): {'bw': 0}, (0, 6): {'bw': 0}, (0, 8): {'bw': 0}, (1, 2): {'bw': 0}, (1, 4): {'bw': 0}, (1, 5): {'bw': 0}, (1, 7): {'bw': 65}}, 'path_level': {(0, 1): {}, (0, 4): {}, (0, 6): {}, (0, 8): {}, (1, 2): {}, (1, 4): {}, (1, 5): {}, (1, 7): {}}}",[],-inf,-inf,True,False,False,0,[],0,0.0,9.0,8.0
183,140,11,33787.0,62191.0,13720114.645550217,26284352.545677803,0.5432779662652152,0.5219879250100209,30,348,1,4493.0,11199,2017,9182,0.2266104294478528,0.32855575868372944,182,188.26056297974682,4493.0,5,5,True,"{0: np.int64(31), 4: np.int64(28), 2: np.int64(1), 3: np.int64(30), 1: np.int64(3)}","{(0, 3): [(np.int64(31), 28), (28, np.int64(30))], (0, 4): [(np.int64(31), 28)], (1, 4): [(np.int64(3), 29), (29, 31), (31, np.int64(28))], (2, 3): [(np.int64(1), 28), (28, np.int64(30))], (2, 4): [(np.int64(1), 28)]}","{(0, np.int64(31)): {'cpu': 18}, (4, np.int64(28)): {'cpu': 8}, (2, np.int64(1)): {'cpu': 9}, (3, np.int64(30)): {'cpu': 9}, (1, np.int64(3)): {'cpu': 1}}","{((0, 3), (np.int64(31), 28)): {'bw': 10}, ((0, 3), (28, np.int64(30))): {'bw': 10}, ((0, 4), (np.int64(31), 28)): {'bw': 31}, ((1, 4), (np.int64(3), 29)): {'bw': 39}, ((1, 4), (29, 31)): {'bw': 39}, ((1, 4), (31, np.int64(28))): {'bw': 39}, ((2, 3), (np.int64(1), 28)): {'bw': 1}, ((2, 3), (28, np.int64(30))): {'bw': 1}, ((2, 4), (np.int64(1), 28)): {'bw': 19}}",234.0,145.0,90.0,45.0,100.0,45.0,100.0,45.0,189.0,89.0,0.6196581196581197,44052.971737260756,27297.78163206329,116.65718646180893,Success,0.0,"{'node_level': {}, 'link_level': {}, 'path_level': {}}","{'node_level': {0: {'cpu': -52}, 4: {'cpu': -38}, 2: {'cpu': -38}, 3: {'cpu': -38}, 1: {'cpu': -36}}, 'link_level': {(0, 3): {'bw': -4}, (0, 4): {'bw': -142}, (1, 4): {'bw': -103}, (2, 3): {'bw': -3}, (2, 4): {'bw': -226}}, 'path_level': {(0, 3): {}, (0, 4): {}, (1, 4): {}, (2, 3): {}, (2, 4): {}}}","{'node_level': {0: {'cpu': 0}, 4: {'cpu': 0}, 2: {'cpu': 0}, 3: {'cpu': 0}, 1: {'cpu': 0}}, 'link_level': {(0, 3): {'bw': 0}, (0, 4): {'bw': 0}, (1, 4): {'bw': 0}, (2, 3): {'bw': 0}, (2, 4): {'bw': 0}}, 'path_level': {(0, 3): {}, (0, 4): {}, (1, 4): {}, (2, 3): {}, (2, 4): {}}}",[],-inf,-inf,True,True,False,0,[],0,0.0,5.0,5.0
183,140,10,33787.0,62191.0,13720114.645550217,26284352.545677803,0.5432779662652152,0.5219879250100209,30,349,0,4494.405216147959,11750,2074,9676,0.20475460122699385,0.2924314442413163,157,570.4052161479595,3924.0,7,11,False,{},{},{},{},0.0,0.0,0.0,0.0,0.0,0.0,0.0,0.0,0.0,0.0,0.0,0.0,0.0,0.0,Leave Event,0.0,"{'node_level': {}, 'link_level': {}, 'path_level': {}}","{'node_level': {}, 'link_level': {}, 'path_level': {}}","{'node_level': {}, 'link_level': {}, 'path_level': {}}",[],-inf,-inf,True,True,False,0,[],0,0.0,,
184,141,11,34105.0,62687.0,13760942.663471814,26348033.982436016,0.5440521958300764,0.5222758811016055,30,350,1,4518.0,11254,2013,9241,0.22814417177914115,0.32424131627056674,183,128.38999346414113,4518.0,7,9,True,"{1: np.int64(22), 3: np.int64(21), 6: np.int64(23), 0: np.int64(3), 5: np.int64(20), 2: np.int64(2), 4: np.int64(5)}","{(0, 1): [(np.int64(3), 21), (21, np.int64(22))], (0, 6): [(np.int64(3), 21), (21, np.int64(23))], (1, 2): [(np.int64(22), 21), (21, np.int64(2))], (1, 3): [(np.int64(22), 21)], (1, 4): [(np.int64(22), 21), (21, 2), (2, np.int64(5))], (1, 5): [(np.int64(22), 20)], (2, 4): [(np.int64(2), 5)], (3, 6): [(np.int64(21), 23)], (5, 6): [(np.int64(20), 23)]}","{(1, np.int64(22)): {'cpu': 8}, (3, np.int64(21)): {'cpu': 10}, (6, np.int64(23)): {'cpu': 6}, (0, np.int64(3)): {'cpu': 11}, (5, np.int64(20)): {'cpu': 14}, (2, np.int64(2)): {'cpu': 9}, (4, np.int64(5)): {'cpu': 3}}","{((0, 1), (np.int64(3), 21)): {'bw': 1}, ((0, 1), (21, np.int64(22))): {'bw': 1}, ((0, 6), (np.int64(3), 21)): {'bw': 49}, ((0, 6), (21, np.int64(23))): {'bw': 49}, ((1, 2), (np.int64(22), 21)): {'bw': 30}, ((1, 2), (21, np.int64(2))): {'bw': 30}, ((1, 3), (np.int64(22), 21)): {'bw': 39}, ((1, 4), (np.int64(22), 21)): {'bw': 49}, ((1, 4), (21, 2)): {'bw': 49}, ((1, 4), (2, np.int64(5))): {'bw': 49}, ((1, 5), (np.int64(22), 20)): {'bw': 27}, ((2, 4), (np.int64(2), 5)): {'bw': 19}, ((3, 6), (np.int64(21), 23)): {'bw': 32}, ((5, 6), (np.int64(20), 23)): {'bw': 11}}",496.0,318.0,122.0,61.0,257.0,61.0,257.0,61.0,435.0,178.0,0.6411290322580645,63681.436758214,40828.01792159688,82.31455226128402,Success,0.0,"{'node_level': {}, 'link_level': {}, 'path_level': {}}","{'node_level': {1: {'cpu': -62}, 3: {'cpu': -47}, 6: {'cpu': -48}, 0: {'cpu': -34}, 5: {'cpu': -43}, 2: {'cpu': -53}, 4: {'cpu': -35}}, 'link_level': {(0, 1): {'bw': -202}, (0, 6): {'bw': -234}, (1, 2): {'bw': -172}, (1, 3): {'bw': -133}, (1, 4): {'bw': -66}, (1, 5): {'bw': -128}, (2, 4): {'bw': -47}, (3, 6): {'bw': -202}, (5, 6): {'bw': -124}}, 'path_level': {(0, 1): {}, (0, 6): {}, (1, 2): {}, (1, 3): {}, (1, 4): {}, (1, 5): {}, (2, 4): {}, (3, 6): {}, (5, 6): {}}}","{'node_level': {1: {'cpu': 0}, 3: {'cpu': 0}, 6: {'cpu': 0}, 0: {'cpu': 0}, 5: {'cpu': 0}, 2: {'cpu': 0}, 4: {'cpu': 0}}, 'link_level': {(0, 1): {'bw': 0}, (0, 6): {'bw': 0}, (1, 2): {'bw': 0}, (1, 3): {'bw': 0}, (1, 4): {'bw': 0}, (1, 5): {'bw': 0}, (2, 4): {'bw': 0}, (3, 6): {'bw': 0}, (5, 6): {'bw': 0}}, 'path_level': {(0, 1): {}, (0, 6): {}, (1, 2): {}, (1, 3): {}, (1, 4): {}, (1, 5): {}, (2, 4): {}, (3, 6): {}, (5, 6): {}}}",[],-inf,-inf,True,True,False,0,[],0,0.0,7.0,9.0
184,141,11,34105.0,62687.0,13760942.663471814,26348033.982436016,0.5440521958300764,0.5222758811016055,30,351,0,4543.075111135085,11254,2013,9241,0.22814417177914115,0.32424131627056674,135,1171.0751111350844,3372.0,8,13,False,{},{},{},{},0.0,0.0,0.0,0.0,0.0,0.0,0.0,0.0,0.0,0.0,0.0,0.0,0.0,0.0,Leave Event,0.0,"{'node_level': {}, 'link_level': {}, 'path_level': {}}","{'node_level': {}, 'link_level': {}, 'path_level': {}}","{'node_level': {}, 'link_level': {}, 'path_level': {}}",[],-inf,-inf,True,True,False,0,[],0,0.0,,
185,142,12,34264.0,62923.0,13849645.758113487,26479693.921652585,0.5445385630055782,0.5230289216745273,30,352,1,4544.0,11018,1959,9059,0.24884969325153372,0.33755027422303474,184,557.8810983752966,4544.0,5,4,True,"{1: np.int64(22), 4: np.int64(21), 2: np.int64(23), 0: np.int64(3), 3: np.int64(13)}","{(0, 3): [(np.int64(3), 13)], (1, 2): [(np.int64(22), 20), (20, np.int64(23))], (1, 4): [(np.int64(22), 21)], (3, 4): [(np.int64(13), 2), (2, np.int64(21))]}","{(1, np.int64(22)): {'cpu': 19}, (4, np.int64(21)): {'cpu': 12}, (2, np.int64(23)): {'cpu': 8}, (0, np.int64(3)): {'cpu': 15}, (3, np.int64(13)): {'cpu': 0}}","{((0, 3), (np.int64(3), 13)): {'bw': 8}, ((1, 2), (np.int64(22), 20)): {'bw': 39}, ((1, 2), (20, np.int64(23))): {'bw': 39}, ((1, 4), (np.int64(22), 21)): {'bw': 20}, ((3, 4), (np.int64(13), 2)): {'bw': 38}, ((3, 4), (2, np.int64(21))): {'bw': 38}}",236.0,159.0,108.0,54.0,105.0,54.0,105.0,54.0,182.0,77.0,0.673728813559322,131659.93921657,88703.09464167216,375.86057051555997,Success,0.0,"{'node_level': {}, 'link_level': {}, 'path_level': {}}","{'node_level': {1: {'cpu': -43}, 4: {'cpu': -35}, 2: {'cpu': -40}, 0: {'cpu': -19}, 3: {'cpu': -76}}, 'link_level': {(0, 3): {'bw': -280}, (1, 2): {'bw': -85}, (1, 4): {'bw': -64}, (3, 4): {'bw': -15}}, 'path_level': {(0, 3): {}, (1, 2): {}, (1, 4): {}, (3, 4): {}}}","{'node_level': {1: {'cpu': 0}, 4: {'cpu': 0}, 2: {'cpu': 0}, 0: {'cpu': 0}, 3: {'cpu': 0}}, 'link_level': {(0, 3): {'bw': 0}, (1, 2): {'bw': 0}, (1, 4): {'bw': 0}, (3, 4): {'bw': 0}}, 'path_level': {(0, 3): {}, (1, 2): {}, (1, 4): {}, (3, 4): {}}}",[],-inf,-inf,True,True,False,0,[],0,0.0,5.0,4.0
186,143,13,34402.0,63234.0,13953783.373277973,26714380.86597255,0.5440427618053578,0.5223322765099756,30,353,1,4563.0,10707,1923,8784,0.26265337423312884,0.35765996343692874,185,754.6203997426504,4563.0,4,3,True,"{1: np.int64(31), 3: np.int64(35), 2: np.int64(29), 0: np.int64(13)}","{(0, 1): [(np.int64(13), 3), (3, 29), (29, np.int64(31))], (0, 3): [(np.int64(13), 3), (3, 29), (29, 31), (31, np.int64(35))], (1, 2): [(np.int64(31), 29)]}","{(1, np.int64(31)): {'cpu': 18}, (3, np.int64(35)): {'cpu': 14}, (2, np.int64(29)): {'cpu': 3}, (0, np.int64(13)): {'cpu': 1}}","{((0, 1), (np.int64(13), 3)): {'bw': 40}, ((0, 1), (3, 29)): {'bw': 40}, ((0, 1), (29, np.int64(31))): {'bw': 40}, ((0, 3), (np.int64(13), 3)): {'bw': 31}, ((0, 3), (3, 29)): {'bw': 31}, ((0, 3), (29, 31)): {'bw': 31}, ((0, 3), (31, np.int64(35))): {'bw': 31}, ((1, 2), (np.int64(31), 29)): {'bw': 31}}",311.0,138.0,72.0,36.0,102.0,36.0,102.0,36.0,275.0,173.0,0.4437299035369775,234686.94431996427,104137.61516448576,334.8476371848417,Success,0.0,"{'node_level': {}, 'link_level': {}, 'path_level': {}}","{'node_level': {1: {'cpu': -34}, 3: {'cpu': -49}, 2: {'cpu': -31}, 0: {'cpu': -75}}, 'link_level': {(0, 1): {'bw': -130}, (0, 3): {'bw': -99}, (1, 2): {'bw': -68}}, 'path_level': {(0, 1): {}, (0, 3): {}, (1, 2): {}}}","{'node_level': {1: {'cpu': 0}, 3: {'cpu': 0}, 2: {'cpu': 0}, 0: {'cpu': 0}}, 'link_level': {(0, 1): {'bw': 0}, (0, 3): {'bw': 0}, (1, 2): {'bw': 0}}, 'path_level': {(0, 1): {}, (0, 3): {}, (1, 2): {}}}",[],-inf,-inf,True,True,False,0,[],0,0.0,4.0,3.0
187,144,14,34801.0,63842.0,14097183.321595393,26932895.072932426,0.545111368691457,0.5234187889352849,30,354,1,4585.0,10099,1855,8244,0.28872699386503065,0.3971480804387568,186,359.3983667103258,4585.0,6,11,True,"{4: np.int64(15), 1: np.int64(13), 5: np.int64(14), 0: np.int64(12), 3: np.int64(18), 2: np.int64(1)}","{(0, 1): [(np.int64(12), 14), (14, np.int64(13))], (0, 3): [(np.int64(12), 15), (15, np.int64(18))], (0, 4): [(np.int64(12), 15)], (0, 5): [(np.int64(12), 14)], (1, 2): [(np.int64(13), 14), (14, 12), (12, np.int64(1))], (1, 3): [(np.int64(13), 15), (15, np.int64(18))], (1, 4): [(np.int64(13), 15)], (1, 5): [(np.int64(13), 14)], (2, 4): [(np.int64(1), 12), (12, np.int64(15))], (2, 5): [(np.int64(1), 12), (12, np.int64(14))], (4, 5): [(np.int64(15), 12), (12, np.int64(14))]}","{(4, np.int64(15)): {'cpu': 19}, (1, np.int64(13)): {'cpu': 16}, (5, np.int64(14)): {'cpu': 11}, (0, np.int64(12)): {'cpu': 10}, (3, np.int64(18)): {'cpu': 11}, (2, np.int64(1)): {'cpu': 1}}","{((0, 1), (np.int64(12), 14)): {'bw': 6}, ((0, 1), (14, np.int64(13))): {'bw': 6}, ((0, 3), (np.int64(12), 15)): {'bw': 18}, ((0, 3), (15, np.int64(18))): {'bw': 18}, ((0, 4), (np.int64(12), 15)): {'bw': 45}, ((0, 5), (np.int64(12), 14)): {'bw': 0}, ((1, 2), (np.int64(13), 14)): {'bw': 21}, ((1, 2), (14, 12)): {'bw': 21}, ((1, 2), (12, np.int64(1))): {'bw': 21}, ((1, 3), (np.int64(13), 15)): {'bw': 43}, ((1, 3), (15, np.int64(18))): {'bw': 43}, ((1, 4), (np.int64(13), 15)): {'bw': 48}, ((1, 5), (np.int64(13), 14)): {'bw': 50}, ((2, 4), (np.int64(1), 12)): {'bw': 42}, ((2, 4), (12, np.int64(15))): {'bw': 42}, ((2, 5), (np.int64(1), 12)): {'bw': 45}, ((2, 5), (12, np.int64(14))): {'bw': 45}, ((4, 5), (np.int64(15), 12)): {'bw': 13}, ((4, 5), (12, np.int64(14))): {'bw': 13}}",608.0,399.0,136.0,68.0,331.0,68.0,331.0,68.0,540.0,209.0,0.65625,218514.20695987807,143399.94831741997,235.85517815365128,Success,0.0,"{'node_level': {}, 'link_level': {}, 'path_level': {}}","{'node_level': {4: {'cpu': -29}, 1: {'cpu': -59}, 5: {'cpu': -35}, 0: {'cpu': -29}, 3: {'cpu': -76}, 2: {'cpu': -37}}, 'link_level': {(0, 1): {'bw': -85}, (0, 3): {'bw': -113}, (0, 4): {'bw': -68}, (0, 5): {'bw': -102}, (1, 2): {'bw': -64}, (1, 3): {'bw': -67}, (1, 4): {'bw': -19}, (1, 5): {'bw': -14}, (2, 4): {'bw': -26}, (2, 5): {'bw': -36}, (4, 5): {'bw': -13}}, 'path_level': {(0, 1): {}, (0, 3): {}, (0, 4): {}, (0, 5): {}, (1, 2): {}, (1, 3): {}, (1, 4): {}, (1, 5): {}, (2, 4): {}, (2, 5): {}, (4, 5): {}}}","{'node_level': {4: {'cpu': 0}, 1: {'cpu': 0}, 5: {'cpu': 0}, 0: {'cpu': 0}, 3: {'cpu': 0}, 2: {'cpu': 0}}, 'link_level': {(0, 1): {'bw': 0}, (0, 3): {'bw': 0}, (0, 4): {'bw': 0}, (0, 5): {'bw': 0}, (1, 2): {'bw': 0}, (1, 3): {'bw': 0}, (1, 4): {'bw': 0}, (1, 5): {'bw': 0}, (2, 4): {'bw': 0}, (2, 5): {'bw': 0}, (4, 5): {'bw': 0}}, 'path_level': {(0, 1): {}, (0, 3): {}, (0, 4): {}, (0, 5): {}, (1, 2): {}, (1, 3): {}, (1, 4): {}, (1, 5): {}, (2, 4): {}, (2, 5): {}, (4, 5): {}}}",[],-inf,-inf,True,True,False,0,[],0,0.0,6.0,11.0
188,145,15,35069.0,64209.0,14225180.165299982,27108174.33278162,0.5461695400956252,0.5247561119635278,30,355,1,4612.0,9732,1808,7924,0.3067484662576687,0.42054844606946984,187,477.6001630768216,4612.0,6,10,True,"{4: np.int64(7), 0: np.int64(5), 5: np.int64(6), 2: np.int64(4), 3: np.int64(11), 1: np.int64(0)}","{(0, 2): [(np.int64(5), 6), (6, np.int64(4))], (0, 3): [(np.int64(5), 7), (7, np.int64(11))], (0, 4): [(np.int64(5), 7)], (0, 5): [(np.int64(5), 6)], (1, 2): [(np.int64(0), 4)], (1, 4): [(np.int64(0), 4), (4, np.int64(7))], (2, 4): [(np.int64(4), 7)], (2, 5): [(np.int64(4), 6)], (3, 5): [(np.int64(11), 7), (7, 5), (5, np.int64(6))], (4, 5): [(np.int64(7), 4), (4, np.int64(6))]}","{(4, np.int64(7)): {'cpu': 13}, (0, np.int64(5)): {'cpu': 7}, (5, np.int64(6)): {'cpu': 8}, (2, np.int64(4)): {'cpu': 5}, (3, np.int64(11)): {'cpu': 14}, (1, np.int64(0)): {'cpu': 0}}","{((0, 2), (np.int64(5), 6)): {'bw': 38}, ((0, 2), (6, np.int64(4))): {'bw': 38}, ((0, 3), (np.int64(5), 7)): {'bw': 2}, ((0, 3), (7, np.int64(11))): {'bw': 2}, ((0, 4), (np.int64(5), 7)): {'bw': 33}, ((0, 5), (np.int64(5), 6)): {'bw': 46}, ((1, 2), (np.int64(0), 4)): {'bw': 2}, ((1, 4), (np.int64(0), 4)): {'bw': 5}, ((1, 4), (4, np.int64(7))): {'bw': 5}, ((2, 4), (np.int64(4), 7)): {'bw': 40}, ((2, 5), (np.int64(4), 6)): {'bw': 25}, ((3, 5), (np.int64(11), 7)): {'bw': 24}, ((3, 5), (7, 5)): {'bw': 24}, ((3, 5), (5, np.int64(6))): {'bw': 24}, ((4, 5), (np.int64(7), 4)): {'bw': 6}, ((4, 5), (4, np.int64(6))): {'bw': 6}}",367.0,268.0,94.0,47.0,221.0,47.0,221.0,47.0,320.0,99.0,0.7302452316076294,175279.25984919354,127996.84370458819,348.7652417018752,Success,0.0,"{'node_level': {}, 'link_level': {}, 'path_level': {}}","{'node_level': {4: {'cpu': -23}, 0: {'cpu': -28}, 5: {'cpu': -29}, 2: {'cpu': -37}, 3: {'cpu': -48}, 1: {'cpu': -50}}, 'link_level': {(0, 2): {'bw': -32}, (0, 3): {'bw': -304}, (0, 4): {'bw': -271}, (0, 5): {'bw': -251}, (1, 2): {'bw': -77}, (1, 4): {'bw': -72}, (2, 4): {'bw': -107}, (2, 5): {'bw': -7}, (3, 5): {'bw': -227}, (4, 5): {'bw': -1}}, 'path_level': {(0, 2): {}, (0, 3): {}, (0, 4): {}, (0, 5): {}, (1, 2): {}, (1, 4): {}, (2, 4): {}, (2, 5): {}, (3, 5): {}, (4, 5): {}}}","{'node_level': {4: {'cpu': 0}, 0: {'cpu': 0}, 5: {'cpu': 0}, 2: {'cpu': 0}, 3: {'cpu': 0}, 1: {'cpu': 0}}, 'link_level': {(0, 2): {'bw': 0}, (0, 3): {'bw': 0}, (0, 4): {'bw': 0}, (0, 5): {'bw': 0}, (1, 2): {'bw': 0}, (1, 4): {'bw': 0}, (2, 4): {'bw': 0}, (2, 5): {'bw': 0}, (3, 5): {'bw': 0}, (4, 5): {'bw': 0}}, 'path_level': {(0, 2): {}, (0, 3): {}, (0, 4): {}, (0, 5): {}, (1, 2): {}, (1, 4): {}, (2, 4): {}, (2, 5): {}, (3, 5): {}, (4, 5): {}}}",[],-inf,-inf,True,True,False,0,[],0,0.0,6.0,10.0
188,145,15,35069.0,64209.0,14225180.165299982,27108174.33278162,0.5461695400956252,0.5247561119635278,30,356,0,4628.694195098839,9732,1808,7924,0.3067484662576687,0.42054844606946984,177,260.6941950988393,4368.0,6,7,False,{},{},{},{},0.0,0.0,0.0,0.0,0.0,0.0,0.0,0.0,0.0,0.0,0.0,0.0,0.0,0.0,Leave Event,0.0,"{'node_level': {}, 'link_level': {}, 'path_level': {}}","{'node_level': {}, 'link_level': {}, 'path_level': {}}","{'node_level': {}, 'link_level': {}, 'path_level': {}}",[],-inf,-inf,True,True,False,0,[],0,0.0,,
188,145,14,35069.0,64209.0,14225180.165299982,27108174.33278162,0.5461695400956252,0.5247561119635278,30,357,0,4635.2140055629225,9876,1868,8008,0.2837423312883436,0.4144058500914076,154,781.2140055629225,3854.0,4,3,False,{},{},{},{},0.0,0.0,0.0,0.0,0.0,0.0,0.0,0.0,0.0,0.0,0.0,0.0,0.0,0.0,Leave Event,0.0,"{'node_level': {}, 'link_level': {}, 'path_level': {}}","{'node_level': {}, 'link_level': {}, 'path_level': {}}","{'node_level': {}, 'link_level': {}, 'path_level': {}}",[],-inf,-inf,True,True,False,0,[],0,0.0,,
189,145,14,35069.0,64209.0,14225180.165299982,27108174.33278162,0.5461695400956252,0.5247561119635278,30,358,1,4643.0,9876,1868,8008,0.2837423312883436,0.4144058500914076,188,23.368253371267617,4643.0,2,1,False,"{0: np.int64(30), 1: np.int64(28)}","{(0, 1): []}","{(0, np.int64(30)): {'cpu': 15}, (1, np.int64(28)): {'cpu': 10}}",{},0.0,0.0,50.0,25.0,45.0,0.0,0.0,0.0,0.0,0.0,0.0,0.0,0.0,0.0,Route Failure,58.0,"{'node_level': {}, 'link_level': {}, 'path_level': {}}","{'node_level': {0: {'cpu': -43}, 1: {'cpu': -36}}, 'link_level': {(0, 1): {'bw': 44}}, 'path_level': {(0, 1): {}}}","{'node_level': {0: {'cpu': 0}, 1: {'cpu': 0}}, 'link_level': {(0, 1): {'bw': 58}}, 'path_level': {(0, 1): {}}}",[],-inf,-inf,True,False,False,0,[],0,0.0,2.0,1.0
189,145,13,35069.0,64209.0,14225180.165299982,27108174.33278162,0.5461695400956252,0.5247561119635278,30,359,0,4646.389993464141,10372,1929,8443,0.2603527607361963,0.38259597806215717,183,128.38999346414113,4518.0,7,9,False,{},{},{},{},0.0,0.0,0.0,0.0,0.0,0.0,0.0,0.0,0.0,0.0,0.0,0.0,0.0,0.0,Leave Event,0.0,"{'node_level': {}, 'link_level': {}, 'path_level': {}}","{'node_level': {}, 'link_level': {}, 'path_level': {}}","{'node_level': {}, 'link_level': {}, 'path_level': {}}",[],-inf,-inf,True,True,False,0,[],0,0.0,,
189,145,13,35069.0,64209.0,14225180.165299982,27108174.33278162,0.5461695400956252,0.5247561119635278,30,360,0,4655.115481093283,10372,1929,8443,0.2603527607361963,0.38259597806215717,181,181.11548109328308,4474.0,9,20,False,{},{},{},{},0.0,0.0,0.0,0.0,0.0,0.0,0.0,0.0,0.0,0.0,0.0,0.0,0.0,0.0,Leave Event,0.0,"{'node_level': {}, 'link_level': {}, 'path_level': {}}","{'node_level': {}, 'link_level': {}, 'path_level': {}}","{'node_level': {}, 'link_level': {}, 'path_level': {}}",[],-inf,-inf,True,True,False,0,[],0,0.0,,
189,145,13,35069.0,64209.0,14225180.165299982,27108174.33278162,0.5461695400956252,0.5247561119635278,30,361,0,4666.368253371267,10372,1929,8443,0.2603527607361963,0.38259597806215717,188,23.368253371267617,4643.0,2,1,False,{},{},{},{},0.0,0.0,0.0,0.0,0.0,0.0,0.0,0.0,0.0,0.0,0.0,0.0,0.0,0.0,Leave Event,0.0,"{'node_level': {}, 'link_level': {}, 'path_level': {}}","{'node_level': {}, 'link_level': {}, 'path_level': {}}","{'node_level': {}, 'link_level': {}, 'path_level': {}}",[],-inf,-inf,True,True,False,0,[],0,0.0,,
190,146,14,35327.0,64544.0,14301389.524197185,27207128.34530318,0.547332052553297,0.5256486220334996,30,362,1,4671.0,10037,1869,8168,0.2833588957055214,0.40270566727605117,189,295.38511200466525,4671.0,5,6,True,"{0: np.int64(23), 1: np.int64(21), 4: np.int64(22), 3: np.int64(20), 2: np.int64(26)}","{(0, 2): [(np.int64(23), 26)], (0, 3): [(np.int64(23), 20)], (0, 4): [(np.int64(23), 20), (20, np.int64(22))], (1, 2): [(np.int64(21), 23), (23, np.int64(26))], (1, 4): [(np.int64(21), 22)], (2, 4): [(np.int64(26), 23), (23, 20), (20, np.int64(22))]}","{(0, np.int64(23)): {'cpu': 19}, (1, np.int64(21)): {'cpu': 18}, (4, np.int64(22)): {'cpu': 11}, (3, np.int64(20)): {'cpu': 10}, (2, np.int64(26)): {'cpu': 2}}","{((0, 2), (np.int64(23), 26)): {'bw': 39}, ((0, 3), (np.int64(23), 20)): {'bw': 49}, ((0, 4), (np.int64(23), 20)): {'bw': 11}, ((0, 4), (20, np.int64(22))): {'bw': 11}, ((1, 2), (np.int64(21), 23)): {'bw': 50}, ((1, 2), (23, np.int64(26))): {'bw': 50}, ((1, 4), (np.int64(21), 22)): {'bw': 41}, ((2, 4), (np.int64(26), 23)): {'bw': 8}, ((2, 4), (23, 20)): {'bw': 8}, ((2, 4), (20, np.int64(22))): {'bw': 8}}",335.0,258.0,120.0,60.0,198.0,60.0,198.0,60.0,275.0,77.0,0.7701492537313432,98954.01252156285,76209.35889720364,227.49062357374217,Success,0.0,"{'node_level': {}, 'link_level': {}, 'path_level': {}}","{'node_level': {0: {'cpu': -27}, 1: {'cpu': -27}, 4: {'cpu': -40}, 3: {'cpu': -47}, 2: {'cpu': -98}}, 'link_level': {(0, 2): {'bw': -296}, (0, 3): {'bw': -47}, (0, 4): {'bw': -36}, (1, 2): {'bw': -233}, (1, 4): {'bw': -142}, (2, 4): {'bw': -28}}, 'path_level': {(0, 2): {}, (0, 3): {}, (0, 4): {}, (1, 2): {}, (1, 4): {}, (2, 4): {}}}","{'node_level': {0: {'cpu': 0}, 1: {'cpu': 0}, 4: {'cpu': 0}, 3: {'cpu': 0}, 2: {'cpu': 0}}, 'link_level': {(0, 2): {'bw': 0}, (0, 3): {'bw': 0}, (0, 4): {'bw': 0}, (1, 2): {'bw': 0}, (1, 4): {'bw': 0}, (2, 4): {'bw': 0}}, 'path_level': {(0, 2): {}, (0, 3): {}, (0, 4): {}, (1, 2): {}, (1, 4): {}, (2, 4): {}}}",[],-inf,-inf,True,True,False,0,[],0,0.0,5.0,6.0
190,146,13,35327.0,64544.0,14301389.524197185,27207128.34530318,0.547332052553297,0.5256486220334996,30,363,0,4681.260562979747,10271,1914,8357,0.26610429447852757,0.3888848263254113,182,188.26056297974682,4493.0,5,5,False,{},{},{},{},0.0,0.0,0.0,0.0,0.0,0.0,0.0,0.0,0.0,0.0,0.0,0.0,0.0,0.0,Leave Event,0.0,"{'node_level': {}, 'link_level': {}, 'path_level': {}}","{'node_level': {}, 'link_level': {}, 'path_level': {}}","{'node_level': {}, 'link_level': {}, 'path_level': {}}",[],-inf,-inf,True,True,False,0,[],0,0.0,,
190,146,12,35327.0,64544.0,14301389.524197185,27207128.34530318,0.547332052553297,0.5256486220334996,30,364,0,4693.922176600061,11368,2025,9343,0.22354294478527603,0.31678244972577696,170,489.9221766000614,4204.0,10,21,False,{},{},{},{},0.0,0.0,0.0,0.0,0.0,0.0,0.0,0.0,0.0,0.0,0.0,0.0,0.0,0.0,Leave Event,0.0,"{'node_level': {}, 'link_level': {}, 'path_level': {}}","{'node_level': {}, 'link_level': {}, 'path_level': {}}","{'node_level': {}, 'link_level': {}, 'path_level': {}}",[],-inf,-inf,True,True,False,0,[],0,0.0,,
191,146,12,35327.0,64544.0,14301389.524197185,27207128.34530318,0.547332052553297,0.5256486220334996,30,365,1,4696.0,11368,2025,9343,0.22354294478527603,0.31678244972577696,190,1721.2074515198888,4696.0,5,5,False,"{1: np.int64(31), 4: np.int64(28), 2: np.int64(0), 3: np.int64(30), 0: np.int64(1)}","{(0, 3): [(np.int64(1), 28), (28, np.int64(30))], (0, 4): [(np.int64(1), 28)], (1, 2): [(np.int64(31), 28), (28, np.int64(0))], (1, 4): [(np.int64(31), 28)], (2, 3): []}","{(1, np.int64(31)): {'cpu': 19}, (4, np.int64(28)): {'cpu': 18}, (2, np.int64(0)): {'cpu': 9}, (3, np.int64(30)): {'cpu': 6}, (0, np.int64(1)): {'cpu': 15}}","{((0, 3), (np.int64(1), 28)): {'bw': 14}, ((0, 3), (28, np.int64(30))): {'bw': 14}, ((0, 4), (np.int64(1), 28)): {'bw': 5}, ((1, 2), (np.int64(31), 28)): {'bw': 19}, ((1, 2), (28, np.int64(0))): {'bw': 19}, ((1, 4), (np.int64(31), 28)): {'bw': 35}}",0.0,0.0,134.0,67.0,108.0,0.0,0.0,0.0,0.0,0.0,0.0,0.0,0.0,0.0,Route Failure,4.0,"{'node_level': {}, 'link_level': {}, 'path_level': {}}","{'node_level': {1: {'cpu': -45}, 4: {'cpu': -36}, 2: {'cpu': -53}, 3: {'cpu': -61}, 0: {'cpu': -48}}, 'link_level': {(0, 3): {'bw': -25}, (0, 4): {'bw': -227}, (1, 2): {'bw': -66}, (1, 4): {'bw': -166}, (2, 3): {'bw': 4}}, 'path_level': {(0, 3): {}, (0, 4): {}, (1, 2): {}, (1, 4): {}, (2, 3): {}}}","{'node_level': {1: {'cpu': 0}, 4: {'cpu': 0}, 2: {'cpu': 0}, 3: {'cpu': 0}, 0: {'cpu': 0}}, 'link_level': {(0, 3): {'bw': 0}, (0, 4): {'bw': 0}, (1, 2): {'bw': 0}, (1, 4): {'bw': 0}, (2, 3): {'bw': 4}}, 'path_level': {(0, 3): {}, (0, 4): {}, (1, 2): {}, (1, 4): {}, (2, 3): {}}}",[],-inf,-inf,True,False,False,0,[],0,0.0,5.0,5.0
191,146,11,35327.0,64544.0,14301389.524197185,27207128.34530318,0.547332052553297,0.5256486220334996,30,366,0,4724.211594776447,11415,2033,9382,0.22047546012269936,0.31393053016453387,164,628.2115947764465,4096.0,2,1,False,{},{},{},{},0.0,0.0,0.0,0.0,0.0,0.0,0.0,0.0,0.0,0.0,0.0,0.0,0.0,0.0,Leave Event,0.0,"{'node_level': {}, 'link_level': {}, 'path_level': {}}","{'node_level': {}, 'link_level': {}, 'path_level': {}}","{'node_level': {}, 'link_level': {}, 'path_level': {}}",[],-inf,-inf,True,True,False,0,[],0,0.0,,
192,146,11,35327.0,64544.0,14301389.524197185,27207128.34530318,0.547332052553297,0.5256486220334996,30,367,1,4727.0,11415,2033,9382,0.22047546012269936,0.31393053016453387,191,222.80016152751767,4727.0,10,21,False,"{7: np.int64(31), 5: np.int64(28), 2: np.int64(0), 4: np.int64(30), 1: np.int64(1), 0: np.int64(4), 8: np.int64(7), 3: np.int64(5), 6: np.int64(6), 9: np.int64(2)}","{(0, 4): [(np.int64(4), 0), (0, 28), (28, np.int64(30))], (0, 7): [(np.int64(4), 0), (0, 28), (28, np.int64(31))], (0, 9): [(np.int64(4), 6), (6, 5), (5, np.int64(2))], (1, 2): [(np.int64(1), 4), (4, np.int64(0))], (1, 3): [(np.int64(1), 4), (4, 6), (6, np.int64(5))], (1, 8): [(np.int64(1), 4), (4, np.int64(7))], (1, 9): [(np.int64(1), 4), (4, 6), (6, 5), (5, np.int64(2))], (2, 3): [(np.int64(0), 4), (4, 6), (6, np.int64(5))], (2, 4): []}","{(7, np.int64(31)): {'cpu': 20}, (5, np.int64(28)): {'cpu': 13}, (2, np.int64(0)): {'cpu': 7}, (4, np.int64(30)): {'cpu': 6}, (1, np.int64(1)): {'cpu': 16}, (0, np.int64(4)): {'cpu': 13}, (8, np.int64(7)): {'cpu': 6}, (3, np.int64(5)): {'cpu': 17}, (6, np.int64(6)): {'cpu': 11}, (9, np.int64(2)): {'cpu': 1}}","{((0, 4), (np.int64(4), 0)): {'bw': 28}, ((0, 4), (0, 28)): {'bw': 28}, ((0, 4), (28, np.int64(30))): {'bw': 28}, ((0, 7), (np.int64(4), 0)): {'bw': 9}, ((0, 7), (0, 28)): {'bw': 9}, ((0, 7), (28, np.int64(31))): {'bw': 9}, ((0, 9), (np.int64(4), 6)): {'bw': 25}, ((0, 9), (6, 5)): {'bw': 25}, ((0, 9), (5, np.int64(2))): {'bw': 25}, ((1, 2), (np.int64(1), 4)): {'bw': 6}, ((1, 2), (4, np.int64(0))): {'bw': 6}, ((1, 3), (np.int64(1), 4)): {'bw': 13}, ((1, 3), (4, 6)): {'bw': 13}, ((1, 3), (6, np.int64(5))): {'bw': 13}, ((1, 8), (np.int64(1), 4)): {'bw': 8}, ((1, 8), (4, np.int64(7))): {'bw': 8}, ((1, 9), (np.int64(1), 4)): {'bw': 41}, ((1, 9), (4, 6)): {'bw': 41}, ((1, 9), (6, 5)): {'bw': 41}, ((1, 9), (5, np.int64(2))): {'bw': 41}, ((2, 3), (np.int64(0), 4)): {'bw': 25}, ((2, 3), (4, 6)): {'bw': 25}, ((2, 3), (6, np.int64(5))): {'bw': 25}}",0.0,0.0,220.0,110.0,586.0,0.0,0.0,0.0,0.0,0.0,0.0,0.0,0.0,0.0,Route Failure,19.0,"{'node_level': {}, 'link_level': {}, 'path_level': {}}","{'node_level': {7: {'cpu': -44}, 5: {'cpu': -41}, 2: {'cpu': -55}, 4: {'cpu': -61}, 1: {'cpu': -47}, 0: {'cpu': -41}, 8: {'cpu': -41}, 3: {'cpu': -29}, 6: {'cpu': -36}, 9: {'cpu': -61}}, 'link_level': {(0, 4): {'bw': -11}, (0, 7): {'bw': -48}, (0, 9): {'bw': -177}, (1, 2): {'bw': -175}, (1, 3): {'bw': -162}, (1, 8): {'bw': -154}, (1, 9): {'bw': -113}, (2, 3): {'bw': -98}, (2, 4): {'bw': 19}}, 'path_level': {(0, 4): {}, (0, 7): {}, (0, 9): {}, (1, 2): {}, (1, 3): {}, (1, 8): {}, (1, 9): {}, (2, 3): {}, (2, 4): {}}}","{'node_level': {7: {'cpu': 0}, 5: {'cpu': 0}, 2: {'cpu': 0}, 4: {'cpu': 0}, 1: {'cpu': 0}, 0: {'cpu': 0}, 8: {'cpu': 0}, 3: {'cpu': 0}, 6: {'cpu': 0}, 9: {'cpu': 0}}, 'link_level': {(0, 4): {'bw': 0}, (0, 7): {'bw': 0}, (0, 9): {'bw': 0}, (1, 2): {'bw': 0}, (1, 3): {'bw': 0}, (1, 8): {'bw': 0}, (1, 9): {'bw': 0}, (2, 3): {'bw': 0}, (2, 4): {'bw': 19}}, 'path_level': {(0, 4): {}, (0, 7): {}, (0, 9): {}, (1, 2): {}, (1, 3): {}, (1, 8): {}, (1, 9): {}, (2, 3): {}, (2, 4): {}}}",[],-inf,-inf,True,False,False,0,[],0,0.0,10.0,9.0
192,146,11,35327.0,64544.0,14301389.524197185,27207128.34530318,0.547332052553297,0.5256486220334996,30,368,0,4744.5634402615415,11415,2033,9382,0.22047546012269936,0.31393053016453387,172,490.56344026154153,4254.0,4,5,False,{},{},{},{},0.0,0.0,0.0,0.0,0.0,0.0,0.0,0.0,0.0,0.0,0.0,0.0,0.0,0.0,Leave Event,0.0,"{'node_level': {}, 'link_level': {}, 'path_level': {}}","{'node_level': {}, 'link_level': {}, 'path_level': {}}","{'node_level': {}, 'link_level': {}, 'path_level': {}}",[],-inf,-inf,True,True,False,0,[],0,0.0,,
193,146,11,35327.0,64544.0,14301389.524197185,27207128.34530318,0.547332052553297,0.5256486220334996,30,369,1,4755.0,11415,2033,9382,0.22047546012269936,0.31393053016453387,192,403.7542084636836,4755.0,5,7,False,"{3: np.int64(31), 0: np.int64(28), 2: np.int64(0), 1: np.int64(30), 4: np.int64(1)}","{(0, 1): [(np.int64(28), 30)], (0, 2): [(np.int64(28), 0)], (0, 3): [(np.int64(28), 31)], (1, 3): []}","{(3, np.int64(31)): {'cpu': 14}, (0, np.int64(28)): {'cpu': 20}, (2, np.int64(0)): {'cpu': 14}, (1, np.int64(30)): {'cpu': 6}, (4, np.int64(1)): {'cpu': 8}}","{((0, 1), (np.int64(28), 30)): {'bw': 36}, ((0, 2), (np.int64(28), 0)): {'bw': 31}, ((0, 3), (np.int64(28), 31)): {'bw': 8}}",0.0,0.0,124.0,62.0,198.0,0.0,0.0,0.0,0.0,0.0,0.0,0.0,0.0,0.0,Route Failure,65.0,"{'node_level': {}, 'link_level': {}, 'path_level': {}}","{'node_level': {3: {'cpu': -50}, 0: {'cpu': -34}, 2: {'cpu': -48}, 1: {'cpu': -61}, 4: {'cpu': -55}}, 'link_level': {(0, 1): {'bw': -3}, (0, 2): {'bw': -54}, (0, 3): {'bw': -212}, (1, 3): {'bw': 23}}, 'path_level': {(0, 1): {}, (0, 2): {}, (0, 3): {}, (1, 3): {}}}","{'node_level': {3: {'cpu': 0}, 0: {'cpu': 0}, 2: {'cpu': 0}, 1: {'cpu': 0}, 4: {'cpu': 0}}, 'link_level': {(0, 1): {'bw': 0}, (0, 2): {'bw': 0}, (0, 3): {'bw': 0}, (1, 3): {'bw': 65}}, 'path_level': {(0, 1): {}, (0, 2): {}, (0, 3): {}, (1, 3): {}}}",[],-inf,-inf,True,False,False,0,[],0,0.0,5.0,4.0
194,146,11,35327.0,64544.0,14301389.524197185,27207128.34530318,0.547332052553297,0.5256486220334996,30,370,1,4782.0,11415,2033,9382,0.22047546012269936,0.31393053016453387,193,264.9654997901663,4782.0,7,15,False,"{0: np.int64(31), 5: np.int64(28), 2: np.int64(0), 6: np.int64(30), 4: np.int64(1), 1: np.int64(4), 3: np.int64(7)}","{(0, 1): [(np.int64(31), 28), (28, 0), (0, np.int64(4))], (0, 2): [(np.int64(31), 28), (28, np.int64(0))], (0, 4): [(np.int64(31), 28), (28, np.int64(1))], (0, 5): [(np.int64(31), 28)], (0, 6): []}","{(0, np.int64(31)): {'cpu': 19}, (5, np.int64(28)): {'cpu': 13}, (2, np.int64(0)): {'cpu': 6}, (6, np.int64(30)): {'cpu': 7}, (4, np.int64(1)): {'cpu': 12}, (1, np.int64(4)): {'cpu': 3}, (3, np.int64(7)): {'cpu': 0}}","{((0, 1), (np.int64(31), 28)): {'bw': 24}, ((0, 1), (28, 0)): {'bw': 24}, ((0, 1), (0, np.int64(4))): {'bw': 24}, ((0, 2), (np.int64(31), 28)): {'bw': 31}, ((0, 2), (28, np.int64(0))): {'bw': 31}, ((0, 4), (np.int64(31), 28)): {'bw': 19}, ((0, 4), (28, np.int64(1))): {'bw': 19}, ((0, 5), (np.int64(31), 28)): {'bw': 40}}",0.0,0.0,120.0,60.0,338.0,0.0,0.0,0.0,0.0,0.0,0.0,0.0,0.0,0.0,Route Failure,94.0,"{'node_level': {}, 'link_level': {}, 'path_level': {}}","{'node_level': {0: {'cpu': -45}, 5: {'cpu': -41}, 2: {'cpu': -56}, 6: {'cpu': -60}, 4: {'cpu': -51}, 1: {'cpu': -51}, 3: {'cpu': -47}}, 'link_level': {(0, 1): {'bw': -61}, (0, 2): {'bw': -30}, (0, 4): {'bw': -146}, (0, 5): {'bw': -106}, (0, 6): {'bw': 29}}, 'path_level': {(0, 1): {}, (0, 2): {}, (0, 4): {}, (0, 5): {}, (0, 6): {}}}","{'node_level': {0: {'cpu': 0}, 5: {'cpu': 0}, 2: {'cpu': 0}, 6: {'cpu': 0}, 4: {'cpu': 0}, 1: {'cpu': 0}, 3: {'cpu': 0}}, 'link_level': {(0, 1): {'bw': 0}, (0, 2): {'bw': 0}, (0, 4): {'bw': 0}, (0, 5): {'bw': 0}, (0, 6): {'bw': 94}}, 'path_level': {(0, 1): {}, (0, 2): {}, (0, 4): {}, (0, 5): {}, (0, 6): {}}}",[],-inf,-inf,True,False,False,0,[],0,0.0,7.0,5.0
195,146,11,35327.0,64544.0,14301389.524197185,27207128.34530318,0.547332052553297,0.5256486220334996,30,371,1,4807.0,11415,2033,9382,0.22047546012269936,0.31393053016453387,194,1691.3825754870552,4807.0,8,18,False,"{7: np.int64(31), 0: np.int64(28), 3: np.int64(0), 4: np.int64(30), 1: np.int64(1), 2: np.int64(4), 6: np.int64(7), 5: np.int64(5)}","{(0, 1): [(np.int64(28), 1)], (0, 2): [(np.int64(28), 0), (0, np.int64(4))], (0, 3): [(np.int64(28), 0)], (0, 5): [(np.int64(28), 31), (31, 29), (29, 2), (2, np.int64(5))], (0, 6): [(np.int64(28), 1), (1, 4), (4, np.int64(7))], (0, 7): [(np.int64(28), 31)], (1, 2): [(np.int64(1), 4)], (1, 7): [(np.int64(1), 28), (28, np.int64(31))], (2, 3): [(np.int64(4), 0)], (2, 5): [(np.int64(4), 6), (6, np.int64(5))], (2, 7): [(np.int64(4), 0), (0, 28), (28, np.int64(31))], (3, 5): [(np.int64(0), 4), (4, 6), (6, np.int64(5))], (3, 6): [(np.int64(0), 4), (4, np.int64(7))], (4, 5): [(np.int64(30), 29), (29, 2), (2, np.int64(5))], (4, 7): []}","{(7, np.int64(31)): {'cpu': 18}, (0, np.int64(28)): {'cpu': 11}, (3, np.int64(0)): {'cpu': 13}, (4, np.int64(30)): {'cpu': 19}, (1, np.int64(1)): {'cpu': 12}, (2, np.int64(4)): {'cpu': 5}, (6, np.int64(7)): {'cpu': 2}, (5, np.int64(5)): {'cpu': 0}}","{((0, 1), (np.int64(28), 1)): {'bw': 22}, ((0, 2), (np.int64(28), 0)): {'bw': 27}, ((0, 2), (0, np.int64(4))): {'bw': 27}, ((0, 3), (np.int64(28), 0)): {'bw': 35}, ((0, 5), (np.int64(28), 31)): {'bw': 34}, ((0, 5), (31, 29)): {'bw': 34}, ((0, 5), (29, 2)): {'bw': 34}, ((0, 5), (2, np.int64(5))): {'bw': 34}, ((0, 6), (np.int64(28), 1)): {'bw': 34}, ((0, 6), (1, 4)): {'bw': 34}, ((0, 6), (4, np.int64(7))): {'bw': 34}, ((0, 7), (np.int64(28), 31)): {'bw': 36}, ((1, 2), (np.int64(1), 4)): {'bw': 48}, ((1, 7), (np.int64(1), 28)): {'bw': 14}, ((1, 7), (28, np.int64(31))): {'bw': 14}, ((2, 3), (np.int64(4), 0)): {'bw': 40}, ((2, 5), (np.int64(4), 6)): {'bw': 45}, ((2, 5), (6, np.int64(5))): {'bw': 45}, ((2, 7), (np.int64(4), 0)): {'bw': 14}, ((2, 7), (0, 28)): {'bw': 14}, ((2, 7), (28, np.int64(31))): {'bw': 14}, ((3, 5), (np.int64(0), 4)): {'bw': 0}, ((3, 5), (4, 6)): {'bw': 0}, ((3, 5), (6, np.int64(5))): {'bw': 0}, ((3, 6), (np.int64(0), 4)): {'bw': 50}, ((3, 6), (4, np.int64(7))): {'bw': 50}, ((4, 5), (np.int64(30), 29)): {'bw': 20}, ((4, 5), (29, 2)): {'bw': 20}, ((4, 5), (2, np.int64(5))): {'bw': 20}}",0.0,0.0,160.0,80.0,549.0,0.0,0.0,0.0,0.0,0.0,0.0,0.0,0.0,0.0,Route Failure,138.0,"{'node_level': {}, 'link_level': {}, 'path_level': {}}","{'node_level': {7: {'cpu': -46}, 0: {'cpu': -43}, 3: {'cpu': -49}, 4: {'cpu': -48}, 1: {'cpu': -51}, 2: {'cpu': -49}, 6: {'cpu': -45}, 5: {'cpu': -46}}, 'link_level': {(0, 1): {'bw': -224}, (0, 2): {'bw': -58}, (0, 3): {'bw': -23}, (0, 5): {'bw': -73}, (0, 6): {'bw': -147}, (0, 7): {'bw': -150}, (1, 2): {'bw': -99}, (1, 7): {'bw': -136}, (2, 3): {'bw': -160}, (2, 5): {'bw': -157}, (2, 7): {'bw': -9}, (3, 5): {'bw': -146}, (3, 6): {'bw': -96}, (4, 5): {'bw': -11}, (4, 7): {'bw': 33}}, 'path_level': {(0, 1): {}, (0, 2): {}, (0, 3): {}, (0, 5): {}, (0, 6): {}, (0, 7): {}, (1, 2): {}, (1, 7): {}, (2, 3): {}, (2, 5): {}, (2, 7): {}, (3, 5): {}, (3, 6): {}, (4, 5): {}, (4, 7): {}}}","{'node_level': {7: {'cpu': 0}, 0: {'cpu': 0}, 3: {'cpu': 0}, 4: {'cpu': 0}, 1: {'cpu': 0}, 2: {'cpu': 0}, 6: {'cpu': 0}, 5: {'cpu': 0}}, 'link_level': {(0, 1): {'bw': 0}, (0, 2): {'bw': 0}, (0, 3): {'bw': 0}, (0, 5): {'bw': 0}, (0, 6): {'bw': 0}, (0, 7): {'bw': 0}, (1, 2): {'bw': 0}, (1, 7): {'bw': 0}, (2, 3): {'bw': 0}, (2, 5): {'bw': 0}, (2, 7): {'bw': 0}, (3, 5): {'bw': 0}, (3, 6): {'bw': 0}, (4, 5): {'bw': 0}, (4, 7): {'bw': 138}}, 'path_level': {(0, 1): {}, (0, 2): {}, (0, 3): {}, (0, 5): {}, (0, 6): {}, (0, 7): {}, (1, 2): {}, (1, 7): {}, (2, 3): {}, (2, 5): {}, (2, 7): {}, (3, 5): {}, (3, 6): {}, (4, 5): {}, (4, 7): {}}}",[],-inf,-inf,True,False,False,0,[],0,0.0,8.0,15.0
196,146,11,35327.0,64544.0,14301389.524197185,27207128.34530318,0.547332052553297,0.5256486220334996,30,372,1,4833.0,11415,2033,9382,0.22047546012269936,0.31393053016453387,195,113.48659242418412,4833.0,9,23,False,"{0: np.int64(31), 4: np.int64(28), 8: np.int64(0), 5: np.int64(30), 1: np.int64(1), 2: np.int64(4), 7: np.int64(7), 3: np.int64(5), 6: np.int64(6)}","{(0, 1): [(np.int64(31), 28), (28, np.int64(1))], (0, 2): [(np.int64(31), 28), (28, 0), (0, np.int64(4))], (0, 3): [(np.int64(31), 29), (29, 2), (2, np.int64(5))], (0, 4): [(np.int64(31), 28)], (0, 8): [(np.int64(31), 28), (28, np.int64(0))], (1, 2): [(np.int64(1), 4)], (1, 3): [(np.int64(1), 4), (4, 6), (6, np.int64(5))], (1, 4): [(np.int64(1), 28)], (1, 5): []}","{(0, np.int64(31)): {'cpu': 19}, (4, np.int64(28)): {'cpu': 12}, (8, np.int64(0)): {'cpu': 11}, (5, np.int64(30)): {'cpu': 17}, (1, np.int64(1)): {'cpu': 8}, (2, np.int64(4)): {'cpu': 5}, (7, np.int64(7)): {'cpu': 5}, (3, np.int64(5)): {'cpu': 2}, (6, np.int64(6)): {'cpu': 2}}","{((0, 1), (np.int64(31), 28)): {'bw': 41}, ((0, 1), (28, np.int64(1))): {'bw': 41}, ((0, 2), (np.int64(31), 28)): {'bw': 26}, ((0, 2), (28, 0)): {'bw': 26}, ((0, 2), (0, np.int64(4))): {'bw': 26}, ((0, 3), (np.int64(31), 29)): {'bw': 43}, ((0, 3), (29, 2)): {'bw': 43}, ((0, 3), (2, np.int64(5))): {'bw': 43}, ((0, 4), (np.int64(31), 28)): {'bw': 40}, ((0, 8), (np.int64(31), 28)): {'bw': 45}, ((0, 8), (28, np.int64(0))): {'bw': 45}, ((1, 2), (np.int64(1), 4)): {'bw': 19}, ((1, 3), (np.int64(1), 4)): {'bw': 45}, ((1, 3), (4, 6)): {'bw': 45}, ((1, 3), (6, np.int64(5))): {'bw': 45}, ((1, 4), (np.int64(1), 28)): {'bw': 18}}",0.0,0.0,162.0,81.0,671.0,0.0,0.0,0.0,0.0,0.0,0.0,0.0,0.0,0.0,Route Failure,16.0,"{'node_level': {}, 'link_level': {}, 'path_level': {}}","{'node_level': {0: {'cpu': -45}, 4: {'cpu': -42}, 8: {'cpu': -51}, 5: {'cpu': -50}, 1: {'cpu': -55}, 2: {'cpu': -49}, 7: {'cpu': -42}, 3: {'cpu': -44}, 6: {'cpu': -45}}, 'link_level': {(0, 1): {'bw': -179}, (0, 2): {'bw': -59}, (0, 3): {'bw': -64}, (0, 4): {'bw': -113}, (0, 8): {'bw': -14}, (1, 2): {'bw': -162}, (1, 3): {'bw': -117}, (1, 4): {'bw': -187}, (1, 5): {'bw': 16}}, 'path_level': {(0, 1): {}, (0, 2): {}, (0, 3): {}, (0, 4): {}, (0, 8): {}, (1, 2): {}, (1, 3): {}, (1, 4): {}, (1, 5): {}}}","{'node_level': {0: {'cpu': 0}, 4: {'cpu': 0}, 8: {'cpu': 0}, 5: {'cpu': 0}, 1: {'cpu': 0}, 2: {'cpu': 0}, 7: {'cpu': 0}, 3: {'cpu': 0}, 6: {'cpu': 0}}, 'link_level': {(0, 1): {'bw': 0}, (0, 2): {'bw': 0}, (0, 3): {'bw': 0}, (0, 4): {'bw': 0}, (0, 8): {'bw': 0}, (1, 2): {'bw': 0}, (1, 3): {'bw': 0}, (1, 4): {'bw': 0}, (1, 5): {'bw': 16}}, 'path_level': {(0, 1): {}, (0, 2): {}, (0, 3): {}, (0, 4): {}, (0, 8): {}, (1, 2): {}, (1, 3): {}, (1, 4): {}, (1, 5): {}}}",[],-inf,-inf,True,False,False,0,[],0,0.0,9.0,9.0
197,146,11,35327.0,64544.0,14301389.524197185,27207128.34530318,0.547332052553297,0.5256486220334996,30,373,1,4860.0,11415,2033,9382,0.22047546012269936,0.31393053016453387,196,2468.6856900617495,4860.0,7,11,False,"{5: np.int64(31), 6: np.int64(28), 2: np.int64(0), 3: np.int64(30), 4: np.int64(1), 1: np.int64(4), 0: np.int64(7)}","{(0, 1): [(np.int64(7), 4)], (0, 3): [(np.int64(7), 4), (4, 0), (0, 28), (28, np.int64(30))], (0, 6): [(np.int64(7), 4), (4, 0), (0, np.int64(28))], (1, 2): [(np.int64(4), 0)], (1, 3): [(np.int64(4), 0), (0, 28), (28, np.int64(30))], (1, 6): [(np.int64(4), 1), (1, np.int64(28))], (2, 4): [(np.int64(0), 4), (4, np.int64(1))], (2, 5): [(np.int64(0), 4), (4, 1), (1, 28), (28, np.int64(31))], (3, 5): [(np.int64(30), 29), (29, np.int64(31))], (3, 6): []}","{(5, np.int64(31)): {'cpu': 12}, (6, np.int64(28)): {'cpu': 4}, (2, np.int64(0)): {'cpu': 8}, (3, np.int64(30)): {'cpu': 3}, (4, np.int64(1)): {'cpu': 19}, (1, np.int64(4)): {'cpu': 2}, (0, np.int64(7)): {'cpu': 1}}","{((0, 1), (np.int64(7), 4)): {'bw': 8}, ((0, 3), (np.int64(7), 4)): {'bw': 13}, ((0, 3), (4, 0)): {'bw': 13}, ((0, 3), (0, 28)): {'bw': 13}, ((0, 3), (28, np.int64(30))): {'bw': 13}, ((0, 6), (np.int64(7), 4)): {'bw': 44}, ((0, 6), (4, 0)): {'bw': 44}, ((0, 6), (0, np.int64(28))): {'bw': 44}, ((1, 2), (np.int64(4), 0)): {'bw': 14}, ((1, 3), (np.int64(4), 0)): {'bw': 13}, ((1, 3), (0, 28)): {'bw': 13}, ((1, 3), (28, np.int64(30))): {'bw': 13}, ((1, 6), (np.int64(4), 1)): {'bw': 34}, ((1, 6), (1, np.int64(28))): {'bw': 34}, ((2, 4), (np.int64(0), 4)): {'bw': 6}, ((2, 4), (4, np.int64(1))): {'bw': 6}, ((2, 5), (np.int64(0), 4)): {'bw': 36}, ((2, 5), (4, 1)): {'bw': 36}, ((2, 5), (1, 28)): {'bw': 36}, ((2, 5), (28, np.int64(31))): {'bw': 36}, ((3, 5), (np.int64(30), 29)): {'bw': 31}, ((3, 5), (29, np.int64(31))): {'bw': 31}}",0.0,0.0,98.0,49.0,246.0,0.0,0.0,0.0,0.0,0.0,0.0,0.0,0.0,0.0,Route Failure,43.0,"{'node_level': {}, 'link_level': {}, 'path_level': {}}","{'node_level': {5: {'cpu': -52}, 6: {'cpu': -50}, 2: {'cpu': -54}, 3: {'cpu': -64}, 4: {'cpu': -44}, 1: {'cpu': -52}, 0: {'cpu': -46}}, 'link_level': {(0, 1): {'bw': -210}, (0, 3): {'bw': -26}, (0, 6): {'bw': -28}, (1, 2): {'bw': -156}, (1, 3): {'bw': -13}, (1, 6): {'bw': -147}, (2, 4): {'bw': -137}, (2, 5): {'bw': -101}, (3, 5): {'bw': 0}, (3, 6): {'bw': 43}}, 'path_level': {(0, 1): {}, (0, 3): {}, (0, 6): {}, (1, 2): {}, (1, 3): {}, (1, 6): {}, (2, 4): {}, (2, 5): {}, (3, 5): {}, (3, 6): {}}}","{'node_level': {5: {'cpu': 0}, 6: {'cpu': 0}, 2: {'cpu': 0}, 3: {'cpu': 0}, 4: {'cpu': 0}, 1: {'cpu': 0}, 0: {'cpu': 0}}, 'link_level': {(0, 1): {'bw': 0}, (0, 3): {'bw': 0}, (0, 6): {'bw': 0}, (1, 2): {'bw': 0}, (1, 3): {'bw': 0}, (1, 6): {'bw': 0}, (2, 4): {'bw': 0}, (2, 5): {'bw': 0}, (3, 5): {'bw': 0}, (3, 6): {'bw': 43}}, 'path_level': {(0, 1): {}, (0, 3): {}, (0, 6): {}, (1, 2): {}, (1, 3): {}, (1, 6): {}, (2, 4): {}, (2, 5): {}, (3, 5): {}, (3, 6): {}}}",[],-inf,-inf,True,False,False,0,[],0,0.0,7.0,10.0
197,146,10,35327.0,64544.0,14301389.524197185,27207128.34530318,0.547332052553297,0.5256486220334996,30,374,0,4862.171354770678,11610,2055,9555,0.21203987730061347,0.30127970749542965,179,440.17135477067774,4422.0,5,5,False,{},{},{},{},0.0,0.0,0.0,0.0,0.0,0.0,0.0,0.0,0.0,0.0,0.0,0.0,0.0,0.0,Leave Event,0.0,"{'node_level': {}, 'link_level': {}, 'path_level': {}}","{'node_level': {}, 'link_level': {}, 'path_level': {}}","{'node_level': {}, 'link_level': {}, 'path_level': {}}",[],-inf,-inf,True,True,False,0,[],0,0.0,,
198,147,11,35429.0,64646.0,14356288.952562876,27262027.77366887,0.5480462828326579,0.5266038561676234,30,375,1,4882.0,11508,2031,9477,0.22124233128834359,0.30698354661791594,197,538.2296898597102,4882.0,3,2,True,"{1: np.int64(5), 2: np.int64(7), 0: np.int64(6)}","{(0, 1): [(np.int64(6), 5)], (1, 2): [(np.int64(5), 7)]}","{(1, np.int64(5)): {'cpu': 19}, (2, np.int64(7)): {'cpu': 4}, (0, np.int64(6)): {'cpu': 1}}","{((0, 1), (np.int64(6), 5)): {'bw': 50}, ((1, 2), (np.int64(5), 7)): {'bw': 28}}",102.0,102.0,48.0,24.0,78.0,24.0,78.0,24.0,78.0,0.0,1.0,54899.428365690444,54899.428365690444,538.2296898597102,Success,0.0,"{'node_level': {}, 'link_level': {}, 'path_level': {}}","{'node_level': {1: {'cpu': -33}, 2: {'cpu': -43}, 0: {'cpu': -46}}, 'link_level': {(0, 1): {'bw': -240}, (1, 2): {'bw': -262}}, 'path_level': {(0, 1): {}, (1, 2): {}}}","{'node_level': {1: {'cpu': 0}, 2: {'cpu': 0}, 0: {'cpu': 0}}, 'link_level': {(0, 1): {'bw': 0}, (1, 2): {'bw': 0}}, 'path_level': {(0, 1): {}, (1, 2): {}}}",[],-inf,-inf,True,True,False,0,[],0,0.0,3.0,2.0
199,147,11,35429.0,64646.0,14356288.952562876,27262027.77366887,0.5480462828326579,0.5266038561676234,30,376,1,4906.0,11508,2031,9477,0.22124233128834359,0.30698354661791594,198,827.9431693378395,4906.0,9,25,False,"{7: np.int64(31), 2: np.int64(28), 3: np.int64(0), 6: np.int64(30), 4: np.int64(1), 8: np.int64(4), 5: np.int64(20), 0: np.int64(7), 1: np.int64(6)}","{(0, 2): [(np.int64(7), 4), (4, 0), (0, np.int64(28))], (0, 4): [(np.int64(7), 4), (4, np.int64(1))], (0, 5): [(np.int64(7), 4), (4, 0), (0, np.int64(20))], (0, 6): [(np.int64(7), 4), (4, 0), (0, 28), (28, np.int64(30))], (0, 7): [(np.int64(7), 4), (4, 0), (0, 28), (28, np.int64(31))], (1, 2): [(np.int64(6), 4), (4, 0), (0, np.int64(28))], (1, 4): [(np.int64(6), 4), (4, np.int64(1))], (1, 6): [(np.int64(6), 5), (5, 2), (2, 29), (29, np.int64(30))], (1, 7): [(np.int64(6), 5), (5, 2), (2, 29), (29, np.int64(31))], (1, 8): [(np.int64(6), 4)], (2, 4): [(np.int64(28), 1)], (2, 5): [(np.int64(28), 1), (1, np.int64(20))], (2, 6): [(np.int64(28), 30)], (2, 7): [(np.int64(28), 31)], (2, 8): [(np.int64(28), 1), (1, np.int64(4))], (3, 5): [(np.int64(0), 20)], (3, 6): [(np.int64(0), 4), (4, 1), (1, 28), (28, np.int64(30))], (3, 7): [(np.int64(0), 4), (4, 1), (1, 28), (28, np.int64(31))], (3, 8): [(np.int64(0), 4)], (4, 6): []}","{(7, np.int64(31)): {'cpu': 14}, (2, np.int64(28)): {'cpu': 19}, (3, np.int64(0)): {'cpu': 16}, (6, np.int64(30)): {'cpu': 15}, (4, np.int64(1)): {'cpu': 9}, (8, np.int64(4)): {'cpu': 12}, (5, np.int64(20)): {'cpu': 14}, (0, np.int64(7)): {'cpu': 9}, (1, np.int64(6)): {'cpu': 2}}","{((0, 2), (np.int64(7), 4)): {'bw': 24}, ((0, 2), (4, 0)): {'bw': 24}, ((0, 2), (0, np.int64(28))): {'bw': 24}, ((0, 4), (np.int64(7), 4)): {'bw': 24}, ((0, 4), (4, np.int64(1))): {'bw': 24}, ((0, 5), (np.int64(7), 4)): {'bw': 22}, ((0, 5), (4, 0)): {'bw': 22}, ((0, 5), (0, np.int64(20))): {'bw': 22}, ((0, 6), (np.int64(7), 4)): {'bw': 10}, ((0, 6), (4, 0)): {'bw': 10}, ((0, 6), (0, 28)): {'bw': 10}, ((0, 6), (28, np.int64(30))): {'bw': 10}, ((0, 7), (np.int64(7), 4)): {'bw': 25}, ((0, 7), (4, 0)): {'bw': 25}, ((0, 7), (0, 28)): {'bw': 25}, ((0, 7), (28, np.int64(31))): {'bw': 25}, ((1, 2), (np.int64(6), 4)): {'bw': 19}, ((1, 2), (4, 0)): {'bw': 19}, ((1, 2), (0, np.int64(28))): {'bw': 19}, ((1, 4), (np.int64(6), 4)): {'bw': 32}, ((1, 4), (4, np.int64(1))): {'bw': 32}, ((1, 6), (np.int64(6), 5)): {'bw': 10}, ((1, 6), (5, 2)): {'bw': 10}, ((1, 6), (2, 29)): {'bw': 10}, ((1, 6), (29, np.int64(30))): {'bw': 10}, ((1, 7), (np.int64(6), 5)): {'bw': 21}, ((1, 7), (5, 2)): {'bw': 21}, ((1, 7), (2, 29)): {'bw': 21}, ((1, 7), (29, np.int64(31))): {'bw': 21}, ((1, 8), (np.int64(6), 4)): {'bw': 7}, ((2, 4), (np.int64(28), 1)): {'bw': 24}, ((2, 5), (np.int64(28), 1)): {'bw': 11}, ((2, 5), (1, np.int64(20))): {'bw': 11}, ((2, 6), (np.int64(28), 30)): {'bw': 4}, ((2, 7), (np.int64(28), 31)): {'bw': 17}, ((2, 8), (np.int64(28), 1)): {'bw': 43}, ((2, 8), (1, np.int64(4))): {'bw': 43}, ((3, 5), (np.int64(0), 20)): {'bw': 28}, ((3, 6), (np.int64(0), 4)): {'bw': 17}, ((3, 6), (4, 1)): {'bw': 17}, ((3, 6), (1, 28)): {'bw': 17}, ((3, 6), (28, np.int64(30))): {'bw': 17}, ((3, 7), (np.int64(0), 4)): {'bw': 48}, ((3, 7), (4, 1)): {'bw': 48}, ((3, 7), (1, 28)): {'bw': 48}, ((3, 7), (28, np.int64(31))): {'bw': 48}, ((3, 8), (np.int64(0), 4)): {'bw': 27}}",0.0,0.0,220.0,110.0,568.0,0.0,0.0,0.0,0.0,0.0,0.0,0.0,0.0,0.0,Route Failure,9.0,"{'node_level': {}, 'link_level': {}, 'path_level': {}}","{'node_level': {7: {'cpu': -50}, 2: {'cpu': -35}, 3: {'cpu': -46}, 6: {'cpu': -52}, 4: {'cpu': -54}, 8: {'cpu': -42}, 5: {'cpu': -40}, 0: {'cpu': -34}, 1: {'cpu': -44}}, 'link_level': {(0, 2): {'bw': -61}, (0, 4): {'bw': -157}, (0, 5): {'bw': -148}, (0, 6): {'bw': -29}, (0, 7): {'bw': -26}, (1, 2): {'bw': -7}, (1, 4): {'bw': -125}, (1, 6): {'bw': -21}, (1, 7): {'bw': -86}, (1, 8): {'bw': -144}, (2, 4): {'bw': -222}, (2, 5): {'bw': -190}, (2, 6): {'bw': -25}, (2, 7): {'bw': -178}, (2, 8): {'bw': -82}, (3, 5): {'bw': -213}, (3, 6): {'bw': -8}, (3, 7): {'bw': -17}, (3, 8): {'bw': -35}, (4, 6): {'bw': 9}}, 'path_level': {(0, 2): {}, (0, 4): {}, (0, 5): {}, (0, 6): {}, (0, 7): {}, (1, 2): {}, (1, 4): {}, (1, 6): {}, (1, 7): {}, (1, 8): {}, (2, 4): {}, (2, 5): {}, (2, 6): {}, (2, 7): {}, (2, 8): {}, (3, 5): {}, (3, 6): {}, (3, 7): {}, (3, 8): {}, (4, 6): {}}}","{'node_level': {7: {'cpu': 0}, 2: {'cpu': 0}, 3: {'cpu': 0}, 6: {'cpu': 0}, 4: {'cpu': 0}, 8: {'cpu': 0}, 5: {'cpu': 0}, 0: {'cpu': 0}, 1: {'cpu': 0}}, 'link_level': {(0, 2): {'bw': 0}, (0, 4): {'bw': 0}, (0, 5): {'bw': 0}, (0, 6): {'bw': 0}, (0, 7): {'bw': 0}, (1, 2): {'bw': 0}, (1, 4): {'bw': 0}, (1, 6): {'bw': 0}, (1, 7): {'bw': 0}, (1, 8): {'bw': 0}, (2, 4): {'bw': 0}, (2, 5): {'bw': 0}, (2, 6): {'bw': 0}, (2, 7): {'bw': 0}, (2, 8): {'bw': 0}, (3, 5): {'bw': 0}, (3, 6): {'bw': 0}, (3, 7): {'bw': 0}, (3, 8): {'bw': 0}, (4, 6): {'bw': 9}}, 'path_level': {(0, 2): {}, (0, 4): {}, (0, 5): {}, (0, 6): {}, (0, 7): {}, (1, 2): {}, (1, 4): {}, (1, 6): {}, (1, 7): {}, (1, 8): {}, (2, 4): {}, (2, 5): {}, (2, 6): {}, (2, 7): {}, (2, 8): {}, (3, 5): {}, (3, 6): {}, (3, 7): {}, (3, 8): {}, (4, 6): {}}}",[],-inf,-inf,True,False,False,0,[],0,0.0,9.0,20.0
200,148,12,35468.0,64685.0,14368237.922345152,27273976.743451145,0.5483187756048543,0.526811255193842,30,377,1,4931.0,11469,2012,9457,0.2285276073619632,0.30844606946983544,199,306.3838405711747,4931.0,2,1,True,"{1: np.int64(31), 0: np.int64(28)}","{(0, 1): [(np.int64(28), 31)]}","{(1, np.int64(31)): {'cpu': 10}, (0, np.int64(28)): {'cpu': 9}}","{((0, 1), (np.int64(28), 31)): {'bw': 20}}",39.0,39.0,38.0,19.0,20.0,19.0,20.0,19.0,20.0,0.0,1.0,11948.969782275813,11948.969782275813,306.3838405711747,Success,0.0,"{'node_level': {}, 'link_level': {}, 'path_level': {}}","{'node_level': {1: {'cpu': -54}, 0: {'cpu': -45}}, 'link_level': {(0, 1): {'bw': -200}}, 'path_level': {(0, 1): {}}}","{'node_level': {1: {'cpu': 0}, 0: {'cpu': 0}}, 'link_level': {(0, 1): {'bw': 0}}, 'path_level': {(0, 1): {}}}",[],-inf,-inf,True,True,False,0,[],0,0.0,2.0,1.0
200,148,11,35468.0,64685.0,14368237.922345152,27273976.743451145,0.5483187756048543,0.526811255193842,30,378,0,4939.993541916548,12074,2094,9980,0.19708588957055218,0.2702010968921389,153,1105.9935419165477,3834.0,6,10,False,{},{},{},{},0.0,0.0,0.0,0.0,0.0,0.0,0.0,0.0,0.0,0.0,0.0,0.0,0.0,0.0,Leave Event,0.0,"{'node_level': {}, 'link_level': {}, 'path_level': {}}","{'node_level': {}, 'link_level': {}, 'path_level': {}}","{'node_level': {}, 'link_level': {}, 'path_level': {}}",[],-inf,-inf,True,True,False,0,[],0,0.0,,
200,148,10,35468.0,64685.0,14368237.922345152,27273976.743451145,0.5483187756048543,0.526811255193842,30,379,0,4944.398366710326,12682,2162,10520,0.17101226993865026,0.2307129798903108,186,359.3983667103258,4585.0,6,11,False,{},{},{},{},0.0,0.0,0.0,0.0,0.0,0.0,0.0,0.0,0.0,0.0,0.0,0.0,0.0,0.0,Leave Event,0.0,"{'node_level': {}, 'link_level': {}, 'path_level': {}}","{'node_level': {}, 'link_level': {}, 'path_level': {}}","{'node_level': {}, 'link_level': {}, 'path_level': {}}",[],-inf,-inf,True,True,False,0,[],0,0.0,,
200,148,10,35468.0,64685.0,14368237.922345152,27273976.743451145,0.5483187756048543,0.526811255193842,30,380,0,4946.486592424184,12682,2162,10520,0.17101226993865026,0.2307129798903108,195,113.48659242418412,4833.0,9,23,False,{},{},{},{},0.0,0.0,0.0,0.0,0.0,0.0,0.0,0.0,0.0,0.0,0.0,0.0,0.0,0.0,Leave Event,0.0,"{'node_level': {}, 'link_level': {}, 'path_level': {}}","{'node_level': {}, 'link_level': {}, 'path_level': {}}","{'node_level': {}, 'link_level': {}, 'path_level': {}}",[],-inf,-inf,True,True,False,0,[],0,0.0,,
200,148,10,35468.0,64685.0,14368237.922345152,27273976.743451145,0.5483187756048543,0.526811255193842,30,381,0,4949.800161527518,12682,2162,10520,0.17101226993865026,0.2307129798903108,191,222.80016152751767,4727.0,10,21,False,{},{},{},{},0.0,0.0,0.0,0.0,0.0,0.0,0.0,0.0,0.0,0.0,0.0,0.0,0.0,0.0,Leave Event,0.0,"{'node_level': {}, 'link_level': {}, 'path_level': {}}","{'node_level': {}, 'link_level': {}, 'path_level': {}}","{'node_level': {}, 'link_level': {}, 'path_level': {}}",[],-inf,-inf,True,True,False,0,[],0,0.0,,
200,148,10,35468.0,64685.0,14368237.922345152,27273976.743451145,0.5483187756048543,0.526811255193842,30,382,0,4962.527719730833,12682,2162,10520,0.17101226993865026,0.2307129798903108,175,642.5277197308332,4320.0,10,23,False,{},{},{},{},0.0,0.0,0.0,0.0,0.0,0.0,0.0,0.0,0.0,0.0,0.0,0.0,0.0,0.0,Leave Event,0.0,"{'node_level': {}, 'link_level': {}, 'path_level': {}}","{'node_level': {}, 'link_level': {}, 'path_level': {}}","{'node_level': {}, 'link_level': {}, 'path_level': {}}",[],-inf,-inf,True,True,False,0,[],0,0.0,,
200,148,9,35468.0,64685.0,14368237.922345152,27273976.743451145,0.5483187756048543,0.526811255193842,30,383,0,4966.385112004666,13017,2222,10795,0.14800613496932513,0.2106032906764168,189,295.38511200466525,4671.0,5,6,False,{},{},{},{},0.0,0.0,0.0,0.0,0.0,0.0,0.0,0.0,0.0,0.0,0.0,0.0,0.0,0.0,Leave Event,0.0,"{'node_level': {}, 'link_level': {}, 'path_level': {}}","{'node_level': {}, 'link_level': {}, 'path_level': {}}","{'node_level': {}, 'link_level': {}, 'path_level': {}}",[],-inf,-inf,True,True,False,0,[],0,0.0,,
200,148,8,35468.0,64685.0,14368237.922345152,27273976.743451145,0.5483187756048543,0.526811255193842,30,384,0,5006.264156321004,13347,2251,11096,0.13688650306748462,0.18859232175502738,178,609.2641563210035,4397.0,5,5,False,{},{},{},{},0.0,0.0,0.0,0.0,0.0,0.0,0.0,0.0,0.0,0.0,0.0,0.0,0.0,0.0,Leave Event,0.0,"{'node_level': {}, 'link_level': {}, 'path_level': {}}","{'node_level': {}, 'link_level': {}, 'path_level': {}}","{'node_level': {}, 'link_level': {}, 'path_level': {}}",[],-inf,-inf,True,True,False,0,[],0,0.0,,
200,148,8,35468.0,64685.0,14368237.922345152,27273976.743451145,0.5483187756048543,0.526811255193842,30,385,0,5046.965499790166,13347,2251,11096,0.13688650306748462,0.18859232175502738,193,264.9654997901663,4782.0,7,15,False,{},{},{},{},0.0,0.0,0.0,0.0,0.0,0.0,0.0,0.0,0.0,0.0,0.0,0.0,0.0,0.0,Leave Event,0.0,"{'node_level': {}, 'link_level': {}, 'path_level': {}}","{'node_level': {}, 'link_level': {}, 'path_level': {}}","{'node_level': {}, 'link_level': {}, 'path_level': {}}",[],-inf,-inf,True,True,False,0,[],0,0.0,,
200,148,7,35468.0,64685.0,14368237.922345152,27273976.743451145,0.5483187756048543,0.526811255193842,30,386,0,5061.00227080777,13473,2273,11200,0.12845092024539873,0.18098720292504566,176,712.00227080777,4349.0,3,3,False,{},{},{},{},0.0,0.0,0.0,0.0,0.0,0.0,0.0,0.0,0.0,0.0,0.0,0.0,0.0,0.0,Leave Event,0.0,"{'node_level': {}, 'link_level': {}, 'path_level': {}}","{'node_level': {}, 'link_level': {}, 'path_level': {}}","{'node_level': {}, 'link_level': {}, 'path_level': {}}",[],-inf,-inf,True,True,False,0,[],0,0.0,,
200,148,6,35468.0,64685.0,14368237.922345152,27273976.743451145,0.5483187756048543,0.526811255193842,30,387,0,5089.600163076821,13840,2320,11520,0.11042944785276076,0.15758683729433276,187,477.6001630768216,4612.0,6,10,False,{},{},{},{},0.0,0.0,0.0,0.0,0.0,0.0,0.0,0.0,0.0,0.0,0.0,0.0,0.0,0.0,Leave Event,0.0,"{'node_level': {}, 'link_level': {}, 'path_level': {}}","{'node_level': {}, 'link_level': {}, 'path_level': {}}","{'node_level': {}, 'link_level': {}, 'path_level': {}}",[],-inf,-inf,True,True,False,0,[],0,0.0,,
200,148,5,35468.0,64685.0,14368237.922345152,27273976.743451145,0.5483187756048543,0.526811255193842,30,388,0,5101.8810983752965,14076,2374,11702,0.08972392638036808,0.14427787934186476,184,557.8810983752966,4544.0,5,4,False,{},{},{},{},0.0,0.0,0.0,0.0,0.0,0.0,0.0,0.0,0.0,0.0,0.0,0.0,0.0,0.0,Leave Event,0.0,"{'node_level': {}, 'link_level': {}, 'path_level': {}}","{'node_level': {}, 'link_level': {}, 'path_level': {}}","{'node_level': {}, 'link_level': {}, 'path_level': {}}",[],-inf,-inf,True,True,False,0,[],0,0.0,,
200,148,5,35468.0,64685.0,14368237.922345152,27273976.743451145,0.5483187756048543,0.526811255193842,30,389,0,5158.754208463683,14076,2374,11702,0.08972392638036808,0.14427787934186476,192,403.7542084636836,4755.0,5,7,False,{},{},{},{},0.0,0.0,0.0,0.0,0.0,0.0,0.0,0.0,0.0,0.0,0.0,0.0,0.0,0.0,Leave Event,0.0,"{'node_level': {}, 'link_level': {}, 'path_level': {}}","{'node_level': {}, 'link_level': {}, 'path_level': {}}","{'node_level': {}, 'link_level': {}, 'path_level': {}}",[],-inf,-inf,True,True,False,0,[],0,0.0,,
200,148,4,35468.0,64685.0,14368237.922345152,27273976.743451145,0.5483187756048543,0.526811255193842,30,390,0,5221.634327155348,15298,2438,12860,0.06518404907975461,0.05959780621572208,163,1146.634327155348,4075.0,8,16,False,{},{},{},{},0.0,0.0,0.0,0.0,0.0,0.0,0.0,0.0,0.0,0.0,0.0,0.0,0.0,0.0,Leave Event,0.0,"{'node_level': {}, 'link_level': {}, 'path_level': {}}","{'node_level': {}, 'link_level': {}, 'path_level': {}}","{'node_level': {}, 'link_level': {}, 'path_level': {}}",[],-inf,-inf,True,True,False,0,[],0,0.0,,
200,148,3,35468.0,64685.0,14368237.922345152,27273976.743451145,0.5483187756048543,0.526811255193842,30,391,0,5237.383840571175,15337,2457,12880,0.057898773006134996,0.05813528336380258,199,306.3838405711747,4931.0,2,1,False,{},{},{},{},0.0,0.0,0.0,0.0,0.0,0.0,0.0,0.0,0.0,0.0,0.0,0.0,0.0,0.0,Leave Event,0.0,"{'node_level': {}, 'link_level': {}, 'path_level': {}}","{'node_level': {}, 'link_level': {}, 'path_level': {}}","{'node_level': {}, 'link_level': {}, 'path_level': {}}",[],-inf,-inf,True,True,False,0,[],0,0.0,,
200,148,2,35468.0,64685.0,14368237.922345152,27273976.743451145,0.5483187756048543,0.526811255193842,30,392,0,5317.62039974265,15648,2493,13155,0.04409509202453987,0.03802559414990858,185,754.6203997426504,4563.0,4,3,False,{},{},{},{},0.0,0.0,0.0,0.0,0.0,0.0,0.0,0.0,0.0,0.0,0.0,0.0,0.0,0.0,Leave Event,0.0,"{'node_level': {}, 'link_level': {}, 'path_level': {}}","{'node_level': {}, 'link_level': {}, 'path_level': {}}","{'node_level': {}, 'link_level': {}, 'path_level': {}}",[],-inf,-inf,True,True,False,0,[],0,0.0,,
200,148,1,35468.0,64685.0,14368237.922345152,27273976.743451145,0.5483187756048543,0.526811255193842,30,393,0,5420.229689859711,15750,2517,13233,0.034892638036809864,0.032321755027422294,197,538.2296898597102,4882.0,3,2,False,{},{},{},{},0.0,0.0,0.0,0.0,0.0,0.0,0.0,0.0,0.0,0.0,0.0,0.0,0.0,0.0,Leave Event,0.0,"{'node_level': {}, 'link_level': {}, 'path_level': {}}","{'node_level': {}, 'link_level': {}, 'path_level': {}}","{'node_level': {}, 'link_level': {}, 'path_level': {}}",[],-inf,-inf,True,True,False,0,[],0,0.0,,
200,148,1,35468.0,64685.0,14368237.922345152,27273976.743451145,0.5483187756048543,0.526811255193842,30,394,0,5733.943169337839,15750,2517,13233,0.034892638036809864,0.032321755027422294,198,827.9431693378395,4906.0,9,25,False,{},{},{},{},0.0,0.0,0.0,0.0,0.0,0.0,0.0,0.0,0.0,0.0,0.0,0.0,0.0,0.0,Leave Event,0.0,"{'node_level': {}, 'link_level': {}, 'path_level': {}}","{'node_level': {}, 'link_level': {}, 'path_level': {}}","{'node_level': {}, 'link_level': {}, 'path_level': {}}",[],-inf,-inf,True,True,False,0,[],0,0.0,,
200,148,1,35468.0,64685.0,14368237.922345152,27273976.743451145,0.5483187756048543,0.526811255193842,30,395,0,6193.072964772069,15750,2517,13233,0.034892638036809864,0.032321755027422294,180,1746.0729647720696,4447.0,8,13,False,{},{},{},{},0.0,0.0,0.0,0.0,0.0,0.0,0.0,0.0,0.0,0.0,0.0,0.0,0.0,0.0,Leave Event,0.0,"{'node_level': {}, 'link_level': {}, 'path_level': {}}","{'node_level': {}, 'link_level': {}, 'path_level': {}}","{'node_level': {}, 'link_level': {}, 'path_level': {}}",[],-inf,-inf,True,True,False,0,[],0,0.0,,
200,148,0,35468.0,64685.0,14368237.922345152,27273976.743451145,0.5483187756048543,0.526811255193842,30,396,0,6220.126692744407,16283,2608,13675,0.0,0.0,160,2214.1266927444062,4006.0,6,10,False,{},{},{},{},0.0,0.0,0.0,0.0,0.0,0.0,0.0,0.0,0.0,0.0,0.0,0.0,0.0,0.0,Leave Event,0.0,"{'node_level': {}, 'link_level': {}, 'path_level': {}}","{'node_level': {}, 'link_level': {}, 'path_level': {}}","{'node_level': {}, 'link_level': {}, 'path_level': {}}",[],-inf,-inf,True,True,False,0,[],0,0.0,,
200,148,0,35468.0,64685.0,14368237.922345152,27273976.743451145,0.5483187756048543,0.526811255193842,30,397,0,6417.207451519889,16283,2608,13675,0.0,0.0,190,1721.2074515198888,4696.0,5,5,False,{},{},{},{},0.0,0.0,0.0,0.0,0.0,0.0,0.0,0.0,0.0,0.0,0.0,0.0,0.0,0.0,Leave Event,0.0,"{'node_level': {}, 'link_level': {}, 'path_level': {}}","{'node_level': {}, 'link_level': {}, 'path_level': {}}","{'node_level': {}, 'link_level': {}, 'path_level': {}}",[],-inf,-inf,True,True,False,0,[],0,0.0,,
200,148,0,35468.0,64685.0,14368237.922345152,27273976.743451145,0.5483187756048543,0.526811255193842,30,398,0,6498.382575487055,16283,2608,13675,0.0,0.0,194,1691.3825754870552,4807.0,8,18,False,{},{},{},{},0.0,0.0,0.0,0.0,0.0,0.0,0.0,0.0,0.0,0.0,0.0,0.0,0.0,0.0,Leave Event,0.0,"{'node_level': {}, 'link_level': {}, 'path_level': {}}","{'node_level': {}, 'link_level': {}, 'path_level': {}}","{'node_level': {}, 'link_level': {}, 'path_level': {}}",[],-inf,-inf,True,True,False,0,[],0,0.0,,
200,148,0,35468.0,64685.0,14368237.922345152,27273976.743451145,0.5483187756048543,0.526811255193842,30,399,0,7328.6856900617495,16283,2608,13675,0.0,0.0,196,2468.6856900617495,4860.0,7,11,False,{},{},{},{},0.0,0.0,0.0,0.0,0.0,0.0,0.0,0.0,0.0,0.0,0.0,0.0,0.0,0.0,Leave Event,0.0,"{'node_level': {}, 'link_level': {}, 'path_level': {}}","{'node_level': {}, 'link_level': {}, 'path_level': {}}","{'node_level': {}, 'link_level': {}, 'path_level': {}}",[],-inf,-inf,True,True,False,0,[],0,0.0,,
